-15.78,-16.04,-16.07,-15.84,-15.40,-15.37,-15.63,-15.73,-15.53,-15.61,-15.20,-14.96,-15.06,-15.28,-15.41,-15.64,-15.43,-15.47,-15.46,-15.43,-15.46,-15.58,-15.99,-15.73,-15.85,-15.85,-15.69,-15.56,-15.66,-16.04,-16.22,-15.96,-15.81,-15.79,-16.12,-16.27,-16.04,-15.90,-15.81,-16.24,-15.95,-16.07,-16.02,-16.19,-16.18,-16.08,-16.10,-16.13,-16.24,-16.36,-16.12,-16.30,-16.45,-16.33,-16.25,-16.35,-16.30,-16.45,-16.66,-16.72,-16.61,-16.55,-16.73,-16.52,-16.61,-16.58,-16.18,-16.53,-16.42,-16.76,-16.78,-16.69,-16.61,-16.50,-16.58,-16.66,-16.47,-16.36,-16.41,-16.28,-16.24,-16.25,-16.33,-16.12,-16.22,-16.33,-16.15,-16.62,-16.19,-16.47,-16.33,-16.27,-16.35,-16.27,-16.32,-16.33,-16.08,-15.96,-16.24,-16.42,-16.53,-16.53,-16.79,-16.75,-16.50,-16.38,-16.36,-16.13,-16.15,-16.16,-16.25,-16.45,-16.42,-16.36,-16.25,-16.35,-16.33,-15.96,-15.98,-16.12,-16.22,-16.28,-16.21,-16.04,-15.81,-16.15,-15.84,-16.36,-16.36,-16.13,-16.10,-16.13,-16.01,-15.87,-16.10,-16.30,-15.95,-15.95,-16.27,-16.25,-15.99,-16.04,-15.81,-15.93,-16.01,-16.01,-15.84,-15.70,-15.98,-15.93,-16.04,-16.05,-15.89,-15.64,-15.96,-15.82,-16.01,-16.15,-15.99,-15.87
-15.61,-15.92,-16.02,-15.63,-15.38,-15.28,-15.56,-15.89,-15.56,-15.67,-15.61,-15.28,-15.17,-15.38,-15.28,-15.25,-15.43,-15.56,-15.53,-15.41,-15.53,-15.61,-16.10,-15.82,-15.81,-15.70,-15.55,-15.53,-15.40,-15.90,-16.04,-16.18,-15.73,-15.75,-15.85,-15.81,-15.78,-15.99,-15.96,-16.10,-15.81,-15.92,-15.89,-16.04,-16.01,-16.04,-16.18,-15.96,-16.15,-16.24,-16.04,-16.22,-16.24,-16.18,-16.18,-16.24,-16.32,-16.41,-16.53,-16.56,-16.59,-16.81,-16.62,-16.45,-16.56,-16.55,-16.33,-16.81,-16.30,-16.84,-16.64,-16.62,-16.42,-16.21,-16.32,-16.38,-16.21,-16.08,-16.13,-16.35,-16.52,-16.32,-16.36,-16.05,-16.18,-16.30,-16.16,-16.22,-15.89,-16.12,-16.25,-16.27,-16.24,-16.30,-16.44,-16.50,-16.19,-16.01,-16.39,-16.50,-16.42,-16.55,-16.84,-16.72,-16.55,-16.35,-16.28,-16.13,-16.19,-16.10,-16.12,-16.27,-16.28,-16.22,-16.10,-16.44,-16.07,-16.04,-15.92,-15.79,-15.98,-16.02,-16.05,-15.99,-15.67,-16.13,-15.84,-16.08,-16.15,-15.99,-15.99,-15.96,-15.84,-15.79,-15.96,-16.08,-15.92,-15.99,-15.99,-15.89,-15.93,-16.10,-15.72,-15.78,-16.10,-16.08,-15.85,-15.76,-15.72,-15.64,-15.81,-15.90,-15.84,-15.72,-16.16,-16.01,-16.04,-15.98,-15.89,-15.99
-15.41,-15.60,-15.72,-15.44,-15.32,-15.23,-15.32,-15.58,-15.46,-15.58,-15.52,-15.21,-15.14,-15.50,-15.11,-14.93,-15.17,-15.40,-15.49,-15.44,-15.55,-15.60,-16.08,-15.84,-15.70,-15.49,-15.29,-15.44,-15.41,-15.96,-15.81,-15.89,-15.56,-15.53,-15.66,-15.67,-15.92,-16.13,-16.02,-16.02,-15.93,-16.02,-16.01,-15.98,-15.98,-16.07,-16.21,-15.90,-16.18,-16.24,-16.01,-16.38,-16.47,-16.16,-16.02,-16.21,-16.41,-16.41,-16.42,-16.50,-16.50,-16.64,-16.98,-16.78,-16.56,-16.18,-16.30,-16.66,-16.41,-16.87,-16.86,-16.47,-16.21,-16.10,-16.10,-16.13,-16.02,-15.93,-16.07,-16.22,-16.24,-15.99,-16.08,-16.12,-15.99,-16.15,-16.13,-16.16,-15.43,-15.95,-16.15,-16.13,-16.18,-15.96,-16.12,-16.33,-16.04,-15.99,-16.22,-16.21,-16.41,-16.47,-16.83,-16.75,-16.69,-16.52,-16.15,-16.01,-16.18,-16.12,-16.04,-16.07,-16.12,-16.22,-16.35,-16.38,-16.27,-15.84,-16.08,-15.89,-16.04,-16.08,-16.04,-16.01,-15.95,-16.07,-15.70,-16.05,-15.98,-15.90,-15.89,-15.82,-15.81,-15.89,-16.01,-15.90,-15.81,-15.92,-15.67,-15.58,-15.72,-15.79,-15.73,-15.76,-16.04,-15.98,-15.78,-15.69,-15.61,-15.46,-15.76,-15.89,-15.76,-15.69,-15.95,-15.84,-15.79,-15.87,-16.01,-16.19
-15.37,-15.31,-15.50,-15.50,-15.35,-15.29,-15.35,-15.40,-15.32,-15.34,-15.47,-15.32,-15.12,-15.49,-14.94,-14.67,-14.84,-15.05,-15.17,-15.28,-15.44,-15.12,-15.61,-15.75,-15.84,-15.73,-15.29,-15.20,-15.21,-15.85,-15.63,-15.87,-15.76,-15.66,-15.64,-15.61,-15.93,-16.10,-15.92,-15.92,-15.92,-16.08,-16.12,-16.02,-15.98,-16.07,-16.18,-15.82,-15.93,-16.21,-16.19,-16.25,-15.96,-15.98,-15.95,-16.04,-16.35,-16.50,-16.49,-16.53,-16.44,-16.52,-16.66,-16.49,-16.35,-16.45,-16.28,-16.59,-16.41,-16.90,-16.76,-16.52,-16.30,-16.16,-16.15,-16.16,-16.04,-15.95,-16.07,-16.19,-16.24,-16.19,-16.18,-16.10,-16.12,-16.27,-15.96,-16.08,-15.52,-16.02,-15.99,-16.01,-16.24,-16.10,-16.21,-16.27,-16.10,-16.15,-16.19,-16.13,-16.28,-16.56,-16.72,-16.59,-16.64,-16.39,-16.24,-15.82,-16.12,-16.12,-16.01,-15.96,-15.96,-16.16,-16.27,-15.96,-16.15,-15.78,-16.01,-15.76,-15.78,-16.01,-16.05,-15.92,-15.99,-16.18,-15.72,-15.98,-16.01,-15.93,-15.79,-15.79,-15.89,-15.92,-15.84,-15.81,-15.85,-15.89,-15.58,-15.52,-15.70,-15.81,-15.73,-15.93,-15.92,-15.81,-15.69,-15.67,-15.73,-15.43,-15.90,-15.84,-15.67,-15.70,-15.84,-15.75,-16.01,-16.12,-16.27,-16.47
-15.44,-15.18,-15.73,-15.81,-15.61,-15.40,-15.34,-15.44,-15.38,-15.28,-15.40,-15.46,-15.28,-15.49,-15.05,-14.61,-14.64,-14.85,-14.93,-14.97,-15.20,-15.15,-15.29,-15.29,-15.53,-15.84,-15.61,-15.35,-15.09,-15.70,-15.61,-15.81,-15.76,-15.55,-15.56,-15.69,-15.76,-15.92,-15.76,-15.84,-15.78,-15.93,-15.95,-16.01,-16.08,-15.99,-15.98,-15.82,-15.85,-16.04,-16.19,-16.25,-16.12,-16.10,-15.99,-15.98,-16.32,-16.44,-16.30,-16.38,-16.36,-16.41,-16.72,-16.33,-16.19,-16.47,-16.39,-16.47,-16.39,-16.75,-16.62,-16.42,-16.22,-16.19,-16.21,-16.19,-16.12,-15.99,-15.95,-16.07,-16.19,-16.10,-16.12,-16.04,-15.98,-16.07,-15.89,-16.18,-15.64,-15.98,-16.01,-16.02,-16.19,-16.13,-16.16,-16.10,-15.98,-16.10,-16.21,-16.16,-16.25,-16.32,-16.56,-16.58,-16.22,-16.16,-16.35,-16.01,-16.16,-16.07,-16.02,-16.01,-15.96,-16.05,-16.02,-15.85,-16.01,-15.70,-15.79,-15.73,-15.84,-15.93,-15.93,-15.64,-15.47,-15.99,-15.93,-15.90,-15.90,-15.93,-15.78,-15.81,-15.87,-15.82,-15.76,-15.89,-15.89,-16.21,-15.85,-15.61,-15.73,-15.92,-15.82,-15.92,-16.19,-15.90,-15.72,-15.75,-15.79,-15.46,-16.04,-15.82,-15.64,-15.73,-15.98,-15.66,-15.84,-15.78,-15.96,-16.25
-15.55,-15.90,-15.90,-15.63,-15.29,-15.11,-15.28,-15.58,-15.55,-15.34,-15.38,-15.56,-15.50,-15.73,-15.38,-14.91,-14.70,-14.82,-15.06,-15.15,-15.21,-15.29,-15.34,-15.41,-15.64,-15.85,-15.52,-15.29,-15.32,-15.70,-15.66,-15.82,-15.84,-15.63,-15.58,-15.82,-15.85,-15.92,-15.66,-15.90,-15.81,-15.73,-15.79,-15.82,-15.85,-16.01,-15.96,-15.66,-15.89,-15.93,-15.92,-15.98,-16.30,-16.15,-16.08,-16.12,-16.21,-16.30,-16.24,-16.25,-16.16,-16.18,-16.58,-16.42,-16.30,-16.45,-16.33,-16.36,-16.30,-16.59,-16.45,-16.28,-16.15,-16.16,-16.22,-16.18,-16.10,-16.01,-15.96,-16.04,-16.13,-16.04,-16.05,-15.99,-15.89,-15.99,-15.92,-16.19,-15.67,-15.92,-15.76,-15.90,-16.05,-16.05,-16.16,-16.15,-15.96,-15.92,-16.22,-16.44,-16.10,-16.32,-16.62,-16.45,-16.15,-16.39,-16.52,-16.13,-16.18,-16.05,-16.01,-15.99,-16.08,-16.13,-16.02,-15.95,-15.90,-15.67,-15.75,-15.73,-15.84,-15.82,-15.78,-15.70,-15.84,-16.13,-15.93,-15.93,-15.81,-15.47,-15.70,-15.72,-15.73,-15.78,-15.85,-15.93,-15.85,-16.41,-16.01,-15.69,-15.79,-15.96,-15.90,-15.79,-16.02,-15.81,-15.72,-15.67,-15.58,-15.58,-15.99,-15.81,-15.69,-15.73,-15.84,-15.49,-15.69,-15.56,-15.81,-16.15
-15.52,-15.89,-15.92,-15.72,-15.46,-15.25,-15.17,-15.56,-15.66,-15.43,-15.44,-15.63,-15.49,-16.01,-15.72,-15.28,-14.88,-14.66,-14.66,-15.15,-15.12,-15.32,-15.49,-15.44,-15.43,-15.63,-15.47,-15.20,-15.28,-15.70,-15.75,-15.84,-15.96,-15.95,-15.89,-15.90,-16.19,-15.90,-15.58,-15.69,-15.84,-15.69,-15.67,-15.85,-15.81,-15.73,-15.95,-15.63,-16.10,-16.44,-16.39,-16.16,-16.21,-16.22,-16.08,-16.04,-16.08,-16.18,-16.30,-16.33,-16.08,-16.13,-16.45,-16.38,-16.32,-16.47,-16.36,-16.41,-16.24,-16.66,-16.52,-16.33,-16.27,-16.15,-16.21,-16.22,-16.08,-16.07,-16.05,-16.02,-16.13,-16.07,-15.96,-15.96,-15.85,-16.01,-16.10,-16.12,-15.76,-15.87,-15.73,-15.90,-16.01,-16.10,-16.22,-16.16,-16.01,-16.12,-16.39,-16.39,-16.15,-16.30,-16.67,-16.24,-16.16,-16.08,-16.16,-15.85,-15.90,-16.13,-16.01,-15.89,-16.05,-16.30,-16.18,-15.78,-15.76,-15.79,-15.72,-15.73,-15.76,-15.85,-15.99,-16.01,-16.05,-16.05,-15.78,-15.85,-15.82,-15.60,-15.43,-15.53,-15.53,-15.40,-15.49,-15.75,-15.78,-16.32,-15.87,-15.67,-15.75,-15.76,-15.63,-15.58,-15.85,-15.84,-15.50,-15.21,-15.29,-15.78,-15.82,-15.63,-15.64,-15.72,-15.64,-15.47,-15.66,-15.38,-15.67,-15.98
-15.50,-15.72,-15.70,-15.63,-15.49,-15.28,-15.12,-15.47,-15.55,-15.43,-15.43,-15.64,-15.12,-15.61,-15.69,-15.55,-15.21,-14.76,-14.61,-14.75,-14.70,-15.09,-15.38,-15.43,-15.44,-15.66,-15.49,-15.14,-15.21,-15.70,-15.89,-15.84,-15.87,-15.93,-15.78,-15.84,-15.98,-16.10,-15.84,-16.01,-15.93,-15.73,-15.79,-15.96,-15.85,-15.67,-15.87,-15.69,-15.99,-16.44,-16.27,-16.32,-16.27,-16.10,-15.98,-15.95,-16.01,-16.15,-16.27,-16.36,-16.22,-16.28,-16.39,-16.22,-16.21,-16.38,-16.44,-16.49,-16.28,-16.87,-16.81,-16.47,-16.42,-16.21,-16.19,-16.30,-16.19,-16.13,-16.02,-15.93,-16.12,-16.04,-15.99,-16.04,-15.89,-15.99,-16.24,-16.13,-15.67,-15.79,-15.89,-15.95,-15.93,-16.13,-16.24,-16.05,-15.98,-16.13,-16.25,-16.19,-16.19,-16.39,-16.49,-16.22,-16.02,-15.99,-16.05,-15.92,-16.05,-16.01,-16.16,-16.10,-16.39,-16.73,-16.41,-15.90,-15.79,-15.87,-15.49,-15.79,-15.73,-15.84,-15.98,-15.95,-15.85,-15.64,-15.40,-15.61,-15.52,-15.31,-15.34,-15.38,-15.23,-15.28,-15.46,-15.46,-15.56,-15.99,-15.67,-15.61,-15.66,-15.55,-15.43,-15.50,-15.64,-15.52,-15.32,-15.12,-15.20,-15.66,-15.81,-15.26,-15.50,-15.69,-15.63,-15.44,-15.58,-15.34,-15.58,-15.73
-15.12,-15.44,-15.49,-15.46,-15.40,-15.21,-15.14,-15.37,-15.35,-15.25,-15.28,-15.55,-15.21,-15.50,-15.55,-15.58,-15.41,-14.90,-14.64,-14.52,-14.48,-14.76,-15.14,-15.34,-15.41,-15.72,-15.46,-15.03,-15.31,-15.76,-15.96,-15.95,-15.76,-15.56,-15.60,-15.78,-15.58,-15.67,-15.63,-15.85,-15.98,-15.85,-15.75,-15.79,-15.87,-15.85,-15.81,-15.73,-15.98,-16.25,-16.12,-16.21,-16.25,-16.01,-15.87,-15.90,-15.99,-16.21,-16.21,-16.36,-16.45,-16.36,-16.27,-16.15,-16.30,-16.21,-16.15,-16.28,-16.36,-17.00,-16.83,-16.45,-16.41,-16.35,-16.27,-16.36,-16.28,-16.05,-15.96,-15.89,-15.98,-16.12,-16.13,-16.08,-16.02,-16.15,-16.21,-16.15,-15.41,-15.70,-15.90,-15.85,-15.85,-16.12,-16.21,-16.07,-15.95,-15.96,-16.10,-16.21,-16.16,-16.24,-16.28,-16.19,-15.96,-16.01,-16.01,-15.89,-15.90,-15.90,-16.01,-15.98,-16.05,-16.05,-16.02,-16.10,-15.99,-15.72,-15.50,-15.81,-15.73,-15.58,-15.41,-15.15,-14.70,-14.37,-14.49,-14.72,-14.42,-14.36,-14.66,-14.94,-15.17,-15.20,-15.21,-15.34,-15.29,-15.58,-15.47,-15.64,-15.69,-15.50,-15.34,-15.38,-15.37,-15.32,-15.29,-15.17,-15.21,-15.46,-15.50,-15.47,-15.29,-15.49,-15.47,-15.09,-15.47,-15.35,-15.44,-15.55
-15.05,-15.21,-15.32,-15.29,-15.26,-15.31,-15.11,-15.34,-15.40,-15.20,-15.11,-15.73,-15.37,-15.55,-15.61,-15.43,-15.21,-15.08,-14.88,-14.40,-14.40,-14.57,-14.88,-15.17,-15.12,-15.37,-15.32,-14.99,-15.17,-15.61,-15.70,-15.67,-15.66,-15.38,-15.46,-15.96,-15.70,-15.92,-15.40,-15.49,-15.75,-15.73,-15.69,-15.73,-15.93,-15.99,-15.90,-15.64,-15.89,-16.13,-16.04,-16.01,-16.10,-16.12,-16.01,-15.90,-16.01,-16.18,-16.13,-16.42,-16.47,-16.19,-16.21,-16.25,-16.38,-16.24,-15.87,-15.95,-16.27,-16.72,-16.50,-16.36,-16.21,-16.10,-16.12,-16.10,-16.04,-15.90,-15.90,-15.89,-16.07,-16.13,-16.08,-15.67,-15.89,-16.12,-16.19,-15.87,-15.67,-15.63,-15.76,-15.78,-15.95,-16.08,-16.13,-16.13,-15.89,-15.78,-16.05,-16.24,-16.08,-16.16,-16.27,-16.12,-15.82,-15.85,-15.81,-15.76,-15.76,-15.81,-16.01,-15.99,-15.85,-15.89,-15.92,-15.76,-15.72,-15.60,-15.43,-15.46,-15.55,-15.26,-14.55,-13.20,-11.94,-11.62,-12.14,-12.42,-11.88,-11.82,-13.15,-14.04,-14.69,-15.05,-15.17,-15.09,-15.18,-15.60,-15.18,-15.52,-15.56,-15.38,-15.21,-15.20,-15.29,-15.12,-15.20,-15.18,-15.20,-15.34,-15.49,-15.44,-15.21,-15.46,-15.41,-15.17,-15.55,-15.18,-15.29,-15.49
-15.11,-15.23,-15.26,-15.20,-15.08,-15.26,-14.97,-15.26,-15.37,-15.32,-15.38,-15.58,-15.14,-15.37,-15.43,-15.18,-14.97,-15.02,-14.96,-14.55,-14.36,-14.52,-14.72,-14.84,-14.79,-15.15,-15.18,-15.26,-15.31,-15.52,-15.55,-15.40,-15.50,-15.26,-15.15,-15.66,-15.49,-15.52,-15.34,-15.44,-15.67,-15.64,-15.63,-15.67,-15.99,-15.98,-15.87,-15.58,-15.67,-15.90,-15.81,-15.82,-16.04,-16.18,-16.13,-15.92,-15.96,-16.16,-15.79,-15.93,-16.32,-16.12,-16.08,-16.01,-16.01,-16.01,-15.61,-15.76,-15.96,-16.45,-16.25,-16.04,-16.05,-16.05,-16.02,-16.07,-16.07,-15.90,-15.75,-15.79,-15.76,-15.90,-16.15,-15.96,-15.87,-15.76,-15.69,-15.73,-15.52,-15.66,-15.64,-15.92,-15.99,-15.87,-15.89,-15.81,-15.56,-15.55,-15.81,-15.98,-16.07,-16.21,-16.21,-15.90,-15.63,-15.66,-15.70,-15.63,-15.66,-15.60,-15.92,-15.85,-15.70,-15.82,-15.84,-15.69,-15.52,-15.26,-15.29,-15.03,-14.66,-14.67,-12.65,-9.65,-7.78,-7.64,-8.41,-8.83,-8.22,-8.19,-10.36,-11.92,-13.15,-14.09,-14.81,-15.21,-15.31,-15.46,-14.91,-15.50,-15.41,-15.17,-15.06,-15.26,-15.46,-14.87,-15.05,-15.14,-15.20,-15.34,-15.52,-15.28,-15.23,-15.63,-15.55,-15.37,-15.64,-15.29,-15.55,-15.47
-15.00,-15.41,-15.50,-15.31,-15.17,-15.15,-14.93,-14.94,-15.12,-15.32,-15.37,-15.52,-15.15,-15.34,-15.37,-15.08,-14.93,-14.85,-14.90,-14.85,-14.54,-14.42,-14.57,-14.55,-14.49,-14.96,-14.99,-14.91,-15.14,-15.44,-15.55,-15.47,-15.43,-15.26,-15.18,-15.60,-15.53,-15.40,-15.35,-15.41,-15.44,-15.55,-15.72,-15.56,-15.89,-15.85,-15.52,-15.50,-15.56,-15.67,-15.69,-15.79,-15.84,-15.81,-15.78,-15.78,-15.95,-16.18,-16.08,-15.95,-15.81,-16.04,-15.89,-15.84,-15.84,-16.05,-15.79,-15.78,-15.84,-16.24,-16.39,-16.12,-15.82,-15.93,-15.99,-15.89,-15.89,-15.81,-15.69,-15.56,-15.82,-15.85,-15.81,-15.50,-15.55,-15.66,-15.52,-15.75,-15.50,-15.56,-15.47,-15.50,-15.73,-15.73,-15.87,-15.76,-15.43,-15.34,-15.60,-15.84,-15.98,-16.01,-15.95,-15.66,-15.46,-15.52,-15.58,-15.43,-15.44,-15.28,-15.66,-15.72,-15.56,-15.73,-15.70,-15.44,-15.35,-15.11,-14.78,-15.00,-14.66,-13.65,-10.79,-6.63,-4.52,-4.24,-4.68,-5.01,-4.60,-4.79,-6.77,-8.74,-10.79,-12.80,-14.39,-15.02,-15.08,-15.40,-15.32,-15.21,-15.17,-14.88,-15.03,-15.40,-15.41,-15.00,-14.87,-15.08,-15.26,-15.41,-15.44,-15.02,-15.21,-15.49,-15.18,-15.09,-15.49,-15.23,-15.38,-15.38
-15.11,-15.44,-15.55,-15.31,-15.15,-14.91,-15.00,-15.20,-15.21,-15.11,-15.18,-15.53,-15.32,-15.40,-15.38,-15.06,-15.00,-14.87,-14.97,-14.99,-14.79,-14.58,-14.61,-14.76,-14.81,-14.70,-14.93,-14.90,-15.11,-15.44,-15.58,-15.50,-15.40,-15.15,-15.23,-15.64,-15.52,-15.41,-15.38,-15.38,-15.29,-15.41,-15.72,-15.58,-15.63,-15.56,-15.43,-15.40,-15.35,-15.56,-15.55,-15.72,-15.96,-15.82,-15.73,-15.87,-15.85,-16.07,-15.84,-15.79,-15.85,-15.52,-15.98,-15.75,-15.66,-15.90,-15.84,-15.93,-15.81,-16.07,-16.13,-16.07,-16.01,-15.79,-15.84,-16.01,-15.84,-15.81,-15.87,-15.64,-15.63,-15.69,-15.78,-15.50,-15.58,-15.37,-15.61,-15.53,-15.32,-15.38,-15.38,-15.56,-15.63,-15.72,-15.75,-15.60,-15.38,-15.26,-15.49,-15.70,-15.70,-15.92,-15.90,-15.56,-15.38,-15.50,-15.37,-15.28,-15.37,-15.11,-15.43,-15.61,-15.64,-15.73,-15.52,-15.32,-15.41,-15.37,-15.05,-15.03,-14.19,-11.69,-7.82,-4.04,-2.46,-2.14,-2.09,-2.09,-2.25,-2.56,-3.82,-5.53,-8.65,-11.91,-13.97,-14.69,-14.93,-15.29,-15.37,-15.11,-14.91,-15.03,-15.17,-15.15,-14.99,-14.81,-14.70,-15.03,-15.31,-15.44,-15.31,-14.94,-15.09,-15.25,-15.09,-15.14,-15.34,-15.06,-15.52,-15.44
-14.91,-15.17,-15.41,-15.53,-15.26,-15.14,-15.21,-15.29,-15.28,-15.21,-15.21,-15.55,-15.40,-15.44,-15.43,-15.09,-15.08,-15.03,-15.08,-14.94,-14.88,-14.85,-14.57,-14.45,-14.27,-14.49,-14.54,-14.60,-14.76,-15.23,-15.60,-15.38,-15.37,-15.03,-15.11,-15.44,-15.38,-15.40,-15.44,-15.40,-15.38,-15.40,-15.43,-15.29,-15.60,-15.61,-15.61,-15.55,-15.56,-16.01,-15.93,-15.82,-15.99,-15.85,-15.49,-15.49,-15.72,-15.78,-15.81,-15.73,-15.78,-15.53,-15.90,-15.93,-15.78,-15.89,-15.84,-15.96,-15.93,-16.07,-16.15,-16.05,-15.93,-15.87,-15.95,-16.05,-16.01,-15.85,-15.75,-15.69,-15.58,-15.56,-15.70,-15.43,-15.63,-15.52,-15.60,-15.60,-15.26,-15.49,-15.35,-15.66,-15.63,-15.67,-15.70,-15.69,-15.61,-15.49,-15.50,-15.47,-15.61,-15.90,-15.81,-15.50,-15.56,-15.60,-15.47,-15.28,-15.55,-15.21,-15.38,-15.37,-15.64,-15.66,-15.46,-15.40,-15.50,-15.38,-14.84,-14.60,-12.94,-9.02,-4.89,-1.97,-1.10,-0.73,-0.32,-0.18,-0.44,-0.87,-1.62,-3.18,-7.31,-10.99,-13.28,-14.33,-14.79,-15.15,-15.12,-14.93,-14.91,-14.88,-15.20,-15.32,-15.06,-14.81,-14.73,-14.93,-15.26,-15.34,-15.20,-14.91,-14.90,-15.11,-15.12,-15.29,-15.37,-14.91,-15.41,-15.38
-14.72,-14.96,-15.18,-15.29,-15.06,-15.21,-15.18,-15.20,-15.28,-15.32,-15.25,-15.50,-15.32,-15.34,-15.55,-15.34,-15.15,-15.06,-15.05,-15.20,-15.29,-15.21,-15.05,-14.82,-14.30,-14.42,-14.55,-14.58,-14.73,-15.18,-15.53,-15.38,-15.35,-15.14,-15.09,-15.28,-15.37,-15.46,-15.49,-15.32,-15.23,-15.37,-15.46,-15.37,-15.60,-15.49,-15.47,-15.41,-15.35,-15.79,-15.96,-15.61,-15.56,-15.72,-15.47,-15.46,-15.76,-15.78,-15.72,-15.61,-15.55,-15.60,-16.04,-15.93,-15.84,-15.81,-15.64,-15.75,-15.79,-16.10,-16.15,-15.82,-15.64,-15.72,-15.87,-15.92,-15.93,-15.85,-15.55,-15.64,-15.38,-15.38,-15.72,-15.66,-15.52,-15.61,-15.31,-15.67,-15.23,-15.44,-15.41,-15.69,-15.67,-15.60,-15.56,-15.58,-15.38,-15.40,-15.64,-15.60,-15.53,-15.66,-15.75,-15.61,-15.56,-15.49,-15.41,-15.28,-15.53,-15.41,-15.40,-15.09,-15.32,-15.49,-15.50,-15.43,-15.43,-15.25,-14.43,-13.61,-10.69,-6.00,-2.59,-1.03,-0.64,-0.18,-0.02,-0.14,-0.29,-0.78,-1.29,-2.52,-6.36,-9.47,-12.24,-13.65,-14.27,-14.64,-14.63,-14.84,-14.88,-14.79,-15.15,-15.35,-15.08,-14.49,-14.52,-14.72,-14.66,-14.84,-14.85,-14.57,-14.84,-15.03,-14.94,-15.21,-15.31,-14.97,-15.40,-15.35
-14.90,-15.02,-15.20,-15.09,-14.88,-15.05,-15.05,-15.06,-15.23,-15.25,-15.14,-15.37,-15.21,-15.03,-15.17,-15.11,-14.69,-14.87,-15.14,-15.06,-14.91,-15.06,-15.09,-15.05,-14.39,-14.42,-14.48,-14.48,-14.61,-15.05,-15.44,-15.44,-15.52,-15.40,-15.25,-15.41,-15.37,-15.23,-15.25,-15.41,-15.50,-15.56,-15.38,-15.35,-15.44,-15.60,-15.56,-15.44,-15.35,-15.95,-15.98,-15.76,-15.87,-15.72,-15.58,-15.55,-15.76,-15.87,-15.69,-15.67,-15.76,-15.76,-15.87,-15.82,-15.73,-15.76,-15.75,-15.64,-15.67,-15.98,-16.08,-15.81,-15.66,-15.73,-15.76,-15.75,-15.78,-15.75,-15.50,-15.43,-15.40,-15.43,-15.70,-15.70,-15.43,-15.75,-15.53,-15.56,-15.15,-15.14,-15.44,-15.67,-15.75,-15.81,-15.70,-15.60,-15.44,-15.49,-15.67,-15.63,-15.47,-15.76,-15.90,-15.52,-15.35,-15.37,-15.21,-15.49,-15.78,-15.40,-15.20,-15.02,-15.37,-15.44,-15.47,-15.29,-15.20,-15.02,-13.98,-11.95,-7.48,-2.87,-1.08,-0.31,-0.46,-0.19,-0.02,-0.09,-0.08,-0.24,-1.40,-2.28,-5.21,-8.00,-10.76,-12.10,-12.70,-13.03,-13.22,-13.79,-14.04,-14.10,-14.45,-14.61,-14.43,-14.13,-14.13,-14.39,-14.42,-14.42,-14.51,-14.76,-14.96,-14.88,-14.75,-15.03,-15.14,-14.99,-15.09,-15.17
-14.78,-14.90,-14.99,-14.93,-14.78,-14.82,-14.87,-14.93,-15.11,-15.28,-15.12,-15.18,-15.08,-14.93,-15.11,-15.00,-14.87,-14.81,-14.90,-14.93,-14.81,-14.81,-14.94,-15.02,-14.66,-14.51,-14.31,-14.19,-14.31,-14.63,-15.21,-15.41,-15.66,-15.53,-15.14,-15.37,-15.21,-15.14,-15.23,-15.21,-15.28,-15.37,-15.58,-15.35,-15.49,-15.08,-15.31,-15.35,-15.35,-15.67,-15.56,-15.43,-15.70,-15.61,-15.49,-15.49,-15.64,-15.73,-15.50,-15.69,-15.72,-15.67,-15.70,-15.64,-15.60,-15.64,-15.67,-15.75,-15.69,-15.89,-15.99,-15.84,-15.75,-15.69,-15.56,-15.52,-15.46,-15.49,-15.37,-15.31,-15.46,-15.50,-15.53,-15.50,-15.26,-15.53,-15.38,-15.38,-15.08,-15.06,-15.29,-15.37,-15.56,-15.55,-15.66,-15.49,-15.31,-15.34,-15.44,-15.58,-15.58,-15.52,-15.52,-15.47,-15.58,-15.26,-15.43,-15.37,-15.96,-15.64,-15.08,-15.09,-15.09,-15.12,-15.15,-14.99,-14.79,-14.30,-12.70,-9.50,-4.41,-1.01,-0.61,-0.23,-0.43,-0.32,-0.27,-0.34,-0.44,-0.62,-0.93,-1.67,-3.22,-5.79,-7.42,-8.49,-9.40,-10.00,-10.37,-11.12,-11.86,-12.16,-12.71,-13.14,-13.31,-13.36,-13.45,-13.42,-14.06,-14.45,-14.45,-14.43,-14.81,-14.84,-14.94,-15.06,-14.97,-14.79,-14.76,-14.90
-14.60,-14.76,-14.88,-14.78,-14.78,-14.75,-14.72,-14.76,-15.08,-15.34,-15.26,-15.06,-14.94,-14.94,-15.14,-14.78,-14.75,-14.67,-14.75,-14.79,-14.66,-14.55,-14.82,-14.99,-14.85,-14.69,-14.39,-14.07,-14.06,-14.31,-14.72,-15.34,-15.40,-15.26,-14.96,-14.99,-15.08,-15.20,-15.18,-15.02,-15.26,-15.17,-15.41,-15.29,-15.40,-15.18,-15.21,-15.28,-15.28,-15.55,-15.52,-15.41,-15.58,-15.46,-15.44,-15.37,-15.46,-15.66,-15.38,-15.53,-15.60,-15.47,-15.52,-15.50,-15.41,-15.72,-15.56,-15.70,-15.66,-15.78,-15.84,-15.66,-15.58,-15.46,-15.35,-15.28,-15.21,-15.25,-15.18,-15.28,-15.29,-15.38,-15.28,-15.23,-15.06,-15.21,-15.21,-15.31,-15.05,-15.14,-15.12,-15.11,-15.37,-15.35,-15.40,-15.25,-15.09,-15.15,-15.26,-15.44,-15.44,-15.28,-15.23,-15.09,-15.02,-15.00,-15.34,-14.94,-15.26,-15.03,-14.60,-14.76,-14.78,-14.60,-14.36,-14.07,-13.85,-12.80,-10.20,-6.50,-2.45,-0.62,-0.62,-0.63,-0.73,-0.46,-0.44,-0.42,-0.43,-0.69,-0.78,-0.91,-2.02,-3.13,-3.93,-4.56,-5.56,-6.36,-6.89,-7.75,-8.67,-9.08,-9.99,-10.63,-10.96,-11.27,-11.63,-11.86,-12.49,-12.89,-13.24,-13.52,-13.65,-14.09,-14.39,-14.58,-14.55,-14.54,-14.67,-14.49
-14.64,-14.73,-15.03,-14.82,-14.87,-14.87,-14.87,-14.90,-15.08,-15.14,-15.31,-15.17,-15.03,-15.23,-15.47,-14.85,-14.60,-14.43,-14.55,-14.69,-14.51,-14.36,-14.72,-14.97,-14.84,-14.79,-14.57,-14.21,-13.97,-14.01,-14.67,-14.85,-15.32,-15.08,-14.73,-14.82,-14.94,-14.99,-15.09,-14.96,-15.14,-15.05,-15.14,-15.43,-15.37,-15.20,-15.18,-15.20,-15.20,-15.38,-15.43,-15.37,-15.46,-15.26,-15.41,-15.41,-15.49,-15.56,-15.34,-15.38,-15.41,-15.35,-15.47,-15.44,-15.26,-15.70,-15.50,-15.40,-15.46,-15.60,-15.61,-15.44,-15.32,-15.29,-15.26,-15.17,-15.29,-15.28,-15.14,-15.21,-15.21,-15.21,-15.05,-15.09,-14.93,-15.12,-15.28,-15.31,-14.99,-15.28,-15.02,-15.00,-15.08,-15.11,-15.18,-15.12,-14.90,-14.85,-14.96,-15.15,-15.21,-15.08,-15.06,-15.09,-14.76,-14.90,-15.11,-14.87,-15.25,-14.67,-14.67,-14.39,-13.95,-13.92,-13.20,-12.21,-11.60,-10.19,-7.13,-3.70,-1.55,-0.76,-0.75,-0.85,-0.96,-0.59,-0.61,-0.62,-0.67,-0.82,-0.87,-0.83,-1.27,-1.81,-2.25,-2.33,-2.96,-3.65,-4.04,-4.47,-5.17,-5.50,-6.69,-7.12,-7.49,-8.00,-8.47,-8.85,-9.71,-10.06,-10.56,-11.00,-11.36,-12.07,-12.43,-12.89,-13.18,-13.43,-13.55,-13.57
-14.75,-14.78,-14.91,-14.99,-14.91,-14.76,-14.70,-14.75,-14.90,-14.84,-14.81,-14.96,-15.14,-15.23,-15.64,-15.09,-14.67,-14.51,-14.58,-14.70,-14.61,-14.34,-14.60,-14.84,-14.82,-14.75,-14.57,-14.19,-14.04,-14.15,-14.37,-14.69,-15.03,-14.76,-14.72,-14.93,-15.02,-14.99,-15.03,-14.85,-15.06,-15.06,-15.12,-15.26,-15.08,-15.12,-15.15,-15.11,-15.12,-15.29,-15.40,-15.43,-15.50,-15.28,-15.35,-15.43,-15.47,-15.32,-15.23,-15.40,-15.15,-15.29,-15.46,-15.35,-15.14,-15.26,-15.14,-15.21,-15.37,-15.44,-15.38,-15.28,-15.26,-15.23,-15.21,-15.23,-15.31,-15.26,-15.03,-15.06,-15.23,-15.17,-15.00,-15.09,-14.84,-15.09,-14.97,-15.20,-14.69,-15.25,-15.03,-14.97,-14.93,-14.93,-15.14,-15.09,-14.73,-14.72,-14.93,-14.94,-14.93,-14.94,-14.88,-14.85,-14.66,-14.58,-14.40,-14.10,-14.00,-13.59,-13.42,-12.23,-11.92,-11.42,-9.88,-8.48,-7.11,-5.31,-3.30,-1.68,-1.00,-0.76,-0.97,-0.69,-0.98,-0.72,-0.73,-0.83,-0.72,-0.68,-0.85,-0.76,-0.95,-1.16,-1.29,-1.20,-1.50,-1.96,-2.19,-2.34,-2.87,-2.79,-3.74,-3.87,-4.33,-4.84,-5.15,-5.52,-6.58,-6.88,-7.39,-7.96,-8.48,-9.16,-9.58,-10.00,-10.62,-11.22,-11.53,-11.72
-14.78,-14.81,-15.02,-15.08,-15.05,-14.88,-14.72,-14.78,-14.90,-14.85,-14.81,-14.93,-15.08,-15.02,-15.56,-15.18,-14.87,-14.72,-14.72,-14.78,-14.76,-14.51,-14.66,-14.81,-14.85,-14.75,-14.69,-14.58,-14.00,-13.92,-14.10,-14.22,-14.57,-14.67,-14.66,-14.96,-15.17,-14.99,-14.94,-14.94,-15.20,-15.11,-15.05,-15.08,-15.08,-15.12,-15.14,-15.11,-15.05,-15.26,-15.53,-15.49,-15.55,-15.44,-15.46,-15.43,-15.23,-15.20,-15.14,-15.38,-15.20,-15.35,-15.35,-15.23,-15.11,-15.08,-15.18,-15.25,-15.29,-15.37,-15.31,-15.15,-15.11,-15.12,-15.20,-15.29,-15.37,-15.26,-14.78,-14.70,-15.08,-15.17,-15.00,-15.00,-14.79,-14.96,-14.70,-15.06,-14.31,-14.88,-15.05,-15.00,-14.97,-14.93,-15.00,-14.88,-14.57,-14.69,-14.94,-14.76,-14.70,-14.79,-14.51,-14.30,-14.07,-13.74,-13.33,-12.33,-11.89,-10.74,-9.51,-7.97,-6.93,-5.83,-4.42,-3.66,-2.79,-1.87,-1.25,-0.88,-0.64,-0.68,-0.85,-0.71,-1.08,-0.81,-0.80,-0.82,-0.71,-0.71,-0.82,-0.80,-0.85,-1.14,-1.10,-1.02,-1.15,-1.35,-1.54,-1.62,-1.53,-1.55,-2.02,-2.18,-2.55,-2.91,-3.12,-3.27,-3.80,-4.12,-4.64,-5.11,-5.50,-6.08,-6.63,-7.07,-7.35,-7.79,-8.41,-9.12
-14.69,-14.93,-14.76,-14.88,-14.96,-14.97,-14.91,-14.69,-14.87,-14.87,-14.88,-14.97,-15.02,-14.84,-15.38,-15.09,-14.87,-14.73,-14.67,-14.82,-14.84,-14.52,-14.57,-14.90,-14.79,-14.75,-14.73,-14.45,-14.42,-14.27,-14.64,-14.48,-14.54,-14.63,-14.78,-15.05,-15.18,-14.99,-14.79,-14.76,-15.06,-14.96,-15.08,-14.93,-15.15,-15.21,-15.17,-15.14,-15.00,-15.17,-15.61,-15.38,-15.37,-15.40,-15.49,-15.50,-15.28,-15.34,-15.18,-15.21,-15.20,-15.37,-15.75,-15.53,-15.21,-15.23,-15.26,-15.29,-15.25,-15.44,-15.44,-15.25,-15.20,-15.08,-14.94,-14.97,-15.05,-15.18,-14.79,-14.90,-15.12,-15.20,-15.00,-14.67,-14.76,-14.75,-14.66,-14.90,-14.52,-14.66,-14.73,-14.87,-14.73,-14.79,-14.82,-14.69,-14.39,-14.48,-14.69,-14.43,-14.18,-13.98,-13.57,-13.05,-12.08,-11.20,-9.96,-8.38,-7.54,-5.91,-4.87,-3.82,-2.99,-2.45,-2.10,-1.82,-1.62,-1.32,-1.07,-0.92,-0.76,-0.92,-0.80,-0.72,-1.16,-0.91,-0.85,-0.85,-0.92,-0.85,-0.77,-0.76,-0.59,-0.93,-0.95,-0.92,-1.02,-1.12,-1.21,-1.29,-1.34,-1.19,-1.17,-1.41,-1.53,-1.67,-1.74,-1.73,-1.93,-2.22,-2.68,-2.93,-3.21,-3.67,-4.07,-4.59,-4.88,-5.23,-5.67,-6.25
-14.43,-14.67,-14.82,-14.97,-15.02,-14.93,-14.88,-14.91,-14.93,-14.91,-14.90,-15.00,-15.09,-14.61,-15.14,-14.97,-14.76,-14.69,-14.76,-14.96,-14.85,-14.45,-14.48,-14.75,-14.78,-14.70,-14.66,-14.49,-14.43,-14.49,-14.99,-14.43,-14.58,-14.45,-14.42,-14.79,-15.12,-15.06,-14.87,-14.82,-15.03,-14.99,-15.18,-14.96,-15.12,-15.21,-15.15,-15.08,-14.96,-15.12,-15.52,-15.38,-15.34,-15.46,-15.37,-15.15,-15.17,-15.52,-15.14,-15.52,-15.44,-15.35,-15.43,-15.35,-15.32,-15.23,-15.31,-15.26,-15.17,-15.50,-15.73,-15.37,-15.14,-15.18,-15.00,-15.02,-14.91,-14.93,-14.90,-14.96,-15.03,-15.21,-14.91,-14.60,-14.69,-14.58,-14.49,-14.67,-14.43,-14.67,-14.52,-14.60,-14.63,-14.79,-14.70,-14.55,-14.03,-13.91,-13.82,-13.08,-12.23,-11.40,-10.47,-9.25,-7.75,-6.48,-5.00,-4.14,-3.28,-2.18,-2.09,-1.62,-1.24,-1.26,-1.20,-1.10,-1.05,-0.91,-0.85,-0.78,-0.71,-0.87,-0.86,-0.95,-1.15,-0.91,-0.76,-0.75,-0.77,-0.66,-0.58,-0.57,-0.51,-0.64,-0.57,-0.75,-0.88,-0.95,-1.01,-1.08,-1.01,-0.85,-1.06,-1.02,-1.10,-1.06,-0.95,-0.95,-1.08,-1.38,-1.53,-1.60,-1.83,-2.15,-2.27,-2.96,-3.14,-3.25,-3.47,-3.86
-14.19,-14.52,-14.82,-14.84,-14.81,-14.73,-14.61,-14.70,-14.84,-14.85,-14.90,-15.02,-15.14,-14.46,-14.91,-14.82,-14.79,-14.76,-14.66,-14.78,-14.67,-14.55,-14.54,-14.70,-14.81,-14.66,-14.48,-14.49,-14.40,-14.67,-15.06,-14.85,-14.72,-14.42,-14.22,-14.54,-14.97,-15.02,-15.08,-14.97,-15.11,-15.09,-15.12,-15.03,-15.11,-15.15,-15.15,-15.09,-14.99,-15.12,-15.35,-15.28,-15.23,-15.23,-15.02,-15.02,-15.17,-15.38,-15.20,-15.25,-15.18,-15.40,-15.34,-15.15,-15.15,-15.21,-15.12,-15.15,-15.20,-15.29,-15.47,-15.37,-15.09,-14.99,-14.87,-15.05,-15.02,-15.02,-15.06,-14.88,-14.75,-14.72,-14.78,-14.58,-14.55,-14.28,-14.43,-14.39,-14.57,-14.76,-14.06,-13.67,-14.01,-14.00,-13.54,-13.09,-11.98,-11.56,-10.76,-9.36,-8.02,-6.80,-5.42,-4.12,-3.26,-2.50,-1.83,-1.87,-1.41,-1.07,-1.25,-0.96,-0.86,-0.98,-0.88,-0.92,-0.88,-0.83,-0.73,-0.62,-0.69,-0.82,-1.01,-0.76,-1.20,-0.58,-0.77,-0.67,-0.73,-0.75,-0.64,-0.66,-0.78,-0.71,-0.47,-0.58,-0.68,-0.78,-0.75,-0.75,-0.76,-0.59,-0.95,-0.93,-1.01,-0.92,-0.71,-0.62,-0.87,-1.15,-0.96,-0.88,-1.03,-1.21,-1.31,-1.83,-1.76,-1.88,-2.14,-2.43
-14.19,-14.37,-14.67,-14.75,-14.57,-14.42,-14.42,-14.34,-14.55,-14.70,-14.79,-14.94,-15.00,-14.51,-14.82,-14.69,-14.51,-14.42,-14.31,-14.49,-14.79,-14.51,-14.33,-14.51,-14.49,-14.34,-14.48,-14.12,-14.24,-14.39,-14.90,-14.82,-14.63,-14.48,-14.31,-14.39,-14.72,-14.76,-15.11,-15.02,-14.97,-15.02,-14.96,-14.99,-15.03,-15.09,-15.12,-14.99,-14.85,-15.06,-15.15,-14.91,-15.15,-14.99,-14.99,-14.94,-15.26,-15.08,-15.08,-15.05,-15.02,-14.94,-15.23,-15.03,-15.06,-15.06,-14.94,-15.03,-15.06,-15.34,-15.55,-15.17,-14.84,-14.78,-14.61,-14.64,-14.70,-14.79,-14.90,-14.72,-14.58,-14.57,-14.37,-14.48,-14.36,-14.69,-14.52,-14.52,-14.36,-14.10,-12.97,-11.29,-11.69,-11.75,-10.83,-9.71,-7.98,-6.75,-5.61,-4.16,-3.13,-2.59,-2.02,-1.57,-1.34,-1.19,-1.14,-1.10,-1.01,-0.93,-1.03,-0.80,-0.90,-0.93,-0.76,-0.76,-0.77,-0.72,-0.61,-0.54,-0.71,-0.83,-0.77,-0.80,-1.21,-0.57,-0.76,-0.63,-0.57,-0.62,-0.54,-0.54,-0.69,-0.69,-0.66,-0.56,-0.66,-0.80,-0.71,-0.68,-0.69,-0.59,-0.80,-0.54,-0.64,-0.73,-0.62,-0.52,-0.81,-1.14,-0.91,-0.91,-0.91,-0.88,-0.86,-0.90,-0.82,-1.17,-1.48,-1.60
-14.30,-14.39,-14.49,-14.64,-14.58,-14.28,-14.27,-14.30,-14.36,-14.42,-14.58,-14.79,-14.84,-14.66,-14.85,-14.64,-14.51,-14.55,-14.40,-14.45,-14.30,-14.51,-14.46,-14.42,-14.46,-14.48,-14.43,-14.12,-14.18,-14.40,-14.76,-14.63,-14.54,-14.42,-14.24,-14.27,-14.52,-14.51,-14.88,-15.08,-14.85,-14.94,-14.87,-14.91,-14.96,-15.06,-15.17,-15.09,-14.96,-14.96,-15.03,-14.96,-15.31,-14.90,-15.09,-15.03,-14.90,-14.85,-14.58,-14.76,-14.84,-14.76,-15.00,-14.97,-14.73,-14.82,-14.88,-14.82,-14.82,-15.09,-15.29,-14.97,-14.69,-14.67,-14.48,-14.60,-14.55,-14.67,-14.91,-14.73,-14.52,-14.66,-14.21,-14.21,-14.28,-14.21,-14.67,-14.40,-13.52,-13.22,-10.96,-6.23,-6.40,-5.71,-4.70,-3.53,-2.50,-1.93,-1.77,-1.40,-1.24,-1.26,-1.26,-1.05,-0.80,-0.91,-0.87,-0.71,-0.73,-0.62,-0.82,-0.68,-0.75,-0.86,-0.66,-0.72,-0.66,-0.59,-0.53,-0.41,-0.39,-0.49,-0.53,-0.73,-0.91,-0.56,-0.54,-0.34,-0.47,-0.49,-0.41,-0.42,-0.49,-0.52,-0.59,-0.59,-0.71,-0.81,-0.72,-0.67,-0.66,-0.57,-0.75,-0.52,-0.49,-0.43,-0.28,-0.34,-0.77,-0.83,-0.63,-0.68,-0.82,-0.83,-0.62,-0.61,-0.49,-0.82,-0.98,-1.03
-14.28,-14.30,-14.39,-14.48,-14.57,-14.37,-14.21,-14.25,-14.30,-14.21,-14.22,-14.69,-14.85,-14.48,-14.54,-14.42,-14.31,-14.36,-14.22,-14.40,-14.36,-14.48,-14.40,-14.28,-14.36,-14.52,-14.42,-14.25,-14.12,-14.24,-14.64,-14.58,-14.61,-14.51,-14.15,-14.04,-14.31,-14.40,-14.42,-14.87,-14.69,-14.84,-14.82,-14.84,-14.88,-14.97,-15.06,-14.94,-14.67,-14.67,-14.99,-14.66,-14.91,-15.00,-15.00,-14.84,-14.88,-14.93,-14.79,-14.73,-14.70,-14.55,-14.84,-14.63,-14.49,-14.54,-14.57,-14.64,-14.72,-14.81,-14.78,-14.52,-14.27,-14.33,-14.37,-14.46,-14.46,-14.37,-14.82,-14.16,-13.91,-14.45,-14.25,-13.70,-13.97,-13.91,-13.64,-13.61,-12.37,-11.50,-7.01,-2.99,-1.65,-1.38,-0.97,-0.87,-0.47,-0.81,-0.85,-0.72,-0.81,-0.73,-0.75,-0.82,-0.64,-0.54,-0.61,-0.56,-0.62,-0.52,-0.61,-0.38,-0.53,-0.54,-0.41,-0.46,-0.33,-0.32,-0.28,-0.18,-0.19,-0.27,-0.43,-0.66,-0.68,-0.38,-0.52,-0.33,-0.37,-0.33,-0.23,-0.33,-0.53,-0.56,-0.44,-0.31,-0.52,-0.56,-0.39,-0.44,-0.47,-0.37,-0.54,-0.61,-0.53,-0.33,-0.22,-0.26,-0.38,-0.68,-0.28,-0.37,-0.57,-0.64,-0.54,-0.57,-0.54,-0.56,-0.59,-0.68
-14.15,-14.09,-14.19,-14.28,-14.27,-14.33,-14.39,-14.27,-14.24,-14.21,-14.19,-14.33,-14.70,-14.48,-14.55,-14.49,-14.33,-14.24,-14.00,-14.40,-14.33,-14.34,-14.33,-14.22,-14.25,-14.43,-14.39,-14.30,-14.12,-14.09,-14.52,-14.63,-14.69,-14.63,-14.24,-13.98,-13.95,-14.31,-14.00,-14.45,-14.63,-14.78,-14.70,-14.84,-14.99,-14.96,-14.91,-14.88,-14.63,-14.52,-14.99,-14.76,-15.08,-14.88,-15.05,-14.91,-14.81,-14.70,-14.43,-14.70,-14.54,-14.52,-14.73,-14.67,-14.55,-14.66,-14.57,-14.52,-14.69,-14.85,-14.91,-14.67,-14.43,-14.18,-14.25,-14.43,-14.42,-14.33,-14.45,-14.19,-13.82,-14.03,-14.06,-13.22,-12.99,-12.83,-12.13,-10.96,-8.74,-6.21,-2.25,-0.83,-0.41,-0.26,-0.08,0.03,0.35,-0.02,-0.28,-0.31,-0.23,-0.14,-0.28,-0.32,-0.16,-0.11,-0.13,-0.09,-0.04,-0.12,-0.11,0.03,-0.27,-0.09,0.07,-0.02,0.04,0.14,0.08,0.07,0.17,0.14,0.02,-0.23,-0.31,-0.06,-0.11,-0.13,-0.08,-0.04,-0.17,-0.41,-0.44,-0.24,0.12,0.23,-0.29,-0.34,-0.21,-0.28,-0.24,-0.14,-0.31,-0.47,-0.34,-0.13,-0.02,-0.03,-0.16,-0.17,-0.06,-0.14,-0.32,-0.26,-0.11,-0.37,-0.32,-0.36,-0.27,-0.33
-14.00,-13.95,-14.00,-14.09,-14.19,-14.46,-14.18,-14.21,-14.28,-14.39,-14.43,-14.28,-14.40,-14.21,-14.36,-14.30,-14.12,-14.25,-14.12,-14.45,-14.24,-14.09,-14.10,-14.09,-14.10,-14.24,-14.34,-14.07,-14.04,-14.04,-14.43,-14.61,-14.69,-14.52,-14.12,-14.18,-14.07,-14.24,-14.09,-14.33,-14.57,-14.73,-14.82,-14.90,-14.85,-14.76,-14.61,-14.52,-14.61,-14.40,-14.78,-14.46,-14.70,-14.22,-14.63,-14.63,-14.73,-14.69,-14.69,-14.63,-14.46,-14.42,-14.54,-14.48,-14.45,-14.49,-14.42,-14.37,-14.58,-14.85,-14.67,-14.24,-14.03,-14.01,-14.09,-13.86,-14.22,-13.88,-13.88,-13.52,-13.30,-13.06,-12.34,-11.03,-9.64,-7.64,-6.07,-4.47,-3.12,-1.83,-0.46,0.07,0.32,0.58,0.51,0.54,0.65,0.70,0.48,0.37,0.40,0.27,0.25,0.34,0.41,0.43,0.39,0.56,0.46,0.64,0.51,0.44,0.37,0.25,0.54,0.44,0.41,0.56,0.58,0.59,0.63,0.60,0.46,0.19,-0.02,0.30,0.28,0.27,0.45,0.37,0.08,-0.07,0.07,0.38,0.49,0.27,0.12,0.20,-0.06,-0.17,-0.06,-0.03,-0.17,-0.16,0.09,0.24,0.30,0.22,0.15,0.35,0.25,0.07,0.01,0.04,0.02,-0.18,0.20,-0.34,-0.41,-0.34
-13.98,-13.80,-13.88,-14.09,-14.10,-14.31,-13.89,-14.00,-14.15,-14.22,-14.30,-14.33,-14.25,-14.06,-14.15,-14.31,-14.27,-14.31,-14.22,-14.24,-14.10,-13.94,-13.89,-13.97,-14.01,-14.04,-14.31,-13.85,-13.80,-13.80,-14.30,-14.54,-14.49,-14.43,-14.31,-14.34,-14.48,-14.40,-14.22,-14.10,-14.18,-14.37,-14.60,-14.84,-14.93,-14.67,-14.39,-14.46,-14.70,-14.64,-14.85,-14.57,-14.79,-14.64,-14.51,-14.49,-14.51,-14.63,-14.54,-14.52,-14.39,-14.28,-14.60,-14.61,-14.43,-14.33,-14.28,-14.25,-14.39,-14.51,-14.34,-14.18,-14.01,-13.86,-13.68,-13.37,-13.27,-12.75,-12.46,-11.16,-10.23,-8.69,-7.15,-5.28,-3.88,-2.56,-2.00,-1.54,-0.88,-0.52,0.07,0.45,0.66,0.74,0.75,0.77,1.06,0.98,0.71,0.64,0.69,0.71,0.69,0.80,0.91,0.96,1.02,1.09,1.07,1.11,1.12,0.97,0.84,0.59,0.92,0.88,0.86,0.96,1.08,1.08,0.96,0.86,0.74,0.59,0.40,0.60,0.58,0.70,0.76,0.72,0.59,0.43,0.50,0.66,0.55,0.74,0.70,0.64,0.38,0.25,0.28,0.25,0.18,0.18,0.43,0.59,0.67,0.61,0.55,0.69,0.54,0.46,0.39,0.35,0.24,-0.03,0.38,0.06,-0.06,-0.17
-14.00,-14.04,-13.95,-13.92,-13.94,-14.40,-14.04,-14.09,-14.12,-14.12,-14.30,-14.30,-14.43,-14.07,-14.06,-14.25,-14.24,-14.28,-13.97,-13.98,-13.95,-13.94,-13.94,-14.03,-14.10,-13.95,-14.25,-13.97,-13.88,-14.06,-14.46,-14.46,-14.28,-14.34,-14.16,-14.40,-14.42,-14.61,-14.49,-14.01,-13.88,-13.89,-14.12,-14.40,-14.48,-14.40,-14.36,-14.30,-14.30,-14.39,-14.69,-14.37,-14.46,-14.48,-14.06,-14.30,-14.31,-14.48,-14.46,-14.39,-14.09,-14.16,-14.33,-14.25,-14.13,-14.07,-13.97,-13.98,-14.07,-14.10,-14.07,-13.77,-13.58,-13.28,-12.67,-11.71,-10.37,-8.98,-7.37,-5.60,-4.91,-3.66,-2.73,-1.78,-1.38,-0.72,-0.72,-0.67,-0.41,-0.33,0.29,0.69,0.81,1.13,1.00,1.08,1.31,1.14,1.02,0.95,1.00,0.98,0.95,1.03,1.20,1.28,1.31,1.40,1.31,1.35,1.29,1.25,1.11,0.95,1.15,1.07,1.09,1.35,1.34,1.38,1.31,1.14,1.08,0.97,0.90,0.92,0.95,1.08,1.09,1.19,1.08,0.97,1.02,1.08,1.08,1.18,1.12,0.95,0.92,1.01,1.07,0.96,0.67,0.41,0.64,0.90,1.15,1.07,0.87,0.86,0.81,0.87,0.79,0.66,0.45,0.37,0.70,0.48,0.38,0.28
-13.89,-14.09,-14.21,-14.12,-14.04,-14.31,-13.71,-13.85,-14.10,-14.13,-14.30,-14.19,-14.40,-13.97,-13.97,-14.24,-14.09,-14.06,-13.71,-13.83,-13.83,-13.88,-14.03,-14.12,-14.04,-13.94,-14.22,-14.07,-13.91,-13.97,-14.43,-14.61,-14.57,-14.69,-14.31,-14.37,-14.43,-14.64,-14.42,-14.34,-14.03,-13.88,-13.89,-14.21,-14.33,-14.19,-14.27,-14.24,-14.09,-14.33,-14.49,-14.19,-14.63,-14.46,-14.03,-14.28,-14.28,-14.22,-14.39,-14.22,-14.01,-14.25,-14.10,-14.01,-13.95,-13.88,-13.79,-13.71,-13.62,-13.39,-13.08,-12.20,-11.14,-9.75,-8.26,-6.44,-4.91,-3.87,-2.88,-2.04,-1.72,-1.25,-1.11,-0.72,-0.82,-0.53,-0.46,-0.43,-0.27,-0.12,0.41,0.72,0.87,1.14,1.12,1.25,1.49,1.38,1.36,1.23,1.17,1.18,1.15,1.33,1.58,1.53,1.50,1.68,1.60,1.74,1.55,1.46,1.57,1.50,1.66,1.63,1.52,1.62,1.73,1.91,1.85,1.67,1.52,1.39,1.42,1.30,1.40,1.67,1.49,1.67,1.71,1.55,1.47,1.50,1.39,1.20,1.23,1.14,1.08,1.06,1.07,1.11,1.06,0.85,0.93,1.33,1.55,1.42,1.18,1.11,1.18,1.13,1.08,1.02,0.92,0.84,1.04,0.79,0.70,0.67
-13.91,-14.03,-14.09,-14.06,-13.91,-14.03,-13.79,-13.92,-14.09,-14.09,-14.33,-14.18,-14.28,-13.94,-13.92,-14.24,-14.13,-13.89,-13.74,-13.86,-13.79,-13.71,-13.83,-14.03,-14.18,-14.09,-14.07,-14.06,-13.89,-13.91,-14.24,-14.61,-14.60,-14.27,-14.31,-13.88,-14.42,-14.54,-14.31,-14.33,-14.04,-13.91,-13.80,-13.86,-14.03,-14.04,-14.13,-14.10,-14.33,-14.63,-14.57,-14.49,-14.66,-14.51,-14.33,-14.15,-14.10,-14.42,-14.36,-14.30,-13.97,-14.07,-13.97,-13.68,-13.51,-13.25,-12.83,-12.36,-11.71,-10.70,-9.43,-7.49,-5.73,-4.38,-3.47,-2.25,-1.51,-1.29,-1.30,-1.19,-0.83,-0.87,-0.75,-0.57,-0.54,-0.48,-0.41,-0.38,-0.09,0.14,0.50,0.92,1.08,1.11,1.07,1.29,1.47,1.46,1.33,1.20,1.25,1.29,1.28,1.34,1.49,1.62,1.80,1.84,1.68,1.77,1.55,1.99,1.94,2.08,1.99,2.20,2.35,2.36,2.47,2.43,2.34,2.23,2.06,1.99,1.97,2.00,2.22,2.48,2.37,2.43,2.47,2.46,2.42,2.37,2.25,2.06,1.78,1.90,1.85,1.91,1.80,1.73,1.75,1.63,1.40,1.83,2.12,1.99,1.68,1.51,1.63,1.58,1.42,1.40,1.27,1.06,1.19,0.97,0.92,0.95
-13.94,-14.01,-14.03,-14.13,-14.09,-13.94,-13.73,-13.77,-13.94,-14.00,-14.04,-13.86,-14.04,-13.88,-13.89,-14.21,-14.12,-13.97,-13.82,-13.85,-13.82,-13.77,-13.83,-13.95,-14.27,-14.12,-14.16,-14.01,-13.83,-14.00,-14.52,-14.85,-14.70,-14.31,-14.18,-14.16,-14.48,-14.34,-14.37,-14.48,-14.39,-14.18,-13.88,-13.85,-13.97,-13.92,-14.01,-14.00,-14.19,-14.34,-14.39,-14.24,-14.55,-14.40,-14.19,-13.77,-13.86,-14.10,-13.88,-13.59,-13.31,-13.09,-12.83,-12.40,-11.69,-10.53,-8.99,-7.63,-6.52,-5.48,-4.42,-2.96,-1.90,-1.51,-1.31,-1.05,-0.82,-0.85,-1.11,-1.11,-0.56,-0.87,-0.69,-0.54,-0.46,-0.34,-0.39,-0.26,0.27,0.32,0.77,1.14,1.29,1.47,1.23,1.58,1.73,1.68,1.51,1.30,1.35,1.39,1.27,1.46,1.67,1.79,2.05,2.09,2.22,2.53,2.37,2.92,2.48,2.18,2.01,2.23,2.48,2.69,2.74,2.47,2.52,2.62,2.51,2.48,2.52,2.82,2.82,3.07,3.17,3.13,2.98,3.04,3.02,2.93,2.95,2.99,2.93,2.81,2.71,2.64,2.64,2.60,2.48,2.35,2.05,2.19,2.37,2.42,2.31,2.13,2.09,2.19,1.77,1.57,1.38,1.23,1.40,1.27,1.01,1.09
-13.70,-13.76,-13.76,-13.91,-13.95,-13.92,-13.68,-13.61,-13.83,-14.07,-13.82,-13.55,-13.92,-13.86,-13.83,-14.15,-13.91,-13.83,-13.68,-13.67,-13.76,-13.79,-13.70,-13.59,-13.91,-13.77,-13.94,-13.77,-13.68,-13.94,-14.25,-14.36,-14.22,-14.10,-14.24,-14.25,-14.30,-14.28,-14.34,-14.36,-14.27,-14.09,-13.80,-13.71,-13.79,-13.68,-13.80,-13.94,-14.01,-14.22,-14.19,-14.06,-14.31,-14.01,-13.73,-13.30,-13.36,-13.28,-12.80,-12.13,-11.33,-10.20,-9.13,-8.20,-6.90,-5.44,-4.05,-2.88,-2.20,-1.96,-1.78,-1.39,-1.03,-1.01,-0.87,-0.82,-0.75,-0.77,-0.93,-1.05,-0.69,-0.83,-0.76,-0.58,-0.49,-0.27,-0.31,-0.12,0.59,0.54,1.06,1.33,1.44,1.63,1.63,1.79,1.99,2.06,1.88,1.84,1.85,2.00,2.03,1.99,2.01,2.22,2.64,2.93,3.12,3.36,3.37,3.53,2.83,2.54,2.01,2.22,2.25,2.42,2.55,2.53,2.47,2.41,2.39,2.43,2.58,2.82,2.64,3.10,3.10,3.16,2.86,3.01,3.04,3.00,3.08,2.84,2.81,2.89,2.71,2.65,2.72,2.68,2.53,2.48,2.55,2.45,2.30,2.29,2.17,2.03,2.16,1.91,1.61,1.69,1.60,1.39,1.49,1.38,1.13,1.25
-13.67,-13.77,-13.73,-13.94,-13.91,-13.79,-13.64,-13.55,-13.71,-14.15,-14.00,-13.65,-14.03,-14.03,-13.79,-13.92,-13.85,-13.68,-13.58,-13.49,-13.59,-13.67,-13.55,-13.86,-13.68,-14.09,-13.74,-13.68,-13.80,-13.77,-13.94,-14.22,-14.13,-14.30,-14.09,-13.94,-14.27,-14.19,-14.45,-14.30,-14.39,-14.27,-13.88,-13.67,-13.62,-13.42,-13.42,-13.79,-13.79,-13.98,-13.11,-12.94,-13.36,-13.09,-12.84,-12.11,-11.56,-10.70,-9.36,-7.98,-6.57,-5.19,-4.16,-3.31,-2.47,-1.85,-1.40,-1.06,-0.97,-1.19,-1.39,-1.12,-0.87,-0.81,-0.75,-0.71,-0.68,-0.77,-0.77,-0.75,-0.73,-0.69,-0.67,-0.49,-0.46,-0.22,-0.26,0.08,0.86,0.92,1.34,1.50,1.58,1.69,2.02,2.18,2.29,2.37,2.33,2.30,2.31,2.52,2.60,2.62,2.64,2.83,3.20,3.41,3.38,3.42,3.20,3.62,3.24,2.60,1.92,1.82,1.92,2.03,2.13,2.00,1.89,1.91,1.96,2.00,2.12,2.26,2.41,2.63,2.62,2.63,2.43,2.65,2.64,2.60,2.62,2.30,2.31,2.43,2.42,2.41,2.47,2.60,2.62,2.51,2.70,2.11,2.41,2.35,2.08,2.02,2.24,2.06,1.97,1.86,1.53,1.23,1.19,1.02,1.09,1.27
-13.49,-13.67,-13.73,-14.00,-13.88,-13.76,-13.61,-13.51,-13.61,-14.03,-14.10,-13.68,-13.74,-13.64,-13.51,-13.89,-13.95,-13.70,-13.48,-13.40,-13.40,-13.36,-13.31,-13.65,-13.71,-13.62,-13.48,-13.61,-13.58,-13.59,-14.00,-14.30,-13.95,-14.10,-13.98,-14.00,-14.13,-13.89,-14.12,-13.97,-14.06,-14.06,-13.85,-13.64,-13.46,-13.33,-13.03,-13.33,-13.51,-13.36,-11.46,-10.06,-11.14,-10.70,-9.51,-8.09,-6.75,-5.54,-4.12,-2.99,-2.11,-1.51,-1.29,-1.12,-0.98,-0.91,-0.71,-0.58,-0.61,-0.76,-1.11,-0.91,-0.77,-0.54,-0.54,-0.49,-0.46,-0.59,-0.67,-0.56,-0.43,-0.48,-0.49,-0.23,-0.26,-0.12,-0.14,0.46,1.07,1.20,1.42,1.47,1.72,1.89,2.16,2.26,2.39,2.43,2.48,2.52,2.58,2.71,2.77,2.93,3.01,3.16,3.53,3.59,3.52,3.78,3.63,3.37,2.86,2.25,2.00,1.64,1.88,1.83,1.63,1.46,1.42,1.58,1.82,1.91,1.94,2.01,2.08,2.00,2.13,1.99,1.96,2.03,2.02,2.00,1.92,1.78,1.85,1.80,1.88,2.01,2.01,2.28,2.45,2.29,2.29,2.07,2.00,1.91,1.82,1.75,1.80,2.24,2.08,1.94,1.63,1.34,1.24,0.79,0.71,0.96
-13.25,-13.48,-13.71,-13.64,-13.62,-13.77,-13.68,-13.58,-13.70,-13.85,-13.97,-13.76,-13.85,-13.73,-13.51,-13.83,-13.49,-13.52,-13.58,-13.58,-13.40,-13.11,-13.17,-13.54,-13.54,-13.64,-13.71,-13.67,-13.76,-13.83,-14.00,-14.22,-13.98,-14.07,-13.83,-13.92,-13.95,-13.86,-14.04,-13.86,-13.85,-14.00,-14.04,-13.82,-13.46,-13.49,-13.02,-12.94,-13.12,-12.72,-9.75,-6.73,-6.58,-5.85,-4.39,-3.05,-1.99,-1.38,-0.98,-0.82,-0.73,-0.68,-0.73,-0.73,-0.58,-0.42,-0.36,-0.33,-0.32,-0.49,-0.78,-0.67,-0.53,-0.23,-0.26,-0.16,-0.16,-0.23,-0.39,-0.51,-0.21,-0.22,-0.29,0.02,0.09,-0.04,0.17,0.74,1.28,1.41,1.56,1.57,1.78,2.13,2.18,2.14,2.26,2.34,2.46,2.47,2.68,2.81,2.75,2.99,3.14,3.29,3.63,3.57,3.32,3.28,3.26,3.29,2.86,2.35,1.88,1.45,1.51,1.53,1.39,1.33,1.47,1.60,1.60,1.61,1.75,1.95,1.86,1.64,1.74,1.57,1.61,1.63,1.68,1.68,1.58,1.56,1.60,1.55,1.35,1.60,1.69,2.09,2.26,2.08,2.20,2.05,1.94,1.88,1.78,1.67,1.61,1.80,1.80,2.01,1.60,1.23,1.28,0.85,0.85,0.76
-13.15,-13.46,-13.73,-13.46,-13.55,-13.62,-13.52,-13.55,-13.80,-13.79,-13.74,-13.55,-13.70,-13.88,-13.82,-13.73,-13.62,-13.30,-12.99,-13.21,-13.51,-13.45,-13.49,-13.43,-13.49,-13.61,-13.74,-13.70,-13.67,-13.54,-13.57,-14.04,-13.94,-13.97,-13.68,-13.61,-13.86,-13.73,-13.82,-13.82,-13.88,-14.07,-14.18,-13.95,-13.59,-13.67,-13.31,-13.11,-12.46,-11.59,-6.78,-3.50,-2.02,-1.53,-0.91,-0.39,-0.26,-0.31,-0.43,-0.38,-0.36,-0.46,-0.49,-0.53,-0.49,-0.34,-0.27,-0.17,-0.14,-0.29,-0.54,-0.39,-0.23,-0.14,-0.04,0.01,0.02,0.07,-0.02,-0.28,-0.08,0.09,0.02,0.24,0.35,0.13,0.53,0.92,1.46,1.62,1.72,1.89,1.85,2.35,2.13,2.02,2.11,2.20,2.37,2.42,2.57,2.64,2.60,2.77,2.86,3.00,3.25,3.18,3.12,3.25,3.19,3.20,2.70,2.05,1.91,1.57,1.72,1.55,1.50,1.55,1.50,1.62,1.72,1.77,1.88,1.97,1.85,1.99,1.79,2.02,1.95,1.83,1.80,1.74,1.71,1.69,1.63,1.63,1.31,1.56,1.72,1.96,2.01,2.02,2.22,1.80,1.74,1.74,1.68,1.63,1.68,1.91,1.84,1.80,1.39,1.17,1.22,1.00,0.98,0.81
-13.18,-13.39,-13.42,-13.62,-13.42,-13.54,-13.52,-13.43,-13.67,-13.74,-13.67,-13.61,-13.70,-13.70,-13.59,-13.80,-13.52,-13.36,-13.28,-13.28,-13.39,-13.48,-13.45,-13.46,-13.42,-13.73,-13.82,-13.70,-13.59,-13.51,-13.59,-14.00,-14.03,-14.01,-13.79,-13.71,-13.94,-13.94,-13.82,-13.71,-13.79,-13.94,-13.95,-13.82,-13.70,-13.79,-13.49,-13.31,-12.21,-10.70,-4.63,-1.35,-0.26,-0.14,0.14,0.39,0.39,0.04,-0.11,-0.08,-0.19,-0.41,-0.48,-0.51,-0.48,-0.29,-0.28,-0.18,-0.08,-0.19,-0.38,-0.06,-0.07,-0.02,0.27,0.18,0.17,0.19,0.20,0.09,0.25,0.25,0.32,0.45,0.39,0.48,0.88,1.03,1.62,1.69,1.79,2.09,2.12,2.51,2.03,1.88,2.09,2.13,2.29,2.45,2.43,2.47,2.46,2.49,2.63,2.78,2.94,3.01,3.06,3.18,2.90,2.94,2.59,2.02,1.91,1.55,1.68,1.47,1.42,1.28,1.27,1.28,1.35,1.52,1.75,2.01,1.89,1.85,1.80,1.74,1.69,1.68,1.73,1.79,1.82,1.78,1.64,1.71,1.64,1.72,1.79,1.79,1.91,2.13,2.14,1.78,1.69,1.79,1.72,1.64,1.66,1.67,1.79,1.71,1.41,1.23,1.13,0.87,0.88,0.93
-13.17,-13.33,-13.37,-13.49,-13.45,-13.51,-13.49,-13.34,-13.33,-13.54,-13.54,-13.54,-13.58,-13.59,-13.48,-13.48,-13.51,-13.39,-13.21,-13.21,-13.33,-13.40,-13.49,-13.70,-13.48,-13.67,-13.77,-13.67,-13.59,-13.55,-13.61,-13.92,-13.88,-13.95,-13.82,-13.74,-13.73,-13.97,-13.91,-13.79,-13.82,-13.80,-13.74,-13.73,-13.71,-13.68,-13.36,-13.25,-12.81,-11.37,-5.83,-1.45,-0.02,0.34,0.41,0.40,0.54,0.28,0.15,-0.07,-0.26,-0.39,-0.59,-0.58,-0.28,-0.09,-0.31,-0.22,-0.19,-0.26,-0.38,0.01,0.10,0.02,0.15,0.15,0.24,0.25,0.10,0.34,0.50,0.46,0.51,0.54,0.64,0.74,1.23,1.08,1.75,1.79,2.05,2.41,2.52,2.59,1.95,1.84,2.08,2.17,2.17,2.28,2.20,2.41,2.45,2.39,2.43,2.39,2.43,2.58,2.58,2.66,2.69,2.75,2.52,1.80,1.69,1.40,1.42,1.23,1.17,1.20,1.09,0.86,0.95,1.30,1.61,1.85,1.71,1.51,1.18,1.38,1.51,1.57,1.45,1.50,1.68,1.72,1.60,1.62,1.67,1.52,1.71,1.73,1.94,2.17,2.08,1.86,1.79,1.83,1.77,1.74,1.79,1.77,1.77,1.62,1.33,1.20,1.13,0.82,0.88,0.67
-13.06,-13.36,-13.02,-13.22,-13.57,-13.40,-13.18,-13.24,-13.51,-13.62,-13.49,-13.34,-13.46,-13.54,-13.30,-13.49,-13.40,-13.39,-13.28,-13.30,-13.45,-13.42,-13.33,-13.62,-13.89,-13.70,-13.62,-13.54,-13.52,-13.49,-13.43,-13.73,-13.71,-13.67,-13.64,-13.67,-13.62,-13.74,-13.79,-13.82,-13.86,-13.71,-13.58,-13.73,-13.59,-13.48,-13.25,-13.33,-13.21,-12.01,-7.65,-2.23,-0.13,0.56,0.35,0.10,0.14,0.03,0.02,-0.19,-0.33,-0.31,-0.47,-0.49,-0.37,-0.27,-0.22,-0.18,-0.37,-0.31,-0.41,-0.17,0.09,0.10,-0.03,0.13,0.13,0.28,-0.01,0.09,0.24,0.30,0.54,0.48,0.80,0.74,1.31,1.33,1.86,1.97,2.28,2.86,2.72,2.55,1.89,1.83,2.00,2.16,2.08,2.13,2.19,2.43,2.45,2.34,2.20,1.96,1.97,2.16,2.07,2.14,2.36,2.34,2.00,1.49,1.51,1.34,1.39,1.12,0.85,0.72,0.63,0.46,0.63,1.01,1.39,1.72,1.64,1.30,1.29,1.06,1.44,1.35,1.13,1.22,1.35,1.27,1.19,1.18,1.39,1.25,1.60,1.67,1.84,2.03,2.06,1.99,1.80,1.78,1.73,1.77,1.86,1.85,1.77,1.71,1.38,1.19,1.07,0.71,0.61,0.66
-13.03,-13.21,-13.33,-13.33,-13.48,-13.36,-13.15,-13.14,-13.22,-13.33,-13.31,-13.20,-13.31,-13.54,-13.31,-13.46,-13.06,-13.05,-13.05,-13.14,-13.31,-13.14,-13.24,-13.42,-13.80,-13.74,-13.57,-13.42,-13.40,-13.45,-13.49,-13.61,-13.68,-13.61,-13.48,-13.48,-13.68,-13.82,-13.74,-13.65,-13.61,-13.54,-13.51,-13.61,-13.49,-13.33,-13.15,-13.24,-13.03,-11.98,-9.09,-3.04,-0.29,0.51,0.28,-0.04,-0.01,0.03,-0.04,-0.21,-0.34,-0.31,-0.36,-0.46,-0.41,-0.34,-0.27,-0.26,-0.16,-0.24,-0.53,-0.27,0.02,0.23,-0.03,0.02,0.10,0.12,-0.01,0.13,0.32,0.18,0.51,0.48,0.86,0.72,1.15,1.28,1.94,2.00,2.46,3.12,2.74,2.45,1.77,1.80,2.00,2.03,2.06,2.16,2.22,2.31,2.40,2.29,2.01,1.68,1.60,1.64,1.58,1.58,1.51,1.52,1.52,1.39,1.49,1.31,1.38,0.97,0.87,0.61,0.54,0.51,0.56,0.79,1.20,1.56,1.46,1.23,1.24,1.28,1.08,1.07,1.07,1.12,1.08,0.96,0.92,1.11,1.47,1.36,1.46,1.61,1.79,1.95,1.99,1.99,1.66,1.68,1.64,1.68,1.85,1.94,1.78,1.88,1.51,1.29,1.14,0.80,0.88,0.82
-13.08,-13.18,-13.00,-13.24,-13.43,-13.40,-13.21,-13.06,-13.14,-13.09,-13.21,-13.15,-13.22,-13.40,-13.18,-13.42,-13.24,-13.24,-12.92,-12.89,-13.39,-13.20,-13.24,-13.34,-13.58,-13.54,-13.45,-13.42,-13.42,-13.36,-13.36,-13.55,-13.51,-13.68,-13.46,-13.25,-13.54,-13.73,-13.61,-13.51,-13.51,-13.43,-13.49,-13.52,-13.45,-13.12,-13.12,-12.90,-12.74,-12.46,-10.22,-3.74,-0.47,0.44,0.28,-0.12,-0.07,-0.12,-0.27,-0.24,-0.31,-0.37,-0.36,-0.41,-0.34,-0.29,-0.24,-0.21,-0.13,-0.28,-0.58,-0.28,0.02,0.17,0.10,-0.07,0.03,-0.02,0.06,0.08,0.32,0.18,0.67,0.45,0.76,0.71,1.17,0.97,1.75,1.88,2.59,3.22,2.75,2.31,1.75,1.69,1.96,1.97,1.99,2.11,2.11,2.22,2.37,2.22,1.88,1.53,1.31,1.19,1.11,1.04,0.87,1.03,1.19,1.17,1.20,1.38,1.27,1.08,0.88,0.65,0.63,0.60,0.45,0.55,1.01,1.38,1.38,1.30,1.17,0.81,1.06,1.14,1.01,0.87,0.82,0.80,0.84,1.02,1.19,1.30,1.35,1.53,1.75,1.89,1.89,1.84,1.53,1.63,1.62,1.62,1.77,1.96,1.84,1.96,1.51,1.29,1.17,0.79,0.87,0.75
-12.87,-13.14,-12.89,-13.14,-13.30,-13.24,-13.11,-13.14,-13.08,-13.18,-13.25,-13.22,-13.18,-13.15,-13.05,-13.34,-13.21,-13.18,-12.93,-12.89,-13.33,-13.30,-13.17,-13.30,-13.43,-13.42,-13.33,-13.34,-13.39,-13.21,-13.00,-13.59,-13.55,-13.64,-13.43,-13.36,-13.51,-13.62,-13.48,-13.39,-13.40,-13.34,-13.33,-13.36,-13.30,-13.36,-12.99,-13.14,-12.78,-12.81,-11.26,-4.79,-1.10,0.24,0.09,-0.14,-0.19,-0.29,-0.38,-0.42,-0.41,-0.37,-0.41,-0.42,-0.27,-0.24,-0.14,-0.14,0.04,-0.18,-0.56,-0.26,-0.12,-0.06,0.02,-0.06,0.03,-0.07,-0.07,0.06,0.17,-0.06,0.41,0.48,0.50,0.61,0.96,0.92,1.46,1.58,2.11,2.90,2.57,2.36,1.77,1.49,1.80,1.88,1.99,1.99,2.13,2.23,2.26,2.17,1.88,1.56,1.30,1.07,0.92,0.90,0.79,0.91,0.88,0.95,1.20,1.44,1.28,1.08,0.79,0.56,0.54,0.33,0.32,0.53,0.87,1.38,1.47,1.29,1.29,1.01,1.12,1.09,0.93,1.02,1.06,0.96,0.92,0.92,1.38,1.18,1.36,1.61,1.80,1.91,1.99,2.06,1.62,1.74,1.64,1.60,1.72,1.85,1.92,1.94,1.36,1.22,1.14,0.77,0.80,0.63
-12.86,-13.14,-13.15,-13.25,-13.24,-13.14,-13.03,-13.05,-12.94,-13.12,-13.09,-13.15,-13.22,-13.20,-13.18,-13.40,-13.17,-13.08,-12.90,-12.83,-13.14,-13.20,-13.11,-13.24,-13.33,-13.45,-13.36,-13.24,-13.24,-13.14,-12.94,-13.64,-13.68,-13.62,-13.36,-13.28,-13.34,-13.57,-13.49,-13.31,-13.39,-13.37,-13.18,-13.33,-13.27,-13.49,-12.94,-13.03,-12.59,-12.71,-11.85,-5.79,-1.40,0.13,0.06,-0.17,-0.22,-0.32,-0.34,-0.22,-0.22,-0.33,-0.43,-0.48,-0.26,-0.14,-0.14,-0.21,-0.18,-0.29,-0.52,-0.32,-0.12,-0.09,0.15,-0.04,-0.02,-0.01,-0.06,0.09,0.12,-0.03,0.35,0.44,0.45,0.54,0.90,0.84,1.24,1.44,1.90,2.53,2.37,2.25,1.68,1.44,1.71,1.78,1.91,1.94,1.99,2.02,2.11,2.14,1.88,1.52,1.31,1.06,0.91,0.95,0.82,0.81,0.65,0.88,1.29,1.33,1.19,0.97,0.82,0.54,0.45,0.27,0.23,0.35,0.67,1.14,1.27,1.19,1.03,0.92,1.01,1.04,0.95,1.08,1.09,0.96,0.98,1.00,1.45,1.44,1.77,1.72,1.89,2.06,2.01,1.99,1.88,1.95,1.67,1.73,1.90,1.85,1.99,1.96,1.44,1.31,1.25,0.91,0.86,0.72
-12.51,-12.94,-12.92,-12.94,-13.11,-13.09,-12.97,-12.94,-12.81,-12.97,-13.00,-13.03,-13.20,-13.34,-13.14,-13.42,-13.20,-13.08,-12.89,-12.75,-13.00,-13.06,-12.99,-13.11,-13.31,-13.34,-13.22,-13.06,-13.06,-13.06,-12.87,-13.52,-13.48,-13.46,-13.36,-13.25,-13.20,-13.33,-13.31,-13.20,-13.18,-13.09,-13.03,-13.03,-12.97,-13.28,-12.94,-12.96,-12.52,-12.72,-12.32,-7.01,-1.81,0.02,0.04,-0.17,-0.12,-0.22,-0.33,-0.18,-0.14,-0.28,-0.48,-0.57,-0.37,-0.13,-0.12,-0.07,-0.04,-0.31,-0.39,-0.31,-0.21,-0.13,-0.16,-0.08,-0.16,-0.08,0.10,0.14,0.14,-0.02,0.28,0.43,0.48,0.58,0.64,0.54,1.18,1.13,1.68,2.05,2.35,2.12,1.74,1.53,1.75,1.77,1.80,1.92,1.86,1.91,2.14,2.17,1.85,1.46,1.20,0.96,0.88,0.97,0.79,0.77,0.70,0.97,1.18,1.28,1.15,0.92,0.77,0.49,0.56,0.43,0.29,0.32,0.64,1.04,1.11,1.28,1.18,1.15,1.13,1.20,1.04,1.06,1.09,1.06,1.09,1.49,1.88,1.78,1.86,2.00,2.01,2.02,2.16,2.26,2.14,2.24,1.97,1.89,1.99,2.02,2.11,2.09,1.56,1.41,1.33,1.04,0.96,0.87
-12.45,-12.74,-12.77,-12.74,-12.94,-13.00,-12.93,-13.02,-12.68,-12.80,-12.89,-12.90,-13.00,-13.21,-12.94,-13.27,-13.14,-12.94,-12.77,-12.71,-12.86,-12.80,-12.84,-12.86,-13.05,-13.11,-13.02,-12.81,-12.77,-12.97,-12.97,-13.48,-13.22,-13.31,-13.27,-13.15,-13.05,-13.14,-13.12,-12.96,-12.89,-12.86,-12.90,-12.90,-12.86,-13.03,-12.87,-12.96,-12.45,-12.56,-12.11,-8.00,-2.57,-0.12,0.12,-0.06,-0.14,-0.26,-0.37,-0.27,-0.18,-0.23,-0.37,-0.48,-0.23,-0.22,-0.11,-0.12,-0.11,-0.32,-0.37,-0.23,0.03,0.01,0.19,-0.06,-0.01,-0.07,0.13,0.07,0.14,0.23,0.44,0.27,0.55,0.66,0.70,0.69,1.03,1.08,1.62,2.00,2.26,2.14,1.73,1.34,1.63,1.82,1.85,1.86,1.80,1.92,2.23,2.23,1.90,1.56,1.23,0.88,0.79,0.91,0.80,0.82,0.79,0.91,1.09,1.25,1.22,1.07,0.76,0.48,0.55,0.48,0.38,0.19,0.46,1.23,1.27,1.30,1.20,1.15,1.08,1.11,1.25,1.28,1.28,1.39,1.46,1.51,2.05,1.90,1.97,1.89,1.88,2.11,2.26,1.96,1.89,2.29,2.05,2.02,2.11,2.07,2.17,2.06,1.41,1.24,1.22,1.06,1.03,0.92
-12.42,-12.61,-12.70,-12.71,-12.84,-12.87,-12.86,-13.03,-12.74,-12.72,-12.75,-12.78,-12.92,-13.02,-12.93,-13.17,-13.17,-12.99,-12.68,-12.55,-12.86,-12.77,-12.99,-12.77,-12.92,-12.96,-12.93,-12.90,-12.83,-12.83,-12.92,-13.42,-13.21,-13.02,-13.08,-12.93,-12.78,-13.06,-13.14,-12.87,-12.75,-12.84,-12.94,-12.83,-12.89,-12.97,-12.92,-12.68,-12.45,-12.55,-12.16,-8.77,-3.09,-0.42,-0.19,-0.27,-0.31,-0.33,-0.31,-0.33,-0.23,-0.13,-0.39,-0.52,-0.36,-0.16,-0.12,-0.23,-0.06,-0.22,-0.33,-0.26,-0.07,-0.03,0.18,0.09,0.09,-0.06,-0.18,0.08,0.04,0.12,0.15,0.33,0.54,0.63,0.55,0.56,0.72,0.84,1.30,1.72,2.09,2.25,1.63,1.42,1.61,1.72,1.83,1.91,1.86,1.84,2.05,2.20,1.96,1.57,1.31,0.95,0.67,0.76,0.76,0.79,0.69,0.86,1.06,1.18,1.22,1.23,0.84,0.61,0.46,0.43,0.29,0.07,0.43,1.18,1.30,1.15,1.02,1.03,0.97,1.11,1.24,1.29,1.29,1.35,1.53,1.69,2.19,2.08,1.86,2.09,1.95,1.97,2.19,2.06,2.06,2.08,1.88,1.88,1.96,1.97,1.91,1.96,1.61,1.38,1.25,1.11,0.97,0.95
-12.29,-12.61,-12.55,-12.65,-12.81,-12.84,-12.77,-12.80,-12.84,-12.77,-12.81,-12.86,-12.92,-13.12,-12.75,-13.03,-13.11,-13.05,-12.87,-12.72,-12.89,-12.75,-12.87,-12.70,-12.96,-12.96,-12.92,-12.92,-12.78,-12.68,-12.75,-13.34,-13.02,-13.11,-12.87,-12.87,-12.81,-12.92,-12.94,-12.78,-12.77,-12.81,-12.84,-12.70,-12.90,-12.83,-12.86,-12.59,-12.33,-12.33,-12.29,-9.95,-3.99,-0.58,-0.12,-0.19,-0.34,-0.42,-0.29,-0.24,-0.14,-0.08,-0.13,-0.33,-0.14,-0.13,-0.17,-0.33,-0.39,-0.37,-0.46,-0.21,-0.14,-0.02,0.35,-0.09,0.09,0.06,-0.03,0.06,0.06,0.13,0.20,0.30,0.50,0.48,0.56,0.22,0.75,0.84,1.08,1.30,1.89,2.09,1.64,1.46,1.58,1.60,1.68,1.86,1.90,1.80,1.80,2.00,1.79,1.47,1.23,0.87,0.69,0.59,0.58,0.69,0.65,0.92,0.98,1.09,1.20,1.15,0.82,0.85,0.70,0.64,0.48,0.24,0.46,1.01,1.11,1.01,1.03,1.12,0.87,1.07,1.13,1.25,1.36,1.45,1.50,1.61,1.84,1.91,1.79,1.74,1.61,1.63,1.74,1.72,1.85,1.86,1.62,1.64,1.80,1.83,1.63,1.85,1.49,1.40,1.29,1.03,0.90,0.79
-12.29,-12.70,-12.56,-12.68,-12.83,-12.84,-12.71,-12.56,-12.58,-12.65,-12.80,-12.78,-12.72,-13.09,-12.64,-12.94,-13.00,-12.99,-12.83,-12.61,-12.65,-12.37,-12.53,-12.75,-12.99,-13.00,-13.06,-13.14,-12.97,-12.71,-12.75,-13.21,-12.94,-13.14,-12.67,-12.64,-12.83,-13.03,-12.94,-12.72,-12.87,-12.99,-13.08,-12.80,-12.96,-12.58,-12.46,-12.55,-12.27,-12.46,-12.26,-10.44,-5.01,-1.17,-0.39,-0.51,-0.42,-0.46,-0.57,-0.42,-0.32,-0.38,-0.47,-0.59,-0.44,-0.33,-0.22,-0.22,-0.14,-0.13,-0.47,-0.23,-0.13,-0.12,0.07,-0.08,0.17,-0.04,0.18,-0.04,0.08,-0.04,0.15,0.34,0.51,0.35,0.84,0.51,0.81,0.65,1.12,1.11,1.24,1.79,1.68,1.46,1.57,1.66,1.77,1.86,1.78,1.71,1.68,1.80,1.66,1.51,1.33,0.95,0.67,0.51,0.56,0.70,0.74,0.82,0.84,0.88,1.18,1.17,0.84,0.91,0.95,0.82,0.75,0.51,0.60,1.00,1.06,1.04,1.07,1.09,1.00,1.09,1.27,1.42,1.49,1.47,1.41,1.39,1.66,1.61,1.58,1.39,1.46,1.55,1.50,1.45,1.62,1.51,1.49,1.58,1.61,1.51,1.53,1.50,1.36,1.24,1.11,0.92,0.72,0.66
-12.20,-12.64,-12.58,-12.70,-12.80,-12.74,-12.61,-12.65,-12.39,-12.74,-12.81,-12.78,-12.86,-12.90,-12.72,-12.74,-12.83,-12.92,-12.87,-12.67,-12.71,-12.51,-12.49,-12.55,-12.83,-12.99,-13.12,-13.18,-13.00,-12.90,-12.75,-12.97,-13.14,-13.25,-12.93,-12.86,-12.99,-12.96,-12.81,-12.74,-12.74,-12.86,-12.89,-12.92,-12.86,-12.72,-12.59,-12.48,-12.37,-12.14,-12.34,-11.62,-6.24,-1.65,-0.41,-0.39,-0.37,-0.47,-0.52,-0.42,-0.38,-0.48,-0.47,-0.39,-0.13,-0.23,-0.28,-0.19,-0.13,-0.18,-0.28,-0.33,-0.29,-0.01,0.10,-0.08,0.14,-0.06,0.12,0.28,0.25,0.15,0.28,0.32,0.38,0.43,0.59,0.44,0.69,0.65,0.86,0.91,1.07,1.75,1.63,1.31,1.58,1.56,1.63,1.71,1.72,1.69,1.69,1.75,1.66,1.52,1.33,0.98,0.74,0.65,0.75,0.75,0.70,0.84,0.79,0.74,0.87,1.24,0.86,0.77,0.87,0.80,0.85,0.82,0.82,0.96,0.95,1.00,0.90,0.93,1.11,1.19,1.31,1.31,1.25,1.27,1.31,1.29,1.38,1.38,1.25,1.14,1.18,1.27,1.28,1.15,1.46,1.31,1.17,1.13,1.17,1.15,1.03,1.11,1.06,1.08,1.04,0.85,0.61,0.65
-12.05,-12.72,-12.74,-12.94,-12.67,-12.48,-12.84,-12.58,-12.52,-12.64,-12.70,-12.77,-12.81,-12.61,-12.65,-12.68,-12.68,-12.72,-12.77,-12.72,-12.62,-12.37,-12.45,-12.59,-12.68,-12.61,-12.51,-12.51,-12.56,-12.65,-12.42,-13.15,-13.15,-13.31,-12.99,-12.94,-12.97,-12.90,-12.84,-12.75,-12.53,-12.61,-12.56,-12.58,-12.80,-12.77,-12.58,-12.42,-12.01,-12.01,-12.43,-11.66,-7.41,-2.45,-0.43,-0.41,-0.39,-0.49,-0.68,-0.43,-0.32,-0.36,-0.28,-0.33,-0.23,-0.19,-0.37,-0.14,-0.07,-0.04,-0.68,-0.31,-0.21,-0.21,0.19,-0.04,-0.01,-0.23,0.04,0.15,0.33,0.07,0.14,0.10,0.24,0.55,0.64,0.30,0.72,0.60,0.82,0.88,1.13,1.41,1.51,1.38,1.49,1.45,1.52,1.62,1.58,1.63,1.64,1.86,1.75,1.52,1.36,1.08,0.86,0.79,0.86,0.90,0.76,0.95,0.98,0.74,0.65,1.06,0.96,0.85,0.96,0.87,0.93,0.90,0.79,0.80,0.84,0.81,0.66,0.76,0.87,1.00,1.07,1.08,1.07,1.11,1.11,1.02,1.07,1.06,1.03,1.03,0.82,0.88,1.15,1.14,1.04,1.00,0.95,0.84,0.80,0.88,0.82,0.71,0.84,0.96,0.88,0.67,0.58,0.84
-12.24,-12.80,-12.65,-12.81,-12.80,-12.68,-12.67,-12.56,-12.53,-12.49,-12.61,-12.71,-12.72,-12.92,-12.56,-12.64,-12.58,-12.43,-12.42,-12.53,-12.59,-12.52,-12.39,-12.65,-12.81,-12.93,-12.83,-12.72,-12.92,-12.49,-12.80,-13.02,-12.65,-13.02,-12.89,-12.80,-12.71,-12.67,-12.74,-12.77,-12.64,-12.70,-12.87,-12.48,-12.45,-12.39,-12.36,-12.37,-12.16,-12.01,-12.11,-11.50,-8.22,-3.15,-0.48,-0.28,-0.43,-0.44,-0.47,-0.36,-0.23,-0.37,-0.54,-0.47,-0.26,-0.38,-0.39,-0.24,-0.17,-0.33,-0.41,-0.09,-0.23,-0.19,-0.04,0.07,0.12,-0.18,-0.09,-0.01,0.22,0.13,0.08,0.08,0.39,0.50,0.40,0.59,0.74,0.50,0.79,0.76,0.84,1.12,1.36,1.34,1.49,1.41,1.38,1.63,1.72,1.83,1.75,1.90,1.85,1.53,1.41,1.30,1.13,1.13,1.23,1.28,1.11,1.04,1.02,0.80,0.64,0.81,1.08,1.03,1.09,0.91,0.81,0.75,0.67,0.70,0.72,0.71,0.76,0.80,0.85,0.74,0.85,0.85,0.74,0.74,0.79,0.66,0.77,0.77,0.96,0.86,0.79,0.87,1.01,0.98,0.84,0.93,0.76,0.64,0.71,0.81,0.65,0.64,0.76,0.86,0.77,0.60,0.64,0.82
-12.30,-12.55,-12.36,-12.58,-12.71,-12.64,-12.51,-12.65,-12.51,-12.49,-12.51,-12.48,-12.45,-12.67,-12.48,-12.89,-12.71,-12.52,-12.48,-12.32,-12.33,-12.52,-12.74,-12.84,-12.71,-12.65,-12.51,-12.30,-12.30,-12.20,-12.61,-12.94,-12.70,-13.11,-12.84,-12.65,-12.86,-12.92,-12.80,-12.74,-12.64,-12.92,-12.87,-12.58,-12.56,-12.56,-12.26,-12.14,-12.05,-11.94,-11.88,-11.26,-8.92,-3.93,-0.85,-0.56,-0.52,-0.47,-0.52,-0.42,-0.47,-0.54,-0.48,-0.39,-0.61,-0.43,-0.43,-0.17,-0.14,-0.09,-0.42,-0.32,-0.18,-0.08,-0.09,-0.12,-0.01,-0.23,-0.19,-0.12,0.30,0.13,0.13,0.20,0.32,0.41,0.43,0.45,0.77,0.44,0.64,0.75,0.88,0.97,1.04,1.24,1.52,1.42,1.44,1.66,1.62,1.75,1.77,1.75,1.83,1.63,1.45,1.28,1.12,1.22,1.34,1.50,1.19,1.15,1.03,0.75,0.58,0.82,0.98,0.79,0.82,0.66,0.65,0.61,0.58,0.64,0.58,0.69,0.76,0.86,0.88,0.56,0.69,0.75,0.58,0.50,0.59,0.59,0.67,0.69,0.90,0.85,0.76,0.79,0.84,0.75,0.74,0.80,0.63,0.55,0.65,0.69,0.39,0.64,0.70,0.84,0.84,0.71,0.65,0.88
-12.01,-12.16,-12.04,-12.53,-12.68,-12.49,-12.49,-12.39,-12.24,-12.27,-12.29,-12.42,-12.59,-12.45,-12.29,-12.46,-12.40,-12.37,-12.43,-12.39,-12.52,-12.20,-12.37,-12.42,-12.46,-12.48,-12.52,-12.48,-12.30,-12.37,-12.14,-12.68,-12.75,-12.87,-12.72,-12.53,-12.56,-12.67,-12.64,-12.49,-12.49,-12.53,-12.53,-12.37,-12.49,-12.13,-12.16,-11.95,-11.75,-11.46,-11.46,-11.35,-9.98,-5.15,-1.27,-0.44,-0.46,-0.47,-0.59,-0.59,-0.54,-0.53,-0.58,-0.67,-0.38,-0.27,-0.32,-0.27,-0.17,-0.26,-0.64,-0.36,-0.32,-0.13,0.08,-0.01,0.23,0.07,-0.13,-0.01,0.08,0.30,0.28,0.12,0.34,0.46,0.44,0.45,0.59,0.43,0.67,0.77,0.90,0.76,0.88,1.07,1.55,1.47,1.44,1.62,1.68,1.75,1.88,1.94,1.75,1.55,1.57,1.45,1.25,1.24,0.98,1.18,1.23,1.30,1.20,1.11,1.02,1.17,1.11,0.86,0.76,0.71,0.76,0.61,0.53,0.65,0.64,0.77,0.77,0.85,0.80,0.65,0.70,0.87,0.84,0.76,0.79,0.79,0.84,0.81,0.93,0.92,0.87,0.90,0.90,0.76,0.69,0.77,0.58,0.61,0.77,0.77,0.49,0.63,0.54,0.75,0.80,0.69,0.88,0.96
-11.91,-12.18,-12.18,-12.33,-12.32,-12.11,-11.98,-12.26,-12.04,-12.17,-12.37,-12.43,-12.45,-12.59,-12.49,-12.58,-12.51,-12.30,-12.13,-12.18,-12.32,-12.08,-12.20,-12.14,-12.55,-12.52,-12.29,-12.34,-12.36,-12.30,-12.40,-12.67,-12.59,-12.89,-12.68,-12.42,-12.23,-12.30,-12.37,-12.14,-12.17,-12.52,-12.34,-12.32,-12.11,-12.10,-12.20,-11.84,-11.76,-11.46,-11.43,-11.27,-9.99,-5.36,-1.44,-0.38,-0.34,-0.59,-0.73,-0.51,-0.53,-0.38,-0.16,-0.21,-0.18,-0.11,-0.22,0.01,-0.09,-0.21,-0.58,-0.57,-0.46,-0.03,0.18,-0.28,-0.11,0.09,0.10,0.14,0.15,0.13,0.43,0.39,0.50,0.41,0.41,0.34,0.63,0.48,0.44,0.71,0.72,0.55,0.72,1.18,1.42,1.49,1.66,1.82,1.79,1.90,2.03,2.03,1.79,1.50,1.42,1.31,1.24,1.35,1.25,1.39,1.39,1.27,1.13,1.18,1.25,1.30,1.24,1.08,1.02,0.98,1.01,0.81,0.72,0.84,0.79,0.92,1.03,1.04,0.93,0.93,0.86,0.95,1.00,1.03,1.07,0.93,0.96,0.97,1.03,0.93,0.95,1.06,1.06,0.88,0.90,0.90,0.59,0.64,0.74,0.66,0.64,0.65,0.50,0.69,0.77,0.72,0.87,0.93
-11.78,-12.23,-12.21,-12.32,-12.40,-12.32,-12.07,-11.98,-12.01,-12.26,-12.33,-12.30,-12.30,-12.40,-12.29,-12.21,-12.18,-12.16,-12.04,-11.89,-12.17,-12.13,-12.18,-12.08,-12.45,-12.51,-12.32,-12.30,-12.17,-12.10,-12.27,-12.65,-12.61,-12.83,-12.72,-12.46,-12.29,-12.23,-12.24,-12.30,-12.33,-12.45,-12.36,-12.27,-11.95,-12.02,-12.00,-11.85,-11.85,-11.58,-11.58,-11.52,-10.57,-6.32,-2.16,-0.67,-0.42,-0.48,-0.59,-0.53,-0.57,-0.46,-0.39,-0.41,-0.29,-0.36,-0.22,-0.23,-0.14,-0.34,-0.68,-0.59,-0.06,-0.17,-0.07,-0.21,-0.11,-0.11,-0.11,-0.09,0.01,-0.04,0.30,0.27,0.40,0.39,0.40,0.06,0.53,0.49,0.28,0.24,0.44,0.34,0.45,0.87,1.35,1.57,1.66,1.62,1.58,1.90,2.11,2.19,1.95,1.64,1.63,1.51,1.33,1.36,1.40,1.52,1.44,1.38,1.38,1.22,1.15,1.34,1.46,1.13,1.18,1.03,1.00,0.80,0.72,0.92,0.86,0.85,0.92,1.08,0.93,0.95,0.90,0.97,0.95,0.97,1.03,0.90,1.03,1.06,0.97,0.92,0.93,1.08,1.14,0.97,1.04,0.98,0.65,0.70,0.75,0.61,0.70,0.80,0.65,0.77,0.82,0.70,0.67,0.72
-11.95,-12.10,-12.10,-12.30,-12.43,-12.29,-11.98,-12.08,-12.14,-12.26,-12.27,-12.18,-12.21,-12.37,-12.21,-12.13,-12.10,-12.08,-12.05,-12.04,-12.02,-12.08,-12.32,-12.29,-12.34,-12.34,-12.26,-12.27,-12.34,-12.10,-12.39,-12.62,-12.58,-12.67,-12.39,-12.29,-12.32,-12.30,-12.29,-12.29,-12.23,-12.27,-12.10,-12.16,-11.78,-11.91,-11.76,-11.88,-11.85,-11.62,-11.75,-11.47,-10.40,-6.28,-2.15,-0.67,-0.46,-0.59,-0.66,-0.46,-0.54,-0.43,-0.26,-0.39,-0.29,-0.19,-0.27,-0.26,-0.19,-0.26,-0.59,-0.54,-0.04,-0.09,0.12,-0.27,-0.13,-0.31,-0.16,-0.14,0.40,0.09,0.17,0.23,0.38,0.25,0.13,0.24,0.61,0.35,0.38,0.41,0.46,0.30,0.32,0.71,0.91,1.31,1.61,1.74,1.63,1.82,2.02,2.07,1.99,1.71,1.61,1.58,1.38,1.41,1.52,1.49,1.35,1.30,1.15,1.07,1.18,1.23,1.25,1.11,1.18,1.03,0.91,0.80,0.77,0.91,1.01,0.90,0.92,1.07,0.88,1.08,0.87,0.96,0.95,0.90,0.93,0.90,1.09,1.02,0.90,0.98,1.03,1.12,1.14,1.02,0.97,1.03,0.81,0.85,0.87,0.76,0.74,0.96,0.75,0.84,0.84,0.67,0.70,0.67
-12.02,-12.05,-12.07,-12.24,-12.32,-12.13,-11.91,-11.94,-12.05,-12.17,-12.11,-12.00,-12.07,-12.16,-12.02,-12.07,-12.04,-11.94,-11.88,-12.02,-12.16,-11.95,-12.13,-12.20,-12.21,-12.17,-12.11,-12.13,-12.14,-11.92,-12.14,-12.42,-12.36,-12.42,-12.24,-12.14,-12.16,-12.13,-12.14,-12.18,-12.04,-12.20,-11.98,-12.05,-11.98,-11.97,-11.69,-11.89,-11.73,-11.50,-11.58,-11.55,-10.46,-6.01,-1.92,-0.62,-0.37,-0.53,-0.64,-0.46,-0.56,-0.58,-0.41,-0.39,-0.31,-0.38,-0.26,-0.27,-0.27,-0.24,-0.57,-0.27,-0.24,-0.23,-0.08,-0.12,0.10,-0.12,-0.16,-0.11,-0.12,-0.03,0.13,0.27,0.34,0.15,0.37,0.33,0.55,0.39,0.38,0.39,0.25,0.17,0.25,0.30,0.54,0.92,1.38,1.72,1.75,1.84,2.07,2.16,2.07,1.82,1.68,1.51,1.30,1.53,1.62,1.52,1.34,1.15,1.00,1.02,1.28,1.31,1.29,1.09,1.22,1.11,0.93,0.85,0.90,1.04,1.03,0.87,0.88,0.98,0.88,1.18,0.93,0.97,0.96,0.97,1.07,0.97,0.96,1.09,1.08,1.04,1.03,1.07,1.08,1.01,0.98,1.11,0.97,0.92,0.92,0.87,0.84,0.96,0.74,0.75,0.70,0.60,0.79,0.77
-11.86,-11.94,-11.98,-12.10,-12.16,-12.10,-11.89,-11.86,-11.84,-12.00,-12.13,-12.10,-11.98,-12.23,-11.98,-12.04,-12.05,-11.92,-11.79,-11.95,-12.13,-12.07,-12.10,-12.04,-11.98,-12.04,-12.11,-12.10,-11.98,-11.82,-11.88,-12.48,-12.61,-12.48,-12.07,-12.02,-12.13,-12.07,-12.04,-12.01,-11.95,-11.97,-11.78,-11.92,-11.97,-11.97,-11.85,-11.92,-11.81,-11.58,-11.73,-11.42,-10.43,-6.12,-1.95,-0.75,-0.54,-0.52,-0.51,-0.42,-0.52,-0.62,-0.57,-0.54,-0.41,-0.51,-0.34,-0.21,-0.24,-0.21,-0.57,-0.52,-0.32,-0.24,0.04,-0.31,-0.03,0.09,-0.26,-0.42,0.02,-0.28,0.14,-0.03,0.19,0.14,0.53,0.34,0.45,0.24,0.29,0.37,0.23,0.17,0.15,0.44,0.66,0.61,0.98,1.50,1.61,1.61,2.01,2.33,2.29,1.99,1.73,1.60,1.51,1.61,1.61,1.49,1.18,1.28,1.22,1.22,1.45,1.14,1.14,1.02,1.14,1.03,1.01,0.91,0.85,1.07,1.17,1.07,1.09,1.18,1.13,1.22,1.13,1.04,1.02,1.03,1.00,1.00,1.02,1.11,1.15,1.13,1.01,1.02,1.11,1.02,1.03,1.03,0.84,0.95,1.04,0.97,0.93,0.85,0.76,0.74,0.54,0.35,0.63,0.66
-11.71,-11.81,-11.82,-11.95,-12.05,-12.04,-11.89,-11.82,-11.75,-11.91,-12.07,-12.05,-11.94,-12.02,-11.88,-12.01,-11.97,-11.89,-11.86,-11.69,-11.94,-11.94,-12.01,-12.04,-12.05,-12.04,-12.04,-12.05,-11.84,-11.78,-11.69,-12.37,-12.24,-12.26,-12.07,-11.91,-11.86,-11.89,-12.01,-11.94,-11.84,-12.07,-11.71,-11.89,-12.07,-11.75,-11.81,-11.89,-11.62,-11.53,-11.60,-11.33,-10.37,-6.20,-2.05,-0.78,-0.59,-0.47,-0.57,-0.58,-0.58,-0.57,-0.39,-0.46,-0.44,-0.46,-0.51,-0.21,-0.31,-0.48,-0.54,-0.21,-0.18,-0.12,-0.06,-0.27,-0.23,-0.11,-0.09,0.02,-0.08,-0.22,0.27,0.54,0.44,0.24,0.55,0.35,0.77,0.30,0.37,0.35,0.54,0.23,0.07,0.25,0.35,0.37,0.56,1.39,1.73,1.74,1.92,2.17,2.16,1.88,1.64,1.60,1.69,1.60,1.49,1.78,1.46,1.15,1.31,1.33,1.28,1.23,1.14,1.13,1.41,1.15,1.02,0.97,0.92,1.06,1.11,1.04,1.07,1.13,1.11,1.24,1.17,1.20,1.17,1.01,0.98,1.18,1.02,1.01,1.24,1.17,1.06,1.06,1.09,1.03,0.96,1.06,0.81,0.88,1.03,0.95,0.80,0.82,0.96,0.85,0.58,0.39,0.58,0.59
-11.55,-11.73,-11.68,-11.78,-11.91,-11.92,-11.86,-11.76,-11.73,-11.78,-11.85,-11.86,-11.78,-11.69,-11.69,-11.82,-11.86,-11.84,-11.72,-11.56,-11.68,-11.76,-11.92,-11.73,-11.75,-11.82,-11.85,-11.78,-11.56,-11.68,-11.73,-11.94,-11.89,-11.98,-11.78,-11.82,-11.95,-11.92,-11.89,-11.82,-11.62,-11.89,-11.52,-11.56,-11.55,-11.69,-11.43,-11.39,-11.26,-11.19,-11.33,-11.24,-10.29,-6.20,-2.04,-0.63,-0.43,-0.41,-0.48,-0.51,-0.54,-0.49,-0.41,-0.34,-0.36,-0.37,-0.39,-0.22,-0.14,-0.29,-0.56,-0.37,-0.19,0.01,0.10,-0.06,0.02,-0.08,0.19,0.07,-0.07,0.18,0.49,0.28,0.48,0.12,0.51,0.27,0.54,0.53,0.40,0.32,0.38,0.34,0.18,0.35,0.34,0.48,0.82,1.46,1.88,2.05,2.25,2.33,2.24,1.97,1.88,1.82,1.61,1.68,1.61,1.62,1.34,1.40,1.19,1.34,1.42,1.33,1.38,1.24,1.29,1.23,1.25,1.25,1.19,1.24,1.27,1.27,1.30,1.14,1.27,1.28,1.27,1.19,1.17,1.18,1.14,1.08,1.13,1.19,1.18,1.20,1.22,1.22,1.22,1.14,0.98,1.23,1.07,1.12,1.22,1.08,0.91,0.90,0.95,0.97,0.87,0.74,0.76,0.85
-11.46,-11.63,-11.53,-11.63,-11.75,-11.76,-11.76,-11.68,-11.69,-11.63,-11.72,-11.82,-11.69,-11.59,-11.50,-11.65,-11.81,-11.82,-11.66,-11.50,-11.65,-11.71,-11.86,-11.58,-11.62,-11.84,-11.86,-11.73,-11.56,-11.65,-11.76,-12.01,-11.75,-11.88,-11.66,-11.73,-11.95,-11.92,-11.84,-11.79,-11.50,-11.71,-11.39,-11.46,-11.26,-11.45,-11.42,-11.50,-11.35,-11.16,-11.35,-11.35,-9.92,-5.72,-2.00,-0.72,-0.46,-0.46,-0.57,-0.57,-0.54,-0.49,-0.34,-0.29,-0.41,-0.19,-0.16,-0.26,-0.38,-0.37,-0.77,-0.51,-0.47,-0.22,0.06,-0.33,-0.18,-0.17,0.01,0.02,-0.01,0.02,0.17,0.29,0.33,0.09,0.24,0.02,0.59,0.53,0.27,0.45,0.19,0.25,0.13,0.02,0.22,0.17,0.30,1.15,1.66,1.82,2.05,2.22,2.12,1.84,1.80,1.78,1.51,1.58,1.63,1.71,1.45,1.30,1.27,1.15,1.33,1.30,1.25,1.15,1.33,1.38,1.20,1.03,1.02,1.17,1.14,1.02,1.15,1.09,1.33,1.28,1.15,1.09,1.09,1.12,1.13,1.11,1.09,0.92,0.97,1.13,1.09,1.11,1.19,1.07,0.97,1.12,0.97,1.02,1.11,1.00,0.80,0.86,0.66,0.79,0.81,0.64,0.88,0.69
-11.40,-11.60,-11.45,-11.52,-11.62,-11.60,-11.58,-11.53,-11.58,-11.62,-11.69,-11.76,-11.73,-11.60,-11.43,-11.60,-11.73,-11.73,-11.60,-11.36,-11.72,-11.68,-11.72,-11.66,-11.73,-11.86,-11.84,-11.76,-11.73,-11.49,-11.81,-12.01,-11.81,-11.81,-11.76,-11.68,-11.72,-11.81,-11.73,-11.60,-11.42,-11.63,-11.46,-11.29,-11.20,-11.14,-11.20,-11.23,-11.13,-11.02,-11.13,-10.97,-9.60,-5.29,-1.58,-0.62,-0.42,-0.41,-0.54,-0.44,-0.46,-0.39,-0.46,-0.54,-0.51,-0.22,-0.33,-0.29,-0.19,-0.22,-0.43,-0.51,-0.44,-0.16,-0.09,-0.26,-0.21,0.03,-0.14,-0.18,-0.04,0.06,0.20,0.13,0.20,0.19,0.30,0.12,0.34,0.23,0.32,0.30,0.27,0.20,0.06,0.18,0.19,0.24,0.24,0.93,1.66,1.86,1.97,2.29,2.42,2.06,1.63,1.52,1.42,1.39,1.40,1.53,1.29,1.24,1.23,1.13,1.46,1.29,1.64,1.60,1.35,1.13,1.25,1.30,1.15,1.25,1.35,1.24,1.34,1.33,1.56,1.30,1.17,1.22,1.23,1.23,1.28,1.19,1.30,1.04,1.09,1.00,0.98,1.13,1.28,1.20,0.92,1.03,0.96,1.07,1.12,0.91,0.91,0.95,0.86,0.80,0.75,0.69,0.87,0.67
-11.20,-11.56,-11.40,-11.43,-11.52,-11.50,-11.35,-11.42,-11.45,-11.52,-11.63,-11.72,-11.66,-11.71,-11.32,-11.52,-11.66,-11.60,-11.45,-11.37,-11.58,-11.59,-11.66,-11.71,-11.76,-11.81,-11.78,-11.71,-11.69,-11.52,-11.82,-12.04,-11.82,-11.75,-11.73,-11.55,-11.52,-11.59,-11.53,-11.49,-11.40,-11.62,-11.45,-11.22,-11.22,-11.22,-11.17,-11.27,-11.13,-11.04,-11.16,-10.83,-9.33,-5.00,-1.41,-0.64,-0.46,-0.41,-0.51,-0.34,-0.38,-0.37,-0.33,-0.29,-0.29,-0.19,-0.24,-0.31,-0.39,-0.31,-0.67,-0.47,-0.27,-0.19,-0.19,-0.23,-0.14,-0.09,0.13,0.10,-0.06,0.06,0.08,0.13,0.12,-0.16,0.08,0.08,0.34,0.17,0.07,0.17,0.07,0.10,0.09,0.19,0.13,0.17,0.15,0.61,1.30,1.63,1.97,2.26,2.16,1.95,1.83,1.68,1.49,1.46,1.44,1.51,1.42,1.24,1.22,0.98,1.20,1.00,1.07,1.00,1.31,1.14,1.17,1.19,0.90,0.86,0.96,1.11,0.86,1.11,1.20,1.11,1.19,1.29,1.24,1.14,1.15,1.22,1.25,1.00,1.12,1.09,1.00,1.03,1.12,0.90,0.95,0.90,0.79,0.88,0.93,0.76,0.85,0.90,0.71,0.69,0.75,0.79,0.81,0.65
-11.09,-11.16,-11.30,-11.32,-11.37,-11.49,-11.32,-11.32,-11.40,-11.45,-11.50,-11.52,-11.50,-11.84,-11.19,-11.40,-11.53,-11.53,-11.53,-11.40,-11.39,-11.40,-11.55,-11.55,-11.62,-11.71,-11.71,-11.58,-11.45,-11.49,-11.37,-11.79,-11.59,-11.65,-11.52,-11.37,-11.46,-11.47,-11.35,-11.35,-11.37,-11.47,-11.33,-11.06,-11.10,-10.94,-11.07,-11.06,-10.96,-10.89,-10.84,-10.43,-8.94,-4.76,-1.38,-0.64,-0.51,-0.54,-0.49,-0.27,-0.34,-0.44,-0.42,-0.34,-0.37,-0.23,-0.34,-0.27,-0.26,-0.26,-0.62,-0.26,-0.19,-0.17,-0.01,-0.27,-0.09,-0.13,-0.09,0.09,0.02,0.14,0.08,0.15,0.17,0.17,0.23,0.22,0.17,0.12,0.27,0.38,0.06,0.06,0.08,0.20,0.22,0.27,0.14,0.40,1.11,1.57,2.00,2.29,2.31,2.05,1.68,1.60,1.58,1.45,1.38,1.49,1.34,1.40,1.39,1.31,1.42,1.44,1.38,1.30,1.34,1.14,1.17,1.31,1.19,1.11,1.17,1.20,1.30,1.40,1.06,1.20,1.22,1.34,1.34,1.20,1.14,1.12,1.23,1.24,1.07,1.12,1.18,1.12,1.04,1.17,1.14,1.04,0.76,0.79,0.92,0.87,0.88,0.84,0.87,1.04,1.00,0.67,0.85,0.70
-10.93,-11.03,-11.03,-11.06,-11.16,-11.22,-11.12,-11.10,-10.99,-11.17,-11.16,-11.02,-11.19,-11.58,-11.24,-11.32,-11.40,-11.39,-11.39,-11.32,-11.26,-11.22,-11.29,-11.23,-11.35,-11.53,-11.52,-11.40,-11.39,-11.26,-11.07,-11.59,-11.50,-11.53,-11.40,-11.16,-11.23,-11.30,-11.19,-11.30,-11.26,-11.27,-11.17,-10.83,-10.89,-10.94,-10.91,-10.80,-10.79,-10.67,-10.79,-10.63,-8.69,-4.26,-1.17,-0.62,-0.46,-0.41,-0.44,-0.37,-0.39,-0.52,-0.46,-0.29,-0.31,-0.13,-0.34,-0.27,-0.33,-0.32,-0.54,-0.29,-0.16,-0.41,0.12,-0.19,-0.02,-0.21,0.06,0.01,0.20,0.09,0.12,0.09,0.01,0.20,0.20,0.02,0.13,0.15,0.30,0.20,0.33,0.24,0.01,0.29,0.40,0.29,0.20,0.38,0.88,1.49,2.11,2.36,2.23,2.12,1.95,1.67,1.56,1.51,1.57,1.53,1.38,1.22,1.01,0.91,1.28,1.27,1.41,1.30,1.04,0.93,0.98,1.00,0.98,1.01,0.95,1.12,1.04,1.13,1.23,1.12,1.14,1.30,1.27,1.19,1.29,0.82,1.08,0.98,1.17,1.29,1.20,1.12,1.11,0.92,1.00,1.15,1.08,0.96,0.87,0.79,0.64,0.82,0.84,0.84,0.81,0.75,0.76,0.75
-10.76,-10.87,-11.06,-11.16,-11.12,-11.06,-11.16,-11.09,-11.17,-11.19,-11.17,-11.22,-11.30,-11.53,-11.17,-11.33,-11.37,-11.23,-11.12,-11.12,-11.07,-11.22,-11.24,-11.24,-11.37,-11.53,-11.46,-11.24,-11.29,-11.00,-11.09,-11.66,-11.45,-11.35,-11.26,-11.12,-11.20,-11.26,-11.17,-11.22,-11.19,-11.20,-11.14,-10.99,-10.83,-10.94,-10.77,-10.71,-10.66,-10.62,-10.81,-10.47,-8.29,-3.95,-0.98,-0.52,-0.41,-0.39,-0.56,-0.57,-0.56,-0.46,-0.52,-0.58,-0.23,-0.12,-0.27,-0.19,-0.16,-0.32,-0.62,-0.51,-0.33,-0.16,-0.01,-0.24,-0.06,-0.24,-0.18,-0.03,-0.01,-0.09,0.06,0.19,0.33,0.08,0.23,0.19,0.39,0.24,0.19,0.19,0.18,0.06,0.10,0.14,0.24,0.14,0.03,0.10,0.60,1.41,2.12,2.39,2.17,1.85,1.74,1.55,1.35,1.42,1.39,1.52,1.51,1.41,1.23,0.97,1.27,1.30,1.35,1.12,1.04,1.14,1.17,0.96,0.80,0.90,0.79,0.95,0.91,1.04,1.19,1.01,0.97,1.07,1.09,1.07,1.06,0.77,0.88,0.81,1.02,1.06,1.12,1.17,1.09,1.02,0.90,1.00,0.82,0.95,1.12,0.80,0.59,0.74,0.59,0.64,0.76,0.71,0.71,0.74
-10.84,-10.97,-11.13,-11.19,-11.14,-11.03,-10.89,-10.94,-11.12,-10.81,-10.93,-11.27,-11.23,-11.40,-11.19,-11.27,-11.19,-11.10,-11.06,-10.79,-10.69,-11.14,-10.99,-11.19,-11.39,-11.49,-11.35,-11.10,-11.03,-10.84,-11.00,-11.50,-11.22,-11.14,-10.99,-11.03,-11.17,-11.20,-11.12,-10.96,-11.04,-10.84,-11.10,-10.81,-10.91,-10.77,-10.76,-10.80,-10.46,-10.50,-10.76,-10.30,-7.65,-3.47,-0.96,-0.53,-0.47,-0.52,-0.64,-0.62,-0.53,-0.52,-0.49,-0.41,-0.39,-0.24,-0.43,-0.53,-0.16,-0.42,-0.75,-0.48,-0.23,-0.26,-0.28,-0.28,-0.28,-0.37,-0.21,0.07,0.25,-0.01,-0.17,0.09,0.07,0.07,0.03,-0.13,0.12,0.09,0.06,0.15,0.12,-0.01,0.08,0.19,0.13,0.12,0.02,-0.12,0.09,0.75,1.67,2.34,2.35,2.18,2.12,1.85,1.55,1.61,1.30,1.28,1.15,1.23,1.18,1.00,1.17,1.29,1.23,1.18,1.11,1.04,1.02,0.97,1.01,1.09,0.96,0.96,0.92,0.93,0.96,1.03,0.97,1.01,1.11,1.09,0.91,0.82,0.88,0.95,0.97,1.02,1.09,1.15,1.20,1.09,0.85,0.90,0.86,0.92,0.95,0.74,0.74,0.74,0.54,0.54,0.70,0.76,0.87,0.82
-10.63,-10.67,-10.71,-10.63,-10.64,-10.83,-10.97,-10.89,-10.76,-10.96,-11.30,-11.45,-11.23,-11.09,-11.00,-11.16,-11.04,-10.83,-10.73,-10.71,-10.89,-11.04,-10.73,-10.79,-11.17,-11.26,-11.13,-11.10,-11.03,-11.02,-11.04,-11.20,-11.12,-11.04,-10.89,-10.84,-10.94,-10.97,-10.84,-10.79,-10.94,-10.66,-10.80,-10.57,-10.90,-10.73,-10.73,-10.57,-10.27,-10.36,-10.47,-9.95,-7.04,-3.14,-1.01,-0.46,-0.32,-0.43,-0.53,-0.33,-0.29,-0.36,-0.38,-0.34,-0.19,-0.12,-0.26,-0.19,-0.19,-0.37,-0.47,-0.47,-0.17,-0.07,0.10,-0.21,0.03,-0.07,0.15,0.08,0.20,0.19,-0.03,0.08,0.27,0.28,0.17,0.19,0.46,0.29,0.37,0.19,0.22,0.12,0.20,0.45,0.51,0.30,0.17,0.03,0.04,0.70,1.57,2.09,2.30,2.17,1.96,1.79,1.58,1.71,1.34,1.44,1.33,1.30,1.22,1.09,1.18,1.24,1.36,1.20,1.14,1.03,1.03,1.07,0.96,0.97,0.95,0.87,0.81,0.85,1.01,1.07,1.07,1.06,1.00,0.98,1.03,0.87,0.87,0.75,1.03,1.01,0.95,1.08,1.24,1.13,0.82,0.87,0.88,0.90,0.88,0.79,0.74,0.96,0.70,0.63,0.74,0.75,0.90,0.65
-10.53,-10.71,-10.76,-10.79,-10.70,-10.50,-10.39,-10.37,-10.57,-10.94,-11.14,-11.12,-11.00,-10.93,-10.81,-10.87,-10.76,-10.71,-10.79,-10.69,-10.77,-10.66,-10.86,-11.02,-11.03,-10.89,-10.79,-10.83,-10.83,-10.86,-10.83,-11.00,-10.91,-10.99,-10.86,-10.83,-10.89,-10.83,-10.71,-10.76,-10.81,-10.66,-10.54,-10.54,-10.73,-10.59,-10.60,-10.44,-10.30,-10.29,-10.32,-9.46,-5.92,-2.14,-0.41,-0.02,-0.01,-0.08,-0.14,0.06,-0.04,-0.09,-0.01,0.07,0.10,0.25,0.15,0.30,0.17,0.12,-0.22,-0.21,0.17,0.27,0.51,0.48,0.34,0.41,0.27,0.22,0.56,0.37,0.27,-0.07,0.34,0.28,0.44,0.43,0.54,0.41,0.44,0.50,0.49,0.37,0.37,0.58,0.67,0.60,0.10,-0.06,0.25,0.60,1.50,2.28,2.30,2.16,1.99,1.73,1.53,1.51,1.47,1.51,1.34,1.31,1.18,1.08,1.17,1.13,1.15,1.06,1.06,1.00,0.91,0.80,0.70,0.86,0.85,0.88,0.93,0.87,0.93,0.97,1.08,1.18,1.08,0.91,0.97,0.90,1.04,0.97,0.86,0.84,0.93,1.04,1.08,1.07,1.01,0.87,0.80,0.82,0.85,0.72,0.63,0.87,0.79,0.74,0.79,0.74,0.67,0.59
-10.47,-10.66,-10.50,-10.54,-10.62,-10.62,-10.47,-10.19,-10.66,-10.57,-10.64,-10.79,-10.67,-10.80,-10.81,-10.80,-10.86,-10.93,-10.90,-10.66,-10.66,-10.74,-10.63,-10.59,-10.62,-10.62,-10.59,-10.59,-10.67,-10.64,-10.83,-10.94,-10.80,-10.83,-10.79,-10.76,-10.69,-10.69,-10.66,-10.53,-10.62,-10.57,-10.59,-10.52,-10.70,-10.42,-10.42,-10.47,-10.34,-10.25,-10.20,-9.44,-5.93,-1.96,-0.02,0.34,0.27,0.28,0.39,0.43,0.27,0.35,0.43,0.41,0.45,0.66,0.49,0.70,0.63,0.65,0.19,0.15,0.53,0.61,0.91,0.75,0.80,0.81,0.79,0.81,0.74,0.76,0.67,0.67,0.69,0.66,0.86,0.85,1.04,0.98,0.92,0.76,1.02,0.81,0.55,0.80,1.12,1.00,0.65,0.72,0.95,1.11,1.64,2.22,2.31,2.14,1.94,1.71,1.58,1.58,1.50,1.69,1.27,1.31,1.02,1.23,1.15,1.13,1.19,1.12,0.96,0.92,0.98,0.85,0.66,0.93,0.87,0.74,1.04,0.87,0.87,0.98,0.95,0.98,1.02,0.91,0.81,0.84,1.00,0.85,0.86,0.87,0.92,0.96,0.88,0.87,0.85,0.85,0.80,0.72,0.69,0.61,0.43,0.72,0.79,0.77,0.80,0.80,0.66,0.61
-10.37,-10.30,-10.23,-10.44,-10.53,-10.47,-10.37,-10.13,-10.69,-10.49,-10.52,-10.64,-10.47,-10.43,-10.40,-10.63,-10.59,-10.42,-10.42,-10.71,-10.71,-10.90,-10.50,-10.52,-10.57,-10.60,-10.42,-10.25,-10.47,-10.23,-10.73,-10.87,-10.60,-10.81,-10.77,-10.59,-10.52,-10.60,-10.54,-10.37,-10.60,-10.62,-10.64,-10.54,-10.64,-10.36,-10.42,-10.33,-10.19,-10.05,-10.19,-9.67,-7.05,-2.83,-0.18,0.33,0.51,0.67,0.76,0.79,0.64,0.64,0.71,0.64,0.65,1.00,0.88,0.95,0.90,0.85,0.69,0.65,0.93,0.96,0.97,1.01,0.91,1.02,1.08,1.13,1.22,1.00,1.00,0.92,1.00,1.18,1.35,1.22,1.30,1.13,1.20,1.15,1.08,0.88,0.96,1.07,1.13,0.96,0.88,0.90,1.17,1.63,2.00,2.34,2.29,2.01,1.99,1.73,1.62,1.45,1.34,1.36,1.11,1.33,1.03,0.97,0.98,1.06,1.03,0.91,0.87,0.87,0.93,0.86,0.59,0.92,0.85,0.72,0.90,0.74,0.77,0.91,0.86,0.88,1.01,1.01,0.81,0.85,0.92,0.87,0.91,0.92,0.87,0.82,0.82,0.87,0.75,0.90,0.86,0.77,0.72,0.59,0.24,0.55,0.69,0.74,0.80,0.82,0.81,0.59
-10.15,-10.10,-10.17,-10.32,-10.36,-10.33,-10.19,-9.86,-10.42,-10.43,-10.42,-10.46,-10.47,-10.47,-10.36,-10.56,-10.54,-10.56,-10.59,-10.52,-10.40,-10.60,-10.22,-10.49,-10.43,-10.42,-10.36,-10.22,-10.33,-10.02,-10.46,-10.49,-10.53,-10.74,-10.62,-10.39,-10.46,-10.54,-10.46,-10.49,-10.53,-10.52,-10.56,-10.52,-10.43,-10.27,-10.39,-10.22,-10.06,-9.96,-10.05,-9.68,-8.09,-3.86,-0.51,0.44,0.95,1.07,0.98,0.98,0.97,0.88,0.98,0.98,1.02,1.18,1.04,1.17,1.12,1.04,0.92,0.86,0.98,0.97,1.28,1.14,1.24,1.18,1.18,0.91,1.36,1.29,1.25,1.38,1.38,1.41,1.52,1.34,1.38,1.35,1.51,1.44,1.39,1.30,1.42,1.42,1.46,1.28,0.98,1.01,1.41,1.71,2.00,2.36,2.26,2.02,1.91,1.79,1.68,1.40,1.31,1.41,1.20,1.18,1.28,1.28,1.06,1.04,1.04,0.96,0.98,0.95,0.91,0.87,0.69,0.85,0.72,0.79,0.75,0.82,0.81,0.80,0.77,0.81,0.92,0.97,0.81,0.67,0.85,0.88,0.95,0.95,0.87,0.75,0.80,0.93,0.81,0.88,0.85,0.80,0.82,0.60,0.25,0.30,0.44,0.64,0.81,0.77,0.69,0.54
-9.82,-9.89,-10.03,-10.19,-10.23,-10.19,-10.08,-9.62,-9.96,-10.22,-10.34,-10.32,-10.29,-10.54,-10.34,-10.36,-10.43,-10.23,-10.00,-10.19,-10.23,-10.27,-9.99,-10.03,-10.36,-10.53,-10.30,-10.19,-10.30,-9.96,-10.00,-10.44,-10.56,-10.74,-10.44,-10.30,-10.37,-10.33,-10.22,-10.34,-10.47,-10.47,-10.47,-10.50,-10.36,-10.20,-10.25,-10.23,-10.02,-9.89,-9.89,-9.69,-8.77,-4.99,-1.00,0.79,1.28,1.30,1.24,1.25,1.22,1.17,1.31,1.29,1.24,1.60,1.34,1.29,1.20,1.34,1.12,1.15,1.33,1.20,1.51,1.35,1.58,1.45,1.49,1.14,1.49,1.53,1.61,1.69,1.57,1.75,1.75,1.49,1.46,1.47,1.64,1.71,1.69,1.69,1.79,1.83,1.77,1.45,1.28,1.57,1.96,2.06,2.24,2.48,2.39,2.23,1.94,1.91,1.64,1.45,1.34,1.35,1.12,1.13,1.13,1.01,0.85,0.95,0.97,0.92,0.95,0.96,0.90,0.87,0.81,0.67,0.55,0.58,0.80,0.88,0.76,0.64,0.76,0.91,0.95,0.93,0.93,0.63,0.77,0.72,0.82,0.79,0.75,0.79,0.71,0.95,0.86,0.79,0.75,0.77,0.87,0.61,0.49,0.30,0.27,0.53,0.91,0.77,0.55,0.48
-9.47,-9.67,-9.85,-10.15,-10.17,-10.09,-9.98,-9.54,-9.78,-9.96,-10.12,-10.09,-10.06,-10.40,-10.15,-10.30,-10.36,-10.12,-9.89,-9.93,-9.93,-9.91,-9.82,-9.88,-10.09,-10.10,-10.22,-10.32,-10.02,-9.99,-9.93,-10.52,-10.19,-10.54,-10.37,-10.23,-10.29,-10.33,-10.23,-10.17,-10.33,-10.36,-10.30,-10.32,-10.20,-10.20,-10.06,-10.06,-9.81,-9.72,-9.88,-9.67,-9.11,-6.04,-1.67,0.86,1.45,1.45,1.38,1.36,1.34,1.31,1.36,1.30,1.41,1.60,1.46,1.30,1.29,1.27,1.15,1.20,1.51,1.46,1.46,1.30,1.64,1.52,1.56,1.28,1.61,1.61,1.72,1.67,1.71,1.79,1.72,1.63,1.58,1.63,1.69,1.71,1.62,1.89,1.97,1.91,1.88,1.63,1.63,1.91,2.16,2.24,2.37,2.52,2.34,2.09,1.83,1.79,1.46,1.39,1.35,1.12,0.97,1.00,1.06,1.09,0.87,1.02,1.01,0.90,0.95,1.06,1.02,0.86,0.84,0.66,0.50,0.48,0.85,0.82,0.72,0.55,0.80,1.03,0.92,0.93,1.00,0.74,0.90,0.76,0.80,0.71,0.71,0.93,0.80,1.09,1.03,0.88,0.88,1.02,1.12,0.96,0.79,0.43,0.45,0.81,1.07,0.85,0.67,0.48
-9.25,-9.69,-9.79,-9.98,-10.06,-10.00,-9.74,-9.53,-9.77,-9.78,-9.93,-9.98,-9.91,-10.09,-10.08,-10.06,-9.91,-9.77,-9.72,-9.74,-9.61,-9.75,-9.74,-9.64,-9.69,-9.74,-9.95,-10.12,-9.95,-9.74,-9.89,-10.47,-10.22,-10.10,-10.09,-9.95,-9.92,-9.96,-9.89,-9.91,-10.12,-10.17,-9.99,-10.17,-10.05,-10.08,-9.78,-9.84,-9.68,-9.47,-9.67,-9.48,-9.18,-6.90,-2.45,0.66,1.46,1.55,1.39,1.42,1.33,1.20,1.22,1.19,1.39,1.53,1.38,1.39,1.27,1.27,1.15,1.35,1.49,1.38,1.53,1.50,1.55,1.35,1.62,1.39,1.74,1.53,1.55,1.62,1.56,1.63,1.56,1.58,1.67,1.82,1.72,1.89,1.61,1.88,2.06,1.89,1.89,1.73,1.69,1.92,2.12,2.25,2.39,2.48,2.33,2.11,1.84,1.92,1.60,1.35,1.25,1.20,1.19,1.14,1.35,1.50,1.34,1.36,1.29,1.14,1.23,1.35,1.25,1.12,1.00,0.88,0.88,0.98,1.18,0.95,0.82,0.80,1.09,1.33,1.20,1.25,1.19,1.04,1.24,1.24,1.31,1.30,1.29,1.42,1.38,1.40,1.29,1.20,1.27,1.35,1.29,1.18,0.98,1.02,0.93,1.01,1.51,1.33,1.02,0.75
-9.36,-9.65,-9.65,-9.62,-9.75,-9.72,-9.48,-9.46,-9.60,-9.65,-9.75,-9.77,-9.75,-9.85,-9.62,-9.95,-9.85,-9.54,-9.37,-9.53,-9.69,-9.53,-9.57,-9.54,-9.74,-9.72,-9.78,-9.96,-9.91,-9.67,-9.85,-10.27,-9.81,-10.00,-10.05,-9.84,-9.86,-9.81,-9.71,-9.77,-9.81,-9.95,-9.86,-10.09,-9.86,-9.69,-9.65,-9.85,-9.65,-9.37,-9.64,-9.46,-9.12,-7.34,-2.93,0.40,1.24,1.44,1.29,1.28,1.18,0.97,1.04,1.07,1.18,1.34,1.04,1.17,1.00,1.06,0.92,1.12,1.18,1.28,1.41,1.25,1.24,1.23,1.39,1.47,1.47,1.35,1.27,1.47,1.47,1.50,1.44,1.42,1.62,1.57,1.42,1.41,1.31,1.52,1.88,1.80,1.78,1.63,1.49,1.77,2.14,2.36,2.45,2.47,2.42,2.24,1.96,1.84,1.64,1.56,1.38,1.50,1.66,1.68,2.01,1.97,2.05,2.01,1.83,1.62,1.63,1.72,1.73,1.82,1.56,1.39,1.42,1.60,1.67,1.61,1.46,1.68,2.01,2.19,2.26,2.16,2.05,1.95,1.95,2.13,2.26,2.29,2.26,2.24,2.12,2.03,2.22,2.08,1.99,2.16,2.18,1.78,1.57,1.57,1.49,1.39,1.56,1.80,1.68,1.61
-9.04,-9.67,-9.43,-9.23,-9.33,-9.46,-9.41,-9.20,-9.23,-9.41,-9.53,-9.53,-9.53,-9.58,-9.33,-9.78,-9.58,-9.30,-9.26,-9.43,-9.58,-9.37,-9.47,-9.53,-9.71,-9.57,-9.57,-9.74,-9.65,-9.30,-9.55,-9.93,-10.15,-9.98,-9.84,-9.64,-9.75,-9.81,-9.68,-9.61,-9.57,-9.71,-9.81,-9.95,-9.75,-9.57,-9.61,-9.79,-9.58,-9.43,-9.79,-9.47,-9.04,-7.23,-3.00,0.18,1.03,1.24,1.08,1.12,1.06,0.90,1.02,0.98,1.08,1.14,1.00,1.02,0.95,1.04,0.87,1.25,1.07,1.18,1.49,1.15,1.19,1.19,1.30,1.28,1.22,1.11,1.18,1.39,1.33,1.56,1.39,1.35,1.57,1.52,1.52,1.53,1.34,1.38,1.85,1.85,1.79,1.55,1.38,1.72,2.09,2.28,2.43,2.53,2.48,2.40,2.33,2.20,2.22,2.41,2.39,2.35,2.35,2.23,2.51,2.42,2.36,2.17,2.01,1.77,1.71,1.78,1.86,2.14,1.77,1.83,1.69,1.88,1.94,2.16,2.28,2.69,2.98,3.08,3.25,3.13,3.01,2.93,2.89,3.00,3.12,3.10,3.04,3.16,3.12,3.05,3.17,3.05,2.88,2.81,2.64,2.57,2.51,2.54,2.49,2.40,2.54,2.40,2.02,1.96
-8.76,-9.22,-9.15,-9.20,-9.30,-9.36,-9.26,-8.97,-9.11,-9.06,-9.22,-9.25,-9.16,-9.19,-9.30,-9.50,-9.29,-9.09,-9.11,-9.29,-9.40,-9.33,-9.30,-9.29,-9.43,-9.40,-9.54,-9.69,-9.44,-9.20,-9.69,-9.50,-9.53,-9.68,-9.40,-9.40,-9.55,-9.64,-9.64,-9.60,-9.67,-9.79,-9.55,-9.65,-9.75,-9.62,-9.40,-9.61,-9.43,-9.30,-9.46,-9.26,-8.91,-6.96,-2.75,0.22,1.01,1.13,0.95,1.02,0.90,0.87,0.95,0.93,1.11,1.02,0.95,1.00,0.88,1.04,0.84,1.04,0.95,1.00,1.24,1.00,1.06,1.01,1.33,1.17,1.22,0.92,1.09,1.23,1.31,1.66,1.42,1.25,1.39,1.30,1.36,1.39,1.25,1.19,1.61,1.71,1.66,1.60,1.46,1.62,1.97,2.30,2.48,2.59,2.47,2.53,2.60,2.70,3.05,3.04,2.66,2.59,2.48,2.23,2.33,2.23,2.16,2.07,1.95,1.60,1.38,1.36,1.31,1.79,1.42,1.75,1.56,1.83,2.08,2.19,2.53,3.00,3.22,3.25,3.41,3.41,3.32,3.12,3.11,3.13,3.23,3.22,3.12,3.23,3.04,3.10,3.07,2.94,2.72,2.58,2.63,2.64,2.81,2.74,2.62,2.64,2.66,2.53,2.34,2.48
-8.62,-8.94,-8.84,-9.05,-9.39,-9.33,-8.97,-8.85,-8.99,-8.84,-8.63,-8.56,-8.67,-8.80,-8.97,-9.19,-9.18,-8.92,-8.80,-8.94,-9.12,-9.08,-8.92,-9.13,-9.39,-9.27,-9.25,-9.29,-9.08,-8.79,-9.36,-9.13,-9.13,-9.40,-9.26,-8.92,-9.01,-9.44,-9.47,-9.15,-9.26,-9.55,-9.57,-9.62,-9.30,-9.39,-9.09,-9.11,-9.02,-9.16,-9.18,-8.88,-8.47,-6.48,-2.33,0.38,1.03,1.13,0.90,0.86,0.71,0.75,0.77,0.81,1.01,0.93,0.80,0.85,0.87,0.91,0.63,0.72,0.90,0.93,1.00,0.84,0.85,0.91,1.02,0.95,1.11,0.97,0.93,1.12,1.15,1.40,1.23,1.08,1.15,1.08,1.20,1.28,1.18,1.20,1.57,1.61,1.60,1.58,1.45,1.60,1.95,2.23,2.37,2.46,2.45,2.49,2.54,2.80,3.28,3.26,2.69,2.49,2.34,2.11,2.06,1.94,1.96,1.97,1.78,1.29,0.96,0.93,0.88,1.35,1.04,1.55,1.29,1.52,1.95,2.20,2.58,2.90,3.08,3.16,3.11,3.25,2.96,2.94,3.05,2.88,2.94,3.07,2.99,3.02,2.72,2.68,2.78,2.81,2.66,2.55,3.08,2.81,2.88,2.74,2.57,2.62,2.60,2.37,2.19,2.23
-7.35,-7.98,-8.12,-8.27,-8.49,-8.45,-8.30,-8.34,-8.66,-8.48,-8.08,-8.07,-8.34,-8.60,-8.63,-8.85,-8.95,-8.67,-8.55,-8.73,-8.81,-8.62,-8.65,-8.69,-9.01,-8.92,-8.99,-9.06,-8.73,-8.55,-9.11,-8.90,-8.38,-8.79,-8.80,-8.81,-8.84,-8.94,-8.90,-8.66,-8.70,-9.04,-8.84,-8.83,-8.69,-8.54,-8.51,-8.27,-8.23,-8.38,-8.22,-7.64,-7.22,-5.35,-1.83,0.43,1.00,1.12,0.98,0.90,0.76,0.72,0.76,0.70,0.81,0.91,0.77,0.81,0.85,0.92,0.50,0.67,0.84,0.91,0.84,0.81,0.82,0.82,0.91,0.84,0.95,0.93,0.85,1.02,1.02,1.06,1.18,1.02,1.24,1.14,1.09,1.11,1.06,1.11,1.49,1.64,1.62,1.46,1.35,1.71,2.05,2.16,2.30,2.40,2.58,2.76,2.83,2.84,3.13,3.34,2.88,2.51,2.16,2.05,2.00,1.86,1.94,1.88,1.58,1.12,0.79,0.87,0.86,0.97,0.65,1.40,1.24,1.35,1.55,1.85,2.28,2.62,2.77,2.77,2.75,3.08,2.90,2.87,2.75,2.58,3.02,3.30,2.76,2.99,2.76,2.87,2.82,2.63,2.47,2.51,2.69,2.65,2.46,2.39,2.37,2.30,2.36,2.25,2.02,1.91
-6.08,-6.44,-6.38,-6.55,-7.13,-7.31,-7.33,-7.75,-8.12,-7.68,-7.38,-7.41,-7.78,-8.20,-8.30,-8.33,-8.34,-8.02,-7.90,-8.01,-7.96,-7.72,-7.63,-7.48,-7.93,-7.97,-7.96,-7.96,-7.75,-7.42,-7.76,-7.39,-6.84,-7.08,-7.31,-7.37,-7.46,-7.68,-7.45,-7.01,-6.89,-6.86,-6.98,-6.88,-6.58,-6.54,-6.08,-5.64,-5.52,-5.37,-5.15,-4.66,-4.14,-2.83,-0.62,0.64,0.88,1.06,1.04,0.92,0.80,0.72,0.72,0.66,0.71,0.82,0.72,0.87,0.79,0.81,0.41,0.56,0.75,0.80,0.79,0.64,0.76,0.71,0.86,0.69,0.81,0.81,0.87,0.91,0.96,0.98,1.14,0.88,1.12,1.12,1.08,1.12,1.01,0.97,1.39,1.60,1.56,1.42,1.38,1.69,2.03,2.18,2.23,2.39,2.69,2.88,2.98,2.77,2.94,3.19,2.95,2.55,2.08,2.01,1.89,1.74,1.88,1.91,1.75,1.34,1.00,0.95,0.70,0.66,0.71,1.03,0.96,1.14,1.31,1.46,2.00,2.52,2.66,2.71,2.80,2.76,2.78,2.59,2.53,2.51,2.54,2.58,2.51,2.54,2.70,2.66,2.59,2.52,2.42,2.17,2.22,2.46,2.28,2.08,2.05,2.05,2.37,2.16,1.89,1.75
-3.87,-4.13,-4.10,-3.96,-4.62,-5.37,-5.79,-5.85,-6.43,-6.08,-5.85,-5.77,-6.03,-6.40,-6.47,-6.63,-6.67,-6.28,-5.95,-5.88,-5.95,-5.69,-5.28,-5.29,-5.53,-5.54,-5.24,-5.08,-4.85,-4.50,-4.62,-4.29,-3.65,-3.75,-3.96,-3.71,-3.54,-3.48,-3.30,-3.08,-2.97,-2.65,-1.97,-2.04,-1.57,-1.97,-1.24,-1.35,-1.14,-0.88,-0.69,-0.44,-0.42,-0.36,0.08,0.60,1.00,1.09,0.97,0.92,0.72,0.58,0.61,0.60,0.65,0.69,0.67,0.75,0.61,0.58,0.25,0.38,0.63,0.61,0.72,0.45,0.67,0.55,0.66,0.54,0.80,0.69,0.86,0.80,0.96,0.95,1.00,0.72,1.04,1.11,1.08,1.07,0.85,0.87,1.35,1.60,1.52,1.36,1.35,1.67,1.99,2.08,2.12,2.40,2.70,2.83,2.84,2.63,2.83,3.04,2.98,2.59,2.14,2.02,1.82,1.73,1.80,1.89,1.85,1.51,1.08,0.92,0.60,0.69,0.92,1.02,0.79,0.93,1.29,1.39,1.77,2.39,2.64,2.59,2.41,2.45,2.53,2.52,2.58,2.58,2.64,2.74,2.64,2.66,2.63,2.53,2.46,2.42,2.33,2.19,2.13,2.33,2.30,2.20,2.13,2.02,2.45,2.07,1.77,1.68
-1.77,-1.96,-2.04,-2.07,-2.55,-3.17,-3.57,-3.79,-4.17,-4.13,-3.76,-3.31,-3.43,-3.88,-3.86,-3.67,-3.70,-3.47,-3.17,-3.09,-3.15,-2.87,-2.50,-2.45,-2.47,-2.33,-2.19,-2.15,-1.86,-1.44,-1.57,-1.55,-1.15,-1.55,-1.34,-1.08,-0.85,-0.91,-0.86,-0.54,-0.52,-0.56,-0.08,-0.14,0.02,-0.08,-0.19,0.29,0.75,0.50,0.24,0.25,0.34,0.25,0.48,0.84,1.09,1.06,1.02,1.01,0.67,0.60,0.59,0.55,0.61,0.64,0.60,0.44,0.39,0.38,0.14,0.17,0.51,0.59,0.61,0.55,0.67,0.53,0.70,0.59,0.71,0.65,0.91,0.76,0.95,0.80,0.88,0.63,0.90,0.95,0.95,0.82,0.64,0.80,1.30,1.62,1.67,1.41,1.27,1.61,1.97,2.13,2.16,2.39,2.71,2.87,2.78,2.59,2.74,3.00,2.86,2.64,2.12,2.06,1.94,1.79,1.79,1.79,1.71,1.52,1.30,1.14,0.82,0.93,1.07,1.20,1.23,1.14,1.18,1.40,1.74,2.20,2.53,2.20,2.08,2.51,2.54,2.46,2.45,2.31,2.30,2.52,2.57,2.45,2.46,2.48,2.43,2.37,2.25,2.13,2.16,2.18,2.24,2.34,2.31,2.06,2.31,2.02,1.73,1.66
-0.53,-0.52,-0.68,-0.68,-1.02,-1.26,-1.49,-1.71,-1.68,-1.50,-1.31,-1.07,-1.20,-1.44,-1.29,-1.48,-0.98,-0.96,-0.96,-0.75,-0.49,-0.54,-0.34,-0.22,-0.41,-0.33,-0.48,-0.53,-0.19,0.14,0.06,-0.19,0.01,-0.29,-0.08,0.12,0.30,0.25,0.37,0.38,0.28,0.41,0.48,0.34,0.44,0.64,0.35,0.81,1.07,1.06,0.69,0.97,0.88,0.76,0.77,0.88,1.12,1.08,0.98,1.03,0.80,0.75,0.69,0.41,0.56,0.51,0.39,0.37,0.41,0.22,0.10,0.06,0.43,0.59,0.56,0.63,0.71,0.75,0.79,0.61,0.46,0.50,0.71,0.56,0.79,0.70,0.75,0.59,0.67,0.74,0.85,0.82,0.70,0.88,1.39,1.68,1.72,1.46,1.13,1.47,1.91,2.29,2.29,2.33,2.65,2.70,2.75,2.54,2.55,2.89,2.78,2.81,2.35,2.26,2.23,2.09,1.97,1.74,1.60,1.57,1.47,1.51,1.30,1.33,1.51,1.49,1.77,1.68,1.64,1.58,1.75,2.11,2.19,2.28,2.43,2.47,2.62,2.59,2.41,2.34,2.45,2.57,2.45,2.55,2.41,2.43,2.47,2.37,2.18,2.03,2.13,2.16,2.22,2.30,2.28,2.01,2.33,2.07,1.84,1.69
0.06,0.04,0.14,0.32,-0.19,-0.17,-0.13,-0.18,-0.08,-0.21,-0.19,-0.12,-0.26,-0.42,-0.43,-0.56,0.24,0.40,0.30,0.34,0.39,0.24,0.37,0.58,0.48,0.34,0.32,0.40,0.64,0.82,0.70,0.41,0.67,0.54,0.79,0.80,0.81,0.85,1.03,1.06,0.96,1.03,1.11,1.02,0.87,1.03,1.19,1.25,1.44,1.60,1.42,1.58,1.40,1.08,0.92,0.93,1.03,1.02,0.98,1.11,0.98,0.75,0.69,0.38,0.27,0.10,0.15,0.37,0.29,0.24,-0.08,0.02,0.23,0.32,0.45,0.58,0.72,0.76,0.70,0.50,0.41,0.28,0.40,0.39,0.55,0.58,0.58,0.45,0.61,0.61,0.79,0.88,0.81,0.97,1.49,1.73,1.71,1.46,1.09,1.42,1.90,2.26,2.25,2.26,2.51,2.60,2.69,2.57,2.64,2.99,2.92,3.01,2.46,2.39,2.30,2.18,2.05,1.84,1.64,1.56,1.49,1.71,1.62,1.83,1.86,1.85,1.94,1.74,1.82,1.92,1.97,2.18,2.30,2.18,2.45,2.31,2.40,2.36,2.26,2.25,2.37,2.45,2.33,2.52,2.41,2.35,2.39,2.36,2.19,2.09,2.18,2.28,2.31,2.33,2.40,2.11,2.60,2.29,2.02,1.91
0.46,0.30,0.61,0.71,0.23,0.45,0.65,0.65,0.72,0.53,0.61,0.60,0.60,0.69,0.74,0.53,1.00,0.98,1.07,1.08,0.96,1.00,1.31,1.00,0.79,1.08,1.14,1.09,1.24,1.40,1.20,1.02,1.13,0.95,1.20,1.31,1.18,1.18,1.46,1.47,1.30,1.31,1.34,1.39,1.25,1.29,1.45,1.45,1.82,1.83,1.83,1.78,1.33,1.06,0.86,0.80,0.95,1.08,1.09,1.02,0.80,0.74,0.69,0.29,0.04,-0.07,-0.04,0.12,0.29,0.19,-0.16,-0.06,0.06,0.13,0.37,0.59,0.72,0.63,0.77,0.54,0.44,0.24,0.25,0.33,0.37,0.46,0.43,0.35,0.49,0.39,0.56,0.74,0.72,0.86,1.40,1.66,1.60,1.52,1.23,1.46,1.90,2.23,2.17,2.11,2.47,2.60,2.42,2.46,2.74,2.88,2.82,3.23,2.64,2.55,2.45,2.14,2.00,1.90,1.66,1.58,1.71,1.62,1.82,1.91,1.94,1.82,2.06,1.97,2.00,1.91,1.80,2.11,2.35,2.29,2.26,2.23,2.18,2.02,2.08,2.18,2.19,2.25,2.26,2.49,2.41,2.31,2.28,2.26,2.26,2.17,2.24,2.30,2.31,2.37,2.51,2.28,2.42,2.19,2.00,1.95
0.88,0.86,0.88,0.80,0.64,0.91,1.11,1.14,1.08,1.03,1.12,0.97,1.01,1.14,1.19,1.06,1.17,1.19,1.20,1.35,1.56,1.61,1.52,1.13,1.30,1.49,1.50,1.49,1.61,1.69,1.56,1.40,1.31,1.22,1.41,1.68,1.46,1.47,1.61,1.58,1.53,1.57,1.64,1.72,1.64,1.71,1.86,1.95,1.99,2.14,2.00,1.95,1.57,1.46,1.23,0.91,1.07,1.23,1.17,1.18,1.01,0.76,0.53,0.15,-0.08,0.01,-0.02,0.32,0.23,0.13,-0.24,0.04,0.09,0.06,0.23,0.49,0.76,0.70,0.82,0.65,0.39,0.30,0.28,0.19,0.30,0.43,0.35,0.38,0.44,0.27,0.43,0.66,0.71,0.86,1.33,1.53,1.42,1.40,1.24,1.56,1.90,2.14,2.12,2.14,2.48,2.65,2.51,2.49,2.70,3.00,2.84,3.14,2.88,2.86,2.71,2.49,2.39,2.09,1.71,1.61,1.51,2.09,1.58,1.94,1.85,1.92,1.96,1.95,1.89,1.85,1.85,2.06,2.33,2.14,2.20,2.20,2.01,1.80,1.80,1.97,2.05,2.12,2.14,2.30,2.33,2.29,2.22,2.16,2.20,2.13,2.23,2.29,2.30,2.29,2.34,2.06,2.40,2.24,2.00,1.96
1.23,1.25,1.25,1.04,0.91,1.12,1.41,1.45,1.25,1.31,1.23,1.23,1.30,1.31,1.30,1.39,1.46,1.50,1.60,1.62,1.51,1.44,1.69,1.47,1.64,1.67,1.46,1.55,1.74,1.79,1.60,1.41,1.51,1.52,1.74,1.77,1.58,1.72,1.68,1.75,1.79,1.69,1.67,1.62,1.79,1.96,2.00,1.83,1.90,1.95,1.97,2.03,1.66,1.27,1.07,0.92,1.02,1.17,1.15,1.06,0.91,0.69,0.38,0.10,0.13,0.07,0.02,0.35,0.12,-0.21,-0.34,0.14,0.23,0.18,0.12,0.55,0.69,0.90,0.80,0.63,0.56,0.60,0.56,0.48,0.40,0.41,0.45,0.46,0.48,0.40,0.58,0.79,0.81,0.97,1.30,1.49,1.51,1.50,1.31,1.55,1.82,2.22,2.19,2.24,2.49,2.68,2.36,2.26,2.60,2.77,2.75,3.02,2.92,2.77,2.72,2.60,2.37,2.06,1.71,1.53,1.45,1.46,1.12,1.24,1.46,1.62,1.77,1.71,1.68,1.75,1.86,2.02,2.03,1.99,2.30,2.14,1.94,1.78,1.71,1.80,1.92,1.92,2.01,2.05,2.13,2.20,2.18,2.16,2.17,2.05,2.09,2.25,2.28,2.20,2.57,2.17,2.33,2.26,2.06,1.99
1.30,1.20,1.17,0.93,0.92,1.25,1.61,1.63,1.47,1.49,1.36,1.46,1.45,1.44,1.51,1.57,1.47,1.51,1.58,1.61,1.60,1.67,1.79,1.63,1.50,1.35,1.40,1.63,1.82,1.85,1.71,1.63,1.95,1.72,1.96,1.83,1.64,1.88,1.89,2.08,2.09,1.90,1.91,1.89,2.03,2.18,2.14,2.16,2.05,2.11,2.01,2.07,1.69,1.24,1.17,1.09,1.08,1.14,1.11,1.15,1.08,0.71,0.48,0.35,0.43,0.24,0.13,0.38,0.18,0.13,-0.11,0.20,0.18,0.32,0.39,0.67,0.84,1.12,0.79,0.76,0.93,0.77,0.91,0.87,0.70,0.65,0.76,0.70,0.64,0.59,0.71,0.88,0.88,0.91,1.38,1.68,1.63,1.63,1.24,1.46,1.84,2.00,2.11,2.28,2.58,2.52,2.41,2.42,2.49,2.76,2.54,2.89,2.87,2.59,2.57,2.52,2.49,2.35,1.83,1.75,1.63,1.64,1.35,1.44,1.42,1.56,1.64,1.66,1.73,1.85,1.90,2.08,1.97,2.14,2.18,2.14,1.92,1.67,1.60,1.68,1.75,1.82,2.02,2.09,2.19,2.19,2.12,2.11,2.28,2.12,2.01,2.11,2.28,2.29,2.48,2.11,2.18,2.12,1.97,1.94
1.51,1.53,1.53,1.28,1.30,1.63,1.71,1.77,1.80,1.73,1.75,1.62,1.62,1.71,1.71,1.57,1.52,1.64,1.69,1.78,1.82,1.91,2.14,1.90,1.94,1.86,1.90,1.96,1.96,1.91,1.83,1.86,2.06,1.77,2.06,2.17,1.85,2.03,2.07,2.26,2.22,2.07,2.12,2.05,2.11,2.12,2.11,2.18,2.22,2.17,1.97,1.92,1.49,1.14,1.13,1.15,1.18,1.09,0.98,0.87,0.76,0.70,0.45,0.24,0.28,0.34,0.15,0.24,0.28,0.33,0.01,0.22,0.34,0.34,0.54,0.79,0.81,0.84,0.86,1.01,0.98,0.70,1.04,0.90,0.90,0.77,0.79,0.65,0.66,0.69,0.76,0.85,0.84,0.88,1.20,1.55,1.55,1.51,1.36,1.52,1.71,2.05,2.20,2.26,2.45,2.23,2.17,2.43,2.40,2.64,2.62,2.83,2.84,2.76,2.68,2.59,2.42,2.11,1.66,1.49,1.45,1.52,1.25,1.38,1.41,1.50,1.52,1.57,1.74,1.85,1.88,2.16,2.06,2.14,2.11,2.16,1.97,1.60,1.45,1.62,1.66,1.94,1.99,2.02,2.11,2.14,2.13,2.14,2.46,2.05,2.12,2.28,2.28,2.22,2.49,2.25,2.18,2.09,1.96,1.94
1.68,1.69,1.68,1.56,1.79,1.89,1.99,2.02,1.99,1.97,1.99,1.92,2.03,2.00,1.82,1.66,1.73,1.82,1.82,1.92,1.95,1.94,1.95,1.90,1.82,1.86,1.77,1.86,2.02,2.14,2.02,1.88,1.99,2.02,2.19,2.20,2.03,2.16,2.12,2.17,2.09,2.13,2.12,2.01,2.17,2.16,2.11,2.05,2.23,2.13,1.92,1.90,1.39,1.42,1.33,1.27,1.20,1.13,1.09,1.13,1.06,0.85,0.74,0.45,0.27,0.27,0.20,0.13,0.51,0.24,0.10,0.39,0.34,0.49,0.59,0.67,0.79,0.76,0.75,0.72,1.12,0.71,1.03,0.84,0.85,0.93,1.01,0.86,0.95,0.93,0.92,1.04,1.01,0.88,1.06,1.46,1.58,1.41,1.07,1.55,1.78,2.19,1.94,2.12,2.47,2.46,2.34,2.45,2.31,2.69,2.60,2.98,3.01,2.71,2.65,2.63,2.43,2.17,1.88,2.19,1.41,1.62,1.40,1.58,1.45,1.45,1.46,1.60,1.80,1.83,1.77,2.03,2.12,2.07,2.17,2.13,2.00,1.75,1.61,1.82,1.77,2.03,1.90,1.99,2.17,2.28,2.26,2.31,2.25,2.23,2.20,2.14,2.11,2.26,2.58,2.28,2.18,2.12,1.96,1.88
1.68,1.66,1.63,1.68,1.75,1.75,1.90,2.05,2.17,2.20,2.02,2.33,2.24,2.12,2.00,1.88,2.00,2.02,1.89,1.92,1.89,1.84,1.90,1.83,1.69,1.75,1.57,1.78,1.96,1.99,1.83,1.72,1.83,1.82,1.91,2.06,1.94,2.13,2.13,2.01,1.95,2.03,1.97,1.85,2.07,2.13,2.09,1.97,2.08,1.99,1.74,1.88,1.50,1.35,1.14,1.04,1.11,1.04,1.02,1.00,0.82,0.72,0.58,0.28,0.12,0.22,0.33,0.58,0.28,0.23,-0.04,0.14,0.40,0.41,0.71,0.69,0.77,0.61,0.80,0.56,0.61,0.63,0.67,0.71,0.77,0.69,0.77,0.64,0.60,0.60,0.76,0.87,0.92,0.93,1.12,1.58,1.51,1.40,1.12,1.42,1.73,1.88,1.90,2.16,2.11,2.47,2.26,2.26,2.13,2.36,2.59,2.69,2.62,2.51,2.58,2.69,2.52,2.16,1.73,1.83,1.49,1.50,1.51,1.72,1.56,1.51,1.52,1.66,1.92,1.89,1.66,1.77,1.92,2.07,2.12,2.06,2.01,1.89,1.79,1.96,1.79,2.24,2.18,2.09,2.08,2.13,2.09,2.00,2.25,2.16,2.22,2.25,2.09,2.33,2.37,2.06,2.07,2.13,1.92,1.85
1.67,1.66,1.67,1.66,1.77,2.09,2.08,2.12,2.18,2.29,2.64,2.60,2.40,2.37,2.20,2.05,2.26,2.24,2.03,2.00,1.94,1.84,1.82,1.85,1.56,1.51,1.46,1.67,1.77,1.75,1.71,1.72,1.80,1.88,1.97,1.97,1.75,1.89,1.79,1.89,1.85,1.77,1.69,1.72,1.90,1.96,2.03,2.02,1.97,2.06,1.69,1.94,1.47,1.25,1.12,1.09,1.15,1.02,0.98,1.00,0.84,0.79,0.76,0.54,0.15,0.33,0.20,0.30,0.35,0.27,-0.24,0.22,0.32,0.33,0.55,0.63,0.72,0.84,0.91,0.59,0.76,0.63,0.51,0.49,0.59,0.55,0.65,0.51,0.66,0.77,0.66,0.61,0.64,0.70,1.00,1.49,1.56,1.58,1.15,1.27,1.55,2.03,1.99,2.12,2.09,2.28,2.31,2.09,2.25,2.51,2.60,2.43,2.54,2.62,2.60,2.62,2.46,2.22,1.88,1.71,1.46,1.56,1.62,1.85,1.73,1.60,1.55,1.64,1.86,1.95,1.66,1.68,1.61,1.85,2.05,2.07,2.02,2.01,1.94,1.99,1.99,2.18,2.07,1.96,1.97,2.02,2.07,1.95,2.00,2.09,2.14,2.12,2.08,2.30,2.22,1.94,1.94,2.12,1.94,1.85
1.71,1.72,1.63,1.56,1.74,1.97,1.90,1.99,2.06,2.08,2.36,2.53,2.57,2.54,2.39,2.31,2.46,2.30,2.29,2.17,2.13,2.01,1.90,1.89,1.60,1.47,1.47,1.60,1.78,1.79,1.61,1.50,1.67,1.90,1.91,2.00,1.89,1.80,1.89,1.78,1.74,1.78,1.78,1.85,1.97,1.94,2.01,2.13,1.99,2.05,1.78,1.91,1.45,1.33,1.14,1.03,1.03,0.87,0.88,0.92,0.79,0.66,0.63,0.37,0.07,0.37,0.24,0.48,0.27,0.01,0.14,0.02,0.23,0.35,0.56,0.75,0.85,0.75,0.74,0.63,0.66,0.53,0.49,0.51,0.40,0.33,0.40,0.33,0.19,0.28,0.49,0.59,0.53,0.48,0.86,1.51,1.63,1.55,1.19,1.13,1.45,1.73,1.92,1.90,2.06,2.16,2.18,2.16,2.22,2.57,2.55,2.46,2.54,2.62,2.62,2.62,2.51,2.18,1.90,1.61,1.46,1.60,1.66,1.92,1.86,1.69,1.61,1.63,1.73,1.88,1.78,1.73,1.67,1.84,2.00,2.01,2.00,2.01,2.06,2.20,1.97,2.13,1.89,1.92,1.99,1.88,2.06,1.95,2.03,2.05,2.11,2.16,2.06,2.20,2.16,1.97,1.95,2.09,2.06,1.88
1.75,1.82,1.66,1.51,1.72,1.79,1.94,1.85,1.95,2.28,2.47,2.74,2.54,2.53,2.48,2.36,2.33,2.29,2.52,2.28,2.33,2.30,2.11,1.88,1.62,1.53,1.50,1.53,1.72,1.69,1.52,1.52,1.69,1.75,1.79,2.03,1.91,1.88,1.80,1.86,1.85,1.83,1.75,1.82,1.95,1.89,1.95,2.02,2.00,1.85,1.73,1.88,1.45,1.33,1.06,1.01,1.13,1.01,0.93,0.82,0.64,0.58,0.50,0.32,0.20,0.28,0.29,0.44,0.39,0.15,0.23,0.17,0.28,0.19,0.54,0.66,0.61,0.63,0.50,0.55,0.59,0.66,0.53,0.41,0.33,0.23,0.38,0.46,0.53,0.43,0.41,0.51,0.38,0.35,0.67,1.17,1.62,1.66,1.06,1.19,1.47,1.55,1.79,1.79,1.91,2.13,2.35,2.17,2.08,2.33,2.45,2.52,2.62,2.63,2.60,2.62,2.52,2.22,1.84,1.69,1.45,1.55,1.57,1.82,1.86,1.78,1.74,1.69,1.72,1.78,1.80,1.58,1.57,1.77,2.06,2.09,1.97,1.99,2.02,2.07,1.88,1.90,1.89,1.92,2.02,1.99,1.94,1.85,1.96,2.00,2.03,2.17,1.96,2.07,2.11,1.96,1.97,2.13,1.94,2.08
1.66,1.82,1.74,1.64,1.73,1.89,1.95,1.83,2.01,2.33,2.52,2.71,2.55,2.82,2.71,2.51,2.49,2.59,2.86,2.43,2.51,2.43,2.17,1.90,1.63,1.55,1.45,1.51,1.62,1.50,1.36,1.51,1.68,1.68,1.90,1.75,1.74,1.92,1.77,1.83,1.74,1.83,1.91,1.88,1.90,1.90,1.82,1.82,1.95,1.82,1.68,1.89,1.45,1.31,0.96,0.96,1.13,1.11,1.01,0.87,0.66,0.61,0.59,0.45,0.48,0.41,0.33,0.58,0.43,0.32,0.03,0.03,0.45,0.55,0.58,0.67,0.59,0.71,0.44,0.51,0.67,0.49,0.55,0.43,0.29,0.49,0.65,0.43,0.45,0.50,0.48,0.55,0.49,0.48,0.65,1.04,1.46,1.49,1.01,1.23,1.49,1.55,1.68,1.90,2.05,2.09,2.18,2.24,2.06,2.20,2.31,2.43,2.62,2.64,2.55,2.57,2.47,2.14,1.78,1.83,1.36,1.46,1.60,1.73,1.82,1.78,1.69,1.63,1.68,1.75,1.60,1.62,1.56,1.58,1.78,1.91,1.90,1.89,1.88,2.07,1.95,1.88,1.85,1.90,1.95,1.89,1.88,1.83,1.90,1.94,1.92,1.94,1.90,1.96,2.19,2.08,1.92,2.16,2.06,2.03
1.62,1.52,1.72,1.82,1.79,1.92,1.92,2.00,2.12,2.30,2.54,2.80,2.75,2.86,2.72,2.60,2.68,2.72,2.81,2.49,2.42,2.31,2.20,2.03,1.73,1.63,1.45,1.61,1.61,1.50,1.44,1.56,1.74,1.80,1.78,1.74,1.85,1.95,1.94,1.88,1.68,1.78,1.82,1.84,2.00,1.99,1.82,1.85,1.92,1.96,1.89,1.82,1.53,1.25,0.93,1.02,1.15,1.15,1.06,0.93,0.72,0.67,0.77,0.71,0.63,0.54,0.53,0.69,0.53,0.48,0.15,0.25,0.43,0.37,0.58,0.67,0.53,0.77,0.77,0.77,0.82,0.71,0.74,0.81,0.76,0.81,0.81,0.61,0.75,0.84,0.70,0.72,0.65,0.65,0.88,1.27,1.53,1.46,1.09,1.36,1.50,1.62,1.82,1.89,2.14,2.05,2.14,2.29,2.12,2.25,2.34,2.48,2.64,2.63,2.55,2.51,2.51,2.19,1.72,1.60,1.30,1.35,1.58,1.73,1.78,1.88,1.92,1.80,1.67,1.58,1.94,1.84,1.49,1.49,1.73,1.89,1.82,1.77,1.73,1.80,1.92,2.00,1.95,1.88,1.94,1.95,2.05,1.91,2.02,1.99,1.82,1.92,2.05,2.01,2.08,2.03,1.92,2.14,2.02,2.01
1.56,1.50,1.56,1.69,1.82,1.82,2.02,2.22,2.35,2.49,2.68,2.84,2.69,2.81,2.65,2.65,2.77,2.70,2.55,2.48,2.40,2.39,2.37,2.12,1.79,1.88,1.66,1.73,1.72,1.83,1.67,1.67,1.83,1.90,1.95,1.91,1.92,2.00,2.03,2.02,1.89,1.96,1.96,2.05,2.17,2.03,1.92,1.95,2.14,2.05,2.20,1.78,1.52,1.04,1.00,1.13,1.19,1.11,0.96,0.91,0.79,0.72,0.77,0.75,0.72,0.70,0.66,0.74,0.64,0.53,0.33,0.50,0.56,0.50,0.65,0.66,0.63,0.74,0.77,0.80,0.87,0.81,0.80,0.85,0.85,0.84,0.93,0.77,0.79,0.85,0.84,0.87,0.75,0.67,0.76,1.24,1.47,1.44,1.09,1.31,1.41,1.61,1.84,1.79,2.16,2.09,2.20,2.23,2.14,2.30,2.46,2.48,2.55,2.58,2.52,2.52,2.49,2.42,1.80,1.60,1.38,1.40,1.51,1.75,1.86,1.85,1.86,1.69,1.88,1.71,1.88,1.71,1.73,1.77,1.75,1.74,1.85,2.11,1.97,2.08,2.01,2.13,2.09,1.99,2.06,2.17,2.30,2.05,2.08,2.11,1.92,2.01,1.94,1.91,2.07,2.14,2.09,2.26,2.17,2.13
1.71,1.84,1.66,1.52,1.71,2.14,2.12,2.42,2.62,2.72,2.78,2.88,2.82,2.98,2.80,2.65,2.58,2.59,2.70,2.40,2.39,2.45,2.43,2.26,2.11,2.08,1.73,1.80,1.91,2.08,1.68,1.68,1.82,1.86,2.07,1.90,1.94,1.82,1.89,1.97,1.78,1.78,1.78,1.79,1.86,1.92,1.99,1.96,2.02,2.02,1.91,1.63,1.46,1.19,1.01,1.06,1.04,0.97,0.85,0.91,0.84,0.71,0.75,0.75,0.77,0.81,0.84,0.85,0.66,0.60,0.41,0.67,0.71,0.66,0.65,0.60,0.65,0.84,0.76,0.77,0.82,0.76,0.84,1.06,1.08,0.98,1.09,0.92,0.86,0.91,0.90,0.98,0.86,0.74,0.77,1.18,1.51,1.62,1.09,1.29,1.33,1.62,1.82,1.88,2.26,2.28,2.29,2.13,2.03,2.24,2.47,2.52,2.51,2.48,2.47,2.51,2.36,2.30,1.90,1.74,1.47,1.49,1.68,1.96,2.00,1.83,1.79,1.72,2.01,1.86,2.13,1.78,1.68,1.69,1.69,1.72,1.84,2.13,1.96,2.13,2.07,2.12,2.12,2.09,2.24,2.22,2.28,2.20,2.22,2.23,2.14,2.12,2.28,2.23,2.31,2.35,2.18,2.45,2.33,2.24
1.91,1.77,1.69,1.73,1.96,2.25,2.23,2.47,2.62,2.75,2.88,2.98,3.00,3.02,2.76,2.53,2.36,2.29,2.41,2.26,2.11,2.20,2.17,1.86,1.71,1.79,1.53,1.74,2.01,1.92,1.57,1.71,1.78,1.84,2.00,1.80,1.89,1.79,1.91,2.14,1.85,1.95,1.96,2.03,2.06,1.95,1.94,1.91,2.00,2.24,2.19,2.28,1.41,1.39,1.02,1.08,1.11,1.08,1.01,0.97,0.77,0.66,0.76,0.81,0.81,0.82,0.90,0.93,0.74,0.69,0.45,0.64,0.90,0.76,0.75,0.67,0.61,0.81,0.67,0.72,0.90,0.85,0.98,1.12,1.08,1.01,1.06,0.97,0.97,0.97,0.95,1.08,0.90,0.80,0.84,1.14,1.46,1.55,1.12,1.20,1.19,1.57,1.82,2.00,2.26,2.37,2.33,2.07,1.94,2.14,2.39,2.55,2.62,2.45,2.47,2.42,2.41,2.29,1.78,1.72,1.47,1.41,1.63,1.83,1.91,1.99,2.00,1.77,2.03,1.68,1.90,1.73,1.83,1.80,1.68,1.78,2.00,1.97,1.94,2.12,2.02,2.07,2.09,2.07,2.13,2.22,2.23,2.09,2.03,2.01,1.82,2.02,2.00,2.08,2.12,2.12,2.11,2.17,2.26,2.22
1.86,1.85,1.80,1.80,1.96,2.22,2.39,2.28,2.46,2.74,2.96,3.04,2.93,2.88,2.62,2.39,2.22,2.09,1.99,2.11,2.13,2.06,2.01,1.99,2.07,2.17,2.01,1.84,1.86,1.74,1.66,1.66,1.61,1.68,1.78,1.66,1.66,1.71,2.02,2.18,2.01,2.18,1.96,1.88,1.84,1.80,1.94,1.86,1.97,2.18,1.74,1.71,1.49,1.30,1.00,0.86,0.93,1.03,1.08,1.04,0.85,0.65,0.67,0.86,1.00,0.95,0.88,1.02,0.96,0.79,0.48,0.77,1.04,0.82,0.97,0.92,0.77,0.87,0.71,0.84,1.09,1.06,1.12,1.15,1.17,1.11,1.03,0.98,1.13,1.14,1.03,1.13,1.00,0.93,1.02,1.28,1.41,1.47,1.18,1.14,1.25,1.51,1.82,1.91,2.01,2.16,2.19,2.00,1.94,2.19,2.37,2.33,2.36,2.41,2.46,2.42,2.53,2.36,1.90,1.56,1.53,1.45,1.44,1.63,1.77,1.71,1.84,1.60,1.77,1.62,1.64,1.71,1.69,1.58,1.51,1.72,1.94,1.78,1.90,2.05,1.94,2.05,2.22,2.01,1.96,1.96,2.16,2.11,1.92,1.82,1.75,1.82,1.90,1.89,1.99,2.12,2.02,1.96,2.03,2.08
1.90,2.03,1.86,1.91,2.09,2.28,2.35,2.51,2.51,2.71,2.95,3.04,2.94,2.75,2.51,2.26,2.05,1.78,1.62,1.74,1.74,1.64,1.55,1.41,1.41,1.49,1.34,1.15,1.27,1.13,1.13,1.20,1.15,1.24,1.49,1.42,1.31,1.62,2.06,2.19,2.20,2.29,2.07,1.97,1.95,1.88,1.86,1.94,2.05,2.20,1.90,2.01,1.25,1.69,0.96,1.04,1.25,1.22,1.20,1.13,0.97,0.77,0.81,1.02,1.27,1.29,1.02,1.14,1.13,0.96,0.69,1.09,1.15,0.96,1.19,0.96,0.93,1.01,0.91,1.03,1.31,1.22,1.27,1.35,1.34,1.31,1.22,1.15,1.34,1.39,1.22,1.20,1.08,1.00,1.07,1.40,1.40,1.63,1.22,1.19,1.46,1.51,1.75,1.72,1.84,1.97,2.07,1.97,1.91,2.19,2.37,2.28,2.36,2.31,2.34,2.43,2.26,1.91,1.71,1.57,1.40,1.33,1.30,1.36,1.47,1.49,1.47,1.47,1.38,1.45,1.53,1.62,1.55,1.36,1.33,1.53,1.69,1.55,1.56,1.52,1.60,1.80,1.94,1.89,1.92,1.91,1.96,1.91,1.74,1.66,1.63,1.71,1.79,1.69,1.64,1.92,1.83,2.02,1.94,1.88
1.97,1.95,1.78,1.91,2.05,2.11,2.22,2.45,2.76,2.78,2.83,2.83,2.64,2.68,2.29,2.02,1.55,1.29,1.44,1.40,1.57,1.49,1.35,1.15,1.09,1.11,1.13,1.19,1.50,1.34,0.93,1.17,0.95,1.09,1.36,1.18,1.11,1.55,1.91,2.23,2.42,2.48,2.39,2.12,2.00,1.99,1.95,2.06,2.12,2.01,1.75,1.96,1.19,1.25,1.14,1.11,1.14,1.13,1.25,1.13,0.98,0.93,0.93,1.11,1.35,1.27,1.07,1.11,1.14,1.31,1.02,1.18,1.27,1.20,1.28,0.86,0.85,0.98,1.04,1.11,1.45,1.29,1.44,1.56,1.41,1.36,1.40,1.38,1.42,1.46,1.39,1.25,1.03,0.98,0.91,1.31,1.45,1.57,1.15,1.11,1.42,1.45,1.61,1.68,1.77,2.00,1.99,2.01,1.97,2.13,2.35,2.19,2.08,2.05,1.86,1.86,1.78,1.99,1.62,1.62,1.39,1.38,1.31,1.19,1.38,1.42,1.46,1.40,1.29,1.31,1.39,1.42,1.42,1.41,1.36,1.44,1.78,1.63,1.38,1.58,1.67,1.67,1.83,1.92,1.86,2.00,2.02,1.86,1.69,1.73,1.60,1.69,1.73,1.62,1.47,1.47,1.52,1.91,1.94,1.75
1.95,1.73,1.67,1.89,1.99,2.14,2.36,2.45,2.77,2.81,2.95,2.89,2.57,2.77,2.01,1.30,0.84,0.96,1.28,1.12,1.31,1.22,1.11,0.95,0.81,0.84,0.86,0.82,1.34,1.02,0.67,0.71,0.95,0.97,0.90,0.85,0.87,1.09,1.53,2.13,2.64,2.74,2.62,2.20,2.01,2.00,1.96,2.02,2.07,1.92,2.00,1.66,1.20,1.11,1.03,1.14,1.28,1.15,1.11,1.07,0.91,1.06,1.17,1.11,1.17,1.14,1.06,1.28,1.19,1.45,1.07,1.23,1.24,1.33,1.27,0.97,0.85,0.84,1.06,0.97,1.34,1.30,1.38,1.45,1.41,1.34,1.36,1.34,1.31,1.34,1.29,1.24,1.01,1.01,0.92,1.18,1.53,1.57,1.13,1.14,1.38,1.52,1.68,1.61,1.66,1.89,1.88,1.66,1.63,1.86,1.94,1.90,1.89,1.84,1.82,1.74,1.55,1.75,1.61,1.62,1.35,1.14,1.03,0.92,1.19,1.25,1.27,1.19,1.29,1.35,1.36,1.34,1.31,1.34,1.34,1.45,1.63,1.52,1.15,1.40,1.72,1.73,1.79,2.13,1.99,1.95,2.02,2.07,2.01,2.01,1.85,1.84,1.79,1.74,1.71,1.35,1.42,1.74,1.88,1.88
1.91,1.72,1.64,1.90,2.01,2.19,2.39,2.28,2.62,2.92,3.10,2.88,2.54,2.51,1.52,0.81,0.67,0.84,0.92,0.76,0.79,0.82,0.86,0.70,0.72,0.85,0.77,0.67,1.08,0.46,0.54,0.64,0.63,0.90,0.96,0.61,0.40,0.65,1.27,2.17,2.80,2.86,2.52,2.26,2.09,1.97,1.90,1.96,2.13,2.09,2.17,1.55,1.28,0.97,0.76,0.87,1.08,0.88,0.90,0.95,0.92,0.82,1.00,1.30,1.36,1.11,0.98,1.30,1.15,1.06,0.92,1.07,1.25,1.36,1.18,0.84,0.79,0.80,0.84,0.79,1.25,1.28,1.15,1.19,1.35,1.30,1.25,1.27,1.28,1.25,1.23,1.36,1.09,0.92,0.98,1.06,1.35,1.45,1.17,1.09,1.17,1.24,1.56,1.73,1.68,1.80,1.91,1.90,1.84,1.78,1.67,1.61,1.80,1.73,1.57,1.51,1.35,1.56,1.58,1.51,1.27,1.08,0.93,0.77,1.19,1.12,1.08,1.13,1.29,1.49,1.60,1.60,1.57,1.55,1.36,1.52,1.31,1.49,1.39,1.42,1.63,1.78,1.96,2.23,2.09,2.09,2.11,2.09,2.12,2.22,2.22,2.09,1.99,1.94,1.89,1.51,1.46,1.82,1.99,2.02
1.85,1.80,1.82,1.97,2.03,2.18,2.23,2.22,2.59,2.88,2.98,2.71,2.45,2.37,0.87,0.58,0.50,0.55,0.63,0.66,0.59,0.60,0.70,0.55,0.65,0.77,0.69,0.58,0.77,0.38,0.40,0.30,0.46,0.90,1.02,0.84,0.56,0.51,1.35,2.06,2.69,2.92,2.43,2.29,2.16,2.07,1.95,2.03,2.29,2.23,2.12,1.63,1.19,0.97,0.88,0.87,1.19,1.15,1.00,1.07,0.86,0.82,1.09,1.44,1.50,1.23,1.31,1.47,1.29,1.35,0.91,1.12,1.24,1.33,1.47,1.07,0.97,0.96,0.79,0.91,1.20,1.11,1.13,1.22,1.29,1.28,1.30,1.29,1.24,1.30,1.36,1.44,1.00,0.91,1.04,1.17,1.57,1.66,1.35,1.11,1.11,1.20,1.42,1.72,1.96,1.89,1.86,2.00,1.89,1.69,1.68,1.57,1.80,1.52,1.47,1.63,1.56,1.55,1.49,1.42,1.25,1.22,1.23,1.04,1.55,1.28,1.49,1.55,1.69,1.77,1.88,1.91,1.89,2.02,1.99,1.62,1.67,1.68,1.69,1.64,1.67,1.84,2.09,2.34,2.20,2.19,2.22,2.16,2.07,2.24,2.37,2.33,2.24,2.22,2.23,2.05,1.96,2.22,2.31,2.14
2.12,2.13,2.11,1.80,2.12,2.18,2.17,2.37,2.71,2.88,2.99,2.62,2.22,1.95,0.71,0.45,0.32,0.34,0.53,0.67,0.45,0.41,0.44,0.40,0.46,0.56,0.50,0.50,0.71,0.59,0.29,0.22,0.35,0.64,0.75,0.67,0.66,0.97,1.84,2.37,2.49,2.75,2.72,2.42,2.29,2.26,2.17,2.17,2.36,2.26,1.96,1.69,1.17,1.06,1.03,1.07,1.25,1.20,1.15,1.14,1.01,1.06,1.33,1.58,1.58,1.40,1.31,1.19,1.02,1.19,0.85,1.14,1.17,1.27,1.24,0.76,0.77,0.81,0.96,1.01,1.30,1.18,1.27,1.35,1.42,1.39,1.39,1.25,1.19,1.49,1.49,1.38,1.01,0.80,0.96,1.19,1.42,1.61,1.24,1.17,1.28,1.47,1.58,1.73,1.91,1.97,1.91,2.00,2.09,1.99,1.92,1.66,1.92,1.71,1.72,1.80,1.71,1.67,1.60,1.56,1.45,1.44,1.64,1.64,1.78,1.63,1.94,1.97,2.03,2.03,2.02,1.97,1.95,2.05,1.89,1.92,1.96,1.77,1.73,1.85,1.94,1.96,2.26,2.46,2.40,2.36,2.35,2.36,2.45,2.42,2.33,2.30,2.46,2.65,2.39,2.35,2.30,2.49,2.60,2.42
1.83,1.74,1.94,1.83,1.91,2.11,2.28,2.42,2.75,2.94,3.00,2.57,2.22,1.86,0.91,0.55,0.63,0.72,0.79,0.76,0.65,0.34,0.41,0.38,0.59,0.54,0.46,0.65,0.81,0.74,0.41,0.48,0.70,0.84,0.86,0.85,0.95,1.27,1.75,2.24,2.55,2.84,2.98,2.66,2.34,2.34,2.28,2.24,2.42,2.34,1.86,1.66,1.24,1.06,0.98,1.04,1.11,1.08,1.15,1.17,0.93,0.96,1.25,1.52,1.64,1.67,1.64,1.38,1.19,1.22,0.71,1.00,1.17,1.36,1.15,0.80,0.92,0.95,0.77,1.03,1.14,1.12,1.25,1.39,1.31,1.31,1.35,1.25,1.30,1.49,1.42,1.52,1.12,0.88,0.84,1.14,1.47,1.52,1.23,1.06,1.17,1.44,1.68,1.77,1.85,1.91,1.96,2.13,2.28,2.14,2.06,1.79,1.90,1.85,1.85,1.86,1.74,1.84,1.78,1.69,1.64,1.66,1.88,1.90,1.97,1.91,2.01,2.05,2.12,2.23,2.18,2.07,2.08,2.13,2.08,2.35,2.33,2.13,2.01,2.09,2.29,2.23,2.42,2.52,2.52,2.63,2.68,2.41,2.62,2.78,2.55,2.45,2.54,2.69,2.63,2.58,2.46,2.51,2.63,2.45
1.82,1.83,2.03,1.90,1.83,2.12,2.22,2.26,2.60,2.90,2.75,2.40,2.18,1.88,1.13,0.75,0.84,0.80,0.86,0.97,0.87,0.76,0.65,0.72,0.70,0.53,0.61,0.84,0.85,0.86,0.54,0.80,0.87,0.84,0.84,0.79,0.92,1.39,1.99,2.36,2.57,2.86,2.76,2.63,2.41,2.19,2.11,2.25,2.46,2.37,1.91,1.66,1.28,1.01,0.93,0.90,1.04,1.08,1.13,1.13,0.98,1.04,1.28,1.51,1.61,1.60,1.47,1.27,1.24,1.19,0.81,1.11,1.17,1.22,1.06,0.77,0.96,0.77,0.75,1.00,1.22,1.30,1.27,1.30,1.29,1.28,1.40,1.41,1.36,1.31,1.27,1.22,1.00,0.97,0.95,1.08,1.40,1.55,1.12,1.01,1.22,1.30,1.62,1.75,1.86,1.94,2.00,2.20,2.31,2.13,2.11,1.95,1.90,1.88,1.80,1.84,1.77,1.91,1.82,1.61,1.56,1.63,1.88,1.62,2.05,1.75,1.82,2.00,2.14,2.29,2.45,2.43,2.18,2.26,1.97,2.43,2.35,2.17,2.02,2.05,2.31,2.40,2.41,2.42,2.43,2.55,2.69,2.68,2.66,2.84,2.83,2.71,2.62,2.55,2.66,2.64,2.46,2.45,2.60,2.40
1.82,1.78,1.91,1.85,1.86,2.16,2.30,2.40,2.58,2.86,2.60,2.03,1.96,1.86,1.35,0.97,1.00,0.92,1.00,1.00,0.86,0.80,0.70,0.37,0.56,0.43,0.46,0.64,0.77,0.93,0.44,0.76,0.56,0.69,0.80,0.76,0.87,1.39,1.99,2.18,2.37,2.82,2.63,2.57,2.24,2.06,1.97,2.02,2.14,2.07,1.94,1.77,1.42,1.04,0.97,0.87,1.17,1.02,1.12,1.13,1.11,1.14,1.31,1.53,1.58,1.49,1.36,1.25,1.15,1.07,0.82,0.97,1.13,1.20,1.23,0.79,0.84,0.86,0.86,1.03,1.18,1.34,1.39,1.42,1.36,1.38,1.42,1.42,1.45,1.39,1.30,1.34,1.00,0.93,1.03,1.00,1.41,1.46,1.15,1.03,1.23,1.27,1.51,1.78,1.92,2.03,2.09,2.22,2.36,2.13,2.12,2.07,1.92,1.85,1.75,1.83,1.78,1.80,1.83,1.78,1.71,1.58,1.62,1.39,1.72,1.61,1.75,1.96,2.06,2.12,2.20,2.22,2.00,2.29,1.84,2.16,2.11,1.97,1.88,1.80,2.01,2.24,2.08,2.12,2.17,2.30,2.51,2.52,2.52,2.58,2.55,2.53,2.57,2.58,2.58,2.57,2.43,2.42,2.64,2.36
1.73,1.71,1.84,1.79,1.88,2.05,2.36,2.60,2.64,2.63,2.72,2.22,2.06,1.91,1.50,1.15,1.12,0.98,0.87,0.76,0.65,0.50,0.37,0.09,-0.02,-0.07,0.13,0.30,0.46,0.58,0.19,0.23,0.37,0.71,0.88,0.81,0.95,1.47,1.92,2.03,2.30,2.68,2.57,2.41,2.29,2.30,2.13,2.19,2.34,2.19,1.97,1.57,1.24,1.00,1.11,0.95,1.19,0.85,1.07,1.22,1.06,1.04,1.22,1.42,1.49,1.36,1.27,1.18,1.07,1.00,0.74,0.86,1.19,1.13,1.18,0.65,0.80,0.77,0.72,0.95,1.15,1.25,1.29,1.31,1.35,1.53,1.51,1.33,1.39,1.45,1.40,1.42,1.01,0.91,0.88,1.02,1.47,1.53,1.27,0.97,1.19,1.30,1.52,1.77,1.91,2.08,2.16,2.18,2.37,2.19,2.14,2.17,1.89,1.77,1.71,1.82,1.74,1.73,1.74,1.69,1.69,1.41,1.51,1.38,1.83,1.75,1.72,1.72,1.86,2.06,2.12,2.08,1.96,2.22,1.88,1.90,1.92,1.92,1.97,1.96,1.99,2.17,2.22,2.23,2.16,2.19,2.55,2.53,2.52,2.55,2.47,2.40,2.52,2.51,2.51,2.47,2.42,2.45,2.63,2.18
1.79,1.78,1.84,1.75,1.84,1.89,2.33,2.59,2.59,2.62,2.55,2.07,1.97,1.74,1.36,1.18,1.08,0.86,0.75,0.67,0.55,0.48,0.41,0.02,-0.06,-0.03,0.06,0.35,0.55,0.34,0.23,0.28,0.59,0.79,0.85,0.79,1.02,1.50,1.86,1.96,2.23,2.43,2.60,2.35,2.34,2.25,2.11,2.18,2.30,2.09,1.90,1.83,1.35,1.04,0.87,1.01,1.29,1.08,1.08,1.19,0.98,1.04,1.11,1.22,1.34,1.27,1.12,1.04,1.11,1.03,0.71,0.82,1.18,1.07,1.00,0.58,0.75,0.77,0.72,0.98,1.20,1.22,1.17,1.22,1.29,1.45,1.46,1.33,1.34,1.35,1.39,1.36,1.01,0.90,0.71,0.98,1.49,1.63,1.40,1.00,1.13,1.36,1.62,1.72,1.82,2.05,2.13,2.19,2.26,2.09,2.17,1.92,2.07,1.86,1.82,1.77,1.74,1.80,1.73,1.56,1.77,1.64,1.74,1.60,1.73,1.82,1.75,1.73,1.89,2.11,2.12,2.11,2.00,2.08,1.92,1.88,1.97,1.97,1.85,1.89,2.07,2.07,2.14,2.24,2.23,2.20,2.47,2.51,2.60,2.68,2.62,2.47,2.58,2.33,2.47,2.52,2.42,2.41,2.72,2.45
1.75,1.79,1.80,1.75,1.78,1.86,2.25,2.48,2.58,2.52,2.31,1.78,1.88,1.68,1.40,1.44,1.02,0.77,0.81,0.67,0.53,0.49,0.41,0.07,-0.03,-0.29,-0.22,0.03,0.15,0.07,-0.12,-0.12,0.06,0.33,0.60,0.81,0.96,1.38,1.78,1.96,2.17,2.35,2.66,2.47,2.43,2.42,2.30,2.33,2.30,2.11,1.94,1.71,1.42,1.31,1.00,1.03,1.20,0.85,1.11,1.14,0.95,0.96,1.00,1.23,1.42,1.29,1.09,1.04,1.12,1.04,0.72,0.72,1.00,0.97,0.97,0.63,0.70,0.85,0.86,1.03,1.27,1.25,1.13,1.18,1.25,1.33,1.41,1.42,1.42,1.39,1.28,1.38,1.12,0.92,0.84,0.90,1.39,1.60,1.44,1.17,1.18,1.39,1.66,1.77,1.89,2.11,2.18,2.42,2.66,2.08,2.24,2.01,2.02,1.96,1.77,1.73,1.72,1.77,1.79,1.62,1.64,1.67,1.83,1.56,1.68,1.61,1.68,1.83,2.02,2.22,2.14,2.07,1.95,1.89,1.74,1.74,1.90,2.06,2.05,2.05,2.11,2.13,2.25,2.36,2.33,2.16,2.42,2.43,2.57,2.68,2.65,2.49,2.55,2.41,2.41,2.46,2.52,2.54,2.71,2.26
1.82,1.66,1.63,1.74,1.84,2.00,2.24,2.48,2.52,2.35,2.14,1.73,1.88,1.69,1.66,1.64,0.79,0.65,0.65,0.51,0.38,0.34,0.29,0.27,0.04,-0.19,-0.19,-0.02,-0.01,-0.23,-0.36,-0.24,0.04,0.24,0.66,0.92,1.36,1.67,1.85,2.05,2.17,2.45,2.70,2.59,2.52,2.55,2.33,2.24,2.24,2.22,2.13,1.85,1.38,1.20,1.04,0.95,1.13,1.04,1.12,1.24,1.13,1.23,1.09,1.28,1.44,1.20,1.04,1.07,0.97,0.85,0.71,0.61,0.90,0.82,1.07,0.72,0.66,0.75,0.92,0.93,1.19,1.29,1.29,1.29,1.29,1.36,1.39,1.35,1.46,1.56,1.18,1.44,1.23,0.97,0.97,1.01,1.30,1.55,1.33,1.28,1.30,1.28,1.50,1.92,2.17,2.24,2.30,2.33,2.51,2.14,2.24,2.08,2.11,1.97,1.88,2.12,2.03,2.00,2.13,1.77,1.71,1.51,1.72,1.57,1.80,1.58,1.60,1.84,2.05,2.24,2.23,2.11,2.22,1.97,1.89,1.75,1.75,1.99,2.01,1.88,2.16,2.20,2.29,2.40,2.40,2.25,2.41,2.39,2.47,2.54,2.46,2.28,2.37,2.54,2.57,2.54,2.52,2.35,2.71,2.31
1.91,1.85,1.80,1.84,1.99,2.12,2.41,2.53,2.45,2.26,2.06,1.68,1.75,1.62,1.55,1.41,1.22,1.19,1.22,0.97,0.69,0.53,0.50,0.50,0.41,0.44,0.38,0.59,0.55,0.27,0.12,0.24,0.33,0.70,1.03,1.13,1.46,1.68,1.84,2.03,2.20,2.48,2.63,2.53,2.51,2.51,2.37,2.33,2.37,2.33,2.11,1.91,1.63,1.13,0.80,1.04,1.17,0.95,1.07,1.18,1.00,1.13,1.20,1.52,1.42,1.08,0.95,0.92,0.93,0.80,0.71,0.63,0.85,0.95,1.04,0.82,0.65,0.70,1.04,0.96,1.14,1.30,1.56,1.53,1.35,1.34,1.23,1.12,1.20,1.33,1.22,1.29,1.06,0.87,0.84,1.03,1.28,1.56,1.39,1.23,1.18,1.31,1.63,2.00,2.19,2.13,2.12,2.39,2.51,2.24,2.22,2.01,2.03,1.96,1.86,1.95,1.94,1.88,2.05,1.78,1.73,1.47,1.57,1.62,1.88,1.77,1.68,1.83,1.99,2.14,2.14,2.23,2.26,2.03,1.92,1.94,1.85,1.78,1.89,1.92,2.13,2.22,2.29,2.35,2.36,2.45,2.47,2.42,2.52,2.65,2.63,2.37,2.35,2.55,2.58,2.46,2.37,2.16,2.57,2.43
1.97,1.94,1.86,1.92,2.14,2.33,2.26,2.47,2.49,2.30,2.00,1.56,1.63,1.60,1.44,1.28,1.20,1.13,1.14,1.06,1.12,1.20,1.01,0.70,0.97,1.04,1.06,1.15,1.00,0.65,0.58,0.77,0.84,1.00,1.14,1.28,1.50,1.56,1.67,1.86,2.22,2.62,2.54,2.42,2.46,2.42,2.55,2.66,2.64,2.40,2.14,2.00,1.72,1.20,0.88,1.04,1.12,0.87,1.07,1.12,0.93,1.27,1.52,1.77,1.52,1.18,1.20,1.13,0.81,0.63,0.53,0.64,0.98,1.17,1.09,0.70,0.87,0.82,1.00,1.11,1.31,1.28,1.22,1.27,1.29,1.35,1.39,1.29,1.39,1.40,1.20,1.36,1.04,1.11,0.91,1.01,1.27,1.47,1.46,1.25,1.29,1.46,1.75,2.13,2.24,2.30,2.45,2.40,2.49,2.16,2.34,2.06,2.16,2.19,2.05,2.05,2.01,1.80,1.88,1.86,1.77,1.63,1.63,1.63,1.77,1.67,1.57,1.66,1.66,1.84,1.92,2.11,2.14,2.12,1.96,1.92,1.99,1.85,1.95,1.90,2.02,2.14,2.24,2.28,2.26,2.30,2.58,2.60,2.64,2.62,2.47,2.31,2.42,2.52,2.46,2.30,2.25,2.23,2.42,2.41
1.95,1.94,1.80,1.91,2.12,2.14,2.36,2.53,2.42,2.24,1.99,1.55,1.67,1.56,1.34,1.27,1.35,1.18,1.07,1.02,1.00,1.11,1.23,1.20,1.09,1.03,1.11,1.20,1.03,0.80,0.82,1.02,1.08,1.28,1.49,1.44,1.49,1.58,1.64,1.80,2.20,2.55,2.63,2.87,2.59,2.43,2.60,2.89,2.80,2.52,2.36,2.06,1.57,1.20,0.93,0.90,1.08,0.82,1.13,1.09,0.86,1.18,1.56,1.67,1.42,1.06,0.86,0.82,0.80,0.75,0.54,0.67,0.85,0.93,0.74,0.59,0.58,0.80,0.82,0.85,1.09,1.08,1.04,1.20,1.34,1.25,1.04,0.95,1.12,1.11,0.87,1.18,0.80,1.06,0.87,1.07,1.25,1.49,1.45,1.23,1.23,1.45,1.80,2.12,2.23,2.26,2.29,2.34,2.74,2.20,2.20,2.08,2.05,2.11,2.05,2.14,2.17,1.88,1.92,2.00,2.00,1.72,1.89,1.83,1.92,1.75,1.61,1.84,1.77,1.85,2.07,2.18,2.12,2.13,2.01,1.90,1.99,1.94,1.92,1.84,1.92,2.03,2.14,2.17,2.08,2.25,2.45,2.39,2.33,2.41,2.37,2.31,2.34,2.37,2.35,2.18,2.09,2.19,2.34,2.31
