-17.92,-17.89,-17.95,-17.76,-17.84,-17.81,-17.72,-17.65,-17.73,-17.72,-17.83,-17.94,-17.98,-17.78,-17.39,-17.83,-17.89,-17.78,-17.81,-17.75,-17.51,-17.92,-17.84,-17.94,-17.73,-17.72,-17.76,-17.72,-17.79,-17.83,-18.35,-18.00,-18.09,-18.09,-18.21,-18.32,-18.17,-18.02,-18.24,-18.05,-18.16,-18.35,-18.25,-18.30,-18.28,-18.35,-18.62,-18.73,-18.67,-18.47,-18.54,-18.22,-18.49,-18.25,-18.36,-18.46,-18.40,-18.33,-18.44,-18.55,-18.62,-18.68,-18.60,-18.54,-18.84,-18.59,-18.38,-18.33,-18.54,-18.43,-18.44,-18.35,-18.33,-18.28,-18.57,-18.60,-18.21,-18.02,-18.13,-18.16,-18.16,-18.59,-18.68,-18.62,-18.75,-18.36,-18.43,-18.59,-18.76,-18.67,-18.94,-18.89,-18.76,-18.73,-18.79,-18.76,-18.67,-18.79,-18.92,-18.81,-18.68,-18.57,-18.78,-18.92,-18.87,-19.02,-19.08,-19.07,-18.89,-18.87,-18.95,-18.97,-18.99,-18.92,-19.03,-19.29,-19.34,-19.07,-19.21,-18.83,-18.73,-18.87,-18.91,-18.94,-18.73,-18.86,-18.63,-18.79,-18.99,-18.78,-18.75,-18.71,-18.52,-18.65,-18.71,-18.97,-18.89,-18.89,-18.95,-19.03,-19.11,-19.13,-19.03,-19.19,-18.95,-18.91,-18.97,-18.71,-18.99,-18.83,-19.07,-19.15,-18.94,-18.84,-19.07,-18.65,-18.73,-18.86,-18.86,-18.79
-18.03,-17.87,-17.91,-17.86,-17.78,-17.83,-17.76,-17.59,-17.54,-17.61,-17.75,-17.78,-17.97,-18.11,-17.57,-18.06,-18.21,-17.89,-17.76,-17.89,-17.72,-17.97,-17.91,-17.95,-17.73,-17.57,-17.70,-17.86,-17.75,-17.54,-17.97,-18.14,-18.00,-17.97,-17.98,-17.87,-17.84,-18.09,-18.14,-18.13,-18.09,-18.03,-18.05,-18.22,-18.13,-18.14,-18.44,-18.43,-18.44,-18.25,-18.38,-18.28,-18.36,-18.40,-18.41,-18.35,-18.43,-18.41,-18.49,-18.57,-18.59,-18.91,-18.75,-18.51,-18.44,-18.62,-18.25,-18.32,-18.43,-18.44,-18.19,-18.38,-18.33,-18.16,-18.05,-18.06,-18.17,-18.14,-18.16,-18.51,-18.44,-18.36,-18.60,-18.28,-18.62,-18.60,-18.68,-18.73,-18.71,-18.63,-18.71,-18.84,-18.75,-18.73,-18.79,-18.71,-18.57,-18.67,-18.89,-18.76,-18.63,-18.43,-18.70,-18.97,-18.92,-18.99,-18.97,-18.92,-18.76,-18.78,-18.92,-18.97,-18.92,-18.81,-18.78,-19.08,-18.81,-18.94,-18.97,-18.60,-18.76,-18.68,-18.68,-18.92,-18.76,-18.73,-18.47,-18.75,-18.92,-18.73,-18.68,-18.55,-18.44,-18.67,-18.59,-18.94,-18.94,-18.99,-18.78,-18.70,-18.91,-19.02,-19.03,-19.18,-18.84,-18.84,-18.91,-18.76,-18.81,-18.81,-18.95,-18.92,-18.83,-18.84,-18.86,-18.78,-18.62,-18.60,-18.81,-18.99
-18.06,-17.79,-17.62,-17.70,-17.65,-17.72,-17.86,-17.79,-17.61,-17.56,-17.76,-17.72,-17.67,-17.89,-17.72,-17.87,-17.92,-17.72,-17.62,-17.87,-17.76,-17.95,-17.89,-17.81,-17.83,-17.65,-17.50,-17.67,-17.84,-17.62,-17.95,-18.02,-17.89,-17.98,-17.97,-17.78,-17.89,-17.97,-18.08,-17.95,-18.08,-17.98,-17.91,-18.17,-18.21,-18.08,-18.32,-18.22,-18.36,-18.21,-18.14,-18.32,-18.32,-18.00,-18.06,-18.17,-18.24,-18.27,-18.27,-18.22,-18.21,-18.46,-18.46,-18.41,-18.68,-18.35,-18.30,-18.62,-18.28,-18.14,-18.09,-18.46,-18.47,-18.21,-17.97,-18.05,-18.28,-18.33,-18.35,-18.35,-18.22,-18.16,-18.19,-18.21,-18.27,-18.49,-18.38,-18.47,-18.28,-18.52,-18.59,-18.68,-18.73,-18.63,-18.60,-18.59,-18.59,-18.73,-18.83,-18.63,-18.67,-18.55,-18.65,-18.86,-18.87,-19.00,-19.03,-18.89,-18.73,-18.79,-18.92,-18.94,-18.92,-18.94,-18.92,-19.07,-18.97,-18.81,-18.92,-18.84,-18.55,-18.54,-18.83,-19.07,-19.18,-18.79,-18.49,-18.76,-18.71,-18.63,-18.51,-18.41,-18.49,-18.67,-18.73,-18.71,-18.78,-19.03,-18.87,-18.76,-18.94,-19.07,-18.71,-19.18,-18.87,-18.92,-18.97,-18.89,-18.76,-18.79,-18.70,-18.78,-18.81,-18.70,-18.92,-18.76,-18.70,-18.81,-19.02,-19.11
-18.00,-17.76,-17.50,-17.28,-17.45,-17.68,-17.70,-17.59,-17.86,-17.83,-18.03,-17.98,-17.75,-17.86,-17.94,-17.75,-17.79,-17.72,-17.57,-17.73,-17.61,-17.75,-17.98,-17.84,-17.81,-17.81,-17.53,-17.42,-17.64,-17.43,-17.81,-17.95,-18.00,-17.98,-17.89,-17.83,-17.92,-17.92,-18.17,-17.75,-18.02,-18.22,-17.98,-18.13,-18.33,-18.19,-18.27,-18.59,-18.17,-18.17,-18.24,-18.06,-18.24,-18.16,-18.08,-18.02,-18.11,-18.33,-18.46,-18.28,-18.13,-18.32,-18.30,-18.25,-18.71,-18.33,-18.28,-18.36,-18.03,-18.36,-18.13,-18.28,-18.30,-18.24,-17.95,-18.00,-18.25,-18.27,-18.32,-18.30,-18.30,-18.28,-18.24,-18.41,-18.40,-18.35,-18.27,-18.47,-18.25,-18.46,-18.40,-18.59,-18.67,-18.75,-18.76,-18.60,-18.51,-18.51,-18.52,-18.78,-18.73,-18.78,-18.67,-18.62,-18.83,-19.07,-18.94,-18.78,-18.81,-18.92,-18.94,-18.84,-18.87,-18.94,-19.02,-18.86,-18.68,-18.63,-18.91,-18.81,-18.73,-18.91,-18.94,-18.84,-18.95,-19.07,-18.51,-19.24,-18.67,-18.67,-18.41,-18.49,-18.62,-18.57,-18.75,-18.83,-19.00,-19.05,-18.91,-18.89,-18.94,-18.94,-18.79,-19.00,-19.05,-19.11,-19.08,-18.94,-18.89,-18.70,-18.71,-18.78,-18.78,-18.71,-18.78,-19.13,-18.97,-19.11,-19.32,-19.31
-17.83,-17.87,-17.95,-18.06,-17.83,-17.67,-17.76,-17.73,-18.06,-17.89,-17.92,-17.97,-17.86,-18.00,-17.97,-17.78,-17.92,-18.05,-17.78,-17.64,-17.64,-17.73,-17.57,-17.78,-17.79,-17.64,-17.57,-17.56,-17.65,-17.51,-17.92,-17.98,-17.89,-17.97,-17.98,-17.87,-17.84,-17.95,-18.27,-17.91,-17.98,-18.19,-18.05,-17.98,-18.05,-17.98,-18.17,-18.27,-18.36,-18.09,-18.14,-18.13,-18.02,-17.95,-18.11,-18.06,-18.08,-18.30,-18.38,-18.21,-18.11,-18.28,-18.49,-18.16,-18.67,-18.24,-18.49,-18.38,-18.06,-18.40,-18.19,-18.22,-18.30,-18.30,-18.17,-18.14,-18.25,-18.19,-18.14,-18.24,-18.24,-18.33,-18.35,-18.36,-18.08,-18.43,-18.32,-18.32,-18.35,-18.49,-18.47,-18.54,-18.71,-18.78,-18.73,-18.55,-18.46,-18.52,-18.57,-18.63,-18.68,-18.54,-18.59,-18.44,-18.78,-18.81,-18.91,-18.75,-18.79,-18.89,-18.84,-18.89,-18.92,-18.95,-19.07,-18.78,-18.75,-18.83,-18.75,-18.89,-18.67,-18.68,-18.86,-18.68,-18.46,-18.78,-18.76,-18.89,-18.59,-18.46,-18.57,-18.81,-18.73,-18.62,-18.84,-18.91,-19.08,-18.91,-19.00,-18.87,-18.78,-18.97,-19.16,-18.95,-18.84,-19.03,-18.97,-18.92,-19.07,-18.76,-18.81,-18.83,-18.70,-18.62,-18.84,-19.03,-18.76,-18.59,-18.70,-18.92
-17.64,-17.64,-17.75,-17.61,-17.42,-17.34,-17.48,-17.61,-18.05,-17.68,-17.73,-17.97,-17.78,-17.92,-17.79,-17.76,-17.81,-17.86,-17.79,-17.59,-17.67,-17.87,-17.97,-17.89,-17.83,-17.79,-17.59,-17.51,-17.64,-17.47,-17.89,-18.03,-17.92,-18.00,-18.19,-17.95,-17.89,-17.76,-18.08,-18.21,-18.13,-18.13,-18.08,-17.92,-17.89,-18.09,-18.24,-18.44,-17.94,-17.76,-18.09,-18.03,-18.09,-17.97,-18.05,-18.17,-18.14,-18.30,-18.46,-18.21,-18.02,-18.25,-18.44,-18.16,-18.63,-18.46,-18.44,-18.46,-18.21,-18.21,-18.33,-18.25,-18.25,-18.25,-18.25,-18.27,-18.19,-18.09,-18.09,-18.19,-18.13,-18.30,-18.25,-18.21,-17.92,-18.28,-18.25,-18.32,-18.24,-18.62,-18.55,-18.52,-18.57,-18.59,-18.70,-18.65,-18.55,-18.54,-18.55,-18.59,-18.43,-18.44,-18.78,-18.76,-18.81,-18.47,-18.70,-18.94,-18.83,-18.57,-18.79,-19.08,-19.08,-19.11,-19.16,-18.86,-18.81,-18.86,-18.75,-18.95,-18.67,-18.60,-18.68,-18.65,-18.75,-18.94,-18.71,-18.81,-18.40,-18.30,-18.46,-18.62,-18.67,-18.78,-18.94,-18.70,-19.07,-18.81,-19.08,-18.91,-18.89,-19.00,-18.87,-18.76,-18.57,-18.81,-18.78,-18.86,-19.08,-19.05,-18.71,-18.76,-18.59,-18.51,-18.65,-18.68,-18.59,-18.70,-18.87,-18.89
-17.48,-17.47,-17.94,-17.78,-17.51,-17.43,-17.56,-17.61,-17.86,-17.56,-17.56,-17.98,-17.72,-17.59,-17.67,-17.75,-17.89,-17.91,-17.40,-17.72,-17.59,-17.54,-17.70,-17.75,-17.67,-17.62,-17.40,-17.32,-17.73,-17.57,-17.76,-17.95,-18.05,-18.06,-18.02,-18.02,-17.92,-17.73,-17.91,-17.87,-18.16,-18.38,-18.35,-18.28,-18.24,-18.14,-17.97,-18.30,-17.81,-17.89,-18.09,-18.02,-18.13,-18.08,-18.11,-18.27,-18.21,-18.17,-18.35,-18.11,-17.91,-18.21,-18.32,-18.17,-18.62,-18.54,-18.30,-18.40,-18.32,-18.16,-18.49,-18.09,-18.02,-18.09,-18.09,-18.14,-18.11,-18.06,-18.14,-18.21,-18.16,-18.25,-18.05,-18.16,-17.89,-18.08,-18.13,-18.32,-18.41,-18.67,-18.52,-18.35,-18.51,-18.59,-18.59,-18.54,-18.57,-18.68,-18.65,-18.63,-18.62,-18.57,-18.87,-18.52,-18.79,-18.76,-18.75,-18.46,-18.73,-18.87,-19.13,-19.18,-18.95,-19.00,-19.13,-18.78,-18.49,-18.71,-18.89,-18.97,-18.70,-18.79,-18.86,-18.68,-18.60,-18.57,-18.35,-18.63,-18.16,-18.32,-18.35,-18.57,-18.30,-18.35,-18.62,-18.55,-19.05,-18.89,-19.03,-18.79,-18.95,-18.89,-18.51,-18.63,-18.73,-18.97,-18.92,-18.79,-18.65,-18.51,-18.54,-18.55,-18.49,-18.47,-18.54,-18.62,-18.52,-18.84,-18.99,-19.00
-17.70,-17.57,-17.53,-17.61,-17.64,-17.61,-17.65,-17.68,-17.64,-17.54,-17.54,-17.78,-17.65,-17.72,-17.53,-17.62,-17.76,-17.65,-17.20,-17.70,-17.45,-17.57,-17.61,-17.57,-17.57,-17.53,-17.32,-17.26,-17.70,-17.57,-17.67,-17.81,-17.92,-17.89,-17.47,-17.59,-17.81,-17.94,-18.03,-17.83,-17.81,-18.05,-18.19,-18.05,-17.84,-17.98,-18.03,-18.05,-17.81,-18.00,-18.09,-17.89,-17.98,-17.98,-18.00,-18.09,-18.06,-18.05,-18.19,-18.08,-17.92,-18.05,-18.28,-18.22,-18.55,-18.25,-18.33,-18.21,-18.25,-18.24,-18.46,-17.94,-17.84,-18.03,-17.98,-17.98,-18.11,-18.09,-18.08,-18.17,-18.19,-18.16,-17.95,-18.14,-17.91,-18.06,-18.22,-18.17,-18.55,-18.49,-18.40,-18.21,-18.47,-18.55,-18.44,-18.43,-18.65,-18.73,-18.57,-18.57,-18.59,-18.62,-18.83,-18.44,-18.68,-18.81,-18.67,-18.43,-18.54,-18.81,-19.02,-18.99,-18.95,-19.00,-19.02,-18.84,-18.49,-18.86,-18.76,-18.94,-18.59,-18.84,-18.91,-18.73,-18.65,-18.55,-18.43,-18.57,-18.32,-18.49,-18.27,-18.73,-18.60,-18.38,-18.41,-18.55,-18.78,-18.97,-18.89,-18.62,-18.87,-18.71,-18.44,-18.71,-18.78,-18.84,-18.59,-18.73,-18.94,-18.71,-18.70,-18.38,-18.47,-18.62,-18.71,-18.75,-18.60,-18.86,-18.92,-18.68
-17.56,-17.59,-17.48,-17.32,-17.42,-17.67,-17.47,-17.59,-17.54,-17.57,-17.76,-17.76,-17.22,-17.89,-17.61,-17.54,-17.72,-17.56,-17.17,-17.50,-17.36,-17.51,-17.57,-17.48,-17.57,-17.53,-17.51,-17.36,-17.50,-17.09,-17.40,-17.83,-17.70,-17.61,-17.47,-17.62,-17.48,-17.57,-17.68,-17.54,-17.57,-17.78,-17.97,-17.92,-17.79,-17.91,-17.95,-17.89,-17.75,-17.95,-17.98,-17.81,-17.84,-17.83,-17.83,-17.78,-17.76,-18.05,-18.16,-18.14,-18.02,-17.78,-18.21,-18.24,-18.49,-18.03,-18.28,-17.86,-17.95,-18.13,-18.14,-18.24,-17.98,-17.97,-18.02,-17.97,-17.98,-17.81,-18.00,-18.00,-18.02,-18.21,-18.06,-17.92,-18.11,-18.09,-18.36,-18.06,-18.17,-18.19,-18.27,-18.22,-18.38,-18.49,-18.35,-18.46,-18.59,-18.49,-18.40,-18.33,-18.36,-18.40,-18.49,-18.27,-18.60,-18.36,-18.60,-18.52,-18.24,-18.59,-19.02,-18.91,-18.70,-18.54,-18.57,-18.71,-18.59,-18.73,-18.47,-18.73,-18.43,-18.67,-18.67,-18.71,-18.78,-18.70,-18.57,-18.62,-18.60,-18.36,-18.52,-18.71,-18.68,-18.62,-18.49,-18.35,-18.44,-18.67,-18.70,-18.62,-18.78,-18.60,-18.55,-18.81,-18.62,-18.67,-18.46,-18.65,-18.81,-18.63,-18.25,-18.73,-18.63,-18.47,-18.54,-18.73,-18.78,-18.86,-18.73,-18.38
-17.43,-17.40,-17.48,-17.37,-17.23,-17.67,-17.29,-17.42,-17.62,-17.65,-17.59,-17.92,-17.18,-17.50,-17.61,-17.50,-17.50,-17.57,-17.28,-17.32,-17.17,-17.34,-17.50,-17.39,-17.56,-17.42,-17.62,-17.39,-17.59,-17.25,-17.23,-17.65,-17.72,-17.78,-17.51,-17.84,-17.54,-17.72,-17.70,-17.56,-17.73,-17.91,-17.87,-17.89,-17.84,-17.86,-17.75,-17.87,-17.79,-17.94,-17.87,-17.84,-17.81,-17.75,-17.79,-17.67,-17.59,-18.06,-18.14,-18.06,-17.92,-17.65,-18.13,-18.05,-18.46,-18.06,-18.06,-17.92,-18.17,-18.00,-17.89,-18.03,-17.84,-17.76,-17.94,-17.98,-17.81,-17.59,-17.81,-18.06,-17.89,-18.13,-18.09,-17.79,-18.02,-18.27,-18.02,-17.98,-18.22,-18.06,-18.17,-18.30,-18.41,-18.49,-18.36,-18.44,-18.40,-18.27,-18.32,-18.33,-18.30,-18.19,-18.35,-18.25,-18.52,-18.35,-18.54,-18.65,-18.40,-18.81,-19.11,-19.07,-18.81,-18.71,-18.75,-18.67,-18.70,-18.86,-18.68,-18.73,-18.52,-18.71,-18.62,-18.57,-18.67,-18.65,-18.52,-18.52,-18.60,-18.21,-18.43,-18.65,-18.54,-18.67,-18.68,-18.47,-18.59,-18.78,-18.38,-18.30,-18.62,-18.52,-18.55,-18.73,-18.51,-18.51,-18.59,-18.73,-18.78,-18.68,-18.49,-18.75,-18.59,-18.78,-18.81,-18.63,-18.84,-18.75,-18.62,-18.38
-17.34,-17.17,-17.28,-17.50,-17.53,-17.57,-17.36,-17.54,-17.68,-17.65,-17.48,-17.72,-17.20,-17.42,-17.57,-17.45,-17.34,-17.61,-17.34,-17.40,-17.20,-17.28,-17.42,-17.20,-17.32,-17.25,-17.28,-17.34,-17.53,-17.34,-17.28,-17.53,-17.48,-17.53,-17.48,-17.51,-17.48,-17.68,-17.75,-17.45,-17.51,-17.84,-17.84,-17.83,-17.73,-17.76,-17.72,-18.02,-17.87,-17.94,-17.91,-17.89,-17.84,-17.70,-17.57,-17.62,-17.86,-18.03,-18.11,-18.03,-17.92,-17.73,-18.06,-18.08,-18.14,-18.02,-18.06,-17.95,-17.91,-17.98,-18.17,-18.09,-18.06,-18.09,-18.06,-18.09,-18.06,-17.84,-17.75,-17.87,-17.59,-17.75,-17.91,-18.02,-17.91,-18.00,-18.22,-18.08,-17.97,-18.19,-18.25,-18.41,-18.51,-18.35,-18.35,-18.32,-18.41,-18.40,-18.35,-18.54,-18.41,-18.22,-18.40,-18.32,-18.46,-18.49,-18.55,-18.68,-18.54,-18.75,-18.97,-18.99,-18.76,-18.73,-18.81,-18.59,-18.25,-18.49,-18.41,-18.57,-18.54,-18.75,-18.68,-18.52,-18.44,-18.47,-18.49,-18.38,-18.51,-18.35,-18.30,-18.57,-18.30,-18.54,-18.71,-18.78,-18.84,-18.76,-18.68,-18.55,-18.92,-18.76,-18.59,-18.62,-18.59,-18.49,-18.65,-18.70,-18.75,-18.67,-18.49,-18.52,-18.40,-18.71,-18.78,-18.62,-18.67,-18.63,-18.41,-18.19
-17.09,-17.03,-17.14,-17.31,-17.12,-17.29,-17.04,-17.14,-17.23,-17.17,-17.29,-17.34,-17.18,-17.34,-17.48,-17.37,-17.22,-17.37,-17.26,-17.50,-17.50,-17.40,-17.37,-17.25,-17.43,-17.31,-17.22,-17.15,-17.29,-17.28,-17.37,-17.67,-17.39,-17.54,-17.43,-17.50,-17.50,-17.34,-17.51,-17.45,-17.36,-17.65,-17.87,-17.91,-17.62,-17.73,-17.86,-18.16,-17.81,-17.72,-17.87,-17.70,-17.68,-17.76,-17.54,-17.39,-17.54,-17.84,-17.76,-17.75,-17.75,-17.70,-17.94,-17.78,-18.05,-18.00,-18.02,-17.68,-17.57,-17.75,-18.06,-18.21,-18.00,-18.05,-18.19,-18.05,-17.98,-17.98,-17.98,-18.08,-17.78,-17.86,-17.86,-17.79,-17.92,-17.86,-17.91,-17.98,-17.94,-18.30,-18.08,-17.97,-18.40,-18.52,-18.47,-18.47,-18.44,-18.36,-18.36,-18.41,-18.33,-18.22,-18.27,-18.21,-18.43,-18.62,-18.47,-18.68,-18.46,-18.44,-18.70,-18.78,-18.76,-18.70,-18.75,-18.71,-18.62,-18.81,-18.51,-18.65,-18.68,-18.81,-18.76,-18.49,-18.35,-18.47,-18.59,-18.52,-18.59,-18.55,-18.32,-18.49,-18.33,-18.44,-18.54,-18.51,-18.43,-18.46,-18.49,-18.32,-18.44,-18.27,-18.24,-18.44,-18.71,-18.79,-18.35,-18.47,-18.60,-18.54,-18.35,-18.14,-18.17,-18.36,-18.33,-18.35,-18.52,-18.51,-18.24,-18.25
-17.00,-17.22,-17.36,-17.09,-17.03,-17.28,-16.98,-17.00,-17.12,-17.07,-17.03,-17.28,-17.15,-17.26,-17.29,-17.15,-17.07,-17.01,-17.01,-17.20,-17.18,-17.12,-17.32,-17.14,-17.26,-17.28,-17.15,-17.17,-17.26,-17.15,-17.11,-17.37,-17.11,-17.32,-17.37,-17.39,-17.40,-17.18,-17.34,-17.47,-17.42,-17.54,-17.76,-18.05,-17.73,-17.84,-17.98,-18.05,-18.16,-18.03,-17.73,-17.73,-17.76,-17.64,-17.61,-17.76,-17.92,-17.81,-17.79,-17.92,-17.51,-17.84,-17.97,-17.57,-17.98,-17.91,-18.05,-17.72,-17.61,-17.78,-17.84,-17.95,-18.02,-17.92,-17.89,-17.87,-17.83,-17.79,-17.79,-17.83,-17.97,-17.68,-17.89,-17.76,-17.89,-18.00,-18.02,-18.17,-18.17,-18.08,-18.36,-18.14,-17.95,-18.06,-18.33,-18.30,-18.33,-18.41,-18.35,-18.33,-18.32,-18.14,-18.22,-18.13,-18.43,-18.71,-18.30,-18.57,-18.40,-18.41,-18.52,-18.63,-18.76,-18.52,-18.57,-18.70,-18.60,-18.71,-18.47,-18.33,-18.09,-18.44,-18.32,-18.47,-18.70,-18.59,-18.36,-18.33,-18.36,-18.35,-18.16,-18.41,-18.40,-18.38,-18.44,-18.41,-18.27,-18.19,-18.32,-18.13,-18.30,-18.22,-18.14,-18.19,-18.33,-18.33,-18.51,-18.30,-18.46,-18.49,-18.24,-18.09,-18.11,-18.33,-18.33,-18.32,-18.46,-18.59,-18.41,-18.25
-16.92,-16.98,-17.20,-17.39,-17.42,-17.36,-17.48,-17.29,-17.17,-17.31,-16.87,-17.26,-17.14,-17.15,-17.18,-16.92,-17.14,-17.04,-16.72,-16.76,-16.89,-16.93,-17.11,-17.18,-17.01,-17.14,-17.00,-16.84,-17.04,-17.11,-16.97,-17.28,-16.92,-17.26,-17.34,-17.11,-17.23,-17.25,-17.37,-17.39,-17.32,-17.47,-17.37,-17.70,-17.53,-17.72,-17.67,-17.76,-17.92,-17.84,-17.51,-17.36,-17.40,-17.40,-17.40,-17.40,-17.34,-17.54,-17.43,-17.68,-17.53,-17.73,-17.92,-17.57,-17.83,-17.89,-17.87,-17.76,-17.67,-17.72,-17.86,-18.02,-17.92,-17.79,-17.83,-17.89,-17.97,-17.84,-17.81,-17.72,-17.72,-17.83,-17.48,-17.86,-18.11,-17.92,-17.83,-18.13,-17.65,-17.87,-17.84,-18.16,-18.22,-18.25,-18.30,-18.17,-18.02,-17.91,-17.92,-18.06,-18.00,-17.94,-18.19,-18.28,-18.25,-18.32,-18.40,-18.11,-18.43,-18.41,-18.44,-18.49,-18.68,-18.47,-18.49,-18.46,-18.27,-18.43,-18.52,-18.38,-18.19,-18.54,-18.13,-18.47,-18.38,-18.16,-18.27,-18.46,-18.36,-18.22,-18.02,-18.35,-18.11,-18.28,-18.41,-18.41,-18.32,-18.25,-18.43,-18.14,-18.52,-18.51,-18.63,-18.46,-18.17,-18.60,-18.41,-18.08,-18.47,-18.43,-18.19,-18.27,-18.32,-18.44,-18.36,-18.28,-18.24,-18.32,-18.47,-18.27
-16.76,-16.79,-16.93,-17.17,-17.45,-17.29,-17.34,-17.32,-17.23,-17.43,-16.87,-17.18,-17.11,-17.07,-17.23,-17.09,-17.23,-17.18,-16.90,-16.89,-17.04,-17.09,-17.11,-17.17,-17.01,-17.12,-16.93,-16.87,-17.03,-17.17,-17.06,-17.31,-16.95,-17.25,-17.28,-16.86,-17.11,-17.22,-17.37,-17.36,-17.17,-17.57,-17.53,-17.79,-17.23,-17.40,-17.73,-17.32,-17.53,-17.53,-17.48,-17.48,-17.54,-17.37,-17.01,-17.14,-17.25,-17.29,-17.37,-17.31,-17.23,-17.48,-17.56,-17.36,-17.83,-17.83,-17.81,-17.81,-17.70,-17.72,-17.76,-17.75,-17.65,-17.56,-17.59,-17.65,-17.70,-17.59,-17.42,-17.53,-17.40,-17.67,-17.65,-17.78,-17.43,-17.73,-17.54,-17.76,-17.48,-17.84,-17.83,-17.92,-18.08,-18.24,-18.16,-18.05,-18.08,-17.91,-17.79,-17.91,-17.92,-17.94,-18.00,-18.05,-18.38,-18.22,-18.41,-18.28,-18.21,-18.22,-18.33,-18.33,-18.62,-18.63,-18.57,-18.33,-18.14,-18.38,-18.43,-18.40,-18.19,-18.70,-18.17,-18.49,-18.47,-18.38,-18.27,-18.27,-18.43,-18.41,-18.30,-18.55,-18.16,-18.21,-18.16,-18.25,-18.35,-18.35,-18.47,-18.41,-18.75,-18.65,-18.62,-18.44,-18.40,-18.43,-18.11,-18.33,-18.33,-18.32,-18.14,-17.98,-18.65,-18.24,-18.22,-18.19,-18.09,-18.02,-18.27,-18.09
-16.61,-16.72,-16.90,-16.95,-17.29,-17.14,-16.98,-17.04,-17.28,-17.25,-16.81,-17.12,-17.12,-16.95,-16.95,-17.03,-16.55,-16.95,-17.00,-16.93,-16.97,-16.93,-17.11,-16.98,-16.90,-17.03,-16.95,-16.93,-17.06,-17.11,-17.11,-17.26,-17.18,-17.12,-17.04,-16.79,-17.07,-17.20,-17.34,-17.26,-16.83,-17.53,-17.11,-17.59,-17.89,-17.43,-17.50,-17.68,-17.68,-17.39,-17.23,-17.25,-17.26,-17.15,-17.06,-17.26,-17.14,-17.15,-17.36,-17.06,-17.26,-17.32,-17.28,-17.18,-17.59,-17.78,-17.84,-17.78,-17.51,-17.64,-17.75,-17.62,-17.54,-17.45,-17.32,-17.45,-17.50,-17.54,-17.43,-17.61,-17.51,-17.54,-17.61,-17.70,-17.48,-17.76,-17.45,-17.47,-17.67,-17.72,-17.83,-17.92,-17.89,-17.98,-18.06,-17.95,-18.02,-18.05,-18.09,-18.21,-18.09,-18.21,-18.47,-18.43,-18.49,-18.13,-18.28,-18.40,-18.59,-18.36,-18.33,-18.19,-18.62,-18.60,-18.59,-18.44,-18.38,-18.47,-18.43,-18.49,-18.30,-18.54,-18.33,-18.44,-18.46,-18.33,-18.19,-18.28,-18.36,-18.08,-18.13,-18.22,-17.78,-18.06,-18.17,-18.41,-18.46,-18.30,-18.38,-18.46,-18.60,-18.43,-18.43,-18.41,-18.35,-18.32,-18.24,-18.25,-18.28,-18.17,-18.11,-18.27,-18.49,-18.16,-18.16,-18.28,-18.27,-18.11,-17.94,-17.75
-16.66,-16.66,-16.95,-16.89,-17.01,-17.01,-16.92,-16.89,-17.09,-17.14,-16.59,-16.97,-17.20,-17.09,-17.00,-16.76,-16.89,-16.93,-16.73,-16.69,-16.90,-16.84,-16.87,-16.90,-16.90,-16.98,-16.89,-16.76,-16.81,-16.89,-16.78,-17.22,-17.20,-17.01,-16.86,-16.92,-17.12,-17.18,-17.28,-17.36,-17.04,-17.42,-17.31,-17.32,-17.65,-17.65,-17.36,-17.48,-17.53,-17.40,-17.22,-17.17,-17.23,-17.18,-17.07,-16.92,-16.93,-16.97,-16.78,-16.42,-16.35,-16.13,-16.42,-16.84,-17.28,-17.70,-17.72,-17.62,-17.25,-17.34,-17.67,-17.62,-17.48,-17.39,-17.29,-17.42,-17.42,-17.50,-17.48,-17.62,-17.53,-17.64,-17.51,-17.67,-17.39,-17.73,-17.37,-17.45,-17.65,-17.70,-17.78,-17.87,-17.95,-18.05,-18.16,-18.13,-18.00,-17.89,-18.06,-18.22,-18.05,-18.00,-18.00,-17.98,-18.28,-18.14,-18.28,-18.19,-18.60,-18.13,-18.30,-18.30,-18.16,-18.30,-18.40,-18.49,-18.51,-18.38,-18.30,-18.44,-18.38,-18.40,-18.43,-18.35,-18.38,-18.17,-18.16,-18.24,-18.22,-18.14,-18.05,-18.06,-17.97,-18.33,-18.19,-18.36,-18.30,-18.24,-18.36,-18.21,-18.25,-18.27,-18.33,-18.28,-18.28,-18.35,-18.33,-18.05,-18.44,-18.38,-18.14,-18.11,-18.44,-18.28,-18.32,-18.36,-18.41,-18.25,-17.83,-17.57
-16.83,-16.67,-16.83,-16.92,-16.89,-17.04,-17.01,-16.78,-16.78,-17.09,-16.83,-16.78,-16.92,-16.98,-16.86,-16.61,-16.98,-16.90,-16.62,-16.58,-16.92,-16.79,-16.87,-16.79,-16.79,-16.87,-16.73,-16.58,-16.62,-16.73,-16.33,-17.23,-16.93,-16.70,-16.73,-16.49,-16.66,-17.06,-17.01,-16.84,-16.95,-17.25,-17.25,-17.23,-17.37,-17.40,-17.34,-17.42,-17.42,-17.23,-17.06,-17.15,-17.15,-16.92,-16.79,-16.52,-16.79,-16.55,-15.72,-14.13,-13.17,-12.27,-14.12,-15.46,-16.24,-16.73,-17.12,-17.36,-17.14,-17.18,-17.54,-17.57,-17.42,-17.29,-17.31,-17.47,-17.48,-17.36,-17.37,-17.50,-17.43,-17.56,-17.43,-17.56,-17.22,-17.59,-17.45,-17.62,-17.75,-17.91,-17.73,-17.78,-17.92,-17.86,-18.03,-18.06,-17.95,-17.89,-17.98,-18.00,-18.05,-18.19,-18.08,-18.00,-18.22,-18.30,-18.59,-18.03,-18.33,-18.38,-18.49,-18.40,-18.05,-18.13,-18.36,-18.33,-18.16,-18.02,-18.00,-18.27,-18.35,-18.46,-18.35,-18.33,-18.30,-18.14,-18.03,-18.09,-18.14,-18.06,-18.13,-18.22,-17.92,-18.35,-18.06,-18.46,-18.52,-18.41,-18.44,-18.35,-18.19,-18.44,-18.24,-18.17,-18.25,-18.35,-18.28,-18.32,-18.35,-18.33,-18.17,-18.09,-18.24,-18.44,-18.41,-18.28,-17.91,-17.73,-17.95,-17.81
-16.89,-16.78,-16.67,-16.97,-16.98,-17.07,-17.01,-16.70,-16.67,-16.56,-16.93,-17.01,-17.06,-17.15,-16.90,-17.14,-16.86,-16.75,-16.69,-16.72,-16.97,-16.78,-16.90,-16.66,-16.64,-16.76,-16.66,-16.66,-16.95,-16.72,-16.52,-17.09,-16.86,-16.70,-16.69,-17.00,-17.06,-16.79,-16.66,-16.90,-16.92,-17.03,-17.09,-17.34,-17.31,-17.20,-17.22,-17.09,-17.09,-17.15,-17.06,-17.06,-16.98,-16.61,-16.55,-16.30,-16.55,-16.01,-14.69,-10.44,-8.13,-7.28,-10.17,-12.00,-12.52,-13.28,-15.37,-16.66,-17.00,-17.17,-17.43,-17.53,-17.40,-17.31,-17.25,-17.45,-17.56,-17.40,-17.51,-17.47,-17.43,-17.32,-17.31,-17.32,-17.31,-17.45,-17.48,-17.56,-17.73,-17.92,-17.67,-17.70,-17.95,-17.72,-17.98,-17.84,-17.87,-17.87,-17.91,-17.98,-18.00,-18.05,-17.87,-17.86,-18.09,-18.14,-18.28,-17.91,-18.13,-18.13,-18.55,-18.57,-18.25,-18.14,-18.22,-18.22,-18.14,-18.22,-18.40,-18.40,-18.27,-18.35,-18.32,-18.35,-18.38,-18.21,-18.09,-18.14,-18.09,-18.05,-18.11,-18.24,-18.08,-18.30,-18.22,-18.22,-18.35,-18.40,-18.35,-18.33,-18.30,-18.30,-18.19,-18.16,-18.21,-18.19,-18.19,-18.25,-18.11,-18.14,-18.06,-18.05,-18.24,-18.35,-18.06,-17.70,-17.76,-17.81,-17.61,-17.84
-16.78,-16.67,-16.66,-16.90,-16.59,-16.45,-16.61,-16.79,-16.78,-16.58,-16.42,-16.53,-16.72,-16.78,-16.79,-16.93,-16.67,-16.67,-16.76,-16.75,-16.84,-16.73,-16.79,-16.52,-16.62,-16.83,-16.79,-16.64,-16.76,-16.70,-15.93,-16.83,-16.52,-16.52,-16.59,-16.69,-16.69,-16.70,-16.86,-16.93,-16.86,-17.11,-16.98,-17.26,-17.04,-17.01,-17.04,-17.09,-16.93,-16.90,-16.95,-16.87,-16.84,-16.62,-16.45,-16.04,-16.21,-15.32,-12.71,-6.84,-4.07,-3.92,-6.15,-7.08,-6.85,-8.02,-12.23,-15.18,-16.33,-16.83,-17.23,-17.37,-17.20,-17.26,-17.34,-17.40,-17.32,-17.43,-17.51,-17.26,-17.34,-17.23,-17.26,-17.26,-17.17,-17.28,-17.23,-17.39,-17.47,-17.68,-17.67,-17.67,-17.92,-17.70,-17.94,-17.86,-17.91,-17.78,-17.86,-17.91,-17.89,-17.95,-17.89,-18.02,-18.14,-18.24,-18.46,-18.00,-18.05,-17.79,-18.14,-18.25,-18.40,-17.95,-18.19,-18.25,-18.21,-18.19,-18.22,-18.11,-17.75,-18.06,-18.33,-18.25,-18.40,-18.16,-18.09,-17.95,-17.97,-18.06,-18.09,-18.22,-17.94,-18.09,-18.05,-18.03,-18.14,-18.09,-18.00,-18.11,-18.14,-18.06,-17.87,-18.08,-18.08,-18.06,-18.06,-18.03,-17.97,-17.86,-17.98,-17.98,-17.83,-17.97,-17.91,-17.73,-17.59,-17.48,-17.57,-17.78
-16.50,-16.41,-16.35,-16.38,-16.52,-16.73,-16.76,-16.41,-16.49,-16.56,-16.35,-16.41,-16.67,-16.53,-16.86,-16.38,-16.42,-16.66,-16.72,-16.53,-16.69,-16.50,-16.76,-16.35,-16.42,-16.52,-16.44,-16.45,-16.50,-16.18,-16.25,-16.58,-16.22,-16.36,-16.50,-16.58,-16.47,-16.33,-16.64,-16.81,-16.89,-16.73,-17.07,-17.03,-16.72,-16.75,-16.81,-17.06,-17.01,-16.76,-16.81,-16.70,-16.55,-16.69,-16.36,-15.90,-15.58,-13.85,-8.70,-4.01,-2.60,-2.69,-3.47,-3.22,-3.19,-4.41,-8.52,-12.23,-14.58,-16.21,-17.11,-17.09,-16.90,-17.12,-17.15,-17.32,-17.20,-17.11,-17.23,-17.00,-17.28,-17.07,-16.86,-17.45,-17.20,-17.32,-17.20,-17.54,-17.43,-17.61,-17.70,-17.56,-17.62,-17.53,-17.81,-17.92,-17.84,-17.64,-17.79,-17.84,-17.79,-17.87,-17.87,-17.87,-17.94,-18.09,-18.25,-18.06,-18.03,-17.73,-18.03,-18.22,-18.21,-18.11,-18.30,-17.91,-17.75,-17.86,-18.11,-18.19,-17.79,-18.17,-17.84,-18.16,-18.14,-17.98,-17.83,-17.81,-17.87,-17.89,-17.97,-18.06,-17.79,-17.84,-17.91,-17.86,-18.02,-17.94,-17.97,-18.11,-17.73,-17.61,-18.08,-18.00,-18.25,-18.30,-18.13,-18.09,-18.00,-17.68,-17.97,-17.94,-17.76,-18.00,-18.13,-17.72,-17.42,-17.45,-17.59,-17.42
-16.33,-16.45,-16.39,-16.64,-16.59,-16.53,-16.56,-16.28,-16.47,-16.78,-16.44,-16.41,-16.93,-16.64,-16.79,-16.25,-16.30,-16.52,-16.53,-16.50,-16.72,-16.30,-16.35,-16.12,-16.32,-16.39,-16.25,-16.39,-16.39,-16.41,-16.27,-16.44,-16.55,-16.39,-16.44,-16.59,-16.53,-16.35,-16.42,-16.79,-16.73,-16.66,-16.97,-16.69,-16.47,-16.53,-16.45,-16.61,-16.76,-16.67,-16.67,-16.50,-16.12,-16.27,-16.15,-15.72,-13.97,-10.29,-4.37,-2.04,-1.55,-1.72,-1.60,-1.68,-1.96,-2.54,-4.13,-6.57,-10.86,-15.05,-16.81,-16.98,-16.92,-16.93,-16.92,-17.12,-17.03,-16.93,-17.04,-16.76,-17.20,-16.97,-16.95,-17.22,-17.14,-17.18,-17.12,-17.20,-17.23,-17.43,-17.50,-17.40,-17.48,-17.56,-17.73,-17.56,-17.50,-17.40,-17.65,-17.76,-17.56,-17.62,-17.81,-17.89,-17.87,-17.87,-18.11,-17.97,-17.86,-17.54,-17.81,-17.84,-17.89,-17.95,-18.13,-18.02,-18.13,-17.98,-17.97,-18.19,-17.92,-17.87,-17.83,-18.24,-18.27,-18.05,-18.02,-18.05,-17.91,-17.76,-17.79,-17.87,-17.83,-17.91,-17.89,-17.98,-18.03,-17.87,-18.03,-18.14,-17.79,-17.91,-17.98,-17.91,-17.97,-18.14,-18.11,-17.91,-18.05,-17.78,-17.97,-17.94,-17.79,-17.87,-17.86,-17.31,-17.32,-17.50,-17.47,-17.42
-16.41,-16.32,-16.41,-16.56,-16.49,-16.39,-16.45,-16.21,-16.28,-16.61,-16.50,-16.39,-16.87,-16.59,-16.53,-16.38,-16.24,-16.30,-16.49,-16.66,-16.73,-16.25,-16.13,-16.16,-16.27,-16.33,-16.28,-16.24,-16.28,-16.35,-16.41,-16.39,-16.49,-16.24,-16.18,-16.38,-16.42,-16.33,-16.42,-16.55,-16.47,-16.75,-16.62,-16.44,-16.30,-16.35,-16.16,-16.21,-16.38,-16.18,-16.13,-16.13,-15.87,-15.78,-15.58,-14.58,-10.70,-5.25,-2.19,-1.17,-1.00,-1.15,-1.32,-1.08,-1.68,-1.81,-2.18,-3.88,-8.91,-14.43,-16.62,-16.79,-16.86,-16.92,-16.76,-16.97,-17.11,-17.03,-16.95,-16.62,-16.93,-16.76,-16.87,-16.84,-17.18,-17.07,-17.11,-17.14,-17.17,-17.17,-17.57,-17.36,-17.32,-17.45,-17.50,-17.25,-17.22,-17.31,-17.61,-17.54,-17.37,-17.62,-17.84,-17.89,-17.92,-17.84,-18.13,-17.97,-17.70,-17.72,-17.87,-18.00,-17.95,-17.95,-18.03,-17.78,-17.92,-18.00,-17.98,-17.94,-17.73,-17.76,-17.94,-18.24,-18.30,-18.00,-17.92,-17.79,-17.91,-17.87,-17.76,-17.87,-17.84,-17.86,-17.59,-17.91,-17.92,-17.78,-17.86,-17.92,-17.81,-17.79,-18.13,-17.92,-18.09,-17.95,-17.57,-17.54,-17.95,-17.92,-17.98,-17.79,-17.64,-17.64,-17.59,-17.36,-17.50,-17.54,-17.53,-17.50
-16.35,-16.15,-16.36,-16.50,-16.38,-16.22,-16.27,-16.08,-16.16,-16.22,-16.22,-16.27,-16.45,-16.22,-16.39,-16.36,-16.18,-16.12,-16.15,-15.98,-16.13,-15.73,-15.96,-15.95,-15.79,-15.69,-15.66,-15.79,-15.87,-15.70,-16.01,-15.92,-16.22,-16.01,-15.72,-15.95,-16.19,-16.04,-16.28,-15.93,-16.28,-16.45,-16.28,-16.18,-15.99,-15.89,-15.84,-15.98,-16.07,-15.79,-15.70,-15.67,-15.37,-15.31,-14.36,-12.23,-5.99,-2.14,-1.40,-1.05,-1.17,-1.11,-1.19,-1.20,-1.31,-1.54,-2.00,-4.05,-9.44,-14.73,-16.45,-16.53,-16.61,-16.67,-16.67,-16.73,-16.84,-16.79,-16.84,-16.67,-17.03,-16.84,-16.75,-17.03,-17.06,-16.92,-17.04,-17.01,-16.98,-17.39,-17.39,-17.26,-17.45,-17.42,-17.50,-17.47,-17.32,-17.51,-17.68,-17.54,-17.57,-17.79,-17.64,-17.56,-17.79,-17.83,-17.98,-17.92,-17.57,-17.86,-17.81,-17.83,-17.83,-17.89,-17.84,-17.59,-17.68,-17.72,-17.65,-17.64,-17.65,-17.73,-17.57,-17.62,-18.09,-17.70,-17.87,-17.83,-17.91,-17.84,-17.79,-17.86,-17.70,-17.64,-17.45,-17.75,-17.79,-17.75,-17.89,-18.03,-18.00,-18.03,-18.09,-17.83,-18.14,-18.00,-17.70,-17.68,-17.78,-17.84,-17.54,-17.56,-17.62,-17.65,-17.65,-17.48,-17.45,-17.56,-17.59,-17.53
-16.13,-16.27,-16.08,-16.13,-16.18,-16.12,-16.12,-15.95,-16.07,-16.08,-16.02,-16.04,-16.27,-16.04,-16.19,-16.38,-16.22,-15.87,-15.81,-15.87,-16.13,-15.81,-15.72,-15.82,-15.70,-15.41,-15.31,-15.53,-15.60,-15.35,-15.69,-15.55,-15.69,-15.63,-15.32,-15.31,-15.50,-15.29,-15.58,-15.08,-15.55,-15.61,-15.47,-15.12,-14.84,-14.58,-14.46,-14.42,-14.21,-14.15,-13.94,-13.67,-13.36,-12.67,-11.16,-6.71,-2.43,-1.55,-1.38,-1.49,-1.73,-1.40,-1.69,-1.65,-1.50,-1.55,-1.88,-3.97,-9.08,-13.91,-15.79,-16.30,-16.36,-16.28,-16.30,-16.59,-16.58,-16.55,-16.44,-16.61,-16.75,-16.84,-16.66,-16.67,-16.67,-16.87,-16.92,-16.97,-16.81,-17.14,-17.14,-17.17,-17.29,-17.32,-17.29,-17.07,-17.20,-17.18,-17.31,-17.42,-17.45,-17.40,-17.31,-17.54,-17.75,-17.64,-17.64,-17.65,-17.51,-17.70,-17.83,-17.67,-17.76,-17.95,-17.86,-17.78,-17.84,-17.81,-17.75,-17.67,-17.70,-17.79,-17.51,-17.92,-17.91,-17.57,-17.78,-17.76,-17.70,-17.56,-17.57,-17.73,-17.68,-17.65,-17.75,-17.76,-17.79,-17.75,-17.91,-18.03,-18.06,-18.06,-17.98,-17.87,-17.91,-17.92,-17.83,-17.73,-18.02,-17.67,-17.73,-17.61,-17.47,-17.36,-17.28,-17.03,-17.25,-17.54,-17.62,-17.54
-16.27,-16.12,-16.12,-16.08,-16.02,-16.01,-16.04,-15.99,-15.89,-15.96,-16.10,-16.15,-16.08,-15.72,-16.04,-16.18,-16.16,-15.93,-15.61,-15.73,-15.87,-15.78,-15.58,-15.08,-14.37,-13.94,-14.19,-14.57,-14.63,-14.64,-14.52,-14.52,-14.51,-14.27,-13.91,-13.65,-13.52,-13.37,-13.43,-13.02,-13.02,-13.09,-12.84,-12.11,-11.55,-11.19,-10.84,-10.47,-9.96,-9.40,-8.90,-8.76,-8.33,-7.58,-5.61,-3.47,-2.19,-2.27,-2.20,-1.99,-2.02,-1.95,-1.92,-1.96,-2.06,-1.91,-2.22,-3.31,-6.11,-10.03,-12.52,-13.68,-14.70,-15.46,-16.13,-16.36,-16.49,-16.39,-16.42,-16.59,-16.62,-16.67,-16.44,-16.86,-16.73,-16.72,-17.11,-17.01,-16.59,-17.11,-17.18,-17.29,-17.26,-17.28,-17.12,-17.00,-17.12,-17.22,-17.37,-17.43,-17.39,-17.34,-17.26,-17.43,-17.61,-17.39,-17.40,-17.50,-17.56,-17.64,-17.75,-17.79,-17.57,-17.89,-17.86,-17.68,-17.73,-17.76,-17.72,-17.68,-17.76,-17.78,-17.56,-17.65,-18.08,-17.98,-17.98,-17.67,-17.73,-17.48,-17.57,-17.79,-17.59,-17.57,-17.73,-17.81,-17.76,-17.84,-17.87,-17.86,-17.94,-18.06,-17.98,-17.97,-17.98,-18.08,-17.84,-17.65,-18.02,-17.65,-17.50,-17.45,-17.43,-17.40,-17.31,-17.06,-17.28,-17.59,-17.62,-17.54
-16.36,-16.07,-16.15,-16.13,-15.96,-15.89,-15.87,-15.96,-15.72,-15.61,-15.78,-15.87,-15.58,-15.44,-15.70,-15.76,-15.61,-15.55,-15.84,-15.58,-15.60,-15.66,-15.15,-14.07,-12.30,-10.80,-11.39,-11.88,-11.94,-11.92,-11.76,-11.50,-11.27,-10.86,-10.20,-9.69,-9.41,-9.22,-9.06,-8.70,-8.22,-8.05,-7.63,-6.80,-6.00,-5.45,-5.13,-4.71,-4.08,-3.88,-3.73,-3.66,-3.12,-3.30,-2.61,-2.51,-2.23,-2.37,-2.13,-2.11,-2.29,-2.20,-2.15,-2.20,-2.30,-2.23,-2.38,-2.59,-3.12,-4.43,-6.15,-7.86,-9.93,-12.52,-14.39,-15.17,-15.73,-15.96,-16.18,-16.39,-16.38,-16.66,-16.38,-16.25,-16.24,-16.62,-16.79,-16.78,-16.69,-17.04,-16.75,-17.07,-17.07,-16.86,-16.97,-16.89,-16.95,-17.15,-17.28,-17.23,-17.42,-17.43,-17.31,-17.54,-17.65,-17.53,-17.50,-17.43,-17.53,-17.67,-17.57,-17.68,-17.40,-17.76,-17.83,-17.51,-17.65,-17.59,-17.64,-17.70,-17.68,-17.70,-17.47,-17.57,-17.68,-17.73,-17.70,-17.73,-17.62,-17.65,-17.78,-17.76,-17.59,-17.37,-17.89,-17.79,-17.56,-17.91,-17.89,-17.72,-17.87,-18.11,-17.86,-17.87,-18.02,-17.92,-17.72,-17.59,-17.56,-17.37,-17.57,-17.29,-17.26,-17.32,-17.23,-17.18,-17.36,-17.56,-17.57,-17.48
-16.07,-16.04,-15.89,-15.70,-15.58,-15.73,-15.66,-15.64,-15.49,-15.52,-15.66,-15.61,-15.32,-15.18,-15.44,-15.47,-15.15,-14.85,-15.05,-14.66,-14.60,-14.28,-13.48,-12.02,-9.61,-7.01,-7.13,-7.42,-7.57,-7.43,-7.39,-7.01,-6.63,-6.30,-5.60,-4.79,-4.51,-4.25,-4.33,-4.10,-3.76,-3.76,-3.57,-3.22,-3.10,-2.79,-2.45,-2.51,-2.54,-2.46,-2.57,-2.52,-2.39,-2.45,-2.30,-2.07,-1.99,-2.30,-2.19,-2.06,-2.20,-2.14,-2.22,-2.23,-2.42,-2.51,-2.51,-2.25,-2.28,-2.75,-3.30,-4.04,-4.95,-6.84,-9.61,-11.88,-13.88,-15.03,-15.53,-16.08,-16.19,-16.66,-16.41,-16.49,-16.24,-16.33,-16.89,-16.73,-16.49,-16.97,-16.97,-16.84,-16.92,-16.83,-16.83,-16.83,-16.97,-17.14,-17.29,-17.43,-17.28,-17.12,-17.22,-17.28,-17.34,-17.56,-17.65,-17.53,-17.40,-17.54,-17.72,-17.50,-17.47,-17.75,-17.76,-17.57,-17.68,-17.57,-17.68,-17.65,-17.47,-17.39,-17.28,-17.70,-17.53,-17.53,-17.36,-17.47,-17.57,-17.43,-17.37,-17.37,-17.36,-17.43,-17.45,-17.62,-17.54,-17.62,-17.64,-17.65,-17.81,-17.91,-17.64,-17.67,-17.83,-17.78,-17.64,-17.57,-17.64,-17.34,-17.25,-17.29,-17.32,-17.39,-17.39,-17.04,-17.45,-17.48,-17.39,-17.29
-15.49,-15.46,-15.35,-15.00,-14.69,-15.11,-15.14,-14.91,-14.72,-14.75,-14.87,-14.33,-13.88,-13.83,-13.91,-13.73,-13.39,-13.14,-12.74,-12.55,-12.21,-11.56,-10.33,-8.52,-6.16,-3.83,-3.58,-3.49,-3.67,-3.54,-3.37,-3.31,-3.28,-3.06,-2.64,-2.37,-2.54,-2.61,-2.79,-2.39,-2.52,-2.72,-2.65,-2.36,-2.25,-2.29,-2.11,-2.04,-2.39,-2.36,-2.30,-2.23,-2.16,-2.10,-2.13,-2.38,-2.06,-2.06,-2.04,-2.01,-2.02,-2.05,-2.11,-2.04,-2.16,-2.22,-2.14,-2.04,-2.06,-2.13,-2.19,-2.52,-2.84,-3.40,-4.63,-6.17,-8.33,-10.47,-12.74,-14.21,-15.17,-15.67,-15.92,-16.35,-16.21,-16.15,-16.69,-16.53,-16.39,-16.69,-16.90,-16.67,-16.72,-16.50,-16.70,-16.78,-16.70,-16.83,-16.89,-17.00,-17.07,-17.12,-17.09,-17.03,-17.06,-17.20,-17.42,-17.45,-17.31,-17.22,-17.34,-17.11,-17.25,-17.59,-17.70,-17.45,-17.59,-17.64,-17.59,-17.51,-17.43,-17.34,-17.36,-17.76,-17.54,-17.51,-17.23,-17.51,-17.62,-17.29,-17.34,-17.36,-17.18,-17.32,-17.57,-17.81,-17.67,-17.56,-17.67,-17.70,-17.61,-17.53,-17.54,-17.51,-17.62,-17.76,-17.62,-17.59,-17.62,-17.25,-17.01,-17.15,-17.32,-17.50,-17.54,-17.32,-17.34,-17.45,-17.65,-17.42
-14.45,-14.39,-14.19,-13.80,-13.48,-13.85,-13.89,-13.22,-12.61,-12.27,-12.08,-11.33,-11.19,-11.10,-10.76,-10.23,-9.72,-9.43,-9.04,-8.66,-8.26,-7.65,-6.58,-5.01,-3.30,-1.93,-1.87,-1.77,-1.74,-1.73,-1.73,-1.91,-2.02,-2.02,-2.09,-1.92,-2.04,-2.01,-2.10,-2.19,-2.15,-2.27,-2.25,-2.24,-2.34,-2.42,-2.32,-2.27,-2.47,-2.18,-2.33,-2.25,-2.22,-1.95,-2.09,-2.29,-2.02,-2.06,-1.95,-1.95,-1.95,-2.09,-2.02,-1.90,-2.19,-2.24,-2.11,-2.15,-2.14,-2.07,-2.10,-2.28,-2.43,-2.56,-2.65,-3.08,-3.80,-4.92,-6.88,-8.90,-10.89,-12.59,-14.24,-15.03,-15.84,-15.90,-16.32,-16.15,-16.49,-16.59,-16.69,-16.47,-16.72,-16.61,-16.66,-16.86,-16.75,-16.81,-16.92,-16.84,-16.86,-17.01,-17.23,-17.20,-17.15,-17.18,-17.06,-17.18,-17.20,-17.22,-17.14,-17.06,-17.51,-17.48,-17.61,-17.26,-17.51,-17.54,-17.43,-17.36,-17.37,-17.40,-17.50,-17.62,-17.36,-17.57,-17.26,-17.50,-17.29,-17.23,-17.45,-17.45,-17.29,-17.28,-17.43,-17.37,-17.31,-17.18,-17.42,-17.62,-17.72,-17.64,-17.39,-17.26,-17.57,-17.68,-17.53,-17.43,-17.36,-17.12,-16.93,-17.15,-17.26,-17.34,-17.37,-17.32,-17.11,-17.62,-17.43,-17.18
-12.29,-12.00,-11.52,-10.90,-10.46,-10.30,-10.17,-10.03,-9.44,-8.66,-8.22,-7.42,-7.35,-7.15,-6.77,-6.36,-6.01,-5.52,-5.03,-4.75,-4.45,-4.08,-3.48,-2.70,-1.87,-1.15,-1.17,-1.10,-0.86,-0.95,-1.12,-1.38,-1.53,-1.53,-1.62,-1.71,-1.58,-1.83,-1.73,-1.82,-1.88,-1.99,-2.07,-2.04,-2.01,-2.13,-2.22,-2.16,-2.15,-2.01,-2.32,-2.14,-2.07,-1.91,-1.83,-2.04,-1.99,-2.10,-1.92,-2.02,-1.95,-2.05,-2.11,-1.97,-2.16,-2.22,-2.11,-2.15,-2.04,-1.95,-2.11,-2.25,-2.18,-2.33,-2.36,-2.45,-2.18,-2.73,-3.43,-4.22,-5.36,-6.75,-8.94,-11.14,-13.08,-14.15,-15.09,-15.52,-16.18,-16.39,-16.55,-16.41,-16.61,-16.42,-16.70,-16.76,-16.93,-16.95,-16.89,-16.66,-16.59,-16.79,-16.81,-16.89,-17.09,-17.06,-17.03,-17.06,-17.03,-16.84,-16.98,-16.97,-17.20,-16.95,-17.47,-17.22,-17.29,-17.53,-17.40,-17.18,-17.14,-17.31,-17.45,-17.34,-17.29,-17.39,-17.18,-17.18,-17.04,-17.14,-17.23,-17.20,-17.23,-17.25,-17.11,-17.50,-17.25,-17.25,-17.25,-17.26,-17.42,-17.47,-17.28,-17.15,-17.59,-17.47,-17.31,-17.23,-17.17,-17.06,-17.00,-17.09,-17.11,-17.15,-17.18,-17.18,-17.20,-17.32,-17.14,-16.93
-8.94,-8.59,-8.29,-7.72,-6.62,-6.74,-6.34,-6.11,-5.83,-5.42,-5.07,-4.46,-4.38,-4.08,-3.82,-3.65,-3.41,-3.05,-2.60,-2.50,-2.52,-2.29,-1.92,-1.48,-0.95,-0.72,-0.64,-0.53,-0.44,-0.59,-0.56,-0.72,-1.03,-1.06,-1.12,-1.20,-1.16,-1.14,-1.27,-1.27,-1.46,-1.65,-1.68,-1.65,-1.78,-1.95,-1.99,-2.04,-2.02,-1.88,-2.19,-1.86,-1.99,-1.99,-1.92,-1.99,-1.86,-1.97,-1.92,-2.01,-1.79,-1.79,-1.96,-1.86,-2.01,-1.97,-1.90,-1.96,-1.82,-1.81,-1.88,-2.10,-2.16,-2.22,-2.22,-2.18,-1.97,-2.20,-2.60,-2.39,-2.64,-3.23,-4.08,-5.48,-7.30,-8.81,-10.77,-13.22,-14.27,-15.34,-15.87,-16.36,-16.22,-16.32,-16.42,-16.25,-16.33,-16.36,-16.45,-16.59,-16.59,-16.67,-16.87,-16.98,-16.93,-16.92,-16.89,-16.84,-16.90,-16.95,-17.18,-17.15,-17.04,-16.64,-17.39,-17.14,-17.04,-17.54,-17.32,-17.03,-17.04,-17.23,-17.32,-17.14,-17.17,-17.18,-17.15,-17.09,-17.06,-17.12,-17.25,-17.17,-17.17,-17.36,-17.37,-17.20,-17.28,-17.23,-17.40,-17.32,-17.42,-17.57,-17.57,-17.47,-17.61,-17.18,-17.09,-17.17,-17.17,-17.06,-17.03,-16.86,-16.98,-17.04,-17.06,-17.01,-16.90,-17.17,-16.98,-16.90
-5.57,-5.25,-5.12,-4.80,-3.96,-4.38,-4.08,-3.80,-3.53,-3.30,-3.37,-2.87,-2.70,-2.57,-2.47,-2.37,-2.19,-2.20,-1.97,-1.88,-2.00,-1.90,-1.46,-1.01,-0.43,-0.44,-0.29,-0.26,-0.11,-0.12,-0.27,-0.56,-0.76,-0.68,-0.66,-0.59,-0.54,-0.69,-0.69,-0.86,-1.00,-1.34,-1.40,-1.39,-1.46,-1.54,-1.62,-1.78,-1.90,-1.79,-1.99,-1.74,-1.97,-2.05,-1.93,-1.91,-1.74,-1.87,-1.81,-1.83,-1.69,-1.85,-1.96,-1.81,-2.00,-2.01,-1.91,-1.90,-1.78,-1.83,-1.76,-1.95,-2.06,-2.05,-2.11,-1.99,-1.95,-2.09,-2.42,-2.13,-2.06,-2.42,-2.47,-2.77,-3.60,-4.18,-5.32,-7.28,-8.73,-11.16,-13.36,-14.96,-15.12,-15.58,-15.95,-16.01,-16.19,-16.13,-16.16,-16.32,-16.12,-16.21,-16.38,-16.56,-16.79,-16.78,-16.69,-16.53,-16.69,-16.76,-16.79,-16.83,-17.06,-16.62,-17.31,-17.29,-17.01,-17.36,-16.86,-16.87,-17.04,-17.14,-17.22,-17.03,-16.87,-16.92,-17.22,-16.98,-17.06,-16.98,-17.12,-17.01,-17.07,-17.37,-17.47,-17.43,-17.09,-17.29,-17.29,-17.50,-17.56,-17.45,-17.32,-17.25,-17.29,-17.01,-16.75,-16.87,-17.07,-17.06,-16.93,-16.86,-16.95,-17.01,-17.09,-17.06,-16.76,-17.22,-17.11,-17.03
-3.69,-3.57,-3.41,-3.23,-2.97,-3.12,-3.01,-2.91,-2.75,-2.52,-2.66,-2.38,-2.14,-2.22,-2.22,-2.02,-1.96,-2.05,-1.74,-1.69,-1.53,-1.43,-1.36,-0.92,-0.38,0.01,-0.02,-0.29,-0.08,-0.09,0.01,0.03,-0.31,-0.27,-0.07,-0.41,-0.32,-0.36,-0.34,-0.47,-0.61,-0.72,-0.93,-1.05,-1.03,-1.03,-1.17,-1.34,-1.57,-1.48,-1.44,-1.53,-1.57,-1.65,-1.71,-1.68,-1.53,-1.63,-1.64,-1.69,-1.78,-1.90,-1.87,-1.82,-2.01,-2.01,-1.92,-1.96,-1.86,-1.85,-1.82,-1.86,-1.90,-1.88,-2.00,-1.90,-2.02,-2.05,-2.24,-2.05,-2.05,-2.20,-2.25,-2.32,-2.37,-2.55,-2.68,-3.10,-3.83,-5.41,-7.42,-10.02,-11.60,-13.27,-14.43,-15.23,-15.76,-15.98,-16.13,-16.18,-16.08,-16.32,-16.35,-16.44,-16.47,-16.35,-16.53,-16.58,-16.76,-16.75,-16.86,-16.92,-16.98,-17.23,-17.11,-16.86,-17.17,-17.17,-17.00,-16.93,-17.01,-16.97,-16.90,-16.98,-16.84,-16.86,-17.22,-16.87,-17.04,-16.83,-17.01,-17.00,-17.01,-17.11,-17.22,-17.37,-16.87,-17.14,-17.28,-17.36,-17.20,-17.15,-17.28,-17.32,-17.64,-16.81,-16.45,-16.64,-16.93,-17.03,-17.00,-17.06,-16.92,-17.04,-17.17,-17.12,-16.97,-17.28,-17.18,-17.11
-2.84,-2.82,-2.64,-2.41,-2.48,-2.41,-2.43,-2.50,-2.45,-2.32,-2.36,-2.24,-2.18,-2.27,-2.29,-2.13,-1.95,-1.83,-1.58,-1.44,-1.35,-1.29,-1.10,-0.53,-0.21,0.01,0.10,0.18,0.07,-0.01,0.07,0.06,-0.17,-0.17,-0.09,0.03,-0.27,-0.13,-0.23,-0.18,-0.26,-0.36,-0.47,-0.56,-0.59,-0.69,-0.67,-0.92,-0.93,-1.07,-1.03,-1.02,-1.00,-1.17,-1.32,-1.30,-1.31,-1.49,-1.57,-1.63,-1.65,-1.72,-1.74,-1.72,-1.82,-1.90,-1.86,-1.92,-1.90,-1.85,-1.92,-1.96,-1.87,-1.90,-1.96,-1.86,-2.09,-2.00,-2.07,-1.87,-2.02,-2.00,-1.86,-2.10,-1.91,-2.29,-2.24,-2.24,-2.23,-2.74,-3.40,-5.12,-5.99,-7.87,-9.69,-11.71,-13.42,-14.51,-15.28,-15.72,-15.90,-16.15,-16.21,-16.21,-16.35,-16.45,-16.50,-16.52,-16.56,-16.58,-16.66,-16.52,-16.52,-17.12,-17.17,-17.07,-17.25,-17.17,-17.17,-17.01,-16.98,-17.04,-17.07,-17.11,-17.18,-16.98,-17.18,-16.95,-16.98,-16.73,-17.04,-17.04,-16.93,-16.98,-17.12,-17.17,-16.93,-16.83,-17.12,-17.04,-17.20,-17.32,-17.29,-17.26,-17.37,-16.70,-16.62,-16.76,-16.89,-16.81,-16.56,-16.87,-17.00,-17.12,-17.09,-17.03,-17.09,-17.12,-17.00,-16.93
-2.43,-2.39,-2.24,-2.15,-2.06,-2.01,-2.10,-2.10,-2.01,-2.04,-2.14,-1.99,-2.06,-2.15,-2.15,-2.07,-1.82,-1.95,-1.64,-1.39,-1.39,-1.38,-1.01,-0.44,-0.09,0.23,0.20,0.09,0.04,-0.01,0.20,0.35,0.02,0.18,0.19,0.28,0.10,0.07,0.04,0.07,0.03,-0.03,0.01,-0.12,-0.34,-0.32,-0.37,-0.49,-0.46,-0.57,-0.54,-0.37,-0.44,-0.69,-0.80,-0.82,-0.97,-1.21,-1.32,-1.32,-1.27,-1.44,-1.67,-1.62,-1.63,-1.77,-1.74,-1.73,-1.72,-1.79,-1.88,-1.93,-1.85,-1.83,-1.85,-1.88,-1.88,-1.86,-1.96,-1.76,-2.04,-1.83,-1.68,-1.92,-1.91,-2.16,-2.13,-2.27,-2.19,-2.32,-2.43,-2.74,-2.88,-3.84,-4.85,-6.08,-7.98,-10.25,-12.05,-13.77,-14.67,-15.21,-15.67,-15.84,-16.05,-16.35,-16.36,-16.32,-16.45,-16.42,-16.62,-16.98,-16.90,-16.92,-16.89,-16.62,-16.61,-16.75,-16.75,-16.67,-16.83,-16.93,-16.92,-17.04,-17.00,-16.53,-16.93,-16.87,-16.78,-16.62,-16.84,-16.93,-16.89,-16.92,-17.04,-17.01,-17.06,-17.01,-17.17,-16.93,-17.23,-17.18,-16.97,-17.01,-16.86,-16.36,-16.45,-16.67,-16.70,-16.53,-16.49,-16.92,-17.01,-16.98,-16.98,-16.98,-16.92,-16.78,-16.86,-16.79
-2.05,-2.02,-1.87,-2.07,-1.81,-1.81,-1.88,-1.83,-1.65,-1.83,-2.00,-1.74,-1.74,-1.81,-1.88,-2.05,-1.78,-1.67,-1.57,-1.34,-1.14,-0.91,-0.47,-0.01,0.07,0.09,0.29,0.28,0.24,0.29,0.46,0.49,0.25,0.46,0.50,0.49,0.44,0.27,0.33,0.34,0.29,0.20,0.25,0.32,0.14,0.08,0.12,-0.06,-0.18,-0.26,-0.19,-0.08,-0.16,-0.29,-0.33,-0.41,-0.53,-0.69,-0.82,-0.73,-0.69,-0.96,-1.24,-1.22,-1.34,-1.46,-1.34,-1.32,-1.32,-1.41,-1.57,-1.71,-1.77,-1.71,-1.68,-1.79,-1.58,-1.51,-1.85,-1.77,-2.01,-1.87,-1.73,-1.73,-1.99,-2.01,-1.95,-2.02,-2.09,-2.24,-2.28,-2.20,-2.22,-2.52,-2.91,-2.95,-3.69,-4.97,-6.24,-8.26,-10.27,-12.21,-13.89,-14.75,-15.31,-15.82,-16.02,-16.05,-16.16,-16.38,-16.38,-16.39,-16.25,-16.45,-16.52,-16.55,-16.87,-16.86,-16.70,-16.62,-16.72,-16.72,-16.64,-16.69,-16.69,-16.67,-16.97,-16.72,-16.56,-16.58,-16.64,-16.79,-16.83,-16.81,-16.86,-16.89,-16.95,-17.03,-17.04,-16.92,-17.03,-17.03,-16.90,-16.81,-16.90,-16.67,-16.55,-16.79,-16.97,-16.92,-16.83,-16.45,-16.92,-16.97,-16.86,-16.67,-16.49,-16.69,-16.90,-16.90
-1.68,-1.71,-1.49,-1.74,-1.65,-1.68,-1.71,-1.69,-1.71,-1.74,-1.88,-1.65,-1.65,-1.71,-1.67,-1.63,-1.73,-1.63,-1.29,-1.05,-0.87,-0.63,-0.27,0.23,0.53,0.45,0.38,0.49,0.48,0.55,0.77,0.76,0.49,0.65,0.64,0.54,0.71,0.58,0.67,0.66,0.69,0.63,0.65,0.79,0.65,0.53,0.72,0.44,0.49,0.13,0.18,0.14,0.14,0.08,0.02,-0.11,-0.12,-0.16,-0.27,-0.18,-0.14,-0.46,-0.72,-0.62,-0.71,-0.96,-0.87,-0.82,-0.82,-0.90,-1.19,-1.41,-1.55,-1.57,-1.58,-1.68,-1.45,-1.36,-1.74,-1.72,-1.91,-2.01,-1.69,-1.60,-1.83,-1.87,-1.78,-1.78,-1.76,-2.10,-1.93,-2.13,-2.13,-2.24,-2.37,-2.11,-2.32,-2.63,-2.91,-3.91,-5.20,-6.74,-8.63,-10.66,-12.58,-13.94,-14.63,-15.12,-15.66,-16.02,-15.95,-16.27,-16.32,-16.22,-16.44,-16.25,-16.44,-16.32,-16.56,-16.73,-16.61,-16.50,-16.39,-16.52,-16.67,-16.41,-16.86,-16.41,-16.49,-16.41,-16.73,-16.73,-16.72,-16.70,-16.66,-16.75,-16.90,-16.90,-16.95,-16.98,-16.90,-16.79,-16.61,-16.45,-16.62,-16.53,-16.75,-16.79,-16.76,-16.70,-16.66,-16.79,-16.76,-16.61,-16.67,-16.79,-16.78,-16.78,-16.59,-16.81
-1.43,-1.46,-1.31,-1.35,-1.51,-1.55,-1.53,-1.51,-1.45,-1.31,-1.50,-1.54,-1.59,-1.58,-1.49,-1.58,-1.46,-1.17,-0.82,-0.71,-0.58,-0.31,-0.12,0.08,0.61,0.75,0.66,0.71,0.86,1.01,1.11,1.11,0.97,1.18,1.18,1.14,1.11,1.04,1.13,1.14,1.17,1.24,1.33,1.39,1.27,1.03,1.18,1.09,1.13,0.72,0.93,0.74,0.67,0.65,0.58,0.40,0.46,0.38,0.32,0.33,0.25,-0.03,-0.23,-0.19,-0.23,-0.42,-0.49,-0.42,-0.34,-0.44,-0.63,-0.85,-0.98,-1.07,-1.10,-1.24,-1.26,-1.27,-1.55,-1.50,-1.74,-1.73,-1.72,-1.63,-1.81,-1.60,-1.65,-1.59,-1.68,-1.92,-1.77,-1.90,-1.99,-2.02,-1.99,-1.97,-2.07,-1.97,-1.97,-2.43,-2.73,-3.26,-4.17,-5.39,-6.92,-8.88,-10.89,-12.45,-13.59,-14.46,-14.99,-15.72,-15.96,-16.10,-16.16,-16.21,-16.30,-16.30,-16.45,-16.55,-16.53,-16.55,-16.61,-16.56,-16.45,-16.39,-16.58,-16.49,-16.53,-16.24,-16.78,-16.69,-16.53,-16.50,-16.45,-16.53,-16.92,-16.84,-17.00,-16.81,-16.73,-16.55,-16.32,-16.33,-16.75,-16.56,-16.76,-16.69,-16.70,-16.66,-16.49,-16.62,-16.47,-16.44,-16.58,-16.81,-16.95,-16.79,-16.67,-16.67
-1.29,-1.26,-1.34,-1.48,-1.48,-1.49,-1.46,-1.50,-1.57,-1.29,-1.62,-1.40,-1.31,-1.36,-1.34,-1.29,-1.26,-1.10,-0.88,-0.62,-0.42,-0.19,0.20,0.43,0.67,0.86,0.79,0.84,1.00,1.11,1.19,1.24,1.23,1.33,1.49,1.64,1.55,1.49,1.66,1.74,1.80,1.90,2.00,2.06,1.97,1.71,1.77,1.46,1.24,1.14,1.56,1.45,1.41,1.35,1.29,1.22,1.22,1.04,1.08,1.09,0.87,0.65,0.48,0.35,0.19,0.09,-0.01,0.01,0.09,0.01,-0.09,-0.37,-0.41,-0.47,-0.42,-0.54,-0.75,-0.77,-1.03,-0.93,-1.21,-0.98,-1.41,-1.46,-1.63,-1.20,-1.43,-1.51,-1.67,-1.83,-1.72,-1.71,-1.83,-1.95,-1.99,-2.04,-1.96,-1.74,-1.83,-2.15,-2.20,-2.25,-2.46,-2.82,-3.40,-4.43,-5.81,-7.26,-8.88,-10.80,-12.61,-14.07,-15.03,-15.56,-16.05,-15.79,-16.15,-15.98,-16.15,-16.21,-16.28,-16.32,-16.38,-16.49,-16.38,-16.19,-16.24,-16.22,-16.28,-16.36,-16.58,-16.52,-16.28,-16.36,-16.41,-16.36,-16.72,-16.67,-16.92,-16.49,-16.55,-16.45,-16.30,-16.44,-16.79,-16.49,-16.61,-16.83,-16.73,-16.58,-16.53,-16.41,-16.49,-16.67,-16.58,-16.50,-16.59,-16.59,-16.18,-16.25
-1.16,-1.14,-1.25,-1.17,-1.25,-1.21,-1.20,-1.15,-0.92,-1.00,-1.15,-1.19,-1.20,-1.22,-1.12,-0.98,-1.00,-1.10,-0.88,-0.48,-0.14,0.07,0.32,0.50,0.69,0.76,0.79,0.88,0.95,1.00,1.15,1.34,1.25,1.30,1.60,1.85,1.75,1.78,1.97,2.07,2.14,2.19,2.23,2.37,2.28,2.22,2.25,1.42,1.11,1.20,1.60,1.66,1.88,1.83,1.80,1.78,1.84,1.73,1.84,1.90,1.73,1.53,1.24,0.98,0.85,0.71,0.53,0.60,0.65,0.44,0.27,0.04,-0.07,-0.02,-0.12,-0.19,-0.26,-0.36,-0.32,-0.46,-0.51,-0.57,-0.85,-0.91,-1.05,-0.88,-0.98,-1.36,-1.24,-1.58,-1.35,-1.51,-1.68,-1.85,-1.79,-1.76,-1.81,-1.77,-1.92,-1.96,-2.02,-1.97,-2.15,-2.29,-2.47,-2.75,-3.05,-3.60,-4.51,-5.68,-7.19,-9.25,-11.29,-12.94,-14.16,-14.75,-15.41,-15.76,-15.85,-15.96,-16.18,-16.16,-16.10,-16.27,-16.50,-16.52,-16.33,-15.87,-16.22,-16.39,-16.61,-16.28,-16.07,-16.35,-16.52,-16.44,-16.50,-16.44,-16.61,-16.27,-16.42,-16.41,-16.25,-16.28,-16.61,-16.38,-16.49,-16.92,-16.73,-16.50,-16.50,-16.35,-16.38,-16.53,-16.45,-16.50,-16.64,-16.61,-16.59,-16.30
-1.64,-1.45,-1.15,-1.35,-1.26,-1.36,-1.35,-1.19,-1.24,-1.21,-1.39,-1.14,-1.01,-1.06,-0.93,-0.82,-1.01,-1.16,-0.91,-0.41,0.04,0.30,0.49,0.74,0.97,0.84,0.91,0.95,0.92,0.95,1.02,1.30,1.30,1.36,1.56,1.90,1.74,1.85,1.94,2.01,2.08,2.09,2.19,2.28,2.26,2.28,2.12,1.31,0.81,0.82,1.04,1.01,1.27,1.40,1.57,1.67,1.77,1.78,2.12,2.35,2.46,2.64,2.40,2.14,2.01,1.63,1.45,1.40,1.50,1.30,0.96,0.70,0.39,0.59,0.14,0.15,0.15,0.15,0.07,-0.03,-0.09,-0.29,-0.38,-0.48,-0.43,-0.47,-0.57,-0.68,-0.68,-1.11,-0.92,-1.06,-1.19,-1.44,-1.31,-1.26,-1.44,-1.58,-1.69,-1.65,-1.71,-1.78,-2.02,-2.06,-2.19,-2.29,-2.20,-2.37,-2.75,-3.03,-3.47,-4.63,-6.08,-7.48,-9.06,-10.90,-13.00,-13.80,-14.75,-15.35,-15.78,-15.99,-16.02,-16.08,-16.08,-15.87,-15.90,-16.08,-16.18,-16.38,-16.47,-16.24,-16.13,-16.32,-16.39,-16.33,-16.45,-16.35,-16.25,-15.96,-16.21,-16.25,-16.07,-16.15,-16.56,-16.35,-16.38,-16.62,-16.55,-16.38,-16.33,-16.38,-16.04,-16.38,-16.28,-16.35,-16.53,-16.45,-16.35,-16.25
-1.38,-1.45,-1.15,-1.30,-1.30,-1.17,-1.08,-1.08,-1.29,-0.95,-1.19,-1.08,-0.96,-0.96,-0.71,-0.83,-0.78,-0.81,-0.68,-0.22,0.34,0.48,0.63,0.98,1.11,0.80,0.86,0.92,0.88,0.90,0.95,1.13,1.23,1.41,1.50,1.92,1.79,1.82,1.82,1.94,2.07,2.05,2.12,2.11,2.13,2.25,2.08,1.15,0.56,0.39,0.33,0.39,0.44,0.67,0.88,0.96,1.15,1.71,2.07,2.25,2.51,2.60,2.40,2.40,2.60,2.41,2.35,2.33,2.45,2.24,1.78,1.49,1.30,1.36,0.87,0.96,0.81,0.80,0.46,0.39,0.25,0.17,0.08,-0.16,-0.09,-0.16,-0.23,-0.22,-0.19,-0.63,-0.49,-0.51,-0.52,-0.92,-0.82,-0.75,-0.91,-1.22,-1.35,-1.35,-1.39,-1.64,-1.78,-1.78,-1.91,-1.91,-1.85,-2.06,-2.41,-2.51,-2.39,-2.78,-3.34,-3.80,-4.60,-5.69,-7.23,-9.19,-11.71,-13.17,-14.15,-14.81,-15.15,-15.49,-15.75,-15.72,-15.69,-15.79,-16.02,-16.04,-15.92,-16.33,-16.19,-16.13,-16.27,-16.44,-16.58,-16.18,-15.90,-15.87,-16.01,-16.08,-16.10,-16.30,-16.62,-16.27,-16.36,-16.44,-16.44,-16.24,-16.13,-16.36,-16.15,-16.44,-16.22,-16.27,-16.49,-16.41,-15.95,-16.21
-1.35,-1.32,-1.10,-1.16,-1.36,-1.36,-1.32,-1.38,-1.32,-1.02,-1.21,-1.11,-1.01,-0.97,-0.75,-0.81,-0.67,-0.63,-0.44,-0.04,0.43,0.61,0.87,1.23,1.17,1.03,0.98,0.91,0.79,0.77,0.87,0.93,1.18,1.38,1.46,1.82,1.67,1.71,1.69,1.82,1.99,1.95,1.94,1.88,1.86,1.97,1.75,1.12,0.32,0.33,0.34,0.29,0.23,0.33,0.30,0.22,0.45,0.80,0.97,1.13,1.31,1.46,1.51,1.58,1.82,1.92,2.14,2.30,2.40,2.41,2.34,2.29,2.30,2.24,2.00,1.79,1.53,1.25,1.01,0.86,0.70,0.88,0.41,0.30,0.22,0.23,0.23,0.01,0.09,-0.08,-0.12,-0.13,0.01,-0.29,-0.19,-0.22,-0.32,-0.63,-0.92,-0.98,-1.01,-1.20,-1.31,-1.43,-1.59,-1.64,-1.62,-1.76,-2.04,-2.18,-2.11,-2.25,-2.46,-2.57,-2.75,-3.34,-3.91,-4.74,-6.44,-7.87,-9.51,-11.53,-13.12,-14.07,-14.84,-15.50,-15.58,-15.38,-15.63,-15.84,-15.98,-15.93,-15.75,-16.05,-16.24,-16.18,-16.27,-16.05,-15.75,-15.95,-15.99,-16.15,-16.18,-16.32,-16.50,-16.27,-16.39,-16.49,-16.42,-16.22,-16.13,-16.25,-16.25,-16.42,-16.22,-16.13,-16.27,-16.35,-15.95,-16.10
-1.35,-1.25,-1.20,-1.29,-1.44,-1.41,-1.35,-1.43,-1.34,-1.06,-1.14,-1.08,-0.96,-0.90,-0.63,-0.75,-0.75,-0.72,-0.49,-0.09,0.32,0.60,1.00,1.47,1.35,1.29,1.08,0.82,0.70,0.70,0.80,0.92,1.13,1.28,1.25,1.42,1.39,1.53,1.53,1.55,1.67,1.79,1.91,1.79,1.68,1.69,1.34,0.88,0.24,0.37,0.33,0.27,0.33,0.32,0.49,0.43,0.56,0.75,0.66,0.61,0.55,0.48,0.48,0.46,0.48,0.44,0.69,1.23,1.74,1.80,1.69,1.80,1.82,1.86,1.77,1.71,1.89,1.62,1.67,1.49,1.41,1.23,1.00,1.17,0.51,0.59,0.50,0.33,0.44,0.24,0.23,0.33,0.29,0.02,0.30,0.20,0.18,-0.01,-0.21,-0.36,-0.33,-0.44,-0.67,-0.92,-1.10,-1.24,-1.26,-1.27,-1.55,-1.67,-1.69,-1.87,-2.00,-2.06,-2.25,-2.73,-2.51,-2.66,-3.47,-4.10,-4.95,-6.44,-8.30,-10.16,-11.85,-13.20,-14.07,-14.81,-15.14,-15.58,-15.92,-15.76,-15.61,-15.79,-16.02,-15.98,-15.79,-15.90,-15.67,-16.05,-16.39,-16.30,-16.30,-16.38,-16.30,-16.10,-16.36,-16.12,-16.24,-16.32,-16.27,-16.22,-15.92,-16.27,-16.18,-16.05,-16.12,-16.19,-15.93,-15.92
-1.43,-1.32,-1.38,-1.53,-1.57,-1.48,-1.40,-1.45,-1.38,-1.12,-1.10,-1.05,-1.00,-0.96,-0.59,-0.85,-0.77,-0.62,-0.49,-0.27,0.15,0.44,0.81,1.51,1.46,1.22,0.88,0.61,0.58,0.67,0.76,0.98,0.95,1.13,1.14,1.19,1.29,1.34,1.39,1.44,1.50,1.53,1.67,1.68,1.50,1.52,1.40,0.59,0.27,0.38,0.13,0.20,0.44,0.35,0.48,0.56,0.72,0.85,0.82,0.72,0.64,0.66,0.60,0.43,0.44,0.37,0.41,0.41,0.49,0.55,0.55,1.00,1.39,1.46,1.56,1.30,1.60,1.11,1.51,1.25,1.33,1.23,1.20,1.00,0.58,0.29,0.23,0.41,0.43,0.22,0.38,0.58,0.44,0.25,0.46,0.45,0.55,0.76,0.66,0.46,0.41,0.28,0.01,-0.17,-0.27,-0.49,-0.64,-0.80,-1.02,-1.06,-1.19,-1.46,-1.63,-1.60,-1.78,-2.09,-2.11,-2.14,-2.32,-2.33,-2.64,-3.34,-4.18,-5.32,-6.67,-8.13,-10.12,-12.02,-13.55,-14.13,-14.78,-15.12,-15.21,-15.50,-15.72,-15.61,-15.46,-15.66,-15.98,-16.41,-16.04,-16.13,-16.18,-16.15,-16.10,-15.92,-16.10,-15.72,-16.04,-16.24,-16.27,-16.33,-15.66,-16.07,-16.08,-16.13,-16.19,-16.13,-15.78,-15.87
-1.54,-1.41,-1.67,-1.58,-1.67,-1.62,-1.44,-1.44,-1.26,-1.11,-1.11,-1.10,-1.07,-1.05,-0.85,-1.01,-0.78,-0.64,-0.58,-0.39,0.04,0.19,0.53,1.34,1.36,1.18,0.86,0.51,0.43,0.59,0.53,0.66,0.93,0.95,1.00,1.14,1.01,0.79,0.76,0.93,1.11,1.22,1.27,1.39,1.03,1.06,1.20,0.54,0.28,0.34,0.10,0.20,0.07,0.13,0.37,0.43,0.48,0.55,0.70,0.91,1.02,1.03,0.85,0.67,0.70,0.88,0.85,0.59,0.51,0.45,0.41,0.08,0.20,0.54,0.77,0.59,0.58,0.28,0.77,0.75,0.96,1.02,0.97,0.66,0.38,-0.06,0.02,0.27,0.28,0.33,0.24,0.38,0.34,0.23,0.35,0.49,0.54,0.96,1.25,1.30,1.22,1.01,0.74,0.69,0.55,0.34,0.09,-0.18,-0.32,-0.42,-0.61,-1.05,-1.24,-1.10,-1.31,-1.65,-1.85,-1.83,-1.91,-1.73,-1.72,-2.18,-2.57,-2.92,-3.48,-4.28,-5.33,-6.59,-8.70,-10.20,-12.10,-13.00,-13.89,-14.60,-14.94,-14.96,-14.97,-15.11,-15.34,-15.95,-15.78,-16.10,-16.19,-16.24,-16.25,-16.04,-15.98,-15.98,-16.01,-15.93,-16.01,-16.24,-15.79,-15.81,-15.98,-16.04,-16.05,-16.10,-15.69,-15.81
-1.62,-1.55,-1.59,-1.46,-1.60,-1.62,-1.46,-1.48,-1.10,-1.06,-1.20,-1.19,-1.07,-1.08,-1.00,-1.03,-0.85,-0.88,-0.85,-0.51,-0.16,-0.12,0.29,1.15,1.18,1.04,0.93,0.60,0.29,0.40,0.43,0.51,0.84,0.88,1.08,1.19,1.07,0.76,0.43,0.24,0.22,0.32,0.53,0.77,0.43,0.38,0.55,0.34,0.28,0.17,-0.21,-0.48,-0.54,-0.27,0.03,0.12,0.25,0.43,0.51,0.59,0.61,0.63,0.67,0.69,0.56,0.64,0.60,0.55,0.85,0.81,0.84,0.82,0.81,1.04,0.86,0.43,0.74,0.40,0.40,0.17,0.25,0.39,0.76,0.51,0.15,-0.07,-0.07,0.12,0.04,0.22,0.18,0.15,0.23,0.10,0.32,0.55,0.35,0.63,1.42,1.96,1.94,1.73,1.57,1.40,1.24,1.11,0.90,0.69,0.46,0.25,0.18,-0.27,-0.48,-0.36,-0.80,-1.00,-1.16,-1.25,-1.44,-1.39,-1.43,-1.71,-1.96,-2.13,-2.28,-2.51,-2.92,-3.43,-4.35,-5.28,-7.18,-8.80,-10.46,-11.92,-12.55,-12.68,-13.25,-14.34,-14.93,-15.47,-15.72,-15.76,-15.72,-15.75,-15.81,-15.73,-15.81,-15.72,-15.99,-15.99,-15.89,-15.92,-15.98,-15.76,-15.96,-15.82,-15.79,-15.98,-15.75,-15.81
-1.69,-1.67,-1.51,-1.30,-1.44,-1.55,-1.45,-1.48,-1.01,-1.14,-1.29,-1.17,-1.03,-1.26,-0.93,-0.90,-0.83,-0.81,-0.77,-0.62,-0.44,-0.41,0.19,0.79,0.97,0.87,0.79,0.46,0.13,0.40,0.38,0.41,0.60,0.74,1.00,1.12,0.95,0.77,0.53,0.13,-0.19,-0.34,-0.32,-0.08,-0.07,-0.08,0.15,0.07,0.22,0.15,-0.22,-0.46,-0.85,-0.76,-0.44,-0.32,-0.07,0.38,0.61,0.40,0.15,0.25,0.27,0.23,0.25,0.37,0.60,0.85,1.08,0.84,0.56,0.66,0.75,1.08,1.00,0.66,0.90,0.41,0.61,0.69,0.64,0.50,0.75,0.69,0.19,-0.08,-0.22,-0.22,-0.29,-0.03,-0.09,-0.12,-0.12,-0.07,-0.02,0.32,0.13,0.41,1.24,1.99,2.23,2.13,2.17,2.03,1.82,1.79,1.78,1.63,1.38,1.20,1.15,0.86,0.46,0.46,0.03,-0.16,-0.28,-0.51,-0.69,-0.86,-0.90,-1.07,-1.29,-1.50,-1.60,-1.73,-1.97,-2.25,-2.28,-2.54,-3.83,-4.81,-5.97,-7.28,-8.31,-9.34,-10.86,-12.56,-13.67,-14.66,-15.28,-15.61,-15.73,-15.66,-15.60,-15.75,-16.04,-16.41,-16.27,-16.07,-15.95,-15.92,-15.82,-16.16,-16.01,-15.89,-15.87,-15.87,-15.76,-16.12
-1.73,-1.76,-1.63,-1.29,-1.39,-1.53,-1.39,-1.44,-1.11,-1.19,-1.24,-1.12,-1.06,-1.25,-0.92,-0.88,-0.85,-0.67,-0.62,-0.73,-0.53,-0.53,0.01,0.41,0.58,0.48,0.40,0.27,0.13,0.48,0.41,0.39,0.69,0.81,0.80,0.98,0.86,0.60,0.40,-0.01,-0.47,-0.49,-0.39,-0.29,-0.47,-0.22,-0.04,-0.03,-0.02,0.06,-0.51,-0.62,-0.80,-0.82,-0.66,-0.68,-0.61,-0.14,0.17,0.04,0.10,0.18,-0.09,-0.23,-0.16,-0.23,-0.12,-0.08,0.22,0.39,0.28,0.39,0.46,0.86,1.17,0.90,0.93,0.88,0.76,0.63,0.70,0.64,0.63,0.58,0.04,-0.14,-0.23,-0.12,-0.16,-0.03,-0.18,-0.19,-0.16,-0.16,-0.32,0.10,-0.07,0.20,0.82,1.24,1.29,1.40,1.71,1.96,1.90,2.09,2.29,2.18,2.13,1.96,1.85,1.69,1.38,1.36,1.19,0.67,0.64,0.34,0.18,-0.07,-0.12,-0.32,-0.66,-0.82,-0.88,-1.15,-1.38,-1.46,-1.39,-1.30,-1.93,-2.43,-3.06,-3.76,-4.63,-5.46,-6.48,-8.23,-9.95,-12.17,-14.04,-15.17,-15.44,-15.63,-15.84,-15.63,-15.53,-15.75,-15.81,-15.78,-15.78,-15.78,-15.50,-15.69,-15.50,-15.46,-15.38,-15.35,-15.60,-15.53
-1.67,-1.87,-1.50,-1.38,-1.48,-1.49,-1.31,-1.35,-1.38,-1.14,-1.10,-1.12,-1.14,-1.12,-0.91,-1.08,-0.98,-0.78,-0.63,-0.59,-0.38,-0.41,-0.04,0.37,0.51,0.48,0.45,0.32,0.18,0.45,0.32,0.53,0.63,0.71,0.74,0.80,0.49,0.25,0.13,-0.18,-0.53,-0.71,-0.42,-0.57,-0.43,-0.47,0.01,-0.07,0.01,-0.09,-0.42,-0.73,-0.85,-0.73,-0.61,-0.61,-0.53,-0.03,0.37,0.20,0.04,-0.03,-0.14,-0.23,-0.23,-0.23,-0.06,-0.03,0.04,0.06,-0.21,-0.08,0.04,0.37,1.12,0.93,0.84,0.46,0.44,0.74,0.92,0.76,0.72,0.64,0.09,-0.21,-0.28,-0.17,-0.23,-0.14,-0.38,-0.12,-0.21,-0.02,-0.07,0.04,0.02,0.27,0.61,0.69,0.38,0.51,0.84,1.29,1.58,1.85,1.84,1.86,2.07,1.91,1.96,2.02,1.91,2.05,1.88,1.45,1.42,1.22,1.18,1.02,0.88,0.70,0.22,-0.13,-0.27,-0.47,-0.73,-0.76,-0.83,-0.82,-1.12,-1.35,-1.48,-1.93,-2.54,-2.99,-3.53,-4.76,-6.67,-9.18,-12.08,-14.24,-15.09,-15.55,-15.79,-15.58,-15.50,-15.90,-15.87,-15.70,-15.67,-15.76,-15.78,-15.95,-15.81,-15.46,-15.37,-15.53,-15.50,-15.41
-1.55,-1.73,-1.36,-1.31,-1.44,-1.41,-1.15,-1.21,-1.43,-1.27,-1.16,-1.12,-1.10,-1.16,-1.15,-1.10,-1.10,-0.92,-0.64,-0.59,-0.68,-0.48,-0.06,0.37,0.49,0.38,0.27,0.09,-0.03,0.37,0.30,0.59,0.35,0.46,0.49,0.84,0.60,0.24,-0.02,-0.31,-0.53,-0.68,-0.67,-0.57,-0.66,-0.52,0.04,-0.04,-0.07,-0.11,-0.56,-0.72,-0.80,-0.81,-0.82,-0.78,-0.57,-0.03,0.37,0.15,-0.08,-0.08,-0.16,-0.12,-0.16,-0.16,0.10,0.12,0.08,0.12,0.37,0.04,-0.03,0.44,0.80,0.76,0.44,0.34,0.30,0.45,0.66,0.63,0.88,0.70,0.12,-0.24,-0.21,-0.17,-0.16,-0.11,-0.22,-0.08,-0.08,-0.11,-0.14,-0.04,0.14,0.43,0.80,1.28,1.20,0.98,1.03,1.08,1.14,1.24,1.18,1.19,1.35,1.28,1.39,1.56,1.41,1.78,1.57,1.69,1.78,1.72,1.63,1.57,1.47,1.34,0.97,0.44,0.10,-0.09,-0.41,-0.36,-0.64,-0.53,-0.75,-0.90,-0.87,-1.22,-1.60,-1.99,-2.70,-4.01,-5.88,-8.84,-11.97,-14.37,-15.17,-15.55,-15.79,-15.53,-15.29,-15.69,-15.76,-15.64,-15.55,-15.61,-15.76,-15.46,-15.23,-15.28,-15.46,-15.43,-15.05,-14.99
-1.46,-1.57,-1.48,-1.40,-1.43,-1.32,-1.10,-1.35,-1.25,-1.25,-1.21,-1.15,-1.08,-1.17,-1.10,-1.07,-0.98,-0.96,-0.95,-0.83,-0.82,-0.57,0.01,0.37,0.40,0.23,0.15,0.09,0.03,0.45,0.30,0.37,0.35,0.44,0.53,0.88,0.74,0.38,0.08,-0.23,-0.48,-0.61,-0.51,-0.54,-0.58,-0.69,-0.03,0.18,0.07,0.03,-0.46,-0.76,-1.03,-1.01,-0.63,-0.58,-0.52,-0.08,0.06,-0.17,-0.13,0.04,-0.03,-0.17,-0.18,-0.24,-0.14,-0.04,0.07,0.20,0.25,0.27,0.35,0.39,0.91,0.72,0.40,0.46,0.35,0.37,0.37,0.60,0.64,0.70,0.32,-0.38,-0.16,-0.39,-0.17,-0.13,-0.21,-0.04,-0.14,-0.38,-0.34,-0.18,0.12,0.06,0.54,1.07,1.35,1.46,1.53,1.56,1.30,1.04,1.00,0.90,0.72,0.67,0.61,0.58,0.76,1.08,0.91,1.17,1.19,1.13,1.01,1.25,1.31,1.24,1.09,0.70,0.38,0.20,-0.14,-0.22,-0.51,-0.31,-0.49,-0.62,-0.75,-1.20,-1.72,-2.57,-4.13,-6.23,-8.40,-11.20,-13.34,-14.73,-15.11,-15.28,-15.47,-15.44,-15.41,-15.64,-15.58,-15.52,-15.49,-15.40,-15.21,-15.29,-15.40,-15.34,-15.32,-15.43,-15.34,-14.91
-1.67,-1.74,-1.51,-1.38,-1.51,-1.62,-1.40,-1.46,-1.22,-1.43,-1.32,-1.12,-1.14,-1.11,-1.27,-1.14,-1.29,-1.21,-0.98,-1.00,-1.05,-0.81,-0.56,-0.28,0.22,0.27,0.19,0.17,0.06,0.38,0.13,0.30,0.20,0.35,0.10,0.49,0.59,0.41,0.12,-0.46,-0.75,-0.66,-0.58,-0.68,-0.57,-0.69,-0.21,-0.04,-0.16,-0.19,-0.57,-0.72,-0.82,-0.97,-0.80,-0.69,-0.53,-0.04,0.19,0.13,0.03,0.02,-0.03,-0.17,-0.13,-0.29,-0.03,0.18,0.12,0.14,0.35,0.58,0.50,0.75,1.19,1.19,0.81,0.74,0.43,0.49,0.44,1.02,0.81,0.37,0.07,-0.28,-0.32,-0.23,-0.16,-0.34,-0.13,-0.22,-0.02,-0.18,-0.11,-0.02,0.04,0.20,0.60,0.87,1.18,1.33,1.52,1.60,1.60,1.57,1.47,1.29,1.09,1.08,1.00,0.81,0.76,0.70,0.49,0.45,0.32,0.32,0.22,0.61,0.77,0.76,0.88,0.77,0.59,0.50,0.15,-0.07,-0.27,-0.31,-0.37,-0.49,-0.69,-1.45,-2.91,-5.03,-7.39,-9.57,-11.45,-13.05,-14.19,-14.72,-15.00,-15.11,-15.08,-15.14,-15.20,-15.38,-15.29,-15.25,-15.26,-15.26,-15.20,-15.06,-14.93,-14.97,-15.14,-15.14,-14.76,-14.51
-1.59,-1.55,-1.58,-1.49,-1.38,-1.34,-1.40,-1.69,-1.31,-1.35,-1.49,-1.49,-1.31,-1.17,-1.02,-1.22,-1.11,-1.05,-1.01,-0.83,-0.83,-0.86,-0.66,-0.33,-0.14,-0.03,0.18,0.24,-0.04,0.24,0.23,0.29,0.29,0.58,0.50,0.63,0.53,0.28,0.01,-0.39,-0.69,-0.69,-0.69,-0.46,-0.56,-0.64,-0.17,-0.28,-0.29,-0.26,-0.69,-0.82,-0.86,-0.85,-0.85,-0.68,-0.44,-0.26,-0.07,-0.12,-0.26,-0.08,-0.22,-0.21,-0.13,-0.16,-0.16,0.08,0.17,0.48,0.69,0.97,0.84,1.04,1.11,1.01,0.93,0.91,0.85,0.46,0.58,0.95,0.91,0.87,0.09,-0.19,-0.37,-0.26,-0.03,-0.33,-0.21,-0.07,-0.04,-0.07,-0.13,-0.03,0.03,0.06,0.04,0.12,0.40,0.32,0.51,1.00,1.34,1.40,1.38,1.49,1.50,1.38,1.31,1.29,1.19,0.92,0.82,0.92,0.72,0.75,0.44,0.44,0.44,0.48,0.82,0.88,0.79,0.75,0.38,0.17,-0.03,-0.38,-0.44,-0.68,-0.97,-1.90,-3.79,-6.13,-8.31,-10.25,-11.63,-12.74,-13.57,-14.12,-14.54,-14.81,-14.93,-15.02,-15.14,-15.03,-15.05,-15.12,-15.11,-15.05,-15.06,-14.88,-14.87,-14.88,-14.90,-14.81,-14.51,-14.16
-1.55,-1.41,-1.39,-1.34,-1.43,-1.49,-1.35,-1.39,-1.14,-1.27,-1.34,-1.22,-1.10,-1.15,-1.17,-1.30,-1.10,-0.98,-0.98,-0.85,-0.96,-0.85,-0.69,-0.28,-0.16,-0.09,-0.03,0.04,0.23,0.38,0.15,0.45,0.27,0.41,0.43,0.79,0.60,0.27,0.07,-0.41,-0.71,-0.69,-0.77,-0.82,-0.56,-0.42,-0.32,-0.16,-0.22,-0.41,-0.54,-0.52,-0.63,-0.57,-0.52,-0.71,-0.49,-0.02,0.20,0.18,-0.16,-0.04,-0.16,-0.17,-0.12,-0.21,-0.12,0.27,0.54,0.81,0.85,0.84,1.15,1.14,0.98,1.15,1.04,0.82,0.79,0.86,0.95,1.24,0.82,0.76,0.22,-0.06,-0.17,-0.12,-0.07,-0.19,0.12,0.07,0.07,0.01,0.09,0.03,0.07,0.14,-0.03,-0.29,-0.43,-0.66,-0.57,-0.13,0.81,1.30,0.98,1.00,1.20,1.15,1.27,1.18,1.17,1.20,1.01,1.23,0.97,0.97,1.06,1.09,0.87,0.86,1.00,1.07,1.09,1.01,0.64,0.22,-0.13,-0.57,-1.00,-1.27,-1.62,-2.27,-3.54,-4.75,-5.79,-7.33,-8.69,-9.99,-11.42,-12.49,-13.31,-14.03,-14.51,-14.61,-14.93,-14.85,-14.94,-14.97,-14.81,-14.70,-15.06,-14.91,-14.79,-14.64,-14.54,-14.36,-14.03,-13.70
-1.36,-1.58,-1.51,-1.44,-1.39,-1.35,-1.36,-1.32,-0.98,-1.29,-1.39,-1.26,-1.25,-1.27,-1.07,-1.21,-1.15,-1.01,-0.98,-1.07,-1.10,-0.81,-0.76,-0.53,-0.34,-0.13,0.03,0.01,-0.06,0.32,0.13,0.53,0.40,0.35,0.69,0.79,0.51,0.17,-0.04,-0.23,-0.41,-0.39,-0.49,-0.63,-0.33,-0.32,-0.33,-0.11,-0.32,-0.29,-0.41,-0.47,-0.53,-0.38,-0.23,-0.28,-0.31,-0.08,0.10,-0.07,-0.23,-0.07,-0.07,-0.12,-0.11,-0.16,0.08,0.48,0.69,1.07,0.86,0.97,1.01,1.02,1.00,1.28,1.12,1.06,0.93,0.88,1.24,1.15,0.95,1.04,0.13,0.09,0.01,-0.08,-0.21,-0.07,-0.17,0.02,0.14,0.04,0.08,0.23,0.04,-0.03,-0.36,-0.46,-0.68,-0.90,-0.67,-0.34,0.37,0.85,0.48,0.13,0.10,-0.09,-0.09,0.03,0.15,0.48,0.51,0.84,0.63,0.66,0.63,0.71,0.63,0.74,0.84,1.13,1.27,1.01,0.65,0.15,-0.46,-1.15,-1.85,-2.04,-2.07,-2.32,-2.93,-3.30,-3.49,-4.37,-5.45,-6.36,-7.94,-9.40,-10.84,-12.17,-13.06,-13.57,-14.04,-14.42,-14.61,-14.69,-14.57,-14.51,-14.90,-14.81,-14.57,-14.45,-14.16,-13.73,-13.54,-12.81
-1.44,-1.65,-1.43,-1.53,-1.50,-1.31,-1.22,-0.87,-1.08,-1.35,-1.40,-1.31,-1.20,-1.05,-1.08,-1.21,-1.20,-0.98,-0.87,-1.10,-1.01,-0.82,-0.75,-0.80,-0.77,-0.53,-0.17,0.07,0.13,0.32,0.17,0.54,0.28,0.41,0.65,0.74,0.46,0.07,-0.11,-0.13,-0.21,-0.19,-0.04,-0.13,-0.46,0.07,-0.22,-0.32,-0.37,-0.04,0.01,0.03,-0.03,-0.12,-0.17,-0.01,0.10,0.07,0.07,-0.16,-0.23,-0.13,-0.07,0.06,0.32,0.23,0.39,0.58,0.79,0.96,1.11,0.67,0.96,0.98,1.14,1.14,1.01,0.91,0.91,0.90,1.40,1.23,0.88,0.82,0.23,0.04,-0.19,0.03,-0.12,0.04,-0.04,-0.22,0.28,0.04,0.23,0.14,0.09,0.07,-0.37,-0.51,-0.72,-0.83,-0.69,-0.46,-0.06,0.59,0.64,-0.13,-0.68,-0.75,-0.67,-0.69,-0.81,-0.71,-0.63,-0.47,-0.27,-0.13,-0.16,-0.21,-0.21,-0.02,0.32,0.67,1.02,1.12,0.72,0.33,-0.59,-1.68,-2.27,-2.39,-2.18,-2.29,-2.60,-2.78,-2.92,-3.26,-3.66,-4.07,-4.85,-5.97,-7.34,-8.73,-10.12,-11.39,-12.11,-13.02,-13.64,-14.12,-14.40,-14.48,-14.51,-14.57,-14.24,-14.12,-13.76,-13.14,-12.61,-11.07
-1.57,-1.68,-1.55,-1.54,-1.55,-1.44,-1.19,-1.43,-1.34,-1.54,-1.50,-1.32,-1.36,-0.98,-1.06,-1.39,-1.27,-1.02,-1.00,-1.19,-0.87,-0.82,-0.80,-0.67,-0.61,-0.54,-0.31,-0.01,0.02,0.23,0.08,0.56,0.38,0.34,0.48,0.60,0.32,0.06,0.14,0.12,0.02,-0.06,0.02,-0.03,-0.27,-0.21,-0.19,-0.46,-0.67,-0.61,-0.62,-0.42,-0.24,-0.17,-0.11,0.03,0.12,0.06,0.09,0.10,-0.04,0.01,0.23,0.18,0.22,0.32,0.29,0.44,0.64,0.76,0.92,0.65,0.85,1.11,0.96,0.86,0.77,0.84,0.66,0.53,0.87,1.12,0.96,0.61,0.06,0.01,-0.13,0.07,-0.03,-0.26,-0.07,-0.12,0.03,-0.24,0.02,0.02,0.10,0.17,-0.12,-0.42,-0.80,-0.95,-0.95,-0.57,0.18,0.71,0.60,-0.19,-0.91,-1.03,-1.00,-0.83,-0.91,-1.17,-1.24,-1.08,-1.41,-1.26,-1.39,-1.03,-1.08,-0.92,-0.31,0.22,0.70,1.04,0.67,0.19,-0.72,-1.64,-2.15,-2.25,-2.10,-2.28,-2.60,-2.79,-2.84,-2.88,-3.01,-3.13,-3.56,-3.97,-4.45,-5.36,-6.74,-8.13,-9.09,-10.42,-11.55,-12.52,-13.31,-13.82,-13.89,-14.09,-13.67,-13.34,-12.74,-11.76,-10.52,-8.44
-1.55,-1.55,-1.60,-1.54,-1.48,-1.43,-1.35,-1.39,-1.29,-1.35,-1.34,-1.27,-1.29,-1.11,-1.19,-1.24,-1.10,-1.01,-1.03,-1.02,-1.00,-0.87,-0.73,-0.63,-0.61,-0.53,-0.37,-0.24,-0.06,0.23,0.41,0.64,0.48,0.48,0.41,0.39,0.14,0.04,0.10,-0.17,-0.21,-0.07,-0.02,-0.06,-0.34,-0.27,-0.36,-0.57,-0.63,-0.54,-0.56,-0.44,-0.36,-0.44,-0.31,-0.21,-0.33,-0.32,-0.22,-0.14,-0.08,-0.29,-0.09,0.14,0.23,0.29,0.29,0.37,0.67,0.81,0.45,0.45,0.34,0.49,0.49,0.33,0.70,0.45,0.54,0.61,0.84,0.85,0.79,0.58,0.20,0.07,0.12,0.14,-0.12,-0.21,-0.26,0.06,-0.08,0.06,0.09,0.09,0.02,-0.17,-0.29,-0.66,-1.01,-0.97,-1.01,-0.80,-0.24,0.48,0.71,-0.04,-0.77,-0.92,-1.06,-1.20,-1.15,-1.19,-1.14,-0.96,-1.29,-1.36,-1.22,-1.40,-1.50,-1.46,-0.93,-0.14,0.58,0.81,0.45,0.17,-0.46,-1.50,-1.86,-1.86,-1.97,-2.23,-2.59,-2.74,-2.63,-2.66,-2.81,-2.66,-3.08,-3.22,-3.27,-3.70,-4.51,-5.23,-6.00,-7.15,-8.33,-9.61,-10.79,-11.69,-12.53,-12.80,-12.51,-12.05,-11.03,-9.47,-7.75,-5.71
-1.58,-1.64,-1.59,-1.45,-1.38,-1.48,-1.55,-1.27,-1.36,-1.27,-1.31,-1.36,-1.17,-1.21,-1.11,-1.03,-1.08,-1.11,-1.05,-1.08,-0.96,-0.97,-0.77,-0.82,-0.76,-0.64,-0.46,-0.21,-0.12,0.13,0.30,0.34,0.48,0.66,0.61,0.45,0.12,-0.02,0.01,-0.24,-0.17,0.01,0.04,0.10,-0.12,-0.24,-0.23,-0.37,-0.42,-0.48,-0.71,-0.52,-0.21,-0.39,-0.46,-0.27,-0.32,-0.44,-0.47,-0.54,-0.56,-0.53,-0.54,-0.51,-0.68,-0.69,-0.32,-0.02,0.01,0.15,0.12,-0.01,0.02,0.28,0.25,0.20,0.45,0.45,0.10,0.30,0.22,0.24,0.54,0.22,0.10,0.08,0.12,-0.18,-0.13,-0.13,-0.03,0.07,0.03,0.02,-0.11,-0.01,0.10,-0.06,-0.24,-0.43,-0.86,-1.20,-1.34,-0.91,-0.21,0.40,0.34,-0.49,-1.01,-1.07,-1.06,-1.08,-1.25,-1.29,-1.32,-1.11,-1.36,-1.44,-1.48,-1.32,-1.41,-1.58,-0.95,-0.23,0.20,0.46,0.30,0.12,-0.19,-1.48,-1.88,-2.05,-2.06,-2.06,-2.34,-2.47,-2.34,-2.56,-2.61,-2.66,-2.74,-2.86,-2.83,-2.99,-3.35,-3.70,-3.99,-4.46,-5.20,-6.31,-7.41,-8.40,-9.81,-10.20,-10.32,-10.02,-8.79,-6.93,-5.25,-3.65
-1.65,-1.74,-1.53,-1.46,-1.57,-1.67,-1.67,-1.43,-1.50,-1.41,-1.43,-1.43,-1.25,-1.36,-1.15,-1.15,-1.31,-1.35,-1.22,-1.26,-0.95,-1.10,-0.98,-1.06,-0.93,-0.78,-0.56,-0.17,0.02,0.10,0.44,0.38,0.46,0.67,0.69,0.80,0.41,0.07,0.10,-0.09,-0.03,0.10,0.15,0.08,-0.04,0.07,0.22,-0.06,-0.13,-0.19,-0.42,-0.38,-0.28,-0.34,-0.42,-0.43,-0.52,-0.52,-0.42,-0.44,-0.44,-0.48,-0.51,-0.47,-0.52,-0.57,-0.43,-0.21,-0.39,-0.33,-0.23,-0.48,-0.12,-0.22,0.04,0.04,0.10,-0.11,0.06,0.10,0.32,0.15,0.20,0.27,0.14,-0.03,-0.14,-0.11,0.06,-0.26,-0.01,0.17,0.14,-0.09,-0.04,-0.04,0.04,0.01,-0.28,-0.52,-0.83,-1.17,-1.27,-1.10,-0.49,0.14,0.22,-0.37,-0.98,-1.24,-1.51,-1.34,-1.30,-1.44,-1.49,-1.22,-1.20,-1.39,-1.44,-1.34,-1.71,-1.64,-1.03,-0.33,0.19,0.49,0.44,0.12,-0.14,-1.43,-1.83,-1.97,-2.02,-1.93,-2.20,-2.52,-2.46,-2.18,-2.36,-2.39,-2.54,-2.63,-2.64,-2.73,-2.93,-3.06,-3.03,-3.27,-3.54,-3.79,-4.25,-5.03,-6.12,-6.84,-7.01,-6.73,-5.72,-4.28,-3.30,-2.60
-1.64,-1.68,-1.46,-1.48,-1.55,-1.62,-1.65,-1.49,-1.50,-1.50,-1.46,-1.40,-1.31,-1.41,-1.16,-1.29,-1.38,-1.40,-1.40,-1.26,-1.02,-1.22,-1.15,-1.14,-1.01,-0.95,-0.75,-0.26,-0.03,0.09,0.45,0.53,0.53,0.75,0.82,0.88,0.59,0.14,0.02,-0.02,-0.04,0.12,0.12,-0.01,-0.14,0.01,0.04,-0.13,-0.11,-0.16,-0.37,-0.24,-0.17,-0.27,-0.27,-0.24,-0.32,-0.23,-0.02,-0.03,-0.27,-0.43,-0.34,-0.29,-0.43,-0.21,-0.22,-0.32,-0.19,-0.14,-0.28,-0.42,-0.18,-0.26,-0.32,-0.49,-0.21,-0.29,-0.26,-0.32,-0.22,-0.44,-0.33,-0.24,0.08,-0.42,0.13,-0.02,-0.06,0.13,0.08,0.18,0.01,0.07,-0.04,0.02,0.02,-0.09,-0.06,-0.12,0.03,-0.11,-0.11,0.03,0.24,0.27,-0.08,-0.47,-0.81,-1.05,-1.29,-1.29,-1.27,-1.24,-1.46,-1.41,-1.46,-1.58,-1.64,-1.48,-1.58,-1.60,-1.26,-0.54,0.18,0.48,0.24,-0.08,-0.32,-1.27,-1.74,-1.91,-1.82,-1.96,-2.32,-2.48,-2.38,-2.37,-2.16,-2.25,-2.30,-2.50,-2.42,-2.39,-2.64,-3.05,-3.13,-2.74,-2.81,-2.90,-3.03,-3.26,-3.73,-4.28,-4.03,-3.69,-3.10,-2.43,-2.30,-2.43
-1.65,-1.62,-1.46,-1.29,-1.22,-1.35,-1.57,-1.40,-1.44,-1.46,-1.39,-1.30,-1.32,-1.31,-1.25,-1.34,-1.24,-1.25,-1.38,-1.30,-1.07,-1.16,-1.15,-1.17,-1.10,-1.02,-0.85,-0.46,-0.32,-0.06,0.30,0.38,0.56,0.90,0.84,0.74,0.51,0.17,0.03,0.13,0.13,0.20,0.01,0.08,0.01,0.12,-0.11,-0.26,-0.16,-0.17,-0.29,-0.26,-0.17,-0.18,-0.27,-0.12,0.01,-0.09,-0.12,-0.22,-0.17,-0.13,-0.11,-0.11,-0.27,-0.06,-0.28,-0.11,-0.17,-0.13,-0.24,-0.38,-0.37,-0.16,-0.03,-0.04,-0.28,-0.22,-0.14,-0.26,-0.12,-0.24,-0.44,-0.44,-0.39,-0.44,-0.14,-0.39,-0.03,-0.16,0.13,0.25,0.17,0.22,0.13,0.08,-0.03,-0.06,-0.03,-0.02,0.08,0.07,-0.07,-0.01,0.10,0.04,-0.08,-0.04,-0.11,-0.53,-0.73,-0.72,-0.98,-0.81,-1.07,-1.32,-1.40,-1.78,-1.54,-1.46,-1.38,-1.40,-1.27,-0.67,0.15,0.46,0.17,0.12,0.03,-1.06,-1.83,-1.99,-2.02,-1.91,-2.02,-2.28,-2.34,-2.39,-2.05,-2.41,-2.36,-2.41,-2.39,-2.38,-2.65,-3.26,-3.14,-2.88,-2.74,-2.50,-2.42,-2.65,-2.82,-2.63,-2.37,-2.18,-2.11,-2.18,-2.27,-2.16
-1.69,-1.60,-1.44,-1.35,-1.35,-1.44,-1.62,-1.41,-1.31,-1.39,-1.34,-1.25,-1.35,-1.27,-1.44,-1.38,-1.30,-1.32,-1.39,-1.38,-1.15,-1.11,-1.12,-1.22,-1.14,-1.03,-0.88,-0.66,-0.58,-0.27,0.28,0.51,0.61,0.86,0.81,0.84,0.69,0.35,0.24,0.24,0.12,0.37,0.02,0.07,-0.11,-0.11,0.04,-0.17,-0.01,-0.14,-0.16,-0.12,-0.03,-0.01,-0.13,-0.11,-0.02,-0.12,-0.08,-0.12,-0.17,-0.18,-0.17,-0.13,-0.13,0.12,-0.23,0.03,0.03,-0.06,0.13,-0.03,-0.01,0.01,0.14,-0.16,0.03,-0.04,0.12,-0.22,0.15,-0.28,-0.32,-0.08,-0.07,-0.03,0.08,-0.21,-0.09,-0.12,-0.04,0.09,0.28,0.28,0.14,0.09,-0.09,-0.11,-0.29,-0.31,-0.16,-0.06,0.18,0.35,0.22,0.17,0.15,0.09,0.28,0.13,0.02,0.24,-0.14,-0.03,-0.38,-0.41,-0.76,-0.83,-0.87,-0.76,-0.63,-0.78,-0.78,-0.44,0.01,0.23,0.08,-0.01,-0.24,-1.02,-1.57,-1.87,-2.00,-2.07,-2.13,-2.16,-2.23,-2.24,-2.06,-2.25,-2.11,-2.23,-2.45,-2.55,-2.78,-3.44,-3.03,-3.53,-3.03,-2.47,-2.25,-2.30,-2.33,-2.18,-2.10,-2.09,-2.19,-2.22,-1.99,-1.93
-1.32,-1.79,-1.59,-1.59,-1.63,-1.62,-1.65,-1.54,-1.25,-1.34,-1.45,-1.44,-1.44,-1.30,-1.43,-1.39,-1.45,-1.50,-1.46,-1.44,-1.34,-1.17,-1.19,-1.11,-1.03,-1.06,-1.00,-0.81,-0.73,-0.47,0.30,0.64,0.71,0.82,0.81,0.88,0.67,0.35,0.32,0.20,0.06,0.28,-0.02,-0.09,-0.04,-0.17,-0.13,-0.07,-0.11,-0.32,-0.29,-0.23,-0.18,-0.14,-0.21,-0.11,0.03,-0.08,-0.11,0.06,0.10,0.04,-0.13,-0.18,-0.09,-0.04,-0.01,-0.04,-0.11,-0.26,0.06,-0.03,0.03,0.04,0.19,0.13,0.15,0.27,0.13,0.04,-0.09,-0.07,-0.12,0.07,-0.01,-0.02,-0.02,0.17,0.01,-0.09,-0.04,0.27,0.39,0.25,0.14,0.06,-0.12,-0.24,-0.31,-0.28,-0.07,-0.14,-0.32,-0.27,-0.34,-0.34,-0.22,-0.16,0.13,0.03,0.01,0.10,-0.16,0.22,-0.14,-0.31,-0.11,-0.21,-0.31,-0.37,-0.32,-0.34,-0.29,-0.24,-0.18,0.03,0.10,0.06,-0.27,-1.08,-1.71,-1.95,-1.86,-1.77,-1.87,-2.18,-2.20,-1.67,-2.15,-2.46,-2.39,-2.38,-2.55,-2.73,-3.04,-3.62,-3.66,-4.00,-3.92,-3.35,-2.73,-2.43,-2.30,-2.15,-2.01,-1.99,-2.01,-1.96,-1.93,-1.96
-1.64,-1.71,-1.36,-1.32,-1.36,-1.39,-1.50,-1.62,-1.31,-1.31,-1.43,-1.48,-1.48,-1.39,-1.39,-1.39,-1.41,-1.45,-1.46,-1.41,-1.35,-1.27,-1.24,-1.05,-0.96,-1.11,-1.16,-0.96,-0.81,-0.46,0.28,0.76,0.84,0.81,0.90,0.97,0.67,0.37,0.24,0.12,0.14,0.30,0.07,0.04,0.03,0.07,0.01,-0.01,-0.13,-0.21,-0.17,-0.08,-0.18,-0.16,-0.18,-0.17,-0.02,-0.09,0.02,0.29,0.18,0.07,0.08,0.06,-0.08,0.02,0.03,0.06,0.01,-0.02,-0.16,-0.08,-0.03,0.08,0.34,-0.09,0.28,0.14,0.03,0.19,0.18,0.22,0.06,0.22,0.12,-0.11,0.22,0.22,0.22,0.17,0.22,0.20,0.06,0.13,0.07,0.09,-0.04,0.07,0.12,0.20,0.08,-0.04,-0.09,-0.03,-0.06,-0.16,-0.26,-0.48,-0.47,-0.32,-0.19,-0.48,-0.19,-0.16,-0.49,-0.38,-0.31,-0.46,-0.23,-0.02,-0.08,-0.22,-0.24,-0.37,-0.46,-0.12,0.09,-0.24,-0.39,-0.75,-1.32,-1.99,-2.13,-1.88,-1.91,-2.16,-2.11,-2.02,-2.15,-2.27,-2.05,-2.30,-2.46,-2.47,-2.61,-3.17,-3.82,-3.86,-4.33,-4.07,-3.43,-3.18,-2.84,-2.38,-2.14,-2.13,-2.07,-1.85,-1.79,-1.78
-1.67,-1.60,-1.34,-1.26,-1.38,-1.54,-1.57,-1.51,-1.24,-1.41,-1.43,-1.26,-1.27,-1.43,-1.44,-1.44,-1.39,-1.44,-1.53,-1.31,-1.24,-1.39,-1.27,-1.21,-1.12,-1.24,-1.32,-1.10,-0.96,-0.57,0.18,0.74,0.75,0.79,0.90,0.97,0.69,0.27,0.15,0.12,0.20,0.25,0.10,0.17,-0.09,-0.04,-0.03,0.09,-0.21,-0.23,-0.21,-0.14,-0.09,-0.06,-0.14,-0.21,-0.12,-0.18,-0.18,-0.14,0.02,-0.07,-0.03,0.03,-0.03,-0.02,-0.21,0.04,0.08,0.02,0.19,-0.01,-0.07,0.06,0.23,-0.04,0.37,0.04,0.37,0.13,0.13,-0.11,-0.02,0.15,-0.03,-0.14,-0.07,-0.02,0.13,-0.01,0.15,0.20,0.14,0.04,-0.14,-0.07,0.01,0.35,0.32,0.09,0.01,0.03,0.09,0.20,-0.03,-0.31,-0.18,-0.08,-0.13,-0.16,-0.34,-0.37,-0.29,-0.23,-0.39,-0.53,-0.52,-0.52,-0.47,-0.64,-0.66,-0.67,-0.66,-0.64,-0.77,-0.80,-0.43,-0.38,-0.09,-0.58,-1.48,-1.88,-2.02,-1.97,-2.13,-2.29,-2.18,-2.22,-2.29,-2.33,-2.34,-2.27,-2.41,-2.52,-2.55,-2.95,-3.37,-3.95,-4.10,-4.07,-3.80,-3.43,-3.43,-2.65,-2.43,-2.29,-2.09,-1.87,-1.93,-1.77
-1.82,-1.53,-1.58,-1.53,-1.49,-1.58,-1.71,-1.67,-1.43,-1.49,-1.59,-1.50,-1.31,-1.72,-1.32,-1.38,-1.38,-1.39,-1.46,-1.40,-1.39,-1.38,-1.26,-1.34,-1.25,-1.30,-1.34,-1.12,-1.16,-0.83,0.03,0.53,0.74,0.90,0.79,0.90,0.59,0.14,0.13,0.09,0.14,0.25,0.17,0.08,-0.08,-0.13,0.02,-0.06,-0.24,-0.16,-0.18,-0.19,-0.14,-0.13,-0.12,-0.06,-0.09,-0.12,0.13,0.10,-0.07,0.07,0.07,0.01,-0.02,-0.12,-0.08,0.14,-0.06,-0.09,0.15,-0.21,-0.07,-0.04,0.17,-0.06,-0.09,-0.01,0.30,-0.12,0.03,-0.08,-0.18,-0.12,-0.12,0.06,0.06,0.04,0.14,0.08,0.07,0.24,0.17,0.02,0.03,0.04,-0.02,-0.03,-0.01,0.17,0.14,0.04,0.03,0.25,0.28,0.13,0.14,-0.07,-0.19,-0.18,-0.22,-0.08,-0.17,-0.03,-0.14,-0.37,-0.31,-0.12,-0.22,-0.19,-0.46,-0.66,-0.63,-0.58,-0.49,-0.32,-0.28,-0.11,0.18,-0.76,-1.35,-1.77,-1.96,-1.97,-1.96,-2.05,-2.16,-2.19,-2.24,-2.54,-2.36,-2.38,-2.36,-2.37,-2.61,-2.95,-3.19,-3.50,-3.91,-4.00,-3.87,-3.86,-3.70,-2.74,-2.37,-2.22,-2.04,-1.88,-2.07,-1.91
-1.58,-1.68,-1.43,-1.38,-1.55,-1.74,-1.69,-1.50,-1.50,-1.48,-1.53,-1.51,-1.26,-1.51,-1.39,-1.38,-1.43,-1.41,-1.36,-1.45,-1.41,-1.54,-1.20,-1.35,-1.27,-1.27,-1.26,-1.07,-1.15,-0.86,-0.12,0.43,0.85,1.04,0.86,0.85,0.60,0.20,0.07,-0.01,0.19,0.32,0.17,0.04,0.09,-0.09,-0.02,-0.04,-0.21,-0.14,-0.08,-0.14,-0.18,-0.08,-0.08,-0.06,-0.04,-0.08,0.01,-0.03,-0.01,0.06,0.06,-0.02,0.04,-0.09,-0.11,-0.08,-0.13,-0.09,0.06,0.03,-0.04,-0.01,0.14,-0.22,-0.14,-0.18,0.13,-0.01,-0.06,-0.13,-0.24,-0.03,-0.22,-0.27,-0.11,-0.03,-0.18,-0.13,0.17,0.07,0.03,0.12,0.04,0.14,-0.02,-0.06,-0.08,-0.03,0.07,0.12,0.07,0.20,0.09,-0.11,0.08,0.08,0.04,-0.12,-0.14,0.06,0.08,0.12,-0.06,-0.29,-0.01,-0.16,-0.11,-0.11,-0.43,-0.67,-0.61,-0.48,-0.38,-0.19,-0.28,-0.17,0.10,-0.19,-1.11,-1.67,-1.93,-2.14,-2.19,-2.16,-2.25,-2.23,-2.30,-2.36,-2.41,-2.39,-2.25,-2.20,-2.32,-2.38,-2.75,-2.70,-3.10,-3.60,-3.83,-3.82,-3.60,-2.87,-2.42,-2.28,-2.19,-1.96,-1.85,-1.74
-1.59,-1.76,-1.60,-1.48,-1.48,-1.57,-1.58,-1.58,-1.44,-1.31,-1.51,-1.59,-1.15,-1.51,-1.29,-1.43,-1.50,-1.40,-1.27,-1.38,-1.46,-1.49,-1.22,-1.30,-1.48,-1.46,-1.25,-1.05,-1.08,-1.03,-0.41,0.32,0.79,1.12,1.00,0.90,0.63,0.29,0.09,-0.09,0.06,0.20,0.25,0.08,0.08,-0.09,-0.03,0.13,-0.08,-0.09,-0.18,-0.19,0.04,0.08,-0.14,-0.14,-0.01,-0.07,-0.08,0.01,0.03,-0.11,0.03,0.13,0.17,-0.02,0.08,0.06,0.10,-0.08,0.04,-0.09,-0.03,0.03,0.17,0.10,-0.07,0.07,0.14,0.12,0.02,-0.01,-0.21,-0.12,-0.13,-0.18,-0.01,-0.02,0.03,-0.03,0.18,0.19,0.02,0.04,0.02,0.08,-0.02,-0.06,0.07,0.12,0.20,0.27,0.22,0.23,0.24,0.15,0.17,0.23,0.10,0.12,0.32,0.27,0.18,0.08,0.03,-0.26,-0.02,0.07,0.07,0.22,-0.03,-0.14,-0.03,-0.16,-0.24,0.03,0.06,-0.07,0.17,-0.19,-0.72,-1.55,-1.85,-2.00,-2.07,-2.06,-2.18,-2.07,-2.09,-2.36,-2.33,-2.20,-2.06,-2.09,-2.27,-2.28,-2.48,-2.30,-2.61,-3.00,-3.17,-3.17,-3.06,-2.79,-2.43,-2.22,-2.14,-2.05,-1.76,-1.58
-1.41,-1.60,-1.50,-1.44,-1.40,-1.44,-1.55,-1.55,-1.48,-1.34,-1.45,-1.54,-1.29,-1.41,-1.41,-1.51,-1.30,-1.14,-1.27,-1.55,-1.32,-1.27,-1.06,-1.32,-1.59,-1.59,-1.35,-1.08,-1.06,-1.16,-0.57,0.41,0.81,1.08,1.04,1.01,0.63,0.29,0.19,-0.07,-0.11,0.12,0.28,0.09,-0.03,-0.18,0.01,0.04,-0.19,-0.14,-0.21,-0.19,0.01,0.02,-0.13,-0.09,0.03,-0.04,-0.07,0.15,0.18,0.02,0.07,0.10,0.14,0.19,0.12,0.04,0.15,-0.03,0.19,0.12,-0.17,-0.04,0.18,0.27,-0.06,0.08,0.03,-0.03,-0.01,-0.27,-0.11,-0.12,-0.06,-0.12,-0.16,-0.13,0.01,0.02,-0.07,0.06,0.04,0.01,-0.08,0.14,0.02,-0.03,-0.07,0.02,0.14,0.15,0.24,0.25,0.04,0.03,0.24,0.25,0.13,0.14,0.18,0.22,0.22,0.18,0.02,-0.06,0.02,0.02,-0.01,0.02,-0.11,-0.16,-0.09,-0.12,-0.11,-0.01,-0.07,0.03,0.15,-0.28,-0.71,-1.51,-1.81,-1.85,-1.93,-2.07,-2.19,-2.14,-2.14,-2.33,-2.33,-2.29,-2.28,-2.30,-2.33,-2.29,-2.25,-2.34,-2.46,-2.43,-2.39,-2.70,-2.69,-2.54,-2.32,-2.15,-2.07,-2.06,-1.87,-1.69
-1.45,-1.81,-1.53,-1.46,-1.54,-1.63,-1.59,-1.38,-1.40,-1.27,-1.45,-1.55,-1.21,-1.30,-1.48,-1.58,-1.41,-1.41,-1.53,-1.31,-1.08,-1.36,-1.32,-1.21,-1.36,-1.34,-1.21,-1.17,-1.02,-1.11,-0.80,0.27,0.67,1.12,1.14,1.06,0.63,0.23,0.18,0.12,0.04,0.15,0.02,-0.07,-0.18,-0.22,0.09,-0.11,-0.21,-0.17,-0.17,-0.16,-0.06,-0.07,-0.14,-0.11,0.01,-0.01,0.02,0.09,-0.01,0.02,-0.02,0.02,0.01,0.14,0.07,-0.11,-0.02,-0.07,0.10,-0.07,0.09,-0.09,0.38,0.09,0.33,0.28,0.02,0.13,0.01,-0.07,-0.04,-0.12,-0.09,-0.28,-0.13,-0.03,0.07,0.13,-0.01,-0.18,0.15,0.13,0.07,0.23,0.06,-0.06,-0.03,0.03,0.06,0.02,0.10,0.19,0.13,0.17,0.37,0.44,0.30,0.17,0.24,0.24,0.17,0.40,0.19,-0.02,0.13,0.17,0.09,0.07,0.08,0.01,-0.08,-0.13,-0.08,0.24,-0.01,0.12,0.29,0.03,-0.63,-1.40,-1.71,-1.73,-1.88,-2.10,-2.20,-2.36,-2.20,-2.19,-2.38,-2.24,-2.23,-2.46,-2.56,-2.25,-2.23,-2.36,-2.32,-2.20,-2.18,-2.33,-2.30,-2.34,-2.14,-2.04,-2.07,-2.01,-1.96,-1.90
-1.46,-1.54,-1.39,-1.27,-1.40,-1.55,-1.39,-1.38,-1.19,-0.96,-1.22,-1.49,-1.26,-1.30,-1.21,-1.67,-1.57,-1.32,-1.15,-0.95,-1.19,-1.72,-1.39,-1.21,-1.15,-1.20,-1.08,-0.87,-1.05,-1.17,-0.77,0.33,0.75,1.13,1.06,1.02,0.66,0.24,0.19,0.19,0.09,0.15,-0.16,-0.13,-0.23,-0.27,0.03,-0.08,-0.17,-0.12,-0.19,-0.26,-0.21,-0.14,-0.16,-0.17,-0.07,-0.02,-0.03,-0.03,-0.07,0.07,0.07,-0.08,-0.17,-0.01,0.06,0.03,0.13,-0.23,-0.08,-0.31,0.01,-0.09,0.03,0.13,0.03,0.13,-0.08,-0.03,0.17,-0.24,-0.03,-0.08,-0.18,-0.22,-0.11,-0.09,0.03,-0.17,-0.01,-0.07,0.08,0.12,0.04,0.07,0.03,0.09,0.13,0.04,0.09,0.08,0.02,-0.01,-0.09,-0.03,0.18,0.23,0.14,-0.03,0.09,0.23,0.15,0.23,0.29,0.12,0.12,0.07,0.06,0.03,0.03,-0.01,-0.08,-0.12,-0.03,0.20,-0.02,0.02,0.12,0.15,-0.41,-1.41,-1.79,-1.78,-1.76,-1.81,-2.01,-2.24,-2.23,-2.06,-2.33,-2.20,-2.15,-2.38,-2.47,-2.24,-2.22,-2.14,-2.16,-2.24,-2.24,-2.07,-2.13,-2.33,-2.07,-1.96,-2.14,-1.95,-1.91,-1.90
-1.22,-1.14,-1.10,-0.97,-1.00,-1.11,-1.17,-1.03,-1.10,-1.01,-1.08,-1.20,-1.20,-1.25,-1.14,-1.31,-1.30,-1.22,-1.16,-1.11,-1.08,-1.10,-0.85,-1.12,-1.10,-1.26,-1.30,-1.15,-1.22,-0.98,-0.91,0.04,0.79,0.97,0.84,0.80,0.54,0.32,0.20,0.04,0.09,0.13,-0.12,0.01,-0.14,-0.21,-0.08,-0.17,-0.16,-0.22,-0.28,-0.31,-0.26,-0.24,-0.24,-0.21,-0.12,-0.02,-0.11,-0.17,-0.14,0.12,0.10,-0.11,-0.16,-0.11,-0.12,-0.24,0.04,-0.01,-0.06,-0.27,0.14,0.06,0.10,0.17,-0.17,-0.26,-0.09,-0.32,-0.07,-0.21,-0.26,-0.32,-0.34,-0.37,-0.19,-0.26,0.06,-0.04,-0.04,0.09,0.19,0.12,0.09,0.18,-0.08,-0.12,0.06,-0.04,-0.03,0.08,-0.04,-0.13,-0.12,-0.09,-0.04,0.15,0.27,-0.06,0.01,0.15,0.06,0.03,0.07,0.15,-0.12,-0.12,-0.04,0.02,0.01,-0.09,-0.17,-0.22,-0.18,-0.08,0.03,0.01,0.02,-0.01,-0.54,-1.39,-1.82,-1.83,-1.74,-1.78,-2.05,-2.02,-2.14,-2.14,-2.22,-2.19,-2.20,-2.33,-2.45,-2.19,-2.19,-2.13,-2.16,-2.27,-2.23,-2.13,-2.19,-2.32,-2.15,-2.01,-2.13,-2.09,-1.88,-1.86
-0.82,-0.90,-0.77,-0.72,-0.67,-0.71,-0.83,-0.83,-0.80,-0.76,-0.80,-0.86,-0.92,-1.05,-0.92,-0.93,-1.02,-1.03,-1.00,-1.03,-1.05,-0.78,-0.88,-0.93,-1.11,-1.14,-0.85,-0.71,-0.90,-0.68,-0.86,0.03,0.67,0.95,0.70,0.72,0.51,0.32,0.25,0.07,-0.04,-0.06,-0.14,-0.07,-0.24,-0.11,-0.12,-0.33,-0.11,-0.22,-0.28,-0.33,-0.23,-0.36,-0.41,-0.28,-0.13,-0.06,-0.19,-0.18,-0.19,-0.01,-0.06,-0.14,-0.24,-0.17,-0.34,-0.42,-0.09,-0.16,-0.12,-0.39,-0.03,-0.12,0.30,-0.09,-0.17,-0.23,-0.07,-0.36,-0.12,-0.18,-0.11,-0.17,-0.32,-0.41,-0.19,-0.22,0.03,0.09,0.07,0.02,0.07,0.01,-0.07,-0.02,-0.09,-0.23,-0.21,-0.11,-0.02,0.10,0.20,0.18,0.01,-0.07,-0.01,0.04,0.27,0.15,0.17,0.02,0.20,-0.07,-0.17,0.01,-0.28,-0.19,-0.03,-0.04,-0.09,-0.16,-0.14,-0.17,-0.34,-0.26,0.10,-0.02,0.04,0.08,-0.54,-1.22,-1.64,-1.78,-1.88,-2.13,-2.14,-1.87,-2.09,-2.25,-2.25,-2.22,-2.18,-2.23,-2.51,-2.11,-2.14,-2.16,-2.25,-2.29,-2.16,-2.36,-2.10,-2.24,-2.22,-2.01,-1.92,-2.36,-2.20,-2.24
-0.41,-0.58,-0.44,-0.47,-0.43,-0.38,-0.46,-0.59,-0.53,-0.51,-0.67,-0.76,-0.62,-0.61,-0.36,-0.57,-0.71,-0.75,-0.83,-0.91,-0.58,-0.80,-0.66,-0.82,-0.85,-0.61,-0.51,-0.59,-0.49,-0.33,-0.47,0.04,0.63,1.02,0.61,0.77,0.54,0.19,0.14,0.07,0.04,0.13,-0.06,-0.08,-0.32,-0.14,-0.26,-0.29,-0.23,-0.26,-0.28,-0.46,-0.37,-0.39,-0.37,-0.24,-0.24,-0.24,-0.22,-0.07,-0.01,-0.07,-0.18,-0.37,-0.14,-0.24,-0.24,-0.23,-0.09,-0.31,-0.08,-0.22,-0.01,-0.18,0.03,-0.31,-0.16,-0.13,-0.33,-0.19,-0.02,-0.09,-0.04,-0.18,-0.19,-0.17,-0.27,-0.09,-0.09,-0.02,0.13,-0.07,-0.04,-0.02,-0.04,-0.01,-0.11,-0.12,-0.16,-0.13,-0.06,-0.02,0.01,0.12,0.09,-0.22,-0.16,0.08,0.01,-0.12,0.07,0.06,0.20,-0.17,-0.44,-0.16,-0.09,-0.17,-0.27,-0.26,-0.24,-0.21,-0.17,-0.21,-0.37,-0.19,-0.12,-0.08,0.12,0.44,-0.04,-0.81,-1.35,-1.60,-1.79,-2.06,-2.20,-1.85,-2.02,-2.20,-2.19,-2.18,-2.15,-2.13,-2.29,-2.06,-2.05,-2.00,-2.09,-2.23,-2.14,-2.38,-2.09,-2.18,-2.24,-2.18,-2.07,-2.27,-2.28,-2.13
-0.12,-0.22,-0.17,-0.22,-0.24,-0.22,-0.22,-0.34,-0.38,-0.31,-0.41,-0.41,-0.27,-0.29,-0.01,-0.18,-0.43,-0.47,-0.46,-0.53,-0.51,-0.47,-0.49,-0.32,-0.28,-0.24,-0.24,-0.27,-0.29,-0.06,0.30,0.32,0.82,1.02,0.81,0.90,0.69,0.45,0.32,0.12,0.03,-0.01,-0.17,-0.04,-0.27,-0.34,-0.24,-0.19,-0.26,-0.41,-0.37,-0.46,-0.44,-0.32,-0.24,-0.26,-0.31,-0.37,-0.31,-0.11,-0.02,-0.04,-0.14,-0.41,-0.19,-0.29,-0.16,-0.21,-0.17,-0.16,-0.06,-0.18,0.06,-0.19,-0.14,-0.13,-0.13,-0.23,-0.37,-0.17,-0.08,-0.17,-0.12,-0.33,-0.17,-0.11,-0.29,-0.22,-0.21,-0.26,-0.06,-0.04,-0.04,-0.12,-0.08,-0.16,-0.17,-0.09,-0.18,-0.27,-0.31,-0.27,-0.17,-0.11,-0.07,-0.22,-0.22,-0.07,-0.04,-0.16,-0.02,-0.07,-0.06,-0.17,-0.41,-0.17,-0.16,-0.21,-0.38,-0.43,-0.43,-0.42,-0.36,-0.44,-0.49,-0.26,-0.34,-0.07,0.17,0.55,0.39,-0.32,-1.02,-1.44,-1.65,-1.77,-2.04,-1.96,-1.95,-2.01,-1.95,-1.99,-2.10,-2.15,-2.20,-2.11,-2.19,-2.18,-2.10,-2.07,-2.18,-2.34,-2.13,-2.19,-2.29,-2.30,-2.33,-2.43,-2.01,-2.27
-0.17,-0.17,-0.01,-0.06,-0.13,-0.14,-0.11,-0.12,-0.19,-0.16,-0.19,-0.12,0.02,-0.03,0.17,-0.03,-0.26,-0.17,-0.06,-0.17,-0.29,-0.16,-0.17,-0.18,-0.13,-0.07,-0.11,-0.23,-0.21,0.34,0.65,1.14,1.18,1.06,0.92,0.86,0.51,0.38,0.41,0.23,0.09,0.01,-0.23,-0.23,-0.37,-0.47,-0.33,-0.44,-0.26,-0.33,-0.39,-0.37,-0.38,-0.32,-0.29,-0.31,-0.23,-0.34,-0.48,-0.24,-0.21,-0.13,-0.06,-0.36,-0.33,-0.46,-0.21,-0.18,-0.18,-0.18,-0.12,-0.28,-0.13,-0.17,-0.17,-0.13,-0.43,-0.28,-0.27,-0.13,-0.21,-0.22,-0.14,-0.48,-0.26,-0.19,-0.16,-0.06,-0.17,-0.19,-0.14,-0.17,-0.08,-0.14,-0.18,-0.07,0.07,-0.09,-0.38,-0.36,-0.34,-0.23,-0.07,-0.26,-0.23,-0.23,-0.32,-0.22,-0.19,-0.24,-0.18,-0.01,-0.03,-0.29,-0.31,-0.14,-0.19,-0.26,-0.43,-0.48,-0.48,-0.49,-0.41,-0.46,-0.57,-0.33,-0.38,0.03,0.32,0.58,0.55,0.09,-0.57,-1.14,-1.51,-1.73,-1.74,-1.95,-1.96,-1.86,-1.88,-1.87,-1.83,-1.88,-2.13,-1.91,-1.92,-2.04,-2.13,-2.16,-2.24,-2.11,-2.42,-2.46,-2.41,-2.33,-2.22,-2.15,-2.36,-2.23
0.08,-0.06,0.24,0.14,0.10,0.02,-0.06,0.22,0.01,-0.06,-0.14,-0.06,0.14,0.20,0.34,0.01,0.01,0.14,0.19,0.12,0.15,0.28,0.38,0.37,0.27,0.19,0.23,0.24,0.24,0.72,0.96,1.08,0.96,0.79,0.79,0.84,0.55,0.44,0.35,0.10,0.02,0.02,-0.01,-0.07,-0.22,-0.28,-0.39,-0.46,-0.34,-0.31,-0.41,-0.42,-0.39,-0.28,-0.28,-0.31,-0.17,-0.29,-0.52,-0.36,-0.34,-0.28,-0.17,-0.28,-0.36,-0.54,-0.36,-0.22,-0.22,-0.26,-0.22,-0.29,-0.31,-0.31,-0.08,-0.08,-0.43,-0.28,-0.59,-0.28,-0.17,-0.27,-0.23,-0.31,-0.31,-0.24,-0.34,-0.09,-0.07,-0.19,-0.26,-0.16,0.04,-0.09,-0.16,0.04,0.12,-0.06,-0.26,-0.19,-0.14,-0.11,-0.07,-0.26,-0.29,-0.28,-0.18,-0.14,-0.31,-0.37,-0.22,-0.41,-0.18,-0.47,-0.28,-0.14,-0.11,-0.28,-0.34,-0.33,-0.32,-0.39,-0.46,-0.43,-0.54,-0.36,-0.37,-0.09,0.23,0.50,0.58,0.37,-0.08,-0.66,-1.27,-1.60,-1.73,-1.74,-1.86,-1.74,-1.82,-1.78,-1.58,-1.64,-1.92,-1.73,-1.64,-1.83,-2.04,-2.02,-1.86,-1.90,-2.09,-2.15,-2.11,-2.09,-2.23,-2.24,-2.34,-2.18
0.23,0.30,0.27,0.18,0.24,0.13,-0.02,0.30,0.06,0.08,0.08,0.10,0.19,0.24,0.34,0.18,0.12,0.18,0.33,0.41,0.25,0.32,0.60,0.55,0.49,0.34,0.32,0.39,0.56,0.93,0.96,1.18,1.07,1.08,0.98,1.00,0.65,0.37,0.27,0.04,-0.19,-0.09,0.01,-0.12,-0.21,-0.17,-0.38,-0.36,-0.49,-0.31,-0.49,-0.51,-0.38,-0.28,-0.34,-0.29,-0.18,-0.28,-0.37,-0.32,-0.26,-0.18,-0.34,-0.38,-0.32,-0.54,-0.39,-0.33,-0.41,-0.36,-0.36,-0.33,-0.24,-0.36,-0.27,-0.18,-0.27,-0.26,-0.52,-0.37,-0.18,-0.38,-0.37,-0.39,-0.29,-0.26,-0.39,-0.28,-0.16,-0.23,-0.28,-0.17,-0.12,-0.17,-0.26,-0.07,-0.07,-0.22,-0.16,-0.06,-0.08,-0.17,-0.24,-0.34,-0.46,-0.31,-0.19,-0.24,-0.28,-0.37,-0.14,-0.53,-0.31,-0.39,-0.28,-0.21,-0.23,-0.34,-0.33,-0.33,-0.39,-0.47,-0.59,-0.56,-0.48,-0.36,-0.52,-0.32,0.06,0.39,0.49,0.35,0.12,-0.36,-1.14,-1.57,-1.46,-1.49,-1.64,-1.68,-1.67,-1.68,-1.74,-1.78,-1.85,-1.95,-1.83,-1.93,-1.96,-1.74,-2.04,-1.93,-2.19,-2.32,-2.24,-2.11,-2.14,-2.20,-2.30,-2.19
0.04,-0.13,0.10,0.19,0.09,0.04,0.07,0.15,-0.07,0.17,0.19,0.22,0.22,0.17,0.22,0.20,0.10,0.09,0.23,0.34,0.28,0.40,0.56,0.50,0.45,0.38,0.49,0.60,0.72,1.11,1.04,1.31,1.28,0.98,0.91,0.95,0.70,0.53,0.30,-0.04,-0.06,0.12,-0.01,-0.31,-0.31,-0.26,-0.38,-0.27,-0.36,-0.32,-0.52,-0.58,-0.57,-0.56,-0.48,-0.31,-0.21,-0.29,-0.36,-0.37,-0.26,-0.21,-0.46,-0.53,-0.38,-0.52,-0.27,-0.46,-0.47,-0.38,-0.33,-0.32,-0.31,-0.43,-0.27,-0.27,-0.43,-0.49,-0.41,-0.42,-0.46,-0.46,-0.46,-0.48,-0.54,-0.37,-0.39,-0.24,-0.32,-0.29,-0.31,-0.39,-0.37,-0.27,-0.32,-0.27,-0.34,-0.43,-0.31,-0.23,-0.19,-0.18,-0.31,-0.46,-0.59,-0.46,-0.36,-0.37,-0.22,-0.28,-0.26,-0.39,-0.39,-0.34,-0.41,-0.42,-0.51,-0.44,-0.37,-0.46,-0.59,-0.59,-0.59,-0.59,-0.57,-0.26,-0.77,-0.43,0.13,0.50,0.54,0.33,0.13,-0.09,-0.69,-1.27,-1.58,-1.44,-1.48,-1.44,-1.39,-1.39,-1.44,-1.55,-1.63,-1.53,-1.59,-1.85,-2.02,-1.97,-1.95,-1.86,-2.05,-2.18,-2.11,-2.01,-2.16,-2.14,-2.16,-2.14
0.01,-0.01,-0.19,-0.04,0.17,0.10,-0.04,-0.01,0.13,-0.06,0.04,0.17,0.18,0.17,0.13,0.12,0.13,0.10,0.10,0.18,0.29,0.53,0.50,0.50,0.53,0.50,0.48,0.44,0.58,1.02,1.23,1.20,1.17,1.03,0.66,0.70,0.53,0.39,0.25,0.08,0.06,0.15,0.06,-0.16,-0.28,-0.32,-0.46,-0.48,-0.29,-0.37,-0.27,-0.29,-0.47,-0.44,-0.37,-0.26,-0.19,-0.23,-0.37,-0.44,-0.38,-0.39,-0.37,-0.44,-0.37,-0.41,-0.33,-0.47,-0.38,-0.27,-0.23,-0.29,-0.43,-0.44,-0.26,-0.38,-0.49,-0.53,-0.44,-0.54,-0.53,-0.66,-0.57,-0.48,-0.73,-0.47,-0.43,-0.42,-0.47,-0.38,-0.36,-0.41,-0.41,-0.38,-0.37,-0.28,-0.27,-0.28,-0.29,-0.31,-0.29,-0.32,-0.29,-0.37,-0.58,-0.54,-0.51,-0.51,-0.43,-0.42,-0.47,-0.38,-0.39,-0.39,-0.53,-0.57,-0.54,-0.49,-0.39,-0.42,-0.54,-0.57,-0.63,-0.64,-0.75,-0.38,-0.82,-0.56,-0.09,0.48,0.66,0.44,0.15,-0.08,-0.34,-0.88,-1.05,-1.02,-1.02,-1.12,-1.20,-1.30,-1.40,-1.35,-1.45,-1.60,-1.76,-1.77,-1.74,-1.87,-1.73,-1.87,-2.07,-2.10,-2.04,-2.04,-1.99,-2.01,-1.90,-1.92
0.03,0.04,-0.08,0.02,0.04,-0.08,-0.16,-0.04,0.03,-0.14,0.06,0.09,0.07,0.06,0.02,0.14,0.02,0.12,0.15,0.14,0.25,0.45,0.37,0.43,0.51,0.45,0.41,0.41,0.63,1.09,1.17,1.17,1.04,0.72,0.59,0.59,0.53,0.48,0.35,0.27,0.38,0.32,0.03,0.20,-0.07,0.07,0.03,0.03,0.23,-0.06,0.19,0.23,0.02,0.02,0.02,0.07,0.13,0.03,-0.02,0.06,0.04,-0.12,-0.11,-0.19,-0.14,-0.33,-0.38,-0.34,-0.21,-0.13,-0.14,-0.26,-0.26,-0.24,-0.31,-0.41,-0.26,-0.32,-0.38,-0.52,-0.49,-0.51,-0.47,-0.41,-0.46,-0.43,-0.32,-0.46,-0.38,-0.33,-0.37,-0.44,-0.44,-0.44,-0.48,-0.39,-0.33,-0.29,-0.31,-0.38,-0.31,-0.38,-0.39,-0.34,-0.46,-0.51,-0.62,-0.52,-0.51,-0.62,-0.48,-0.41,-0.36,-0.37,-0.57,-0.54,-0.47,-0.48,-0.54,-0.53,-0.49,-0.49,-0.69,-0.71,-0.61,-0.42,-0.73,-0.43,-0.12,0.34,0.45,0.27,0.09,-0.11,-0.27,-0.64,-0.41,-0.64,-0.57,-0.92,-1.10,-0.95,-1.05,-1.20,-1.05,-1.20,-1.27,-1.36,-1.49,-1.39,-1.41,-1.36,-1.55,-1.60,-1.53,-1.59,-1.53,-1.59,-1.48,-1.44
-0.09,0.01,-0.13,-0.14,0.06,-0.07,-0.22,-0.06,0.14,-0.12,-0.08,0.01,0.04,0.03,-0.01,-0.19,-0.13,0.02,0.07,0.09,0.12,0.18,0.28,0.27,0.37,0.29,0.25,0.33,0.64,1.07,1.19,1.08,0.90,0.86,0.80,1.12,1.11,0.96,0.88,0.86,0.85,0.88,0.93,1.01,1.02,0.98,0.86,0.66,0.67,0.55,0.65,0.72,0.63,0.72,0.63,0.58,0.76,0.70,0.67,0.91,0.80,0.74,0.71,0.65,0.69,0.44,0.50,0.65,0.67,0.60,0.60,0.33,0.35,0.34,0.33,0.13,0.34,0.27,0.08,-0.08,-0.08,0.14,0.03,0.13,0.13,0.23,0.09,-0.06,0.02,-0.04,-0.13,-0.21,-0.19,-0.13,-0.22,-0.21,-0.22,-0.21,-0.21,-0.29,-0.21,-0.23,-0.29,-0.27,-0.27,-0.49,-0.52,-0.43,-0.36,-0.46,-0.37,-0.39,-0.32,-0.26,-0.54,-0.52,-0.49,-0.47,-0.53,-0.59,-0.49,-0.54,-0.66,-0.66,-0.64,-0.51,-0.52,-0.41,-0.26,0.37,0.65,0.38,0.13,0.06,-0.07,-0.49,-0.57,-0.56,-0.43,-0.53,-0.63,-0.51,-0.43,-0.41,-0.58,-0.66,-0.73,-0.76,-0.76,-0.86,-0.69,-0.82,-1.01,-1.08,-1.00,-1.01,-1.00,-1.03,-1.08,-1.00
-0.34,-0.19,-0.22,-0.24,-0.23,-0.27,-0.22,-0.04,-0.08,0.06,-0.08,-0.04,-0.14,-0.31,-0.09,-0.33,-0.33,-0.13,0.12,0.15,-0.03,-0.04,0.25,0.14,0.32,0.29,0.09,0.07,0.45,0.97,1.25,1.11,1.00,1.19,1.22,1.42,1.49,1.53,1.64,1.80,1.83,1.53,1.22,1.08,0.98,1.09,0.80,0.70,0.61,0.58,0.58,0.90,0.93,1.03,1.19,1.09,1.12,1.18,1.22,1.63,2.00,2.05,2.06,2.01,1.99,1.69,1.89,2.07,1.97,1.91,1.96,1.53,1.42,1.47,1.46,1.24,1.31,1.17,1.07,1.00,0.87,1.01,1.01,1.06,1.02,1.14,0.92,0.82,0.87,0.56,0.46,0.40,0.27,0.32,0.33,0.35,0.46,0.55,0.51,0.41,0.43,0.37,0.39,0.46,0.35,0.01,0.20,0.19,0.20,0.15,0.09,-0.03,0.07,0.06,-0.17,-0.27,-0.17,-0.21,-0.23,-0.12,-0.11,-0.17,-0.34,-0.27,-0.31,-0.16,-0.44,-0.34,-0.01,0.32,0.43,0.30,0.17,0.22,-0.03,-0.29,-0.22,-0.24,-0.13,-0.31,-0.38,-0.08,0.03,0.06,0.01,0.09,0.07,0.07,0.10,-0.21,0.14,-0.21,-0.44,-0.49,-0.51,-0.52,-0.54,-0.49,-0.66,-0.64
-0.41,-0.31,-0.19,-0.27,-0.32,-0.28,-0.16,0.03,0.04,-0.42,-0.29,-0.07,-0.13,-0.26,-0.13,-0.21,-0.13,-0.09,0.02,0.15,0.18,0.02,0.13,0.10,0.35,0.41,0.12,-0.01,0.34,0.88,1.25,1.12,1.15,1.33,1.30,1.55,1.57,1.86,2.08,2.18,2.06,1.57,1.19,1.13,1.07,0.65,0.67,0.49,0.45,0.03,0.15,0.32,0.37,0.39,0.49,0.72,0.98,1.07,1.04,1.34,1.89,2.12,2.16,2.30,2.23,1.95,2.16,2.25,2.34,2.48,2.49,2.18,2.07,2.16,1.99,1.99,1.89,1.66,1.79,1.77,1.77,1.68,1.69,1.50,1.55,1.45,1.41,1.42,1.56,1.28,1.04,0.91,0.67,0.65,0.66,0.67,0.93,1.25,1.42,1.47,1.41,1.39,1.45,1.55,1.39,1.25,1.41,1.44,1.41,1.24,1.15,1.02,0.97,0.88,0.90,0.91,0.85,0.66,0.49,0.49,0.55,0.58,0.48,0.34,0.07,0.35,0.59,0.60,0.50,0.48,0.56,0.54,0.35,0.19,-0.06,-0.49,-0.36,-0.11,0.04,0.09,0.13,0.25,0.29,0.67,0.45,0.49,0.66,0.81,0.84,0.46,0.65,0.30,0.13,0.09,0.02,-0.04,-0.16,-0.01,-0.06,-0.12
-0.46,-0.39,-0.26,-0.32,-0.36,-0.38,-0.36,-0.28,-0.17,-0.43,-0.56,-0.48,-0.37,-0.22,-0.09,-0.22,-0.29,-0.36,-0.23,-0.06,-0.08,-0.29,-0.07,0.33,0.28,0.38,0.18,0.13,0.40,0.86,1.23,1.12,1.12,1.41,1.31,1.60,1.49,1.86,2.17,2.08,1.90,1.44,0.70,0.56,0.59,0.54,0.50,0.29,0.08,-0.17,-0.36,-0.34,-0.32,-0.16,0.02,0.08,0.33,0.50,0.51,1.03,1.71,1.97,2.16,2.18,2.02,1.78,1.94,2.09,2.17,2.16,1.97,1.94,1.83,1.86,1.82,1.90,1.74,1.82,1.91,1.88,2.01,1.90,1.80,1.45,1.35,1.24,1.41,1.44,1.58,1.49,1.25,1.09,0.87,0.80,0.70,0.63,0.84,1.30,1.84,2.03,1.92,1.97,2.11,2.28,2.18,2.05,2.23,2.26,2.24,2.37,2.26,2.26,2.13,2.18,2.13,2.11,2.11,1.95,1.83,1.92,1.89,1.85,1.44,1.42,0.96,0.85,0.74,0.75,0.81,0.85,0.81,0.70,0.48,0.22,0.10,-0.29,-0.31,-0.12,0.08,0.37,0.59,0.53,0.72,1.15,0.90,0.82,1.01,1.18,1.13,0.87,0.93,0.60,0.35,0.30,0.23,0.20,0.20,0.30,0.27,0.20
-0.68,-0.54,-0.42,-0.56,-0.56,-0.51,-0.49,-0.51,-0.51,-0.56,-0.62,-0.61,-0.54,-0.43,-0.32,-0.27,-0.49,-0.33,-0.29,-0.24,-0.24,-0.38,0.01,0.17,0.15,0.23,0.29,0.28,0.45,0.86,1.17,1.30,1.24,1.55,1.38,1.57,1.52,1.84,1.97,1.89,1.67,1.27,0.79,0.46,0.40,0.29,0.40,0.23,-0.02,-0.27,-0.64,-0.63,-0.63,-0.72,-0.44,-0.18,-0.01,0.15,0.43,1.09,1.68,1.79,1.85,1.78,1.62,1.49,1.73,1.69,1.94,1.86,1.71,1.62,1.64,1.64,1.72,1.67,1.57,1.78,1.83,1.83,1.82,1.71,1.72,1.40,1.07,1.00,1.35,1.27,1.29,1.24,1.19,1.17,0.92,0.80,0.69,0.59,0.76,1.12,1.68,1.86,1.69,1.84,1.89,2.08,2.09,1.88,1.99,2.25,2.60,2.59,2.36,2.35,2.45,2.37,2.39,2.36,2.45,2.40,2.33,2.51,2.47,2.31,2.18,1.83,2.07,1.85,1.85,1.58,1.29,1.23,1.11,0.79,0.58,0.32,0.22,-0.16,-0.09,0.15,0.35,0.53,0.67,0.69,1.01,1.35,1.15,1.06,1.18,1.27,1.12,1.01,1.18,0.75,0.29,0.13,0.20,0.30,0.40,0.44,0.46,0.50
-0.67,-0.61,-0.54,-0.91,-0.59,-0.53,-0.52,-0.54,-0.58,-0.53,-0.52,-0.46,-0.41,-0.42,-0.41,-0.32,-0.49,-0.28,-0.34,-0.11,0.20,0.15,0.24,0.07,0.28,0.29,0.39,0.35,0.58,0.93,1.11,1.36,1.36,1.49,1.38,1.55,1.62,1.68,1.66,1.68,1.56,1.24,0.87,0.48,0.41,0.07,0.15,-0.14,-0.44,-0.48,-0.63,-0.54,-0.62,-0.51,-0.44,-0.38,-0.14,0.06,0.24,0.76,1.35,1.69,1.68,1.49,1.46,1.33,1.36,1.27,1.47,1.52,1.61,1.30,1.36,1.40,1.42,1.38,1.34,1.39,1.50,1.57,1.58,1.42,1.35,1.11,0.87,0.77,0.96,0.93,0.91,0.98,1.02,1.13,1.02,0.92,0.85,0.70,0.84,1.07,1.27,1.60,1.49,1.47,1.24,1.17,1.29,1.24,1.31,1.47,1.75,1.83,1.68,1.63,1.79,1.68,1.77,1.86,1.92,1.89,1.85,2.01,1.79,1.78,1.75,1.47,1.47,1.38,1.41,1.25,1.07,1.02,0.96,0.88,0.64,0.37,0.33,-0.09,0.01,0.22,0.45,0.61,0.75,0.88,1.18,1.41,1.25,1.24,1.36,1.35,1.17,1.23,1.27,0.76,0.23,0.07,0.09,0.20,0.44,0.61,0.53,0.39
-0.72,-0.61,-0.44,-0.87,-0.47,-0.53,-0.59,-0.59,-0.56,-0.52,-0.59,-0.48,-0.41,-0.42,-0.46,-0.43,-0.32,-0.39,-0.44,-0.21,-0.09,-0.23,0.02,0.32,0.45,0.35,0.17,0.25,0.66,1.02,1.09,1.23,1.14,1.30,1.38,1.40,1.56,1.64,1.61,1.57,1.45,1.18,0.79,0.37,0.32,0.12,0.18,-0.23,-0.47,-0.49,-0.39,-0.39,-0.53,-0.41,-0.36,-0.46,-0.36,-0.08,0.17,0.54,1.08,1.35,1.31,1.27,1.24,1.11,1.17,1.20,1.17,1.28,1.33,1.11,1.15,1.33,1.30,0.95,1.20,1.19,1.24,1.20,1.28,1.25,0.95,0.70,0.77,0.72,0.74,0.74,0.76,0.72,0.70,0.81,0.87,0.82,0.75,0.72,0.95,1.00,1.01,1.34,1.31,1.29,1.11,1.00,1.03,1.12,1.09,1.18,0.97,1.15,1.34,1.23,1.40,1.46,1.40,1.31,1.36,1.40,1.27,1.31,1.33,1.28,1.20,1.19,1.20,1.17,1.22,1.12,1.07,1.04,0.88,0.84,0.71,0.30,0.43,-0.04,-0.13,0.06,0.28,0.58,0.82,0.98,1.22,1.34,1.30,1.41,1.61,1.50,1.40,1.42,1.35,0.79,0.27,0.22,-0.03,0.14,0.24,0.33,0.35,0.34
-0.69,-0.59,-0.52,-0.63,-0.59,-0.56,-0.64,-0.69,-0.69,-0.71,-0.81,-0.64,-0.54,-0.54,-0.56,-0.64,-0.42,-0.43,-0.31,-0.19,-0.11,0.09,0.32,0.32,0.49,0.18,0.17,0.22,0.64,0.98,1.06,1.18,1.22,1.28,1.35,1.24,1.44,1.63,1.60,1.52,1.47,1.20,0.79,0.54,0.45,0.40,0.30,0.06,-0.24,-0.42,-0.29,-0.24,-0.34,-0.31,-0.08,0.09,0.13,0.10,0.19,0.74,1.15,1.08,1.23,1.13,1.19,0.84,0.95,1.13,1.18,1.18,1.04,1.17,1.19,1.13,1.14,0.90,0.98,1.02,0.91,0.87,1.06,0.90,0.66,0.63,0.63,0.70,0.81,0.75,0.79,0.66,0.61,0.61,0.59,0.67,0.67,0.70,0.98,1.00,0.95,1.12,1.14,1.14,1.09,1.15,1.22,0.87,1.20,1.17,1.25,1.49,1.68,1.40,1.36,1.36,1.35,1.35,1.29,1.27,1.33,1.45,1.44,1.33,1.08,1.17,1.14,1.01,0.92,0.84,0.88,1.07,1.08,0.86,0.66,0.33,0.44,0.03,-0.07,0.14,0.27,0.34,0.74,1.06,1.22,1.23,1.29,1.33,1.40,1.63,1.51,1.55,1.23,0.79,0.41,0.13,-0.14,-0.13,-0.14,-0.13,-0.11,-0.09
-0.66,-0.61,-0.46,-0.41,-0.67,-0.86,-0.83,-0.85,-0.91,-0.91,-0.96,-0.71,-0.72,-0.68,-0.67,-0.75,-0.52,-0.52,-0.48,-0.24,-0.09,0.04,0.37,0.08,0.28,0.12,0.17,0.32,0.60,0.95,1.11,1.17,1.40,1.23,1.30,1.42,1.49,1.53,1.45,1.49,1.53,1.31,0.98,0.86,0.75,0.51,0.38,0.12,-0.11,0.09,0.17,0.48,0.34,0.30,0.24,0.30,0.39,0.48,0.70,0.96,0.97,0.93,1.04,0.97,0.97,0.92,0.84,0.91,1.04,1.11,1.04,1.13,1.09,1.18,0.95,1.09,0.79,1.02,0.88,0.82,1.01,0.93,0.76,0.66,0.54,0.63,0.63,0.56,0.80,0.80,0.64,0.56,0.69,0.85,0.79,0.76,0.98,1.13,1.01,1.08,1.20,1.29,1.31,1.47,1.56,1.51,1.85,1.58,1.38,1.66,1.79,2.06,2.18,2.12,1.91,1.88,1.75,1.51,1.74,1.77,1.82,1.73,1.38,1.31,1.20,1.22,1.13,1.07,1.04,1.09,1.27,0.92,0.58,0.34,0.39,0.14,0.12,0.32,0.37,0.27,0.66,1.24,1.45,1.44,1.49,1.55,1.52,1.71,1.96,1.85,1.44,1.11,0.82,0.22,-0.27,-0.38,-0.31,-0.19,-0.23,-0.33
-0.59,-0.51,-0.53,-0.68,-0.66,-0.91,-1.14,-1.08,-0.98,-1.02,-1.02,-0.81,-0.83,-0.85,-0.83,-0.80,-0.64,-0.67,-0.48,-0.24,-0.13,0.13,0.41,0.13,0.32,0.30,0.40,0.70,0.96,1.19,1.31,1.31,1.39,1.28,1.36,1.64,1.73,1.68,1.47,1.41,1.46,1.35,1.12,1.03,0.95,0.53,0.41,0.01,0.17,0.27,0.35,0.51,0.64,0.82,0.69,0.69,0.69,0.69,0.85,0.98,1.03,1.03,0.93,0.95,0.93,1.01,1.15,1.11,1.08,1.01,1.08,1.23,0.91,0.93,0.84,0.75,0.98,0.95,1.40,1.03,1.31,1.09,0.85,0.82,0.82,0.72,0.55,0.46,0.61,0.67,0.48,0.41,0.50,0.53,0.54,0.61,0.95,1.04,0.95,1.18,1.11,1.33,1.36,1.52,1.78,1.83,1.80,1.47,1.67,2.08,2.08,2.46,2.26,2.14,2.13,2.12,2.13,2.02,2.01,2.03,1.92,1.75,1.82,1.57,1.45,1.44,1.27,1.17,1.11,1.01,1.14,0.84,0.58,0.44,0.33,0.13,0.08,0.15,0.29,0.44,0.67,1.19,1.33,1.40,1.25,1.01,1.00,1.49,1.29,1.29,1.17,1.00,0.75,0.19,-0.34,-0.36,-0.32,-0.24,-0.23,-0.52
-0.47,-0.47,-0.54,-0.46,-0.47,-0.92,-0.88,-1.00,-1.05,-0.91,-1.11,-0.91,-0.88,-0.93,-0.96,-0.93,-0.78,-0.71,-0.52,-0.28,-0.12,0.14,0.35,0.04,0.17,-0.01,0.25,0.56,0.97,1.22,1.22,1.17,1.12,1.14,1.15,1.46,1.73,1.68,1.51,1.40,1.46,1.35,1.14,1.08,1.04,0.77,0.67,0.02,0.28,0.20,0.50,0.63,0.65,0.90,0.64,0.69,0.75,0.67,0.77,0.91,0.86,0.80,0.87,0.84,0.65,0.88,0.97,1.00,1.08,0.96,0.93,0.65,1.06,1.27,1.02,0.95,0.90,1.04,1.27,1.31,1.34,1.29,1.17,0.86,0.64,0.59,0.58,0.65,0.69,0.56,0.44,0.48,0.63,0.72,0.63,0.53,0.84,1.04,0.92,1.11,1.18,1.42,1.62,1.68,1.77,2.00,1.83,2.06,1.96,2.30,2.00,2.19,2.08,2.09,2.08,2.03,2.25,2.19,2.18,2.28,2.12,1.95,2.07,1.69,1.53,1.45,1.29,1.18,1.18,1.13,1.07,0.84,0.65,0.65,0.27,-0.02,-0.11,-0.03,0.09,0.22,0.44,0.85,1.17,1.13,1.04,1.06,1.12,1.22,1.11,0.92,0.81,0.72,0.59,0.13,-0.49,-0.53,-0.46,-0.38,-0.31,-0.52
-0.48,-0.48,-0.43,-0.37,-0.46,-0.39,-0.67,-0.75,-0.69,-0.66,-0.56,-0.52,-0.64,-0.63,-0.76,-0.88,-0.75,-0.68,-0.62,-0.27,-0.13,0.07,0.24,-0.01,0.12,-0.13,0.33,0.29,0.77,1.27,1.33,1.15,1.12,1.20,1.19,1.51,1.53,1.58,1.50,1.40,1.53,1.44,1.20,1.18,1.22,1.14,0.93,0.15,0.14,0.14,0.40,0.44,0.24,0.49,0.40,0.59,0.69,0.65,0.71,0.75,0.79,0.77,0.70,0.70,0.79,0.90,0.80,0.85,0.91,1.06,0.95,0.87,1.01,0.86,1.12,1.09,1.04,1.34,1.41,1.20,1.35,1.38,1.17,0.86,0.74,0.81,0.63,0.48,0.58,0.58,0.48,0.53,0.71,0.65,0.54,0.82,1.04,1.14,1.20,1.33,1.23,1.00,1.29,1.17,1.13,1.44,1.42,1.71,1.67,1.69,1.73,1.66,1.49,1.57,1.61,1.47,1.53,1.44,1.46,1.64,1.39,1.51,1.69,1.44,1.34,1.27,1.13,1.17,1.33,1.34,1.15,1.01,0.81,0.69,0.22,-0.14,-0.28,-0.36,-0.36,0.07,0.28,0.40,0.60,0.65,0.65,0.69,0.69,0.71,0.66,0.66,0.63,0.56,0.48,0.02,-0.57,-0.63,-0.52,-0.42,-0.33,-0.28
-0.57,-0.46,-0.33,-0.33,-0.52,-0.47,-0.36,-0.47,-0.54,-0.52,-0.54,-0.57,-0.69,-0.69,-0.54,-0.44,-0.53,-0.58,-0.44,-0.21,-0.13,0.12,0.30,0.18,0.34,0.04,0.38,0.44,0.86,1.19,1.25,1.18,1.18,1.23,1.29,1.80,1.42,1.60,1.71,1.55,1.46,1.36,1.25,1.33,1.40,1.28,0.87,0.23,-0.03,0.13,0.25,0.13,0.10,0.27,0.17,0.32,0.35,0.49,0.63,0.79,0.95,0.90,0.79,0.81,0.75,0.72,0.51,0.66,0.54,0.70,0.85,0.76,0.75,1.08,1.06,1.07,1.03,1.12,1.13,1.03,1.22,1.13,0.97,0.72,0.65,0.64,0.70,0.61,0.64,0.61,0.48,0.55,0.71,0.69,0.67,0.81,0.95,1.01,1.00,1.09,1.13,1.04,1.12,0.90,0.54,0.98,0.71,1.19,1.58,1.46,1.55,1.49,1.41,1.33,1.12,0.96,0.92,0.72,0.80,0.90,0.81,0.91,1.11,0.92,0.93,0.95,0.96,1.02,1.11,1.11,1.03,0.97,0.77,0.53,0.03,-0.33,-0.46,-0.38,-0.09,0.22,-0.17,0.02,-0.04,-0.09,-0.07,-0.06,-0.08,0.12,0.29,0.38,0.35,0.22,0.12,-0.24,-0.54,-0.56,-0.46,-0.39,-0.33,-0.28
-0.57,-0.39,-0.26,-0.31,-0.46,-0.39,-0.18,-0.38,-0.47,-0.31,-0.14,-0.41,-0.46,-0.33,-0.37,-0.38,-0.24,-0.29,-0.24,-0.03,0.01,0.27,0.46,0.40,0.39,0.09,0.27,0.59,0.96,1.07,1.11,1.15,1.17,1.14,1.00,1.50,1.39,1.58,1.50,1.41,1.49,1.46,1.31,1.25,1.31,1.14,0.70,0.08,-0.11,0.14,0.12,-0.03,0.09,0.17,0.03,0.12,0.20,0.44,0.65,0.75,0.84,0.85,0.74,0.60,0.60,0.32,0.28,0.43,0.24,0.53,0.75,0.51,0.63,0.90,0.87,1.03,1.03,1.06,1.11,1.14,1.18,0.98,0.87,0.86,0.77,0.76,0.86,0.76,0.69,0.63,0.58,0.70,0.71,0.63,0.60,0.61,0.84,1.03,1.07,1.13,1.06,1.01,1.07,0.74,0.28,0.67,0.24,0.54,1.29,1.39,1.39,1.36,1.23,1.08,0.98,0.82,0.49,0.23,0.29,0.43,0.49,0.51,0.48,0.34,0.38,0.54,0.69,0.74,0.58,0.60,0.66,0.56,0.25,0.07,-0.29,-0.64,-0.85,-0.83,-0.56,-0.46,-0.82,-0.75,-0.66,-0.63,-0.63,-0.73,-0.56,-0.46,-0.19,-0.08,-0.11,-0.17,-0.22,-0.41,-0.56,-0.63,-0.61,-0.52,-0.59,-0.62
-0.43,-0.27,-0.27,-0.38,-0.33,-0.26,-0.24,-0.42,-0.42,-0.33,-0.32,-0.27,-0.54,-0.39,-0.36,-0.43,-0.43,-0.29,-0.21,0.23,0.22,0.34,0.49,0.46,0.35,0.15,0.15,0.59,0.97,1.11,1.12,1.08,1.06,1.08,1.24,1.58,1.50,1.28,1.49,1.38,1.35,1.27,1.14,1.19,1.25,1.02,0.60,-0.07,-0.03,0.02,-0.04,-0.01,0.10,0.25,0.22,0.35,0.38,0.45,0.56,0.67,0.80,0.81,0.71,0.66,0.59,0.35,0.51,0.61,0.46,0.81,0.69,0.74,0.80,0.81,0.81,1.02,0.77,0.87,1.09,0.86,1.17,1.11,1.00,0.86,0.75,0.46,0.74,0.81,0.74,0.70,0.63,0.71,0.75,0.64,0.41,0.38,0.65,0.74,0.88,1.22,0.86,0.97,0.84,0.56,0.44,0.44,0.18,0.44,1.09,1.23,1.39,1.38,1.13,0.93,0.75,0.49,0.15,0.01,-0.09,-0.02,-0.02,-0.06,-0.23,-0.24,-0.21,-0.11,-0.08,-0.21,-0.01,-0.06,-0.16,-0.14,-0.43,-0.52,-0.57,-0.77,-1.02,-1.06,-0.81,-1.22,-1.29,-1.32,-1.30,-1.17,-1.10,-1.20,-1.03,-0.90,-0.81,-0.69,-0.62,-0.53,-0.46,-0.43,-0.64,-0.76,-0.78,-0.88,-0.87,-1.03
-0.06,-0.12,-0.36,-0.47,-0.31,-0.27,-0.46,-0.51,-0.51,-0.46,-0.38,-0.22,-0.54,-0.14,-0.33,-0.53,-0.36,-0.26,-0.09,0.02,0.09,0.27,0.41,0.44,0.44,0.29,0.10,0.69,0.96,1.11,1.14,1.14,1.12,1.06,1.15,1.42,1.47,1.38,1.40,1.42,1.51,1.46,1.25,1.17,1.13,0.95,0.56,0.15,0.15,-0.11,0.02,0.13,0.23,0.45,0.48,0.55,0.50,0.46,0.51,0.60,0.72,0.77,0.66,0.66,0.63,0.48,0.51,0.76,0.61,0.71,0.69,0.46,0.72,0.67,0.79,0.98,0.88,0.95,1.06,0.96,1.14,0.96,0.95,1.00,0.67,0.49,0.79,0.71,0.66,0.79,0.65,0.58,0.66,0.70,0.59,0.39,0.66,0.58,0.86,1.02,0.77,0.82,0.74,0.54,0.44,0.35,0.22,0.30,0.91,1.15,1.23,1.08,0.82,0.67,0.37,0.08,-0.02,-0.22,-0.44,-0.36,-0.46,-0.69,-0.81,-0.85,-0.91,-0.91,-0.82,-0.81,-0.97,-1.00,-0.81,-0.93,-1.15,-1.16,-1.02,-1.12,-1.45,-1.59,-1.53,-1.60,-1.64,-1.67,-1.73,-1.68,-1.54,-1.55,-1.45,-1.45,-1.43,-1.27,-1.05,-1.00,-1.30,-1.03,-1.02,-1.08,-1.03,-0.88,-1.12,-0.87
-0.31,-0.12,-0.36,-0.46,-0.37,-0.44,-0.57,-0.59,-0.66,-0.64,-0.53,-0.44,-0.66,-0.52,-0.54,-0.48,-0.36,-0.28,-0.38,0.09,0.01,0.29,0.40,0.32,0.28,0.30,0.17,0.81,0.93,1.00,1.06,1.14,1.09,0.97,1.12,1.56,1.53,1.41,1.30,1.44,1.49,1.46,1.33,1.13,1.08,1.08,0.86,0.24,0.23,0.03,0.20,0.20,0.24,0.55,0.54,0.53,0.49,0.43,0.53,0.61,0.70,0.74,0.65,0.64,0.66,0.67,0.64,0.79,0.56,0.61,0.85,0.61,0.69,0.91,0.75,0.93,0.71,0.81,0.86,0.71,1.12,0.91,0.91,0.96,0.72,0.61,0.70,0.64,0.50,0.58,0.61,0.63,0.72,0.61,0.49,0.40,0.54,0.58,0.80,0.55,0.58,0.40,0.39,0.17,0.02,0.06,0.10,0.14,0.61,0.79,0.66,0.39,0.17,0.13,-0.08,-0.34,-0.37,-0.62,-0.88,-0.68,-0.80,-0.98,-1.10,-1.29,-1.50,-1.55,-1.44,-1.34,-1.29,-1.35,-1.24,-1.38,-1.39,-1.34,-1.30,-1.39,-1.58,-1.51,-1.49,-1.48,-1.60,-1.58,-1.58,-1.65,-1.68,-1.79,-1.53,-1.78,-1.83,-1.62,-1.40,-1.35,-1.39,-1.19,-1.21,-1.29,-1.22,-1.19,-1.24,-1.21
-0.48,-0.33,-0.43,-0.51,-0.58,-0.68,-0.52,-0.66,-0.73,-0.71,-0.66,-0.63,-0.58,-0.57,-0.47,-0.48,-0.41,-0.13,-0.16,-0.08,-0.04,0.12,0.17,0.14,0.17,0.30,0.35,0.66,0.82,0.88,1.01,1.02,0.96,0.96,1.12,1.39,1.42,1.36,1.19,1.36,1.45,1.42,1.33,1.15,0.98,0.91,0.76,0.19,0.10,0.07,0.23,0.43,0.51,0.72,0.60,0.64,0.49,0.40,0.53,0.64,0.74,0.76,0.69,0.69,0.69,0.72,0.74,0.71,0.65,0.70,0.80,0.75,0.87,0.90,0.76,0.84,0.66,0.92,1.13,0.90,1.08,0.90,0.88,0.84,0.77,0.64,0.66,0.69,0.58,0.49,0.48,0.48,0.50,0.25,0.14,0.07,0.17,0.15,0.09,-0.07,-0.12,-0.22,-0.34,-0.19,-0.37,-0.39,-0.34,-0.29,0.01,-0.01,-0.13,-0.33,-0.54,-0.54,-0.67,-0.93,-1.03,-0.98,-1.02,-1.14,-1.16,-1.11,-1.12,-1.03,-0.98,-1.16,-1.35,-1.35,-1.54,-1.35,-1.14,-1.39,-1.32,-1.46,-1.49,-1.40,-1.65,-1.40,-1.30,-1.34,-1.54,-1.54,-1.40,-1.32,-1.41,-1.85,-1.38,-1.36,-1.48,-1.48,-1.46,-1.30,-1.44,-1.44,-1.29,-1.17,-1.24,-1.34,-1.36,-1.41
-0.24,-0.18,-0.28,-0.33,-0.43,-0.67,-0.87,-0.75,-0.63,-0.62,-0.67,-0.62,-0.49,-0.51,-0.42,-0.44,-0.41,-0.23,-0.11,-0.19,-0.06,0.23,0.15,0.09,0.29,0.38,0.03,0.44,0.81,0.97,1.03,0.97,0.95,1.00,1.07,1.29,1.39,1.45,1.34,1.30,1.36,1.44,1.36,1.22,1.11,1.09,0.84,0.09,0.14,-0.03,0.33,0.45,0.33,0.54,0.65,0.61,0.55,0.63,0.56,0.49,0.64,0.71,0.70,0.71,0.66,0.67,0.75,0.70,0.60,0.61,0.77,0.63,0.84,0.80,0.96,0.88,0.84,1.00,1.02,0.93,1.09,0.88,0.88,0.88,0.84,0.70,0.71,0.76,0.65,0.53,0.41,0.35,0.34,0.04,-0.22,-0.31,-0.23,-0.38,-0.61,-0.54,-0.64,-0.64,-0.77,-0.61,-0.75,-0.97,-0.90,-0.85,-0.71,-0.77,-0.80,-0.81,-1.02,-1.10,-1.19,-1.15,-1.32,-0.96,-0.87,-0.92,-1.07,-1.21,-1.32,-1.43,-1.44,-1.38,-1.27,-1.39,-1.17,-1.21,-1.11,-1.25,-1.16,-1.27,-1.40,-1.30,-1.57,-1.29,-1.12,-1.22,-1.35,-1.49,-1.51,-1.38,-1.17,-1.76,-1.59,-1.43,-1.40,-1.51,-1.64,-1.57,-1.49,-1.60,-1.57,-1.43,-1.49,-1.36,-1.53,-1.62
-0.32,-0.23,-0.32,-0.42,-0.47,-0.53,-0.81,-0.68,-0.64,-0.71,-0.71,-0.61,-0.57,-0.67,-0.46,-0.37,-0.31,-0.21,-0.13,0.01,0.14,0.10,0.14,0.22,0.37,0.43,0.33,0.81,0.91,0.98,1.06,1.06,1.02,0.98,1.09,1.29,1.40,1.39,1.28,1.33,1.20,1.35,1.30,1.18,1.08,1.03,0.80,0.19,0.33,-0.08,0.14,0.32,0.37,0.72,0.55,0.63,0.66,0.61,0.50,0.35,0.53,0.67,0.65,0.66,0.63,0.66,0.75,0.70,0.46,0.43,0.67,0.45,0.67,0.74,0.85,0.98,0.84,0.87,0.85,0.90,1.03,0.80,0.80,0.90,0.87,0.76,0.79,0.74,0.63,0.49,0.28,0.22,0.20,-0.04,-0.37,-0.61,-0.47,-0.68,-0.95,-0.81,-0.83,-0.76,-0.78,-0.97,-1.11,-1.32,-1.24,-1.15,-1.07,-1.11,-1.08,-1.01,-1.11,-1.17,-1.14,-1.07,-1.38,-1.39,-1.39,-1.27,-1.19,-1.22,-1.19,-1.15,-1.11,-1.07,-1.03,-1.14,-0.86,-1.19,-0.95,-1.12,-1.10,-1.16,-1.34,-1.27,-1.51,-1.38,-1.15,-1.17,-1.07,-1.17,-1.34,-1.22,-1.36,-1.68,-1.58,-1.41,-1.40,-1.50,-1.31,-1.34,-1.25,-1.39,-1.48,-1.35,-1.40,-1.35,-1.50,-1.62
-0.19,-0.13,-0.04,-0.22,-0.33,-0.34,-0.51,-0.52,-0.62,-0.66,-0.58,-0.52,-0.61,-0.71,-0.44,-0.38,-0.27,-0.13,-0.09,0.03,0.17,0.20,0.25,0.29,0.32,0.29,0.24,0.49,0.84,1.03,1.12,1.07,0.87,0.95,1.17,1.22,1.34,1.22,1.15,1.33,1.17,1.31,1.25,1.14,1.02,0.95,0.69,0.20,0.25,0.06,0.04,0.28,0.22,0.67,0.53,0.60,0.37,0.34,0.45,0.34,0.54,0.63,0.50,0.58,0.63,0.58,0.60,0.60,0.64,0.54,0.59,0.44,0.66,0.75,0.69,0.84,0.76,0.76,0.95,0.93,0.95,0.82,0.87,0.97,0.88,0.75,0.81,0.72,0.56,0.51,0.33,0.15,0.07,-0.18,-0.43,-0.80,-0.59,-0.76,-1.02,-0.86,-0.86,-0.71,-0.81,-1.01,-1.16,-1.11,-1.22,-1.30,-1.22,-1.06,-0.98,-1.07,-1.19,-1.21,-1.16,-1.21,-1.17,-1.30,-1.41,-1.19,-1.03,-1.07,-1.12,-1.08,-1.05,-1.01,-1.12,-1.01,-0.95,-1.08,-0.96,-1.05,-1.06,-1.03,-1.16,-1.21,-1.49,-1.51,-1.45,-1.36,-1.31,-1.36,-1.38,-1.19,-1.22,-1.25,-1.46,-1.24,-1.06,-1.48,-1.31,-1.31,-1.15,-1.22,-1.39,-1.27,-1.21,-1.30,-1.34,-1.32
-0.11,-0.18,-0.04,-0.22,-0.36,-0.52,-0.63,-0.28,-0.46,-0.49,-0.34,-0.29,-0.51,-0.31,-0.43,-0.51,-0.34,-0.16,-0.08,-0.03,-0.03,0.22,0.18,0.12,0.22,0.30,0.20,0.35,0.91,0.98,0.81,0.88,0.87,0.97,1.17,1.31,1.31,1.28,1.20,1.19,1.19,1.29,1.30,1.15,1.03,1.08,0.80,0.18,0.23,0.25,0.19,0.43,0.50,0.67,0.88,0.75,0.63,0.61,0.37,0.34,0.61,0.67,0.63,0.60,0.51,0.54,0.55,0.54,0.71,0.76,0.69,0.63,0.76,0.80,0.76,0.55,0.75,0.72,0.93,0.90,0.95,0.93,1.00,1.02,0.91,0.71,0.74,0.70,0.51,0.50,0.39,0.10,-0.08,-0.29,-0.56,-0.81,-0.68,-0.72,-0.92,-0.75,-0.72,-0.57,-0.83,-1.02,-1.06,-1.06,-1.05,-0.91,-0.88,-0.98,-0.87,-0.68,-0.87,-0.91,-1.02,-1.16,-1.12,-1.03,-1.07,-0.83,-0.81,-0.95,-1.02,-1.03,-1.00,-0.77,-0.86,-0.86,-0.91,-0.98,-0.90,-0.86,-0.86,-0.82,-0.77,-0.91,-1.16,-1.32,-1.35,-1.31,-1.34,-1.38,-1.39,-1.27,-1.30,-1.46,-1.63,-1.49,-1.21,-1.55,-1.30,-1.22,-1.19,-1.27,-1.46,-1.40,-1.26,-1.32,-1.26,-1.17
-0.27,-0.39,-0.29,-0.31,-0.36,-0.46,-0.57,-0.31,-0.32,-0.38,-0.36,-0.42,-0.46,-0.11,-0.48,-0.42,-0.28,-0.13,-0.04,-0.03,0.01,0.23,0.28,0.19,0.25,0.33,0.29,0.43,1.08,1.11,1.02,1.03,1.25,1.00,0.98,1.39,1.46,1.50,1.23,1.04,1.20,1.34,1.30,1.09,0.98,1.03,0.76,0.20,0.17,0.32,0.20,0.34,0.43,0.53,0.66,0.50,0.38,0.14,0.13,0.18,0.55,0.64,0.43,0.34,0.35,0.53,0.63,0.61,0.72,0.80,0.71,0.70,0.75,0.75,0.61,0.61,0.60,0.70,0.87,0.85,0.97,0.96,0.91,0.92,0.91,0.67,0.66,0.65,0.54,0.39,0.03,-0.21,-0.41,-0.48,-0.64,-0.83,-0.69,-0.83,-0.80,-0.78,-0.91,-0.75,-0.81,-0.78,-0.92,-0.91,-0.81,-0.76,-0.75,-0.76,-0.91,-0.93,-0.76,-0.91,-0.76,-0.98,-1.07,-1.08,-0.92,-0.82,-0.80,-0.85,-0.90,-0.92,-0.93,-0.82,-0.59,-0.86,-0.82,-0.87,-0.77,-0.66,-0.59,-0.63,-0.80,-0.71,-1.11,-1.49,-1.27,-1.22,-1.30,-1.39,-1.46,-1.17,-1.10,-1.27,-1.44,-1.41,-1.27,-1.58,-1.22,-1.17,-1.19,-1.26,-1.36,-1.55,-1.19,-1.26,-1.16,-0.86
-0.37,-0.48,-0.34,-0.26,-0.19,-0.29,-0.41,-0.24,-0.12,-0.19,-0.16,-0.16,-0.22,-0.23,-0.04,-0.16,-0.02,0.14,0.10,0.01,0.23,0.18,0.33,0.29,0.24,0.15,0.13,0.44,1.02,1.17,1.01,0.97,1.18,1.06,1.19,1.50,1.51,1.50,1.24,1.04,1.28,1.39,1.17,0.96,0.82,0.80,0.56,0.10,0.10,0.25,0.23,0.35,0.49,0.63,0.55,0.54,0.45,0.28,0.18,0.24,0.50,0.56,0.55,0.55,0.48,0.40,0.45,0.71,0.75,0.69,0.98,0.66,0.64,0.75,0.69,0.76,0.79,0.82,0.90,0.82,1.11,1.08,0.98,1.02,0.80,0.64,0.69,0.71,0.63,0.40,-0.03,-0.26,-0.36,-0.46,-0.68,-0.86,-0.66,-0.93,-0.85,-0.66,-0.64,-0.67,-0.56,-0.66,-0.66,-0.68,-0.77,-0.80,-0.63,-0.61,-0.95,-0.95,-0.83,-0.87,-0.58,-0.88,-0.92,-0.92,-0.80,-0.90,-0.88,-0.85,-0.90,-0.90,-0.92,-0.91,-0.61,-0.91,-0.77,-0.82,-0.80,-0.76,-0.71,-0.59,-0.66,-0.86,-1.43,-1.45,-1.35,-1.34,-1.39,-1.35,-1.24,-1.19,-1.19,-1.34,-1.44,-1.40,-1.31,-1.57,-1.16,-1.19,-1.21,-1.07,-0.96,-1.39,-1.08,-1.20,-1.24,-1.15
-0.29,-0.28,-0.14,-0.02,-0.01,-0.06,-0.13,-0.12,-0.01,-0.19,-0.13,-0.09,-0.07,0.04,-0.24,-0.38,-0.18,-0.02,0.04,0.09,0.13,0.08,0.24,0.28,0.27,0.12,0.07,0.43,0.88,0.87,1.17,0.86,0.92,0.95,1.14,1.23,1.14,1.22,1.12,1.09,1.17,1.29,1.12,0.85,0.64,0.60,0.35,-0.07,0.06,0.28,0.30,0.34,0.44,0.71,0.66,0.54,0.40,0.34,0.28,0.35,0.41,0.39,0.44,0.39,0.29,0.41,0.59,0.87,1.12,0.75,0.86,0.98,0.64,0.60,0.53,0.53,0.71,0.88,0.67,0.77,0.93,0.75,0.66,0.63,0.54,0.54,0.61,0.70,0.53,0.15,0.01,-0.28,-0.53,-0.57,-0.82,-0.93,-0.49,-0.58,-0.66,-0.36,-0.67,-0.58,-0.68,-0.63,-0.62,-0.68,-0.67,-0.58,-0.56,-0.64,-0.72,-0.68,-0.67,-0.75,-0.67,-0.80,-0.82,-0.81,-0.81,-0.81,-0.80,-0.85,-0.90,-0.81,-0.90,-0.82,-0.54,-0.72,-0.63,-0.80,-0.82,-0.75,-0.75,-0.73,-0.88,-0.86,-1.00,-1.07,-1.25,-1.40,-1.40,-1.32,-1.30,-1.29,-1.30,-1.51,-1.64,-1.55,-1.38,-1.53,-1.16,-1.11,-1.19,-1.20,-1.06,-1.40,-1.29,-1.27,-1.21,-1.10
-0.16,-0.01,0.30,0.06,0.24,0.20,0.06,0.04,0.02,-0.21,-0.09,-0.02,0.01,-0.09,-0.39,-0.21,0.02,0.19,0.29,0.32,0.25,0.43,0.46,0.33,0.41,0.24,0.13,0.48,0.91,0.85,1.15,0.90,0.90,0.92,1.15,1.23,1.15,1.24,1.08,1.47,1.04,1.06,1.04,0.88,0.58,0.60,0.40,-0.03,0.04,0.30,0.39,0.32,0.40,0.58,0.63,0.35,0.28,0.24,0.14,0.23,0.41,0.41,0.48,0.48,0.35,0.33,0.40,0.55,0.60,0.55,0.46,0.40,0.38,0.61,0.50,0.35,0.19,0.45,0.50,0.65,0.75,0.63,0.53,0.75,0.84,0.70,0.64,0.69,0.75,0.56,0.23,0.03,-0.17,-0.32,-0.56,-0.38,-0.29,-0.41,-0.63,-0.44,-0.41,-0.32,-0.52,-0.49,-0.51,-0.51,-0.46,-0.57,-0.68,-0.62,-0.63,-0.78,-0.63,-0.62,-0.67,-0.62,-0.64,-0.71,-0.76,-0.67,-0.64,-0.73,-0.72,-0.67,-0.76,-0.83,-0.53,-0.75,-0.98,-1.14,-1.10,-0.85,-0.63,-0.77,-0.97,-0.76,-1.05,-0.98,-1.12,-1.29,-1.31,-1.31,-1.24,-1.22,-1.17,-1.45,-1.72,-1.63,-1.25,-1.38,-1.11,-1.08,-1.12,-1.14,-1.43,-1.30,-1.35,-1.45,-1.45,-1.30
-0.14,0.07,0.02,0.01,-0.08,-0.16,-0.02,0.18,0.01,-0.04,0.09,0.17,0.10,-0.06,-0.11,0.13,0.15,0.13,0.23,0.37,0.22,0.23,0.22,0.38,0.43,0.23,0.22,0.59,0.98,0.98,1.07,0.84,0.84,0.95,1.24,1.39,1.29,1.11,1.01,1.20,1.09,1.20,1.19,1.04,0.76,0.86,0.64,0.17,0.06,0.23,0.33,0.34,0.33,0.51,0.45,0.34,0.33,0.28,0.15,0.18,0.27,0.23,0.20,0.19,0.13,0.22,0.41,0.53,0.65,0.65,0.67,0.40,0.49,0.41,0.40,0.77,0.55,0.53,0.44,0.27,0.29,0.46,0.53,0.60,0.32,0.30,0.41,0.45,0.58,0.56,0.41,0.07,-0.01,-0.31,-0.27,-0.46,-0.23,-0.53,-0.39,-0.43,-0.54,-0.49,-0.49,-0.63,-0.75,-0.67,-0.61,-0.67,-0.64,-0.57,-0.66,-0.71,-0.62,-0.53,-0.62,-0.49,-0.63,-0.62,-0.68,-0.69,-0.67,-0.61,-0.48,-0.68,-0.61,-0.64,-0.59,-0.69,-0.80,-0.80,-0.76,-0.71,-0.71,-0.81,-0.83,-0.69,-0.95,-0.91,-0.92,-1.07,-1.17,-1.26,-1.08,-1.10,-1.05,-1.24,-1.58,-1.59,-1.35,-1.27,-1.39,-1.26,-1.12,-1.22,-1.38,-1.41,-1.36,-1.31,-1.38,-1.53
-0.19,-0.13,-0.06,0.03,0.08,0.09,0.09,0.08,0.06,0.15,0.29,0.37,0.37,0.25,0.08,0.29,0.23,0.10,0.19,0.34,0.37,0.45,0.35,0.49,0.40,0.37,0.43,0.69,1.03,0.96,1.00,0.80,0.80,0.90,1.22,1.40,1.35,1.29,1.30,1.29,1.03,0.95,0.96,0.92,0.80,0.61,0.28,-0.06,-0.09,-0.01,0.02,0.25,0.15,0.34,0.20,0.15,0.18,0.19,0.08,0.13,0.14,0.08,0.01,-0.08,0.01,0.18,0.22,0.18,0.22,0.41,0.28,0.19,0.22,0.45,0.04,0.18,0.32,0.30,0.17,0.29,0.23,0.33,0.46,0.41,0.30,0.37,0.59,0.87,0.81,0.46,0.44,0.06,-0.27,-0.23,-0.32,-0.43,-0.36,-0.38,-0.34,-0.38,-0.51,-0.57,-0.42,-0.37,-0.64,-0.76,-0.71,-0.72,-0.67,-0.66,-0.64,-0.68,-0.67,-0.39,-0.56,-0.51,-0.57,-0.54,-0.67,-0.86,-0.80,-0.62,-0.57,-0.85,-0.43,-0.57,-0.52,-0.48,-0.67,-0.81,-0.87,-1.01,-1.07,-0.90,-0.81,-0.77,-0.85,-0.83,-0.80,-0.88,-1.08,-1.15,-0.98,-1.08,-1.19,-1.43,-1.62,-1.16,-1.14,-1.40,-1.32,-1.07,-0.95,-1.15,-1.26,-1.43,-1.40,-1.24,-1.10,-1.40
-0.13,-0.13,-0.04,0.01,0.04,0.23,0.25,0.19,0.23,0.17,0.19,0.40,0.55,0.39,0.09,0.25,0.14,0.13,0.19,0.22,0.35,0.61,0.30,0.28,0.50,0.30,0.33,0.77,1.13,0.87,0.92,0.81,0.71,0.72,1.04,1.22,1.18,1.15,1.18,0.98,0.63,0.66,0.54,0.64,0.24,0.17,0.04,-0.14,-0.21,-0.24,-0.21,0.08,-0.03,-0.06,0.09,-0.02,0.07,0.15,0.10,0.22,0.24,0.10,0.08,0.09,0.14,0.23,0.32,0.43,0.43,0.48,0.54,0.53,0.46,0.75,0.48,0.44,0.67,0.93,0.93,0.86,0.71,0.74,0.87,0.88,0.86,0.95,1.04,1.12,1.03,0.75,0.60,0.23,-0.27,-0.39,-0.28,-0.38,-0.26,-0.28,-0.36,-0.34,-0.46,-0.49,-0.43,-0.38,-0.56,-0.66,-0.58,-0.64,-0.72,-0.72,-0.63,-0.78,-0.86,-0.44,-0.46,-0.63,-0.37,-0.37,-0.56,-0.75,-0.85,-0.57,-0.49,-0.61,-0.76,-1.06,-1.02,-0.83,-0.75,-0.77,-0.82,-0.91,-1.03,-0.96,-0.85,-0.92,-0.88,-0.85,-0.82,-0.80,-1.00,-1.08,-0.75,-0.82,-1.00,-1.21,-1.45,-1.05,-1.15,-1.21,-1.20,-1.08,-0.98,-1.05,-1.14,-1.29,-1.39,-1.34,-1.07,-0.97
-0.01,0.03,0.06,0.01,0.06,0.29,0.33,0.25,0.14,0.07,-0.02,0.29,0.35,0.25,0.22,0.19,0.12,0.09,0.01,0.08,0.37,0.50,0.14,0.32,0.27,0.15,0.27,0.70,1.00,0.80,0.86,0.58,0.58,0.63,0.86,1.00,0.91,0.82,0.79,0.55,0.49,0.69,0.38,0.37,0.03,-0.01,-0.18,-0.14,0.08,0.01,0.03,0.22,0.37,0.49,0.41,0.76,0.58,0.44,0.49,0.51,0.46,0.29,0.40,0.49,0.44,0.39,0.49,0.84,0.85,0.75,0.95,0.85,0.98,1.11,1.00,1.06,1.13,1.22,1.15,1.08,1.02,1.06,1.09,1.11,1.15,1.17,1.17,1.19,1.20,1.12,0.71,0.45,0.02,-0.31,-0.42,-0.39,-0.29,-0.21,-0.34,-0.38,-0.52,-0.51,-0.47,-0.56,-0.64,-0.54,-0.44,-0.58,-0.66,-0.62,-0.68,-0.82,-1.02,-0.72,-0.46,-0.71,-0.85,-0.68,-0.51,-0.54,-0.72,-0.67,-0.77,-0.68,-0.73,-0.98,-1.01,-1.05,-0.95,-0.78,-0.75,-0.63,-0.88,-0.91,-0.77,-0.93,-0.95,-0.92,-0.93,-0.83,-0.68,-1.08,-0.96,-0.85,-1.01,-1.22,-1.17,-1.25,-1.12,-1.22,-1.30,-1.21,-1.00,-1.19,-1.19,-1.25,-1.39,-1.41,-1.14,-1.17
-0.01,0.15,0.13,-0.04,0.25,0.22,0.23,0.27,0.23,0.13,0.25,0.24,0.28,0.38,0.38,0.24,0.22,0.01,-0.07,0.13,0.41,0.45,0.19,0.22,0.29,0.29,0.34,0.51,0.66,0.71,0.87,0.63,0.69,0.88,0.87,0.87,0.71,0.60,0.56,0.43,0.49,0.70,0.33,0.35,0.19,0.15,0.09,0.22,0.29,0.22,0.33,0.54,0.43,0.50,0.63,0.79,0.93,0.65,0.76,0.72,0.64,0.63,0.63,0.64,0.71,0.60,0.54,0.86,1.00,0.97,1.09,0.95,1.06,1.36,1.12,1.34,1.19,1.18,1.20,1.18,1.24,1.28,1.15,1.15,1.14,1.03,1.09,1.22,1.24,1.15,0.88,0.75,0.27,-0.19,-0.46,-0.44,-0.34,-0.26,-0.39,-0.46,-0.64,-0.62,-0.52,-0.61,-0.69,-0.57,-0.48,-0.67,-0.58,-0.66,-0.78,-0.62,-0.93,-0.68,-0.72,-0.61,-0.53,-0.39,-0.47,-0.75,-0.75,-0.69,-0.87,-0.59,-0.78,-0.88,-0.86,-0.92,-0.91,-0.80,-0.82,-0.57,-0.82,-0.76,-0.63,-0.76,-0.85,-0.92,-1.08,-1.00,-0.91,-0.69,-0.85,-0.80,-0.76,-0.93,-1.14,-1.24,-1.19,-1.34,-1.40,-1.21,-0.93,-1.39,-1.41,-1.40,-1.46,-1.55,-1.39,-1.34
-0.04,0.18,0.10,-0.07,0.41,0.15,0.18,0.18,0.12,0.10,0.13,0.18,0.18,0.15,0.22,0.37,0.08,0.10,0.15,0.28,0.41,0.39,0.22,0.27,0.34,0.19,0.29,0.54,0.67,0.72,0.92,0.71,0.50,1.00,1.17,0.90,0.65,0.60,0.61,0.56,0.50,0.70,0.32,0.43,0.33,0.32,0.29,0.27,0.20,0.10,0.17,0.56,0.76,0.82,1.03,0.98,0.88,0.92,0.92,0.87,0.87,0.74,0.51,0.54,0.70,0.72,0.71,0.84,1.02,1.07,1.11,0.93,0.85,1.36,1.19,1.33,1.14,1.11,1.34,1.25,1.40,1.35,1.24,1.24,1.19,1.02,1.06,1.28,1.25,1.15,1.11,0.91,0.38,-0.14,-0.32,-0.42,-0.29,-0.38,-0.46,-0.49,-0.63,-0.62,-0.52,-0.58,-0.66,-0.56,-0.59,-0.76,-0.52,-0.73,-0.82,-0.83,-0.71,-0.62,-0.71,-0.80,-0.68,-0.63,-0.78,-0.97,-0.83,-0.52,-0.91,-0.46,-0.71,-0.96,-0.91,-0.90,-0.91,-0.85,-0.97,-0.82,-0.77,-0.73,-0.69,-0.92,-0.97,-0.82,-0.81,-0.75,-1.12,-0.86,-0.91,-0.98,-0.92,-0.85,-1.19,-1.05,-1.08,-1.30,-1.35,-1.05,-1.05,-1.27,-1.24,-1.29,-1.36,-1.27,-1.46,-1.29
-0.07,0.04,0.02,0.08,0.22,0.17,0.22,0.09,0.08,0.18,0.23,0.25,0.33,0.23,0.19,0.28,0.13,0.13,0.17,0.25,0.33,0.28,0.20,0.46,0.27,0.14,0.32,0.67,0.86,0.88,0.82,0.64,0.95,0.95,1.15,1.02,0.91,0.81,0.74,0.64,0.54,0.76,0.41,0.50,0.39,0.38,0.30,0.25,0.29,0.34,0.48,0.69,0.70,0.82,0.98,1.13,0.98,1.08,1.04,0.82,0.85,0.87,0.87,0.77,0.70,0.79,0.88,0.93,1.00,1.02,1.08,0.86,1.00,1.25,1.41,1.38,1.31,1.13,1.35,1.20,1.38,1.34,1.34,1.35,1.34,1.23,1.17,1.24,1.25,1.25,1.13,0.77,0.38,-0.09,-0.29,-0.34,-0.38,-0.42,-0.23,-0.42,-0.48,-0.48,-0.47,-0.44,-0.47,-0.47,-0.56,-0.77,-0.69,-0.48,-0.82,-0.73,-0.62,-0.71,-0.58,-0.67,-0.76,-0.71,-0.64,-0.78,-0.82,-0.43,-0.85,-0.59,-0.57,-0.91,-0.97,-0.92,-1.01,-0.96,-0.93,-1.01,-0.80,-0.93,-0.92,-1.07,-1.14,-0.96,-1.00,-1.05,-1.11,-0.90,-0.93,-1.00,-0.98,-0.93,-1.16,-1.00,-0.93,-1.08,-1.29,-1.27,-0.98,-1.26,-1.29,-1.20,-1.20,-1.20,-1.31,-1.32
-0.12,-0.23,-0.21,-0.14,-0.18,0.08,0.24,0.19,0.20,0.23,0.20,0.19,0.27,0.25,0.24,0.12,0.02,0.01,0.17,0.20,0.29,0.32,0.33,0.55,0.24,0.24,0.51,0.85,0.92,0.92,1.02,0.92,1.08,1.02,1.18,1.17,1.11,1.01,0.76,0.56,0.63,0.65,0.48,0.54,0.37,0.37,0.34,0.29,0.30,0.39,0.63,0.75,0.66,0.81,0.97,1.13,0.77,0.81,0.74,0.56,0.51,0.56,0.53,0.54,0.70,0.88,0.87,0.82,0.93,0.86,1.04,0.77,1.08,1.33,1.36,1.22,1.34,1.25,1.31,1.24,1.31,1.34,1.29,1.31,1.35,1.39,1.30,1.15,1.18,1.20,0.96,0.76,0.30,-0.12,-0.26,-0.46,-0.53,-0.38,-0.39,-0.48,-0.54,-0.49,-0.47,-0.42,-0.38,-0.48,-0.49,-0.63,-0.57,-0.53,-0.75,-0.67,-0.62,-0.64,-0.57,-0.58,-0.62,-0.63,-0.62,-0.61,-0.69,-0.59,-0.71,-0.73,-0.56,-0.69,-0.80,-0.73,-0.75,-0.67,-0.72,-0.69,-0.62,-0.69,-0.68,-0.88,-1.08,-0.86,-0.87,-0.97,-1.10,-0.93,-0.97,-1.07,-0.98,-0.97,-1.10,-1.07,-1.10,-1.12,-1.11,-1.16,-1.35,-1.35,-1.22,-1.15,-1.22,-1.34,-1.31,-1.39
-0.09,-0.19,-0.12,-0.09,-0.07,0.30,0.22,0.20,0.18,0.13,0.13,0.12,0.24,0.27,0.18,0.12,0.14,0.17,0.06,0.22,0.35,0.43,0.48,0.49,0.40,0.33,0.76,0.92,0.91,1.00,1.17,1.18,0.98,1.04,1.13,1.11,0.96,0.90,0.71,0.66,0.79,0.61,0.32,0.44,0.19,0.32,0.39,0.34,0.24,0.30,0.55,0.71,0.66,0.79,0.84,0.85,0.77,0.87,0.69,0.60,0.53,0.41,0.53,0.59,0.66,0.77,0.80,0.75,0.72,0.70,1.08,0.97,0.96,1.19,1.36,1.18,1.33,1.02,1.11,1.15,1.15,1.17,1.13,1.14,1.25,1.27,1.22,1.17,1.02,1.07,0.88,0.33,0.45,-0.09,-0.26,-0.21,-0.36,-0.51,-0.37,-0.41,-0.48,-0.39,-0.39,-0.48,-0.43,-0.34,-0.39,-0.49,-0.58,-0.73,-0.77,-0.63,-0.72,-0.61,-0.56,-0.57,-0.58,-0.63,-0.75,-0.61,-0.63,-0.67,-0.63,-0.63,-0.61,-0.72,-0.75,-0.66,-0.76,-0.81,-1.25,-0.71,-0.91,-0.86,-0.82,-0.86,-0.98,-1.00,-0.91,-0.88,-0.97,-0.91,-0.95,-1.12,-1.16,-0.96,-0.90,-0.85,-0.88,-1.03,-1.15,-1.05,-1.20,-1.31,-1.25,-1.17,-1.26,-1.43,-1.34,-1.34
-0.16,-0.14,-0.09,-0.12,-0.02,0.30,0.29,0.24,0.27,0.44,0.55,0.22,0.44,0.27,0.10,0.08,0.18,0.19,0.09,0.20,0.41,0.35,0.27,0.46,0.27,0.43,0.76,0.85,0.97,1.02,1.06,1.09,1.03,1.08,1.02,1.04,0.97,0.93,0.76,0.60,0.49,0.38,0.44,0.53,0.29,0.28,0.30,0.33,0.32,0.30,0.46,0.64,0.67,0.71,0.72,0.82,0.91,0.75,0.71,0.67,0.56,0.38,0.54,0.67,0.70,0.70,0.70,0.77,0.82,0.87,1.11,0.92,1.13,1.22,1.42,1.15,1.29,1.24,1.22,1.23,1.09,1.08,1.17,1.22,1.27,1.28,1.28,1.24,0.98,0.79,0.56,0.30,0.35,0.32,0.08,-0.01,-0.21,-0.22,-0.38,-0.46,-0.39,-0.38,-0.34,-0.22,-0.22,-0.33,-0.46,-0.49,-0.49,-0.88,-0.82,-0.69,-0.64,-0.54,-0.52,-0.56,-0.61,-0.66,-0.75,-0.56,-0.72,-0.61,-0.68,-0.62,-0.52,-0.77,-0.90,-0.63,-0.81,-0.82,-0.87,-0.76,-0.98,-0.82,-0.77,-0.85,-0.81,-1.05,-0.87,-0.78,-0.86,-0.86,-0.90,-0.95,-1.02,-1.02,-1.10,-0.97,-0.88,-0.98,-1.10,-1.02,-1.12,-1.22,-1.20,-1.08,-1.19,-1.29,-1.24,-1.21
