-15.67,-15.67,-15.67,-16.01,-15.87,-15.98,-16.12,-16.15,-16.19,-16.28,-16.12,-16.07,-16.04,-16.01,-16.18,-16.35,-16.27,-16.39,-16.36,-16.24,-16.36,-16.39,-16.24,-16.01,-16.24,-16.28,-16.19,-16.10,-16.04,-16.22,-16.16,-15.82,-15.69,-15.90,-16.36,-16.33,-16.04,-16.18,-16.25,-16.69,-16.58,-16.61,-16.78,-16.81,-16.67,-16.62,-16.66,-16.69,-16.76,-16.98,-16.95,-17.00,-17.01,-16.87,-16.90,-17.11,-16.73,-16.67,-16.98,-17.03,-16.86,-16.86,-17.01,-16.64,-16.76,-16.72,-16.69,-17.01,-16.76,-16.52,-16.70,-16.86,-16.79,-16.45,-16.62,-16.84,-16.84,-16.92,-16.87,-16.84,-16.73,-16.56,-16.56,-16.47,-16.38,-16.38,-16.21,-15.95,-14.37,-12.59,-9.55,-8.31,-7.90,-7.46,-6.93,-6.15,-5.33,-4.78,-4.22,-3.91,-3.60,-3.62,-3.43,-3.35,-3.31,-3.23,-3.12,-2.72,-2.52,-2.55,-2.61,-2.66,-2.72,-2.66,-2.46,-2.42,-2.16,-1.90,-1.95,-1.92,-1.93,-1.96,-2.00,-2.02,-1.88,-2.20,-1.92,-2.18,-2.30,-2.16,-2.29,-2.39,-2.20,-2.16,-2.42,-2.42,-2.25,-2.37,-2.48,-2.46,-2.33,-2.32,-2.47,-2.56,-2.46,-2.52,-2.65,-2.73,-2.86,-2.70,-2.95,-3.18,-3.27,-3.27,-3.61,-3.52,-3.58,-3.69,-3.79,-3.86
-15.52,-15.49,-15.73,-15.79,-15.78,-15.84,-15.96,-16.10,-16.16,-16.28,-16.16,-16.12,-16.19,-16.24,-16.05,-16.38,-16.21,-16.25,-16.30,-16.18,-16.16,-16.30,-16.32,-16.10,-16.19,-16.13,-15.99,-16.08,-16.28,-16.21,-15.85,-16.01,-15.79,-15.89,-16.02,-15.99,-15.96,-16.19,-16.35,-16.52,-16.52,-16.49,-16.52,-16.70,-16.53,-16.47,-16.72,-16.64,-16.59,-16.58,-16.89,-16.93,-16.84,-16.75,-16.73,-16.93,-16.87,-16.86,-16.97,-16.84,-16.73,-16.90,-16.95,-16.97,-16.98,-16.76,-16.89,-16.92,-16.97,-16.58,-16.50,-16.75,-16.67,-16.30,-16.42,-16.64,-16.64,-16.56,-16.55,-16.81,-16.64,-16.33,-16.49,-16.19,-15.93,-16.02,-15.96,-14.82,-13.15,-9.39,-6.07,-4.35,-3.78,-3.62,-3.54,-3.22,-2.84,-2.74,-2.66,-2.66,-2.57,-2.87,-2.88,-2.96,-2.90,-2.79,-2.77,-2.48,-2.30,-2.27,-2.36,-2.54,-2.63,-2.48,-2.23,-2.69,-2.10,-2.30,-2.05,-1.99,-1.99,-2.13,-2.18,-1.93,-1.67,-2.11,-1.67,-2.06,-2.23,-2.18,-2.20,-2.27,-2.22,-2.09,-2.14,-2.01,-2.14,-2.10,-1.95,-1.90,-1.95,-2.13,-2.22,-2.18,-2.30,-2.38,-2.38,-2.30,-2.30,-2.34,-2.54,-2.61,-2.59,-2.59,-3.01,-2.90,-2.87,-3.06,-3.30,-3.21
-15.46,-15.41,-15.82,-15.64,-15.82,-15.89,-15.89,-15.93,-16.05,-16.22,-16.10,-15.95,-15.89,-15.92,-15.90,-16.10,-16.18,-16.16,-16.18,-16.16,-15.99,-16.07,-16.28,-16.19,-16.18,-16.10,-15.93,-15.92,-16.41,-16.28,-16.18,-16.07,-16.21,-15.99,-15.90,-15.98,-15.81,-15.87,-16.30,-16.25,-16.45,-16.53,-16.53,-16.59,-16.50,-16.36,-16.64,-16.66,-16.55,-16.58,-16.75,-16.98,-16.84,-16.79,-16.81,-16.87,-16.83,-16.76,-16.81,-16.83,-16.76,-16.67,-16.70,-16.72,-16.66,-16.72,-16.76,-16.93,-16.56,-16.56,-16.35,-16.70,-16.55,-16.19,-16.19,-16.27,-16.21,-16.16,-16.25,-16.41,-16.01,-15.52,-15.58,-15.64,-14.93,-14.42,-13.91,-12.58,-9.53,-5.72,-3.35,-2.46,-1.88,-1.76,-2.11,-2.16,-1.95,-2.02,-2.16,-2.20,-2.23,-2.29,-2.47,-2.56,-2.55,-2.64,-2.29,-2.04,-1.96,-1.97,-2.01,-2.14,-2.28,-2.24,-2.14,-2.38,-1.93,-2.02,-1.93,-1.59,-1.78,-1.91,-1.88,-1.97,-1.99,-2.11,-1.87,-2.10,-2.15,-2.09,-2.06,-2.11,-2.10,-2.01,-1.97,-1.68,-2.25,-2.04,-1.93,-1.88,-2.01,-2.29,-2.11,-2.23,-2.34,-2.30,-2.16,-2.06,-2.07,-2.19,-2.32,-2.23,-2.15,-2.30,-2.50,-2.72,-2.57,-2.59,-2.77,-3.01
-15.38,-15.28,-15.64,-15.78,-15.75,-15.79,-15.98,-16.21,-16.04,-16.12,-16.16,-15.96,-15.76,-15.85,-15.89,-15.85,-16.01,-16.13,-16.10,-16.13,-16.07,-15.93,-16.10,-15.98,-15.99,-16.15,-16.05,-15.87,-16.01,-16.21,-16.18,-16.12,-16.19,-16.16,-15.99,-15.93,-15.70,-15.56,-15.85,-16.08,-16.33,-16.52,-16.66,-16.69,-16.47,-16.32,-16.38,-16.52,-16.32,-16.52,-16.92,-16.86,-16.55,-16.35,-16.44,-16.70,-16.76,-16.64,-16.58,-16.55,-16.56,-16.52,-16.24,-16.64,-16.33,-16.52,-16.42,-16.62,-16.47,-16.47,-16.30,-16.44,-16.44,-16.12,-16.12,-16.12,-15.78,-15.53,-15.52,-15.52,-15.09,-14.28,-13.95,-13.46,-12.18,-10.94,-10.08,-8.34,-5.84,-3.52,-2.10,-1.69,-1.49,-1.29,-1.35,-1.43,-1.54,-1.82,-1.81,-1.57,-1.74,-1.96,-2.15,-2.11,-2.30,-1.95,-1.72,-1.40,-1.46,-1.62,-1.60,-1.59,-1.74,-1.87,-1.87,-1.90,-1.65,-1.72,-1.67,-1.53,-1.62,-1.78,-1.78,-1.63,-1.62,-1.85,-1.79,-1.93,-2.00,-2.06,-1.93,-1.88,-1.91,-1.97,-1.87,-1.73,-2.15,-1.90,-1.74,-1.76,-1.86,-1.93,-2.06,-2.37,-2.19,-2.06,-1.97,-1.95,-2.04,-1.88,-2.11,-2.14,-2.10,-2.09,-2.27,-2.46,-2.36,-2.33,-2.54,-2.99
-15.43,-14.88,-15.32,-15.58,-15.93,-16.08,-15.96,-15.87,-15.78,-16.02,-16.02,-15.96,-15.98,-15.95,-15.96,-15.82,-15.87,-16.05,-16.16,-16.07,-16.12,-16.08,-16.07,-16.05,-16.12,-16.22,-16.16,-15.98,-15.81,-16.05,-16.05,-16.07,-16.02,-16.01,-16.02,-15.96,-15.81,-15.52,-15.55,-16.08,-16.22,-16.35,-16.45,-16.52,-16.45,-16.25,-16.39,-16.56,-16.32,-16.44,-16.79,-16.78,-16.62,-16.70,-16.52,-16.50,-16.62,-16.58,-16.35,-16.33,-16.44,-16.47,-16.41,-16.35,-16.13,-16.39,-16.12,-16.44,-16.42,-16.32,-16.10,-15.90,-15.85,-15.66,-15.40,-15.14,-14.70,-14.16,-13.65,-13.31,-12.45,-11.16,-10.17,-8.99,-7.56,-6.70,-5.64,-4.55,-3.30,-2.27,-1.53,-1.17,-1.16,-1.15,-1.10,-1.11,-1.21,-1.24,-1.14,-1.03,-1.26,-1.57,-1.44,-1.45,-1.60,-1.32,-1.19,-0.97,-1.05,-1.24,-1.26,-1.24,-1.32,-1.44,-1.50,-1.54,-1.27,-1.41,-1.36,-1.25,-1.35,-1.46,-1.32,-1.19,-1.34,-1.69,-1.81,-1.54,-1.91,-2.01,-1.72,-1.53,-1.65,-1.85,-1.78,-1.63,-1.63,-1.71,-1.57,-1.58,-1.73,-1.88,-1.90,-1.91,-1.69,-1.71,-1.76,-1.85,-1.95,-1.65,-1.99,-2.09,-2.05,-2.00,-2.05,-2.13,-2.10,-2.13,-2.29,-2.50
-15.44,-15.32,-15.56,-15.84,-15.73,-15.60,-15.76,-15.87,-15.82,-16.01,-16.04,-15.95,-16.08,-16.13,-16.01,-15.93,-15.90,-15.96,-16.21,-16.30,-16.41,-16.15,-15.90,-15.84,-16.04,-16.30,-16.30,-15.99,-15.76,-15.95,-15.89,-15.98,-15.95,-15.89,-15.96,-16.07,-16.05,-15.47,-15.67,-16.21,-16.22,-16.24,-16.39,-16.38,-16.27,-16.32,-16.21,-16.52,-16.33,-16.41,-16.58,-16.61,-16.62,-16.58,-16.59,-16.62,-16.64,-16.55,-16.28,-16.28,-16.49,-16.32,-16.35,-16.33,-16.13,-16.36,-16.04,-16.24,-16.18,-15.93,-15.50,-15.08,-14.73,-14.42,-13.86,-12.96,-11.98,-10.86,-9.89,-9.15,-7.89,-6.77,-6.15,-5.24,-4.29,-3.73,-3.40,-2.86,-2.28,-1.46,-1.26,-0.86,-0.78,-0.97,-1.10,-1.06,-0.97,-0.93,-0.97,-1.02,-1.00,-1.25,-1.35,-1.34,-1.06,-1.41,-1.14,-0.87,-0.72,-0.96,-1.01,-1.01,-1.08,-1.08,-1.15,-1.14,-0.81,-0.96,-0.98,-0.83,-0.97,-1.06,-0.87,-0.78,-1.11,-1.54,-1.51,-1.44,-1.31,-1.27,-1.30,-1.27,-1.32,-1.46,-1.50,-1.25,-1.17,-1.62,-1.44,-1.44,-1.49,-1.63,-1.86,-1.81,-1.43,-1.63,-1.87,-1.87,-1.72,-1.77,-1.78,-1.79,-1.72,-1.64,-1.63,-1.65,-1.63,-1.67,-1.99,-2.25
-15.23,-15.52,-15.56,-15.69,-15.67,-15.50,-15.53,-15.76,-15.95,-16.04,-16.02,-15.95,-15.85,-16.19,-15.96,-15.92,-15.89,-15.90,-16.02,-16.27,-16.18,-16.21,-15.98,-15.85,-15.96,-16.13,-16.27,-15.96,-15.84,-15.95,-15.96,-16.04,-16.04,-15.96,-16.01,-16.01,-16.05,-15.49,-15.58,-15.96,-16.04,-16.05,-16.28,-16.38,-16.18,-16.24,-16.32,-16.33,-16.19,-16.59,-16.61,-16.56,-16.45,-16.59,-16.59,-16.49,-16.47,-16.39,-16.30,-16.35,-16.24,-16.15,-16.27,-16.30,-16.07,-16.05,-15.64,-15.63,-15.26,-14.75,-13.83,-13.12,-12.26,-11.42,-10.56,-9.34,-7.98,-6.75,-5.85,-5.17,-4.18,-3.63,-3.67,-3.35,-2.92,-2.70,-2.73,-2.45,-1.88,-1.02,-1.07,-0.75,-0.63,-0.82,-1.02,-0.96,-0.82,-0.81,-0.78,-0.77,-0.83,-1.00,-1.11,-0.91,-0.95,-0.93,-0.78,-0.48,-0.43,-0.64,-0.66,-0.72,-0.82,-0.91,-0.87,-0.61,-0.32,-0.49,-0.59,-0.57,-0.72,-0.76,-0.57,-0.58,-0.80,-0.93,-0.98,-0.95,-1.26,-1.14,-0.75,-0.88,-0.95,-0.90,-0.91,-0.93,-1.06,-1.45,-1.21,-1.02,-0.96,-1.11,-1.24,-1.16,-0.90,-1.11,-1.22,-1.17,-1.16,-1.29,-1.24,-1.30,-1.16,-1.10,-1.17,-1.25,-1.36,-1.41,-1.60,-1.73
-15.25,-15.38,-15.53,-15.61,-15.56,-15.47,-15.56,-15.75,-15.92,-15.99,-15.93,-15.79,-15.67,-15.84,-15.90,-16.16,-16.13,-15.70,-15.87,-15.76,-15.95,-15.95,-15.84,-15.82,-15.98,-16.19,-16.13,-15.89,-15.87,-15.92,-16.08,-16.19,-16.13,-15.98,-16.02,-16.16,-16.28,-15.93,-15.49,-15.84,-15.98,-16.02,-16.19,-16.28,-16.24,-16.04,-16.12,-16.08,-16.13,-16.50,-16.67,-16.67,-16.47,-16.45,-16.42,-16.38,-16.28,-16.10,-16.22,-16.35,-15.90,-15.81,-15.96,-15.82,-15.23,-14.72,-14.30,-13.86,-12.89,-11.84,-10.50,-9.37,-8.23,-7.07,-6.21,-5.42,-4.52,-3.88,-3.52,-3.37,-2.92,-2.77,-2.88,-2.77,-2.39,-2.56,-2.45,-2.15,-1.53,-0.97,-0.90,-0.64,-0.51,-0.71,-0.86,-0.78,-0.68,-0.67,-0.63,-0.57,-0.69,-0.88,-0.78,-0.63,-0.62,-0.51,-0.52,-0.21,-0.27,-0.33,-0.38,-0.44,-0.53,-0.67,-0.67,-0.34,0.01,-0.11,-0.23,-0.33,-0.48,-0.42,-0.19,-0.19,-0.32,-0.37,-0.44,-0.67,-0.54,-0.64,-0.26,-0.31,-0.26,-0.28,-0.49,-0.64,-0.61,-0.82,-0.71,-0.37,-0.43,-0.56,-0.61,-0.71,-0.43,-0.56,-0.69,-0.62,-0.59,-0.82,-0.77,-0.80,-0.71,-0.76,-0.91,-1.01,-1.16,-1.22,-1.19,-1.21
-15.29,-15.32,-15.38,-15.47,-15.47,-15.34,-15.67,-15.84,-15.78,-15.81,-15.95,-15.82,-15.46,-15.58,-15.78,-15.93,-15.89,-15.55,-15.63,-15.69,-15.78,-15.87,-15.81,-15.76,-15.96,-16.27,-16.12,-15.87,-15.79,-15.79,-15.89,-15.95,-15.90,-15.78,-15.92,-15.98,-16.19,-15.79,-15.53,-15.70,-15.78,-15.82,-15.93,-15.99,-16.05,-16.04,-16.15,-16.02,-16.12,-16.27,-16.49,-16.59,-16.35,-16.10,-16.04,-16.05,-15.95,-15.66,-15.66,-15.70,-15.23,-14.63,-14.39,-14.18,-12.89,-11.76,-11.27,-10.29,-8.87,-7.49,-6.23,-5.03,-4.31,-3.88,-3.66,-3.45,-3.10,-2.84,-2.75,-2.95,-2.63,-2.69,-2.78,-2.66,-2.20,-2.22,-2.39,-1.74,-1.20,-0.97,-0.73,-0.49,-0.38,-0.56,-0.67,-0.68,-0.62,-0.52,-0.52,-0.43,-0.42,-0.54,-0.58,-0.44,-0.41,-0.42,-0.14,0.08,0.17,-0.02,0.07,0.13,0.03,0.08,0.09,0.03,0.39,0.49,0.13,0.28,0.08,0.19,0.45,0.45,0.30,0.24,0.14,-0.04,0.12,0.30,0.51,0.48,0.38,0.22,0.15,0.23,0.25,0.13,0.07,0.10,-0.13,-0.14,-0.14,-0.22,0.01,-0.24,-0.33,-0.36,-0.32,-0.19,-0.21,-0.49,-0.47,-0.51,-0.67,-0.82,-0.78,-0.98,-0.80,-0.82
-15.26,-15.21,-15.28,-15.37,-15.43,-15.34,-15.64,-15.69,-15.63,-15.67,-15.85,-16.04,-15.85,-15.76,-15.92,-15.87,-15.64,-15.60,-15.82,-15.78,-15.76,-15.89,-15.89,-15.78,-15.87,-15.96,-16.16,-15.92,-15.89,-15.75,-15.63,-15.82,-16.15,-16.19,-15.84,-16.10,-16.21,-15.99,-15.58,-15.60,-15.67,-15.63,-15.61,-15.66,-15.81,-15.87,-16.01,-15.95,-15.96,-16.05,-16.05,-16.10,-15.87,-15.56,-15.40,-15.12,-14.76,-14.52,-13.95,-13.51,-12.72,-11.82,-11.03,-10.15,-8.99,-7.35,-5.84,-5.45,-4.79,-3.97,-3.34,-3.10,-2.95,-2.84,-2.88,-2.95,-2.87,-2.78,-2.82,-2.70,-2.54,-2.55,-2.57,-2.57,-2.39,-2.07,-2.27,-1.63,-0.92,-0.51,-0.54,-0.47,-0.34,-0.37,-0.44,-0.51,-0.44,-0.33,-0.28,-0.23,-0.12,-0.09,-0.29,-0.17,-0.11,-0.11,0.34,0.50,0.59,0.40,0.63,0.81,0.76,0.60,0.41,0.55,0.91,0.86,0.81,0.98,0.92,0.93,1.09,1.04,0.93,0.88,0.82,0.79,0.77,1.19,1.30,1.18,0.90,0.71,0.72,0.88,0.91,0.51,0.75,0.55,0.24,0.34,0.43,0.40,0.44,0.14,0.10,0.09,0.03,-0.11,-0.19,-0.21,-0.09,-0.28,-0.54,-0.61,-0.47,-0.66,-0.46,-0.56
-15.26,-15.18,-15.25,-15.40,-15.46,-15.64,-15.58,-15.82,-15.76,-15.61,-15.79,-15.84,-15.44,-15.60,-15.75,-15.69,-15.50,-15.61,-15.81,-15.89,-15.79,-15.81,-15.81,-15.75,-15.70,-16.01,-15.87,-16.04,-15.84,-15.64,-15.64,-15.69,-15.82,-16.08,-15.69,-15.96,-15.89,-15.90,-15.67,-15.66,-15.69,-15.52,-15.49,-15.56,-15.69,-15.69,-15.67,-15.53,-15.25,-15.38,-15.32,-15.18,-14.87,-14.43,-13.94,-13.21,-12.36,-11.69,-10.63,-9.29,-8.01,-6.97,-5.54,-5.19,-4.34,-3.44,-3.04,-3.30,-3.08,-2.92,-2.70,-2.60,-2.69,-2.63,-2.57,-2.56,-2.42,-2.51,-2.69,-2.65,-2.47,-2.45,-2.43,-2.75,-2.32,-2.04,-1.68,-1.39,-0.92,-0.42,-0.31,-0.32,-0.16,-0.17,-0.18,-0.01,0.12,0.14,0.17,0.13,0.13,0.27,0.06,0.20,0.29,0.35,0.85,0.98,1.11,1.01,1.17,1.31,1.06,0.81,0.90,1.06,1.17,1.38,1.24,1.62,1.58,1.27,1.31,1.35,1.25,1.28,1.42,1.44,1.39,1.64,1.82,1.64,1.44,1.17,1.13,1.29,1.30,1.20,1.38,0.88,0.74,0.74,0.74,0.76,0.88,0.75,0.55,0.56,0.39,0.15,0.10,0.22,0.20,-0.21,-0.27,-0.23,-0.46,-0.08,-0.36,-0.41
-15.26,-15.37,-15.35,-15.40,-15.66,-15.50,-15.73,-15.66,-15.63,-15.66,-15.63,-15.84,-15.52,-15.56,-15.67,-15.63,-15.53,-15.49,-15.53,-15.82,-15.79,-15.66,-15.66,-15.55,-15.40,-15.56,-15.70,-15.72,-15.79,-15.78,-15.66,-15.75,-16.05,-16.07,-15.85,-15.99,-15.96,-15.95,-15.76,-15.70,-15.67,-15.49,-15.41,-15.53,-15.53,-15.53,-15.37,-14.57,-13.43,-13.24,-13.57,-13.24,-12.46,-11.58,-10.52,-8.95,-7.24,-6.31,-5.41,-4.55,-3.96,-4.01,-3.54,-3.41,-3.22,-3.01,-3.00,-2.97,-2.84,-2.69,-2.72,-2.60,-2.50,-2.55,-2.61,-2.64,-2.66,-2.73,-2.68,-2.51,-2.24,-2.41,-2.59,-2.72,-2.20,-1.99,-1.74,-1.32,-0.72,-0.24,-0.31,-0.14,-0.14,-0.14,-0.03,0.12,0.38,0.61,0.67,0.56,0.46,0.54,0.33,0.56,0.72,0.87,1.27,1.50,1.71,1.69,1.69,1.63,1.39,1.23,1.19,1.09,1.00,1.06,1.03,1.25,1.42,1.11,1.17,1.20,1.28,1.49,1.68,1.69,1.61,1.67,1.72,1.71,1.73,1.45,1.42,1.50,1.46,1.40,1.40,1.51,1.31,1.42,1.44,1.38,1.38,1.09,0.92,0.84,0.65,0.51,0.54,0.72,0.50,0.27,0.29,0.23,-0.02,0.01,-0.12,-0.24
-15.17,-15.08,-15.02,-15.21,-15.60,-15.43,-15.50,-15.67,-15.60,-15.44,-15.72,-15.82,-15.64,-15.61,-15.67,-15.67,-15.70,-15.37,-15.52,-15.72,-15.70,-15.60,-15.58,-15.64,-15.53,-15.84,-15.89,-15.79,-15.82,-15.89,-15.76,-15.70,-15.76,-15.82,-15.92,-16.24,-16.01,-15.93,-15.84,-15.72,-15.61,-15.49,-15.38,-15.20,-15.29,-15.15,-14.79,-12.80,-10.56,-10.00,-9.77,-8.90,-7.64,-6.24,-5.20,-4.55,-3.56,-3.58,-3.13,-2.96,-2.87,-2.61,-2.93,-2.78,-2.28,-2.52,-2.78,-2.82,-2.82,-2.66,-2.56,-2.55,-2.42,-2.29,-2.46,-2.70,-2.69,-2.72,-2.69,-2.59,-2.41,-2.48,-2.37,-2.42,-2.15,-1.88,-1.57,-0.88,-0.61,-0.23,-0.19,-0.01,0.14,0.04,0.27,0.34,0.67,0.84,0.82,0.87,0.75,0.75,0.55,0.75,1.07,1.41,1.53,1.86,2.01,2.02,2.00,1.74,1.56,1.22,0.90,0.77,0.80,0.93,0.96,0.98,1.08,0.91,1.15,0.96,0.95,1.09,1.30,1.35,1.20,1.38,1.25,1.56,1.64,1.46,1.46,1.46,1.40,1.44,1.33,1.29,1.51,1.39,1.09,1.13,1.41,1.19,1.25,0.97,0.74,0.67,0.79,0.90,0.69,0.67,0.61,0.45,0.24,0.02,0.03,-0.12
-14.72,-14.81,-15.03,-15.32,-15.43,-15.43,-15.60,-15.63,-15.53,-15.43,-15.67,-15.73,-15.60,-15.55,-15.61,-15.70,-15.79,-15.37,-15.41,-15.37,-15.40,-15.46,-15.35,-15.63,-15.31,-15.72,-15.69,-15.47,-15.49,-15.70,-15.78,-15.56,-15.55,-15.53,-15.70,-16.10,-15.82,-15.82,-15.87,-15.75,-15.63,-15.55,-15.49,-15.17,-15.15,-14.90,-14.01,-11.07,-7.86,-5.75,-4.96,-4.51,-3.90,-3.21,-2.66,-2.48,-2.24,-2.65,-2.39,-2.45,-2.41,-2.55,-2.55,-2.74,-2.24,-2.47,-2.59,-2.66,-2.64,-2.51,-2.41,-2.41,-2.22,-2.10,-2.34,-2.50,-2.50,-2.48,-2.36,-2.37,-2.28,-2.36,-2.22,-2.33,-2.18,-1.81,-1.24,-0.71,-0.44,-0.36,-0.24,-0.12,0.33,0.13,0.15,0.27,0.66,1.00,1.01,0.96,0.84,0.85,1.02,1.01,1.04,1.38,1.78,1.88,1.89,1.88,2.03,1.85,1.58,0.93,0.51,0.44,0.53,0.59,0.58,0.41,0.39,0.46,0.69,0.70,0.67,0.79,0.86,0.70,0.54,0.72,1.14,1.42,1.33,1.13,1.14,1.09,1.08,1.23,1.27,1.35,1.41,1.25,1.15,1.31,1.47,1.35,1.22,1.15,0.92,0.84,0.85,0.80,0.77,0.79,0.55,0.30,0.13,0.01,0.01,-0.13
-14.88,-14.93,-15.09,-15.23,-15.31,-15.44,-15.53,-15.63,-15.58,-15.46,-15.50,-15.66,-15.55,-15.44,-15.55,-15.89,-15.79,-15.52,-15.43,-15.44,-15.53,-15.70,-15.61,-15.37,-15.14,-15.50,-15.60,-15.55,-15.53,-15.58,-15.56,-15.43,-15.58,-15.55,-15.61,-15.79,-15.69,-15.84,-15.89,-15.69,-15.63,-15.56,-15.63,-15.40,-14.97,-14.31,-13.06,-9.65,-5.69,-3.26,-2.36,-2.11,-2.10,-2.02,-1.85,-2.09,-2.29,-2.45,-2.27,-2.27,-2.22,-2.33,-2.48,-2.56,-2.37,-2.42,-2.32,-2.38,-2.41,-2.28,-2.23,-2.19,-1.91,-1.90,-2.22,-2.34,-2.29,-2.15,-2.24,-2.27,-2.09,-2.05,-2.02,-2.06,-1.85,-1.73,-0.96,-0.61,-0.36,-0.28,-0.13,-0.07,0.34,0.24,0.19,0.35,0.51,0.69,0.91,0.95,0.84,0.81,0.86,0.97,0.96,1.39,1.52,1.67,1.86,1.78,2.03,1.99,1.55,0.81,0.38,0.30,0.29,0.27,0.27,0.14,0.12,0.28,0.24,0.18,0.27,0.51,0.58,0.33,0.04,0.07,0.48,0.33,0.50,0.51,0.64,0.55,0.49,0.63,0.82,0.98,0.91,0.85,0.76,0.87,1.13,1.23,0.82,0.79,0.71,0.75,0.88,0.91,0.67,0.64,0.41,0.20,0.10,0.04,-0.21,-0.22
-14.88,-14.88,-15.06,-15.06,-15.09,-15.26,-15.38,-15.52,-15.64,-15.40,-15.46,-15.60,-15.50,-15.34,-15.31,-15.47,-15.17,-15.38,-15.50,-15.55,-15.58,-15.73,-15.90,-15.47,-15.25,-15.46,-15.49,-15.52,-15.61,-15.60,-15.50,-15.44,-15.66,-15.70,-15.82,-15.85,-15.67,-15.73,-15.76,-15.73,-15.78,-15.46,-15.50,-15.49,-15.28,-14.60,-12.94,-8.23,-4.24,-2.33,-1.72,-1.64,-1.63,-1.54,-1.46,-1.65,-1.87,-1.99,-2.02,-2.14,-2.27,-2.24,-2.30,-2.28,-2.16,-2.20,-2.16,-2.09,-2.18,-2.13,-2.13,-2.09,-1.93,-1.90,-2.01,-2.10,-2.09,-2.09,-2.11,-2.01,-1.95,-1.76,-1.88,-1.82,-1.62,-1.62,-0.86,-0.47,-0.29,-0.11,-0.03,0.10,0.38,0.29,0.34,0.22,0.29,0.58,0.69,0.75,0.91,0.96,1.08,1.23,1.04,1.38,1.75,1.58,1.89,1.80,1.72,1.64,1.17,0.66,0.39,0.33,0.28,0.20,0.13,0.07,0.13,0.30,0.25,0.29,0.15,0.29,0.43,0.33,0.35,0.63,0.46,0.25,0.39,0.32,0.35,0.23,0.06,0.10,0.35,0.48,0.56,0.48,0.40,0.64,0.88,0.84,0.55,0.44,0.25,0.32,0.35,0.23,0.08,0.41,0.44,0.35,0.19,-0.07,-0.29,-0.38
-14.87,-14.87,-14.88,-15.00,-14.81,-15.03,-15.32,-15.44,-15.44,-15.49,-15.47,-15.53,-15.37,-15.17,-15.29,-15.49,-15.38,-15.28,-15.46,-15.56,-15.41,-15.43,-15.58,-15.56,-15.40,-15.40,-15.41,-15.40,-15.44,-15.52,-15.61,-15.56,-15.72,-15.75,-15.79,-15.81,-15.58,-15.69,-15.81,-15.56,-15.85,-16.12,-15.69,-15.69,-15.38,-14.63,-13.74,-9.84,-5.21,-2.36,-1.51,-1.43,-1.30,-1.27,-1.26,-1.53,-1.71,-1.86,-1.95,-2.19,-2.30,-2.16,-2.13,-2.10,-1.96,-2.10,-2.20,-2.09,-2.06,-2.04,-2.02,-2.05,-1.99,-1.83,-1.76,-1.85,-1.90,-1.97,-1.91,-1.78,-1.83,-1.58,-1.82,-1.67,-1.43,-1.16,-0.54,-0.19,-0.07,0.01,0.15,0.43,0.66,0.38,0.32,0.13,0.10,0.35,0.60,0.63,0.60,0.79,0.87,0.75,0.65,0.95,1.28,1.38,1.57,1.46,1.77,1.44,1.19,0.77,0.44,0.34,0.33,0.19,0.03,-0.03,0.03,0.22,0.13,0.24,0.14,0.22,0.30,0.23,0.19,0.29,0.23,-0.02,0.39,0.01,0.48,0.38,0.19,0.27,0.45,0.49,0.45,0.43,0.30,0.48,0.64,0.64,0.64,0.39,0.37,0.35,0.39,0.45,0.34,0.10,0.33,0.30,-0.04,-0.36,-0.32,-0.49
-14.78,-14.79,-14.82,-15.03,-14.79,-14.91,-15.23,-15.47,-15.52,-15.49,-15.64,-15.52,-15.34,-15.23,-15.28,-15.28,-15.23,-15.18,-15.31,-15.44,-15.34,-15.18,-15.28,-15.52,-15.44,-15.37,-15.32,-15.32,-15.31,-15.34,-15.49,-15.60,-15.55,-15.72,-15.56,-15.43,-15.38,-15.58,-15.72,-15.44,-15.60,-15.50,-15.55,-15.53,-15.40,-14.90,-14.30,-11.32,-6.27,-2.74,-1.55,-1.39,-1.43,-1.26,-1.32,-1.50,-1.53,-1.91,-1.93,-2.16,-2.25,-2.16,-2.18,-2.16,-2.05,-2.24,-2.25,-2.15,-2.02,-2.01,-1.99,-1.95,-1.88,-1.74,-1.68,-1.72,-1.73,-1.83,-1.85,-1.68,-1.65,-1.55,-1.67,-1.57,-1.29,-0.81,-0.37,-0.06,0.12,0.14,0.51,0.58,0.87,0.43,0.32,0.18,0.17,0.41,0.58,0.49,0.49,0.75,0.82,0.71,0.64,0.70,0.81,1.07,1.31,1.35,1.55,1.51,1.06,0.51,0.17,0.23,0.23,0.10,0.04,-0.13,-0.19,-0.13,-0.13,-0.06,0.03,0.17,0.29,0.19,0.13,0.33,0.29,-0.02,0.37,0.22,0.49,0.17,0.09,0.15,0.17,0.19,0.14,0.53,0.22,0.33,0.51,0.59,0.58,0.25,0.35,0.32,0.22,0.24,0.39,0.19,0.25,0.09,-0.24,-0.51,-0.48,-0.47
-14.70,-14.69,-14.97,-15.06,-15.06,-14.91,-14.88,-15.18,-15.56,-15.44,-15.58,-15.46,-15.31,-15.41,-15.52,-15.06,-15.05,-14.96,-15.08,-15.28,-15.25,-15.05,-15.21,-15.35,-15.37,-15.37,-15.23,-15.23,-15.40,-15.21,-15.34,-15.44,-15.55,-15.69,-15.64,-15.50,-15.46,-15.63,-15.72,-15.44,-15.63,-15.61,-15.38,-15.63,-15.46,-15.12,-14.61,-12.29,-7.50,-3.34,-1.64,-1.43,-1.51,-1.31,-1.38,-1.58,-1.63,-2.01,-2.07,-2.10,-2.07,-2.28,-2.29,-2.25,-2.18,-2.30,-2.24,-2.05,-2.01,-2.06,-2.01,-1.88,-1.85,-1.81,-1.68,-1.71,-1.73,-1.86,-1.79,-1.59,-1.50,-1.67,-1.55,-1.60,-1.25,-0.81,-0.51,-0.06,0.25,0.44,0.90,0.71,0.96,0.38,0.17,0.06,0.18,0.33,0.39,0.37,0.40,0.63,0.70,0.64,0.72,0.53,0.81,0.97,0.97,0.97,1.01,0.86,0.58,0.04,-0.06,0.24,0.12,-0.13,-0.11,-0.24,-0.38,-0.47,-0.33,-0.22,-0.11,0.07,0.23,-0.01,-0.16,0.02,0.06,-0.13,0.13,-0.01,0.22,0.12,0.07,0.07,0.06,-0.03,-0.08,0.23,0.13,0.32,0.48,0.53,0.51,0.39,0.37,0.29,0.24,0.29,0.39,0.48,0.27,0.15,-0.21,-0.41,-0.38,-0.68
-14.69,-14.66,-14.93,-15.09,-15.12,-14.93,-14.75,-14.90,-15.15,-15.00,-15.11,-15.34,-15.37,-15.32,-15.58,-15.14,-15.00,-14.93,-15.02,-15.25,-15.21,-15.05,-15.20,-15.12,-15.21,-15.28,-15.23,-15.29,-15.52,-15.25,-15.43,-15.23,-15.38,-15.41,-15.49,-15.60,-15.69,-15.73,-15.63,-15.46,-15.58,-15.81,-15.38,-15.29,-15.38,-15.40,-14.66,-12.77,-8.51,-3.95,-1.76,-1.40,-1.44,-1.36,-1.54,-1.90,-1.86,-2.11,-2.18,-2.18,-1.97,-2.37,-2.28,-2.16,-2.15,-2.13,-2.16,-1.97,-2.05,-2.04,-1.93,-1.91,-1.92,-1.78,-1.55,-1.76,-1.88,-1.82,-1.74,-1.69,-1.65,-1.76,-1.68,-1.68,-1.05,-0.93,-0.56,-0.04,0.53,0.70,1.03,0.98,1.07,0.34,-0.02,-0.08,0.13,0.20,0.28,0.37,0.38,0.53,0.48,0.30,0.38,0.29,0.37,0.08,-0.02,0.15,0.24,0.29,-0.14,-0.27,-0.12,-0.17,-0.34,-0.49,-0.57,-0.57,-0.72,-0.62,-0.72,-0.29,-0.19,-0.09,-0.02,-0.27,-0.36,-0.21,-0.19,-0.29,-0.08,-0.27,-0.08,-0.11,-0.14,-0.06,0.10,0.15,0.09,0.19,0.08,0.17,0.30,0.41,0.49,0.45,0.28,0.27,0.23,0.27,0.37,0.34,0.34,0.25,-0.18,-0.48,-0.52,-0.59
-14.58,-14.31,-14.72,-15.09,-15.17,-15.05,-14.88,-14.94,-14.99,-15.11,-15.21,-15.20,-15.05,-14.97,-15.47,-15.02,-15.00,-15.06,-15.14,-15.29,-15.26,-15.17,-15.18,-15.21,-15.18,-15.12,-15.12,-15.20,-15.18,-14.84,-14.94,-15.09,-15.32,-15.44,-15.44,-15.61,-15.78,-15.70,-15.56,-15.55,-15.70,-15.73,-15.44,-15.08,-15.29,-15.38,-14.75,-13.21,-9.25,-4.47,-2.05,-1.36,-1.36,-1.49,-1.86,-2.13,-1.77,-2.05,-2.09,-2.09,-2.01,-2.33,-2.33,-2.14,-2.10,-2.06,-2.07,-1.96,-2.05,-1.99,-1.95,-1.97,-1.82,-1.77,-1.82,-1.97,-2.09,-2.04,-1.79,-1.82,-1.73,-1.77,-1.69,-1.54,-0.97,-1.08,-0.57,-0.14,0.60,0.74,0.91,1.09,1.13,0.34,-0.04,-0.13,0.15,0.18,0.20,0.35,0.39,0.48,0.44,0.22,0.12,-0.13,-0.21,-0.29,-0.57,-0.51,-0.36,-0.24,-0.31,-0.06,-0.27,-0.28,-0.29,-0.52,-0.63,-0.61,-0.63,-0.68,-0.88,-0.75,-0.24,-0.19,-0.17,-0.33,-0.43,-0.38,-0.41,-0.49,-0.22,-0.43,-0.28,-0.43,-0.41,-0.28,-0.24,-0.28,-0.23,-0.24,-0.26,0.01,0.14,0.23,0.25,0.15,0.10,0.24,0.12,0.19,0.35,0.24,0.34,0.09,-0.21,-0.39,-0.47,-0.53
-14.55,-14.54,-14.69,-14.73,-14.91,-15.02,-14.96,-14.90,-14.93,-15.03,-15.21,-15.18,-14.93,-14.84,-15.26,-14.79,-14.91,-15.14,-15.17,-15.29,-15.29,-15.15,-14.96,-15.17,-15.14,-15.09,-15.23,-15.37,-15.38,-15.15,-15.31,-15.23,-15.20,-15.40,-15.41,-15.47,-15.63,-15.50,-15.40,-15.41,-15.56,-15.50,-15.58,-15.34,-15.31,-15.20,-14.78,-13.70,-10.08,-5.11,-2.30,-1.43,-1.34,-1.62,-1.93,-2.06,-2.04,-1.99,-2.28,-2.15,-1.97,-2.30,-2.34,-2.18,-2.07,-2.18,-2.11,-2.02,-1.97,-1.88,-1.95,-1.95,-1.82,-1.74,-1.76,-2.02,-2.00,-1.81,-1.60,-1.59,-1.83,-1.67,-1.77,-1.57,-1.10,-0.92,-0.81,-0.36,0.23,0.48,0.88,0.91,1.08,0.27,-0.18,-0.28,0.12,0.13,0.09,0.23,0.32,0.41,0.34,0.13,-0.08,-0.44,-0.58,-0.61,-0.83,-0.77,-0.91,-0.69,-0.69,-0.43,-0.48,-0.29,-0.42,-0.73,-0.85,-0.80,-0.83,-1.16,-1.12,-0.98,-0.28,-0.14,-0.04,-0.36,-0.59,-0.56,-0.57,-0.64,-0.39,-0.56,-0.34,-0.48,-0.61,-0.54,-0.44,-0.44,-0.43,-0.31,-0.04,-0.07,0.09,0.32,0.41,0.28,-0.01,0.24,-0.03,0.14,0.39,0.18,0.28,-0.03,-0.32,-0.52,-0.62,-0.63
-14.52,-14.61,-14.67,-14.78,-14.90,-15.02,-15.08,-14.99,-15.09,-15.08,-15.14,-15.21,-15.11,-15.02,-15.15,-14.88,-14.88,-15.09,-15.28,-15.28,-15.38,-15.28,-15.14,-15.03,-14.97,-14.99,-15.09,-15.17,-15.29,-15.06,-15.28,-15.18,-15.26,-15.35,-15.29,-15.34,-15.52,-15.50,-15.40,-15.28,-15.43,-15.44,-15.64,-15.53,-15.38,-15.12,-14.81,-13.95,-10.87,-5.89,-2.46,-1.62,-1.46,-1.73,-1.96,-2.18,-2.23,-2.14,-2.25,-2.36,-2.20,-2.52,-2.20,-2.27,-2.42,-2.28,-2.33,-2.14,-1.90,-2.01,-2.07,-1.92,-1.97,-1.95,-1.65,-1.92,-1.97,-1.85,-1.86,-1.50,-1.78,-1.76,-1.71,-1.64,-1.17,-1.21,-0.97,-0.63,0.04,0.27,0.70,0.76,1.04,0.22,-0.29,-0.32,-0.03,0.09,0.08,0.10,0.23,0.30,0.17,-0.04,-0.27,-0.52,-0.64,-0.88,-0.85,-0.78,-1.17,-0.81,-0.90,-0.57,-0.57,-0.31,-0.31,-0.64,-0.83,-0.78,-0.85,-0.95,-1.17,-0.86,-0.42,-0.29,-0.19,-0.47,-0.59,-0.58,-0.67,-0.71,-0.59,-0.57,-0.52,-0.57,-0.67,-0.61,-0.56,-0.51,-0.33,-0.23,-0.08,-0.04,0.07,0.30,0.44,0.29,0.08,0.14,-0.17,0.14,0.30,0.07,0.27,-0.06,-0.24,-0.39,-0.56,-0.67
-14.37,-14.72,-14.87,-14.82,-14.79,-14.91,-15.02,-14.97,-15.17,-15.17,-15.11,-15.12,-15.18,-15.09,-15.25,-15.12,-15.05,-15.03,-15.05,-15.15,-15.46,-15.12,-15.05,-14.91,-14.99,-14.99,-14.87,-15.06,-15.28,-15.15,-15.21,-15.17,-15.21,-15.20,-15.25,-15.40,-15.50,-15.53,-15.46,-15.25,-15.43,-15.41,-15.52,-15.46,-15.44,-15.14,-14.94,-14.24,-11.55,-6.98,-3.04,-1.93,-1.64,-1.86,-1.92,-2.01,-2.16,-2.25,-2.37,-2.27,-2.09,-2.29,-1.82,-2.01,-2.10,-2.04,-1.78,-1.82,-1.97,-1.81,-1.71,-1.96,-2.14,-2.01,-1.85,-1.96,-1.92,-1.81,-2.15,-1.78,-1.53,-1.44,-1.69,-1.63,-1.64,-1.22,-1.11,-0.81,-0.41,-0.01,0.43,0.56,0.77,0.09,-0.49,-0.29,-0.16,-0.09,0.03,0.04,0.10,0.14,0.12,0.03,-0.29,-0.54,-0.57,-1.00,-0.86,-0.87,-1.27,-0.91,-0.86,-0.61,-0.59,-0.34,-0.42,-0.80,-0.95,-0.96,-1.10,-1.26,-1.45,-1.20,-0.54,-0.32,-0.39,-0.42,-0.66,-0.76,-0.71,-0.69,-0.69,-0.54,-0.63,-0.61,-0.61,-0.54,-0.47,-0.31,-0.13,-0.03,0.02,0.13,-0.02,0.06,0.20,0.12,-0.08,-0.01,-0.03,0.19,0.15,-0.02,0.30,-0.06,-0.14,-0.34,-0.53,-0.63
-14.15,-14.54,-14.82,-14.87,-14.78,-14.70,-14.76,-14.79,-14.94,-15.09,-15.09,-15.00,-15.12,-15.05,-15.15,-15.03,-14.94,-14.87,-14.70,-14.87,-15.02,-14.84,-14.64,-14.87,-14.99,-14.91,-15.00,-14.97,-14.99,-15.09,-15.25,-15.21,-15.11,-15.14,-15.28,-15.38,-15.35,-15.26,-15.40,-15.26,-15.31,-15.31,-15.37,-15.46,-15.50,-15.23,-14.91,-14.46,-12.65,-8.37,-3.48,-2.14,-1.90,-1.85,-2.13,-2.28,-2.27,-1.83,-2.02,-2.24,-2.27,-2.20,-1.79,-2.10,-2.13,-1.83,-1.95,-2.16,-1.95,-1.91,-2.04,-2.04,-2.14,-1.96,-1.88,-1.91,-2.16,-1.87,-2.15,-1.85,-1.92,-1.67,-1.46,-1.67,-1.30,-1.44,-1.11,-1.30,-0.82,-0.42,0.03,0.33,0.55,0.02,-0.44,-0.39,-0.37,-0.27,-0.14,-0.18,-0.08,0.02,0.04,0.03,-0.28,-0.64,-0.73,-1.05,-0.93,-1.00,-1.26,-1.15,-1.03,-0.71,-0.73,-0.46,-0.53,-0.83,-0.97,-1.03,-1.20,-1.34,-1.24,-1.06,-0.58,-0.48,-0.67,-0.51,-0.57,-0.61,-0.56,-0.61,-0.68,-0.66,-0.57,-0.58,-0.68,-0.58,-0.37,-0.17,-0.04,0.04,0.15,0.24,0.27,0.43,0.46,0.34,0.13,0.14,0.27,0.32,0.19,0.14,0.33,-0.09,-0.16,-0.41,-0.54,-0.61
-14.25,-14.49,-14.55,-14.72,-14.81,-14.70,-14.55,-14.70,-14.76,-14.87,-15.00,-15.03,-15.03,-14.97,-14.81,-14.81,-14.94,-15.08,-15.06,-14.90,-14.93,-14.87,-14.76,-14.75,-14.84,-14.85,-14.90,-14.72,-14.85,-14.97,-15.06,-14.96,-14.90,-14.97,-15.15,-15.23,-15.20,-14.94,-15.20,-15.25,-15.14,-15.26,-15.29,-15.41,-15.25,-15.14,-15.09,-14.55,-12.93,-8.99,-3.47,-2.04,-2.20,-1.95,-2.07,-2.02,-2.18,-2.13,-2.36,-2.14,-1.82,-2.11,-2.32,-2.33,-2.09,-2.11,-2.15,-2.27,-2.11,-2.04,-2.19,-2.05,-2.05,-2.05,-1.82,-1.90,-1.97,-2.04,-2.16,-1.93,-1.79,-1.67,-1.57,-1.74,-1.38,-1.45,-1.55,-1.12,-0.86,-0.68,-0.39,-0.28,0.03,-0.13,-0.33,-0.26,-0.23,-0.21,-0.09,-0.08,-0.08,-0.09,-0.09,-0.08,-0.27,-0.71,-0.98,-1.07,-1.00,-1.07,-1.25,-1.29,-1.21,-0.83,-0.80,-0.49,-0.51,-0.73,-1.00,-1.14,-1.17,-1.21,-1.11,-1.15,-0.95,-0.39,-0.63,-0.31,-0.61,-0.67,-0.64,-0.66,-0.62,-0.71,-0.83,-0.63,-0.72,-0.43,-0.24,-0.11,0.01,0.03,0.06,0.19,0.27,0.32,0.34,0.33,0.25,0.24,0.37,0.29,0.13,0.14,0.37,0.03,-0.02,-0.27,-0.47,-0.59
-14.33,-14.54,-14.45,-14.46,-14.66,-14.78,-14.54,-14.78,-14.82,-14.63,-14.64,-15.17,-14.93,-14.87,-14.57,-14.58,-14.67,-14.67,-14.87,-14.96,-14.84,-14.69,-14.75,-14.69,-14.63,-14.75,-14.75,-14.52,-14.73,-14.84,-14.97,-14.82,-14.84,-14.96,-14.99,-15.08,-15.11,-14.99,-15.08,-15.20,-15.00,-15.14,-15.21,-15.41,-15.32,-15.12,-15.02,-14.58,-13.33,-10.10,-4.41,-2.15,-1.88,-2.14,-2.42,-2.32,-2.28,-2.13,-2.20,-2.16,-1.97,-2.14,-2.19,-2.14,-2.22,-2.11,-1.95,-2.04,-2.07,-2.09,-2.07,-1.95,-1.93,-2.05,-2.00,-2.02,-1.93,-1.93,-1.88,-1.90,-1.69,-1.71,-1.60,-1.48,-1.44,-1.27,-1.41,-1.36,-1.02,-0.88,-0.46,-0.46,0.08,-0.04,-0.47,-0.47,-0.37,-0.24,-0.16,-0.11,-0.13,-0.08,0.04,-0.04,-0.32,-0.61,-0.92,-1.08,-1.07,-1.06,-1.20,-1.24,-1.16,-0.92,-0.92,-0.57,-0.51,-0.61,-0.78,-0.98,-1.10,-1.10,-1.29,-1.16,-1.03,-0.72,-0.77,-0.23,-0.41,-0.53,-0.61,-0.64,-0.63,-0.72,-0.58,-0.46,-0.27,-0.03,0.04,0.14,0.13,0.03,0.08,0.10,0.18,0.30,0.40,0.41,0.35,0.28,0.40,0.40,0.27,0.22,0.33,0.20,-0.07,-0.37,-0.43,-0.51
-14.28,-14.49,-14.48,-14.39,-14.45,-14.61,-14.58,-14.87,-14.79,-14.69,-14.76,-14.94,-14.87,-14.67,-14.69,-14.87,-14.93,-14.73,-14.60,-14.90,-14.70,-14.66,-14.67,-14.63,-14.61,-14.70,-14.69,-14.46,-14.63,-14.64,-14.84,-14.90,-14.99,-15.05,-14.99,-14.93,-14.79,-14.93,-15.05,-15.02,-14.93,-15.00,-15.12,-15.28,-15.29,-14.97,-14.64,-14.42,-13.48,-10.91,-5.15,-2.41,-2.11,-2.00,-2.13,-2.30,-2.36,-2.30,-2.55,-2.45,-2.34,-2.28,-2.24,-2.22,-2.27,-2.22,-2.09,-2.20,-2.23,-2.11,-2.10,-2.00,-2.01,-2.01,-2.00,-2.01,-2.04,-2.14,-2.11,-2.00,-1.82,-1.58,-1.60,-1.57,-1.48,-1.35,-1.62,-1.31,-1.17,-0.93,-0.64,-0.49,-0.01,0.01,-0.46,-0.33,-0.24,-0.19,0.02,-0.14,-0.27,-0.16,-0.08,-0.13,-0.31,-0.53,-0.76,-1.05,-0.97,-1.02,-1.05,-1.17,-1.21,-1.02,-1.01,-0.56,-0.51,-0.57,-0.64,-0.91,-1.02,-1.00,-1.19,-1.00,-0.90,-0.56,-0.67,-0.57,-0.58,-0.59,-0.64,-0.66,-0.66,-0.63,-0.27,-0.32,-0.23,-0.11,0.17,0.38,0.25,0.08,0.15,0.07,0.14,0.27,0.38,0.32,0.14,0.34,0.48,0.40,0.35,0.35,0.29,0.06,-0.33,-0.61,-0.54,-0.44
-14.24,-14.27,-14.31,-14.36,-14.48,-14.76,-14.66,-14.90,-14.78,-14.67,-14.91,-14.85,-14.58,-14.54,-14.61,-14.75,-14.76,-14.67,-14.63,-15.00,-14.78,-14.72,-14.75,-14.66,-14.57,-14.54,-14.70,-14.45,-14.61,-14.46,-14.57,-14.79,-14.90,-14.87,-14.76,-14.88,-14.60,-14.72,-14.87,-14.84,-14.96,-14.99,-15.00,-14.97,-14.91,-15.00,-14.85,-14.25,-13.92,-11.95,-6.08,-2.73,-2.15,-1.91,-2.11,-2.30,-2.15,-2.18,-2.43,-2.42,-2.22,-2.10,-2.14,-2.36,-2.25,-2.15,-2.06,-2.05,-2.10,-2.04,-1.97,-1.85,-2.04,-2.10,-2.00,-1.88,-1.79,-2.09,-2.24,-1.83,-2.00,-1.83,-1.57,-1.73,-1.44,-1.35,-1.45,-1.19,-1.08,-1.01,-0.76,-0.69,-0.29,-0.03,-0.21,-0.33,-0.34,-0.09,-0.08,-0.14,-0.09,-0.07,0.22,0.13,-0.32,-0.46,-0.88,-1.14,-1.20,-1.14,-1.25,-1.25,-1.32,-1.16,-0.83,-0.34,-0.44,-0.53,-0.58,-0.78,-0.88,-0.90,-0.95,-0.95,-0.86,-0.58,-0.52,-0.66,-0.53,-0.52,-0.71,-0.75,-0.62,-0.59,-0.39,-0.37,-0.26,-0.12,0.08,0.24,0.14,-0.01,0.06,0.04,0.12,0.17,0.32,0.27,0.14,0.34,0.30,0.27,0.24,0.22,0.15,0.07,-0.02,-0.47,-0.62,-0.67
-14.12,-13.88,-13.94,-14.07,-14.09,-14.54,-14.43,-14.73,-14.78,-14.61,-14.57,-14.79,-14.61,-14.37,-14.46,-14.64,-14.72,-14.70,-14.57,-14.79,-14.73,-14.64,-14.66,-14.67,-14.46,-14.25,-14.58,-14.43,-14.51,-14.39,-14.49,-14.66,-14.79,-14.82,-14.85,-15.20,-15.09,-14.85,-14.96,-14.82,-14.79,-14.82,-14.90,-15.02,-15.09,-14.97,-14.67,-14.39,-14.09,-12.53,-6.93,-2.86,-2.47,-2.18,-2.11,-2.25,-2.32,-2.29,-2.29,-2.39,-2.24,-2.22,-2.09,-2.28,-2.23,-2.00,-1.96,-2.07,-2.15,-2.07,-1.96,-1.93,-2.09,-1.95,-1.91,-1.92,-1.71,-1.96,-1.85,-1.63,-1.81,-1.95,-1.54,-1.77,-1.63,-1.45,-1.53,-1.40,-1.21,-1.17,-0.91,-0.69,-0.32,-0.28,-0.29,-0.41,-0.41,-0.28,-0.22,-0.26,-0.22,-0.16,-0.16,-0.24,-0.43,-0.71,-0.88,-0.72,-0.90,-1.07,-0.93,-1.11,-1.26,-1.03,-0.77,-0.32,-0.44,-0.47,-0.54,-0.69,-0.76,-0.75,-0.76,-0.72,-0.88,-0.61,-0.52,-0.62,-0.48,-0.53,-0.67,-0.63,-0.58,-0.58,-0.43,-0.36,-0.14,0.04,0.07,-0.06,-0.26,-0.21,0.06,-0.12,-0.03,0.04,0.15,0.17,0.08,0.19,0.03,0.10,0.09,0.10,0.04,-0.23,-0.18,-0.56,-0.47,-0.51
-13.92,-13.89,-13.95,-13.97,-14.07,-14.40,-14.30,-14.51,-14.60,-14.49,-14.52,-14.70,-14.57,-14.37,-14.31,-14.36,-14.43,-14.70,-14.25,-14.46,-14.51,-14.48,-14.43,-14.40,-14.33,-14.16,-14.28,-14.31,-14.31,-14.43,-14.58,-14.64,-14.69,-14.76,-14.88,-14.94,-14.97,-15.02,-14.84,-14.70,-14.60,-14.81,-14.94,-14.97,-14.97,-14.76,-14.61,-14.72,-14.03,-12.96,-8.60,-3.43,-2.37,-2.38,-2.13,-2.30,-2.16,-2.30,-2.25,-2.06,-1.99,-2.15,-2.18,-2.16,-2.18,-2.05,-1.92,-2.06,-2.18,-2.06,-1.97,-2.04,-2.10,-1.92,-1.91,-1.96,-1.69,-1.95,-1.93,-1.76,-1.88,-1.86,-1.54,-1.74,-1.74,-1.26,-1.48,-1.34,-1.24,-1.26,-0.86,-0.63,-0.67,-0.42,-0.49,-0.48,-0.36,-0.23,-0.21,-0.21,0.04,0.02,0.03,0.01,-0.36,-0.53,-0.46,-0.43,-0.76,-0.91,-0.61,-0.90,-0.78,-0.76,-0.88,-0.61,-0.64,-0.51,-0.61,-0.68,-0.63,-0.67,-0.62,-0.57,-0.82,-0.57,-0.78,-0.80,-0.67,-0.57,-0.59,-0.48,-0.49,-0.52,-0.28,-0.48,-0.22,-0.23,-0.21,-0.23,-0.28,-0.24,-0.23,-0.42,-0.32,-0.29,-0.19,-0.19,-0.21,-0.18,-0.18,-0.16,-0.21,-0.18,-0.23,-0.38,-0.27,-0.59,-0.47,-0.47
-13.91,-13.92,-14.07,-14.10,-14.25,-14.48,-14.33,-14.37,-14.51,-14.55,-14.55,-14.67,-14.51,-14.25,-14.22,-14.31,-14.31,-14.52,-14.09,-14.39,-14.42,-14.37,-14.37,-14.27,-14.10,-14.04,-14.39,-14.30,-14.37,-14.40,-14.52,-14.67,-14.76,-14.81,-14.67,-14.79,-14.76,-14.88,-14.73,-14.79,-14.73,-14.76,-14.75,-14.72,-14.70,-14.58,-14.57,-14.58,-13.97,-12.89,-9.96,-3.91,-2.63,-2.19,-2.19,-2.50,-2.24,-2.32,-2.25,-2.10,-2.15,-2.32,-2.27,-2.16,-2.23,-2.23,-2.13,-2.13,-2.19,-2.09,-2.06,-2.11,-2.15,-2.09,-1.95,-1.87,-1.74,-1.78,-1.93,-1.74,-1.81,-1.79,-1.50,-1.67,-1.57,-1.38,-1.59,-1.43,-1.32,-1.38,-1.10,-0.87,-0.82,-0.54,-0.61,-0.59,-0.34,-0.36,-0.16,-0.18,-0.17,-0.19,-0.17,-0.21,-0.28,-0.27,-0.34,-0.47,-0.57,-0.72,-0.57,-0.88,-0.63,-0.72,-0.77,-0.68,-0.75,-0.72,-0.66,-0.56,-0.61,-0.68,-0.69,-0.75,-0.88,-0.73,-1.02,-0.88,-0.98,-0.95,-0.95,-0.73,-0.67,-0.78,-0.73,-0.71,-0.56,-0.54,-0.61,-0.64,-0.78,-0.78,-0.63,-0.67,-0.62,-0.56,-0.53,-0.48,-0.47,-0.51,-0.47,-0.39,-0.49,-0.42,-0.38,-0.53,-0.29,-0.61,-0.58,-0.57
-14.03,-13.97,-13.97,-13.80,-13.83,-14.30,-14.10,-14.18,-14.30,-14.34,-14.63,-14.57,-14.37,-14.13,-14.10,-14.30,-14.37,-14.37,-14.21,-14.39,-14.43,-14.37,-14.37,-14.34,-14.21,-14.28,-14.36,-14.36,-14.48,-14.27,-14.22,-14.37,-14.43,-14.48,-14.66,-14.52,-14.46,-14.61,-14.84,-14.76,-14.64,-14.58,-14.58,-14.66,-14.64,-14.46,-14.52,-14.57,-14.04,-13.24,-10.89,-4.80,-2.99,-2.34,-2.46,-2.47,-2.14,-2.16,-2.09,-2.16,-2.25,-2.25,-2.24,-2.19,-2.29,-2.39,-2.29,-2.20,-2.19,-2.15,-2.10,-2.07,-2.05,-2.01,-2.00,-1.86,-1.90,-1.90,-1.97,-1.87,-1.81,-2.04,-1.63,-1.64,-1.62,-1.44,-1.67,-1.44,-1.46,-1.22,-1.24,-1.06,-0.83,-0.68,-0.85,-0.81,-0.56,-0.37,-0.18,-0.22,-0.24,-0.21,-0.07,-0.12,-0.33,-0.39,-0.38,-0.47,-0.66,-0.88,-1.08,-1.00,-0.96,-0.88,-0.71,-0.68,-0.63,-0.90,-0.67,-0.72,-0.73,-0.76,-0.91,-0.93,-0.98,-0.86,-0.91,-1.01,-1.08,-1.14,-1.08,-0.90,-0.86,-0.95,-0.87,-0.73,-1.15,-0.83,-0.81,-0.85,-0.96,-0.96,-0.82,-0.67,-0.81,-0.82,-0.75,-0.64,-0.58,-0.68,-0.87,-0.49,-0.69,-0.57,-0.56,-0.68,-0.52,-0.61,-0.62,-0.73
-14.03,-13.97,-13.98,-14.00,-14.01,-14.24,-14.01,-14.01,-14.16,-14.21,-14.43,-14.45,-14.27,-14.10,-14.07,-14.18,-14.24,-14.36,-14.21,-14.25,-14.31,-14.39,-14.42,-14.21,-13.98,-14.10,-14.28,-14.21,-14.28,-14.39,-14.48,-14.51,-14.42,-14.27,-14.52,-14.58,-14.67,-14.55,-14.54,-14.61,-14.63,-14.64,-14.61,-14.67,-14.73,-14.54,-14.36,-14.46,-13.91,-13.02,-11.46,-5.61,-3.13,-2.54,-2.50,-2.39,-2.27,-2.25,-2.22,-2.19,-2.20,-2.22,-2.24,-2.20,-2.15,-2.18,-2.19,-2.20,-2.19,-2.14,-2.11,-2.02,-1.96,-2.00,-2.05,-1.90,-1.93,-1.90,-2.11,-2.16,-1.87,-2.02,-1.86,-1.59,-1.64,-1.34,-1.77,-1.54,-1.51,-1.31,-1.20,-1.11,-1.06,-0.85,-1.07,-0.67,-0.48,-0.24,-0.11,-0.07,0.01,-0.09,-0.04,-0.16,-0.48,-0.52,-0.47,-0.44,-0.44,-0.52,-0.76,-0.66,-0.71,-0.49,-0.41,-0.49,-0.43,-0.66,-0.42,-0.48,-0.72,-0.85,-0.90,-0.87,-0.92,-0.85,-0.86,-1.03,-0.91,-0.85,-1.00,-1.01,-1.01,-0.98,-0.80,-0.81,-0.98,-0.86,-0.63,-0.52,-0.68,-0.86,-0.78,-0.58,-1.00,-0.90,-0.92,-0.86,-0.81,-0.86,-0.92,-0.66,-0.86,-0.76,-0.68,-0.73,-0.69,-0.69,-0.69,-0.80
-13.85,-13.92,-14.01,-13.98,-14.09,-14.15,-13.95,-13.92,-14.12,-14.28,-14.25,-14.43,-14.36,-14.21,-14.16,-14.22,-14.16,-14.18,-14.18,-14.19,-14.19,-14.28,-14.40,-14.16,-13.82,-14.04,-14.07,-13.98,-14.01,-14.21,-14.37,-14.43,-14.43,-14.34,-14.37,-14.69,-14.69,-14.70,-14.61,-14.57,-14.52,-14.54,-14.48,-14.49,-14.63,-14.54,-14.33,-14.31,-13.73,-12.78,-11.22,-5.92,-3.37,-2.46,-2.41,-2.30,-2.14,-2.28,-2.24,-2.13,-2.13,-2.15,-2.19,-2.24,-2.20,-2.06,-2.06,-2.16,-2.18,-2.13,-2.11,-2.07,-2.00,-2.02,-2.07,-1.97,-2.01,-1.92,-2.01,-2.16,-1.83,-1.96,-1.92,-1.59,-1.76,-1.30,-1.65,-1.62,-1.46,-1.59,-1.38,-1.24,-1.21,-1.14,-1.15,-0.82,-0.52,-0.28,-0.28,-0.22,-0.14,-0.07,0.06,-0.22,-0.56,-0.54,-0.48,-0.49,-0.48,-0.52,-0.54,-0.52,-0.36,-0.34,-0.58,-0.37,-0.64,-0.72,-0.59,-0.63,-0.64,-0.78,-0.90,-0.85,-0.88,-0.83,-0.96,-0.82,-0.73,-0.57,-0.93,-1.01,-0.95,-0.88,-0.80,-0.85,-0.95,-0.75,-0.66,-0.75,-0.67,-0.66,-0.69,-0.69,-0.85,-0.91,-0.66,-0.57,-0.58,-0.69,-0.83,-0.75,-1.01,-0.82,-0.75,-0.80,-0.72,-0.90,-0.72,-0.72
-13.86,-13.88,-13.94,-14.04,-13.86,-13.92,-13.91,-13.91,-14.01,-14.24,-14.40,-14.39,-14.37,-14.25,-14.07,-14.03,-14.03,-14.09,-14.03,-14.04,-14.15,-14.30,-14.42,-14.30,-13.80,-14.16,-13.98,-13.97,-14.22,-14.21,-14.15,-14.34,-14.54,-14.63,-14.51,-14.79,-14.70,-14.54,-14.64,-14.58,-14.67,-14.72,-14.58,-14.54,-14.57,-14.39,-14.27,-14.24,-13.68,-12.89,-10.73,-5.54,-3.27,-2.36,-2.41,-2.29,-2.15,-2.32,-2.33,-2.25,-2.18,-2.15,-2.15,-2.18,-2.22,-2.14,-2.01,-2.06,-2.04,-2.04,-2.15,-2.10,-2.09,-2.05,-2.07,-2.04,-2.09,-2.02,-1.87,-1.91,-1.73,-1.85,-1.77,-1.63,-1.85,-1.49,-1.60,-1.68,-1.49,-1.71,-1.48,-1.27,-1.29,-1.32,-1.26,-0.98,-0.66,-0.29,-0.13,-0.04,-0.04,-0.07,0.07,0.04,-0.08,-0.18,-0.32,-0.31,-0.37,-0.44,-0.44,-0.57,-0.33,-0.59,-0.72,-0.53,-0.39,-0.43,-0.42,-0.62,-0.72,-0.58,-0.66,-0.88,-0.72,-0.64,-0.75,-0.78,-0.63,-0.57,-0.83,-0.85,-0.72,-0.67,-0.68,-0.71,-0.81,-0.59,-0.68,-0.97,-0.81,-0.61,-0.59,-0.72,-0.76,-0.87,-0.69,-0.73,-0.82,-0.81,-0.76,-0.85,-0.97,-0.91,-0.96,-0.96,-0.82,-1.03,-0.69,-0.68
-13.70,-13.73,-13.80,-14.15,-13.79,-13.85,-13.92,-13.92,-13.91,-14.13,-14.40,-14.15,-14.03,-13.85,-13.71,-13.98,-14.28,-14.03,-13.98,-14.04,-14.04,-13.86,-13.76,-14.04,-14.03,-13.89,-13.86,-13.83,-13.98,-14.07,-14.18,-14.36,-14.25,-14.34,-14.40,-14.54,-14.40,-14.58,-14.54,-14.37,-14.48,-14.61,-14.54,-14.39,-14.31,-14.21,-14.10,-14.15,-13.76,-12.99,-10.89,-5.23,-3.00,-2.47,-2.48,-2.42,-2.32,-2.30,-2.39,-2.36,-2.28,-2.29,-2.20,-2.13,-2.10,-2.09,-2.02,-2.01,-2.01,-1.93,-2.15,-2.01,-2.13,-2.02,-1.93,-1.97,-2.04,-1.93,-1.88,-1.81,-1.71,-1.79,-1.74,-1.65,-1.68,-1.64,-1.72,-1.68,-1.62,-1.64,-1.53,-1.43,-1.38,-1.32,-1.44,-1.05,-0.63,-0.31,-0.09,-0.13,-0.14,-0.07,0.07,-0.01,-0.07,-0.09,-0.31,-0.43,-0.49,-0.44,-0.46,-0.62,-0.48,-0.37,-0.49,-0.34,-0.24,-0.59,-0.52,-0.58,-0.58,-0.54,-0.64,-0.73,-0.68,-0.69,-0.72,-0.68,-0.54,-0.72,-0.83,-0.80,-0.68,-0.63,-0.66,-0.64,-0.64,-0.68,-0.69,-0.76,-0.73,-0.57,-0.57,-0.80,-0.81,-0.67,-0.68,-0.67,-0.73,-0.76,-0.63,-0.71,-0.82,-0.78,-0.77,-0.80,-0.77,-0.90,-0.85,-0.80
-13.54,-13.62,-13.79,-13.83,-13.80,-13.91,-13.85,-13.85,-14.07,-14.15,-14.09,-13.98,-13.97,-13.92,-13.85,-13.94,-14.09,-14.04,-14.18,-14.06,-13.82,-13.70,-13.76,-13.95,-13.92,-13.83,-14.10,-14.03,-13.98,-13.89,-13.88,-14.19,-14.27,-14.37,-14.36,-14.43,-14.28,-14.48,-14.55,-14.36,-14.30,-14.42,-14.43,-14.21,-14.10,-14.21,-14.06,-14.24,-13.82,-13.14,-11.32,-5.29,-3.03,-2.52,-2.54,-2.52,-2.22,-2.13,-2.25,-2.24,-2.22,-2.29,-2.29,-2.28,-2.22,-2.14,-2.13,-2.05,-2.06,-1.99,-2.00,-1.91,-2.18,-2.00,-1.90,-1.90,-1.97,-1.86,-1.91,-1.90,-1.86,-1.83,-1.81,-1.68,-1.50,-1.73,-1.67,-1.58,-1.65,-1.57,-1.55,-1.58,-1.41,-1.44,-1.57,-1.27,-0.92,-0.44,-0.14,-0.24,-0.16,-0.03,0.14,0.09,-0.03,-0.07,-0.23,-0.36,-0.52,-0.61,-0.59,-0.64,-0.51,-0.71,-0.66,-0.81,-0.48,-0.56,-0.71,-0.77,-0.67,-0.68,-0.69,-0.75,-0.80,-0.71,-0.82,-0.73,-0.56,-0.78,-0.76,-0.78,-0.78,-0.77,-0.80,-0.75,-0.73,-0.73,-0.85,-0.67,-0.75,-0.57,-0.52,-0.72,-0.78,-0.59,-0.51,-0.52,-0.53,-0.62,-0.87,-0.83,-0.75,-0.78,-0.78,-0.62,-0.46,-0.68,-0.62,-0.73
-13.48,-13.68,-13.77,-13.46,-13.65,-13.70,-13.76,-13.89,-13.98,-13.86,-13.70,-13.77,-13.92,-13.97,-13.91,-14.04,-13.73,-13.86,-13.86,-13.74,-13.74,-13.85,-13.85,-14.06,-13.58,-13.62,-13.86,-13.85,-13.77,-13.68,-13.65,-13.92,-14.18,-14.22,-14.30,-14.24,-14.24,-14.36,-14.30,-14.22,-14.25,-14.28,-14.27,-14.21,-14.13,-14.21,-14.06,-14.16,-13.68,-13.02,-11.32,-5.37,-3.09,-2.52,-2.46,-2.54,-2.30,-2.36,-2.33,-2.24,-2.16,-2.20,-2.27,-2.32,-2.25,-2.14,-2.10,-2.00,-2.07,-1.96,-2.00,-1.90,-2.25,-2.16,-2.04,-1.90,-1.92,-1.86,-1.88,-1.96,-1.93,-1.62,-1.78,-1.76,-1.62,-1.87,-1.67,-1.60,-1.55,-1.65,-1.59,-1.58,-1.54,-1.55,-1.58,-1.50,-1.30,-0.63,-0.22,-0.21,-0.06,0.04,0.22,0.14,-0.09,-0.23,-0.29,-0.39,-0.42,-0.46,-0.58,-0.47,-0.54,-0.67,-0.67,-0.31,-0.14,-0.38,-0.34,-0.51,-0.52,-0.31,-0.39,-0.68,-0.73,-0.61,-0.80,-0.57,-0.61,-0.46,-0.47,-0.59,-0.57,-0.66,-0.73,-0.69,-0.78,-0.62,-0.87,-0.68,-0.64,-0.49,-0.49,-0.67,-0.77,-0.78,-0.75,-0.66,-0.58,-0.69,-0.87,-0.63,-0.87,-0.80,-0.66,-0.52,-0.44,-0.49,-0.29,-0.68
-13.40,-13.45,-13.42,-13.54,-13.64,-13.65,-13.68,-13.73,-13.79,-13.95,-13.88,-13.73,-13.91,-14.01,-13.82,-13.86,-13.82,-13.80,-13.79,-13.73,-13.70,-13.79,-13.88,-13.85,-13.57,-13.55,-13.76,-13.67,-13.64,-13.71,-13.71,-13.85,-14.03,-14.12,-14.12,-14.09,-14.13,-14.19,-14.03,-13.92,-14.00,-14.07,-14.09,-14.09,-14.10,-14.09,-13.89,-13.89,-13.55,-12.55,-11.00,-5.32,-3.08,-2.61,-2.43,-2.43,-2.29,-2.51,-2.32,-2.20,-2.19,-2.14,-2.10,-2.16,-2.24,-2.04,-2.00,-1.97,-2.16,-2.06,-2.14,-1.87,-2.19,-2.05,-1.87,-1.87,-1.96,-1.92,-1.92,-2.00,-1.87,-1.69,-1.76,-1.81,-1.78,-1.78,-1.74,-1.82,-1.53,-1.76,-1.60,-1.55,-1.58,-1.41,-1.51,-1.54,-1.34,-0.72,-0.17,0.02,-0.01,0.12,0.22,0.09,-0.02,-0.13,-0.21,-0.24,-0.33,-0.32,-0.52,-0.33,-0.48,-0.51,-0.53,-0.49,-0.37,-0.32,-0.51,-0.57,-0.51,-0.53,-0.67,-0.96,-1.02,-0.59,-0.62,-0.64,-0.57,-0.48,-0.61,-0.61,-0.41,-0.44,-0.53,-0.51,-0.61,-0.58,-0.68,-0.54,-0.49,-0.51,-0.54,-0.58,-0.67,-0.68,-0.81,-0.73,-0.67,-0.67,-0.69,-0.72,-0.73,-0.56,-0.61,-0.52,-0.33,-0.64,-0.43,-0.54
-13.46,-13.55,-13.55,-13.37,-13.36,-13.54,-13.61,-13.52,-13.52,-13.83,-13.83,-13.88,-13.82,-13.64,-13.45,-13.64,-13.71,-13.71,-13.64,-13.59,-13.64,-13.79,-13.88,-13.91,-13.49,-13.52,-13.67,-13.61,-13.54,-13.68,-13.85,-13.92,-13.83,-13.86,-13.98,-14.03,-13.97,-14.03,-13.88,-13.83,-13.85,-13.85,-13.94,-13.85,-13.82,-13.88,-13.65,-13.67,-13.67,-12.29,-10.36,-5.08,-3.06,-2.46,-2.37,-2.36,-2.16,-2.25,-2.16,-2.23,-2.19,-2.18,-2.18,-2.18,-2.11,-1.83,-2.01,-1.96,-2.18,-2.00,-2.14,-1.85,-2.07,-2.00,-1.91,-1.88,-1.92,-1.83,-1.92,-1.74,-1.78,-1.65,-1.59,-1.71,-1.58,-1.68,-1.63,-1.79,-1.46,-1.74,-1.57,-1.55,-1.55,-1.41,-1.58,-1.55,-1.40,-0.85,-0.07,0.15,-0.01,0.10,0.15,-0.01,-0.01,-0.08,-0.17,-0.16,-0.29,-0.46,-0.44,-0.32,-0.49,-0.49,-0.38,-0.53,-0.57,-0.34,-0.24,-0.27,-0.34,-0.36,-0.28,-0.49,-0.81,-0.72,-0.68,-0.67,-0.91,-0.72,-0.62,-0.53,-0.41,-0.32,-0.31,-0.41,-0.49,-0.51,-0.56,-0.57,-0.52,-0.53,-0.59,-0.68,-0.62,-0.63,-0.69,-0.63,-0.59,-0.61,-0.68,-0.83,-0.98,-0.87,-0.87,-0.68,-0.47,-0.53,-0.36,-0.76
-13.42,-13.49,-13.36,-13.65,-13.51,-13.49,-13.61,-13.73,-13.80,-13.97,-13.83,-13.70,-13.62,-13.51,-13.39,-13.71,-13.65,-13.65,-13.65,-13.57,-13.54,-13.67,-13.70,-13.88,-13.74,-13.58,-13.55,-13.62,-13.65,-13.61,-13.73,-13.88,-13.74,-13.48,-13.86,-14.03,-13.91,-13.92,-13.85,-13.86,-13.83,-13.67,-13.70,-13.71,-13.55,-13.68,-13.46,-13.48,-13.73,-12.26,-9.54,-4.78,-2.96,-2.30,-2.29,-2.39,-2.29,-2.27,-2.18,-2.19,-2.14,-2.16,-2.18,-2.11,-2.15,-1.93,-2.01,-1.95,-2.11,-2.02,-2.13,-1.99,-2.02,-1.83,-1.87,-1.93,-2.01,-1.90,-2.04,-1.92,-1.82,-1.87,-1.67,-1.76,-1.48,-1.72,-1.44,-1.51,-1.38,-1.59,-1.60,-1.57,-1.57,-1.54,-1.64,-1.58,-1.51,-1.08,-0.09,0.14,0.03,0.10,0.18,0.06,-0.11,-0.16,-0.19,-0.24,-0.39,-0.43,-0.37,-0.33,-0.44,-0.61,-0.44,-0.48,-0.42,-0.32,-0.27,-0.38,-0.42,-0.49,-0.48,-0.59,-0.80,-0.64,-0.56,-0.58,-0.54,-0.71,-0.29,-0.27,-0.46,-0.48,-0.49,-0.54,-0.52,-0.44,-0.43,-0.75,-0.47,-0.41,-0.59,-0.75,-0.73,-0.75,-0.63,-0.58,-0.59,-0.54,-0.52,-0.62,-0.82,-0.82,-0.85,-0.72,-0.58,-0.62,-0.76,-0.72
-13.25,-13.52,-13.17,-13.06,-13.20,-13.37,-13.45,-13.49,-13.62,-13.86,-13.68,-13.51,-13.51,-13.62,-13.71,-13.49,-13.40,-13.34,-13.33,-13.36,-13.42,-13.51,-13.58,-13.62,-13.68,-13.54,-13.48,-13.54,-13.64,-13.64,-13.67,-13.77,-13.77,-13.46,-13.62,-13.82,-13.83,-13.83,-13.82,-13.73,-13.58,-13.49,-13.62,-13.62,-13.57,-13.49,-13.24,-13.40,-13.18,-12.10,-9.08,-4.51,-2.81,-2.32,-2.33,-2.42,-2.19,-2.10,-2.11,-2.14,-2.18,-2.16,-2.07,-2.07,-2.06,-1.93,-1.88,-1.85,-1.92,-1.82,-2.16,-1.93,-2.14,-1.90,-1.99,-2.04,-2.00,-1.96,-1.93,-1.87,-1.85,-2.01,-1.44,-1.86,-1.31,-1.69,-1.46,-1.76,-1.48,-1.67,-1.44,-1.54,-1.43,-1.49,-1.67,-1.54,-1.48,-1.31,-0.21,0.24,0.09,0.04,0.32,0.23,-0.09,-0.21,-0.26,-0.29,-0.26,-0.33,-0.43,-0.42,-0.34,-0.54,-0.36,-0.51,-0.32,-0.41,-0.34,-0.46,-0.39,-0.29,-0.33,-0.49,-0.71,-0.76,-0.58,-0.52,-0.57,-0.42,-0.41,-0.29,-0.37,-0.41,-0.49,-0.57,-0.42,-0.36,-0.42,-0.57,-0.33,-0.33,-0.42,-0.57,-0.72,-0.71,-0.59,-0.56,-0.53,-0.46,-0.42,-0.51,-0.62,-0.75,-0.69,-0.64,-0.66,-0.64,-0.53,-0.56
-13.17,-13.15,-12.89,-12.96,-13.17,-13.25,-13.28,-13.33,-13.54,-13.39,-13.55,-13.52,-13.45,-13.45,-13.28,-13.36,-13.30,-13.37,-13.28,-13.22,-13.42,-13.48,-13.49,-13.45,-13.54,-13.39,-13.40,-13.46,-13.54,-13.62,-13.67,-13.65,-13.74,-13.51,-13.58,-13.58,-13.73,-13.73,-13.62,-13.65,-13.57,-13.37,-13.48,-13.42,-13.42,-13.24,-13.14,-13.00,-12.71,-11.95,-8.72,-4.33,-2.63,-2.04,-2.27,-2.43,-2.30,-2.18,-2.09,-1.99,-1.97,-2.05,-2.06,-2.07,-2.10,-2.05,-1.95,-1.97,-2.05,-2.04,-2.19,-1.99,-1.96,-1.67,-1.82,-2.13,-1.97,-1.96,-1.90,-2.02,-1.68,-1.99,-1.39,-1.65,-1.31,-1.69,-1.53,-1.96,-1.49,-1.73,-1.30,-1.65,-1.39,-1.65,-1.67,-1.55,-1.50,-1.43,-0.44,0.22,0.18,0.13,0.35,0.25,-0.07,-0.23,-0.29,-0.24,-0.24,-0.39,-0.51,-0.52,-0.47,-0.52,-0.47,-0.44,-0.52,-0.41,-0.26,-0.37,-0.38,-0.33,-0.42,-0.53,-0.56,-0.61,-0.48,-0.29,-0.44,-0.58,-0.37,-0.36,-0.41,-0.49,-0.49,-0.39,-0.36,-0.59,-0.66,-0.27,-0.32,-0.26,-0.34,-0.52,-0.59,-0.63,-0.59,-0.47,-0.44,-0.48,-0.53,-0.59,-0.57,-0.66,-0.67,-0.67,-0.71,-0.75,-0.41,-0.63
-13.12,-13.17,-12.81,-12.89,-13.03,-13.14,-13.21,-13.31,-13.57,-13.34,-13.42,-13.52,-13.49,-13.30,-12.89,-13.18,-13.20,-13.22,-13.15,-13.18,-13.40,-13.33,-13.39,-13.51,-13.57,-13.27,-13.28,-13.43,-13.54,-13.57,-13.39,-13.57,-13.58,-13.40,-13.67,-13.57,-13.58,-13.61,-13.59,-13.64,-13.54,-13.24,-13.20,-13.24,-13.22,-13.18,-12.93,-13.08,-12.75,-11.98,-8.11,-4.09,-2.73,-2.34,-2.38,-2.22,-2.20,-2.23,-2.16,-2.20,-2.19,-2.09,-2.10,-2.10,-2.09,-2.10,-1.91,-1.91,-1.86,-1.81,-2.06,-1.88,-1.96,-2.07,-1.90,-2.02,-1.81,-1.96,-1.92,-2.05,-1.76,-2.07,-1.55,-1.76,-1.64,-1.71,-1.55,-1.71,-1.46,-1.72,-1.53,-1.67,-1.49,-1.82,-1.57,-1.62,-1.65,-1.54,-0.66,-0.11,0.22,0.32,0.43,0.25,-0.13,-0.23,-0.21,-0.21,-0.29,-0.38,-0.43,-0.49,-0.49,-0.47,-0.44,-0.58,-0.57,-0.51,-0.38,-0.32,-0.27,-0.49,-0.47,-0.38,-0.51,-0.51,-0.51,-0.58,-0.42,-0.63,-0.56,-0.54,-0.63,-0.48,-0.44,-0.52,-0.47,-0.53,-0.39,-0.63,-0.78,-0.44,-0.44,-0.52,-0.46,-0.68,-0.72,-0.57,-0.56,-0.62,-0.67,-0.64,-0.57,-0.54,-0.67,-0.68,-0.71,-0.75,-0.52,-0.67
-12.83,-12.81,-12.77,-12.97,-12.99,-13.08,-13.20,-13.24,-13.30,-13.30,-13.34,-13.46,-13.48,-13.25,-12.97,-13.14,-13.09,-13.08,-13.02,-13.02,-13.22,-13.17,-13.39,-13.52,-13.37,-13.14,-13.20,-13.40,-13.59,-13.54,-13.06,-13.51,-13.48,-13.37,-13.43,-13.36,-13.34,-13.43,-13.51,-13.42,-13.30,-13.27,-13.06,-13.15,-13.08,-13.11,-12.81,-13.00,-12.61,-11.66,-7.35,-3.73,-2.46,-2.38,-2.34,-2.25,-2.23,-2.25,-2.19,-2.06,-2.07,-2.04,-1.99,-2.05,-2.00,-2.04,-1.92,-2.07,-2.00,-2.02,-2.22,-2.10,-1.96,-2.09,-1.62,-1.95,-1.77,-1.95,-1.92,-1.95,-1.90,-2.19,-1.55,-1.91,-1.48,-1.65,-1.49,-1.82,-1.58,-1.69,-1.68,-1.71,-1.67,-1.73,-1.73,-1.68,-1.64,-1.59,-1.01,-0.21,0.20,0.37,0.55,0.27,-0.12,-0.21,-0.18,-0.17,-0.22,-0.23,-0.32,-0.44,-0.47,-0.52,-0.52,-0.51,-0.54,-0.48,-0.36,-0.48,-0.46,-0.56,-0.51,-0.47,-0.56,-0.61,-0.61,-0.63,-0.53,-0.59,-0.51,-0.49,-0.46,-0.42,-0.56,-0.62,-0.54,-0.75,-0.57,-0.53,-0.66,-0.64,-0.61,-0.59,-0.63,-0.82,-0.63,-0.71,-0.66,-0.64,-0.68,-0.71,-0.63,-0.48,-0.58,-0.68,-0.73,-0.71,-0.58,-0.59
-12.65,-12.62,-12.61,-12.81,-12.81,-12.92,-13.05,-12.93,-12.99,-13.03,-13.12,-13.24,-13.27,-13.12,-13.05,-13.06,-12.94,-12.99,-12.94,-12.83,-12.87,-12.97,-13.25,-13.27,-13.15,-13.00,-13.06,-13.27,-13.46,-13.42,-12.92,-13.28,-13.28,-13.17,-13.33,-13.28,-13.15,-13.17,-13.22,-13.11,-13.02,-13.06,-12.94,-13.05,-12.87,-13.08,-12.68,-12.93,-12.46,-11.37,-6.85,-3.50,-2.38,-2.15,-1.99,-2.15,-2.22,-2.23,-2.15,-2.05,-2.04,-2.01,-2.06,-2.14,-2.06,-1.92,-1.74,-1.78,-1.74,-2.00,-1.86,-2.00,-2.06,-2.14,-1.93,-1.93,-1.91,-2.01,-1.76,-1.88,-1.85,-2.00,-1.57,-1.92,-1.71,-1.73,-1.68,-1.88,-1.43,-1.74,-1.65,-1.57,-1.63,-1.79,-1.72,-1.72,-1.54,-1.58,-1.30,-0.38,0.24,0.44,0.61,0.28,-0.07,-0.17,-0.21,-0.18,-0.19,-0.13,-0.24,-0.38,-0.46,-0.48,-0.61,-0.39,-0.43,-0.37,-0.28,-0.49,-0.46,-0.47,-0.48,-0.53,-0.64,-0.77,-0.86,-0.71,-0.63,-0.41,-0.46,-0.38,-0.49,-0.49,-0.48,-0.48,-0.39,-0.36,-0.63,-0.53,-0.68,-0.64,-0.61,-0.49,-0.37,-0.52,-0.33,-0.83,-0.69,-0.52,-0.52,-0.61,-0.66,-0.46,-0.64,-0.75,-0.77,-0.71,-0.52,-0.59
-12.59,-12.48,-12.45,-12.56,-12.58,-12.74,-12.90,-12.87,-12.80,-12.80,-12.89,-12.97,-12.97,-12.84,-12.89,-12.86,-12.80,-12.80,-12.75,-12.61,-12.59,-12.77,-12.97,-12.97,-13.11,-12.97,-12.87,-12.86,-12.93,-13.17,-12.92,-12.92,-12.87,-12.96,-13.12,-13.05,-13.06,-13.03,-13.02,-12.94,-12.83,-12.89,-12.96,-12.90,-12.90,-12.78,-12.40,-12.74,-11.91,-10.46,-5.69,-3.19,-2.60,-2.20,-2.04,-2.06,-1.93,-2.01,-2.15,-2.02,-2.00,-1.92,-1.99,-2.06,-1.82,-1.90,-1.91,-1.95,-2.04,-2.02,-1.92,-2.05,-1.90,-1.87,-1.60,-1.82,-1.86,-1.93,-1.73,-1.90,-1.68,-1.78,-1.49,-1.87,-1.57,-1.63,-1.53,-1.64,-1.50,-1.62,-1.50,-1.55,-1.53,-1.74,-1.63,-1.82,-1.63,-1.54,-1.34,-0.66,0.20,0.55,0.70,0.37,0.04,-0.03,-0.13,-0.26,-0.24,-0.12,-0.23,-0.34,-0.43,-0.48,-0.72,-0.47,-0.39,-0.41,-0.22,-0.47,-0.42,-0.39,-0.42,-0.59,-0.72,-0.66,-0.72,-0.62,-0.61,-0.41,-0.52,-0.48,-0.28,-0.31,-0.43,-0.47,-0.47,-0.49,-0.57,-0.48,-0.32,-0.39,-0.52,-0.54,-0.53,-0.66,-0.57,-0.64,-0.73,-0.75,-0.67,-0.63,-0.83,-0.43,-0.66,-0.76,-0.68,-0.54,-0.49,-0.64
-12.43,-12.34,-12.34,-12.42,-12.49,-12.61,-12.75,-12.89,-12.81,-12.75,-12.83,-12.89,-12.83,-12.68,-12.72,-12.83,-12.89,-12.83,-12.65,-12.51,-12.67,-12.72,-13.02,-12.83,-12.86,-12.87,-12.80,-12.72,-12.75,-12.87,-12.93,-12.72,-12.80,-12.77,-13.06,-12.89,-12.83,-12.93,-12.97,-12.83,-12.65,-12.74,-12.78,-12.72,-12.99,-12.55,-12.45,-12.27,-11.75,-10.12,-5.16,-2.59,-2.23,-2.07,-1.88,-1.96,-2.01,-1.93,-1.92,-1.97,-1.91,-1.76,-1.91,-2.10,-2.05,-1.81,-1.65,-1.72,-1.72,-1.82,-1.82,-1.92,-1.86,-1.76,-1.57,-1.83,-1.78,-1.87,-1.67,-1.97,-2.05,-1.83,-1.44,-1.71,-1.65,-1.57,-1.55,-1.65,-1.68,-1.58,-1.63,-1.40,-1.40,-1.57,-1.65,-1.73,-1.53,-1.45,-1.40,-0.71,0.19,0.53,0.58,0.39,0.13,0.02,-0.07,-0.21,-0.23,-0.17,-0.29,-0.42,-0.54,-0.57,-0.78,-0.53,-0.42,-0.32,-0.21,-0.39,-0.41,-0.39,-0.42,-0.59,-0.69,-0.57,-0.59,-0.53,-0.64,-0.52,-0.54,-0.48,-0.42,-0.33,-0.37,-0.46,-0.51,-0.67,-0.53,-0.48,-0.48,-0.49,-0.54,-0.59,-0.58,-0.47,-0.47,-0.37,-0.54,-0.59,-0.56,-0.64,-0.73,-0.42,-0.63,-0.69,-0.54,-0.41,-0.48,-0.61
-12.26,-12.36,-12.17,-12.26,-12.42,-12.53,-12.61,-12.71,-12.89,-12.75,-12.77,-12.84,-12.81,-12.78,-12.61,-12.78,-12.80,-12.74,-12.65,-12.59,-12.80,-12.78,-12.83,-12.87,-12.97,-12.78,-12.65,-12.77,-12.80,-12.75,-12.81,-12.93,-12.67,-12.87,-12.72,-12.80,-12.94,-12.87,-12.72,-12.67,-12.67,-12.62,-12.64,-12.40,-12.61,-12.51,-12.55,-12.37,-11.92,-10.89,-7.24,-3.61,-1.99,-1.45,-1.32,-1.45,-1.62,-1.55,-1.46,-1.41,-1.35,-1.21,-1.14,-1.40,-1.40,-1.31,-1.30,-1.63,-1.69,-1.58,-1.31,-1.20,-1.32,-1.25,-1.11,-1.38,-1.40,-1.27,-1.19,-1.58,-1.53,-1.54,-1.22,-1.49,-1.35,-1.38,-1.26,-1.67,-1.45,-1.48,-1.54,-1.41,-1.20,-1.43,-1.46,-1.48,-1.41,-1.26,-1.24,-0.64,0.17,0.48,0.38,0.22,-0.03,-0.13,-0.11,-0.09,-0.12,-0.24,-0.41,-0.46,-0.57,-0.62,-0.64,-0.51,-0.44,-0.39,-0.28,-0.33,-0.39,-0.37,-0.37,-0.54,-0.62,-0.63,-0.90,-0.78,-0.72,-0.58,-0.78,-0.64,-0.64,-0.61,-0.59,-0.62,-0.72,-0.77,-0.62,-0.54,-0.57,-0.67,-0.62,-0.57,-0.63,-0.73,-0.62,-0.42,-0.53,-0.59,-0.66,-0.81,-0.80,-0.53,-0.66,-0.64,-0.63,-0.66,-0.63,-0.59
-12.24,-12.37,-11.97,-12.07,-12.24,-12.43,-12.55,-12.56,-12.70,-12.61,-12.59,-12.59,-12.59,-12.65,-12.46,-12.55,-12.45,-12.42,-12.49,-12.53,-12.55,-12.78,-12.56,-12.64,-12.72,-12.71,-12.64,-12.74,-12.93,-12.72,-12.39,-12.80,-12.68,-12.68,-12.64,-12.68,-13.05,-13.09,-12.83,-12.67,-12.55,-12.71,-12.93,-12.64,-12.42,-12.37,-12.27,-12.27,-11.63,-11.52,-8.27,-3.61,-1.72,-1.29,-1.19,-1.35,-1.32,-1.14,-1.15,-1.14,-1.05,-1.05,-1.00,-1.06,-0.92,-0.95,-0.92,-0.96,-1.07,-1.07,-0.87,-0.91,-0.76,-0.86,-0.87,-1.07,-1.05,-1.08,-0.97,-1.16,-0.85,-1.07,-0.71,-0.77,-0.80,-1.14,-0.78,-0.71,-0.68,-0.85,-0.81,-0.67,-0.72,-0.91,-0.92,-1.06,-1.06,-0.67,-0.62,-0.29,0.17,0.60,0.55,0.24,0.02,0.04,0.03,-0.07,-0.11,-0.34,-0.41,-0.42,-0.48,-0.58,-0.56,-0.38,-0.52,-0.66,-0.44,-0.37,-0.44,-0.47,-0.51,-0.62,-0.57,-0.61,-0.98,-0.98,-0.67,-0.69,-0.82,-0.68,-0.59,-0.67,-0.64,-0.61,-0.69,-0.78,-0.71,-0.66,-0.58,-0.61,-0.49,-0.48,-0.62,-0.76,-0.76,-0.64,-0.68,-0.62,-0.69,-0.88,-0.78,-0.93,-0.71,-0.69,-0.62,-0.48,-0.59,-0.77
-12.02,-12.21,-11.97,-12.07,-12.21,-12.30,-12.34,-12.40,-12.39,-12.42,-12.34,-12.34,-12.43,-12.37,-12.23,-12.43,-12.61,-12.62,-12.46,-12.27,-12.27,-12.40,-12.48,-12.45,-12.40,-12.56,-12.68,-12.71,-12.83,-12.87,-12.53,-12.27,-12.68,-12.42,-12.37,-12.56,-12.70,-12.65,-12.52,-12.53,-12.62,-12.52,-12.51,-12.37,-12.62,-12.18,-12.40,-12.23,-11.78,-11.46,-8.88,-3.86,-1.49,-1.05,-1.05,-0.95,-0.75,-0.78,-0.85,-0.77,-0.82,-0.88,-0.87,-0.83,-0.64,-0.69,-0.69,-0.86,-0.68,-0.72,-0.62,-0.76,-0.80,-0.73,-0.61,-0.83,-0.69,-0.64,-0.66,-0.81,-0.73,-0.88,-0.73,-0.73,-0.77,-0.66,-0.69,-0.77,-0.54,-0.78,-0.76,-0.56,-0.46,-0.48,-0.67,-0.83,-0.86,-0.58,-0.29,0.03,0.29,0.56,0.60,0.38,0.08,0.02,0.01,-0.11,-0.19,-0.29,-0.31,-0.44,-0.46,-0.38,-0.58,-0.39,-0.69,-0.69,-0.69,-0.46,-0.44,-0.62,-0.58,-0.58,-0.59,-0.64,-0.90,-0.87,-0.73,-0.81,-0.67,-0.68,-0.59,-0.62,-0.71,-0.67,-0.58,-0.57,-0.63,-0.73,-0.71,-0.62,-0.59,-0.63,-0.68,-0.80,-0.72,-0.63,-0.69,-0.68,-0.69,-0.81,-1.01,-1.06,-0.82,-0.77,-0.77,-0.77,-0.77,-0.83
-11.68,-11.91,-11.94,-12.02,-11.95,-12.00,-12.26,-12.13,-12.05,-12.20,-12.21,-12.32,-12.46,-12.18,-12.24,-12.02,-12.11,-12.18,-12.29,-12.48,-12.29,-12.16,-12.52,-12.39,-12.23,-12.26,-12.29,-12.27,-12.30,-12.46,-12.43,-12.32,-12.59,-12.23,-12.37,-12.62,-12.70,-12.52,-12.42,-12.55,-12.40,-12.13,-12.13,-12.51,-12.81,-12.51,-12.27,-11.97,-11.65,-11.52,-10.34,-5.58,-2.02,-0.61,-0.36,-0.44,-0.48,-0.66,-0.69,-0.54,-0.51,-0.34,-0.39,-0.54,-0.37,-0.31,-0.48,-0.34,-0.37,-0.51,-0.51,-0.51,-0.51,-0.43,-0.34,-0.61,-0.47,-0.66,-0.73,-0.63,-0.63,-0.38,-0.43,-0.59,-0.54,-0.27,-0.29,-0.39,-0.22,-0.26,-0.32,-0.13,-0.06,0.01,-0.34,-0.48,-0.41,-0.18,-0.03,0.25,0.32,0.49,0.56,0.49,0.19,0.03,0.03,-0.08,-0.16,-0.28,-0.49,-0.53,-0.56,-0.42,-0.66,-0.52,-0.64,-0.63,-0.58,-0.51,-0.37,-0.62,-0.53,-0.58,-0.77,-0.81,-0.88,-0.83,-0.83,-0.96,-0.92,-0.87,-0.73,-0.73,-0.78,-0.75,-0.68,-0.76,-0.82,-0.82,-0.80,-0.72,-0.83,-0.85,-0.73,-0.71,-0.82,-0.81,-0.68,-0.73,-0.85,-0.92,-0.93,-1.15,-0.88,-0.78,-0.98,-1.11,-0.77,-0.66
-11.68,-11.72,-11.69,-11.62,-11.63,-11.76,-11.94,-12.13,-12.16,-11.94,-11.98,-12.11,-12.07,-11.95,-12.08,-12.07,-12.04,-12.01,-12.05,-12.16,-12.14,-12.14,-12.16,-12.30,-12.27,-12.33,-12.24,-12.17,-12.40,-12.39,-12.24,-12.29,-12.10,-12.11,-12.33,-12.30,-12.17,-12.14,-12.23,-12.33,-12.32,-12.32,-12.37,-12.39,-12.23,-12.46,-12.24,-12.20,-11.91,-11.36,-10.71,-6.50,-2.54,-0.75,-0.34,-0.26,-0.18,-0.06,-0.13,-0.23,-0.04,-0.24,-0.46,-0.31,-0.27,-0.24,-0.26,-0.28,-0.13,-0.47,-0.33,-0.26,-0.48,-0.23,-0.11,-0.26,-0.39,-0.27,-0.27,-0.33,-0.21,-0.27,-0.11,-0.46,-0.16,-0.23,-0.23,-0.03,-0.11,-0.19,-0.19,0.10,0.23,0.33,0.06,0.03,-0.22,-0.02,0.18,0.46,0.46,0.51,0.64,0.56,0.37,0.15,-0.04,-0.19,-0.18,-0.19,-0.39,-0.51,-0.66,-0.63,-0.67,-0.56,-0.54,-0.63,-0.36,-0.53,-0.39,-0.59,-0.67,-0.76,-0.87,-0.85,-0.86,-0.82,-0.85,-0.91,-1.01,-0.97,-0.81,-0.91,-0.95,-0.83,-0.80,-1.01,-1.03,-0.86,-0.71,-0.64,-0.64,-0.64,-0.68,-0.76,-0.87,-0.81,-0.80,-0.87,-0.91,-0.91,-0.98,-0.87,-0.83,-0.82,-0.92,-1.03,-0.90,-0.71
-11.63,-11.35,-11.43,-11.66,-11.75,-11.81,-12.00,-11.97,-11.86,-11.94,-11.84,-11.81,-11.98,-11.86,-12.11,-11.78,-11.91,-11.89,-11.76,-12.00,-11.89,-12.16,-12.13,-12.29,-12.10,-12.11,-12.01,-11.76,-12.01,-11.89,-12.04,-12.21,-12.08,-12.18,-12.36,-12.26,-12.29,-12.20,-12.11,-12.30,-12.32,-12.52,-12.40,-12.21,-12.26,-12.51,-12.08,-11.86,-11.97,-11.43,-10.90,-7.27,-3.13,-0.96,-0.51,-0.51,-0.36,-0.28,-0.39,-0.51,-0.48,-0.39,-0.23,-0.16,-0.29,-0.23,-0.33,-0.27,-0.24,-0.18,-0.23,-0.14,-0.27,-0.46,-0.26,-0.37,-0.31,-0.38,-0.38,-0.57,-0.16,-0.16,-0.13,-0.29,-0.27,-0.09,-0.12,-0.02,0.04,-0.27,-0.28,-0.06,0.24,0.29,0.03,0.02,-0.04,0.15,0.43,0.71,0.59,0.63,0.55,0.39,0.25,0.09,-0.01,-0.18,-0.29,-0.26,-0.42,-0.49,-0.62,-0.48,-0.56,-0.52,-0.66,-0.57,-0.44,-0.58,-0.54,-0.66,-0.71,-0.73,-0.76,-0.77,-0.86,-0.76,-0.85,-0.72,-0.71,-0.76,-0.61,-0.75,-0.82,-0.76,-0.76,-0.91,-0.90,-0.77,-0.64,-0.66,-0.64,-0.66,-0.72,-0.80,-0.90,-0.85,-0.80,-0.83,-0.83,-0.83,-1.14,-0.69,-0.72,-0.72,-0.81,-0.95,-0.93,-0.67
-11.35,-11.26,-11.20,-11.42,-11.45,-11.40,-11.65,-11.68,-11.65,-11.71,-11.59,-11.59,-11.82,-11.46,-11.71,-11.66,-11.55,-11.62,-11.78,-11.86,-11.85,-11.88,-11.85,-11.75,-11.69,-11.79,-11.79,-11.75,-11.91,-11.72,-11.82,-11.85,-12.16,-11.95,-11.98,-11.92,-11.98,-11.94,-11.85,-12.02,-12.08,-12.13,-12.16,-11.86,-11.91,-11.88,-11.68,-11.81,-11.62,-11.06,-10.83,-7.58,-3.34,-1.20,-0.57,-0.36,-0.32,-0.34,-0.39,-0.47,-0.49,-0.61,-0.69,-0.52,-0.44,-0.37,-0.43,-0.28,-0.21,-0.36,-0.49,-0.28,-0.17,-0.34,-0.21,-0.41,-0.49,-0.17,-0.36,-0.22,-0.12,0.27,-0.23,-0.32,-0.13,-0.06,-0.21,-0.06,-0.08,-0.12,-0.02,0.01,0.32,0.40,0.17,0.28,0.10,0.29,0.46,0.80,0.65,0.64,0.59,0.43,0.15,0.03,-0.02,-0.11,-0.03,-0.16,-0.42,-0.34,-0.43,-0.38,-0.43,-0.16,-0.43,-0.37,-0.31,-0.36,-0.42,-0.26,-0.19,-0.34,-0.44,-0.52,-0.69,-0.58,-0.59,-0.26,-0.12,-0.08,-0.03,-0.11,-0.12,-0.16,-0.27,-0.33,-0.44,-0.47,-0.36,-0.36,-0.36,-0.38,-0.37,-0.37,-0.64,-0.63,-0.63,-0.53,-0.47,-0.57,-0.86,-0.36,-0.39,-0.51,-0.66,-0.69,-0.47,-0.39
-11.29,-11.12,-11.29,-11.32,-11.32,-11.37,-11.43,-11.36,-11.13,-11.32,-11.59,-11.72,-11.68,-11.63,-11.59,-11.62,-11.58,-11.59,-11.63,-11.66,-11.75,-11.62,-11.60,-11.50,-11.55,-11.63,-11.53,-11.47,-11.69,-11.69,-11.62,-11.75,-11.97,-11.98,-11.97,-11.82,-11.86,-11.92,-11.84,-11.84,-11.84,-11.85,-11.75,-11.60,-11.98,-11.75,-11.66,-11.49,-11.55,-11.17,-10.74,-7.34,-2.91,-0.91,-0.69,-0.69,-0.59,-0.57,-0.75,-0.80,-0.63,-0.44,-0.52,-0.56,-0.51,-0.46,-0.42,-0.24,-0.47,-0.64,-0.37,-0.53,-0.59,-0.42,-0.29,-0.68,-0.31,-0.24,-0.22,-0.22,-0.29,-0.36,-0.33,-0.33,-0.19,-0.11,-0.16,-0.46,-0.21,-0.32,-0.54,-0.24,-0.28,-0.09,-0.07,-0.11,-0.27,0.06,0.41,0.69,0.60,0.74,0.64,0.50,0.27,-0.04,0.03,0.17,-0.04,-0.09,0.08,0.17,0.08,0.13,-0.04,0.19,-0.04,0.04,0.13,0.18,0.19,0.51,0.69,0.41,0.12,-0.06,-0.27,-0.09,0.17,0.80,0.93,0.88,0.81,0.79,0.79,0.81,0.77,0.61,0.35,0.28,0.53,0.45,0.38,0.35,0.37,0.33,0.18,0.08,-0.03,-0.02,0.07,0.10,0.04,0.17,0.03,-0.09,-0.17,-0.17,-0.01,0.09
-11.06,-10.86,-10.96,-11.04,-11.06,-10.99,-10.86,-11.04,-11.26,-11.20,-11.23,-11.37,-11.35,-11.12,-11.40,-11.59,-11.47,-11.32,-11.24,-11.23,-11.43,-11.33,-11.45,-11.52,-11.45,-11.33,-11.29,-11.33,-11.42,-11.60,-11.50,-11.62,-11.62,-11.56,-11.60,-11.62,-11.58,-11.50,-11.49,-11.69,-11.79,-11.68,-11.72,-11.53,-11.65,-11.55,-11.45,-11.49,-11.37,-10.94,-10.42,-6.94,-2.87,-0.98,-0.87,-0.92,-0.57,-0.42,-0.59,-0.66,-0.56,-0.51,-0.52,-0.64,-0.80,-0.68,-0.38,-0.41,-0.28,-0.44,-0.66,-0.62,-0.12,-0.32,-0.28,-0.59,-0.64,-0.48,-0.56,-0.03,-0.42,-0.37,-0.38,-0.28,-0.18,-0.18,-0.14,-0.27,-0.26,-0.28,-0.29,-0.39,-0.17,-0.34,-0.18,-0.31,-0.26,0.08,0.39,0.66,0.54,0.59,0.66,0.59,0.30,0.32,0.84,0.97,0.74,0.69,0.64,0.80,0.56,0.85,0.74,0.50,0.59,0.61,0.66,0.66,0.72,0.80,0.97,0.81,0.50,0.35,0.13,0.32,0.76,1.56,1.58,1.41,1.49,1.39,1.39,1.52,1.57,1.42,1.27,1.25,1.38,1.18,1.12,1.06,0.97,0.96,0.97,0.81,0.59,0.61,0.71,0.76,0.81,0.65,0.45,0.40,0.35,0.29,0.32,0.45
-10.44,-10.34,-10.54,-10.67,-10.71,-10.62,-10.56,-10.84,-10.89,-10.79,-10.83,-11.02,-11.03,-10.83,-10.91,-10.87,-10.86,-10.89,-10.97,-11.06,-10.97,-10.93,-11.06,-11.06,-11.12,-11.04,-10.96,-11.14,-11.29,-11.17,-11.02,-11.07,-11.26,-11.07,-11.24,-11.42,-11.32,-11.19,-11.24,-11.37,-11.30,-11.16,-11.49,-11.09,-11.24,-11.00,-11.00,-11.13,-10.89,-10.67,-9.93,-6.42,-2.72,-1.15,-0.92,-0.87,-0.68,-0.68,-0.75,-0.71,-0.80,-0.67,-0.52,-0.48,-0.61,-0.57,-0.47,-0.48,-0.61,-0.16,-0.47,-0.44,-0.44,-0.57,-0.19,-0.43,-0.44,-0.34,-0.43,-0.52,-0.39,-0.21,-0.08,-0.37,-0.36,-0.28,-0.41,-0.11,-0.19,-0.18,-0.18,-0.41,-0.11,-0.31,0.03,-0.28,-0.27,0.15,0.59,0.77,0.70,0.61,0.56,0.63,0.65,0.92,1.56,1.79,1.42,1.09,0.98,0.77,0.60,0.85,0.79,0.72,0.54,0.54,0.33,0.56,0.66,0.84,0.87,0.80,0.77,0.75,0.60,0.59,1.02,1.49,1.55,1.67,1.74,1.57,1.55,1.67,1.75,1.79,1.84,1.88,1.72,1.57,1.67,1.61,1.42,1.40,1.25,1.24,1.19,1.23,1.28,1.24,1.14,1.09,0.90,0.80,0.77,0.72,0.61,0.69
-9.27,-9.44,-9.64,-9.89,-9.86,-9.68,-9.78,-9.67,-9.71,-9.74,-9.82,-10.08,-10.40,-10.13,-10.09,-10.05,-10.06,-10.06,-10.00,-9.98,-10.05,-9.92,-10.03,-9.96,-9.88,-10.15,-10.36,-10.17,-10.25,-10.12,-9.64,-9.84,-9.81,-9.69,-9.98,-10.12,-10.15,-10.15,-10.08,-10.03,-10.06,-9.67,-9.75,-9.78,-9.92,-9.19,-9.09,-9.16,-9.04,-8.84,-8.42,-4.92,-1.95,-0.91,-0.82,-0.83,-0.63,-0.66,-0.80,-0.82,-0.67,-0.58,-0.75,-0.78,-0.80,-0.63,-0.61,-0.59,-0.72,-0.76,-0.63,-0.42,-0.63,-0.52,-0.46,-0.54,-0.51,-0.27,-0.58,-0.26,-0.71,-0.44,-0.38,-0.54,-0.38,-0.37,-0.31,-0.31,-0.07,-0.19,0.03,-0.27,-0.07,-0.36,-0.03,-0.29,-0.38,0.33,0.76,0.86,0.72,0.66,0.64,0.72,0.76,1.12,1.62,1.64,1.34,0.95,0.85,0.90,0.79,0.70,0.61,0.56,0.37,0.29,0.14,0.01,0.03,0.43,0.55,0.51,0.51,0.50,0.46,0.51,1.03,1.33,1.44,1.72,1.71,1.79,1.69,1.67,1.79,1.82,1.85,1.86,1.91,1.74,1.75,1.69,1.58,1.50,1.31,1.44,1.64,1.57,1.47,1.47,1.35,1.39,1.19,1.04,1.01,0.96,0.76,0.82
-7.50,-7.65,-8.09,-8.42,-8.37,-8.11,-8.12,-8.13,-8.15,-8.15,-8.29,-8.60,-8.85,-8.20,-8.24,-8.27,-8.38,-8.33,-8.11,-8.02,-7.90,-8.11,-7.87,-7.80,-7.64,-7.69,-7.74,-7.53,-7.49,-7.22,-7.05,-7.08,-6.97,-6.92,-6.93,-6.69,-6.51,-6.61,-6.58,-6.23,-5.81,-5.54,-5.49,-5.36,-5.53,-4.97,-4.88,-4.55,-4.29,-4.12,-4.42,-3.17,-1.55,-0.76,-0.66,-0.71,-0.59,-0.62,-0.83,-0.93,-0.87,-0.93,-0.83,-0.53,-0.77,-0.85,-0.67,-0.67,-0.83,-0.76,-0.92,-0.87,-0.97,-0.80,-0.61,-0.80,-0.86,-0.44,-1.05,-0.75,-0.75,-0.75,-0.62,-0.88,-0.39,-0.73,-0.56,-0.73,-0.59,-0.59,-0.33,-0.44,-0.16,-0.23,-0.08,-0.21,-0.28,0.17,0.66,0.80,0.75,0.67,0.72,0.80,0.87,1.20,1.45,1.66,1.74,1.07,0.53,0.32,0.14,0.18,0.39,0.46,0.40,0.02,-0.46,-0.91,-0.81,-0.34,-0.04,0.04,-0.02,-0.03,0.22,0.24,0.87,1.02,1.12,1.53,1.64,1.74,1.58,1.49,1.60,1.63,1.60,1.35,1.63,1.57,1.41,1.20,1.13,1.29,1.33,1.25,1.36,1.42,1.36,1.33,1.42,1.22,1.12,1.12,0.93,0.66,0.66,0.80
-5.28,-5.12,-5.64,-6.12,-6.07,-5.69,-5.81,-5.80,-5.79,-5.71,-5.76,-6.03,-6.25,-5.53,-5.52,-5.41,-5.41,-5.52,-5.46,-4.93,-4.81,-4.71,-4.49,-4.66,-4.42,-4.20,-4.17,-4.03,-3.92,-3.88,-3.63,-3.53,-3.49,-3.35,-3.39,-3.04,-2.81,-2.88,-2.93,-2.92,-2.63,-2.23,-2.22,-2.45,-2.42,-1.72,-1.77,-1.81,-1.53,-1.63,-1.77,-1.58,-1.20,-0.81,-0.69,-0.78,-0.78,-0.56,-0.57,-1.01,-0.86,-0.96,-1.01,-0.88,-0.95,-0.78,-0.80,-0.95,-0.85,-1.05,-1.25,-0.72,-1.01,-0.80,-0.75,-0.93,-1.01,-0.80,-0.81,-0.59,-0.80,-0.73,-0.63,-0.69,-0.38,-0.67,-0.38,-0.51,-0.41,-0.64,-0.48,-0.57,0.01,-0.18,-0.04,-0.19,-0.28,0.12,0.63,0.72,0.58,0.59,0.58,0.59,0.81,1.03,0.93,1.04,1.24,0.51,0.07,0.10,0.27,-0.04,0.24,0.34,0.23,-0.14,-0.54,-0.72,-0.58,-0.62,-0.63,-0.51,-0.42,-0.34,-0.19,-0.16,0.63,0.86,1.14,1.45,1.31,1.19,1.18,1.23,1.29,1.27,1.15,1.02,1.24,1.19,1.24,1.15,1.00,1.08,1.24,1.31,1.20,1.19,1.29,1.31,1.28,1.02,1.03,0.98,0.79,0.56,0.58,0.75
-3.06,-2.74,-3.05,-3.60,-3.62,-3.30,-3.53,-3.48,-3.41,-3.15,-3.06,-3.21,-3.26,-3.08,-2.97,-2.72,-2.78,-2.96,-2.95,-2.64,-2.45,-2.13,-2.23,-2.36,-2.05,-1.79,-1.82,-1.81,-1.63,-1.77,-1.73,-1.54,-1.55,-1.48,-1.44,-1.46,-1.54,-1.49,-1.43,-1.53,-1.40,-1.11,-1.03,-1.30,-1.15,-0.96,-1.07,-1.03,-0.76,-0.96,-1.08,-1.07,-1.15,-1.00,-0.83,-0.67,-0.59,-0.66,-0.68,-0.90,-0.78,-0.83,-1.03,-0.86,-0.98,-1.15,-0.93,-0.82,-0.95,-1.02,-1.20,-1.05,-1.08,-0.80,-0.83,-0.91,-0.83,-1.01,-0.86,-0.95,-1.01,-0.86,-0.64,-0.78,-0.63,-0.62,-0.81,-0.80,-0.59,-0.52,-0.47,-0.71,-0.18,-0.26,-0.08,-0.27,-0.16,0.02,0.61,0.70,0.63,0.71,0.75,0.80,0.88,0.88,1.12,1.45,1.23,0.76,0.19,0.20,0.20,0.35,0.34,0.32,0.08,-0.12,-0.37,-0.43,-0.38,-0.44,-0.38,-0.37,-0.36,-0.21,-0.13,-0.01,0.58,0.56,1.08,1.23,1.41,1.18,1.11,1.18,1.15,1.22,0.88,1.14,1.02,1.29,1.36,1.13,0.87,0.85,0.65,0.96,1.02,1.00,1.00,0.98,0.82,0.75,0.80,0.72,0.66,0.60,0.50,0.60
-1.69,-1.39,-1.63,-1.90,-1.87,-1.72,-1.87,-1.92,-2.02,-1.63,-1.49,-1.62,-1.51,-1.54,-1.40,-1.38,-1.53,-1.68,-1.67,-1.51,-1.40,-1.31,-1.44,-1.35,-1.11,-0.92,-0.96,-1.08,-1.05,-0.96,-1.15,-1.20,-0.98,-0.88,-0.88,-1.00,-1.14,-1.10,-1.11,-1.16,-0.86,-0.85,-0.85,-0.98,-0.85,-0.72,-0.80,-0.73,-0.72,-0.64,-0.80,-0.97,-0.93,-0.88,-0.91,-0.76,-0.64,-0.61,-0.67,-0.90,-0.82,-0.93,-1.06,-0.91,-0.86,-0.90,-0.86,-0.95,-1.30,-1.19,-1.36,-1.12,-1.20,-0.93,-0.75,-0.82,-0.83,-0.93,-0.77,-0.51,-0.85,-0.77,-0.81,-0.86,-0.61,-0.81,-0.48,-0.73,-0.62,-0.71,-0.61,-0.38,-0.19,-0.17,-0.06,-0.28,-0.23,0.06,0.54,0.70,0.64,0.71,0.77,0.79,0.87,0.87,0.96,1.23,1.18,0.70,0.28,0.08,0.13,0.01,0.46,0.24,0.04,-0.13,-0.09,-0.33,-0.46,-0.27,-0.27,-0.41,-0.46,-0.48,-0.31,-0.08,0.49,0.45,0.84,1.14,1.01,0.79,0.85,0.91,0.86,1.20,0.92,1.04,1.09,1.27,1.11,0.98,1.02,0.91,0.81,1.08,1.00,1.03,1.03,0.82,0.71,0.61,0.58,0.61,0.54,0.40,0.46,0.43
-1.30,-0.80,-1.14,-1.08,-0.88,-0.81,-0.93,-0.96,-1.34,-1.10,-0.97,-1.14,-1.14,-0.90,-0.80,-0.85,-0.96,-1.08,-1.14,-0.93,-0.90,-1.05,-0.93,-0.80,-0.66,-0.56,-0.49,-0.53,-0.67,-0.49,-0.76,-0.85,-0.57,-0.49,-0.51,-0.49,-0.59,-0.62,-0.62,-0.75,-0.46,-0.48,-0.46,-0.21,-0.44,-0.03,-0.34,-0.28,-0.31,-0.23,-0.42,-0.63,-0.67,-0.71,-0.72,-0.73,-0.75,-0.61,-0.56,-0.72,-0.91,-1.00,-1.11,-1.22,-1.40,-1.17,-1.12,-1.16,-1.29,-1.29,-1.35,-1.29,-1.40,-0.98,-0.78,-0.98,-0.80,-0.72,-0.95,-1.05,-1.19,-1.02,-1.21,-1.24,-1.17,-1.12,-1.24,-1.16,-0.91,-0.72,-0.48,-0.51,-0.27,-0.31,-0.16,-0.24,-0.24,0.20,0.60,0.87,0.79,0.69,0.60,0.76,1.01,1.01,1.03,1.24,1.27,0.92,0.80,0.66,0.44,0.35,0.32,0.20,0.22,0.03,-0.02,0.01,0.10,0.07,0.14,0.04,-0.18,-0.21,-0.06,0.19,0.39,0.65,0.91,1.13,1.30,1.23,1.23,1.12,0.87,1.00,0.77,0.85,1.00,0.88,0.92,0.95,0.82,0.84,0.74,0.71,0.84,1.04,0.95,0.56,0.69,0.72,0.70,0.67,0.58,0.54,0.85,0.63
-0.77,-0.54,-0.63,-0.57,-0.44,-0.42,-0.54,-0.53,-0.85,-0.69,-0.68,-0.85,-0.87,-0.58,-0.47,-0.41,-0.48,-0.59,-0.66,-0.57,-0.42,-0.54,-0.47,-0.29,-0.16,-0.12,-0.09,-0.11,-0.14,-0.09,-0.29,-0.33,-0.12,-0.14,-0.16,-0.07,-0.12,-0.22,-0.23,-0.22,-0.13,-0.13,-0.08,0.20,-0.06,0.23,0.06,0.03,-0.08,0.06,-0.13,-0.38,-0.58,-0.73,-0.69,-0.75,-0.68,-0.49,-0.58,-0.66,-0.93,-1.05,-1.27,-1.40,-1.45,-1.32,-1.20,-1.25,-1.49,-1.49,-1.51,-1.50,-1.31,-1.03,-0.77,-0.91,-0.69,-0.82,-0.96,-1.00,-1.12,-1.11,-1.10,-1.20,-0.98,-1.32,-1.16,-1.16,-1.15,-0.82,-0.48,-0.28,0.02,-0.13,0.01,-0.18,-0.51,-0.02,0.67,0.88,0.84,0.87,0.75,0.69,0.74,0.70,0.82,1.12,1.25,1.11,1.09,1.01,1.09,0.75,0.46,0.18,0.20,-0.17,0.19,0.14,0.46,0.63,0.79,0.65,0.14,-0.04,0.12,0.19,0.06,0.32,0.60,0.72,0.85,0.77,0.70,0.75,0.87,1.22,0.96,1.00,1.03,1.00,1.12,1.07,0.74,0.63,0.86,0.79,0.65,0.71,0.74,0.56,0.82,0.51,0.41,0.28,0.25,0.40,0.32,0.48
-0.42,-0.39,-0.27,-0.17,-0.13,-0.17,-0.29,-0.16,-0.28,-0.29,-0.38,-0.54,-0.57,-0.28,-0.14,-0.21,-0.23,-0.32,-0.42,-0.19,-0.08,-0.14,-0.11,0.01,0.12,0.13,0.10,0.12,0.04,0.14,0.04,-0.09,0.04,0.06,0.08,0.09,0.08,0.02,-0.03,0.01,0.08,0.18,0.23,0.28,0.12,0.22,0.17,0.12,0.15,0.25,0.13,0.12,-0.09,-0.51,-0.61,-0.68,-0.69,-0.47,-0.56,-0.71,-0.95,-1.10,-1.35,-1.39,-1.53,-1.38,-1.49,-1.46,-1.31,-1.69,-1.50,-1.44,-1.32,-0.91,-0.71,-0.96,-0.51,-0.90,-1.14,-0.97,-1.35,-1.29,-1.35,-1.46,-1.29,-1.39,-1.35,-1.27,-1.25,-0.93,-0.77,-0.44,-0.26,-0.06,0.12,0.18,-0.02,0.07,0.43,0.70,0.91,0.84,0.58,0.69,0.85,0.95,0.96,1.04,1.46,1.28,1.27,1.03,0.79,0.48,0.18,0.30,0.22,0.33,0.45,0.27,0.53,0.55,0.72,0.85,0.65,0.55,0.32,0.22,0.50,0.76,0.80,0.92,1.27,1.14,1.11,1.23,1.06,1.07,0.91,0.90,1.14,1.07,1.01,0.84,0.55,0.71,1.03,0.69,0.33,0.39,0.56,0.51,0.51,0.77,0.69,0.64,0.60,0.51,0.59,0.60
-0.16,-0.13,-0.01,-0.08,-0.09,-0.01,-0.03,-0.02,0.03,-0.09,-0.18,-0.26,-0.31,-0.02,-0.01,-0.01,-0.04,-0.16,-0.19,-0.08,0.06,-0.04,0.07,0.19,0.29,0.27,0.24,0.23,0.10,0.19,0.27,0.01,0.25,0.17,0.15,0.29,0.30,0.22,0.20,0.22,0.25,0.53,0.45,0.56,0.37,0.35,0.33,0.44,0.38,0.54,0.35,0.13,-0.23,-0.46,-0.53,-0.69,-0.77,-0.71,-0.68,-0.71,-0.85,-1.10,-1.25,-1.34,-1.34,-1.38,-1.32,-1.45,-1.34,-1.64,-1.30,-1.44,-1.40,-0.98,-0.75,-0.73,-0.54,-0.86,-1.11,-1.31,-1.07,-1.22,-1.27,-1.19,-1.22,-1.06,-1.32,-1.14,-1.14,-1.05,-0.68,-0.44,-0.26,-0.06,-0.23,-0.13,-0.17,0.03,0.50,0.63,0.65,0.75,0.60,0.67,0.80,0.85,0.96,1.11,1.36,1.11,1.25,0.95,0.86,0.50,0.25,0.10,0.17,0.02,0.34,0.38,0.50,0.69,0.72,0.65,0.60,0.54,0.41,0.35,0.28,0.48,0.64,0.55,0.67,0.71,0.63,0.60,0.67,0.72,0.65,0.84,0.98,0.90,0.96,0.88,0.59,0.60,0.58,0.82,0.81,0.72,0.70,0.72,0.60,0.87,0.76,0.60,0.59,0.65,0.53,0.46
0.06,0.08,-0.19,-0.21,-0.03,0.07,-0.01,0.15,0.01,0.08,0.18,0.12,-0.04,0.20,0.24,0.18,0.07,-0.02,-0.03,0.07,0.09,0.09,0.12,0.35,0.46,0.40,0.27,0.20,0.22,0.24,0.48,0.15,0.50,0.39,0.29,0.44,0.48,0.37,0.37,0.35,0.39,0.56,0.51,0.69,0.48,0.54,0.50,0.50,0.38,0.59,0.55,0.22,-0.24,-0.48,-0.63,-0.81,-0.67,-0.46,-0.63,-0.83,-0.98,-1.07,-1.14,-1.34,-1.30,-1.21,-1.40,-1.46,-1.45,-1.59,-1.65,-1.34,-1.50,-1.10,-0.64,-0.97,-0.86,-0.95,-1.10,-1.32,-1.15,-1.36,-1.35,-1.36,-1.19,-1.14,-1.36,-1.25,-1.20,-0.93,-1.10,-0.62,-0.26,0.03,-0.28,-0.02,-0.18,-0.02,0.48,0.67,0.67,0.67,0.51,0.48,0.56,0.70,0.85,0.84,1.01,0.93,1.14,1.02,1.02,0.85,0.40,0.09,0.28,0.18,0.20,0.18,0.22,0.50,0.67,0.51,0.40,0.41,0.19,0.25,0.06,0.24,0.80,0.81,0.71,0.64,0.69,0.70,0.58,0.74,0.67,0.88,0.77,0.75,0.96,0.91,0.50,0.51,0.61,0.71,0.61,0.64,0.79,0.79,0.69,0.87,0.69,0.59,0.61,0.59,0.58,0.17
0.04,0.29,0.02,0.12,0.24,0.13,0.03,0.22,0.19,0.14,0.10,0.03,-0.04,0.02,0.14,0.27,0.18,0.08,0.18,0.45,0.13,0.19,0.29,0.18,0.30,0.30,0.30,0.44,0.32,0.40,0.48,0.29,0.48,0.46,0.33,0.38,0.48,0.45,0.45,0.51,0.48,0.51,0.49,0.63,0.53,0.56,0.50,0.49,0.51,0.59,0.53,-0.07,-0.46,-0.54,-0.57,-0.57,-0.57,-0.44,-0.54,-0.75,-0.90,-1.01,-1.07,-1.27,-1.32,-1.10,-1.40,-1.43,-1.35,-1.30,-1.58,-1.36,-1.40,-0.96,-0.95,-0.63,-0.80,-0.78,-1.02,-0.98,-1.07,-1.20,-1.30,-1.25,-1.14,-1.12,-1.24,-1.17,-1.14,-0.83,-0.73,-0.51,-0.41,-0.32,-0.16,-0.03,-0.24,-0.01,0.44,0.50,0.40,0.46,0.48,0.61,0.72,0.66,0.86,1.15,1.15,1.07,1.11,0.92,0.90,1.14,0.86,0.23,0.10,0.09,0.03,0.15,0.38,0.59,0.61,0.54,0.51,0.49,0.45,0.12,0.30,0.17,0.45,0.60,0.63,0.54,0.48,0.39,0.23,0.49,0.29,0.66,0.59,0.69,0.77,0.76,0.70,0.63,0.55,0.63,0.82,0.84,0.77,0.90,0.82,0.80,0.61,0.46,0.44,0.55,0.61,0.43
0.34,0.28,0.28,0.61,0.71,0.50,0.40,0.46,0.53,0.53,0.39,0.25,0.25,0.44,0.30,0.23,0.29,0.28,0.19,0.19,0.15,0.09,0.38,0.32,0.33,0.40,0.51,0.50,0.33,0.44,0.34,0.38,0.44,0.41,0.25,0.35,0.43,0.44,0.56,0.56,0.51,0.58,0.56,0.69,0.45,0.49,0.58,0.53,0.58,0.55,0.45,-0.16,-0.43,-0.52,-0.54,-0.51,-0.57,-0.57,-0.56,-0.62,-0.69,-0.90,-1.20,-1.32,-1.32,-1.22,-1.38,-1.43,-1.41,-1.51,-1.32,-1.27,-1.15,-1.07,-0.67,-0.76,-0.76,-0.69,-0.53,-0.72,-1.08,-1.12,-1.22,-1.19,-0.96,-0.91,-1.00,-1.07,-0.88,-0.57,-0.53,-0.53,-0.21,-0.11,0.06,0.02,-0.02,0.04,0.43,0.51,0.56,0.65,0.54,0.51,0.65,0.76,0.79,0.91,1.03,1.30,1.50,1.45,1.01,1.01,0.98,0.48,0.22,0.23,-0.03,-0.13,0.13,0.12,0.10,0.22,0.20,0.37,0.60,0.03,0.40,0.22,0.43,0.64,0.77,0.71,0.50,0.38,0.44,0.55,0.39,0.40,0.81,0.67,0.69,0.84,0.74,0.77,0.46,0.51,0.79,0.82,0.70,0.85,0.84,0.90,0.70,0.48,0.38,0.43,0.64,0.48
0.28,0.19,0.19,0.53,0.72,0.67,0.71,0.85,0.77,0.69,0.77,0.85,0.70,0.87,0.75,0.53,0.39,0.35,0.28,0.20,0.12,0.15,0.24,0.24,0.34,0.46,0.54,0.50,0.33,0.46,0.39,0.40,0.48,0.49,0.33,0.34,0.30,0.38,0.55,0.50,0.46,0.50,0.53,0.63,0.50,0.35,0.59,0.45,0.45,0.53,0.41,-0.11,-0.29,-0.37,-0.52,-0.54,-0.52,-0.52,-0.54,-0.68,-0.72,-0.87,-1.19,-1.21,-1.27,-1.17,-1.17,-1.16,-1.26,-1.17,-1.03,-1.20,-0.90,-0.69,-0.72,-0.63,-0.63,-0.58,-0.69,-0.81,-0.86,-0.95,-0.83,-0.97,-0.72,-0.80,-0.88,-0.82,-0.72,-0.61,-0.62,-0.66,-0.31,-0.22,-0.11,-0.24,-0.28,-0.13,0.45,0.63,0.56,0.56,0.55,0.50,0.51,0.81,1.01,1.01,1.14,1.07,1.25,1.11,1.02,1.11,1.02,0.67,0.19,0.06,0.14,0.14,0.20,-0.03,-0.09,0.07,0.02,0.33,0.55,0.14,0.39,-0.01,0.19,0.48,0.58,0.65,0.44,0.07,0.09,0.23,0.38,0.35,0.44,0.44,0.55,0.61,0.48,0.63,0.64,0.56,0.77,0.79,0.65,0.85,0.65,0.92,0.69,0.50,0.45,0.38,0.49,0.32
0.22,0.27,0.33,0.65,0.69,0.63,0.87,0.81,0.85,0.97,0.97,0.88,0.91,0.98,0.77,0.51,0.61,0.58,0.32,0.19,0.06,0.02,0.07,0.12,0.24,0.41,0.51,0.48,0.34,0.40,0.37,0.46,0.45,0.53,0.30,0.28,0.32,0.34,0.44,0.53,0.50,0.46,0.44,0.45,0.59,0.35,0.59,0.56,0.48,0.56,0.48,-0.11,-0.31,-0.41,-0.51,-0.39,-0.41,-0.49,-0.54,-0.68,-0.77,-0.86,-1.05,-1.15,-1.26,-1.25,-1.21,-1.22,-1.24,-0.96,-1.06,-1.14,-0.91,-0.64,-0.58,-0.59,-0.38,-0.42,-0.73,-0.52,-0.82,-0.87,-0.82,-0.81,-0.64,-0.86,-0.73,-0.56,-0.48,-0.36,-0.47,-0.61,-0.18,-0.22,-0.08,-0.28,-0.24,-0.07,0.37,0.58,0.58,0.64,0.54,0.41,0.48,0.65,0.66,0.74,1.12,1.00,1.23,1.22,1.02,0.96,0.87,0.67,0.33,0.18,0.08,0.10,0.14,0.04,0.09,0.24,0.28,0.37,0.53,-0.04,0.39,0.14,0.10,0.38,0.63,0.70,0.50,0.14,0.12,0.33,0.48,0.53,0.48,0.49,0.55,0.56,0.39,0.60,0.74,0.69,0.77,0.76,0.63,0.80,0.58,0.81,0.69,0.53,0.49,0.44,0.37,0.29
0.27,0.43,0.38,0.67,0.77,0.79,1.03,1.09,1.06,1.14,1.15,1.13,1.19,1.44,1.25,0.96,0.92,0.77,0.49,0.34,0.39,0.29,0.09,0.01,0.09,0.10,0.18,0.35,0.44,0.39,0.48,0.53,0.58,0.56,0.37,0.41,0.41,0.38,0.39,0.46,0.58,0.49,0.45,0.28,0.51,0.40,0.60,0.72,0.58,0.55,0.40,-0.19,-0.42,-0.52,-0.49,-0.41,-0.37,-0.44,-0.58,-0.63,-0.82,-0.87,-1.01,-1.29,-1.41,-1.26,-1.10,-1.10,-1.17,-1.17,-0.92,-0.92,-0.93,-0.77,-0.85,-0.61,-0.76,-0.62,-0.88,-0.71,-1.08,-1.08,-0.80,-1.01,-0.96,-1.02,-0.80,-0.88,-0.67,-0.56,-0.42,-0.29,-0.06,-0.14,0.03,-0.23,-0.14,0.06,0.46,0.43,0.34,0.59,0.56,0.48,0.50,0.55,0.69,0.98,1.02,0.93,1.27,1.18,0.90,0.86,0.91,0.67,0.32,0.10,0.04,0.09,0.14,0.19,0.37,0.45,0.25,0.20,0.50,-0.01,0.22,0.01,0.12,0.41,0.61,0.66,0.61,0.43,0.32,0.51,0.41,0.70,0.59,0.63,0.65,0.53,0.38,0.58,0.71,0.69,0.77,0.82,0.74,0.80,0.54,0.70,0.70,0.56,0.46,0.54,0.40,0.37
0.45,0.45,0.40,0.65,0.84,0.93,1.01,1.13,1.11,1.17,1.29,1.29,1.15,1.33,1.22,1.31,1.23,1.07,0.82,0.50,0.84,0.50,0.25,0.04,0.20,0.20,0.18,0.30,0.30,0.25,0.51,0.39,0.58,0.51,0.39,0.43,0.35,0.27,0.38,0.48,0.44,0.41,0.40,0.18,0.65,0.43,0.64,0.64,0.60,0.50,0.28,-0.26,-0.52,-0.53,-0.46,-0.41,-0.34,-0.38,-0.66,-0.68,-0.78,-0.75,-0.93,-1.16,-1.25,-1.12,-1.08,-0.98,-1.14,-1.24,-1.06,-1.16,-1.08,-0.91,-0.85,-0.73,-0.62,-0.73,-1.10,-1.02,-1.14,-1.07,-1.03,-1.01,-0.91,-1.00,-0.81,-0.82,-0.88,-0.85,-0.63,-0.21,-0.09,-0.24,-0.01,-0.18,-0.16,0.06,0.38,0.29,0.28,0.43,0.15,0.14,0.46,0.64,0.66,0.95,1.12,0.97,1.17,1.34,1.08,1.06,1.15,0.81,0.49,0.35,0.22,0.32,0.30,0.40,0.61,0.55,0.37,0.34,0.58,0.23,0.45,0.18,0.24,0.38,0.51,0.59,0.60,0.58,0.48,0.56,0.40,0.79,0.59,0.65,0.69,0.49,0.44,0.65,0.74,0.66,0.71,0.81,0.81,0.92,0.49,0.69,0.71,0.56,0.48,0.63,0.40,0.37
0.59,0.50,0.58,0.76,0.95,1.04,1.04,1.19,1.33,1.28,1.40,1.41,1.25,1.46,1.38,1.28,1.29,1.15,0.91,0.85,0.95,0.65,0.64,0.40,0.41,0.18,0.12,0.28,0.14,0.03,0.58,0.56,0.59,0.48,0.40,0.60,0.65,0.53,0.46,0.45,0.37,0.38,0.40,0.34,0.69,0.50,0.71,0.54,0.53,0.55,0.38,-0.21,-0.44,-0.58,-0.53,-0.39,-0.31,-0.32,-0.66,-0.73,-0.81,-0.82,-0.91,-1.10,-1.25,-0.92,-1.10,-1.03,-1.26,-1.16,-1.29,-1.25,-1.02,-0.88,-0.73,-0.81,-0.46,-0.76,-0.96,-1.01,-1.08,-0.96,-0.85,-0.97,-0.88,-0.91,-1.03,-0.95,-0.97,-0.92,-0.57,-0.18,0.09,-0.02,0.01,-0.29,-0.33,-0.14,0.22,0.28,0.33,0.43,0.35,0.29,0.37,0.63,0.79,1.14,1.13,0.93,0.88,1.07,1.08,0.87,0.92,0.64,0.33,0.39,0.08,0.25,0.44,0.45,0.46,0.33,0.32,0.29,0.22,0.10,0.40,0.14,0.19,0.14,0.30,0.48,0.48,0.56,0.48,0.58,0.53,0.67,0.56,0.61,0.69,0.59,0.51,0.85,0.77,0.71,0.70,0.70,0.74,0.92,0.66,0.72,0.69,0.63,0.63,0.59,0.49,0.46
0.64,0.58,0.74,0.84,0.96,1.02,1.04,1.31,1.35,1.39,1.45,1.35,1.22,1.40,1.19,1.27,1.22,1.07,0.97,1.01,1.09,0.61,0.79,0.58,0.48,0.29,0.17,0.19,0.18,0.02,0.35,0.39,0.45,0.41,0.46,0.59,0.65,0.54,0.48,0.54,0.44,0.40,0.25,0.32,0.49,0.38,0.66,0.55,0.43,0.63,0.40,-0.13,-0.33,-0.58,-0.66,-0.54,-0.37,-0.31,-0.61,-0.72,-0.81,-0.87,-0.93,-1.02,-0.98,-0.92,-0.92,-1.10,-1.14,-1.05,-1.25,-1.34,-1.10,-0.80,-0.85,-0.83,-0.54,-0.71,-0.85,-1.01,-1.00,-1.02,-0.80,-1.05,-0.90,-0.92,-0.91,-0.88,-0.95,-0.86,-0.73,-0.41,-0.28,-0.27,-0.11,-0.27,-0.29,-0.17,0.20,0.32,0.25,0.48,0.51,0.43,0.38,0.56,0.74,0.91,0.88,0.93,0.84,0.97,1.24,0.84,0.97,0.79,0.29,0.46,0.18,0.23,0.55,0.61,0.54,0.41,0.41,0.28,0.24,0.17,0.30,0.12,0.23,0.09,0.19,0.39,0.41,0.48,0.37,0.51,0.50,0.60,0.59,0.60,0.66,0.61,0.48,0.74,0.71,0.64,0.67,0.70,0.70,0.95,0.85,0.69,0.48,0.43,0.63,0.33,0.37,0.46
0.69,0.55,0.71,0.84,0.91,0.96,1.04,1.25,1.22,1.47,1.44,1.27,1.25,1.44,1.19,1.39,1.30,1.14,1.07,1.09,1.19,0.76,0.82,0.61,0.59,0.51,0.38,0.33,0.40,0.30,0.60,0.45,0.40,0.66,0.72,0.58,0.56,0.50,0.48,0.53,0.38,0.34,0.43,0.38,0.50,0.46,0.58,0.49,0.41,0.61,0.30,-0.09,-0.33,-0.57,-0.68,-0.67,-0.43,-0.28,-0.52,-0.62,-0.73,-0.73,-0.80,-0.96,-0.96,-0.82,-0.85,-1.07,-0.97,-0.86,-1.01,-1.08,-0.90,-0.96,-0.69,-0.75,-0.37,-0.78,-0.76,-0.75,-0.91,-1.02,-0.88,-1.00,-0.92,-1.01,-0.97,-0.98,-0.91,-0.66,-0.63,-0.28,-0.38,-0.24,-0.03,-0.13,-0.16,-0.17,0.24,0.32,0.25,0.53,0.59,0.58,0.48,0.70,0.81,1.06,0.95,0.93,0.96,1.09,1.20,1.01,1.12,0.91,0.43,0.25,0.23,0.25,0.40,0.53,0.51,0.45,0.34,0.19,0.24,0.20,0.35,0.18,0.15,0.13,0.33,0.54,0.44,0.37,0.33,0.56,0.45,0.58,0.66,0.67,0.60,0.50,0.60,0.46,0.66,0.55,0.45,0.56,0.64,0.74,0.71,0.80,0.63,0.46,0.70,0.50,0.41,0.30
0.69,0.61,0.63,0.93,1.01,0.97,1.03,1.19,1.23,1.44,1.41,1.34,1.36,1.47,1.45,1.38,1.14,1.01,0.93,0.91,0.95,0.85,0.69,0.59,0.58,0.44,0.37,0.40,0.40,0.41,0.50,0.58,0.56,0.51,0.41,0.49,0.58,0.61,0.59,0.53,0.49,0.24,0.39,0.35,0.67,0.60,0.71,0.50,0.58,0.69,0.33,-0.08,-0.41,-0.58,-0.61,-0.66,-0.52,-0.34,-0.49,-0.61,-0.80,-0.75,-0.80,-0.97,-1.00,-0.78,-0.93,-0.98,-1.01,-0.86,-1.03,-1.00,-1.00,-0.91,-0.64,-0.80,-0.68,-0.72,-0.86,-0.81,-0.86,-1.06,-1.00,-1.01,-1.00,-1.02,-1.00,-1.06,-0.85,-0.78,-0.73,-0.57,-0.48,-0.39,-0.13,-0.11,-0.06,-0.17,0.08,0.28,0.24,0.44,0.54,0.60,0.51,0.51,0.65,0.81,0.90,0.93,1.06,0.98,1.15,0.90,1.13,0.75,0.50,0.23,0.30,0.29,0.32,0.48,0.54,0.53,0.25,0.15,0.04,0.07,0.28,0.24,0.04,0.13,0.44,0.61,0.44,0.24,0.45,0.70,0.50,0.50,0.63,0.67,0.64,0.60,0.64,0.45,0.67,0.61,0.59,0.75,0.81,0.75,0.72,0.80,0.72,0.58,0.59,0.53,0.64,0.58
0.71,0.41,0.53,0.87,1.02,0.96,0.93,1.25,1.33,1.40,1.46,1.44,1.39,1.40,1.39,1.01,0.88,0.82,0.75,0.69,0.67,0.70,0.48,0.55,0.53,0.46,0.40,0.30,0.23,0.20,0.37,0.23,0.50,0.53,0.22,0.49,0.51,0.46,0.48,0.49,0.60,0.39,0.29,0.44,0.55,0.71,0.59,0.54,0.59,0.70,0.39,-0.14,-0.44,-0.58,-0.64,-0.67,-0.57,-0.46,-0.47,-0.51,-0.71,-0.73,-0.81,-0.92,-0.85,-0.85,-0.88,-0.91,-0.93,-0.86,-0.88,-0.83,-0.91,-0.83,-0.58,-0.80,-0.78,-0.71,-0.83,-0.88,-0.88,-0.98,-1.01,-0.87,-0.67,-0.73,-0.85,-0.91,-0.76,-0.68,-0.67,-0.59,-0.44,-0.33,-0.07,-0.14,-0.14,-0.22,-0.01,0.28,0.30,0.46,0.49,0.60,0.59,0.59,0.58,0.76,0.77,1.14,1.25,0.88,1.14,0.86,1.11,0.75,0.45,0.27,0.37,0.30,0.20,0.39,0.56,0.60,0.33,0.46,0.03,-0.07,0.06,0.28,0.14,0.19,0.38,0.41,0.41,0.35,0.56,0.59,0.37,0.60,0.60,0.51,0.54,0.58,0.48,0.46,0.76,0.77,0.72,0.76,0.64,0.80,0.82,0.88,0.92,0.84,0.65,0.63,0.71,0.76
0.51,0.58,0.61,0.75,0.95,1.02,1.04,1.27,1.42,1.52,1.46,1.44,1.42,1.30,1.02,0.64,0.56,0.49,0.44,0.46,0.40,0.40,0.39,0.35,0.34,0.35,0.28,0.20,0.18,0.14,0.35,0.33,0.43,0.29,0.30,0.53,0.48,0.55,0.67,0.70,0.74,0.59,0.39,0.45,0.44,0.58,0.54,0.44,0.41,0.65,0.32,-0.26,-0.48,-0.61,-0.66,-0.64,-0.56,-0.46,-0.49,-0.42,-0.57,-0.63,-0.69,-0.77,-0.66,-0.69,-0.71,-0.71,-0.72,-0.87,-0.91,-0.71,-0.86,-0.92,-0.72,-0.81,-0.77,-0.83,-0.59,-0.78,-0.71,-0.87,-1.00,-0.78,-0.52,-0.51,-0.66,-0.86,-0.67,-0.80,-0.81,-0.71,-0.48,-0.44,-0.34,-0.31,-0.16,-0.07,0.07,0.29,0.33,0.41,0.51,0.56,0.38,0.58,0.61,0.75,0.85,1.08,1.25,0.88,0.97,0.88,0.93,0.53,0.23,0.09,0.28,0.27,0.13,0.23,0.41,0.59,0.35,0.58,0.06,-0.06,-0.01,0.18,0.18,0.24,0.33,0.35,0.48,0.70,0.63,0.54,0.37,0.53,0.60,0.55,0.58,0.75,0.48,0.55,0.58,0.60,0.59,0.56,0.50,0.51,0.60,0.70,0.72,0.71,0.79,0.53,0.66,0.88
0.39,0.25,0.58,0.72,0.67,0.75,0.97,1.13,1.29,1.36,1.44,1.51,1.45,1.13,0.59,0.23,0.17,0.18,0.24,0.29,0.27,0.14,0.33,0.12,0.19,0.18,0.23,0.30,0.30,0.34,0.37,0.48,0.49,0.37,0.27,0.35,0.48,0.77,1.23,1.33,1.09,1.04,0.58,0.27,0.49,0.51,0.43,0.53,0.40,0.56,0.24,-0.31,-0.39,-0.54,-0.56,-0.59,-0.56,-0.44,-0.57,-0.53,-0.56,-0.58,-0.57,-0.67,-0.39,-0.39,-0.48,-0.57,-0.42,-0.58,-0.80,-0.71,-0.69,-0.68,-0.54,-0.82,-0.75,-0.71,-0.56,-0.75,-0.57,-0.64,-0.88,-0.68,-0.54,-0.37,-0.54,-0.77,-0.59,-0.71,-0.73,-0.66,-0.34,-0.46,-0.42,-0.34,-0.19,-0.07,0.07,0.22,0.22,0.29,0.38,0.34,0.19,0.43,0.58,0.60,0.80,0.95,1.19,0.88,0.95,0.85,0.86,0.45,0.14,-0.08,0.10,0.12,0.03,0.24,0.25,0.40,0.24,0.29,-0.01,-0.07,0.08,0.18,0.24,0.22,0.18,0.25,0.25,0.39,0.43,0.48,0.53,0.56,0.74,0.75,0.58,0.60,0.30,0.38,0.53,0.58,0.59,0.70,0.54,0.56,0.53,0.50,0.51,0.56,0.51,0.43,0.55,0.70
0.45,0.46,0.79,0.91,0.76,0.72,0.96,1.30,1.25,1.31,1.53,1.49,1.19,0.67,-0.09,-0.46,-0.39,-0.24,-0.17,-0.13,-0.11,-0.27,-0.14,-0.21,-0.09,-0.07,-0.12,-0.12,-0.12,-0.23,-0.28,-0.08,0.01,-0.02,-0.38,-0.47,0.01,0.86,1.29,1.14,1.13,1.19,0.66,0.35,0.35,0.45,0.54,0.49,0.33,0.37,0.19,-0.19,-0.43,-0.63,-0.58,-0.56,-0.49,-0.42,-0.46,-0.41,-0.44,-0.37,-0.32,-0.43,-0.29,-0.21,-0.31,-0.42,-0.23,-0.17,-0.59,-0.46,-0.53,-0.36,-0.38,-0.61,-0.53,-0.48,-0.39,-0.63,-0.46,-0.44,-0.53,-0.53,-0.41,-0.32,-0.41,-0.43,-0.27,-0.38,-0.56,-0.61,-0.33,-0.38,-0.29,-0.28,-0.19,-0.19,-0.08,0.17,0.12,0.24,0.30,0.27,0.19,0.45,0.63,0.60,0.74,1.02,0.98,0.72,0.82,0.84,0.87,0.54,0.28,-0.11,-0.06,-0.07,-0.16,0.18,0.12,0.01,-0.06,0.13,-0.06,-0.24,-0.12,0.03,0.02,0.01,0.08,0.12,0.22,0.54,0.54,0.45,0.38,0.45,0.75,0.85,0.59,0.76,0.53,0.38,0.44,0.50,0.49,0.59,0.55,0.38,0.39,0.56,0.67,0.58,0.41,0.50,0.56,0.61
0.51,0.48,0.71,0.86,0.90,1.07,1.25,1.27,1.35,1.60,1.58,1.09,0.50,-0.03,-0.72,-1.12,-0.95,-0.83,-0.76,-0.67,-0.63,-0.64,-0.61,-0.52,-0.51,-0.53,-0.63,-0.67,-0.64,-0.73,-0.83,-0.54,-0.43,-0.32,-0.62,-0.76,0.03,0.88,1.36,1.49,1.46,1.36,0.76,0.70,0.45,0.45,0.61,0.75,0.56,0.59,0.18,-0.28,-0.49,-0.63,-0.67,-0.63,-0.46,-0.34,-0.41,-0.39,-0.28,-0.19,-0.18,-0.17,-0.27,-0.28,-0.28,-0.16,-0.14,-0.08,-0.42,-0.27,-0.38,-0.28,-0.34,-0.59,-0.47,-0.43,-0.21,-0.46,-0.37,-0.36,-0.34,-0.38,-0.27,-0.18,-0.23,-0.26,-0.09,-0.26,-0.37,-0.53,-0.36,-0.32,-0.14,-0.24,-0.27,-0.18,-0.12,0.06,0.06,0.25,0.17,0.17,0.15,0.38,0.48,0.45,0.59,0.72,0.65,0.51,0.51,0.64,0.65,0.38,0.23,-0.08,-0.08,-0.03,-0.16,0.08,-0.04,-0.07,-0.13,-0.18,-0.28,-0.19,-0.18,-0.21,-0.16,-0.01,0.18,0.24,0.02,0.18,0.29,0.28,0.20,0.22,0.34,0.45,0.43,0.34,0.49,0.40,0.33,0.38,0.48,0.41,0.29,0.38,0.29,0.38,0.55,0.44,0.53,0.43,0.48,0.55
0.65,0.70,0.61,0.97,0.93,1.14,1.45,1.66,1.77,1.80,1.66,1.13,0.32,-0.51,-1.07,-1.22,-0.93,-1.02,-0.98,-0.91,-0.91,-0.83,-0.80,-0.86,-0.86,-0.90,-0.95,-0.93,-0.95,-0.97,-0.95,-1.01,-0.93,-0.80,-0.86,-0.91,-0.03,0.92,1.47,1.69,1.56,1.33,1.30,0.58,0.28,0.45,0.67,0.54,0.39,0.53,0.08,-0.37,-0.63,-0.58,-0.66,-0.69,-0.51,-0.43,-0.53,-0.52,-0.31,-0.22,-0.27,-0.17,-0.22,-0.38,-0.24,-0.09,-0.16,-0.06,-0.27,-0.28,-0.33,-0.38,-0.37,-0.82,-0.58,-0.41,-0.17,-0.44,-0.33,-0.31,-0.28,-0.33,-0.21,-0.16,-0.12,-0.22,-0.13,-0.22,-0.28,-0.49,-0.32,-0.34,-0.18,-0.18,-0.32,-0.18,-0.03,0.15,0.14,0.17,0.09,0.03,0.19,0.18,0.35,0.29,0.49,0.41,0.32,0.34,0.25,0.35,0.28,0.25,0.10,-0.17,-0.12,-0.02,-0.17,-0.12,-0.27,-0.19,-0.27,-0.17,-0.33,-0.36,-0.28,-0.27,-0.18,-0.12,-0.09,0.12,-0.02,0.17,0.17,0.14,0.13,0.28,0.46,0.49,0.40,0.53,0.44,0.33,0.30,0.40,0.53,0.49,0.19,0.34,0.25,0.28,0.44,0.32,0.67,0.35,0.39,0.51
0.66,0.65,0.64,0.93,0.85,1.03,1.23,1.30,1.49,1.40,1.33,0.72,-0.08,-0.76,-1.25,-1.27,-1.35,-1.34,-1.20,-1.11,-1.12,-0.97,-0.96,-1.03,-0.95,-0.95,-0.93,-1.02,-1.08,-1.01,-0.93,-1.05,-0.92,-0.90,-1.05,-0.64,0.20,0.86,1.22,1.67,1.78,1.41,1.46,0.87,0.59,0.64,0.44,0.61,0.58,0.54,0.30,-0.36,-0.68,-0.58,-0.48,-0.51,-0.47,-0.47,-0.46,-0.34,-0.22,0.04,-0.06,-0.07,-0.23,-0.24,-0.18,-0.26,-0.22,-0.11,-0.32,-0.33,-0.33,-0.37,-0.42,-0.81,-0.66,-0.47,-0.18,-0.38,-0.31,-0.24,-0.22,-0.36,-0.16,-0.21,-0.08,-0.23,-0.18,-0.24,-0.29,-0.57,-0.44,-0.47,-0.28,-0.13,-0.16,-0.14,-0.01,0.37,0.28,0.22,0.27,0.08,0.24,0.08,0.25,0.22,0.37,0.39,0.18,0.17,0.12,0.14,0.04,0.09,-0.06,-0.24,-0.23,-0.09,-0.07,-0.04,0.08,0.41,0.08,-0.07,0.02,-0.21,-0.16,0.04,0.01,-0.09,0.06,0.10,-0.07,0.35,0.20,0.19,0.23,0.29,0.30,0.25,0.28,0.45,0.45,0.40,0.43,0.48,0.53,0.50,0.51,0.54,0.39,0.40,0.55,0.30,0.69,0.51,0.53,0.63
0.58,0.61,0.69,0.91,0.81,0.95,1.19,1.41,1.47,1.50,1.45,0.82,0.13,-0.33,-0.67,-0.93,-1.06,-1.10,-1.10,-1.06,-1.01,-0.96,-0.91,-0.91,-0.85,-0.90,-0.90,-1.02,-1.10,-0.95,-0.85,-0.90,-0.52,-0.48,-0.81,-0.24,0.51,0.87,1.07,1.45,1.63,1.50,1.23,0.66,0.50,0.60,0.58,0.71,0.48,0.63,0.19,-0.23,-0.59,-0.56,-0.63,-0.66,-0.53,-0.51,-0.53,-0.39,-0.07,0.25,0.18,-0.01,-0.09,-0.16,-0.31,-0.37,-0.19,-0.34,-0.42,-0.46,-0.36,-0.34,-0.44,-0.68,-0.62,-0.59,-0.36,-0.37,-0.41,-0.31,-0.19,-0.38,-0.22,-0.13,-0.07,-0.24,-0.24,-0.26,-0.19,-0.52,-0.53,-0.51,-0.28,-0.17,-0.14,-0.13,-0.11,0.38,0.32,0.41,0.44,0.12,0.29,0.24,0.14,0.20,0.19,0.19,0.18,0.08,0.04,0.01,0.02,0.10,0.06,-0.13,-0.03,0.27,0.25,0.27,0.53,0.80,0.41,0.22,0.50,0.43,0.45,0.51,0.58,0.51,0.25,0.35,0.40,0.39,0.55,0.53,0.51,0.61,0.72,0.65,0.54,0.81,0.75,0.77,0.81,0.80,0.77,0.72,1.00,1.00,0.81,0.74,0.86,0.53,0.77,0.84,0.85,0.84
0.55,0.59,0.76,1.09,0.93,1.03,1.27,1.39,1.36,1.56,1.50,0.86,0.32,-0.14,-0.69,-0.59,-0.76,-1.01,-0.96,-0.78,-0.75,-0.91,-0.97,-0.95,-0.81,-0.95,-0.88,-0.95,-0.95,-0.77,-0.75,-0.78,-0.49,-0.38,-0.56,-0.19,0.45,0.80,1.08,1.31,1.51,1.46,1.09,1.01,0.55,0.46,0.82,0.71,0.79,0.79,0.18,-0.28,-0.64,-0.51,-0.37,-0.54,-0.59,-0.52,-0.54,-0.46,-0.08,0.23,0.22,0.04,-0.01,-0.33,-0.39,-0.26,-0.23,-0.28,-0.49,-0.41,-0.52,-0.43,-0.49,-0.71,-0.67,-0.64,-0.51,-0.48,-0.47,-0.33,-0.21,-0.36,-0.32,-0.16,-0.16,-0.22,-0.21,-0.22,-0.17,-0.43,-0.43,-0.42,-0.27,-0.22,-0.22,-0.14,-0.13,0.30,0.27,0.35,0.41,0.03,0.33,0.43,0.33,0.51,0.54,0.41,0.22,0.10,0.01,0.24,0.22,0.24,0.19,-0.06,0.04,0.55,0.53,0.45,0.82,0.84,0.79,0.72,0.71,0.54,0.55,0.58,0.55,0.54,0.43,0.54,0.60,0.54,0.60,0.64,0.71,0.85,0.90,0.80,0.72,1.02,0.97,0.93,1.01,1.03,1.01,1.11,1.27,1.27,1.14,1.04,1.15,0.96,1.23,1.18,1.09,1.02
0.55,0.51,0.80,1.04,0.92,1.09,1.27,1.31,1.35,1.44,1.33,0.80,0.40,0.14,-0.22,-0.78,-0.78,-0.78,-0.63,-0.56,-0.68,-0.77,-0.76,-0.95,-0.86,-0.92,-0.72,-0.73,-0.73,-0.64,-0.68,-0.64,-0.64,-0.58,-0.71,-0.24,0.41,0.69,0.95,1.12,1.22,1.15,0.80,0.76,0.38,0.38,0.70,0.51,0.69,0.75,0.19,-0.23,-0.66,-0.54,-0.61,-0.76,-0.63,-0.44,-0.39,-0.41,-0.29,-0.04,0.07,-0.01,-0.09,-0.38,-0.28,-0.38,-0.07,-0.17,-0.41,-0.33,-0.31,-0.46,-0.46,-0.71,-0.76,-0.75,-0.46,-0.42,-0.39,-0.26,-0.21,-0.32,-0.28,-0.26,-0.23,-0.22,-0.17,-0.28,-0.32,-0.52,-0.36,-0.36,-0.29,-0.17,-0.19,-0.13,-0.04,0.30,0.17,0.23,0.24,-0.02,0.24,0.37,0.29,0.46,0.53,0.44,0.23,0.37,0.27,0.19,0.15,0.14,0.25,0.15,0.09,0.48,0.39,0.34,0.33,0.77,0.58,0.32,0.61,0.49,0.46,0.56,0.48,0.41,0.55,0.61,0.55,0.59,0.63,0.61,0.70,0.86,0.91,0.81,0.90,1.20,1.08,0.97,0.97,1.01,0.97,1.27,1.23,1.22,1.13,1.08,1.27,1.01,1.06,1.12,1.08,1.06
0.54,0.63,0.75,0.69,0.74,1.03,1.24,1.34,1.44,1.38,1.09,0.56,0.39,0.33,0.03,-0.38,-0.63,-0.75,-0.62,-0.63,-0.69,-0.62,-0.90,-1.12,-0.85,-0.92,-0.77,-0.63,-0.64,-0.63,-0.57,-0.58,-0.62,-0.61,-0.83,-0.18,0.32,0.49,0.74,0.95,1.02,1.08,1.06,0.76,0.61,0.51,0.77,0.79,0.76,0.87,0.24,-0.18,-0.56,-0.47,-0.46,-0.66,-0.56,-0.39,-0.51,-0.41,-0.02,0.25,0.30,0.10,-0.03,-0.29,-0.24,-0.28,-0.18,-0.22,-0.37,-0.27,-0.17,-0.52,-0.41,-0.77,-0.76,-0.73,-0.42,-0.42,-0.42,-0.23,-0.14,-0.32,-0.17,-0.22,-0.22,-0.21,-0.19,-0.29,-0.33,-0.51,-0.38,-0.34,-0.32,-0.19,-0.23,-0.17,-0.01,0.38,0.24,0.29,0.22,0.13,0.18,0.51,0.59,0.61,0.43,0.64,0.29,0.50,0.28,0.06,0.13,0.24,0.32,0.23,0.12,0.32,0.30,0.54,0.58,0.77,0.80,0.48,0.69,0.80,0.75,0.71,0.67,0.59,0.61,0.56,0.59,0.50,0.49,0.55,0.65,0.76,0.85,0.86,0.95,1.15,1.03,0.97,1.06,1.09,0.90,1.29,1.23,1.25,1.23,1.08,1.14,0.96,1.01,1.23,1.18,0.97
0.53,0.72,0.90,0.82,0.74,1.04,1.29,1.39,1.46,1.38,0.85,0.39,0.37,0.38,0.19,-0.04,-0.27,-0.81,-0.76,-0.92,-1.14,-1.05,-0.95,-1.12,-1.11,-1.00,-0.91,-0.73,-0.63,-0.59,-0.66,-0.86,-0.63,-0.66,-0.69,-0.21,0.14,0.29,0.63,0.95,1.00,0.95,0.90,0.66,0.66,0.75,0.77,0.64,0.60,0.65,0.18,0.02,-0.46,-0.48,-0.46,-0.66,-0.62,-0.43,-0.52,-0.49,-0.17,0.03,0.04,-0.13,-0.16,-0.21,-0.31,-0.03,-0.21,-0.33,-0.47,-0.21,-0.26,-0.41,-0.52,-0.82,-0.72,-0.62,-0.31,-0.37,-0.31,-0.12,-0.06,-0.21,-0.22,-0.19,-0.21,-0.14,-0.12,-0.19,-0.19,-0.43,-0.43,-0.36,-0.37,-0.28,-0.27,-0.14,0.04,0.39,0.40,0.54,0.40,0.12,0.27,0.54,0.39,0.56,0.49,0.41,0.27,0.33,0.44,0.38,0.20,0.29,0.40,0.18,-0.03,0.03,0.24,0.40,0.02,0.20,0.38,0.46,0.48,0.54,0.61,0.64,0.61,0.58,0.45,0.48,0.64,0.46,0.43,0.50,0.61,0.67,0.72,0.76,0.81,0.91,0.81,0.87,1.11,1.28,1.08,1.29,1.15,1.11,1.18,1.23,1.12,1.14,1.20,1.33,1.39,1.31
0.54,0.67,0.86,0.92,0.91,1.13,1.31,1.40,1.40,1.39,0.74,0.28,0.35,0.39,0.18,-0.03,-0.59,-1.15,-0.97,-1.10,-1.34,-1.36,-1.49,-1.44,-1.31,-1.54,-1.74,-1.53,-1.38,-1.20,-1.15,-1.27,-0.68,-0.81,-0.49,-0.14,0.10,0.24,0.65,1.00,1.08,1.01,0.91,0.85,0.84,0.81,0.76,0.86,0.76,0.67,0.25,-0.01,-0.61,-0.64,-0.54,-0.41,-0.43,-0.41,-0.39,-0.43,-0.23,-0.06,-0.03,0.01,0.02,-0.03,-0.13,-0.24,-0.27,-0.26,-0.41,-0.49,-0.29,-0.41,-0.61,-0.81,-0.59,-0.43,-0.34,-0.26,-0.14,-0.11,-0.09,-0.06,-0.19,-0.18,-0.17,-0.18,-0.12,-0.21,-0.29,-0.47,-0.43,-0.36,-0.29,-0.17,-0.17,-0.09,0.10,0.66,0.48,0.43,0.44,0.33,0.66,0.38,0.39,0.69,0.66,0.70,0.48,0.30,0.27,0.10,-0.08,0.04,0.29,0.28,0.19,0.29,0.51,0.43,0.33,0.48,0.46,0.54,0.54,0.48,0.50,0.55,0.54,0.54,0.41,0.48,0.46,0.49,0.50,0.50,0.56,0.69,0.67,0.61,0.79,0.93,0.85,0.84,0.98,1.07,1.40,1.28,1.04,1.02,1.15,1.19,1.29,1.07,1.12,1.19,1.20,1.18
0.70,0.81,0.90,0.79,1.03,1.11,1.24,1.35,1.42,1.36,0.76,0.15,0.34,0.37,0.17,-0.02,-0.66,-0.98,-1.06,-1.21,-1.34,-1.40,-1.44,-1.53,-1.45,-1.59,-1.35,-1.71,-1.88,-1.63,-1.41,-1.35,-1.06,-0.44,-0.22,0.14,0.10,0.29,0.64,0.95,1.12,1.09,0.97,0.90,0.92,0.71,0.70,0.66,0.75,0.55,0.23,-0.11,-0.66,-0.68,-0.63,-0.57,-0.67,-0.59,-0.46,-0.56,-0.58,-0.49,-0.39,-0.32,-0.37,-0.12,-0.47,-0.33,-0.38,-0.56,-0.41,-0.63,-0.34,-0.67,-0.68,-0.75,-0.81,-0.59,-0.46,-0.27,-0.27,-0.24,-0.22,-0.24,-0.18,-0.31,-0.22,-0.26,-0.29,-0.37,-0.43,-0.64,-0.57,-0.37,-0.37,-0.31,-0.28,-0.01,0.24,0.76,0.39,0.34,0.60,0.18,0.37,0.15,0.13,0.64,0.41,0.27,0.34,0.48,0.56,0.24,0.18,0.24,0.12,0.06,0.09,0.22,0.41,0.40,0.27,0.38,0.41,0.58,0.51,0.49,0.53,0.54,0.53,0.58,0.35,0.35,0.25,0.48,0.60,0.54,0.59,0.76,0.64,0.82,0.88,0.97,0.92,0.90,1.03,1.11,1.34,1.28,1.11,1.09,1.18,1.08,1.31,1.18,1.18,1.18,1.12,1.14
0.66,0.74,0.96,1.02,0.96,1.09,1.24,1.34,1.34,1.20,0.66,0.15,0.35,0.32,0.20,0.19,-0.24,-0.52,-0.56,-0.82,-0.98,-1.02,-1.11,-0.93,-0.68,-0.52,-0.56,-0.71,-0.62,-0.69,-0.73,-0.36,-0.03,-0.01,0.08,0.18,0.29,0.29,0.60,0.88,1.11,1.11,0.87,0.80,0.95,0.91,0.75,0.58,0.75,0.51,0.25,-0.29,-0.81,-0.51,-0.43,-0.51,-0.54,-0.39,-0.38,-0.52,-0.39,-0.16,-0.04,-0.16,-0.34,-0.29,-0.32,-0.37,-0.48,-0.62,-0.46,-0.62,-0.72,-0.69,-0.75,-0.88,-0.81,-0.57,-0.34,-0.36,-0.07,-0.23,-0.17,-0.23,-0.17,-0.17,-0.17,-0.14,-0.04,-0.16,-0.29,-0.57,-0.49,-0.34,-0.39,-0.27,-0.24,-0.04,-0.08,0.61,0.44,0.43,0.50,0.45,0.34,0.49,0.64,0.41,0.49,0.50,0.35,0.41,0.58,0.46,0.28,0.08,0.04,0.20,0.17,0.18,0.35,0.40,0.51,0.64,0.56,0.54,0.46,0.49,0.55,0.48,0.44,0.44,0.48,0.34,0.33,0.49,0.63,0.58,0.61,0.82,0.49,0.95,0.82,0.87,1.02,1.14,1.15,1.19,1.09,1.14,1.08,0.93,0.88,1.08,1.20,1.13,1.13,1.14,1.14,1.13
0.75,0.77,0.93,1.13,0.96,1.13,1.09,1.19,1.29,1.12,0.61,0.32,0.35,0.19,0.12,0.19,-0.02,-0.29,-0.29,-0.43,-0.46,-0.56,-0.63,-0.32,-0.18,-0.23,-0.17,-0.26,-0.29,-0.31,-0.28,-0.07,0.25,-0.01,-0.09,-0.08,0.22,0.39,0.70,0.81,1.13,1.13,0.81,0.76,0.91,0.93,0.84,0.64,0.66,0.65,0.27,-0.31,-0.80,-0.59,-0.54,-0.61,-0.53,-0.53,-0.63,-0.58,-0.36,-0.22,-0.29,-0.44,-0.68,-0.46,-0.67,-0.49,-0.66,-0.66,-0.61,-0.68,-0.42,-0.67,-0.75,-0.90,-0.80,-0.86,-0.81,-0.51,-0.23,-0.22,-0.03,-0.18,-0.22,-0.36,-0.22,-0.16,-0.17,-0.32,-0.37,-0.57,-0.51,-0.32,-0.44,-0.29,-0.21,0.09,-0.11,0.39,0.48,0.37,0.38,0.20,0.10,0.61,0.65,0.58,0.55,0.35,0.37,0.30,0.43,0.39,0.18,0.20,0.37,0.18,0.02,0.24,0.38,0.35,0.58,0.66,0.55,0.46,0.39,0.45,0.58,0.50,0.41,0.28,0.56,0.56,0.50,0.50,0.64,0.63,0.49,0.70,0.45,0.93,1.11,1.09,1.01,0.90,0.75,0.92,0.90,0.95,1.03,1.00,0.90,1.09,0.98,0.87,0.98,1.08,1.03,0.98
0.60,0.79,1.02,1.03,0.93,0.98,0.82,1.12,1.20,0.79,0.56,0.10,0.24,0.12,-0.09,-0.19,-0.16,-0.26,-0.39,-0.31,-0.28,-0.43,-0.41,-0.07,-0.14,-0.17,-0.22,-0.34,-0.47,-0.47,-0.38,-0.33,-0.26,-0.19,-0.38,-0.04,0.27,0.37,0.44,0.74,1.07,0.95,0.75,0.81,0.86,0.81,1.02,0.82,0.72,0.91,0.48,-0.19,-0.64,-0.53,-0.57,-0.66,-0.54,-0.46,-0.47,-0.41,-0.02,0.29,0.15,-0.19,-0.72,-0.72,-0.59,-0.43,-0.66,-0.54,-0.76,-0.44,-0.59,-0.64,-0.77,-0.86,-0.69,-0.73,-0.49,-0.38,-0.26,-0.21,-0.21,-0.24,-0.27,-0.13,-0.19,-0.32,-0.32,-0.23,-0.44,-0.71,-0.56,-0.36,-0.41,-0.29,-0.14,-0.01,-0.12,0.49,0.44,0.41,0.33,0.53,0.18,0.56,0.85,0.66,0.70,0.53,0.54,0.32,0.48,0.54,0.32,0.29,0.43,0.29,0.07,0.29,0.34,0.38,0.51,0.61,0.48,0.43,0.38,0.39,0.58,0.65,0.53,0.41,0.33,0.45,0.41,0.39,0.58,0.71,0.64,0.72,0.51,0.79,0.82,0.84,0.92,1.02,1.00,1.00,0.93,1.02,1.08,1.03,0.92,1.06,0.90,0.77,0.85,0.96,0.86,0.92
0.53,0.80,0.93,0.84,0.77,0.81,0.67,0.96,0.97,0.63,0.37,-0.23,0.09,0.08,-0.12,-0.19,-0.12,-0.13,-0.26,-0.26,-0.36,-0.42,-0.31,-0.11,-0.14,-0.22,-0.13,-0.27,-0.26,-0.33,-0.39,-0.33,-0.09,0.19,-0.17,-0.11,0.35,0.30,0.51,0.84,0.98,0.91,0.92,1.04,1.03,1.11,1.28,1.23,1.08,1.22,0.67,-0.18,-0.59,-0.64,-0.68,-0.73,-0.62,-0.57,-0.56,-0.44,-0.06,0.23,0.08,-0.36,-0.93,-0.58,-0.57,-0.37,-0.58,-0.72,-0.57,-0.82,-0.69,-0.67,-0.90,-0.91,-0.75,-0.83,-0.78,-0.71,-0.41,-0.34,-0.26,-0.38,-0.39,-0.44,-0.29,-0.29,-0.51,-0.48,-0.47,-0.62,-0.68,-0.58,-0.37,-0.21,-0.27,0.01,-0.07,0.58,0.53,0.63,0.33,0.55,0.45,0.61,0.66,0.60,0.71,0.66,0.55,0.39,0.37,0.37,0.29,0.29,0.28,0.17,0.12,0.33,0.34,0.43,0.39,0.53,0.41,0.43,0.44,0.34,0.43,0.56,0.49,0.51,0.49,0.46,0.38,0.37,0.45,0.61,0.81,0.69,0.85,0.82,0.67,0.80,1.00,0.98,0.87,0.91,1.00,0.98,1.03,1.09,0.93,1.03,1.02,0.92,0.86,0.85,0.90,1.12
0.67,0.86,0.85,0.72,0.80,0.85,0.91,0.97,0.91,0.66,0.22,-0.16,0.12,-0.02,-0.03,-0.08,-0.26,-0.23,-0.22,-0.24,-0.34,-0.39,-0.33,-0.28,-0.38,-0.39,-0.12,-0.22,-0.18,-0.43,-0.52,-0.38,-0.27,-0.11,-0.24,0.04,0.20,0.10,0.29,0.61,0.87,1.07,1.22,1.24,1.29,1.47,1.51,1.58,1.44,1.46,0.79,-0.22,-0.64,-0.77,-0.77,-0.69,-0.51,-0.47,-0.56,-0.58,-0.21,0.20,0.02,-0.52,-0.92,-0.72,-0.80,-0.62,-0.73,-0.75,-0.52,-0.76,-0.76,-0.80,-0.91,-0.96,-0.86,-0.81,-0.75,-0.63,-0.49,-0.34,-0.36,-0.53,-0.48,-0.42,-0.33,-0.42,-0.47,-0.51,-0.58,-0.71,-0.77,-0.59,-0.47,-0.38,-0.18,0.07,-0.17,0.46,0.56,0.34,0.40,0.30,0.30,0.55,0.69,0.56,0.50,0.53,0.51,0.43,0.34,0.33,0.25,0.17,0.23,0.25,0.17,0.27,0.32,0.39,0.32,0.39,0.35,0.35,0.39,0.29,0.32,0.40,0.44,0.41,0.46,0.30,0.27,0.30,0.30,0.44,0.60,0.38,0.58,0.65,0.66,0.81,0.97,0.93,0.76,0.76,0.87,0.87,0.90,1.01,0.86,1.04,1.06,1.02,0.95,0.88,0.86,1.09
0.74,0.84,0.79,0.79,0.95,0.91,0.91,0.85,0.69,0.45,0.14,-0.32,-0.16,-0.11,-0.16,-0.18,-0.17,-0.19,-0.47,-0.42,-0.44,-0.51,-0.43,-0.39,-0.54,-0.48,-0.33,-0.34,-0.37,-0.53,-0.52,-0.32,-0.07,0.02,-0.11,0.17,0.38,0.33,0.25,0.84,1.15,1.38,1.56,1.68,1.80,1.88,1.78,1.66,1.62,1.71,1.00,-0.21,-0.69,-0.77,-0.83,-0.77,-0.71,-0.62,-0.63,-0.66,-0.43,-0.07,-0.14,-0.66,-0.86,-0.75,-0.85,-0.59,-0.91,-0.78,-0.85,-0.77,-0.75,-0.76,-0.95,-0.88,-0.92,-0.81,-0.98,-0.82,-0.54,-0.58,-0.63,-0.82,-0.83,-0.71,-0.59,-0.66,-0.64,-0.67,-0.72,-0.69,-0.72,-0.67,-0.64,-0.52,-0.31,-0.37,-0.39,0.35,0.37,0.29,0.34,0.39,0.23,0.49,0.56,0.58,0.53,0.46,0.39,0.23,0.22,0.23,0.14,0.12,0.17,0.19,0.09,0.15,0.22,0.27,0.28,0.34,0.37,0.28,0.22,0.25,0.39,0.41,0.27,0.22,0.39,0.35,0.38,0.41,0.43,0.50,0.30,0.38,0.67,0.63,0.70,0.85,0.90,0.75,0.74,0.75,0.72,0.75,0.81,0.81,0.67,0.92,0.91,0.77,0.72,0.84,0.95,0.82
0.65,0.59,0.67,0.82,0.91,0.90,0.87,0.80,0.54,0.22,-0.04,-0.34,-0.11,-0.13,-0.19,-0.27,-0.31,-0.18,-0.38,-0.59,-0.61,-0.49,-0.36,-0.29,-0.32,-0.31,-0.42,-0.32,-0.37,-0.34,-0.22,-0.03,0.23,0.33,0.08,0.32,0.38,0.35,0.41,0.82,1.11,1.40,1.62,1.83,2.02,1.97,1.74,1.79,1.82,2.00,1.11,-0.21,-0.73,-0.75,-0.81,-0.80,-0.81,-0.57,-0.63,-0.68,-0.49,-0.22,-0.22,-0.78,-1.02,-0.87,-0.82,-0.71,-1.00,-0.85,-1.11,-0.82,-1.01,-1.07,-1.07,-0.98,-1.14,-0.93,-0.81,-0.66,-0.62,-0.72,-0.80,-0.88,-0.86,-0.83,-0.85,-0.85,-0.66,-0.56,-0.68,-0.86,-0.77,-0.57,-0.52,-0.39,-0.37,-0.18,-0.36,0.33,0.33,0.40,0.40,0.46,0.41,0.43,0.65,0.67,0.61,0.39,0.30,0.27,0.35,0.28,0.03,0.07,0.10,0.14,0.02,0.20,0.15,0.17,0.15,0.24,0.24,0.24,0.29,0.13,0.10,0.02,0.34,0.23,0.20,0.30,0.40,0.38,0.32,0.43,0.29,0.35,0.59,0.63,0.70,0.82,0.88,0.74,0.81,0.82,0.76,0.70,0.72,0.77,0.82,0.74,0.80,0.72,0.59,0.71,0.79,0.84
0.51,0.54,0.55,0.55,0.64,0.88,0.90,0.86,0.56,0.18,-0.22,-0.51,-0.17,-0.29,-0.29,-0.24,-0.24,-0.23,-0.51,-0.62,-0.44,-0.24,-0.21,-0.18,-0.07,0.03,-0.13,-0.12,-0.09,0.09,0.25,0.40,0.56,0.55,0.39,0.51,0.61,0.49,0.66,0.86,1.40,1.71,1.80,1.91,1.96,1.86,1.85,2.02,2.03,1.95,1.09,-0.19,-0.72,-0.59,-0.71,-0.75,-0.76,-0.58,-0.69,-0.69,-0.53,-0.41,-0.51,-0.92,-1.12,-1.03,-0.91,-0.93,-1.21,-0.97,-1.12,-0.93,-1.10,-0.91,-0.93,-0.88,-1.14,-1.11,-0.87,-0.91,-0.95,-0.85,-1.07,-0.95,-0.90,-1.02,-0.96,-0.93,-0.86,-0.80,-0.83,-0.83,-0.80,-0.76,-0.78,-0.47,-0.47,-0.27,-0.33,0.17,0.13,0.27,0.19,0.10,0.24,0.19,0.46,0.46,0.38,0.19,0.17,0.19,0.24,0.24,-0.01,-0.02,0.08,0.37,0.20,0.30,0.09,0.13,0.14,0.13,0.10,0.14,0.22,-0.02,-0.06,0.02,0.58,0.18,0.33,0.45,0.44,0.32,0.28,0.60,0.44,0.49,0.60,0.79,0.77,0.77,0.92,0.79,0.86,0.82,0.81,0.82,0.81,0.85,0.79,0.59,0.55,0.55,0.58,0.90,0.72,0.85
0.48,0.63,0.60,0.56,0.66,0.77,0.72,0.82,0.63,0.25,-0.18,-0.51,-0.08,-0.22,-0.16,-0.18,-0.27,-0.13,-0.01,-0.26,0.04,-0.06,-0.01,0.22,0.34,0.25,0.08,-0.04,0.17,0.41,0.54,0.65,0.80,0.81,0.69,0.75,0.82,0.58,0.67,0.86,1.09,1.29,1.39,1.55,1.77,1.90,1.79,1.49,1.42,1.49,0.86,-0.29,-0.57,-0.67,-0.76,-0.83,-0.90,-0.81,-0.80,-0.80,-0.71,-0.69,-0.78,-0.97,-1.08,-1.01,-0.91,-0.95,-1.19,-1.08,-1.12,-0.93,-1.10,-0.93,-0.98,-0.92,-1.11,-0.98,-0.81,-1.01,-0.98,-1.03,-1.07,-0.88,-0.80,-0.97,-0.96,-0.96,-0.91,-0.88,-0.87,-0.71,-0.63,-0.62,-0.66,-0.42,-0.34,-0.04,-0.47,0.17,0.04,0.08,-0.06,-0.29,-0.36,-0.21,-0.03,-0.07,-0.11,-0.16,-0.11,-0.03,-0.01,0.06,0.01,-0.06,0.02,0.29,0.04,0.08,0.15,0.18,0.10,0.06,0.01,-0.06,-0.01,-0.12,0.07,0.07,0.34,0.07,0.20,0.28,0.19,0.22,0.25,0.39,0.35,0.45,0.53,0.71,0.72,0.63,0.92,0.67,0.75,0.71,0.67,0.67,0.80,1.01,0.92,0.84,0.77,0.69,0.63,0.88,0.74,0.77
0.64,0.63,0.50,0.67,0.82,0.69,0.79,0.70,0.50,0.27,-0.06,-0.37,0.08,-0.13,-0.11,-0.12,-0.11,-0.11,-0.17,-0.31,-0.19,-0.01,-0.03,0.04,0.22,0.13,-0.09,-0.03,0.37,0.48,0.64,0.84,1.07,1.12,0.93,0.95,0.95,0.69,0.75,0.85,1.06,1.42,1.58,1.55,1.47,1.50,1.44,1.29,1.35,1.12,0.64,-0.29,-0.76,-0.68,-0.80,-0.63,-0.75,-0.52,-0.72,-0.91,-0.91,-0.86,-0.87,-0.97,-1.01,-0.98,-0.93,-0.91,-1.11,-1.06,-1.15,-1.02,-1.03,-1.16,-1.07,-0.90,-1.17,-0.96,-0.93,-1.05,-0.76,-1.02,-0.88,-0.97,-0.93,-0.85,-0.91,-0.96,-0.88,-0.88,-0.86,-0.72,-0.69,-0.56,-0.56,-0.33,-0.26,-0.07,-0.42,0.12,-0.12,-0.27,-0.39,-0.72,-1.00,-0.76,-0.53,-0.56,-0.58,-0.52,-0.42,-0.19,0.06,0.03,-0.03,-0.14,-0.09,0.07,-0.01,0.13,0.24,0.30,0.20,0.23,0.23,0.04,0.04,-0.03,0.12,0.17,0.25,0.10,0.24,0.35,0.28,0.28,0.33,0.25,0.34,0.45,0.45,0.50,0.50,0.49,0.82,0.59,0.61,0.44,0.33,0.40,0.29,0.53,0.66,0.59,0.45,0.40,0.45,0.61,0.61,0.66
0.48,0.51,0.43,0.44,0.48,0.59,0.79,0.33,0.17,0.12,-0.13,-0.32,0.22,-0.11,-0.13,-0.03,0.06,0.08,0.02,0.12,0.22,0.02,0.08,0.24,0.39,0.55,0.43,0.13,0.58,0.63,0.96,1.35,1.58,1.47,1.36,1.41,1.25,1.02,1.01,0.81,1.17,1.29,1.23,1.27,1.20,1.13,1.12,0.93,0.96,0.90,0.24,-0.27,-0.57,-0.53,-0.76,-0.88,-0.92,-0.86,-0.92,-0.90,-0.90,-1.02,-1.01,-0.93,-0.91,-0.96,-1.00,-0.91,-1.05,-0.98,-1.05,-1.07,-0.95,-1.22,-0.97,-0.86,-0.90,-1.00,-0.96,-0.95,-0.71,-0.90,-0.85,-0.97,-0.86,-0.73,-0.86,-0.91,-0.82,-0.88,-0.91,-0.71,-0.64,-0.53,-0.43,-0.24,-0.29,-0.29,-0.47,-0.13,-0.44,-0.66,-0.86,-1.06,-1.27,-1.11,-0.81,-0.80,-0.83,-0.72,-0.63,-0.49,-0.23,-0.06,-0.03,-0.19,-0.07,0.35,0.13,0.17,0.12,0.22,0.17,0.23,0.27,0.01,0.15,-0.14,-0.01,0.07,0.17,0.14,0.15,0.19,0.19,0.27,0.29,0.25,0.41,0.49,0.49,0.58,0.64,0.59,0.69,0.51,0.58,0.56,0.41,0.24,0.20,0.44,0.56,0.51,0.44,0.44,0.39,0.50,0.35,0.40
0.39,0.58,0.38,0.35,0.41,0.41,0.37,0.27,0.33,0.25,0.02,0.02,0.53,0.04,0.09,0.15,0.22,0.20,0.14,0.17,0.19,0.19,0.25,0.32,0.35,0.37,0.39,0.38,0.85,0.77,1.11,1.71,1.99,1.88,1.79,1.74,1.42,1.28,1.08,0.92,1.15,1.11,1.08,0.90,0.79,0.77,0.67,0.64,0.75,0.69,0.13,-0.47,-0.39,-0.34,-0.75,-0.64,-0.63,-0.66,-0.82,-0.90,-0.87,-0.91,-0.83,-0.75,-0.73,-0.71,-0.85,-0.80,-0.93,-0.93,-0.87,-0.91,-0.82,-0.97,-0.77,-0.90,-0.68,-0.90,-0.80,-0.92,-0.69,-0.77,-0.80,-0.83,-0.75,-0.67,-0.78,-0.80,-0.69,-0.73,-0.76,-0.64,-0.59,-0.54,-0.53,-0.36,-0.46,-0.34,-0.76,-0.42,-0.86,-0.93,-1.17,-1.11,-1.24,-1.06,-0.86,-0.85,-0.77,-0.66,-0.58,-0.53,-0.39,-0.14,0.02,0.07,0.09,0.09,0.09,0.03,0.06,0.38,0.34,0.18,0.27,0.10,0.17,-0.11,0.01,0.14,0.18,0.27,0.23,0.12,0.06,0.13,0.18,0.20,0.19,0.23,0.29,0.49,0.65,0.58,0.55,0.29,0.30,0.30,0.23,0.19,0.20,0.23,0.33,0.22,0.17,0.40,0.27,0.38,0.17,0.02
0.40,0.33,0.25,0.30,0.34,0.24,0.02,0.20,0.65,0.28,0.01,0.18,0.39,0.32,0.54,0.56,0.37,0.20,0.28,0.25,0.27,0.39,0.38,0.46,0.49,0.56,0.72,0.63,0.86,1.01,1.22,1.61,1.64,1.62,1.47,1.22,1.19,1.18,0.82,1.01,1.06,1.09,0.98,0.55,0.43,0.46,0.30,0.32,0.40,0.24,-0.14,-0.28,-0.48,-0.59,-0.58,-0.66,-0.71,-0.76,-0.83,-0.92,-0.82,-0.80,-0.85,-0.80,-0.78,-0.76,-0.82,-0.90,-0.96,-0.78,-0.80,-0.81,-0.68,-0.81,-0.73,-0.92,-0.82,-0.93,-0.68,-1.08,-0.81,-0.83,-0.85,-0.90,-0.91,-0.88,-0.87,-0.87,-0.82,-0.66,-0.62,-0.77,-0.83,-0.67,-1.03,-0.77,-0.73,-0.46,-0.86,-0.77,-1.08,-1.08,-1.25,-1.20,-1.34,-1.11,-1.00,-0.67,-0.32,-0.38,-0.52,-0.33,-0.22,0.03,0.02,-0.03,-0.06,0.39,0.17,0.15,0.10,0.27,0.24,0.15,0.38,0.20,0.40,0.02,0.01,0.18,0.15,0.22,0.32,0.29,0.25,0.19,0.27,0.34,0.22,0.38,0.41,0.35,0.43,0.46,0.53,0.41,0.29,0.07,-0.12,0.06,0.04,0.22,0.22,0.06,-0.11,0.01,-0.04,0.02,0.04,-0.12
0.27,-0.02,0.10,0.25,0.27,0.13,-0.04,0.08,0.65,0.33,0.25,0.48,0.71,0.92,0.86,0.76,0.37,0.27,0.53,0.49,0.41,0.48,0.46,0.44,0.46,0.69,0.85,0.50,1.04,0.95,0.90,1.08,1.23,1.09,0.96,1.04,1.11,0.91,0.48,0.69,0.82,0.88,0.58,0.23,0.14,0.13,0.15,0.18,0.09,-0.01,-0.26,-0.49,-0.43,-0.46,-0.46,-0.49,-0.54,-0.71,-0.82,-1.16,-1.25,-0.97,-0.83,-1.06,-1.20,-1.10,-1.17,-1.11,-1.21,-0.81,-1.11,-0.86,-0.91,-0.97,-0.93,-1.10,-0.92,-1.21,-0.76,-1.27,-1.16,-1.15,-1.12,-1.17,-1.08,-1.16,-1.17,-1.20,-1.19,-1.03,-1.03,-1.03,-0.98,-0.80,-1.22,-0.98,-0.95,-0.58,-0.90,-0.98,-0.93,-1.17,-1.21,-1.29,-1.20,-0.95,-0.71,-0.42,-0.12,-0.06,-0.04,0.12,-0.03,0.03,0.06,0.22,-0.02,0.32,0.03,0.08,-0.01,0.07,0.15,0.04,0.35,0.22,0.30,-0.04,-0.08,0.03,0.03,0.02,0.13,0.23,0.25,0.19,0.28,0.15,-0.08,0.17,0.38,0.33,0.35,0.43,0.44,0.29,0.09,-0.07,-0.17,-0.12,-0.12,0.15,0.17,0.04,-0.07,-0.33,-0.31,-0.29,-0.36,-0.34
0.07,0.10,0.06,0.22,0.23,0.14,0.08,0.08,0.64,0.60,0.50,0.50,0.65,0.69,0.29,0.29,0.17,0.24,0.43,0.38,0.25,0.30,0.32,0.32,0.40,0.61,0.61,0.38,0.87,0.55,0.86,0.85,0.77,0.65,0.55,0.55,0.58,0.34,0.12,0.04,0.39,0.43,0.10,-0.12,-0.09,-0.06,-0.07,-0.09,-0.12,-0.08,-0.47,-0.58,-0.49,-0.31,-0.67,-0.64,-0.80,-0.95,-1.05,-1.21,-1.17,-1.27,-1.27,-1.21,-1.32,-1.35,-1.36,-1.27,-1.40,-1.29,-1.26,-1.32,-1.46,-0.92,-1.02,-1.22,-1.27,-1.22,-1.16,-1.46,-1.05,-1.15,-1.19,-1.30,-1.15,-1.17,-1.20,-1.21,-1.27,-1.21,-1.27,-1.08,-1.03,-0.98,-1.20,-1.12,-1.27,-1.00,-1.12,-1.01,-0.90,-1.25,-1.05,-1.30,-1.17,-0.78,-0.48,-0.48,-0.54,-0.52,-0.51,-0.41,-0.36,-0.19,-0.29,-0.04,-0.07,0.15,-0.13,-0.09,-0.09,-0.06,0.07,-0.01,0.29,0.08,-0.06,-0.18,-0.11,-0.14,-0.06,0.04,0.09,0.06,0.01,0.15,0.03,0.08,-0.03,0.02,0.02,-0.16,-0.17,-0.18,-0.06,-0.06,-0.27,-0.47,-0.41,-0.37,-0.18,-0.09,-0.12,-0.24,-0.33,-0.59,-0.43,-0.46,-0.51,-0.48
-0.08,0.04,0.17,0.22,0.17,0.12,0.09,0.23,0.37,0.24,0.12,0.23,0.34,0.13,-0.31,-0.08,-0.12,-0.04,0.09,0.12,0.02,-0.11,-0.01,0.15,0.23,0.32,0.29,0.13,0.38,0.19,0.46,0.39,0.58,0.53,0.39,0.33,0.20,0.01,-0.04,-0.38,0.10,0.17,-0.12,-0.39,-0.22,-0.13,-0.22,-0.26,-0.26,-0.18,-0.51,-0.54,-0.56,-0.29,-0.39,-0.57,-0.43,-0.53,-0.85,-0.93,-1.05,-1.21,-1.26,-1.26,-1.27,-1.27,-1.21,-1.16,-1.20,-1.20,-1.35,-1.17,-1.54,-1.25,-0.82,-1.01,-0.93,-1.17,-1.10,-1.30,-1.12,-1.45,-1.40,-1.34,-1.21,-1.21,-1.17,-1.17,-1.22,-1.15,-1.15,-1.02,-0.96,-0.91,-1.17,-1.24,-1.01,-0.87,-0.92,-1.01,-1.17,-1.29,-1.17,-1.19,-0.87,-0.67,-0.66,-0.54,-0.41,-0.34,-0.42,-0.49,-0.37,-0.24,-0.51,-0.11,-0.12,-0.07,-0.24,-0.27,-0.31,-0.28,-0.03,-0.02,0.28,-0.13,-0.17,-0.17,-0.17,-0.29,-0.16,-0.04,-0.06,0.06,0.18,-0.02,0.09,-0.04,-0.28,-0.41,-0.51,-0.62,-0.56,-0.51,-0.53,-0.49,-0.62,-0.87,-0.91,-0.64,-0.33,-0.32,-0.46,-0.62,-0.71,-0.64,-0.56,-0.53,-0.64,-0.72
0.17,0.12,0.08,0.08,0.07,-0.07,0.01,0.30,0.17,-0.08,-0.08,0.01,0.08,0.01,-0.41,-0.36,-0.38,-0.47,-0.44,-0.26,-0.23,-0.37,-0.33,-0.09,-0.03,0.03,-0.02,-0.09,0.07,-0.06,0.19,0.07,0.15,0.04,-0.02,-0.01,-0.12,-0.36,-0.39,-0.26,-0.61,0.01,-0.29,-0.41,-0.32,-0.19,-0.18,-0.32,-0.39,-0.36,-0.61,-0.59,-0.63,-0.46,-0.36,-0.59,-0.38,-0.53,-0.71,-0.88,-0.97,-0.93,-0.81,-0.90,-1.07,-1.11,-1.16,-1.21,-1.39,-1.36,-1.43,-1.19,-1.22,-1.27,-1.17,-1.54,-1.02,-1.27,-0.95,-1.11,-1.00,-1.34,-1.11,-1.07,-0.96,-1.00,-0.98,-0.95,-1.01,-0.88,-0.86,-0.83,-1.06,-1.15,-1.14,-1.21,-0.97,-0.83,-0.75,-0.62,-0.88,-0.93,-0.87,-0.95,-0.86,-0.82,-0.75,-0.54,-0.48,-0.59,-0.69,-0.63,-0.49,-0.48,-0.56,-0.29,-0.31,-0.22,-0.36,-0.48,-0.61,-0.54,-0.23,-0.13,-0.01,-0.27,-0.34,-0.44,-0.43,-0.52,-0.31,-0.08,-0.14,-0.06,0.07,-0.27,-0.24,-0.47,-0.64,-0.72,-0.82,-0.93,-0.68,-0.68,-0.71,-0.72,-0.80,-1.00,-1.00,-0.81,-0.77,-0.71,-0.63,-0.69,-0.98,-0.76,-0.64,-0.73,-0.80,-0.77
-0.12,-0.11,-0.04,0.13,-0.06,-0.09,0.01,0.10,0.14,0.02,-0.08,-0.14,-0.09,-0.07,-0.32,-0.31,-0.22,-0.34,-0.34,-0.22,-0.26,-0.57,-0.37,-0.33,-0.14,-0.18,-0.31,-0.27,-0.11,-0.12,-0.03,-0.17,-0.03,-0.18,-0.29,-0.29,-0.33,-0.51,-0.72,-0.56,-0.39,-0.03,-0.39,-0.46,-0.44,-0.28,-0.36,-0.58,-0.53,-0.49,-0.86,-0.76,-0.77,-0.82,-0.58,-0.69,-0.51,-0.58,-0.69,-0.86,-0.90,-0.87,-0.75,-0.88,-1.01,-0.90,-0.85,-0.85,-0.93,-0.95,-1.08,-1.11,-1.08,-0.91,-0.75,-1.08,-0.82,-0.86,-0.92,-0.93,-0.87,-0.97,-0.91,-0.88,-0.85,-0.81,-0.92,-0.95,-0.76,-0.72,-0.87,-0.64,-0.78,-0.81,-1.17,-1.05,-0.80,-0.81,-0.93,-0.83,-0.93,-1.00,-1.00,-0.92,-0.90,-0.95,-0.82,-0.68,-0.71,-0.63,-0.81,-0.80,-0.73,-0.73,-0.67,-0.56,-0.52,-0.36,-0.51,-0.78,-0.85,-0.73,-0.54,-0.57,-0.32,-0.49,-0.73,-0.77,-0.61,-0.53,-0.43,-0.36,-0.52,-0.41,-0.13,-0.17,-0.42,-0.48,-0.57,-0.71,-0.90,-0.98,-0.73,-0.82,-0.77,-0.75,-0.85,-0.96,-1.02,-0.92,-0.98,-0.86,-0.72,-0.78,-0.83,-1.02,-0.93,-0.92,-0.98,-0.88
-0.19,-0.21,0.10,0.09,-0.14,-0.04,-0.09,-0.27,-0.28,-0.08,-0.28,-0.41,-0.33,-0.22,-0.33,-0.44,-0.26,-0.42,-0.43,-0.32,-0.43,-0.52,-0.64,-0.53,-0.56,-0.56,-0.56,-0.51,-0.34,-0.23,-0.27,-0.39,-0.23,-0.43,-0.59,-0.59,-0.52,-0.54,-0.66,-0.52,-0.42,-0.43,-0.54,-0.58,-0.46,-0.59,-0.73,-0.67,-0.51,-0.61,-0.91,-0.86,-0.88,-1.06,-0.83,-0.97,-0.72,-0.72,-0.77,-0.82,-0.75,-0.77,-0.80,-0.86,-0.92,-0.83,-0.77,-0.87,-0.98,-0.90,-1.02,-0.83,-0.93,-0.85,-0.78,-1.07,-0.87,-1.02,-0.91,-0.92,-0.95,-1.06,-1.00,-1.06,-1.07,-0.97,-0.88,-0.75,-0.71,-0.93,-0.91,-0.83,-0.80,-0.63,-0.95,-1.15,-0.96,-0.97,-1.02,-0.97,-1.00,-1.08,-1.12,-1.15,-1.17,-1.19,-1.06,-0.86,-0.76,-0.59,-0.81,-0.82,-0.85,-0.93,-0.85,-0.68,-0.64,-0.51,-0.67,-0.98,-1.11,-0.98,-0.71,-0.96,-0.72,-0.64,-0.96,-1.07,-0.95,-0.78,-0.63,-0.48,-0.46,-0.43,-0.38,-0.31,-0.54,-0.63,-0.61,-0.67,-0.78,-0.81,-0.77,-0.93,-0.97,-1.02,-1.11,-1.02,-0.95,-0.95,-1.01,-0.93,-0.78,-0.82,-0.86,-0.92,-1.00,-1.05,-1.07,-0.98
-0.26,-0.24,0.03,-0.03,-0.28,-0.18,-0.17,-0.28,-0.43,-0.33,-0.67,-0.73,-0.57,-0.44,-0.49,-0.52,-0.57,-0.68,-0.59,-0.59,-0.73,-0.63,-0.73,-0.73,-0.57,-0.68,-0.61,-0.57,-0.66,-0.46,-0.51,-0.54,-0.49,-0.63,-0.69,-0.67,-0.61,-0.57,-0.63,-0.69,-0.54,-0.54,-0.81,-0.85,-0.71,-0.78,-0.83,-0.75,-0.75,-0.87,-0.88,-0.81,-0.90,-0.95,-1.02,-1.29,-0.92,-0.96,-0.90,-0.83,-0.80,-0.76,-0.86,-0.86,-0.91,-0.96,-0.82,-0.91,-1.02,-0.90,-0.97,-0.92,-0.93,-0.95,-0.81,-1.19,-1.06,-1.05,-0.93,-0.96,-1.07,-1.07,-1.02,-1.07,-1.08,-0.98,-1.00,-1.00,-0.92,-1.02,-0.87,-0.81,-0.73,-0.77,-0.87,-1.20,-1.05,-0.93,-1.15,-0.81,-1.05,-1.11,-1.21,-1.24,-1.19,-1.17,-1.15,-1.00,-0.80,-0.68,-0.83,-0.71,-0.85,-1.02,-0.97,-0.78,-0.77,-0.61,-0.61,-0.85,-0.98,-0.97,-0.95,-1.11,-1.12,-0.92,-1.20,-1.19,-1.08,-1.05,-0.90,-0.69,-0.69,-0.39,-0.44,-0.39,-0.61,-0.77,-0.82,-0.82,-0.66,-0.54,-0.76,-1.08,-1.11,-1.02,-1.15,-1.19,-1.03,-1.02,-1.02,-1.05,-1.03,-1.00,-1.11,-0.98,-1.00,-1.15,-1.21,-0.96
-0.33,-0.29,-0.11,-0.22,-0.52,-0.41,-0.33,-0.42,-0.58,-0.76,-0.61,-0.54,-0.57,-0.61,-0.63,-0.52,-0.83,-0.72,-0.72,-0.85,-0.87,-0.72,-0.63,-0.61,-0.76,-0.90,-0.71,-0.59,-0.56,-0.49,-0.73,-0.68,-0.61,-0.67,-0.67,-0.72,-0.71,-0.71,-0.77,-0.85,-0.68,-0.76,-0.80,-0.82,-0.78,-0.72,-0.85,-0.78,-0.72,-0.90,-0.88,-0.93,-1.01,-0.91,-0.96,-1.16,-0.92,-1.03,-1.00,-0.90,-1.05,-0.93,-1.07,-1.05,-0.97,-0.98,-0.91,-1.01,-1.12,-0.96,-1.03,-0.97,-1.06,-1.07,-0.78,-1.26,-1.02,-1.10,-1.14,-1.16,-1.15,-1.11,-1.08,-1.07,-1.05,-0.91,-0.92,-1.07,-1.10,-1.08,-1.00,-0.92,-0.93,-0.96,-1.06,-1.15,-1.07,-0.81,-1.08,-0.86,-1.01,-1.01,-1.15,-1.30,-1.19,-1.03,-1.01,-1.00,-0.87,-0.83,-0.83,-0.61,-0.98,-1.00,-0.96,-0.96,-0.98,-0.98,-0.98,-0.96,-0.92,-1.07,-1.07,-1.05,-0.91,-0.93,-1.26,-1.22,-1.16,-1.21,-1.06,-0.90,-0.93,-0.59,-0.48,-0.41,-0.56,-0.69,-0.73,-0.92,-0.80,-0.62,-0.59,-0.85,-1.06,-1.10,-1.20,-1.19,-0.83,-0.98,-1.15,-1.17,-1.24,-1.21,-1.29,-1.22,-1.22,-1.30,-1.32,-1.26
-0.39,-0.31,-0.23,-0.39,-0.61,-0.68,-0.62,-0.56,-0.62,-0.73,-0.73,-0.66,-0.51,-0.56,-0.73,-0.77,-0.75,-0.62,-0.82,-0.88,-0.78,-0.71,-0.62,-0.81,-0.61,-0.58,-0.68,-0.69,-0.64,-0.77,-0.80,-0.86,-0.73,-0.67,-0.86,-0.91,-0.85,-0.86,-0.92,-0.91,-0.77,-0.95,-0.90,-0.80,-0.96,-0.75,-0.68,-0.64,-0.73,-0.91,-0.93,-0.97,-1.02,-0.71,-0.91,-1.05,-1.03,-1.12,-1.03,-0.96,-1.05,-1.10,-1.27,-1.24,-1.02,-0.92,-1.02,-1.21,-1.25,-1.05,-1.06,-1.00,-1.21,-1.17,-0.97,-1.24,-1.00,-1.07,-1.06,-1.21,-1.07,-1.14,-1.16,-1.15,-1.10,-0.97,-0.92,-1.00,-1.11,-1.16,-1.00,-0.96,-0.96,-0.92,-1.16,-1.11,-1.01,-0.90,-0.95,-1.06,-1.02,-0.98,-1.02,-1.29,-1.26,-1.00,-0.91,-0.76,-0.73,-0.86,-0.88,-0.59,-0.77,-0.95,-0.93,-0.97,-0.97,-0.95,-1.07,-1.21,-1.00,-0.64,-0.96,-0.92,-1.01,-1.00,-1.24,-1.22,-1.15,-1.20,-1.02,-1.02,-1.02,-0.81,-0.68,-0.58,-0.61,-0.69,-0.77,-0.86,-0.78,-0.62,-0.90,-0.97,-0.93,-0.95,-1.15,-1.07,-0.85,-0.98,-1.16,-1.12,-1.20,-1.29,-1.22,-1.15,-1.21,-1.38,-1.08,-1.22
-0.53,-0.47,-0.39,-0.47,-0.64,-0.91,-0.85,-0.72,-0.62,-0.63,-0.75,-0.76,-0.61,-0.72,-0.95,-1.00,-0.87,-0.81,-0.88,-0.82,-0.73,-0.69,-0.71,-0.86,-0.63,-0.63,-0.64,-0.69,-0.72,-0.71,-0.82,-0.78,-0.56,-0.34,-0.57,-0.81,-0.87,-0.92,-0.98,-0.97,-0.92,-1.06,-1.07,-0.85,-1.00,-0.71,-0.72,-0.95,-0.97,-0.91,-1.01,-1.08,-0.92,-0.77,-0.77,-1.19,-0.91,-0.91,-0.81,-1.00,-1.12,-1.11,-1.12,-1.11,-1.11,-1.02,-1.03,-1.21,-1.15,-1.03,-1.08,-1.15,-1.17,-1.24,-1.15,-1.22,-1.06,-1.02,-0.88,-1.19,-1.01,-1.07,-1.21,-1.20,-1.11,-1.05,-1.00,-0.92,-0.92,-1.03,-0.95,-0.87,-0.78,-0.83,-1.06,-1.12,-0.93,-0.98,-0.90,-1.03,-1.05,-1.10,-1.11,-1.11,-1.02,-0.85,-0.80,-0.61,-0.47,-0.86,-0.77,-0.67,-0.86,-0.88,-1.00,-0.95,-0.96,-0.96,-0.96,-1.14,-1.10,-0.67,-0.91,-1.00,-0.91,-1.11,-1.24,-1.14,-1.05,-1.07,-0.97,-1.12,-1.07,-0.87,-0.86,-0.81,-0.76,-0.68,-0.53,-0.58,-0.77,-0.73,-0.59,-0.69,-0.83,-0.87,-1.15,-0.92,-0.88,-0.97,-1.02,-0.92,-1.07,-1.27,-1.15,-1.10,-1.22,-1.34,-0.96,-1.21
-0.58,-0.58,-0.53,-0.58,-0.83,-0.83,-0.93,-0.80,-0.64,-0.67,-0.78,-0.67,-0.66,-0.67,-0.75,-0.85,-0.85,-0.95,-0.93,-0.95,-0.90,-0.80,-0.72,-0.69,-0.68,-0.81,-0.77,-0.83,-0.85,-0.83,-0.88,-0.85,-0.39,-0.72,-0.61,-0.85,-0.97,-1.00,-1.01,-1.03,-1.10,-1.12,-1.15,-0.97,-0.91,-0.75,-0.87,-1.12,-1.03,-0.88,-0.98,-1.01,-0.88,-0.87,-0.75,-1.12,-0.95,-0.66,-0.83,-0.86,-0.91,-0.96,-1.12,-1.25,-1.20,-1.01,-0.86,-0.85,-0.92,-1.02,-1.24,-1.22,-0.97,-1.21,-1.05,-1.21,-1.22,-1.12,-0.97,-1.25,-1.08,-1.05,-1.16,-1.21,-1.14,-1.06,-1.08,-1.05,-0.86,-0.83,-1.02,-0.85,-0.85,-0.95,-1.02,-1.11,-1.00,-0.80,-0.77,-0.87,-0.86,-1.01,-1.17,-1.10,-1.00,-1.03,-0.93,-0.85,-0.93,-0.76,-0.87,-0.82,-0.93,-1.02,-1.08,-1.00,-0.90,-0.86,-0.80,-0.75,-0.88,-0.81,-0.91,-1.06,-0.86,-1.07,-1.24,-1.07,-0.96,-1.10,-1.03,-1.29,-1.08,-1.17,-1.24,-1.27,-1.21,-1.00,-0.85,-0.69,-0.77,-0.64,-0.56,-0.68,-0.90,-0.83,-1.05,-0.88,-0.86,-0.83,-0.83,-1.11,-1.20,-1.30,-1.26,-1.16,-1.11,-1.15,-0.92,-1.07
-0.44,-0.53,-0.61,-0.64,-0.63,-0.68,-0.78,-0.71,-0.73,-0.86,-0.91,-0.78,-0.83,-0.67,-0.85,-1.11,-0.81,-0.77,-0.81,-0.80,-1.01,-1.01,-0.71,-0.64,-0.64,-0.82,-0.95,-0.83,-0.80,-0.86,-0.85,-0.90,-0.59,-0.83,-0.87,-1.10,-1.25,-1.08,-0.93,-1.01,-1.16,-1.06,-1.08,-1.11,-0.95,-0.87,-0.98,-1.08,-1.07,-1.03,-1.10,-1.15,-1.02,-1.11,-1.12,-1.30,-1.12,-0.82,-0.81,-0.95,-1.00,-1.01,-1.15,-1.17,-1.29,-1.30,-1.14,-1.02,-0.96,-1.03,-1.12,-1.31,-1.26,-1.25,-1.20,-1.31,-1.46,-1.32,-1.06,-1.19,-1.16,-1.16,-1.02,-1.25,-1.35,-1.19,-1.32,-1.45,-1.21,-1.07,-1.10,-0.86,-1.17,-1.14,-1.10,-1.01,-0.95,-0.88,-0.77,-0.72,-0.82,-0.82,-0.80,-0.97,-1.22,-1.39,-1.22,-0.95,-1.07,-0.87,-0.93,-1.05,-1.16,-1.08,-1.02,-1.05,-0.98,-0.91,-0.85,-0.63,-0.80,-0.88,-0.96,-1.12,-0.97,-1.03,-1.12,-1.15,-1.16,-1.25,-1.06,-1.02,-1.02,-1.19,-1.10,-1.07,-1.20,-1.16,-1.02,-0.88,-0.93,-0.80,-0.72,-0.78,-0.92,-0.80,-0.90,-1.00,-1.01,-0.98,-0.96,-1.00,-0.97,-0.91,-0.96,-1.05,-1.06,-0.96,-0.97,-0.92
-0.32,-0.52,-0.59,-0.61,-0.64,-0.73,-0.73,-0.73,-0.85,-0.98,-1.03,-1.07,-0.91,-0.75,-0.90,-1.05,-1.00,-0.82,-0.90,-1.11,-1.16,-1.02,-0.93,-0.93,-0.78,-0.62,-0.90,-0.72,-0.73,-0.78,-0.78,-0.81,-0.61,-0.72,-0.92,-0.93,-1.10,-1.16,-1.02,-1.02,-1.17,-1.07,-1.14,-1.14,-1.19,-1.03,-1.08,-1.03,-1.16,-1.20,-1.20,-1.31,-1.27,-1.26,-1.36,-1.29,-1.31,-1.06,-0.92,-1.11,-1.21,-1.20,-1.22,-1.14,-1.15,-1.12,-0.88,-0.93,-1.25,-1.10,-1.10,-1.10,-0.95,-1.26,-0.96,-1.44,-1.21,-1.40,-0.97,-1.12,-1.02,-1.34,-1.35,-1.36,-1.36,-1.26,-1.32,-1.32,-1.19,-1.15,-1.46,-1.19,-1.22,-1.01,-1.53,-1.17,-1.17,-1.01,-1.01,-1.00,-1.05,-1.22,-1.35,-1.46,-1.58,-1.51,-1.43,-1.10,-1.24,-1.15,-1.19,-1.29,-1.21,-1.19,-1.10,-1.11,-1.14,-1.07,-1.02,-0.76,-1.03,-1.03,-0.97,-1.26,-1.05,-1.10,-1.17,-1.06,-1.34,-1.50,-1.34,-1.34,-1.14,-1.10,-1.14,-1.11,-1.11,-1.17,-0.91,-0.71,-1.00,-0.87,-0.85,-0.87,-0.78,-0.95,-0.95,-0.97,-0.92,-0.90,-0.97,-1.14,-0.91,-1.02,-1.19,-1.21,-1.16,-0.83,-1.00,-0.93
-0.42,-0.49,-0.59,-0.68,-0.81,-0.97,-0.78,-0.85,-0.85,-0.90,-1.02,-1.10,-0.78,-0.86,-0.96,-1.03,-0.97,-0.85,-0.85,-0.86,-0.76,-0.82,-0.91,-0.76,-0.87,-0.51,-0.77,-0.78,-0.83,-0.87,-0.86,-0.80,-0.73,-0.81,-0.98,-1.03,-1.16,-1.29,-1.34,-1.45,-1.43,-1.24,-1.34,-1.21,-1.34,-1.15,-1.22,-1.16,-1.22,-1.24,-1.30,-1.41,-1.39,-1.26,-1.36,-1.36,-1.38,-1.27,-0.97,-1.21,-1.21,-1.01,-1.14,-1.22,-1.21,-1.21,-1.25,-1.29,-1.35,-1.25,-1.12,-1.43,-1.49,-1.36,-1.29,-1.65,-1.64,-1.50,-1.53,-1.53,-1.41,-1.38,-1.48,-1.40,-1.26,-1.21,-1.25,-1.32,-1.31,-1.35,-1.30,-1.38,-1.27,-1.08,-1.38,-1.25,-1.27,-1.05,-1.08,-1.14,-1.21,-1.35,-1.38,-1.35,-1.48,-1.48,-1.39,-1.20,-1.31,-1.36,-1.34,-1.39,-1.45,-1.39,-1.21,-1.11,-1.10,-1.11,-1.21,-0.91,-1.20,-1.27,-0.91,-1.24,-1.15,-1.19,-1.41,-1.31,-1.40,-1.39,-1.22,-1.24,-1.19,-1.16,-1.20,-1.17,-1.02,-1.11,-1.06,-0.67,-0.96,-0.90,-0.81,-1.05,-1.06,-1.14,-0.97,-0.97,-0.90,-0.77,-1.01,-1.07,-1.01,-1.00,-1.17,-1.36,-1.30,-0.83,-0.92,-1.02
