-15.35,-15.52,-15.75,-15.69,-15.40,-15.67,-15.76,-15.60,-15.52,-15.40,-15.55,-15.82,-16.01,-16.01,-15.98,-16.24,-16.13,-16.27,-16.28,-16.28,-16.38,-16.24,-16.08,-16.24,-16.44,-16.50,-16.52,-16.55,-16.44,-16.39,-16.55,-16.49,-16.66,-16.56,-16.84,-16.98,-16.75,-16.73,-16.72,-17.03,-17.11,-17.01,-17.14,-17.11,-17.20,-17.22,-17.09,-17.14,-17.20,-17.40,-17.29,-17.45,-17.62,-17.62,-17.45,-17.73,-17.62,-17.47,-17.62,-17.65,-17.43,-17.42,-17.70,-17.37,-17.47,-17.47,-17.34,-17.62,-17.37,-17.25,-17.42,-17.57,-17.53,-17.40,-17.43,-17.28,-17.31,-17.62,-17.67,-17.53,-17.37,-17.42,-17.43,-17.11,-17.34,-17.23,-17.26,-17.47,-17.32,-17.70,-17.87,-17.67,-17.50,-17.57,-17.64,-17.64,-17.61,-17.57,-17.62,-17.50,-17.59,-17.72,-17.94,-18.11,-18.08,-17.83,-17.81,-17.81,-17.65,-17.75,-17.98,-17.79,-17.50,-17.56,-17.53,-17.78,-17.23,-17.42,-17.39,-17.20,-17.18,-17.22,-17.09,-16.93,-16.90,-17.07,-16.70,-17.01,-17.20,-17.09,-17.17,-17.26,-17.07,-16.81,-16.73,-17.09,-16.67,-16.75,-17.14,-17.17,-16.89,-16.83,-16.72,-16.66,-16.73,-16.73,-16.64,-16.66,-16.72,-16.73,-16.62,-16.58,-16.66,-16.61,-16.76,-16.72,-16.62,-16.59,-16.64,-16.45
-15.26,-15.37,-15.67,-15.64,-15.47,-15.56,-15.81,-15.92,-15.63,-15.64,-15.53,-15.67,-15.98,-16.22,-16.16,-16.15,-16.18,-16.28,-16.33,-16.24,-16.24,-16.30,-16.08,-16.16,-16.27,-16.27,-16.35,-16.59,-16.35,-16.41,-16.61,-16.87,-16.53,-16.50,-16.64,-16.66,-16.62,-16.69,-16.79,-16.95,-16.87,-16.87,-16.81,-16.98,-17.07,-17.17,-17.28,-17.15,-17.15,-17.09,-17.09,-17.20,-17.34,-17.39,-17.43,-17.56,-17.57,-17.61,-17.73,-17.47,-17.25,-17.64,-17.56,-17.47,-17.54,-17.67,-17.48,-17.29,-17.56,-17.37,-17.47,-17.57,-17.57,-17.40,-17.36,-17.32,-17.26,-17.39,-17.53,-17.59,-17.62,-17.53,-17.45,-17.00,-17.00,-17.31,-17.42,-17.45,-17.42,-17.64,-17.54,-17.50,-17.40,-17.50,-17.61,-17.65,-17.64,-17.57,-17.68,-17.51,-17.67,-17.64,-18.09,-17.98,-18.08,-17.75,-17.76,-17.79,-17.61,-17.56,-17.70,-17.59,-17.42,-17.53,-17.48,-17.84,-17.51,-17.59,-17.23,-17.03,-16.98,-17.01,-16.98,-16.86,-16.83,-16.90,-16.50,-16.89,-17.14,-17.07,-17.14,-17.17,-16.98,-16.78,-16.83,-17.12,-16.89,-16.78,-16.79,-16.89,-16.97,-16.87,-16.87,-16.64,-16.83,-16.86,-16.73,-16.59,-16.61,-16.73,-16.67,-16.70,-16.58,-16.22,-16.55,-16.87,-16.64,-16.55,-16.67,-16.59
-15.23,-15.31,-15.53,-15.63,-15.72,-15.84,-15.87,-15.79,-15.70,-15.64,-15.55,-15.56,-15.58,-15.60,-15.82,-16.04,-16.01,-16.04,-16.18,-16.28,-16.07,-16.28,-16.24,-16.15,-16.15,-16.15,-16.10,-16.21,-16.45,-16.16,-16.45,-16.52,-16.78,-16.50,-16.42,-16.73,-16.72,-16.76,-16.95,-16.73,-16.83,-16.76,-16.79,-16.93,-17.04,-17.17,-17.39,-17.11,-17.11,-16.92,-17.07,-17.47,-17.56,-17.37,-17.23,-17.50,-17.73,-17.67,-17.78,-17.65,-17.18,-17.40,-17.67,-17.51,-17.56,-17.43,-17.48,-17.42,-17.29,-17.54,-17.47,-17.56,-17.48,-17.12,-16.98,-16.92,-16.93,-17.15,-17.36,-17.39,-17.25,-17.18,-17.26,-17.31,-17.18,-17.14,-17.31,-17.51,-16.98,-17.37,-17.57,-17.43,-17.39,-17.36,-17.42,-17.47,-17.50,-17.53,-17.39,-17.29,-17.65,-17.75,-18.09,-18.00,-18.02,-17.72,-17.64,-17.62,-17.51,-17.40,-17.50,-17.47,-17.40,-17.47,-17.50,-17.83,-17.36,-17.39,-17.36,-16.89,-16.86,-16.95,-16.87,-16.87,-17.04,-16.83,-16.66,-16.97,-17.12,-17.00,-17.00,-17.03,-16.90,-16.79,-16.93,-16.89,-16.98,-16.78,-16.67,-16.72,-16.89,-16.92,-16.53,-16.86,-16.86,-16.87,-16.76,-16.50,-16.45,-16.56,-16.49,-16.50,-16.44,-16.33,-16.62,-16.78,-16.58,-16.56,-16.69,-16.70
-15.29,-15.28,-15.52,-15.66,-15.70,-15.79,-15.93,-15.99,-15.78,-15.60,-15.63,-15.58,-15.46,-15.37,-15.56,-15.87,-15.90,-15.87,-15.98,-16.19,-16.04,-16.01,-16.05,-16.08,-16.08,-16.07,-16.08,-16.35,-16.59,-16.53,-16.41,-16.39,-16.58,-16.47,-16.30,-16.58,-16.72,-16.81,-16.86,-16.59,-16.75,-16.64,-16.87,-17.04,-17.06,-17.20,-17.28,-17.12,-16.79,-16.86,-17.34,-17.48,-17.23,-17.01,-17.26,-17.54,-17.78,-17.76,-17.61,-17.48,-17.31,-17.39,-17.36,-17.59,-17.32,-17.57,-17.34,-17.34,-17.47,-17.45,-17.37,-17.45,-17.37,-17.22,-17.22,-17.04,-16.92,-17.20,-17.32,-17.26,-17.17,-17.11,-17.23,-17.15,-16.97,-17.17,-17.28,-17.32,-17.14,-17.51,-17.40,-17.22,-17.37,-17.51,-17.51,-17.43,-17.45,-17.51,-17.34,-17.20,-17.31,-17.75,-18.28,-17.86,-17.87,-17.57,-17.62,-17.53,-17.42,-17.40,-17.45,-17.40,-17.31,-17.31,-17.40,-17.43,-17.26,-17.29,-17.20,-16.87,-16.75,-17.00,-17.04,-16.89,-16.92,-16.84,-16.66,-16.83,-17.18,-17.12,-17.04,-16.95,-16.90,-16.87,-16.78,-16.64,-16.86,-16.70,-16.69,-16.69,-16.69,-16.70,-16.76,-17.04,-16.76,-16.76,-16.66,-16.47,-16.52,-16.39,-16.44,-16.50,-16.44,-16.35,-16.49,-16.69,-16.59,-16.64,-16.75,-16.75
-15.43,-15.26,-15.72,-15.52,-15.72,-15.96,-15.93,-15.82,-15.93,-15.73,-15.56,-15.60,-15.64,-15.44,-15.55,-15.78,-15.84,-15.92,-16.10,-16.16,-16.12,-15.90,-16.04,-16.12,-16.10,-16.12,-16.13,-16.27,-16.42,-16.42,-16.44,-16.49,-16.38,-16.27,-16.30,-16.55,-16.66,-16.67,-16.69,-16.78,-16.59,-16.45,-16.58,-16.86,-17.06,-17.09,-17.25,-17.20,-16.47,-16.84,-17.23,-17.43,-17.45,-17.36,-17.11,-17.15,-17.57,-17.65,-17.34,-17.17,-17.15,-17.31,-17.45,-17.40,-17.40,-17.54,-17.40,-17.43,-17.40,-17.25,-17.34,-17.29,-17.26,-17.34,-17.31,-17.09,-16.95,-17.14,-17.26,-17.23,-17.29,-17.09,-17.14,-17.07,-17.07,-17.18,-17.03,-17.31,-17.18,-17.17,-17.18,-17.18,-17.37,-17.53,-17.45,-17.31,-17.43,-17.64,-17.32,-17.06,-17.57,-17.92,-17.83,-17.61,-17.47,-17.40,-17.45,-17.61,-17.34,-17.29,-17.39,-17.34,-17.23,-17.20,-17.29,-17.28,-17.11,-17.26,-16.90,-16.98,-17.01,-17.09,-17.06,-16.87,-16.72,-16.78,-16.81,-16.69,-17.20,-17.23,-17.00,-16.86,-16.90,-16.86,-16.66,-16.76,-16.72,-16.58,-16.72,-16.59,-16.62,-16.70,-16.50,-16.75,-16.81,-16.78,-16.61,-16.58,-16.66,-16.32,-16.61,-16.55,-16.36,-16.30,-16.44,-16.55,-16.67,-16.53,-16.36,-16.33
-15.64,-15.66,-15.78,-15.66,-15.60,-15.67,-15.78,-15.85,-15.99,-15.87,-15.78,-15.76,-15.84,-15.63,-15.55,-15.69,-15.73,-15.78,-16.07,-16.32,-16.24,-16.16,-16.15,-15.92,-15.93,-16.24,-16.15,-16.24,-16.28,-16.27,-16.24,-16.50,-16.47,-16.24,-16.36,-16.66,-16.75,-16.44,-16.64,-17.07,-16.79,-16.53,-16.61,-16.84,-17.03,-17.18,-16.95,-17.14,-16.90,-17.00,-17.04,-17.06,-17.43,-17.45,-17.26,-17.28,-17.53,-17.61,-17.34,-17.17,-17.12,-17.12,-17.42,-17.39,-17.32,-17.48,-17.36,-17.36,-17.22,-17.12,-17.26,-17.31,-17.28,-17.37,-17.31,-16.97,-16.87,-17.14,-17.22,-17.14,-17.18,-17.14,-17.22,-16.98,-17.12,-17.18,-16.93,-17.28,-17.23,-17.06,-17.20,-17.20,-17.20,-17.51,-17.42,-17.22,-17.42,-17.54,-17.23,-17.06,-17.29,-17.68,-17.86,-17.83,-17.47,-17.68,-17.86,-17.72,-17.34,-17.23,-17.34,-17.37,-17.36,-17.32,-17.32,-17.28,-16.95,-17.36,-16.89,-16.90,-17.06,-16.95,-16.75,-16.76,-16.93,-16.83,-16.49,-16.59,-16.81,-16.56,-16.70,-16.66,-16.67,-16.66,-16.67,-16.93,-16.69,-16.59,-16.75,-16.79,-16.72,-16.56,-16.62,-16.78,-16.73,-16.76,-16.76,-16.70,-16.52,-16.47,-16.70,-16.53,-16.39,-16.33,-16.28,-16.42,-16.47,-16.28,-16.36,-16.59
-15.35,-15.61,-15.84,-15.67,-15.67,-15.85,-15.93,-15.78,-16.02,-15.99,-15.98,-16.04,-15.87,-15.76,-15.47,-15.56,-15.66,-15.73,-16.07,-16.28,-16.38,-16.21,-15.99,-15.82,-15.76,-15.92,-15.99,-16.05,-16.12,-16.13,-16.19,-16.45,-16.58,-16.44,-16.41,-16.49,-16.75,-16.44,-16.52,-16.78,-16.67,-16.44,-16.41,-16.70,-16.90,-16.73,-16.90,-17.11,-17.03,-17.12,-17.11,-17.23,-17.28,-17.47,-17.39,-17.23,-17.36,-17.42,-17.36,-17.28,-17.12,-17.22,-17.42,-17.37,-17.25,-17.48,-17.31,-17.29,-17.06,-17.12,-17.18,-17.36,-17.37,-17.29,-17.20,-16.95,-16.87,-17.23,-17.32,-17.14,-17.12,-17.07,-17.28,-16.92,-17.06,-17.11,-17.12,-17.28,-17.22,-17.00,-17.14,-17.25,-17.28,-17.40,-17.40,-17.29,-17.36,-17.40,-17.26,-17.25,-17.40,-17.70,-17.73,-17.67,-17.76,-17.59,-17.50,-17.09,-16.89,-17.22,-17.34,-17.40,-17.54,-17.56,-17.36,-17.07,-16.95,-17.37,-17.01,-16.75,-16.93,-16.78,-16.55,-16.64,-16.75,-16.62,-16.62,-16.72,-16.92,-16.84,-16.70,-16.73,-16.67,-16.58,-16.59,-16.75,-16.66,-16.70,-16.89,-16.87,-16.64,-16.50,-16.53,-16.61,-16.53,-16.78,-16.56,-16.25,-16.28,-16.66,-16.50,-16.52,-16.53,-16.38,-16.28,-16.44,-16.32,-16.22,-16.24,-16.41
-15.47,-15.52,-15.55,-15.58,-15.61,-15.81,-16.18,-15.75,-16.04,-16.10,-16.04,-16.10,-15.95,-15.56,-15.49,-15.67,-15.67,-15.49,-15.73,-15.79,-15.81,-15.98,-15.85,-15.76,-15.92,-15.99,-16.10,-16.05,-16.13,-16.01,-16.25,-16.50,-16.52,-16.52,-16.53,-16.18,-16.53,-16.66,-16.59,-16.67,-16.56,-16.41,-16.44,-16.66,-16.83,-16.69,-16.89,-16.98,-16.92,-17.17,-17.22,-17.37,-17.17,-17.26,-17.32,-17.23,-17.29,-17.28,-17.29,-17.29,-17.14,-17.42,-17.50,-17.18,-17.23,-17.36,-17.37,-17.36,-17.01,-17.12,-17.20,-17.29,-17.40,-17.20,-17.01,-17.03,-17.03,-17.25,-17.42,-17.17,-17.18,-16.97,-17.17,-17.03,-17.00,-17.06,-17.26,-17.29,-17.04,-16.98,-17.12,-17.31,-17.32,-17.22,-17.29,-17.37,-17.40,-17.42,-17.29,-17.20,-17.36,-17.70,-17.67,-17.65,-17.54,-17.39,-17.45,-17.12,-17.28,-17.18,-17.28,-17.37,-17.53,-17.54,-17.28,-17.04,-16.97,-17.09,-16.90,-16.78,-16.73,-16.62,-16.50,-16.49,-16.49,-16.49,-16.47,-16.76,-16.73,-16.69,-16.56,-16.50,-16.38,-16.33,-16.49,-16.64,-16.41,-16.73,-16.92,-16.59,-16.50,-16.47,-16.42,-16.53,-16.41,-16.56,-16.32,-16.10,-16.16,-16.42,-16.22,-16.38,-16.32,-16.38,-16.47,-16.41,-16.38,-16.32,-16.22,-16.25
-15.47,-15.52,-15.52,-15.55,-15.58,-15.56,-15.98,-15.79,-15.98,-16.04,-15.92,-16.02,-15.64,-15.46,-15.50,-15.66,-15.63,-15.34,-15.43,-15.60,-15.72,-15.84,-15.87,-15.79,-15.99,-16.28,-16.35,-16.33,-16.30,-15.98,-16.07,-16.41,-16.50,-16.50,-16.42,-16.30,-16.56,-16.52,-16.59,-16.62,-16.61,-16.53,-16.50,-16.59,-16.84,-16.83,-16.90,-16.95,-16.81,-16.95,-17.20,-17.31,-17.18,-17.09,-17.12,-17.20,-17.28,-17.22,-17.20,-17.28,-17.20,-17.29,-17.47,-17.01,-17.18,-17.11,-17.32,-17.17,-17.00,-17.03,-17.17,-17.29,-17.45,-17.29,-17.03,-17.00,-17.06,-17.12,-17.23,-17.01,-17.04,-17.14,-17.06,-17.14,-17.00,-17.14,-17.25,-17.26,-16.93,-17.06,-17.26,-17.29,-17.17,-17.04,-17.15,-17.36,-17.42,-17.39,-17.31,-17.22,-17.34,-17.45,-17.53,-17.61,-17.54,-17.48,-17.43,-17.39,-17.26,-17.11,-17.06,-17.04,-17.11,-17.04,-17.04,-17.26,-17.18,-16.93,-16.70,-16.72,-16.53,-16.49,-16.38,-16.27,-16.30,-16.16,-16.05,-16.41,-16.58,-16.35,-16.45,-16.49,-16.52,-16.50,-16.42,-16.32,-16.15,-16.19,-16.59,-16.45,-16.53,-16.45,-16.36,-16.47,-16.39,-16.66,-16.35,-16.16,-16.21,-16.25,-15.99,-16.39,-16.24,-16.27,-16.33,-16.24,-16.39,-16.35,-16.19,-16.08
-15.23,-15.29,-15.49,-15.56,-15.53,-15.56,-15.49,-15.70,-15.87,-15.84,-15.76,-15.93,-15.98,-15.93,-15.92,-15.81,-15.67,-15.58,-15.34,-15.41,-15.67,-15.81,-15.87,-15.92,-15.90,-16.01,-16.27,-16.33,-16.25,-16.13,-16.22,-16.41,-16.47,-16.67,-16.44,-16.69,-16.47,-16.69,-16.53,-16.50,-16.58,-16.55,-16.47,-16.55,-16.79,-16.95,-16.95,-16.90,-16.81,-16.83,-17.06,-17.12,-17.18,-17.12,-17.03,-17.03,-17.12,-17.17,-17.12,-17.28,-17.09,-17.01,-17.36,-16.95,-17.48,-17.07,-17.06,-17.04,-17.04,-17.17,-17.04,-17.09,-17.14,-17.03,-16.90,-16.90,-16.95,-17.03,-17.18,-17.14,-17.15,-17.20,-17.25,-17.01,-17.17,-16.93,-17.40,-17.15,-17.09,-17.04,-17.22,-17.25,-17.06,-16.97,-17.09,-17.26,-17.28,-17.28,-17.29,-17.31,-17.29,-17.26,-17.56,-17.59,-17.47,-17.37,-17.32,-17.43,-17.04,-17.01,-17.14,-17.09,-17.04,-17.09,-17.12,-17.01,-16.86,-16.79,-16.64,-16.42,-16.36,-16.28,-15.81,-15.67,-15.58,-15.38,-15.31,-15.61,-16.04,-15.82,-16.13,-16.27,-16.47,-16.64,-16.53,-16.28,-16.27,-16.42,-16.38,-16.47,-16.61,-16.38,-16.24,-16.36,-16.39,-16.61,-16.22,-16.12,-16.18,-16.19,-16.28,-16.16,-16.02,-16.27,-16.45,-16.38,-16.15,-16.18,-15.90,-15.87
-15.06,-15.12,-15.31,-15.46,-15.40,-15.72,-15.41,-15.56,-15.78,-15.82,-15.73,-15.90,-15.75,-15.82,-15.81,-15.64,-15.47,-15.67,-15.23,-15.21,-15.32,-15.53,-15.73,-15.82,-15.73,-15.85,-15.95,-16.21,-16.21,-16.35,-16.36,-16.15,-16.21,-16.53,-16.21,-16.42,-16.21,-16.56,-16.55,-16.45,-16.56,-16.61,-16.58,-16.72,-16.81,-16.92,-16.98,-16.86,-16.86,-16.86,-16.97,-16.98,-17.09,-17.12,-17.04,-17.12,-17.26,-17.20,-17.07,-16.95,-17.06,-16.84,-17.01,-17.04,-17.12,-16.92,-16.92,-17.15,-17.17,-17.29,-16.97,-17.04,-17.31,-17.01,-16.81,-16.89,-16.78,-16.81,-16.95,-16.95,-17.04,-17.12,-17.11,-16.84,-17.03,-16.72,-16.86,-17.07,-17.03,-16.79,-16.97,-17.12,-17.04,-16.86,-17.11,-17.18,-17.12,-17.14,-17.12,-17.12,-17.18,-17.20,-17.50,-17.34,-17.22,-17.28,-17.28,-17.29,-16.98,-16.97,-17.26,-17.12,-17.09,-17.03,-16.89,-16.76,-16.69,-16.69,-16.61,-16.05,-15.92,-15.53,-14.63,-13.83,-13.62,-13.79,-13.88,-14.03,-14.45,-14.78,-15.43,-15.70,-16.04,-16.44,-16.55,-16.45,-16.38,-16.21,-16.28,-16.64,-16.49,-16.02,-16.05,-16.32,-16.30,-16.16,-16.01,-16.12,-16.19,-16.25,-16.22,-16.10,-16.19,-16.50,-16.50,-16.32,-16.22,-15.85,-16.01,-15.90
-15.09,-15.37,-15.43,-15.35,-15.40,-15.60,-15.66,-15.58,-15.69,-15.89,-15.84,-16.02,-15.89,-15.89,-15.81,-15.64,-15.46,-15.47,-15.18,-15.20,-15.03,-15.02,-15.29,-15.38,-15.58,-15.87,-15.78,-15.84,-16.13,-16.16,-16.10,-16.19,-16.27,-16.45,-16.21,-16.35,-16.21,-16.41,-16.62,-16.50,-16.47,-16.62,-16.59,-16.79,-16.83,-16.78,-16.84,-16.83,-16.67,-16.59,-16.79,-16.97,-17.00,-17.11,-17.09,-17.00,-17.15,-17.26,-16.97,-17.00,-16.87,-17.26,-17.51,-17.11,-17.29,-17.26,-17.14,-16.98,-16.98,-16.98,-17.12,-17.23,-17.18,-17.03,-16.83,-16.73,-16.79,-16.87,-17.03,-16.98,-16.97,-17.00,-16.95,-16.95,-16.86,-16.81,-16.90,-17.15,-17.09,-17.01,-16.98,-16.69,-16.93,-16.90,-17.18,-17.17,-16.93,-16.90,-16.86,-16.81,-17.00,-17.09,-17.17,-17.01,-17.09,-17.25,-17.20,-17.23,-16.95,-16.75,-17.09,-17.07,-17.01,-16.81,-16.59,-16.50,-16.58,-16.67,-16.42,-16.18,-15.43,-13.94,-12.40,-10.63,-10.40,-10.83,-10.94,-10.86,-11.24,-12.53,-14.19,-14.75,-15.37,-16.05,-16.41,-16.45,-16.39,-16.39,-16.45,-16.25,-16.07,-15.99,-16.01,-16.19,-16.36,-16.16,-16.08,-16.13,-16.27,-16.28,-16.13,-15.92,-16.28,-16.36,-16.13,-16.01,-16.10,-15.99,-15.95,-15.85
-15.00,-15.12,-15.28,-15.32,-15.58,-15.53,-15.52,-15.52,-15.61,-15.82,-16.05,-16.19,-16.07,-15.98,-15.87,-15.79,-15.73,-15.40,-15.37,-15.41,-15.20,-14.88,-15.05,-15.72,-15.75,-15.81,-16.07,-15.95,-16.13,-16.33,-16.18,-16.19,-16.32,-16.24,-16.25,-16.36,-16.30,-16.38,-16.62,-16.61,-16.45,-16.47,-16.39,-16.50,-16.66,-16.69,-16.58,-16.58,-16.61,-16.64,-16.84,-16.92,-16.90,-16.87,-16.86,-16.93,-17.15,-17.29,-17.00,-17.06,-17.14,-16.89,-17.37,-16.95,-16.87,-17.12,-17.18,-16.92,-16.92,-16.87,-17.07,-17.11,-16.90,-16.84,-16.89,-16.84,-16.76,-16.79,-16.89,-16.83,-16.64,-16.78,-16.89,-16.66,-16.84,-16.81,-16.86,-16.75,-16.95,-16.90,-17.11,-16.90,-17.07,-17.15,-16.79,-16.97,-16.97,-16.72,-16.70,-16.76,-16.89,-17.09,-17.23,-17.20,-17.12,-17.04,-17.07,-17.18,-16.95,-16.64,-16.87,-16.92,-17.00,-16.84,-16.62,-16.55,-16.55,-16.55,-16.36,-15.79,-14.67,-12.72,-8.48,-6.23,-6.05,-6.84,-6.89,-6.36,-7.03,-9.15,-11.78,-12.99,-14.13,-15.31,-15.99,-16.13,-16.07,-16.16,-16.32,-16.05,-15.95,-15.99,-16.13,-16.13,-15.93,-15.95,-15.84,-15.99,-16.21,-16.25,-16.05,-15.78,-16.18,-16.12,-16.01,-16.04,-16.10,-15.96,-15.84,-15.78
-14.85,-14.93,-15.26,-15.49,-15.31,-15.56,-15.61,-15.55,-15.64,-15.92,-15.98,-16.15,-16.07,-15.98,-15.85,-15.66,-15.56,-15.29,-15.23,-15.21,-15.06,-14.82,-14.79,-15.23,-15.17,-15.73,-15.75,-15.75,-15.90,-16.08,-16.15,-16.07,-16.12,-15.98,-16.24,-16.22,-16.24,-16.39,-16.58,-16.66,-16.58,-16.36,-16.36,-16.55,-16.66,-16.64,-16.64,-16.61,-16.50,-16.64,-16.89,-17.03,-17.15,-17.01,-16.62,-16.67,-17.00,-17.11,-16.98,-16.90,-17.11,-16.95,-17.15,-16.98,-16.93,-17.04,-17.22,-16.90,-16.86,-16.81,-16.89,-17.01,-16.92,-16.86,-16.90,-16.83,-16.86,-16.83,-16.72,-16.67,-16.55,-16.70,-16.81,-16.87,-16.98,-16.84,-16.89,-16.79,-17.01,-16.90,-17.07,-17.20,-17.12,-17.17,-16.90,-16.87,-16.84,-16.75,-16.81,-16.78,-16.72,-16.95,-17.12,-17.17,-17.07,-17.04,-17.11,-17.00,-17.07,-16.81,-16.92,-16.73,-16.90,-16.75,-16.58,-16.49,-16.38,-16.32,-16.08,-15.46,-13.49,-10.49,-5.89,-3.50,-3.26,-3.40,-3.21,-3.31,-4.14,-5.65,-8.01,-9.91,-12.01,-14.25,-15.49,-15.85,-15.89,-16.05,-16.25,-15.96,-16.08,-16.35,-16.39,-16.28,-16.19,-16.12,-15.73,-15.89,-16.12,-16.08,-15.90,-15.81,-15.98,-16.01,-16.01,-16.08,-16.08,-15.84,-15.78,-15.85
-15.14,-15.06,-15.25,-15.60,-15.17,-15.56,-15.69,-15.64,-15.69,-15.95,-15.79,-16.02,-16.04,-15.99,-15.96,-15.84,-15.70,-15.47,-15.37,-15.41,-15.44,-15.23,-14.87,-15.03,-15.17,-15.44,-15.70,-15.81,-15.82,-15.81,-15.84,-15.87,-15.85,-15.92,-16.16,-16.07,-16.15,-16.33,-16.52,-16.55,-16.52,-16.62,-16.53,-16.45,-16.64,-16.98,-16.72,-16.76,-16.55,-16.62,-17.06,-17.07,-16.98,-16.98,-16.64,-16.64,-16.93,-17.04,-17.17,-16.97,-16.75,-16.78,-17.14,-16.92,-16.95,-17.04,-17.03,-16.70,-16.73,-16.81,-16.93,-16.92,-16.75,-16.73,-16.86,-16.79,-16.75,-16.67,-16.47,-16.66,-16.58,-16.73,-16.79,-16.76,-16.73,-16.76,-16.81,-16.84,-16.79,-16.81,-16.90,-17.14,-17.17,-17.15,-16.93,-16.78,-16.73,-16.84,-16.86,-16.73,-16.81,-17.04,-17.20,-17.23,-17.17,-17.20,-17.18,-17.07,-16.72,-16.75,-16.89,-16.61,-16.64,-16.50,-16.42,-16.36,-16.32,-16.24,-15.70,-14.51,-11.68,-7.09,-3.47,-1.73,-1.55,-1.29,-1.14,-1.50,-2.19,-3.09,-4.46,-6.46,-10.25,-13.45,-15.11,-15.75,-15.98,-16.13,-16.18,-16.05,-16.05,-16.30,-16.19,-16.19,-16.27,-16.05,-15.58,-15.84,-15.84,-15.81,-15.73,-15.61,-15.90,-15.95,-15.92,-15.89,-15.82,-15.72,-15.84,-15.85
-15.06,-15.00,-15.14,-15.28,-14.85,-15.35,-15.63,-15.64,-15.66,-15.76,-15.72,-15.95,-16.08,-15.98,-15.75,-15.84,-15.60,-15.58,-15.76,-15.64,-15.47,-15.61,-15.46,-15.06,-14.90,-15.21,-15.67,-15.89,-15.85,-15.75,-15.70,-15.96,-15.93,-15.99,-16.08,-16.08,-16.22,-16.28,-16.24,-16.44,-16.62,-16.41,-16.41,-16.25,-16.55,-16.79,-16.62,-16.64,-16.50,-16.52,-16.67,-16.79,-16.86,-16.79,-16.56,-16.59,-16.86,-16.98,-17.09,-16.83,-16.78,-16.83,-16.97,-16.70,-16.78,-17.01,-17.04,-16.70,-16.64,-16.69,-16.81,-16.87,-16.78,-16.81,-16.83,-16.64,-16.53,-16.72,-16.56,-16.64,-16.66,-16.87,-16.84,-16.83,-16.64,-16.87,-16.83,-16.75,-16.59,-16.61,-16.98,-17.04,-16.95,-17.00,-16.83,-16.76,-16.87,-16.92,-16.86,-16.66,-16.52,-16.79,-17.04,-16.83,-16.93,-16.93,-16.72,-17.15,-16.83,-16.72,-16.69,-16.47,-16.70,-16.45,-16.30,-16.32,-16.25,-15.99,-15.14,-13.02,-8.83,-4.21,-1.76,-0.85,-1.07,-0.75,-0.53,-0.90,-1.27,-1.57,-2.72,-5.44,-10.00,-12.97,-14.48,-15.25,-15.64,-15.70,-15.67,-15.93,-15.66,-15.89,-15.76,-15.93,-16.08,-15.79,-15.38,-15.69,-15.82,-15.85,-15.81,-15.87,-16.10,-15.89,-15.87,-15.64,-15.50,-15.61,-15.58,-15.79
-15.05,-14.97,-15.02,-15.25,-14.78,-15.09,-15.49,-15.60,-15.50,-15.53,-15.58,-15.75,-15.87,-15.84,-15.61,-15.53,-15.63,-15.44,-15.67,-15.73,-15.38,-15.31,-15.47,-15.06,-14.79,-15.02,-15.37,-15.67,-15.78,-15.69,-15.76,-16.13,-16.19,-16.05,-15.99,-16.08,-16.13,-16.27,-16.42,-16.42,-16.62,-16.75,-16.52,-16.62,-16.61,-16.61,-16.58,-16.66,-16.59,-16.56,-16.62,-16.67,-16.72,-16.73,-16.62,-16.64,-16.89,-17.12,-17.00,-16.90,-16.87,-16.83,-16.84,-16.64,-16.69,-16.95,-17.03,-16.86,-16.70,-16.56,-16.75,-16.90,-16.87,-16.81,-16.66,-16.49,-16.42,-16.75,-16.67,-16.55,-16.61,-16.84,-16.76,-16.72,-16.59,-16.75,-16.62,-16.70,-16.53,-16.62,-16.78,-16.84,-16.89,-16.92,-16.81,-16.72,-16.86,-16.86,-16.58,-16.64,-16.84,-16.86,-16.92,-16.98,-17.20,-17.03,-17.04,-16.72,-16.49,-16.67,-16.28,-16.42,-16.12,-16.01,-16.04,-16.13,-15.93,-15.32,-13.89,-10.50,-5.44,-2.28,-0.90,-0.48,-0.76,-0.59,-0.31,-0.46,-0.80,-0.97,-1.97,-4.96,-9.37,-12.43,-13.70,-14.25,-14.46,-14.54,-14.64,-15.11,-15.05,-15.29,-15.18,-15.47,-15.70,-15.52,-15.11,-15.47,-15.60,-15.73,-15.75,-15.70,-15.92,-16.08,-15.95,-15.64,-15.55,-15.53,-15.34,-15.79
-14.97,-15.06,-15.09,-15.50,-15.14,-15.09,-15.35,-15.58,-15.41,-15.49,-15.73,-15.81,-15.79,-15.76,-15.66,-15.37,-15.55,-15.50,-15.60,-15.66,-15.41,-15.21,-15.46,-15.18,-14.91,-14.88,-15.05,-15.29,-15.47,-15.52,-15.58,-15.90,-15.90,-15.98,-15.76,-15.50,-15.70,-15.98,-16.18,-16.47,-16.35,-16.27,-16.45,-16.41,-16.59,-16.44,-16.35,-16.39,-16.32,-16.32,-16.44,-16.64,-16.75,-16.72,-16.73,-16.66,-16.86,-17.11,-16.83,-16.84,-16.75,-16.70,-16.83,-16.59,-16.58,-16.95,-16.84,-16.70,-16.61,-16.61,-16.73,-16.70,-16.58,-16.52,-16.45,-16.35,-16.33,-16.58,-16.50,-16.38,-16.27,-16.69,-16.58,-16.47,-16.53,-16.49,-16.62,-16.69,-16.56,-16.58,-16.47,-16.59,-16.67,-16.69,-16.62,-16.53,-16.58,-16.49,-16.36,-16.52,-16.62,-16.62,-16.72,-16.75,-16.90,-16.81,-16.90,-16.52,-16.35,-16.21,-16.19,-16.18,-16.07,-16.07,-16.07,-15.89,-15.43,-14.42,-11.81,-7.20,-2.74,-1.16,-0.52,-0.66,-0.67,-0.47,-0.18,-0.41,-0.76,-0.96,-1.91,-4.24,-7.03,-9.72,-10.86,-11.30,-11.92,-12.58,-13.05,-13.58,-14.09,-14.04,-14.25,-14.49,-14.75,-14.90,-14.78,-15.20,-15.20,-15.40,-15.46,-15.52,-15.81,-15.87,-15.78,-15.58,-15.49,-15.56,-15.63,-15.78
-14.94,-15.05,-15.18,-15.61,-15.43,-15.25,-15.26,-15.29,-15.32,-15.37,-15.66,-15.78,-15.70,-15.67,-15.82,-15.41,-15.49,-15.38,-15.43,-15.60,-15.50,-15.35,-15.53,-15.31,-15.08,-14.82,-14.79,-14.96,-15.14,-15.47,-15.75,-15.76,-16.02,-15.95,-15.78,-15.73,-15.92,-16.05,-16.02,-16.05,-16.25,-16.21,-16.21,-16.33,-16.45,-16.30,-16.27,-16.18,-16.21,-16.13,-16.22,-16.61,-16.62,-16.56,-16.66,-16.72,-17.01,-16.90,-16.76,-16.64,-16.61,-16.64,-16.89,-16.55,-16.44,-16.90,-16.81,-16.42,-16.39,-16.56,-16.56,-16.33,-16.22,-16.33,-16.38,-16.25,-16.21,-16.42,-16.25,-16.19,-15.99,-16.56,-16.50,-16.49,-16.52,-16.45,-16.84,-16.59,-16.49,-16.41,-16.22,-16.44,-16.41,-16.42,-16.50,-16.53,-16.44,-16.30,-16.27,-16.28,-16.35,-16.49,-16.66,-16.69,-16.61,-16.52,-16.52,-16.27,-16.10,-16.15,-16.02,-16.21,-15.76,-15.63,-15.60,-15.34,-14.67,-13.02,-9.44,-4.58,-1.51,-0.76,-0.46,-0.85,-0.73,-0.54,-0.48,-0.82,-1.10,-1.16,-1.81,-3.12,-4.42,-6.08,-6.92,-7.27,-7.89,-8.83,-9.96,-10.97,-11.59,-11.40,-12.33,-12.61,-12.96,-13.28,-13.48,-13.83,-13.97,-14.51,-14.55,-14.60,-14.90,-14.87,-14.93,-14.91,-15.15,-15.29,-15.26,-15.73
-15.02,-14.93,-14.82,-15.32,-15.28,-14.97,-14.94,-15.28,-14.93,-15.23,-15.44,-15.58,-15.60,-15.60,-15.82,-15.60,-15.58,-15.44,-15.38,-15.46,-15.55,-15.31,-15.43,-15.28,-15.20,-14.94,-14.60,-14.58,-15.05,-15.46,-15.70,-15.79,-15.87,-15.76,-15.76,-15.84,-15.99,-16.08,-16.08,-16.30,-16.27,-16.19,-16.22,-16.10,-16.18,-16.27,-16.24,-16.19,-16.25,-16.19,-16.12,-16.38,-16.49,-16.50,-16.53,-16.81,-16.97,-16.70,-16.75,-16.64,-16.44,-16.53,-16.92,-16.59,-16.45,-16.69,-16.76,-16.49,-16.41,-16.36,-16.38,-16.32,-16.32,-16.42,-16.28,-16.28,-16.24,-16.30,-16.10,-16.02,-16.22,-16.52,-16.38,-16.53,-16.36,-16.47,-16.64,-16.44,-16.12,-16.30,-16.25,-16.41,-16.32,-16.36,-16.53,-16.53,-16.38,-16.28,-16.21,-16.10,-16.15,-16.39,-16.56,-16.56,-16.45,-16.36,-16.25,-16.12,-16.05,-15.89,-15.67,-15.46,-15.46,-15.29,-14.75,-14.34,-13.03,-10.16,-6.15,-2.57,-1.11,-0.58,-0.71,-0.72,-0.85,-0.88,-0.83,-1.14,-1.24,-1.19,-1.55,-2.16,-2.81,-3.61,-3.88,-4.21,-4.67,-5.33,-6.03,-6.66,-7.53,-8.20,-8.95,-9.84,-10.30,-10.57,-10.90,-11.33,-11.68,-12.49,-12.61,-12.83,-13.25,-13.39,-13.82,-13.76,-14.09,-14.51,-14.82,-15.20
-14.85,-14.79,-14.78,-15.23,-15.40,-15.28,-15.11,-15.21,-15.28,-15.40,-15.56,-15.66,-15.61,-15.55,-15.76,-15.60,-15.61,-15.55,-15.41,-15.38,-15.44,-15.17,-15.23,-15.28,-15.29,-15.11,-14.91,-14.91,-14.75,-14.67,-15.28,-15.37,-15.58,-15.73,-15.66,-15.79,-15.96,-15.84,-15.81,-16.04,-16.07,-15.84,-15.98,-15.73,-15.99,-16.24,-16.19,-16.22,-16.27,-16.15,-16.07,-16.16,-16.39,-16.66,-16.58,-16.78,-16.53,-16.59,-16.66,-16.69,-16.16,-16.35,-16.81,-16.52,-16.44,-16.44,-16.44,-16.38,-16.36,-16.25,-16.30,-16.38,-16.38,-16.44,-16.44,-16.39,-16.25,-16.44,-16.22,-16.12,-16.32,-16.44,-16.12,-16.35,-16.18,-16.32,-16.12,-16.25,-15.79,-16.24,-16.55,-16.38,-16.33,-16.32,-16.42,-16.33,-16.16,-16.15,-16.19,-16.02,-16.02,-16.30,-16.28,-16.32,-16.30,-16.18,-15.99,-15.64,-15.17,-14.96,-14.52,-13.95,-13.40,-12.64,-11.94,-10.79,-8.97,-6.23,-3.39,-1.77,-0.96,-0.57,-0.96,-1.11,-1.07,-1.08,-0.96,-1.21,-1.35,-1.40,-1.60,-1.86,-1.99,-2.55,-2.51,-2.72,-2.88,-3.30,-3.66,-4.05,-4.76,-5.04,-5.85,-6.11,-6.84,-7.42,-7.74,-8.33,-8.54,-9.27,-9.58,-10.06,-10.66,-11.09,-11.62,-11.66,-12.04,-12.42,-12.86,-13.43
-14.78,-15.00,-14.93,-15.17,-15.25,-15.23,-15.23,-15.18,-15.28,-15.40,-15.63,-15.78,-15.73,-15.53,-15.67,-15.49,-15.53,-15.53,-15.47,-15.50,-15.38,-15.21,-15.15,-15.41,-15.43,-15.35,-15.34,-15.06,-14.93,-14.72,-15.09,-15.40,-15.43,-15.73,-15.72,-15.67,-15.78,-15.75,-15.73,-15.95,-16.02,-15.73,-15.78,-15.70,-15.98,-16.28,-16.21,-16.21,-16.18,-15.98,-16.04,-16.25,-16.38,-16.66,-16.53,-16.69,-16.52,-16.75,-16.73,-16.44,-16.08,-16.53,-16.72,-16.38,-16.41,-16.53,-16.44,-16.28,-16.19,-16.08,-16.13,-16.18,-16.25,-16.27,-16.10,-16.18,-16.13,-16.19,-16.15,-15.96,-16.05,-16.19,-16.30,-16.21,-16.22,-16.07,-16.10,-16.13,-16.01,-16.25,-16.32,-16.27,-16.32,-16.13,-16.24,-16.13,-15.93,-15.95,-16.10,-15.87,-15.84,-16.02,-16.02,-16.10,-15.90,-15.44,-15.02,-14.45,-13.70,-12.94,-11.95,-10.57,-9.37,-7.75,-6.74,-5.58,-4.14,-3.04,-2.34,-1.79,-1.45,-1.19,-1.25,-1.41,-1.21,-1.12,-1.22,-1.48,-1.67,-1.72,-1.71,-1.63,-1.65,-2.02,-1.92,-1.99,-2.06,-2.41,-2.57,-2.57,-2.82,-3.09,-3.57,-3.63,-3.96,-4.22,-4.50,-5.11,-5.31,-5.87,-6.31,-6.84,-7.39,-7.93,-8.20,-8.48,-9.05,-9.57,-10.03,-10.50
-14.69,-14.82,-14.96,-15.12,-15.03,-15.09,-15.40,-15.20,-15.29,-15.41,-15.64,-15.81,-15.79,-15.37,-15.50,-15.52,-15.53,-15.58,-15.61,-15.56,-15.78,-15.41,-15.31,-15.29,-15.40,-15.35,-15.17,-15.06,-14.99,-14.85,-14.96,-15.20,-15.37,-15.60,-15.60,-15.50,-15.63,-15.76,-15.70,-15.89,-16.02,-15.81,-15.96,-15.89,-16.05,-16.30,-16.24,-16.19,-16.16,-15.96,-16.16,-16.38,-16.55,-16.75,-16.45,-16.61,-16.45,-16.86,-16.52,-16.75,-16.19,-16.45,-16.73,-16.47,-16.33,-16.30,-16.61,-16.44,-16.15,-16.27,-16.47,-16.33,-16.25,-16.39,-16.19,-16.15,-16.01,-16.05,-16.33,-16.19,-16.18,-16.44,-16.35,-16.10,-16.16,-16.02,-16.21,-16.39,-15.92,-16.07,-16.13,-16.08,-16.08,-16.07,-15.99,-15.93,-15.79,-15.73,-15.67,-15.44,-15.29,-15.35,-15.35,-15.08,-14.39,-13.42,-12.27,-10.90,-9.43,-8.05,-6.98,-5.40,-4.97,-3.83,-3.28,-3.00,-2.38,-1.93,-1.83,-1.68,-1.41,-1.30,-1.17,-1.50,-1.64,-1.63,-1.45,-1.51,-1.58,-1.63,-1.54,-1.34,-1.49,-1.60,-1.74,-1.68,-1.65,-1.87,-2.01,-2.01,-1.97,-1.96,-2.23,-2.33,-2.63,-2.74,-2.79,-3.05,-3.13,-3.71,-3.92,-4.16,-4.55,-4.92,-5.08,-5.60,-6.07,-6.48,-6.85,-7.24
-14.60,-14.64,-14.94,-15.00,-14.93,-14.96,-15.32,-15.17,-15.21,-15.37,-15.49,-15.67,-15.78,-15.29,-15.41,-15.55,-15.63,-15.58,-15.47,-15.43,-15.82,-15.46,-15.32,-15.25,-15.35,-15.26,-14.99,-15.29,-15.20,-15.03,-14.90,-14.91,-15.08,-15.34,-15.47,-15.52,-15.64,-15.85,-15.78,-15.85,-15.99,-15.89,-16.05,-15.90,-16.02,-16.13,-16.16,-16.19,-16.13,-15.95,-16.08,-16.50,-16.44,-16.45,-16.05,-16.53,-16.56,-16.70,-16.83,-16.53,-16.12,-16.28,-16.45,-16.42,-16.25,-16.32,-16.27,-16.33,-16.35,-16.22,-16.21,-16.38,-16.61,-16.42,-16.05,-16.25,-16.15,-16.36,-16.44,-16.07,-15.90,-16.22,-16.38,-16.19,-15.99,-15.84,-16.41,-16.18,-15.87,-16.05,-16.19,-15.92,-15.87,-15.76,-15.70,-15.64,-15.38,-15.21,-14.94,-14.42,-13.98,-13.58,-12.74,-11.55,-10.36,-8.92,-7.33,-5.96,-4.58,-3.73,-3.32,-2.54,-2.54,-2.27,-2.11,-1.90,-1.73,-1.71,-1.63,-1.51,-1.58,-1.72,-1.68,-1.79,-1.64,-1.50,-1.49,-1.48,-1.58,-1.67,-1.57,-1.44,-1.43,-1.48,-1.77,-1.62,-1.59,-1.72,-1.78,-1.76,-1.67,-1.45,-1.63,-1.92,-2.00,-1.86,-1.78,-1.87,-1.85,-2.41,-2.36,-2.60,-2.87,-3.05,-3.21,-3.73,-3.75,-4.13,-4.52,-4.71
-14.60,-14.79,-14.97,-15.02,-14.93,-14.90,-15.17,-15.11,-15.14,-15.32,-15.46,-15.50,-15.64,-15.63,-15.55,-15.43,-15.34,-15.29,-15.28,-15.29,-15.46,-15.28,-15.02,-15.06,-15.17,-15.23,-15.28,-15.09,-14.93,-14.93,-15.02,-14.97,-14.94,-15.08,-15.34,-15.50,-15.55,-15.67,-15.81,-15.82,-15.82,-15.89,-15.85,-15.93,-15.95,-15.90,-16.02,-16.07,-16.01,-16.18,-16.30,-16.61,-16.41,-16.15,-16.15,-16.41,-16.73,-16.44,-16.33,-16.32,-16.04,-15.81,-16.32,-16.10,-16.08,-16.07,-16.04,-16.32,-16.18,-15.93,-16.16,-16.27,-16.21,-16.05,-15.85,-15.84,-15.84,-15.90,-16.16,-16.15,-16.13,-15.98,-15.84,-16.07,-15.96,-15.93,-15.99,-15.78,-15.67,-15.76,-15.64,-15.55,-15.25,-15.20,-15.09,-14.94,-14.21,-13.64,-12.80,-11.65,-10.63,-9.54,-7.79,-6.09,-5.08,-4.07,-3.17,-2.75,-2.22,-2.20,-2.20,-2.06,-1.82,-1.91,-1.85,-1.49,-1.55,-1.72,-1.59,-1.49,-1.59,-1.60,-1.48,-1.57,-1.46,-1.48,-1.51,-1.46,-1.49,-1.46,-1.41,-1.44,-1.58,-1.68,-1.76,-1.64,-1.73,-1.76,-1.74,-1.74,-1.65,-1.57,-1.58,-1.45,-1.72,-1.68,-1.59,-1.59,-1.64,-1.88,-1.88,-1.83,-2.00,-2.27,-2.24,-2.52,-2.41,-2.86,-3.15,-3.19
-14.78,-14.90,-14.87,-14.99,-15.12,-15.06,-15.17,-15.20,-15.21,-15.43,-15.67,-15.69,-15.67,-15.64,-15.66,-15.69,-15.60,-15.50,-15.53,-15.43,-15.46,-15.35,-15.17,-15.00,-15.06,-15.26,-15.31,-15.15,-14.96,-14.87,-15.00,-14.96,-14.81,-14.70,-14.90,-15.32,-15.50,-15.50,-15.72,-15.84,-15.60,-15.73,-15.89,-15.93,-15.84,-15.87,-16.12,-16.22,-16.07,-15.96,-15.95,-16.36,-16.58,-16.10,-16.01,-16.18,-16.25,-15.96,-16.13,-16.08,-15.78,-15.79,-15.99,-16.18,-15.99,-16.04,-16.07,-15.99,-15.89,-15.98,-16.19,-16.12,-16.13,-16.16,-15.81,-15.84,-15.70,-15.93,-16.08,-15.98,-15.85,-15.99,-15.87,-15.55,-15.61,-15.61,-15.89,-15.66,-15.25,-15.08,-14.39,-13.82,-13.97,-13.67,-13.21,-12.46,-11.24,-9.86,-7.98,-6.11,-4.93,-4.22,-3.32,-2.59,-2.39,-2.28,-2.24,-2.00,-1.78,-1.93,-1.99,-1.88,-1.77,-1.78,-1.81,-1.59,-1.67,-1.79,-1.63,-1.45,-1.43,-1.39,-1.36,-1.54,-1.54,-1.40,-1.64,-1.44,-1.73,-1.74,-1.64,-1.64,-1.68,-1.77,-1.79,-1.67,-1.69,-1.64,-1.77,-1.81,-1.73,-1.71,-1.67,-1.54,-1.72,-1.68,-1.63,-1.59,-1.59,-1.74,-1.71,-1.57,-1.78,-1.96,-1.76,-1.85,-2.02,-2.09,-2.22,-2.25
-14.81,-14.87,-14.70,-14.84,-15.15,-15.20,-15.17,-15.37,-15.40,-15.35,-15.40,-15.67,-15.69,-15.53,-15.43,-15.47,-15.47,-15.38,-15.35,-15.49,-15.43,-15.35,-15.21,-15.03,-15.03,-15.31,-15.53,-15.26,-15.17,-15.03,-15.20,-15.06,-14.97,-14.70,-14.57,-15.11,-15.67,-15.64,-15.75,-16.10,-15.66,-15.78,-15.92,-15.87,-15.87,-15.87,-16.01,-16.13,-15.99,-16.04,-16.16,-16.12,-16.32,-16.44,-16.44,-16.13,-16.05,-16.07,-16.12,-16.24,-15.98,-15.92,-16.04,-15.78,-15.72,-15.84,-15.87,-15.85,-15.90,-15.87,-15.75,-15.61,-15.69,-15.79,-15.56,-15.41,-15.53,-15.82,-16.05,-15.67,-15.69,-15.84,-15.79,-15.15,-15.46,-15.43,-15.79,-15.67,-15.17,-14.22,-10.70,-9.77,-10.39,-9.46,-8.22,-6.54,-4.80,-3.66,-2.77,-2.32,-2.30,-2.36,-2.28,-2.23,-2.22,-2.14,-2.02,-1.86,-1.69,-1.86,-1.87,-1.64,-1.93,-1.73,-1.93,-1.79,-1.68,-1.64,-1.53,-1.45,-1.43,-1.38,-1.34,-1.41,-1.41,-1.55,-1.54,-1.29,-1.49,-1.57,-1.60,-1.58,-1.55,-1.69,-1.55,-1.51,-1.51,-1.49,-1.69,-1.71,-1.59,-1.57,-1.57,-1.76,-1.64,-1.54,-1.50,-1.46,-1.40,-1.51,-1.40,-1.34,-1.59,-1.77,-1.67,-1.62,-1.74,-1.67,-1.63,-1.62
-14.69,-14.81,-14.75,-14.75,-14.87,-14.91,-15.21,-15.40,-15.32,-15.31,-15.44,-15.56,-15.66,-15.47,-15.34,-15.37,-15.37,-15.25,-15.08,-15.52,-15.40,-15.34,-15.21,-15.05,-15.00,-15.23,-15.43,-15.14,-15.18,-15.11,-15.32,-15.34,-15.47,-15.23,-14.67,-14.91,-15.29,-15.43,-15.79,-16.12,-15.92,-15.89,-15.99,-15.99,-16.12,-16.07,-15.92,-16.01,-16.01,-15.95,-16.08,-16.30,-16.36,-16.05,-16.13,-16.07,-15.99,-16.10,-16.16,-16.22,-16.07,-15.93,-15.98,-15.96,-15.93,-16.02,-15.96,-15.75,-15.66,-15.66,-15.67,-15.70,-15.76,-15.69,-15.53,-15.31,-15.29,-15.73,-15.79,-15.53,-15.20,-15.25,-15.63,-15.23,-15.31,-15.17,-15.55,-15.14,-13.98,-12.29,-7.42,-4.56,-3.79,-3.31,-2.77,-2.15,-1.76,-1.79,-1.53,-1.55,-1.83,-1.78,-1.76,-1.91,-2.02,-2.07,-1.96,-1.77,-1.64,-1.90,-1.79,-1.59,-1.87,-1.67,-1.88,-1.67,-1.59,-1.40,-1.35,-1.34,-1.30,-1.25,-1.19,-1.36,-1.35,-1.31,-1.51,-1.48,-1.64,-1.58,-1.57,-1.63,-1.62,-1.54,-1.36,-1.36,-1.51,-1.49,-1.57,-1.46,-1.36,-1.38,-1.41,-1.72,-1.53,-1.53,-1.40,-1.30,-1.38,-1.29,-1.19,-1.21,-1.44,-1.60,-1.59,-1.59,-1.62,-1.60,-1.48,-1.30
-14.57,-14.66,-14.75,-14.72,-14.67,-15.17,-15.14,-15.37,-15.23,-15.21,-15.55,-15.64,-15.46,-15.43,-15.28,-15.08,-15.02,-15.11,-15.14,-15.40,-15.28,-15.17,-15.12,-14.99,-14.91,-15.09,-15.18,-14.99,-15.08,-15.14,-15.15,-15.29,-15.58,-15.43,-14.76,-14.70,-14.76,-14.96,-15.50,-15.85,-15.96,-15.89,-16.02,-15.90,-15.76,-15.84,-15.84,-15.82,-15.76,-15.70,-15.69,-16.07,-16.38,-15.96,-15.78,-16.01,-15.84,-15.89,-16.05,-16.01,-15.79,-15.72,-15.92,-15.93,-15.92,-15.95,-15.93,-15.81,-15.70,-15.70,-15.67,-15.56,-15.61,-15.64,-15.53,-15.08,-15.00,-15.46,-15.60,-15.18,-15.14,-15.12,-15.09,-14.82,-14.72,-14.37,-14.13,-13.62,-11.85,-7.87,-3.76,-1.92,-1.44,-1.30,-1.38,-1.34,-1.24,-1.14,-1.11,-1.25,-1.44,-1.59,-1.65,-1.74,-1.76,-1.67,-1.64,-1.60,-1.58,-1.39,-1.43,-1.38,-1.41,-1.43,-1.39,-1.26,-1.38,-1.21,-1.14,-1.03,-0.96,-1.05,-1.12,-1.20,-1.20,-1.15,-1.20,-1.26,-1.30,-1.25,-1.41,-1.36,-1.30,-1.44,-1.21,-1.27,-1.24,-1.36,-1.40,-1.39,-1.36,-1.32,-1.34,-1.50,-1.31,-1.39,-1.32,-1.26,-1.19,-1.00,-1.10,-1.02,-1.16,-1.25,-1.19,-1.16,-1.27,-1.50,-1.36,-1.07
-14.36,-14.28,-14.30,-14.40,-14.57,-14.67,-14.63,-14.99,-15.00,-14.90,-15.20,-15.60,-15.23,-15.25,-15.14,-15.05,-15.09,-15.14,-15.12,-15.25,-15.25,-15.05,-15.02,-15.00,-14.82,-14.87,-15.17,-14.96,-14.93,-15.18,-15.14,-15.20,-15.31,-15.31,-15.14,-14.99,-15.05,-14.99,-15.32,-15.63,-15.76,-15.78,-15.78,-15.90,-15.84,-15.70,-15.75,-15.81,-15.92,-15.52,-15.84,-15.93,-16.10,-16.08,-15.79,-15.87,-15.99,-16.10,-15.99,-15.96,-15.72,-15.75,-16.04,-15.99,-15.87,-15.73,-15.66,-15.67,-15.60,-15.49,-15.44,-15.47,-15.53,-15.52,-15.52,-15.02,-14.72,-15.14,-15.25,-14.91,-14.84,-14.61,-14.09,-13.80,-12.83,-11.45,-9.69,-8.37,-6.43,-3.22,-1.67,-1.01,-0.72,-0.80,-0.91,-0.72,-0.56,-0.80,-0.86,-0.77,-0.91,-1.14,-1.25,-1.25,-1.19,-1.12,-1.05,-0.86,-0.90,-0.91,-0.98,-1.01,-1.00,-0.85,-0.97,-0.83,-0.88,-0.83,-0.77,-0.62,-0.58,-0.71,-0.78,-0.80,-0.77,-0.82,-1.02,-1.00,-0.86,-0.80,-0.96,-1.01,-0.96,-1.00,-1.06,-1.05,-0.93,-1.02,-0.92,-1.00,-1.14,-1.14,-1.07,-1.21,-1.05,-0.97,-1.01,-1.02,-0.93,-0.88,-1.05,-0.95,-1.02,-1.05,-1.07,-1.19,-1.12,-1.16,-1.02,-0.96
-14.31,-14.39,-14.39,-14.27,-14.34,-14.45,-14.87,-15.05,-14.96,-14.82,-15.03,-15.34,-15.29,-15.17,-15.02,-14.99,-15.12,-15.18,-14.84,-15.06,-15.09,-15.02,-15.00,-15.00,-14.78,-14.67,-14.99,-14.84,-14.82,-15.09,-15.08,-15.17,-15.29,-15.12,-15.15,-15.11,-14.61,-14.73,-14.64,-14.91,-15.09,-15.56,-15.64,-15.70,-15.79,-15.69,-15.60,-15.61,-15.58,-15.46,-15.78,-15.63,-15.82,-15.87,-15.56,-15.72,-15.87,-15.87,-15.79,-15.79,-15.49,-15.60,-15.82,-15.78,-15.61,-15.55,-15.44,-15.44,-15.43,-15.28,-15.20,-15.21,-15.25,-15.23,-15.09,-14.76,-14.25,-14.33,-14.55,-13.57,-13.14,-12.42,-11.07,-9.27,-7.43,-5.57,-4.25,-3.50,-2.77,-1.38,-0.87,-0.41,-0.47,-0.46,-0.43,-0.46,-0.33,-0.37,-0.37,-0.19,-0.26,-0.46,-0.53,-0.56,-0.53,-0.47,-0.32,-0.27,-0.26,-0.22,-0.42,-0.19,-0.37,-0.36,-0.61,-0.47,-0.34,-0.27,-0.22,-0.07,-0.11,-0.26,-0.24,-0.27,-0.24,-0.34,-0.62,-0.54,-0.33,-0.34,-0.44,-0.56,-0.62,-0.57,-0.53,-0.52,-0.31,-0.62,-0.51,-0.38,-0.52,-0.67,-0.76,-0.93,-0.92,-0.58,-0.49,-0.56,-0.63,-0.67,-0.78,-0.66,-0.67,-0.73,-0.78,-0.81,-0.63,-0.56,-0.56,-0.43
-14.43,-14.34,-14.39,-14.40,-14.60,-14.48,-14.82,-14.96,-14.91,-14.84,-14.97,-15.20,-15.15,-15.09,-15.00,-15.02,-15.09,-15.11,-14.81,-14.94,-14.87,-14.91,-15.00,-14.88,-14.81,-14.69,-14.84,-14.96,-15.06,-15.14,-15.09,-15.17,-15.40,-15.41,-15.23,-15.25,-15.14,-15.12,-14.72,-14.90,-15.09,-15.41,-15.53,-15.60,-15.61,-15.60,-15.67,-15.56,-15.53,-15.43,-15.69,-15.61,-15.90,-15.78,-15.69,-15.76,-15.69,-15.56,-15.64,-15.58,-15.44,-15.61,-15.66,-15.53,-15.46,-15.50,-15.49,-15.35,-15.20,-14.94,-15.05,-14.88,-14.67,-14.79,-14.39,-13.71,-12.78,-12.02,-11.19,-9.36,-7.91,-6.66,-5.40,-3.66,-2.93,-1.99,-1.73,-1.79,-1.58,-1.22,-0.78,-0.32,-0.31,-0.12,-0.21,-0.37,-0.23,-0.11,0.08,0.02,-0.09,-0.19,-0.32,-0.33,-0.24,-0.13,-0.11,-0.07,0.02,0.04,-0.28,-0.38,0.24,-0.18,-0.21,0.09,-0.03,0.10,0.33,0.46,0.33,0.17,0.14,0.06,0.12,0.09,0.07,0.10,-0.01,-0.07,-0.09,-0.07,-0.12,-0.24,-0.18,0.02,0.02,-0.28,-0.12,-0.02,-0.23,-0.29,-0.18,-0.32,-0.19,-0.18,-0.22,-0.13,-0.06,-0.16,-0.31,-0.21,-0.29,-0.41,-0.38,-0.22,-0.14,-0.28,-0.32,-0.07
-14.36,-14.42,-14.57,-14.43,-14.52,-14.42,-14.43,-14.73,-14.84,-14.73,-14.93,-15.08,-14.97,-14.94,-14.94,-14.94,-15.00,-15.00,-14.96,-15.03,-14.90,-14.99,-15.08,-14.85,-14.81,-14.99,-14.84,-14.94,-14.99,-15.12,-15.15,-15.25,-15.43,-15.46,-15.43,-15.38,-14.96,-15.23,-15.08,-14.87,-14.81,-15.08,-15.41,-15.55,-15.44,-15.35,-15.53,-15.47,-15.49,-15.50,-15.35,-15.82,-15.98,-15.56,-15.60,-15.67,-15.61,-15.55,-15.47,-15.49,-15.32,-15.37,-15.44,-15.28,-15.18,-15.34,-15.31,-15.03,-14.79,-14.45,-14.33,-13.95,-13.42,-12.92,-11.98,-10.29,-8.15,-6.86,-5.62,-4.38,-3.28,-2.65,-2.23,-1.57,-1.73,-1.38,-1.30,-1.48,-1.45,-1.02,-0.78,-0.33,0.04,0.10,-0.03,-0.09,-0.13,0.15,0.12,0.02,0.03,-0.07,-0.14,-0.03,0.01,-0.06,0.09,0.27,0.10,0.13,-0.04,0.13,0.27,0.19,0.20,0.51,0.38,0.48,0.66,0.63,0.60,0.65,0.55,0.34,0.43,0.53,0.79,0.51,0.44,0.38,0.35,0.43,0.43,0.29,0.25,0.45,0.33,0.32,0.27,0.45,0.30,0.14,0.22,0.24,0.13,0.27,0.19,0.32,0.46,0.37,0.18,0.10,-0.01,-0.09,0.03,0.27,0.19,0.01,-0.01,0.27
-14.33,-14.39,-14.54,-14.54,-14.54,-14.52,-14.46,-14.73,-14.94,-14.78,-14.75,-14.88,-14.87,-14.87,-14.85,-14.78,-14.81,-14.96,-14.81,-14.90,-14.85,-14.90,-14.96,-14.73,-14.64,-14.67,-14.96,-14.85,-14.85,-15.11,-15.17,-15.09,-15.06,-14.94,-15.11,-15.32,-15.08,-14.94,-14.99,-15.09,-14.84,-14.99,-15.29,-15.55,-15.63,-15.40,-15.38,-15.31,-15.32,-15.25,-15.14,-15.58,-15.66,-15.44,-15.28,-15.34,-15.38,-15.41,-15.38,-15.31,-15.09,-14.97,-15.08,-14.99,-14.70,-14.63,-14.48,-14.12,-13.80,-13.15,-12.18,-10.90,-9.30,-7.94,-6.50,-5.05,-3.41,-2.72,-2.56,-2.16,-1.64,-1.68,-1.53,-1.36,-1.60,-1.32,-1.35,-1.40,-1.30,-0.92,-0.64,-0.21,0.19,0.27,0.19,0.23,0.24,0.33,0.33,0.41,0.35,0.17,0.04,0.12,0.23,0.27,0.48,0.67,0.70,0.80,0.58,0.97,0.85,0.91,0.69,0.72,0.74,0.96,1.09,1.14,1.15,1.19,1.14,0.98,0.97,1.14,1.31,1.00,1.12,1.06,0.93,1.01,1.02,0.93,0.92,0.95,1.17,0.90,0.93,0.90,0.75,0.55,0.50,0.72,0.48,0.38,0.32,0.61,0.72,0.53,0.58,0.45,0.41,0.32,0.39,0.55,0.38,0.22,0.22,0.46
-14.28,-14.34,-14.54,-14.57,-14.64,-14.52,-14.46,-14.61,-14.84,-14.97,-14.66,-14.85,-15.02,-15.05,-14.90,-14.70,-14.85,-14.87,-14.90,-14.87,-14.88,-14.88,-14.72,-14.51,-14.46,-14.72,-14.82,-14.76,-14.76,-15.05,-15.26,-15.25,-15.11,-14.90,-14.96,-15.35,-15.32,-15.25,-15.05,-15.03,-14.78,-14.64,-14.76,-15.08,-15.46,-15.49,-15.34,-15.25,-15.25,-15.08,-15.05,-15.37,-15.55,-15.31,-15.15,-14.99,-15.08,-15.17,-15.08,-15.03,-14.79,-14.52,-14.49,-14.31,-13.88,-13.30,-12.52,-11.65,-10.47,-8.88,-7.33,-5.88,-4.26,-3.31,-2.55,-2.00,-1.57,-1.60,-1.90,-1.72,-1.50,-1.54,-1.25,-1.27,-1.48,-1.30,-1.51,-1.39,-0.91,-0.82,-0.36,0.02,0.13,0.15,0.39,0.37,0.34,0.53,0.53,0.66,0.54,0.44,0.38,0.27,0.23,0.35,0.64,0.92,1.06,0.96,1.14,1.55,1.66,1.15,0.96,1.23,1.24,1.45,1.66,1.73,1.75,1.78,1.69,1.58,1.72,1.83,1.84,1.77,1.88,1.80,1.67,1.78,1.77,1.66,1.67,1.63,1.68,1.47,1.71,1.55,1.45,1.33,1.24,1.28,1.08,1.03,1.03,1.17,1.17,1.01,0.93,0.79,0.88,0.71,0.69,0.74,0.56,0.39,0.48,0.67
-14.34,-14.31,-14.42,-14.61,-14.66,-14.45,-14.46,-14.52,-14.64,-14.97,-14.73,-14.84,-15.11,-15.12,-14.76,-14.40,-14.67,-14.78,-14.73,-14.69,-14.73,-14.85,-14.97,-14.63,-14.42,-14.85,-14.79,-14.82,-14.96,-14.96,-15.02,-15.17,-15.20,-15.17,-15.12,-15.28,-15.20,-15.31,-15.38,-15.21,-15.15,-15.05,-14.69,-14.67,-15.17,-15.32,-15.29,-15.17,-15.28,-15.05,-14.94,-15.31,-15.31,-15.08,-15.12,-14.88,-14.85,-14.78,-14.58,-14.39,-13.98,-13.37,-12.78,-11.89,-10.70,-9.36,-7.90,-6.69,-5.41,-3.88,-2.79,-2.33,-1.82,-1.95,-1.83,-1.64,-1.46,-1.55,-1.73,-1.53,-1.51,-1.67,-1.41,-1.39,-1.48,-1.38,-1.58,-1.17,-0.59,-0.52,-0.14,0.24,0.15,0.27,0.53,0.48,0.45,0.71,0.84,0.96,0.79,0.64,0.66,0.61,0.55,0.79,1.18,1.42,1.74,1.83,1.85,2.20,2.43,1.86,1.42,1.58,1.55,1.97,2.28,2.28,2.12,2.11,2.14,2.09,2.12,2.19,2.58,2.28,2.65,2.41,2.24,2.28,2.22,2.18,2.23,2.22,2.09,2.11,2.35,2.07,1.89,1.96,1.99,1.79,1.79,1.78,1.83,1.72,1.66,1.64,1.50,1.27,1.13,1.00,0.93,0.92,0.85,0.59,0.70,0.80
-14.22,-14.18,-14.25,-14.69,-14.45,-14.52,-14.60,-14.61,-14.63,-14.82,-14.70,-14.57,-14.61,-14.55,-14.40,-14.33,-14.78,-14.70,-14.64,-14.73,-14.69,-14.40,-14.31,-14.69,-14.73,-14.76,-14.79,-14.94,-14.79,-14.79,-14.99,-14.99,-14.88,-15.00,-15.15,-15.12,-15.17,-15.38,-15.37,-15.06,-14.97,-15.06,-14.88,-14.60,-14.73,-14.94,-14.93,-14.96,-14.97,-14.70,-14.60,-14.88,-14.87,-14.72,-14.66,-14.34,-13.88,-13.48,-13.05,-12.10,-10.77,-9.36,-8.23,-6.96,-5.40,-4.22,-3.25,-2.56,-2.29,-1.83,-1.59,-1.54,-1.58,-1.91,-1.67,-1.62,-1.57,-1.53,-1.74,-1.62,-1.60,-1.83,-1.67,-1.40,-1.51,-1.26,-1.48,-0.90,-0.46,-0.19,0.03,0.33,0.41,0.56,0.70,0.87,0.91,1.20,1.35,1.39,1.30,1.11,1.07,1.11,1.09,1.27,1.66,2.06,2.30,2.52,2.47,2.78,2.72,2.22,1.71,1.55,1.61,1.82,2.11,2.07,2.07,2.14,2.20,2.22,2.16,2.25,2.71,2.55,2.80,2.57,2.36,2.33,2.39,2.41,2.37,2.33,2.33,2.28,2.59,2.46,2.25,2.37,2.35,1.97,1.83,2.19,2.14,2.02,2.00,1.96,1.69,1.40,1.38,1.18,1.12,1.12,0.97,0.59,0.55,0.61
-14.12,-14.07,-14.16,-14.51,-14.27,-14.58,-14.72,-14.64,-14.60,-14.79,-14.66,-14.60,-14.73,-14.64,-14.37,-14.51,-14.72,-14.55,-14.72,-14.64,-14.37,-14.28,-14.31,-14.49,-14.58,-14.64,-14.63,-14.70,-14.79,-14.75,-14.79,-14.91,-14.97,-14.91,-14.87,-14.88,-14.93,-15.17,-15.38,-15.34,-15.14,-15.15,-15.09,-14.60,-14.30,-14.43,-14.55,-14.73,-14.67,-14.18,-13.48,-13.85,-13.98,-13.65,-13.12,-12.32,-11.00,-9.67,-8.55,-7.19,-5.58,-4.24,-3.43,-2.72,-2.05,-1.88,-1.88,-1.72,-1.62,-1.60,-1.71,-1.53,-1.55,-1.73,-1.60,-1.49,-1.46,-1.43,-1.58,-1.63,-1.68,-1.65,-1.73,-1.26,-1.51,-1.24,-1.26,-0.67,-0.22,0.10,0.30,0.39,0.56,0.70,1.02,1.14,1.24,1.50,1.69,1.61,1.66,1.62,1.73,1.66,1.52,1.80,2.31,2.68,2.63,2.51,2.59,2.95,2.81,2.45,1.55,1.25,1.46,1.63,1.44,1.55,1.58,1.44,1.51,1.74,1.79,1.79,1.94,1.78,2.07,2.08,2.03,2.03,2.11,2.06,1.91,1.88,1.97,1.85,1.82,1.95,1.90,2.16,2.26,2.02,1.69,1.92,1.82,1.66,1.61,1.64,1.69,1.55,1.52,1.15,1.07,1.09,0.96,0.64,0.60,0.56
-14.15,-14.13,-14.07,-14.04,-14.34,-14.34,-14.46,-14.66,-14.70,-14.46,-14.33,-14.33,-14.61,-14.82,-14.78,-14.78,-14.51,-14.48,-14.40,-14.40,-14.43,-14.43,-14.58,-14.52,-14.45,-14.36,-14.45,-14.52,-14.54,-14.66,-14.81,-14.81,-14.97,-14.79,-14.69,-14.96,-14.93,-15.18,-15.32,-15.41,-15.28,-15.20,-15.15,-14.78,-14.39,-14.24,-14.30,-14.49,-14.31,-13.24,-10.79,-11.33,-11.03,-10.27,-8.92,-7.60,-6.12,-4.62,-3.47,-2.66,-2.09,-1.88,-1.86,-1.69,-1.62,-1.72,-1.79,-1.69,-1.34,-1.39,-1.54,-1.43,-1.57,-1.63,-1.53,-1.36,-1.26,-1.31,-1.41,-1.64,-1.54,-1.45,-1.63,-1.17,-1.31,-1.26,-1.00,-0.47,0.03,0.27,0.39,0.46,0.63,0.80,1.31,1.29,1.30,1.55,1.80,1.73,1.73,1.78,1.97,1.85,1.49,1.71,2.24,2.42,2.54,2.63,2.65,2.83,2.59,2.25,1.14,1.22,1.12,0.98,0.93,1.00,0.84,0.75,0.85,1.08,1.35,1.42,1.24,0.92,1.11,1.31,1.13,1.17,1.20,1.18,1.20,1.27,1.27,1.28,0.97,1.20,1.28,1.53,1.73,1.72,1.52,1.35,1.18,1.15,1.28,1.39,1.33,1.27,1.31,1.28,1.08,0.80,0.63,0.81,0.70,0.60
-14.12,-14.04,-13.91,-14.10,-14.45,-14.30,-14.22,-14.45,-14.64,-14.54,-14.48,-14.40,-14.58,-14.69,-14.55,-14.67,-14.66,-14.45,-14.37,-14.31,-14.36,-14.48,-14.48,-14.36,-14.36,-14.54,-14.57,-14.52,-14.49,-14.60,-14.79,-14.75,-14.93,-14.99,-14.78,-14.94,-14.84,-15.12,-15.06,-15.18,-15.14,-15.05,-15.02,-14.76,-14.67,-14.40,-14.07,-14.15,-13.67,-11.52,-7.58,-6.73,-5.95,-4.92,-3.57,-2.47,-1.87,-1.63,-1.46,-1.45,-1.41,-1.31,-1.46,-1.55,-1.51,-1.60,-1.49,-1.53,-1.39,-1.24,-1.27,-1.26,-1.45,-1.32,-1.15,-1.02,-0.96,-1.17,-1.22,-1.45,-1.24,-1.30,-1.17,-0.97,-1.06,-0.92,-0.76,-0.36,0.10,0.32,0.38,0.61,0.86,1.09,1.51,1.30,1.24,1.30,1.63,1.75,1.71,1.74,1.90,1.82,1.60,1.79,2.19,2.43,2.54,2.54,2.39,2.62,2.43,2.06,1.33,1.19,1.20,1.19,0.95,1.12,1.14,1.20,1.13,0.97,1.14,1.50,1.55,1.22,1.02,1.06,1.22,1.03,1.12,1.07,0.96,0.95,0.90,0.91,1.00,0.91,0.96,1.17,1.42,1.63,1.58,1.41,1.06,1.07,1.17,1.20,1.17,1.12,1.15,1.04,0.90,0.76,0.67,0.63,0.55,0.48
-14.06,-14.03,-14.04,-14.34,-14.12,-14.16,-14.28,-14.39,-14.58,-14.49,-14.69,-14.57,-14.54,-14.60,-14.42,-14.43,-14.55,-14.49,-14.28,-14.24,-14.40,-14.48,-14.48,-14.37,-14.22,-14.61,-14.70,-14.58,-14.52,-14.63,-14.78,-14.70,-14.78,-15.03,-14.88,-14.84,-14.70,-14.87,-14.79,-15.03,-15.11,-14.94,-14.88,-14.61,-14.57,-14.43,-14.07,-13.82,-13.05,-9.25,-4.72,-2.52,-1.83,-1.25,-1.01,-0.71,-0.85,-0.95,-0.92,-1.17,-1.24,-1.21,-1.41,-1.54,-1.43,-1.35,-1.32,-1.35,-1.31,-1.02,-1.00,-1.07,-1.02,-1.08,-0.87,-0.76,-0.62,-0.93,-1.08,-1.02,-0.86,-0.98,-0.82,-0.63,-0.86,-0.47,-0.43,-0.13,0.22,0.38,0.56,0.77,1.12,1.34,1.58,1.15,1.22,1.22,1.45,1.56,1.53,1.56,1.80,1.73,1.71,1.90,2.16,2.39,2.39,2.35,2.31,2.43,2.30,1.94,1.36,0.85,0.97,0.93,0.92,0.88,0.82,0.88,0.91,0.84,0.95,1.34,1.42,1.28,1.01,0.82,0.85,0.95,1.07,1.03,0.95,0.92,0.90,0.80,1.08,0.81,0.95,1.15,1.30,1.40,1.41,1.11,0.81,0.80,0.92,1.00,1.01,1.07,1.00,0.85,0.88,0.75,0.48,0.38,0.40,0.22
-14.25,-14.00,-13.67,-14.25,-14.22,-14.15,-14.12,-14.21,-14.46,-14.27,-14.57,-14.52,-14.45,-14.39,-14.13,-14.39,-14.34,-14.42,-14.46,-14.45,-14.45,-14.45,-14.40,-14.46,-14.51,-14.66,-14.63,-14.63,-14.63,-14.61,-14.67,-14.57,-14.70,-14.76,-14.78,-14.88,-14.81,-14.85,-14.88,-15.05,-14.99,-14.84,-14.82,-14.64,-14.46,-14.31,-14.22,-13.88,-12.96,-7.93,-2.60,-1.32,-0.92,-0.56,-0.49,-0.41,-0.67,-0.80,-0.87,-1.11,-1.20,-1.31,-1.50,-1.51,-1.40,-1.32,-1.30,-1.24,-1.11,-0.91,-0.88,-0.91,-0.90,-0.97,-0.96,-0.80,-0.51,-0.91,-0.97,-0.88,-0.80,-0.91,-0.71,-0.47,-0.72,-0.33,-0.19,0.22,0.38,0.53,0.64,0.92,1.31,1.40,1.49,1.13,1.17,1.29,1.47,1.39,1.44,1.55,1.78,1.62,1.61,1.83,2.07,2.29,2.22,2.14,2.13,2.33,2.16,1.86,1.24,0.65,0.79,0.77,0.87,0.91,0.82,0.75,0.71,0.80,1.03,1.22,1.18,0.82,0.82,0.60,0.96,0.88,0.80,0.72,0.79,0.91,0.82,0.82,0.97,0.81,1.02,1.09,1.07,1.06,1.02,0.76,0.75,0.72,0.93,1.07,1.08,1.07,0.92,0.86,0.98,0.81,0.45,0.25,0.15,0.27
-13.91,-13.97,-13.92,-13.70,-13.97,-13.86,-13.82,-14.04,-13.94,-14.15,-14.31,-14.39,-14.39,-14.36,-14.24,-14.31,-14.19,-14.09,-14.07,-14.19,-14.37,-14.39,-14.31,-14.37,-14.48,-14.45,-14.42,-14.48,-14.60,-14.67,-14.57,-14.43,-14.72,-14.76,-14.57,-14.76,-14.87,-14.91,-14.96,-15.02,-14.85,-14.73,-14.78,-14.55,-14.57,-14.22,-14.07,-13.92,-13.42,-9.20,-3.12,-1.34,-0.87,-0.42,-0.31,-0.49,-0.56,-0.61,-0.83,-1.10,-1.21,-1.25,-1.31,-1.34,-1.35,-1.30,-1.24,-1.12,-0.86,-0.90,-1.08,-0.91,-0.91,-0.83,-0.83,-0.68,-0.61,-0.73,-0.87,-0.81,-0.69,-0.80,-0.62,-0.54,-0.47,-0.33,0.04,0.39,0.50,0.79,0.92,1.44,1.68,1.60,1.52,1.13,1.02,1.07,1.38,1.46,1.51,1.53,1.73,1.50,1.44,1.62,1.89,2.25,2.22,2.00,1.95,2.14,2.14,1.74,1.14,0.65,0.70,0.80,0.79,0.74,0.69,0.64,0.65,0.70,0.85,1.01,1.01,1.02,1.18,1.09,0.92,0.93,0.95,0.75,0.65,0.72,0.71,0.77,0.66,0.75,0.82,0.98,1.14,1.12,0.95,0.93,1.00,0.91,0.97,1.11,1.17,1.03,0.95,0.95,1.02,0.82,0.45,0.27,0.24,0.17
-13.83,-13.70,-13.74,-13.85,-13.97,-13.89,-13.80,-13.89,-14.18,-14.00,-14.25,-14.28,-14.30,-14.36,-14.24,-14.25,-14.22,-14.21,-14.04,-14.00,-14.24,-14.33,-14.30,-14.22,-14.22,-14.28,-14.45,-14.48,-14.54,-14.64,-14.42,-14.34,-14.63,-14.72,-14.58,-14.52,-14.78,-14.82,-14.78,-14.97,-14.93,-14.63,-14.63,-14.42,-14.55,-14.31,-14.13,-13.61,-13.57,-10.77,-4.38,-1.43,-0.66,-0.36,-0.12,-0.38,-0.48,-0.57,-0.76,-0.95,-1.05,-1.22,-1.45,-1.38,-1.29,-1.26,-1.11,-0.98,-0.75,-0.77,-1.02,-0.77,-0.72,-0.76,-0.76,-0.71,-0.68,-0.69,-0.76,-0.77,-0.52,-0.56,-0.49,-0.37,-0.43,-0.26,0.12,0.45,0.69,1.15,1.46,1.88,1.88,1.67,1.61,1.03,0.91,1.03,1.24,1.38,1.40,1.41,1.60,1.41,1.30,1.34,1.53,1.85,1.88,1.71,1.68,1.73,1.55,1.31,0.85,0.90,0.66,0.66,0.51,0.35,0.15,0.09,0.04,0.22,0.63,0.91,1.14,0.86,0.55,0.46,0.67,0.63,0.53,0.39,0.48,0.66,0.66,0.63,0.39,0.79,0.75,0.92,0.97,0.92,0.91,0.93,0.91,0.92,0.87,0.92,1.03,1.07,1.08,0.90,0.91,0.75,0.40,0.08,0.17,0.12
-14.01,-14.06,-13.74,-13.61,-13.73,-13.83,-13.83,-13.86,-14.16,-14.03,-14.22,-14.27,-14.27,-14.28,-14.16,-14.24,-14.16,-14.19,-14.16,-14.12,-14.28,-14.34,-14.22,-14.19,-14.18,-14.27,-14.46,-14.48,-14.51,-14.54,-14.22,-14.31,-14.61,-14.52,-14.75,-14.49,-14.66,-14.85,-14.84,-14.93,-14.87,-14.55,-14.55,-14.40,-14.30,-14.33,-14.31,-14.09,-13.92,-12.00,-5.69,-1.77,-0.52,-0.42,-0.34,-0.22,-0.48,-0.72,-0.78,-1.05,-1.19,-1.25,-1.45,-1.36,-1.27,-1.31,-1.19,-1.08,-0.76,-0.92,-1.20,-0.93,-0.91,-0.90,-0.82,-0.73,-0.49,-0.80,-0.95,-0.82,-0.68,-0.85,-0.72,-0.41,-0.67,-0.26,0.07,0.45,0.60,1.28,1.46,1.92,1.75,1.72,1.61,0.80,0.74,0.98,1.22,1.14,1.24,1.38,1.47,1.39,1.19,1.08,1.04,1.01,0.98,0.96,0.91,0.88,0.72,0.72,0.54,0.65,0.56,0.48,0.29,0.18,0.12,-0.08,-0.13,0.10,0.46,0.82,1.07,0.71,0.63,0.51,0.45,0.40,0.63,0.56,0.45,0.45,0.44,0.64,0.65,0.39,0.60,0.92,0.95,0.91,1.02,1.03,0.81,0.98,0.86,0.79,0.88,1.04,1.15,0.97,1.03,0.86,0.43,-0.03,0.03,0.02
-13.86,-13.80,-13.59,-13.57,-13.58,-13.68,-13.83,-13.86,-13.94,-14.04,-14.16,-14.30,-14.30,-14.16,-14.16,-14.21,-14.19,-14.16,-14.12,-14.13,-14.30,-14.28,-14.22,-14.07,-13.98,-14.09,-14.25,-14.34,-14.46,-14.52,-14.19,-14.46,-14.72,-14.67,-14.72,-14.48,-14.58,-14.76,-14.72,-14.69,-14.69,-14.54,-14.51,-14.42,-14.24,-14.24,-14.34,-14.16,-14.01,-12.49,-6.97,-2.50,-0.72,-0.42,-0.37,-0.48,-0.68,-0.88,-1.05,-1.11,-1.02,-1.16,-1.35,-1.25,-1.12,-1.15,-1.20,-1.11,-0.91,-1.00,-1.11,-0.85,-0.85,-1.01,-0.75,-0.73,-0.58,-0.69,-0.85,-0.81,-0.91,-1.05,-0.77,-0.69,-0.62,-0.17,-0.02,0.27,0.55,0.93,1.20,1.73,1.77,1.88,1.56,0.82,0.65,0.97,1.18,1.13,1.20,1.28,1.33,1.29,1.07,0.86,0.72,0.40,0.17,0.24,0.24,0.20,0.25,0.27,0.38,0.48,0.30,0.32,0.18,-0.03,-0.23,-0.27,-0.28,-0.24,0.08,0.53,0.66,0.65,0.30,0.38,0.40,0.32,0.28,0.17,0.22,0.30,0.30,0.38,0.34,0.40,0.50,0.53,0.58,0.84,1.04,0.77,0.90,0.84,0.71,0.74,0.85,0.92,1.12,1.30,1.31,0.97,0.48,0.09,0.07,0.09
-13.62,-13.45,-13.18,-13.61,-13.61,-13.65,-13.85,-13.86,-13.82,-13.85,-14.06,-14.18,-14.16,-14.07,-14.10,-14.18,-14.24,-14.18,-14.03,-13.98,-14.09,-14.19,-14.22,-13.94,-13.77,-13.91,-14.07,-14.24,-14.43,-14.43,-14.19,-14.46,-14.60,-14.58,-14.54,-14.34,-14.42,-14.48,-14.46,-14.51,-14.57,-14.49,-14.46,-14.31,-14.12,-14.34,-14.15,-14.07,-13.82,-12.74,-8.49,-3.00,-0.68,-0.42,-0.23,-0.47,-0.88,-1.15,-1.26,-1.24,-1.07,-1.07,-1.34,-1.38,-1.16,-1.12,-1.07,-0.88,-0.91,-1.05,-1.03,-0.88,-0.95,-1.01,-0.97,-0.81,-0.80,-0.81,-0.76,-0.67,-0.92,-0.85,-0.67,-0.68,-0.62,-0.09,-0.21,0.12,0.66,0.56,1.13,1.74,1.73,1.90,1.45,0.80,0.63,0.90,1.08,1.11,1.14,1.18,1.27,1.23,1.00,0.76,0.55,0.32,0.12,0.07,0.18,0.08,0.12,0.23,0.37,0.54,0.28,0.22,0.09,-0.18,-0.31,-0.27,-0.36,-0.47,-0.17,0.38,0.46,0.60,0.27,0.39,0.23,0.32,0.17,0.08,0.14,0.14,0.01,0.10,0.23,0.35,0.41,0.64,0.59,0.74,1.09,1.04,1.15,0.88,0.74,0.81,0.97,1.09,1.25,1.52,1.30,0.92,0.55,0.27,0.29,0.34
-13.57,-13.30,-13.03,-13.42,-13.45,-13.52,-13.79,-13.86,-13.70,-13.68,-13.94,-14.00,-13.86,-13.92,-13.95,-14.03,-14.12,-14.03,-13.94,-13.88,-13.82,-14.12,-14.15,-13.91,-13.89,-13.95,-13.92,-13.94,-14.15,-14.36,-14.19,-14.34,-14.36,-14.46,-14.43,-14.31,-14.36,-14.43,-14.43,-14.39,-14.28,-14.22,-14.34,-14.34,-14.33,-14.30,-14.09,-14.01,-13.65,-13.11,-9.19,-3.47,-1.05,-0.56,-0.37,-0.58,-0.78,-0.98,-1.21,-1.20,-1.02,-1.07,-1.35,-1.35,-1.19,-1.24,-1.21,-1.02,-1.11,-1.06,-1.10,-1.05,-0.90,-1.02,-0.95,-0.97,-0.95,-0.76,-0.75,-0.78,-0.78,-0.78,-0.69,-0.64,-0.47,-0.29,-0.08,0.07,0.54,0.65,1.07,1.45,1.84,1.85,1.42,0.66,0.56,0.81,1.09,0.96,1.07,1.15,1.31,1.20,0.96,0.74,0.39,0.20,0.18,0.06,0.13,0.07,-0.01,0.15,0.38,0.54,0.43,0.33,0.19,-0.18,-0.23,-0.22,-0.29,-0.46,-0.23,0.29,0.44,0.60,0.40,0.32,0.17,0.10,0.18,0.14,0.03,0.15,0.39,0.28,0.66,0.58,0.92,1.01,0.86,0.84,0.88,0.65,0.91,1.08,1.01,1.01,1.11,1.27,1.35,1.49,1.09,0.95,0.72,0.39,0.41,0.39
-13.68,-13.37,-13.25,-13.42,-13.43,-13.49,-13.73,-13.83,-13.71,-13.70,-13.88,-13.85,-13.71,-13.80,-13.79,-13.86,-14.09,-14.10,-13.94,-13.79,-13.74,-13.97,-14.12,-13.79,-13.97,-13.97,-13.89,-13.97,-14.07,-14.16,-14.28,-14.34,-14.40,-14.34,-14.36,-14.21,-14.16,-14.28,-14.36,-14.37,-14.33,-14.15,-14.13,-14.16,-14.31,-14.09,-14.03,-13.86,-13.70,-13.17,-10.36,-4.29,-1.14,-0.44,-0.34,-0.80,-1.02,-1.06,-1.26,-1.31,-1.03,-0.97,-1.29,-1.35,-1.32,-1.24,-1.20,-1.20,-1.15,-1.03,-1.17,-1.12,-1.16,-0.93,-0.81,-0.96,-0.98,-0.92,-1.11,-0.90,-0.92,-0.85,-0.58,-0.49,-0.61,-0.22,-0.12,-0.07,0.17,0.22,0.59,1.25,1.60,1.73,1.31,0.66,0.44,0.70,0.91,0.90,1.00,1.12,1.19,1.12,0.93,0.71,0.37,0.07,-0.11,-0.17,-0.17,-0.17,-0.21,-0.02,0.28,0.40,0.49,0.46,0.22,-0.11,-0.22,-0.26,-0.41,-0.52,-0.23,0.27,0.46,0.55,0.33,0.14,0.04,-0.03,-0.02,0.06,-0.03,0.03,0.24,0.23,0.61,0.66,0.88,1.01,0.90,0.87,1.00,0.98,1.15,1.00,0.88,0.84,0.91,1.09,1.24,1.35,1.08,0.97,0.80,0.51,0.30,0.38
-13.64,-13.42,-13.39,-13.51,-13.61,-13.65,-13.73,-13.80,-13.86,-13.80,-13.86,-13.82,-13.71,-13.97,-13.73,-13.97,-14.16,-14.15,-13.95,-13.83,-13.86,-14.06,-14.10,-14.00,-14.21,-14.18,-14.18,-14.33,-14.27,-14.00,-14.48,-14.55,-14.33,-14.28,-14.13,-14.15,-14.13,-14.13,-14.22,-14.39,-14.40,-14.12,-14.09,-13.91,-14.33,-14.15,-14.30,-14.03,-13.54,-13.08,-11.23,-5.13,-1.51,-0.58,-0.57,-0.92,-1.26,-1.48,-1.45,-1.32,-1.25,-1.14,-1.19,-1.34,-1.31,-1.16,-1.17,-1.31,-1.36,-1.29,-1.21,-1.03,-1.06,-1.08,-0.98,-1.03,-1.07,-0.86,-1.34,-0.98,-0.93,-0.83,-0.90,-0.76,-0.76,-0.39,-0.16,-0.53,0.02,0.14,0.29,0.71,1.20,1.56,1.40,0.67,0.34,0.50,0.71,0.87,0.96,0.91,0.91,0.87,0.72,0.54,0.33,0.12,-0.09,-0.28,-0.36,-0.37,-0.32,-0.04,0.18,0.29,0.40,0.37,0.17,-0.14,-0.32,-0.29,-0.39,-0.51,-0.22,0.20,0.22,0.38,0.24,-0.12,-0.24,-0.13,-0.17,-0.11,-0.02,0.10,0.25,0.43,0.72,0.88,1.00,0.88,0.87,0.92,0.96,0.98,1.25,1.33,1.22,1.13,1.17,1.24,1.30,1.38,1.25,1.15,0.90,0.55,0.45,0.49
-13.42,-13.37,-13.28,-13.33,-13.43,-13.55,-13.64,-13.73,-13.88,-13.73,-13.88,-13.91,-13.76,-14.01,-13.86,-13.85,-13.83,-13.92,-14.04,-13.97,-13.70,-14.10,-13.73,-13.74,-13.94,-14.01,-14.06,-14.21,-14.28,-14.00,-14.10,-14.03,-14.06,-14.33,-14.15,-13.85,-14.00,-14.16,-14.16,-14.19,-14.18,-14.27,-14.37,-13.98,-14.13,-13.86,-14.07,-14.00,-13.45,-13.20,-11.55,-6.15,-2.07,-0.75,-0.56,-0.91,-1.25,-1.32,-1.35,-1.26,-1.17,-1.26,-1.40,-1.40,-1.30,-1.31,-1.27,-1.26,-1.17,-1.16,-1.15,-1.01,-0.88,-0.93,-1.11,-1.10,-1.05,-0.97,-1.22,-0.98,-0.81,-0.90,-0.64,-0.62,-0.57,-0.49,-0.13,-0.19,-0.02,0.02,0.38,0.61,0.90,1.28,1.33,0.69,0.34,0.46,0.74,0.95,0.76,0.77,0.84,0.72,0.58,0.51,0.34,0.09,-0.14,-0.42,-0.43,-0.39,-0.34,-0.17,0.09,0.27,0.33,0.25,0.12,-0.18,-0.38,-0.42,-0.46,-0.57,-0.33,0.09,0.12,0.28,0.22,0.01,-0.02,0.07,0.03,-0.04,0.20,0.50,0.53,0.55,0.87,1.06,1.17,0.91,0.93,0.97,0.96,1.07,1.07,1.00,1.17,1.20,1.19,1.27,1.36,1.29,1.33,1.00,0.66,0.43,0.13,0.20
-13.31,-13.31,-13.14,-13.25,-13.33,-13.36,-13.49,-13.88,-13.67,-13.70,-13.85,-13.85,-13.68,-13.73,-13.83,-13.77,-13.95,-14.13,-14.09,-13.85,-13.65,-13.83,-13.68,-13.74,-13.65,-13.82,-14.03,-14.15,-14.19,-14.10,-14.19,-13.74,-14.19,-14.00,-13.95,-13.85,-14.00,-14.03,-13.86,-13.89,-14.09,-14.18,-14.12,-13.88,-14.03,-14.00,-14.24,-13.79,-13.64,-13.30,-12.16,-7.16,-2.64,-1.03,-0.93,-1.15,-1.29,-1.30,-1.22,-1.15,-1.14,-1.27,-1.45,-1.46,-1.20,-1.25,-1.22,-1.26,-1.00,-1.07,-0.98,-1.14,-1.07,-1.03,-1.19,-1.14,-0.87,-0.96,-0.91,-0.90,-0.78,-1.05,-0.75,-0.85,-0.64,-0.39,-0.57,-0.41,-0.21,-0.23,-0.06,0.23,0.58,1.07,1.19,0.75,0.37,0.39,0.60,0.59,0.59,0.64,0.77,0.72,0.61,0.50,0.32,0.07,-0.31,-0.57,-0.53,-0.56,-0.44,-0.27,-0.06,0.14,0.22,0.32,0.10,-0.17,-0.31,-0.49,-0.47,-0.48,-0.29,0.07,0.18,0.33,0.23,0.29,0.35,0.20,0.17,0.10,0.27,0.49,0.60,0.71,0.93,1.04,1.13,0.96,0.84,0.85,0.90,0.93,1.15,1.00,1.11,1.07,1.01,1.11,1.19,0.93,1.09,0.96,0.67,0.35,0.04,0.29
-13.09,-13.18,-12.94,-13.14,-13.18,-13.25,-13.54,-13.67,-13.62,-13.61,-13.64,-13.74,-13.88,-13.68,-13.70,-13.70,-13.74,-13.79,-13.91,-14.00,-13.74,-13.71,-13.70,-13.67,-13.67,-13.55,-13.70,-13.94,-13.79,-13.94,-13.88,-13.86,-14.19,-14.04,-14.06,-13.91,-13.89,-13.85,-13.86,-14.01,-13.94,-13.88,-14.00,-13.91,-14.19,-14.18,-14.12,-13.77,-13.40,-13.27,-12.53,-8.58,-3.40,-1.05,-0.72,-0.96,-1.15,-1.34,-1.54,-1.45,-1.30,-1.24,-1.34,-1.34,-1.11,-1.12,-1.35,-1.26,-1.11,-1.00,-1.27,-1.21,-1.10,-0.98,-0.97,-1.06,-0.85,-1.06,-1.34,-1.05,-0.93,-1.01,-0.82,-0.81,-0.67,-0.28,-0.37,-0.62,-0.29,-0.34,0.04,0.32,0.44,0.98,1.00,0.71,0.41,0.27,0.45,0.50,0.56,0.66,0.69,0.74,0.69,0.53,0.32,-0.06,-0.42,-0.51,-0.58,-0.56,-0.48,-0.32,-0.08,0.07,0.12,0.39,0.23,-0.02,-0.06,-0.18,-0.11,-0.14,-0.16,0.07,0.19,0.35,0.23,0.23,0.32,0.38,0.45,0.30,0.30,0.49,0.64,0.74,0.79,1.01,1.11,0.93,0.69,0.65,0.79,0.91,0.97,0.80,1.06,1.03,1.00,1.11,1.06,0.71,0.85,0.85,0.56,0.20,0.24,0.46
-12.94,-12.97,-13.02,-12.97,-13.09,-13.24,-13.22,-13.28,-13.37,-13.24,-13.36,-13.49,-13.48,-13.55,-13.49,-13.64,-13.74,-13.68,-13.54,-13.51,-13.58,-13.79,-13.64,-13.57,-13.77,-13.89,-13.82,-13.86,-14.12,-13.97,-14.00,-13.89,-13.70,-13.67,-13.86,-13.70,-13.67,-13.74,-13.85,-14.00,-13.86,-13.58,-13.95,-13.85,-13.68,-14.21,-13.86,-13.76,-13.77,-13.42,-12.49,-9.65,-4.12,-1.19,-0.81,-0.97,-1.21,-1.30,-1.35,-1.31,-1.10,-1.11,-1.44,-1.22,-1.21,-1.20,-1.36,-1.20,-1.12,-1.26,-1.20,-1.10,-1.10,-1.06,-1.12,-0.88,-0.98,-0.92,-1.21,-0.98,-0.77,-0.90,-0.76,-0.90,-0.53,-0.39,-0.53,-0.31,-0.33,-0.47,0.03,0.09,0.18,0.90,0.82,0.69,0.29,0.29,0.55,0.69,0.82,0.81,0.82,0.84,0.84,0.64,0.25,-0.11,-0.33,-0.39,-0.39,-0.34,-0.34,-0.23,-0.03,0.15,0.14,0.40,0.38,0.29,0.24,0.23,0.15,0.02,-0.03,0.06,0.19,0.24,0.15,0.10,0.06,0.43,0.69,0.44,0.27,0.40,0.56,0.60,0.60,0.67,0.80,0.64,0.56,0.51,0.49,0.60,0.41,0.59,0.66,0.65,0.67,0.70,0.65,0.58,0.65,0.63,0.49,0.25,0.03,0.33
-13.31,-13.14,-12.87,-12.94,-13.15,-13.37,-13.55,-13.51,-13.62,-13.73,-13.65,-13.55,-13.59,-13.58,-13.82,-13.65,-13.68,-13.67,-13.59,-13.57,-13.28,-13.64,-13.82,-13.68,-13.59,-13.58,-13.54,-13.54,-13.73,-13.68,-13.77,-13.91,-13.80,-14.06,-13.98,-13.88,-14.00,-13.98,-13.88,-13.98,-14.00,-13.98,-14.10,-13.61,-13.83,-13.97,-13.85,-13.58,-13.59,-13.58,-12.72,-10.17,-4.64,-1.51,-1.12,-1.21,-1.31,-1.45,-1.53,-1.44,-1.31,-1.39,-1.39,-1.19,-1.27,-1.24,-1.31,-1.35,-1.24,-1.22,-1.26,-1.14,-1.08,-1.29,-1.17,-0.98,-0.92,-1.11,-1.17,-1.06,-0.83,-0.78,-1.01,-0.69,-0.71,-0.52,-0.63,-0.48,-0.48,-0.66,-0.32,-0.11,-0.03,0.69,0.67,0.32,0.27,0.24,0.49,0.61,0.70,0.74,0.66,0.65,0.74,0.61,0.32,0.03,-0.16,-0.19,-0.13,0.08,0.04,-0.03,0.06,0.08,-0.04,0.24,0.34,0.25,0.22,0.24,0.12,0.04,0.07,0.04,0.02,0.06,0.06,0.03,0.13,0.27,0.53,0.34,0.13,0.15,0.27,0.34,0.46,0.34,0.39,0.34,0.44,0.40,0.30,0.38,0.30,0.44,0.48,0.50,0.55,0.53,0.30,0.43,0.41,0.48,0.41,0.23,0.06,0.27
-13.03,-12.86,-12.77,-12.97,-13.08,-13.09,-13.25,-13.39,-13.34,-13.20,-13.11,-13.18,-13.31,-13.24,-13.58,-13.52,-13.48,-13.46,-13.45,-13.49,-13.58,-13.48,-13.64,-13.27,-13.24,-13.36,-13.49,-13.65,-13.67,-13.49,-13.54,-13.49,-13.74,-13.64,-13.73,-13.70,-13.76,-13.76,-13.62,-13.61,-13.64,-13.68,-13.86,-13.65,-13.62,-13.49,-13.49,-13.58,-13.48,-13.40,-12.90,-11.07,-5.50,-2.10,-1.27,-1.12,-1.32,-1.36,-1.35,-1.35,-1.17,-1.19,-1.45,-1.50,-1.29,-1.24,-1.31,-1.10,-1.06,-1.21,-1.45,-1.35,-1.20,-1.22,-1.05,-0.87,-1.02,-1.01,-1.24,-1.05,-0.87,-0.72,-0.64,-0.95,-0.76,-0.51,-0.85,-0.59,-0.76,-0.61,-0.19,-0.06,0.12,0.53,0.76,0.33,0.30,0.37,0.51,0.69,0.74,0.67,0.77,0.81,0.69,0.50,0.27,0.17,0.24,0.18,0.04,0.18,0.14,-0.17,0.04,-0.04,-0.22,0.18,0.23,0.12,0.14,0.13,0.07,0.06,0.12,0.09,-0.07,-0.01,-0.07,-0.08,0.17,0.02,0.15,0.09,-0.02,0.02,0.09,0.07,0.22,0.09,0.02,0.03,0.15,0.19,0.19,0.27,0.13,0.25,0.24,0.33,0.41,0.35,-0.01,0.07,0.12,0.24,0.22,0.10,0.28,0.30
-12.86,-12.77,-12.90,-12.97,-12.96,-13.02,-13.39,-13.40,-13.08,-13.00,-13.08,-13.24,-13.46,-13.43,-13.52,-13.43,-13.40,-13.39,-13.33,-13.25,-13.48,-13.39,-13.27,-13.18,-13.33,-13.30,-13.30,-13.55,-13.65,-13.37,-13.45,-13.57,-13.79,-13.83,-13.85,-13.54,-13.52,-13.70,-13.64,-13.61,-13.82,-13.49,-13.51,-13.48,-13.59,-13.28,-13.46,-13.37,-13.49,-13.37,-13.03,-12.10,-6.92,-2.43,-1.19,-1.19,-1.38,-1.59,-1.68,-1.53,-1.30,-1.20,-1.35,-1.44,-1.30,-1.11,-1.27,-1.08,-1.10,-1.11,-1.27,-1.27,-1.27,-1.07,-0.86,-1.02,-0.81,-0.80,-1.02,-0.97,-0.92,-1.03,-0.85,-0.58,-0.71,-0.62,-0.78,-0.64,-0.73,-0.62,-0.59,-0.26,-0.11,0.10,0.37,0.29,0.02,0.13,0.34,0.72,0.72,0.67,0.81,0.77,0.55,0.35,0.34,0.38,0.29,0.19,0.15,0.07,0.23,0.09,0.10,0.13,-0.18,0.03,0.18,0.12,0.08,0.13,0.06,0.03,0.10,0.13,0.02,0.01,-0.09,-0.04,-0.04,-0.21,-0.03,-0.08,-0.17,-0.04,0.07,-0.04,0.01,0.02,-0.06,-0.09,-0.04,-0.01,-0.01,0.02,-0.06,0.22,0.01,-0.01,0.13,0.13,-0.12,-0.09,-0.13,-0.04,-0.04,-0.11,0.13,0.33
-12.77,-12.86,-12.93,-13.03,-12.96,-12.81,-12.97,-12.99,-13.21,-13.08,-13.06,-13.25,-13.42,-13.48,-13.51,-13.40,-13.33,-13.30,-13.28,-13.21,-13.33,-13.24,-13.52,-13.33,-13.28,-13.20,-13.20,-13.45,-13.46,-13.49,-13.45,-13.77,-13.58,-13.58,-13.57,-13.51,-13.48,-13.42,-13.42,-13.74,-13.85,-13.42,-13.54,-13.34,-13.54,-13.36,-13.30,-13.30,-13.21,-13.18,-13.21,-12.39,-7.79,-3.12,-1.51,-1.50,-1.55,-1.59,-1.63,-1.59,-1.34,-1.19,-1.30,-1.45,-1.41,-1.39,-1.17,-1.20,-0.80,-1.21,-1.21,-1.24,-0.93,-1.11,-1.05,-1.03,-0.93,-0.93,-1.03,-1.20,-0.91,-1.12,-0.82,-0.69,-0.63,-0.64,-0.98,-0.75,-0.67,-0.62,-0.77,-0.54,-0.37,-0.12,0.23,0.19,-0.02,0.14,0.37,0.51,0.63,0.60,0.67,0.70,0.51,0.35,0.40,0.44,0.44,0.30,0.07,0.13,0.39,0.44,0.46,0.35,0.14,0.01,0.17,0.12,0.03,0.12,0.03,-0.09,-0.07,-0.07,-0.16,-0.17,-0.22,-0.09,-0.12,-0.19,-0.04,-0.13,-0.22,-0.12,-0.06,-0.17,-0.08,0.13,-0.06,-0.12,-0.08,-0.11,-0.19,-0.22,-0.12,0.09,-0.13,-0.19,-0.16,-0.13,-0.09,-0.06,-0.12,-0.14,-0.19,-0.22,-0.01,0.27
-12.81,-12.65,-12.77,-12.99,-12.96,-12.84,-12.96,-12.93,-13.27,-13.24,-13.21,-13.27,-13.25,-13.22,-13.09,-12.96,-13.05,-13.11,-13.14,-13.39,-13.03,-13.31,-13.46,-13.37,-13.36,-13.22,-13.18,-13.36,-13.46,-13.46,-13.49,-13.52,-13.57,-13.51,-13.58,-13.62,-13.55,-13.42,-13.48,-13.79,-13.77,-13.46,-13.52,-13.14,-13.18,-13.03,-12.97,-13.17,-13.11,-13.14,-12.99,-12.18,-8.36,-3.74,-1.59,-1.48,-1.63,-1.76,-1.76,-1.57,-1.64,-1.49,-1.43,-1.39,-1.35,-1.27,-1.36,-1.29,-0.92,-0.87,-1.21,-1.17,-1.06,-1.06,-1.07,-1.14,-0.98,-1.10,-0.95,-1.14,-0.77,-0.87,-0.82,-0.64,-0.63,-0.68,-0.91,-0.71,-0.59,-0.66,-0.67,-0.43,-0.26,-0.07,-0.02,0.07,0.01,0.19,0.53,0.64,0.66,0.61,0.72,0.81,0.59,0.28,0.25,0.34,0.17,-0.02,0.06,0.22,0.54,0.51,0.53,0.41,0.28,0.12,0.15,0.25,0.18,0.25,0.08,-0.09,-0.02,0.13,0.10,-0.19,-0.32,-0.03,-0.28,-0.04,-0.02,-0.17,-0.16,-0.04,-0.08,-0.22,-0.13,0.13,-0.16,-0.18,-0.02,-0.03,-0.17,-0.14,-0.06,0.02,0.01,0.01,-0.04,-0.14,-0.06,0.08,0.09,-0.04,-0.17,-0.13,0.10,0.25
-12.65,-12.56,-12.58,-12.70,-12.74,-12.65,-12.65,-12.62,-13.03,-13.12,-13.09,-13.11,-13.02,-12.92,-13.02,-13.05,-13.15,-13.06,-12.93,-13.15,-12.97,-13.15,-13.09,-13.02,-13.05,-13.09,-13.17,-13.25,-13.21,-13.20,-13.27,-13.39,-13.40,-13.30,-13.54,-13.49,-13.36,-13.34,-13.42,-13.59,-13.57,-13.30,-13.30,-13.14,-13.22,-13.21,-13.18,-13.36,-13.06,-12.83,-12.49,-11.45,-8.51,-4.10,-1.59,-1.36,-1.50,-1.46,-1.43,-1.45,-1.26,-1.25,-1.20,-1.36,-1.35,-1.25,-1.20,-1.07,-1.02,-1.17,-1.08,-0.96,-0.90,-0.92,-0.81,-0.88,-0.75,-0.68,-1.10,-0.93,-0.98,-0.72,-0.61,-0.68,-0.66,-0.64,-0.69,-0.58,-0.58,-0.62,-0.62,-0.58,-0.44,-0.28,-0.12,0.02,-0.08,0.18,0.56,0.55,0.64,0.69,0.77,1.14,1.06,0.61,0.35,0.30,0.32,0.34,0.43,0.41,0.44,0.53,0.55,0.61,0.34,0.45,0.30,0.34,0.39,0.44,0.17,-0.04,0.02,0.14,0.12,-0.04,0.09,0.13,-0.07,0.17,0.02,-0.04,0.01,0.12,0.18,0.10,0.02,0.08,0.08,0.04,0.10,0.07,-0.04,0.03,0.10,0.19,0.29,0.30,0.17,0.02,0.06,0.10,0.09,0.06,-0.03,-0.06,0.13,0.22
-12.58,-12.53,-12.64,-12.62,-12.56,-12.48,-12.48,-12.58,-12.97,-12.90,-12.93,-12.97,-12.71,-12.89,-12.68,-12.92,-13.09,-13.03,-12.94,-13.21,-12.97,-13.36,-13.11,-13.05,-13.00,-13.03,-13.05,-12.93,-12.99,-13.05,-13.05,-13.21,-13.49,-13.43,-13.48,-13.33,-13.34,-13.49,-13.43,-13.36,-13.42,-13.20,-13.39,-13.15,-13.22,-13.17,-13.34,-13.34,-13.12,-12.74,-12.51,-11.24,-8.04,-3.91,-1.58,-1.31,-1.51,-1.54,-1.45,-1.58,-1.53,-1.55,-1.48,-1.46,-1.35,-1.34,-1.26,-1.21,-1.29,-1.10,-1.26,-1.22,-1.22,-1.31,-1.01,-1.14,-0.97,-0.93,-1.32,-1.24,-0.97,-1.06,-0.85,-0.82,-0.73,-0.68,-0.66,-0.71,-0.71,-0.64,-0.78,-0.63,-0.66,-0.51,-0.54,-0.23,-0.04,0.15,0.58,0.67,0.58,0.51,0.61,0.84,1.02,0.85,0.49,0.35,0.38,0.44,0.48,0.43,0.24,0.33,0.50,0.51,0.27,0.20,0.10,0.22,0.29,0.37,0.17,-0.02,-0.07,-0.06,0.06,0.02,0.04,0.10,-0.11,0.07,-0.07,-0.09,0.02,0.02,-0.08,-0.02,-0.02,0.09,0.20,0.18,-0.06,-0.14,-0.07,-0.04,0.18,0.19,0.29,0.23,0.07,-0.04,-0.02,-0.07,-0.07,0.12,0.08,-0.07,0.10,0.17
-12.51,-12.45,-12.48,-12.48,-12.42,-12.39,-12.55,-12.70,-12.93,-12.75,-12.75,-12.90,-12.74,-12.83,-12.61,-12.87,-13.03,-13.08,-13.11,-13.14,-12.89,-13.25,-12.99,-12.99,-12.92,-12.94,-13.00,-12.89,-12.86,-12.97,-12.83,-13.08,-13.15,-13.20,-13.20,-13.02,-12.97,-13.17,-13.27,-13.14,-13.22,-13.28,-13.09,-13.28,-13.05,-13.11,-13.14,-13.24,-12.93,-12.75,-12.53,-11.43,-7.82,-3.52,-1.54,-1.44,-1.53,-1.54,-1.49,-1.55,-1.41,-1.34,-1.36,-1.24,-1.24,-1.27,-1.49,-1.19,-1.07,-1.22,-1.27,-0.93,-1.02,-1.14,-1.02,-1.25,-1.01,-0.88,-1.16,-0.97,-1.12,-0.95,-0.71,-0.38,-0.66,-0.52,-0.52,-0.72,-0.59,-0.67,-0.68,-0.73,-0.47,-0.54,-0.49,-0.44,-0.21,0.04,0.27,0.55,0.67,0.66,0.69,0.95,1.38,1.29,0.69,0.49,0.65,0.34,0.14,0.45,0.48,0.34,0.61,0.67,0.18,0.17,0.17,0.30,0.30,0.30,0.15,0.01,-0.03,0.02,0.06,-0.01,-0.02,-0.04,0.10,0.32,0.22,0.08,0.06,0.04,0.03,0.14,-0.01,0.23,0.32,0.28,0.12,0.01,-0.03,0.04,0.27,0.28,0.29,0.22,0.13,0.07,-0.17,-0.02,0.12,0.23,0.12,-0.04,0.22,0.22
-12.37,-12.39,-12.26,-12.27,-12.29,-12.34,-12.61,-12.77,-12.90,-12.61,-12.67,-12.86,-12.61,-12.77,-12.75,-12.77,-12.94,-13.02,-12.92,-12.92,-12.67,-12.93,-12.97,-12.94,-12.77,-12.74,-12.89,-12.93,-12.90,-12.93,-12.80,-12.81,-12.94,-13.05,-12.89,-12.89,-13.03,-13.06,-13.03,-13.12,-13.15,-13.03,-12.86,-12.89,-12.80,-12.97,-12.86,-12.75,-12.56,-12.68,-12.45,-11.65,-8.24,-3.75,-1.55,-1.36,-1.49,-1.55,-1.49,-1.55,-1.45,-1.31,-1.35,-1.25,-1.38,-1.41,-1.29,-1.05,-1.05,-1.06,-1.19,-1.15,-1.06,-0.91,-1.05,-1.05,-0.92,-0.91,-1.01,-0.97,-0.90,-0.88,-0.53,-0.58,-0.68,-0.75,-0.62,-0.82,-0.64,-0.58,-0.67,-0.77,-0.77,-0.56,-0.68,-0.48,-0.38,-0.07,0.35,0.49,0.69,0.74,0.80,0.87,1.01,0.92,0.65,0.54,0.51,0.46,0.37,0.49,0.39,0.37,0.38,0.39,0.24,0.27,0.39,0.46,0.24,0.28,0.22,0.09,0.08,0.10,0.10,0.03,-0.03,-0.08,0.02,0.28,0.28,0.04,-0.02,0.09,0.18,0.10,0.01,0.27,0.22,0.32,0.20,0.09,0.08,0.08,0.08,0.10,0.20,0.12,0.02,-0.01,-0.12,-0.01,0.13,0.25,0.13,-0.08,0.09,0.25
-12.45,-12.39,-12.33,-12.32,-12.33,-12.40,-12.59,-12.75,-12.86,-12.61,-12.70,-12.86,-12.53,-12.78,-12.64,-12.68,-12.84,-12.96,-12.93,-12.84,-12.72,-12.89,-12.92,-12.80,-12.72,-12.78,-12.89,-12.97,-13.06,-13.03,-12.77,-12.83,-12.90,-12.99,-12.89,-12.93,-13.06,-13.09,-13.00,-12.97,-12.97,-12.89,-13.08,-12.67,-12.75,-12.87,-12.97,-12.83,-12.71,-12.71,-12.55,-11.76,-8.59,-4.03,-1.62,-1.46,-1.54,-1.64,-1.72,-1.60,-1.39,-1.27,-1.35,-1.26,-1.39,-1.20,-1.38,-1.34,-1.40,-1.31,-1.51,-1.36,-1.35,-1.35,-1.20,-1.17,-0.90,-1.14,-1.08,-0.69,-1.03,-0.95,-0.71,-0.64,-0.73,-0.95,-0.82,-1.14,-0.83,-0.91,-0.80,-0.82,-0.90,-0.61,-0.68,-0.71,-0.75,-0.52,-0.09,0.29,0.58,0.65,0.75,0.81,1.06,1.03,0.59,0.54,0.48,0.22,0.37,0.48,0.49,0.14,0.50,0.38,0.07,0.24,0.19,0.30,0.24,0.37,0.18,0.01,0.06,0.10,0.18,-0.09,-0.11,-0.09,0.20,0.43,0.30,0.12,0.14,0.20,0.12,0.14,0.08,0.03,-0.08,0.15,0.09,0.06,0.09,-0.08,0.07,0.10,0.15,0.25,0.28,0.17,0.14,-0.13,0.03,0.23,0.15,-0.06,0.12,0.17
-12.49,-12.26,-12.30,-12.40,-12.45,-12.46,-12.49,-12.64,-12.70,-12.61,-12.70,-12.84,-12.77,-12.72,-12.43,-12.56,-12.72,-12.89,-12.94,-12.81,-12.75,-12.89,-12.64,-12.67,-12.68,-12.70,-12.77,-12.81,-12.97,-12.86,-12.75,-12.89,-12.74,-12.86,-12.71,-12.77,-12.92,-12.94,-12.89,-12.84,-12.83,-12.72,-13.08,-12.48,-12.71,-12.53,-12.74,-12.72,-12.55,-12.52,-12.33,-11.78,-8.97,-4.21,-1.65,-1.53,-1.49,-1.63,-1.64,-1.53,-1.49,-1.39,-1.41,-1.45,-1.40,-1.22,-1.30,-1.29,-1.29,-1.14,-1.26,-1.17,-1.14,-1.15,-1.16,-1.03,-0.90,-0.88,-1.19,-1.03,-1.07,-1.00,-0.96,-0.91,-0.81,-0.75,-0.76,-0.90,-0.77,-0.86,-0.80,-0.90,-0.83,-0.71,-0.71,-0.80,-0.88,-0.63,-0.37,0.22,0.56,0.75,0.85,0.96,1.20,1.15,0.69,0.53,0.59,0.37,0.44,0.51,0.44,0.37,0.44,0.17,0.18,0.14,0.35,0.60,0.39,0.20,0.15,0.14,0.15,0.20,0.29,-0.02,-0.07,0.13,0.17,0.13,0.23,0.22,0.25,0.34,0.25,0.14,0.17,0.23,-0.02,0.02,0.15,0.14,0.06,0.10,0.10,0.15,0.25,0.34,0.20,-0.13,-0.22,0.20,0.22,0.30,0.17,-0.09,0.23,0.25
-12.27,-12.16,-12.14,-12.26,-12.39,-12.45,-12.36,-12.56,-12.52,-12.43,-12.59,-12.84,-12.74,-12.72,-12.42,-12.52,-12.68,-12.75,-12.74,-12.72,-12.67,-12.68,-12.55,-12.61,-12.49,-12.49,-12.64,-12.55,-12.56,-12.64,-12.64,-12.77,-12.61,-12.78,-12.65,-12.58,-12.56,-12.67,-12.77,-12.64,-12.72,-12.61,-12.80,-12.30,-12.58,-12.52,-12.59,-12.68,-12.49,-12.39,-12.18,-11.60,-9.01,-4.45,-1.67,-1.41,-1.51,-1.60,-1.67,-1.45,-1.39,-1.27,-1.32,-1.55,-1.36,-1.26,-1.12,-1.29,-1.31,-1.34,-1.34,-1.24,-1.20,-1.24,-1.35,-1.08,-0.91,-1.03,-1.12,-1.12,-0.93,-0.93,-0.69,-0.71,-0.75,-1.01,-0.87,-0.82,-0.98,-0.97,-0.92,-0.86,-0.95,-0.82,-0.77,-0.85,-1.01,-0.81,-0.54,-0.04,0.53,0.86,0.96,1.04,1.11,1.03,0.64,0.35,0.50,0.37,0.37,0.46,0.55,0.43,0.29,0.28,0.18,0.17,0.29,0.25,0.27,0.38,0.43,0.30,0.07,-0.01,0.22,0.22,0.13,0.08,0.25,0.20,0.28,0.24,0.19,0.17,0.19,0.37,0.20,0.39,0.23,0.09,0.01,0.01,-0.03,-0.17,0.29,0.09,0.04,0.12,0.10,0.04,0.28,-0.18,-0.17,-0.06,0.06,0.13,0.08,0.25
-12.29,-12.07,-11.84,-11.86,-12.08,-12.29,-12.33,-12.27,-12.42,-12.40,-12.48,-12.61,-12.56,-12.81,-12.53,-12.61,-12.72,-12.74,-12.68,-12.64,-12.64,-12.61,-12.70,-12.52,-12.24,-12.36,-12.56,-12.48,-12.45,-12.61,-12.46,-12.61,-12.71,-12.86,-12.70,-12.58,-12.51,-12.55,-12.67,-12.61,-12.71,-12.68,-12.59,-12.16,-12.30,-12.45,-12.53,-12.58,-12.24,-12.24,-11.98,-11.33,-8.49,-4.21,-1.77,-1.46,-1.53,-1.54,-1.45,-1.44,-1.50,-1.44,-1.36,-1.39,-1.36,-1.30,-1.39,-1.40,-1.12,-1.30,-1.25,-1.11,-1.11,-1.12,-1.06,-1.06,-1.14,-1.19,-1.36,-0.90,-0.86,-0.95,-1.03,-0.96,-0.88,-0.75,-1.01,-0.97,-1.11,-1.03,-0.98,-0.77,-1.03,-0.97,-0.88,-0.80,-0.97,-0.81,-0.66,-0.12,0.43,0.70,0.76,0.88,1.08,1.02,0.61,0.44,0.54,0.44,0.43,0.43,0.48,0.46,0.15,0.15,0.23,0.44,0.29,0.32,0.35,0.27,0.27,0.37,0.35,0.25,0.15,-0.06,0.24,0.30,0.14,0.14,0.32,0.39,0.40,0.46,0.39,0.19,0.33,0.56,0.14,0.13,0.24,0.12,-0.12,0.12,0.27,0.09,0.06,0.10,0.15,0.20,0.25,-0.01,-0.11,-0.03,0.09,0.14,0.17,0.23
-12.16,-12.04,-11.73,-11.84,-12.02,-12.10,-12.27,-12.37,-12.32,-12.43,-12.40,-12.30,-12.40,-12.51,-12.53,-12.30,-12.55,-12.68,-12.52,-12.64,-12.43,-12.62,-12.65,-12.43,-12.23,-12.26,-12.37,-12.43,-12.61,-12.58,-12.51,-12.45,-12.59,-12.80,-12.71,-12.56,-12.51,-12.56,-12.62,-12.53,-12.56,-12.45,-12.51,-12.23,-12.32,-12.32,-12.42,-12.42,-12.10,-11.98,-11.81,-11.27,-8.27,-3.88,-1.68,-1.58,-1.59,-1.55,-1.44,-1.48,-1.36,-1.36,-1.31,-1.39,-1.39,-1.14,-1.38,-1.26,-1.11,-1.22,-1.27,-1.12,-1.05,-1.21,-1.15,-1.11,-1.10,-1.03,-1.31,-1.03,-0.95,-0.98,-0.86,-0.62,-0.87,-0.51,-0.91,-0.93,-1.06,-1.02,-0.76,-0.85,-0.92,-0.96,-0.96,-0.82,-0.95,-0.88,-0.73,-0.44,0.18,0.65,0.80,0.95,1.20,1.09,0.59,0.38,0.38,0.20,0.37,0.44,0.50,0.33,0.25,0.29,0.27,0.32,0.38,0.40,0.41,0.37,0.17,0.12,0.17,0.04,0.12,0.02,0.25,0.12,0.41,0.20,0.14,0.18,0.28,0.30,0.18,0.13,-0.13,0.40,0.45,0.32,0.23,0.09,-0.19,-0.14,0.10,0.17,0.27,0.18,0.04,0.12,0.01,0.01,0.08,0.13,0.15,0.19,0.14,0.20
-12.14,-11.81,-11.73,-11.91,-12.04,-12.08,-12.21,-12.21,-12.24,-12.20,-12.16,-12.21,-12.39,-12.59,-12.55,-12.42,-12.65,-12.74,-12.55,-12.58,-12.34,-12.40,-12.39,-12.39,-12.34,-12.34,-12.34,-12.34,-12.46,-12.45,-12.45,-12.36,-12.39,-12.49,-12.53,-12.42,-12.43,-12.62,-12.64,-12.46,-12.51,-12.30,-12.39,-12.39,-12.26,-12.27,-12.30,-12.33,-12.18,-12.08,-11.78,-11.06,-8.01,-3.87,-1.81,-1.54,-1.51,-1.58,-1.68,-1.67,-1.53,-1.21,-1.35,-1.40,-1.30,-1.19,-1.38,-1.29,-1.35,-1.32,-1.48,-1.16,-1.16,-1.38,-1.16,-1.24,-0.97,-1.30,-1.34,-1.05,-1.11,-1.19,-1.14,-0.93,-1.07,-0.96,-0.93,-1.01,-1.03,-1.15,-1.25,-1.06,-0.85,-0.90,-1.05,-0.90,-0.95,-0.98,-0.93,-0.85,-0.22,0.50,0.88,1.03,1.14,1.07,0.69,0.37,0.33,0.25,0.24,0.27,0.44,0.29,0.29,0.01,0.25,0.22,0.34,0.19,0.04,0.27,0.33,0.13,0.06,-0.01,-0.09,-0.16,0.01,0.18,0.38,0.24,0.15,0.06,0.10,0.18,0.13,0.20,0.20,0.39,0.37,0.12,0.15,0.18,-0.06,-0.02,0.06,-0.02,0.09,0.27,0.30,0.14,0.06,-0.06,0.01,0.02,0.01,0.08,0.14,0.17
-12.18,-11.63,-11.86,-11.85,-11.79,-11.84,-11.91,-12.30,-12.24,-12.16,-12.26,-12.46,-12.48,-12.33,-12.49,-12.13,-12.17,-12.34,-12.29,-12.08,-12.33,-12.34,-12.11,-12.26,-12.34,-12.40,-12.34,-12.18,-12.23,-12.32,-12.14,-12.33,-12.42,-12.34,-12.37,-12.33,-12.36,-12.51,-12.46,-12.27,-12.42,-12.20,-12.16,-12.36,-12.26,-12.14,-12.27,-12.21,-11.95,-11.94,-11.68,-11.07,-7.74,-3.66,-1.74,-1.46,-1.57,-1.60,-1.64,-1.65,-1.53,-1.27,-1.32,-1.50,-1.38,-1.20,-1.34,-1.30,-1.15,-1.14,-1.17,-1.06,-1.02,-1.24,-1.35,-1.14,-1.26,-1.27,-1.34,-1.08,-0.91,-1.07,-1.15,-0.80,-0.82,-1.02,-0.92,-1.10,-0.93,-0.82,-0.95,-1.02,-1.07,-1.14,-1.14,-0.90,-0.90,-0.80,-0.77,-0.83,-0.56,0.09,0.67,1.07,1.36,1.18,0.66,0.41,0.30,0.30,0.20,0.13,0.25,0.55,0.25,0.27,0.29,0.37,0.32,0.35,0.38,0.43,0.40,0.34,0.32,0.35,0.30,0.01,0.06,0.08,0.17,0.17,0.17,0.10,0.13,0.12,-0.03,0.14,-0.11,0.20,0.14,0.14,0.23,0.32,0.25,0.10,-0.04,-0.07,0.06,0.17,0.17,0.15,0.13,-0.06,0.03,-0.02,-0.11,0.02,0.22,0.19
-11.75,-11.66,-11.58,-11.46,-11.42,-11.53,-11.76,-12.02,-11.89,-11.94,-12.21,-12.43,-12.21,-12.10,-12.30,-12.17,-12.18,-12.20,-12.10,-12.00,-12.13,-12.17,-12.02,-12.16,-12.33,-12.23,-12.04,-12.10,-12.34,-12.24,-12.11,-12.20,-12.36,-12.32,-12.34,-12.27,-12.24,-12.30,-12.21,-12.13,-12.24,-11.98,-12.04,-12.05,-12.24,-11.92,-12.13,-12.07,-11.73,-11.66,-11.42,-10.81,-7.20,-3.26,-1.67,-1.46,-1.57,-1.63,-1.60,-1.49,-1.48,-1.31,-1.35,-1.46,-1.38,-1.31,-1.38,-1.40,-1.38,-1.25,-1.16,-1.02,-1.27,-1.19,-1.12,-1.21,-0.90,-1.12,-1.12,-1.05,-1.02,-1.11,-1.08,-1.07,-0.86,-1.02,-1.06,-1.03,-0.91,-0.85,-0.96,-1.00,-0.97,-0.96,-0.91,-0.73,-0.83,-0.88,-0.91,-0.98,-0.80,-0.12,0.69,1.13,1.30,1.14,0.71,0.58,0.41,0.40,0.29,0.20,0.34,0.28,0.39,0.30,0.30,0.24,0.17,0.12,0.28,0.37,0.39,0.37,0.23,0.27,0.54,0.19,0.22,0.04,0.19,0.25,0.25,0.15,0.13,0.24,0.39,0.34,0.17,0.08,0.15,0.06,0.10,0.25,0.32,0.37,0.02,0.09,0.17,0.14,0.06,0.01,0.10,0.04,0.02,0.01,-0.03,-0.04,0.23,0.27
-11.69,-11.58,-11.59,-11.58,-11.55,-11.50,-11.60,-11.50,-11.59,-11.75,-11.91,-11.97,-12.00,-12.13,-11.97,-11.95,-11.91,-11.92,-12.01,-12.14,-12.23,-11.89,-12.08,-12.11,-12.05,-12.04,-11.97,-11.92,-12.18,-12.11,-12.08,-12.17,-12.23,-12.11,-12.16,-12.17,-12.24,-12.27,-12.13,-12.11,-12.18,-11.92,-12.08,-11.95,-12.01,-11.89,-11.84,-12.02,-11.82,-11.60,-11.27,-10.47,-6.81,-2.86,-1.46,-1.48,-1.46,-1.48,-1.49,-1.51,-1.57,-1.38,-1.45,-1.46,-1.43,-1.32,-1.35,-1.35,-1.35,-1.29,-1.20,-1.20,-1.17,-1.19,-1.27,-1.14,-0.91,-0.90,-1.30,-1.17,-1.01,-1.35,-1.00,-1.15,-0.91,-0.91,-1.05,-0.91,-1.07,-1.02,-1.08,-1.12,-1.01,-0.95,-1.00,-0.91,-0.88,-0.92,-0.98,-1.07,-1.01,-0.47,0.33,0.92,1.20,1.20,0.74,0.35,0.43,0.30,0.32,0.22,0.27,0.23,0.45,0.34,0.08,0.09,0.30,0.39,0.32,0.30,0.30,0.15,-0.01,0.13,0.07,0.20,0.20,-0.08,0.28,0.17,0.24,0.25,0.04,-0.01,0.27,0.25,0.20,0.06,-0.04,-0.08,0.02,0.07,0.02,0.22,0.09,0.10,0.15,0.06,-0.09,-0.11,0.02,0.08,0.06,-0.02,-0.09,-0.07,0.27,0.25
-11.79,-11.50,-11.40,-11.56,-11.58,-11.47,-11.47,-11.63,-11.66,-11.65,-11.85,-12.07,-12.04,-11.94,-11.86,-11.91,-12.01,-12.04,-11.98,-11.97,-11.88,-12.10,-11.66,-11.88,-11.92,-11.85,-11.78,-11.73,-11.78,-11.91,-11.89,-11.97,-12.10,-11.89,-12.04,-12.13,-12.11,-12.10,-12.01,-11.95,-12.00,-11.89,-11.97,-11.89,-11.81,-11.85,-11.66,-11.76,-11.66,-11.52,-11.10,-10.10,-6.09,-2.55,-1.53,-1.36,-1.27,-1.31,-1.39,-1.46,-1.51,-1.34,-1.36,-1.50,-1.36,-1.25,-1.36,-1.36,-1.22,-0.93,-1.19,-1.15,-1.14,-1.14,-1.07,-1.11,-0.76,-0.69,-1.20,-0.87,-0.98,-1.08,-1.01,-1.05,-0.85,-0.86,-0.97,-0.93,-1.01,-0.93,-1.02,-1.08,-0.87,-1.05,-1.10,-0.95,-0.90,-0.86,-0.95,-0.88,-0.83,-0.43,0.44,1.00,1.34,1.44,0.87,0.55,0.45,0.40,0.33,0.30,0.27,0.24,0.23,0.12,0.14,0.03,0.28,0.28,0.22,0.23,0.14,-0.02,-0.02,0.17,0.09,0.13,0.23,0.03,0.20,0.19,0.22,0.27,0.15,0.04,0.08,0.23,0.30,0.27,0.12,0.09,0.08,-0.02,-0.13,0.12,0.04,0.12,0.10,0.01,-0.08,-0.06,-0.04,0.06,0.09,-0.01,-0.11,0.10,0.35,0.25
-11.66,-11.36,-11.14,-11.27,-11.33,-11.27,-11.24,-11.43,-11.43,-11.52,-11.69,-11.78,-11.62,-11.37,-11.71,-11.75,-11.76,-11.79,-11.82,-11.81,-11.76,-11.85,-11.63,-11.68,-11.71,-11.72,-11.55,-11.40,-11.63,-11.68,-11.91,-11.91,-11.95,-11.86,-11.91,-11.86,-11.81,-11.84,-11.82,-11.81,-11.86,-11.79,-11.86,-11.68,-11.60,-11.68,-11.76,-11.58,-11.39,-11.30,-11.03,-9.50,-5.11,-2.04,-1.36,-1.12,-1.01,-1.03,-1.17,-1.17,-1.22,-1.06,-1.03,-1.31,-1.19,-0.96,-1.00,-0.92,-0.66,-0.67,-0.67,-0.81,-0.96,-1.00,-0.98,-0.73,-0.69,-0.51,-0.85,-0.85,-0.80,-0.72,-0.76,-0.69,-0.85,-0.73,-0.46,-0.58,-0.85,-0.92,-0.73,-0.76,-0.76,-0.73,-0.64,-0.66,-0.72,-0.71,-0.59,-0.47,-0.46,-0.42,0.15,0.84,1.13,1.18,0.81,0.63,0.61,0.33,0.29,0.30,0.27,-0.03,0.20,0.14,0.17,-0.01,0.06,0.09,0.12,0.22,0.22,0.06,-0.04,0.01,0.03,-0.16,-0.06,0.01,0.07,0.04,0.13,0.13,0.12,0.14,0.02,0.18,0.15,0.28,0.18,0.15,0.09,-0.04,-0.09,-0.01,-0.01,0.08,0.09,0.06,-0.02,-0.04,-0.12,-0.02,0.04,0.01,0.01,0.29,0.35,0.27
-11.42,-11.24,-11.09,-11.10,-11.10,-11.10,-11.19,-11.37,-11.24,-11.33,-11.47,-11.63,-11.82,-11.75,-11.59,-11.56,-11.71,-11.73,-11.66,-11.65,-11.32,-11.59,-11.63,-11.65,-11.84,-11.78,-11.53,-11.40,-11.43,-11.58,-11.62,-11.72,-11.85,-11.73,-11.66,-11.62,-11.71,-11.69,-11.66,-11.82,-11.95,-11.68,-11.75,-11.60,-11.36,-11.45,-11.68,-11.63,-11.36,-11.24,-11.06,-9.41,-5.09,-1.93,-0.91,-0.63,-0.58,-0.64,-0.81,-0.69,-0.75,-0.53,-0.43,-0.68,-0.69,-0.46,-0.48,-0.47,-0.31,-0.13,-0.22,-0.34,-0.59,-0.47,-0.44,-0.14,-0.08,-0.08,-0.49,-0.51,-0.33,-0.18,-0.17,-0.08,-0.41,-0.14,-0.02,-0.16,-0.36,-0.34,-0.26,-0.28,-0.27,-0.37,-0.33,-0.24,-0.44,-0.29,-0.16,-0.07,0.14,0.09,0.15,0.72,1.27,1.39,1.00,0.74,0.59,0.35,0.28,0.32,0.38,-0.03,0.35,-0.03,0.17,0.19,0.15,0.25,0.19,0.15,0.14,-0.02,-0.02,-0.09,-0.06,-0.31,-0.09,-0.11,-0.04,-0.04,-0.01,-0.01,-0.04,0.03,0.02,-0.01,0.04,0.18,0.01,0.06,0.07,-0.07,-0.07,0.01,0.10,0.06,0.09,0.13,-0.01,-0.08,-0.23,-0.12,-0.04,-0.02,0.03,0.24,0.25,0.18
-11.19,-10.97,-10.89,-11.03,-11.00,-10.94,-11.12,-11.16,-11.09,-11.17,-11.29,-11.37,-11.50,-11.60,-11.63,-11.62,-11.63,-11.58,-11.50,-11.43,-11.50,-11.36,-11.35,-11.22,-11.37,-11.46,-11.37,-11.32,-11.40,-11.56,-11.20,-11.60,-11.42,-11.62,-11.59,-11.47,-11.50,-11.53,-11.50,-11.65,-11.89,-11.63,-11.53,-11.55,-11.46,-11.24,-11.29,-11.47,-11.37,-11.22,-11.00,-9.98,-6.07,-2.32,-0.71,-0.28,-0.22,-0.31,-0.54,-0.47,-0.29,-0.12,-0.03,-0.16,-0.32,-0.07,-0.22,-0.13,-0.13,0.17,-0.07,-0.14,-0.12,-0.17,-0.04,0.15,0.29,0.18,-0.26,-0.28,-0.09,0.20,0.23,0.10,0.09,0.29,0.20,0.14,-0.12,-0.13,0.01,0.08,0.15,0.13,0.10,0.06,-0.07,0.03,0.08,0.18,0.41,0.54,0.61,0.84,1.14,1.20,0.90,0.70,0.63,0.50,0.45,0.39,0.39,0.06,0.23,0.06,0.13,0.17,0.17,0.27,0.25,0.20,0.14,-0.01,-0.02,-0.07,-0.04,-0.34,-0.13,-0.09,-0.16,-0.16,-0.11,-0.12,-0.14,-0.07,-0.01,-0.18,0.02,0.04,-0.07,0.03,0.10,-0.06,-0.17,0.12,0.22,0.15,0.14,0.13,-0.01,-0.08,-0.24,-0.11,-0.02,0.02,0.07,0.06,0.14,0.13
-10.91,-10.77,-10.67,-10.84,-10.83,-10.80,-10.91,-10.94,-10.94,-10.97,-11.12,-11.19,-11.22,-11.46,-11.58,-11.46,-11.37,-11.39,-11.39,-11.32,-11.33,-11.43,-11.30,-11.20,-11.24,-11.14,-11.16,-11.29,-11.29,-11.45,-11.30,-11.30,-11.42,-11.50,-11.33,-11.26,-11.40,-11.49,-11.42,-11.46,-11.68,-11.43,-11.46,-11.47,-11.65,-11.26,-11.19,-11.32,-11.33,-11.10,-10.91,-10.44,-7.08,-2.69,-0.47,-0.09,0.08,0.06,-0.22,-0.11,0.12,0.22,0.10,0.09,0.17,0.19,0.18,0.09,0.14,0.32,0.07,0.06,0.04,0.19,0.14,0.22,0.56,0.44,0.08,0.03,0.29,0.25,0.40,0.24,0.35,0.34,0.27,0.37,0.14,0.24,0.28,0.24,0.20,0.20,0.38,0.28,0.19,0.41,0.33,0.38,0.59,0.72,0.96,1.11,1.19,1.23,1.13,0.84,0.65,0.51,0.46,0.51,0.44,0.15,0.25,0.38,0.18,0.17,0.13,0.17,0.18,0.14,0.09,0.03,0.06,0.03,0.08,-0.26,-0.33,-0.17,-0.22,-0.31,-0.26,-0.21,-0.23,-0.18,-0.11,-0.24,-0.12,-0.01,0.06,0.08,0.06,-0.08,-0.31,0.02,0.06,0.06,0.08,0.03,-0.12,-0.13,-0.16,-0.04,0.01,0.04,0.06,-0.26,-0.21,-0.01
-10.66,-10.79,-10.67,-10.64,-10.70,-10.74,-10.77,-10.90,-10.91,-10.87,-11.12,-11.19,-10.97,-11.16,-11.49,-11.26,-11.17,-11.23,-11.24,-11.09,-10.96,-11.00,-11.14,-10.90,-10.91,-11.06,-11.20,-11.22,-11.16,-11.17,-11.20,-11.00,-11.30,-11.19,-11.17,-11.20,-11.20,-11.24,-11.23,-11.37,-11.62,-11.35,-11.47,-11.40,-11.42,-11.20,-11.10,-11.24,-11.24,-10.99,-10.89,-10.53,-8.20,-3.61,-0.51,0.19,0.45,0.48,0.14,0.17,0.34,0.43,0.30,0.18,0.27,0.30,0.34,0.22,0.33,0.40,0.35,0.38,0.29,0.20,0.48,0.48,0.67,0.51,0.41,0.40,0.59,0.38,0.56,0.59,0.63,0.55,0.44,0.58,0.37,0.45,0.41,0.34,0.33,0.43,0.66,0.81,0.79,0.76,0.64,0.67,0.93,1.03,1.11,1.09,1.01,1.20,1.22,0.95,0.75,0.41,0.40,0.54,0.55,0.33,0.38,0.43,0.24,0.14,0.13,0.18,0.13,0.08,0.14,0.12,-0.02,-0.01,0.02,-0.17,-0.26,-0.26,-0.24,-0.27,-0.22,-0.16,-0.19,-0.17,-0.02,-0.21,-0.19,-0.03,0.17,0.08,-0.06,-0.03,-0.14,-0.02,-0.02,-0.08,-0.09,-0.01,-0.01,-0.23,-0.06,0.14,0.18,0.13,0.19,0.14,-0.01,0.01
-10.53,-10.46,-10.59,-10.53,-10.54,-10.60,-10.67,-10.84,-10.83,-10.87,-11.10,-11.10,-10.97,-11.10,-11.19,-11.16,-11.09,-11.03,-11.02,-11.03,-10.99,-10.77,-10.84,-10.80,-10.87,-10.96,-11.03,-11.12,-11.20,-11.19,-11.04,-10.80,-10.83,-11.07,-11.23,-11.29,-11.24,-11.10,-11.12,-11.35,-11.45,-11.32,-11.36,-11.30,-11.17,-11.20,-11.06,-11.14,-11.10,-10.94,-10.86,-10.54,-9.15,-4.84,-1.03,0.27,0.61,0.69,0.50,0.43,0.48,0.54,0.40,0.23,0.35,0.44,0.37,0.37,0.49,0.46,0.45,0.38,0.46,0.51,0.75,0.58,0.69,0.53,0.60,0.56,0.64,0.65,0.64,0.67,0.72,0.67,0.71,0.60,0.63,0.69,0.64,0.46,0.58,0.60,0.90,1.18,1.12,0.92,0.71,0.85,1.15,1.29,1.33,1.27,1.24,1.24,1.19,0.85,0.69,0.43,0.49,0.43,0.37,0.28,0.40,0.29,0.25,0.19,0.22,0.22,0.13,0.14,0.25,0.20,-0.02,-0.02,-0.09,-0.17,-0.11,-0.07,-0.09,-0.02,0.04,0.08,0.17,0.18,0.30,0.19,0.17,0.15,0.23,0.17,0.09,0.24,0.33,0.18,0.22,0.09,0.09,0.32,0.41,0.19,0.03,0.17,0.20,0.13,0.22,0.23,0.45,0.56
-10.23,-10.54,-10.43,-10.25,-10.12,-10.27,-10.60,-10.64,-10.63,-10.73,-10.77,-10.83,-10.97,-11.09,-10.97,-11.00,-10.84,-10.73,-10.74,-10.90,-11.07,-10.67,-10.96,-10.83,-10.91,-10.87,-10.81,-10.79,-10.73,-10.74,-10.96,-10.69,-11.00,-11.02,-11.14,-10.97,-10.90,-10.96,-11.07,-11.10,-11.07,-11.17,-11.17,-11.06,-10.96,-11.13,-11.17,-10.96,-10.90,-10.84,-10.71,-10.50,-9.43,-5.58,-1.71,0.01,0.48,0.54,0.58,0.66,0.60,0.53,0.38,0.25,0.56,0.48,0.45,0.53,0.60,0.53,0.50,0.50,0.49,0.58,0.81,0.55,0.69,0.50,0.51,0.50,0.53,0.41,0.59,0.67,0.92,0.75,0.64,0.60,0.80,0.87,0.67,0.58,0.45,0.37,0.74,1.06,1.08,0.90,0.63,0.72,1.07,1.25,1.33,1.25,1.19,1.17,1.03,0.74,0.56,0.59,0.56,0.43,0.41,0.46,0.53,0.50,0.54,0.60,0.71,0.60,0.45,0.46,0.61,0.70,0.49,0.56,0.32,0.15,0.20,0.45,0.45,0.55,0.65,0.74,0.93,0.88,0.85,1.04,0.91,0.93,0.81,0.64,0.67,0.85,0.85,0.74,0.88,1.00,1.00,0.95,0.87,1.08,0.66,0.74,0.98,1.04,0.82,0.70,0.87,1.13
-10.00,-10.16,-10.16,-10.10,-10.03,-10.23,-10.49,-10.42,-10.49,-10.44,-10.49,-10.53,-10.56,-10.74,-10.93,-10.77,-10.62,-10.53,-10.57,-10.74,-10.87,-10.77,-10.80,-10.54,-10.67,-10.59,-10.59,-10.70,-10.70,-10.57,-10.40,-10.20,-10.54,-10.96,-11.16,-11.06,-10.93,-10.94,-10.94,-10.83,-10.80,-10.81,-10.81,-10.63,-10.93,-11.20,-11.10,-10.84,-10.70,-10.69,-10.52,-10.42,-9.62,-6.31,-2.29,-0.21,0.28,0.39,0.41,0.53,0.48,0.38,0.29,0.23,0.45,0.39,0.35,0.49,0.43,0.33,0.41,0.49,0.32,0.37,0.58,0.35,0.51,0.28,0.48,0.51,0.48,0.30,0.40,0.45,0.77,0.66,0.59,0.43,0.59,0.55,0.51,0.39,0.30,0.29,0.54,0.79,0.87,0.85,0.64,0.66,0.98,1.18,1.28,1.22,1.14,1.12,0.92,0.77,0.77,0.86,0.70,0.76,1.01,0.92,0.77,0.93,1.03,1.19,1.24,1.12,0.91,0.87,1.09,1.35,1.06,1.29,0.95,0.71,0.86,1.06,1.22,1.41,1.62,1.77,1.84,1.91,2.01,1.91,1.68,1.86,1.79,1.50,1.49,1.92,1.47,1.71,1.73,1.77,1.73,1.56,1.55,1.45,1.28,1.39,1.47,1.46,1.56,1.36,1.47,1.74
-10.09,-10.17,-9.95,-9.89,-10.25,-10.30,-10.09,-10.12,-10.43,-10.23,-10.33,-10.27,-10.17,-10.42,-10.80,-10.50,-10.54,-10.47,-10.46,-10.59,-10.56,-10.54,-10.50,-10.50,-10.64,-10.53,-10.49,-10.57,-10.59,-10.52,-10.50,-10.40,-10.62,-10.63,-10.80,-10.64,-10.63,-10.73,-10.71,-10.67,-10.73,-10.84,-11.00,-10.84,-10.69,-11.00,-10.74,-10.66,-10.66,-10.79,-10.59,-10.42,-9.82,-6.61,-2.41,-0.36,0.13,0.39,0.37,0.33,0.30,0.22,0.14,0.12,0.35,0.38,0.24,0.38,0.39,0.29,0.38,0.29,0.24,0.35,0.46,0.23,0.41,0.32,0.40,0.38,0.39,0.38,0.28,0.38,0.63,0.64,0.58,0.44,0.39,0.33,0.40,0.43,0.35,0.32,0.53,0.76,0.76,0.66,0.51,0.58,0.80,1.02,1.19,1.08,1.09,1.15,0.85,1.03,1.22,1.49,1.45,1.38,1.68,1.47,1.34,1.49,1.50,1.53,1.46,1.23,1.07,1.14,1.39,1.49,1.09,1.51,1.18,1.03,1.25,1.35,1.51,1.84,2.22,2.42,2.31,2.58,2.64,2.28,2.37,2.48,2.42,2.37,2.45,2.53,1.91,2.11,2.17,1.97,1.92,2.22,2.31,1.96,1.80,1.80,1.86,1.86,1.79,1.68,1.73,1.89
-9.89,-9.88,-9.62,-9.58,-9.78,-10.03,-10.06,-9.88,-10.27,-10.02,-9.92,-10.05,-10.19,-10.23,-10.44,-10.16,-10.40,-10.32,-10.29,-10.33,-10.16,-10.30,-10.23,-10.26,-10.33,-10.29,-10.27,-10.27,-10.29,-10.39,-10.44,-10.39,-10.54,-10.36,-10.54,-10.33,-10.40,-10.49,-10.39,-10.52,-10.73,-10.54,-10.59,-10.63,-10.54,-10.60,-10.39,-10.49,-10.60,-10.57,-10.47,-10.22,-9.71,-6.44,-2.32,-0.36,0.04,0.29,0.32,0.30,0.32,0.18,0.13,0.14,0.32,0.38,0.20,0.38,0.40,0.39,0.32,0.30,0.27,0.39,0.43,0.29,0.45,0.46,0.29,0.22,0.27,0.30,0.28,0.48,0.55,0.56,0.48,0.43,0.32,0.37,0.38,0.39,0.33,0.24,0.53,0.77,0.77,0.56,0.41,0.64,0.87,1.02,1.17,1.07,1.17,1.47,1.25,1.45,1.64,2.22,2.09,1.84,2.03,1.75,1.74,1.79,1.78,1.75,1.58,1.25,1.07,1.28,1.49,1.27,0.97,1.47,1.36,1.22,1.35,1.30,1.38,1.73,2.23,2.57,2.48,2.87,2.77,2.48,2.46,2.59,2.74,2.86,2.82,2.51,2.30,2.26,2.36,2.26,2.16,2.43,2.47,1.99,1.96,2.07,2.23,2.31,1.97,1.91,1.85,1.96
-9.34,-9.48,-9.23,-9.18,-9.39,-9.50,-9.54,-9.67,-9.81,-9.53,-9.68,-9.88,-9.96,-9.93,-9.92,-9.93,-10.08,-10.02,-10.00,-9.92,-9.72,-9.91,-9.93,-9.78,-9.96,-9.98,-9.91,-9.89,-9.91,-9.95,-10.06,-9.98,-9.92,-9.99,-9.86,-9.92,-10.08,-10.20,-10.39,-10.52,-10.36,-10.12,-10.27,-10.03,-10.23,-10.19,-10.16,-10.05,-10.19,-10.17,-10.13,-9.82,-9.16,-6.08,-2.11,-0.22,0.02,0.17,0.23,0.22,0.24,0.12,0.12,0.12,0.19,0.25,0.20,0.40,0.28,0.23,0.15,0.25,0.19,0.38,0.32,0.32,0.28,0.44,0.08,0.22,0.20,0.24,0.27,0.40,0.43,0.49,0.35,0.33,0.33,0.40,0.41,0.25,0.18,0.15,0.46,0.63,0.63,0.49,0.33,0.61,0.95,1.04,1.03,1.14,1.27,1.67,1.64,1.56,1.67,2.36,2.35,2.19,1.90,1.75,1.64,1.57,1.63,1.69,1.56,1.28,1.08,1.04,1.03,0.87,0.91,1.14,1.24,1.15,1.11,1.13,1.42,1.77,2.09,2.45,2.42,2.65,2.68,2.55,2.51,2.43,2.41,2.47,2.54,2.46,2.47,2.34,2.31,2.33,2.30,2.42,2.26,2.11,2.07,2.26,2.49,2.48,2.24,2.07,1.97,1.99
-8.70,-8.74,-8.79,-8.63,-8.97,-8.97,-8.83,-8.83,-8.87,-8.97,-9.05,-9.22,-9.40,-9.53,-9.62,-9.60,-9.78,-9.77,-9.64,-9.48,-9.41,-9.41,-9.58,-9.54,-9.68,-9.57,-9.53,-9.57,-9.55,-9.53,-9.51,-9.40,-9.54,-9.65,-9.68,-9.64,-9.58,-9.58,-9.65,-9.84,-9.93,-9.74,-9.67,-9.72,-9.79,-9.81,-9.46,-9.46,-9.53,-9.37,-9.12,-8.76,-8.12,-5.12,-1.67,-0.17,0.04,0.10,0.08,0.06,0.08,-0.09,-0.02,-0.04,0.03,0.04,0.12,0.29,0.12,0.03,-0.02,0.10,-0.08,0.20,0.13,0.12,0.06,0.20,-0.07,0.09,0.18,0.27,0.23,0.20,0.32,0.32,0.20,0.19,0.32,0.41,0.33,0.22,0.03,0.09,0.45,0.58,0.59,0.48,0.35,0.63,0.93,1.04,0.92,1.18,1.30,1.53,1.64,1.41,1.55,2.19,2.47,2.25,1.51,1.47,1.31,1.25,1.25,1.35,1.33,1.17,0.96,0.66,0.53,0.25,0.58,0.84,0.58,0.59,0.71,0.72,1.09,1.58,1.94,2.46,2.14,1.96,2.36,2.19,2.19,2.26,2.14,2.01,2.16,2.29,2.22,2.05,2.05,2.17,2.23,2.20,1.96,1.82,1.91,2.13,2.31,2.33,2.20,2.01,1.91,1.84
-7.58,-7.57,-7.38,-7.52,-7.96,-8.01,-8.09,-8.40,-8.37,-8.45,-8.70,-8.72,-8.85,-9.13,-9.12,-8.81,-9.13,-9.23,-9.12,-8.99,-8.95,-8.98,-8.94,-8.97,-8.88,-8.72,-8.81,-8.98,-8.81,-8.40,-8.29,-7.91,-8.02,-8.76,-8.74,-8.48,-8.59,-8.58,-8.51,-8.49,-8.34,-8.12,-7.97,-7.91,-7.98,-7.53,-7.52,-7.37,-7.16,-6.94,-6.82,-6.25,-5.36,-3.09,-1.02,-0.14,0.06,0.09,0.13,0.02,-0.12,-0.13,-0.07,-0.09,-0.18,0.03,-0.02,0.17,-0.06,-0.02,-0.07,-0.04,-0.14,0.08,-0.04,-0.01,0.03,0.02,-0.02,0.08,0.08,0.17,0.17,0.18,0.28,0.25,0.23,0.15,0.25,0.24,0.19,0.12,-0.04,-0.03,0.34,0.55,0.64,0.54,0.37,0.69,0.97,1.12,1.11,1.29,1.38,1.56,1.75,1.45,1.73,2.11,2.35,1.90,1.36,1.20,1.12,1.18,1.18,1.29,1.33,1.12,0.88,0.58,0.49,0.43,0.41,0.55,0.61,0.40,0.69,0.88,1.07,1.42,1.82,2.26,2.00,2.16,2.13,2.09,2.08,2.17,2.17,2.06,2.07,2.06,2.01,2.00,2.01,2.00,1.94,2.08,2.01,1.64,1.72,1.92,1.99,2.02,1.88,1.84,1.79,1.67
-5.77,-5.71,-5.46,-5.81,-6.46,-6.86,-7.19,-7.38,-7.31,-7.20,-7.33,-7.45,-7.58,-7.80,-8.08,-8.00,-7.82,-7.72,-7.78,-7.63,-7.39,-7.52,-7.33,-7.12,-7.03,-7.01,-6.98,-7.12,-6.92,-6.30,-6.03,-5.48,-5.11,-5.92,-5.91,-5.56,-5.50,-5.45,-5.19,-4.95,-4.76,-4.39,-4.09,-4.05,-3.67,-3.04,-3.03,-2.92,-2.66,-2.33,-2.34,-1.95,-1.35,-0.80,-0.41,-0.13,0.07,0.14,0.20,0.18,-0.01,-0.09,-0.11,-0.23,-0.14,0.08,-0.16,0.01,-0.17,-0.16,-0.16,-0.17,-0.14,0.15,-0.14,-0.03,0.06,-0.02,-0.12,0.09,-0.08,-0.02,0.08,0.12,0.17,0.24,0.27,0.08,0.09,0.04,0.12,-0.01,-0.13,-0.12,0.23,0.50,0.64,0.51,0.23,0.54,0.84,1.12,1.22,1.30,1.30,1.58,1.77,1.46,1.80,2.01,2.22,1.77,1.41,1.28,1.17,1.13,1.00,1.00,1.04,0.93,0.65,0.15,0.27,0.30,0.07,0.29,0.50,0.43,0.66,0.69,0.69,1.09,1.62,2.07,1.91,1.83,1.95,1.94,1.86,1.94,2.02,1.94,1.86,1.96,1.99,1.90,1.91,1.89,1.71,1.84,1.90,1.73,1.74,1.84,1.85,1.83,1.69,1.75,1.80,1.72
-3.60,-3.52,-3.32,-3.62,-4.35,-4.96,-5.42,-5.71,-5.68,-5.21,-5.20,-5.13,-5.39,-5.79,-5.95,-6.16,-5.77,-5.77,-5.58,-5.29,-5.05,-4.87,-4.66,-4.46,-4.22,-4.29,-4.01,-4.07,-3.92,-3.39,-3.08,-2.60,-2.34,-2.69,-2.56,-2.34,-2.45,-2.32,-2.06,-1.85,-1.64,-1.50,-1.41,-1.30,-1.22,-0.90,-0.64,-0.58,-0.51,-0.46,-0.44,-0.27,-0.53,-0.33,-0.18,-0.17,-0.22,-0.19,-0.01,0.01,-0.11,-0.19,-0.26,-0.33,-0.37,-0.32,-0.39,-0.12,-0.16,-0.22,-0.28,-0.24,-0.28,-0.06,-0.14,-0.22,-0.16,-0.13,-0.31,-0.23,-0.18,-0.09,-0.01,-0.06,-0.03,0.01,0.02,-0.08,0.02,0.06,0.12,-0.03,-0.24,-0.13,0.24,0.53,0.67,0.51,0.25,0.43,0.72,1.07,1.13,1.17,1.17,1.45,1.56,1.33,1.60,1.94,2.13,1.86,1.28,1.08,0.91,0.90,0.80,0.77,0.95,0.97,0.77,0.27,0.18,0.15,0.15,0.24,0.19,0.08,0.25,0.55,0.76,0.98,1.31,1.79,1.80,1.62,1.82,1.86,1.78,1.75,1.78,1.78,1.75,1.77,1.78,1.79,1.77,1.72,1.62,1.71,1.64,1.68,1.73,1.73,1.71,1.73,1.75,1.67,1.69,1.67
-1.73,-1.63,-1.39,-1.74,-2.19,-2.68,-3.22,-3.57,-3.44,-2.87,-2.90,-2.73,-2.81,-2.92,-2.90,-3.14,-2.78,-2.45,-2.15,-1.97,-1.87,-1.81,-1.60,-1.82,-1.45,-1.49,-1.40,-1.41,-1.26,-0.98,-0.82,-0.67,-0.82,-0.85,-0.82,-0.66,-0.88,-0.73,-0.57,-0.61,-0.62,-0.53,-0.46,-0.44,-0.57,-0.32,-0.27,-0.47,0.09,0.13,0.07,-0.08,-0.28,-0.17,-0.13,-0.21,-0.22,-0.02,0.20,0.15,-0.07,-0.29,-0.41,-0.36,-0.49,-0.46,-0.52,-0.27,-0.06,-0.21,-0.31,-0.36,-0.19,-0.32,-0.22,-0.21,-0.24,-0.24,-0.39,-0.41,-0.28,-0.24,-0.17,-0.18,-0.21,-0.22,-0.23,-0.24,-0.13,-0.13,-0.09,-0.13,-0.27,-0.18,0.17,0.50,0.65,0.56,0.40,0.53,0.76,1.03,1.18,1.14,1.23,1.44,1.56,1.46,1.50,1.71,1.78,1.92,1.60,1.28,1.01,0.96,0.95,0.90,0.86,0.82,0.76,0.40,0.48,0.64,0.50,0.54,0.72,0.50,0.45,0.51,0.56,0.84,1.17,1.82,1.75,1.56,1.61,1.60,1.55,1.61,1.71,1.67,1.83,1.73,1.71,1.74,1.67,1.52,1.52,1.71,1.62,1.51,1.52,1.60,1.63,1.60,1.55,1.50,1.47,1.44
-0.53,-0.29,-0.22,-0.77,-0.73,-0.95,-1.29,-1.48,-1.38,-1.14,-1.26,-1.12,-1.19,-1.27,-1.16,-0.93,-0.98,-0.97,-0.83,-0.63,-0.52,-0.59,-0.57,-0.62,-0.16,-0.14,-0.23,-0.13,-0.14,-0.17,-0.06,-0.06,-0.24,-0.22,-0.23,0.04,-0.17,-0.16,-0.03,-0.16,-0.24,-0.02,0.22,0.29,0.30,0.24,0.45,0.15,0.37,0.59,0.44,0.41,0.34,0.27,-0.06,-0.27,-0.02,0.19,0.10,0.07,0.12,-0.02,-0.23,-0.29,-0.36,-0.42,-0.47,-0.23,-0.41,-0.51,-0.41,-0.46,-0.36,-0.44,-0.56,-0.18,-0.08,-0.17,-0.37,-0.31,-0.47,-0.42,-0.36,-0.36,-0.29,-0.29,-0.37,-0.42,-0.34,-0.41,-0.32,-0.32,-0.27,-0.16,0.12,0.51,0.63,0.54,0.43,0.54,0.87,1.00,1.25,1.17,1.14,1.49,1.60,1.56,1.47,1.84,1.75,1.96,2.01,1.68,1.55,1.51,1.38,1.23,1.02,0.84,0.81,0.81,1.08,1.33,1.15,0.96,1.02,1.04,1.03,1.01,0.95,1.02,1.19,1.57,1.63,1.51,1.45,1.45,1.50,1.62,1.75,1.62,1.79,1.69,1.66,1.64,1.58,1.49,1.34,1.56,1.51,1.49,1.50,1.51,1.46,1.44,1.49,1.52,1.38,1.15
0.07,0.32,0.28,-0.04,-0.14,-0.07,-0.11,-0.18,-0.16,-0.07,-0.37,-0.28,-0.31,-0.33,-0.18,0.04,0.03,-0.23,0.01,0.10,-0.06,-0.07,0.12,-0.22,0.07,0.34,0.10,0.24,0.38,0.30,0.33,0.35,0.04,0.15,0.32,0.46,0.27,0.20,0.43,0.33,0.28,0.49,0.48,0.51,0.60,0.65,0.85,0.65,0.60,0.67,0.70,0.79,0.70,0.54,0.17,-0.06,-0.08,-0.01,-0.03,-0.03,0.14,0.07,-0.28,-0.49,-0.41,-0.37,-0.54,-0.11,-0.46,-0.69,-0.48,-0.54,-0.53,-0.49,-0.78,-0.51,-0.07,-0.02,-0.14,-0.23,-0.48,-0.37,-0.37,-0.43,-0.42,-0.38,-0.46,-0.38,-0.36,-0.41,-0.31,-0.39,-0.36,-0.19,0.07,0.49,0.66,0.64,0.44,0.38,0.84,1.02,1.18,1.17,1.25,1.63,1.42,1.40,1.36,1.63,1.72,2.11,2.02,1.99,1.74,1.68,1.64,1.36,1.11,0.87,0.79,0.77,0.80,1.01,1.01,1.07,1.18,1.11,1.14,1.20,1.12,1.11,1.18,1.49,1.57,1.44,1.46,1.53,1.55,1.61,1.64,1.50,1.66,1.56,1.42,1.50,1.60,1.51,1.25,1.53,1.61,1.51,1.45,1.55,1.91,1.69,1.77,1.77,1.60,1.40
0.49,0.46,0.35,0.51,0.25,0.30,0.34,0.38,0.45,0.55,0.17,0.25,0.22,0.25,0.41,0.43,0.23,0.28,0.40,0.33,0.24,0.43,0.65,0.54,0.53,0.48,0.58,0.56,0.51,0.55,0.63,0.64,0.55,0.61,0.69,0.67,0.50,0.59,0.86,0.69,0.66,0.79,0.67,0.75,0.79,0.85,0.91,0.85,0.82,1.07,0.81,0.82,0.82,0.77,0.19,-0.08,-0.11,-0.13,-0.14,-0.06,0.15,0.07,-0.16,-0.44,-0.43,-0.54,-0.63,-0.43,-0.38,-0.59,-0.64,-0.66,-0.73,-0.71,-0.81,-0.56,0.09,-0.07,-0.32,-0.23,-0.36,-0.32,-0.46,-0.47,-0.61,-0.48,-0.58,-0.57,-0.58,-0.57,-0.54,-0.46,-0.34,-0.16,0.15,0.53,0.71,0.64,0.38,0.24,0.66,0.77,1.13,1.07,1.09,1.25,1.20,1.49,1.39,1.52,1.46,1.79,2.03,1.89,1.52,1.39,1.42,1.35,1.27,0.97,0.86,0.76,0.80,1.11,1.19,1.25,1.28,1.19,1.14,1.18,1.18,1.14,1.15,1.44,1.52,1.33,1.41,1.47,1.46,1.47,1.41,1.31,1.50,1.49,1.42,1.44,1.55,1.47,1.35,1.46,1.50,1.47,1.52,1.71,1.64,1.74,1.78,1.83,1.78,1.53
0.70,0.80,0.90,0.72,0.67,0.65,0.67,0.77,0.85,0.79,0.60,0.58,0.46,0.48,0.51,0.48,0.24,0.49,0.65,0.67,0.65,0.64,0.70,0.93,0.82,0.70,0.75,0.54,0.64,0.82,0.90,1.00,1.00,1.00,0.85,0.97,0.72,0.91,1.03,0.86,0.85,0.91,0.91,1.02,1.08,1.06,1.06,0.90,1.14,1.08,0.87,0.85,1.14,1.34,0.67,0.17,-0.01,-0.03,0.01,-0.11,-0.12,-0.08,-0.37,-0.41,-0.44,-0.53,-0.76,-0.59,-0.53,-0.81,-0.73,-0.80,-0.73,-0.72,-0.90,-0.28,-0.09,-0.17,-0.32,-0.13,-0.32,-0.48,-0.57,-0.64,-0.63,-0.54,-0.64,-0.72,-0.71,-0.71,-0.75,-0.67,-0.47,-0.27,0.01,0.35,0.55,0.50,0.44,0.38,0.63,0.80,1.24,1.01,1.14,1.09,1.28,1.51,1.44,1.47,1.63,1.95,2.06,1.94,1.85,1.74,1.53,1.39,1.38,0.97,0.77,0.72,0.77,1.02,1.08,1.24,1.27,1.11,1.04,1.11,1.03,1.03,0.98,1.35,1.46,1.27,1.29,1.29,1.24,1.31,1.28,1.27,1.39,1.41,1.46,1.51,1.45,1.13,1.34,1.58,1.57,1.49,1.45,1.44,1.58,1.77,1.64,1.57,1.57,1.45
0.80,0.88,1.07,1.11,0.97,0.72,0.88,0.96,0.95,1.03,0.88,0.69,0.67,0.61,0.59,0.65,0.53,0.70,0.85,0.88,0.93,1.00,1.03,1.12,1.19,1.06,1.09,1.07,1.06,1.07,1.28,1.44,1.18,1.09,1.22,1.22,1.11,1.06,1.15,1.04,1.06,1.06,1.02,1.19,1.29,1.31,1.19,1.04,1.29,1.13,1.13,1.00,1.15,1.63,0.86,0.28,0.12,0.13,0.10,0.04,0.02,-0.01,-0.11,-0.39,-0.53,-0.76,-0.75,-0.69,-0.56,-0.73,-0.68,-0.69,-0.80,-0.81,-0.67,-0.33,-0.04,-0.03,-0.21,-0.19,0.12,-0.38,-0.29,-0.34,-0.39,-0.32,-0.34,-0.46,-0.41,-0.51,-0.68,-0.64,-0.48,-0.21,0.04,0.22,0.41,0.34,0.32,0.28,0.74,0.84,1.06,1.07,1.06,1.19,1.27,1.42,1.49,1.50,1.45,1.84,1.95,1.94,1.79,1.61,1.57,1.60,1.51,1.22,0.93,0.82,0.85,1.03,1.02,1.12,1.13,1.03,1.02,1.04,0.86,0.82,1.03,1.30,1.34,1.24,1.25,1.20,1.11,1.20,1.08,1.36,1.40,1.29,1.29,1.44,1.55,1.27,1.30,1.57,1.66,1.56,1.45,1.62,1.73,1.82,1.67,1.52,1.41,1.30
1.00,1.11,1.18,1.20,1.14,1.04,1.00,1.00,1.17,1.29,0.84,0.96,0.97,0.91,0.96,0.98,0.84,0.91,0.88,1.03,1.20,1.19,1.15,1.39,1.28,1.24,1.12,1.29,1.27,1.28,1.39,1.45,1.45,1.29,1.46,1.38,1.38,1.30,1.50,1.24,1.22,1.14,1.03,1.19,1.30,1.33,1.27,1.18,1.19,1.14,1.22,1.19,1.14,1.45,0.86,0.23,0.13,0.06,0.07,0.13,0.02,-0.07,-0.24,-0.56,-0.72,-0.73,-0.80,-0.66,-0.78,-0.69,-0.57,-0.59,-0.64,-0.73,-0.68,-0.42,-0.01,-0.08,-0.48,-0.18,0.18,0.01,-0.07,-0.17,-0.11,-0.29,-0.16,-0.23,-0.28,-0.38,-0.44,-0.44,-0.33,-0.12,-0.01,0.23,0.43,0.45,0.45,0.09,0.45,0.70,1.20,0.93,0.96,1.23,1.20,1.29,1.39,1.47,1.50,1.71,1.67,1.66,1.67,1.67,1.61,1.51,1.53,1.28,0.98,0.59,0.84,1.02,0.92,0.88,0.87,0.93,1.04,1.00,0.85,0.71,1.07,1.28,1.20,1.15,1.24,1.20,0.97,1.06,0.56,1.18,1.29,1.33,1.35,1.33,1.22,1.29,1.15,1.36,1.40,1.31,1.31,1.61,1.55,1.62,1.63,1.57,1.42,1.18
1.15,1.23,1.30,1.39,1.29,1.42,1.18,1.14,1.25,1.30,1.25,1.23,0.90,1.08,1.17,1.03,0.98,0.98,0.90,1.07,1.22,1.15,1.23,1.50,1.17,1.33,1.13,1.28,1.22,1.35,1.49,1.39,1.36,1.55,1.49,1.52,1.40,1.34,1.35,1.31,1.20,1.09,1.09,1.19,1.25,1.28,1.29,1.28,1.24,1.22,1.23,1.20,1.17,1.33,0.79,0.28,0.18,0.15,0.13,0.13,0.10,0.09,-0.02,-0.39,-0.68,-0.68,-0.64,-0.54,-0.59,-0.54,-0.77,-0.44,-0.44,-0.53,-0.44,-0.12,0.17,0.04,-0.21,-0.13,0.10,0.06,-0.14,-0.14,-0.06,-0.06,-0.13,-0.23,-0.38,-0.46,-0.44,-0.33,-0.13,-0.03,0.03,0.25,0.51,0.51,0.44,0.13,0.41,0.63,1.03,1.20,0.97,1.22,1.31,1.08,1.25,1.35,1.39,1.49,1.67,1.80,1.78,1.73,1.74,1.64,1.66,1.41,1.04,0.61,0.77,0.93,0.84,0.77,0.69,0.76,1.03,1.03,0.93,0.80,0.84,1.24,1.23,1.24,1.40,1.39,1.06,0.84,0.85,1.15,1.13,1.08,1.19,1.34,1.28,1.22,1.06,1.28,1.41,1.35,1.34,1.56,1.50,1.49,1.58,1.62,1.45,1.27
1.29,1.38,1.41,1.36,1.11,1.36,1.14,1.22,1.44,1.56,1.46,1.19,1.22,1.27,1.22,1.18,1.15,1.06,1.03,1.11,1.12,1.19,1.33,1.35,1.22,1.27,1.35,1.47,1.35,1.36,1.38,1.30,1.36,1.63,1.73,1.79,1.44,1.30,1.47,1.29,1.15,1.09,1.22,1.33,1.29,1.36,1.24,1.36,1.40,1.39,1.36,1.13,1.13,1.09,0.53,0.18,0.19,0.15,0.12,0.20,0.20,0.13,0.02,-0.29,-0.59,-0.48,-0.56,-0.42,-0.34,-0.66,-0.49,-0.58,-0.32,-0.43,-0.58,-0.13,0.15,-0.01,-0.28,-0.14,-0.03,0.13,0.03,-0.06,0.04,-0.04,-0.11,-0.04,-0.22,-0.08,0.02,-0.23,-0.32,-0.29,-0.06,0.29,0.50,0.59,0.66,0.14,0.46,0.76,1.03,1.03,1.14,1.25,1.27,1.20,1.29,1.42,1.51,1.66,1.75,1.79,1.77,1.72,1.78,1.72,1.74,1.40,1.03,0.70,0.75,0.79,0.79,0.85,0.81,0.76,0.98,1.14,0.97,1.03,1.04,1.40,1.40,1.28,1.19,1.07,1.03,1.06,1.25,1.33,1.08,1.06,1.19,1.27,1.24,1.17,1.25,1.33,1.45,1.50,1.44,1.58,1.66,1.62,1.63,1.66,1.50,1.49
1.41,1.52,1.49,1.28,1.08,1.30,1.40,1.40,1.55,1.79,1.80,1.61,1.57,1.52,1.61,1.53,1.29,1.23,1.25,1.30,1.28,1.35,1.35,1.24,1.39,1.35,1.40,1.47,1.44,1.38,1.34,1.35,1.38,1.36,1.29,1.41,1.44,1.39,1.31,1.17,1.30,1.35,1.29,1.31,1.35,1.27,1.13,1.29,1.42,1.44,1.35,1.11,1.07,0.82,0.34,0.14,0.22,0.18,0.22,0.20,0.17,0.17,-0.09,-0.42,-0.56,-0.53,-0.53,-0.34,-0.33,-0.53,-0.53,-0.68,-0.43,-0.59,-0.46,-0.09,-0.02,0.06,-0.23,-0.16,-0.09,0.08,-0.19,-0.32,-0.24,-0.12,-0.16,-0.19,-0.27,-0.32,-0.29,-0.31,-0.29,-0.26,-0.12,0.25,0.55,0.49,0.54,0.14,0.38,0.56,1.02,0.95,1.08,1.07,1.22,1.20,1.13,1.28,1.42,1.61,1.69,1.72,1.69,1.64,1.79,1.73,1.80,1.39,1.09,0.69,0.79,0.79,0.85,1.00,1.08,1.03,0.96,0.95,1.18,1.18,0.96,1.15,1.31,1.19,1.13,1.33,1.18,1.28,1.31,1.31,1.28,1.23,1.24,1.29,1.25,1.28,1.39,1.41,1.46,1.55,1.47,1.62,1.74,1.78,1.72,1.61,1.50,1.57
1.46,1.62,1.60,1.45,1.31,1.39,1.52,1.46,1.64,1.91,1.97,1.77,1.95,2.17,2.07,1.78,1.58,1.57,1.52,1.55,1.38,1.35,1.35,1.30,1.35,1.24,1.22,1.36,1.30,1.22,1.27,1.31,1.25,1.22,1.17,1.18,1.41,1.27,1.15,1.14,1.23,1.24,1.19,1.27,1.40,1.27,1.07,1.15,1.33,1.30,1.15,1.06,1.13,0.82,0.30,0.04,0.09,0.10,0.18,0.12,0.09,0.12,-0.17,-0.44,-0.41,-0.41,-0.64,-0.38,-0.37,-0.51,-0.73,-0.62,-0.38,-0.47,-0.63,-0.14,-0.03,-0.11,-0.46,-0.31,-0.11,-0.13,-0.22,-0.38,-0.28,-0.22,-0.24,-0.28,-0.37,-0.52,-0.54,-0.49,-0.43,-0.37,-0.31,0.04,0.51,0.34,0.38,0.06,0.29,0.51,0.85,1.09,1.08,1.03,1.03,1.22,1.12,1.22,1.38,1.52,1.60,1.63,1.66,1.62,1.72,1.72,1.73,1.34,1.13,0.64,0.84,1.00,1.11,1.18,1.15,1.07,1.02,0.98,1.12,0.96,1.03,1.09,1.13,1.13,1.14,1.17,0.92,1.07,1.29,1.23,1.20,1.22,1.22,1.20,1.41,1.33,1.30,1.36,1.45,1.51,1.47,1.68,1.68,1.71,1.71,1.63,1.58,1.52
1.57,1.61,1.68,1.60,1.44,1.47,1.42,1.57,1.80,1.94,2.01,2.01,2.17,2.25,2.09,1.89,1.79,1.79,1.72,1.41,1.15,1.34,1.51,1.40,1.20,1.07,1.14,1.28,1.09,1.07,1.19,1.28,1.36,1.35,1.15,1.17,1.36,1.29,1.25,1.35,1.24,1.27,1.23,1.20,1.31,1.33,1.12,1.23,1.17,1.30,1.08,0.97,1.09,0.90,0.28,0.01,0.10,0.13,0.14,0.10,0.14,0.13,-0.11,-0.26,-0.33,-0.43,-0.58,-0.43,-0.37,-0.43,-0.58,-0.52,-0.44,-0.75,-0.68,-0.33,-0.11,-0.14,-0.26,-0.16,-0.06,-0.22,-0.29,-0.41,-0.34,-0.27,-0.36,-0.44,-0.44,-0.43,-0.46,-0.49,-0.43,-0.27,-0.11,0.10,0.45,0.28,0.49,0.18,0.24,0.60,0.87,1.02,0.97,0.92,1.06,1.14,1.14,1.18,1.38,1.53,1.62,1.71,1.68,1.58,1.60,1.66,1.68,1.28,1.03,0.59,0.81,1.08,1.18,1.24,1.30,1.20,1.09,1.19,1.31,1.18,0.76,0.87,1.02,1.01,1.06,1.19,1.01,1.08,1.36,1.39,1.24,1.15,1.17,1.20,1.46,1.33,1.22,1.28,1.41,1.39,1.50,1.66,1.47,1.42,1.56,1.51,1.55,1.52
1.29,1.33,1.39,1.39,1.36,1.50,1.46,1.79,2.02,2.11,2.08,2.07,2.17,2.17,2.12,2.02,1.89,1.82,1.58,1.51,1.51,1.71,1.71,1.47,1.30,1.24,1.22,1.11,1.00,1.11,1.20,1.31,1.41,1.36,1.28,1.29,1.23,1.24,1.28,1.28,1.40,1.35,1.28,1.20,1.14,1.13,1.19,1.24,1.41,1.42,1.08,0.92,0.95,0.90,0.39,0.13,0.25,0.23,0.20,0.19,0.23,0.09,-0.14,-0.17,-0.29,-0.44,-0.42,-0.46,-0.38,-0.44,-0.44,-0.49,-0.39,-0.49,-0.33,-0.23,0.03,-0.07,-0.17,-0.11,-0.14,-0.28,-0.34,-0.38,-0.42,-0.47,-0.46,-0.47,-0.44,-0.47,-0.51,-0.44,-0.34,-0.22,-0.18,0.08,0.44,0.45,0.66,0.18,0.17,0.63,0.74,0.85,0.91,0.97,1.06,1.08,1.13,1.20,1.35,1.49,1.60,1.74,1.79,1.62,1.57,1.62,1.78,1.50,1.17,0.77,0.82,1.01,1.07,0.98,1.03,1.27,1.04,1.04,1.36,1.04,0.96,1.06,1.12,0.98,0.87,1.19,0.98,1.22,1.35,1.42,1.35,1.24,1.24,1.23,1.35,1.36,1.35,1.34,1.42,1.55,1.47,1.55,1.51,1.52,1.64,1.62,1.55,1.62
1.42,1.72,1.56,1.46,1.57,1.61,1.71,1.97,2.19,2.26,2.20,2.09,2.23,2.28,2.26,2.12,2.02,2.11,2.22,1.71,1.80,1.92,1.80,1.58,1.40,1.30,1.13,0.79,1.00,1.22,1.25,1.33,1.40,1.44,1.45,1.42,1.28,1.24,1.19,1.24,1.28,1.15,1.29,1.25,1.12,1.23,1.27,1.15,1.34,1.35,1.12,0.91,1.06,0.82,0.51,0.18,0.25,0.25,0.29,0.28,0.22,-0.01,-0.17,-0.09,-0.14,-0.28,-0.31,-0.39,-0.28,-0.31,-0.31,-0.37,-0.34,-0.44,-0.24,-0.03,0.28,0.13,-0.08,-0.16,0.02,-0.16,-0.21,-0.06,-0.14,-0.23,-0.22,-0.27,-0.36,-0.42,-0.32,-0.14,-0.08,-0.04,-0.04,0.18,0.54,0.54,0.55,0.25,0.33,0.69,0.66,0.82,0.98,1.09,1.11,1.11,1.14,1.24,1.33,1.49,1.58,1.64,1.83,1.73,1.61,1.71,1.78,1.57,1.25,0.79,0.77,0.90,0.97,1.09,1.15,1.20,1.25,1.18,1.23,1.11,0.98,1.00,1.00,0.95,0.97,1.12,1.08,1.23,1.31,1.38,1.34,1.27,1.31,1.12,1.34,1.38,1.41,1.39,1.28,1.46,1.31,1.49,1.56,1.60,1.73,1.71,1.53,1.53
1.68,1.67,1.57,1.61,1.58,1.50,1.80,2.00,2.16,2.31,2.35,2.25,2.43,2.45,2.41,2.20,2.07,2.11,2.17,1.91,1.75,1.83,1.83,1.67,1.51,1.44,0.98,0.64,1.04,1.25,1.40,1.46,1.51,1.56,1.49,1.36,1.23,1.14,1.20,1.11,1.08,1.22,1.33,1.30,1.24,1.22,1.22,1.22,1.36,1.51,1.31,1.14,1.00,0.84,0.40,0.08,0.10,0.28,0.33,0.28,0.13,-0.06,-0.09,-0.02,-0.04,-0.19,-0.32,-0.24,-0.21,-0.22,-0.28,-0.31,-0.22,-0.44,-0.32,0.10,0.20,0.10,-0.14,-0.21,0.13,-0.17,-0.17,-0.12,-0.13,-0.01,-0.08,-0.18,-0.19,-0.24,-0.23,-0.16,-0.16,-0.13,-0.17,0.09,0.60,0.64,0.51,0.25,0.37,0.67,0.71,0.87,0.96,1.08,1.15,1.15,1.11,1.15,1.24,1.49,1.72,1.66,1.69,1.72,1.66,1.66,1.71,1.68,1.35,0.81,0.74,1.04,1.23,1.17,1.11,1.18,1.28,1.15,1.14,1.09,1.13,1.07,0.93,0.93,1.17,1.18,1.25,1.22,1.24,1.31,1.33,1.25,1.24,1.27,1.30,1.28,1.27,1.31,1.31,1.36,1.35,1.51,1.56,1.51,1.62,1.64,1.52,1.62
1.69,1.74,1.68,1.57,1.58,1.75,1.91,1.90,2.08,2.41,2.52,2.41,2.55,2.42,2.42,2.29,2.20,2.23,2.26,2.08,1.95,1.80,1.84,1.85,1.86,1.86,1.50,0.98,1.14,1.33,1.73,1.64,1.58,1.57,1.40,1.27,1.23,1.14,1.19,0.97,1.09,1.18,1.28,1.30,1.19,1.07,1.04,1.09,1.13,1.35,0.98,1.02,1.03,0.92,0.30,-0.09,-0.06,0.12,0.19,0.14,0.07,-0.01,-0.07,-0.04,-0.08,-0.21,-0.31,-0.19,-0.19,-0.31,-0.22,-0.22,-0.11,-0.28,-0.23,0.13,0.14,-0.01,-0.24,-0.13,0.09,-0.16,-0.11,-0.04,-0.01,0.04,-0.09,-0.16,-0.09,-0.18,-0.33,-0.22,-0.12,-0.22,-0.21,0.04,0.44,0.54,0.60,0.25,0.20,0.44,0.71,0.82,0.85,1.02,1.13,1.09,1.00,1.06,1.13,1.29,1.62,1.62,1.72,1.60,1.60,1.72,1.72,1.58,1.46,0.85,0.63,0.87,1.04,1.04,1.04,0.97,1.06,1.07,1.08,1.22,1.15,1.02,0.90,0.86,1.04,1.17,1.24,1.15,1.15,1.25,1.38,1.47,1.44,1.31,1.55,1.56,1.36,1.19,1.28,1.33,1.34,1.45,1.56,1.61,1.71,1.68,1.57,1.71
1.73,1.95,1.89,1.69,1.62,1.69,1.84,2.39,2.25,2.37,2.48,2.51,2.55,2.26,2.45,2.40,2.30,2.23,2.14,2.01,1.96,1.95,2.00,1.84,1.71,1.67,1.53,1.36,1.33,1.12,1.28,1.33,1.44,1.42,1.35,1.38,1.40,1.30,1.22,1.02,1.06,1.12,1.29,1.23,1.18,1.15,1.13,1.18,1.14,1.29,1.13,0.90,1.14,0.93,0.33,-0.08,-0.01,0.13,0.04,0.07,0.22,0.14,-0.01,0.02,0.01,-0.12,-0.16,-0.21,-0.13,-0.26,-0.04,-0.09,-0.08,-0.09,-0.12,0.07,0.22,0.04,-0.19,-0.03,0.19,-0.01,0.08,0.17,0.14,0.03,-0.06,-0.06,-0.01,-0.11,-0.24,-0.13,-0.01,-0.16,-0.16,0.12,0.29,0.40,0.59,0.46,0.17,0.33,0.74,0.84,0.85,1.08,1.17,1.18,1.12,1.09,1.23,1.35,1.38,1.56,1.67,1.71,1.67,1.51,1.68,1.51,1.31,0.91,0.71,0.90,1.01,1.00,0.97,1.04,0.92,1.07,1.03,1.14,1.04,0.87,0.86,0.80,0.81,0.96,1.07,1.02,1.09,1.20,1.23,1.33,1.17,1.17,1.31,1.35,1.22,1.08,1.20,1.30,1.34,1.35,1.35,1.46,1.69,1.79,1.62,1.62
1.75,1.83,1.80,1.75,1.64,1.52,1.60,2.30,2.52,2.43,2.33,2.46,2.69,2.55,2.58,2.36,2.13,2.02,2.02,1.90,2.03,1.99,1.90,1.66,1.56,1.56,1.40,1.25,1.39,1.33,1.08,1.25,1.13,1.14,1.33,1.45,1.49,1.39,1.28,1.08,1.06,1.22,1.36,1.29,1.25,1.18,1.14,1.27,1.39,1.42,1.17,1.34,1.14,0.86,0.51,0.13,-0.01,0.18,0.13,0.14,0.37,0.30,0.02,-0.01,0.13,0.15,0.04,-0.02,0.07,-0.01,0.09,-0.04,-0.02,-0.04,-0.02,0.04,0.15,0.04,-0.07,-0.02,0.28,0.13,0.17,0.29,0.24,0.13,0.10,0.08,0.04,0.09,0.12,-0.06,-0.06,-0.06,-0.28,0.13,0.37,0.54,0.66,0.58,0.27,0.46,0.77,1.00,0.80,1.02,1.13,1.29,1.28,1.06,1.20,1.62,1.71,1.78,1.74,1.51,1.52,1.75,1.68,1.49,1.24,0.88,0.74,0.87,1.01,1.07,1.22,1.19,1.06,1.09,1.01,0.96,0.92,0.87,0.86,0.87,0.87,1.03,1.00,1.07,1.13,1.15,1.28,1.53,1.40,1.41,1.41,1.23,1.06,1.13,1.08,1.24,1.31,1.33,1.25,1.11,1.45,1.69,1.67,1.55
1.67,1.60,1.55,1.66,1.69,1.62,1.57,2.06,2.39,2.41,2.45,2.58,2.70,2.57,2.63,2.14,1.95,2.01,2.02,1.88,2.01,1.85,1.78,1.56,1.50,1.52,1.39,1.23,1.41,1.38,1.19,1.29,1.34,1.20,1.17,1.33,1.42,1.33,1.33,1.09,1.36,1.47,1.49,1.41,1.27,1.14,1.23,1.40,1.41,1.36,1.24,1.08,1.08,0.82,0.37,0.32,0.09,0.17,0.27,0.17,0.14,0.15,0.20,0.15,0.13,0.20,0.13,0.27,0.27,0.20,0.06,0.27,0.14,-0.01,0.19,0.24,0.22,-0.09,0.01,-0.01,0.23,0.27,0.29,0.37,0.39,0.37,0.35,0.20,0.03,0.18,0.27,0.06,0.20,0.14,-0.16,0.06,0.50,0.64,0.70,0.37,0.32,0.32,0.56,0.67,0.81,1.09,1.14,1.03,1.06,1.11,1.17,1.36,1.38,1.33,1.50,1.55,1.46,1.64,1.63,1.47,1.19,0.87,0.71,0.76,0.86,1.04,1.19,1.24,1.13,1.11,0.98,0.91,0.90,0.88,0.82,1.02,1.14,1.22,1.02,1.08,1.25,1.23,1.12,1.45,1.56,1.42,1.33,1.29,1.25,1.35,1.23,1.23,1.31,1.39,1.40,1.11,1.41,1.49,1.57,1.63
1.67,1.78,1.52,1.62,1.74,1.71,1.73,1.99,2.33,2.51,2.49,2.60,2.72,2.48,2.54,2.20,2.03,1.91,1.77,1.64,1.72,1.67,1.67,1.52,1.49,1.51,1.39,1.22,1.38,1.04,1.31,1.25,1.12,1.29,1.31,1.07,1.12,1.49,1.46,1.25,1.85,1.79,1.67,1.45,1.25,1.12,1.17,1.35,1.41,1.39,1.17,1.02,1.02,0.96,0.28,0.10,0.06,0.17,0.14,0.27,0.22,0.02,0.09,0.34,0.53,0.35,0.20,0.66,0.53,0.29,0.39,0.38,0.09,0.34,0.38,0.65,0.45,0.13,-0.03,-0.02,0.40,0.53,0.56,0.40,0.43,0.43,0.43,0.32,0.19,0.28,0.29,0.30,0.34,0.15,0.06,-0.07,0.38,0.41,0.64,0.49,0.22,0.40,0.77,0.67,0.71,1.08,1.14,1.13,1.19,1.09,1.04,1.28,1.51,1.51,1.18,1.51,1.49,1.52,1.60,1.49,1.30,0.96,0.61,0.67,0.93,1.00,0.90,1.08,0.97,0.95,0.92,0.87,0.80,0.63,0.54,0.76,0.81,1.02,1.07,1.07,1.12,1.20,1.25,1.36,1.51,1.40,1.34,1.35,1.33,1.50,1.46,1.30,1.29,1.41,1.46,1.14,1.41,1.33,1.28,1.45
1.94,1.84,1.94,1.74,1.68,1.72,1.83,2.05,2.23,2.39,2.31,2.52,2.74,2.47,2.14,1.90,1.64,1.39,1.24,1.24,1.40,1.47,1.53,1.41,1.40,1.47,1.42,1.27,1.22,0.90,1.13,0.98,1.19,1.27,1.33,1.29,1.06,1.00,1.36,1.44,2.03,2.09,1.95,1.58,1.40,1.23,1.15,1.29,1.47,1.40,1.14,1.06,0.92,0.96,0.28,0.07,0.27,0.34,0.17,0.23,0.24,0.13,0.22,0.56,0.72,0.67,0.60,0.60,0.79,0.55,0.64,0.54,0.37,0.48,0.50,0.70,0.59,0.29,0.10,0.04,0.35,0.37,0.45,0.51,0.54,0.49,0.50,0.45,0.37,0.29,0.24,0.34,0.40,0.14,0.10,0.22,0.66,0.39,0.74,0.24,0.25,0.29,0.56,0.69,0.87,1.02,0.92,0.96,1.09,1.09,1.20,1.34,1.56,1.58,1.15,1.50,1.39,1.41,1.45,1.34,1.23,0.97,0.59,0.70,1.08,0.93,0.86,0.90,0.84,0.71,0.76,0.80,0.74,0.79,0.77,0.67,0.76,0.95,1.09,1.11,1.09,1.07,1.09,1.36,1.33,1.24,1.27,1.31,1.07,1.36,1.44,1.23,1.06,1.07,1.09,1.23,1.33,1.38,1.22,1.08
1.83,1.91,1.90,1.52,1.68,1.69,1.82,2.17,2.23,2.42,2.42,2.58,2.64,2.39,1.82,1.27,1.04,1.03,1.09,1.17,1.40,1.27,1.27,1.14,1.22,1.27,1.14,1.01,0.97,0.82,1.07,0.91,0.93,0.96,1.11,0.98,0.54,0.51,1.19,1.50,1.63,2.34,2.39,1.94,1.61,1.47,1.38,1.33,1.42,1.35,1.18,1.02,0.88,0.90,0.25,0.07,0.30,0.38,0.30,0.19,0.27,0.30,0.34,0.51,0.67,0.65,0.58,0.63,0.48,0.58,0.66,0.61,0.34,0.33,0.48,0.27,0.54,0.29,0.27,0.08,0.35,0.34,0.53,0.60,0.71,0.76,0.75,0.70,0.60,0.59,0.60,0.44,0.34,0.02,-0.02,0.18,0.46,0.46,0.74,0.49,0.25,0.54,0.69,0.70,0.84,0.98,1.00,0.97,0.98,0.98,1.12,1.15,1.34,1.36,1.17,1.28,1.11,1.12,1.25,1.22,1.13,0.95,0.66,0.75,0.85,0.79,0.88,0.97,0.91,0.70,0.76,0.82,0.59,0.61,0.76,0.54,0.75,0.82,0.87,0.91,0.96,1.03,1.08,1.30,1.30,1.23,1.20,1.28,1.06,1.19,1.34,1.38,1.36,1.35,1.18,1.34,1.44,1.39,1.39,1.46
1.89,1.88,1.99,1.85,1.62,1.60,1.94,2.36,2.40,2.70,2.63,2.65,2.64,2.29,1.50,0.74,0.54,0.38,0.40,0.65,0.74,0.48,0.70,0.76,0.91,0.74,0.53,0.56,0.66,0.69,0.86,0.59,0.65,0.79,0.95,0.74,0.38,0.54,1.06,1.58,2.09,2.29,2.76,2.05,1.60,1.47,1.36,1.31,1.34,1.34,1.18,1.00,0.98,0.86,0.28,0.14,0.22,0.30,0.33,0.20,0.28,0.27,0.49,0.81,0.86,0.65,0.51,0.64,0.56,0.63,0.53,0.50,0.41,0.70,0.44,0.28,0.61,0.25,-0.03,0.06,0.18,0.28,0.53,0.51,0.41,0.46,0.66,0.71,0.56,0.46,0.44,0.41,0.44,0.17,-0.17,-0.03,0.40,0.45,0.55,0.34,0.15,0.34,0.65,0.75,0.82,0.85,0.91,0.93,0.84,0.82,0.86,0.85,1.06,1.18,1.20,1.02,1.03,1.04,1.13,1.15,1.07,0.95,0.71,0.72,0.71,0.85,0.79,0.71,0.66,0.82,0.93,0.87,0.82,1.00,1.20,1.08,1.13,1.07,1.04,1.11,1.14,1.19,1.30,1.36,1.44,1.46,1.49,1.60,1.44,1.88,1.80,1.77,1.77,1.63,1.92,1.69,1.73,1.71,1.66,1.86
1.88,1.85,1.89,1.80,1.73,1.68,1.92,2.30,2.45,2.80,2.64,2.65,2.60,2.19,1.23,0.29,0.25,0.09,0.24,0.58,0.61,0.24,0.43,0.46,0.41,0.22,0.18,0.30,0.35,0.44,0.49,0.24,0.41,0.61,0.74,0.58,0.44,0.56,0.87,1.57,2.17,2.42,2.72,2.30,2.00,1.38,1.14,1.30,1.39,1.33,1.23,1.20,1.13,0.82,0.33,0.13,0.13,0.20,0.27,0.33,0.44,0.43,0.61,0.84,0.85,0.76,0.64,0.60,0.63,0.63,0.53,0.40,0.50,0.53,0.41,0.39,0.48,0.15,-0.14,0.09,0.12,0.35,0.58,0.58,0.45,0.49,0.63,0.61,0.48,0.40,0.46,0.48,0.38,0.34,0.18,0.03,0.32,0.41,0.60,0.43,0.24,0.33,0.64,0.80,0.85,0.84,0.88,0.95,0.98,1.06,0.91,0.87,1.03,1.00,1.19,0.97,1.08,1.18,1.15,1.02,0.84,0.71,0.92,0.80,0.98,1.02,1.15,1.03,1.11,1.27,1.34,1.29,1.28,1.39,1.41,1.38,1.31,1.24,1.20,1.36,1.56,1.52,1.52,1.61,1.57,1.51,1.57,1.79,1.66,1.83,1.97,2.06,2.11,1.92,2.07,2.06,2.03,2.00,1.94,1.97
1.95,1.89,1.90,1.97,1.79,1.82,2.08,2.36,2.54,2.63,2.63,2.55,2.48,2.02,1.04,0.28,0.07,0.03,0.20,0.35,0.40,0.32,0.24,0.37,0.70,0.46,0.30,0.25,0.17,0.29,0.19,0.13,0.10,0.37,0.54,0.50,0.45,0.61,1.04,1.50,2.09,2.05,2.62,2.25,1.96,1.46,1.33,1.45,1.41,1.39,1.55,1.52,1.27,0.86,0.29,0.01,0.15,0.09,0.23,0.38,0.55,0.51,0.56,0.75,0.87,0.82,0.70,0.61,0.60,0.53,0.46,0.45,0.61,0.51,0.58,0.48,0.20,0.19,-0.03,0.01,0.15,0.39,0.44,0.48,0.51,0.50,0.53,0.55,0.56,0.45,0.41,0.56,0.49,0.37,0.13,-0.04,0.32,0.50,0.61,0.54,0.29,0.35,0.54,0.77,0.91,0.91,0.93,0.98,1.15,1.29,1.08,1.15,1.15,0.85,1.02,1.02,0.96,0.91,1.01,1.09,1.00,0.97,0.98,1.07,1.24,1.23,1.35,1.42,1.42,1.36,1.42,1.57,1.30,1.60,1.52,1.42,1.30,1.20,1.19,1.31,1.68,1.68,1.74,1.68,1.66,1.69,1.67,1.67,1.83,1.89,1.96,2.07,2.18,2.13,2.05,2.12,2.17,2.11,2.02,1.96
1.96,1.88,1.90,1.94,1.74,1.83,2.08,2.41,2.58,2.53,2.90,2.68,2.42,1.86,1.07,0.45,-0.03,0.09,0.07,0.02,0.08,0.15,0.13,0.14,0.18,0.07,0.25,0.24,0.15,0.40,0.13,0.02,-0.08,0.30,0.51,0.48,0.45,0.81,1.33,1.61,2.12,2.14,2.72,2.40,2.13,1.62,1.35,1.51,1.60,1.41,1.40,1.39,1.31,0.87,0.25,-0.02,0.25,0.06,0.23,0.35,0.50,0.40,0.39,0.64,0.92,0.93,0.79,0.75,0.61,0.49,0.40,0.49,0.46,0.58,0.70,0.51,0.20,0.12,-0.08,-0.09,0.07,0.41,0.46,0.55,0.59,0.60,0.51,0.44,0.64,0.71,0.53,0.55,0.44,0.43,0.12,-0.01,0.33,0.55,0.61,0.54,0.33,0.41,0.56,0.71,0.85,0.92,0.95,0.98,1.14,1.29,1.08,1.35,1.11,0.96,0.82,0.90,0.80,0.74,0.92,1.14,1.14,1.09,1.20,1.30,1.28,1.27,1.36,1.38,1.35,1.38,1.49,1.63,1.30,1.61,1.57,1.40,1.29,1.23,1.15,1.13,1.42,1.40,1.74,1.68,1.64,1.69,1.64,1.89,1.94,1.94,1.95,1.97,2.11,2.08,2.11,2.11,2.12,2.12,1.96,1.91
1.83,1.84,1.82,1.71,1.78,1.74,2.02,2.40,2.63,2.59,2.87,2.84,2.59,2.05,1.27,0.39,0.06,0.15,0.10,0.04,0.04,0.14,0.22,0.02,0.23,0.22,0.17,0.14,0.29,0.56,0.65,0.24,0.34,0.54,0.49,0.34,0.44,0.87,1.33,1.64,2.14,2.18,2.43,2.23,1.99,1.66,1.49,1.53,1.52,1.47,1.51,1.38,1.14,0.82,0.14,0.13,0.30,0.17,0.33,0.43,0.50,0.40,0.37,0.53,0.91,1.11,0.91,0.80,0.71,0.53,0.35,0.41,0.34,0.48,0.50,0.48,0.27,0.09,0.01,-0.01,0.19,0.43,0.45,0.46,0.63,0.71,0.67,0.56,0.60,0.75,0.66,0.51,0.41,0.40,0.17,0.04,0.45,0.49,0.69,0.55,0.33,0.43,0.64,0.70,0.72,0.87,0.97,1.01,1.14,1.36,1.28,1.46,1.49,1.13,0.81,0.96,1.04,0.97,0.95,1.02,1.09,1.19,1.13,1.25,1.07,1.23,1.33,1.36,1.35,1.38,1.51,1.57,1.39,1.50,1.50,1.38,1.35,1.35,1.20,1.27,1.24,1.29,1.42,1.53,1.71,1.86,1.64,1.92,1.95,1.90,1.94,2.01,2.05,1.96,2.16,2.24,2.19,2.09,2.12,2.02
1.94,1.91,1.75,1.58,1.82,1.64,1.89,2.34,2.64,2.62,2.66,2.48,2.24,1.89,1.33,0.63,0.20,0.23,0.38,0.32,0.22,0.27,0.32,0.06,0.28,0.09,0.01,-0.07,0.10,0.48,0.44,0.18,0.40,0.79,0.41,0.12,0.25,0.69,1.14,1.55,2.02,2.13,2.08,2.01,1.88,1.69,1.58,1.51,1.53,1.55,1.49,1.47,1.30,0.70,0.25,0.28,0.43,0.27,0.28,0.28,0.39,0.44,0.53,0.67,0.93,1.09,0.91,0.69,0.74,0.51,0.37,0.35,0.41,0.32,0.25,0.39,0.27,0.15,0.10,0.12,0.30,0.45,0.41,0.44,0.63,0.69,0.70,0.75,0.66,0.69,0.61,0.51,0.51,0.33,0.15,-0.03,0.48,0.43,0.75,0.65,0.33,0.28,0.56,0.80,0.85,0.95,1.12,1.24,1.44,1.35,1.52,1.41,1.33,1.25,1.01,0.87,0.96,1.06,1.04,0.97,1.01,1.12,1.08,1.11,1.12,1.15,1.23,1.35,1.42,1.35,1.41,1.50,1.38,1.34,1.39,1.39,1.24,1.15,1.39,1.44,1.42,1.35,1.47,1.55,1.60,1.73,1.51,1.88,1.89,1.84,1.91,2.13,2.03,2.01,2.05,2.07,2.11,2.20,2.29,2.02
1.84,1.67,1.62,1.67,1.68,1.68,1.80,2.29,2.55,2.54,2.62,2.59,2.23,1.95,1.55,0.92,0.35,0.24,0.22,0.22,0.27,0.34,0.44,0.30,0.32,0.04,0.01,-0.04,0.18,0.48,0.45,0.60,0.65,0.65,0.28,0.12,0.40,0.86,1.27,1.60,1.91,2.16,2.07,1.92,1.84,1.66,1.57,1.41,1.52,1.63,1.52,1.46,1.34,0.81,0.27,0.25,0.18,0.22,0.24,0.49,0.58,0.30,0.29,0.51,0.85,0.92,0.74,0.70,0.67,0.50,0.45,0.43,0.44,0.39,0.39,0.38,0.22,0.15,0.07,0.08,0.28,0.50,0.58,0.59,0.65,0.63,0.59,0.66,0.72,0.70,0.48,0.54,0.53,0.29,0.09,-0.08,0.22,0.46,0.76,0.66,0.34,0.28,0.56,0.86,0.96,0.95,0.95,1.09,1.22,1.41,1.41,1.20,1.14,1.00,0.84,0.77,0.90,0.96,1.00,1.12,1.01,1.03,0.96,1.07,1.17,1.18,1.12,1.20,1.33,1.27,1.31,1.35,1.44,1.41,1.41,1.17,1.06,1.24,1.27,1.19,1.39,1.45,1.46,1.50,1.53,1.56,1.45,1.80,1.85,1.84,1.91,1.90,1.91,1.85,2.05,2.13,2.07,2.40,2.29,2.06
1.95,1.68,1.58,1.74,1.95,1.80,1.91,2.30,2.46,2.46,2.52,2.39,1.96,1.75,1.45,1.04,0.77,0.74,0.59,0.64,0.48,0.45,0.61,0.48,0.34,0.02,-0.14,-0.07,0.15,0.27,0.30,0.37,0.27,0.65,0.20,-0.01,0.35,0.88,1.30,1.71,2.01,1.92,2.22,1.94,1.84,1.63,1.51,1.46,1.53,1.62,1.52,1.36,1.24,0.88,0.19,0.44,0.25,0.43,0.33,0.35,0.50,0.30,0.37,0.59,0.79,0.80,0.63,0.61,0.65,0.50,0.55,0.46,0.40,0.59,0.48,0.54,0.13,0.17,0.17,0.12,0.29,0.59,0.75,0.66,0.65,0.72,0.63,0.44,0.50,0.55,0.44,0.58,0.49,0.24,-0.03,-0.02,0.15,0.23,0.72,0.75,0.38,0.41,0.66,0.86,0.93,0.86,1.08,1.09,1.15,1.46,1.39,1.22,1.28,1.22,1.06,0.86,0.88,0.97,0.93,1.13,1.11,0.98,0.86,1.06,1.11,1.18,1.12,1.09,1.20,1.17,1.34,1.56,1.53,1.39,1.36,1.22,1.03,1.14,1.17,1.23,1.25,1.42,1.47,1.50,1.56,1.50,1.56,1.80,1.82,1.79,1.97,2.01,1.73,1.96,2.19,2.24,2.07,2.20,2.13,2.09
2.06,1.86,1.80,1.89,1.97,1.89,2.11,2.54,2.59,2.47,2.43,2.03,1.94,1.68,1.41,1.15,0.80,0.58,0.41,0.23,0.23,0.40,0.43,0.22,0.08,-0.11,-0.22,-0.06,0.10,0.17,0.22,0.29,0.17,0.28,0.13,0.30,0.61,0.76,1.02,1.40,1.61,1.69,2.02,1.89,2.00,1.64,1.47,1.57,1.61,1.63,1.51,1.27,1.17,0.92,0.30,0.50,0.15,0.20,0.38,0.19,0.33,0.22,0.28,0.45,0.81,0.90,0.67,0.54,0.38,0.35,0.41,0.48,0.45,0.41,0.44,0.32,0.09,0.27,0.10,0.18,0.20,0.37,0.38,0.50,0.65,0.63,0.45,0.40,0.64,0.54,0.34,0.37,0.38,0.28,-0.29,-0.04,0.17,0.30,0.61,0.58,0.33,0.32,0.55,0.79,0.93,1.09,1.09,1.22,1.01,1.31,1.33,1.24,1.27,1.12,1.14,1.03,0.92,0.97,0.95,1.17,1.18,0.98,0.92,1.00,1.09,1.06,1.04,1.22,1.27,0.97,1.38,1.28,1.47,1.42,1.31,1.23,1.17,1.18,1.24,1.35,1.20,1.39,1.56,1.60,1.61,1.44,1.52,1.78,1.95,1.95,1.92,1.92,1.99,1.96,2.12,2.26,2.12,2.14,2.08,2.13
2.08,2.06,1.90,1.89,1.99,1.86,2.13,2.47,2.48,2.58,2.65,2.16,2.12,1.61,1.40,1.24,0.92,0.65,0.38,0.43,0.55,0.53,0.30,0.08,0.07,0.06,0.13,0.02,0.08,0.12,0.09,0.14,0.09,0.13,0.22,0.37,0.75,0.91,0.92,1.14,1.52,1.74,1.90,1.82,1.82,1.69,1.47,1.57,1.61,1.63,1.51,1.25,1.17,1.04,0.37,0.35,0.23,0.12,0.53,0.37,0.30,0.27,0.43,0.65,0.90,0.86,0.61,0.56,0.56,0.35,0.32,0.39,0.32,0.34,0.49,0.28,0.07,0.15,0.02,-0.01,0.10,0.28,0.33,0.61,0.77,0.66,0.55,0.40,0.53,0.60,0.46,0.53,0.25,0.60,0.01,-0.06,0.04,0.40,0.64,0.59,0.40,0.39,0.56,0.77,0.98,1.17,1.14,1.22,1.12,1.45,1.39,1.36,1.24,1.09,1.12,1.20,1.12,0.98,1.00,1.33,1.15,0.98,0.98,1.00,1.01,0.97,0.98,1.13,1.29,1.00,1.28,1.27,1.45,1.35,1.23,1.23,1.22,1.24,1.25,1.40,1.30,1.39,1.55,1.55,1.47,1.52,1.62,1.72,1.89,2.06,2.08,1.91,1.86,1.92,2.03,2.14,1.97,2.24,2.19,2.14
