-2.25,-2.10,-2.20,-2.20,-2.15,-1.96,-1.81,-1.85,-1.95,-1.99,-2.14,-2.11,-2.04,-1.95,-1.79,-1.77,-1.86,-1.63,-1.62,-1.68,-1.45,-1.34,-1.58,-1.21,-0.63,-0.51,-0.46,-0.06,0.35,0.49,0.79,0.74,0.80,0.60,0.38,0.30,0.35,0.44,0.46,0.77,0.98,0.92,0.88,0.76,0.74,0.82,0.93,1.06,1.23,1.33,1.30,1.22,1.29,1.33,0.87,0.43,0.29,0.22,0.12,-0.02,-0.26,-0.34,-0.36,-0.14,0.10,0.28,0.34,0.23,0.29,0.28,0.25,0.37,0.51,0.59,0.54,0.64,0.95,1.28,1.47,1.47,1.34,0.95,1.07,1.53,1.50,1.12,0.90,0.97,0.82,0.76,0.45,0.38,0.25,0.14,0.12,-0.07,-0.29,-0.29,-0.53,-0.69,-0.41,-0.62,-0.54,-0.61,-0.47,-0.81,-0.76,-0.72,-0.64,-0.62,-0.71,-0.86,-0.90,-0.97,-1.17,-1.31,-1.82,-1.96,-1.97,-1.97,-1.99,-2.11,-2.42,-2.77,-2.87,-3.27,-3.34,-3.82,-4.55,-5.16,-5.93,-6.80,-7.49,-8.45,-10.12,-11.58,-12.16,-13.43,-14.79,-15.35,-15.38,-15.60,-15.92,-16.50,-16.49,-16.38,-16.36,-16.38,-16.33,-16.12,-16.39,-16.53,-16.35,-16.15,-16.15,-15.79,-16.01,-16.30,-16.36,-16.24
-2.54,-2.24,-2.19,-2.23,-2.14,-2.16,-2.06,-1.91,-2.11,-2.16,-2.15,-2.10,-2.13,-2.11,-1.93,-1.74,-2.02,-1.81,-1.71,-1.87,-1.63,-1.46,-1.51,-1.25,-0.67,-0.43,-0.33,0.03,0.43,0.61,1.08,0.82,0.95,0.81,0.69,0.60,0.50,0.67,0.46,0.87,0.93,0.98,0.84,0.70,0.69,0.77,0.84,0.95,1.17,1.23,1.14,1.17,1.40,1.18,0.65,0.45,0.20,0.04,0.04,-0.14,-0.51,-0.61,-0.53,-0.23,-0.02,0.13,0.08,-0.01,0.01,0.07,0.07,-0.03,-0.11,-0.02,0.07,0.12,0.23,0.39,0.41,0.33,0.51,0.41,0.53,0.92,0.92,0.70,0.74,0.72,0.60,0.55,0.38,0.33,0.48,0.38,0.12,-0.02,-0.11,-0.26,-0.52,-0.68,-0.32,-0.58,-0.39,-0.62,-0.51,-0.61,-0.61,-0.49,-0.33,-0.21,-0.33,-0.34,-0.19,-0.22,-0.34,-0.67,-0.78,-1.22,-1.48,-1.27,-1.46,-1.51,-1.58,-1.83,-1.90,-2.24,-2.09,-2.60,-3.17,-3.54,-4.13,-4.75,-5.36,-6.16,-7.01,-8.24,-8.70,-10.53,-12.11,-13.21,-14.06,-14.58,-15.14,-15.66,-15.84,-15.89,-15.89,-15.93,-16.13,-16.21,-16.47,-16.39,-16.18,-16.05,-16.21,-15.87,-15.79,-15.96,-16.22,-16.27
-2.59,-2.33,-2.05,-2.27,-2.05,-2.02,-2.07,-2.05,-2.25,-2.38,-2.23,-2.19,-2.19,-2.16,-2.16,-1.74,-1.90,-1.86,-1.74,-1.88,-1.69,-1.78,-1.45,-1.29,-0.91,-0.63,-0.46,0.06,0.46,0.70,1.17,0.80,0.76,0.63,0.50,0.46,0.25,0.60,0.28,0.87,0.70,0.82,0.81,0.66,0.59,0.56,0.56,0.66,1.01,1.07,1.08,1.08,1.41,1.53,0.76,0.04,0.15,0.25,0.02,-0.22,-0.59,-0.73,-0.44,-0.13,-0.04,0.04,0.01,-0.02,-0.12,0.08,0.03,-0.02,-0.12,0.01,0.20,0.14,-0.06,-0.07,0.03,0.02,0.13,0.13,0.25,0.59,0.84,0.66,0.30,0.33,0.14,0.18,0.02,0.02,0.37,0.12,-0.17,-0.14,-0.19,-0.44,-0.64,-0.48,-0.51,-0.75,-0.51,-0.78,-0.75,-0.57,-0.41,-0.28,0.03,0.27,0.15,0.22,0.43,0.39,0.22,-0.07,-0.43,-0.61,-0.85,-0.88,-0.83,-0.88,-1.12,-1.53,-1.82,-1.64,-1.58,-1.97,-2.29,-2.50,-2.90,-3.31,-3.84,-4.50,-4.99,-5.84,-6.01,-7.56,-8.66,-9.75,-11.04,-12.08,-12.92,-14.25,-14.58,-14.78,-14.96,-15.14,-15.29,-15.43,-15.67,-15.93,-16.07,-15.99,-15.43,-15.78,-15.81,-16.02,-16.24,-16.35
-2.56,-2.25,-2.06,-2.14,-2.07,-2.09,-2.19,-2.14,-2.04,-2.39,-2.45,-2.34,-2.24,-2.16,-2.32,-1.86,-1.90,-1.87,-1.73,-1.76,-1.65,-1.86,-1.63,-1.30,-1.00,-0.71,-0.43,-0.19,0.33,0.45,0.91,0.70,0.71,0.51,0.24,0.23,0.07,0.29,-0.04,0.56,0.39,0.51,0.69,0.51,0.29,0.32,0.35,0.25,0.29,0.45,0.48,0.70,1.04,0.98,0.24,0.06,0.14,-0.12,-0.44,-0.52,-0.64,-0.90,-0.91,-0.64,-0.36,-0.31,0.04,-0.17,-0.18,-0.21,-0.44,-0.07,-0.11,-0.14,0.06,0.06,-0.06,-0.01,-0.01,-0.07,-0.12,0.01,0.08,0.28,0.43,0.30,0.09,0.27,-0.04,-0.11,-0.21,-0.21,0.02,-0.18,-0.41,-0.47,-0.63,-0.72,-0.71,-0.87,-0.81,-0.98,-0.78,-0.73,-0.78,-0.63,-0.31,-0.01,0.24,0.58,0.66,0.72,0.88,0.82,0.64,0.69,0.44,0.34,0.10,-0.02,-0.27,-0.39,-0.63,-1.02,-1.22,-1.21,-1.12,-1.69,-1.68,-1.77,-1.93,-2.28,-2.83,-3.31,-3.58,-4.01,-4.29,-5.45,-6.24,-6.82,-7.48,-8.40,-9.65,-11.39,-12.56,-13.08,-13.37,-13.61,-13.86,-14.25,-14.90,-15.44,-15.78,-15.84,-15.67,-16.01,-16.22,-16.41,-16.55,-16.59
-2.63,-2.27,-2.39,-2.43,-2.34,-2.24,-2.16,-1.95,-2.30,-2.29,-2.30,-2.33,-2.33,-2.28,-2.37,-2.02,-2.01,-2.01,-1.81,-1.96,-1.68,-1.87,-1.45,-1.41,-1.34,-1.02,-0.73,-0.46,-0.09,0.56,0.90,0.76,0.74,0.45,0.02,0.09,0.14,0.17,-0.19,0.19,0.25,0.30,0.46,0.51,0.35,0.18,0.20,0.12,0.01,-0.04,-0.48,-0.08,-0.02,0.13,-0.16,-0.29,-0.29,-0.49,-0.69,-0.81,-0.90,-1.05,-1.29,-1.12,-0.59,-0.43,-0.21,-0.41,-0.16,-0.24,-0.47,-0.11,-0.26,-0.29,-0.16,-0.26,-0.24,-0.07,-0.03,-0.04,-0.17,-0.04,-0.04,0.17,0.34,0.06,0.06,0.19,-0.19,-0.19,-0.37,-0.36,-0.26,-0.43,-0.53,-0.71,-0.92,-0.83,-0.85,-0.97,-0.93,-1.12,-0.85,-0.72,-0.90,-0.78,-0.53,-0.09,0.27,0.84,1.08,1.09,1.12,1.06,0.96,1.03,0.87,0.77,0.67,0.61,0.54,0.40,0.10,-0.21,-0.37,-0.49,-0.88,-0.93,-1.05,-1.02,-1.16,-1.60,-2.07,-2.34,-2.45,-2.77,-3.03,-3.70,-4.42,-4.84,-5.25,-5.95,-6.94,-7.97,-8.72,-9.64,-10.30,-10.99,-11.86,-12.65,-13.57,-14.54,-15.29,-15.79,-16.13,-15.84,-16.02,-15.90,-15.95,-16.21
-2.54,-2.34,-2.41,-2.43,-2.30,-2.18,-2.24,-2.36,-2.28,-2.22,-2.24,-2.32,-2.30,-2.34,-2.37,-2.13,-2.00,-2.02,-2.00,-1.69,-1.77,-1.79,-1.72,-1.62,-1.51,-1.35,-1.01,-0.58,-0.28,0.41,0.76,0.64,0.64,0.44,-0.17,-0.12,0.03,0.32,-0.16,0.01,0.29,0.41,0.45,0.33,0.23,0.20,-0.36,-0.51,-0.29,-0.22,-0.67,-0.66,-0.82,-0.62,-0.58,-0.48,-0.48,-0.71,-0.85,-0.95,-1.03,-1.26,-1.49,-1.32,-0.68,-0.41,-0.26,-0.58,-0.43,-0.26,-0.52,-0.38,-0.53,-0.66,-0.56,-0.62,-0.61,-0.34,-0.19,-0.21,-0.41,-0.29,-0.22,0.19,0.48,0.08,0.09,0.15,-0.23,-0.36,-0.54,-0.42,-0.34,-0.41,-0.51,-0.76,-1.01,-0.96,-0.85,-1.03,-0.95,-1.19,-1.07,-1.11,-1.34,-0.98,-0.72,-0.37,0.34,0.80,0.91,0.92,0.93,0.97,1.06,1.02,0.95,0.84,0.87,1.00,0.95,0.86,0.86,0.87,0.66,0.32,0.41,0.27,-0.02,-0.31,-0.19,-0.48,-0.92,-1.26,-1.49,-1.78,-1.91,-2.37,-2.91,-3.36,-3.67,-4.20,-5.12,-5.67,-6.25,-6.65,-7.35,-8.20,-9.01,-10.03,-11.06,-12.72,-14.07,-15.06,-15.64,-15.44,-15.66,-15.69,-15.87,-16.16
-2.41,-2.09,-2.48,-2.36,-2.19,-2.20,-2.41,-2.38,-2.20,-2.07,-2.14,-2.29,-2.22,-2.18,-2.29,-2.16,-2.09,-2.11,-1.88,-2.02,-1.54,-1.44,-1.71,-1.67,-1.38,-1.27,-1.20,-0.81,-0.42,0.08,0.54,0.48,0.46,0.46,-0.14,-0.36,-0.43,0.20,-0.17,-0.13,0.06,0.06,0.10,0.18,0.07,-0.18,-0.42,-0.93,-0.62,-0.52,-0.91,-1.03,-1.11,-0.87,-0.76,-0.71,-0.75,-0.87,-0.97,-1.10,-1.11,-1.24,-1.59,-1.44,-0.87,-0.51,-0.26,-0.59,-0.62,-0.43,-0.67,-0.57,-0.62,-0.87,-0.90,-0.85,-0.83,-0.62,-0.46,-0.54,-0.85,-0.66,-0.29,0.35,0.46,0.19,0.09,0.09,-0.32,-0.46,-0.53,-0.33,-0.41,-0.38,-0.53,-0.91,-1.17,-1.12,-1.07,-1.24,-1.30,-1.38,-1.12,-1.20,-1.38,-1.20,-0.95,-0.29,0.03,0.28,0.06,0.02,0.20,0.50,0.82,1.01,1.13,0.87,0.79,1.00,1.03,0.95,0.93,0.98,0.91,0.79,0.88,0.76,0.75,0.95,0.70,0.49,0.34,-0.02,-0.46,-0.80,-0.95,-1.49,-1.69,-2.10,-2.33,-2.73,-3.32,-3.79,-4.21,-4.54,-4.91,-5.31,-5.92,-6.92,-8.12,-10.10,-11.98,-13.61,-14.78,-15.31,-15.61,-15.61,-15.81,-16.28
-2.70,-2.37,-2.48,-2.38,-2.20,-2.20,-2.37,-2.28,-2.15,-2.00,-1.95,-2.09,-2.10,-2.13,-2.09,-2.18,-2.15,-1.96,-1.92,-1.81,-1.48,-1.53,-1.65,-1.60,-1.39,-1.20,-1.24,-1.01,-0.52,0.01,0.38,0.46,0.43,0.41,0.14,-0.08,-0.01,-0.14,-0.14,-0.17,-0.03,0.06,0.03,-0.03,-0.16,-0.38,-0.54,-0.90,-0.82,-0.87,-1.14,-1.11,-1.19,-0.97,-0.78,-0.77,-0.75,-0.76,-0.98,-1.27,-1.25,-1.15,-1.63,-1.58,-1.07,-0.66,-0.43,-0.61,-0.54,-0.62,-0.72,-0.58,-0.58,-0.82,-1.00,-0.93,-0.83,-0.82,-0.76,-0.82,-1.10,-0.92,-0.31,0.51,0.32,0.17,-0.19,-0.13,-0.53,-0.52,-0.53,-0.29,-0.41,-0.39,-0.72,-1.11,-1.32,-1.30,-1.11,-1.17,-1.32,-1.46,-1.26,-1.11,-1.48,-1.25,-1.21,-0.67,-0.38,-0.13,-0.37,-0.36,-0.21,-0.09,0.20,0.64,0.87,0.71,0.53,0.72,0.93,0.81,0.67,0.79,0.87,0.91,1.02,1.01,0.98,1.11,0.93,0.85,0.69,0.69,0.56,0.04,-0.17,-0.80,-0.96,-1.21,-1.44,-1.63,-1.95,-2.52,-2.86,-2.88,-3.27,-3.93,-4.78,-5.72,-6.86,-8.00,-10.03,-12.36,-14.19,-15.21,-15.73,-15.67,-15.78,-15.99
-2.68,-2.47,-2.45,-2.38,-2.29,-2.27,-2.23,-2.34,-2.23,-2.07,-1.99,-1.93,-1.97,-2.29,-2.24,-2.09,-2.04,-2.00,-1.91,-1.73,-1.59,-1.60,-1.64,-1.65,-1.57,-1.32,-1.38,-1.07,-0.58,0.13,0.28,0.13,0.27,0.41,0.30,-0.26,0.13,-0.04,-0.16,-0.11,0.02,0.18,0.24,0.10,-0.13,-0.22,-0.56,-0.92,-1.01,-1.15,-1.20,-1.08,-1.26,-1.06,-0.81,-0.75,-0.54,-0.51,-0.93,-1.39,-1.36,-1.17,-1.62,-1.62,-1.10,-0.61,-0.61,-0.71,-0.68,-0.66,-0.77,-0.90,-0.88,-1.01,-1.11,-1.00,-0.93,-0.98,-1.02,-0.96,-1.06,-1.05,-0.53,0.40,0.30,-0.08,-0.63,-0.38,-0.71,-0.57,-0.69,-0.47,-0.42,-0.41,-0.85,-1.24,-1.45,-1.34,-1.00,-1.00,-1.19,-1.32,-1.08,-1.07,-1.25,-1.11,-1.20,-0.87,-0.39,-0.13,-0.21,-0.42,-0.22,0.20,0.39,0.48,0.67,0.41,0.55,0.70,0.65,0.64,0.63,0.67,0.58,0.50,0.66,0.79,0.61,0.77,0.48,0.74,0.44,0.45,0.59,0.44,0.39,-0.31,-0.64,-0.93,-1.06,-1.06,-1.32,-1.79,-1.96,-2.09,-2.55,-3.30,-4.21,-5.21,-6.30,-7.89,-10.15,-11.86,-13.37,-14.75,-15.72,-15.76,-15.64,-15.56
-2.66,-2.36,-2.39,-2.45,-2.38,-2.37,-2.37,-2.41,-2.38,-2.28,-2.23,-2.51,-2.11,-2.11,-2.22,-2.15,-2.04,-2.19,-2.09,-1.79,-1.65,-1.55,-1.57,-1.68,-1.68,-1.51,-1.63,-1.21,-0.86,-0.43,0.06,0.20,0.08,0.29,0.33,-0.52,-0.01,-0.21,-0.17,-0.08,-0.08,-0.04,0.12,0.15,-0.14,-0.16,-0.72,-1.03,-1.14,-1.22,-1.25,-1.24,-1.35,-1.11,-0.85,-0.82,-0.62,-0.61,-1.01,-1.40,-1.29,-1.11,-1.55,-1.59,-1.02,-0.58,-0.56,-0.51,-0.71,-0.63,-0.76,-0.66,-0.62,-0.87,-1.01,-1.00,-1.00,-0.93,-0.93,-1.00,-0.93,-1.00,-0.66,0.35,0.35,-0.22,-0.76,-0.42,-0.75,-0.42,-0.83,-0.71,-0.58,-0.46,-0.78,-1.30,-1.49,-1.22,-0.91,-0.96,-1.10,-1.19,-0.97,-1.12,-1.17,-1.06,-1.05,-1.10,-0.54,-0.26,-0.18,-0.17,0.06,0.23,0.33,0.58,0.69,0.45,0.64,0.75,0.69,0.67,0.66,0.56,0.32,0.18,0.28,0.49,0.50,0.66,0.38,0.48,0.28,0.30,0.45,0.41,0.14,0.02,-0.18,-0.46,-0.72,-0.97,-1.24,-1.43,-1.55,-1.74,-2.41,-3.47,-4.81,-6.28,-7.64,-9.65,-11.17,-12.84,-14.07,-14.69,-15.34,-15.50,-15.41,-15.53
-2.66,-2.28,-2.32,-2.59,-2.47,-2.34,-2.28,-2.29,-2.23,-2.16,-2.15,-2.11,-2.01,-2.15,-2.19,-2.10,-2.02,-2.28,-2.13,-1.95,-1.73,-1.60,-1.55,-1.51,-1.63,-1.57,-1.36,-1.31,-1.05,-0.73,-0.38,-0.12,-0.21,-0.07,0.19,-0.43,-0.18,-0.23,-0.23,-0.27,-0.18,-0.08,-0.07,0.08,-0.19,-0.17,-0.88,-1.21,-1.20,-1.19,-1.38,-1.38,-1.34,-1.10,-0.90,-0.88,-0.78,-0.82,-1.14,-1.30,-1.50,-1.46,-1.76,-1.67,-1.12,-0.71,-0.58,-0.67,-0.72,-0.71,-0.97,-0.85,-0.85,-1.19,-1.21,-1.03,-1.07,-1.10,-1.10,-1.12,-0.98,-0.87,-0.69,-0.09,0.02,-0.19,-0.76,-0.76,-0.83,-0.47,-0.82,-0.57,-0.58,-0.37,-0.85,-1.27,-1.36,-1.11,-0.90,-1.06,-1.12,-1.21,-1.10,-1.19,-1.27,-1.20,-1.01,-1.10,-0.73,-0.46,-0.42,-0.34,-0.33,-0.12,0.30,0.53,0.55,0.70,0.65,0.55,0.66,0.50,0.43,0.49,0.65,0.48,0.25,0.43,0.58,0.70,0.43,0.43,0.27,0.22,0.34,0.35,0.15,0.02,0.02,-0.19,-0.47,-0.85,-1.11,-1.34,-1.65,-1.57,-2.64,-4.17,-6.05,-7.98,-9.67,-11.20,-12.77,-14.09,-14.54,-14.64,-15.14,-15.17,-15.34,-15.61
-2.47,-2.29,-2.24,-2.43,-2.38,-2.22,-2.16,-2.27,-2.33,-2.28,-2.14,-1.96,-2.09,-2.25,-2.24,-2.09,-2.00,-2.15,-1.97,-2.01,-1.95,-1.88,-1.82,-1.63,-1.60,-1.68,-1.50,-1.29,-1.02,-0.90,-0.64,-0.23,-0.31,-0.22,-0.08,-0.44,-0.41,-0.34,-0.27,-0.26,-0.13,0.07,0.02,-0.07,-0.26,-0.19,-0.86,-1.34,-1.38,-1.25,-1.34,-1.14,-1.17,-1.35,-1.17,-0.93,-0.85,-1.01,-1.21,-1.29,-1.30,-1.39,-1.50,-1.27,-1.54,-1.19,-1.02,-0.95,-0.71,-0.56,-0.85,-0.97,-0.83,-1.05,-1.24,-1.11,-1.08,-1.06,-0.98,-0.97,-0.87,-0.86,-0.52,0.12,-0.01,-0.11,-0.57,-0.33,-0.64,-0.41,-0.71,-0.54,-0.86,-0.64,-0.87,-1.32,-1.38,-1.15,-1.08,-1.12,-1.15,-1.27,-1.07,-1.14,-1.27,-1.32,-1.03,-1.00,-0.88,-0.67,-0.76,-0.72,-0.78,-0.43,0.27,0.55,0.44,0.66,0.66,0.33,0.30,0.44,0.29,0.28,0.48,0.40,0.30,0.45,0.45,0.60,0.38,0.50,0.28,0.23,0.24,0.30,0.39,0.27,0.20,0.06,-0.33,-0.63,-0.90,-1.32,-1.91,-2.14,-3.06,-4.92,-7.01,-9.09,-11.02,-12.23,-13.80,-14.54,-14.60,-14.69,-15.15,-15.26,-15.31,-15.63
-2.24,-2.24,-2.07,-2.01,-2.11,-2.15,-2.01,-2.04,-2.16,-2.23,-2.20,-2.05,-2.15,-2.33,-2.30,-2.13,-2.02,-1.91,-1.90,-1.88,-1.76,-1.69,-1.81,-1.78,-1.77,-1.67,-1.50,-1.35,-1.11,-0.78,-0.44,-0.23,-0.44,-0.38,-0.22,-0.59,-0.52,-0.38,-0.28,-0.22,-0.07,0.15,0.15,-0.21,-0.42,-0.33,-0.91,-1.22,-1.26,-1.25,-1.35,-1.34,-1.21,-1.21,-1.20,-1.17,-1.24,-1.10,-1.14,-1.00,-1.07,-1.19,-1.29,-1.05,-1.10,-1.06,-0.93,-0.88,-0.78,-0.46,-0.59,-0.90,-1.02,-1.05,-1.14,-1.07,-0.95,-1.01,-0.98,-0.78,-0.78,-0.71,-0.43,0.22,0.10,-0.24,-0.41,-0.23,-0.39,-0.37,-0.61,-0.51,-0.42,-0.29,-0.63,-1.05,-1.17,-1.08,-0.96,-0.93,-1.06,-1.15,-0.98,-1.16,-1.20,-1.25,-1.01,-1.02,-0.91,-0.88,-0.98,-0.97,-1.08,-0.85,-0.03,0.48,0.44,0.50,0.46,0.30,-0.04,0.27,0.17,0.20,0.37,0.48,0.66,0.80,0.56,0.50,0.53,0.41,0.25,0.25,0.17,0.34,0.61,0.51,0.28,0.23,-0.42,-0.83,-1.24,-1.73,-2.25,-2.70,-3.67,-5.42,-7.08,-8.91,-10.74,-12.13,-13.28,-14.16,-14.33,-14.57,-15.08,-15.31,-15.55,-15.76
-2.45,-2.34,-2.18,-2.43,-2.41,-2.30,-2.30,-2.23,-2.19,-2.33,-2.30,-2.14,-2.14,-2.29,-2.34,-2.15,-2.07,-1.67,-1.62,-1.72,-1.69,-1.68,-1.82,-1.69,-1.48,-1.48,-1.43,-1.39,-1.22,-0.95,-0.67,-0.51,-0.61,-0.49,-0.32,-0.62,-0.58,-0.43,-0.36,-0.29,-0.17,0.08,0.09,-0.19,-0.27,-0.37,-0.82,-1.27,-1.14,-1.08,-1.12,-1.00,-0.91,-0.88,-0.83,-0.77,-0.64,-0.88,-1.05,-1.05,-1.35,-1.40,-1.31,-1.26,-1.27,-1.19,-1.14,-1.08,-0.96,-0.62,-0.78,-1.07,-1.17,-1.14,-1.05,-1.10,-1.12,-0.85,-0.66,-0.47,-0.52,-0.58,-0.14,0.28,0.24,0.06,-0.09,-0.26,-0.27,-0.22,-0.38,-0.56,-0.67,-0.48,-0.59,-0.93,-1.10,-1.02,-1.00,-1.08,-1.14,-1.14,-1.06,-1.19,-1.12,-1.16,-1.10,-0.91,-0.93,-1.03,-1.17,-1.29,-1.46,-1.35,-0.56,0.22,0.45,0.32,-0.19,-0.11,-0.21,-0.42,-0.22,-0.41,-0.34,-0.11,0.30,0.55,0.45,0.49,0.34,0.22,0.22,0.14,0.17,0.46,0.67,0.46,0.23,0.28,-0.47,-1.16,-2.11,-2.63,-2.74,-3.31,-3.88,-5.00,-6.27,-7.60,-8.98,-10.27,-11.27,-12.33,-12.71,-13.33,-14.13,-14.64,-14.73,-14.97
-2.23,-2.33,-2.24,-2.46,-2.39,-2.33,-2.28,-2.32,-2.34,-2.41,-2.36,-2.14,-2.15,-2.22,-2.25,-2.29,-2.15,-2.04,-1.72,-1.73,-1.81,-1.69,-1.76,-1.65,-1.74,-1.60,-1.51,-1.50,-1.40,-1.25,-1.05,-0.66,-0.73,-0.61,-0.44,-0.57,-0.62,-0.56,-0.43,-0.24,-0.14,-0.14,-0.11,-0.16,0.10,-0.24,-0.81,-0.85,-0.81,-0.87,-0.96,-0.85,-0.76,-0.77,-0.69,-0.73,-0.64,-0.96,-1.15,-0.98,-1.32,-1.30,-1.29,-1.15,-1.15,-1.12,-1.15,-1.00,-1.03,-0.83,-0.86,-0.97,-0.88,-0.85,-0.92,-1.05,-1.03,-0.82,-0.51,-0.37,-0.37,-0.29,-0.11,0.14,0.23,0.09,0.09,-0.12,-0.06,-0.11,-0.17,-0.24,-0.24,-0.31,-0.53,-0.95,-1.11,-0.93,-0.86,-0.85,-0.76,-0.80,-1.02,-0.97,-1.06,-0.95,-1.03,-0.92,-0.95,-1.05,-1.48,-1.68,-1.82,-1.69,-0.85,0.01,0.30,-0.03,-0.81,-0.72,-0.71,-1.01,-0.71,-1.10,-0.97,-0.73,-0.54,-0.46,-0.43,-0.36,-0.29,-0.38,-0.11,-0.13,0.17,0.49,0.46,0.28,0.22,0.01,-0.42,-1.55,-2.36,-2.63,-2.82,-3.26,-3.34,-4.30,-5.05,-5.83,-6.61,-7.46,-8.69,-9.34,-10.09,-11.17,-12.30,-13.14,-13.58,-14.39
-2.20,-2.27,-2.23,-2.45,-2.39,-2.45,-2.32,-2.29,-2.46,-2.30,-2.24,-2.19,-2.23,-2.24,-2.15,-2.09,-1.69,-1.76,-1.78,-1.82,-1.86,-1.76,-1.71,-1.51,-1.65,-1.71,-1.62,-1.55,-1.50,-1.34,-1.11,-0.56,-0.78,-0.63,-0.62,-0.62,-0.62,-0.56,-0.34,-0.14,-0.08,-0.04,0.03,-0.34,-0.18,-0.27,-0.59,-0.82,-0.77,-0.59,-0.68,-0.72,-0.63,-0.71,-0.73,-0.81,-0.67,-0.83,-1.16,-0.88,-1.16,-1.10,-1.07,-1.02,-1.08,-1.00,-1.08,-0.96,-1.00,-0.92,-1.02,-1.00,-0.81,-0.69,-0.75,-0.82,-0.76,-0.57,-0.28,-0.23,-0.26,-0.24,-0.21,0.13,0.13,-0.08,0.06,-0.08,-0.31,-0.37,-0.22,-0.08,-0.09,-0.33,-0.71,-0.83,-1.05,-0.98,-0.92,-1.05,-1.05,-1.22,-1.26,-1.14,-1.01,-0.76,-1.06,-1.17,-0.92,-1.05,-1.44,-1.51,-1.91,-1.78,-0.82,-0.09,0.01,-0.34,-1.02,-1.20,-1.02,-1.14,-0.97,-1.44,-1.46,-1.49,-1.24,-1.06,-1.12,-0.97,-0.76,-0.93,-0.82,-0.38,-0.08,0.07,0.14,0.22,0.18,-0.22,-0.57,-2.00,-2.51,-2.79,-2.99,-3.04,-2.97,-3.50,-3.97,-4.46,-5.08,-5.85,-6.57,-7.15,-7.80,-8.80,-9.92,-10.93,-11.76,-12.77
-2.25,-2.25,-2.15,-2.33,-2.29,-2.45,-2.46,-2.37,-2.45,-2.29,-2.22,-2.27,-2.33,-2.30,-2.22,-1.96,-1.82,-2.04,-1.97,-1.82,-1.82,-1.82,-1.87,-1.62,-1.73,-1.72,-1.68,-1.62,-1.55,-1.35,-1.03,-0.66,-0.88,-0.59,-0.68,-0.62,-0.63,-0.52,-0.27,-0.12,-0.08,-0.01,0.06,-0.16,-0.02,-0.36,-0.46,-0.61,-0.76,-0.62,-0.53,-0.53,-0.56,-0.76,-0.75,-0.71,-0.76,-0.77,-0.98,-1.03,-1.06,-1.19,-1.10,-1.10,-1.16,-1.08,-1.17,-1.19,-1.15,-0.97,-1.10,-1.06,-0.82,-0.77,-0.71,-0.73,-0.66,-0.42,-0.17,-0.27,-0.23,-0.53,-0.42,-0.18,0.02,-0.32,-0.16,-0.22,-0.58,-0.58,-0.34,-0.12,-0.22,-0.42,-0.69,-0.85,-0.97,-0.97,-1.17,-1.21,-1.02,-1.11,-1.16,-1.19,-1.10,-0.92,-1.06,-0.96,-0.87,-1.20,-1.32,-1.38,-1.49,-1.58,-0.95,-0.28,-0.08,-0.43,-1.06,-1.31,-1.21,-1.40,-1.31,-1.67,-1.60,-1.79,-1.60,-1.39,-1.45,-1.41,-1.36,-1.46,-1.55,-0.93,-0.47,-0.08,0.12,0.09,0.01,-0.29,-0.88,-2.23,-2.61,-2.84,-2.95,-2.95,-2.90,-3.06,-3.32,-3.73,-3.97,-4.22,-4.99,-5.33,-5.89,-6.57,-7.45,-8.41,-9.29,-10.33
-2.37,-2.46,-2.13,-2.23,-2.19,-2.34,-2.43,-2.34,-2.25,-2.41,-2.34,-2.13,-2.28,-2.46,-2.06,-2.01,-2.00,-1.96,-1.96,-1.97,-1.93,-1.72,-1.99,-1.76,-1.82,-1.76,-1.71,-1.67,-1.57,-1.48,-1.27,-1.01,-1.17,-0.83,-0.71,-0.57,-0.53,-0.47,-0.24,-0.06,0.03,-0.02,-0.14,-0.08,-0.27,-0.31,-0.43,-0.53,-0.63,-0.59,-0.47,-0.51,-0.53,-0.49,-0.54,-0.53,-0.77,-0.66,-0.91,-1.06,-1.06,-1.21,-1.17,-1.17,-1.19,-1.14,-1.24,-1.21,-1.22,-1.11,-1.19,-1.12,-0.88,-0.87,-0.90,-0.88,-0.86,-0.68,-0.52,-0.61,-0.47,-0.85,-0.64,-0.59,-0.17,-0.51,-0.32,-0.61,-0.78,-0.95,-0.68,-0.46,-0.48,-0.51,-0.68,-0.86,-0.90,-1.00,-1.14,-1.12,-1.12,-1.19,-1.16,-1.02,-0.90,-1.02,-1.10,-0.96,-0.87,-1.11,-1.40,-1.45,-1.36,-1.49,-1.20,-0.44,-0.14,-0.57,-1.06,-1.26,-1.40,-1.71,-1.46,-1.68,-1.60,-1.83,-1.62,-1.55,-1.67,-1.63,-1.78,-1.82,-1.86,-1.20,-0.58,-0.06,-0.12,-0.16,-0.09,-0.49,-0.92,-2.15,-2.56,-2.60,-2.64,-2.75,-2.73,-2.81,-2.86,-3.04,-3.27,-3.60,-3.99,-4.47,-4.34,-5.05,-5.72,-6.31,-7.05,-8.24
-2.43,-2.73,-2.30,-2.29,-2.34,-2.56,-2.59,-2.22,-2.14,-2.23,-2.50,-2.38,-2.33,-2.46,-2.15,-2.23,-2.01,-1.87,-1.95,-2.07,-1.92,-1.68,-2.00,-1.81,-1.79,-1.82,-1.74,-1.64,-1.62,-1.41,-1.38,-1.24,-1.19,-0.81,-0.76,-0.83,-0.71,-0.44,-0.19,0.07,0.10,0.06,0.09,-0.21,-0.27,-0.26,-0.56,-0.57,-0.54,-0.52,-0.49,-0.57,-0.47,-0.32,-0.49,-0.41,-0.77,-0.63,-0.81,-0.91,-0.87,-0.98,-1.05,-1.08,-1.07,-1.00,-1.16,-1.06,-1.07,-1.12,-1.21,-1.21,-1.05,-0.97,-1.06,-1.08,-1.08,-1.03,-0.93,-0.95,-0.86,-0.95,-0.77,-0.81,-0.53,-0.73,-0.62,-0.95,-0.95,-1.11,-0.90,-0.80,-0.81,-0.73,-0.88,-0.98,-1.12,-1.26,-1.21,-1.11,-1.10,-1.16,-1.08,-0.87,-0.97,-1.12,-1.14,-0.95,-0.93,-1.02,-1.40,-1.68,-1.57,-1.45,-1.25,-0.69,-0.57,-0.78,-1.02,-1.41,-1.41,-1.51,-1.67,-1.71,-1.78,-1.88,-1.73,-1.81,-1.86,-1.73,-1.72,-1.74,-1.85,-1.41,-0.66,-0.04,0.07,0.02,-0.07,-0.44,-1.25,-2.14,-2.60,-2.37,-2.38,-2.55,-2.59,-2.72,-2.61,-2.73,-2.90,-3.05,-3.19,-3.41,-3.36,-3.73,-4.38,-4.93,-5.36,-6.47
-2.34,-2.63,-2.50,-2.38,-2.20,-2.25,-2.47,-2.51,-2.13,-2.29,-2.24,-2.10,-2.14,-2.41,-2.19,-2.30,-2.01,-1.92,-2.01,-2.07,-1.78,-1.77,-2.02,-1.85,-1.85,-1.87,-1.86,-1.82,-1.79,-1.53,-1.19,-1.31,-1.22,-0.97,-0.81,-0.87,-0.68,-0.32,-0.18,-0.07,0.02,-0.03,0.17,-0.01,-0.09,-0.29,-0.58,-0.59,-0.47,-0.38,-0.46,-0.59,-0.41,-0.36,-0.54,-0.47,-0.80,-0.81,-0.68,-0.88,-0.69,-0.95,-1.05,-1.02,-1.01,-0.87,-1.05,-1.08,-1.11,-1.03,-1.01,-1.00,-0.93,-0.95,-1.01,-1.11,-1.10,-1.14,-0.98,-1.03,-0.98,-0.98,-1.00,-1.11,-0.91,-1.06,-1.00,-1.11,-1.11,-1.05,-1.05,-1.08,-1.17,-1.01,-1.19,-1.20,-1.32,-1.32,-1.19,-1.03,-1.03,-1.15,-1.07,-0.97,-1.05,-1.01,-1.14,-0.93,-0.92,-0.77,-1.30,-1.44,-1.48,-1.19,-1.03,-0.81,-0.81,-1.00,-1.24,-1.48,-1.45,-1.32,-1.96,-1.90,-1.85,-1.78,-1.71,-1.73,-1.74,-1.69,-1.69,-1.82,-1.73,-1.49,-0.90,-0.07,0.10,0.09,0.07,-0.33,-1.20,-1.71,-2.22,-2.36,-2.47,-2.52,-2.48,-2.68,-2.54,-2.56,-2.69,-2.75,-2.69,-2.55,-2.68,-2.78,-3.22,-3.50,-3.86,-5.09
-2.05,-2.41,-2.25,-2.06,-2.22,-2.33,-2.32,-2.28,-2.07,-2.36,-2.23,-2.07,-2.11,-2.27,-2.38,-2.19,-2.07,-2.00,-2.02,-2.00,-1.87,-1.69,-1.92,-1.78,-1.87,-1.76,-1.68,-1.85,-1.82,-1.49,-1.50,-1.53,-1.41,-1.35,-1.16,-0.93,-0.64,-0.32,-0.19,-0.09,-0.03,0.20,0.19,0.13,0.06,-0.13,-0.31,-0.44,-0.43,-0.29,-0.39,-0.51,-0.33,-0.47,-0.56,-0.61,-0.68,-0.80,-0.69,-0.93,-0.86,-1.17,-1.27,-1.10,-1.03,-0.80,-0.98,-1.02,-1.08,-1.14,-1.03,-0.93,-0.87,-0.90,-1.11,-1.20,-1.14,-1.01,-0.96,-0.78,-1.02,-1.03,-1.06,-1.11,-0.90,-1.25,-1.14,-1.21,-1.29,-1.24,-1.24,-1.35,-1.35,-1.12,-1.34,-1.22,-1.25,-1.17,-1.02,-0.93,-1.01,-1.12,-1.06,-1.02,-1.06,-1.03,-1.00,-1.02,-0.85,-0.75,-1.22,-1.26,-1.12,-1.05,-1.08,-1.08,-0.87,-0.72,-0.90,-1.12,-1.06,-1.24,-1.06,-1.65,-1.48,-1.43,-1.35,-1.30,-1.39,-1.44,-1.51,-1.67,-1.62,-1.46,-1.10,-0.01,0.24,0.22,0.15,-0.13,-0.71,-1.54,-2.32,-2.28,-2.56,-2.57,-2.36,-2.55,-2.47,-2.45,-2.63,-2.66,-2.52,-2.46,-2.81,-2.66,-2.77,-3.08,-3.58,-4.01
-2.11,-2.47,-2.27,-2.28,-2.25,-2.30,-2.38,-2.11,-2.15,-2.30,-2.33,-2.25,-2.25,-2.32,-2.33,-2.13,-2.04,-1.97,-1.88,-1.92,-2.06,-1.81,-1.87,-1.77,-1.81,-1.76,-1.67,-1.79,-1.55,-1.67,-1.71,-1.72,-1.74,-1.57,-1.40,-1.16,-0.81,-0.44,-0.08,-0.08,0.17,0.38,0.18,0.34,0.18,-0.07,-0.18,-0.28,-0.39,-0.33,-0.31,-0.42,-0.27,-0.54,-0.66,-0.47,-0.56,-0.52,-0.61,-0.77,-0.68,-0.96,-1.26,-1.07,-1.02,-0.87,-1.02,-1.07,-1.05,-1.02,-0.90,-0.96,-0.97,-0.78,-0.85,-0.93,-0.86,-1.00,-0.96,-0.69,-1.12,-0.86,-0.91,-1.00,-0.76,-1.12,-1.00,-0.98,-1.15,-1.03,-0.97,-1.11,-1.15,-1.11,-1.22,-1.06,-1.01,-1.06,-1.02,-0.91,-0.88,-1.01,-1.10,-1.07,-0.96,-0.91,-1.00,-0.92,-0.88,-0.77,-1.10,-1.06,-0.85,-0.98,-0.88,-0.77,-0.83,-0.77,-0.71,-0.72,-0.68,-0.98,-0.93,-1.30,-1.39,-1.24,-1.11,-1.05,-1.06,-1.11,-1.17,-1.31,-1.50,-1.25,-1.10,-0.44,-0.08,0.07,-0.07,-0.39,-0.85,-1.77,-2.48,-2.55,-2.59,-2.55,-2.45,-2.33,-2.32,-2.43,-2.72,-2.68,-2.50,-2.52,-2.81,-2.57,-2.60,-2.79,-3.21,-3.71
-2.18,-2.34,-2.43,-2.45,-2.38,-2.39,-2.54,-2.15,-2.14,-2.16,-2.24,-2.30,-2.33,-2.38,-2.11,-2.18,-1.99,-1.82,-1.88,-2.05,-2.04,-1.76,-1.82,-1.85,-1.86,-1.76,-1.65,-1.83,-1.82,-1.77,-1.78,-1.83,-1.86,-1.74,-1.55,-1.41,-1.25,-0.91,-0.32,-0.16,0.13,0.22,0.20,0.48,0.28,-0.14,-0.33,-0.32,-0.32,-0.26,-0.18,-0.41,-0.29,-0.56,-0.57,-0.59,-0.71,-0.72,-0.78,-0.71,-0.80,-0.93,-1.11,-0.90,-1.03,-0.85,-0.85,-0.91,-0.97,-0.92,-0.90,-0.87,-0.81,-0.82,-0.78,-0.88,-0.95,-1.21,-0.92,-0.61,-0.81,-0.75,-0.87,-0.86,-1.03,-0.90,-0.63,-0.76,-0.95,-0.90,-1.20,-1.10,-1.16,-1.06,-1.05,-0.98,-0.82,-0.98,-1.07,-0.83,-0.81,-1.02,-1.10,-1.02,-0.88,-0.83,-0.97,-0.83,-0.91,-0.81,-1.05,-1.12,-1.02,-0.97,-0.76,-0.71,-0.88,-0.93,-0.86,-0.71,-0.62,-0.77,-0.78,-0.68,-1.10,-0.91,-0.85,-0.83,-0.87,-0.96,-0.98,-1.02,-1.15,-0.87,-1.01,-0.75,-0.46,-0.28,-0.28,-0.41,-0.77,-1.67,-2.64,-2.78,-2.50,-2.42,-2.39,-2.22,-2.41,-2.37,-2.77,-2.61,-2.39,-2.48,-2.52,-2.59,-2.57,-2.66,-3.17,-3.87
-2.22,-2.52,-2.32,-2.29,-2.32,-2.36,-2.47,-2.25,-2.20,-2.14,-2.19,-2.29,-2.27,-2.27,-2.07,-2.28,-2.18,-2.06,-2.20,-2.02,-2.15,-1.72,-1.83,-1.96,-1.99,-1.79,-1.62,-2.00,-1.90,-1.69,-1.68,-1.65,-1.71,-1.74,-1.68,-1.68,-1.60,-1.11,-0.51,-0.12,-0.13,0.07,0.23,0.33,0.19,-0.07,-0.28,-0.39,-0.37,-0.28,-0.22,-0.42,-0.21,-0.53,-0.48,-0.57,-0.68,-0.48,-0.72,-0.67,-0.56,-0.85,-0.96,-1.01,-1.03,-0.88,-0.96,-1.10,-1.01,-0.82,-0.71,-0.73,-0.81,-0.83,-0.78,-0.78,-0.85,-0.82,-0.72,-0.77,-0.87,-0.80,-0.57,-0.80,-0.66,-0.96,-0.97,-0.95,-1.02,-0.93,-0.95,-0.88,-1.22,-1.10,-1.01,-1.02,-0.91,-1.06,-1.05,-0.88,-1.00,-1.11,-1.00,-0.88,-0.92,-0.92,-0.88,-0.91,-0.88,-0.97,-0.98,-1.06,-0.97,-0.92,-0.80,-0.75,-0.83,-0.96,-0.86,-0.67,-0.68,-0.78,-0.95,-0.75,-1.20,-0.93,-0.83,-0.86,-0.87,-0.91,-0.82,-0.69,-0.78,-0.77,-0.98,-0.78,-0.64,-0.61,-0.56,-0.47,-0.77,-1.92,-2.57,-2.45,-2.34,-2.42,-2.43,-2.36,-2.52,-2.47,-2.64,-2.42,-2.41,-2.57,-2.43,-2.65,-2.50,-2.69,-3.39,-4.16
-2.15,-2.57,-2.25,-2.18,-2.27,-2.30,-2.38,-2.29,-2.22,-2.20,-2.30,-2.41,-2.25,-2.28,-2.10,-2.25,-2.22,-2.10,-2.23,-1.93,-2.07,-1.79,-1.73,-1.95,-1.97,-1.78,-1.74,-1.88,-1.90,-1.74,-1.62,-1.62,-1.62,-1.79,-1.87,-1.83,-1.67,-0.83,-0.27,0.06,-0.03,0.14,0.14,0.06,0.09,-0.07,-0.32,-0.43,-0.42,-0.29,-0.26,-0.52,-0.44,-0.28,-0.63,-0.58,-0.53,-0.66,-0.77,-0.80,-0.87,-0.86,-1.03,-0.90,-0.86,-0.66,-0.73,-0.88,-0.77,-0.81,-0.95,-0.85,-0.75,-0.67,-0.53,-0.67,-0.72,-0.78,-0.80,-0.82,-0.68,-0.82,-0.59,-0.73,-0.59,-0.68,-0.59,-1.02,-0.90,-0.72,-1.00,-0.93,-0.98,-1.01,-0.91,-0.93,-0.93,-1.11,-0.96,-0.90,-1.00,-0.98,-0.97,-0.97,-0.93,-0.86,-0.80,-0.93,-0.85,-1.00,-0.92,-1.00,-0.90,-1.02,-0.95,-0.96,-0.96,-0.90,-0.83,-0.75,-0.69,-0.78,-0.69,-0.80,-1.12,-0.85,-0.86,-0.75,-0.73,-0.77,-0.64,-0.59,-0.76,-0.85,-1.03,-0.88,-0.88,-0.81,-0.67,-0.54,-0.86,-1.72,-2.41,-2.33,-2.25,-2.32,-2.34,-2.33,-2.54,-1.93,-2.55,-2.47,-2.48,-2.59,-2.43,-2.48,-2.36,-2.70,-3.41,-4.12
-2.11,-2.33,-2.19,-2.18,-2.27,-2.27,-2.36,-2.25,-2.15,-2.18,-2.30,-2.36,-2.34,-2.20,-2.16,-2.45,-2.47,-2.13,-1.97,-1.93,-2.14,-1.76,-1.64,-1.77,-1.82,-1.71,-1.68,-1.99,-1.91,-1.99,-1.73,-1.64,-1.65,-1.81,-1.92,-1.83,-1.59,-0.73,-0.01,0.24,0.25,0.30,0.14,0.08,0.15,-0.03,-0.32,-0.38,-0.46,-0.51,-0.31,-0.42,-0.33,-0.51,-0.68,-0.66,-0.39,-0.54,-0.86,-0.72,-0.88,-0.85,-0.93,-0.77,-0.83,-0.80,-0.87,-0.93,-0.82,-0.86,-0.92,-0.80,-0.68,-0.64,-0.57,-0.44,-0.46,-0.49,-0.63,-0.80,-0.71,-0.73,-0.68,-0.68,-0.69,-0.82,-0.91,-0.88,-0.71,-0.98,-0.98,-1.00,-1.01,-1.15,-0.83,-0.77,-0.76,-0.92,-0.90,-0.88,-1.03,-1.06,-0.98,-0.98,-0.92,-0.75,-0.73,-0.92,-0.81,-0.90,-0.95,-1.11,-0.92,-1.02,-1.01,-1.00,-0.90,-0.82,-0.87,-0.83,-0.81,-0.81,-0.54,-0.78,-1.00,-1.20,-0.67,-0.46,-0.67,-0.77,-0.73,-0.66,-0.61,-0.63,-0.90,-0.92,-1.06,-0.86,-0.71,-0.61,-0.85,-1.55,-2.18,-2.46,-2.33,-2.48,-2.39,-2.19,-2.38,-2.33,-2.43,-2.45,-2.46,-2.46,-2.41,-2.60,-2.51,-2.61,-3.09,-3.66
-2.24,-2.37,-2.24,-2.22,-2.28,-2.30,-2.36,-2.20,-2.20,-2.18,-2.20,-2.38,-2.38,-2.14,-2.30,-2.39,-2.23,-1.97,-2.06,-1.79,-1.93,-1.83,-1.81,-1.85,-1.85,-1.76,-1.65,-2.01,-1.95,-1.85,-1.76,-1.55,-1.65,-1.79,-1.79,-1.78,-1.58,-1.15,-0.04,0.43,0.39,0.43,0.37,0.30,0.20,0.03,-0.18,-0.32,-0.38,-0.29,-0.23,-0.39,-0.11,-0.67,-0.61,-0.39,-0.56,-0.44,-0.69,-0.69,-0.91,-0.88,-0.93,-0.82,-0.87,-0.78,-0.77,-0.77,-0.78,-0.83,-0.73,-0.61,-0.57,-0.57,-0.56,-0.54,-0.56,-0.57,-0.73,-0.69,-0.63,-0.83,-0.82,-0.61,-0.64,-1.16,-0.86,-0.86,-0.92,-1.01,-0.85,-1.03,-1.01,-1.01,-0.85,-0.77,-0.87,-0.97,-1.02,-0.93,-1.03,-1.11,-0.95,-0.92,-0.91,-0.78,-0.88,-0.97,-0.83,-0.93,-0.93,-1.14,-0.90,-0.96,-0.78,-0.81,-0.81,-0.72,-0.71,-0.76,-0.80,-0.72,-0.56,-0.62,-0.76,-0.98,-0.75,-0.53,-0.43,-0.75,-0.77,-0.63,-0.66,-0.68,-0.85,-0.68,-0.81,-0.88,-0.92,-0.71,-0.86,-1.51,-2.10,-2.64,-2.46,-2.47,-2.38,-2.25,-2.19,-2.18,-2.66,-2.70,-2.70,-2.70,-2.64,-2.65,-2.79,-2.65,-2.78,-3.19
-2.25,-2.48,-2.39,-2.25,-2.30,-2.37,-2.45,-2.27,-2.16,-2.18,-2.20,-2.18,-2.37,-2.37,-2.34,-2.46,-2.32,-1.87,-2.23,-1.93,-1.93,-1.87,-1.88,-2.05,-2.10,-1.90,-1.77,-1.99,-1.99,-1.73,-1.69,-1.58,-1.62,-1.76,-1.73,-1.73,-1.67,-1.41,-0.33,0.12,0.56,0.43,0.40,0.39,0.15,-0.02,-0.11,-0.22,-0.23,-0.28,-0.07,-0.43,-0.36,-0.64,-0.47,-0.32,-0.42,-0.62,-0.97,-0.87,-0.91,-0.95,-0.97,-0.75,-0.83,-0.82,-0.81,-0.71,-0.66,-0.80,-0.78,-0.68,-0.54,-0.56,-0.52,-0.51,-0.67,-0.76,-0.68,-0.81,-0.75,-0.80,-0.92,-0.62,-0.46,-0.77,-0.86,-0.76,-0.86,-0.86,-1.01,-0.91,-0.98,-0.88,-0.78,-0.90,-0.92,-1.03,-1.06,-0.93,-0.88,-0.92,-0.93,-0.85,-0.78,-0.82,-0.87,-0.91,-0.82,-0.87,-0.91,-1.05,-0.82,-0.98,-0.58,-0.57,-0.77,-0.67,-0.64,-0.61,-0.57,-0.58,-0.52,-0.64,-0.53,-0.68,-0.34,-0.29,-0.34,-0.51,-0.56,-0.46,-0.42,-0.48,-0.39,-0.59,-0.68,-0.92,-0.98,-0.83,-0.88,-1.41,-2.20,-2.73,-2.42,-2.52,-2.42,-2.29,-2.41,-2.33,-2.41,-2.69,-2.68,-2.61,-2.66,-2.51,-2.50,-2.56,-2.82,-3.23
-2.13,-2.18,-2.25,-2.24,-2.19,-2.07,-2.29,-2.39,-2.39,-2.36,-2.37,-2.20,-2.18,-2.23,-2.25,-2.29,-2.25,-2.06,-2.10,-2.19,-2.15,-2.00,-2.02,-2.13,-2.10,-1.99,-1.90,-2.07,-2.04,-1.95,-1.76,-1.77,-1.74,-1.65,-1.67,-1.72,-1.76,-1.71,-0.47,0.44,0.24,0.33,0.33,0.39,0.34,-0.01,-0.21,-0.14,-0.34,-0.41,-0.16,-0.41,-0.17,-0.47,-0.47,-0.54,-0.52,-0.44,-0.68,-0.56,-0.63,-0.80,-0.81,-0.61,-0.68,-0.66,-0.67,-0.73,-0.78,-0.83,-0.69,-0.62,-0.59,-0.52,-0.46,-0.62,-0.59,-0.61,-0.61,-0.57,-0.61,-0.68,-0.85,-0.72,-0.49,-0.76,-0.67,-0.73,-0.72,-0.80,-1.03,-0.77,-0.85,-0.85,-0.93,-0.77,-0.83,-0.93,-0.81,-0.71,-0.86,-0.91,-0.85,-0.73,-0.66,-0.72,-0.80,-0.83,-0.68,-0.72,-0.78,-0.98,-0.80,-0.91,-0.61,-0.46,-0.75,-0.77,-0.72,-0.53,-0.43,-0.52,-0.52,-0.64,-0.54,-0.67,-0.34,-0.49,-0.53,-0.41,-0.42,-0.49,-0.46,-0.47,-0.72,-0.93,-0.72,-0.75,-0.90,-0.82,-0.82,-1.30,-2.18,-2.56,-2.27,-2.50,-2.39,-2.36,-2.51,-2.47,-2.56,-2.57,-2.69,-2.81,-2.75,-2.61,-2.52,-2.63,-2.91,-3.03
-1.92,-2.05,-2.22,-2.27,-2.22,-1.96,-2.25,-2.27,-2.16,-2.13,-2.14,-2.15,-2.19,-2.30,-2.22,-2.06,-1.99,-1.97,-2.01,-2.07,-2.07,-2.01,-2.07,-2.10,-1.93,-2.02,-2.04,-2.06,-1.99,-1.91,-1.79,-1.79,-1.76,-1.77,-1.93,-1.90,-2.05,-1.91,-0.83,0.08,0.29,0.49,0.59,0.67,0.33,-0.09,-0.21,-0.41,-0.36,-0.43,-0.19,-0.43,-0.32,-0.57,-0.46,-0.63,-0.68,-0.53,-0.73,-0.67,-0.73,-0.83,-0.73,-0.54,-0.64,-0.72,-0.72,-0.78,-0.86,-0.90,-0.78,-0.69,-0.71,-0.66,-0.46,-0.66,-0.57,-0.58,-0.58,-0.61,-0.61,-0.82,-0.95,-0.71,-0.54,-0.77,-0.69,-0.54,-0.81,-0.93,-0.95,-1.14,-1.05,-0.95,-0.95,-0.90,-0.91,-1.06,-0.93,-0.75,-0.85,-1.00,-1.00,-0.96,-0.98,-1.00,-0.97,-0.91,-0.81,-0.90,-0.64,-0.92,-0.92,-0.83,-0.72,-0.61,-0.81,-0.81,-0.75,-0.51,-0.39,-0.49,-0.58,-0.53,-0.49,-0.52,-0.52,-0.51,-0.42,-0.48,-0.47,-0.43,-0.49,-0.62,-0.82,-0.83,-0.69,-0.69,-0.66,-0.85,-1.00,-1.30,-1.92,-2.20,-2.18,-2.34,-2.36,-2.41,-2.48,-2.33,-2.51,-2.46,-2.68,-2.68,-2.59,-2.69,-2.61,-2.79,-2.84,-2.65
-1.64,-1.71,-1.86,-1.91,-1.93,-2.00,-2.01,-2.15,-2.20,-2.07,-1.93,-1.91,-1.99,-2.15,-2.06,-1.88,-1.82,-1.81,-1.82,-1.74,-1.68,-1.81,-1.91,-1.93,-1.90,-1.99,-2.07,-1.99,-1.83,-1.82,-1.64,-1.64,-1.76,-1.65,-1.68,-1.82,-1.69,-1.99,-1.15,-0.11,0.37,0.55,0.60,0.61,0.25,-0.18,-0.32,-0.62,-0.33,-0.53,-0.21,-0.36,-0.16,-0.54,-0.48,-0.69,-0.69,-0.64,-0.83,-0.75,-0.76,-0.90,-0.82,-0.63,-0.64,-0.68,-0.76,-0.80,-0.76,-0.75,-0.69,-0.76,-0.67,-0.63,-0.64,-0.72,-0.51,-0.63,-0.57,-0.69,-0.73,-0.78,-0.73,-0.58,-0.62,-0.67,-0.92,-0.57,-1.06,-0.93,-0.93,-1.02,-1.08,-0.92,-1.01,-0.96,-1.22,-1.20,-0.96,-0.90,-0.92,-0.90,-0.83,-0.90,-0.97,-0.91,-0.88,-0.87,-0.85,-0.98,-1.01,-0.98,-0.86,-0.77,-0.83,-0.72,-0.75,-0.78,-0.68,-0.46,-0.29,-0.37,-0.48,-0.46,-0.51,-0.44,-0.42,-0.34,-0.34,-0.38,-0.42,-0.44,-0.44,-0.44,-0.58,-0.76,-0.58,-0.80,-0.56,-0.62,-0.78,-1.26,-1.97,-2.07,-2.15,-2.39,-2.36,-2.41,-2.42,-2.24,-2.46,-2.54,-2.48,-2.47,-2.60,-2.74,-2.69,-2.77,-2.63,-2.43
-1.68,-1.62,-1.68,-1.72,-1.39,-1.83,-1.69,-1.58,-1.63,-1.77,-1.79,-1.57,-1.67,-1.85,-1.82,-1.67,-1.58,-1.62,-1.57,-1.53,-1.53,-1.62,-1.68,-1.65,-1.73,-1.76,-1.92,-1.85,-1.50,-1.57,-1.44,-1.50,-1.76,-1.64,-1.62,-1.57,-1.86,-1.90,-1.22,-0.04,0.37,0.69,0.70,0.72,0.50,-0.01,-0.21,-0.48,-0.39,-0.31,-0.32,-0.41,-0.46,-0.59,-0.68,-0.68,-0.66,-0.66,-0.83,-0.81,-0.73,-0.85,-0.85,-0.78,-0.80,-0.67,-0.73,-0.80,-0.68,-0.59,-0.57,-0.68,-0.63,-0.64,-0.68,-0.69,-0.58,-0.77,-0.68,-0.63,-0.73,-0.76,-0.69,-0.64,-0.66,-0.62,-0.86,-0.78,-1.02,-0.83,-0.92,-1.10,-1.10,-1.10,-1.16,-0.92,-0.92,-1.16,-0.92,-0.73,-0.78,-0.88,-1.01,-0.98,-0.92,-1.02,-0.97,-0.72,-0.83,-1.02,-0.97,-1.08,-0.91,-0.62,-0.71,-0.77,-0.80,-0.91,-0.62,-0.34,-0.19,-0.26,-0.41,-0.38,-0.51,-0.44,-0.33,-0.21,-0.33,-0.42,-0.46,-0.48,-0.47,-0.53,-0.67,-0.69,-0.54,-0.91,-0.54,-0.57,-0.82,-1.36,-2.04,-2.33,-2.18,-2.29,-2.20,-2.27,-2.39,-2.39,-2.51,-2.34,-2.32,-2.36,-2.48,-2.64,-2.52,-2.51,-2.64,-2.52
-1.46,-1.31,-1.36,-1.45,-1.24,-1.65,-1.74,-1.51,-1.27,-1.32,-1.53,-1.38,-1.34,-1.46,-1.49,-1.39,-1.32,-1.36,-1.40,-1.38,-1.50,-1.50,-1.45,-1.55,-1.58,-1.53,-1.65,-1.58,-1.32,-1.26,-1.27,-1.48,-1.73,-1.68,-1.62,-1.51,-1.65,-1.64,-1.29,-0.26,0.28,0.58,0.54,0.59,0.56,0.22,-0.08,-0.44,-0.16,-0.26,-0.33,-0.42,-0.41,-0.54,-0.52,-0.51,-0.53,-0.59,-0.68,-0.77,-0.77,-0.86,-0.91,-0.80,-0.78,-0.77,-0.76,-0.78,-0.72,-0.67,-0.61,-0.72,-0.67,-0.71,-0.62,-0.72,-0.63,-0.82,-0.75,-0.68,-0.71,-0.72,-0.69,-0.59,-0.58,-0.68,-0.71,-0.72,-0.92,-0.77,-0.97,-1.14,-1.07,-1.07,-1.24,-0.95,-0.97,-1.07,-0.77,-0.73,-0.81,-0.76,-0.66,-0.67,-0.69,-0.78,-0.88,-0.82,-0.93,-0.72,-0.78,-0.97,-0.80,-0.72,-0.73,-0.72,-0.69,-0.85,-0.58,-0.38,-0.21,-0.34,-0.53,-0.29,-0.36,-0.36,-0.42,-0.33,-0.41,-0.56,-0.48,-0.39,-0.41,-0.53,-0.73,-0.71,-0.62,-0.71,-0.53,-0.59,-0.75,-1.17,-1.85,-2.38,-2.13,-2.22,-2.18,-2.29,-2.39,-2.33,-2.47,-2.10,-2.36,-2.33,-2.37,-2.51,-2.37,-2.52,-2.45,-2.37
-1.02,-0.90,-0.92,-1.12,-1.05,-1.22,-1.34,-1.32,-1.22,-1.20,-1.35,-1.22,-1.07,-1.12,-1.19,-1.14,-1.17,-1.12,-1.17,-1.10,-1.08,-1.07,-1.06,-1.20,-1.08,-1.02,-1.19,-1.32,-1.07,-1.08,-1.02,-0.92,-1.11,-1.21,-1.24,-1.34,-1.27,-1.22,-1.03,-0.54,-0.26,0.22,0.51,0.56,0.55,0.29,-0.03,-0.13,-0.09,-0.29,-0.14,-0.49,-0.24,-0.42,-0.41,-0.38,-0.47,-0.58,-0.63,-0.77,-0.95,-0.96,-0.95,-0.91,-0.87,-0.88,-0.87,-0.83,-0.78,-0.73,-0.73,-0.82,-0.67,-0.73,-0.61,-0.86,-0.68,-0.86,-0.73,-0.64,-0.71,-0.66,-0.62,-0.56,-0.46,-0.75,-0.81,-0.67,-0.87,-0.85,-1.03,-1.15,-0.95,-0.90,-1.14,-1.02,-1.15,-1.05,-0.68,-0.69,-0.83,-0.85,-0.78,-0.83,-0.78,-0.59,-0.63,-0.69,-0.66,-0.78,-0.90,-1.11,-0.76,-1.10,-0.76,-0.83,-0.81,-0.85,-0.67,-0.52,-0.34,-0.39,-0.49,-0.36,-0.44,-0.47,-0.53,-0.56,-0.56,-0.59,-0.58,-0.51,-0.48,-0.59,-0.72,-0.82,-0.59,-0.76,-0.57,-0.53,-0.62,-1.17,-2.01,-2.47,-2.32,-2.33,-2.23,-2.41,-2.36,-2.20,-2.56,-2.42,-2.39,-2.37,-2.37,-2.39,-2.42,-2.60,-2.32,-2.28
-0.87,-0.78,-0.78,-0.86,-0.90,-0.83,-0.81,-0.90,-1.02,-1.08,-1.14,-1.01,-0.91,-0.92,-0.98,-0.97,-0.90,-0.73,-0.86,-0.81,-0.90,-0.90,-0.77,-0.85,-0.87,-0.90,-0.81,-1.00,-0.95,-0.95,-1.02,-0.98,-1.05,-1.38,-1.38,-1.07,-1.35,-1.05,-0.97,-0.68,-0.33,-0.02,0.33,0.64,0.51,0.06,-0.01,-0.19,-0.07,-0.46,-0.09,-0.57,-0.36,-0.33,-0.46,-0.43,-0.56,-0.72,-0.81,-0.87,-0.96,-0.98,-1.06,-0.92,-0.85,-0.86,-0.91,-0.98,-0.92,-0.91,-0.87,-0.95,-0.77,-0.71,-0.64,-0.87,-0.77,-0.82,-0.72,-0.59,-0.56,-0.67,-0.62,-0.68,-0.42,-0.75,-0.88,-0.66,-0.93,-0.88,-1.02,-1.17,-1.03,-0.98,-1.06,-1.08,-1.16,-1.06,-0.71,-0.59,-0.77,-0.78,-0.76,-0.82,-0.97,-1.02,-0.88,-0.86,-0.78,-0.77,-0.93,-0.96,-0.93,-1.02,-0.83,-0.88,-0.88,-1.08,-0.97,-0.80,-0.63,-0.67,-0.69,-0.66,-0.77,-0.58,-0.62,-0.58,-0.66,-0.56,-0.73,-0.62,-0.54,-0.64,-0.80,-0.87,-0.61,-0.73,-0.59,-0.42,-0.52,-1.16,-1.85,-2.11,-2.33,-2.29,-2.28,-2.22,-2.14,-2.23,-2.45,-2.27,-2.38,-2.37,-2.25,-2.25,-2.41,-2.33,-2.30,-2.30
-0.71,-0.62,-0.71,-0.72,-0.64,-0.51,-0.49,-0.53,-0.59,-0.69,-0.77,-0.75,-0.75,-0.73,-0.73,-0.75,-0.78,-0.57,-0.64,-0.46,-0.58,-0.86,-0.82,-0.67,-0.57,-0.57,-0.46,-0.76,-0.87,-0.81,-0.57,-0.43,-0.63,-0.80,-0.90,-0.78,-1.00,-0.92,-0.62,-0.63,-0.32,-0.01,0.33,0.56,0.33,-0.02,-0.13,-0.37,-0.18,-0.39,-0.18,-0.49,-0.44,-0.42,-0.59,-0.54,-0.54,-0.76,-0.95,-0.97,-0.85,-0.93,-1.15,-0.95,-0.81,-0.81,-0.81,-0.98,-0.95,-1.00,-0.93,-0.96,-0.90,-0.78,-0.73,-0.87,-0.80,-0.71,-0.67,-0.63,-0.62,-0.63,-0.69,-0.56,-0.59,-0.90,-0.85,-0.67,-0.98,-0.91,-1.05,-1.06,-1.03,-1.01,-1.07,-1.07,-1.15,-1.11,-0.81,-0.64,-0.78,-0.83,-0.83,-0.82,-0.87,-0.92,-0.82,-0.76,-0.88,-1.00,-0.85,-1.07,-1.16,-1.08,-0.91,-0.75,-0.95,-0.87,-0.77,-0.58,-0.63,-0.68,-0.63,-0.69,-0.68,-0.36,-0.48,-0.62,-0.64,-0.64,-0.69,-0.66,-0.61,-0.69,-0.88,-0.90,-0.81,-1.02,-0.52,-0.28,-0.38,-0.88,-1.60,-2.13,-1.81,-1.86,-1.97,-2.04,-2.06,-2.15,-2.32,-2.34,-2.45,-2.18,-2.05,-2.14,-2.16,-2.02,-2.27,-2.33
-0.56,-0.47,-0.63,-0.81,-0.49,-0.39,-0.47,-0.44,-0.36,-0.43,-0.58,-0.51,-0.48,-0.51,-0.52,-0.49,-0.52,-0.42,-0.58,-0.51,-0.48,-0.61,-0.49,-0.39,-0.42,-0.52,-0.33,-0.68,-0.63,-0.54,-0.59,-0.46,-0.38,-0.36,-0.51,-0.52,-0.38,-0.52,-0.16,-0.23,-0.08,0.25,0.50,0.65,0.43,0.10,-0.06,-0.24,-0.31,-0.23,-0.29,-0.44,-0.31,-0.39,-0.51,-0.54,-0.54,-0.71,-0.86,-0.91,-0.82,-0.96,-1.11,-0.97,-0.92,-0.92,-0.78,-0.83,-0.85,-0.82,-0.87,-0.95,-0.91,-0.87,-0.78,-0.85,-0.73,-0.62,-0.66,-0.61,-0.75,-0.66,-0.72,-0.51,-0.59,-1.01,-0.71,-0.80,-0.91,-0.91,-1.06,-0.98,-0.93,-0.93,-1.00,-1.07,-0.98,-1.05,-0.81,-0.71,-0.75,-0.68,-0.85,-0.92,-0.92,-0.83,-0.75,-0.82,-0.73,-0.90,-0.88,-0.91,-0.90,-0.77,-0.81,-0.72,-1.02,-1.08,-0.86,-0.80,-0.63,-0.59,-0.58,-0.51,-0.56,-0.43,-0.43,-0.66,-0.48,-0.73,-0.66,-0.81,-0.77,-0.76,-0.93,-0.98,-0.96,-1.07,-0.28,-0.16,-0.13,-0.67,-1.43,-1.79,-1.85,-2.15,-2.09,-1.96,-1.97,-2.16,-2.32,-1.62,-2.19,-2.20,-2.24,-2.23,-2.02,-2.28,-2.15,-2.25
-0.46,-0.46,-0.58,-0.76,-0.59,-0.49,-0.53,-0.56,-0.52,-0.52,-0.58,-0.52,-0.41,-0.34,-0.34,-0.38,-0.67,-0.47,-0.51,-0.41,-0.36,-0.42,-0.34,-0.19,0.06,-0.57,-0.53,-0.56,-0.41,-0.32,-0.38,-0.37,-0.23,-0.16,-0.23,-0.59,-0.24,-0.31,0.08,0.24,0.43,0.56,0.69,0.81,0.54,0.13,0.01,-0.22,-0.36,-0.34,-0.36,-0.52,-0.38,-0.37,-0.36,-0.57,-0.57,-0.58,-0.67,-0.80,-0.83,-1.02,-1.03,-0.82,-0.86,-0.96,-0.87,-0.87,-0.83,-0.78,-0.87,-0.88,-0.90,-0.85,-0.76,-0.69,-0.72,-0.64,-0.69,-0.78,-0.73,-0.82,-0.77,-0.66,-0.59,-0.90,-0.67,-0.83,-0.88,-0.95,-1.05,-1.00,-0.97,-0.91,-0.96,-1.02,-1.00,-1.05,-0.75,-0.76,-0.76,-0.64,-0.83,-0.93,-0.93,-0.86,-0.72,-0.68,-0.71,-0.88,-0.97,-1.05,-0.97,-0.88,-0.85,-0.78,-1.11,-1.02,-0.96,-0.93,-0.88,-0.82,-0.80,-0.81,-0.82,-0.75,-0.75,-0.71,-0.64,-0.78,-0.86,-0.93,-0.85,-0.83,-0.95,-0.96,-0.93,-0.87,-0.27,-0.17,-0.18,-0.44,-0.81,-1.26,-1.85,-2.00,-2.14,-2.00,-1.93,-2.06,-2.16,-1.88,-2.06,-1.76,-1.90,-2.01,-1.85,-2.07,-1.64,-2.04
-0.38,-0.46,-0.53,-0.46,-0.61,-0.51,-0.42,-0.44,-0.47,-0.16,-0.53,-0.53,-0.47,-0.31,-0.18,-0.42,-0.47,-0.13,-0.17,-0.29,-0.38,-0.41,-0.33,-0.38,-0.08,-0.14,-0.29,-0.39,-0.32,-0.19,-0.14,-0.02,0.19,0.27,0.10,-0.03,-0.03,-0.13,0.29,0.59,0.72,0.71,0.67,0.76,0.55,0.27,0.04,-0.18,-0.23,-0.37,-0.31,-0.41,-0.41,-0.47,-0.41,-0.56,-0.49,-0.47,-0.54,-0.72,-0.83,-0.97,-1.02,-0.90,-0.85,-0.90,-0.86,-0.87,-0.95,-0.86,-0.73,-0.76,-0.73,-0.75,-0.72,-0.72,-0.71,-0.77,-0.71,-0.86,-0.76,-0.81,-0.85,-0.68,-0.81,-0.73,-0.82,-0.78,-0.92,-1.10,-1.15,-0.90,-0.91,-0.90,-1.03,-1.10,-1.14,-1.11,-0.75,-0.77,-0.73,-0.71,-0.83,-0.93,-1.06,-1.11,-1.01,-0.87,-0.83,-1.00,-1.16,-1.20,-1.14,-1.03,-0.86,-1.01,-1.03,-0.95,-0.83,-0.97,-0.82,-0.64,-0.73,-0.81,-0.80,-0.86,-0.72,-0.71,-0.86,-0.72,-0.90,-0.97,-0.91,-0.95,-1.00,-0.92,-1.05,-0.90,-0.48,-0.21,-0.33,-0.44,-0.49,-0.77,-1.54,-1.86,-2.02,-1.93,-1.92,-2.02,-2.10,-2.01,-1.97,-1.86,-1.93,-2.13,-2.22,-1.79,-2.00,-2.02
-0.41,-0.39,-0.69,-0.69,-0.62,-0.66,-0.62,-0.51,-0.53,-0.41,-0.82,-0.67,-0.47,-0.43,-0.51,-0.54,-0.53,-0.36,-0.16,-0.07,-0.26,-0.49,-0.26,-0.26,-0.31,-0.23,-0.28,-0.36,-0.29,-0.23,-0.18,0.01,0.23,0.22,0.12,0.20,0.12,0.13,0.54,0.72,0.77,0.74,0.69,0.77,0.60,0.43,0.19,-0.08,-0.08,-0.17,-0.14,-0.23,-0.19,-0.37,-0.36,-0.44,-0.56,-0.62,-0.62,-0.63,-0.72,-0.83,-0.97,-1.00,-0.83,-0.72,-0.69,-0.83,-0.86,-0.80,-0.57,-0.77,-0.56,-0.58,-0.63,-0.71,-0.53,-0.68,-0.63,-0.62,-0.62,-0.63,-0.75,-0.71,-0.81,-0.47,-0.85,-0.85,-1.00,-1.12,-1.10,-0.95,-0.91,-0.91,-1.03,-1.06,-1.06,-1.10,-0.87,-0.85,-0.85,-0.81,-0.88,-1.03,-1.12,-1.14,-1.10,-0.96,-0.86,-0.95,-1.10,-1.05,-1.05,-1.06,-1.20,-0.90,-1.07,-1.02,-0.97,-0.81,-0.86,-0.95,-1.15,-1.19,-1.02,-1.02,-0.78,-0.87,-0.66,-0.98,-0.93,-1.11,-0.95,-1.06,-1.16,-1.01,-1.12,-0.95,-0.44,-0.11,-0.26,-0.44,-0.42,-0.54,-1.12,-1.30,-1.65,-1.68,-1.74,-1.81,-1.82,-1.73,-1.72,-1.67,-1.85,-1.85,-1.68,-1.74,-1.59,-1.76
-0.38,-0.41,-0.78,-0.43,-0.52,-0.58,-0.64,-0.66,-0.52,-0.46,-0.51,-0.48,-0.57,-0.67,-0.59,-0.59,-0.39,-0.46,-0.48,-0.37,-0.32,-0.47,-0.33,-0.36,-0.43,-0.27,-0.22,-0.29,-0.31,-0.27,-0.22,0.06,0.17,-0.06,-0.02,0.09,0.12,0.33,0.75,0.85,0.80,0.76,0.71,0.82,0.67,0.43,0.17,-0.11,-0.01,-0.06,-0.11,-0.18,-0.24,-0.29,-0.22,-0.49,-0.57,-0.56,-0.52,-0.58,-0.54,-0.49,-0.69,-0.64,-0.41,-0.46,-0.51,-0.56,-0.44,-0.52,-0.46,-0.61,-0.49,-0.51,-0.58,-0.62,-0.53,-0.64,-0.59,-0.59,-0.49,-0.58,-0.64,-0.52,-0.68,-0.46,-0.71,-0.93,-0.87,-0.91,-0.75,-1.08,-1.08,-1.02,-0.97,-0.90,-0.77,-0.88,-1.02,-0.92,-1.01,-0.86,-0.80,-0.82,-0.75,-0.78,-0.91,-0.95,-0.95,-0.91,-0.83,-0.72,-1.02,-1.06,-0.96,-0.72,-1.02,-0.97,-0.78,-0.63,-0.66,-0.67,-0.71,-0.82,-1.01,-1.06,-0.75,-0.59,-0.73,-0.92,-0.86,-0.72,-0.59,-0.90,-1.11,-0.92,-0.85,-0.83,-0.14,0.09,-0.11,-0.28,-0.28,-0.36,-0.68,-0.86,-1.15,-1.45,-1.51,-1.58,-1.68,-1.49,-1.39,-1.39,-1.53,-1.50,-1.49,-1.64,-1.83,-1.65
-0.63,-0.46,-0.69,-0.76,-0.62,-0.61,-0.71,-0.75,-0.62,-0.56,-0.67,-0.51,-0.51,-0.63,-0.56,-0.58,-0.38,-0.47,-0.44,-0.41,-0.41,-0.37,-0.28,-0.47,-0.52,-0.44,-0.27,-0.27,-0.29,-0.24,-0.19,0.13,0.22,-0.08,-0.22,0.02,0.04,0.32,0.81,1.00,0.88,0.75,0.69,0.76,0.75,0.46,0.15,0.13,0.37,0.19,0.14,-0.01,-0.13,-0.09,0.08,-0.07,0.01,-0.08,0.19,0.15,0.08,0.25,0.06,0.07,0.14,0.02,0.01,-0.07,-0.06,-0.02,-0.07,-0.17,-0.12,-0.14,-0.42,-0.41,-0.34,-0.27,-0.32,-0.22,-0.18,-0.54,-0.54,-0.27,-0.39,-0.52,-0.46,-0.73,-0.47,-0.82,-0.61,-0.78,-0.80,-1.03,-0.81,-0.71,-0.63,-0.76,-0.83,-0.72,-0.80,-0.81,-0.76,-0.69,-0.62,-0.64,-0.76,-0.88,-0.93,-0.91,-0.83,-0.73,-1.06,-0.97,-0.80,-0.78,-1.12,-1.16,-0.76,-0.61,-0.71,-0.72,-0.64,-0.82,-1.01,-0.80,-0.64,-0.73,-0.87,-1.07,-0.78,-0.82,-0.88,-1.10,-1.08,-0.88,-0.96,-0.91,-0.24,0.10,-0.06,-0.14,-0.12,-0.18,-0.47,-0.78,-0.81,-1.20,-1.31,-1.34,-1.38,-1.30,-1.20,-1.29,-1.32,-1.35,-1.35,-1.38,-1.50,-1.40
-0.52,-0.56,-0.82,-0.64,-0.73,-0.57,-0.52,-0.69,-0.66,-0.43,-0.63,-0.63,-0.64,-0.68,-0.56,-0.71,-0.51,-0.54,-0.54,-0.51,-0.48,-0.39,-0.34,-0.43,-0.57,-0.66,-0.44,-0.32,-0.28,-0.27,-0.38,-0.12,0.06,-0.11,-0.29,-0.03,-0.09,0.18,0.76,1.04,0.97,0.86,0.77,0.80,0.79,0.63,0.66,0.59,0.77,0.67,0.81,0.66,0.59,0.72,1.02,0.75,0.50,0.49,0.58,0.45,0.33,0.30,0.19,0.29,0.46,0.56,0.69,0.60,0.50,0.61,0.74,0.75,0.97,0.63,0.53,0.48,0.54,0.54,0.50,0.48,0.48,0.01,0.10,0.06,0.37,-0.04,-0.13,-0.11,0.02,-0.63,-0.49,-0.19,-0.19,-0.59,-0.52,-0.44,-0.61,-0.54,-0.27,-0.14,-0.34,-0.67,-0.59,-0.51,-0.62,-0.53,-0.42,-0.51,-0.66,-0.90,-0.90,-0.71,-1.01,-0.95,-0.77,-0.73,-0.92,-0.85,-0.80,-0.69,-0.62,-0.52,-0.47,-0.49,-0.53,-0.57,-0.47,-0.59,-0.68,-0.56,-0.69,-0.82,-0.96,-1.06,-1.00,-0.97,-1.12,-1.02,-0.46,-0.08,0.02,0.04,-0.04,-0.24,-0.47,-0.67,-0.62,-0.82,-0.98,-1.05,-0.98,-0.95,-0.95,-0.92,-1.01,-1.10,-1.15,-1.11,-1.15,-1.16
-0.80,-0.82,-0.80,-0.77,-0.86,-0.78,-0.73,-0.90,-0.82,-0.53,-0.56,-0.64,-0.71,-0.75,-0.78,-0.71,-0.56,-0.63,-0.63,-0.61,-0.64,-0.49,-0.44,-0.51,-0.67,-0.59,-0.38,-0.38,-0.44,-0.42,-0.54,-0.46,-0.07,-0.18,-0.24,-0.04,-0.22,0.03,0.65,0.97,0.91,0.92,0.92,0.86,0.74,0.79,0.98,1.07,1.06,1.35,1.44,1.34,1.25,1.52,1.36,0.96,0.74,0.77,0.70,0.54,0.59,0.71,0.65,0.63,0.75,0.76,0.82,0.87,0.85,0.95,1.29,1.79,1.83,1.61,1.73,1.62,1.57,1.69,1.47,1.71,1.64,1.51,1.19,1.33,1.31,0.98,0.84,0.82,0.90,0.48,0.54,0.55,0.58,0.25,0.24,0.24,0.19,0.25,0.46,0.43,0.13,-0.24,-0.13,-0.09,-0.27,-0.17,0.03,0.03,-0.01,-0.16,-0.36,-0.22,-0.39,-0.07,-0.13,-0.32,-0.57,-0.62,-0.44,-0.41,-0.39,-0.59,-0.69,-0.58,-0.56,-0.61,-0.41,-0.42,-0.37,-0.63,-0.90,-0.61,-0.67,-0.77,-0.78,-0.85,-0.97,-0.85,-0.49,0.04,0.03,-0.24,-0.38,-0.39,-0.41,-0.48,-0.51,-0.52,-0.64,-0.68,-0.64,-0.63,-0.69,-0.66,-0.66,-0.59,-0.61,-0.71,-0.61,-0.63
-0.96,-0.72,-0.91,-0.92,-0.95,-0.82,-0.78,-0.98,-0.87,-0.54,-0.56,-0.66,-0.71,-0.68,-0.81,-0.80,-0.68,-0.71,-0.72,-0.73,-0.78,-0.62,-0.62,-0.69,-0.78,-0.56,-0.34,-0.46,-0.62,-0.54,-0.52,-0.39,0.01,-0.07,-0.12,-0.16,-0.18,0.07,0.55,0.85,0.85,0.86,0.98,0.98,0.90,0.95,1.01,1.36,1.62,1.83,1.99,1.45,1.28,1.41,1.11,0.86,0.55,0.38,0.34,0.25,0.18,0.29,0.39,0.58,0.79,0.63,0.63,0.79,1.56,2.09,1.90,2.11,2.08,2.05,2.01,1.89,1.92,1.89,1.90,2.01,1.86,1.99,1.99,2.29,2.02,1.84,1.88,1.79,1.62,1.55,1.45,1.63,1.63,1.29,1.40,1.27,1.20,0.92,1.12,1.00,0.70,0.43,0.45,0.41,0.29,0.39,0.61,0.76,0.88,1.01,0.85,0.72,0.72,0.91,0.90,0.51,0.54,0.49,0.51,0.61,0.67,0.46,0.18,0.19,0.43,0.53,0.43,0.24,0.51,-0.06,-0.13,-0.09,-0.06,-0.28,-0.53,-0.52,-0.39,-0.49,-0.42,-0.21,-0.43,-0.47,-0.43,-0.33,-0.24,-0.39,-0.48,-0.32,-0.36,-0.43,-0.48,-0.44,-0.36,-0.47,-0.31,-0.09,-0.12,-0.28,-0.03,-0.01
-1.05,-0.82,-1.06,-1.07,-1.02,-0.91,-0.88,-1.03,-0.96,-0.83,-0.81,-0.81,-0.83,-0.90,-0.96,-1.17,-0.88,-0.72,-0.73,-0.81,-0.81,-0.86,-0.81,-0.93,-0.92,-0.72,-0.53,-0.64,-0.72,-0.57,-0.67,-0.29,-0.17,0.04,-0.01,-0.19,-0.09,0.24,0.74,1.01,0.84,0.70,0.90,0.88,0.91,1.11,1.17,1.64,1.68,1.88,1.83,1.23,0.98,0.97,0.67,0.43,0.28,0.20,0.18,0.04,-0.21,-0.33,-0.26,0.01,0.48,0.48,0.33,0.61,1.46,1.97,1.61,1.78,1.63,1.66,1.79,1.53,1.71,1.47,1.73,1.91,1.86,1.79,1.83,2.05,1.90,1.69,1.56,1.68,1.53,1.78,1.62,1.79,1.66,1.30,1.38,1.25,1.14,0.86,1.34,1.57,1.18,0.81,0.81,0.81,0.61,0.74,1.12,1.39,1.50,1.52,1.57,1.39,1.30,1.55,1.71,1.30,1.53,1.42,1.46,1.60,1.75,1.51,1.35,1.49,1.53,1.51,1.58,1.41,1.38,1.18,0.87,0.80,0.97,0.80,0.51,0.37,0.23,0.04,-0.03,0.14,0.24,0.29,0.17,0.02,-0.11,-0.28,-0.22,-0.03,-0.14,-0.34,-0.42,-0.31,0.02,-0.06,0.13,0.20,0.20,0.24,0.41,0.51
-1.05,-0.88,-1.20,-1.06,-1.11,-1.08,-1.06,-1.24,-1.06,-1.03,-1.03,-1.05,-1.05,-1.07,-1.20,-1.38,-1.00,-0.81,-0.90,-0.96,-0.78,-1.14,-1.00,-1.08,-1.08,-0.90,-0.72,-0.81,-0.91,-0.73,-0.83,-0.53,-0.13,0.08,0.02,-0.17,-0.18,0.06,0.66,1.07,0.96,0.88,0.95,0.95,0.91,0.93,1.02,1.24,1.52,1.72,1.66,1.07,0.61,0.70,0.58,0.20,0.04,-0.04,-0.12,-0.18,-0.28,-0.36,-0.69,-0.81,-0.18,0.08,0.01,0.28,1.01,1.62,1.39,1.34,1.22,1.34,1.41,1.24,1.45,1.29,1.47,1.83,1.51,1.47,1.44,1.50,1.49,1.30,1.24,1.62,1.62,1.73,1.47,1.78,1.56,1.09,1.19,1.15,0.85,0.65,1.12,1.41,1.14,0.71,0.61,0.72,0.64,0.77,1.11,1.40,1.57,1.35,1.36,1.33,1.41,1.80,2.07,1.73,1.82,1.75,1.75,2.07,2.28,2.24,2.11,2.14,2.13,1.99,2.00,2.03,2.02,2.00,2.08,2.00,1.92,1.64,1.50,1.38,1.12,1.03,0.74,0.66,0.60,0.54,0.30,-0.01,-0.19,-0.32,-0.21,-0.06,-0.07,-0.07,-0.11,-0.18,0.12,0.40,0.51,0.54,0.63,0.81,0.85,0.86
-1.14,-0.95,-1.19,-1.02,-1.15,-1.16,-1.03,-1.27,-1.07,-1.11,-1.14,-1.16,-1.12,-1.02,-1.11,-1.20,-1.06,-1.02,-1.16,-1.17,-0.85,-1.17,-1.07,-1.01,-1.10,-1.08,-0.85,-0.85,-1.01,-0.88,-0.90,-0.46,-0.01,0.02,0.04,-0.09,-0.21,0.04,0.53,0.90,1.00,0.95,1.03,1.14,1.04,1.02,0.96,1.04,1.29,1.51,1.56,0.91,0.46,0.44,0.53,0.34,0.07,-0.14,-0.39,-0.61,-0.73,-0.61,-0.67,-0.92,-0.73,-0.38,-0.52,0.02,0.93,1.36,1.27,1.13,1.25,1.31,1.33,1.11,1.38,1.27,1.31,1.24,1.17,1.14,1.30,1.24,1.40,1.18,1.15,1.46,1.29,1.39,1.23,1.40,1.20,0.86,1.08,1.07,0.63,0.44,0.71,0.84,0.84,0.65,0.64,0.72,0.61,0.69,0.86,1.06,1.30,1.18,1.11,1.09,1.40,1.60,1.63,1.64,1.61,1.56,1.57,1.82,1.99,2.19,1.97,1.84,1.89,1.83,1.89,1.91,2.07,2.20,1.89,1.90,1.92,1.64,1.67,1.66,1.28,1.29,1.39,1.35,0.87,0.75,0.37,0.09,0.03,-0.09,-0.02,0.01,-0.02,-0.09,0.03,0.34,0.22,0.91,0.80,0.84,1.01,1.11,1.18,0.86
-1.31,-1.08,-1.29,-1.11,-1.20,-1.27,-1.20,-1.31,-1.19,-1.21,-1.21,-1.16,-1.03,-0.92,-0.95,-0.98,-1.01,-1.03,-1.08,-1.11,-1.08,-1.20,-0.93,-1.08,-1.17,-1.17,-0.87,-0.86,-1.11,-0.87,-0.92,-0.49,-0.08,0.08,0.10,-0.06,0.02,0.20,0.66,1.07,1.06,1.07,0.98,1.09,1.07,1.20,0.90,0.98,1.17,1.45,1.55,1.04,0.48,0.24,0.43,0.39,0.03,-0.03,0.01,-0.37,-0.58,-0.42,-0.47,-0.63,-0.51,-0.31,-0.34,-0.03,0.79,1.23,1.01,0.93,1.07,1.35,1.45,1.28,1.39,1.29,1.13,1.36,1.19,1.38,1.15,1.29,1.28,0.93,0.88,0.86,1.00,1.03,0.80,1.03,0.93,0.66,0.75,0.72,0.54,0.41,0.60,0.63,0.76,0.69,0.80,0.75,0.41,0.39,0.61,0.86,1.11,1.08,1.01,1.00,1.01,1.04,0.97,1.13,1.13,1.08,1.27,1.20,1.25,1.51,1.38,1.34,1.47,1.45,1.44,1.49,1.64,1.86,1.50,1.53,1.52,1.35,1.27,1.20,1.09,0.97,0.66,0.72,0.66,0.39,0.25,0.14,0.01,-0.08,-0.07,-0.13,-0.09,-0.07,0.15,0.49,0.37,0.87,0.88,0.95,1.06,1.12,1.14,0.80
-1.40,-1.24,-1.54,-1.38,-1.36,-1.46,-1.46,-1.59,-1.44,-1.25,-1.20,-1.14,-0.98,-0.91,-0.92,-0.88,-0.92,-1.03,-1.15,-1.19,-1.25,-1.48,-1.32,-1.40,-1.43,-1.45,-1.21,-1.06,-1.24,-0.97,-0.75,-0.59,0.23,0.01,0.10,-0.03,-0.09,0.04,0.48,0.91,1.06,1.18,1.04,1.07,1.13,1.01,0.81,1.00,0.98,1.28,1.25,1.07,0.48,0.32,0.55,0.37,-0.03,-0.21,-0.23,-0.26,-0.29,-0.18,-0.34,-0.43,-0.03,-0.14,0.10,0.08,0.49,1.06,1.02,1.03,1.07,1.13,1.28,1.04,0.97,1.03,0.86,1.11,0.95,1.06,0.92,1.30,0.95,0.96,0.87,0.82,0.75,0.77,0.59,0.85,0.71,0.53,0.55,0.64,0.55,0.41,0.46,0.49,0.49,0.54,0.59,0.64,0.37,0.34,0.48,0.70,1.01,0.92,0.79,0.81,0.70,0.65,0.85,0.76,0.85,0.90,1.28,1.14,1.13,1.34,1.20,1.13,1.33,1.34,1.06,1.18,1.35,1.68,1.39,1.19,1.02,1.11,1.03,0.85,0.80,0.71,0.65,0.79,0.37,0.30,0.17,-0.12,-0.33,-0.24,0.07,-0.06,-0.16,-0.06,0.18,0.46,0.91,1.35,1.15,1.13,1.30,1.39,1.19,1.27
-1.31,-1.35,-1.55,-1.55,-1.49,-1.43,-1.40,-1.65,-1.48,-1.26,-1.17,-1.12,-1.01,-0.93,-0.93,-0.95,-1.10,-1.10,-1.16,-1.36,-1.17,-1.51,-1.36,-1.40,-1.43,-1.48,-1.35,-1.30,-1.39,-0.78,-0.54,-0.53,0.04,-0.02,0.23,0.01,-0.09,-0.09,0.24,0.76,0.87,0.86,0.84,1.00,1.00,0.91,0.88,1.01,1.14,1.11,1.38,1.20,0.74,0.58,0.61,0.45,0.03,-0.04,0.19,0.14,-0.07,-0.19,-0.16,-0.18,0.03,0.14,0.38,0.41,0.50,0.84,0.59,1.01,1.19,1.23,1.24,1.08,1.01,1.06,1.02,1.33,1.14,1.07,1.18,1.27,1.11,1.04,1.04,0.98,0.76,0.86,0.60,0.84,0.74,0.74,0.74,0.60,0.59,0.60,0.59,0.54,0.38,0.35,0.44,0.43,0.29,0.37,0.48,0.60,0.85,0.79,0.64,0.70,0.77,0.71,0.93,0.85,1.09,1.00,1.36,1.25,1.25,1.38,1.35,1.23,1.36,1.57,1.40,1.47,1.49,1.63,1.46,1.40,1.22,1.24,1.13,1.01,1.01,0.88,0.81,1.03,0.97,0.56,0.19,-0.02,-0.08,-0.04,0.13,0.07,-0.08,0.18,0.50,0.56,0.64,1.08,1.00,1.22,1.46,1.42,1.11,1.39
-1.22,-1.41,-1.27,-1.48,-1.51,-1.44,-1.46,-1.59,-1.39,-1.29,-1.24,-1.21,-1.12,-0.87,-1.02,-0.93,-1.19,-1.19,-1.10,-1.32,-1.34,-1.39,-1.27,-1.44,-1.34,-1.44,-1.38,-1.34,-1.54,-0.97,-0.66,-0.26,-0.12,0.08,0.33,0.17,-0.03,0.02,0.38,0.72,0.86,0.92,1.06,1.13,0.82,0.87,0.98,0.98,1.11,1.28,1.39,1.44,1.30,1.02,0.70,0.29,0.04,0.15,0.24,0.04,-0.18,0.01,0.28,0.34,0.58,0.61,0.77,0.69,0.84,1.24,1.46,1.22,1.22,1.24,1.30,1.20,0.97,1.14,1.20,1.33,1.33,1.20,0.98,1.11,0.98,1.07,0.96,0.82,0.61,1.00,0.90,1.11,0.98,0.63,0.67,0.63,0.65,0.69,0.61,0.53,0.49,0.41,0.44,0.46,0.39,0.48,0.59,0.60,0.69,0.75,0.66,0.76,0.87,1.01,1.28,1.24,1.42,1.15,1.35,1.33,1.39,1.47,1.66,1.69,1.68,1.77,1.78,1.88,1.88,1.84,1.66,1.61,1.52,1.31,1.27,1.25,1.02,0.81,0.93,0.82,0.82,0.51,0.25,0.04,-0.08,-0.12,0.07,0.02,0.01,0.18,0.35,0.45,0.61,1.08,1.20,1.13,1.18,1.30,1.19,1.35
-1.38,-1.17,-1.21,-1.40,-1.44,-1.38,-1.41,-1.69,-1.49,-1.26,-1.27,-1.35,-1.22,-0.93,-1.05,-0.97,-1.12,-1.32,-1.38,-1.31,-1.38,-1.32,-1.24,-1.41,-1.31,-1.45,-1.55,-1.43,-1.24,-0.81,-0.64,-0.48,-0.14,-0.28,-0.12,0.07,0.06,0.07,0.40,0.80,0.95,0.97,1.07,1.29,0.93,0.63,0.85,1.07,1.22,1.35,1.35,1.29,1.13,1.15,0.96,0.44,0.17,0.04,-0.03,0.12,0.24,0.38,0.28,0.23,0.53,0.58,0.48,0.69,0.74,0.76,0.82,1.00,0.95,0.92,1.04,0.84,0.72,0.97,0.91,1.12,0.91,0.85,0.76,0.95,0.91,0.79,0.81,0.70,0.64,1.11,1.06,1.12,1.11,0.88,0.77,0.64,0.64,0.44,0.54,0.48,0.44,0.50,0.45,0.45,0.37,0.44,0.54,0.54,0.65,0.76,0.72,0.80,1.01,1.27,1.60,1.46,1.36,1.23,1.31,1.45,1.68,1.73,1.79,1.91,1.96,1.97,1.94,1.94,2.12,2.05,1.85,1.78,1.83,1.62,1.53,1.49,1.20,0.93,1.06,0.85,0.65,0.44,0.12,-0.03,-0.07,-0.23,-0.27,-0.33,-0.27,0.01,0.23,0.39,0.79,0.97,0.92,0.96,1.00,0.93,0.86,1.11
-1.49,-1.11,-1.30,-1.53,-1.59,-1.50,-1.50,-1.68,-1.36,-1.36,-1.35,-1.25,-1.07,-0.91,-1.05,-1.31,-1.41,-1.44,-1.39,-1.35,-1.03,-1.30,-1.30,-1.59,-1.50,-1.39,-1.34,-1.27,-1.22,-0.96,-1.03,-0.82,-0.31,-0.09,-0.13,-0.19,-0.09,0.06,0.33,0.72,0.81,0.80,1.08,0.97,1.08,0.75,0.98,0.98,0.97,1.11,1.12,1.29,1.27,1.22,1.12,0.51,-0.14,-0.06,0.19,0.17,0.09,0.08,0.17,0.19,0.56,0.38,0.50,0.43,0.34,0.69,0.69,0.95,0.91,0.92,1.00,0.91,1.00,1.11,0.87,1.15,1.00,0.76,0.91,0.85,0.86,0.76,0.67,1.07,0.88,0.97,1.15,1.00,1.04,0.90,0.80,0.70,0.70,0.55,0.56,0.51,0.35,0.46,0.44,0.49,0.48,0.46,0.55,0.55,0.56,0.66,0.74,0.75,0.80,1.01,1.17,1.01,0.95,1.06,1.14,1.31,1.57,1.60,1.56,1.61,1.77,1.94,1.86,1.82,1.90,1.83,1.74,1.68,1.88,1.79,1.58,1.35,1.02,0.63,0.82,0.82,0.59,0.51,0.23,-0.02,-0.21,-0.48,-0.42,-0.56,-0.53,-0.42,-0.18,0.10,0.53,0.69,0.54,0.65,0.65,0.51,0.54,0.75
-1.29,-1.03,-1.06,-1.35,-1.39,-1.45,-1.79,-1.71,-1.65,-1.38,-1.31,-1.34,-1.15,-0.80,-0.91,-1.19,-1.20,-1.35,-1.50,-1.31,-1.02,-1.54,-1.69,-1.46,-1.45,-1.50,-1.44,-1.45,-1.65,-1.30,-0.96,-0.69,-0.16,-0.28,-0.17,-0.16,-0.21,-0.12,0.29,0.71,0.80,0.90,0.71,0.90,0.80,0.59,1.01,1.06,1.00,1.17,1.07,1.13,1.13,1.14,1.15,0.88,0.35,-0.03,-0.09,-0.07,0.01,0.15,0.15,0.17,0.54,0.51,0.56,0.51,0.41,0.64,0.61,0.82,0.87,0.71,0.91,0.67,0.88,1.02,0.70,0.77,0.95,0.65,1.01,1.20,0.65,0.84,0.63,1.11,1.08,0.85,0.86,1.03,1.04,0.71,0.81,0.67,0.61,0.54,0.37,0.51,0.37,0.30,0.34,0.48,0.37,0.33,0.49,0.49,0.51,0.63,0.71,0.79,0.69,0.80,0.81,0.82,0.58,1.01,1.27,1.23,1.29,1.30,1.34,1.31,1.33,1.42,1.40,1.45,1.39,1.28,1.23,1.23,1.45,1.36,1.14,0.91,0.59,0.34,0.50,0.51,0.49,0.38,0.15,-0.07,-0.37,-0.80,-0.63,-0.72,-0.86,-0.85,-0.56,-0.17,-0.09,-0.12,-0.23,-0.07,0.09,0.10,0.04,-0.16
-1.38,-1.16,-1.24,-1.29,-1.30,-1.30,-1.35,-1.71,-1.54,-1.36,-1.22,-1.05,-0.88,-0.95,-1.01,-0.98,-1.06,-1.15,-1.12,-1.02,-1.05,-1.07,-1.29,-1.16,-1.26,-1.25,-1.31,-1.39,-1.02,-1.10,-0.90,-0.68,-0.11,-0.28,-0.03,0.14,0.02,0.09,0.51,0.76,0.71,0.92,0.96,0.85,0.96,1.01,0.61,1.12,1.15,1.19,1.29,1.27,1.14,1.13,1.24,0.95,0.28,-0.06,0.07,0.15,0.04,0.14,0.23,0.22,0.53,0.30,0.28,0.29,0.04,0.60,0.55,0.49,0.70,0.80,0.87,0.76,0.95,0.91,0.81,0.66,0.67,1.04,0.93,0.72,0.81,0.98,0.66,0.93,1.06,1.18,1.20,1.17,1.28,0.95,0.86,0.67,0.59,0.51,0.50,0.49,0.51,0.50,0.49,0.53,0.44,0.45,0.48,0.45,0.69,0.85,0.84,0.85,0.70,0.72,0.69,0.72,0.69,1.00,1.47,1.33,1.23,1.24,1.29,1.18,1.03,1.03,0.97,0.85,0.79,0.60,0.61,0.67,0.91,0.80,0.53,0.29,0.18,0.13,0.15,0.25,0.27,-0.02,-0.19,-0.38,-0.72,-1.06,-1.01,-0.95,-1.30,-1.41,-1.16,-0.83,-0.86,-1.05,-1.02,-0.76,-0.56,-0.51,-0.53,-0.72
-1.26,-0.91,-1.14,-1.30,-1.29,-1.29,-1.53,-1.63,-1.38,-1.19,-1.15,-1.06,-0.86,-0.85,-0.78,-0.97,-1.11,-1.08,-1.03,-1.12,-1.15,-0.97,-1.25,-1.21,-1.03,-0.96,-1.05,-1.20,-1.14,-0.86,-0.72,-0.37,0.19,-0.11,-0.01,-0.12,-0.16,0.03,0.40,0.71,0.63,0.91,0.84,0.84,1.11,0.87,0.67,1.03,1.04,1.18,1.20,1.28,1.13,1.19,1.22,0.79,0.24,0.02,0.09,0.13,-0.01,0.12,-0.03,-0.06,0.22,0.13,0.13,-0.03,0.14,0.69,0.72,0.56,0.64,0.80,1.14,1.17,0.74,0.72,0.75,0.46,0.64,0.45,0.67,0.95,0.79,1.06,0.79,0.81,0.97,1.36,1.24,1.22,1.12,0.88,0.76,0.77,0.70,0.54,0.53,0.60,0.58,0.50,0.61,0.67,0.44,0.29,0.33,0.53,0.85,0.92,0.91,0.79,0.59,0.60,0.60,0.45,0.61,0.87,1.44,1.34,1.20,1.18,1.07,0.87,0.77,0.69,0.51,0.35,0.18,-0.02,0.02,-0.04,0.23,0.24,-0.13,-0.53,-0.59,-0.44,-0.54,-0.34,-0.59,-0.73,-0.93,-1.19,-1.40,-1.59,-1.62,-1.60,-1.91,-1.90,-1.74,-1.63,-1.57,-1.63,-1.65,-1.50,-1.34,-1.24,-1.21,-1.49
-1.34,-1.26,-1.15,-1.40,-1.45,-1.31,-1.35,-1.30,-1.36,-1.19,-1.07,-1.03,-0.86,-0.73,-0.90,-0.78,-0.93,-1.05,-1.00,-1.11,-1.06,-0.95,-1.15,-1.21,-1.20,-1.15,-1.10,-1.11,-1.10,-0.93,-0.82,-0.56,-0.06,-0.02,-0.02,-0.13,-0.29,-0.23,0.13,0.64,0.87,0.93,0.85,0.70,0.64,0.71,0.66,0.98,0.98,0.98,1.04,1.17,1.15,1.08,1.06,0.80,0.19,-0.04,0.20,-0.01,-0.22,-0.17,-0.28,-0.31,-0.13,-0.11,0.14,0.03,0.04,0.40,0.64,0.50,0.79,0.51,0.96,0.72,0.55,0.50,0.51,0.77,0.74,0.50,0.50,0.63,0.75,0.74,0.39,0.80,0.82,1.03,1.00,0.90,0.85,0.75,0.71,0.51,0.38,0.48,0.56,0.59,0.39,0.37,0.48,0.48,0.27,0.18,0.41,0.60,0.66,0.64,0.55,0.58,0.46,0.30,0.39,0.09,0.30,0.76,1.29,1.22,1.12,0.80,0.51,0.35,0.25,0.10,-0.08,-0.17,-0.39,-0.52,-0.69,-0.86,-0.73,-0.73,-0.96,-1.30,-1.44,-1.21,-1.41,-1.27,-1.55,-1.49,-1.65,-1.85,-1.91,-1.87,-1.93,-2.01,-2.13,-2.01,-1.93,-1.93,-1.76,-1.77,-1.81,-1.78,-1.72,-1.63,-1.53,-1.79
-1.19,-1.15,-1.19,-1.38,-1.35,-1.16,-1.20,-1.31,-1.32,-1.36,-1.17,-0.92,-0.86,-0.56,-0.93,-0.83,-0.85,-0.88,-0.92,-1.07,-0.82,-1.00,-1.24,-1.24,-1.06,-0.93,-0.91,-0.90,-0.93,-0.71,-0.78,-0.21,0.09,-0.04,-0.04,-0.07,-0.16,-0.06,0.28,0.69,0.91,0.92,0.88,0.79,0.71,0.75,0.67,1.02,0.91,1.02,0.93,1.11,1.23,1.20,1.12,0.90,0.46,0.15,0.25,0.14,-0.11,-0.19,-0.19,-0.46,-0.11,0.03,0.17,0.13,0.08,0.48,0.66,0.69,0.82,0.84,1.02,0.75,0.72,0.67,0.80,0.69,0.63,0.74,0.70,0.74,0.96,0.77,0.64,1.04,0.70,0.75,0.79,0.74,0.70,0.69,0.64,0.56,0.51,0.44,0.49,0.64,0.56,0.53,0.40,0.28,0.23,0.14,0.15,0.35,0.43,0.33,0.25,0.23,0.18,-0.11,-0.12,-0.22,-0.22,0.24,0.63,0.87,0.74,0.38,0.10,-0.11,-0.33,-0.48,-0.62,-0.86,-0.92,-0.96,-1.27,-1.36,-1.31,-1.60,-1.72,-1.65,-1.63,-1.63,-1.85,-1.57,-1.78,-1.81,-1.71,-1.79,-1.88,-1.68,-1.78,-1.74,-1.82,-1.78,-1.77,-1.78,-1.63,-1.68,-1.62,-1.64,-1.68,-1.64,-1.55,-1.71
-1.01,-0.95,-1.14,-1.27,-1.19,-1.05,-1.14,-1.14,-1.16,-1.11,-1.01,-0.87,-0.78,-0.62,-0.82,-0.72,-0.73,-0.73,-0.71,-0.83,-0.78,-0.90,-0.93,-1.00,-0.95,-0.83,-0.81,-0.95,-1.06,-0.58,-0.67,-0.21,0.06,0.19,0.03,0.02,-0.11,-0.11,0.33,0.70,0.80,0.91,0.88,0.69,0.74,0.74,0.86,1.00,1.12,1.08,1.19,1.36,1.20,1.14,1.24,1.01,0.60,0.39,0.32,0.14,-0.04,-0.22,-0.17,0.01,0.25,0.24,0.48,0.37,0.24,0.71,0.74,0.72,0.61,0.86,0.84,0.87,1.07,0.92,1.04,0.91,1.23,0.93,0.87,1.00,1.08,0.70,0.80,1.22,0.72,0.81,0.60,0.86,0.77,0.86,0.86,0.55,0.33,0.41,0.35,0.39,0.23,0.34,0.37,0.38,0.15,0.08,0.14,-0.01,0.01,-0.09,-0.46,-0.51,-0.61,-0.76,-0.57,-0.48,-0.66,-0.72,-0.36,-0.22,-0.23,-0.42,-0.78,-1.03,-1.05,-1.07,-1.20,-1.15,-1.27,-1.21,-1.26,-1.20,-1.41,-1.51,-1.62,-1.62,-1.51,-1.51,-1.65,-1.44,-1.71,-1.68,-1.53,-1.60,-1.74,-1.63,-1.65,-1.55,-1.59,-1.65,-1.64,-1.59,-1.62,-1.62,-1.48,-1.51,-1.54,-1.57,-1.65,-1.67
-0.88,-0.88,-1.02,-1.08,-1.06,-1.07,-1.12,-1.06,-1.10,-0.91,-0.91,-0.98,-0.69,-0.66,-0.66,-0.62,-0.78,-0.83,-0.76,-0.97,-0.91,-1.12,-0.87,-0.95,-0.98,-0.92,-0.87,-0.90,-1.05,-0.78,-0.67,-0.23,0.15,0.32,0.01,-0.09,-0.08,-0.07,0.23,0.66,0.60,0.84,0.91,0.85,0.74,0.61,0.80,1.02,0.97,1.07,1.00,1.08,1.19,1.14,1.20,1.14,0.74,0.34,0.20,0.12,-0.04,-0.24,-0.12,-0.03,0.22,0.23,0.38,0.48,0.38,0.45,0.61,0.49,0.54,0.93,0.72,0.88,0.96,0.75,0.75,0.93,0.92,0.67,1.23,0.79,0.95,1.18,0.76,0.90,0.69,0.82,0.69,0.98,0.91,0.88,0.80,0.69,0.58,0.56,0.51,0.60,0.53,0.29,0.02,-0.01,-0.12,-0.28,-0.36,-0.56,-0.66,-0.76,-0.91,-0.78,-1.07,-1.01,-0.92,-1.12,-1.01,-1.29,-1.24,-1.12,-1.06,-1.03,-1.17,-1.32,-1.29,-1.21,-1.21,-1.10,-1.22,-1.01,-1.30,-1.49,-1.40,-1.38,-1.49,-1.55,-1.51,-1.53,-1.41,-1.44,-1.45,-1.48,-1.54,-1.62,-1.65,-1.67,-1.53,-1.57,-1.51,-1.67,-1.60,-1.39,-1.51,-1.55,-1.50,-1.50,-1.54,-1.62,-1.76,-1.55
-0.92,-0.93,-0.96,-0.98,-1.01,-1.08,-1.17,-1.20,-1.22,-1.00,-0.97,-1.06,-0.85,-0.82,-0.78,-0.78,-0.87,-0.91,-0.93,-1.06,-1.01,-1.22,-1.01,-1.11,-1.20,-1.19,-1.11,-1.00,-0.95,-0.96,-0.63,-0.34,0.10,0.12,-0.01,-0.09,-0.17,-0.19,0.13,0.65,0.55,0.55,0.64,0.69,0.61,0.71,0.92,0.92,1.00,0.98,0.95,1.03,1.18,1.22,1.20,1.02,0.49,0.12,0.18,0.25,0.08,0.03,0.12,0.19,0.38,0.29,0.30,0.50,0.27,0.40,0.44,0.53,0.66,0.91,0.76,0.91,0.85,0.82,0.90,0.88,0.90,1.01,0.91,0.63,0.85,0.71,0.71,0.71,0.71,0.66,0.95,1.18,1.07,0.74,0.80,0.70,0.60,0.86,0.63,0.48,0.46,0.17,-0.13,-0.14,-0.21,-0.34,-0.51,-0.69,-0.76,-0.93,-1.29,-1.11,-0.95,-1.03,-1.10,-1.11,-0.85,-1.29,-1.29,-1.20,-1.21,-1.08,-1.07,-1.10,-1.10,-1.11,-1.00,-0.98,-1.24,-0.97,-0.91,-1.22,-1.32,-1.26,-1.36,-1.53,-1.40,-1.17,-1.32,-1.27,-1.40,-1.45,-1.44,-1.41,-1.45,-1.51,-1.54,-1.58,-1.40,-1.35,-1.34,-1.29,-1.41,-1.48,-1.38,-1.58,-1.73,-1.68,-1.64,-1.51
-0.95,-0.91,-1.01,-1.01,-0.98,-1.06,-1.26,-1.27,-1.22,-1.06,-0.97,-1.00,-0.98,-0.86,-0.81,-0.91,-0.96,-1.00,-1.05,-1.08,-1.00,-1.19,-1.14,-1.20,-1.25,-1.26,-1.19,-1.05,-0.98,-0.97,-0.51,-0.31,0.12,0.06,-0.02,-0.28,-0.32,-0.26,0.01,0.60,0.49,0.44,0.48,0.84,0.59,0.63,0.72,0.77,0.82,0.84,0.85,1.09,1.19,1.19,1.17,0.92,0.44,0.22,0.39,0.33,0.14,-0.03,0.02,0.37,0.50,0.60,0.56,0.53,0.43,0.20,0.18,0.38,0.51,0.77,0.53,0.63,0.84,0.87,0.70,0.88,0.71,0.66,0.70,0.71,1.07,0.61,0.77,0.60,0.70,0.98,0.92,0.95,0.85,0.82,0.79,0.87,0.69,0.60,0.60,0.56,0.40,-0.16,-0.47,-0.52,-0.59,-0.59,-0.64,-0.78,-0.88,-1.02,-1.15,-1.11,-1.12,-1.14,-1.15,-0.91,-1.20,-1.30,-1.20,-1.07,-1.07,-0.96,-1.07,-1.06,-1.00,-1.15,-1.16,-1.06,-1.25,-1.05,-0.93,-1.02,-1.03,-1.10,-1.31,-1.39,-1.32,-1.38,-1.21,-1.27,-1.51,-1.41,-1.27,-1.22,-1.35,-1.64,-1.57,-1.32,-1.26,-1.32,-1.41,-1.49,-1.54,-1.53,-1.48,-1.43,-1.40,-1.41,-1.51,-1.72
-0.92,-0.72,-1.03,-0.98,-0.86,-0.92,-1.16,-1.25,-1.21,-1.06,-0.91,-0.91,-1.05,-0.81,-0.92,-1.07,-1.03,-0.97,-1.01,-0.95,-0.92,-1.06,-0.97,-1.16,-1.07,-1.02,-1.07,-1.02,-1.11,-1.02,-0.68,-0.51,0.01,0.09,0.01,-0.14,-0.21,-0.31,-0.13,0.50,0.59,0.51,0.46,0.79,0.76,0.66,0.55,0.63,0.70,0.88,0.93,1.02,1.15,1.22,1.09,0.87,0.48,0.19,0.23,0.12,0.30,0.30,0.33,0.38,0.38,0.49,0.43,0.39,0.28,0.22,0.03,0.20,0.41,0.49,0.49,0.67,0.54,0.91,0.81,0.93,0.91,0.76,0.72,0.71,0.70,0.40,0.49,0.67,0.79,0.85,0.86,0.96,0.91,0.88,0.82,0.90,0.65,0.51,0.39,0.37,-0.01,-0.26,-0.43,-0.44,-0.47,-0.68,-0.76,-0.72,-0.80,-0.95,-1.01,-0.91,-0.91,-0.92,-0.91,-1.06,-1.00,-1.08,-1.02,-0.98,-0.81,-0.81,-0.97,-0.95,-0.88,-1.00,-0.96,-0.92,-0.95,-0.92,-1.08,-1.03,-1.05,-1.08,-1.07,-1.15,-1.36,-1.46,-1.14,-1.49,-1.57,-1.31,-1.25,-1.22,-1.25,-1.50,-1.36,-1.34,-1.21,-1.25,-1.34,-1.39,-1.50,-1.40,-1.48,-1.44,-1.49,-1.73,-1.93,-1.81
-0.87,-0.66,-0.90,-0.90,-0.81,-0.77,-0.88,-1.17,-1.12,-0.93,-0.78,-0.81,-0.96,-0.72,-1.03,-1.10,-0.87,-0.81,-0.97,-0.90,-0.83,-0.90,-0.76,-1.02,-1.00,-0.92,-0.88,-0.82,-1.03,-0.86,-0.75,-0.57,-0.09,0.08,0.18,0.10,-0.09,-0.23,0.04,0.55,0.61,0.81,0.58,0.71,0.67,0.58,0.66,0.70,0.69,0.95,1.00,0.96,1.02,1.15,1.12,0.91,0.48,0.08,0.24,0.30,0.24,0.35,0.32,0.19,0.25,0.40,0.39,0.39,0.22,0.30,0.22,0.35,0.50,0.66,0.50,0.66,0.70,0.88,1.00,0.88,0.96,0.74,0.79,0.93,1.04,0.69,0.81,0.80,0.65,0.86,0.90,0.93,1.04,0.92,1.01,0.92,0.86,0.67,0.50,0.40,-0.14,-0.62,-0.43,-0.24,-0.38,-0.48,-0.54,-0.64,-0.59,-0.44,-0.64,-0.77,-0.78,-0.88,-0.72,-0.69,-0.88,-0.83,-0.81,-0.82,-0.59,-0.76,-0.82,-0.77,-0.83,-0.87,-1.05,-1.00,-1.16,-0.93,-0.80,-0.87,-1.00,-1.20,-1.17,-1.17,-1.38,-1.17,-1.06,-0.95,-1.07,-0.98,-1.17,-1.22,-1.08,-1.32,-1.10,-1.59,-1.16,-1.06,-1.31,-1.50,-1.67,-1.31,-1.41,-1.36,-1.36,-1.59,-1.67,-1.63
-0.44,-0.73,-0.78,-0.91,-0.91,-0.83,-0.88,-0.88,-0.64,-0.54,-0.61,-0.72,-0.72,-0.61,-0.83,-0.83,-0.68,-0.76,-0.98,-0.86,-0.81,-0.76,-0.58,-0.81,-0.91,-0.91,-0.80,-0.68,-0.78,-0.80,-0.63,-0.43,-0.12,0.04,0.17,0.10,-0.07,-0.14,0.15,0.55,0.54,0.81,0.67,0.72,0.81,0.65,0.40,0.75,0.77,0.82,0.90,0.90,0.96,1.12,1.13,0.80,0.25,-0.07,0.04,0.25,0.29,0.23,0.13,0.04,0.25,0.38,0.29,0.37,0.03,0.18,0.19,0.25,0.44,0.60,0.37,0.80,0.58,0.93,1.47,1.02,1.07,0.98,1.01,1.02,0.98,0.79,0.64,1.03,0.74,0.96,0.81,0.95,0.93,0.77,0.67,0.55,0.61,0.38,0.50,0.49,0.19,-0.31,-0.46,-0.24,-0.43,-0.53,-0.38,-0.53,-0.58,-0.54,-0.61,-0.78,-0.78,-0.86,-0.49,-1.06,-0.97,-0.81,-0.80,-0.91,-0.73,-0.81,-0.85,-0.81,-0.92,-1.02,-0.90,-0.62,-0.85,-0.86,-0.72,-0.73,-0.78,-0.86,-0.87,-1.00,-1.22,-1.00,-1.16,-1.27,-1.41,-1.21,-1.31,-1.46,-1.48,-1.49,-1.25,-1.10,-1.24,-1.21,-1.25,-1.51,-1.49,-1.27,-1.35,-1.39,-1.40,-1.50,-1.65,-1.72
-0.78,-0.66,-0.59,-0.76,-0.80,-0.67,-0.72,-0.58,-0.54,-0.48,-0.52,-0.67,-0.73,-0.67,-0.78,-0.81,-0.72,-0.73,-0.83,-0.62,-0.80,-0.58,-0.43,-0.56,-0.62,-0.73,-0.78,-0.64,-0.62,-0.61,-0.57,-0.34,-0.01,0.06,0.13,0.07,-0.09,-0.14,0.15,0.56,0.60,0.69,0.63,0.90,0.82,0.85,0.45,0.82,0.86,0.87,0.95,1.03,0.92,0.93,1.04,0.82,0.37,0.03,0.07,0.24,0.27,0.29,0.38,0.40,0.41,0.45,0.45,0.49,0.15,0.04,-0.07,0.03,0.54,0.61,0.84,0.49,0.63,1.07,1.09,1.28,1.02,0.67,1.03,0.72,0.91,0.40,0.63,0.65,0.44,0.60,0.80,0.69,0.54,0.44,0.39,0.17,0.03,0.23,0.49,0.46,0.08,-0.49,-0.61,-0.37,-0.24,-0.32,-0.52,-0.67,-0.72,-0.64,-0.59,-0.76,-0.59,-0.75,-0.68,-0.81,-0.56,-0.75,-0.71,-0.57,-0.58,-0.78,-0.72,-0.66,-0.90,-1.00,-0.88,-0.93,-0.97,-0.73,-0.81,-0.95,-1.03,-1.10,-1.10,-1.05,-0.95,-0.87,-1.21,-0.98,-1.10,-1.12,-1.21,-1.20,-1.19,-1.50,-1.06,-1.08,-1.32,-1.29,-1.27,-1.53,-1.39,-1.35,-1.29,-1.44,-1.64,-1.65,-1.60,-1.62
-0.68,-0.46,-0.38,-0.29,-0.41,-0.58,-0.53,-0.38,-0.47,-0.46,-0.42,-0.54,-0.80,-0.59,-0.80,-0.69,-0.59,-0.62,-0.63,-0.48,-0.66,-0.53,-0.52,-0.38,-0.41,-0.58,-0.62,-0.47,-0.58,-0.34,-0.57,-0.41,-0.07,0.09,0.13,0.06,-0.09,-0.12,0.20,0.64,0.64,0.61,0.51,0.96,0.60,0.72,0.46,0.66,0.67,0.84,0.95,0.93,1.00,1.07,0.93,0.71,0.45,0.10,0.01,0.09,-0.01,-0.06,0.02,0.27,0.37,0.34,0.18,0.33,0.03,0.12,0.37,0.18,0.34,0.08,0.53,0.10,0.75,0.69,1.08,1.18,0.82,0.55,0.61,0.53,0.65,0.37,0.40,0.45,0.40,0.53,0.67,0.67,0.56,0.32,0.14,0.56,0.44,0.58,0.63,0.66,0.34,-0.09,-0.03,0.14,-0.14,-0.46,-0.42,-0.38,-0.36,-0.64,-0.61,-0.52,-0.53,-0.56,-0.53,-0.82,-0.53,-0.64,-0.63,-0.77,-0.87,-0.78,-0.72,-0.81,-0.93,-0.91,-0.72,-0.85,-0.59,-0.48,-0.59,-0.62,-0.78,-0.92,-1.03,-1.07,-1.05,-1.20,-1.30,-0.98,-1.22,-0.98,-1.06,-1.27,-1.38,-1.68,-1.38,-1.51,-1.43,-1.30,-1.21,-1.21,-1.67,-1.55,-1.54,-1.53,-1.40,-1.29,-1.67,-1.24
-0.51,-0.36,-0.37,-0.42,-0.41,-0.41,-0.56,-0.18,-0.42,-0.41,-0.49,-0.63,-0.51,-0.54,-0.67,-0.53,-0.42,-0.44,-0.51,-0.33,-0.52,-0.47,-0.52,-0.37,-0.36,-0.46,-0.41,-0.29,-0.52,-0.31,-0.52,-0.51,-0.18,0.08,0.04,0.01,-0.11,-0.16,0.15,0.58,0.53,0.59,0.33,0.70,0.38,0.56,0.53,0.40,0.50,0.65,0.70,0.66,0.67,0.72,0.63,0.55,0.30,-0.09,-0.03,-0.11,-0.32,-0.31,-0.52,-0.47,-0.18,-0.07,-0.14,0.02,-0.29,-0.21,-0.01,-0.26,0.17,-0.01,0.49,0.19,0.15,0.45,0.24,0.18,0.29,0.46,0.54,0.56,0.87,0.49,0.37,0.27,0.06,0.14,0.27,0.43,0.20,0.15,0.23,0.46,0.56,0.60,0.64,0.60,0.20,-0.24,-0.33,-0.33,-0.37,-0.38,-0.42,-0.54,-0.68,-0.64,-0.75,-0.64,-0.67,-0.80,-0.43,-0.93,-0.67,-0.61,-0.62,-0.58,-0.75,-0.81,-0.76,-0.85,-0.95,-0.78,-0.85,-0.66,-0.88,-0.86,-0.82,-0.92,-0.95,-1.03,-1.05,-1.00,-1.08,-1.10,-1.27,-1.12,-1.29,-1.21,-1.24,-1.35,-1.43,-1.54,-1.39,-1.45,-1.49,-1.35,-1.25,-1.32,-1.58,-1.31,-1.40,-1.48,-1.32,-1.16,-1.82,-1.44
-0.52,-0.37,-0.24,-0.29,-0.38,-0.42,-0.38,-0.28,-0.47,-0.26,-0.24,-0.43,-0.37,-0.37,-0.52,-0.47,-0.46,-0.46,-0.42,-0.39,-0.41,-0.37,-0.33,-0.41,-0.37,-0.31,-0.24,-0.21,-0.41,-0.26,-0.39,-0.37,-0.13,0.10,0.18,0.06,-0.11,-0.12,0.13,0.45,0.53,0.54,0.20,0.59,0.45,0.48,0.37,0.41,0.40,0.46,0.53,0.50,0.43,0.44,0.33,0.35,0.24,-0.16,-0.04,-0.19,-0.21,-0.26,-0.23,-0.08,0.02,0.20,0.34,0.38,0.12,0.32,0.35,0.38,0.49,0.41,0.28,0.35,0.41,0.56,0.58,0.84,0.85,0.71,1.06,0.87,0.90,0.66,0.72,1.02,0.81,1.03,1.19,0.96,0.79,0.77,0.91,1.00,0.97,1.04,1.04,0.82,0.38,-0.14,-0.14,-0.06,-0.36,-0.52,-0.27,-0.24,-0.63,-0.56,-0.72,-0.53,-0.47,-0.57,-0.52,-0.85,-0.54,-0.80,-0.66,-0.76,-0.86,-0.87,-0.81,-0.76,-0.77,-0.75,-0.88,-0.80,-0.53,-0.68,-0.66,-0.88,-0.91,-1.06,-1.11,-1.00,-1.11,-1.17,-1.32,-1.24,-1.25,-1.21,-1.20,-1.20,-1.19,-1.25,-1.27,-1.26,-1.22,-1.26,-1.32,-1.36,-1.43,-1.25,-1.21,-1.39,-1.45,-1.25,-1.49,-1.35
-0.16,-0.11,-0.02,0.02,0.06,0.03,-0.11,0.03,-0.22,-0.02,-0.19,-0.56,-0.42,-0.03,-0.44,-0.52,-0.51,-0.32,-0.14,-0.22,-0.23,-0.36,-0.26,-0.26,-0.38,-0.39,-0.27,-0.22,-0.29,-0.26,-0.34,-0.12,-0.11,0.18,0.28,0.09,-0.08,-0.07,0.13,0.39,0.50,0.44,0.38,0.63,0.58,0.35,0.32,0.49,0.43,0.56,0.61,0.53,0.61,0.55,0.25,0.27,0.25,0.01,0.13,0.13,0.09,0.10,0.12,0.06,0.32,0.33,0.59,0.64,0.59,0.79,0.64,0.54,0.85,0.60,0.66,0.82,0.81,0.91,1.11,1.33,1.17,1.34,1.08,1.06,1.25,1.25,1.08,1.27,1.40,1.23,1.17,1.24,1.29,1.23,1.25,1.28,1.13,1.11,1.29,1.18,0.54,0.02,-0.04,-0.08,-0.23,-0.29,-0.24,-0.33,-0.59,-0.63,-0.63,-0.47,-0.57,-0.77,-0.22,-0.76,-0.56,-0.59,-0.59,-0.63,-0.62,-0.67,-0.61,-0.67,-0.86,-0.75,-0.72,-0.63,-0.90,-1.03,-0.73,-0.75,-0.93,-1.12,-1.07,-0.98,-1.16,-0.90,-1.21,-1.10,-1.29,-1.21,-1.24,-1.26,-1.14,-1.25,-1.15,-1.08,-1.10,-1.15,-1.19,-1.20,-1.22,-1.26,-1.14,-1.16,-1.29,-1.30,-1.31,-1.22
0.15,0.04,0.10,0.25,0.32,0.15,-0.13,-0.04,-0.12,0.02,-0.17,-0.41,-0.28,-0.32,-0.54,-0.53,-0.44,-0.28,-0.17,-0.26,-0.16,-0.14,-0.14,-0.22,-0.32,-0.41,-0.32,-0.19,-0.29,-0.17,-0.17,0.02,-0.04,0.14,0.07,-0.06,-0.16,-0.19,-0.01,0.37,0.45,0.54,0.58,0.65,0.50,0.32,0.41,0.49,0.39,0.58,0.64,0.56,0.54,0.44,0.28,0.38,0.43,0.22,0.32,0.50,0.35,0.48,0.49,0.54,0.90,0.84,0.85,0.93,0.85,0.87,1.01,0.81,0.66,0.81,0.80,1.23,1.03,1.25,1.25,1.41,1.25,1.13,1.42,1.53,1.53,1.50,1.33,1.30,1.45,1.41,1.24,1.34,1.28,1.17,1.07,1.18,1.28,1.31,1.28,1.12,0.63,0.10,0.04,-0.07,-0.37,-0.36,-0.24,-0.12,-0.23,-0.38,-0.54,-0.42,-0.46,-0.57,-0.48,-0.82,-0.68,-0.62,-0.73,-0.73,-0.80,-0.78,-0.71,-0.69,-0.77,-0.80,-0.71,-0.42,-0.76,-0.83,-0.76,-0.83,-0.86,-0.96,-1.05,-1.03,-1.10,-0.87,-1.20,-1.20,-1.30,-1.35,-1.38,-1.36,-1.32,-1.44,-1.14,-1.21,-1.22,-1.15,-1.14,-1.30,-1.31,-1.31,-1.16,-1.15,-1.25,-1.25,-1.26,-1.10
0.25,0.14,0.37,0.41,0.24,0.06,0.10,0.18,-0.04,0.04,-0.22,-0.51,-0.26,-0.23,-0.64,-0.72,-0.58,-0.44,-0.32,-0.13,-0.08,-0.33,-0.34,-0.17,-0.28,-0.38,-0.37,-0.36,-0.33,-0.11,-0.16,-0.21,-0.22,0.08,0.12,-0.01,-0.12,-0.23,-0.08,0.44,0.54,0.61,0.59,0.59,0.51,0.43,0.59,0.54,0.44,0.58,0.60,0.48,0.43,0.37,0.30,0.35,0.43,0.35,0.35,0.43,0.44,0.63,0.56,0.75,0.95,1.06,0.84,0.87,0.79,0.84,0.97,0.82,0.69,0.79,1.02,1.18,1.04,1.03,1.03,1.23,1.17,0.84,1.25,1.49,1.42,1.23,1.22,1.28,1.38,1.44,1.33,1.17,1.19,1.28,1.23,1.41,1.30,1.23,1.28,1.17,0.55,-0.06,-0.03,-0.02,-0.23,-0.23,-0.16,-0.14,-0.52,-0.56,-0.51,-0.53,-0.63,-0.68,-0.37,-1.01,-0.64,-0.59,-0.57,-0.52,-0.56,-0.63,-0.67,-0.72,-0.77,-0.57,-0.75,-0.61,-0.59,-0.69,-0.67,-0.81,-0.86,-0.93,-1.05,-1.08,-1.15,-1.10,-1.08,-1.06,-1.32,-1.31,-1.26,-1.34,-1.38,-1.41,-1.11,-1.31,-1.29,-1.19,-1.24,-1.34,-1.32,-1.21,-1.15,-1.25,-1.35,-1.16,-1.29,-1.16
0.41,0.56,0.49,0.41,0.28,0.14,0.12,0.37,-0.02,0.02,-0.27,-0.47,-0.19,-0.33,-0.53,-0.63,-0.62,-0.32,-0.08,-0.29,-0.28,-0.44,-0.12,-0.13,-0.18,-0.24,-0.22,-0.16,-0.29,-0.18,-0.31,-0.12,-0.12,-0.01,0.09,0.03,-0.02,-0.16,-0.08,0.39,0.59,0.59,0.63,0.63,0.63,0.54,0.65,0.72,0.59,0.65,0.51,0.37,0.38,0.45,0.39,0.32,0.41,0.37,0.23,0.27,0.34,0.54,0.55,0.40,0.61,0.90,0.82,0.81,0.88,0.81,0.72,0.50,0.76,0.58,0.92,0.90,0.80,0.95,1.00,1.22,1.12,0.76,1.08,1.47,1.46,1.29,1.20,1.34,1.34,1.20,1.27,1.30,1.31,1.33,1.31,1.31,1.27,1.28,1.31,1.14,0.72,0.02,-0.39,-0.31,-0.26,-0.28,-0.38,-0.24,-0.46,-0.49,-0.47,-0.42,-0.61,-0.63,-0.48,-0.69,-0.51,-0.62,-0.58,-0.56,-0.59,-0.62,-0.61,-0.59,-0.63,-0.49,-0.67,-0.63,-0.48,-0.77,-0.56,-0.88,-0.97,-0.92,-0.91,-0.87,-0.88,-0.97,-1.07,-0.88,-1.22,-1.12,-1.07,-1.30,-1.31,-1.31,-1.12,-1.27,-1.26,-1.20,-1.21,-1.11,-1.41,-1.32,-1.15,-1.17,-1.29,-1.11,-1.34,-1.21
0.70,0.77,0.44,0.51,0.45,0.24,0.18,0.32,-0.06,0.12,-0.09,-0.42,-0.41,-0.26,-0.54,-0.44,-0.52,-0.36,-0.16,-0.28,-0.19,-0.07,0.02,-0.18,-0.41,-0.48,-0.37,-0.31,-0.44,-0.12,-0.38,-0.12,-0.21,-0.18,-0.01,-0.07,-0.16,-0.11,0.02,0.29,0.60,0.72,0.71,0.75,0.67,0.65,0.61,0.75,0.66,0.61,0.58,0.48,0.43,0.45,0.43,0.41,0.50,0.48,0.34,0.23,0.28,0.48,0.49,0.28,0.46,0.81,0.65,0.49,0.70,0.77,0.71,0.61,0.77,0.58,0.90,0.82,0.71,0.79,0.95,1.02,0.88,0.80,0.91,1.28,1.40,1.19,1.19,1.22,1.22,1.03,1.09,1.24,1.38,1.25,1.11,1.15,1.09,1.12,1.23,0.96,0.51,0.12,-0.14,-0.23,-0.31,-0.23,-0.28,-0.28,-0.42,-0.62,-0.59,-0.56,-0.82,-0.71,-0.62,-0.48,-0.51,-0.67,-0.54,-0.51,-0.54,-0.56,-0.66,-0.80,-0.75,-0.67,-0.66,-0.53,-0.68,-0.82,-0.57,-0.81,-0.90,-0.87,-0.92,-0.91,-0.95,-1.00,-1.08,-0.97,-1.20,-1.06,-1.03,-1.34,-1.30,-1.27,-1.14,-1.19,-1.22,-1.21,-1.20,-1.02,-1.54,-1.50,-1.25,-1.12,-1.15,-1.15,-1.38,-1.05
0.86,0.65,0.39,0.53,0.40,0.22,0.23,0.15,0.06,0.04,-0.09,-0.26,-0.31,-0.28,-0.64,-0.28,-0.52,-0.37,0.02,-0.06,-0.09,-0.22,-0.08,-0.26,-0.46,-0.48,-0.27,-0.22,-0.34,-0.01,-0.23,-0.08,-0.27,-0.11,0.01,0.04,-0.02,-0.03,0.18,0.51,0.63,0.59,0.66,0.75,0.60,0.71,0.58,0.60,0.65,0.55,0.56,0.48,0.46,0.40,0.38,0.43,0.41,0.40,0.33,0.23,0.18,0.35,0.25,0.28,0.43,0.66,0.59,0.38,0.53,0.63,0.72,0.67,0.67,0.54,0.97,0.70,0.88,0.80,1.04,0.86,0.95,0.81,0.96,1.01,1.28,1.22,1.24,1.20,1.15,1.01,1.06,1.07,1.15,1.03,0.96,1.06,1.07,0.98,0.90,0.87,0.59,0.19,0.06,-0.06,-0.11,-0.06,-0.14,-0.31,-0.46,-0.64,-0.75,-0.71,-0.76,-0.77,-0.67,-0.43,-0.51,-0.66,-0.52,-0.61,-0.67,-0.66,-0.71,-0.77,-0.82,-0.90,-0.58,-0.59,-0.63,-0.72,-0.72,-0.77,-0.81,-0.90,-0.98,-1.05,-1.10,-1.07,-1.11,-1.06,-1.26,-1.16,-1.12,-1.40,-1.32,-1.22,-1.19,-1.15,-1.21,-1.29,-1.32,-1.31,-1.32,-1.21,-1.24,-1.25,-1.14,-1.29,-1.58,-1.30
0.80,0.58,0.35,0.35,0.27,0.19,0.20,0.06,-0.01,-0.16,-0.31,-0.39,-0.37,-0.23,-0.53,-0.44,-0.54,-0.41,-0.24,-0.28,-0.26,-0.39,-0.23,-0.23,-0.22,-0.07,0.01,-0.13,-0.24,-0.07,-0.28,-0.21,-0.18,-0.17,-0.14,0.09,0.07,-0.07,0.20,0.67,0.65,0.65,0.71,0.80,0.55,0.66,0.39,0.56,0.63,0.55,0.51,0.41,0.43,0.45,0.49,0.46,0.35,0.34,0.38,0.28,0.19,0.33,0.13,0.28,0.55,0.63,0.55,0.43,0.70,0.50,0.96,0.70,0.65,0.54,0.77,0.63,0.96,0.84,0.88,0.93,1.12,0.85,1.07,1.25,1.47,1.28,1.07,1.17,1.08,1.04,1.14,0.98,1.03,1.03,0.97,0.96,1.00,1.14,1.14,0.96,0.67,0.35,0.20,0.10,0.02,-0.13,-0.36,-0.28,-0.54,-0.69,-0.73,-0.59,-0.54,-0.76,-0.69,-0.52,-0.41,-0.66,-0.76,-0.78,-0.66,-0.56,-0.64,-0.69,-0.71,-0.72,-0.59,-0.73,-0.72,-0.67,-0.85,-0.86,-0.78,-0.85,-1.00,-0.98,-1.15,-1.07,-1.25,-1.07,-1.22,-1.27,-1.24,-1.34,-1.29,-1.25,-1.25,-1.24,-1.27,-1.34,-1.36,-1.40,-1.16,-1.07,-1.19,-1.34,-1.34,-1.49,-1.50,-1.31
0.66,0.48,0.28,0.22,0.17,0.09,-0.01,-0.19,-0.29,-0.27,-0.34,-0.43,-0.39,-0.34,-0.48,-0.47,-0.57,-0.51,-0.41,-0.39,-0.29,-0.36,-0.31,-0.21,-0.23,-0.17,-0.14,-0.22,-0.21,-0.28,-0.26,-0.34,-0.01,-0.08,0.07,0.12,0.07,-0.03,0.19,0.63,0.59,0.65,0.80,0.86,0.69,0.69,0.50,0.63,0.75,0.75,0.72,0.53,0.53,0.60,0.58,0.40,0.29,0.38,0.40,0.32,0.23,0.40,0.17,0.34,0.61,0.71,0.70,0.74,0.79,0.60,0.81,0.86,0.61,0.59,0.64,0.75,1.04,0.91,0.77,1.04,1.20,0.97,1.17,1.15,1.31,1.18,1.13,1.15,0.90,0.82,1.07,1.11,1.03,1.01,1.01,0.91,0.93,1.07,1.00,0.74,0.46,0.25,0.10,-0.12,-0.18,-0.28,-0.38,-0.37,-0.58,-0.62,-0.61,-0.47,-0.56,-0.54,-0.77,-0.51,-0.39,-0.59,-0.78,-0.75,-0.62,-0.62,-0.67,-0.69,-0.75,-0.68,-0.66,-0.75,-0.78,-0.75,-0.88,-1.00,-0.90,-0.86,-0.98,-0.95,-1.15,-1.26,-1.29,-1.06,-1.14,-1.29,-1.27,-1.22,-1.30,-1.32,-1.19,-1.25,-1.34,-1.39,-1.46,-1.49,-1.38,-1.15,-1.19,-1.35,-1.35,-1.22,-1.08,-1.31
0.53,0.01,0.14,0.15,0.04,-0.12,-0.26,-0.36,-0.47,-0.33,-0.34,-0.39,-0.39,-0.53,-0.54,-0.53,-0.54,-0.41,-0.29,-0.39,-0.29,-0.14,-0.13,-0.22,-0.21,-0.18,-0.27,-0.43,-0.43,-0.27,-0.03,-0.19,0.14,0.01,0.04,0.14,-0.02,-0.16,0.13,0.54,0.67,0.79,0.71,0.74,0.70,0.82,0.61,0.65,0.85,0.79,0.71,0.60,0.61,0.71,0.60,0.30,0.29,0.38,0.28,0.34,0.29,0.49,0.46,0.43,0.64,0.65,0.75,0.85,0.70,0.63,0.76,0.75,0.51,0.63,0.74,0.86,0.74,0.84,1.01,1.07,1.13,1.01,1.29,1.19,1.30,1.18,1.06,1.23,0.90,0.86,1.02,1.01,1.03,1.03,1.14,1.09,0.98,0.91,0.86,0.77,0.39,0.25,0.25,-0.07,-0.02,-0.09,-0.23,-0.32,-0.47,-0.63,-0.62,-0.29,-0.48,-0.57,-0.59,-0.54,-0.47,-0.56,-0.66,-0.64,-0.62,-0.66,-0.63,-0.62,-0.69,-0.72,-0.66,-0.63,-0.63,-0.77,-0.87,-1.03,-1.03,-0.95,-1.02,-1.00,-1.12,-1.39,-1.27,-1.00,-1.10,-1.25,-1.29,-1.35,-1.49,-1.41,-1.22,-1.20,-1.41,-1.63,-1.49,-1.40,-1.57,-1.51,-1.55,-1.62,-1.39,-1.14,-1.30,-1.32
0.33,-0.11,-0.03,0.03,0.04,-0.11,-0.33,-0.23,-0.41,-0.39,-0.52,-0.51,-0.42,-0.48,-0.59,-0.71,-0.46,-0.21,-0.14,-0.22,-0.24,-0.07,-0.02,-0.12,-0.17,-0.26,-0.32,-0.32,-0.28,-0.13,-0.17,-0.42,-0.33,-0.12,-0.02,0.03,-0.04,-0.03,0.23,0.49,0.59,0.88,0.93,0.91,0.87,0.92,0.58,0.71,0.82,0.69,0.61,0.65,0.64,0.72,0.67,0.41,0.37,0.34,0.20,0.34,0.38,0.44,0.48,0.48,0.67,0.65,0.66,0.61,0.49,0.54,0.81,0.64,0.43,0.64,0.77,0.70,0.67,0.86,0.86,1.01,1.15,1.07,1.11,1.18,1.31,1.15,0.97,1.15,0.96,0.91,0.87,0.84,0.97,0.88,0.93,0.97,0.95,0.77,0.64,0.65,0.44,0.30,0.20,0.01,0.06,-0.18,-0.18,-0.19,-0.42,-0.59,-0.63,-0.64,-0.49,-0.68,-0.46,-0.61,-0.62,-0.67,-0.68,-0.67,-0.69,-0.67,-0.58,-0.58,-0.67,-0.81,-0.82,-0.72,-0.69,-0.82,-0.95,-1.10,-1.12,-1.08,-1.12,-1.17,-1.25,-1.34,-1.38,-1.11,-1.17,-1.43,-1.49,-1.53,-1.62,-1.44,-1.29,-1.38,-1.63,-1.73,-1.49,-1.69,-1.46,-1.65,-1.73,-1.62,-1.68,-1.44,-1.63,-1.45
0.44,0.29,0.06,-0.14,-0.08,-0.14,-0.33,-0.34,-0.41,-0.38,-0.53,-0.57,-0.47,-0.48,-0.69,-0.61,-0.44,-0.33,-0.23,-0.14,-0.18,-0.14,-0.03,-0.04,-0.17,-0.26,-0.33,-0.36,-0.28,-0.31,-0.36,-0.26,-0.43,-0.16,-0.04,0.06,-0.01,-0.19,0.12,0.61,0.61,0.84,1.07,0.90,0.84,0.82,0.76,0.80,0.80,0.84,0.69,0.63,0.61,0.61,0.58,0.48,0.48,0.35,0.23,0.40,0.51,0.51,0.29,0.41,0.63,0.61,0.61,0.46,0.46,0.44,0.61,0.63,0.34,0.46,0.79,0.56,0.77,0.79,0.92,1.03,1.22,1.00,1.06,1.12,1.30,1.19,0.91,1.07,1.02,0.97,0.88,0.76,0.69,0.74,0.69,0.75,0.67,0.53,0.55,0.56,0.44,0.29,0.14,-0.03,-0.07,-0.21,-0.23,-0.27,-0.52,-0.56,-0.63,-0.91,-0.48,-0.63,-0.57,-0.56,-0.68,-0.75,-0.69,-0.71,-0.78,-0.77,-0.68,-0.76,-0.81,-0.98,-1.02,-1.01,-0.97,-0.98,-1.17,-1.39,-1.44,-1.36,-1.36,-1.50,-1.25,-1.44,-1.54,-1.58,-1.63,-1.78,-1.97,-2.00,-1.97,-1.95,-1.86,-2.01,-2.11,-2.01,-2.27,-1.99,-2.16,-2.28,-2.28,-2.18,-1.93,-1.79,-2.09,-1.86
-0.07,-0.19,0.20,0.12,-0.03,-0.04,-0.12,-0.44,-0.68,-0.38,-0.41,-0.47,-0.54,-0.64,-0.76,-0.48,-0.47,-0.43,-0.37,-0.27,-0.12,-0.16,0.01,-0.11,-0.29,-0.31,-0.23,-0.23,-0.29,-0.19,-0.32,-0.21,-0.11,-0.17,0.07,0.20,-0.01,-0.12,0.13,0.54,0.84,1.07,0.95,0.74,1.04,0.85,0.71,0.67,0.71,0.86,0.77,0.64,0.54,0.53,0.50,0.48,0.55,0.48,0.30,0.32,0.39,0.43,0.12,0.17,0.43,0.51,0.59,0.43,0.46,0.38,0.46,0.51,0.45,0.32,0.72,0.43,0.75,0.71,0.90,0.95,1.01,0.86,1.02,1.17,1.17,1.08,0.92,1.11,0.82,0.81,0.81,0.70,0.56,0.66,0.55,0.60,0.63,0.53,0.49,0.50,0.39,0.18,0.06,-0.12,-0.24,-0.24,-0.51,-0.41,-0.61,-0.57,-0.59,-0.83,-0.61,-0.63,-0.63,-0.58,-0.69,-0.67,-0.57,-0.59,-0.78,-0.90,-0.95,-1.19,-1.02,-1.06,-1.31,-1.44,-1.35,-1.32,-1.54,-1.74,-1.76,-1.54,-1.26,-1.63,-1.79,-1.97,-2.10,-2.00,-2.05,-2.22,-2.41,-2.63,-2.60,-2.46,-2.51,-2.81,-2.88,-2.64,-2.92,-2.41,-2.64,-2.59,-2.48,-2.56,-2.24,-2.18,-2.14,-1.88
0.20,0.24,-0.06,-0.02,0.04,-0.01,-0.19,-0.44,-0.49,-0.48,-0.43,-0.44,-0.49,-0.56,-0.68,-0.63,-0.42,-0.33,-0.32,-0.27,-0.16,0.01,0.03,-0.13,-0.28,-0.33,-0.26,-0.29,-0.44,-0.47,-0.33,-0.32,-0.17,-0.19,-0.16,0.01,0.01,-0.11,0.24,0.60,0.63,1.01,0.98,0.88,0.85,0.86,0.76,0.61,0.90,0.79,0.77,0.59,0.58,0.53,0.46,0.38,0.29,0.29,0.24,0.17,0.14,0.22,0.12,0.15,0.32,0.34,0.37,0.22,0.25,0.29,0.30,0.39,0.38,0.28,0.65,0.54,0.75,0.67,0.66,0.79,0.81,0.64,0.90,1.17,1.00,0.85,0.82,0.90,0.75,0.72,0.58,0.58,0.60,0.63,0.53,0.50,0.60,0.60,0.54,0.54,0.33,-0.03,-0.06,-0.11,-0.24,-0.36,-0.61,-0.54,-0.73,-0.61,-0.76,-0.71,-0.78,-0.68,-0.62,-0.73,-0.71,-0.66,-0.59,-0.57,-0.77,-1.21,-1.68,-2.00,-1.72,-1.67,-2.09,-2.19,-2.18,-2.14,-2.25,-2.34,-2.36,-2.30,-2.04,-2.34,-2.45,-2.56,-2.63,-2.59,-2.61,-2.66,-2.72,-2.88,-2.75,-3.12,-3.09,-2.88,-2.79,-2.84,-3.03,-2.87,-2.93,-2.81,-2.68,-2.82,-2.56,-2.47,-2.20,-1.95
0.63,0.41,-0.14,0.01,0.01,-0.09,-0.17,-0.17,-0.27,-0.44,-0.41,-0.54,-0.63,-0.62,-0.71,-0.63,-0.56,-0.36,-0.23,-0.27,-0.23,0.08,-0.11,-0.18,-0.27,-0.39,-0.38,-0.44,-0.52,-0.49,-0.61,-0.48,-0.49,-0.34,-0.24,-0.04,-0.07,-0.18,0.12,0.54,0.70,0.79,0.69,0.86,0.65,0.86,0.76,0.76,0.79,0.72,0.72,0.61,0.48,0.40,0.41,0.29,0.14,0.12,0.09,0.15,0.24,0.24,0.24,0.12,0.18,0.12,0.04,-0.03,0.04,0.14,0.32,0.34,0.39,0.43,0.71,0.61,0.85,0.69,0.74,0.81,0.81,0.69,0.79,0.92,0.87,0.71,0.69,0.64,0.63,0.59,0.44,0.56,0.67,0.56,0.44,0.48,0.48,0.64,0.67,0.50,0.28,-0.16,-0.28,-0.26,-0.28,-0.44,-0.63,-0.68,-0.85,-0.75,-0.83,-0.68,-0.73,-0.68,-0.64,-0.77,-0.73,-0.73,-0.81,-0.83,-0.92,-1.45,-2.45,-2.97,-2.56,-2.38,-2.60,-2.50,-2.65,-2.77,-2.73,-2.78,-2.87,-2.74,-2.87,-2.86,-2.56,-2.69,-2.78,-2.88,-2.93,-2.88,-2.83,-3.09,-2.78,-3.15,-3.09,-3.05,-3.23,-3.06,-3.05,-2.83,-2.92,-2.79,-2.57,-2.61,-2.45,-2.59,-2.37,-2.11
0.70,0.32,-0.38,0.08,0.08,-0.04,-0.18,-0.31,-0.39,-0.59,-0.46,-0.38,-0.42,-0.56,-0.72,-0.95,-0.80,-0.43,-0.33,-0.42,-0.39,-0.16,-0.22,-0.32,-0.44,-0.58,-0.63,-0.67,-0.64,-0.56,-0.68,-0.66,-0.71,-0.28,-0.23,0.04,0.02,-0.26,0.08,0.65,0.74,0.79,0.98,0.80,0.67,0.74,0.58,0.65,0.66,0.55,0.53,0.48,0.43,0.34,0.34,0.28,0.20,0.14,-0.11,-0.18,-0.03,0.07,0.10,-0.08,0.02,0.03,0.03,0.02,-0.03,-0.03,0.30,0.32,0.43,0.54,0.70,0.64,0.74,0.70,0.79,0.80,0.79,0.91,0.85,0.84,0.85,0.71,0.63,0.59,0.67,0.56,0.53,0.74,0.77,0.56,0.49,0.51,0.49,0.76,0.88,0.59,0.25,-0.29,-0.49,-0.46,-0.39,-0.49,-0.58,-0.75,-0.76,-0.77,-0.81,-0.83,-0.66,-0.68,-0.72,-0.80,-0.82,-0.85,-0.88,-0.92,-1.01,-1.40,-2.16,-2.91,-2.81,-2.47,-2.59,-2.54,-2.79,-2.74,-2.57,-2.66,-2.84,-2.86,-2.70,-2.74,-2.77,-2.78,-2.74,-2.68,-2.65,-2.65,-2.65,-2.65,-2.59,-2.91,-2.79,-2.68,-2.93,-2.93,-2.88,-2.82,-2.84,-2.72,-2.46,-2.42,-2.20,-2.45,-2.41,-2.14
0.53,0.24,-0.18,0.01,-0.01,-0.19,-0.43,-0.62,-0.64,-0.59,-0.64,-0.56,-0.61,-0.78,-0.77,-0.75,-0.76,-0.62,-0.46,-0.46,-0.53,-0.36,-0.28,-0.57,-0.58,-0.66,-0.73,-0.76,-0.73,-0.63,-0.58,-0.62,-0.54,-0.21,-0.16,0.07,-0.01,-0.22,0.13,0.61,0.72,0.70,0.76,0.75,0.65,0.63,0.49,0.88,0.58,0.58,0.49,0.40,0.33,0.38,0.46,0.35,0.27,0.17,-0.02,-0.07,0.02,0.12,0.07,-0.09,0.02,-0.03,0.20,0.15,-0.09,-0.04,0.22,0.30,0.23,0.46,0.49,0.63,0.60,0.61,0.75,0.85,0.77,0.85,0.79,0.85,0.81,0.67,0.46,0.45,0.64,0.45,0.40,0.64,0.66,0.44,0.32,0.28,0.38,0.58,0.67,0.54,0.10,-0.33,-0.52,-0.56,-0.49,-0.56,-0.49,-0.72,-0.78,-0.71,-0.83,-0.87,-0.72,-0.69,-0.72,-0.88,-0.87,-0.93,-0.96,-0.86,-0.97,-1.26,-1.87,-2.41,-2.22,-2.18,-2.22,-2.23,-2.33,-2.38,-2.38,-2.34,-2.34,-2.41,-2.38,-2.46,-2.39,-2.41,-2.32,-2.37,-2.51,-2.52,-2.60,-2.64,-2.56,-2.65,-2.56,-2.45,-2.60,-2.69,-2.57,-2.57,-2.59,-2.51,-2.34,-2.36,-2.07,-2.18,-2.23,-1.97
0.44,0.29,0.08,0.02,-0.18,-0.43,-0.59,-0.58,-0.54,-0.82,-0.83,-0.61,-0.58,-0.76,-0.77,-0.82,-0.41,-0.51,-0.48,-0.47,-0.54,-0.52,-0.52,-0.77,-0.58,-0.69,-0.80,-0.85,-0.76,-0.57,-0.56,-0.63,-0.43,-0.27,-0.29,-0.02,-0.06,-0.09,0.30,0.72,0.75,0.60,0.69,0.59,0.55,0.50,0.39,0.45,0.61,0.17,0.23,0.10,0.12,-0.07,-0.14,-0.01,0.08,0.01,-0.04,-0.03,-0.02,-0.06,-0.09,-0.16,-0.03,-0.06,0.13,0.04,-0.16,-0.01,0.29,0.24,0.10,0.37,0.39,0.56,0.50,0.49,0.71,0.74,0.75,0.64,0.56,0.63,0.72,0.58,0.39,0.29,0.33,0.23,0.20,0.24,0.28,0.17,-0.03,-0.07,0.03,0.07,0.15,0.20,-0.08,-0.26,-0.46,-0.58,-0.59,-0.61,-0.72,-0.78,-0.95,-0.96,-0.85,-0.83,-0.85,-0.85,-0.59,-0.69,-0.85,-0.83,-0.73,-0.73,-0.91,-1.05,-1.76,-2.06,-2.27,-2.11,-1.77,-1.95,-2.01,-2.04,-2.15,-2.19,-2.11,-2.07,-2.29,-2.42,-2.16,-2.20,-2.34,-2.33,-2.23,-2.23,-2.36,-1.96,-2.11,-2.39,-2.38,-2.25,-2.32,-2.33,-2.30,-2.23,-2.20,-2.22,-2.20,-2.29,-1.95,-1.96,-1.99,-1.82
0.34,0.22,0.02,-0.02,-0.44,-0.67,-0.76,-0.78,-0.69,-0.85,-0.85,-0.88,-0.88,-0.80,-0.72,-0.90,-0.64,-0.93,-0.87,-0.69,-0.69,-0.83,-0.86,-0.69,-0.73,-0.90,-0.96,-0.98,-0.83,-0.59,-0.69,-0.77,-0.46,-0.22,-0.27,-0.11,-0.19,-0.19,0.22,0.50,0.45,0.35,0.12,0.01,0.18,0.23,-0.18,0.01,-0.02,-0.24,-0.34,-0.53,-0.64,-0.32,-0.19,-0.23,-0.27,-0.23,-0.11,-0.03,-0.02,0.06,0.12,0.15,0.12,-0.07,0.10,0.14,-0.08,-0.06,0.10,0.22,0.14,0.32,0.45,0.53,0.32,0.45,0.56,0.45,0.54,0.45,0.48,0.45,0.63,0.45,0.34,0.18,0.14,0.06,0.03,-0.04,-0.08,-0.13,-0.27,-0.34,-0.37,-0.39,-0.23,-0.06,-0.36,-0.48,-0.54,-0.64,-0.71,-0.78,-1.00,-0.83,-1.08,-1.06,-1.03,-1.06,-1.12,-0.96,-0.87,-0.85,-0.78,-0.91,-1.01,-0.91,-0.96,-1.00,-1.38,-1.93,-2.00,-1.77,-1.85,-1.82,-1.85,-2.00,-2.02,-1.95,-1.96,-2.05,-2.11,-2.15,-2.20,-2.18,-2.20,-2.11,-1.97,-2.13,-2.11,-1.91,-1.92,-2.11,-2.15,-2.11,-2.24,-2.02,-2.16,-2.15,-2.06,-2.06,-2.13,-2.14,-2.00,-1.86,-1.87,-1.83
-0.01,-0.12,-0.32,-0.46,-0.71,-0.76,-0.80,-0.86,-0.91,-0.87,-0.87,-0.93,-0.98,-0.96,-0.83,-0.87,-1.01,-0.95,-0.87,-0.82,-0.87,-1.02,-1.00,-0.93,-0.80,-0.92,-0.75,-0.85,-0.92,-0.80,-0.78,-0.64,-0.41,-0.18,-0.31,-0.17,-0.16,-0.19,0.13,0.27,0.07,-0.01,-0.08,-0.32,-0.51,-0.54,-0.82,-0.76,-0.72,-0.87,-0.58,-0.33,-0.09,-0.06,0.06,0.12,0.09,0.03,0.08,0.15,0.04,0.02,-0.01,0.12,0.03,0.04,0.22,0.18,0.13,0.04,0.24,0.15,0.12,0.33,0.29,0.48,0.28,0.44,0.55,0.44,0.30,0.33,0.50,0.55,0.54,0.30,0.25,0.12,0.09,-0.12,-0.22,-0.28,-0.28,-0.32,-0.44,-0.58,-0.71,-0.71,-0.54,-0.37,-0.57,-0.71,-0.81,-0.98,-0.95,-1.16,-1.21,-0.96,-1.02,-0.97,-1.08,-1.01,-0.98,-0.92,-0.93,-0.92,-0.92,-1.05,-1.10,-0.96,-0.97,-0.87,-1.08,-1.63,-1.41,-1.65,-1.64,-1.63,-1.83,-1.88,-1.85,-1.93,-1.86,-1.88,-2.14,-2.01,-2.10,-2.11,-2.00,-1.85,-1.74,-1.77,-1.78,-1.95,-1.88,-1.90,-1.97,-2.09,-2.32,-1.83,-1.97,-2.10,-2.05,-1.97,-2.01,-1.82,-1.95,-1.86,-1.85,-1.79
-0.41,-0.46,-0.63,-0.98,-0.71,-0.67,-0.78,-0.92,-0.95,-0.75,-0.73,-0.87,-0.86,-0.88,-1.03,-0.86,-0.85,-0.82,-0.90,-0.77,-0.72,-0.92,-0.80,-0.87,-0.63,-0.77,-0.72,-0.82,-0.85,-0.73,-0.68,-0.51,-0.51,-0.31,-0.23,-0.17,-0.08,-0.31,-0.26,-0.26,-0.38,-0.34,-0.34,-0.48,-0.80,-1.14,-1.00,-1.11,-0.90,-0.77,-0.48,-0.07,-0.08,0.06,-0.03,-0.13,0.07,0.10,0.10,0.15,0.08,0.10,0.03,0.07,0.19,0.23,0.15,0.10,0.07,0.14,0.39,0.03,0.15,0.27,0.17,0.37,0.40,0.37,0.51,0.50,0.34,0.45,0.45,0.58,0.46,0.15,0.02,-0.06,-0.09,-0.18,-0.37,-0.46,-0.43,-0.53,-0.62,-0.71,-0.75,-0.73,-0.76,-0.57,-0.68,-0.69,-0.95,-1.17,-1.08,-1.17,-1.15,-1.11,-1.10,-1.27,-1.16,-1.11,-1.01,-0.93,-0.96,-1.01,-0.96,-1.03,-1.14,-0.92,-0.95,-0.82,-0.91,-1.51,-1.39,-1.45,-1.48,-1.62,-1.78,-1.90,-1.90,-1.85,-1.88,-1.79,-2.10,-2.10,-2.01,-1.97,-1.93,-1.79,-1.59,-1.54,-1.53,-1.78,-1.71,-1.74,-1.93,-2.05,-2.19,-1.63,-1.71,-1.92,-1.95,-1.85,-1.93,-1.92,-1.93,-1.81,-1.71,-1.63
-0.62,-0.57,-0.67,-0.90,-0.51,-0.56,-0.83,-0.97,-0.81,-0.77,-0.75,-0.77,-0.75,-0.82,-0.91,-0.87,-0.81,-0.77,-0.77,-0.69,-0.76,-0.91,-0.72,-1.03,-0.63,-0.97,-0.87,-0.80,-0.58,-0.44,-0.61,-0.66,-0.63,-0.34,-0.12,-0.42,-0.28,-0.47,-0.46,-0.52,-0.66,-0.72,-0.85,-0.93,-1.01,-1.10,-0.90,-0.78,-0.58,-0.26,0.06,0.02,0.02,0.18,0.15,-0.11,-0.06,0.13,0.07,-0.16,-0.12,0.03,-0.21,-0.13,0.12,0.03,0.07,0.24,-0.14,-0.04,0.19,-0.06,0.13,0.15,0.23,0.03,0.41,0.24,0.43,0.32,0.25,0.20,0.03,0.22,0.17,-0.31,-0.53,-0.49,-0.52,-0.46,-0.57,-0.83,-0.90,-0.91,-1.00,-1.02,-0.97,-0.93,-1.00,-0.81,-1.03,-0.96,-1.02,-1.17,-1.07,-1.29,-1.15,-1.26,-1.40,-1.26,-1.11,-1.07,-0.92,-0.92,-0.96,-0.93,-0.86,-0.96,-1.14,-1.02,-1.03,-0.97,-1.20,-1.36,-1.40,-1.43,-1.50,-1.64,-1.77,-1.86,-1.91,-1.87,-1.99,-1.95,-2.18,-2.20,-2.10,-2.00,-1.86,-1.68,-1.55,-1.67,-1.48,-1.67,-1.67,-1.72,-1.87,-1.96,-1.99,-1.69,-1.90,-2.11,-2.04,-1.77,-2.00,-1.93,-1.81,-1.72,-1.74,-1.69
-0.62,-0.56,-0.71,-0.87,-0.71,-0.58,-0.73,-0.80,-0.71,-0.85,-0.78,-0.66,-0.64,-0.77,-0.90,-0.83,-0.64,-0.37,-0.49,-0.54,-0.59,-0.63,-0.48,-0.54,-0.44,-0.66,-0.42,-0.44,-0.47,-0.49,-0.62,-0.62,-0.42,-0.47,-0.48,-0.85,-0.66,-0.80,-0.68,-0.72,-0.82,-0.92,-1.08,-0.97,-0.93,-0.95,-0.90,-0.46,-0.38,-0.26,-0.02,-0.12,-0.09,-0.02,-0.01,-0.02,-0.02,-0.03,-0.12,-0.18,-0.11,-0.06,-0.07,-0.04,0.06,-0.21,-0.11,0.03,-0.08,-0.04,0.01,0.01,-0.01,0.07,0.19,-0.04,-0.03,-0.03,-0.04,-0.13,-0.26,-0.34,-0.52,-0.38,-0.48,-0.81,-0.95,-0.85,-0.92,-0.95,-0.92,-1.24,-1.34,-1.21,-1.25,-1.24,-1.20,-1.19,-1.11,-0.96,-1.08,-1.22,-1.25,-1.10,-1.08,-1.36,-1.12,-1.22,-1.26,-1.44,-1.15,-1.17,-1.07,-1.11,-1.08,-1.00,-1.02,-1.14,-1.19,-1.16,-1.03,-0.97,-1.20,-1.29,-1.49,-1.60,-1.71,-1.81,-1.87,-1.91,-1.92,-1.85,-2.05,-1.96,-2.15,-2.18,-2.18,-2.05,-1.87,-1.71,-1.55,-1.67,-1.49,-1.71,-1.81,-1.90,-2.00,-1.96,-2.16,-1.99,-2.04,-1.97,-1.81,-1.85,-1.91,-1.96,-2.05,-2.02,-1.86,-1.64
-0.57,-0.57,-0.56,-0.57,-0.76,-0.78,-0.80,-0.73,-0.68,-0.77,-0.63,-0.53,-0.48,-0.66,-0.85,-0.77,-0.71,-0.56,-0.82,-0.81,-0.75,-0.69,-0.57,-0.81,-0.83,-1.14,-0.85,-0.87,-0.85,-0.78,-0.82,-0.81,-0.69,-0.83,-0.81,-0.86,-0.88,-1.15,-1.02,-0.98,-0.95,-1.03,-1.08,-0.86,-0.80,-0.73,-0.76,-0.36,-0.36,-0.28,-0.26,-0.24,-0.13,0.06,-0.06,-0.23,-0.24,-0.19,-0.11,-0.18,-0.32,-0.24,-0.32,-0.28,-0.07,0.02,-0.04,-0.12,-0.22,-0.16,-0.09,0.07,-0.22,0.12,-0.19,-0.18,-0.66,-0.43,-0.46,-0.62,-0.85,-0.76,-0.75,-0.92,-1.06,-1.05,-1.20,-1.16,-1.06,-1.10,-1.20,-1.21,-1.26,-1.26,-1.31,-1.39,-1.20,-1.12,-1.16,-1.22,-1.30,-1.12,-1.34,-1.06,-1.17,-1.20,-1.20,-1.39,-1.58,-1.36,-1.21,-1.16,-1.08,-1.02,-1.02,-1.00,-0.98,-1.10,-1.26,-1.12,-1.06,-0.88,-1.25,-1.45,-1.63,-1.76,-1.79,-1.83,-1.85,-1.83,-1.95,-1.87,-2.20,-2.00,-2.09,-2.14,-2.19,-2.10,-2.01,-1.97,-1.53,-1.53,-1.44,-1.85,-1.97,-1.86,-1.88,-1.91,-2.04,-2.13,-2.13,-2.00,-1.82,-1.85,-2.13,-2.00,-1.99,-1.92,-1.73,-1.53
-0.69,-0.78,-0.87,-0.98,-0.82,-0.81,-0.88,-0.78,-0.75,-0.93,-0.73,-0.58,-0.48,-0.62,-0.85,-0.90,-0.88,-0.82,-0.96,-0.88,-0.86,-0.77,-0.59,-0.85,-1.01,-1.17,-1.07,-1.10,-1.07,-0.93,-0.91,-0.97,-0.92,-1.02,-0.81,-0.78,-0.85,-1.00,-1.05,-0.98,-1.01,-1.11,-1.06,-0.86,-0.71,-0.72,-0.76,-0.41,-0.47,-0.34,-0.34,-0.48,-0.49,-0.26,-0.32,-0.47,-0.54,-0.57,-0.51,-0.47,-0.37,-0.27,-0.39,-0.38,-0.29,-0.17,-0.07,-0.47,-0.53,-0.53,-0.23,0.20,-0.37,-0.43,-0.33,-0.63,-0.71,-0.93,-0.78,-0.88,-0.87,-0.86,-0.92,-1.11,-1.03,-1.08,-1.30,-1.19,-1.15,-1.16,-1.31,-1.40,-1.41,-1.44,-1.48,-1.53,-1.39,-1.27,-1.34,-1.14,-1.30,-1.29,-1.19,-1.11,-1.00,-0.98,-1.06,-1.20,-1.35,-1.38,-1.35,-1.03,-1.24,-1.46,-1.31,-1.05,-0.97,-1.12,-1.38,-1.27,-1.11,-1.08,-1.26,-1.59,-1.63,-1.65,-1.71,-1.76,-1.82,-1.90,-2.01,-2.02,-2.30,-2.07,-2.15,-2.18,-2.23,-2.22,-2.05,-1.81,-1.43,-1.50,-1.26,-1.43,-1.73,-1.91,-1.92,-1.91,-2.19,-1.93,-1.97,-2.09,-2.02,-1.96,-2.09,-2.05,-1.96,-1.82,-1.67,-1.62
-0.66,-0.72,-0.86,-0.81,-0.59,-0.80,-0.87,-0.82,-0.73,-0.73,-1.08,-0.95,-0.83,-0.88,-1.03,-1.10,-0.95,-0.90,-1.05,-1.01,-0.93,-0.81,-0.76,-0.97,-1.08,-1.19,-1.03,-1.01,-0.97,-1.00,-1.10,-1.05,-0.85,-1.01,-0.92,-1.17,-1.11,-1.05,-0.97,-0.91,-0.96,-0.96,-0.90,-0.77,-0.61,-0.67,-0.69,-0.61,-0.53,-0.52,-0.49,-0.53,-0.61,-0.49,-0.62,-0.63,-0.67,-0.78,-0.71,-0.64,-0.68,-0.75,-0.87,-0.90,-0.77,-0.68,-0.85,-1.06,-0.97,-0.75,-0.54,-0.77,-0.42,-0.48,-0.52,-0.47,-0.76,-0.97,-0.81,-0.73,-0.75,-0.91,-0.86,-0.97,-1.16,-1.26,-1.29,-1.19,-1.15,-1.25,-1.38,-1.43,-1.40,-1.35,-1.46,-1.57,-1.45,-1.38,-1.30,-1.06,-1.20,-1.29,-1.19,-1.07,-1.44,-1.12,-1.35,-1.20,-1.40,-1.54,-1.55,-1.43,-1.43,-1.38,-1.26,-1.15,-1.06,-1.15,-1.32,-1.32,-1.43,-1.25,-1.27,-1.57,-1.59,-1.59,-1.63,-1.67,-1.74,-1.83,-2.11,-2.16,-2.29,-2.02,-2.20,-2.23,-2.22,-2.13,-1.87,-1.60,-1.44,-1.73,-1.67,-1.62,-1.77,-1.96,-1.88,-1.77,-2.01,-1.88,-2.02,-2.19,-2.02,-2.00,-2.11,-2.27,-2.09,-1.82,-1.69,-1.76
-0.61,-0.72,-0.87,-0.83,-0.78,-0.80,-1.00,-1.02,-0.96,-0.95,-0.91,-1.01,-1.00,-0.90,-1.02,-1.16,-0.98,-1.02,-1.19,-1.05,-0.91,-0.83,-0.85,-1.02,-1.17,-1.20,-1.05,-1.20,-1.01,-0.80,-0.78,-0.72,-0.57,-0.56,-0.95,-0.83,-0.95,-0.76,-0.67,-0.82,-0.85,-0.78,-0.73,-0.64,-0.57,-0.61,-0.77,-0.83,-0.81,-0.80,-0.75,-0.76,-0.87,-0.91,-0.78,-0.71,-0.75,-0.82,-0.93,-1.06,-1.06,-1.01,-1.10,-1.24,-1.05,-0.92,-0.98,-1.15,-1.22,-0.87,-0.67,-0.53,-0.49,-0.66,-0.73,-0.52,-0.69,-0.64,-0.68,-0.95,-0.87,-1.00,-0.95,-0.96,-1.02,-1.20,-1.21,-1.25,-1.25,-1.20,-1.31,-1.29,-1.14,-1.20,-1.22,-1.03,-1.06,-1.21,-1.02,-0.90,-1.06,-1.22,-1.10,-1.12,-1.31,-1.15,-1.24,-1.20,-1.39,-1.43,-1.41,-1.45,-1.53,-1.45,-1.35,-1.30,-1.24,-1.29,-1.43,-1.54,-1.58,-1.34,-1.26,-1.45,-1.49,-1.57,-1.60,-1.62,-1.65,-1.64,-2.10,-2.02,-2.14,-1.95,-2.00,-2.16,-2.25,-2.22,-1.90,-1.08,-1.07,-1.35,-1.57,-1.64,-1.69,-1.73,-1.71,-1.81,-2.07,-1.92,-1.96,-2.15,-1.93,-2.07,-2.22,-2.24,-2.11,-1.81,-1.64,-1.64
-0.67,-0.81,-0.88,-0.85,-0.97,-0.96,-0.81,-0.78,-0.88,-0.86,-0.56,-0.91,-1.16,-1.11,-1.03,-1.02,-1.00,-1.06,-1.01,-0.90,-0.91,-0.86,-0.76,-0.78,-0.88,-0.98,-0.80,-1.10,-0.87,-0.67,-0.67,-0.68,-0.56,-0.39,-0.68,-0.56,-0.86,-0.80,-0.52,-0.85,-1.03,-1.00,-0.85,-0.71,-0.68,-0.80,-1.08,-0.91,-1.05,-0.88,-0.82,-0.91,-0.82,-0.93,-0.80,-0.87,-0.90,-0.90,-1.03,-1.21,-1.19,-1.21,-1.43,-1.49,-1.41,-1.21,-1.25,-1.22,-1.48,-1.30,-1.00,-0.98,-0.93,-0.59,-0.75,-0.73,-0.83,-0.75,-0.68,-0.90,-0.77,-1.07,-0.96,-1.08,-1.10,-1.27,-1.22,-1.25,-1.22,-1.15,-1.29,-1.41,-1.43,-1.48,-1.43,-1.26,-1.27,-1.34,-1.43,-1.35,-1.38,-1.14,-1.54,-1.43,-1.72,-1.58,-1.50,-1.38,-1.44,-1.59,-1.48,-1.50,-1.45,-1.45,-1.46,-1.43,-1.48,-1.48,-1.40,-1.77,-1.41,-1.43,-1.35,-1.39,-1.40,-1.49,-1.53,-1.55,-1.64,-1.73,-1.99,-1.76,-1.82,-1.97,-2.13,-2.20,-2.16,-2.04,-1.72,-0.83,-0.97,-1.31,-1.69,-1.83,-1.82,-1.85,-1.90,-2.02,-2.06,-1.82,-1.83,-2.11,-1.95,-2.15,-2.10,-2.00,-1.90,-1.78,-1.58,-1.30
-0.81,-0.86,-0.86,-0.90,-1.05,-0.98,-0.77,-0.87,-0.98,-0.87,-0.61,-0.93,-0.72,-0.59,-0.64,-0.76,-0.73,-0.62,-0.71,-0.78,-0.87,-0.82,-0.67,-0.59,-0.64,-0.88,-0.75,-0.80,-0.66,-0.64,-0.64,-0.64,-0.66,-0.66,-0.91,-0.93,-0.97,-0.82,-0.80,-0.93,-0.97,-0.95,-0.95,-0.97,-0.92,-0.92,-1.16,-0.96,-1.06,-0.69,-0.75,-0.82,-0.58,-0.83,-0.77,-0.97,-1.01,-1.07,-1.12,-1.24,-1.26,-1.24,-1.44,-1.50,-1.32,-1.30,-1.35,-1.19,-1.25,-1.45,-1.14,-1.40,-1.10,-0.91,-0.77,-0.83,-0.77,-0.66,-0.90,-1.00,-1.05,-1.08,-1.06,-1.16,-0.98,-1.05,-0.96,-1.12,-1.27,-1.34,-1.41,-1.39,-1.40,-1.45,-1.46,-1.40,-1.27,-1.39,-1.48,-1.32,-1.39,-1.43,-1.48,-1.46,-1.67,-1.38,-1.46,-1.50,-1.54,-1.65,-1.57,-1.59,-1.65,-1.62,-1.49,-1.40,-1.59,-1.64,-1.48,-1.68,-1.39,-1.49,-1.48,-1.40,-1.39,-1.48,-1.54,-1.55,-1.73,-1.78,-2.02,-1.87,-2.09,-2.06,-2.05,-2.25,-2.27,-1.88,-1.71,-0.91,-1.12,-1.38,-1.59,-1.63,-1.69,-1.92,-1.77,-1.93,-1.88,-1.74,-1.83,-2.11,-1.86,-2.05,-1.86,-1.85,-1.86,-1.72,-1.73,-1.50
-0.77,-0.76,-0.81,-0.88,-0.90,-0.77,-0.76,-0.96,-1.02,-0.96,-0.88,-0.73,-0.58,-0.62,-0.77,-0.78,-0.61,-0.47,-0.59,-0.64,-0.68,-0.72,-0.72,-0.67,-0.75,-0.96,-0.88,-0.80,-0.77,-0.85,-0.82,-0.78,-0.76,-0.83,-0.93,-1.03,-1.15,-1.38,-1.08,-1.03,-1.03,-0.97,-1.05,-1.06,-0.93,-0.96,-1.07,-1.01,-1.05,-0.72,-0.67,-0.71,-0.57,-0.77,-0.78,-1.01,-1.07,-1.16,-1.17,-1.29,-1.38,-1.27,-1.34,-1.38,-1.24,-1.22,-1.12,-1.06,-1.36,-1.29,-1.36,-1.39,-1.19,-0.93,-0.90,-1.01,-1.39,-0.90,-0.86,-1.20,-1.02,-1.19,-0.98,-1.27,-1.16,-1.30,-1.12,-0.98,-1.14,-1.43,-1.51,-1.44,-1.46,-1.43,-1.43,-1.50,-1.54,-1.55,-1.58,-1.25,-1.41,-1.48,-1.53,-1.74,-1.59,-1.44,-1.40,-1.48,-1.54,-1.65,-1.57,-1.50,-1.55,-1.57,-1.44,-1.34,-1.45,-1.50,-1.62,-1.46,-1.43,-1.50,-1.39,-1.36,-1.41,-1.51,-1.72,-1.83,-1.91,-1.81,-2.29,-2.15,-2.14,-1.88,-1.88,-2.07,-2.10,-1.91,-1.91,-1.59,-1.45,-1.53,-1.68,-1.71,-1.71,-1.85,-1.69,-1.81,-1.82,-1.81,-1.93,-2.11,-1.76,-1.85,-1.87,-1.96,-1.95,-1.78,-2.07,-1.83
-0.43,-0.67,-0.78,-0.80,-0.73,-0.58,-0.80,-0.93,-0.95,-0.96,-0.92,-0.68,-0.69,-0.75,-0.98,-1.05,-0.77,-0.51,-0.73,-0.87,-0.91,-0.75,-0.69,-0.82,-0.97,-1.05,-1.08,-0.95,-0.98,-0.92,-0.80,-0.73,-0.77,-0.81,-0.87,-0.97,-0.97,-1.11,-1.05,-0.88,-0.88,-0.80,-0.86,-0.90,-0.86,-0.91,-0.96,-0.76,-0.82,-0.91,-0.67,-0.85,-0.72,-0.82,-0.92,-1.03,-1.07,-1.12,-1.25,-1.38,-1.40,-1.41,-1.43,-1.35,-1.20,-1.17,-1.15,-1.08,-1.49,-1.34,-1.35,-1.49,-1.35,-1.20,-1.12,-1.20,-1.26,-1.25,-1.06,-1.02,-1.19,-1.21,-1.12,-1.15,-1.29,-1.36,-1.22,-1.25,-1.26,-1.25,-1.26,-1.32,-1.38,-1.25,-1.17,-1.35,-1.41,-1.44,-1.49,-1.25,-1.22,-1.41,-1.21,-1.46,-1.40,-1.45,-1.31,-1.34,-1.46,-1.62,-1.59,-1.55,-1.53,-1.49,-1.48,-1.39,-1.29,-1.32,-1.68,-1.44,-1.34,-1.45,-1.24,-1.34,-1.53,-1.62,-1.69,-1.71,-1.78,-1.91,-2.05,-1.95,-1.96,-1.88,-1.90,-2.01,-2.07,-2.09,-2.09,-1.59,-1.26,-1.32,-1.60,-1.74,-1.67,-1.73,-1.73,-1.95,-1.96,-1.91,-1.95,-2.20,-2.02,-1.93,-1.82,-1.92,-2.11,-1.92,-2.02,-1.81
-0.73,-0.82,-0.88,-0.81,-0.68,-0.76,-0.93,-0.91,-0.91,-0.96,-1.00,-0.86,-0.93,-1.01,-1.15,-1.02,-0.72,-0.76,-1.29,-0.82,-0.90,-0.75,-0.66,-0.91,-1.19,-1.05,-1.14,-0.85,-0.96,-0.87,-0.78,-0.73,-0.73,-0.82,-0.90,-0.87,-1.07,-1.08,-1.00,-0.75,-0.71,-0.73,-0.61,-0.59,-0.69,-0.73,-0.90,-0.75,-0.77,-0.83,-0.73,-1.12,-1.02,-1.11,-1.12,-1.14,-1.11,-1.17,-1.35,-1.36,-1.34,-1.45,-1.51,-1.38,-1.21,-1.21,-1.29,-1.31,-1.57,-1.53,-1.41,-1.48,-1.43,-1.12,-1.32,-1.26,-1.49,-1.43,-1.30,-1.25,-1.21,-1.29,-1.07,-1.08,-1.30,-1.30,-1.19,-1.20,-1.20,-1.17,-1.20,-1.25,-1.31,-1.38,-1.31,-1.21,-1.36,-1.32,-1.30,-1.44,-1.20,-1.43,-1.32,-1.34,-1.43,-1.44,-1.35,-1.31,-1.38,-1.55,-1.59,-1.60,-1.57,-1.50,-1.50,-1.39,-1.29,-1.29,-1.71,-1.46,-1.41,-1.39,-1.32,-1.46,-1.69,-1.77,-1.69,-1.69,-1.64,-1.77,-1.77,-1.88,-2.06,-1.96,-1.88,-2.01,-2.14,-2.09,-2.11,-1.53,-1.25,-1.21,-1.40,-1.59,-1.55,-1.76,-1.63,-2.00,-2.04,-1.90,-1.91,-2.09,-1.97,-1.99,-2.02,-2.00,-1.90,-1.72,-1.82,-1.78
-0.77,-0.98,-0.93,-0.67,-0.73,-1.24,-0.97,-0.92,-0.88,-0.92,-0.98,-1.00,-0.90,-1.08,-1.01,-0.93,-0.85,-0.72,-0.92,-0.86,-0.81,-0.90,-0.96,-1.01,-1.03,-0.98,-0.93,-0.78,-0.92,-0.88,-0.90,-0.83,-0.75,-0.78,-0.86,-0.83,-0.97,-1.03,-0.86,-0.64,-0.72,-0.73,-0.68,-0.80,-0.95,-1.00,-1.01,-0.91,-1.05,-1.15,-1.03,-1.30,-1.22,-1.10,-1.17,-1.27,-1.25,-1.30,-1.31,-1.30,-1.27,-1.36,-1.49,-1.41,-1.26,-1.24,-1.30,-1.31,-1.36,-1.40,-1.30,-1.15,-1.12,-0.93,-1.07,-1.08,-1.27,-1.08,-0.92,-1.01,-1.10,-1.17,-1.11,-1.10,-1.00,-0.87,-0.82,-0.96,-1.08,-1.05,-1.02,-1.08,-1.10,-1.20,-1.27,-1.17,-1.27,-1.27,-1.26,-1.26,-1.27,-1.36,-1.40,-1.26,-1.38,-1.29,-1.35,-1.34,-1.29,-1.36,-1.41,-1.41,-1.43,-1.45,-1.44,-1.31,-1.44,-1.20,-1.45,-1.40,-1.38,-1.38,-1.39,-1.35,-1.38,-1.55,-1.72,-1.74,-1.81,-1.86,-1.83,-1.86,-1.92,-2.06,-2.02,-2.01,-2.30,-2.13,-2.11,-1.58,-1.44,-1.31,-1.35,-1.46,-1.48,-1.90,-1.53,-1.60,-1.63,-1.69,-2.04,-1.87,-1.73,-1.74,-1.71,-1.72,-1.83,-1.62,-1.77,-1.77
-0.86,-0.91,-1.02,-0.96,-0.93,-1.05,-1.19,-0.91,-0.83,-0.81,-0.90,-1.03,-0.86,-1.05,-0.98,-1.03,-1.00,-0.90,-0.88,-0.95,-0.83,-0.93,-1.05,-1.10,-1.12,-1.19,-1.29,-1.19,-1.02,-1.01,-0.92,-0.85,-0.73,-0.75,-0.81,-0.72,-0.82,-0.72,-0.64,-0.62,-0.77,-0.77,-0.71,-0.78,-0.91,-0.97,-1.01,-1.15,-1.20,-1.15,-1.03,-1.11,-1.05,-1.20,-1.14,-1.40,-1.34,-1.17,-1.25,-1.38,-1.35,-1.35,-1.48,-1.49,-1.31,-1.20,-1.17,-1.06,-1.22,-1.29,-1.15,-0.98,-0.96,-0.95,-0.80,-0.96,-1.02,-0.81,-0.91,-0.97,-0.97,-1.16,-1.00,-0.97,-0.86,-0.88,-0.87,-0.91,-1.03,-1.07,-1.07,-1.06,-0.97,-1.03,-1.20,-1.25,-1.31,-1.32,-1.27,-1.12,-1.31,-1.29,-1.34,-1.30,-1.31,-1.35,-1.32,-1.40,-1.32,-1.25,-1.30,-1.31,-1.34,-1.43,-1.43,-1.46,-1.57,-1.38,-1.30,-1.43,-1.41,-1.36,-1.43,-1.41,-1.35,-1.38,-1.64,-1.82,-1.51,-1.73,-1.74,-1.88,-2.00,-2.13,-2.16,-2.01,-2.14,-2.11,-2.01,-1.55,-1.41,-1.39,-1.45,-1.57,-1.32,-1.91,-1.77,-1.74,-1.78,-1.78,-1.99,-2.11,-2.02,-2.07,-2.00,-1.85,-1.95,-1.64,-1.81,-1.81
-0.88,-1.05,-1.10,-1.14,-1.08,-0.97,-1.01,-1.05,-1.01,-0.96,-1.01,-1.08,-1.01,-1.11,-1.06,-1.02,-0.87,-0.75,-0.95,-0.92,-0.83,-0.90,-1.02,-1.05,-0.98,-0.93,-0.90,-0.97,-1.11,-1.07,-0.93,-0.80,-0.80,-0.90,-0.91,-0.77,-0.80,-0.73,-0.67,-0.72,-0.91,-0.95,-0.93,-1.10,-1.25,-1.31,-1.36,-1.36,-1.44,-1.62,-1.57,-1.55,-1.59,-1.32,-1.38,-1.44,-1.43,-1.36,-1.53,-1.65,-1.58,-1.48,-1.58,-1.60,-1.29,-1.08,-0.98,-0.87,-1.11,-1.26,-1.08,-1.11,-1.00,-1.06,-0.88,-0.82,-0.98,-0.92,-1.05,-1.03,-1.03,-1.15,-0.97,-0.86,-0.81,-0.97,-1.02,-0.93,-0.93,-1.05,-1.20,-1.16,-1.01,-1.07,-1.12,-1.24,-1.26,-1.26,-1.27,-1.20,-1.31,-1.22,-1.34,-1.48,-1.40,-1.53,-1.50,-1.51,-1.45,-1.41,-1.51,-1.53,-1.51,-1.53,-1.45,-1.39,-1.72,-1.50,-1.63,-1.54,-1.48,-1.27,-1.20,-1.31,-1.41,-1.48,-1.53,-1.76,-1.55,-1.99,-1.91,-1.85,-1.95,-2.11,-2.18,-2.07,-2.02,-2.14,-1.99,-1.60,-1.25,-1.26,-1.43,-1.40,-1.39,-1.64,-1.62,-1.60,-1.71,-1.82,-1.85,-1.73,-1.91,-2.01,-1.96,-1.79,-1.82,-1.68,-1.69,-1.76
-0.75,-0.95,-0.90,-0.85,-0.77,-0.73,-0.83,-0.97,-1.10,-1.12,-1.12,-1.08,-1.08,-1.30,-1.12,-1.05,-0.83,-0.80,-1.08,-1.01,-0.97,-1.03,-1.19,-1.22,-1.24,-1.26,-1.26,-1.27,-1.24,-1.15,-0.92,-0.91,-1.01,-1.14,-1.19,-1.12,-1.03,-1.08,-0.90,-0.96,-1.26,-1.20,-1.15,-1.30,-1.48,-1.53,-1.55,-1.58,-1.48,-1.54,-1.79,-1.69,-1.74,-1.40,-1.51,-1.60,-1.59,-1.59,-1.71,-1.79,-1.67,-1.48,-1.50,-1.49,-1.14,-0.95,-0.92,-0.83,-0.86,-1.00,-1.03,-1.15,-0.82,-1.03,-1.01,-0.91,-1.05,-1.06,-0.90,-0.93,-1.02,-1.05,-0.95,-0.75,-0.71,-0.96,-1.05,-0.92,-0.86,-0.93,-1.05,-1.08,-1.01,-1.11,-1.14,-1.22,-1.05,-1.14,-1.36,-1.11,-1.25,-1.22,-1.43,-1.49,-1.41,-1.40,-1.49,-1.54,-1.44,-1.36,-1.39,-1.51,-1.57,-1.51,-1.50,-1.62,-1.64,-1.64,-1.62,-1.62,-1.48,-1.49,-1.44,-1.39,-1.50,-1.68,-1.71,-1.74,-1.57,-1.88,-2.01,-1.92,-1.95,-2.04,-2.04,-2.10,-2.27,-2.32,-2.22,-1.86,-1.43,-1.15,-1.19,-1.54,-1.55,-1.45,-1.57,-1.69,-1.77,-1.88,-1.82,-1.87,-1.95,-2.01,-1.95,-1.77,-1.72,-1.73,-1.60,-1.60
-0.61,-0.98,-0.88,-0.93,-0.91,-0.90,-1.05,-0.92,-1.02,-1.10,-1.10,-1.14,-1.24,-1.43,-1.38,-1.30,-1.17,-1.11,-1.16,-1.14,-1.12,-1.17,-1.34,-1.27,-1.22,-1.26,-1.20,-1.26,-1.12,-1.10,-1.27,-1.08,-0.97,-1.14,-1.32,-1.29,-1.27,-1.22,-1.14,-1.17,-1.51,-1.35,-1.12,-1.24,-1.49,-1.63,-1.63,-1.65,-1.69,-1.54,-1.68,-1.55,-1.59,-1.46,-1.24,-1.35,-1.53,-1.64,-1.76,-1.57,-1.30,-1.12,-1.10,-1.06,-0.82,-0.76,-0.88,-0.90,-0.88,-0.95,-0.96,-1.00,-0.62,-0.85,-0.92,-1.19,-1.14,-1.03,-0.78,-0.90,-0.97,-1.15,-1.00,-0.63,-0.58,-0.93,-1.02,-0.87,-0.90,-0.97,-0.97,-1.02,-1.00,-1.12,-1.22,-1.38,-1.11,-1.25,-1.48,-1.00,-1.22,-1.45,-1.46,-1.44,-1.44,-1.50,-1.50,-1.45,-1.36,-1.43,-1.43,-1.31,-1.46,-1.46,-1.40,-1.40,-1.63,-1.58,-1.68,-1.54,-1.55,-1.54,-1.46,-1.45,-1.50,-1.57,-1.67,-1.72,-1.55,-1.79,-1.87,-1.90,-1.95,-1.96,-1.86,-1.96,-2.38,-2.37,-2.29,-1.86,-1.50,-1.41,-1.44,-1.50,-1.67,-1.68,-1.74,-1.83,-1.87,-1.92,-1.91,-1.90,-1.96,-2.04,-2.04,-1.93,-1.88,-1.87,-1.76,-1.62
-0.76,-1.20,-1.16,-1.17,-1.08,-1.10,-1.17,-1.11,-1.15,-1.21,-1.29,-1.30,-1.24,-1.19,-1.38,-1.40,-1.36,-1.24,-1.11,-1.15,-1.14,-1.16,-1.24,-1.15,-1.22,-1.22,-1.10,-1.30,-1.02,-1.02,-1.19,-0.96,-0.82,-1.16,-1.29,-1.12,-1.15,-1.03,-1.32,-1.25,-1.51,-1.38,-1.16,-1.27,-1.57,-1.74,-1.73,-1.67,-1.73,-1.60,-1.72,-1.65,-1.59,-1.57,-1.57,-1.53,-1.68,-1.77,-1.78,-1.44,-0.92,-0.82,-1.02,-0.92,-0.75,-0.77,-0.80,-0.90,-0.87,-1.03,-1.08,-1.05,-0.80,-0.75,-0.92,-1.11,-1.22,-1.05,-0.91,-1.10,-1.15,-1.35,-1.17,-0.69,-0.53,-0.86,-0.96,-0.88,-1.00,-1.17,-1.31,-1.29,-1.20,-1.24,-1.24,-1.36,-1.49,-1.57,-1.41,-1.17,-1.54,-1.64,-1.59,-1.43,-1.54,-1.71,-1.69,-1.62,-1.48,-1.38,-1.46,-1.60,-1.59,-1.76,-1.49,-1.38,-1.55,-1.71,-1.58,-1.58,-1.55,-1.49,-1.48,-1.58,-1.62,-1.59,-1.60,-1.78,-1.55,-1.74,-1.82,-1.86,-1.86,-1.88,-2.02,-1.92,-2.29,-2.28,-1.99,-1.65,-1.48,-1.40,-1.38,-1.45,-1.40,-1.59,-1.71,-1.71,-1.69,-1.92,-1.87,-1.88,-1.92,-1.97,-2.00,-2.04,-1.96,-1.92,-1.88,-1.63
-1.03,-1.30,-1.44,-1.19,-1.14,-1.16,-1.15,-1.12,-1.19,-1.32,-1.31,-1.25,-1.29,-1.38,-1.31,-1.46,-1.43,-1.26,-1.10,-1.10,-1.08,-1.15,-1.16,-1.14,-1.27,-1.22,-1.07,-1.27,-1.17,-1.03,-1.27,-1.12,-1.02,-1.02,-1.03,-1.19,-1.27,-1.07,-1.29,-1.41,-1.40,-1.38,-1.30,-1.36,-1.65,-1.83,-1.78,-1.68,-1.71,-1.68,-1.64,-1.72,-1.76,-1.69,-1.60,-1.57,-1.68,-1.78,-1.78,-1.51,-1.24,-1.14,-1.07,-0.88,-0.80,-0.83,-0.76,-0.83,-0.96,-1.03,-1.01,-1.03,-0.90,-0.53,-0.78,-1.10,-1.06,-1.20,-0.98,-1.14,-1.16,-1.22,-1.10,-0.87,-0.72,-1.02,-1.16,-1.10,-1.27,-1.46,-1.57,-1.49,-1.29,-1.36,-1.54,-1.54,-1.68,-1.88,-1.67,-1.35,-1.53,-1.86,-1.59,-1.48,-1.43,-1.55,-1.67,-1.69,-1.49,-1.39,-1.65,-1.69,-1.82,-1.58,-1.44,-1.40,-1.54,-1.49,-1.54,-1.69,-1.67,-1.54,-1.53,-1.63,-1.73,-1.68,-1.74,-1.82,-1.55,-1.67,-1.96,-2.10,-2.00,-1.86,-1.86,-2.14,-2.15,-2.29,-2.11,-1.85,-1.57,-1.36,-1.35,-1.39,-1.35,-1.41,-1.57,-1.68,-1.72,-1.83,-1.73,-1.95,-2.02,-1.95,-1.92,-2.01,-1.79,-1.67,-1.68,-1.62
-1.08,-1.32,-1.24,-1.12,-1.08,-1.07,-1.06,-1.00,-1.14,-1.35,-1.30,-1.25,-1.17,-1.02,-1.25,-1.44,-1.48,-1.29,-1.17,-1.22,-1.05,-1.25,-1.26,-1.24,-1.34,-1.25,-1.19,-1.30,-1.21,-1.08,-1.14,-1.26,-1.10,-1.08,-1.15,-1.41,-1.63,-1.27,-1.30,-1.29,-1.31,-1.34,-1.22,-1.36,-1.69,-1.83,-1.86,-1.87,-1.74,-1.68,-1.60,-1.87,-1.97,-1.55,-1.51,-1.69,-1.90,-1.81,-1.81,-1.58,-1.54,-1.55,-1.48,-1.40,-1.34,-1.19,-1.00,-1.05,-1.06,-1.46,-1.38,-1.21,-1.21,-0.87,-1.31,-1.29,-1.21,-1.31,-1.24,-1.20,-1.30,-1.60,-1.45,-1.22,-1.12,-1.40,-1.59,-1.55,-1.71,-1.88,-1.91,-1.90,-1.72,-1.81,-1.83,-1.76,-1.76,-1.88,-1.91,-1.69,-2.09,-1.97,-2.09,-1.87,-1.71,-1.81,-1.82,-1.62,-1.55,-1.59,-1.53,-1.55,-1.76,-1.72,-1.71,-1.45,-1.48,-1.57,-1.72,-1.74,-1.63,-1.59,-1.63,-1.63,-1.69,-1.64,-1.76,-1.65,-1.57,-1.85,-1.99,-1.99,-2.01,-1.99,-1.91,-2.05,-1.97,-2.05,-2.09,-1.97,-1.57,-1.07,-1.11,-1.27,-1.31,-1.48,-1.62,-1.69,-1.83,-1.72,-1.71,-1.83,-1.91,-1.88,-1.85,-1.90,-1.88,-1.90,-1.77,-1.54
-1.21,-1.30,-1.05,-1.20,-1.00,-1.01,-1.03,-0.98,-1.17,-1.41,-1.31,-1.15,-1.10,-1.26,-1.45,-1.36,-1.21,-1.14,-1.08,-1.01,-1.01,-1.22,-1.26,-1.34,-1.34,-1.35,-1.36,-1.25,-1.22,-1.29,-1.15,-1.31,-1.31,-1.25,-1.36,-1.60,-1.60,-1.36,-1.45,-1.12,-1.55,-1.49,-1.36,-1.59,-1.79,-1.79,-1.88,-1.99,-1.87,-1.73,-1.67,-1.87,-1.88,-1.65,-1.53,-1.82,-1.90,-1.88,-1.91,-1.71,-1.72,-1.78,-1.83,-1.88,-1.78,-1.68,-1.67,-1.64,-1.68,-1.64,-1.71,-1.74,-1.53,-1.38,-1.58,-1.71,-1.65,-1.30,-1.14,-1.35,-1.43,-1.57,-1.69,-1.54,-1.41,-1.58,-1.81,-1.86,-1.86,-1.90,-1.91,-1.96,-1.92,-2.01,-1.99,-1.97,-2.13,-2.14,-2.11,-1.86,-1.88,-1.91,-2.16,-1.97,-1.78,-1.77,-1.83,-1.88,-1.82,-1.69,-1.68,-1.69,-1.79,-1.78,-1.74,-1.65,-1.53,-1.60,-1.77,-1.68,-1.53,-1.55,-1.65,-1.62,-1.67,-1.72,-1.50,-1.57,-1.74,-2.01,-1.99,-1.87,-1.97,-2.11,-1.93,-2.00,-2.09,-1.95,-1.99,-1.85,-1.41,-1.10,-1.05,-1.16,-1.29,-1.50,-1.64,-1.53,-1.46,-1.48,-1.72,-1.91,-2.00,-2.05,-2.02,-1.83,-1.90,-1.96,-1.91,-1.71
-1.32,-1.31,-1.30,-1.34,-1.43,-1.32,-1.14,-1.06,-1.29,-1.45,-1.27,-1.07,-1.19,-1.50,-1.50,-1.11,-1.10,-1.16,-1.19,-1.21,-1.30,-1.31,-1.58,-1.34,-1.35,-1.51,-1.44,-1.29,-1.34,-1.31,-1.25,-1.38,-1.34,-1.39,-1.46,-1.48,-1.53,-1.62,-1.62,-1.55,-1.55,-1.46,-1.43,-1.63,-1.85,-1.74,-1.67,-1.82,-1.92,-1.81,-1.79,-1.78,-1.73,-1.72,-1.69,-1.82,-1.87,-1.92,-1.95,-1.83,-1.90,-1.97,-2.02,-2.09,-1.99,-1.81,-1.83,-1.91,-1.95,-1.87,-1.87,-1.87,-1.55,-1.63,-1.55,-1.51,-1.44,-1.48,-1.29,-1.31,-1.46,-1.59,-1.68,-1.73,-1.69,-1.74,-1.85,-1.95,-1.96,-1.92,-2.01,-1.99,-1.95,-2.09,-1.97,-2.19,-2.13,-2.39,-2.19,-2.20,-2.06,-2.13,-2.07,-2.13,-2.13,-2.00,-1.86,-1.85,-1.85,-1.74,-1.74,-1.69,-1.77,-1.77,-1.67,-1.59,-1.62,-1.58,-1.71,-1.67,-1.53,-1.49,-1.46,-1.53,-1.60,-1.60,-1.57,-1.82,-1.85,-1.82,-1.96,-2.01,-2.04,-2.13,-1.97,-2.01,-1.93,-1.81,-1.72,-1.54,-1.21,-1.12,-1.15,-1.20,-1.34,-1.39,-1.34,-1.43,-1.55,-1.45,-1.58,-1.65,-1.71,-1.77,-1.77,-1.79,-1.82,-1.79,-1.79,-1.86
-1.31,-1.35,-1.24,-1.39,-1.29,-1.20,-1.15,-1.20,-1.34,-1.26,-1.21,-1.16,-1.30,-1.45,-1.48,-1.24,-1.17,-1.30,-1.38,-1.35,-1.36,-1.32,-1.32,-1.34,-1.38,-1.41,-1.45,-1.48,-1.43,-1.24,-1.27,-1.35,-1.29,-1.40,-1.43,-1.43,-1.45,-1.44,-1.35,-1.44,-1.45,-1.54,-1.72,-1.65,-1.55,-1.76,-1.82,-1.76,-1.77,-1.85,-1.87,-1.69,-1.78,-1.69,-1.79,-1.92,-1.91,-1.82,-1.95,-1.87,-1.91,-1.88,-1.99,-2.10,-2.04,-1.88,-1.85,-2.01,-2.18,-1.96,-1.91,-1.81,-1.63,-1.45,-1.62,-1.71,-1.59,-1.53,-1.57,-1.63,-1.73,-1.82,-1.65,-1.69,-1.69,-1.73,-1.83,-1.76,-1.87,-2.15,-2.10,-2.04,-2.04,-2.07,-2.19,-2.42,-2.45,-2.51,-2.50,-2.33,-2.16,-2.27,-2.05,-2.04,-2.24,-2.18,-1.99,-1.99,-1.96,-1.79,-1.77,-1.78,-1.81,-1.54,-1.65,-1.48,-1.57,-1.63,-1.77,-1.86,-1.65,-1.41,-1.38,-1.67,-1.39,-1.24,-1.27,-1.49,-1.59,-1.64,-1.87,-2.13,-1.97,-1.99,-1.91,-1.99,-1.90,-1.81,-1.63,-1.38,-1.15,-1.01,-1.16,-1.30,-1.39,-1.50,-1.59,-1.34,-1.58,-1.63,-1.58,-1.57,-1.59,-1.60,-1.60,-1.77,-1.78,-1.65,-1.58,-1.76
-1.32,-1.44,-1.38,-1.32,-1.43,-1.26,-1.24,-1.30,-1.26,-1.14,-1.26,-1.34,-1.31,-1.36,-1.48,-1.31,-1.29,-1.30,-1.31,-1.32,-1.27,-1.17,-1.24,-1.51,-1.26,-1.38,-1.48,-1.38,-1.30,-1.29,-1.21,-1.20,-1.35,-1.45,-1.50,-1.53,-1.49,-1.36,-1.25,-1.43,-1.67,-1.76,-1.79,-1.77,-1.91,-1.81,-1.79,-1.88,-1.88,-1.83,-1.73,-1.58,-1.79,-1.86,-1.71,-2.02,-1.93,-1.79,-1.95,-1.90,-1.88,-1.83,-1.96,-2.04,-2.01,-2.00,-1.95,-2.00,-2.13,-2.09,-1.92,-1.90,-1.72,-1.45,-1.68,-1.79,-1.74,-1.78,-1.57,-1.72,-1.74,-1.72,-1.71,-1.74,-1.73,-1.76,-1.85,-1.82,-1.90,-2.15,-2.14,-2.10,-2.19,-2.28,-2.46,-2.60,-2.41,-2.52,-2.83,-2.43,-2.27,-2.33,-2.09,-2.14,-2.30,-2.15,-1.99,-2.06,-2.06,-1.88,-1.83,-1.93,-1.99,-1.45,-1.55,-1.64,-1.58,-1.62,-1.69,-1.74,-1.72,-1.49,-1.41,-1.51,-1.49,-1.57,-1.64,-1.59,-1.51,-1.49,-1.71,-2.05,-1.97,-1.93,-2.00,-2.07,-2.01,-1.93,-1.73,-1.36,-1.12,-1.03,-1.02,-1.19,-1.25,-1.32,-1.53,-1.34,-1.51,-1.57,-1.69,-1.74,-1.65,-1.44,-1.49,-1.63,-1.69,-1.59,-1.46,-1.39
-1.34,-1.39,-1.34,-1.35,-1.38,-1.27,-1.25,-1.25,-1.31,-1.40,-1.46,-1.30,-1.38,-1.49,-1.43,-1.21,-1.32,-1.29,-1.41,-1.50,-1.39,-1.29,-1.41,-1.38,-1.43,-1.49,-1.58,-1.54,-1.41,-1.30,-1.26,-1.21,-1.40,-1.58,-1.68,-1.65,-1.58,-1.41,-1.35,-1.55,-1.68,-1.60,-1.65,-1.68,-1.78,-1.88,-1.99,-1.95,-1.85,-1.79,-1.71,-1.63,-1.68,-1.68,-1.88,-1.72,-1.87,-1.93,-1.92,-1.85,-1.87,-1.86,-1.97,-2.00,-1.96,-2.04,-2.04,-2.00,-2.07,-2.19,-2.00,-2.09,-1.81,-1.69,-1.74,-1.90,-1.91,-1.91,-1.72,-1.69,-1.78,-1.81,-1.72,-1.71,-1.68,-1.78,-1.92,-1.90,-1.91,-2.07,-2.19,-2.23,-2.32,-2.27,-2.60,-2.61,-2.46,-2.55,-2.75,-2.61,-2.43,-2.41,-2.29,-2.36,-2.38,-2.13,-1.99,-2.10,-2.06,-1.95,-1.93,-1.95,-2.04,-1.87,-1.45,-1.67,-1.92,-1.79,-1.59,-1.65,-1.83,-1.83,-1.68,-1.68,-1.63,-1.58,-1.76,-1.76,-1.57,-1.48,-1.60,-1.86,-1.88,-1.93,-2.07,-2.11,-2.10,-2.02,-1.81,-1.34,-0.92,-0.90,-1.00,-1.15,-1.43,-1.68,-1.77,-1.79,-1.51,-1.54,-1.72,-1.77,-1.51,-1.58,-1.55,-1.50,-1.57,-1.58,-1.31,-1.31
-1.29,-1.21,-1.22,-1.41,-1.24,-1.34,-1.38,-1.35,-1.34,-1.40,-1.40,-1.39,-1.49,-1.45,-1.32,-1.36,-1.26,-1.38,-1.55,-1.58,-1.38,-1.26,-1.48,-1.44,-1.39,-1.36,-1.50,-1.55,-1.50,-1.41,-1.34,-1.31,-1.35,-1.57,-1.60,-1.72,-1.64,-1.45,-1.43,-1.59,-1.67,-1.55,-1.58,-1.64,-1.74,-1.81,-1.81,-1.82,-1.87,-1.87,-1.78,-1.71,-1.90,-1.96,-2.16,-1.93,-1.74,-1.99,-1.86,-1.72,-1.67,-1.79,-1.95,-2.05,-1.97,-2.01,-2.15,-2.07,-2.14,-2.19,-2.11,-2.19,-2.02,-1.87,-1.97,-1.90,-2.13,-2.04,-1.86,-1.79,-1.72,-1.83,-1.78,-1.67,-1.77,-2.02,-2.06,-1.92,-2.01,-2.20,-2.32,-2.33,-2.57,-2.55,-2.60,-2.64,-2.60,-2.59,-2.54,-2.56,-2.57,-2.52,-2.47,-2.46,-2.39,-2.23,-2.16,-2.32,-2.15,-2.02,-2.07,-1.81,-1.99,-1.76,-1.68,-1.50,-1.63,-1.71,-1.81,-2.01,-1.91,-1.82,-1.79,-1.63,-1.71,-1.67,-1.77,-1.73,-1.63,-1.62,-1.67,-1.77,-1.77,-1.92,-1.91,-1.91,-1.96,-2.01,-1.95,-1.76,-1.24,-0.97,-0.95,-1.17,-1.40,-1.55,-1.77,-1.90,-1.59,-1.58,-1.69,-1.67,-1.25,-1.76,-1.69,-1.60,-1.63,-1.64,-1.31,-1.41
-1.24,-1.20,-1.26,-1.44,-1.21,-1.43,-1.40,-1.41,-1.48,-1.45,-1.38,-1.35,-1.43,-1.45,-1.39,-1.32,-1.40,-1.36,-1.41,-1.40,-1.29,-1.27,-1.53,-1.54,-1.48,-1.40,-1.49,-1.51,-1.50,-1.43,-1.27,-1.20,-1.44,-1.30,-1.38,-1.69,-1.65,-1.44,-1.41,-1.57,-1.73,-1.67,-1.68,-1.67,-1.78,-1.74,-1.69,-1.85,-1.97,-1.97,-1.92,-1.82,-1.82,-1.97,-1.83,-1.93,-2.09,-2.01,-1.90,-1.99,-1.82,-1.97,-2.06,-2.07,-2.00,-2.07,-2.20,-2.11,-2.14,-2.15,-2.11,-2.19,-2.23,-1.92,-2.14,-1.85,-2.23,-2.14,-1.77,-1.86,-1.71,-1.79,-1.77,-1.60,-1.79,-2.16,-2.18,-2.04,-2.16,-2.29,-2.36,-2.33,-2.61,-2.87,-2.37,-2.56,-2.59,-2.48,-2.38,-2.29,-2.42,-2.46,-2.37,-2.37,-2.39,-2.29,-2.27,-2.29,-2.23,-2.14,-2.27,-2.00,-1.97,-1.96,-1.93,-1.87,-1.73,-1.82,-2.06,-2.13,-2.00,-1.83,-1.92,-1.57,-1.72,-1.81,-1.90,-1.78,-1.65,-1.73,-1.81,-1.76,-1.71,-1.88,-1.76,-1.82,-1.96,-1.91,-1.73,-1.67,-1.81,-1.45,-1.45,-1.44,-1.43,-1.53,-1.76,-1.76,-1.60,-1.62,-1.72,-1.62,-1.43,-1.49,-1.43,-1.39,-1.39,-1.39,-1.49,-1.30
-1.55,-1.41,-1.32,-1.31,-1.22,-1.46,-1.34,-1.40,-1.48,-1.45,-1.31,-1.10,-1.22,-1.34,-1.34,-1.26,-1.27,-1.30,-1.36,-1.40,-1.41,-1.48,-1.58,-1.54,-1.65,-1.50,-1.54,-1.49,-1.40,-1.35,-1.41,-1.49,-1.45,-1.34,-1.50,-1.67,-1.43,-1.43,-1.54,-1.58,-1.74,-1.69,-1.74,-1.68,-1.72,-1.68,-1.67,-1.87,-1.91,-1.82,-1.82,-1.81,-1.85,-1.93,-1.74,-1.79,-1.97,-1.85,-2.10,-1.99,-1.93,-1.83,-1.87,-2.04,-1.97,-1.90,-1.96,-1.96,-2.01,-2.06,-2.04,-2.24,-2.14,-1.96,-1.95,-1.88,-2.15,-2.05,-1.57,-1.78,-1.92,-1.85,-1.63,-1.59,-1.76,-2.02,-2.15,-2.16,-2.24,-2.19,-2.30,-2.28,-2.32,-2.73,-2.11,-2.32,-2.46,-2.33,-2.15,-2.27,-2.25,-2.28,-2.25,-2.20,-2.27,-2.30,-2.23,-2.24,-2.24,-2.04,-2.06,-2.10,-2.07,-2.06,-1.93,-1.90,-1.86,-1.82,-1.81,-1.90,-1.93,-1.71,-1.87,-1.67,-1.68,-1.81,-1.93,-1.88,-1.65,-1.69,-1.73,-1.72,-1.58,-1.73,-1.81,-1.90,-1.96,-1.95,-1.93,-1.95,-1.93,-1.55,-1.57,-1.62,-1.55,-1.68,-1.74,-1.60,-1.53,-1.55,-1.72,-1.83,-1.59,-1.62,-1.43,-1.35,-1.44,-1.29,-1.17,-1.35
-1.57,-1.53,-1.43,-1.29,-1.26,-1.58,-1.50,-1.34,-1.36,-1.48,-1.49,-1.29,-1.40,-1.38,-1.38,-1.46,-1.54,-1.50,-1.44,-1.40,-1.39,-1.44,-1.50,-1.49,-1.55,-1.51,-1.49,-1.43,-1.35,-1.36,-1.44,-1.48,-1.40,-1.54,-1.60,-1.55,-1.43,-1.51,-1.63,-1.60,-1.55,-1.58,-1.64,-1.65,-1.69,-1.72,-1.64,-1.82,-1.85,-1.78,-1.78,-1.73,-1.72,-1.81,-1.76,-1.69,-1.96,-1.90,-2.09,-2.09,-2.11,-2.06,-2.01,-2.02,-1.97,-1.81,-1.79,-1.86,-1.79,-1.85,-1.92,-2.19,-1.88,-1.73,-1.87,-1.90,-1.96,-1.87,-1.55,-1.74,-2.00,-1.88,-1.69,-1.72,-1.91,-1.96,-2.02,-2.23,-2.25,-2.25,-2.42,-2.36,-2.32,-2.48,-2.23,-2.19,-2.37,-2.30,-2.28,-2.18,-2.01,-2.00,-2.06,-2.02,-2.02,-2.05,-2.05,-2.10,-2.14,-2.00,-1.93,-2.13,-2.04,-1.87,-1.83,-1.77,-1.67,-1.63,-1.67,-1.69,-1.76,-1.71,-1.79,-1.72,-1.59,-1.67,-1.79,-1.73,-1.53,-1.45,-1.72,-1.53,-1.53,-1.73,-1.62,-1.60,-1.81,-1.83,-1.82,-2.06,-1.87,-1.55,-1.50,-1.62,-1.71,-1.82,-1.69,-1.55,-1.50,-1.49,-1.41,-1.44,-1.87,-1.79,-1.57,-1.38,-1.43,-1.45,-1.21,-1.32
-1.45,-1.53,-1.39,-1.32,-1.45,-1.48,-1.83,-1.50,-1.39,-1.51,-1.62,-1.58,-1.53,-1.45,-1.51,-1.51,-1.41,-1.43,-1.62,-1.50,-1.40,-1.38,-1.41,-1.44,-1.31,-1.38,-1.35,-1.39,-1.32,-1.27,-1.30,-1.29,-1.38,-1.40,-1.59,-1.58,-1.58,-1.57,-1.49,-1.43,-1.46,-1.67,-1.71,-1.57,-1.87,-1.79,-1.67,-1.77,-1.82,-1.79,-1.79,-1.71,-1.65,-1.72,-1.85,-1.85,-2.05,-1.69,-1.86,-1.73,-2.04,-2.01,-1.88,-1.97,-1.97,-1.92,-1.83,-1.90,-2.16,-2.04,-1.88,-2.00,-1.82,-1.92,-1.95,-2.02,-1.85,-1.96,-1.74,-1.71,-1.93,-1.95,-1.95,-2.00,-2.00,-1.97,-2.01,-2.22,-2.29,-2.15,-2.23,-2.37,-2.02,-2.29,-2.33,-1.91,-2.22,-2.19,-2.15,-2.14,-2.20,-2.09,-2.00,-2.13,-2.07,-1.95,-1.93,-1.95,-2.19,-2.10,-1.99,-2.01,-2.09,-1.85,-1.78,-1.69,-1.59,-1.65,-1.76,-1.74,-1.68,-1.71,-1.72,-1.57,-1.50,-1.59,-1.64,-1.54,-1.46,-1.46,-1.88,-1.50,-1.55,-1.74,-1.62,-1.48,-1.63,-1.74,-1.65,-1.87,-1.73,-1.51,-1.46,-1.60,-1.74,-1.81,-1.55,-1.41,-1.40,-1.49,-1.55,-1.59,-1.64,-1.69,-1.58,-1.44,-1.51,-1.51,-1.36,-1.29
-1.45,-1.54,-1.44,-1.39,-1.43,-1.48,-1.57,-1.43,-1.34,-1.21,-1.17,-1.41,-1.30,-1.44,-1.58,-1.55,-1.35,-1.34,-1.40,-1.30,-1.21,-1.24,-1.26,-1.30,-1.51,-1.14,-1.34,-1.41,-1.21,-1.17,-1.26,-1.29,-1.29,-1.36,-1.48,-1.51,-1.43,-1.45,-1.49,-1.58,-1.74,-1.74,-1.50,-1.69,-1.79,-1.73,-1.74,-1.81,-1.73,-1.74,-1.77,-1.72,-1.67,-1.76,-1.88,-1.86,-1.74,-1.65,-1.72,-1.59,-1.74,-1.87,-1.85,-1.85,-1.86,-1.91,-1.82,-1.78,-2.00,-1.96,-1.82,-1.99,-1.85,-1.85,-1.82,-2.05,-1.88,-1.92,-1.82,-1.77,-1.96,-2.20,-2.06,-1.90,-1.91,-1.99,-2.02,-2.02,-2.23,-2.19,-2.04,-2.14,-2.09,-2.16,-2.04,-1.76,-2.06,-2.05,-2.09,-2.05,-1.99,-2.09,-2.10,-1.99,-1.96,-1.91,-1.93,-1.85,-2.06,-2.14,-2.02,-2.00,-2.07,-1.96,-1.79,-1.64,-1.60,-1.77,-1.87,-1.71,-1.68,-1.53,-1.48,-1.51,-1.55,-1.67,-1.72,-1.62,-1.53,-1.45,-1.48,-1.43,-1.64,-1.63,-1.51,-1.41,-1.46,-1.67,-1.49,-1.64,-1.58,-1.43,-1.43,-1.71,-1.79,-1.74,-1.40,-1.46,-1.53,-1.45,-1.58,-1.58,-1.65,-1.62,-1.53,-1.44,-1.51,-1.40,-1.32,-1.25
