-4.88,-4.83,-4.78,-4.81,-5.00,-4.88,-4.71,-4.64,-4.72,-4.92,-4.92,-4.88,-4.80,-4.67,-4.63,-4.91,-4.89,-4.87,-4.80,-4.68,-4.55,-4.66,-4.81,-4.80,-4.71,-4.81,-4.81,-4.67,-4.75,-4.56,-4.81,-4.66,-4.47,-4.66,-4.81,-4.71,-4.55,-4.70,-5.08,-4.68,-4.85,-4.88,-4.96,-4.85,-4.76,-4.79,-4.81,-4.83,-4.92,-4.92,-4.97,-4.71,-4.74,-4.81,-4.97,-5.00,-4.91,-4.70,-4.75,-4.68,-4.35,-4.34,-4.50,-4.79,-4.97,-4.81,-4.79,-4.75,-4.85,-4.84,-5.19,-4.93,-4.71,-4.68,-4.75,-4.47,-4.43,-4.63,-4.62,-4.75,-4.60,-4.62,-4.70,-5.13,-4.91,-5.00,-4.50,-4.35,-4.39,-4.14,-4.22,-4.41,-4.42,-4.47,-4.41,-4.43,-4.55,-4.54,-4.59,-4.16,-4.31,-4.18,-4.13,-4.25,-4.16,-4.21,-4.14,-4.05,-4.04,-4.03,-3.92,-3.87,-3.84,-3.78,-4.04,-4.14,-4.16,-3.63,-3.87,-3.97,-3.92,-3.96,-4.03,-3.92,-3.88,-3.91,-3.93,-4.29,-4.21,-3.95,-3.76,-3.73,-3.82,-3.92,-4.09,-4.17,-3.86,-3.84,-3.78,-3.80,-3.88,-3.82,-3.75,-3.83,-3.79,-3.78,-3.73,-3.53,-3.48,-3.63,-3.96,-3.80,-3.50,-3.87,-3.79,-3.79,-3.66,-3.66,-3.82,-3.70
-4.87,-4.92,-5.05,-4.85,-4.89,-4.92,-4.78,-4.64,-4.91,-5.01,-4.97,-4.97,-4.95,-4.89,-4.88,-4.78,-4.91,-4.84,-4.78,-4.78,-4.58,-4.55,-4.89,-4.76,-4.66,-4.84,-4.97,-4.72,-4.67,-4.47,-4.45,-4.63,-4.49,-4.70,-4.89,-4.71,-4.52,-4.63,-4.96,-4.67,-4.83,-4.67,-4.88,-4.89,-4.68,-4.66,-4.81,-4.84,-5.03,-4.78,-4.79,-4.68,-4.76,-4.71,-4.78,-4.79,-4.88,-4.79,-4.64,-4.51,-4.42,-4.51,-4.62,-4.81,-5.16,-4.93,-4.92,-4.83,-4.66,-4.67,-4.99,-4.88,-4.70,-4.80,-4.70,-4.42,-4.56,-4.83,-4.70,-4.47,-4.54,-4.84,-4.67,-4.99,-4.96,-4.55,-4.43,-4.66,-4.59,-4.16,-4.31,-4.41,-4.54,-4.54,-4.38,-4.38,-4.42,-4.47,-4.58,-4.20,-4.26,-4.09,-4.18,-4.24,-4.07,-4.17,-4.00,-4.07,-4.04,-3.97,-3.97,-3.97,-3.84,-3.80,-3.99,-3.95,-3.93,-4.08,-3.93,-3.93,-3.84,-3.86,-3.88,-3.80,-3.86,-3.79,-4.07,-4.35,-4.12,-3.88,-3.74,-3.70,-3.76,-3.82,-4.09,-3.91,-4.03,-3.95,-3.97,-3.92,-3.78,-3.80,-3.95,-3.84,-3.88,-3.97,-3.84,-3.57,-3.69,-3.76,-3.99,-3.93,-3.86,-3.88,-3.67,-3.95,-4.04,-4.08,-4.10,-3.88
-4.83,-4.88,-5.09,-4.97,-4.88,-4.92,-4.93,-4.80,-4.81,-4.89,-4.83,-4.75,-4.81,-4.96,-4.81,-5.01,-4.99,-4.85,-4.79,-4.85,-4.68,-4.54,-4.97,-4.74,-4.63,-4.75,-4.85,-4.79,-4.56,-4.50,-4.60,-4.59,-4.55,-4.70,-4.79,-4.67,-4.54,-4.76,-4.81,-4.80,-4.71,-4.56,-4.72,-4.83,-4.72,-4.67,-4.79,-4.85,-4.87,-4.79,-4.70,-4.81,-4.66,-4.75,-4.87,-4.84,-4.75,-4.59,-4.45,-4.42,-4.41,-4.58,-4.78,-4.64,-4.88,-4.85,-4.85,-4.76,-4.64,-4.71,-4.74,-4.66,-4.45,-4.58,-4.49,-4.30,-4.47,-4.62,-4.52,-4.49,-4.52,-4.62,-4.79,-4.92,-4.70,-4.51,-4.39,-4.64,-4.37,-4.24,-4.28,-4.18,-4.25,-4.34,-4.26,-4.29,-4.47,-4.59,-4.62,-4.22,-4.26,-4.07,-4.14,-4.29,-4.05,-4.30,-4.16,-4.29,-4.21,-4.13,-4.10,-4.10,-3.97,-3.83,-4.12,-3.86,-4.04,-3.80,-3.84,-4.03,-4.00,-4.01,-3.99,-3.84,-3.79,-3.83,-4.28,-4.47,-4.03,-3.84,-3.74,-3.73,-3.82,-3.99,-4.12,-3.99,-4.03,-4.08,-3.97,-4.01,-4.09,-4.04,-4.08,-3.71,-3.99,-4.09,-3.96,-3.80,-3.83,-3.87,-3.97,-3.99,-3.96,-3.82,-3.63,-4.28,-4.39,-4.52,-4.54,-4.22
-4.83,-4.78,-4.75,-4.93,-4.99,-4.92,-4.83,-4.78,-5.05,-5.00,-4.75,-4.75,-4.92,-4.93,-4.80,-5.03,-5.04,-4.87,-4.75,-4.81,-4.75,-4.78,-4.87,-4.67,-4.64,-4.84,-4.85,-4.56,-4.62,-4.59,-4.49,-4.59,-4.58,-4.70,-4.84,-4.76,-4.60,-4.76,-4.76,-4.79,-4.62,-4.59,-4.67,-4.74,-4.78,-4.76,-4.68,-4.91,-4.79,-4.85,-4.83,-4.75,-4.34,-4.59,-4.83,-4.83,-4.85,-4.87,-4.71,-4.56,-4.55,-4.63,-4.66,-4.71,-5.12,-5.05,-5.05,-4.88,-4.62,-4.71,-4.78,-4.70,-4.52,-4.67,-4.50,-4.24,-4.46,-4.64,-4.56,-4.68,-4.66,-4.41,-4.66,-4.92,-4.66,-4.74,-4.52,-4.46,-4.28,-4.00,-4.28,-4.41,-4.50,-4.50,-4.42,-4.41,-4.30,-4.30,-4.45,-4.24,-4.28,-4.18,-4.21,-4.29,-4.30,-4.30,-4.39,-4.30,-4.34,-4.28,-4.10,-4.14,-4.00,-3.87,-4.14,-3.78,-4.05,-3.87,-3.86,-4.22,-3.86,-3.80,-3.78,-3.69,-3.90,-3.92,-4.21,-4.39,-3.93,-3.78,-3.73,-3.76,-3.91,-4.05,-4.12,-3.96,-3.99,-3.88,-3.79,-3.84,-3.88,-3.87,-3.92,-4.01,-4.01,-4.09,-4.07,-4.00,-4.08,-4.13,-4.18,-4.07,-3.97,-3.93,-3.88,-4.17,-4.38,-4.56,-4.55,-4.29
-4.87,-4.80,-4.93,-5.25,-5.05,-4.78,-4.74,-4.85,-5.01,-4.87,-4.80,-4.79,-4.87,-4.99,-4.89,-4.96,-5.01,-4.88,-4.67,-4.63,-4.54,-4.59,-4.85,-4.99,-5.00,-5.05,-4.97,-4.45,-4.66,-4.79,-4.67,-4.71,-4.66,-4.68,-4.85,-4.88,-4.71,-4.72,-4.75,-4.72,-4.71,-4.72,-4.78,-4.87,-4.89,-4.80,-4.84,-4.85,-4.60,-4.52,-4.59,-4.74,-4.49,-4.74,-4.81,-4.91,-4.88,-4.79,-4.79,-4.66,-4.35,-4.43,-4.62,-4.80,-4.85,-4.87,-4.91,-4.79,-4.67,-4.75,-4.67,-4.75,-4.68,-4.81,-4.67,-4.43,-4.49,-4.55,-4.52,-4.47,-4.49,-4.46,-4.67,-4.75,-4.80,-4.67,-4.52,-4.30,-4.25,-4.09,-4.22,-4.50,-4.45,-4.39,-4.41,-4.38,-4.45,-4.60,-4.56,-4.35,-4.31,-4.28,-4.24,-4.07,-4.35,-4.47,-3.95,-4.18,-4.45,-4.24,-4.10,-4.18,-4.03,-3.95,-4.13,-3.88,-4.03,-3.96,-3.96,-4.22,-4.01,-4.00,-4.01,-3.92,-3.87,-4.00,-3.96,-3.95,-3.78,-4.01,-3.87,-3.84,-3.88,-4.00,-4.18,-4.17,-4.04,-3.88,-3.73,-3.76,-3.95,-4.09,-4.09,-3.95,-4.26,-4.35,-4.18,-4.10,-4.31,-4.35,-4.39,-4.09,-3.95,-4.00,-3.99,-4.07,-4.25,-4.68,-4.66,-4.21
-4.91,-4.99,-4.88,-5.05,-5.04,-4.95,-4.91,-4.63,-4.76,-4.81,-4.91,-4.93,-4.79,-4.89,-4.91,-4.96,-4.99,-4.89,-4.78,-4.97,-4.60,-4.56,-4.80,-4.79,-4.81,-5.07,-4.91,-4.75,-4.63,-4.85,-4.87,-4.87,-4.78,-4.72,-4.88,-4.88,-4.84,-4.76,-4.75,-4.89,-4.87,-4.84,-5.01,-5.15,-5.12,-4.99,-4.72,-4.63,-4.67,-4.63,-4.75,-4.72,-4.63,-4.85,-4.97,-5.04,-4.96,-4.78,-4.71,-4.66,-4.51,-4.46,-4.70,-4.97,-4.74,-4.91,-4.91,-4.97,-4.85,-4.74,-4.70,-4.81,-4.84,-4.87,-4.76,-4.55,-4.47,-4.49,-4.46,-4.41,-4.47,-4.63,-4.70,-4.75,-4.75,-4.60,-4.54,-4.28,-4.43,-4.20,-4.42,-4.42,-4.47,-4.49,-4.42,-4.45,-4.59,-4.64,-4.49,-4.28,-4.16,-4.21,-4.39,-4.47,-4.39,-4.51,-4.12,-4.41,-4.51,-4.49,-4.34,-4.30,-4.14,-4.07,-4.25,-4.09,-4.04,-4.07,-4.18,-4.16,-4.12,-4.12,-4.07,-4.05,-3.92,-3.65,-4.08,-3.87,-3.76,-3.48,-3.82,-3.83,-3.86,-4.01,-4.24,-4.38,-4.12,-3.97,-3.92,-4.10,-4.14,-4.09,-4.03,-3.86,-3.78,-4.10,-4.16,-4.09,-4.12,-4.17,-4.35,-4.03,-3.96,-4.03,-4.04,-4.20,-4.38,-4.79,-4.70,-4.43
-4.76,-4.85,-4.80,-4.93,-4.95,-4.88,-4.95,-4.85,-4.83,-4.88,-4.93,-4.95,-4.80,-4.68,-4.79,-4.96,-5.03,-4.91,-4.74,-4.68,-4.59,-4.55,-4.67,-4.75,-4.78,-4.87,-4.75,-4.80,-4.70,-4.81,-4.91,-4.91,-4.79,-4.76,-4.96,-4.85,-4.79,-4.62,-4.85,-4.67,-4.74,-4.76,-4.99,-5.20,-4.95,-4.84,-4.75,-4.49,-4.68,-4.79,-4.81,-4.59,-4.58,-4.72,-4.91,-4.93,-4.87,-4.75,-4.64,-4.72,-4.54,-4.58,-4.55,-4.91,-4.74,-5.05,-5.08,-5.00,-4.91,-4.78,-4.88,-4.83,-4.72,-4.75,-4.71,-4.54,-4.43,-4.50,-4.50,-4.56,-4.67,-4.68,-4.67,-4.83,-4.71,-4.56,-4.56,-4.33,-4.56,-4.30,-4.62,-4.31,-4.49,-4.54,-4.35,-4.41,-4.51,-4.52,-4.43,-4.24,-4.21,-4.24,-4.63,-4.49,-4.13,-4.34,-4.38,-4.39,-4.49,-4.37,-4.24,-4.17,-3.97,-4.05,-4.35,-4.17,-4.08,-4.18,-4.18,-4.10,-4.10,-4.16,-4.04,-4.01,-3.90,-3.74,-3.96,-4.00,-3.92,-3.90,-3.90,-3.93,-3.82,-3.84,-4.08,-4.20,-4.17,-3.95,-4.07,-4.24,-4.03,-3.87,-3.90,-3.75,-3.91,-4.12,-4.09,-4.03,-3.97,-3.91,-4.25,-4.03,-4.07,-4.09,-4.09,-4.31,-4.49,-4.79,-4.83,-4.72
-4.72,-4.74,-4.66,-4.87,-4.95,-4.79,-4.93,-4.96,-4.97,-4.97,-4.91,-4.78,-4.59,-4.93,-4.88,-4.75,-4.68,-4.63,-4.75,-4.71,-4.51,-4.50,-4.62,-4.70,-4.72,-4.78,-4.63,-4.70,-4.75,-4.76,-4.79,-4.80,-4.68,-4.58,-4.75,-4.91,-4.83,-4.62,-4.95,-4.83,-4.71,-4.74,-4.81,-4.89,-4.91,-4.80,-4.83,-4.76,-4.84,-4.96,-4.81,-4.66,-4.59,-4.72,-4.91,-4.87,-4.71,-4.63,-4.63,-4.88,-4.54,-4.60,-4.47,-4.84,-4.71,-5.11,-5.21,-4.78,-4.83,-4.84,-4.97,-4.78,-4.52,-4.64,-4.72,-4.58,-4.50,-4.55,-4.64,-4.64,-4.81,-4.62,-4.63,-4.80,-4.84,-4.46,-4.55,-4.49,-4.59,-4.41,-4.56,-4.33,-4.52,-4.54,-4.35,-4.35,-4.45,-4.45,-4.38,-4.30,-4.22,-4.29,-4.55,-4.46,-4.39,-4.31,-4.31,-4.35,-4.35,-4.51,-4.33,-4.21,-3.99,-3.97,-4.17,-4.07,-4.16,-4.21,-3.97,-4.21,-4.04,-4.08,-4.00,-3.92,-3.82,-3.79,-4.00,-4.01,-3.78,-3.95,-4.04,-3.96,-4.07,-4.18,-4.10,-4.07,-4.21,-4.04,-3.83,-4.07,-3.90,-3.76,-3.79,-3.87,-4.04,-4.03,-3.96,-3.86,-3.84,-4.04,-4.28,-4.21,-4.14,-4.09,-4.13,-4.28,-4.34,-4.71,-4.97,-4.88
-4.78,-4.74,-4.60,-4.76,-4.92,-4.70,-4.95,-4.88,-4.84,-4.88,-4.92,-4.81,-4.63,-4.89,-4.78,-4.75,-4.83,-4.83,-4.81,-4.63,-4.56,-4.56,-4.67,-4.76,-4.75,-4.81,-4.68,-4.72,-4.70,-4.62,-4.60,-4.72,-4.71,-4.45,-4.58,-4.76,-4.74,-4.59,-4.81,-4.95,-4.80,-4.74,-4.76,-4.74,-4.83,-4.80,-4.79,-4.79,-4.87,-4.74,-4.80,-4.72,-4.59,-4.68,-4.85,-4.81,-4.62,-4.51,-4.60,-4.85,-4.78,-4.63,-4.72,-4.96,-4.75,-5.11,-5.20,-4.80,-4.87,-4.83,-4.92,-4.88,-4.74,-4.88,-4.87,-4.60,-4.55,-4.70,-4.81,-4.68,-4.88,-4.71,-4.66,-4.64,-4.87,-4.39,-4.52,-4.70,-4.66,-4.42,-4.37,-4.41,-4.55,-4.54,-4.43,-4.42,-4.46,-4.47,-4.41,-4.35,-4.34,-4.33,-4.46,-4.47,-4.29,-4.31,-4.20,-4.22,-4.33,-4.71,-4.47,-4.26,-4.00,-3.93,-4.05,-4.17,-4.41,-4.31,-4.24,-4.34,-4.00,-3.96,-3.96,-3.91,-3.84,-3.93,-4.03,-3.92,-3.60,-3.75,-4.00,-3.88,-3.97,-4.12,-4.26,-4.29,-4.04,-4.13,-3.82,-4.20,-4.10,-3.90,-3.87,-3.93,-3.93,-3.99,-3.90,-3.84,-3.95,-4.13,-4.29,-4.24,-4.00,-3.84,-3.95,-4.18,-4.20,-4.58,-4.88,-4.70
-4.99,-4.84,-4.72,-4.71,-4.81,-4.80,-4.88,-4.92,-4.83,-4.78,-4.78,-4.60,-4.87,-5.03,-4.93,-4.92,-5.03,-4.83,-4.83,-4.76,-4.68,-4.71,-4.75,-4.80,-4.80,-4.85,-4.87,-4.74,-4.62,-4.63,-4.70,-4.70,-4.67,-4.62,-4.60,-4.60,-4.71,-4.75,-4.89,-4.80,-4.74,-4.79,-4.79,-4.78,-4.92,-4.88,-4.80,-4.75,-4.85,-4.60,-4.66,-4.67,-4.58,-4.58,-4.68,-4.67,-4.52,-4.51,-4.55,-4.63,-4.72,-4.68,-4.78,-4.76,-4.68,-4.96,-5.01,-4.76,-4.67,-4.68,-4.72,-4.79,-4.43,-4.49,-4.59,-4.46,-4.64,-4.71,-4.70,-4.56,-4.60,-4.64,-4.56,-4.51,-4.97,-4.68,-4.58,-4.58,-4.63,-4.45,-4.41,-4.30,-4.41,-4.50,-4.51,-4.51,-4.47,-4.50,-4.46,-4.35,-4.39,-4.43,-4.55,-4.38,-4.28,-4.39,-4.22,-4.38,-4.49,-4.76,-4.55,-4.43,-4.24,-4.13,-4.16,-4.21,-4.28,-4.25,-4.16,-4.55,-4.13,-4.01,-4.07,-3.96,-3.99,-4.05,-3.99,-3.99,-3.76,-3.75,-3.74,-3.75,-3.88,-4.17,-4.25,-4.12,-4.14,-4.07,-3.88,-4.05,-4.16,-4.16,-4.03,-3.87,-3.95,-4.30,-4.04,-3.95,-4.08,-4.33,-4.43,-4.31,-4.26,-4.00,-4.01,-4.41,-4.68,-4.25,-4.45,-4.31
-5.05,-4.88,-4.81,-4.80,-4.76,-5.12,-5.00,-4.87,-4.83,-4.83,-4.88,-4.76,-4.78,-5.04,-5.11,-5.00,-4.95,-4.83,-4.70,-4.89,-4.84,-4.78,-4.79,-4.72,-4.70,-4.83,-4.72,-4.85,-4.85,-4.66,-4.59,-4.74,-4.80,-4.74,-4.72,-4.59,-4.66,-4.59,-4.74,-4.75,-4.81,-4.93,-4.88,-4.85,-5.00,-5.00,-4.87,-4.81,-4.92,-4.87,-4.60,-4.71,-4.75,-4.67,-4.75,-4.71,-4.49,-4.45,-4.76,-4.71,-4.49,-4.49,-4.43,-4.78,-4.79,-4.99,-4.83,-4.91,-4.85,-4.85,-4.83,-4.70,-4.85,-4.95,-4.72,-4.64,-4.67,-4.62,-4.72,-4.67,-4.75,-4.76,-4.74,-4.60,-4.74,-4.87,-4.70,-4.68,-4.68,-4.72,-4.47,-4.42,-4.38,-4.58,-4.63,-4.54,-4.54,-4.51,-4.42,-4.33,-4.30,-4.46,-4.62,-4.37,-4.34,-4.31,-4.25,-4.52,-4.55,-4.62,-4.50,-4.45,-4.21,-4.12,-4.21,-4.29,-4.30,-4.24,-3.95,-4.29,-4.25,-4.28,-4.35,-4.05,-3.96,-3.93,-4.01,-4.20,-4.07,-3.87,-3.71,-3.70,-3.92,-4.25,-4.39,-4.38,-4.22,-3.90,-3.96,-4.24,-4.01,-4.08,-4.05,-3.97,-4.24,-4.68,-4.17,-4.03,-4.12,-4.20,-4.21,-4.31,-4.09,-4.05,-4.17,-4.38,-4.56,-4.13,-4.39,-4.22
-4.87,-4.80,-4.74,-4.74,-4.83,-4.80,-4.78,-4.75,-4.76,-4.78,-4.63,-4.64,-4.81,-4.93,-5.05,-5.00,-4.76,-4.95,-4.59,-4.81,-4.91,-4.74,-4.76,-5.03,-5.09,-5.05,-4.91,-4.85,-4.80,-4.78,-4.81,-4.83,-4.71,-4.60,-4.80,-4.68,-4.67,-4.66,-4.75,-4.83,-4.93,-5.04,-4.95,-5.00,-5.08,-5.07,-4.91,-4.79,-4.95,-4.99,-4.72,-4.76,-4.75,-4.58,-4.76,-5.00,-4.83,-4.78,-4.81,-4.72,-4.51,-4.64,-4.30,-4.68,-4.91,-5.07,-4.93,-4.83,-4.91,-4.84,-4.83,-4.74,-4.75,-4.85,-4.74,-4.62,-4.66,-4.66,-4.76,-4.75,-4.75,-4.78,-4.59,-4.56,-4.71,-4.68,-4.83,-4.96,-4.68,-4.62,-4.50,-4.50,-4.56,-4.58,-4.74,-4.72,-4.60,-4.62,-4.43,-4.22,-4.24,-4.26,-4.52,-4.45,-4.33,-4.26,-4.20,-4.46,-4.47,-4.46,-4.39,-4.43,-4.22,-4.12,-4.21,-4.26,-4.20,-4.09,-4.07,-4.20,-4.18,-4.05,-4.25,-4.22,-4.09,-4.01,-4.08,-4.16,-4.05,-3.92,-3.91,-3.67,-3.92,-4.10,-4.25,-4.18,-3.95,-3.88,-3.87,-3.99,-3.90,-4.01,-4.04,-3.97,-4.08,-4.50,-4.10,-4.10,-4.07,-4.07,-4.20,-4.28,-4.13,-4.09,-4.18,-4.35,-4.38,-4.14,-4.24,-4.41
-4.72,-4.81,-4.83,-4.70,-4.75,-4.96,-4.87,-4.80,-4.74,-4.64,-4.67,-4.71,-4.76,-4.85,-4.85,-4.84,-4.74,-4.95,-4.68,-4.64,-4.75,-4.74,-4.63,-4.78,-4.63,-4.56,-4.96,-4.83,-4.80,-4.85,-4.72,-4.56,-4.66,-4.63,-4.95,-4.81,-4.70,-4.71,-4.83,-4.92,-4.97,-4.96,-4.89,-5.09,-5.29,-5.11,-5.00,-5.00,-5.03,-4.99,-4.78,-4.64,-4.74,-4.70,-4.63,-4.92,-4.97,-4.85,-4.70,-4.64,-4.67,-4.97,-4.56,-4.70,-4.80,-4.93,-4.96,-4.81,-4.67,-4.79,-4.91,-4.87,-4.76,-4.84,-4.84,-4.51,-4.49,-4.78,-4.84,-4.96,-4.95,-5.03,-4.96,-4.70,-4.79,-4.96,-4.70,-4.68,-4.85,-4.70,-4.55,-4.54,-4.63,-4.47,-4.46,-4.45,-4.52,-4.60,-4.56,-4.49,-4.33,-4.30,-4.42,-4.26,-4.39,-4.54,-4.24,-4.41,-4.50,-4.38,-4.31,-4.34,-4.18,-4.13,-4.16,-4.16,-4.12,-4.09,-4.08,-4.16,-4.25,-4.14,-4.33,-3.90,-3.92,-4.10,-4.07,-3.97,-3.92,-3.99,-3.86,-3.71,-3.83,-3.92,-4.07,-4.00,-3.83,-3.82,-3.69,-3.88,-3.73,-3.83,-3.92,-3.96,-4.03,-4.21,-4.33,-4.10,-4.18,-4.35,-4.38,-4.26,-4.10,-4.04,-4.17,-4.29,-4.35,-4.41,-4.47,-4.54
-4.84,-4.83,-5.00,-4.92,-4.95,-4.84,-4.85,-4.74,-4.67,-4.72,-4.68,-4.88,-4.83,-4.87,-4.81,-4.54,-4.59,-4.87,-4.71,-4.47,-4.37,-4.42,-4.47,-4.78,-4.51,-4.67,-4.85,-4.64,-4.60,-4.74,-4.68,-4.60,-4.72,-4.49,-4.88,-4.74,-4.68,-4.66,-4.76,-4.93,-4.92,-4.83,-4.85,-4.75,-5.08,-5.01,-4.95,-4.92,-4.63,-4.68,-4.67,-4.79,-4.95,-4.89,-4.87,-4.95,-4.96,-4.83,-4.50,-4.78,-4.51,-4.63,-4.56,-4.68,-4.68,-4.91,-4.87,-4.80,-4.68,-4.70,-4.87,-4.83,-4.66,-4.75,-4.74,-4.46,-4.47,-4.76,-4.80,-4.91,-4.99,-4.88,-4.84,-4.67,-4.66,-4.80,-4.59,-4.66,-4.74,-4.58,-4.39,-4.38,-4.54,-4.67,-4.62,-4.46,-4.38,-4.52,-4.52,-4.33,-4.24,-4.25,-4.52,-4.45,-4.26,-4.41,-4.18,-4.55,-4.52,-4.26,-4.26,-4.28,-4.12,-4.10,-4.13,-4.10,-4.04,-3.97,-4.07,-4.07,-4.05,-4.14,-4.21,-3.87,-3.84,-4.01,-3.99,-3.88,-3.96,-3.93,-3.91,-3.71,-3.84,-3.92,-4.13,-4.05,-3.88,-3.88,-3.82,-4.01,-3.78,-3.87,-4.03,-4.01,-4.00,-4.25,-3.82,-3.87,-4.39,-4.49,-4.30,-4.24,-4.04,-3.96,-4.14,-4.25,-4.25,-4.26,-4.22,-4.30
-4.75,-4.66,-4.80,-4.85,-4.96,-4.84,-4.81,-4.76,-4.67,-4.80,-4.67,-4.85,-4.92,-4.96,-4.93,-4.55,-4.26,-4.72,-4.85,-5.01,-5.03,-4.74,-4.64,-4.76,-4.70,-4.80,-4.78,-4.59,-4.58,-4.70,-4.62,-4.56,-4.85,-4.45,-4.88,-4.74,-4.80,-4.78,-4.70,-4.81,-4.88,-4.70,-4.88,-4.92,-5.12,-4.78,-4.84,-4.79,-4.71,-4.70,-4.67,-4.83,-4.95,-4.76,-4.67,-4.72,-4.80,-4.76,-4.59,-4.75,-4.30,-4.62,-4.52,-4.67,-4.58,-4.89,-4.81,-4.70,-4.68,-4.68,-4.79,-4.80,-4.63,-4.63,-4.60,-4.38,-4.55,-4.71,-4.59,-4.63,-4.78,-4.75,-4.66,-4.56,-4.64,-4.56,-4.71,-4.83,-4.58,-4.54,-4.47,-4.38,-4.54,-4.50,-4.45,-4.50,-4.52,-4.64,-4.55,-4.24,-4.21,-4.33,-4.34,-4.38,-4.24,-4.22,-4.29,-4.43,-4.31,-4.17,-4.20,-4.38,-4.12,-4.17,-4.16,-4.09,-4.09,-4.09,-4.13,-4.12,-4.01,-3.93,-4.34,-4.00,-3.92,-4.18,-4.20,-4.09,-4.14,-4.12,-3.88,-3.76,-4.04,-4.04,-4.18,-4.01,-3.90,-3.97,-3.96,-3.96,-3.71,-3.93,-3.95,-3.86,-3.88,-4.01,-3.86,-3.93,-4.13,-4.18,-4.18,-4.22,-4.18,-3.97,-4.08,-4.16,-4.17,-4.09,-4.10,-4.39
-4.88,-4.72,-4.76,-4.83,-4.80,-4.89,-4.83,-4.76,-4.81,-4.78,-4.76,-4.76,-4.79,-4.75,-4.72,-4.87,-4.96,-4.93,-4.72,-4.79,-5.00,-4.76,-4.55,-4.68,-4.52,-4.78,-4.79,-4.63,-4.64,-4.76,-4.72,-4.54,-4.87,-4.66,-5.09,-5.00,-5.04,-4.84,-4.67,-4.78,-4.74,-4.89,-5.11,-5.04,-5.19,-5.03,-5.07,-4.95,-4.84,-4.76,-4.67,-4.75,-4.95,-4.91,-4.80,-4.92,-4.88,-4.76,-4.68,-4.85,-4.71,-4.84,-4.72,-4.70,-4.67,-4.83,-4.89,-4.79,-4.75,-4.74,-4.91,-4.93,-4.72,-4.71,-4.66,-4.43,-4.66,-4.74,-4.59,-4.56,-4.75,-4.71,-4.83,-4.67,-4.83,-4.76,-4.78,-4.88,-4.59,-4.46,-4.50,-4.41,-4.68,-4.63,-4.59,-4.70,-4.64,-4.64,-4.56,-4.41,-4.43,-4.42,-4.42,-4.31,-4.26,-4.45,-4.37,-4.66,-4.56,-4.33,-4.17,-4.35,-4.10,-4.22,-4.13,-4.13,-4.30,-4.25,-4.12,-4.14,-4.13,-4.08,-4.05,-3.92,-4.12,-4.21,-4.12,-4.08,-4.09,-4.12,-3.90,-3.58,-3.99,-3.87,-3.92,-3.78,-3.76,-3.91,-3.87,-3.83,-3.75,-4.01,-3.91,-3.84,-3.92,-4.03,-3.80,-3.90,-3.99,-4.05,-4.05,-4.09,-4.22,-4.07,-3.90,-4.07,-4.17,-4.13,-4.20,-4.41
-4.93,-4.83,-4.78,-4.89,-4.74,-4.84,-4.87,-4.80,-4.91,-4.87,-4.85,-4.68,-4.88,-5.12,-4.89,-4.81,-4.75,-4.47,-4.54,-4.63,-4.66,-4.75,-4.49,-4.67,-4.43,-4.67,-4.80,-4.70,-4.63,-4.76,-4.85,-4.79,-4.78,-4.64,-5.03,-4.85,-4.76,-4.79,-4.80,-4.81,-4.74,-4.71,-5.12,-5.03,-5.25,-5.07,-4.99,-4.95,-5.00,-4.96,-4.78,-4.72,-4.87,-4.93,-4.84,-4.80,-4.91,-4.79,-4.83,-4.88,-4.95,-4.84,-4.80,-4.75,-4.67,-4.89,-5.08,-4.96,-4.72,-4.70,-4.87,-4.93,-4.78,-4.76,-4.75,-4.56,-4.67,-4.72,-4.66,-4.58,-4.72,-4.76,-4.92,-4.70,-4.81,-4.76,-4.83,-4.87,-4.72,-4.54,-4.63,-4.34,-4.70,-4.71,-4.64,-4.75,-4.67,-4.54,-4.45,-4.31,-4.34,-4.43,-4.42,-4.33,-4.22,-4.29,-4.45,-4.72,-4.49,-4.45,-4.10,-4.41,-4.17,-4.07,-4.01,-4.20,-4.34,-4.17,-4.01,-4.09,-4.18,-4.18,-4.10,-4.16,-4.05,-4.21,-4.22,-4.07,-3.93,-3.87,-3.75,-3.49,-3.76,-3.88,-3.87,-3.76,-3.76,-3.80,-3.79,-3.86,-3.88,-4.05,-3.87,-3.80,-3.93,-4.03,-3.84,-3.69,-3.90,-4.18,-4.20,-3.96,-3.78,-3.99,-4.00,-4.04,-4.12,-4.17,-4.18,-4.14
-5.00,-4.87,-4.88,-4.87,-4.78,-4.75,-4.87,-4.97,-4.85,-4.72,-4.89,-4.79,-4.83,-5.03,-4.91,-4.85,-4.91,-4.80,-4.76,-4.74,-4.59,-4.64,-4.46,-4.66,-4.64,-4.64,-4.80,-4.83,-4.70,-4.64,-4.74,-4.71,-4.83,-4.35,-4.63,-4.80,-4.80,-4.80,-4.89,-5.05,-5.05,-4.87,-4.93,-4.96,-5.00,-5.07,-4.96,-4.92,-5.05,-5.11,-4.85,-4.75,-4.92,-4.91,-4.83,-4.76,-4.89,-4.83,-4.87,-4.83,-4.79,-4.67,-4.74,-4.91,-4.59,-4.93,-5.04,-4.88,-4.72,-4.72,-4.78,-4.76,-4.70,-4.74,-4.75,-4.60,-4.58,-4.58,-4.58,-4.52,-4.68,-4.79,-4.71,-4.54,-4.74,-4.68,-4.99,-4.84,-4.88,-4.68,-4.62,-4.33,-4.59,-4.62,-4.70,-4.67,-4.55,-4.50,-4.37,-4.24,-4.38,-4.56,-4.45,-4.26,-4.21,-4.30,-4.67,-4.76,-4.63,-4.09,-4.16,-4.59,-4.05,-4.07,-4.14,-4.21,-4.16,-4.01,-4.03,-4.10,-4.05,-4.18,-4.39,-4.22,-4.00,-4.25,-4.25,-4.05,-3.79,-3.67,-3.87,-3.75,-4.01,-3.97,-3.92,-3.74,-3.73,-3.83,-3.90,-3.88,-3.79,-3.96,-3.78,-3.80,-3.99,-4.12,-4.00,-3.78,-3.83,-4.18,-4.26,-4.12,-3.99,-3.80,-4.17,-4.20,-4.04,-3.97,-4.03,-3.87
-4.97,-4.88,-5.07,-4.83,-4.71,-4.72,-4.88,-5.03,-4.85,-4.97,-4.87,-4.81,-4.79,-4.84,-5.13,-4.76,-4.95,-4.97,-4.81,-4.67,-4.67,-4.67,-4.56,-4.64,-4.75,-4.75,-4.88,-5.00,-4.79,-4.67,-4.72,-4.70,-4.91,-4.76,-4.75,-4.68,-4.64,-4.62,-4.80,-5.17,-4.84,-4.81,-4.84,-5.05,-5.17,-5.12,-5.12,-4.99,-4.97,-5.09,-4.95,-4.84,-5.01,-4.87,-4.87,-4.78,-4.92,-4.88,-4.80,-4.75,-4.71,-4.58,-4.66,-4.95,-4.78,-4.97,-4.84,-4.75,-4.84,-4.83,-4.84,-4.72,-4.67,-4.83,-4.75,-4.58,-4.54,-4.56,-4.51,-4.43,-4.78,-4.80,-4.60,-4.59,-4.78,-4.74,-4.96,-4.83,-4.88,-4.78,-4.60,-4.39,-4.56,-4.60,-4.67,-4.60,-4.49,-4.51,-4.42,-4.31,-4.41,-4.50,-4.41,-4.24,-4.28,-4.29,-4.39,-4.45,-4.51,-4.21,-4.12,-4.49,-4.29,-4.22,-4.18,-4.33,-4.26,-4.16,-4.30,-4.24,-3.99,-4.26,-4.34,-4.05,-4.07,-4.31,-4.30,-4.08,-3.92,-3.92,-3.91,-3.96,-3.84,-4.16,-4.10,-3.95,-3.91,-3.97,-4.05,-4.08,-4.00,-3.86,-3.83,-3.99,-4.10,-4.13,-4.05,-3.86,-3.79,-4.07,-4.09,-3.96,-3.83,-3.75,-3.50,-3.79,-4.05,-4.16,-4.07,-3.86
-4.88,-4.89,-5.03,-4.91,-4.75,-4.64,-4.74,-5.03,-4.71,-4.84,-4.83,-4.72,-4.67,-4.78,-5.20,-4.70,-4.93,-4.99,-4.72,-4.47,-4.68,-4.72,-4.72,-4.67,-4.64,-4.74,-4.93,-5.03,-4.89,-4.70,-4.76,-4.87,-4.87,-4.60,-4.83,-4.96,-4.88,-4.83,-4.95,-5.24,-4.96,-5.12,-4.89,-5.05,-5.19,-5.03,-5.01,-4.88,-4.87,-5.07,-5.03,-4.89,-5.03,-4.81,-4.87,-4.79,-4.97,-5.00,-4.88,-4.81,-4.78,-4.63,-4.72,-4.85,-5.05,-5.12,-4.91,-4.76,-4.84,-4.81,-4.79,-4.79,-4.79,-4.88,-4.85,-4.62,-4.62,-4.75,-4.54,-4.47,-4.85,-4.87,-4.76,-4.87,-4.80,-4.76,-4.76,-4.91,-4.79,-4.80,-4.67,-4.52,-4.68,-4.75,-4.63,-4.54,-4.42,-4.45,-4.42,-4.37,-4.50,-4.58,-4.45,-4.29,-4.31,-4.35,-4.37,-4.49,-4.52,-4.47,-4.45,-4.70,-4.29,-4.21,-4.24,-4.43,-4.39,-4.38,-4.47,-4.31,-4.13,-4.33,-4.17,-4.04,-4.10,-4.39,-4.22,-4.07,-4.04,-4.03,-4.08,-4.08,-3.88,-3.87,-3.97,-3.96,-3.99,-3.86,-3.87,-4.10,-3.84,-3.79,-4.01,-4.10,-4.07,-4.01,-3.99,-3.78,-3.79,-3.96,-3.92,-3.75,-3.67,-3.79,-3.26,-3.65,-3.83,-3.92,-4.04,-3.86
-4.97,-4.89,-4.97,-4.76,-4.78,-4.72,-4.68,-4.95,-4.76,-4.91,-4.88,-4.71,-4.64,-4.87,-5.19,-4.83,-4.91,-5.05,-4.84,-4.46,-4.70,-4.54,-4.74,-4.71,-4.76,-4.66,-4.56,-4.71,-4.72,-4.55,-4.68,-4.55,-4.78,-4.76,-4.66,-4.80,-4.84,-4.66,-4.81,-5.24,-4.92,-5.11,-4.93,-4.99,-5.04,-5.00,-4.85,-4.74,-4.75,-4.93,-4.93,-4.76,-4.95,-4.83,-4.74,-4.92,-4.99,-5.07,-5.04,-4.96,-4.81,-4.74,-4.84,-4.92,-4.99,-5.04,-5.01,-4.83,-4.85,-4.87,-4.78,-4.71,-4.68,-4.80,-4.88,-4.75,-4.67,-4.80,-4.84,-4.71,-4.91,-4.88,-4.83,-4.84,-4.88,-4.70,-4.92,-5.08,-4.87,-4.81,-4.64,-4.67,-4.72,-4.79,-4.62,-4.50,-4.42,-4.51,-4.43,-4.35,-4.60,-4.81,-4.66,-4.38,-4.33,-4.45,-4.50,-4.45,-4.75,-4.54,-4.64,-4.87,-4.33,-4.43,-4.38,-4.29,-4.17,-4.13,-4.20,-4.20,-4.24,-4.46,-4.05,-4.04,-4.01,-4.35,-4.05,-4.00,-3.93,-3.96,-4.14,-4.00,-4.00,-3.74,-4.07,-3.88,-3.88,-3.84,-3.90,-3.92,-3.91,-4.04,-4.03,-4.17,-4.10,-4.04,-3.97,-3.70,-3.83,-3.99,-3.91,-3.76,-3.78,-3.87,-3.66,-3.82,-3.78,-3.93,-4.08,-3.80
-4.99,-4.70,-4.83,-4.72,-4.63,-4.56,-4.54,-4.91,-4.70,-4.79,-4.83,-4.74,-4.71,-4.97,-5.07,-4.97,-4.95,-5.04,-5.00,-4.59,-4.71,-4.37,-4.52,-4.56,-4.67,-4.68,-4.74,-4.88,-4.83,-4.71,-4.75,-4.67,-4.83,-4.78,-4.67,-4.76,-4.87,-4.74,-4.89,-5.25,-4.91,-5.01,-5.03,-4.99,-4.95,-4.99,-4.88,-4.85,-4.83,-4.79,-4.81,-4.67,-4.88,-4.99,-4.81,-5.00,-4.89,-4.95,-4.92,-4.80,-4.92,-4.93,-4.72,-4.97,-5.03,-4.99,-5.04,-4.93,-5.03,-5.00,-4.87,-4.87,-4.85,-4.93,-4.79,-4.49,-4.56,-4.79,-4.71,-4.67,-4.70,-4.70,-4.74,-4.78,-4.81,-4.56,-4.89,-5.01,-5.00,-4.78,-4.79,-4.72,-4.76,-4.66,-4.60,-4.58,-4.55,-4.70,-4.56,-4.45,-4.70,-4.93,-4.74,-4.45,-4.39,-4.50,-4.66,-4.58,-4.79,-4.68,-4.76,-4.89,-4.31,-4.39,-4.30,-4.29,-4.35,-4.45,-4.51,-4.37,-4.12,-4.21,-4.20,-4.08,-4.00,-4.28,-4.17,-3.99,-3.93,-4.05,-4.09,-3.93,-3.88,-4.07,-4.18,-3.95,-3.87,-3.79,-3.76,-3.84,-3.97,-4.09,-4.10,-3.97,-3.96,-3.99,-3.86,-3.53,-3.86,-4.08,-4.00,-3.95,-3.99,-4.00,-3.74,-3.84,-3.93,-4.08,-4.09,-3.93
-4.93,-4.66,-4.67,-4.66,-4.68,-4.71,-4.70,-4.79,-4.64,-4.76,-4.83,-4.81,-4.83,-4.97,-4.96,-4.95,-4.99,-5.00,-4.88,-4.58,-4.83,-4.39,-4.38,-4.47,-4.47,-4.52,-4.71,-4.87,-4.70,-4.68,-4.76,-4.70,-4.78,-4.81,-4.78,-4.81,-4.84,-4.76,-4.84,-5.17,-5.08,-4.99,-5.08,-5.05,-5.04,-5.01,-4.99,-5.04,-5.00,-4.87,-4.91,-4.85,-4.97,-5.12,-4.89,-4.92,-5.09,-4.78,-4.79,-5.01,-4.93,-4.95,-4.72,-4.92,-5.28,-4.96,-4.89,-4.96,-5.00,-4.92,-4.91,-5.04,-4.91,-4.84,-4.93,-4.68,-4.72,-4.88,-4.79,-4.67,-4.64,-4.74,-4.71,-4.52,-4.67,-5.04,-4.95,-4.97,-4.68,-4.71,-4.68,-4.66,-4.72,-4.67,-4.75,-4.60,-4.62,-4.79,-4.67,-4.45,-4.63,-4.85,-4.71,-4.54,-4.55,-4.58,-4.67,-4.68,-4.72,-4.60,-4.59,-4.81,-4.13,-4.45,-4.47,-4.24,-4.33,-4.49,-4.35,-4.13,-4.07,-4.14,-4.30,-4.42,-4.66,-4.41,-4.18,-4.03,-4.09,-4.17,-4.13,-3.96,-3.97,-4.30,-4.04,-4.01,-4.03,-3.87,-3.80,-3.82,-3.80,-3.88,-3.75,-4.00,-3.79,-3.78,-3.88,-3.82,-4.01,-4.07,-4.05,-4.01,-4.00,-3.92,-3.70,-3.79,-3.91,-4.05,-4.13,-4.03
-4.87,-4.84,-4.79,-4.80,-4.79,-4.80,-4.81,-4.70,-4.60,-4.87,-4.91,-4.78,-4.93,-4.91,-5.03,-4.96,-5.05,-5.13,-4.95,-4.67,-4.52,-4.33,-4.62,-4.63,-4.52,-4.45,-4.47,-4.58,-4.60,-4.63,-4.71,-4.70,-4.70,-4.66,-4.74,-4.81,-4.76,-4.79,-4.75,-5.01,-5.11,-4.91,-5.08,-5.05,-5.15,-5.07,-5.03,-4.95,-4.83,-4.87,-4.85,-4.80,-4.85,-4.89,-4.92,-4.97,-4.99,-5.01,-4.91,-5.07,-4.75,-4.72,-4.66,-4.93,-4.92,-4.96,-5.00,-4.89,-4.83,-4.79,-4.93,-5.04,-4.79,-4.84,-5.07,-4.74,-4.62,-4.96,-4.81,-4.64,-4.84,-4.81,-4.84,-4.76,-4.79,-4.74,-4.75,-5.09,-4.68,-4.79,-4.58,-4.58,-4.83,-4.62,-4.75,-4.74,-4.68,-4.84,-4.66,-4.35,-4.42,-4.66,-4.72,-4.66,-4.72,-4.62,-4.52,-4.58,-4.70,-4.49,-4.45,-4.55,-4.05,-4.31,-4.37,-4.17,-4.29,-4.38,-4.30,-4.22,-4.16,-4.18,-4.29,-4.33,-4.41,-4.16,-4.22,-4.21,-3.92,-3.91,-3.91,-3.90,-4.18,-4.10,-3.92,-3.96,-3.99,-4.01,-3.99,-3.88,-3.86,-3.97,-3.74,-3.95,-3.91,-3.91,-3.95,-4.01,-3.99,-4.03,-3.99,-3.91,-3.86,-3.88,-4.00,-3.97,-3.92,-4.12,-4.20,-4.08
-4.97,-5.05,-5.05,-5.03,-4.95,-4.87,-4.81,-4.71,-4.60,-4.85,-4.88,-4.66,-4.95,-4.80,-4.89,-4.88,-4.80,-4.76,-4.74,-4.54,-4.60,-4.52,-4.50,-4.76,-4.76,-4.58,-4.72,-4.88,-4.76,-4.55,-4.66,-4.71,-4.72,-4.70,-4.76,-4.84,-4.75,-4.80,-4.81,-4.91,-4.93,-4.85,-5.07,-5.01,-5.07,-4.93,-4.84,-4.85,-4.78,-4.80,-4.96,-4.93,-4.91,-4.75,-4.71,-4.76,-4.88,-5.11,-5.01,-5.04,-4.87,-4.71,-4.68,-4.92,-5.05,-5.04,-4.95,-4.87,-4.79,-4.70,-4.76,-4.91,-4.81,-4.70,-4.74,-4.49,-4.58,-4.72,-4.83,-4.80,-4.80,-4.71,-4.71,-4.66,-4.58,-4.68,-4.74,-4.85,-4.81,-4.60,-4.54,-4.51,-4.67,-4.52,-4.71,-4.81,-4.76,-4.76,-4.64,-4.45,-4.50,-4.64,-4.60,-4.64,-4.71,-4.51,-4.47,-4.55,-4.59,-4.45,-4.39,-4.55,-4.29,-4.38,-4.42,-4.26,-4.42,-4.38,-4.31,-4.33,-4.26,-4.20,-4.14,-4.17,-4.17,-4.13,-4.18,-3.97,-3.84,-3.79,-3.73,-3.74,-3.90,-3.97,-4.04,-3.93,-3.87,-3.99,-4.05,-4.03,-4.00,-3.97,-3.71,-3.90,-3.88,-3.96,-4.03,-3.99,-4.01,-4.16,-4.10,-4.20,-4.22,-4.17,-4.17,-4.28,-4.16,-4.26,-4.21,-4.08
-5.13,-5.01,-5.04,-5.03,-4.93,-4.81,-4.72,-4.84,-4.67,-4.72,-4.78,-4.62,-4.74,-4.75,-4.89,-4.99,-4.91,-4.81,-4.93,-4.38,-4.62,-4.49,-4.43,-4.50,-4.55,-4.59,-4.84,-4.96,-4.89,-4.71,-4.74,-4.79,-4.85,-4.87,-4.83,-4.81,-4.79,-4.78,-4.84,-4.99,-4.89,-4.96,-5.00,-5.03,-5.16,-4.95,-4.79,-4.88,-4.78,-4.80,-4.84,-4.91,-4.87,-4.78,-4.84,-5.20,-4.95,-5.33,-4.76,-4.91,-4.92,-4.81,-4.80,-5.12,-5.01,-4.88,-4.97,-4.95,-4.85,-4.75,-4.81,-4.88,-4.72,-4.78,-4.80,-4.78,-4.63,-4.63,-4.71,-4.87,-4.85,-4.78,-4.63,-4.68,-4.85,-4.71,-4.95,-4.88,-4.70,-4.49,-4.55,-4.56,-4.93,-4.88,-4.85,-4.83,-4.83,-4.83,-4.67,-4.45,-4.50,-4.71,-4.76,-4.64,-4.50,-4.46,-4.51,-4.63,-4.55,-4.50,-4.39,-4.72,-4.33,-4.47,-4.47,-4.30,-4.31,-4.31,-4.38,-4.35,-4.30,-4.37,-4.33,-4.38,-4.30,-4.20,-4.35,-4.21,-4.00,-3.95,-4.05,-3.97,-3.92,-4.20,-4.12,-3.93,-3.97,-3.87,-3.99,-4.00,-3.95,-3.97,-3.78,-4.03,-3.97,-4.12,-4.16,-4.00,-3.86,-4.05,-4.34,-4.35,-4.20,-4.04,-3.99,-3.93,-4.24,-4.25,-4.12,-4.05
-5.09,-4.93,-4.93,-4.89,-4.81,-4.76,-4.55,-4.96,-4.76,-4.71,-4.67,-4.28,-5.00,-4.66,-4.78,-4.85,-4.78,-4.75,-4.91,-4.51,-4.56,-4.50,-4.41,-4.51,-4.62,-4.62,-4.88,-4.83,-4.81,-4.68,-4.76,-4.91,-4.91,-4.87,-4.84,-4.84,-4.83,-4.88,-4.80,-5.19,-5.08,-5.03,-5.07,-5.08,-5.05,-4.95,-5.03,-5.11,-4.89,-5.00,-4.89,-4.93,-4.81,-5.21,-4.84,-4.80,-5.08,-4.91,-4.92,-5.01,-4.84,-4.72,-4.62,-5.04,-5.15,-5.09,-4.92,-4.88,-4.91,-4.83,-4.87,-4.92,-4.88,-4.81,-4.75,-4.78,-4.81,-4.68,-4.70,-4.75,-4.72,-4.79,-4.60,-4.52,-4.76,-4.97,-4.81,-4.80,-4.60,-4.67,-4.78,-4.55,-4.93,-4.87,-4.83,-4.70,-4.71,-5.00,-4.93,-4.49,-4.38,-4.62,-4.74,-4.68,-4.54,-4.47,-4.63,-4.56,-4.67,-4.66,-4.38,-4.56,-4.12,-4.41,-4.39,-4.42,-4.30,-4.22,-4.38,-4.51,-4.42,-4.33,-4.33,-4.16,-4.13,-4.13,-4.08,-4.24,-4.16,-4.07,-3.95,-4.09,-4.31,-4.16,-4.12,-3.84,-4.04,-3.84,-3.92,-3.91,-3.88,-3.96,-3.70,-3.73,-4.01,-4.09,-4.04,-3.92,-3.75,-3.93,-4.07,-4.13,-4.09,-4.09,-4.25,-4.16,-4.20,-4.17,-4.12,-4.03
-4.85,-4.80,-4.85,-4.83,-4.83,-5.03,-4.64,-4.83,-4.89,-4.79,-4.58,-4.47,-4.76,-4.96,-4.95,-4.89,-4.84,-4.79,-4.79,-4.58,-4.68,-4.49,-4.46,-4.66,-4.76,-4.66,-4.81,-4.88,-4.79,-4.60,-4.71,-4.97,-4.97,-4.80,-4.84,-4.97,-4.92,-4.89,-4.84,-5.09,-5.05,-4.97,-5.03,-4.92,-4.93,-4.93,-4.96,-5.21,-5.19,-5.09,-5.00,-4.91,-4.76,-4.84,-4.92,-4.84,-4.96,-5.17,-4.93,-4.92,-4.99,-4.80,-4.75,-4.99,-5.03,-5.00,-4.91,-4.83,-4.88,-4.87,-4.88,-4.84,-4.71,-4.79,-4.75,-4.68,-4.63,-4.72,-4.76,-4.89,-4.76,-4.79,-4.76,-4.56,-4.75,-5.01,-4.70,-5.04,-4.81,-4.66,-4.80,-4.74,-4.91,-4.92,-4.88,-4.80,-4.84,-5.03,-4.88,-4.62,-4.67,-4.74,-4.56,-4.56,-4.64,-4.56,-4.67,-4.70,-4.55,-4.60,-4.38,-4.38,-4.10,-4.35,-4.39,-4.45,-4.39,-4.25,-4.31,-4.34,-4.24,-4.21,-4.28,-4.17,-4.20,-4.38,-4.33,-4.26,-4.31,-4.07,-3.90,-4.00,-4.12,-4.09,-4.28,-4.33,-3.95,-3.78,-4.00,-3.97,-3.95,-3.95,-3.69,-3.58,-4.03,-3.99,-4.05,-4.03,-3.91,-4.16,-4.12,-4.38,-4.42,-4.45,-4.54,-4.42,-4.30,-4.42,-4.28,-4.22
-4.75,-4.64,-4.70,-4.67,-4.60,-4.96,-4.63,-4.72,-4.54,-4.54,-4.75,-4.42,-4.78,-4.59,-4.85,-4.91,-4.70,-4.75,-4.95,-4.63,-4.71,-4.46,-4.47,-4.76,-4.87,-4.70,-4.78,-4.91,-4.93,-4.71,-4.75,-4.97,-5.01,-4.81,-4.74,-4.93,-4.99,-4.93,-4.85,-5.01,-5.28,-5.11,-4.95,-5.09,-5.16,-5.09,-4.92,-4.72,-5.03,-4.99,-5.05,-5.13,-4.83,-4.75,-4.83,-5.12,-5.13,-5.13,-5.16,-4.80,-4.72,-4.75,-4.67,-4.88,-5.07,-5.07,-5.04,-4.89,-4.83,-4.93,-5.00,-4.96,-4.79,-4.85,-4.88,-4.64,-4.49,-4.66,-4.84,-4.81,-4.85,-4.67,-4.87,-4.67,-4.81,-4.56,-4.87,-4.81,-4.89,-4.58,-4.71,-4.78,-4.81,-4.66,-4.74,-4.89,-4.95,-4.95,-4.93,-4.62,-4.47,-4.43,-4.45,-4.59,-4.66,-4.63,-4.60,-4.72,-4.68,-4.70,-4.56,-4.52,-4.24,-4.50,-4.45,-4.34,-4.47,-4.39,-4.33,-4.28,-4.22,-4.30,-4.33,-4.26,-4.30,-4.38,-4.58,-4.39,-4.38,-4.35,-4.13,-4.08,-4.17,-4.12,-4.07,-3.74,-3.84,-4.04,-4.09,-4.04,-3.95,-3.88,-3.87,-3.79,-3.96,-4.03,-4.13,-4.00,-3.76,-4.00,-4.26,-4.29,-4.26,-4.20,-4.17,-4.26,-4.03,-4.12,-4.14,-4.30
-4.97,-4.83,-4.80,-4.76,-4.59,-4.67,-4.74,-4.72,-4.72,-4.72,-4.72,-4.63,-4.75,-4.68,-4.78,-4.80,-4.71,-4.79,-4.97,-4.71,-4.72,-4.54,-4.51,-4.72,-4.79,-4.75,-4.83,-4.71,-4.96,-4.75,-4.75,-4.81,-4.78,-4.68,-4.75,-5.08,-4.95,-4.68,-4.81,-5.31,-5.20,-5.13,-5.17,-5.13,-5.07,-4.95,-4.87,-5.01,-5.01,-4.99,-5.05,-5.17,-5.00,-4.87,-4.84,-5.03,-4.99,-5.13,-5.03,-4.79,-4.74,-4.79,-4.70,-4.92,-5.03,-5.08,-5.09,-4.91,-4.87,-4.99,-5.03,-5.03,-4.93,-4.99,-4.99,-4.68,-4.59,-4.72,-4.89,-4.72,-4.92,-4.66,-4.92,-4.96,-4.88,-4.78,-4.93,-4.72,-4.80,-4.66,-4.74,-4.78,-4.91,-4.80,-4.84,-4.75,-4.71,-4.89,-4.92,-4.79,-4.60,-4.59,-4.47,-4.35,-4.45,-4.35,-4.54,-4.63,-4.34,-4.60,-4.64,-4.60,-4.34,-4.47,-4.42,-4.55,-4.56,-4.38,-4.46,-4.42,-4.37,-4.43,-4.37,-4.26,-4.31,-4.21,-4.39,-4.31,-4.30,-4.17,-3.92,-3.90,-4.09,-4.22,-4.04,-3.76,-3.69,-3.79,-3.90,-3.88,-3.74,-3.71,-3.80,-3.57,-3.95,-4.00,-4.05,-3.92,-3.76,-3.93,-4.26,-4.16,-4.08,-4.13,-4.22,-4.10,-4.14,-4.16,-4.25,-4.25
-4.93,-4.84,-4.75,-4.64,-4.45,-4.88,-4.60,-4.63,-4.66,-4.64,-4.72,-4.49,-4.70,-4.66,-4.74,-4.79,-4.72,-4.74,-4.81,-4.68,-4.74,-4.63,-4.54,-4.58,-4.55,-4.75,-4.67,-4.62,-4.79,-4.74,-4.70,-4.67,-4.70,-4.79,-4.81,-5.01,-4.85,-4.76,-4.88,-5.12,-5.04,-5.04,-5.05,-5.00,-5.16,-5.12,-4.81,-5.09,-4.92,-4.83,-4.95,-4.99,-5.01,-5.16,-5.12,-5.13,-4.95,-4.89,-4.85,-4.85,-4.80,-4.79,-4.72,-4.84,-4.85,-4.93,-5.07,-5.01,-4.88,-4.81,-4.87,-4.96,-4.95,-4.91,-5.01,-4.81,-4.72,-4.72,-4.79,-4.74,-5.01,-4.60,-5.00,-4.84,-4.79,-4.60,-4.85,-4.81,-4.78,-4.55,-4.79,-4.72,-4.91,-4.60,-4.75,-4.71,-4.67,-4.91,-4.83,-4.68,-4.60,-4.56,-4.66,-4.72,-4.60,-4.59,-4.80,-4.78,-4.67,-4.70,-4.83,-4.68,-4.24,-4.33,-4.52,-4.52,-4.34,-4.31,-4.34,-4.22,-4.26,-4.39,-4.26,-4.12,-4.26,-4.14,-4.38,-4.25,-4.24,-3.95,-3.70,-3.78,-4.05,-4.05,-3.74,-3.96,-3.65,-3.84,-3.74,-3.75,-3.75,-3.76,-3.79,-3.74,-4.05,-3.82,-3.90,-3.95,-3.92,-3.97,-4.08,-4.04,-4.00,-4.17,-4.24,-4.01,-4.50,-4.25,-4.00,-4.17
-4.89,-4.88,-4.95,-4.93,-4.66,-4.91,-4.78,-4.63,-4.60,-4.68,-4.81,-4.60,-4.74,-4.54,-4.68,-4.92,-4.75,-4.71,-4.75,-4.58,-4.63,-4.59,-4.50,-4.56,-4.64,-4.58,-4.50,-4.80,-4.78,-4.71,-4.63,-4.66,-4.83,-4.92,-4.81,-4.91,-4.92,-4.75,-4.68,-4.93,-4.99,-4.91,-4.89,-4.99,-5.20,-5.24,-4.97,-5.00,-4.75,-4.71,-4.68,-4.84,-4.85,-4.81,-4.92,-5.05,-4.89,-4.76,-4.74,-4.85,-4.75,-4.84,-4.79,-4.76,-4.79,-4.89,-5.05,-4.95,-4.78,-4.68,-4.80,-4.85,-4.79,-4.83,-5.01,-4.83,-4.67,-4.68,-4.76,-4.66,-4.92,-4.54,-4.91,-4.60,-4.75,-4.56,-4.81,-4.80,-4.81,-4.64,-4.76,-4.76,-4.80,-4.47,-4.56,-4.64,-4.63,-4.84,-4.72,-4.43,-4.47,-4.64,-4.63,-4.58,-4.54,-4.49,-4.67,-4.78,-4.50,-4.42,-4.33,-4.37,-4.20,-4.42,-4.35,-4.42,-4.28,-4.28,-4.20,-4.01,-4.16,-4.30,-4.16,-4.00,-4.13,-4.22,-4.52,-4.17,-4.13,-3.97,-3.79,-3.97,-4.21,-4.17,-3.91,-3.91,-4.04,-3.76,-3.86,-3.87,-3.87,-3.79,-3.71,-3.78,-3.82,-3.87,-3.95,-3.92,-3.90,-3.92,-3.88,-3.82,-3.90,-3.97,-3.92,-3.87,-3.99,-4.24,-3.93,-4.00
-4.92,-4.80,-4.80,-4.81,-4.54,-4.79,-4.80,-4.76,-4.63,-4.55,-4.83,-4.52,-4.71,-4.62,-4.70,-4.93,-4.79,-4.79,-4.83,-4.56,-4.49,-4.51,-4.51,-4.59,-4.75,-4.63,-4.66,-4.88,-4.84,-4.71,-4.72,-4.80,-4.88,-4.99,-4.83,-5.08,-5.04,-4.63,-4.81,-5.00,-5.05,-5.08,-5.05,-5.09,-5.08,-4.93,-4.95,-5.12,-4.87,-5.04,-4.80,-4.93,-4.76,-4.87,-4.88,-4.93,-4.84,-4.81,-4.79,-4.79,-4.71,-4.75,-4.74,-4.78,-4.84,-5.04,-5.17,-4.99,-4.80,-4.71,-4.79,-4.78,-4.64,-4.76,-5.00,-4.85,-4.63,-4.67,-4.76,-4.68,-4.84,-4.54,-4.85,-4.71,-4.83,-4.88,-4.95,-4.64,-4.84,-4.75,-4.70,-4.62,-4.88,-4.58,-4.72,-4.63,-4.66,-4.80,-4.75,-4.55,-4.60,-4.74,-4.70,-4.64,-4.52,-4.63,-4.87,-4.64,-4.56,-4.60,-4.81,-4.63,-4.41,-4.74,-4.33,-4.30,-4.33,-4.41,-4.38,-4.20,-4.25,-4.35,-4.17,-4.07,-4.08,-4.31,-4.49,-4.14,-3.99,-3.93,-3.95,-4.12,-4.26,-4.18,-4.01,-4.01,-3.71,-3.63,-3.78,-3.86,-3.83,-3.70,-3.65,-3.73,-3.65,-3.91,-3.82,-3.90,-4.00,-3.92,-3.71,-3.61,-3.80,-3.75,-3.71,-3.74,-3.67,-4.22,-4.03,-4.00
-4.99,-5.00,-4.93,-4.76,-4.59,-4.78,-4.75,-4.76,-4.74,-4.63,-4.75,-4.51,-4.66,-4.70,-4.72,-4.78,-4.66,-4.80,-4.84,-4.62,-4.52,-4.63,-4.64,-4.46,-4.43,-4.45,-4.64,-4.87,-4.87,-4.83,-4.88,-4.83,-4.67,-4.70,-4.71,-4.88,-4.87,-4.83,-4.79,-4.91,-4.88,-5.00,-5.17,-5.16,-4.99,-4.88,-4.91,-5.19,-4.97,-5.05,-4.84,-4.89,-4.91,-4.83,-4.81,-4.93,-5.05,-4.88,-4.79,-4.78,-4.81,-4.74,-4.72,-4.87,-4.88,-4.99,-5.15,-5.05,-4.88,-4.75,-4.89,-4.87,-4.75,-4.74,-4.85,-4.80,-4.67,-4.79,-4.70,-4.66,-4.88,-4.59,-4.92,-4.81,-4.83,-4.83,-4.99,-4.76,-4.84,-4.79,-4.68,-4.62,-4.74,-4.60,-4.68,-4.60,-4.71,-4.84,-4.91,-4.51,-4.54,-4.62,-4.51,-4.54,-4.50,-4.51,-4.70,-4.63,-4.34,-4.25,-4.55,-4.52,-4.24,-4.41,-4.49,-4.39,-4.37,-4.34,-4.42,-4.34,-4.38,-4.31,-4.18,-4.24,-4.13,-4.30,-4.42,-4.14,-4.17,-3.99,-3.96,-4.08,-4.16,-4.17,-4.14,-3.96,-3.86,-3.87,-3.88,-3.92,-3.91,-3.80,-3.66,-3.60,-3.80,-4.04,-3.84,-3.76,-3.74,-3.71,-3.69,-3.48,-3.74,-3.82,-3.78,-3.76,-3.75,-4.20,-4.08,-3.99
-5.03,-5.15,-5.09,-4.89,-4.47,-4.74,-4.87,-4.79,-4.68,-4.71,-4.81,-4.55,-4.71,-4.68,-4.68,-4.76,-4.56,-4.67,-4.68,-4.51,-4.49,-4.58,-4.64,-4.64,-4.46,-4.52,-4.74,-4.84,-4.74,-4.66,-4.78,-4.91,-4.84,-4.78,-4.74,-4.99,-4.74,-4.80,-4.84,-4.91,-4.88,-4.89,-5.03,-5.05,-4.95,-4.93,-4.89,-4.99,-4.88,-5.05,-4.87,-4.79,-5.03,-4.80,-4.84,-4.89,-5.12,-5.04,-4.87,-4.87,-4.87,-4.72,-4.70,-4.89,-4.85,-4.84,-4.99,-4.93,-4.81,-4.81,-4.97,-4.87,-4.75,-4.70,-4.74,-4.71,-4.71,-4.93,-4.74,-4.56,-4.74,-4.50,-4.85,-4.71,-4.76,-4.58,-4.81,-4.85,-4.75,-4.79,-4.67,-4.50,-4.72,-4.41,-4.58,-4.66,-4.72,-4.87,-4.76,-4.51,-4.59,-4.62,-4.56,-4.52,-4.43,-4.45,-4.54,-4.52,-4.70,-4.59,-4.41,-4.47,-4.25,-4.50,-4.47,-4.33,-4.52,-4.45,-4.26,-4.31,-4.41,-4.30,-4.26,-4.34,-4.09,-4.26,-4.50,-4.16,-4.43,-4.21,-3.99,-3.96,-4.07,-4.20,-4.16,-3.93,-3.91,-3.97,-3.95,-3.99,-4.03,-3.91,-3.74,-3.71,-3.80,-3.93,-3.82,-3.82,-3.75,-3.66,-3.75,-3.43,-3.69,-3.76,-3.82,-3.82,-3.75,-3.95,-3.95,-4.00
-4.96,-5.05,-5.08,-5.05,-4.52,-4.74,-4.93,-4.84,-4.60,-4.64,-4.92,-4.56,-4.78,-4.75,-4.67,-4.93,-4.74,-4.62,-4.66,-4.50,-4.43,-4.50,-4.47,-4.39,-4.46,-4.60,-4.63,-4.74,-4.79,-4.78,-4.76,-4.79,-4.79,-4.70,-4.83,-5.12,-4.79,-4.92,-4.97,-5.07,-5.05,-5.04,-5.04,-4.99,-4.99,-5.05,-4.92,-4.88,-4.72,-5.04,-4.96,-4.80,-4.97,-4.74,-4.96,-4.97,-5.08,-4.99,-4.92,-4.91,-4.84,-4.68,-4.58,-4.79,-4.89,-4.89,-4.97,-4.88,-4.81,-4.84,-4.95,-4.84,-4.68,-4.71,-4.88,-4.80,-4.75,-4.83,-4.79,-4.63,-4.67,-4.59,-4.76,-4.71,-4.78,-4.70,-4.83,-4.85,-4.66,-4.64,-4.71,-4.58,-4.74,-4.49,-4.63,-4.72,-4.83,-4.91,-4.80,-4.70,-4.58,-4.63,-4.64,-4.54,-4.45,-4.46,-4.59,-4.58,-4.59,-4.60,-4.54,-4.51,-4.54,-4.49,-4.47,-4.39,-4.39,-4.24,-4.29,-4.31,-4.47,-4.42,-4.28,-4.26,-4.16,-4.28,-4.42,-4.30,-4.34,-4.21,-4.04,-3.97,-4.12,-4.22,-4.16,-4.09,-3.97,-3.84,-3.99,-4.04,-4.04,-3.88,-3.82,-3.99,-4.18,-4.20,-4.08,-4.04,-3.79,-3.54,-3.58,-3.53,-3.97,-3.88,-3.83,-3.87,-3.73,-3.65,-3.82,-4.04
-4.88,-4.87,-4.95,-5.08,-4.74,-4.83,-4.88,-4.81,-4.74,-4.76,-4.84,-4.79,-4.85,-4.84,-4.87,-5.12,-4.76,-4.80,-4.78,-4.68,-4.67,-4.64,-4.43,-4.56,-4.55,-4.64,-4.84,-4.79,-4.74,-4.66,-4.75,-4.92,-4.89,-5.01,-4.74,-4.96,-4.80,-5.05,-4.92,-4.99,-4.99,-5.05,-5.11,-5.08,-5.11,-5.08,-4.84,-4.92,-4.72,-4.88,-4.99,-4.75,-4.81,-4.76,-4.91,-5.15,-5.11,-4.78,-4.72,-4.81,-4.75,-4.62,-4.59,-4.81,-4.93,-4.92,-5.05,-4.92,-4.87,-4.81,-4.93,-4.93,-4.72,-4.74,-4.96,-4.79,-4.79,-4.75,-4.78,-4.76,-4.79,-4.74,-4.75,-4.76,-4.84,-4.95,-4.93,-4.79,-4.68,-4.45,-4.68,-4.71,-4.75,-4.49,-4.68,-4.67,-4.85,-4.83,-4.89,-4.68,-4.52,-4.68,-4.66,-4.58,-4.62,-4.60,-4.60,-4.67,-4.60,-4.45,-4.33,-4.56,-4.35,-4.63,-4.46,-4.35,-4.51,-4.35,-4.38,-4.45,-4.45,-4.33,-4.29,-4.35,-4.25,-4.20,-4.33,-4.34,-4.16,-3.99,-4.01,-4.05,-4.14,-4.26,-4.33,-4.24,-4.03,-4.00,-4.13,-3.99,-3.92,-3.93,-3.96,-4.01,-4.01,-4.03,-4.00,-3.75,-3.71,-3.82,-3.75,-3.47,-3.91,-3.76,-3.86,-3.90,-3.67,-3.84,-3.91,-3.96
-4.87,-4.91,-4.93,-5.01,-4.76,-4.89,-4.88,-4.78,-4.80,-4.72,-4.81,-4.75,-4.80,-4.80,-4.80,-4.95,-4.71,-4.79,-4.76,-4.67,-4.55,-4.52,-4.59,-4.54,-4.50,-4.68,-4.76,-4.75,-4.83,-4.89,-4.91,-5.01,-5.09,-4.85,-4.74,-4.92,-4.83,-4.84,-4.79,-4.96,-4.97,-4.95,-5.01,-5.05,-5.13,-5.00,-4.80,-4.89,-4.76,-4.80,-5.01,-4.83,-4.84,-4.79,-4.89,-5.15,-5.07,-4.79,-4.72,-4.78,-4.74,-4.72,-4.78,-4.97,-4.97,-4.89,-5.07,-4.97,-4.87,-4.89,-4.92,-4.87,-4.75,-4.70,-4.85,-4.68,-4.75,-4.78,-4.81,-4.87,-4.89,-4.64,-4.75,-4.71,-4.92,-4.93,-4.85,-4.75,-4.74,-4.54,-4.64,-4.80,-4.78,-4.50,-4.71,-4.66,-4.70,-4.79,-4.81,-4.56,-4.67,-4.84,-4.76,-4.66,-4.63,-4.66,-4.75,-4.79,-4.64,-4.60,-4.63,-4.51,-4.25,-4.42,-4.43,-4.64,-4.54,-4.50,-4.41,-4.29,-4.42,-4.45,-4.45,-4.45,-4.25,-4.18,-4.45,-4.18,-3.93,-3.97,-3.93,-4.03,-4.12,-4.37,-4.51,-4.29,-4.17,-4.12,-4.25,-3.82,-3.90,-3.91,-3.95,-4.05,-3.86,-3.92,-3.82,-3.71,-3.76,-3.95,-4.05,-3.86,-3.92,-3.74,-3.93,-4.05,-3.83,-3.78,-3.90,-3.82
-4.85,-5.01,-4.95,-4.96,-4.80,-4.85,-4.81,-4.75,-4.79,-4.67,-4.78,-4.71,-4.76,-4.80,-4.71,-4.89,-4.83,-4.88,-4.87,-4.75,-4.64,-4.62,-4.62,-4.60,-4.59,-4.62,-4.72,-4.87,-4.80,-4.68,-4.76,-4.95,-5.15,-4.92,-4.78,-4.97,-4.81,-4.79,-4.79,-4.96,-4.93,-4.89,-4.99,-5.05,-5.07,-5.04,-4.96,-4.88,-4.63,-4.92,-4.91,-4.95,-4.87,-4.68,-4.95,-5.01,-5.05,-4.95,-4.88,-4.80,-4.85,-4.97,-4.92,-4.97,-5.00,-5.00,-5.13,-5.01,-4.89,-5.03,-4.88,-4.81,-4.81,-4.79,-4.79,-4.70,-4.62,-4.85,-4.87,-4.88,-4.95,-4.70,-4.80,-4.74,-5.01,-4.88,-4.80,-4.84,-4.67,-4.75,-4.68,-4.92,-4.83,-4.66,-4.72,-4.71,-4.75,-4.79,-4.71,-4.60,-4.72,-4.91,-4.81,-4.70,-4.58,-4.66,-4.87,-4.78,-4.62,-4.55,-4.63,-4.47,-4.35,-4.64,-4.63,-4.60,-4.58,-4.52,-4.67,-4.55,-4.52,-4.46,-4.33,-4.22,-4.22,-4.38,-4.64,-4.13,-3.93,-4.01,-3.93,-4.16,-4.29,-4.47,-4.49,-4.24,-4.13,-3.96,-4.12,-3.82,-3.99,-3.92,-3.87,-3.91,-3.83,-3.82,-3.69,-3.69,-3.66,-3.75,-3.90,-3.61,-3.69,-3.67,-3.82,-3.80,-3.62,-3.69,-3.66,-3.80
-4.84,-4.93,-4.71,-4.93,-4.74,-4.63,-4.54,-4.66,-4.97,-4.64,-4.66,-4.60,-4.68,-4.76,-4.76,-4.88,-4.63,-4.75,-4.84,-4.78,-4.68,-4.68,-4.50,-4.56,-4.54,-4.55,-4.72,-4.83,-4.81,-4.76,-4.81,-4.92,-5.01,-4.84,-4.72,-4.92,-4.80,-4.85,-4.89,-4.85,-4.79,-4.79,-4.97,-5.05,-4.99,-5.01,-4.83,-4.92,-4.60,-4.91,-4.80,-4.83,-4.85,-4.66,-4.97,-5.09,-5.05,-4.91,-4.87,-4.72,-4.70,-4.84,-4.84,-4.96,-5.05,-4.95,-5.16,-5.15,-5.00,-5.00,-4.83,-4.81,-4.71,-4.67,-4.70,-4.62,-4.52,-4.84,-4.95,-4.85,-4.79,-4.71,-4.72,-4.78,-5.00,-4.84,-4.89,-4.83,-4.55,-4.71,-4.74,-4.85,-4.87,-4.76,-4.60,-4.66,-4.80,-4.71,-4.68,-4.64,-4.70,-4.85,-4.78,-4.72,-4.63,-4.64,-4.78,-4.70,-4.52,-4.52,-4.58,-4.50,-4.30,-4.54,-4.67,-4.67,-4.60,-4.59,-4.63,-4.54,-4.64,-4.45,-4.13,-4.20,-4.31,-4.17,-4.39,-4.20,-3.88,-4.24,-4.18,-4.25,-4.34,-4.45,-4.34,-4.05,-3.86,-3.80,-4.03,-4.00,-4.04,-4.00,-3.92,-3.87,-3.88,-3.91,-3.91,-3.78,-3.73,-3.78,-3.76,-3.49,-3.70,-3.67,-3.78,-3.71,-3.65,-3.96,-3.82,-3.78
-4.92,-5.08,-4.87,-5.04,-4.71,-4.68,-4.60,-4.46,-4.67,-4.56,-4.68,-4.67,-4.74,-4.85,-4.84,-4.85,-4.80,-4.96,-4.88,-4.71,-4.63,-4.63,-4.67,-4.47,-4.52,-4.58,-4.68,-4.72,-4.76,-4.83,-4.84,-4.91,-4.79,-4.79,-4.66,-4.87,-4.75,-4.85,-4.84,-4.81,-4.78,-4.75,-4.85,-5.04,-4.96,-4.96,-4.66,-4.95,-4.83,-4.84,-4.91,-4.84,-4.92,-4.64,-4.95,-5.29,-5.12,-4.80,-4.81,-4.74,-4.68,-4.76,-4.68,-4.84,-5.04,-4.92,-5.16,-5.19,-4.93,-4.81,-4.72,-4.76,-4.56,-4.68,-4.67,-4.67,-4.52,-4.67,-4.80,-4.78,-4.85,-4.56,-4.76,-4.71,-4.68,-4.71,-4.89,-4.72,-4.54,-4.46,-4.75,-4.67,-4.81,-4.85,-4.62,-4.63,-4.74,-4.68,-4.64,-4.75,-4.80,-4.84,-4.80,-4.78,-4.74,-4.71,-4.71,-4.66,-4.55,-4.56,-4.51,-4.35,-4.16,-4.41,-4.58,-4.64,-4.63,-4.45,-4.59,-4.51,-4.58,-4.51,-4.38,-4.34,-4.25,-4.30,-4.59,-4.21,-4.12,-4.08,-4.14,-4.09,-4.20,-4.28,-4.17,-4.01,-3.92,-3.80,-4.26,-4.10,-4.05,-3.97,-3.95,-3.93,-3.87,-3.93,-3.96,-4.00,-3.83,-3.79,-3.86,-3.62,-3.86,-3.80,-3.75,-3.63,-3.61,-3.84,-3.87,-3.69
-5.00,-5.11,-4.97,-4.91,-4.74,-4.74,-4.72,-4.64,-4.67,-4.87,-4.92,-4.70,-4.67,-4.85,-4.87,-4.96,-4.74,-4.92,-5.01,-4.89,-4.75,-4.75,-4.71,-4.68,-4.67,-4.84,-4.74,-4.71,-4.83,-4.85,-4.76,-4.85,-4.71,-4.85,-4.67,-4.96,-4.78,-4.78,-4.80,-4.91,-5.00,-4.91,-4.88,-5.09,-5.00,-5.11,-4.99,-4.96,-4.95,-4.92,-5.00,-4.95,-4.83,-4.70,-4.89,-5.12,-5.11,-4.91,-4.78,-4.76,-4.76,-4.76,-4.64,-4.70,-4.84,-4.87,-5.13,-4.96,-4.84,-4.84,-4.85,-4.97,-4.68,-4.68,-4.87,-4.78,-4.58,-4.74,-4.72,-4.80,-4.81,-4.66,-4.78,-4.56,-4.71,-4.68,-4.88,-4.75,-4.71,-4.50,-4.74,-4.78,-4.78,-4.96,-4.84,-4.76,-4.72,-4.72,-4.58,-4.81,-4.87,-4.76,-4.79,-4.68,-4.62,-4.70,-4.72,-4.60,-4.55,-4.56,-4.56,-4.38,-4.28,-4.51,-4.45,-4.56,-4.17,-4.37,-4.52,-4.29,-4.30,-4.28,-4.31,-4.45,-4.31,-4.12,-4.54,-4.22,-3.86,-4.21,-4.12,-3.97,-4.12,-4.05,-3.80,-3.84,-4.01,-3.87,-4.24,-4.17,-4.01,-3.88,-3.90,-3.93,-3.87,-3.87,-4.01,-4.05,-3.83,-3.83,-3.91,-3.70,-3.93,-3.73,-3.58,-3.63,-3.80,-3.92,-3.84,-3.66
-4.67,-4.62,-5.01,-4.79,-4.76,-4.71,-4.58,-4.54,-4.84,-4.68,-4.71,-4.67,-4.74,-4.84,-4.66,-4.72,-4.75,-4.89,-4.95,-4.95,-4.89,-4.79,-4.67,-4.74,-4.54,-4.80,-4.75,-4.70,-4.76,-4.78,-4.75,-4.88,-4.84,-4.92,-4.68,-4.97,-4.89,-4.78,-4.83,-4.92,-5.00,-5.00,-4.91,-5.04,-5.01,-5.11,-4.92,-4.81,-4.85,-4.96,-4.95,-4.96,-4.92,-4.83,-4.76,-5.05,-5.23,-5.08,-4.83,-4.81,-4.81,-4.74,-4.72,-4.84,-4.91,-4.81,-5.08,-4.93,-4.87,-4.92,-4.92,-5.09,-4.95,-4.85,-4.93,-4.79,-4.60,-4.99,-4.87,-4.71,-4.70,-4.87,-4.80,-4.85,-4.85,-4.56,-4.92,-4.85,-4.85,-4.63,-4.71,-4.81,-4.76,-5.00,-4.84,-4.81,-4.79,-4.76,-4.54,-4.63,-4.67,-4.68,-4.75,-4.60,-4.55,-4.67,-4.78,-4.68,-4.49,-4.50,-4.56,-4.42,-4.42,-4.55,-4.55,-4.54,-4.13,-4.38,-4.71,-4.29,-4.24,-4.24,-4.17,-4.21,-4.24,-4.35,-4.63,-4.38,-4.38,-4.04,-4.16,-4.09,-4.08,-4.01,-3.96,-3.99,-4.01,-4.01,-4.17,-4.21,-4.04,-3.99,-3.99,-3.97,-3.93,-3.92,-4.09,-3.97,-3.83,-3.88,-3.96,-3.67,-3.95,-3.66,-3.58,-3.70,-3.91,-4.04,-3.97,-3.74
-4.89,-5.01,-4.97,-4.97,-4.72,-4.62,-4.63,-4.74,-5.08,-5.00,-4.79,-4.75,-4.87,-4.91,-4.78,-4.72,-4.75,-4.83,-4.88,-4.80,-4.66,-4.75,-4.60,-4.63,-4.54,-4.72,-4.74,-4.71,-4.72,-4.70,-4.80,-4.92,-4.96,-4.96,-4.71,-4.95,-4.93,-4.83,-4.83,-4.85,-4.84,-4.85,-4.89,-4.96,-4.96,-5.17,-4.84,-4.79,-4.68,-4.92,-4.92,-4.88,-4.85,-4.74,-4.84,-4.97,-5.00,-4.95,-4.76,-4.67,-4.71,-4.68,-4.63,-4.80,-5.09,-5.09,-5.01,-4.85,-4.97,-5.01,-4.91,-4.87,-4.80,-4.80,-4.81,-4.78,-4.63,-4.89,-4.87,-4.75,-4.78,-4.62,-4.91,-4.89,-4.99,-4.76,-4.81,-4.79,-4.89,-4.56,-4.60,-4.58,-4.93,-4.93,-4.78,-4.80,-4.75,-4.75,-4.55,-4.58,-4.51,-4.62,-4.76,-4.59,-4.54,-4.67,-4.80,-4.76,-4.60,-4.54,-4.52,-4.50,-4.49,-4.59,-4.68,-4.60,-4.26,-4.43,-4.58,-4.45,-4.54,-4.49,-4.38,-4.33,-4.18,-4.17,-4.47,-4.34,-4.31,-4.09,-3.96,-3.95,-3.96,-4.05,-4.10,-4.08,-4.03,-4.03,-4.35,-3.99,-4.00,-4.07,-4.04,-3.92,-3.79,-4.08,-4.00,-3.96,-3.86,-3.96,-3.97,-3.57,-3.84,-3.62,-3.75,-3.84,-3.93,-4.10,-3.80,-3.71
-4.95,-4.95,-4.79,-4.89,-4.80,-4.78,-4.80,-4.76,-4.81,-4.83,-4.75,-4.64,-4.74,-4.95,-4.76,-4.87,-4.88,-4.79,-4.89,-4.85,-4.55,-4.80,-4.64,-4.60,-4.63,-4.68,-4.70,-4.72,-4.75,-4.72,-4.66,-4.95,-4.97,-4.88,-4.72,-5.04,-4.91,-4.78,-4.81,-4.91,-4.91,-4.85,-4.92,-4.91,-4.92,-5.23,-4.95,-4.81,-4.87,-5.04,-4.92,-4.89,-4.89,-4.67,-4.93,-5.05,-5.05,-4.95,-4.84,-4.78,-4.76,-4.76,-4.64,-4.81,-4.97,-4.78,-5.04,-4.88,-4.88,-4.75,-4.93,-4.85,-4.58,-4.52,-4.74,-4.76,-4.62,-4.76,-4.72,-4.72,-4.92,-4.75,-4.81,-5.00,-4.92,-4.76,-4.66,-4.79,-5.05,-4.58,-4.72,-4.59,-4.95,-4.87,-4.76,-4.76,-4.74,-4.78,-4.59,-4.63,-4.59,-4.63,-4.74,-4.63,-4.56,-4.64,-4.74,-4.74,-4.64,-4.56,-4.55,-4.54,-4.42,-4.54,-4.54,-4.52,-4.26,-4.35,-4.55,-4.46,-4.54,-4.62,-4.35,-4.20,-4.33,-4.45,-4.55,-4.28,-4.26,-4.08,-4.07,-3.90,-4.08,-4.12,-4.08,-4.04,-4.05,-4.10,-3.93,-3.95,-3.74,-4.01,-4.20,-4.03,-3.86,-4.29,-3.96,-3.91,-3.88,-3.95,-3.91,-3.63,-3.79,-3.74,-3.90,-3.90,-3.92,-4.08,-3.90,-3.65
-4.91,-4.92,-4.76,-4.74,-4.64,-4.70,-4.78,-4.72,-4.78,-4.55,-4.74,-4.63,-4.59,-4.91,-4.91,-4.89,-4.84,-4.78,-4.85,-4.81,-4.51,-4.79,-4.54,-4.68,-4.62,-4.59,-4.64,-4.67,-4.71,-4.72,-4.60,-4.93,-4.95,-4.78,-4.74,-5.08,-4.91,-4.74,-4.79,-4.91,-4.92,-4.83,-4.84,-4.83,-4.87,-5.13,-4.80,-4.87,-4.70,-4.91,-5.07,-4.95,-4.91,-4.76,-4.85,-5.01,-4.97,-4.91,-4.81,-4.66,-4.71,-4.74,-4.63,-4.91,-5.01,-4.75,-4.95,-4.95,-4.81,-4.66,-4.99,-4.92,-4.72,-4.63,-4.74,-4.68,-4.49,-4.83,-4.59,-4.58,-4.87,-4.81,-4.80,-4.92,-4.92,-4.96,-4.78,-4.81,-4.99,-4.55,-4.67,-4.67,-4.79,-4.70,-4.68,-4.76,-4.83,-4.76,-4.68,-4.59,-4.63,-4.74,-4.72,-4.64,-4.66,-4.64,-4.68,-4.74,-4.60,-4.56,-4.52,-4.52,-4.39,-4.55,-4.54,-4.45,-4.39,-4.45,-4.42,-4.24,-4.31,-4.42,-4.37,-4.33,-4.38,-4.47,-4.64,-4.26,-4.35,-4.28,-4.00,-3.96,-4.17,-4.18,-4.22,-4.21,-4.03,-4.12,-4.03,-4.30,-4.08,-4.20,-4.17,-4.10,-4.16,-4.18,-3.86,-4.09,-3.95,-3.91,-3.92,-3.83,-3.92,-3.84,-3.91,-3.93,-3.97,-4.00,-3.99,-3.83
-5.00,-4.95,-4.99,-4.80,-4.74,-4.68,-4.64,-4.72,-4.92,-4.56,-4.70,-4.62,-4.56,-4.93,-4.93,-5.03,-4.83,-4.78,-4.81,-4.71,-4.46,-4.78,-4.43,-4.68,-4.70,-4.64,-4.63,-4.67,-4.76,-4.83,-4.78,-5.04,-4.97,-4.96,-4.80,-5.03,-5.00,-4.92,-4.79,-4.76,-4.87,-4.79,-4.76,-4.91,-4.89,-5.04,-5.00,-5.03,-4.68,-4.81,-5.08,-4.93,-4.75,-4.80,-4.81,-5.01,-5.04,-4.93,-4.88,-4.75,-4.72,-4.67,-4.64,-5.05,-5.29,-5.05,-4.92,-4.80,-4.78,-4.81,-4.88,-5.04,-4.81,-4.70,-4.74,-4.63,-4.50,-4.76,-4.71,-4.79,-4.89,-4.76,-4.84,-4.88,-4.99,-5.04,-4.84,-4.76,-4.89,-4.72,-4.68,-4.59,-4.74,-4.58,-4.75,-4.76,-4.74,-4.79,-4.81,-4.63,-4.59,-4.71,-4.67,-4.51,-4.56,-4.59,-4.59,-4.68,-4.64,-4.56,-4.52,-4.56,-4.51,-4.59,-4.50,-4.37,-4.51,-4.54,-4.59,-4.26,-4.25,-4.33,-4.41,-4.41,-4.34,-4.33,-4.39,-4.24,-4.04,-4.29,-4.16,-4.03,-4.04,-4.24,-4.39,-4.21,-3.88,-4.05,-4.09,-4.28,-4.09,-4.12,-4.26,-4.25,-4.12,-4.20,-4.16,-4.22,-4.14,-4.13,-4.01,-3.71,-4.03,-3.76,-3.93,-4.05,-4.07,-4.00,-3.83,-4.04
-4.91,-4.93,-4.93,-4.92,-4.93,-4.78,-4.55,-4.64,-4.81,-4.64,-4.66,-4.52,-4.50,-4.92,-4.81,-5.08,-4.87,-4.78,-4.81,-4.76,-4.55,-4.83,-4.55,-4.52,-4.71,-4.64,-4.68,-4.74,-4.76,-4.88,-4.72,-5.23,-5.07,-5.04,-4.72,-4.93,-5.07,-4.92,-4.79,-4.85,-4.88,-4.81,-4.88,-4.92,-4.85,-5.01,-4.93,-4.91,-4.74,-4.71,-5.05,-5.16,-5.09,-4.91,-4.80,-4.97,-4.95,-4.91,-4.88,-4.75,-4.71,-4.64,-4.79,-5.05,-5.05,-4.97,-4.99,-4.83,-4.81,-4.71,-4.87,-4.88,-4.84,-4.74,-4.70,-4.52,-4.49,-4.67,-4.74,-4.66,-4.76,-4.56,-4.71,-4.63,-4.88,-4.74,-4.81,-4.62,-4.83,-4.67,-4.79,-4.68,-4.78,-4.84,-4.88,-4.79,-4.76,-4.79,-4.85,-4.64,-4.55,-4.67,-4.67,-4.63,-4.58,-4.52,-4.55,-4.63,-4.63,-4.56,-4.55,-4.51,-4.42,-4.50,-4.54,-4.31,-4.34,-4.41,-4.59,-4.52,-4.47,-4.41,-4.31,-4.17,-4.14,-4.30,-4.37,-4.14,-4.01,-4.25,-4.14,-3.99,-4.12,-4.25,-4.21,-4.07,-3.96,-4.04,-4.21,-3.93,-3.91,-4.04,-3.97,-3.82,-3.86,-4.20,-4.09,-4.28,-3.96,-3.95,-3.93,-3.67,-4.01,-4.03,-4.09,-4.07,-4.05,-4.08,-3.86,-3.97
-4.85,-4.99,-4.76,-4.87,-4.95,-4.80,-4.56,-4.58,-4.64,-4.72,-4.79,-4.67,-4.55,-4.75,-4.76,-4.83,-4.71,-4.79,-4.84,-4.70,-4.43,-4.62,-4.46,-4.52,-4.56,-4.66,-4.67,-4.78,-4.93,-4.81,-4.79,-5.08,-5.20,-4.97,-4.83,-4.91,-4.92,-4.81,-4.84,-4.93,-4.87,-4.84,-4.83,-4.97,-4.89,-5.05,-4.93,-4.80,-4.79,-4.72,-4.74,-4.80,-4.87,-4.91,-5.00,-5.13,-4.92,-4.83,-4.92,-4.89,-4.70,-4.59,-4.75,-4.78,-4.92,-4.74,-4.83,-4.84,-4.81,-4.79,-4.72,-4.70,-4.68,-4.60,-4.67,-4.79,-4.38,-4.62,-4.68,-4.31,-4.78,-4.47,-4.75,-4.64,-4.50,-4.71,-4.78,-4.64,-4.80,-4.67,-4.88,-4.72,-4.85,-4.87,-4.76,-4.67,-4.60,-4.75,-4.76,-4.52,-4.52,-4.56,-4.70,-4.70,-4.58,-4.63,-4.72,-4.67,-4.63,-4.62,-4.56,-4.43,-4.30,-4.51,-4.55,-4.39,-4.14,-4.29,-4.34,-4.55,-4.51,-4.33,-4.25,-4.17,-4.22,-4.50,-4.56,-4.09,-3.99,-4.28,-4.13,-4.03,-4.14,-4.16,-4.07,-4.04,-4.09,-4.09,-4.24,-4.00,-3.82,-3.88,-3.79,-3.71,-3.86,-4.16,-3.97,-4.09,-3.90,-4.00,-4.14,-4.03,-3.99,-3.97,-4.17,-4.14,-4.09,-4.17,-4.18,-3.84
-4.92,-5.17,-4.79,-4.76,-4.78,-4.71,-4.59,-4.60,-4.64,-4.79,-4.92,-4.83,-4.68,-4.81,-4.54,-4.71,-4.71,-4.81,-4.95,-4.89,-4.68,-4.68,-4.55,-4.59,-4.72,-4.78,-4.68,-4.74,-4.89,-4.71,-4.74,-5.20,-5.08,-4.93,-4.75,-4.89,-4.91,-4.79,-4.71,-4.84,-5.00,-4.79,-4.81,-4.87,-4.95,-5.01,-4.95,-4.79,-4.66,-4.76,-4.76,-4.76,-4.76,-4.81,-4.79,-5.05,-5.11,-4.99,-4.87,-4.70,-4.71,-4.72,-4.75,-4.78,-4.97,-4.85,-4.75,-4.79,-4.67,-4.68,-4.80,-4.83,-4.79,-4.68,-4.63,-4.66,-4.52,-4.80,-4.79,-4.51,-4.83,-4.49,-4.87,-4.70,-4.84,-4.66,-4.56,-4.45,-4.67,-4.66,-4.75,-4.85,-4.66,-4.68,-4.58,-4.55,-4.58,-4.64,-4.72,-4.54,-4.56,-4.58,-4.63,-4.60,-4.51,-4.66,-4.79,-4.70,-4.67,-4.66,-4.49,-4.39,-4.35,-4.50,-4.41,-4.55,-4.24,-4.30,-4.35,-4.42,-4.38,-4.34,-4.25,-4.22,-4.21,-4.29,-4.46,-4.18,-4.01,-4.21,-4.14,-4.05,-4.14,-4.08,-3.99,-3.96,-3.99,-4.07,-3.95,-4.29,-3.92,-3.80,-3.73,-3.83,-4.08,-4.18,-4.12,-3.96,-4.04,-4.00,-3.79,-3.75,-4.24,-3.84,-4.01,-4.10,-4.25,-4.38,-4.13,-3.79
-4.93,-5.23,-4.84,-4.72,-4.63,-4.63,-4.75,-4.74,-4.68,-4.75,-4.78,-4.63,-4.55,-4.93,-4.62,-4.55,-4.68,-4.74,-4.70,-4.64,-4.42,-4.78,-4.45,-4.33,-4.55,-4.68,-4.72,-4.85,-4.95,-4.58,-4.64,-4.85,-4.62,-4.68,-4.70,-4.64,-4.71,-4.87,-4.71,-4.66,-5.05,-5.01,-4.92,-4.81,-4.85,-4.79,-4.79,-4.91,-4.72,-4.64,-4.84,-4.72,-4.84,-4.83,-4.79,-5.03,-5.03,-4.84,-4.76,-4.59,-4.63,-4.89,-4.85,-4.79,-4.75,-4.63,-4.81,-4.74,-4.70,-4.75,-4.80,-4.74,-4.71,-4.70,-4.58,-4.60,-4.42,-4.74,-4.84,-4.55,-4.63,-4.51,-4.55,-4.46,-4.81,-4.54,-4.71,-4.49,-4.60,-4.52,-4.59,-4.59,-4.85,-4.68,-4.55,-4.63,-4.63,-4.60,-4.64,-4.43,-4.54,-4.59,-4.68,-4.66,-4.63,-4.67,-4.67,-4.66,-4.64,-4.64,-4.45,-4.33,-4.26,-4.38,-4.43,-4.56,-4.50,-4.50,-4.51,-4.38,-4.45,-4.49,-4.37,-4.34,-4.30,-4.31,-4.43,-4.17,-4.08,-3.99,-4.05,-3.99,-4.13,-4.12,-4.12,-4.04,-3.90,-4.00,-4.08,-4.17,-4.12,-4.07,-3.84,-3.92,-4.07,-3.82,-3.97,-3.93,-4.10,-4.07,-3.82,-3.69,-3.90,-3.99,-4.00,-3.97,-4.07,-4.17,-4.08,-4.04
-5.00,-5.13,-4.79,-4.75,-4.70,-4.79,-5.08,-5.07,-4.76,-4.75,-4.71,-4.60,-4.68,-5.03,-4.64,-4.54,-4.75,-4.91,-4.78,-4.51,-4.70,-4.70,-4.55,-4.46,-4.59,-4.80,-4.95,-5.12,-5.16,-4.78,-4.96,-4.91,-4.80,-4.83,-4.68,-4.75,-4.91,-4.91,-4.68,-4.66,-4.97,-4.91,-4.83,-4.81,-4.99,-4.88,-4.96,-4.84,-4.76,-4.72,-4.75,-4.63,-4.78,-4.70,-4.68,-4.96,-4.93,-4.84,-4.78,-4.62,-4.72,-4.67,-4.63,-4.72,-4.92,-4.83,-5.05,-4.88,-4.72,-4.78,-4.78,-4.97,-4.75,-4.74,-4.76,-4.66,-4.43,-4.70,-4.74,-4.55,-4.74,-4.49,-4.70,-4.80,-4.79,-4.74,-4.96,-4.62,-4.67,-4.55,-4.39,-4.60,-4.87,-4.68,-4.72,-4.71,-4.68,-4.60,-4.62,-4.54,-4.71,-4.76,-4.76,-4.72,-4.71,-4.63,-4.63,-4.68,-4.59,-4.56,-4.56,-4.42,-4.30,-4.42,-4.43,-4.51,-4.59,-4.67,-4.62,-4.39,-4.55,-4.50,-4.45,-4.46,-4.41,-4.43,-4.51,-4.18,-4.26,-3.97,-4.10,-4.09,-4.20,-4.17,-4.13,-4.08,-4.01,-4.07,-4.30,-4.21,-4.18,-4.20,-4.08,-4.05,-4.09,-4.01,-3.96,-4.13,-4.20,-4.22,-3.93,-3.62,-4.03,-4.00,-4.09,-4.18,-4.14,-4.04,-4.12,-3.84
-5.04,-5.36,-4.72,-4.80,-4.71,-4.62,-4.83,-4.51,-4.76,-4.78,-4.83,-4.84,-4.75,-4.84,-4.75,-4.76,-4.68,-4.72,-4.72,-4.66,-4.89,-4.78,-4.80,-4.78,-4.74,-4.75,-4.87,-4.96,-4.91,-4.85,-4.83,-4.70,-4.91,-5.05,-4.96,-5.11,-5.05,-4.89,-4.81,-4.87,-5.00,-4.93,-4.92,-4.87,-4.97,-5.15,-5.03,-5.04,-4.91,-4.80,-4.96,-4.84,-4.85,-4.75,-4.92,-5.04,-4.93,-4.97,-4.88,-4.78,-4.79,-4.79,-4.81,-4.88,-5.01,-4.96,-5.05,-4.80,-4.72,-4.72,-4.78,-4.87,-4.70,-4.47,-4.71,-4.84,-4.59,-4.51,-4.75,-4.71,-4.59,-4.79,-4.80,-4.76,-4.95,-4.67,-4.67,-4.54,-4.58,-4.60,-4.59,-4.63,-4.89,-4.70,-4.71,-4.70,-4.71,-4.75,-4.63,-4.62,-4.66,-4.70,-4.79,-4.80,-4.66,-4.54,-4.56,-4.56,-4.50,-4.47,-4.45,-4.43,-4.34,-4.39,-4.39,-4.45,-4.43,-4.58,-4.56,-4.39,-4.55,-4.42,-4.35,-4.37,-4.33,-4.38,-4.46,-4.28,-4.26,-4.00,-4.21,-4.16,-4.29,-4.26,-4.13,-4.00,-4.03,-4.16,-4.26,-4.22,-4.09,-4.03,-4.03,-3.97,-3.93,-3.99,-3.83,-4.16,-4.07,-4.09,-4.13,-4.10,-3.96,-3.84,-3.99,-4.05,-4.25,-4.38,-4.03,-4.20
-4.80,-4.83,-4.78,-4.79,-4.54,-4.39,-4.59,-4.22,-4.41,-4.50,-4.63,-4.66,-4.63,-4.99,-4.45,-4.70,-4.70,-4.67,-4.68,-4.71,-4.75,-4.64,-4.50,-4.63,-4.62,-4.71,-4.78,-4.75,-4.88,-4.75,-4.59,-4.68,-4.79,-4.80,-4.79,-4.87,-4.87,-4.76,-4.70,-4.75,-4.93,-4.93,-4.84,-4.91,-4.75,-4.84,-4.95,-4.75,-4.64,-4.71,-4.79,-4.58,-4.81,-4.75,-4.68,-4.91,-4.93,-4.70,-4.55,-4.50,-4.52,-4.64,-4.62,-4.81,-5.12,-5.00,-5.05,-4.87,-4.76,-4.52,-4.92,-4.83,-4.75,-4.78,-4.78,-4.46,-4.72,-4.62,-4.63,-4.49,-4.62,-4.30,-4.60,-4.70,-4.71,-4.50,-4.70,-4.45,-4.56,-4.50,-4.33,-4.45,-4.64,-4.39,-4.46,-4.63,-4.67,-4.78,-4.71,-4.33,-4.31,-4.50,-4.60,-4.58,-4.46,-4.45,-4.51,-4.51,-4.55,-4.56,-4.45,-4.39,-4.22,-4.28,-4.35,-4.20,-4.28,-4.35,-4.47,-4.43,-4.55,-4.30,-4.22,-4.26,-4.25,-4.42,-4.49,-4.28,-4.22,-4.00,-4.03,-4.18,-4.34,-4.22,-4.12,-4.00,-3.87,-3.99,-4.20,-4.07,-3.84,-3.88,-3.93,-3.91,-3.87,-3.88,-3.95,-4.07,-4.08,-4.01,-3.99,-3.95,-3.83,-3.90,-3.96,-4.09,-4.25,-4.33,-4.28,-3.90
-4.80,-4.78,-4.56,-4.76,-4.58,-4.29,-4.39,-4.22,-4.58,-4.59,-4.67,-4.79,-4.83,-4.91,-4.74,-4.66,-4.60,-4.60,-4.66,-4.68,-4.63,-4.80,-4.60,-4.70,-4.75,-4.67,-4.72,-4.85,-4.80,-4.64,-4.34,-4.68,-4.80,-4.74,-4.78,-4.91,-4.97,-4.87,-4.78,-4.79,-4.68,-4.71,-4.75,-5.19,-4.83,-5.07,-4.99,-4.80,-4.89,-4.66,-4.74,-4.83,-4.96,-4.97,-4.87,-4.99,-5.11,-5.05,-4.93,-4.76,-4.60,-4.63,-4.64,-4.88,-4.96,-4.93,-5.09,-4.99,-4.83,-4.71,-4.92,-4.74,-4.71,-4.54,-4.58,-4.50,-4.45,-4.49,-4.43,-4.46,-4.71,-4.50,-4.49,-4.52,-4.67,-4.47,-4.47,-4.51,-4.52,-4.43,-4.35,-4.26,-4.56,-4.45,-4.50,-4.68,-4.68,-4.71,-4.56,-4.47,-4.42,-4.54,-4.62,-4.66,-4.52,-4.45,-4.51,-4.56,-4.64,-4.64,-4.51,-4.42,-4.24,-4.24,-4.37,-4.24,-4.22,-4.12,-4.45,-4.45,-4.41,-4.25,-4.28,-4.30,-4.25,-4.31,-4.45,-4.25,-4.28,-4.17,-3.91,-4.20,-4.35,-4.07,-4.00,-4.01,-3.87,-3.91,-4.12,-3.90,-3.93,-3.91,-3.90,-3.95,-3.96,-3.93,-3.76,-3.97,-4.05,-4.03,-3.93,-3.87,-3.90,-3.82,-3.87,-3.95,-4.09,-4.22,-4.22,-4.07
-4.64,-4.99,-4.67,-4.63,-4.50,-4.35,-4.46,-4.41,-4.62,-4.58,-4.56,-4.66,-4.80,-5.01,-4.64,-4.64,-4.76,-4.78,-4.70,-4.68,-4.68,-4.80,-4.64,-4.66,-4.80,-4.78,-4.71,-4.78,-4.81,-4.79,-4.60,-4.81,-4.96,-5.00,-4.78,-4.80,-4.89,-4.89,-4.79,-4.67,-4.79,-4.81,-4.55,-5.11,-4.96,-5.19,-4.88,-4.97,-4.81,-4.62,-4.52,-4.71,-4.83,-4.71,-4.58,-4.70,-4.88,-4.96,-4.95,-4.78,-4.63,-4.64,-4.75,-4.81,-4.96,-4.81,-4.92,-4.67,-4.56,-4.35,-4.76,-4.76,-4.51,-4.67,-4.63,-4.55,-4.54,-4.41,-4.56,-4.28,-4.60,-4.38,-4.30,-4.60,-4.58,-4.50,-4.66,-4.49,-4.62,-4.59,-4.54,-4.54,-4.66,-4.59,-4.62,-4.59,-4.68,-4.72,-4.59,-4.51,-4.47,-4.55,-4.59,-4.62,-4.63,-4.50,-4.41,-4.58,-4.64,-4.43,-4.37,-4.55,-4.47,-4.41,-4.45,-4.31,-4.35,-4.22,-4.29,-4.30,-4.30,-4.37,-4.38,-4.35,-4.26,-4.22,-4.28,-4.17,-4.17,-4.25,-4.00,-4.18,-4.30,-4.13,-4.01,-3.96,-3.93,-4.05,-4.14,-4.12,-4.08,-3.93,-3.91,-3.96,-4.07,-4.10,-3.86,-4.09,-4.13,-4.07,-3.93,-3.88,-3.96,-3.95,-3.88,-3.93,-4.08,-4.21,-4.18,-3.96
-5.09,-4.96,-4.67,-4.64,-4.50,-4.31,-4.38,-4.21,-4.68,-4.81,-4.67,-4.54,-4.66,-4.81,-4.79,-4.64,-4.81,-4.88,-4.72,-4.63,-4.84,-4.89,-4.59,-4.62,-4.58,-4.60,-4.68,-4.78,-4.95,-4.72,-4.72,-4.79,-4.79,-5.05,-4.92,-4.87,-4.88,-4.89,-4.87,-4.87,-5.03,-5.03,-4.75,-4.87,-4.76,-4.83,-4.71,-4.84,-4.63,-4.75,-4.92,-4.92,-4.91,-4.83,-4.78,-4.92,-4.99,-4.89,-4.88,-4.79,-4.67,-4.67,-4.64,-4.81,-5.08,-4.96,-4.89,-4.60,-4.59,-4.75,-4.84,-4.93,-4.60,-4.58,-4.62,-4.52,-4.42,-4.59,-4.75,-4.43,-4.95,-4.64,-4.54,-4.59,-4.67,-4.63,-4.64,-4.66,-4.60,-4.52,-4.45,-4.58,-4.74,-4.66,-4.62,-4.59,-4.70,-4.52,-4.41,-4.49,-4.47,-4.52,-4.58,-4.46,-4.49,-4.59,-4.62,-4.55,-4.46,-4.43,-4.45,-4.55,-4.52,-4.49,-4.38,-4.45,-4.30,-4.43,-4.51,-4.41,-4.54,-4.52,-4.41,-4.34,-4.26,-4.24,-4.30,-4.16,-4.13,-4.13,-4.12,-4.14,-4.25,-4.28,-4.13,-3.97,-3.96,-4.09,-4.26,-4.35,-4.20,-3.99,-3.95,-3.97,-4.08,-4.26,-4.08,-4.16,-4.21,-4.20,-4.07,-3.97,-4.10,-4.10,-4.01,-4.10,-4.25,-4.29,-4.04,-4.01
-4.75,-4.99,-4.78,-4.79,-4.78,-4.67,-4.67,-4.41,-4.60,-4.72,-4.63,-4.58,-4.85,-5.01,-4.89,-4.88,-4.88,-4.78,-4.63,-4.64,-4.72,-4.83,-4.71,-4.67,-4.74,-4.72,-4.67,-4.81,-4.96,-4.66,-4.75,-4.88,-4.75,-4.95,-4.84,-5.00,-4.96,-4.78,-4.75,-4.76,-4.88,-4.95,-4.84,-4.96,-4.95,-5.05,-4.76,-4.72,-4.76,-4.59,-4.80,-4.84,-4.81,-4.70,-4.80,-4.96,-4.85,-4.84,-4.84,-4.67,-4.64,-4.60,-4.62,-4.93,-5.19,-5.01,-4.78,-4.79,-4.59,-4.70,-4.91,-4.85,-4.76,-4.80,-4.95,-4.58,-4.58,-4.59,-4.74,-4.24,-4.76,-4.47,-4.50,-4.70,-4.67,-4.67,-4.39,-4.60,-4.67,-4.58,-4.66,-4.72,-4.76,-4.78,-4.64,-4.62,-4.76,-4.41,-4.41,-4.52,-4.54,-4.66,-4.64,-4.56,-4.56,-4.49,-4.42,-4.51,-4.62,-4.60,-4.55,-4.49,-4.28,-4.42,-4.37,-4.37,-4.51,-4.52,-4.51,-4.52,-4.64,-4.58,-4.47,-4.42,-4.30,-4.24,-4.33,-4.30,-4.17,-4.07,-4.18,-4.05,-4.17,-4.25,-4.16,-4.05,-4.04,-4.10,-4.16,-4.26,-4.28,-4.08,-4.09,-4.17,-4.21,-4.20,-4.13,-4.00,-4.24,-4.26,-4.09,-3.97,-4.13,-4.21,-4.08,-4.10,-4.21,-4.24,-4.10,-4.07
-4.68,-4.72,-4.66,-4.70,-4.70,-4.60,-4.59,-4.41,-4.64,-4.67,-4.59,-4.64,-4.92,-4.96,-4.71,-4.80,-4.83,-4.80,-4.81,-4.76,-4.67,-4.71,-4.59,-4.52,-4.54,-4.60,-4.66,-4.72,-4.88,-4.75,-4.63,-4.83,-4.76,-4.85,-4.79,-4.83,-4.85,-4.89,-4.88,-4.83,-4.89,-4.89,-4.89,-4.93,-5.19,-4.87,-4.74,-4.81,-4.71,-4.80,-4.75,-4.88,-4.93,-4.67,-4.62,-4.83,-4.95,-4.96,-4.96,-4.81,-4.66,-4.55,-4.52,-4.68,-4.85,-4.72,-4.93,-4.78,-4.67,-4.78,-4.76,-4.76,-4.81,-4.81,-4.75,-4.60,-4.59,-4.59,-4.58,-4.39,-4.59,-4.41,-4.39,-4.52,-4.33,-4.64,-4.58,-4.49,-4.71,-4.51,-4.46,-4.45,-4.80,-4.56,-4.43,-4.58,-4.67,-4.58,-4.49,-4.50,-4.62,-4.70,-4.64,-4.45,-4.45,-4.50,-4.56,-4.59,-4.55,-4.63,-4.47,-4.47,-4.35,-4.47,-4.50,-4.38,-4.58,-4.43,-4.46,-4.51,-4.52,-4.52,-4.52,-4.52,-4.42,-4.28,-4.31,-4.22,-4.14,-4.09,-4.01,-4.03,-4.18,-4.24,-4.16,-4.08,-4.08,-4.14,-4.04,-4.10,-4.13,-4.08,-4.16,-4.33,-4.34,-4.10,-4.04,-3.93,-4.08,-4.16,-4.05,-3.92,-4.00,-4.09,-4.09,-4.04,-4.01,-4.08,-4.10,-4.13
-5.12,-4.80,-4.76,-4.76,-4.72,-4.64,-4.49,-4.49,-4.71,-4.70,-4.60,-4.60,-4.83,-4.88,-4.72,-4.75,-4.79,-4.84,-4.85,-4.84,-4.64,-4.79,-4.43,-4.49,-4.58,-4.63,-4.68,-4.70,-4.80,-4.72,-4.52,-4.70,-4.75,-4.87,-4.78,-4.75,-4.83,-4.83,-4.83,-4.89,-4.79,-4.83,-4.72,-4.85,-4.85,-4.85,-4.91,-4.70,-4.93,-4.88,-4.78,-4.83,-4.95,-4.78,-4.67,-4.96,-4.89,-4.67,-4.84,-4.71,-4.58,-4.59,-4.59,-4.79,-5.17,-5.13,-5.03,-4.85,-4.60,-4.56,-4.81,-4.67,-4.84,-4.62,-4.66,-4.71,-4.51,-4.55,-4.49,-4.18,-4.54,-4.42,-4.54,-4.50,-4.80,-4.71,-4.52,-4.46,-4.58,-4.42,-4.47,-4.49,-4.78,-4.66,-4.62,-4.71,-4.78,-4.63,-4.49,-4.26,-4.49,-4.75,-4.79,-4.62,-4.55,-4.63,-4.63,-4.63,-4.70,-4.56,-4.41,-4.39,-4.45,-4.67,-4.47,-4.43,-4.46,-4.54,-4.47,-4.52,-4.41,-4.38,-4.39,-4.37,-4.31,-4.31,-4.35,-4.12,-4.26,-4.05,-3.91,-4.05,-4.22,-4.16,-4.18,-4.16,-4.04,-4.07,-3.99,-4.08,-4.07,-4.08,-4.05,-4.16,-4.26,-4.09,-3.92,-3.99,-3.99,-4.05,-4.08,-4.01,-3.91,-3.84,-4.01,-4.05,-4.07,-4.05,-3.99,-4.10
-5.13,-4.83,-4.78,-4.74,-4.67,-4.62,-4.62,-4.49,-4.55,-4.60,-4.58,-4.59,-4.67,-4.58,-4.64,-4.58,-4.71,-4.85,-4.85,-4.72,-4.68,-4.78,-4.56,-4.54,-4.54,-4.68,-4.68,-4.50,-4.72,-4.64,-4.52,-4.72,-4.88,-4.80,-4.68,-4.78,-4.79,-4.75,-4.80,-4.84,-4.81,-4.91,-4.60,-4.80,-5.08,-5.13,-4.89,-4.78,-4.81,-4.91,-4.84,-4.74,-4.93,-4.80,-4.66,-4.84,-4.80,-4.71,-4.70,-4.66,-4.52,-4.42,-4.71,-4.72,-5.11,-5.05,-5.12,-4.83,-4.62,-4.70,-4.97,-5.03,-4.71,-4.67,-4.51,-4.67,-4.59,-4.49,-4.45,-4.55,-4.68,-4.14,-4.58,-4.72,-4.78,-4.59,-4.56,-4.66,-4.67,-4.42,-4.52,-4.42,-4.71,-4.58,-4.38,-4.52,-4.71,-4.62,-4.56,-4.51,-4.56,-4.56,-4.59,-4.49,-4.38,-4.47,-4.58,-4.58,-4.56,-4.49,-4.43,-4.45,-4.42,-4.51,-4.34,-4.24,-4.45,-4.34,-4.31,-4.39,-4.37,-4.28,-4.33,-4.39,-4.41,-4.47,-4.54,-4.25,-4.03,-4.26,-4.03,-4.10,-4.16,-4.09,-4.18,-4.18,-4.03,-3.95,-3.88,-4.21,-4.00,-4.12,-4.17,-4.25,-4.30,-4.13,-4.08,-4.03,-4.17,-4.13,-4.05,-4.07,-3.96,-3.97,-3.91,-4.10,-4.22,-4.16,-4.08,-3.93
-4.91,-4.81,-4.68,-4.64,-4.58,-4.55,-4.71,-4.54,-4.71,-4.67,-4.59,-4.58,-4.58,-4.50,-4.62,-4.64,-4.70,-4.81,-4.91,-4.75,-4.64,-4.62,-4.70,-4.70,-4.63,-4.74,-4.78,-4.60,-4.68,-4.71,-4.62,-4.80,-4.89,-4.80,-4.64,-4.70,-4.74,-4.68,-4.67,-4.76,-4.81,-4.99,-4.85,-4.76,-5.03,-5.12,-4.81,-4.91,-4.76,-4.74,-4.91,-4.80,-4.70,-4.60,-4.64,-4.89,-4.81,-4.60,-4.58,-4.62,-4.66,-4.66,-4.60,-4.80,-4.96,-4.96,-5.16,-4.76,-4.71,-4.78,-5.00,-4.95,-4.95,-4.68,-4.76,-4.67,-4.67,-4.52,-4.43,-4.50,-4.56,-4.56,-4.59,-4.55,-4.85,-4.75,-4.76,-4.59,-4.52,-4.42,-4.56,-4.47,-4.49,-4.25,-4.66,-4.64,-4.55,-4.68,-4.63,-4.59,-4.52,-4.58,-4.72,-4.70,-4.55,-4.55,-4.66,-4.52,-4.45,-4.63,-4.54,-4.42,-4.50,-4.66,-4.35,-4.41,-4.31,-4.39,-4.17,-4.31,-4.35,-4.42,-4.46,-4.45,-4.42,-4.39,-4.43,-4.41,-4.18,-4.31,-4.24,-4.10,-4.18,-4.20,-4.14,-4.09,-4.03,-3.92,-3.96,-4.03,-4.10,-4.09,-4.16,-4.31,-4.43,-4.37,-4.22,-3.93,-4.05,-4.18,-4.17,-4.08,-4.10,-4.07,-4.10,-4.24,-4.30,-4.26,-4.21,-3.92
-4.85,-4.85,-4.60,-4.60,-4.62,-4.56,-4.66,-4.67,-4.79,-4.75,-4.63,-4.59,-4.71,-4.68,-4.74,-4.62,-4.63,-4.70,-4.79,-4.95,-4.59,-4.62,-4.79,-4.74,-4.66,-4.74,-4.78,-4.68,-4.79,-4.81,-4.62,-4.67,-4.81,-4.80,-4.63,-4.72,-4.81,-4.81,-4.88,-4.89,-4.87,-5.04,-4.99,-4.97,-5.00,-4.97,-4.74,-4.80,-4.75,-4.78,-4.89,-4.74,-4.66,-4.51,-4.64,-4.97,-4.95,-4.78,-4.59,-4.58,-4.70,-4.62,-4.60,-4.66,-5.00,-4.96,-4.87,-4.81,-4.83,-4.84,-4.89,-4.92,-4.80,-4.59,-4.68,-4.67,-4.55,-4.68,-4.80,-4.29,-4.67,-4.47,-4.45,-4.60,-4.70,-4.76,-4.60,-4.58,-4.75,-4.62,-4.47,-4.49,-4.62,-4.59,-4.76,-4.70,-4.72,-4.63,-4.52,-4.56,-4.68,-4.80,-4.68,-4.54,-4.50,-4.54,-4.63,-4.60,-4.45,-4.42,-4.46,-4.55,-4.34,-4.18,-4.51,-4.67,-4.16,-4.37,-4.43,-4.46,-4.45,-4.35,-4.42,-4.34,-4.24,-4.41,-4.52,-4.30,-4.24,-4.39,-4.20,-4.07,-4.13,-4.22,-4.24,-4.20,-4.05,-3.95,-4.17,-3.95,-3.99,-4.08,-3.99,-4.03,-4.24,-4.31,-4.18,-3.88,-3.82,-4.05,-4.13,-3.96,-4.10,-3.91,-4.20,-4.20,-4.22,-4.33,-4.08,-4.03
-4.88,-4.79,-4.54,-4.62,-4.67,-4.60,-4.63,-4.76,-4.71,-4.70,-4.52,-4.51,-4.85,-4.67,-4.63,-4.55,-4.70,-4.76,-4.75,-4.93,-4.63,-4.72,-4.72,-4.63,-4.56,-4.70,-4.75,-4.56,-4.89,-4.80,-4.64,-4.60,-4.72,-4.78,-4.72,-4.75,-4.79,-4.84,-4.95,-4.93,-4.81,-4.99,-4.99,-4.88,-4.78,-4.97,-4.95,-4.84,-4.76,-4.85,-4.89,-4.81,-4.87,-4.71,-4.78,-4.89,-4.75,-4.87,-4.88,-4.74,-4.75,-4.78,-4.74,-4.71,-5.11,-5.13,-5.09,-4.76,-4.78,-4.74,-4.93,-4.83,-4.91,-4.81,-4.81,-4.45,-4.54,-4.60,-4.60,-4.35,-4.63,-4.42,-4.93,-4.68,-4.60,-4.78,-4.75,-4.79,-4.50,-4.66,-4.49,-4.26,-4.78,-4.56,-4.55,-4.47,-4.63,-4.56,-4.54,-4.54,-4.72,-4.87,-4.70,-4.52,-4.54,-4.67,-4.76,-4.72,-4.63,-4.56,-4.52,-4.52,-4.39,-4.49,-4.47,-4.51,-4.52,-4.59,-4.74,-4.55,-4.37,-4.26,-4.39,-4.45,-4.35,-4.35,-4.39,-4.28,-4.18,-4.50,-4.12,-4.20,-4.24,-4.22,-4.25,-4.26,-4.16,-4.08,-4.07,-4.08,-4.24,-4.07,-4.00,-4.10,-4.24,-4.24,-4.18,-3.99,-3.78,-4.10,-4.37,-4.17,-4.20,-4.01,-4.03,-4.12,-4.25,-4.35,-4.29,-4.20
-4.91,-4.70,-4.60,-4.66,-4.67,-4.60,-4.68,-4.70,-4.72,-4.63,-4.43,-4.42,-4.79,-4.49,-4.39,-4.51,-4.67,-4.72,-4.78,-4.87,-4.58,-4.89,-4.55,-4.55,-4.52,-4.64,-4.71,-4.55,-4.76,-4.67,-4.64,-4.70,-4.75,-4.78,-4.67,-4.71,-4.81,-4.81,-4.72,-4.72,-4.78,-4.85,-4.85,-4.79,-4.89,-4.96,-4.81,-4.81,-4.62,-4.68,-4.84,-4.75,-4.79,-4.52,-4.54,-4.79,-4.81,-4.91,-4.85,-4.81,-4.85,-4.78,-4.64,-4.68,-4.99,-5.05,-4.88,-4.79,-4.83,-4.80,-4.93,-4.95,-4.92,-4.99,-4.92,-4.70,-4.58,-4.50,-4.67,-4.41,-4.67,-4.55,-4.79,-4.51,-4.58,-4.66,-4.72,-4.91,-4.60,-4.35,-4.33,-4.41,-4.83,-4.71,-4.75,-4.71,-4.62,-4.60,-4.47,-4.38,-4.49,-4.52,-4.47,-4.46,-4.30,-4.28,-4.50,-4.54,-4.63,-4.63,-4.49,-4.46,-4.28,-4.45,-4.29,-4.38,-4.29,-4.52,-4.49,-4.30,-4.21,-4.31,-4.34,-4.20,-4.08,-4.24,-4.50,-4.33,-4.21,-4.14,-4.10,-4.08,-4.29,-4.35,-4.21,-4.07,-4.05,-4.03,-4.05,-4.33,-4.13,-4.08,-4.08,-4.17,-4.29,-4.21,-4.14,-3.99,-4.21,-4.22,-4.00,-3.90,-3.96,-4.03,-4.18,-4.20,-4.18,-4.25,-4.17,-4.04
-4.79,-4.68,-4.66,-4.74,-4.71,-4.59,-4.72,-4.49,-4.60,-4.63,-4.51,-4.47,-4.62,-4.51,-4.37,-4.49,-4.59,-4.60,-4.66,-4.84,-4.37,-4.85,-4.52,-4.63,-4.49,-4.52,-4.67,-4.54,-4.70,-4.74,-4.52,-4.71,-4.68,-4.63,-4.67,-4.75,-4.78,-4.75,-4.81,-4.87,-4.83,-4.83,-4.81,-4.80,-4.84,-4.91,-4.59,-4.71,-4.66,-4.71,-4.79,-4.66,-4.74,-4.52,-4.50,-4.72,-4.74,-4.74,-4.63,-4.66,-4.55,-4.56,-4.66,-4.78,-4.91,-4.87,-4.92,-4.63,-4.75,-4.74,-4.87,-5.01,-4.92,-4.88,-4.87,-4.59,-4.41,-4.66,-4.66,-4.49,-4.59,-4.84,-4.75,-4.37,-4.67,-4.70,-4.75,-4.64,-4.58,-4.39,-4.52,-4.56,-4.54,-4.43,-4.41,-4.60,-4.71,-4.64,-4.72,-4.42,-4.43,-4.62,-4.60,-4.62,-4.47,-4.42,-4.60,-4.64,-4.70,-4.58,-4.50,-4.37,-4.41,-4.31,-4.47,-4.51,-4.26,-4.22,-4.31,-4.33,-4.18,-4.24,-4.35,-4.22,-4.07,-4.30,-4.49,-4.22,-4.26,-4.13,-4.00,-4.08,-4.24,-4.12,-4.17,-4.24,-3.91,-3.92,-4.09,-3.88,-4.24,-4.10,-4.10,-4.14,-4.09,-4.12,-4.12,-4.00,-4.26,-4.33,-4.17,-4.07,-4.09,-4.20,-4.12,-4.12,-4.12,-4.08,-4.25,-4.10
-4.58,-4.51,-4.49,-4.68,-4.75,-4.62,-4.58,-4.38,-4.54,-4.58,-4.52,-4.47,-4.58,-4.54,-4.45,-4.64,-4.74,-4.72,-4.70,-4.78,-4.26,-4.58,-4.58,-4.63,-4.39,-4.43,-4.62,-4.59,-4.83,-4.81,-4.45,-4.58,-4.60,-4.58,-4.66,-4.72,-4.76,-4.78,-4.78,-4.80,-4.79,-4.70,-4.87,-4.79,-4.81,-4.78,-4.63,-4.71,-4.64,-4.67,-4.78,-4.70,-4.68,-4.56,-4.56,-4.72,-4.72,-4.67,-4.63,-4.64,-4.70,-4.67,-4.59,-4.78,-4.78,-4.80,-4.81,-4.70,-4.76,-4.79,-4.79,-4.75,-4.42,-4.75,-4.60,-4.59,-4.56,-4.62,-4.55,-4.45,-4.68,-4.49,-4.43,-4.39,-4.46,-4.30,-4.66,-4.34,-4.60,-4.56,-4.33,-4.33,-4.71,-4.62,-4.58,-4.37,-4.31,-4.31,-4.41,-4.35,-4.31,-4.50,-4.59,-4.68,-4.49,-4.38,-4.62,-4.56,-4.49,-4.39,-4.41,-4.39,-4.26,-4.09,-4.45,-4.39,-4.24,-4.03,-4.25,-4.25,-4.09,-4.21,-4.33,-4.22,-4.17,-4.35,-4.47,-4.16,-4.09,-4.00,-4.07,-4.01,-4.07,-4.08,-4.01,-3.90,-3.80,-3.95,-4.00,-4.28,-4.29,-4.08,-3.96,-4.04,-4.16,-3.93,-4.07,-4.01,-4.21,-4.31,-4.09,-3.75,-3.76,-4.00,-4.00,-4.04,-4.04,-3.99,-4.03,-3.92
-4.60,-4.76,-4.66,-4.66,-4.45,-4.16,-4.37,-4.50,-4.46,-4.51,-4.49,-4.49,-4.59,-4.47,-4.60,-4.62,-4.66,-4.75,-4.84,-4.79,-4.34,-4.47,-4.45,-4.46,-4.41,-4.47,-4.60,-4.67,-4.88,-4.66,-4.56,-4.55,-4.56,-4.55,-4.58,-4.67,-4.75,-4.79,-4.79,-4.70,-4.76,-4.66,-4.74,-4.89,-5.01,-4.68,-4.72,-4.75,-4.74,-4.80,-4.79,-4.64,-4.67,-4.55,-4.58,-4.75,-4.76,-4.79,-4.62,-4.58,-4.62,-4.67,-4.49,-4.79,-4.97,-4.81,-4.79,-4.81,-4.80,-4.85,-4.91,-4.76,-4.41,-4.74,-4.71,-4.70,-4.62,-4.52,-4.59,-4.50,-4.81,-4.67,-4.67,-4.50,-4.54,-4.75,-4.85,-4.68,-4.66,-4.47,-4.38,-4.42,-4.66,-4.62,-4.62,-4.63,-4.56,-4.56,-4.58,-4.37,-4.35,-4.59,-4.64,-4.45,-4.30,-4.43,-4.55,-4.42,-4.58,-4.55,-4.56,-4.45,-4.33,-4.54,-4.33,-4.74,-4.59,-4.33,-4.28,-4.08,-4.20,-4.31,-4.31,-4.20,-4.14,-4.39,-4.33,-4.31,-4.18,-3.82,-3.86,-3.88,-4.12,-4.13,-4.04,-4.09,-4.26,-4.28,-4.07,-4.30,-4.24,-4.18,-4.13,-4.04,-3.96,-4.00,-4.05,-4.09,-4.20,-4.29,-4.14,-3.78,-3.88,-4.09,-4.29,-4.28,-4.17,-4.14,-4.17,-3.96
-4.75,-4.52,-4.50,-4.80,-4.79,-4.45,-4.37,-4.43,-4.63,-4.70,-4.63,-4.59,-4.72,-4.70,-4.54,-4.68,-4.80,-4.83,-4.76,-4.72,-4.41,-4.50,-4.39,-4.54,-4.52,-4.58,-4.68,-4.71,-4.84,-4.59,-4.76,-4.74,-4.63,-4.56,-4.58,-4.64,-4.68,-4.76,-4.89,-4.97,-4.91,-4.80,-4.72,-5.04,-5.08,-4.80,-4.81,-4.72,-4.72,-4.83,-4.75,-4.64,-4.70,-4.71,-4.81,-4.96,-4.95,-4.80,-4.58,-4.66,-4.68,-4.63,-4.52,-4.71,-4.95,-4.88,-4.89,-4.83,-4.87,-4.81,-4.85,-4.89,-4.59,-4.72,-4.64,-4.64,-4.56,-4.64,-4.81,-4.35,-4.75,-4.58,-4.55,-4.64,-4.55,-4.78,-4.85,-4.71,-4.49,-4.59,-4.64,-4.34,-4.70,-4.71,-4.71,-4.56,-4.78,-4.71,-4.60,-4.51,-4.70,-4.83,-4.76,-4.70,-4.56,-4.51,-4.58,-4.56,-4.67,-4.76,-4.41,-4.42,-4.49,-4.55,-4.47,-4.70,-4.67,-4.45,-4.54,-4.55,-4.52,-4.43,-4.30,-4.17,-4.13,-4.31,-4.46,-4.31,-4.30,-3.95,-3.83,-4.00,-4.21,-4.26,-4.26,-4.26,-4.12,-4.13,-4.13,-4.29,-4.43,-4.16,-4.10,-4.14,-4.03,-4.08,-4.07,-4.30,-4.25,-4.10,-4.00,-3.92,-3.96,-4.01,-4.13,-4.21,-4.22,-4.24,-4.22,-4.13
-4.84,-4.85,-4.60,-4.62,-4.59,-4.49,-4.51,-4.70,-4.49,-4.51,-4.50,-4.43,-4.55,-4.76,-4.60,-4.47,-4.63,-4.76,-4.68,-4.51,-4.47,-4.64,-4.60,-4.66,-4.58,-4.60,-4.72,-4.75,-4.85,-4.71,-4.63,-4.80,-4.80,-4.64,-4.59,-4.62,-4.64,-4.74,-4.89,-4.97,-4.83,-4.78,-4.87,-4.99,-4.91,-4.96,-4.84,-4.75,-4.70,-4.76,-4.81,-4.76,-4.74,-4.62,-4.75,-4.89,-4.84,-4.80,-4.62,-4.58,-4.59,-4.55,-4.63,-4.83,-5.04,-5.00,-4.83,-4.85,-4.89,-4.70,-4.78,-4.81,-4.78,-4.62,-4.78,-4.42,-4.59,-4.58,-4.66,-4.50,-4.55,-4.66,-4.75,-4.60,-4.84,-4.95,-4.84,-4.74,-4.78,-4.58,-4.52,-4.51,-4.68,-4.55,-4.59,-4.49,-4.52,-4.64,-4.59,-4.41,-4.39,-4.46,-4.63,-4.64,-4.51,-4.47,-4.51,-4.55,-4.62,-4.67,-4.50,-4.39,-4.30,-4.46,-4.64,-4.81,-4.62,-4.26,-4.34,-4.39,-4.46,-4.42,-4.35,-4.29,-4.26,-4.38,-4.35,-4.34,-4.10,-4.10,-3.95,-4.00,-4.21,-4.21,-4.08,-3.95,-3.84,-3.92,-4.20,-4.26,-4.10,-4.03,-4.16,-4.26,-4.25,-4.26,-3.95,-4.09,-4.16,-4.09,-4.07,-4.13,-3.96,-4.03,-3.99,-4.09,-4.22,-4.18,-4.13,-3.96
-4.74,-4.47,-4.55,-4.72,-4.63,-4.49,-4.64,-4.54,-4.47,-4.56,-4.71,-4.75,-4.66,-4.55,-4.70,-4.59,-4.54,-4.64,-4.78,-4.66,-4.55,-4.45,-4.38,-4.60,-4.55,-4.56,-4.63,-4.62,-4.80,-4.71,-4.38,-4.64,-4.62,-4.56,-4.56,-4.60,-4.62,-4.68,-4.74,-4.72,-4.74,-4.67,-4.83,-4.87,-4.96,-4.85,-4.71,-4.81,-4.67,-4.64,-4.66,-4.59,-4.74,-4.63,-4.60,-4.80,-4.74,-4.67,-4.58,-4.54,-4.62,-4.63,-4.51,-4.71,-4.84,-4.91,-4.89,-4.87,-4.78,-4.71,-4.89,-4.71,-4.70,-4.66,-4.45,-4.49,-4.35,-4.55,-4.62,-4.35,-4.68,-4.56,-4.63,-4.62,-4.55,-4.91,-4.72,-4.58,-4.60,-4.45,-4.52,-4.52,-4.66,-4.49,-4.51,-4.55,-4.52,-4.45,-4.43,-4.31,-4.45,-4.51,-4.47,-4.43,-4.39,-4.47,-4.46,-4.39,-4.38,-4.43,-4.49,-4.30,-4.18,-4.41,-4.59,-4.51,-4.39,-4.18,-4.14,-4.33,-4.45,-4.30,-4.20,-4.16,-4.05,-4.18,-4.31,-4.14,-4.16,-3.95,-4.05,-3.99,-4.09,-4.13,-4.08,-4.01,-3.86,-3.88,-4.04,-4.10,-4.10,-4.05,-4.03,-4.08,-4.17,-4.08,-4.00,-3.92,-4.01,-4.17,-4.21,-4.05,-4.01,-4.12,-4.00,-4.04,-4.14,-4.08,-4.10,-4.04
-4.91,-4.63,-4.58,-4.58,-4.54,-4.49,-4.51,-4.41,-4.38,-4.50,-4.45,-4.41,-4.63,-4.29,-4.60,-4.42,-4.49,-4.64,-4.71,-4.60,-4.55,-4.67,-4.47,-4.50,-4.45,-4.49,-4.58,-4.62,-4.72,-4.76,-4.51,-4.52,-4.51,-4.49,-4.58,-4.66,-4.70,-4.66,-4.59,-4.63,-4.75,-4.71,-4.74,-4.79,-5.08,-4.70,-4.68,-4.76,-4.70,-4.60,-4.66,-4.62,-4.68,-4.54,-4.60,-4.83,-4.78,-4.75,-4.60,-4.42,-4.55,-4.62,-4.46,-4.67,-4.87,-4.88,-4.84,-5.00,-4.78,-4.58,-4.88,-4.81,-4.68,-4.58,-4.54,-4.42,-4.62,-4.64,-4.71,-4.55,-4.68,-4.58,-4.55,-4.51,-4.71,-4.71,-4.68,-4.66,-4.78,-4.64,-4.42,-4.43,-4.74,-4.52,-4.46,-4.52,-4.51,-4.47,-4.59,-4.50,-4.47,-4.47,-4.35,-4.45,-4.56,-4.58,-4.50,-4.37,-4.50,-4.45,-4.37,-4.34,-4.17,-4.41,-4.47,-4.45,-4.31,-4.34,-4.21,-4.38,-4.37,-4.33,-4.33,-4.29,-4.28,-4.33,-4.28,-4.18,-3.97,-3.87,-3.96,-3.99,-4.14,-4.20,-4.16,-4.05,-3.96,-3.75,-4.12,-4.24,-4.08,-4.01,-4.09,-4.14,-4.05,-3.91,-4.03,-3.92,-4.03,-4.20,-4.21,-3.96,-4.03,-4.18,-4.14,-4.12,-4.09,-4.00,-4.07,-4.03
-4.78,-4.56,-4.43,-4.51,-4.52,-4.52,-4.59,-4.51,-4.45,-4.41,-4.42,-4.51,-4.58,-4.39,-4.42,-4.49,-4.56,-4.68,-4.71,-4.55,-4.39,-4.46,-4.35,-4.49,-4.43,-4.47,-4.59,-4.62,-4.70,-4.60,-4.46,-4.55,-4.60,-4.63,-4.64,-4.85,-4.87,-4.74,-4.66,-4.67,-4.68,-4.72,-4.79,-4.79,-4.95,-4.75,-4.84,-4.81,-4.71,-4.71,-4.81,-4.79,-4.70,-4.52,-4.52,-4.78,-4.78,-4.63,-4.64,-4.45,-4.67,-4.68,-4.68,-4.76,-4.88,-4.71,-4.79,-4.91,-4.76,-4.66,-4.87,-4.70,-4.72,-4.66,-4.79,-4.63,-4.68,-4.79,-4.60,-4.41,-4.68,-4.51,-4.54,-4.75,-4.63,-4.55,-4.58,-4.52,-4.74,-4.55,-4.35,-4.45,-4.58,-4.59,-4.63,-4.50,-4.56,-4.45,-4.46,-4.43,-4.54,-4.66,-4.50,-4.42,-4.43,-4.49,-4.58,-4.38,-4.50,-4.24,-4.26,-4.38,-4.13,-4.29,-4.50,-4.26,-4.43,-4.37,-4.35,-4.41,-4.47,-4.46,-4.42,-4.30,-4.14,-4.07,-4.33,-4.20,-4.03,-4.08,-4.08,-3.97,-4.08,-4.18,-4.16,-4.00,-3.91,-3.92,-4.17,-4.20,-4.10,-3.99,-4.01,-4.14,-4.09,-3.93,-4.10,-4.10,-4.09,-4.13,-4.12,-3.99,-4.05,-4.07,-4.09,-4.09,-4.08,-3.96,-4.00,-3.96
-4.72,-4.58,-4.34,-4.50,-4.52,-4.43,-4.47,-4.51,-4.34,-4.41,-4.50,-4.51,-4.50,-4.60,-4.50,-4.50,-4.60,-4.67,-4.56,-4.50,-4.56,-4.31,-4.47,-4.52,-4.51,-4.60,-4.72,-4.72,-4.70,-4.62,-4.39,-4.64,-4.66,-4.64,-4.63,-4.75,-4.92,-4.87,-4.76,-4.81,-4.74,-4.62,-4.67,-4.83,-4.79,-4.70,-4.80,-4.75,-4.62,-4.76,-4.79,-4.64,-4.70,-4.64,-4.52,-4.74,-4.80,-4.70,-4.83,-4.71,-4.66,-4.45,-4.50,-4.67,-4.92,-4.66,-4.75,-4.91,-4.78,-4.74,-4.89,-4.64,-4.52,-4.67,-4.66,-4.63,-4.63,-4.52,-4.64,-4.47,-4.71,-4.42,-4.43,-4.59,-4.52,-4.49,-4.67,-4.56,-4.50,-4.46,-4.37,-4.29,-4.43,-4.47,-4.70,-4.59,-4.60,-4.51,-4.50,-4.43,-4.30,-4.45,-4.55,-4.55,-4.59,-4.59,-4.58,-4.55,-4.64,-4.38,-4.47,-4.25,-4.05,-4.08,-4.29,-4.29,-4.22,-4.16,-4.28,-4.39,-4.43,-4.41,-4.33,-4.18,-4.13,-4.14,-4.16,-4.14,-3.95,-4.08,-4.24,-4.12,-4.12,-4.09,-4.00,-3.96,-3.84,-4.14,-4.13,-4.18,-4.10,-3.97,-3.92,-4.01,-4.14,-4.01,-4.14,-4.18,-4.07,-4.01,-4.05,-3.99,-3.97,-3.92,-3.87,-3.92,-3.99,-3.88,-4.00,-4.03
-4.68,-4.50,-4.42,-4.54,-4.45,-4.33,-4.39,-4.33,-4.38,-4.41,-4.42,-4.47,-4.56,-4.55,-4.26,-4.52,-4.64,-4.54,-4.46,-4.59,-4.59,-4.59,-4.39,-4.49,-4.50,-4.49,-4.52,-4.58,-4.58,-4.51,-4.47,-4.67,-4.60,-4.54,-4.51,-4.56,-4.74,-4.89,-4.92,-4.91,-4.79,-4.55,-4.59,-4.67,-4.74,-4.58,-4.66,-4.67,-4.63,-4.67,-4.74,-4.60,-4.79,-4.75,-4.59,-4.74,-4.80,-4.78,-4.91,-4.78,-4.58,-4.46,-4.54,-4.58,-4.95,-4.67,-4.88,-4.95,-4.68,-4.78,-4.93,-4.62,-4.58,-4.67,-4.76,-4.46,-4.56,-4.52,-4.67,-4.50,-4.67,-4.35,-4.47,-4.66,-4.76,-4.72,-4.70,-4.70,-4.63,-4.64,-4.60,-4.41,-4.63,-4.67,-4.62,-4.63,-4.75,-4.66,-4.56,-4.58,-4.51,-4.50,-4.59,-4.62,-4.59,-4.64,-4.74,-4.50,-4.56,-4.50,-4.43,-4.41,-4.20,-4.39,-4.41,-4.47,-4.26,-4.21,-4.37,-4.41,-4.49,-4.49,-4.37,-4.26,-4.12,-4.14,-4.29,-4.18,-4.13,-4.13,-4.24,-4.24,-4.22,-4.16,-4.10,-4.07,-3.91,-4.24,-4.13,-4.18,-4.20,-4.07,-3.97,-4.03,-4.16,-4.07,-4.07,-4.08,-4.04,-4.00,-4.05,-4.00,-3.95,-4.01,-3.91,-3.83,-3.90,-3.86,-4.03,-4.07
-4.66,-4.49,-4.60,-4.63,-4.49,-4.37,-4.49,-4.39,-4.50,-4.41,-4.42,-4.55,-4.60,-4.47,-4.35,-4.41,-4.52,-4.62,-4.62,-4.59,-4.64,-4.74,-4.58,-4.75,-4.59,-4.59,-4.60,-4.58,-4.76,-4.79,-4.59,-4.76,-4.74,-4.67,-4.52,-4.43,-4.54,-4.72,-4.80,-4.79,-4.79,-4.75,-4.78,-4.71,-4.84,-4.74,-4.59,-4.81,-4.71,-4.63,-4.79,-4.66,-4.71,-4.74,-4.64,-4.78,-4.85,-4.84,-4.92,-4.78,-4.63,-4.52,-4.54,-4.56,-4.85,-4.72,-5.04,-4.88,-4.81,-4.76,-5.07,-4.76,-4.66,-4.74,-4.63,-4.66,-4.47,-4.50,-4.68,-4.50,-4.75,-4.58,-4.72,-4.79,-4.92,-4.76,-4.70,-4.81,-4.70,-4.52,-4.55,-4.60,-4.83,-4.76,-4.62,-4.60,-4.68,-4.72,-4.64,-4.63,-4.67,-4.66,-4.59,-4.47,-4.49,-4.67,-4.64,-4.46,-4.55,-4.64,-4.67,-4.64,-4.47,-4.55,-4.64,-4.60,-4.29,-4.30,-4.39,-4.41,-4.46,-4.45,-4.34,-4.34,-4.21,-4.28,-4.42,-4.18,-4.22,-4.22,-4.21,-4.26,-4.31,-4.28,-4.25,-4.22,-3.95,-4.16,-4.20,-4.28,-4.33,-4.12,-3.95,-4.08,-4.24,-4.10,-4.04,-4.00,-4.00,-4.03,-4.07,-4.07,-4.05,-4.22,-4.20,-4.05,-3.96,-4.03,-4.16,-4.14
-4.70,-4.60,-4.56,-4.67,-4.66,-4.55,-4.47,-4.54,-4.52,-4.50,-4.47,-4.47,-4.49,-4.50,-4.62,-4.51,-4.49,-4.59,-4.70,-4.67,-4.51,-4.46,-4.49,-4.64,-4.55,-4.55,-4.63,-4.71,-4.76,-4.67,-4.43,-4.72,-4.78,-4.58,-4.62,-4.68,-4.64,-4.63,-4.78,-4.84,-4.70,-4.76,-4.74,-5.01,-4.83,-4.89,-4.62,-4.80,-4.71,-4.67,-4.80,-4.63,-4.67,-4.74,-4.72,-4.83,-4.84,-4.85,-4.83,-4.68,-4.59,-4.47,-4.47,-4.72,-4.81,-4.78,-5.00,-4.76,-4.72,-4.72,-4.99,-4.96,-4.76,-4.79,-4.81,-4.74,-4.41,-4.67,-4.67,-4.70,-4.78,-4.54,-4.67,-4.68,-4.79,-4.79,-4.83,-4.91,-4.72,-4.63,-4.52,-4.54,-4.80,-4.66,-4.66,-4.58,-4.55,-4.74,-4.76,-4.64,-4.63,-4.63,-4.50,-4.46,-4.59,-4.66,-4.70,-4.51,-4.58,-4.62,-4.66,-4.51,-4.49,-4.83,-4.71,-4.74,-4.52,-4.35,-4.34,-4.41,-4.51,-4.52,-4.42,-4.34,-4.26,-4.41,-4.54,-4.25,-4.17,-4.17,-4.18,-4.21,-4.33,-4.35,-4.28,-4.24,-4.00,-4.10,-4.31,-4.30,-4.26,-4.07,-3.93,-4.09,-4.33,-4.20,-4.18,-4.05,-3.96,-4.03,-4.10,-4.08,-3.95,-4.10,-4.12,-4.08,-4.16,-4.07,-4.21,-4.05
-4.68,-4.60,-4.50,-4.71,-4.76,-4.62,-4.46,-4.51,-4.39,-4.41,-4.54,-4.59,-4.52,-4.56,-4.78,-4.59,-4.55,-4.52,-4.50,-4.47,-4.52,-4.45,-4.47,-4.79,-4.63,-4.55,-4.59,-4.71,-4.81,-4.74,-4.62,-4.60,-4.50,-4.56,-4.64,-4.79,-4.74,-4.79,-4.84,-4.71,-4.72,-4.75,-4.67,-4.84,-4.91,-4.96,-4.71,-4.75,-4.70,-4.62,-4.81,-4.76,-4.80,-4.81,-4.80,-4.89,-4.93,-4.89,-4.80,-4.60,-4.59,-4.60,-4.60,-4.84,-4.96,-4.74,-4.93,-4.76,-4.59,-4.85,-4.95,-5.05,-4.79,-4.91,-4.72,-4.68,-4.33,-4.85,-4.78,-4.76,-4.70,-4.56,-4.64,-4.52,-4.66,-4.70,-4.80,-4.78,-4.68,-4.59,-4.50,-4.46,-4.83,-4.70,-4.74,-4.70,-4.62,-4.72,-4.67,-4.60,-4.67,-4.64,-4.55,-4.55,-4.62,-4.68,-4.75,-4.66,-4.68,-4.51,-4.64,-4.49,-4.58,-4.88,-4.60,-4.71,-4.62,-4.43,-4.34,-4.46,-4.54,-4.50,-4.39,-4.30,-4.30,-4.38,-4.59,-4.41,-4.38,-4.17,-4.17,-4.20,-4.29,-4.38,-4.29,-4.18,-4.07,-4.12,-4.37,-4.24,-4.20,-4.20,-4.14,-4.13,-4.47,-4.30,-4.25,-4.22,-4.20,-4.24,-4.30,-4.03,-4.13,-4.05,-4.04,-4.08,-4.04,-3.93,-4.20,-4.22
-4.71,-4.74,-4.83,-4.85,-4.67,-4.55,-4.56,-4.46,-4.39,-4.39,-4.59,-4.71,-4.68,-4.63,-4.74,-4.66,-4.56,-4.59,-4.62,-4.58,-4.59,-4.75,-4.47,-4.74,-4.56,-4.64,-4.76,-4.80,-4.89,-4.79,-4.58,-4.60,-4.51,-4.62,-4.64,-4.84,-4.87,-4.76,-4.79,-4.87,-4.81,-4.92,-4.83,-4.87,-5.01,-4.91,-4.75,-4.76,-4.72,-4.60,-4.80,-4.83,-4.68,-4.67,-4.75,-4.92,-4.92,-4.88,-4.80,-4.60,-4.64,-4.64,-4.58,-4.64,-4.87,-4.66,-4.84,-4.75,-4.71,-4.91,-4.92,-4.81,-4.66,-4.99,-4.60,-4.66,-4.59,-4.79,-4.78,-4.60,-4.75,-4.66,-4.67,-4.58,-4.56,-4.71,-4.83,-4.63,-4.55,-4.56,-4.52,-4.52,-4.71,-4.78,-4.66,-4.66,-4.62,-4.67,-4.70,-4.52,-4.47,-4.58,-4.54,-4.47,-4.60,-4.62,-4.63,-4.51,-4.58,-4.51,-4.47,-4.50,-4.47,-4.71,-4.51,-4.60,-4.56,-4.39,-4.35,-4.34,-4.38,-4.47,-4.47,-4.37,-4.30,-4.29,-4.58,-4.45,-4.52,-4.33,-4.24,-4.20,-4.26,-4.30,-4.25,-4.26,-4.12,-4.20,-4.35,-4.21,-4.21,-4.28,-4.22,-4.07,-4.47,-4.33,-4.24,-4.20,-4.25,-4.35,-4.24,-4.04,-4.28,-4.17,-4.10,-4.20,-4.18,-4.08,-3.97,-4.13
-4.55,-4.79,-4.92,-4.79,-4.52,-4.54,-4.71,-4.50,-4.49,-4.51,-4.59,-4.72,-4.76,-4.62,-4.56,-4.64,-4.59,-4.63,-4.72,-4.72,-4.52,-4.62,-4.41,-4.50,-4.43,-4.66,-4.79,-4.78,-4.87,-4.81,-4.71,-4.88,-4.39,-4.62,-4.59,-4.72,-4.68,-4.70,-4.74,-4.66,-4.66,-4.71,-4.78,-4.74,-4.68,-4.72,-4.68,-4.76,-4.68,-4.68,-4.80,-4.71,-4.60,-4.52,-4.62,-4.72,-4.74,-4.75,-4.66,-4.54,-4.52,-4.46,-4.38,-4.51,-4.80,-4.78,-4.83,-4.83,-4.83,-4.84,-4.83,-4.80,-4.68,-4.67,-4.52,-4.39,-4.58,-4.74,-4.75,-4.49,-4.63,-4.62,-4.67,-4.63,-4.62,-4.63,-4.76,-4.56,-4.49,-4.38,-4.52,-4.50,-4.60,-4.70,-4.62,-4.60,-4.67,-4.63,-4.55,-4.43,-4.37,-4.49,-4.50,-4.47,-4.58,-4.55,-4.63,-4.58,-4.42,-4.60,-4.49,-4.62,-4.31,-4.59,-4.42,-4.45,-4.52,-4.41,-4.31,-4.26,-4.31,-4.49,-4.49,-4.34,-4.33,-4.31,-4.49,-4.35,-4.35,-4.34,-4.29,-4.26,-4.24,-4.17,-4.14,-4.31,-4.16,-4.37,-4.42,-4.12,-4.03,-4.05,-4.09,-4.17,-4.21,-4.13,-4.12,-4.12,-4.13,-4.20,-4.35,-3.99,-4.29,-4.26,-4.18,-4.18,-4.20,-4.01,-3.87,-3.99
-4.60,-4.71,-4.67,-4.52,-4.43,-4.49,-4.55,-4.38,-4.31,-4.42,-4.55,-4.67,-4.68,-4.59,-4.50,-4.67,-4.66,-4.66,-4.72,-4.71,-4.47,-4.56,-4.39,-4.39,-4.46,-4.63,-4.71,-4.75,-4.78,-4.64,-4.46,-4.52,-4.42,-4.54,-4.50,-4.49,-4.67,-4.72,-4.71,-4.76,-4.83,-4.84,-4.95,-4.71,-4.81,-4.74,-4.60,-4.74,-4.70,-4.62,-4.78,-4.64,-4.62,-4.52,-4.52,-4.60,-4.66,-4.68,-4.58,-4.49,-4.50,-4.35,-4.38,-4.60,-4.89,-4.84,-4.93,-4.87,-4.84,-4.70,-4.81,-4.76,-4.64,-4.50,-4.80,-4.42,-4.56,-4.62,-4.63,-4.43,-4.59,-4.60,-4.60,-4.60,-4.75,-4.54,-4.62,-4.51,-4.43,-4.35,-4.46,-4.35,-4.56,-4.71,-4.68,-4.66,-4.71,-4.67,-4.50,-4.45,-4.46,-4.46,-4.49,-4.50,-4.60,-4.60,-4.60,-4.51,-4.42,-4.54,-4.51,-4.51,-4.26,-4.38,-4.30,-4.50,-4.49,-4.39,-4.34,-4.39,-4.45,-4.46,-4.33,-4.16,-4.28,-4.39,-4.42,-4.30,-4.20,-4.16,-4.25,-4.30,-4.21,-4.08,-4.07,-4.07,-4.12,-4.30,-4.34,-4.09,-4.04,-4.04,-3.92,-4.04,-4.12,-4.16,-4.31,-4.16,-4.07,-4.26,-4.18,-3.96,-4.16,-4.22,-4.14,-4.04,-4.01,-4.09,-3.92,-3.91
-4.76,-4.59,-4.34,-4.41,-4.52,-4.58,-4.54,-4.38,-4.39,-4.42,-4.51,-4.50,-4.51,-4.66,-4.63,-4.66,-4.68,-4.70,-4.72,-4.63,-4.49,-4.54,-4.47,-4.34,-4.39,-4.63,-4.59,-4.49,-4.58,-4.60,-4.52,-4.59,-4.43,-4.58,-4.59,-4.56,-4.59,-4.72,-4.64,-4.58,-4.80,-4.72,-4.91,-4.79,-4.84,-4.59,-4.66,-4.71,-4.67,-4.64,-4.72,-4.62,-4.60,-4.60,-4.59,-4.66,-4.64,-4.72,-4.68,-4.55,-4.62,-4.52,-4.59,-4.62,-4.89,-4.91,-4.89,-4.78,-4.75,-4.67,-4.84,-4.81,-4.74,-4.63,-4.91,-4.63,-4.64,-4.60,-4.70,-4.43,-4.66,-4.67,-4.71,-4.68,-4.78,-4.59,-4.58,-4.51,-4.56,-4.51,-4.52,-4.41,-4.72,-4.78,-4.71,-4.76,-4.78,-4.67,-4.52,-4.51,-4.51,-4.51,-4.56,-4.52,-4.63,-4.67,-4.62,-4.47,-4.54,-4.50,-4.54,-4.43,-4.20,-4.30,-4.33,-4.56,-4.47,-4.41,-4.39,-4.45,-4.51,-4.45,-4.29,-4.17,-4.20,-4.30,-4.54,-4.33,-4.16,-4.14,-4.21,-4.28,-4.22,-4.05,-4.08,-4.07,-4.17,-4.07,-4.07,-4.08,-4.09,-4.01,-3.93,-4.05,-4.16,-4.09,-4.22,-4.21,-4.08,-4.05,-4.07,-3.93,-4.04,-4.17,-4.17,-4.03,-3.90,-3.96,-3.90,-3.92
-4.46,-4.70,-4.37,-4.46,-4.38,-4.33,-4.34,-4.31,-4.71,-4.56,-4.45,-4.43,-4.50,-4.63,-4.70,-4.55,-4.66,-4.78,-4.74,-4.58,-4.52,-4.59,-4.49,-4.52,-4.45,-4.63,-4.60,-4.59,-4.67,-4.54,-4.59,-4.72,-4.70,-4.63,-4.59,-4.66,-4.67,-4.68,-4.68,-4.78,-4.81,-4.71,-4.89,-4.84,-4.93,-4.80,-4.75,-4.74,-4.87,-4.78,-4.92,-4.75,-4.71,-4.76,-4.71,-4.72,-4.78,-4.81,-4.75,-4.66,-4.71,-4.70,-4.70,-4.60,-4.99,-5.04,-4.95,-4.97,-4.76,-4.63,-4.84,-4.88,-4.83,-4.78,-4.92,-4.64,-4.67,-4.67,-4.84,-4.54,-4.72,-4.70,-4.78,-4.72,-4.85,-4.72,-4.68,-4.62,-4.63,-4.66,-4.64,-4.55,-4.84,-4.80,-4.75,-4.80,-4.80,-4.67,-4.52,-4.52,-4.56,-4.67,-4.67,-4.59,-4.59,-4.68,-4.75,-4.64,-4.67,-4.62,-4.67,-4.42,-4.38,-4.51,-4.46,-4.52,-4.56,-4.55,-4.50,-4.42,-4.46,-4.50,-4.37,-4.31,-4.49,-4.25,-4.59,-4.43,-4.29,-4.28,-4.33,-4.34,-4.30,-4.28,-4.25,-3.97,-4.16,-4.20,-4.30,-4.17,-4.10,-4.07,-3.86,-3.96,-4.14,-4.29,-4.39,-4.30,-4.12,-4.14,-4.12,-4.20,-4.09,-4.00,-4.01,-4.08,-4.04,-4.24,-4.22,-4.16
-4.63,-4.84,-4.60,-4.70,-4.49,-4.51,-4.51,-4.29,-4.55,-4.60,-4.50,-4.60,-4.68,-4.60,-4.55,-4.76,-4.66,-4.80,-4.78,-4.60,-4.64,-4.66,-4.54,-4.55,-4.43,-4.63,-4.71,-4.71,-4.75,-4.71,-4.66,-4.84,-4.78,-4.70,-4.52,-4.79,-4.72,-4.83,-4.93,-4.85,-4.76,-4.75,-4.85,-4.92,-5.04,-4.85,-4.89,-4.72,-4.87,-4.89,-4.99,-4.91,-4.75,-4.67,-4.62,-4.76,-4.85,-4.74,-4.67,-4.66,-4.68,-4.68,-4.74,-4.79,-5.09,-5.00,-5.05,-5.00,-4.89,-4.66,-4.85,-4.97,-4.87,-4.89,-4.81,-4.63,-4.54,-4.78,-4.76,-4.75,-4.74,-4.54,-4.60,-4.80,-4.84,-4.68,-4.76,-4.75,-4.62,-4.68,-4.74,-4.59,-4.80,-4.87,-4.83,-4.79,-4.78,-4.67,-4.55,-4.56,-4.62,-4.78,-4.67,-4.56,-4.62,-4.64,-4.75,-4.78,-4.52,-4.63,-4.55,-4.34,-4.45,-4.55,-4.56,-4.58,-4.71,-4.66,-4.47,-4.38,-4.42,-4.46,-4.29,-4.30,-4.58,-4.43,-4.71,-4.56,-4.43,-4.35,-4.29,-4.22,-4.16,-4.22,-4.37,-4.22,-3.76,-4.25,-4.34,-4.30,-4.29,-4.26,-4.20,-4.25,-4.38,-4.29,-4.35,-4.33,-4.14,-4.17,-4.34,-4.13,-4.16,-4.14,-4.10,-4.28,-4.24,-4.49,-4.38,-4.31
-4.67,-4.84,-4.66,-4.74,-4.58,-4.58,-4.54,-4.39,-4.52,-4.58,-4.68,-4.70,-4.60,-4.55,-4.70,-4.80,-4.75,-4.80,-4.74,-4.66,-4.68,-4.66,-4.51,-4.39,-4.37,-4.64,-4.68,-4.72,-4.83,-4.78,-4.67,-4.74,-4.66,-4.72,-4.52,-4.79,-4.80,-4.79,-4.74,-4.76,-4.83,-4.78,-4.87,-4.71,-5.03,-4.81,-4.72,-4.79,-4.89,-4.78,-4.95,-4.85,-4.72,-4.50,-4.56,-4.92,-4.97,-4.75,-4.71,-4.62,-4.56,-4.67,-4.81,-4.83,-5.01,-4.88,-4.85,-4.71,-4.87,-4.63,-4.93,-5.04,-4.87,-4.83,-4.70,-4.68,-4.43,-4.64,-4.63,-4.76,-4.79,-4.35,-4.64,-4.72,-4.76,-4.68,-4.81,-4.74,-4.64,-4.51,-4.60,-4.60,-4.80,-4.91,-4.80,-4.74,-4.68,-4.56,-4.52,-4.63,-4.62,-4.71,-4.62,-4.54,-4.63,-4.54,-4.60,-4.76,-4.38,-4.47,-4.47,-4.41,-4.28,-4.38,-4.55,-4.67,-4.71,-4.52,-4.31,-4.26,-4.34,-4.47,-4.41,-4.37,-4.46,-4.35,-4.63,-4.41,-4.38,-4.39,-4.30,-4.29,-4.34,-4.18,-4.13,-4.22,-3.99,-4.20,-4.35,-4.14,-4.10,-4.28,-4.13,-4.16,-4.12,-4.22,-4.37,-4.29,-4.04,-4.20,-4.30,-4.09,-4.08,-4.14,-4.22,-4.33,-4.28,-4.34,-4.26,-4.18
-4.78,-4.80,-4.64,-4.71,-4.56,-4.49,-4.42,-4.38,-4.46,-4.35,-4.38,-4.43,-4.52,-4.59,-4.60,-4.68,-4.75,-4.70,-4.60,-4.54,-4.52,-4.62,-4.39,-4.41,-4.37,-4.59,-4.56,-4.71,-4.83,-4.67,-4.70,-4.66,-4.71,-4.54,-4.50,-4.59,-4.81,-4.75,-4.68,-4.76,-4.78,-4.71,-4.64,-4.64,-4.93,-4.66,-4.75,-4.91,-4.68,-4.70,-4.88,-4.66,-4.64,-4.67,-4.72,-5.01,-5.05,-4.83,-4.76,-4.71,-4.60,-4.54,-4.63,-4.71,-4.99,-4.87,-4.76,-4.83,-4.83,-4.67,-4.92,-5.09,-4.85,-4.84,-4.63,-4.78,-4.52,-4.55,-4.62,-4.64,-4.78,-4.55,-4.71,-4.72,-4.85,-4.92,-4.99,-4.84,-4.78,-4.50,-4.54,-4.67,-4.88,-4.88,-4.74,-4.70,-4.66,-4.56,-4.63,-4.68,-4.62,-4.67,-4.70,-4.54,-4.60,-4.58,-4.60,-4.70,-4.51,-4.60,-4.72,-4.59,-4.35,-4.46,-4.52,-4.64,-4.67,-4.52,-4.35,-4.41,-4.59,-4.66,-4.67,-4.46,-4.71,-4.46,-4.60,-4.55,-4.46,-4.28,-4.14,-4.29,-4.41,-4.20,-4.13,-4.22,-3.83,-4.00,-4.18,-4.22,-4.20,-4.20,-4.25,-4.18,-4.01,-4.21,-4.39,-4.29,-4.00,-4.28,-4.28,-4.17,-4.03,-4.05,-4.21,-4.28,-4.10,-4.14,-4.16,-4.13
-4.67,-4.71,-4.71,-4.58,-4.55,-4.51,-4.46,-4.38,-4.37,-4.25,-4.42,-4.56,-4.58,-4.46,-4.42,-4.78,-4.78,-4.70,-4.58,-4.43,-4.42,-4.52,-4.47,-4.52,-4.45,-4.58,-4.59,-4.72,-4.83,-4.72,-4.67,-4.70,-4.76,-4.59,-4.55,-4.70,-4.87,-4.80,-4.75,-4.85,-4.93,-4.84,-4.76,-4.87,-4.85,-4.83,-4.67,-5.01,-4.68,-4.52,-4.93,-4.76,-4.85,-4.89,-4.79,-4.96,-5.05,-4.93,-4.88,-4.85,-4.70,-4.49,-4.62,-4.79,-5.05,-4.80,-4.93,-4.91,-4.87,-4.88,-4.91,-5.16,-4.99,-4.96,-4.62,-4.83,-4.63,-4.68,-4.76,-4.70,-4.75,-4.72,-4.76,-4.81,-4.89,-4.87,-5.00,-5.01,-4.92,-4.62,-4.62,-4.66,-4.81,-4.85,-4.70,-4.71,-4.67,-4.62,-4.74,-4.68,-4.58,-4.71,-4.72,-4.58,-4.60,-4.63,-4.67,-4.68,-4.62,-4.84,-4.72,-4.63,-4.43,-4.50,-4.51,-4.58,-4.72,-4.63,-4.42,-4.45,-4.62,-4.76,-4.62,-4.58,-4.52,-4.39,-4.56,-4.42,-4.29,-4.31,-4.28,-4.21,-4.30,-4.24,-4.25,-4.28,-4.05,-4.04,-4.21,-4.34,-4.25,-4.07,-4.14,-4.25,-4.29,-4.29,-4.33,-4.30,-4.14,-4.45,-4.31,-4.20,-4.05,-4.01,-4.12,-4.20,-4.01,-4.12,-4.26,-4.29
-4.50,-4.60,-4.67,-4.51,-4.58,-4.63,-4.60,-4.52,-4.49,-4.30,-4.41,-4.59,-4.67,-4.66,-4.74,-4.95,-4.87,-4.85,-4.70,-4.55,-4.49,-4.51,-4.71,-4.55,-4.58,-4.75,-4.75,-4.76,-4.81,-4.76,-4.64,-4.68,-4.71,-4.67,-4.54,-4.75,-4.72,-4.76,-4.81,-4.87,-4.87,-4.84,-4.75,-4.75,-4.99,-4.88,-4.83,-4.84,-4.45,-4.60,-4.75,-4.49,-4.64,-4.76,-4.75,-4.84,-4.93,-5.01,-5.01,-4.88,-4.74,-4.62,-4.63,-4.74,-4.97,-4.84,-4.97,-4.76,-4.84,-4.89,-4.84,-4.99,-4.93,-4.87,-4.66,-4.72,-4.60,-4.76,-4.71,-4.75,-4.72,-4.66,-4.81,-4.79,-4.91,-4.83,-4.87,-4.91,-4.83,-4.62,-4.63,-4.60,-4.68,-4.76,-4.72,-4.72,-4.66,-4.66,-4.74,-4.67,-4.54,-4.71,-4.71,-4.60,-4.55,-4.51,-4.67,-4.60,-4.66,-4.78,-4.63,-4.60,-4.47,-4.54,-4.52,-4.67,-4.70,-4.58,-4.59,-4.70,-4.63,-4.59,-4.52,-4.51,-4.39,-4.39,-4.39,-4.35,-4.34,-4.38,-4.39,-4.31,-4.28,-4.34,-4.22,-4.42,-4.25,-4.25,-4.26,-4.26,-4.25,-4.18,-4.16,-4.12,-4.25,-4.39,-4.41,-4.29,-4.14,-4.50,-4.33,-4.20,-4.09,-4.07,-4.13,-4.05,-4.12,-4.25,-4.26,-4.34
-4.56,-4.55,-4.54,-4.46,-4.52,-4.64,-4.68,-4.63,-4.52,-4.46,-4.62,-4.71,-4.81,-4.80,-4.68,-4.78,-4.78,-4.75,-4.67,-4.55,-4.54,-4.62,-4.56,-4.66,-4.63,-4.76,-4.81,-4.74,-4.67,-4.67,-4.66,-4.63,-4.71,-4.60,-4.62,-4.71,-4.68,-4.68,-4.64,-4.74,-4.83,-4.74,-4.80,-4.91,-5.04,-5.04,-4.88,-4.75,-4.59,-4.60,-4.68,-4.66,-4.60,-4.60,-4.68,-4.76,-4.95,-5.07,-4.88,-4.66,-4.63,-4.66,-4.66,-4.71,-5.00,-4.84,-5.00,-4.91,-4.87,-4.78,-4.75,-4.88,-4.71,-4.80,-4.62,-4.55,-4.63,-4.72,-4.62,-4.72,-4.81,-4.66,-4.72,-4.81,-4.89,-4.99,-4.85,-4.83,-4.75,-4.64,-4.67,-4.64,-4.63,-4.70,-4.76,-4.74,-4.67,-4.67,-4.68,-4.71,-4.56,-4.63,-4.75,-4.59,-4.51,-4.49,-4.62,-4.56,-4.74,-4.88,-4.58,-4.64,-4.37,-4.49,-4.60,-4.56,-4.54,-4.54,-4.51,-4.54,-4.56,-4.67,-4.41,-4.63,-4.38,-4.67,-4.84,-4.59,-4.29,-4.24,-4.25,-4.20,-4.26,-4.38,-4.29,-4.42,-4.41,-4.41,-4.35,-4.26,-4.20,-4.17,-4.05,-4.09,-4.20,-4.42,-4.52,-4.31,-4.09,-4.30,-4.26,-4.21,-4.13,-4.17,-4.38,-4.21,-3.97,-4.30,-4.51,-4.42
-4.54,-4.45,-4.46,-4.37,-4.51,-4.66,-4.66,-4.58,-4.54,-4.51,-4.62,-4.74,-4.79,-4.60,-4.42,-4.66,-4.66,-4.83,-4.79,-4.56,-4.45,-4.59,-4.64,-4.74,-4.63,-4.80,-4.70,-4.70,-4.68,-4.62,-4.59,-4.55,-4.67,-4.59,-4.63,-4.72,-4.72,-4.78,-4.70,-4.81,-4.88,-4.79,-4.81,-4.84,-5.00,-5.04,-4.75,-4.71,-4.66,-4.60,-4.76,-4.66,-4.60,-4.54,-4.81,-5.09,-5.16,-5.12,-4.87,-4.64,-4.56,-4.50,-4.67,-4.75,-5.09,-4.83,-4.93,-4.89,-4.80,-4.83,-5.05,-4.89,-4.78,-4.79,-4.70,-4.50,-4.79,-4.79,-4.81,-4.78,-5.03,-4.64,-4.72,-4.79,-4.75,-4.87,-4.88,-4.95,-4.83,-4.72,-4.71,-4.67,-4.68,-4.71,-4.75,-4.75,-4.67,-4.59,-4.58,-4.60,-4.55,-4.62,-4.59,-4.63,-4.58,-4.55,-4.55,-4.63,-4.71,-4.72,-4.63,-4.60,-4.31,-4.43,-4.60,-4.60,-4.54,-4.42,-4.38,-4.51,-4.46,-4.45,-4.39,-4.66,-4.46,-4.46,-4.64,-4.42,-4.14,-4.22,-4.35,-4.18,-4.20,-4.37,-4.26,-4.25,-4.38,-4.41,-4.35,-4.30,-4.25,-4.08,-3.99,-4.24,-4.28,-4.39,-4.47,-4.38,-4.31,-4.16,-4.14,-4.09,-4.01,-4.09,-4.39,-4.07,-4.07,-4.30,-4.38,-4.24
-4.54,-4.49,-4.46,-4.49,-4.56,-4.66,-4.59,-4.52,-4.50,-4.45,-4.62,-4.67,-4.72,-4.60,-4.46,-4.68,-4.72,-4.74,-4.66,-4.46,-4.45,-4.54,-4.37,-4.55,-4.46,-4.46,-4.51,-4.68,-4.67,-4.56,-4.55,-4.58,-4.55,-4.58,-4.55,-4.71,-4.67,-4.68,-4.79,-4.87,-4.79,-4.80,-4.92,-4.93,-5.09,-5.04,-4.92,-4.78,-4.62,-4.70,-4.80,-4.75,-4.72,-4.64,-4.87,-5.04,-5.07,-4.95,-4.71,-4.56,-4.59,-4.66,-4.60,-4.67,-5.03,-4.80,-4.89,-4.85,-4.84,-4.87,-5.11,-5.12,-4.85,-4.84,-4.78,-4.75,-4.71,-4.95,-4.93,-4.74,-5.01,-4.71,-4.67,-4.80,-4.88,-4.89,-4.96,-5.01,-4.84,-4.70,-4.74,-4.71,-4.78,-4.79,-4.75,-4.76,-4.64,-4.64,-4.63,-4.52,-4.52,-4.70,-4.64,-4.56,-4.58,-4.56,-4.74,-4.68,-4.76,-4.85,-4.62,-4.64,-4.42,-4.41,-4.54,-4.52,-4.58,-4.63,-4.52,-4.70,-4.55,-4.30,-4.60,-4.63,-4.43,-4.52,-4.58,-4.46,-4.24,-4.24,-4.37,-4.22,-4.30,-4.51,-4.30,-4.28,-4.28,-4.29,-4.34,-4.38,-4.28,-4.01,-4.07,-4.17,-4.25,-4.33,-4.39,-4.37,-4.33,-4.35,-4.41,-4.34,-4.18,-4.04,-4.07,-4.04,-3.93,-4.12,-4.29,-4.18
-4.62,-4.64,-4.64,-4.41,-4.35,-4.50,-4.51,-4.46,-4.45,-4.41,-4.68,-4.66,-4.80,-4.72,-4.47,-4.58,-4.68,-4.70,-4.58,-4.50,-4.49,-4.52,-4.59,-4.72,-4.46,-4.59,-4.71,-4.80,-4.85,-4.76,-4.68,-4.72,-4.66,-4.50,-4.63,-4.70,-4.67,-4.55,-4.75,-4.80,-4.80,-4.91,-4.97,-5.00,-5.01,-4.95,-4.80,-4.74,-4.63,-4.74,-4.83,-4.79,-4.78,-4.64,-4.92,-5.17,-4.96,-4.87,-4.88,-4.75,-4.68,-4.55,-4.62,-4.91,-5.09,-4.85,-5.15,-5.03,-4.84,-4.74,-5.00,-4.95,-4.93,-4.95,-4.80,-4.88,-4.63,-4.79,-4.91,-4.64,-4.84,-4.79,-4.74,-4.88,-4.92,-4.96,-5.00,-5.03,-4.84,-4.71,-4.75,-4.71,-4.85,-4.84,-4.70,-4.72,-4.72,-4.70,-4.49,-4.51,-4.70,-4.49,-4.67,-4.72,-4.83,-4.72,-4.89,-4.56,-4.62,-4.74,-4.66,-4.58,-4.54,-4.67,-4.60,-4.54,-4.68,-4.75,-4.52,-4.43,-4.54,-4.74,-4.78,-4.75,-4.60,-4.64,-4.68,-4.59,-4.43,-4.38,-4.37,-4.25,-4.31,-4.43,-4.30,-4.29,-4.25,-4.24,-4.33,-4.46,-4.28,-4.14,-4.13,-4.10,-4.21,-4.28,-4.25,-4.26,-4.26,-4.30,-4.29,-4.28,-4.18,-4.01,-4.03,-4.12,-4.17,-4.37,-4.47,-4.30
-4.63,-4.72,-4.68,-4.56,-4.51,-4.46,-4.46,-4.50,-4.47,-4.39,-4.63,-4.70,-4.83,-4.68,-4.50,-4.62,-4.78,-4.74,-4.78,-4.55,-4.42,-4.47,-4.45,-4.63,-4.41,-4.72,-4.67,-4.89,-4.91,-4.83,-4.79,-4.75,-4.72,-4.50,-4.58,-4.76,-4.71,-4.76,-4.81,-4.84,-4.87,-4.87,-4.89,-4.93,-4.91,-4.95,-4.76,-4.64,-4.71,-4.80,-4.91,-4.85,-4.68,-4.75,-4.80,-4.89,-4.89,-4.99,-4.92,-4.63,-4.59,-4.63,-4.76,-4.89,-4.93,-4.84,-4.84,-4.83,-4.81,-4.85,-5.03,-5.11,-4.75,-4.95,-4.93,-4.63,-4.54,-4.60,-4.80,-4.63,-4.71,-4.66,-4.75,-4.72,-4.79,-4.80,-4.92,-4.89,-4.78,-4.66,-4.56,-4.63,-4.89,-4.89,-4.68,-4.74,-4.76,-4.67,-4.60,-4.56,-4.59,-4.37,-4.66,-4.67,-4.80,-4.67,-4.66,-4.42,-4.52,-4.63,-4.52,-4.49,-4.42,-4.50,-4.50,-4.50,-4.54,-4.55,-4.68,-4.56,-4.49,-4.84,-4.64,-4.74,-4.74,-4.59,-4.58,-4.66,-4.62,-4.51,-4.45,-4.25,-4.21,-4.31,-4.33,-4.25,-4.28,-4.28,-4.33,-4.46,-4.33,-4.38,-4.21,-4.26,-4.25,-4.26,-4.34,-4.30,-4.17,-4.29,-4.43,-4.35,-4.18,-4.20,-4.24,-4.26,-4.29,-4.41,-4.50,-4.43
-4.80,-4.92,-4.84,-4.63,-4.80,-4.62,-4.63,-4.55,-4.41,-4.39,-4.58,-4.70,-4.68,-4.58,-4.58,-4.75,-4.84,-4.78,-4.81,-4.59,-4.43,-4.41,-4.41,-4.66,-4.72,-4.71,-4.76,-4.84,-4.59,-4.50,-4.66,-4.71,-4.62,-4.42,-4.43,-4.62,-4.64,-4.91,-4.95,-4.92,-4.83,-4.80,-4.85,-4.87,-4.89,-4.91,-4.78,-4.85,-4.63,-4.83,-4.84,-4.76,-4.74,-4.67,-4.68,-4.62,-4.79,-4.96,-4.89,-4.62,-4.50,-4.67,-4.71,-4.76,-5.03,-4.99,-4.79,-4.66,-4.63,-5.03,-4.91,-5.07,-4.83,-4.74,-4.72,-4.67,-4.74,-4.56,-4.72,-4.68,-4.64,-4.60,-4.75,-4.67,-4.93,-4.96,-4.92,-4.80,-4.71,-4.63,-4.51,-4.60,-4.81,-4.76,-4.58,-4.64,-4.72,-4.64,-4.66,-4.62,-4.52,-4.56,-4.56,-4.62,-4.75,-4.55,-4.64,-4.59,-4.49,-4.55,-4.45,-4.39,-4.31,-4.50,-4.56,-4.43,-4.49,-4.55,-4.42,-4.60,-4.59,-4.74,-4.63,-4.67,-4.59,-4.56,-4.50,-4.49,-4.47,-4.34,-4.41,-4.24,-4.10,-4.33,-4.39,-4.28,-4.24,-4.24,-4.29,-4.42,-4.28,-4.30,-4.28,-4.28,-4.14,-4.10,-4.33,-4.09,-4.26,-4.28,-4.29,-4.26,-4.16,-4.20,-4.03,-4.14,-4.25,-4.37,-4.49,-4.50
-4.83,-4.93,-4.74,-4.49,-4.81,-4.81,-4.79,-4.63,-4.47,-4.46,-4.52,-4.59,-4.62,-4.50,-4.51,-4.72,-4.84,-4.71,-4.71,-4.59,-4.49,-4.43,-4.47,-4.64,-4.71,-4.68,-4.66,-4.63,-4.67,-4.66,-4.66,-4.67,-4.60,-4.42,-4.51,-4.66,-4.54,-4.78,-4.79,-4.80,-4.83,-4.84,-4.88,-4.84,-4.79,-4.84,-4.83,-4.95,-4.72,-4.72,-4.85,-4.80,-4.85,-4.74,-4.70,-4.87,-4.95,-4.88,-4.74,-4.56,-4.52,-4.55,-4.64,-4.81,-4.99,-5.08,-5.01,-4.84,-4.68,-4.95,-5.36,-4.97,-4.71,-4.85,-4.81,-4.67,-4.88,-4.83,-4.68,-4.66,-4.87,-4.95,-4.87,-4.85,-4.95,-4.89,-4.95,-4.83,-4.64,-4.59,-4.54,-4.52,-4.67,-4.70,-4.50,-4.58,-4.71,-4.67,-4.71,-4.51,-4.52,-4.68,-4.71,-4.74,-4.72,-4.62,-4.63,-4.56,-4.80,-4.71,-4.63,-4.55,-4.52,-4.56,-4.71,-4.71,-4.55,-4.51,-4.51,-4.62,-4.54,-4.47,-4.55,-4.75,-4.62,-4.58,-4.59,-4.52,-4.38,-4.24,-4.38,-4.28,-4.14,-4.33,-4.35,-4.31,-4.20,-4.13,-4.22,-4.28,-4.33,-4.39,-4.30,-4.21,-4.21,-4.22,-4.24,-4.41,-4.46,-4.26,-4.16,-4.22,-4.30,-4.17,-4.08,-4.20,-4.21,-4.25,-4.42,-4.50
-4.75,-4.71,-4.51,-4.39,-4.60,-4.56,-4.59,-4.60,-4.67,-4.79,-4.80,-4.75,-4.58,-4.41,-4.42,-4.60,-4.79,-4.67,-4.74,-4.64,-4.55,-4.59,-4.74,-4.79,-4.63,-4.55,-4.55,-4.56,-4.76,-4.68,-4.56,-4.68,-4.66,-4.54,-4.46,-4.75,-4.70,-4.71,-4.56,-4.70,-4.74,-4.74,-4.79,-4.79,-4.75,-4.83,-4.89,-4.83,-4.78,-4.62,-4.83,-4.85,-4.80,-4.84,-4.80,-4.89,-4.83,-4.66,-4.52,-4.52,-4.54,-4.51,-4.68,-4.84,-5.01,-4.96,-4.87,-4.83,-4.79,-5.03,-4.92,-4.89,-5.05,-4.66,-4.89,-4.76,-4.68,-4.67,-4.76,-4.74,-5.05,-4.87,-4.79,-4.88,-4.92,-4.92,-5.04,-4.87,-4.59,-4.50,-4.58,-4.52,-4.50,-4.59,-4.62,-4.67,-4.67,-4.60,-4.49,-4.58,-4.71,-4.63,-4.84,-4.78,-4.80,-4.51,-4.54,-4.78,-4.85,-4.54,-4.55,-4.59,-4.50,-4.60,-4.71,-4.71,-4.75,-4.60,-4.59,-4.64,-4.52,-4.49,-4.54,-4.66,-4.59,-4.54,-4.60,-4.62,-4.45,-4.30,-4.49,-4.39,-4.21,-4.25,-4.25,-4.33,-4.29,-4.18,-4.21,-4.22,-4.38,-4.25,-4.20,-4.30,-4.38,-4.35,-4.41,-4.43,-4.35,-4.31,-4.25,-4.25,-4.41,-4.21,-4.24,-4.29,-4.21,-4.12,-4.33,-4.42
-4.75,-4.58,-4.47,-4.46,-4.50,-4.49,-4.49,-4.60,-4.64,-4.60,-4.54,-4.54,-4.66,-4.56,-4.55,-4.62,-4.68,-4.68,-4.72,-4.62,-4.59,-4.62,-4.67,-4.60,-4.33,-4.63,-4.60,-4.70,-4.80,-4.66,-4.76,-4.92,-4.74,-4.58,-4.59,-4.54,-4.76,-4.58,-4.45,-4.67,-4.84,-4.84,-4.79,-4.78,-4.84,-4.88,-4.88,-4.81,-4.80,-4.60,-4.91,-5.00,-4.92,-4.89,-4.93,-4.95,-4.83,-4.76,-4.76,-4.71,-4.55,-4.49,-4.60,-4.81,-5.13,-5.09,-4.95,-4.78,-5.13,-5.12,-4.97,-5.00,-4.84,-4.92,-4.89,-4.87,-4.68,-4.59,-4.76,-4.67,-5.00,-4.88,-4.70,-4.80,-4.91,-4.97,-4.88,-4.72,-4.66,-4.63,-4.68,-4.74,-4.76,-4.79,-4.74,-4.68,-4.63,-4.56,-4.52,-4.67,-4.76,-4.63,-4.93,-4.78,-4.62,-4.76,-4.70,-4.81,-4.84,-4.79,-4.72,-4.68,-4.51,-4.59,-4.75,-4.75,-4.81,-4.71,-4.80,-4.70,-4.59,-4.51,-4.64,-4.56,-4.46,-4.45,-4.56,-4.62,-4.47,-4.30,-4.37,-4.35,-4.22,-4.29,-4.31,-4.28,-4.26,-4.25,-4.09,-4.10,-4.47,-4.35,-4.12,-4.03,-4.14,-4.25,-4.12,-4.30,-4.29,-4.29,-4.28,-4.25,-4.30,-4.25,-4.22,-4.22,-4.16,-4.10,-4.38,-4.41
-4.81,-4.58,-4.46,-4.46,-4.49,-4.60,-4.50,-4.39,-4.50,-4.59,-4.31,-4.55,-4.60,-4.50,-4.43,-4.55,-4.71,-4.54,-4.54,-4.47,-4.54,-4.49,-4.46,-4.51,-4.34,-4.72,-4.64,-4.76,-4.72,-4.62,-4.72,-4.88,-4.83,-4.60,-4.55,-4.72,-4.62,-4.60,-4.80,-4.88,-4.83,-4.85,-4.88,-4.84,-4.85,-4.93,-4.83,-4.89,-4.83,-4.67,-5.04,-5.00,-4.85,-4.85,-4.85,-4.81,-4.72,-4.79,-4.83,-4.74,-4.62,-4.55,-4.55,-4.78,-5.09,-5.04,-4.87,-4.76,-4.81,-4.93,-4.76,-4.78,-4.88,-4.75,-4.71,-4.64,-4.49,-4.84,-4.71,-4.68,-4.67,-4.63,-4.55,-4.63,-4.85,-4.89,-4.80,-4.79,-4.67,-4.56,-4.60,-4.68,-4.68,-4.66,-4.70,-4.58,-4.67,-4.81,-4.55,-4.51,-4.54,-4.50,-4.75,-4.66,-4.78,-4.62,-4.68,-4.75,-4.76,-4.74,-4.68,-4.64,-4.52,-4.54,-4.66,-4.68,-4.74,-4.72,-4.75,-4.70,-4.68,-4.59,-4.67,-4.60,-4.52,-4.50,-4.64,-4.76,-4.50,-4.31,-4.41,-4.24,-4.30,-4.30,-4.26,-4.34,-4.49,-4.42,-4.31,-4.30,-4.42,-4.45,-4.30,-4.20,-4.26,-4.38,-4.33,-4.34,-4.31,-4.26,-4.29,-4.37,-4.22,-4.18,-4.10,-4.12,-4.14,-4.18,-4.59,-4.26
-4.72,-4.58,-4.49,-4.47,-4.50,-4.58,-4.50,-4.41,-4.52,-4.59,-4.43,-4.76,-4.74,-4.62,-4.62,-4.72,-4.76,-4.66,-4.58,-4.47,-4.54,-4.47,-4.51,-4.60,-4.50,-4.64,-4.60,-4.71,-4.68,-4.76,-4.79,-4.76,-4.64,-4.50,-4.66,-4.56,-4.55,-4.54,-4.88,-5.03,-4.91,-4.81,-4.80,-4.75,-4.72,-4.84,-4.88,-4.97,-4.67,-4.60,-4.92,-4.83,-4.64,-4.74,-4.78,-4.79,-4.83,-4.87,-4.84,-4.72,-4.67,-4.60,-4.52,-4.71,-5.03,-5.05,-4.85,-4.88,-4.78,-4.74,-4.93,-4.78,-4.71,-4.67,-4.83,-4.72,-4.58,-4.79,-4.78,-4.63,-4.72,-4.67,-4.74,-4.79,-4.91,-4.91,-4.66,-4.62,-4.59,-4.58,-4.71,-4.70,-4.62,-4.74,-4.74,-4.67,-4.62,-4.70,-4.63,-4.52,-4.39,-4.51,-4.68,-4.74,-4.55,-4.64,-4.67,-4.58,-4.71,-4.64,-4.64,-4.64,-4.56,-4.52,-4.58,-4.55,-4.66,-4.67,-4.66,-4.74,-4.74,-4.67,-4.71,-4.63,-4.54,-4.51,-4.58,-4.56,-4.30,-4.12,-4.31,-4.24,-4.28,-4.24,-4.43,-4.41,-4.26,-4.33,-4.10,-4.37,-4.34,-4.43,-4.30,-4.25,-4.37,-4.42,-4.38,-4.43,-4.41,-4.37,-4.39,-4.49,-4.33,-4.08,-4.09,-4.10,-4.14,-4.39,-4.49,-4.55
-4.59,-4.70,-4.64,-4.54,-4.50,-4.43,-4.50,-4.54,-4.54,-4.43,-4.31,-4.56,-4.59,-4.60,-4.63,-4.68,-4.71,-4.63,-4.56,-4.67,-4.64,-4.52,-4.43,-4.42,-4.49,-4.55,-4.52,-4.66,-4.60,-4.60,-4.67,-4.78,-4.68,-4.51,-4.59,-4.75,-4.76,-4.70,-4.68,-4.76,-4.62,-4.66,-4.71,-4.72,-4.72,-4.74,-4.91,-4.74,-4.72,-4.54,-4.84,-4.85,-4.76,-4.62,-4.79,-4.85,-4.85,-4.88,-4.87,-4.75,-4.75,-4.78,-4.64,-4.74,-5.00,-4.83,-4.83,-4.83,-4.76,-4.79,-4.80,-4.80,-4.60,-4.54,-4.72,-4.70,-4.72,-4.80,-4.64,-4.50,-4.60,-4.58,-4.68,-4.71,-4.67,-4.60,-4.62,-4.68,-4.64,-4.56,-4.50,-4.47,-4.66,-4.80,-4.66,-4.62,-4.60,-4.64,-4.62,-4.47,-4.45,-4.64,-4.56,-4.75,-4.59,-4.64,-4.70,-4.63,-4.68,-4.74,-4.71,-4.64,-4.52,-4.50,-4.50,-4.41,-4.60,-4.54,-4.71,-4.71,-4.67,-4.55,-4.70,-4.66,-4.45,-4.28,-4.38,-4.62,-4.33,-4.38,-4.45,-4.52,-4.49,-4.25,-4.35,-4.50,-4.34,-4.22,-4.20,-4.29,-4.34,-4.41,-4.28,-4.20,-4.31,-4.30,-4.38,-4.50,-4.47,-4.46,-4.43,-4.34,-4.29,-4.10,-4.20,-4.28,-4.26,-4.31,-4.38,-4.24
-4.58,-4.63,-4.55,-4.50,-4.51,-4.52,-4.50,-4.54,-4.46,-4.34,-4.34,-4.49,-4.62,-4.67,-4.74,-4.66,-4.50,-4.56,-4.50,-4.56,-4.74,-4.54,-4.45,-4.54,-4.55,-4.54,-4.54,-4.62,-4.63,-4.41,-4.59,-4.76,-4.68,-4.54,-4.54,-4.66,-4.49,-4.52,-4.72,-4.60,-4.67,-4.63,-4.55,-4.56,-4.66,-4.78,-4.79,-4.64,-4.66,-4.68,-4.88,-4.88,-4.83,-4.54,-4.70,-4.83,-4.75,-4.87,-4.96,-4.85,-4.75,-4.75,-4.67,-4.72,-4.93,-4.74,-4.80,-4.74,-4.75,-4.74,-4.87,-4.91,-4.74,-4.62,-4.60,-4.76,-4.83,-4.66,-4.60,-4.51,-4.66,-4.41,-4.52,-4.70,-4.81,-4.71,-4.68,-4.66,-4.62,-4.54,-4.39,-4.49,-4.64,-4.68,-4.63,-4.58,-4.67,-4.62,-4.42,-4.42,-4.46,-4.67,-4.50,-4.59,-4.50,-4.52,-4.70,-4.66,-4.63,-4.74,-4.74,-4.59,-4.47,-4.42,-4.39,-4.33,-4.56,-4.46,-4.59,-4.47,-4.50,-4.52,-4.60,-4.55,-4.51,-4.52,-4.51,-4.59,-4.51,-4.25,-4.45,-4.29,-4.30,-4.22,-4.24,-4.37,-4.28,-4.09,-4.20,-4.26,-4.31,-4.25,-4.18,-4.17,-4.29,-4.28,-4.50,-4.63,-4.45,-4.30,-4.31,-4.26,-4.20,-4.28,-4.25,-4.20,-4.13,-4.09,-4.26,-4.47
-4.66,-4.63,-4.54,-4.46,-4.52,-4.68,-4.41,-4.46,-4.42,-4.38,-4.49,-4.66,-4.63,-4.54,-4.59,-4.50,-4.35,-4.31,-4.38,-4.47,-4.72,-4.49,-4.47,-4.50,-4.41,-4.41,-4.63,-4.60,-4.76,-4.46,-4.54,-4.58,-4.56,-4.55,-4.50,-4.60,-4.46,-4.76,-4.83,-4.59,-4.78,-4.92,-4.72,-4.58,-4.68,-4.80,-4.89,-4.78,-4.56,-4.67,-4.92,-5.01,-4.80,-4.52,-4.64,-4.84,-4.81,-4.96,-5.04,-4.99,-4.72,-4.63,-4.66,-4.71,-4.87,-4.78,-4.80,-4.75,-4.74,-4.74,-4.84,-4.84,-4.66,-4.74,-4.76,-4.91,-4.80,-4.63,-4.58,-4.59,-4.75,-4.74,-4.74,-4.88,-4.84,-4.78,-4.75,-4.60,-4.50,-4.50,-4.39,-4.37,-4.52,-4.66,-4.58,-4.58,-4.60,-4.39,-4.31,-4.51,-4.51,-4.62,-4.47,-4.59,-4.39,-4.49,-4.59,-4.60,-4.70,-4.67,-4.64,-4.52,-4.38,-4.37,-4.34,-4.46,-4.51,-4.54,-4.60,-4.50,-4.47,-4.41,-4.37,-4.41,-4.38,-4.34,-4.43,-4.43,-4.34,-4.28,-4.21,-4.25,-4.28,-4.21,-4.14,-4.25,-4.31,-4.20,-4.18,-4.18,-4.25,-4.21,-4.16,-4.24,-4.37,-4.35,-4.39,-4.55,-4.50,-4.38,-4.47,-4.37,-3.86,-4.00,-4.13,-4.08,-4.05,-4.20,-4.29,-4.43
-4.46,-4.31,-4.39,-4.42,-4.46,-4.52,-4.55,-4.46,-4.39,-4.35,-4.47,-4.70,-4.55,-4.43,-4.52,-4.51,-4.45,-4.37,-4.26,-4.33,-4.38,-4.38,-4.46,-4.52,-4.43,-4.26,-4.54,-4.71,-4.67,-4.39,-4.45,-4.47,-4.59,-4.60,-4.46,-4.55,-4.52,-4.70,-4.62,-4.71,-4.97,-4.85,-4.70,-4.68,-4.75,-4.75,-4.70,-4.71,-4.63,-4.58,-4.92,-4.64,-4.72,-4.75,-4.59,-4.80,-4.71,-4.92,-4.96,-4.87,-4.74,-4.66,-4.67,-4.79,-4.89,-4.78,-4.83,-4.83,-4.66,-4.80,-4.79,-4.75,-4.67,-4.71,-4.80,-4.87,-4.78,-4.59,-4.62,-4.70,-4.96,-4.97,-4.80,-4.79,-4.76,-4.87,-4.78,-4.70,-4.67,-4.59,-4.54,-4.45,-4.55,-4.64,-4.51,-4.59,-4.56,-4.38,-4.46,-4.63,-4.49,-4.60,-4.50,-4.63,-4.47,-4.59,-4.63,-4.66,-4.76,-4.66,-4.62,-4.56,-4.31,-4.29,-4.41,-4.71,-4.63,-4.58,-4.50,-4.51,-4.47,-4.63,-4.67,-4.59,-4.41,-4.25,-4.37,-4.66,-4.37,-4.24,-4.24,-4.24,-4.25,-4.22,-4.26,-4.38,-4.35,-4.18,-4.17,-4.22,-4.25,-4.33,-4.37,-4.37,-4.47,-4.31,-4.25,-4.31,-4.37,-4.31,-4.35,-4.49,-4.01,-3.96,-4.04,-4.12,-4.21,-4.20,-4.29,-4.37
-4.35,-4.29,-4.43,-4.56,-4.64,-4.60,-4.41,-4.54,-4.42,-4.28,-4.33,-4.54,-4.58,-4.43,-4.59,-4.58,-4.49,-4.39,-4.33,-4.14,-4.29,-4.43,-4.34,-4.38,-4.43,-4.41,-4.46,-4.52,-4.62,-4.41,-4.66,-4.64,-4.68,-4.64,-4.50,-4.56,-4.54,-4.72,-4.67,-4.68,-4.92,-4.78,-4.75,-4.85,-4.87,-4.83,-4.92,-4.89,-4.79,-4.62,-5.03,-4.85,-4.42,-4.66,-4.84,-4.99,-4.79,-4.88,-4.81,-4.78,-4.70,-4.58,-4.60,-4.80,-4.97,-4.84,-4.88,-4.85,-4.68,-4.81,-4.93,-4.81,-4.78,-4.62,-4.76,-4.72,-4.71,-4.62,-4.72,-4.70,-5.03,-4.96,-4.66,-4.72,-4.84,-4.92,-4.80,-4.78,-4.75,-4.62,-4.59,-4.59,-4.66,-4.71,-4.52,-4.52,-4.66,-4.63,-4.70,-4.54,-4.42,-4.59,-4.58,-4.67,-4.64,-4.67,-4.72,-4.74,-4.71,-4.67,-4.71,-4.70,-4.58,-4.51,-4.46,-4.58,-4.76,-4.80,-4.72,-4.63,-4.62,-4.70,-4.75,-4.67,-4.56,-4.46,-4.43,-4.83,-4.45,-4.42,-4.39,-4.39,-4.35,-4.38,-4.41,-4.38,-4.35,-4.16,-4.28,-4.41,-4.39,-4.45,-4.51,-4.45,-4.38,-4.39,-4.16,-4.18,-4.39,-4.38,-4.16,-4.30,-4.12,-4.03,-3.99,-4.03,-4.30,-4.39,-4.45,-4.42
-4.41,-4.22,-4.39,-4.41,-4.42,-4.49,-4.59,-4.60,-4.45,-4.35,-4.39,-4.55,-4.67,-4.46,-4.55,-4.55,-4.51,-4.51,-4.58,-4.29,-4.41,-4.42,-4.49,-4.62,-4.54,-4.38,-4.55,-4.68,-4.74,-4.63,-4.71,-4.70,-4.66,-4.59,-4.59,-4.63,-4.55,-4.75,-4.71,-4.72,-4.78,-4.78,-4.72,-4.78,-4.79,-4.85,-4.95,-4.83,-4.74,-4.47,-4.79,-4.72,-4.68,-4.50,-4.68,-4.85,-4.92,-4.75,-4.70,-4.72,-4.62,-4.51,-4.51,-4.76,-5.03,-4.97,-4.91,-4.85,-4.83,-4.81,-5.05,-5.00,-4.74,-4.55,-4.76,-4.64,-4.67,-4.55,-4.72,-4.66,-4.88,-4.79,-4.56,-4.71,-4.91,-5.00,-4.91,-4.74,-4.64,-4.58,-4.52,-4.52,-4.62,-4.80,-4.52,-4.49,-4.60,-4.79,-4.84,-4.35,-4.46,-4.45,-4.66,-4.70,-4.74,-4.58,-4.54,-4.58,-4.66,-4.70,-4.67,-4.58,-4.52,-4.47,-4.42,-4.62,-4.60,-4.75,-4.64,-4.63,-4.42,-4.58,-4.67,-4.55,-4.45,-4.41,-4.47,-4.75,-4.60,-4.45,-4.34,-4.37,-4.45,-4.51,-4.50,-4.29,-4.29,-4.34,-4.42,-4.45,-4.46,-4.46,-4.37,-4.21,-4.04,-4.30,-4.42,-4.43,-4.42,-4.39,-4.22,-4.24,-4.24,-4.21,-4.18,-4.12,-4.24,-4.46,-4.60,-4.50
-4.51,-4.38,-4.55,-4.46,-4.42,-4.47,-4.59,-4.51,-4.26,-4.35,-4.49,-4.64,-4.80,-4.59,-4.43,-4.54,-4.56,-4.60,-4.58,-4.35,-4.45,-4.39,-4.49,-4.47,-4.46,-4.52,-4.52,-4.56,-4.50,-4.46,-4.56,-4.63,-4.51,-4.52,-4.64,-4.59,-4.50,-4.49,-4.59,-4.81,-4.75,-4.83,-4.60,-4.70,-4.78,-4.72,-4.78,-4.80,-4.79,-4.66,-4.78,-4.49,-4.38,-4.60,-4.45,-4.85,-4.81,-4.75,-4.75,-4.81,-4.74,-4.56,-4.42,-4.66,-4.96,-4.79,-4.83,-4.92,-4.81,-4.87,-4.97,-5.01,-4.64,-4.64,-4.67,-4.70,-4.60,-4.47,-4.60,-4.62,-4.76,-4.67,-4.60,-4.66,-4.84,-5.00,-4.91,-4.70,-4.63,-4.56,-4.47,-4.49,-4.49,-4.79,-4.55,-4.52,-4.39,-4.70,-4.84,-4.42,-4.41,-4.47,-4.67,-4.54,-4.60,-4.50,-4.51,-4.58,-4.54,-4.55,-4.64,-4.62,-4.50,-4.49,-4.33,-4.64,-4.55,-4.47,-4.42,-4.51,-4.41,-4.42,-4.60,-4.62,-4.46,-4.33,-4.39,-4.67,-4.58,-4.46,-4.33,-4.29,-4.38,-4.46,-4.35,-4.43,-4.20,-4.24,-4.25,-4.35,-4.28,-4.21,-4.35,-4.28,-4.21,-4.30,-4.42,-4.46,-4.42,-4.43,-4.34,-4.37,-4.22,-4.17,-4.25,-4.38,-4.34,-4.21,-4.35,-4.31
-4.59,-4.64,-4.55,-4.50,-4.54,-4.66,-4.76,-4.63,-4.45,-4.43,-4.50,-4.55,-4.54,-4.34,-4.49,-4.55,-4.58,-4.50,-4.38,-4.29,-4.43,-4.35,-4.28,-4.33,-4.42,-4.47,-4.60,-4.60,-4.49,-4.35,-4.58,-4.62,-4.51,-4.47,-4.59,-4.59,-4.41,-4.54,-4.64,-4.63,-4.80,-4.76,-4.63,-4.79,-4.80,-4.68,-4.60,-4.66,-4.71,-4.64,-4.60,-4.46,-4.52,-4.66,-4.89,-5.00,-4.91,-4.71,-4.70,-4.76,-4.62,-4.49,-4.54,-4.74,-4.80,-4.72,-4.83,-4.78,-4.79,-4.74,-4.81,-4.92,-4.81,-4.85,-4.71,-4.68,-4.59,-4.64,-4.55,-4.55,-4.67,-4.71,-4.64,-4.67,-4.84,-4.83,-4.72,-4.70,-4.68,-4.56,-4.47,-4.60,-4.50,-4.71,-4.64,-4.51,-4.39,-4.62,-4.58,-4.52,-4.47,-4.50,-4.59,-4.46,-4.56,-4.55,-4.55,-4.49,-4.45,-4.55,-4.70,-4.87,-4.62,-4.47,-4.45,-4.64,-4.58,-4.55,-4.52,-4.45,-4.35,-4.33,-4.45,-4.58,-4.52,-4.34,-4.24,-4.67,-4.50,-4.39,-4.38,-4.35,-4.31,-4.30,-4.28,-4.38,-4.30,-4.31,-4.49,-4.31,-4.12,-4.13,-4.17,-4.10,-4.28,-4.30,-4.34,-4.38,-4.35,-4.26,-4.37,-4.39,-4.21,-4.00,-4.01,-4.29,-4.50,-4.28,-4.29,-4.43
-4.55,-4.41,-4.37,-4.50,-4.66,-4.67,-4.56,-4.55,-4.25,-4.39,-4.52,-4.59,-4.55,-4.37,-4.47,-4.70,-4.60,-4.52,-4.46,-4.38,-4.51,-4.42,-4.22,-4.43,-4.49,-4.47,-4.55,-4.62,-4.43,-4.54,-4.50,-4.43,-4.42,-4.46,-4.54,-4.55,-4.59,-4.74,-4.58,-4.51,-4.74,-4.66,-4.83,-4.89,-4.84,-4.72,-4.62,-4.59,-4.66,-4.64,-4.64,-4.58,-4.43,-4.54,-4.78,-5.04,-4.99,-4.93,-4.92,-4.76,-4.71,-4.66,-4.58,-4.72,-4.83,-4.78,-4.95,-4.92,-4.83,-4.85,-4.79,-5.00,-4.89,-4.59,-4.85,-4.66,-4.63,-4.50,-4.68,-4.58,-4.76,-4.74,-4.60,-4.70,-4.81,-4.71,-4.71,-4.72,-4.68,-4.68,-4.64,-4.66,-4.59,-4.95,-4.46,-4.68,-4.25,-4.70,-4.50,-4.64,-4.51,-4.71,-4.71,-4.60,-4.67,-4.75,-4.78,-4.72,-4.70,-4.81,-4.93,-4.67,-4.54,-4.49,-4.41,-4.62,-4.55,-4.56,-4.58,-4.54,-4.52,-4.56,-4.66,-4.68,-4.52,-4.38,-4.42,-4.71,-4.58,-4.38,-4.28,-4.28,-4.30,-4.33,-4.42,-4.14,-4.17,-4.26,-4.37,-4.31,-4.22,-4.22,-4.12,-4.14,-4.30,-4.34,-4.41,-4.42,-4.29,-4.01,-4.29,-4.29,-4.17,-4.07,-3.96,-4.20,-4.14,-3.99,-4.08,-4.35
-4.46,-4.30,-4.62,-4.63,-4.66,-4.50,-4.34,-4.37,-4.20,-4.45,-4.46,-4.42,-4.38,-4.30,-4.49,-4.45,-4.64,-4.70,-4.54,-4.41,-4.71,-4.58,-4.38,-4.51,-4.55,-4.50,-4.58,-4.76,-4.60,-4.47,-4.51,-4.72,-4.70,-4.52,-4.46,-4.64,-4.79,-4.66,-4.78,-4.75,-4.64,-4.87,-4.92,-4.99,-4.91,-4.76,-4.71,-4.75,-4.72,-4.71,-4.67,-4.67,-4.58,-4.64,-4.91,-5.03,-4.93,-4.74,-4.74,-4.70,-4.66,-4.70,-4.68,-4.79,-4.85,-4.75,-4.81,-4.84,-4.75,-4.81,-4.89,-5.08,-4.93,-4.67,-4.75,-4.60,-4.67,-4.80,-4.79,-4.60,-4.80,-4.83,-4.72,-4.81,-4.84,-4.76,-4.84,-4.87,-4.78,-4.70,-4.64,-4.63,-4.71,-4.91,-4.71,-4.81,-4.63,-4.72,-4.46,-4.70,-4.81,-4.87,-4.72,-4.75,-4.76,-4.67,-4.66,-4.64,-4.66,-4.79,-4.85,-4.70,-4.46,-4.45,-4.33,-4.74,-4.68,-4.72,-4.62,-4.62,-4.64,-4.74,-4.89,-4.81,-4.52,-4.39,-4.63,-4.78,-4.74,-4.62,-4.43,-4.38,-4.42,-4.31,-4.45,-4.59,-4.50,-4.42,-4.49,-4.47,-4.38,-4.33,-4.13,-4.28,-4.38,-4.37,-4.41,-4.47,-4.34,-4.01,-4.24,-4.34,-4.24,-4.09,-4.09,-4.35,-4.37,-4.38,-4.42,-4.50
-4.47,-4.54,-4.38,-4.64,-4.54,-4.50,-4.49,-4.45,-4.34,-4.50,-4.43,-4.47,-4.51,-4.43,-4.47,-4.62,-4.68,-4.62,-4.50,-4.46,-4.71,-4.50,-4.38,-4.46,-4.51,-4.55,-4.71,-4.79,-4.59,-4.38,-4.56,-4.63,-4.60,-4.49,-4.49,-4.59,-4.75,-4.81,-4.56,-4.55,-4.75,-5.00,-4.79,-4.91,-4.95,-4.74,-4.74,-4.87,-4.66,-4.60,-4.60,-4.58,-4.59,-4.60,-4.81,-5.12,-4.91,-4.68,-4.71,-4.83,-4.68,-4.71,-4.75,-4.85,-4.96,-4.71,-4.71,-4.81,-4.72,-4.84,-4.71,-4.83,-4.74,-4.75,-4.84,-4.74,-4.75,-4.85,-4.83,-4.62,-4.60,-4.70,-4.71,-4.74,-4.70,-4.67,-4.78,-4.92,-4.97,-4.81,-4.62,-4.58,-4.62,-4.71,-4.54,-4.58,-4.33,-4.47,-4.51,-4.45,-4.58,-4.80,-4.60,-4.74,-4.71,-4.60,-4.67,-4.68,-4.68,-4.80,-4.88,-4.78,-4.39,-4.43,-4.43,-4.64,-4.62,-4.68,-4.62,-4.63,-4.66,-4.68,-4.78,-4.67,-4.58,-4.34,-4.31,-4.76,-4.75,-4.54,-4.31,-4.21,-4.30,-4.24,-4.17,-4.52,-4.50,-4.45,-4.50,-4.56,-4.50,-4.37,-4.39,-4.38,-4.41,-4.37,-4.31,-4.37,-4.59,-4.35,-4.13,-4.26,-4.37,-4.24,-4.35,-4.33,-4.29,-4.45,-4.58,-4.52
-4.67,-4.46,-4.51,-4.43,-4.62,-4.59,-4.62,-4.66,-4.38,-4.46,-4.54,-4.67,-4.62,-4.43,-4.43,-4.67,-4.64,-4.54,-4.50,-4.56,-4.51,-4.28,-4.39,-4.46,-4.43,-4.58,-4.74,-4.74,-4.49,-4.30,-4.67,-4.59,-4.50,-4.49,-4.60,-4.66,-4.66,-4.62,-4.50,-4.67,-4.60,-4.76,-4.67,-4.70,-4.95,-4.68,-4.75,-4.83,-4.46,-4.49,-4.66,-4.58,-4.59,-4.56,-4.56,-4.97,-4.88,-4.79,-4.72,-4.71,-4.63,-4.72,-4.85,-4.84,-4.84,-4.83,-4.74,-4.74,-4.74,-4.67,-4.74,-4.81,-4.68,-4.79,-4.84,-4.52,-4.55,-4.95,-4.80,-4.67,-4.71,-4.76,-4.75,-4.79,-4.76,-4.87,-4.92,-4.87,-4.92,-4.76,-4.51,-4.50,-4.54,-4.67,-4.54,-4.66,-4.80,-4.67,-4.59,-4.59,-4.63,-4.70,-4.76,-4.80,-4.83,-4.76,-4.64,-4.67,-4.78,-4.79,-4.84,-4.81,-4.59,-4.54,-4.50,-4.56,-4.56,-4.63,-4.62,-4.62,-4.66,-4.67,-4.68,-4.55,-4.51,-4.24,-4.55,-4.76,-4.68,-4.52,-4.54,-4.60,-4.46,-4.51,-4.21,-4.49,-4.43,-4.43,-4.46,-4.47,-4.43,-4.39,-4.54,-4.45,-4.38,-4.37,-4.38,-4.37,-4.59,-4.43,-4.33,-4.37,-4.45,-4.38,-4.39,-4.43,-4.33,-4.37,-4.54,-4.58
-4.52,-4.45,-4.52,-4.34,-4.41,-4.39,-4.46,-4.51,-4.35,-4.34,-4.64,-4.72,-4.56,-4.43,-4.52,-4.60,-4.60,-4.56,-4.45,-4.38,-4.52,-4.34,-4.54,-4.25,-4.45,-4.46,-4.64,-4.78,-4.51,-4.33,-4.72,-4.70,-4.51,-4.47,-4.64,-4.68,-4.63,-4.55,-4.41,-4.45,-4.76,-4.80,-4.64,-4.67,-4.75,-4.71,-4.92,-4.95,-4.68,-4.68,-4.83,-4.75,-4.71,-4.62,-4.51,-4.83,-4.78,-4.76,-4.68,-4.55,-4.54,-4.56,-4.76,-4.87,-4.84,-4.76,-4.68,-4.74,-4.70,-4.56,-4.76,-4.84,-4.70,-4.56,-4.76,-4.74,-4.62,-4.71,-4.58,-4.52,-4.70,-4.66,-4.59,-4.67,-4.74,-4.75,-4.70,-4.67,-4.75,-4.66,-4.42,-4.47,-4.67,-4.67,-4.54,-4.62,-4.70,-4.68,-4.46,-4.45,-4.49,-4.67,-4.78,-4.83,-4.96,-4.85,-4.68,-4.63,-4.63,-4.78,-4.70,-4.75,-4.66,-4.51,-4.54,-4.59,-4.63,-4.68,-4.63,-4.60,-4.68,-4.76,-4.89,-4.70,-4.46,-4.30,-4.25,-4.64,-4.56,-4.41,-4.46,-4.55,-4.59,-4.59,-4.34,-4.29,-4.31,-4.41,-4.46,-4.45,-4.43,-4.39,-4.39,-4.37,-4.38,-4.42,-4.46,-4.67,-4.38,-4.46,-4.56,-4.58,-4.47,-4.25,-4.29,-4.45,-4.41,-4.34,-4.39,-4.66
-4.42,-4.43,-4.46,-4.33,-4.38,-4.31,-4.34,-4.34,-4.29,-4.30,-4.52,-4.59,-4.49,-4.47,-4.56,-4.51,-4.56,-4.59,-4.45,-4.34,-4.28,-4.24,-4.59,-4.56,-4.60,-4.70,-4.71,-4.66,-4.54,-4.42,-4.67,-4.64,-4.52,-4.46,-4.66,-4.66,-4.60,-4.62,-4.58,-4.74,-4.81,-4.74,-4.58,-4.66,-4.66,-4.59,-4.68,-4.87,-4.83,-4.72,-4.87,-4.70,-4.63,-4.62,-4.62,-4.85,-4.72,-4.66,-4.58,-4.62,-4.62,-4.56,-4.66,-4.83,-4.88,-4.78,-4.78,-4.81,-4.70,-4.71,-4.87,-4.92,-4.59,-4.63,-4.79,-4.78,-4.75,-4.80,-4.62,-4.62,-4.80,-4.89,-4.89,-4.88,-4.85,-4.71,-4.75,-4.81,-4.75,-4.75,-4.54,-4.47,-4.70,-4.83,-4.71,-4.59,-4.75,-4.60,-4.62,-4.55,-4.52,-4.62,-4.75,-4.88,-4.89,-4.75,-4.66,-4.67,-4.62,-4.78,-4.63,-4.59,-4.64,-4.45,-4.59,-4.56,-4.55,-4.52,-4.54,-4.66,-4.80,-4.68,-4.64,-4.68,-4.71,-4.21,-4.30,-4.72,-4.76,-4.56,-4.58,-4.52,-4.42,-4.60,-4.45,-4.28,-4.31,-4.41,-4.45,-4.50,-4.60,-4.41,-4.41,-4.34,-4.38,-4.58,-4.85,-4.70,-4.66,-4.51,-4.59,-4.68,-4.52,-4.34,-4.25,-4.25,-4.24,-4.24,-4.33,-4.56
-4.45,-4.38,-4.35,-4.31,-4.37,-4.46,-4.39,-4.34,-4.41,-4.35,-4.55,-4.35,-4.35,-4.42,-4.42,-4.45,-4.49,-4.58,-4.43,-4.29,-4.28,-4.33,-4.50,-4.49,-4.49,-4.42,-4.54,-4.72,-4.68,-4.52,-4.62,-4.42,-4.51,-4.49,-4.66,-4.64,-4.58,-4.55,-4.62,-4.78,-4.59,-4.66,-4.62,-4.80,-4.74,-4.62,-4.72,-4.63,-4.52,-4.70,-4.67,-4.67,-4.72,-4.52,-4.59,-4.72,-4.79,-4.71,-4.47,-4.71,-4.78,-4.71,-4.62,-4.75,-4.85,-4.83,-4.85,-4.79,-4.68,-4.81,-4.92,-4.95,-4.78,-4.63,-4.72,-4.71,-4.59,-4.89,-4.75,-4.67,-4.81,-4.84,-4.87,-4.96,-4.92,-4.80,-4.79,-4.76,-4.70,-4.55,-4.51,-4.58,-4.67,-4.79,-4.84,-4.59,-4.79,-4.66,-4.85,-4.68,-4.60,-4.63,-4.68,-4.80,-4.71,-4.55,-4.60,-4.75,-4.87,-4.85,-4.62,-4.51,-4.75,-4.62,-4.59,-4.59,-4.55,-4.58,-4.55,-4.58,-4.74,-4.76,-4.99,-4.85,-4.56,-4.38,-4.41,-4.64,-4.70,-4.62,-4.68,-4.66,-4.42,-4.68,-4.54,-4.42,-4.49,-4.49,-4.41,-4.39,-4.46,-4.42,-4.28,-4.26,-4.31,-4.38,-4.51,-4.64,-4.55,-4.54,-4.58,-4.67,-4.58,-4.37,-4.29,-4.14,-4.01,-4.04,-4.43,-4.45
-4.45,-4.33,-4.33,-4.34,-4.37,-4.38,-4.42,-4.42,-4.34,-4.29,-4.50,-4.55,-4.46,-4.42,-4.43,-4.42,-4.45,-4.64,-4.39,-4.25,-4.31,-4.38,-4.43,-4.50,-4.46,-4.31,-4.45,-4.62,-4.62,-4.51,-4.49,-4.49,-4.68,-4.49,-4.59,-4.59,-4.47,-4.38,-4.45,-4.68,-4.54,-4.54,-4.63,-4.83,-4.80,-4.60,-4.64,-4.50,-4.50,-4.75,-4.78,-4.78,-4.74,-4.68,-4.67,-4.96,-4.84,-4.67,-4.56,-4.64,-4.59,-4.60,-4.68,-4.79,-4.78,-4.81,-4.87,-4.74,-4.63,-4.78,-4.87,-4.88,-4.95,-4.59,-4.60,-4.71,-4.55,-4.80,-4.80,-4.66,-4.75,-4.80,-4.72,-4.81,-4.91,-4.81,-4.71,-4.71,-4.71,-4.51,-4.50,-4.70,-4.71,-4.74,-4.78,-4.60,-4.70,-4.74,-4.88,-4.62,-4.54,-4.59,-4.59,-4.64,-4.58,-4.47,-4.64,-4.75,-4.78,-4.80,-4.52,-4.70,-4.67,-4.58,-4.63,-4.54,-4.60,-4.70,-4.58,-4.43,-4.51,-4.55,-4.75,-4.66,-4.64,-4.46,-4.54,-4.75,-4.70,-4.51,-4.60,-4.75,-4.58,-4.80,-4.60,-4.51,-4.52,-4.51,-4.45,-4.34,-4.66,-4.72,-4.42,-4.35,-4.39,-4.33,-4.35,-4.58,-4.56,-4.56,-4.60,-4.64,-4.64,-4.26,-4.31,-4.39,-4.42,-4.43,-4.30,-4.58
-4.54,-4.46,-4.41,-4.38,-4.33,-4.30,-4.47,-4.51,-4.45,-4.34,-4.60,-4.66,-4.25,-4.21,-4.52,-4.75,-4.56,-4.81,-4.46,-4.33,-4.34,-4.34,-4.41,-4.56,-4.46,-4.34,-4.50,-4.55,-4.50,-4.56,-4.66,-4.35,-4.50,-4.37,-4.50,-4.41,-4.43,-4.42,-4.51,-4.70,-4.55,-4.54,-4.55,-4.74,-4.76,-4.63,-4.62,-4.60,-4.60,-4.64,-4.64,-4.63,-4.68,-4.42,-4.49,-4.72,-4.93,-4.76,-4.70,-4.68,-4.56,-4.60,-4.84,-4.88,-4.78,-4.83,-4.95,-4.79,-4.63,-4.75,-4.83,-4.78,-4.84,-4.58,-4.54,-4.64,-4.67,-4.71,-4.74,-4.63,-4.78,-4.79,-4.66,-4.72,-4.84,-4.79,-4.71,-4.76,-4.75,-4.66,-4.56,-4.76,-4.84,-4.74,-4.74,-4.55,-4.63,-4.70,-4.74,-4.50,-4.45,-4.55,-4.58,-4.64,-4.66,-4.55,-4.62,-4.67,-4.54,-4.54,-4.42,-4.78,-4.79,-4.50,-4.54,-4.52,-4.42,-4.43,-4.54,-4.54,-4.50,-4.56,-4.58,-4.62,-4.75,-4.55,-4.63,-4.88,-4.80,-4.45,-4.43,-4.71,-4.50,-4.75,-4.59,-4.39,-4.45,-4.51,-4.37,-4.52,-4.41,-4.55,-4.34,-4.33,-4.42,-4.29,-4.37,-4.51,-4.66,-4.60,-4.54,-4.63,-4.58,-4.43,-4.38,-4.35,-4.33,-4.43,-4.75,-4.71
-4.45,-4.41,-4.41,-4.37,-4.26,-4.46,-4.42,-4.54,-4.51,-4.41,-4.54,-4.54,-4.28,-4.33,-4.46,-4.50,-4.56,-4.78,-4.63,-4.60,-4.46,-4.29,-4.34,-4.51,-4.50,-4.50,-4.63,-4.56,-4.52,-4.55,-4.55,-4.62,-4.68,-4.41,-4.75,-4.68,-4.64,-4.74,-4.76,-4.60,-4.46,-4.66,-4.42,-4.64,-4.66,-4.67,-4.70,-4.60,-4.64,-4.80,-4.75,-4.67,-4.72,-4.50,-4.68,-4.99,-4.88,-4.78,-4.58,-4.59,-4.64,-4.49,-4.47,-4.71,-4.71,-4.71,-4.85,-4.78,-4.67,-4.87,-4.87,-4.83,-4.78,-4.59,-4.62,-4.50,-4.68,-4.76,-4.67,-4.55,-4.80,-4.74,-4.64,-4.71,-4.75,-4.79,-4.80,-4.80,-4.75,-4.74,-4.58,-4.71,-4.87,-4.68,-4.76,-4.55,-4.67,-4.60,-4.60,-4.49,-4.49,-4.56,-4.60,-4.63,-4.74,-4.75,-4.49,-4.39,-4.83,-4.85,-4.75,-4.76,-4.68,-4.42,-4.62,-4.60,-4.51,-4.64,-4.74,-4.59,-4.56,-4.55,-4.63,-4.66,-4.76,-4.66,-4.62,-4.79,-4.83,-4.58,-4.45,-4.60,-4.50,-4.63,-4.54,-4.54,-4.43,-4.25,-4.37,-4.24,-4.25,-4.39,-4.31,-4.29,-4.39,-4.28,-4.43,-4.51,-4.66,-4.58,-4.34,-4.45,-4.51,-4.47,-4.28,-4.30,-4.43,-4.16,-4.45,-4.67
-4.43,-4.38,-4.34,-4.21,-4.05,-4.20,-4.31,-4.43,-4.43,-4.45,-4.58,-4.56,-4.50,-4.50,-4.51,-4.47,-4.46,-4.63,-4.58,-4.56,-4.47,-4.33,-4.26,-4.35,-4.52,-4.58,-4.56,-4.59,-4.54,-4.49,-4.51,-4.56,-4.62,-4.34,-4.62,-4.42,-4.60,-4.64,-4.59,-4.55,-4.55,-4.70,-4.47,-4.64,-4.58,-4.72,-4.72,-4.58,-4.60,-4.71,-4.67,-4.66,-4.68,-4.59,-4.81,-4.84,-4.85,-4.70,-4.59,-4.75,-4.75,-4.62,-4.66,-4.78,-4.79,-4.75,-4.76,-4.74,-4.75,-4.85,-4.88,-4.91,-4.89,-4.75,-4.76,-4.54,-4.66,-4.79,-4.66,-4.49,-4.75,-4.74,-4.70,-4.70,-4.68,-4.70,-4.78,-4.84,-4.83,-4.72,-4.49,-4.64,-4.66,-4.67,-4.70,-4.80,-4.67,-4.70,-4.67,-4.64,-4.66,-4.60,-4.71,-4.78,-4.72,-4.78,-4.66,-4.71,-4.85,-4.49,-4.71,-4.60,-4.72,-4.54,-4.58,-4.58,-4.58,-4.75,-4.87,-4.63,-4.60,-4.52,-4.72,-4.79,-4.78,-4.64,-4.49,-4.52,-4.71,-4.71,-4.81,-4.49,-4.50,-4.43,-4.45,-4.47,-4.49,-4.37,-4.24,-4.43,-4.47,-4.42,-4.34,-4.31,-4.37,-4.34,-4.50,-4.52,-4.63,-4.58,-4.26,-4.45,-4.50,-4.50,-4.41,-4.37,-4.54,-4.39,-4.39,-4.58
-4.41,-4.41,-4.38,-4.30,-4.29,-4.51,-4.50,-4.43,-4.38,-4.51,-4.71,-4.67,-4.47,-4.52,-4.60,-4.64,-4.70,-4.58,-4.56,-4.68,-4.54,-4.38,-4.38,-4.43,-4.43,-4.47,-4.46,-4.64,-4.56,-4.51,-4.55,-4.42,-4.54,-4.45,-4.72,-4.37,-4.62,-4.75,-4.64,-4.51,-4.56,-4.71,-4.71,-4.66,-4.63,-4.72,-4.64,-4.58,-4.52,-4.50,-4.55,-4.63,-4.60,-4.67,-4.80,-4.74,-4.72,-4.59,-4.46,-4.43,-4.54,-4.50,-4.49,-4.56,-4.62,-4.67,-4.76,-4.84,-4.88,-4.79,-4.80,-4.87,-4.83,-4.64,-4.70,-4.47,-4.49,-4.72,-4.75,-4.59,-4.85,-4.78,-4.74,-4.72,-4.75,-4.74,-4.71,-4.78,-4.67,-4.52,-4.38,-4.62,-4.49,-4.67,-4.81,-4.59,-4.70,-4.60,-4.66,-4.63,-4.55,-4.56,-4.68,-4.66,-4.60,-4.78,-4.72,-4.71,-4.72,-4.58,-4.55,-4.62,-4.58,-4.62,-4.62,-4.63,-4.60,-4.66,-4.76,-4.66,-4.66,-4.60,-4.66,-4.88,-4.89,-4.66,-4.47,-4.51,-4.58,-4.47,-4.51,-4.56,-4.45,-4.45,-4.58,-4.55,-4.42,-4.50,-4.26,-4.46,-4.49,-4.41,-4.38,-4.42,-4.45,-4.45,-4.58,-4.47,-4.39,-4.39,-4.33,-4.55,-4.58,-4.46,-4.29,-4.20,-4.41,-4.41,-4.47,-4.56
-4.47,-4.54,-4.37,-4.28,-4.41,-4.56,-4.58,-4.46,-4.51,-4.58,-4.60,-4.59,-4.28,-4.50,-4.71,-4.83,-4.83,-4.56,-4.58,-4.74,-4.51,-4.29,-4.29,-4.39,-4.46,-4.47,-4.56,-4.67,-4.62,-4.62,-4.56,-4.41,-4.39,-4.46,-4.67,-4.45,-4.63,-4.76,-4.70,-4.62,-4.66,-4.66,-4.60,-4.60,-4.66,-4.66,-4.60,-4.54,-4.50,-4.45,-4.54,-4.60,-4.49,-4.52,-4.66,-4.71,-4.76,-4.60,-4.45,-4.49,-4.43,-4.42,-4.50,-4.71,-4.71,-4.75,-4.91,-4.91,-4.85,-4.71,-4.45,-4.75,-4.75,-4.52,-4.43,-4.31,-4.41,-4.71,-4.95,-4.64,-4.72,-4.58,-4.46,-4.66,-4.76,-4.75,-4.72,-4.67,-4.76,-4.76,-4.59,-4.43,-4.43,-4.49,-4.67,-4.71,-4.96,-4.76,-4.62,-4.49,-4.50,-4.50,-4.55,-4.60,-4.49,-4.49,-4.63,-4.63,-4.56,-4.75,-4.60,-4.58,-4.52,-4.58,-4.56,-4.60,-4.58,-4.47,-4.56,-4.55,-4.66,-4.66,-4.52,-4.74,-4.87,-4.67,-4.45,-4.63,-4.96,-4.43,-4.41,-4.39,-4.34,-4.42,-4.52,-4.56,-4.50,-4.43,-4.33,-4.33,-4.31,-4.28,-4.41,-4.55,-4.50,-4.54,-4.70,-4.59,-4.49,-4.52,-4.58,-4.52,-4.58,-4.49,-4.29,-4.10,-4.24,-4.18,-4.41,-4.58
