-15.40,-15.20,-15.08,-15.20,-15.08,-15.23,-15.17,-15.08,-15.29,-15.52,-15.63,-15.53,-15.47,-15.40,-15.20,-15.49,-15.40,-15.47,-15.46,-15.43,-15.50,-15.41,-15.11,-15.03,-15.14,-15.14,-15.14,-15.18,-15.21,-15.61,-15.85,-15.56,-15.61,-15.56,-15.82,-15.90,-15.63,-15.53,-15.70,-16.07,-16.01,-15.93,-16.07,-16.01,-16.07,-16.05,-15.92,-16.04,-16.15,-16.15,-16.13,-16.27,-16.53,-16.55,-16.33,-16.30,-16.04,-16.32,-16.69,-16.67,-16.52,-16.45,-16.64,-16.45,-16.49,-16.28,-16.30,-16.27,-16.28,-16.19,-16.28,-16.52,-16.49,-16.10,-16.22,-16.56,-16.56,-16.39,-16.35,-16.28,-16.01,-16.27,-16.42,-16.13,-16.07,-16.45,-16.36,-16.50,-16.30,-16.47,-16.45,-16.33,-16.33,-16.30,-16.36,-16.32,-16.10,-16.15,-16.42,-16.49,-16.22,-16.07,-16.33,-16.81,-16.87,-16.84,-16.87,-16.47,-16.36,-16.41,-16.45,-16.47,-16.30,-16.04,-15.89,-16.08,-15.84,-15.73,-15.95,-15.72,-15.11,-13.67,-10.70,-6.69,-3.49,-2.09,-1.93,-1.93,-2.04,-2.22,-2.69,-3.39,-4.18,-5.62,-8.67,-12.18,-14.21,-15.03,-15.34,-15.38,-15.44,-15.73,-15.73,-15.63,-15.84,-15.87,-15.64,-15.67,-15.87,-15.61,-15.84,-15.90,-15.78,-15.61,-15.55,-15.66,-15.55,-15.52,-15.69,-15.67
-15.28,-15.11,-15.12,-15.02,-15.00,-15.05,-15.02,-14.96,-14.97,-15.50,-15.72,-15.64,-15.70,-15.85,-15.52,-15.52,-15.44,-15.49,-15.52,-15.40,-15.31,-15.34,-15.35,-15.08,-15.09,-15.06,-15.08,-15.34,-15.40,-15.29,-15.78,-15.64,-15.61,-15.67,-15.76,-15.72,-15.53,-15.70,-15.76,-15.99,-15.87,-15.70,-15.90,-15.99,-15.90,-15.90,-16.02,-15.99,-16.07,-15.96,-15.92,-16.22,-16.27,-16.45,-16.44,-16.32,-16.16,-16.32,-16.53,-16.47,-16.50,-16.62,-16.41,-16.21,-16.42,-16.30,-16.41,-16.22,-16.27,-15.99,-16.04,-16.28,-16.32,-16.12,-16.25,-16.35,-16.30,-16.21,-16.10,-16.28,-16.35,-16.22,-16.44,-16.12,-16.07,-16.28,-16.08,-16.18,-16.08,-16.07,-16.25,-16.05,-16.05,-16.21,-16.38,-16.44,-16.35,-16.41,-16.45,-16.38,-16.25,-16.07,-16.42,-16.52,-16.84,-16.72,-16.90,-16.42,-16.38,-16.36,-16.39,-16.44,-16.30,-16.12,-15.75,-16.36,-15.96,-15.82,-15.79,-15.72,-14.55,-11.94,-8.15,-4.30,-1.71,-0.98,-0.98,-1.05,-1.10,-1.25,-1.60,-2.19,-3.01,-4.59,-7.89,-11.46,-13.65,-14.75,-15.03,-15.06,-15.32,-15.66,-15.34,-15.25,-15.70,-15.73,-15.61,-15.72,-15.32,-15.44,-15.66,-15.79,-15.67,-15.26,-15.37,-15.69,-15.52,-15.47,-15.58,-15.60
-15.15,-14.99,-15.17,-15.00,-15.14,-15.20,-15.12,-15.05,-15.14,-15.23,-15.46,-15.49,-15.37,-15.37,-15.41,-15.41,-15.41,-15.34,-15.29,-15.28,-15.15,-15.23,-15.52,-15.25,-15.03,-14.85,-14.72,-15.03,-15.52,-15.25,-15.70,-15.53,-15.79,-15.70,-15.61,-15.72,-15.61,-15.72,-15.89,-15.78,-15.67,-15.73,-15.93,-15.98,-15.82,-15.84,-16.13,-15.98,-16.12,-16.07,-16.01,-16.27,-16.52,-16.47,-16.25,-16.18,-16.30,-16.42,-16.55,-16.56,-16.42,-16.36,-16.49,-16.47,-16.64,-16.28,-16.49,-16.27,-16.16,-16.21,-16.27,-16.61,-16.32,-15.89,-15.92,-16.16,-16.24,-16.08,-15.98,-16.21,-16.02,-15.99,-16.36,-16.19,-16.01,-16.25,-16.07,-16.15,-15.81,-15.93,-16.18,-16.15,-16.01,-15.95,-16.10,-16.18,-16.27,-16.47,-16.39,-16.28,-16.35,-16.05,-16.39,-16.42,-16.81,-16.76,-16.81,-16.35,-16.33,-16.25,-16.21,-16.22,-16.19,-15.99,-15.81,-16.15,-15.79,-15.50,-15.63,-14.85,-12.96,-9.25,-5.09,-2.25,-0.88,-0.49,-0.41,-0.68,-0.71,-0.67,-0.98,-1.57,-2.33,-3.90,-6.98,-10.10,-12.40,-13.62,-14.00,-14.18,-14.66,-15.14,-14.82,-14.90,-15.20,-15.18,-15.26,-15.40,-15.08,-15.12,-15.14,-15.25,-15.26,-15.23,-15.63,-15.64,-15.31,-15.29,-15.47,-15.63
-15.08,-14.94,-15.11,-15.03,-14.99,-15.05,-15.11,-15.05,-15.23,-15.31,-15.41,-15.46,-15.34,-15.28,-15.32,-15.26,-15.29,-15.25,-15.14,-15.11,-15.09,-15.06,-15.28,-15.40,-15.35,-15.12,-14.88,-14.91,-15.47,-15.41,-15.44,-15.34,-15.55,-15.69,-15.53,-15.47,-15.64,-15.46,-15.63,-15.61,-15.61,-15.78,-15.99,-15.98,-15.85,-15.85,-15.95,-16.01,-15.99,-16.04,-16.19,-16.10,-16.39,-16.22,-16.16,-16.30,-16.42,-16.38,-16.39,-16.49,-16.36,-16.36,-16.36,-16.47,-16.36,-16.44,-16.25,-16.27,-16.30,-16.30,-16.18,-16.28,-16.22,-15.95,-16.12,-16.30,-16.24,-16.13,-15.99,-16.07,-16.07,-16.04,-16.15,-15.87,-15.93,-16.16,-16.24,-15.90,-15.85,-16.08,-16.10,-16.13,-16.18,-16.12,-16.22,-16.27,-16.27,-16.36,-16.24,-15.98,-15.87,-15.95,-16.36,-16.24,-16.72,-16.66,-16.50,-16.22,-16.16,-16.10,-16.02,-16.01,-15.93,-15.70,-15.66,-15.79,-15.60,-15.50,-15.21,-13.98,-10.94,-6.86,-3.27,-1.06,-0.27,-0.36,-0.38,-0.47,-0.66,-0.78,-1.08,-1.41,-2.11,-3.56,-5.57,-7.75,-9.39,-10.37,-11.00,-11.35,-11.92,-12.78,-13.61,-13.92,-13.97,-14.12,-14.39,-14.67,-14.85,-14.57,-14.64,-14.87,-14.99,-15.06,-15.18,-15.17,-15.47,-15.46,-15.43,-15.58
-15.05,-14.90,-15.26,-15.03,-15.14,-15.32,-15.29,-15.08,-15.12,-15.26,-15.32,-15.46,-15.53,-15.21,-15.34,-15.14,-15.08,-15.20,-15.38,-15.28,-15.03,-15.20,-15.46,-15.34,-15.26,-15.21,-14.91,-14.78,-15.08,-15.14,-15.20,-15.14,-15.21,-15.44,-15.50,-15.34,-15.55,-15.31,-15.31,-15.61,-15.64,-15.72,-15.72,-15.78,-15.84,-15.78,-15.79,-15.87,-15.55,-15.89,-16.07,-15.92,-16.22,-16.32,-15.98,-15.90,-16.16,-16.19,-16.12,-16.15,-16.19,-16.25,-16.25,-16.10,-16.19,-16.28,-16.15,-16.18,-16.27,-16.22,-16.18,-16.07,-16.05,-16.07,-16.16,-16.28,-16.21,-16.04,-15.93,-15.90,-16.08,-15.85,-15.99,-15.99,-16.04,-16.12,-16.01,-16.01,-16.08,-15.92,-16.16,-15.98,-16.04,-16.10,-16.02,-16.05,-16.08,-16.21,-16.39,-16.01,-15.82,-15.95,-16.27,-16.08,-16.05,-16.45,-16.38,-16.24,-16.07,-15.98,-15.93,-15.81,-15.60,-15.37,-15.21,-15.26,-14.85,-14.55,-14.00,-12.26,-8.54,-4.72,-1.92,-0.56,-0.43,-0.72,-0.72,-0.58,-0.82,-1.05,-1.26,-1.45,-2.14,-3.18,-4.25,-5.40,-6.27,-6.93,-7.43,-7.58,-8.26,-9.30,-10.05,-11.26,-11.84,-12.21,-12.59,-13.14,-13.58,-13.25,-13.62,-13.86,-13.92,-14.12,-14.66,-14.45,-14.94,-15.12,-15.15,-15.20
-15.06,-15.23,-15.05,-14.99,-14.84,-14.88,-15.17,-14.99,-15.20,-15.21,-15.28,-15.44,-15.61,-15.26,-15.37,-15.12,-14.96,-14.99,-15.23,-15.25,-15.43,-15.29,-15.14,-15.05,-15.17,-15.40,-15.29,-14.73,-14.67,-14.79,-14.88,-14.97,-15.09,-15.21,-15.31,-15.38,-15.56,-15.31,-15.44,-15.84,-15.60,-15.53,-15.67,-15.72,-15.75,-15.87,-15.84,-15.89,-15.75,-15.95,-15.96,-15.89,-16.24,-16.25,-16.19,-16.13,-16.16,-16.15,-16.02,-16.12,-16.08,-15.96,-16.21,-16.13,-16.24,-16.22,-16.16,-16.18,-16.16,-16.02,-15.99,-16.10,-15.95,-15.99,-16.10,-16.13,-16.13,-15.95,-15.79,-15.79,-15.92,-15.78,-15.99,-16.04,-15.90,-16.12,-15.98,-15.75,-16.05,-15.73,-15.93,-15.93,-15.95,-16.05,-16.04,-15.99,-15.96,-15.99,-16.21,-16.02,-15.55,-15.79,-15.84,-16.04,-16.25,-16.61,-16.32,-16.15,-15.79,-15.58,-15.53,-15.25,-14.94,-14.64,-14.27,-13.80,-13.06,-12.33,-11.47,-9.20,-5.67,-2.91,-1.29,-0.71,-0.78,-0.93,-1.02,-0.96,-0.92,-1.12,-1.26,-1.38,-1.82,-2.57,-3.28,-3.61,-4.09,-4.51,-4.92,-5.07,-5.46,-6.16,-6.98,-7.58,-7.98,-8.55,-9.46,-10.20,-10.52,-10.76,-11.26,-11.71,-11.85,-12.21,-12.78,-12.96,-13.52,-13.70,-14.10,-14.67
-14.84,-15.00,-15.23,-15.05,-14.97,-14.99,-14.99,-14.85,-15.20,-15.26,-15.34,-15.52,-15.49,-15.55,-15.44,-15.20,-15.14,-15.29,-15.25,-15.32,-15.38,-15.29,-15.35,-15.28,-15.14,-15.32,-15.37,-14.75,-14.61,-14.60,-14.79,-14.96,-15.15,-15.28,-15.14,-15.17,-15.82,-15.23,-15.43,-15.66,-15.47,-15.43,-15.60,-15.70,-15.67,-15.63,-15.72,-15.73,-15.81,-16.19,-16.02,-15.93,-16.05,-16.24,-16.24,-16.04,-15.99,-16.04,-15.99,-16.16,-15.99,-15.89,-16.15,-16.18,-16.25,-16.25,-16.16,-16.24,-16.15,-15.95,-15.81,-16.04,-15.90,-15.85,-16.07,-16.13,-16.13,-15.99,-15.78,-15.84,-15.82,-15.70,-15.96,-15.95,-15.69,-16.12,-16.13,-15.66,-15.93,-15.64,-15.79,-15.92,-15.95,-15.87,-15.70,-15.78,-15.81,-15.95,-16.21,-15.98,-15.56,-15.89,-15.93,-15.93,-16.12,-15.96,-15.92,-15.32,-15.05,-15.03,-14.61,-14.01,-13.42,-12.78,-11.95,-10.83,-9.89,-9.02,-7.80,-5.73,-3.45,-1.97,-1.15,-1.01,-1.05,-0.97,-1.10,-1.25,-1.20,-1.45,-1.29,-1.41,-1.71,-2.01,-2.23,-2.41,-2.86,-3.34,-3.57,-3.41,-3.56,-4.16,-4.78,-5.13,-5.46,-5.73,-6.17,-6.59,-6.96,-7.41,-7.82,-8.76,-9.19,-9.47,-9.93,-10.60,-11.00,-11.26,-11.98,-12.83
-14.87,-14.91,-15.06,-15.00,-14.93,-15.09,-15.18,-14.88,-15.11,-15.26,-15.37,-15.56,-15.58,-15.41,-15.56,-15.61,-15.41,-15.17,-15.06,-15.06,-15.17,-15.25,-15.32,-15.31,-15.23,-15.38,-15.32,-14.93,-14.87,-14.67,-14.87,-15.05,-15.08,-15.34,-15.41,-15.25,-15.73,-15.52,-15.46,-15.75,-15.63,-15.64,-15.75,-15.67,-15.73,-15.63,-15.56,-15.67,-15.69,-16.27,-16.15,-16.22,-16.13,-16.18,-16.18,-15.99,-15.87,-15.96,-16.13,-16.21,-16.04,-16.13,-16.10,-15.93,-16.15,-16.13,-16.15,-16.24,-16.15,-16.04,-15.99,-15.99,-16.05,-16.01,-16.08,-16.19,-16.13,-16.01,-15.82,-15.92,-15.85,-15.60,-15.90,-16.02,-15.67,-16.08,-16.16,-15.89,-15.87,-15.67,-15.82,-15.96,-15.98,-15.79,-15.66,-15.75,-15.85,-15.92,-16.02,-15.78,-15.50,-15.66,-15.69,-15.66,-15.60,-15.18,-15.03,-14.13,-13.55,-13.03,-12.33,-11.43,-10.40,-9.29,-8.04,-6.66,-5.65,-5.12,-4.29,-3.22,-2.32,-1.59,-1.22,-1.22,-1.24,-1.14,-1.20,-1.45,-1.27,-1.31,-1.25,-1.44,-1.45,-1.50,-1.67,-1.90,-2.22,-2.61,-2.54,-2.11,-2.47,-2.99,-3.31,-3.54,-3.61,-3.76,-4.14,-4.45,-4.76,-5.19,-5.05,-5.87,-6.19,-6.51,-7.07,-7.63,-7.89,-8.42,-9.15,-9.86
-14.84,-14.96,-14.90,-14.91,-14.88,-14.88,-15.28,-15.08,-15.09,-15.15,-15.23,-15.35,-15.29,-14.99,-15.17,-15.34,-15.23,-15.02,-15.06,-15.05,-15.08,-15.11,-15.26,-15.28,-15.20,-15.40,-15.26,-15.09,-15.08,-14.91,-14.66,-14.61,-14.72,-14.79,-15.18,-15.34,-15.52,-15.35,-15.43,-15.69,-15.58,-15.55,-15.63,-15.58,-15.79,-15.69,-15.55,-15.76,-15.64,-15.96,-16.08,-16.27,-16.28,-16.19,-16.15,-16.01,-15.82,-15.93,-16.21,-16.24,-16.24,-16.19,-16.02,-15.73,-16.12,-15.90,-16.07,-16.02,-15.98,-16.07,-16.13,-16.21,-16.27,-16.15,-16.05,-16.05,-15.95,-15.85,-15.85,-15.85,-15.69,-15.79,-16.10,-15.98,-15.58,-16.01,-15.99,-15.84,-15.87,-15.72,-15.73,-15.90,-15.76,-15.72,-15.76,-15.79,-15.75,-15.73,-15.73,-15.44,-15.09,-14.85,-14.67,-14.52,-14.06,-13.21,-12.83,-11.37,-10.09,-9.18,-8.08,-6.62,-5.35,-4.47,-3.93,-3.49,-2.97,-2.37,-2.61,-2.14,-1.72,-1.38,-1.21,-1.22,-1.22,-1.12,-1.19,-1.43,-1.34,-1.30,-1.07,-1.21,-1.34,-1.43,-1.45,-1.49,-1.55,-1.51,-1.73,-1.71,-2.01,-2.22,-2.33,-2.47,-2.47,-2.84,-3.03,-3.22,-3.41,-3.43,-3.36,-3.82,-3.86,-4.30,-4.80,-5.03,-5.23,-5.92,-6.35,-6.89
-14.78,-14.76,-14.82,-14.87,-14.88,-14.70,-14.90,-15.06,-15.12,-15.09,-15.11,-15.35,-15.56,-15.29,-15.31,-15.37,-15.15,-14.93,-15.09,-15.02,-14.99,-15.03,-15.14,-15.26,-15.12,-15.14,-15.18,-15.03,-15.05,-15.11,-14.88,-14.69,-14.78,-14.78,-15.00,-15.25,-15.15,-15.29,-15.43,-15.47,-15.50,-15.43,-15.28,-15.38,-15.73,-15.81,-15.66,-15.82,-15.75,-15.90,-15.92,-16.01,-16.13,-16.27,-16.24,-15.90,-15.66,-15.85,-15.98,-16.10,-16.24,-15.76,-15.87,-15.84,-16.24,-15.99,-15.81,-15.75,-15.75,-15.96,-15.82,-15.82,-15.75,-15.64,-15.89,-15.96,-15.72,-15.70,-15.82,-15.87,-15.78,-15.52,-15.99,-15.69,-15.56,-15.75,-16.15,-15.72,-15.79,-15.52,-15.38,-15.55,-15.31,-15.20,-15.34,-15.34,-15.15,-15.05,-14.85,-14.36,-13.70,-12.90,-12.42,-11.62,-10.52,-9.39,-8.48,-7.05,-5.68,-4.97,-4.42,-3.45,-2.72,-2.51,-2.47,-2.24,-1.93,-1.86,-2.09,-1.50,-1.45,-1.25,-1.02,-1.01,-0.97,-0.97,-1.12,-1.36,-1.31,-1.16,-1.16,-1.22,-1.27,-1.34,-1.36,-1.38,-1.44,-1.50,-1.50,-1.62,-1.77,-1.71,-1.73,-1.91,-1.97,-2.28,-2.23,-2.34,-2.45,-2.56,-2.61,-2.60,-2.54,-3.00,-3.45,-3.63,-3.74,-4.08,-4.25,-4.70
-14.63,-14.60,-14.75,-14.90,-14.84,-14.91,-14.96,-15.11,-15.17,-15.14,-15.18,-15.56,-15.41,-15.37,-15.29,-15.14,-14.99,-14.94,-15.08,-15.02,-14.93,-14.96,-15.03,-15.05,-15.09,-15.15,-15.21,-15.11,-14.99,-15.08,-14.91,-14.49,-14.57,-14.66,-14.70,-15.06,-14.94,-15.15,-15.15,-15.29,-15.43,-15.37,-15.31,-15.49,-15.70,-15.73,-15.63,-15.79,-15.79,-16.01,-15.87,-15.78,-15.85,-16.12,-16.28,-16.10,-15.84,-15.95,-16.07,-15.82,-16.01,-15.67,-15.55,-15.75,-15.82,-15.60,-15.44,-15.58,-15.82,-15.82,-15.72,-15.76,-15.78,-15.67,-15.63,-15.64,-15.52,-15.46,-15.69,-15.69,-15.56,-15.58,-15.67,-15.52,-15.55,-15.49,-15.61,-15.64,-15.61,-15.25,-14.87,-14.99,-14.72,-14.40,-14.40,-14.21,-13.82,-13.22,-12.45,-11.66,-10.56,-9.22,-8.45,-7.26,-6.05,-5.39,-4.46,-3.60,-2.88,-2.57,-2.68,-2.13,-1.82,-1.78,-1.78,-1.72,-1.53,-1.54,-1.68,-1.26,-1.19,-0.96,-0.95,-0.83,-0.86,-0.95,-1.12,-1.39,-1.30,-1.15,-1.35,-1.25,-1.19,-1.26,-1.25,-1.25,-1.38,-1.41,-1.29,-1.57,-1.55,-1.36,-1.49,-1.71,-1.64,-1.62,-1.76,-1.78,-1.93,-2.13,-2.09,-1.91,-1.93,-2.30,-2.56,-2.56,-2.47,-2.74,-3.04,-3.19
-14.46,-14.72,-14.79,-14.72,-14.85,-14.97,-15.00,-14.87,-14.94,-15.20,-15.28,-15.55,-15.38,-15.35,-15.34,-15.18,-14.99,-14.94,-15.00,-15.11,-15.05,-14.99,-15.02,-14.93,-14.78,-15.12,-15.12,-14.90,-15.03,-15.09,-14.99,-14.96,-14.91,-14.69,-14.66,-14.84,-14.79,-15.02,-15.08,-15.20,-15.35,-15.37,-15.49,-15.72,-15.79,-15.49,-15.47,-15.66,-15.69,-15.61,-15.55,-15.66,-15.70,-15.89,-16.01,-15.84,-15.93,-16.04,-15.95,-15.84,-15.81,-15.75,-15.70,-15.69,-15.98,-15.92,-15.60,-15.50,-15.69,-15.76,-15.81,-15.70,-15.56,-15.73,-15.75,-15.72,-15.72,-15.44,-15.72,-15.52,-15.72,-15.60,-15.72,-15.14,-15.50,-15.44,-15.44,-15.31,-15.44,-14.96,-14.39,-13.45,-12.68,-12.62,-12.52,-11.60,-10.59,-9.47,-8.33,-7.28,-5.89,-4.56,-4.01,-3.31,-2.77,-2.86,-2.47,-2.11,-1.87,-1.76,-2.00,-1.76,-1.60,-1.53,-1.53,-1.53,-1.49,-1.46,-1.30,-1.59,-1.03,-0.92,-1.30,-1.29,-1.15,-1.00,-1.11,-1.39,-1.38,-1.29,-1.31,-1.30,-1.24,-1.32,-1.27,-1.24,-1.35,-1.40,-1.39,-1.29,-1.44,-1.40,-1.34,-1.40,-1.55,-1.39,-1.62,-1.54,-1.63,-1.74,-1.68,-1.31,-1.54,-1.74,-1.77,-1.85,-2.13,-2.37,-2.23,-2.52
-14.70,-14.54,-14.45,-14.57,-14.85,-14.85,-14.88,-14.82,-14.79,-15.02,-15.40,-15.46,-15.43,-15.34,-15.31,-15.32,-15.12,-14.90,-14.93,-15.05,-15.12,-15.09,-15.06,-15.15,-15.02,-14.96,-15.20,-14.96,-15.03,-15.09,-15.00,-15.18,-14.90,-14.73,-14.82,-14.91,-14.66,-14.88,-15.14,-15.26,-15.32,-15.40,-15.43,-15.60,-15.84,-15.46,-15.46,-15.43,-15.40,-15.64,-15.69,-15.75,-15.87,-15.93,-15.99,-15.87,-15.70,-15.87,-16.07,-15.69,-15.89,-15.61,-15.66,-15.70,-15.76,-15.87,-15.81,-15.81,-15.79,-15.72,-15.72,-15.67,-15.47,-15.49,-15.61,-15.73,-15.67,-15.40,-15.61,-15.38,-15.43,-15.46,-15.40,-15.17,-15.28,-15.29,-15.17,-14.99,-14.82,-14.48,-13.30,-10.25,-7.91,-8.02,-7.56,-6.48,-5.27,-4.12,-3.26,-2.64,-2.18,-2.05,-2.23,-1.96,-1.73,-1.95,-1.96,-1.86,-1.62,-1.54,-1.62,-1.58,-1.55,-1.45,-1.41,-1.44,-1.35,-1.26,-1.50,-1.44,-1.36,-1.14,-1.06,-1.14,-1.01,-1.05,-1.16,-1.14,-1.14,-1.22,-1.20,-1.39,-1.20,-1.31,-1.34,-1.25,-1.20,-1.38,-1.59,-1.31,-1.49,-1.45,-1.34,-1.31,-1.34,-1.29,-1.27,-1.26,-1.29,-1.45,-1.46,-1.02,-1.43,-1.32,-1.36,-1.49,-1.57,-1.68,-1.55,-1.79
-14.57,-14.64,-14.73,-14.79,-14.73,-15.05,-14.99,-14.84,-14.82,-15.00,-15.32,-15.37,-15.37,-15.29,-15.23,-15.20,-14.97,-14.88,-14.85,-14.91,-14.93,-14.84,-14.88,-15.03,-14.87,-15.06,-14.93,-14.85,-14.91,-15.02,-15.03,-15.09,-14.78,-14.79,-14.97,-15.05,-14.69,-14.81,-15.08,-15.26,-15.38,-15.34,-15.35,-15.44,-15.78,-15.49,-15.52,-15.56,-15.52,-15.56,-15.72,-15.79,-15.90,-15.85,-15.63,-15.44,-15.35,-15.60,-15.73,-15.70,-15.78,-15.58,-15.49,-15.53,-15.76,-15.61,-15.67,-15.64,-15.63,-15.55,-15.53,-15.60,-15.49,-15.60,-15.69,-15.61,-15.70,-15.40,-15.46,-15.23,-15.05,-15.06,-15.18,-15.17,-15.09,-15.08,-14.61,-14.70,-14.21,-13.39,-11.16,-7.09,-4.12,-3.47,-3.06,-2.39,-2.02,-1.83,-1.63,-1.49,-1.44,-1.49,-1.58,-1.64,-1.59,-1.78,-1.78,-1.55,-1.54,-1.51,-1.38,-1.38,-1.34,-1.29,-1.32,-1.35,-1.19,-1.03,-1.24,-1.26,-1.06,-1.08,-1.00,-0.88,-1.02,-1.06,-1.01,-0.95,-0.88,-1.20,-1.40,-1.14,-0.86,-1.08,-1.22,-1.14,-1.11,-1.25,-1.38,-1.14,-1.39,-1.65,-1.55,-1.43,-1.35,-1.19,-1.24,-1.19,-1.32,-1.45,-1.38,-1.08,-1.35,-1.15,-1.35,-1.41,-1.35,-1.34,-1.20,-1.54
-14.69,-14.69,-14.75,-14.85,-14.78,-15.15,-15.06,-14.94,-14.99,-14.99,-15.09,-15.26,-15.29,-15.21,-15.20,-15.37,-15.32,-15.08,-15.00,-15.02,-15.12,-15.18,-15.11,-14.91,-14.76,-15.06,-15.02,-14.84,-14.88,-14.99,-14.93,-14.99,-14.69,-14.82,-14.97,-15.00,-14.79,-14.76,-14.91,-15.11,-15.29,-15.31,-15.28,-15.31,-15.44,-15.46,-15.41,-15.49,-15.55,-15.50,-15.76,-15.73,-15.61,-15.75,-15.61,-15.52,-15.44,-15.53,-15.63,-15.52,-15.56,-15.53,-15.58,-15.61,-15.76,-15.56,-15.58,-15.46,-15.55,-15.58,-15.60,-15.52,-15.21,-15.28,-15.55,-15.46,-15.44,-15.14,-15.08,-15.02,-14.87,-14.85,-14.87,-14.75,-14.22,-14.09,-13.54,-13.30,-12.42,-10.91,-6.96,-3.71,-1.87,-1.39,-1.27,-0.98,-1.02,-1.17,-1.03,-0.90,-1.01,-1.12,-1.24,-1.32,-1.34,-1.43,-1.49,-1.29,-1.27,-1.36,-1.21,-1.10,-0.95,-0.92,-1.08,-1.16,-1.06,-0.96,-1.12,-1.14,-0.87,-0.86,-0.71,-0.78,-0.86,-0.76,-0.66,-0.63,-0.76,-0.97,-1.00,-1.11,-0.85,-1.02,-0.97,-1.00,-1.06,-1.12,-1.15,-1.01,-1.26,-1.44,-1.26,-1.21,-1.20,-1.05,-1.08,-0.96,-0.91,-1.11,-1.14,-0.90,-1.08,-1.08,-1.25,-1.25,-1.12,-1.02,-0.98,-1.16
-14.49,-14.51,-14.63,-14.66,-14.55,-14.88,-14.90,-14.81,-14.88,-14.81,-14.88,-15.14,-15.26,-15.12,-14.87,-14.97,-14.61,-14.79,-14.93,-14.90,-14.91,-15.11,-15.26,-15.03,-14.81,-15.05,-15.09,-14.97,-14.93,-15.00,-14.94,-15.05,-14.85,-14.96,-14.90,-14.99,-14.84,-14.58,-14.64,-15.11,-15.38,-15.02,-15.12,-15.49,-15.60,-15.60,-15.50,-15.31,-15.32,-15.37,-15.40,-15.55,-15.69,-15.73,-15.64,-15.40,-15.40,-15.52,-15.50,-15.46,-15.66,-15.60,-15.60,-15.53,-15.63,-15.52,-15.76,-15.53,-15.44,-15.37,-15.40,-15.40,-15.15,-15.12,-15.17,-15.08,-15.11,-14.93,-14.57,-14.43,-14.45,-14.33,-14.12,-13.54,-12.61,-12.18,-11.07,-9.79,-8.07,-6.19,-3.63,-2.00,-1.02,-0.76,-0.71,-0.63,-0.69,-0.76,-0.73,-0.57,-0.38,-0.48,-0.73,-0.75,-0.76,-1.03,-0.97,-0.95,-0.63,-0.77,-0.91,-0.71,-0.76,-0.56,-0.58,-0.78,-0.78,-0.72,-0.86,-0.77,-0.57,-0.51,-0.24,-0.33,-0.53,-0.66,-0.53,-0.44,-0.54,-0.58,-0.67,-0.98,-0.81,-0.85,-0.90,-0.80,-0.86,-0.96,-0.87,-0.88,-0.92,-0.90,-0.80,-0.91,-0.91,-0.72,-0.73,-0.86,-0.86,-0.93,-0.81,-0.63,-0.88,-0.72,-0.83,-0.82,-0.76,-0.73,-0.77,-0.80
-14.52,-14.51,-14.30,-14.60,-14.31,-14.57,-14.70,-14.61,-14.52,-14.73,-14.78,-14.93,-15.00,-14.93,-14.79,-14.72,-14.81,-14.57,-14.75,-14.90,-14.78,-14.87,-15.06,-14.88,-14.73,-14.84,-14.88,-14.88,-14.90,-14.88,-14.97,-14.99,-15.12,-15.15,-14.90,-14.93,-14.96,-14.90,-14.79,-14.85,-15.29,-15.34,-15.29,-15.49,-15.79,-15.44,-15.26,-15.32,-15.35,-15.35,-15.35,-15.40,-15.50,-15.58,-15.49,-15.37,-15.25,-15.72,-15.41,-15.53,-15.66,-15.79,-15.40,-15.35,-15.47,-15.43,-15.58,-15.47,-15.37,-15.11,-15.17,-15.26,-15.12,-14.99,-14.79,-14.64,-14.73,-14.34,-13.62,-13.18,-12.87,-12.33,-11.50,-10.20,-8.79,-7.80,-6.27,-4.95,-3.74,-2.75,-1.76,-1.10,-0.67,-0.57,-0.36,-0.23,-0.31,-0.38,-0.28,-0.23,-0.17,-0.03,-0.11,-0.41,-0.68,-0.58,-0.47,-0.18,-0.37,-0.28,-0.31,-0.38,-0.23,-0.01,-0.06,-0.26,-0.22,-0.17,-0.29,-0.23,-0.08,-0.14,0.15,0.10,0.04,-0.18,-0.21,-0.18,-0.31,-0.42,-0.19,-0.41,-0.16,-0.51,-0.42,-0.52,-0.63,-0.43,-0.16,-0.39,-0.42,-0.37,-0.33,-0.49,-0.52,-0.38,-0.52,-0.43,-0.42,-0.61,-0.61,-0.48,-0.59,-0.68,-0.51,-0.43,-0.53,-0.64,-0.53,-0.54
-14.42,-14.49,-14.25,-14.58,-14.30,-14.43,-14.69,-14.75,-14.69,-14.90,-14.93,-14.90,-14.96,-15.05,-15.03,-14.76,-14.69,-14.67,-14.73,-14.75,-14.58,-14.69,-14.82,-14.78,-14.69,-14.69,-14.72,-14.72,-14.67,-14.64,-14.79,-14.73,-14.76,-14.87,-14.55,-14.61,-14.84,-14.90,-14.78,-14.70,-14.87,-14.78,-14.99,-15.09,-15.61,-15.21,-15.08,-15.09,-15.23,-15.23,-15.18,-15.34,-15.47,-15.55,-15.56,-15.37,-15.08,-15.72,-15.31,-15.47,-15.41,-15.63,-15.23,-15.29,-15.31,-15.46,-15.25,-15.09,-15.12,-14.94,-14.96,-14.93,-14.61,-14.40,-14.18,-13.80,-13.46,-12.58,-11.23,-10.17,-9.09,-8.01,-6.80,-5.49,-4.46,-3.48,-2.74,-1.99,-1.65,-1.50,-1.11,-0.69,-0.37,-0.23,0.06,0.18,0.13,0.09,0.07,0.10,0.28,0.39,0.25,0.03,-0.12,-0.14,-0.19,0.19,0.14,0.35,0.22,0.28,0.29,0.33,0.24,0.20,0.22,0.22,0.19,0.24,0.38,0.29,0.44,0.25,0.39,0.34,0.27,0.24,0.17,0.13,0.20,0.12,0.37,0.09,-0.07,0.13,-0.02,-0.06,0.15,0.04,-0.22,0.04,-0.02,-0.12,-0.14,-0.18,-0.27,-0.18,0.08,-0.13,-0.22,-0.14,-0.14,-0.49,-0.23,-0.14,-0.33,-0.49,-0.37,-0.22
-14.27,-14.33,-14.54,-14.58,-14.40,-14.30,-14.37,-14.60,-14.72,-14.75,-14.81,-14.81,-14.81,-14.90,-14.93,-14.51,-14.48,-14.51,-14.60,-14.63,-14.49,-14.54,-14.79,-14.76,-14.76,-14.79,-14.82,-14.81,-14.60,-14.40,-15.03,-15.09,-14.85,-15.02,-14.67,-14.85,-14.96,-14.85,-14.76,-14.52,-14.75,-14.79,-14.88,-14.94,-15.53,-15.15,-15.05,-15.05,-15.15,-15.08,-14.99,-15.23,-15.37,-15.38,-15.55,-15.56,-15.21,-15.46,-15.31,-15.25,-15.21,-15.26,-15.17,-15.23,-15.15,-15.25,-15.05,-14.69,-14.55,-14.40,-14.33,-13.98,-13.33,-12.86,-12.30,-11.22,-10.03,-8.74,-6.94,-5.58,-4.39,-3.49,-2.77,-2.19,-2.07,-1.67,-1.78,-1.39,-1.35,-1.19,-0.91,-0.59,-0.18,0.09,0.24,0.32,0.38,0.22,0.19,0.40,0.59,0.64,0.46,0.30,0.18,0.14,0.23,0.49,0.49,0.44,0.37,0.35,0.51,0.60,0.51,0.49,0.46,0.58,0.65,0.59,0.72,0.79,0.72,0.51,0.64,0.72,0.69,0.59,0.54,0.48,0.40,0.40,0.56,0.41,0.48,0.37,0.27,0.33,0.35,0.28,0.18,0.40,0.15,0.15,0.15,0.15,0.12,0.28,0.45,0.20,0.13,0.19,0.28,0.20,0.28,0.19,0.08,0.02,-0.01,0.02
-14.19,-14.37,-14.28,-14.70,-14.55,-14.28,-14.18,-14.31,-14.13,-14.46,-14.61,-14.67,-14.72,-14.85,-14.91,-14.66,-14.54,-14.51,-14.52,-14.54,-14.49,-14.42,-14.70,-14.63,-14.75,-14.79,-14.76,-14.73,-14.66,-14.54,-14.81,-14.81,-14.66,-14.58,-14.69,-14.85,-14.94,-14.96,-14.94,-14.97,-14.76,-14.67,-14.85,-14.52,-15.02,-15.17,-15.00,-15.00,-15.08,-15.02,-14.94,-15.20,-15.38,-15.29,-15.40,-15.76,-15.32,-15.12,-15.28,-15.17,-15.18,-15.02,-15.05,-15.00,-14.90,-14.48,-14.48,-14.21,-13.68,-13.05,-12.56,-11.82,-10.59,-9.46,-8.27,-6.78,-5.25,-4.04,-2.73,-2.19,-1.78,-1.78,-1.49,-1.49,-1.44,-1.51,-1.38,-1.34,-1.30,-0.97,-0.76,-0.47,-0.06,0.24,0.24,0.38,0.44,0.19,0.24,0.56,0.77,0.71,0.40,0.28,0.30,0.24,0.38,0.51,0.55,0.55,0.54,0.95,0.74,0.82,0.80,0.72,0.86,0.92,0.88,1.02,1.14,1.25,1.17,1.28,1.14,1.18,1.17,1.11,1.03,1.00,0.91,0.96,1.01,0.85,0.93,1.04,0.95,0.92,1.07,1.03,0.50,0.82,0.75,0.45,0.54,0.60,0.56,0.79,0.70,0.56,0.55,0.61,0.65,0.69,0.63,0.59,0.46,0.35,0.34,0.48
-14.18,-14.06,-14.42,-14.61,-14.66,-14.52,-14.37,-14.33,-14.33,-14.58,-14.67,-14.66,-14.67,-14.72,-14.69,-14.63,-14.61,-14.60,-14.55,-14.51,-14.37,-14.43,-14.36,-14.49,-14.61,-14.67,-14.76,-14.84,-14.60,-14.22,-14.52,-14.52,-14.57,-14.54,-14.52,-14.70,-14.84,-14.82,-14.85,-14.93,-15.05,-14.60,-14.69,-14.46,-14.61,-14.97,-14.85,-14.85,-15.02,-14.97,-15.00,-15.14,-15.37,-15.32,-15.32,-15.52,-14.81,-14.94,-14.94,-15.09,-14.90,-14.75,-14.54,-14.24,-14.04,-13.39,-12.87,-12.26,-11.39,-10.33,-9.04,-7.42,-5.83,-4.55,-3.54,-2.87,-2.59,-2.39,-1.74,-1.50,-1.55,-1.74,-1.51,-1.59,-1.48,-1.65,-1.40,-1.22,-1.05,-0.72,-0.71,-0.23,0.13,0.35,0.37,0.53,0.60,0.38,0.38,0.72,0.95,0.84,0.56,0.44,0.55,0.44,0.55,0.77,0.87,0.90,0.93,1.61,1.36,1.46,1.19,1.12,1.35,1.47,1.58,1.86,2.06,1.82,1.89,1.92,1.79,1.69,1.80,1.77,1.71,1.66,1.56,1.57,1.64,1.57,1.51,1.71,1.64,1.49,1.45,1.42,1.33,1.27,1.00,1.31,1.09,0.84,0.86,1.04,1.06,0.98,0.97,0.95,0.96,1.04,0.92,0.84,0.74,0.70,0.72,0.77
-14.42,-14.36,-14.42,-14.43,-14.42,-14.42,-14.40,-14.27,-14.37,-14.52,-14.72,-14.78,-14.66,-14.63,-14.63,-14.48,-14.46,-14.49,-14.52,-14.54,-14.40,-14.46,-14.22,-14.46,-14.57,-14.58,-14.70,-14.85,-14.69,-14.60,-14.67,-14.88,-14.66,-14.64,-14.57,-14.67,-14.90,-14.90,-14.91,-14.93,-15.15,-14.67,-14.58,-14.40,-14.54,-14.72,-14.60,-14.70,-14.88,-14.85,-15.02,-15.02,-15.02,-15.11,-15.05,-14.97,-14.39,-14.61,-14.49,-14.31,-13.80,-13.45,-12.96,-12.29,-11.47,-10.59,-9.30,-7.90,-6.46,-5.07,-3.67,-2.54,-2.06,-1.91,-1.77,-1.79,-2.01,-1.91,-1.60,-1.38,-1.55,-1.81,-1.81,-1.60,-1.46,-1.36,-1.43,-1.17,-1.07,-0.47,-0.48,0.04,0.35,0.65,0.54,0.63,0.90,0.67,0.67,0.92,1.09,1.11,0.85,0.66,0.79,0.77,0.91,1.14,1.25,1.38,1.25,2.05,2.06,2.20,2.06,1.97,1.79,1.50,1.42,1.75,2.08,2.06,2.00,1.99,2.26,2.16,2.17,2.13,2.14,2.16,2.08,2.05,2.19,2.16,2.09,2.25,2.20,2.14,2.12,2.01,1.85,1.94,1.88,1.96,1.77,1.52,1.45,1.49,1.49,1.39,1.30,1.30,1.34,1.34,1.22,1.29,1.11,0.91,0.75,0.61
-14.13,-14.46,-14.30,-14.37,-14.27,-14.24,-14.48,-14.19,-14.39,-14.43,-14.60,-14.78,-14.78,-14.64,-14.69,-14.60,-14.40,-14.37,-14.48,-14.43,-14.43,-14.58,-14.39,-14.34,-14.39,-14.51,-14.66,-14.64,-14.48,-14.57,-14.75,-14.87,-14.87,-14.69,-14.55,-14.58,-14.84,-15.00,-14.88,-14.88,-15.09,-14.75,-14.75,-14.34,-14.39,-14.60,-14.45,-14.54,-14.72,-14.58,-14.63,-14.67,-14.90,-14.85,-14.52,-14.37,-13.77,-13.39,-12.78,-12.64,-11.35,-10.39,-9.32,-8.12,-6.97,-5.15,-3.88,-2.93,-2.42,-2.24,-2.13,-1.85,-1.60,-1.72,-1.60,-1.62,-1.72,-1.63,-1.64,-1.49,-1.44,-1.62,-1.68,-1.68,-1.41,-1.46,-1.44,-1.17,-0.78,-0.33,-0.19,0.20,0.67,0.69,0.58,0.71,1.11,0.96,1.06,1.28,1.40,1.42,1.18,1.02,1.07,1.08,1.31,1.57,1.71,2.02,1.96,2.58,2.68,2.71,2.42,2.12,1.83,1.53,1.73,2.24,2.40,2.43,2.40,2.08,2.31,2.05,2.23,2.18,2.39,2.51,2.41,2.36,2.37,2.41,2.49,2.54,2.36,2.40,2.26,2.14,2.26,2.17,2.08,2.11,1.95,2.02,2.13,1.94,1.72,1.68,1.64,1.72,1.66,1.44,1.39,1.45,1.20,1.02,0.86,0.70
-14.03,-14.24,-14.34,-14.27,-14.10,-14.07,-14.42,-14.22,-14.33,-14.43,-14.48,-14.60,-14.84,-14.64,-14.52,-14.63,-14.61,-14.51,-14.45,-14.60,-14.52,-14.55,-14.67,-14.60,-14.55,-14.46,-14.33,-14.52,-14.70,-14.52,-14.64,-14.67,-14.75,-14.67,-14.61,-14.75,-14.91,-15.03,-14.85,-14.73,-15.06,-14.81,-14.90,-14.49,-14.19,-14.33,-14.39,-14.40,-14.61,-14.30,-13.45,-13.39,-14.04,-13.67,-12.87,-12.56,-11.47,-10.49,-9.51,-7.94,-6.08,-4.63,-3.62,-2.99,-2.56,-2.13,-1.85,-1.81,-1.68,-1.62,-1.68,-1.76,-1.85,-1.68,-1.46,-1.59,-1.51,-1.48,-1.74,-1.49,-1.40,-1.76,-1.58,-1.44,-1.39,-1.51,-1.41,-1.06,-0.52,-0.11,0.03,0.28,0.58,0.70,0.81,0.97,1.27,1.17,1.35,1.63,1.72,1.71,1.63,1.60,1.45,1.33,1.72,2.02,2.19,2.45,2.41,2.71,2.71,2.84,2.48,2.07,1.62,1.35,1.47,1.79,1.91,1.74,2.02,2.06,2.05,2.08,1.89,2.22,2.36,2.34,2.34,2.33,2.25,2.29,2.41,2.35,2.30,2.30,2.18,2.18,2.30,2.29,1.97,1.99,1.75,1.88,2.06,1.99,1.75,1.57,1.72,1.68,1.50,1.36,1.42,1.30,1.19,1.07,0.93,0.82
-13.88,-14.18,-14.33,-14.33,-14.13,-13.98,-14.18,-14.22,-14.15,-14.33,-14.45,-14.37,-14.58,-14.55,-14.69,-14.55,-14.34,-14.22,-14.21,-14.10,-14.28,-14.10,-14.13,-14.39,-14.48,-14.36,-14.28,-14.36,-14.40,-14.33,-14.48,-14.64,-14.60,-14.57,-14.63,-14.75,-14.84,-14.85,-14.93,-14.85,-15.06,-14.91,-14.85,-14.66,-14.34,-14.01,-14.01,-14.15,-14.16,-13.70,-11.79,-10.53,-11.59,-10.73,-10.03,-8.63,-6.70,-4.83,-3.57,-2.86,-2.46,-2.05,-1.74,-1.57,-1.49,-1.50,-1.45,-1.64,-1.57,-1.44,-1.57,-1.59,-1.55,-1.45,-1.34,-1.30,-1.50,-1.29,-1.41,-1.27,-1.39,-1.51,-1.26,-1.41,-1.35,-1.41,-1.26,-0.88,-0.37,0.08,0.17,0.35,0.69,0.80,1.04,1.06,1.24,1.11,1.22,1.55,1.69,1.71,1.73,1.79,1.69,1.61,1.95,2.31,2.57,2.48,2.40,2.51,2.59,2.78,2.30,1.84,1.38,1.04,1.03,1.28,1.33,1.29,1.55,1.38,1.47,1.60,1.42,1.66,1.74,1.74,1.74,1.75,1.75,1.68,1.74,1.77,1.86,1.69,1.66,1.78,1.89,1.84,1.57,1.64,1.60,1.64,1.61,1.55,1.68,1.44,1.38,1.35,1.31,1.29,1.44,1.36,1.20,1.04,0.88,0.74
-14.06,-14.25,-14.24,-14.33,-14.30,-14.10,-14.10,-14.21,-14.01,-14.15,-14.36,-14.37,-14.54,-14.39,-14.40,-14.54,-14.45,-14.22,-14.21,-14.39,-14.34,-14.30,-14.15,-14.18,-14.37,-14.42,-14.22,-14.15,-14.22,-14.30,-14.36,-14.48,-14.49,-14.37,-14.40,-14.54,-14.61,-14.60,-14.82,-14.87,-14.91,-14.84,-14.85,-14.75,-14.61,-14.25,-13.94,-14.04,-13.97,-12.51,-9.43,-6.86,-6.84,-5.04,-4.10,-3.05,-1.85,-1.72,-1.54,-1.44,-1.31,-1.27,-1.22,-1.29,-1.40,-1.38,-1.38,-1.32,-1.20,-1.12,-1.22,-1.25,-1.29,-1.38,-1.07,-1.07,-1.21,-1.25,-1.36,-1.12,-1.17,-1.02,-1.20,-0.96,-1.05,-1.01,-1.17,-0.42,-0.01,0.37,0.35,0.51,0.55,0.97,1.31,1.45,1.38,1.00,1.18,1.50,1.64,1.63,1.56,1.67,1.73,1.66,1.78,2.25,2.54,2.35,2.31,2.24,2.51,2.58,2.24,1.74,1.38,0.97,0.81,0.98,1.03,1.00,1.15,0.84,0.86,1.03,1.03,1.24,1.02,0.96,1.02,1.06,1.13,1.07,1.02,1.20,1.15,1.06,1.04,1.18,1.23,1.03,0.90,1.14,1.23,1.41,1.42,1.30,1.27,0.88,0.88,1.09,1.08,1.11,1.41,1.31,1.02,1.00,0.82,0.60
-14.13,-14.30,-14.13,-14.09,-14.18,-14.16,-14.25,-14.27,-14.09,-13.98,-14.10,-14.40,-14.72,-14.70,-14.57,-14.57,-14.42,-14.10,-14.36,-14.36,-14.36,-14.18,-14.21,-14.16,-14.18,-14.43,-14.39,-14.09,-14.25,-14.37,-14.42,-14.39,-14.45,-14.37,-14.21,-14.40,-14.64,-14.55,-14.67,-14.67,-14.73,-14.66,-14.72,-14.58,-14.57,-14.48,-14.25,-13.92,-13.17,-10.87,-6.01,-3.05,-2.42,-1.78,-1.34,-1.32,-1.00,-1.10,-1.06,-1.00,-1.12,-1.34,-1.46,-1.31,-1.29,-1.24,-1.29,-1.26,-1.20,-1.24,-1.08,-0.85,-0.81,-0.95,-0.86,-0.77,-0.83,-0.88,-0.98,-0.68,-0.80,-0.86,-0.90,-0.49,-0.71,-0.83,-0.76,-0.41,0.08,0.30,0.63,0.56,0.86,1.20,1.39,1.57,1.38,0.92,1.03,1.30,1.52,1.58,1.49,1.52,1.52,1.42,1.55,2.00,2.23,2.18,2.25,2.12,2.31,2.34,2.08,1.66,1.23,0.88,0.75,0.85,0.86,0.72,0.88,1.02,0.92,0.76,0.97,1.28,1.23,1.09,0.96,0.88,0.87,0.84,0.91,1.17,0.91,1.09,0.97,0.93,0.88,0.63,0.61,0.85,1.02,1.28,1.28,1.11,1.04,0.72,1.00,1.06,1.03,1.11,1.24,0.98,0.87,0.91,0.81,0.64
-14.03,-14.24,-14.07,-13.83,-13.80,-13.82,-14.04,-14.22,-14.15,-14.21,-14.31,-14.25,-14.48,-14.28,-14.25,-14.37,-14.34,-14.01,-14.00,-14.25,-14.12,-14.07,-14.15,-14.12,-14.06,-14.28,-14.39,-14.10,-14.27,-14.21,-14.31,-14.42,-14.57,-14.49,-14.22,-14.27,-14.58,-14.46,-14.75,-14.61,-14.75,-14.70,-14.60,-14.70,-14.81,-14.61,-14.37,-14.10,-13.06,-10.13,-4.78,-1.55,-0.81,-0.41,-0.52,-0.69,-0.49,-0.59,-0.72,-0.73,-1.17,-1.45,-1.36,-1.30,-1.38,-1.29,-1.17,-1.16,-1.03,-1.02,-1.02,-0.90,-0.93,-0.86,-0.91,-0.86,-0.82,-0.90,-0.85,-0.69,-0.53,-0.69,-0.77,-0.48,-0.80,-0.72,-0.71,-0.31,0.49,0.53,0.60,0.81,1.08,1.39,1.63,1.60,1.42,0.86,1.03,1.23,1.34,1.53,1.44,1.40,1.40,1.28,1.55,1.97,2.25,2.11,2.28,2.16,2.22,2.28,1.89,1.58,1.07,0.84,0.80,0.80,0.84,0.88,0.95,1.08,0.88,0.97,0.93,1.00,1.09,1.00,1.03,1.06,0.92,0.97,1.31,1.06,0.87,1.09,0.96,0.97,0.92,0.72,0.72,0.86,0.97,1.18,1.27,1.18,0.93,0.88,1.13,1.01,0.95,1.02,1.04,0.84,0.86,0.75,0.60,0.53
-13.88,-14.04,-14.00,-13.85,-13.83,-14.12,-14.16,-14.27,-14.07,-14.06,-14.40,-14.33,-14.57,-14.48,-14.27,-14.19,-14.18,-13.97,-13.98,-14.13,-13.95,-13.91,-14.03,-14.04,-13.94,-14.00,-14.24,-14.10,-14.18,-13.98,-13.98,-14.36,-14.60,-14.37,-14.03,-14.13,-14.31,-14.19,-14.57,-14.46,-14.72,-14.48,-14.52,-14.49,-14.54,-14.61,-14.31,-13.97,-13.37,-10.87,-5.81,-1.60,-1.05,-0.54,-0.57,-0.62,-0.36,-0.33,-0.53,-0.83,-1.14,-1.29,-1.35,-1.40,-1.43,-1.29,-1.16,-1.22,-1.14,-1.03,-0.97,-0.81,-0.86,-0.78,-0.80,-0.67,-0.77,-0.83,-0.82,-0.53,-0.68,-0.61,-0.68,-0.52,-0.49,-0.53,-0.52,0.19,0.71,0.61,0.86,0.91,1.30,1.74,1.83,1.56,1.17,0.98,1.25,1.41,1.53,1.44,1.35,1.46,1.51,1.47,1.53,1.85,2.14,2.12,2.20,1.92,2.16,2.22,1.96,1.58,1.07,0.81,0.75,0.71,0.72,0.77,0.80,0.86,0.71,0.84,1.00,1.08,1.24,1.09,0.97,1.06,1.15,1.07,0.98,1.02,0.95,0.97,0.74,0.84,0.86,0.71,0.70,0.88,0.95,1.15,1.20,1.07,0.96,0.98,0.92,0.90,0.97,1.13,1.17,0.93,1.06,0.86,0.50,0.38
-13.64,-13.58,-13.59,-13.67,-13.71,-13.73,-13.91,-14.16,-14.19,-14.15,-14.22,-14.36,-14.43,-14.34,-14.10,-14.09,-14.18,-13.88,-14.03,-13.95,-13.91,-13.85,-13.92,-14.01,-13.88,-13.70,-14.15,-14.01,-14.04,-13.98,-14.03,-14.25,-14.34,-14.18,-14.15,-14.34,-14.72,-14.40,-14.55,-14.37,-14.54,-14.51,-14.48,-14.52,-14.52,-14.40,-14.19,-14.19,-13.88,-12.18,-7.93,-2.09,-1.02,-0.54,-0.38,-0.47,-0.38,-0.41,-0.69,-0.88,-1.22,-1.32,-1.41,-1.40,-1.41,-1.29,-1.12,-1.20,-1.19,-1.00,-0.87,-0.88,-0.93,-0.83,-0.83,-0.72,-0.78,-0.76,-0.81,-0.58,-0.77,-0.66,-0.67,-0.67,-0.58,-0.56,-0.16,0.24,0.58,0.72,0.98,1.09,1.61,1.80,2.14,1.50,1.01,0.82,1.03,1.30,1.36,1.40,1.29,1.31,1.25,0.96,1.08,1.63,2.08,1.88,1.85,1.95,1.95,2.02,1.69,1.34,0.96,0.71,0.56,0.46,0.38,0.35,0.46,0.53,0.37,0.51,0.80,0.91,1.12,0.75,0.53,0.61,0.72,0.64,0.53,0.58,0.92,0.86,0.76,0.69,0.58,0.50,0.58,0.77,0.84,1.12,1.06,1.00,0.97,0.90,0.80,0.80,0.95,1.08,1.13,1.04,1.12,0.79,0.45,0.33
-13.55,-13.79,-13.74,-13.48,-13.55,-13.61,-13.83,-14.00,-13.95,-13.83,-13.98,-14.15,-14.33,-14.24,-13.95,-13.92,-14.10,-13.80,-13.80,-13.77,-13.80,-13.80,-13.80,-13.86,-13.91,-13.67,-13.88,-13.89,-13.85,-13.94,-14.15,-14.22,-14.16,-14.10,-14.10,-14.16,-14.45,-14.40,-14.63,-14.42,-14.28,-14.37,-14.51,-14.60,-14.70,-14.58,-14.16,-14.21,-14.01,-12.86,-9.54,-2.63,-0.90,-0.42,-0.12,-0.38,-0.43,-0.49,-0.86,-0.90,-1.19,-1.30,-1.30,-1.22,-1.21,-1.24,-1.15,-1.20,-1.22,-0.92,-0.81,-1.00,-1.03,-0.97,-0.81,-0.67,-0.75,-0.72,-0.80,-0.58,-0.85,-0.72,-0.75,-0.62,-0.67,-0.38,-0.28,0.24,0.45,0.75,1.12,1.55,1.75,2.02,1.97,1.44,1.02,0.74,0.80,1.07,1.36,1.33,1.12,1.19,1.27,1.08,1.17,1.44,1.41,1.33,1.40,1.45,1.57,1.62,1.06,0.91,0.66,0.65,0.50,0.33,0.12,0.02,0.12,0.15,0.08,0.30,0.69,0.77,0.93,0.56,0.38,0.33,0.35,0.39,0.37,0.35,0.39,0.33,0.30,0.41,0.43,0.43,0.56,0.67,0.63,0.90,1.11,1.11,0.96,0.86,0.90,0.92,0.97,1.00,1.04,1.18,1.25,1.04,0.59,0.55
-13.49,-13.62,-13.62,-13.48,-13.83,-13.85,-13.92,-13.88,-13.85,-13.85,-13.88,-14.09,-14.18,-14.06,-13.89,-13.88,-14.06,-13.71,-13.65,-13.79,-13.68,-13.68,-13.76,-13.79,-13.92,-13.79,-13.83,-14.03,-13.95,-13.83,-14.01,-14.10,-14.18,-14.36,-14.00,-13.98,-14.45,-14.25,-14.49,-14.40,-14.24,-14.27,-14.27,-14.34,-14.45,-14.43,-14.21,-13.88,-13.89,-12.97,-10.27,-3.19,-0.85,-0.47,-0.12,-0.43,-0.62,-0.69,-1.00,-0.96,-1.22,-1.43,-1.26,-1.19,-1.26,-1.32,-1.27,-1.27,-1.21,-0.92,-0.96,-1.02,-1.03,-1.14,-0.90,-0.73,-0.75,-0.76,-0.86,-0.68,-0.69,-0.75,-0.71,-0.58,-0.63,-0.22,-0.26,0.20,0.29,0.67,1.02,1.44,1.89,2.14,1.94,1.29,1.00,0.66,0.80,1.08,1.17,1.15,1.09,1.09,1.11,0.97,0.81,0.67,0.50,0.29,0.33,0.35,0.64,0.65,0.51,0.46,0.46,0.53,0.61,0.49,0.13,-0.07,-0.07,-0.17,-0.16,0.06,0.49,0.79,0.67,0.37,0.24,0.20,0.18,0.14,0.12,0.27,0.27,-0.04,-0.01,0.10,0.17,0.34,0.54,0.61,0.69,0.95,1.00,1.06,1.03,0.86,0.86,0.98,1.00,1.06,1.15,1.18,1.14,1.01,0.50,0.45
-13.65,-13.76,-13.73,-13.31,-13.52,-13.73,-13.76,-13.77,-13.73,-13.73,-13.98,-14.15,-14.13,-14.03,-13.95,-14.00,-14.12,-13.64,-13.76,-13.85,-13.76,-13.79,-13.89,-13.88,-13.97,-14.12,-13.94,-13.85,-13.94,-13.85,-13.80,-14.01,-14.25,-14.18,-14.13,-14.22,-14.25,-14.30,-14.37,-14.48,-14.42,-14.22,-14.18,-14.31,-14.27,-14.15,-14.16,-14.03,-14.01,-13.36,-11.07,-4.55,-1.34,-0.53,-0.28,-0.52,-0.73,-0.95,-1.08,-1.22,-1.29,-1.32,-1.30,-1.25,-1.35,-1.44,-1.27,-1.21,-1.20,-1.00,-1.08,-1.01,-1.01,-1.05,-0.98,-0.82,-0.86,-0.92,-0.86,-0.77,-0.64,-0.80,-0.72,-0.63,-0.63,-0.16,-0.22,0.03,0.15,0.50,0.74,1.25,1.86,2.12,1.77,1.23,0.77,0.60,0.48,0.80,1.07,0.96,0.92,1.17,1.22,0.95,0.80,0.53,-0.01,-0.09,-0.44,-0.13,-0.03,0.10,-0.04,0.33,0.34,0.38,0.51,0.35,0.09,-0.02,-0.13,-0.32,-0.43,-0.26,0.46,0.72,0.58,0.37,0.25,0.23,0.19,0.17,0.15,0.03,-0.09,0.20,0.18,0.34,0.34,0.33,0.48,0.72,0.58,0.81,0.80,1.01,1.07,0.77,0.75,0.91,1.01,1.14,1.19,1.13,1.07,1.03,0.59,0.49
-13.65,-13.70,-13.74,-13.62,-13.51,-13.74,-13.73,-13.74,-13.76,-13.71,-13.79,-14.07,-14.10,-14.00,-13.95,-13.97,-14.00,-13.67,-13.71,-13.77,-13.76,-13.80,-13.91,-13.79,-13.76,-13.97,-14.16,-13.88,-13.74,-13.77,-13.95,-14.13,-14.15,-14.04,-14.09,-14.10,-14.18,-14.07,-14.27,-14.43,-14.46,-14.36,-14.30,-14.31,-14.33,-14.19,-13.91,-13.92,-14.10,-13.40,-11.63,-5.72,-1.54,-0.48,-0.28,-0.48,-0.78,-1.12,-1.20,-1.22,-1.30,-1.27,-1.20,-1.25,-1.29,-1.29,-1.15,-1.20,-1.26,-1.06,-1.11,-1.03,-1.01,-0.93,-0.97,-0.82,-1.05,-1.08,-1.00,-0.88,-0.66,-0.72,-0.77,-0.64,-0.64,-0.17,-0.24,-0.14,0.03,0.34,0.44,0.93,1.57,1.91,1.53,1.22,0.85,0.50,0.49,0.80,1.03,0.91,0.79,0.91,1.01,0.76,0.59,0.58,0.27,0.35,-0.07,-0.06,-0.21,-0.13,-0.18,-0.09,0.22,0.33,0.50,0.28,0.03,-0.09,-0.24,-0.38,-0.48,-0.34,0.45,0.65,0.66,0.38,0.15,0.07,0.06,0.12,0.15,0.02,0.34,0.24,0.39,0.35,0.39,0.45,0.60,0.88,0.49,0.75,0.77,1.15,1.24,0.92,0.97,1.04,1.13,1.12,1.15,1.17,1.02,0.90,0.49,0.49
-13.58,-13.68,-13.82,-13.70,-13.67,-13.61,-13.64,-13.68,-13.76,-13.82,-13.61,-13.94,-14.12,-14.04,-13.89,-13.85,-13.83,-13.68,-13.92,-13.76,-13.68,-13.86,-13.95,-13.64,-13.57,-13.88,-13.76,-13.86,-13.71,-13.85,-14.06,-14.16,-14.19,-14.09,-13.98,-14.18,-14.36,-14.34,-14.30,-14.18,-14.27,-14.24,-14.19,-14.18,-14.22,-14.30,-13.97,-13.89,-14.10,-13.40,-12.13,-6.98,-2.05,-0.52,-0.29,-0.41,-0.81,-1.06,-1.20,-1.24,-1.26,-1.22,-1.15,-1.30,-1.39,-1.26,-1.17,-1.29,-1.29,-1.08,-1.15,-1.08,-0.97,-0.93,-1.00,-0.86,-1.17,-1.12,-1.10,-0.88,-0.72,-0.73,-0.76,-0.58,-0.68,-0.29,-0.38,-0.31,-0.01,0.06,0.37,0.74,1.14,1.52,1.57,1.20,0.67,0.43,0.40,0.67,0.85,0.88,0.81,0.71,0.69,0.61,0.55,0.45,0.25,0.04,-0.38,-0.28,-0.38,-0.42,-0.34,-0.08,0.32,0.24,0.33,0.24,-0.02,-0.19,-0.36,-0.54,-0.38,-0.28,0.10,0.56,0.61,0.27,0.02,0.03,0.07,0.12,0.15,-0.03,0.18,0.28,0.39,0.45,0.56,0.70,0.85,0.85,0.66,0.86,0.77,0.96,1.11,1.01,0.85,0.97,1.09,1.19,1.22,1.14,0.92,0.66,0.43,0.46
-13.45,-13.62,-13.64,-13.59,-13.62,-13.37,-13.54,-13.62,-13.64,-13.79,-13.76,-13.77,-14.03,-14.09,-13.91,-13.80,-13.88,-13.79,-13.71,-13.51,-13.57,-13.85,-13.86,-13.71,-13.43,-14.00,-13.70,-13.89,-13.86,-13.80,-13.85,-13.91,-14.12,-14.36,-14.01,-14.19,-14.10,-14.13,-14.25,-14.10,-14.27,-14.39,-14.22,-14.18,-14.28,-14.24,-14.06,-13.95,-14.10,-13.48,-12.53,-8.26,-2.74,-0.73,-0.44,-0.63,-0.95,-1.11,-1.30,-1.46,-1.34,-1.21,-1.24,-1.36,-1.46,-1.38,-1.29,-1.31,-1.21,-1.10,-1.19,-1.07,-1.01,-0.97,-1.11,-1.01,-1.24,-1.14,-1.12,-0.87,-0.81,-0.85,-0.87,-0.63,-0.67,-0.43,-0.49,-0.46,-0.11,-0.08,0.23,0.44,0.75,1.23,1.50,1.19,0.58,0.37,0.44,0.63,0.65,0.67,0.71,0.67,0.69,0.65,0.54,0.35,0.10,-0.13,-0.43,-0.32,-0.38,-0.06,-0.33,-0.09,0.28,0.28,0.29,0.09,-0.12,-0.12,-0.26,-0.47,-0.36,-0.43,-0.01,0.32,0.60,0.33,0.13,0.14,0.17,0.15,0.12,0.07,0.10,0.38,0.45,0.55,0.76,0.82,0.88,1.08,1.04,0.98,1.18,1.20,1.18,1.17,1.08,1.17,1.23,1.18,1.14,1.09,0.93,0.74,0.59,0.39
-13.31,-13.45,-13.39,-13.64,-13.40,-13.33,-13.51,-13.58,-13.48,-13.73,-13.79,-13.51,-13.51,-13.48,-13.39,-13.55,-13.82,-13.48,-13.55,-13.59,-13.54,-13.43,-13.43,-13.52,-13.58,-13.62,-13.40,-13.61,-13.61,-13.59,-13.73,-13.79,-13.77,-13.97,-13.94,-13.83,-13.97,-14.09,-13.94,-13.88,-14.09,-14.12,-14.04,-14.06,-14.04,-14.06,-13.89,-13.73,-13.83,-13.48,-12.92,-9.23,-3.26,-0.86,-0.51,-0.82,-1.00,-1.16,-1.31,-1.50,-1.35,-1.21,-1.22,-1.30,-1.32,-1.29,-1.24,-1.26,-1.19,-1.10,-1.21,-0.93,-1.07,-1.02,-1.08,-1.01,-1.16,-1.02,-1.06,-0.83,-0.66,-0.87,-0.98,-0.54,-0.58,-0.46,-0.54,-0.43,-0.29,-0.06,-0.14,0.15,0.71,1.18,1.25,1.09,0.65,0.32,0.28,0.50,0.70,0.75,0.76,0.75,0.84,0.74,0.43,0.30,0.17,0.01,-0.33,-0.37,-0.26,-0.04,-0.34,-0.17,0.30,0.34,0.29,0.25,0.17,0.06,-0.08,-0.18,-0.27,-0.33,0.14,0.19,0.65,0.35,0.12,0.08,0.15,0.13,0.12,0.18,0.27,0.46,0.63,0.67,0.81,0.92,0.93,0.88,0.79,1.14,1.28,1.31,1.27,1.18,1.17,1.23,1.33,1.30,1.25,1.15,1.03,0.86,0.48,0.28
-13.05,-13.25,-13.34,-13.51,-13.28,-13.36,-13.51,-13.52,-13.42,-13.48,-13.55,-13.62,-13.67,-13.64,-13.51,-13.52,-14.03,-13.52,-13.65,-13.54,-13.25,-13.27,-13.39,-13.27,-13.49,-13.45,-13.46,-13.59,-13.59,-13.57,-13.62,-13.77,-13.91,-13.89,-13.92,-13.68,-13.80,-13.98,-13.91,-13.88,-14.04,-14.00,-13.86,-13.82,-13.74,-13.94,-13.76,-13.59,-13.58,-13.64,-13.12,-10.03,-3.87,-1.16,-0.57,-0.81,-0.91,-1.00,-1.17,-1.29,-1.25,-1.21,-1.17,-1.21,-1.31,-1.21,-1.17,-1.27,-1.14,-1.11,-1.16,-0.87,-0.98,-0.95,-0.96,-0.87,-0.96,-0.93,-0.80,-0.83,-0.66,-0.72,-1.00,-0.41,-0.52,-0.52,-0.53,-0.32,-0.34,-0.13,-0.23,0.02,0.50,0.87,1.14,1.02,0.65,0.23,0.28,0.41,0.69,0.77,0.80,0.76,0.81,0.72,0.56,0.58,0.22,-0.26,-0.52,-0.16,-0.24,-0.24,-0.51,-0.22,0.18,0.32,0.09,0.18,0.12,-0.04,-0.19,-0.29,-0.39,-0.38,0.09,0.32,0.53,0.19,0.03,0.10,0.18,0.15,0.13,0.22,0.39,0.58,0.75,0.80,0.85,1.09,1.09,0.82,0.70,1.06,1.24,1.13,1.09,1.14,1.14,1.27,1.30,1.28,1.24,1.19,1.08,0.85,0.53,0.32
-12.86,-13.17,-13.28,-13.02,-13.25,-13.18,-13.42,-13.64,-13.36,-13.05,-13.18,-13.40,-13.57,-13.67,-13.67,-13.58,-13.74,-13.34,-13.22,-13.20,-13.24,-13.36,-13.42,-13.34,-13.27,-13.27,-13.37,-13.48,-13.45,-13.40,-13.46,-13.59,-13.68,-13.76,-13.80,-13.61,-13.71,-13.80,-13.86,-13.91,-13.89,-13.86,-13.80,-13.73,-13.77,-13.92,-13.85,-13.61,-13.49,-13.61,-13.09,-10.93,-4.84,-1.64,-0.77,-0.88,-0.95,-1.07,-1.30,-1.34,-1.27,-1.30,-1.21,-1.21,-1.31,-1.24,-1.24,-1.29,-1.08,-1.08,-1.20,-0.90,-1.00,-1.01,-0.96,-0.93,-0.96,-1.05,-0.76,-0.98,-0.86,-0.63,-1.05,-0.48,-0.53,-0.62,-0.49,-0.36,-0.29,-0.21,-0.26,-0.08,0.12,0.55,1.15,0.93,0.65,0.29,0.38,0.43,0.65,0.75,0.75,0.70,0.67,0.60,0.48,0.34,0.10,-0.18,-0.52,-0.32,-0.29,-0.29,-0.34,0.07,0.39,0.24,0.20,0.09,0.14,0.22,0.07,-0.04,-0.04,0.02,0.23,0.48,0.60,0.44,0.18,0.18,0.29,0.27,0.20,0.30,0.50,0.67,0.74,0.86,0.95,1.11,1.03,0.81,0.77,0.87,0.98,0.92,0.88,0.91,0.97,1.15,1.12,1.24,1.13,1.03,1.09,0.95,0.90,0.53
-12.90,-13.12,-13.09,-12.93,-13.08,-13.03,-13.14,-13.34,-13.28,-13.39,-13.28,-13.36,-13.54,-13.61,-13.62,-13.70,-13.73,-13.31,-13.25,-13.18,-13.14,-13.36,-13.40,-13.33,-13.30,-13.43,-13.45,-13.46,-13.43,-13.39,-13.43,-13.52,-13.59,-13.73,-13.71,-13.65,-13.70,-13.76,-13.73,-13.73,-13.68,-13.65,-13.65,-13.57,-13.79,-13.89,-13.74,-13.58,-13.36,-13.36,-13.06,-11.66,-6.16,-2.10,-0.81,-0.93,-1.00,-1.22,-1.34,-1.40,-1.35,-1.26,-1.21,-1.14,-1.21,-1.19,-1.16,-1.21,-1.10,-1.06,-1.15,-0.88,-1.02,-0.97,-0.90,-0.95,-0.91,-0.93,-0.75,-0.90,-0.73,-0.72,-0.77,-0.53,-0.64,-0.53,-0.53,-0.53,-0.34,-0.32,-0.38,-0.16,0.01,0.58,1.08,0.80,0.74,0.30,0.38,0.54,0.74,0.74,0.66,0.64,0.71,0.51,0.30,0.37,0.09,-0.16,-0.36,-0.12,-0.24,-0.04,-0.23,0.03,0.35,0.24,0.03,0.23,0.37,0.40,0.34,0.19,0.19,0.29,0.24,0.27,0.37,0.35,0.19,0.18,0.41,0.49,0.43,0.46,0.55,0.56,0.66,0.79,0.87,0.90,0.82,0.74,0.71,0.77,0.64,0.70,0.67,0.67,0.79,0.84,0.96,1.02,0.85,0.79,0.85,0.71,0.63,0.63
-12.78,-12.97,-13.09,-13.20,-12.90,-12.84,-13.08,-13.28,-13.14,-13.12,-13.25,-13.27,-13.34,-13.43,-13.37,-13.54,-13.48,-13.34,-13.11,-13.03,-13.18,-13.31,-13.40,-13.57,-13.22,-13.39,-13.48,-13.33,-13.25,-13.34,-13.45,-13.48,-13.42,-13.61,-13.64,-13.57,-13.61,-13.68,-13.57,-13.54,-13.57,-13.55,-13.51,-13.48,-13.55,-13.65,-13.46,-13.37,-13.49,-13.30,-13.08,-11.98,-7.58,-2.66,-0.81,-0.93,-0.98,-0.98,-1.11,-1.34,-1.32,-1.30,-1.34,-1.24,-1.19,-1.19,-1.19,-1.16,-1.22,-1.14,-1.17,-1.02,-0.91,-0.88,-0.90,-0.80,-0.83,-0.91,-0.76,-0.71,-0.58,-0.61,-0.62,-0.44,-0.51,-0.47,-0.49,-0.63,-0.39,-0.36,-0.32,-0.26,-0.03,0.53,0.77,0.76,0.76,0.27,0.30,0.58,0.75,0.75,0.69,0.72,0.86,0.55,0.33,0.43,0.15,-0.06,-0.13,0.19,0.10,0.29,0.17,0.17,0.35,0.24,0.23,0.39,0.53,0.51,0.45,0.41,0.38,0.50,0.65,0.65,0.33,0.14,0.20,0.19,0.32,0.46,0.55,0.54,0.44,0.34,0.51,0.63,0.67,0.69,0.60,0.50,0.49,0.49,0.40,0.48,0.45,0.48,0.54,0.58,0.45,0.51,0.56,0.53,0.44,0.45,0.53,0.43
-13.03,-13.08,-13.02,-13.39,-13.14,-12.93,-12.99,-13.18,-13.21,-13.28,-13.30,-13.27,-13.37,-13.46,-13.37,-13.43,-13.40,-13.24,-13.18,-13.14,-13.14,-13.20,-13.22,-13.28,-13.27,-13.34,-13.25,-13.31,-13.34,-13.24,-13.21,-13.39,-13.33,-13.22,-13.48,-13.42,-13.49,-13.55,-13.55,-13.49,-13.45,-13.40,-13.43,-13.57,-13.48,-13.54,-13.49,-13.25,-13.70,-13.31,-13.12,-12.36,-8.85,-3.30,-0.95,-0.98,-1.14,-1.06,-1.24,-1.46,-1.40,-1.36,-1.35,-1.22,-1.10,-1.01,-1.03,-1.11,-1.27,-1.15,-1.11,-1.02,-0.87,-0.86,-0.96,-0.92,-0.83,-0.93,-0.77,-0.71,-0.64,-0.62,-0.81,-0.46,-0.52,-0.53,-0.44,-0.53,-0.39,-0.18,-0.34,-0.33,-0.14,0.28,0.37,0.65,0.66,0.27,0.30,0.54,0.75,0.82,0.76,0.69,0.74,0.59,0.46,0.45,0.24,0.19,0.03,0.34,0.32,0.43,0.23,0.23,0.34,0.45,0.27,0.18,0.27,0.19,0.13,0.12,0.14,0.30,0.33,0.10,0.02,-0.13,0.29,0.20,0.10,0.10,0.18,0.24,0.20,0.09,0.37,0.32,0.46,0.48,0.34,0.23,0.23,0.12,0.12,0.14,0.24,0.37,0.43,0.40,0.32,0.27,0.40,0.38,0.20,0.13,0.24,0.23
-12.78,-13.06,-13.03,-12.83,-12.92,-12.89,-12.90,-13.11,-13.27,-13.21,-13.11,-12.99,-13.12,-13.31,-13.25,-13.18,-13.21,-13.00,-12.92,-13.02,-13.11,-13.08,-12.99,-13.05,-13.22,-13.30,-13.20,-13.21,-13.31,-13.27,-13.15,-13.24,-13.42,-13.06,-13.22,-13.31,-13.46,-13.46,-13.45,-13.39,-13.30,-13.31,-13.33,-13.33,-13.45,-13.52,-13.28,-13.20,-13.36,-13.15,-13.09,-12.64,-9.67,-4.30,-1.44,-1.22,-1.40,-1.21,-1.32,-1.50,-1.43,-1.29,-1.22,-1.24,-1.22,-1.15,-1.11,-1.16,-1.12,-1.17,-1.19,-1.10,-1.05,-0.90,-0.86,-0.90,-0.98,-0.97,-0.87,-0.80,-0.75,-0.81,-0.64,-0.57,-0.53,-0.47,-0.61,-0.64,-0.49,-0.23,-0.41,-0.24,-0.18,0.12,0.10,0.41,0.59,0.30,0.39,0.67,0.77,0.74,0.71,0.61,0.64,0.58,0.50,0.53,0.40,0.30,0.17,0.35,0.40,0.44,0.29,0.27,0.32,0.08,0.17,0.30,0.27,0.28,0.33,0.20,0.08,0.03,-0.12,-0.14,0.08,0.10,-0.13,-0.21,-0.16,-0.14,-0.09,-0.06,-0.13,-0.09,-0.08,-0.03,0.10,0.13,0.10,0.04,-0.08,-0.12,-0.14,-0.07,0.14,0.29,0.29,0.17,0.15,0.14,0.15,0.12,0.08,0.04,0.07,0.12
-12.84,-12.86,-12.58,-12.75,-12.84,-12.93,-12.90,-12.81,-13.22,-13.03,-13.11,-13.02,-13.02,-13.20,-13.12,-13.02,-13.11,-13.09,-12.92,-12.86,-12.99,-13.05,-12.77,-12.99,-13.09,-13.08,-13.20,-13.20,-13.18,-13.25,-13.18,-13.06,-13.34,-13.18,-13.18,-13.21,-13.37,-13.31,-13.20,-13.24,-13.31,-13.27,-13.21,-13.09,-13.18,-13.24,-13.06,-12.92,-13.00,-12.90,-12.97,-12.61,-10.26,-5.01,-1.76,-1.26,-1.30,-1.25,-1.25,-1.31,-1.38,-1.38,-1.26,-1.12,-1.21,-1.17,-1.10,-1.14,-1.03,-0.95,-1.02,-0.97,-1.03,-0.91,-0.85,-0.91,-1.16,-1.12,-0.87,-0.80,-0.75,-0.75,-0.67,-0.57,-0.57,-0.53,-0.58,-0.63,-0.54,-0.42,-0.32,-0.28,-0.36,-0.14,-0.04,0.19,0.39,0.38,0.44,0.71,0.74,0.64,0.67,0.67,0.69,0.63,0.56,0.58,0.39,0.24,0.15,0.35,0.43,0.50,0.27,0.66,0.44,0.22,0.24,0.32,0.33,0.37,0.23,0.08,0.07,0.06,0.08,0.10,0.03,-0.29,0.06,0.01,-0.03,-0.03,0.08,0.17,0.08,-0.09,-0.29,0.09,0.01,0.06,-0.04,-0.22,-0.26,-0.22,-0.17,-0.07,0.06,0.07,0.03,0.04,-0.04,-0.04,-0.04,-0.02,-0.02,-0.07,0.01,0.09
-12.93,-13.11,-12.77,-12.74,-12.84,-12.92,-12.93,-12.93,-13.15,-12.92,-13.05,-13.14,-13.12,-13.09,-12.90,-12.89,-13.02,-12.99,-12.86,-12.75,-12.87,-13.02,-12.83,-13.11,-13.12,-13.02,-13.12,-13.24,-13.21,-13.11,-13.02,-13.05,-13.30,-13.14,-13.31,-13.15,-13.28,-13.25,-13.12,-13.22,-13.34,-13.27,-13.14,-13.03,-13.08,-13.06,-12.94,-12.84,-13.00,-13.03,-12.83,-12.45,-10.87,-5.84,-2.29,-1.25,-1.29,-1.31,-1.25,-1.41,-1.44,-1.36,-1.32,-1.15,-1.22,-1.22,-1.07,-1.15,-1.00,-1.07,-1.19,-1.06,-0.95,-0.98,-0.76,-0.72,-0.91,-1.10,-0.95,-0.82,-0.86,-1.00,-0.76,-0.58,-0.85,-0.48,-0.61,-0.48,-0.54,-0.46,-0.48,-0.52,-0.42,-0.29,-0.14,-0.12,0.08,0.35,0.53,0.59,0.77,0.79,0.77,0.75,0.75,0.66,0.63,0.56,0.37,0.35,0.29,0.40,0.33,0.48,0.41,0.64,0.44,0.32,0.27,0.27,0.35,0.28,0.24,0.25,0.25,0.30,0.27,0.22,0.22,-0.06,-0.11,-0.01,0.03,0.17,0.08,-0.01,0.23,0.01,0.14,0.08,-0.02,0.15,0.01,-0.12,0.02,-0.04,-0.22,-0.01,-0.08,-0.16,-0.08,0.04,-0.07,0.02,0.02,0.01,-0.02,-0.06,0.09,0.07
-12.67,-12.92,-12.77,-12.65,-12.67,-12.72,-12.78,-12.86,-12.81,-12.77,-12.87,-13.02,-13.18,-13.21,-13.03,-12.94,-13.02,-12.81,-12.62,-12.70,-12.84,-12.84,-13.05,-13.14,-13.08,-13.09,-13.17,-13.21,-13.17,-12.97,-12.77,-13.05,-13.39,-13.05,-13.18,-12.94,-13.21,-13.27,-13.20,-13.03,-13.08,-13.25,-12.99,-13.09,-12.96,-13.00,-13.05,-12.89,-13.00,-13.03,-12.96,-12.59,-11.16,-6.57,-2.75,-1.32,-1.17,-1.27,-1.38,-1.36,-1.24,-1.22,-1.22,-1.12,-1.12,-1.15,-1.08,-1.20,-0.97,-1.01,-1.20,-1.07,-1.00,-0.95,-0.73,-0.86,-1.06,-1.00,-0.90,-0.83,-1.07,-1.14,-0.86,-0.88,-0.77,-0.47,-0.66,-0.68,-0.69,-0.41,-0.67,-0.61,-0.32,-0.24,-0.16,-0.18,-0.03,0.29,0.54,0.66,0.82,0.79,0.80,0.87,0.91,0.80,0.75,0.69,0.48,0.55,0.53,0.46,0.41,0.50,0.46,0.49,0.30,0.29,0.34,0.30,0.24,0.27,0.30,0.28,0.24,0.20,0.14,0.12,0.12,0.09,0.06,0.09,0.14,0.18,0.24,0.27,0.15,0.06,0.17,0.18,0.24,0.12,-0.01,0.07,0.17,0.06,-0.03,0.10,-0.02,-0.04,0.02,0.02,0.02,0.30,0.19,0.10,0.06,0.03,0.17,0.27
-12.59,-12.65,-12.56,-12.65,-12.62,-12.62,-12.64,-12.58,-12.58,-12.58,-12.70,-12.84,-13.00,-13.20,-13.06,-12.93,-12.99,-12.74,-12.56,-12.64,-12.67,-12.68,-12.99,-12.86,-12.92,-12.99,-13.08,-13.12,-13.08,-12.92,-12.58,-12.84,-13.24,-12.94,-13.15,-12.93,-13.05,-13.15,-13.11,-13.00,-13.06,-13.15,-12.83,-13.02,-12.72,-13.17,-12.83,-12.83,-12.99,-12.92,-12.92,-12.37,-11.23,-6.74,-2.72,-1.40,-1.27,-1.31,-1.38,-1.44,-1.32,-1.16,-1.16,-1.10,-1.12,-1.16,-1.07,-0.98,-1.02,-1.14,-1.01,-1.01,-1.05,-0.96,-0.80,-0.78,-1.15,-1.01,-0.87,-0.80,-0.97,-0.93,-0.68,-0.80,-0.71,-0.43,-0.87,-0.80,-0.64,-0.63,-0.62,-0.52,-0.46,-0.33,-0.23,-0.26,-0.22,0.14,0.44,0.77,0.88,0.77,0.88,1.04,1.12,1.01,0.95,0.82,0.59,0.64,0.66,0.55,0.61,0.66,0.41,0.56,0.29,0.32,0.33,0.43,0.40,0.44,0.46,0.38,0.28,0.24,0.12,0.14,0.02,0.27,0.23,0.34,0.23,0.29,0.35,0.25,0.12,0.18,0.17,0.04,0.12,0.14,0.02,0.06,0.23,0.10,0.09,0.25,0.13,0.06,0.10,0.13,0.13,0.35,0.28,0.20,0.15,0.10,0.29,0.46
-12.59,-12.49,-12.48,-12.45,-12.40,-12.48,-12.53,-12.43,-12.43,-12.40,-12.56,-12.74,-12.84,-12.92,-12.87,-12.78,-12.78,-12.59,-12.46,-12.45,-12.43,-12.58,-12.78,-12.64,-12.80,-12.80,-12.72,-12.71,-12.75,-12.86,-12.80,-12.81,-13.06,-12.81,-13.03,-12.90,-12.84,-13.00,-13.02,-12.78,-12.71,-12.96,-12.90,-12.83,-12.81,-13.03,-12.62,-12.62,-12.58,-12.80,-12.61,-12.21,-10.91,-6.32,-2.64,-1.46,-1.17,-1.12,-1.26,-1.35,-1.31,-1.20,-1.19,-1.05,-1.05,-1.24,-1.16,-1.12,-1.22,-1.10,-1.00,-1.02,-1.02,-1.08,-0.80,-0.85,-1.14,-0.91,-0.75,-0.73,-0.87,-0.73,-0.51,-0.71,-0.59,-0.42,-0.62,-0.67,-0.59,-0.52,-0.54,-0.56,-0.44,-0.33,-0.39,-0.57,-0.36,0.04,0.46,0.71,0.88,0.96,1.08,1.14,1.13,1.09,1.00,0.81,0.63,0.59,0.67,0.67,0.69,0.64,0.38,0.55,0.45,0.40,0.38,0.46,0.46,0.51,0.63,0.45,0.33,0.41,0.28,0.24,0.25,0.25,0.10,0.32,0.45,0.49,0.38,0.33,0.41,0.20,0.27,0.20,0.24,0.15,0.07,0.03,-0.03,-0.09,0.08,0.45,0.22,0.02,0.07,0.15,0.09,0.43,0.22,0.23,0.24,0.18,0.40,0.35
-12.45,-12.39,-12.37,-12.40,-12.34,-12.42,-12.58,-12.55,-12.52,-12.39,-12.49,-12.64,-12.72,-12.72,-12.72,-12.77,-12.77,-12.58,-12.36,-12.33,-12.48,-12.33,-12.77,-12.52,-12.58,-12.61,-12.62,-12.65,-12.64,-12.59,-12.78,-12.90,-12.86,-12.58,-12.99,-12.78,-12.65,-12.83,-12.93,-12.74,-12.62,-12.83,-12.77,-12.58,-12.72,-12.81,-12.55,-12.40,-12.59,-12.65,-12.59,-12.16,-10.81,-6.16,-2.43,-1.41,-1.21,-1.07,-1.24,-1.44,-1.25,-0.96,-1.08,-1.05,-1.14,-1.14,-1.05,-1.12,-1.15,-0.93,-1.16,-1.14,-1.08,-0.96,-0.87,-0.88,-1.02,-0.91,-0.98,-0.76,-1.08,-0.81,-0.56,-0.64,-0.77,-0.38,-0.56,-0.64,-0.64,-0.68,-0.59,-0.52,-0.38,-0.43,-0.59,-0.56,-0.43,-0.31,0.01,0.46,0.84,1.06,1.11,1.08,1.06,1.09,1.06,0.84,0.60,0.54,0.60,0.64,0.61,0.59,0.29,0.41,0.58,0.44,0.34,0.49,0.49,0.51,0.55,0.37,0.30,0.40,0.30,0.27,0.27,0.10,0.23,0.30,0.39,0.51,0.41,0.28,0.23,0.08,0.17,0.13,0.13,0.22,0.08,0.02,0.08,0.13,0.27,0.35,0.24,0.07,0.03,0.12,0.07,0.27,0.18,0.23,0.25,0.17,0.22,0.25
-12.37,-12.39,-12.21,-12.48,-12.46,-12.46,-12.64,-12.61,-12.68,-12.42,-12.43,-12.53,-12.56,-12.62,-12.64,-12.61,-12.78,-12.75,-12.56,-12.46,-12.55,-12.30,-12.72,-12.80,-12.90,-12.90,-12.84,-12.92,-12.89,-12.52,-12.84,-12.96,-12.72,-12.71,-12.80,-12.78,-12.81,-12.83,-12.81,-12.84,-12.78,-12.59,-12.62,-12.45,-12.58,-12.70,-12.56,-12.39,-12.67,-12.48,-12.48,-12.36,-11.19,-6.57,-2.57,-1.48,-1.31,-1.30,-1.41,-1.45,-1.40,-1.14,-1.12,-1.19,-1.14,-0.98,-0.96,-1.11,-1.34,-1.14,-1.11,-1.01,-0.92,-1.01,-1.05,-0.85,-1.19,-0.97,-1.05,-0.90,-1.06,-0.80,-0.73,-0.59,-0.71,-0.61,-0.58,-0.92,-0.75,-0.73,-0.75,-0.85,-0.71,-0.59,-0.71,-0.64,-0.64,-0.66,-0.44,0.06,0.74,1.00,0.96,0.97,0.92,0.93,1.02,0.93,0.74,0.63,0.58,0.56,0.60,0.60,0.24,0.18,0.50,0.37,0.29,0.34,0.43,0.60,0.61,0.40,0.35,0.37,0.10,0.20,0.17,0.08,0.07,0.17,0.29,0.32,0.30,0.29,0.24,0.12,0.15,0.09,0.20,-0.09,-0.03,0.12,0.12,0.07,0.27,0.43,0.19,0.07,0.08,0.10,0.28,0.45,0.35,0.30,0.22,0.13,0.19,0.39
-12.34,-12.37,-12.14,-12.24,-12.29,-12.34,-12.51,-12.53,-12.52,-12.21,-12.26,-12.49,-12.59,-12.67,-12.62,-12.33,-12.42,-12.55,-12.64,-12.61,-12.27,-12.33,-12.32,-12.39,-12.61,-12.71,-12.70,-12.83,-13.00,-12.49,-12.53,-12.72,-12.61,-12.59,-12.77,-12.53,-12.58,-12.65,-12.58,-12.68,-12.84,-12.83,-12.74,-12.48,-12.37,-12.30,-12.29,-12.27,-12.14,-12.37,-12.20,-12.23,-11.19,-6.93,-2.84,-1.51,-1.30,-1.21,-1.40,-1.38,-1.24,-1.25,-1.27,-1.34,-1.29,-1.26,-1.19,-1.29,-1.14,-1.17,-1.14,-0.98,-0.83,-0.83,-1.00,-0.93,-1.08,-0.97,-1.06,-0.81,-0.83,-0.86,-0.68,-0.52,-0.53,-0.73,-0.51,-0.73,-0.66,-0.71,-0.68,-0.72,-0.87,-0.66,-0.54,-0.71,-0.62,-0.62,-0.51,0.08,0.56,0.88,0.93,1.00,0.95,0.98,1.09,1.02,0.84,0.64,0.56,0.56,0.70,0.56,0.25,0.14,0.41,0.22,0.29,0.25,0.33,0.55,0.59,0.40,0.33,0.29,0.09,0.13,0.09,0.15,0.12,0.24,0.39,0.32,0.34,0.46,0.38,0.23,0.35,0.15,0.27,0.01,0.15,0.27,0.13,0.06,0.13,0.13,0.24,0.17,0.06,0.12,0.28,0.41,0.40,0.15,0.09,0.20,-0.01,0.20
-12.14,-12.32,-12.16,-12.17,-12.23,-12.30,-12.40,-12.65,-12.32,-12.21,-12.24,-12.34,-12.40,-12.40,-12.42,-12.37,-12.67,-12.83,-12.72,-12.48,-12.11,-12.23,-12.56,-12.46,-12.40,-12.53,-12.64,-12.70,-12.77,-12.59,-12.52,-12.37,-12.64,-12.45,-12.51,-12.51,-12.58,-12.51,-12.36,-12.42,-12.68,-12.74,-12.37,-12.37,-12.52,-12.36,-12.52,-12.17,-12.27,-12.16,-12.04,-11.92,-11.04,-6.92,-3.05,-1.65,-1.43,-1.40,-1.38,-1.26,-1.36,-1.44,-1.26,-1.14,-0.91,-1.07,-1.07,-0.97,-0.77,-0.83,-0.90,-1.00,-1.02,-0.96,-0.81,-0.86,-0.97,-0.98,-0.96,-0.88,-0.75,-0.97,-0.85,-0.82,-0.75,-0.72,-0.77,-0.78,-0.87,-0.78,-0.96,-0.96,-0.95,-0.69,-0.71,-0.80,-0.62,-0.64,-0.58,-0.28,0.39,0.85,1.00,1.00,1.00,1.07,1.06,0.90,0.69,0.55,0.55,0.51,0.67,0.65,0.28,0.25,0.32,0.23,0.28,0.35,0.27,0.30,0.41,0.41,0.38,0.35,0.28,0.27,0.13,0.19,0.29,0.28,0.44,0.37,0.35,0.43,0.44,0.35,0.43,0.25,0.13,0.15,0.17,0.23,0.23,0.08,0.24,0.18,0.06,0.07,0.24,0.38,0.18,0.17,0.20,0.12,0.08,0.12,0.09,0.39
-11.97,-12.30,-12.33,-12.39,-12.18,-12.10,-12.42,-12.36,-12.27,-12.21,-12.18,-12.29,-12.43,-12.34,-12.27,-12.14,-12.27,-12.34,-12.37,-12.45,-12.26,-12.20,-12.46,-12.30,-12.18,-12.26,-12.32,-12.29,-12.21,-12.30,-12.39,-12.32,-12.37,-12.46,-12.58,-12.46,-12.40,-12.37,-12.43,-12.49,-12.36,-12.48,-12.33,-12.40,-12.62,-12.61,-12.18,-12.00,-11.73,-12.08,-12.10,-11.86,-10.87,-6.70,-2.91,-1.59,-1.30,-1.25,-1.19,-1.16,-1.38,-1.29,-1.24,-1.12,-1.06,-1.00,-0.97,-1.01,-0.86,-0.73,-0.92,-1.08,-1.11,-0.91,-0.75,-0.82,-0.77,-0.92,-0.98,-0.72,-0.80,-0.72,-0.67,-0.68,-0.73,-0.64,-0.52,-0.81,-0.62,-0.61,-0.61,-0.63,-0.80,-0.71,-0.71,-0.75,-0.63,-0.69,-0.66,-0.59,-0.06,0.77,0.95,0.97,1.01,1.13,1.09,0.76,0.69,0.64,0.50,0.50,0.61,0.55,0.33,0.28,0.29,0.28,0.35,0.39,0.33,0.24,0.38,0.46,0.43,0.39,0.35,0.30,0.23,0.06,0.22,0.34,0.48,0.38,0.38,0.48,0.49,0.35,0.30,0.41,0.18,0.22,0.13,0.12,0.19,0.13,0.17,0.07,0.12,0.20,0.34,0.38,0.12,-0.04,0.15,0.14,-0.06,-0.18,0.08,0.46
-11.85,-11.89,-12.13,-12.00,-12.01,-12.11,-12.11,-12.34,-12.36,-12.10,-12.04,-12.14,-12.20,-12.27,-12.27,-12.24,-12.36,-12.24,-12.07,-12.10,-11.86,-12.37,-12.32,-12.29,-12.49,-12.49,-12.39,-12.43,-12.43,-12.04,-12.16,-12.33,-12.29,-12.32,-12.51,-12.40,-12.26,-12.24,-12.26,-12.30,-12.34,-12.23,-12.21,-12.21,-12.02,-12.36,-12.13,-11.81,-11.97,-12.10,-12.04,-11.79,-10.83,-6.35,-2.65,-1.60,-1.40,-1.26,-1.16,-1.08,-1.06,-1.21,-1.27,-1.22,-1.29,-1.15,-1.11,-0.72,-0.92,-1.11,-0.86,-0.92,-1.15,-0.91,-0.87,-0.83,-1.06,-0.91,-1.08,-0.86,-0.69,-0.73,-0.82,-0.82,-0.87,-0.61,-0.73,-0.64,-0.80,-0.75,-0.64,-0.66,-0.88,-0.72,-0.75,-0.76,-0.68,-0.82,-0.80,-0.62,-0.14,0.71,1.04,1.09,1.17,1.22,0.93,0.65,0.65,0.64,0.58,0.39,0.51,0.51,0.38,0.41,0.39,0.32,0.33,0.35,0.38,0.32,0.43,0.49,0.38,0.32,0.38,0.27,0.32,0.01,0.15,0.33,0.45,0.34,0.24,0.37,0.48,0.29,0.19,0.25,0.24,0.22,0.23,0.17,0.03,0.03,-0.01,0.01,0.09,0.07,0.17,0.35,0.13,0.14,0.18,0.18,0.07,-0.08,-0.18,0.22
-12.13,-11.94,-12.08,-12.01,-11.91,-11.95,-12.16,-12.40,-12.29,-12.27,-12.23,-12.27,-12.39,-12.29,-12.56,-12.46,-12.29,-12.21,-12.11,-12.02,-12.08,-12.17,-12.53,-12.55,-12.51,-12.40,-12.26,-12.17,-12.18,-12.14,-12.40,-12.48,-12.40,-12.39,-12.42,-12.39,-12.45,-12.34,-12.21,-12.23,-12.20,-12.39,-12.17,-12.04,-12.24,-12.51,-12.23,-11.88,-11.92,-12.07,-11.95,-11.62,-10.63,-6.34,-2.64,-1.49,-1.14,-1.02,-1.15,-1.26,-1.20,-1.32,-1.20,-0.97,-1.00,-1.08,-1.19,-1.08,-0.95,-0.82,-0.93,-0.96,-0.93,-1.12,-0.95,-1.00,-1.01,-0.87,-0.90,-0.95,-0.69,-0.81,-0.78,-0.82,-0.71,-0.81,-0.72,-0.63,-0.82,-0.85,-0.76,-0.81,-0.93,-0.69,-0.69,-0.91,-0.62,-0.88,-0.92,-0.61,-0.32,0.37,0.87,1.00,1.11,1.09,0.93,0.71,0.54,0.54,0.58,0.48,0.55,0.61,0.43,0.37,0.25,0.38,0.30,0.24,0.30,0.34,0.46,0.51,0.39,0.33,0.34,0.32,0.35,0.12,0.27,0.23,0.44,0.35,0.19,0.30,0.45,0.33,0.27,0.23,0.24,0.19,0.27,0.22,0.08,0.07,0.15,0.09,0.01,-0.02,0.20,0.37,0.10,0.24,0.20,0.23,0.07,-0.19,-0.13,0.19
-11.84,-11.59,-11.94,-12.04,-11.95,-11.86,-12.00,-12.39,-11.92,-11.89,-11.84,-11.84,-12.10,-11.95,-12.21,-12.04,-12.05,-12.04,-11.95,-12.02,-12.17,-12.08,-12.11,-12.10,-11.94,-11.98,-12.23,-12.26,-12.00,-12.11,-12.23,-12.30,-12.58,-12.23,-12.33,-12.10,-12.08,-12.16,-12.07,-12.02,-12.04,-12.08,-12.29,-12.18,-11.92,-11.88,-11.73,-11.42,-11.65,-11.81,-11.86,-11.47,-10.20,-5.85,-2.37,-1.27,-1.00,-0.95,-0.92,-1.07,-1.16,-1.29,-1.36,-1.17,-1.15,-1.16,-1.17,-0.95,-0.86,-1.10,-1.20,-1.19,-0.88,-0.90,-0.92,-0.82,-1.07,-0.80,-0.66,-0.91,-0.61,-0.58,-0.68,-0.78,-0.61,-0.51,-0.58,-0.56,-0.88,-0.72,-0.61,-0.69,-0.73,-0.53,-0.56,-0.80,-0.46,-0.66,-0.92,-0.67,-0.42,0.08,0.79,1.13,1.07,1.01,0.98,0.77,0.70,0.66,0.41,0.50,0.69,0.61,0.30,0.20,0.15,0.40,0.37,0.27,0.34,0.38,0.44,0.39,0.32,0.35,0.29,0.32,0.34,0.24,0.28,0.29,0.44,0.37,0.22,0.30,0.46,0.33,0.34,0.29,0.18,0.13,0.23,0.19,0.04,0.10,0.15,0.09,0.02,0.10,0.30,0.30,-0.04,0.18,0.19,0.25,0.04,-0.16,0.12,0.32
-11.75,-11.66,-12.00,-11.84,-11.62,-11.66,-11.94,-12.05,-11.81,-11.75,-11.86,-12.11,-12.27,-12.24,-12.13,-12.24,-12.07,-11.95,-11.97,-11.97,-12.01,-11.85,-11.91,-11.79,-12.02,-12.10,-12.02,-12.08,-12.10,-11.94,-11.94,-12.05,-12.29,-12.16,-12.32,-12.05,-12.02,-12.17,-12.07,-11.92,-12.05,-12.13,-11.75,-11.78,-11.91,-11.97,-11.73,-11.59,-11.75,-11.92,-11.94,-11.50,-9.96,-5.42,-2.11,-1.44,-1.24,-1.06,-1.03,-1.32,-1.53,-1.36,-1.19,-1.34,-1.21,-0.91,-1.10,-0.85,-0.92,-1.00,-1.08,-1.24,-1.02,-0.95,-0.93,-1.16,-1.08,-0.67,-0.75,-1.00,-0.82,-0.81,-0.81,-0.58,-0.52,-0.66,-0.82,-0.76,-0.91,-0.62,-0.83,-0.82,-0.77,-0.75,-0.80,-0.81,-0.87,-0.93,-1.16,-0.81,-0.68,-0.28,0.65,1.19,1.19,1.11,1.03,0.77,0.54,0.55,0.45,0.35,0.65,0.54,0.20,0.19,0.29,0.34,0.41,0.28,0.39,0.48,0.49,0.41,0.40,0.38,0.24,0.28,0.25,0.15,0.12,0.29,0.32,0.23,0.13,0.24,0.39,0.22,0.24,0.19,0.08,0.02,0.14,0.20,0.09,-0.03,0.06,0.12,-0.04,0.06,0.23,0.14,-0.11,-0.01,0.06,0.09,-0.04,-0.22,-0.02,0.15
-11.59,-11.55,-11.89,-11.82,-11.59,-11.49,-11.60,-11.78,-12.10,-11.84,-11.69,-11.85,-11.89,-11.89,-12.16,-12.37,-12.13,-11.86,-11.72,-11.56,-11.78,-11.59,-12.17,-11.88,-11.98,-12.02,-11.95,-12.00,-11.82,-11.97,-11.91,-12.33,-12.18,-12.02,-12.07,-12.00,-11.85,-11.84,-11.91,-12.01,-12.23,-11.98,-11.76,-11.66,-11.46,-11.69,-11.68,-11.52,-11.53,-11.71,-11.76,-11.36,-9.53,-5.23,-2.16,-1.48,-1.26,-1.05,-1.08,-1.19,-0.96,-1.06,-1.35,-1.32,-1.50,-1.21,-0.81,-0.97,-0.81,-1.24,-1.24,-1.16,-0.76,-1.02,-0.96,-0.92,-1.14,-0.80,-0.91,-0.88,-1.03,-0.98,-0.72,-0.75,-0.69,-0.87,-0.91,-0.87,-0.87,-0.46,-0.80,-0.95,-0.86,-0.85,-0.59,-0.76,-0.97,-0.92,-1.06,-0.87,-0.75,-0.41,0.53,1.12,1.18,1.24,1.18,0.85,0.60,0.60,0.51,0.53,0.63,0.53,0.40,0.20,0.25,0.33,0.33,0.23,0.39,0.38,0.37,0.40,0.38,0.28,0.12,0.14,0.13,-0.12,-0.01,0.15,0.15,0.07,0.03,0.15,0.23,0.10,0.17,0.20,0.03,-0.09,0.09,0.25,0.17,-0.08,0.07,0.09,-0.13,-0.04,0.09,0.06,-0.01,-0.08,-0.01,0.08,0.03,-0.09,-0.01,0.01
-11.58,-11.49,-11.71,-11.73,-11.62,-11.52,-11.52,-11.73,-11.95,-11.75,-11.62,-11.68,-11.73,-11.88,-12.13,-11.95,-11.79,-11.65,-11.59,-11.71,-11.60,-11.60,-12.05,-11.97,-11.92,-11.88,-11.95,-12.17,-12.04,-11.79,-11.76,-11.95,-11.88,-11.94,-11.98,-12.04,-12.00,-11.85,-11.79,-11.88,-11.79,-11.71,-11.47,-11.50,-11.52,-11.55,-11.33,-11.39,-11.52,-11.55,-11.62,-10.96,-8.84,-4.50,-1.81,-1.44,-1.24,-1.16,-1.15,-1.22,-1.36,-1.29,-0.97,-1.17,-1.20,-0.97,-1.08,-1.12,-1.01,-0.69,-0.81,-1.06,-0.86,-0.97,-0.93,-0.91,-0.91,-0.95,-0.75,-0.82,-0.66,-0.68,-0.68,-0.63,-0.58,-0.63,-0.92,-0.52,-0.62,-0.54,-0.77,-0.86,-0.95,-1.11,-0.82,-0.82,-0.78,-0.81,-0.88,-0.66,-0.71,-0.57,0.24,1.03,1.28,1.20,1.14,0.95,0.60,0.46,0.45,0.41,0.37,0.39,0.38,0.29,0.35,0.40,0.14,0.22,0.33,0.48,0.55,0.40,0.25,0.24,0.12,0.08,0.08,-0.02,-0.16,0.18,0.13,0.06,-0.01,0.03,0.12,0.12,0.27,0.24,0.03,-0.08,0.13,0.22,0.08,-0.01,0.12,0.09,-0.02,0.01,0.09,0.08,0.04,0.06,0.09,0.12,0.08,0.07,0.15,0.02
-11.32,-11.22,-11.39,-11.43,-11.27,-11.13,-11.24,-11.32,-11.45,-11.46,-11.37,-11.35,-11.52,-11.58,-11.85,-11.85,-11.63,-11.47,-11.43,-11.36,-11.46,-11.46,-11.76,-11.66,-11.47,-11.52,-11.68,-11.76,-11.71,-11.40,-11.59,-11.59,-11.50,-11.39,-11.75,-11.78,-11.69,-11.55,-11.47,-11.72,-11.68,-11.71,-11.42,-11.47,-11.30,-11.32,-11.14,-11.12,-11.22,-11.22,-11.17,-10.37,-7.71,-3.54,-1.55,-1.26,-0.83,-0.78,-0.86,-0.95,-0.77,-0.68,-0.66,-0.77,-0.90,-0.80,-0.77,-0.48,-0.47,-0.72,-0.58,-0.59,-0.63,-0.46,-0.39,-0.18,-0.36,-0.27,-0.54,-0.58,-0.54,-0.49,-0.51,-0.46,-0.39,-0.48,-0.47,-0.09,-0.36,-0.32,-0.56,-0.51,-0.47,-0.52,-0.36,-0.41,-0.49,-0.51,-0.53,-0.41,-0.14,-0.14,0.17,1.08,1.40,1.24,1.18,1.00,0.80,0.74,0.79,0.81,0.56,0.54,0.37,0.39,0.49,0.49,0.29,0.34,0.32,0.38,0.41,0.43,0.39,0.25,0.12,0.01,-0.02,0.14,0.01,0.27,0.14,0.12,0.06,0.07,0.19,0.14,0.12,0.06,0.03,0.06,0.19,0.12,0.01,0.12,0.18,0.23,0.12,0.12,0.13,0.08,-0.01,0.08,0.04,0.04,0.04,0.06,0.17,0.08
-11.30,-11.07,-11.42,-11.43,-11.17,-10.97,-11.10,-11.07,-11.33,-11.32,-11.29,-11.32,-11.29,-11.43,-11.47,-11.69,-11.58,-11.33,-11.24,-11.20,-11.46,-11.53,-11.59,-11.43,-11.24,-11.33,-11.56,-11.60,-11.52,-11.29,-11.47,-11.53,-11.62,-11.53,-11.76,-11.60,-11.49,-11.56,-11.49,-11.42,-11.46,-11.58,-11.65,-11.39,-11.39,-11.52,-11.49,-11.26,-11.45,-11.29,-11.29,-10.44,-7.48,-3.35,-1.05,-0.72,-0.46,-0.27,-0.59,-0.64,-0.58,-0.75,-0.52,-0.44,-0.53,-0.47,-0.39,-0.31,-0.57,-0.42,-0.43,-0.63,-0.59,-0.62,-0.37,-0.44,-0.48,-0.39,-0.37,-0.32,-0.36,-0.27,-0.47,-0.18,-0.07,-0.31,-0.08,-0.24,-0.28,-0.31,-0.43,-0.32,-0.22,-0.21,-0.39,-0.51,-0.32,-0.54,-0.42,-0.33,-0.21,-0.18,0.08,0.66,1.19,1.31,1.13,0.91,0.67,0.60,0.65,0.70,0.44,0.44,0.40,0.25,0.35,0.23,0.14,0.25,0.33,0.34,0.28,0.35,0.27,0.07,0.20,0.20,-0.06,0.07,-0.11,0.12,-0.04,-0.03,-0.01,-0.03,-0.02,0.02,-0.08,0.01,0.08,0.15,0.18,0.07,-0.01,0.12,0.23,0.15,0.10,0.09,0.13,0.08,-0.16,-0.16,-0.06,0.09,0.07,-0.03,0.15,0.15
-11.17,-11.04,-11.24,-11.23,-11.02,-10.84,-11.04,-11.17,-11.37,-11.12,-11.07,-11.32,-11.30,-11.24,-11.33,-11.58,-11.56,-11.36,-11.20,-11.13,-11.19,-11.40,-11.35,-11.32,-11.20,-11.27,-11.50,-11.56,-11.32,-11.12,-11.20,-11.49,-11.35,-11.36,-11.43,-11.23,-11.23,-11.39,-11.39,-11.29,-11.20,-11.46,-11.32,-11.52,-11.22,-11.23,-11.30,-11.22,-11.22,-11.22,-11.07,-10.54,-8.76,-4.45,-1.02,-0.38,-0.23,0.07,-0.08,-0.23,-0.09,-0.14,-0.04,0.20,0.24,0.22,-0.03,0.18,0.12,0.03,0.10,0.22,0.22,0.23,0.24,0.33,0.15,0.24,0.20,0.34,0.24,0.30,0.39,0.63,0.50,0.46,0.51,0.67,0.54,0.50,0.14,0.10,0.59,0.39,0.20,0.23,0.23,0.10,0.10,0.27,0.32,0.50,0.49,0.82,1.46,1.60,1.23,1.03,0.93,0.66,0.60,0.85,0.82,0.54,0.75,0.87,0.59,0.39,0.35,0.27,0.38,0.44,0.45,0.37,0.32,0.28,0.14,0.18,-0.06,0.13,0.07,0.37,0.14,0.04,0.10,-0.01,-0.11,0.10,0.02,-0.09,-0.01,0.01,0.19,0.24,0.07,-0.07,0.28,0.18,-0.02,-0.06,0.15,0.25,-0.28,-0.19,0.04,0.13,0.01,-0.11,0.09,-0.03
-10.80,-10.84,-10.86,-10.84,-10.74,-10.69,-10.99,-11.20,-11.22,-10.89,-10.90,-11.19,-11.19,-11.10,-11.22,-11.33,-11.43,-11.36,-11.17,-11.13,-10.80,-11.16,-11.16,-11.29,-11.07,-11.07,-11.36,-11.35,-10.96,-11.19,-11.35,-11.14,-11.12,-11.19,-11.17,-11.19,-11.26,-11.26,-11.24,-11.24,-11.10,-11.22,-10.94,-11.26,-10.99,-11.22,-11.09,-10.99,-11.00,-11.16,-11.09,-10.74,-9.51,-5.57,-1.63,-0.29,-0.04,0.24,0.18,0.08,0.13,0.25,0.14,0.33,0.25,0.14,0.34,0.43,0.34,0.44,0.38,0.41,0.27,0.58,0.35,0.70,0.51,0.39,0.39,0.46,0.32,0.48,0.54,0.66,0.51,0.41,0.51,0.43,0.59,0.76,0.43,0.33,0.48,0.60,0.46,0.50,0.44,0.43,0.63,0.48,0.61,0.80,0.98,1.18,1.31,1.33,1.35,1.23,0.91,0.91,0.80,0.66,0.67,0.79,0.55,0.32,0.41,0.41,0.30,0.34,0.23,0.24,0.30,0.37,0.38,0.24,0.04,0.15,0.18,-0.12,-0.24,0.28,0.13,-0.08,-0.16,-0.23,-0.32,-0.14,0.02,-0.12,-0.16,0.09,0.20,0.10,-0.08,-0.21,-0.12,0.04,-0.01,-0.09,-0.03,0.08,-0.12,-0.18,0.10,0.14,0.02,-0.06,0.01,0.09
-10.76,-10.67,-10.81,-10.74,-10.64,-10.71,-10.97,-10.91,-10.96,-10.76,-10.81,-11.06,-11.00,-11.09,-10.97,-11.06,-11.22,-11.26,-11.16,-10.97,-10.84,-11.16,-11.06,-11.23,-11.02,-10.97,-11.20,-11.16,-10.94,-11.23,-11.39,-11.22,-11.03,-11.09,-11.12,-11.09,-11.13,-11.19,-11.19,-11.04,-10.89,-11.16,-10.99,-11.13,-11.03,-11.27,-11.20,-10.87,-10.94,-11.09,-11.03,-10.86,-9.81,-5.99,-1.78,-0.04,0.39,0.64,0.49,0.53,0.54,0.46,0.53,0.59,0.56,0.63,0.61,0.40,0.48,0.60,0.34,0.66,0.43,0.70,0.66,0.66,0.55,0.63,0.69,1.12,0.55,0.79,0.58,0.92,0.79,0.65,0.90,0.61,0.71,0.88,0.70,0.56,0.71,0.67,0.69,0.87,0.71,0.56,0.55,0.50,0.74,1.13,1.33,1.34,1.41,1.41,1.25,1.01,0.67,0.63,0.67,0.65,0.58,0.34,0.43,0.35,0.35,0.12,0.22,0.22,0.27,0.41,0.13,0.13,0.39,0.20,0.12,-0.13,0.02,-0.04,0.02,0.20,0.07,0.04,-0.01,-0.13,-0.17,-0.06,0.18,-0.39,-0.26,0.17,0.07,-0.07,-0.02,-0.14,-0.07,-0.12,-0.11,-0.04,0.08,0.10,-0.23,-0.09,0.04,0.07,0.03,0.09,0.29,0.24
-10.81,-10.74,-10.80,-10.76,-10.66,-10.69,-10.80,-10.53,-10.70,-10.63,-10.67,-10.87,-11.02,-10.84,-10.70,-10.84,-10.96,-11.03,-11.00,-10.83,-10.79,-11.13,-10.77,-11.04,-10.93,-10.80,-10.83,-10.86,-10.94,-10.99,-10.97,-11.10,-10.86,-10.83,-10.83,-10.94,-11.10,-11.13,-11.06,-10.97,-10.83,-11.03,-10.97,-10.91,-10.90,-11.16,-10.91,-10.71,-10.81,-10.83,-10.86,-10.77,-10.02,-7.18,-2.78,-0.07,0.56,0.81,0.71,0.79,0.64,0.56,0.61,0.60,0.61,0.55,0.65,0.74,0.74,0.72,0.67,0.72,0.80,0.91,0.71,0.85,0.61,0.95,0.85,1.11,0.79,0.87,0.90,1.02,0.93,0.98,0.87,1.02,0.97,1.09,0.77,0.64,0.88,0.96,1.04,1.29,1.33,1.28,0.93,0.84,1.22,1.47,1.38,1.36,1.46,1.47,1.39,1.04,0.79,0.82,0.84,0.63,0.69,0.79,0.46,0.33,0.28,0.20,0.32,0.51,0.33,0.17,0.18,0.25,0.28,0.23,0.15,0.09,-0.03,0.17,-0.01,0.20,0.20,0.12,0.17,0.24,0.15,0.01,-0.02,-0.01,-0.11,-0.13,-0.03,0.07,0.07,0.03,0.15,0.07,0.03,0.10,0.20,0.14,-0.21,-0.01,0.04,0.09,0.10,0.10,0.32,0.25
-10.60,-10.52,-10.63,-10.63,-10.60,-10.53,-10.37,-10.34,-10.57,-10.49,-10.49,-10.70,-10.86,-10.64,-10.52,-10.71,-10.83,-10.89,-10.90,-10.80,-10.44,-10.87,-10.47,-10.87,-10.79,-10.62,-10.64,-10.64,-10.90,-10.74,-10.64,-10.84,-10.62,-10.76,-10.73,-10.80,-10.84,-10.86,-10.84,-10.74,-10.79,-10.89,-10.83,-10.91,-10.52,-10.90,-10.70,-10.59,-10.76,-10.71,-10.80,-10.64,-10.10,-8.16,-3.75,-0.36,0.45,0.77,0.77,0.86,0.66,0.53,0.56,0.61,0.72,0.66,0.76,0.67,0.56,0.59,0.56,0.84,1.02,0.90,0.72,0.91,0.90,0.88,1.01,0.81,0.82,0.98,0.98,0.96,1.07,0.77,0.87,0.91,0.74,0.97,0.72,0.56,0.70,0.85,1.06,1.18,1.31,1.17,0.87,0.91,1.29,1.61,1.58,1.46,1.41,1.38,1.19,0.79,0.71,0.70,0.60,0.58,0.66,0.79,0.41,0.34,0.29,0.50,0.30,0.44,0.51,0.54,0.64,0.61,0.34,0.20,0.37,0.43,0.09,0.14,0.30,0.25,0.27,0.19,0.15,0.13,0.15,0.45,0.27,0.37,0.30,0.24,0.13,0.12,0.13,-0.22,0.09,0.18,0.18,0.15,0.12,0.09,0.20,0.28,0.20,0.14,0.24,0.41,0.32,0.33
-10.34,-10.29,-10.37,-10.36,-10.36,-10.37,-10.26,-10.30,-10.39,-10.30,-10.32,-10.49,-10.60,-10.71,-10.44,-10.67,-10.76,-10.83,-10.89,-10.56,-10.25,-10.62,-10.32,-10.71,-10.56,-10.50,-10.66,-10.59,-10.70,-10.52,-10.46,-10.73,-10.49,-10.71,-10.57,-10.57,-10.60,-10.69,-10.77,-10.69,-10.79,-10.74,-10.52,-10.73,-10.37,-10.57,-10.50,-10.63,-10.40,-10.49,-10.59,-10.36,-10.03,-8.66,-4.50,-0.83,0.18,0.61,0.59,0.70,0.55,0.41,0.49,0.60,0.63,0.55,0.41,0.50,0.58,0.58,0.58,0.90,1.07,0.80,0.74,0.86,0.86,0.64,0.74,1.07,0.93,0.87,0.64,0.86,0.74,0.69,0.64,0.76,0.71,0.70,0.61,0.71,0.51,0.69,0.95,1.09,1.28,1.22,0.82,0.90,1.19,1.47,1.49,1.31,1.39,1.51,1.29,1.01,0.97,0.86,0.69,0.60,0.53,0.92,0.43,0.34,0.53,0.54,0.32,0.66,0.80,0.82,0.81,0.92,0.96,0.65,0.56,0.44,0.45,0.55,0.40,0.70,1.09,1.18,1.08,1.00,0.97,1.00,1.08,1.23,1.11,1.00,1.08,1.13,1.04,1.02,1.07,0.97,0.92,0.93,0.90,0.79,0.97,0.88,0.87,0.80,0.67,0.67,0.97,1.01
-9.74,-9.85,-10.08,-10.20,-10.15,-10.00,-10.05,-10.37,-10.16,-10.09,-10.02,-10.08,-10.36,-10.42,-10.40,-10.39,-10.42,-10.44,-10.39,-10.30,-10.03,-10.44,-10.17,-10.40,-10.19,-10.16,-10.40,-10.50,-10.47,-10.22,-10.34,-10.39,-10.42,-10.60,-10.47,-10.37,-10.43,-10.50,-10.52,-10.50,-10.60,-10.44,-10.46,-10.49,-10.22,-10.47,-10.40,-10.60,-10.43,-10.40,-10.43,-10.30,-9.98,-8.69,-4.81,-1.14,-0.01,0.38,0.51,0.59,0.58,0.40,0.45,0.58,0.56,0.51,0.41,0.51,0.46,0.44,0.51,0.66,0.74,0.63,0.79,0.63,0.49,0.50,0.50,0.61,0.80,0.63,0.75,0.98,0.66,0.88,0.74,0.65,0.61,0.74,0.67,0.64,0.66,0.71,0.72,0.86,1.18,1.01,0.55,0.79,1.33,1.40,1.41,1.36,1.33,1.31,1.15,1.07,0.95,0.97,1.18,1.18,1.51,1.68,1.55,1.63,1.68,1.88,1.61,1.55,1.40,1.46,1.66,1.83,1.74,1.45,1.46,1.50,1.46,1.38,1.55,1.77,2.00,2.17,2.31,2.36,2.25,2.33,1.95,2.29,2.36,2.28,2.23,2.25,2.23,1.99,1.99,2.11,2.19,1.97,1.71,1.69,1.58,1.75,1.86,1.78,1.58,1.50,1.73,1.62
-9.85,-9.64,-9.95,-10.08,-9.95,-9.82,-10.03,-10.00,-10.03,-9.92,-9.82,-9.86,-10.02,-10.23,-10.12,-10.16,-10.34,-10.29,-10.05,-10.19,-9.95,-10.17,-10.08,-10.15,-9.99,-9.95,-10.20,-10.44,-10.42,-10.13,-10.19,-10.23,-10.29,-10.46,-10.37,-10.27,-10.27,-10.32,-10.34,-10.29,-10.49,-10.30,-10.33,-10.39,-10.09,-10.47,-10.34,-10.32,-10.34,-10.32,-10.23,-10.12,-9.98,-8.77,-4.78,-1.01,0.15,0.43,0.33,0.24,0.24,0.24,0.38,0.51,0.54,0.58,0.27,0.37,0.32,0.24,0.24,0.50,0.53,0.43,0.61,0.43,0.48,0.38,0.54,0.58,0.69,0.58,0.58,0.76,0.38,0.55,0.64,0.58,0.58,0.75,0.28,0.45,0.54,0.54,0.66,0.86,1.08,0.79,0.50,0.70,1.20,1.44,1.38,1.23,1.17,1.29,1.47,1.60,1.62,2.05,2.13,2.17,2.12,1.90,1.63,1.50,1.71,1.64,1.57,1.39,1.14,1.50,1.74,1.69,1.67,1.52,1.44,1.38,1.38,1.29,1.66,2.31,2.63,2.65,2.71,2.80,2.66,2.51,2.47,2.46,2.45,2.51,2.66,2.68,2.45,2.41,2.24,2.19,2.26,2.43,2.52,2.30,1.83,2.01,2.12,2.07,1.91,1.82,2.09,1.89
-9.68,-9.43,-9.68,-9.74,-9.57,-9.53,-9.79,-10.03,-9.93,-9.62,-9.65,-9.92,-9.98,-9.93,-10.10,-10.00,-10.05,-10.03,-9.91,-9.84,-9.79,-10.02,-9.86,-10.00,-10.02,-10.00,-10.06,-10.22,-10.22,-10.08,-9.91,-10.22,-10.15,-10.15,-10.10,-10.05,-10.00,-10.15,-10.26,-10.09,-10.30,-10.10,-10.10,-10.15,-10.10,-10.17,-10.08,-10.17,-9.99,-10.02,-10.03,-9.79,-9.62,-8.47,-4.52,-0.82,0.12,0.34,0.37,0.29,0.27,0.22,0.25,0.35,0.34,0.29,0.09,0.30,0.41,0.33,0.30,0.44,0.59,0.49,0.34,0.51,0.29,0.24,0.50,0.69,0.74,0.54,0.37,0.66,0.63,0.58,0.65,0.43,0.50,0.77,0.51,0.51,0.56,0.48,0.61,0.76,1.01,0.79,0.55,0.58,1.01,1.39,1.42,1.41,1.46,1.50,1.56,1.69,1.88,2.37,2.33,2.25,2.25,2.09,1.89,1.58,1.63,1.61,1.44,1.38,1.11,1.25,1.49,1.53,1.53,1.42,1.47,1.50,1.34,1.29,1.40,2.02,2.43,2.60,2.68,2.60,2.35,2.58,2.48,2.46,2.46,2.47,2.54,2.58,2.51,2.30,2.11,2.12,2.25,2.33,2.33,2.39,2.30,2.20,2.25,2.11,1.97,2.07,2.17,1.99
-8.95,-8.90,-9.02,-9.04,-9.12,-9.33,-9.36,-9.33,-9.12,-9.25,-9.39,-9.39,-9.50,-9.62,-9.64,-9.81,-9.81,-9.72,-9.60,-9.40,-9.68,-9.79,-9.53,-9.55,-9.77,-9.74,-9.65,-9.81,-9.91,-9.68,-9.62,-9.77,-9.61,-9.65,-9.75,-9.67,-9.69,-9.85,-9.79,-9.65,-9.72,-9.65,-9.61,-9.50,-9.79,-9.60,-9.51,-9.46,-9.27,-9.41,-9.30,-8.97,-8.94,-7.74,-3.95,-0.69,0.14,0.37,0.43,0.45,0.41,0.27,0.14,0.10,0.19,0.22,0.02,0.25,0.18,0.14,0.17,0.33,0.35,0.58,0.48,0.44,0.39,0.27,0.54,0.69,0.49,0.37,0.29,0.28,0.59,0.41,0.53,0.39,0.53,0.58,0.29,0.28,0.30,0.41,0.54,0.92,1.08,0.82,0.66,0.59,0.91,1.36,1.46,1.38,1.51,1.62,1.68,1.91,1.99,2.49,2.45,2.22,1.99,1.60,1.62,1.38,1.50,1.24,1.25,1.20,1.15,1.01,0.87,0.82,0.79,0.84,1.14,0.93,0.80,0.85,1.11,1.80,2.23,2.39,2.43,2.46,2.47,2.54,2.33,2.16,2.30,2.16,2.17,2.34,2.39,2.11,1.85,1.91,1.99,2.01,2.01,2.01,2.17,2.22,2.25,2.12,1.99,2.06,2.09,2.05
-8.30,-8.19,-8.18,-7.91,-8.00,-8.48,-8.85,-8.63,-8.73,-8.94,-8.76,-8.48,-8.65,-8.63,-9.06,-9.30,-9.29,-9.20,-9.13,-9.05,-9.34,-9.09,-9.09,-9.16,-9.18,-9.01,-8.90,-8.95,-9.01,-8.83,-8.79,-8.74,-8.58,-8.56,-8.67,-8.79,-8.95,-8.84,-8.49,-8.33,-8.31,-8.23,-8.30,-7.94,-8.04,-7.75,-7.69,-7.24,-7.15,-7.19,-6.94,-6.43,-6.30,-5.05,-2.23,-0.27,0.20,0.34,0.33,0.40,0.32,0.14,0.15,0.04,0.07,0.12,0.14,0.19,0.10,0.10,0.15,0.03,0.17,0.34,0.24,0.39,0.10,0.20,0.35,0.34,0.44,0.18,0.24,0.15,0.34,0.30,0.18,0.27,0.20,0.29,0.22,0.22,0.43,0.44,0.51,0.70,1.00,0.90,0.56,0.56,0.92,1.20,1.39,1.38,1.39,1.51,1.55,1.72,1.72,2.14,2.23,2.06,1.80,1.75,1.47,1.27,0.97,1.01,1.14,1.17,1.04,0.79,0.51,0.33,0.29,0.37,0.61,0.65,0.69,0.58,0.85,1.36,1.84,2.13,2.13,2.00,2.08,2.12,2.17,2.11,1.92,1.84,1.88,1.96,1.94,1.95,1.84,1.80,1.83,1.79,1.74,1.80,1.75,2.05,2.09,1.95,1.83,1.88,1.82,1.88
-6.47,-6.36,-6.31,-6.16,-6.44,-6.98,-7.27,-7.75,-7.85,-7.68,-7.45,-7.27,-7.33,-7.76,-7.71,-8.02,-7.98,-7.78,-7.67,-7.68,-7.63,-7.72,-7.52,-7.48,-7.31,-7.05,-6.90,-6.93,-6.88,-6.74,-6.86,-6.30,-6.28,-6.07,-6.11,-6.19,-6.08,-5.77,-5.33,-5.01,-4.96,-4.74,-4.89,-4.55,-4.12,-3.92,-3.73,-3.34,-3.27,-3.14,-2.84,-2.47,-2.27,-1.63,-0.53,0.10,0.24,0.33,0.28,0.27,0.23,0.14,0.08,-0.03,-0.13,-0.06,0.02,0.02,0.03,0.29,0.06,-0.04,0.01,0.09,0.22,0.12,0.07,0.17,0.17,0.54,0.14,0.08,-0.02,0.02,0.23,0.18,0.14,0.23,0.33,0.38,0.10,0.12,0.34,0.29,0.39,0.67,0.86,0.74,0.51,0.67,1.07,1.44,1.60,1.47,1.39,1.49,1.68,1.92,1.71,2.02,2.17,2.14,1.84,1.33,0.97,1.02,1.23,1.15,1.20,1.13,0.91,0.71,0.40,0.15,0.33,0.56,0.49,0.32,0.66,0.44,0.72,1.28,1.73,1.95,1.99,1.91,1.80,2.00,2.16,2.11,1.84,1.73,1.75,1.80,1.78,1.82,1.71,1.74,1.67,1.58,1.60,1.79,1.51,1.82,1.91,1.79,1.68,1.82,1.53,1.64
-4.00,-4.07,-3.82,-3.87,-4.14,-4.54,-4.96,-5.60,-5.69,-5.44,-5.15,-5.03,-5.16,-5.50,-5.13,-5.65,-5.23,-4.81,-4.83,-4.84,-4.62,-4.39,-4.17,-4.03,-3.83,-3.71,-3.58,-3.35,-3.17,-3.12,-2.84,-2.59,-2.34,-2.22,-2.24,-2.28,-2.13,-1.91,-1.72,-1.46,-1.20,-1.15,-1.29,-1.15,-0.76,-0.91,-0.58,-0.42,-0.44,-0.38,-0.43,-0.17,-0.19,-0.17,0.01,0.01,0.20,0.35,0.23,0.30,0.27,0.17,0.09,-0.14,-0.23,-0.08,0.03,0.06,-0.02,-0.01,0.02,-0.08,-0.21,-0.03,-0.23,-0.03,-0.31,-0.06,0.23,0.35,0.07,0.06,0.02,0.10,0.07,0.17,0.28,0.22,0.18,0.23,0.15,0.12,0.29,0.33,0.45,0.58,0.74,0.71,0.60,0.59,0.97,1.49,1.58,1.42,1.41,1.50,1.56,1.73,1.71,1.99,2.14,1.95,1.72,1.42,1.14,0.98,1.12,1.02,1.12,1.12,0.88,0.67,0.54,0.41,0.39,0.56,0.60,0.49,0.53,0.34,0.58,1.13,1.61,1.69,1.71,1.86,1.55,1.78,1.82,1.97,1.85,1.72,1.62,1.60,1.64,1.58,1.60,1.62,1.56,1.49,1.50,1.64,1.33,1.56,1.72,1.71,1.64,1.83,1.41,1.53
-1.88,-1.93,-1.87,-1.97,-2.07,-2.25,-2.68,-3.15,-3.01,-2.69,-2.42,-2.48,-2.73,-2.50,-2.18,-2.18,-2.20,-2.01,-1.79,-1.81,-1.48,-1.39,-0.96,-1.14,-0.90,-0.71,-0.72,-0.76,-0.77,-0.66,-0.71,-0.58,-0.32,-0.23,-0.38,-0.38,-0.42,-0.39,-0.26,-0.11,0.08,-0.02,-0.06,-0.02,0.20,-0.12,0.14,0.29,0.35,0.28,0.12,0.24,0.13,0.02,0.03,-0.03,0.15,0.30,0.15,0.28,0.25,0.30,0.29,0.13,-0.09,-0.09,-0.07,-0.06,-0.13,-0.06,-0.01,-0.06,-0.18,-0.04,-0.08,0.19,-0.12,-0.03,0.02,0.18,0.14,0.30,-0.12,0.07,0.10,0.29,0.23,0.14,0.17,0.17,0.02,0.13,0.15,0.20,0.45,0.81,0.95,0.86,0.65,0.48,0.91,1.35,1.35,1.36,1.46,1.56,1.61,1.85,1.72,1.84,1.92,1.78,1.82,1.64,1.42,1.01,1.33,1.24,1.08,1.07,0.92,0.75,0.75,0.74,0.59,0.59,0.61,0.69,0.61,0.53,0.74,1.12,1.46,1.55,1.51,1.64,1.46,1.61,1.62,1.83,1.74,1.64,1.58,1.55,1.56,1.56,1.58,1.47,1.47,1.52,1.47,1.56,1.23,1.34,1.50,1.58,1.62,1.80,1.42,1.49
-0.61,-0.51,-0.68,-0.72,-0.68,-0.77,-1.02,-1.01,-0.75,-0.61,-0.56,-0.66,-0.77,-0.63,-0.54,-0.66,-0.63,-0.43,-0.31,-0.37,-0.24,-0.34,-0.21,0.06,-0.08,-0.12,0.08,0.17,0.03,0.07,0.28,0.18,0.19,0.17,0.15,0.18,0.13,0.22,0.33,0.23,0.14,0.24,0.35,0.24,0.43,0.24,0.54,0.59,0.64,0.51,0.56,0.56,0.49,0.34,0.23,0.23,0.28,0.24,0.22,0.23,0.12,0.19,0.24,0.13,-0.06,0.04,-0.19,-0.23,-0.47,-0.17,-0.36,-0.29,-0.33,-0.31,-0.16,0.02,0.02,-0.09,0.04,0.18,0.15,0.34,-0.03,-0.24,-0.03,0.30,0.14,0.19,-0.01,-0.07,0.04,0.07,0.40,0.40,0.51,0.65,0.82,0.75,0.55,0.51,0.90,1.38,1.51,1.38,1.31,1.49,1.53,1.82,1.63,1.68,1.92,1.95,2.02,1.82,1.62,1.36,1.49,1.41,1.24,1.08,1.00,0.98,1.08,1.24,1.07,1.04,0.95,1.08,1.11,1.03,0.91,1.11,1.38,1.49,1.50,1.60,1.56,1.63,1.72,1.72,1.62,1.60,1.64,1.66,1.55,1.67,1.60,1.41,1.39,1.50,1.52,1.60,1.41,1.38,1.38,1.46,1.63,1.71,1.46,1.46
0.04,0.10,0.06,0.02,0.07,0.02,-0.11,0.09,0.35,0.19,0.09,0.03,-0.11,-0.14,0.02,-0.07,-0.16,-0.11,0.08,0.35,0.43,0.20,0.35,0.49,0.33,0.33,0.34,0.30,0.29,0.10,0.44,0.46,0.34,0.35,0.59,0.64,0.56,0.64,0.75,0.65,0.51,0.61,0.71,0.70,0.71,0.65,0.98,0.91,0.93,0.92,0.98,0.97,0.98,0.88,0.58,0.41,0.41,0.35,0.39,0.39,0.32,0.34,0.24,0.03,-0.09,-0.18,-0.26,-0.39,-0.56,-0.34,-0.42,-0.52,-0.41,-0.32,-0.33,-0.14,0.03,0.09,0.23,0.29,0.24,0.04,0.02,-0.28,-0.17,-0.21,-0.22,-0.14,-0.31,-0.24,-0.36,-0.24,0.14,0.40,0.51,0.72,0.92,0.90,0.74,0.69,0.97,1.33,1.51,1.42,1.38,1.47,1.63,1.84,1.68,1.78,1.90,2.03,2.16,2.14,1.91,1.68,1.57,1.51,1.33,1.07,1.01,1.06,1.22,1.52,1.40,1.42,1.34,1.40,1.41,1.36,1.12,1.11,1.34,1.50,1.44,1.53,1.61,1.69,1.71,1.61,1.57,1.57,1.60,1.60,1.39,1.62,1.60,1.40,1.34,1.39,1.33,1.30,1.46,1.50,1.46,1.47,1.55,1.42,1.27,1.36
0.50,0.38,0.41,0.48,0.49,0.40,0.37,0.50,0.66,0.58,0.41,0.29,0.28,0.24,0.29,0.27,0.35,0.41,0.58,0.88,0.84,0.69,0.63,0.84,0.79,0.80,0.74,0.59,0.61,0.67,0.96,0.90,0.70,0.92,1.01,1.00,1.03,1.06,1.08,1.07,0.97,1.01,1.15,1.04,1.14,1.22,1.33,1.27,1.22,1.31,1.30,1.29,1.27,1.24,0.91,0.50,0.45,0.53,0.45,0.38,0.43,0.43,0.23,0.02,-0.26,-0.32,-0.27,-0.46,-0.53,-0.43,-0.37,-0.33,-0.39,-0.49,-0.33,-0.26,-0.09,-0.04,0.06,0.41,0.17,-0.06,-0.18,-0.18,-0.11,-0.39,-0.42,-0.29,-0.37,-0.27,-0.37,-0.26,-0.06,0.18,0.41,0.70,0.82,0.80,0.70,0.65,0.92,1.30,1.47,1.44,1.33,1.39,1.61,1.80,1.66,1.69,1.80,2.07,2.16,2.40,2.18,1.91,1.75,1.66,1.53,1.22,1.02,1.11,1.34,1.69,1.53,1.47,1.42,1.52,1.50,1.40,1.29,1.22,1.35,1.46,1.35,1.39,1.60,1.66,1.51,1.45,1.49,1.40,1.39,1.56,1.40,1.60,1.53,1.27,1.13,1.27,1.45,1.42,1.58,1.75,1.63,1.50,1.72,1.80,1.58,1.58
0.69,0.58,0.60,0.88,0.85,0.66,0.63,0.76,0.77,0.90,0.77,0.63,0.56,0.55,0.79,0.61,0.76,0.82,0.93,1.09,0.93,1.11,1.09,1.25,1.08,1.12,1.11,0.88,0.82,1.19,1.12,1.46,1.41,1.28,1.24,1.18,1.29,1.44,1.40,1.33,1.23,1.18,1.31,1.17,1.57,1.60,1.55,1.52,1.41,1.50,1.33,1.42,1.38,1.36,1.27,0.76,0.43,0.55,0.55,0.46,0.45,0.28,0.22,0.07,-0.31,-0.32,-0.41,-0.47,-0.51,-0.47,-0.31,-0.32,-0.33,-0.38,-0.22,-0.29,-0.08,-0.01,0.20,0.45,0.22,-0.03,-0.26,-0.09,-0.14,-0.28,-0.29,-0.23,-0.17,-0.07,-0.32,-0.33,-0.01,0.22,0.46,0.82,0.95,0.93,0.80,0.71,0.92,1.30,1.50,1.46,1.35,1.30,1.50,1.72,1.61,1.58,1.77,1.99,2.11,2.36,2.26,1.95,1.91,1.79,1.58,1.25,1.08,1.12,1.28,1.66,1.46,1.29,1.25,1.49,1.42,1.33,1.24,1.25,1.35,1.41,1.35,1.41,1.51,1.53,1.45,1.35,1.39,1.29,1.23,1.53,1.61,1.45,1.42,1.25,1.19,1.36,1.52,1.41,1.51,1.46,1.47,1.57,1.67,1.62,1.49,1.61
1.02,0.64,0.80,1.12,1.11,0.92,0.82,0.97,0.88,1.01,1.09,1.00,0.80,0.72,1.04,0.81,0.91,1.06,1.15,1.17,1.14,1.41,1.25,1.34,1.14,1.18,1.25,1.20,1.19,1.19,0.98,1.61,1.47,1.49,1.40,1.41,1.42,1.34,1.29,1.36,1.44,1.35,1.39,1.30,1.90,1.63,1.56,1.66,1.64,1.56,1.36,1.46,1.51,1.49,1.40,0.92,0.45,0.49,0.64,0.63,0.51,0.29,0.29,0.06,-0.17,-0.37,-0.41,-0.48,-0.42,-0.51,-0.31,-0.27,-0.24,-0.37,-0.22,-0.26,0.06,0.08,0.34,0.23,0.14,0.04,-0.31,-0.11,-0.14,-0.27,-0.31,-0.19,-0.12,0.07,-0.29,-0.37,-0.11,0.14,0.46,0.72,0.87,0.80,0.58,0.60,0.87,1.19,1.38,1.33,1.27,1.17,1.31,1.53,1.45,1.78,1.91,2.00,2.05,2.25,2.25,2.02,1.99,1.90,1.75,1.44,1.13,1.03,1.13,1.47,1.20,1.04,1.07,1.23,1.14,1.15,1.15,1.23,1.36,1.45,1.46,1.47,1.38,1.45,1.39,1.38,1.31,1.14,1.11,1.42,1.39,1.40,1.39,1.40,1.41,1.39,1.44,1.96,1.60,1.60,1.71,1.72,1.66,1.51,1.47,1.61
1.06,1.20,1.04,1.22,1.24,1.11,1.06,1.27,1.03,1.30,1.29,1.20,1.15,1.06,0.96,1.03,1.04,1.15,1.23,1.24,1.20,1.34,1.34,1.45,1.25,1.24,1.28,1.18,1.17,1.45,1.38,1.56,1.56,1.47,1.51,1.36,1.33,1.39,1.39,1.45,1.52,1.46,1.71,1.68,1.79,1.58,1.75,1.73,1.75,1.64,1.57,1.56,1.51,1.46,1.24,0.84,0.49,0.46,0.60,0.53,0.43,0.37,0.27,0.04,-0.08,-0.29,-0.39,-0.31,-0.38,-0.53,-0.24,-0.34,-0.38,-0.39,-0.17,-0.12,0.12,0.10,0.50,0.33,0.20,-0.06,-0.28,-0.14,0.09,0.01,-0.07,-0.09,-0.14,-0.09,-0.26,-0.26,-0.03,0.13,0.37,0.59,0.74,0.80,0.60,0.49,0.74,1.07,1.31,1.29,1.24,1.31,1.35,1.56,1.47,1.75,1.89,2.12,2.02,2.18,2.05,1.89,1.85,1.88,1.85,1.51,1.12,0.86,0.93,1.30,0.93,0.88,0.75,0.93,1.06,1.11,1.18,1.24,1.35,1.50,1.47,1.45,1.28,1.28,1.00,1.04,0.97,0.85,0.95,1.29,1.18,1.19,1.30,1.40,1.41,1.39,1.42,1.63,1.55,1.56,1.57,1.53,1.53,1.46,1.45,1.60
1.13,1.02,0.98,1.11,1.07,1.15,1.36,1.39,1.03,1.50,1.36,1.34,1.47,1.41,1.11,1.28,1.20,1.23,1.31,1.36,1.39,1.41,1.36,1.27,1.25,1.14,1.19,1.30,1.36,1.53,1.17,1.55,1.55,1.67,1.69,1.66,1.51,1.40,1.39,1.50,1.60,1.57,1.66,1.52,1.80,1.72,1.71,1.74,1.68,1.58,1.53,1.55,1.40,1.30,1.07,0.65,0.41,0.51,0.54,0.40,0.39,0.39,0.22,0.15,0.08,-0.07,-0.38,-0.32,-0.24,-0.42,-0.21,-0.29,-0.13,-0.16,-0.03,0.02,0.13,0.08,0.40,0.30,0.34,0.09,0.04,0.14,0.29,0.27,0.07,-0.03,-0.13,-0.03,-0.07,0.03,0.14,0.15,0.20,0.40,0.66,0.82,0.67,0.54,0.66,1.02,1.34,1.24,1.20,1.25,1.25,1.57,1.44,1.63,1.78,2.02,2.00,2.09,1.86,1.82,1.80,1.80,1.74,1.41,1.04,0.87,0.81,1.04,0.71,0.91,0.60,0.87,1.18,1.35,1.28,1.09,1.13,1.30,1.17,1.45,1.03,1.04,0.98,1.04,1.14,1.20,1.28,1.27,1.03,1.09,1.19,1.27,1.27,1.31,1.56,1.53,1.60,1.47,1.46,1.66,1.52,1.42,1.31,1.41
1.17,1.12,1.24,1.33,1.20,1.22,1.35,1.45,1.39,1.78,1.78,1.71,1.64,1.58,1.45,1.42,1.33,1.36,1.39,1.41,1.57,1.50,1.39,1.22,1.38,1.25,1.19,1.33,1.46,1.39,1.24,1.52,1.51,1.55,1.73,1.62,1.50,1.57,1.61,1.51,1.42,1.49,1.63,1.67,1.56,1.75,1.66,1.80,1.53,1.41,1.39,1.50,1.38,1.15,0.97,0.64,0.37,0.50,0.58,0.40,0.46,0.43,0.29,0.28,0.09,0.04,-0.26,-0.33,-0.17,-0.07,-0.19,-0.11,0.01,0.04,0.12,0.15,0.19,0.22,0.41,0.34,0.40,0.30,0.28,0.27,0.25,0.29,0.18,0.10,0.04,0.20,0.07,0.04,0.15,0.19,0.29,0.50,0.77,0.84,0.74,0.71,0.80,1.09,1.40,1.31,1.28,1.33,1.33,1.60,1.34,1.61,1.78,1.83,1.92,2.06,1.90,1.96,2.01,1.90,1.73,1.41,1.11,1.06,1.03,0.95,0.66,0.85,0.96,1.02,1.12,1.31,1.23,1.00,0.95,1.11,1.29,1.67,1.55,1.30,1.09,1.14,1.30,1.29,1.13,1.04,1.14,1.04,1.12,1.25,1.31,1.36,1.46,1.46,1.44,1.46,1.55,1.63,1.42,1.56,1.42,1.44
1.39,1.27,1.35,1.55,1.44,1.46,1.60,1.57,1.52,2.00,2.01,1.84,1.78,1.84,1.73,1.69,1.57,1.53,1.47,1.47,1.58,1.60,1.44,1.41,1.50,1.30,1.24,1.30,1.38,1.47,1.30,1.53,1.49,1.51,1.74,1.66,1.62,1.55,1.46,1.46,1.50,1.58,1.53,1.64,1.79,1.53,1.63,1.80,1.58,1.51,1.46,1.39,1.33,1.04,0.90,0.70,0.45,0.56,0.64,0.48,0.56,0.41,0.34,0.29,-0.03,-0.01,-0.14,-0.18,-0.09,0.04,-0.13,-0.06,-0.06,0.08,0.17,0.10,0.17,0.28,0.25,0.37,0.39,0.37,0.27,0.07,0.08,0.18,0.10,0.02,0.06,0.10,0.03,-0.07,0.02,0.18,0.39,0.63,0.81,0.77,0.69,0.71,0.71,1.01,1.28,1.35,1.28,1.36,1.29,1.53,1.27,1.55,1.78,1.89,1.85,2.09,1.90,1.94,2.06,1.97,1.74,1.46,1.23,1.18,1.18,1.22,1.04,0.69,0.96,1.24,1.12,1.13,1.29,1.24,1.06,1.08,1.31,1.66,1.56,1.33,1.15,1.13,1.25,1.40,1.41,1.22,1.35,1.27,1.29,1.44,1.52,1.42,1.33,1.60,1.51,1.51,1.61,1.60,1.57,1.60,1.50,1.52
1.42,1.44,1.55,1.56,1.38,1.51,1.82,1.96,1.92,2.17,2.40,2.31,2.18,2.12,1.99,1.89,1.86,1.79,1.82,1.77,1.60,1.77,1.69,1.51,1.42,1.31,1.31,1.29,1.34,1.51,1.38,1.40,1.46,1.40,1.53,1.53,1.55,1.64,1.68,1.53,1.41,1.49,1.55,1.62,1.67,1.55,1.40,1.61,1.45,1.42,1.46,1.42,1.25,1.06,0.86,0.61,0.43,0.54,0.59,0.41,0.45,0.32,0.29,0.23,-0.04,0.04,-0.12,-0.08,-0.07,-0.07,-0.17,-0.19,-0.14,0.03,0.03,-0.07,0.02,0.20,0.12,0.25,0.33,0.24,0.10,-0.04,0.10,-0.01,0.02,-0.18,-0.07,0.01,-0.08,-0.14,-0.11,0.12,0.37,0.63,0.82,0.76,0.71,0.69,0.58,0.76,1.03,1.22,1.19,1.18,1.19,1.40,1.17,1.46,1.71,1.91,1.77,2.06,1.84,1.80,1.83,1.84,1.74,1.45,1.18,1.15,1.13,1.14,1.23,1.17,1.20,1.11,1.08,0.98,1.08,1.09,0.92,1.12,1.12,1.11,1.40,1.34,1.23,1.18,1.09,1.09,1.34,1.40,1.50,1.29,1.24,1.36,1.46,1.42,1.24,1.41,1.51,1.49,1.41,1.46,1.67,1.58,1.45,1.49
1.44,1.46,1.57,1.62,1.44,1.46,1.64,1.85,1.94,2.12,2.05,2.31,2.37,2.13,2.14,2.30,2.09,2.05,2.11,2.03,1.79,1.83,1.97,1.46,1.35,1.36,1.23,1.18,1.31,1.41,1.40,1.28,1.38,1.31,1.53,1.47,1.47,1.49,1.46,1.41,1.42,1.51,1.61,1.77,1.68,1.45,1.45,1.63,1.41,1.46,1.41,1.42,1.34,1.08,0.86,0.69,0.37,0.40,0.67,0.53,0.33,0.30,0.32,0.19,-0.01,0.12,-0.06,0.01,-0.08,-0.17,-0.14,-0.26,-0.16,-0.01,-0.11,0.01,0.04,0.20,0.20,0.33,0.29,0.23,0.10,0.04,0.13,0.01,0.08,-0.16,-0.01,0.06,-0.13,-0.21,-0.23,-0.03,0.30,0.56,0.82,0.82,0.74,0.75,0.59,0.79,1.02,1.17,1.18,1.14,1.20,1.31,1.11,1.36,1.64,1.74,1.80,1.97,1.84,1.82,1.82,1.84,1.72,1.42,1.14,1.00,0.95,1.29,1.28,1.13,1.28,1.27,1.24,1.12,1.04,1.08,1.11,1.02,0.93,1.25,1.33,1.33,1.22,1.24,1.25,1.17,1.27,1.09,1.25,1.23,1.34,1.49,1.46,1.33,1.36,1.33,1.45,1.51,1.44,1.49,1.56,1.61,1.46,1.44
1.42,1.46,1.52,1.56,1.33,1.38,1.55,1.67,1.78,2.03,2.05,2.13,2.18,2.23,2.36,2.49,2.26,2.24,2.11,2.09,2.16,1.92,2.00,1.73,1.57,1.38,1.06,1.06,1.23,1.31,1.33,1.12,1.40,1.34,1.50,1.51,1.49,1.35,1.39,1.38,1.20,1.23,1.52,1.62,1.30,1.44,1.28,1.53,1.25,1.24,1.23,1.39,1.39,1.11,0.81,0.58,0.40,0.51,0.74,0.64,0.41,0.34,0.23,0.09,0.07,0.22,0.03,0.02,-0.01,-0.28,-0.04,-0.08,-0.12,0.17,-0.17,0.15,0.08,0.23,0.22,0.41,0.25,0.22,0.15,0.08,0.04,0.07,0.09,-0.04,0.03,0.08,-0.07,-0.14,-0.21,-0.06,0.25,0.45,0.75,0.81,0.61,0.71,0.61,0.90,1.18,1.23,1.13,1.19,1.08,1.24,1.14,1.28,1.69,1.73,1.82,1.94,1.89,1.83,1.88,1.86,1.69,1.42,1.15,0.97,0.92,1.35,1.14,1.06,1.35,1.30,1.27,1.14,1.04,1.09,1.09,1.11,0.97,1.12,1.15,1.20,1.11,1.12,1.24,1.20,1.08,1.17,1.12,1.24,1.44,1.56,1.38,1.15,1.35,1.44,1.47,1.53,1.61,1.62,1.55,1.68,1.60,1.51
1.33,1.38,1.46,1.57,1.38,1.45,1.55,1.60,1.74,2.11,2.28,2.26,2.31,2.30,2.20,2.40,2.40,2.17,2.19,2.33,2.22,1.94,1.94,1.97,1.80,1.49,1.17,1.11,1.19,1.29,1.24,1.02,1.33,1.36,1.46,1.49,1.44,1.38,1.40,1.39,1.30,1.31,1.42,1.62,1.33,1.25,1.24,1.61,1.35,1.30,1.46,1.38,1.11,0.97,0.80,0.51,0.27,0.28,0.45,0.50,0.37,0.25,0.30,0.22,-0.03,-0.03,-0.02,0.04,0.01,-0.12,-0.09,0.04,-0.14,0.28,-0.11,0.22,-0.02,0.35,0.14,0.33,0.25,0.08,0.14,0.10,-0.01,-0.02,0.09,0.02,0.09,0.10,-0.03,-0.07,-0.06,0.13,0.29,0.40,0.74,0.76,0.60,0.66,0.60,0.77,1.20,1.13,1.15,1.13,1.07,1.20,1.23,1.35,1.75,1.71,1.75,1.94,1.85,1.83,1.83,1.71,1.57,1.44,1.20,1.03,1.01,1.38,1.18,1.04,1.33,1.14,1.14,1.24,1.12,0.92,0.86,1.04,0.93,1.07,1.08,1.24,1.19,1.07,1.09,1.14,1.12,1.18,1.23,1.31,1.44,1.46,1.27,1.22,1.25,1.41,1.49,1.46,1.51,1.58,1.68,1.68,1.73,1.78
1.28,1.28,1.51,1.56,1.40,1.52,1.56,1.60,1.85,2.31,2.35,2.39,2.51,2.49,2.36,2.24,2.25,2.06,2.30,2.41,2.19,2.01,1.91,1.74,1.79,1.62,1.51,1.34,1.29,1.33,1.22,1.13,1.27,1.50,1.53,1.44,1.40,1.35,1.50,1.40,1.12,1.22,1.40,1.25,1.28,1.28,1.20,1.49,1.40,1.42,1.45,1.30,1.18,1.02,0.64,0.30,0.24,0.41,0.64,0.56,0.24,0.17,0.19,0.27,0.07,-0.06,0.03,0.01,0.32,0.12,0.07,0.08,0.08,0.27,0.08,0.27,0.04,0.50,0.12,0.29,0.33,0.10,0.20,0.18,0.10,0.02,0.12,0.17,0.23,0.09,-0.12,-0.11,0.06,0.24,0.32,0.41,0.67,0.74,0.65,0.70,0.60,0.66,1.18,1.09,1.29,1.27,1.11,1.35,1.36,1.28,1.40,1.79,1.80,1.79,1.69,1.73,1.92,1.90,1.60,1.41,1.39,0.85,0.79,1.41,1.40,0.80,0.97,1.00,0.97,0.91,0.81,0.90,0.86,0.97,0.77,1.01,1.11,1.24,1.27,1.18,1.14,1.08,1.20,1.36,1.46,1.41,1.38,1.38,1.23,1.39,1.33,1.34,1.38,1.45,1.52,1.91,1.62,1.58,1.64,1.72
1.38,1.45,1.58,1.33,1.28,1.44,1.55,1.71,2.01,2.43,2.31,2.40,2.47,2.47,2.46,2.57,2.42,2.11,2.08,2.18,2.20,2.01,1.84,1.53,1.74,1.66,1.60,1.49,1.42,1.34,1.25,1.28,1.30,1.66,1.56,1.58,1.36,1.29,1.42,1.35,1.12,1.27,1.62,1.38,1.44,1.29,1.31,1.66,1.39,1.44,1.39,1.34,1.31,1.13,0.67,0.27,0.28,0.53,0.60,0.48,0.28,0.18,0.28,0.22,0.07,0.01,0.18,0.25,0.25,0.12,0.23,0.25,0.22,0.23,0.17,0.15,0.12,0.38,0.15,0.38,0.27,0.29,0.33,0.22,0.29,0.12,0.15,0.28,0.25,0.22,0.06,-0.07,0.12,0.28,0.25,0.34,0.56,0.61,0.63,0.66,0.65,0.70,1.18,1.25,1.15,1.33,1.17,1.35,1.23,1.42,1.47,1.88,1.78,1.77,1.86,1.85,1.86,1.73,1.38,1.27,1.15,0.90,0.79,1.47,1.29,1.01,1.12,1.29,1.25,1.06,0.91,0.96,0.97,0.97,0.88,1.03,0.97,1.18,1.30,1.27,1.27,1.18,1.14,1.47,1.62,1.49,1.36,1.40,1.14,1.31,1.29,1.30,1.39,1.44,1.28,1.53,1.67,1.79,1.73,1.55
1.45,1.60,1.60,1.39,1.33,1.44,1.62,1.83,2.13,2.51,2.35,2.51,2.55,2.45,2.42,2.62,2.42,2.12,2.07,2.13,2.08,1.86,1.84,1.73,1.73,1.66,1.52,1.41,1.41,1.38,1.25,1.20,1.27,1.47,1.42,1.53,1.20,1.17,1.33,1.35,1.23,1.31,1.46,1.38,1.52,1.41,1.52,1.72,1.25,1.34,1.33,1.35,1.29,1.06,0.82,0.43,0.22,0.46,0.53,0.32,0.27,0.22,0.22,0.20,0.24,0.38,0.30,0.49,0.38,0.17,0.39,0.41,0.32,0.25,0.22,0.17,0.23,0.34,0.32,0.33,0.23,0.35,0.41,0.30,0.29,0.24,0.23,0.41,0.41,0.41,0.30,0.10,0.13,0.32,0.27,0.27,0.51,0.60,0.60,0.64,0.69,0.74,1.07,1.24,1.11,1.39,1.08,1.15,1.03,1.23,1.35,1.83,1.77,1.80,1.75,1.86,1.86,1.67,1.53,1.22,1.13,0.80,0.79,0.86,0.82,0.95,1.07,1.14,1.19,1.06,0.90,1.02,0.90,0.96,0.96,1.08,1.00,1.14,1.30,1.25,1.24,1.15,1.06,1.30,1.47,1.46,1.40,1.44,1.15,1.22,1.33,1.25,1.19,1.31,1.42,1.61,1.63,1.77,1.85,1.83
1.47,1.58,1.55,1.57,1.44,1.61,1.68,1.83,2.17,2.52,2.36,2.48,2.47,2.46,2.49,2.59,2.26,2.12,2.07,2.03,1.86,1.74,1.82,1.67,1.55,1.33,1.22,1.23,1.19,1.14,1.12,1.13,1.23,1.15,1.18,1.22,1.02,1.06,1.34,1.41,1.41,1.46,1.47,1.53,1.50,1.33,1.45,1.69,1.33,1.49,1.22,1.25,1.18,1.01,0.55,0.30,0.06,0.22,0.46,0.35,0.27,0.20,0.20,0.30,0.43,0.45,0.45,0.45,0.53,0.30,0.43,0.51,0.23,0.45,0.37,0.33,0.44,0.38,0.30,0.34,0.38,0.50,0.50,0.54,0.37,0.41,0.34,0.38,0.38,0.43,0.29,0.20,0.24,0.33,0.40,0.45,0.67,0.64,0.54,0.66,0.67,0.63,1.06,1.07,1.06,0.93,0.79,1.27,1.07,1.13,1.33,1.55,1.69,1.72,1.55,1.56,1.66,1.62,1.58,1.47,1.33,0.91,0.71,1.09,1.11,0.96,0.96,1.11,1.15,1.02,0.93,1.09,0.95,0.90,0.91,1.03,1.02,1.04,1.14,1.18,1.17,0.98,1.09,1.31,1.34,1.29,1.34,1.46,1.35,1.29,1.35,1.44,1.53,1.64,1.34,1.28,1.41,1.60,1.69,1.58
1.38,1.57,1.60,1.46,1.44,1.60,1.68,1.80,2.05,2.40,2.41,2.25,2.33,2.46,2.55,2.53,2.00,1.99,1.89,1.78,1.63,1.50,1.45,1.45,1.46,1.22,1.30,1.18,1.27,1.38,1.27,1.18,1.29,1.28,1.13,1.29,1.04,1.03,1.28,1.47,1.61,1.72,1.77,1.78,1.75,1.34,1.41,1.47,1.28,1.35,1.25,1.28,1.29,1.15,0.79,0.58,0.27,0.34,0.55,0.33,0.20,0.17,0.12,0.40,0.40,0.69,0.77,0.76,0.70,0.53,0.70,0.50,0.51,0.51,0.41,0.50,0.38,0.28,0.34,0.51,0.50,0.53,0.66,0.69,0.63,0.61,0.45,0.45,0.54,0.56,0.45,0.30,0.29,0.37,0.32,0.34,0.74,0.81,0.66,0.84,0.54,0.72,1.22,0.88,1.06,0.87,0.66,1.18,1.14,1.17,1.39,1.66,1.91,1.91,1.77,1.66,1.60,1.53,1.47,1.36,1.13,0.77,0.64,1.06,1.18,1.13,1.08,1.09,1.08,0.92,0.82,0.95,0.82,0.74,0.90,0.96,0.96,0.92,1.00,1.17,1.08,0.95,1.14,1.34,1.42,1.38,1.25,1.00,1.19,1.18,1.23,1.33,1.36,1.29,1.29,1.35,1.31,1.31,1.31,1.28
1.28,1.36,1.71,1.83,1.47,1.45,1.62,1.75,2.00,2.37,2.49,2.28,2.47,2.48,2.47,2.49,1.86,1.86,1.60,1.53,1.52,1.45,1.36,1.31,1.27,1.24,1.28,1.31,1.36,1.41,1.44,1.42,1.35,1.35,1.33,1.33,1.17,1.12,1.22,1.46,1.74,2.05,2.08,1.99,1.92,1.52,1.35,1.39,1.28,1.34,1.28,1.29,1.14,1.28,0.86,0.65,0.46,0.45,0.43,0.27,0.27,0.35,0.45,0.48,0.60,0.74,0.82,0.66,0.84,0.64,0.87,0.85,0.41,0.60,0.69,0.60,0.40,0.19,0.28,0.61,0.82,0.45,0.70,0.87,0.76,0.79,0.75,0.69,0.77,0.79,0.65,0.54,0.55,0.51,0.39,0.46,0.70,0.74,0.61,0.72,0.80,0.90,1.02,0.75,1.02,0.98,0.79,1.08,1.08,1.11,1.44,1.74,1.83,1.92,1.73,1.47,1.46,1.47,1.42,1.44,1.27,0.93,0.74,0.82,0.95,0.98,0.90,0.80,0.76,0.70,0.58,0.70,0.74,0.63,0.80,0.82,0.88,0.90,0.93,1.12,0.93,0.93,0.97,1.03,1.13,1.18,1.12,1.11,1.03,1.18,1.24,1.15,1.09,1.33,1.30,1.30,1.25,1.27,1.33,1.23
1.47,1.46,1.58,1.73,1.49,1.62,1.60,1.73,2.02,2.28,2.29,2.52,2.59,2.41,2.41,2.33,1.56,1.41,1.04,1.22,1.39,1.31,1.23,1.38,1.36,1.19,1.19,1.31,1.39,1.35,1.29,1.39,1.53,1.20,1.02,1.17,1.13,1.20,1.27,1.30,1.80,2.29,2.35,2.13,1.96,1.68,1.47,1.52,1.29,1.28,1.22,1.29,1.15,1.11,0.77,0.44,0.40,0.46,0.35,0.20,0.27,0.45,0.46,0.37,0.48,0.84,0.77,0.81,0.79,0.70,0.82,0.76,0.91,0.74,0.74,0.45,0.49,0.17,0.08,0.38,0.65,0.66,0.80,0.79,0.79,0.81,0.96,0.86,0.67,0.61,0.65,0.60,0.60,0.54,0.28,0.40,0.82,0.96,0.81,0.64,0.58,0.75,1.18,0.72,0.79,0.87,0.88,0.97,0.87,0.87,1.08,1.30,1.42,1.57,1.52,1.41,1.40,1.29,1.25,1.18,1.03,0.87,0.84,0.74,0.77,0.79,0.63,0.54,0.70,0.72,0.54,0.59,0.82,0.77,0.69,0.72,0.87,0.86,0.70,0.82,0.67,1.01,1.18,1.24,1.22,1.07,0.92,1.36,1.20,1.20,1.17,1.12,1.13,1.33,1.06,1.08,1.18,1.29,1.41,1.27
1.52,1.55,1.63,1.69,1.52,1.83,1.55,1.74,2.09,2.18,2.41,2.51,2.39,2.43,2.37,1.91,1.01,0.67,0.25,0.58,0.87,0.81,0.76,0.95,0.51,0.66,0.65,0.72,0.75,0.81,0.81,0.74,0.71,0.53,0.22,0.54,0.44,0.59,0.46,0.95,1.68,2.28,2.47,2.30,2.05,1.79,1.58,1.56,1.38,1.39,1.34,1.35,1.30,1.15,0.74,0.43,0.49,0.61,0.48,0.33,0.39,0.55,0.75,0.77,0.74,0.93,0.97,0.95,0.79,0.75,0.50,0.87,0.79,0.74,0.87,0.66,0.63,0.34,0.30,0.37,0.56,0.59,0.61,0.74,0.77,0.90,0.84,0.81,0.67,0.64,0.60,0.59,0.75,0.74,0.51,0.53,0.88,1.00,0.87,0.51,0.59,0.76,1.01,0.88,0.87,1.01,0.95,0.77,0.96,0.98,1.00,0.96,1.19,1.46,1.35,1.11,1.11,1.07,0.93,0.98,0.82,0.85,0.87,0.82,0.82,0.76,0.60,0.61,0.91,0.97,0.66,0.63,0.84,1.02,0.82,0.87,1.11,1.19,1.04,1.12,1.07,1.12,1.08,1.12,1.15,1.14,1.14,1.33,1.17,1.24,1.35,1.38,1.38,1.46,1.12,1.17,1.29,1.41,1.56,1.40
1.62,1.67,1.67,1.64,1.52,1.71,1.50,1.72,2.05,2.31,2.65,2.39,2.63,2.59,2.24,1.58,0.74,0.17,-0.19,0.02,0.20,0.28,0.46,0.53,0.18,0.23,0.22,0.30,0.33,0.18,0.07,0.06,0.04,0.10,0.19,0.64,0.24,0.13,0.29,0.90,1.75,2.29,2.54,2.51,2.13,1.94,1.63,1.62,1.53,1.58,1.60,1.52,1.45,0.97,0.54,0.49,0.51,0.55,0.51,0.40,0.45,0.60,0.77,1.01,1.04,1.09,1.18,1.13,0.76,0.59,0.80,0.65,0.82,0.71,0.72,0.70,0.54,0.28,0.19,0.46,0.55,0.58,0.67,0.65,0.71,0.67,0.80,0.80,0.54,0.66,0.82,0.64,0.45,0.38,0.44,0.55,0.72,1.00,0.98,0.59,0.61,0.66,1.15,1.04,1.02,1.02,0.96,0.98,1.08,1.19,1.19,1.09,1.20,1.27,1.07,0.90,1.00,1.00,0.96,0.87,0.88,0.87,0.97,1.08,1.09,1.01,0.95,1.00,1.12,1.12,0.84,1.02,1.23,1.24,1.09,1.09,1.04,0.91,1.11,1.06,1.27,1.18,1.01,1.15,1.40,1.46,1.39,1.44,1.49,1.45,1.53,1.68,1.68,1.78,1.67,1.67,1.68,1.67,1.88,1.88
1.79,1.78,1.66,1.55,1.50,1.60,1.61,1.78,2.13,2.58,2.87,2.60,2.62,2.45,2.13,1.41,0.48,0.02,0.10,0.06,0.02,0.18,0.38,0.41,0.18,0.06,0.09,0.10,0.20,0.08,-0.08,-0.03,0.24,0.35,0.18,0.63,0.18,0.54,0.88,1.38,1.99,2.37,2.66,2.60,2.19,2.01,1.77,1.73,1.61,1.55,1.61,1.62,1.45,0.85,0.60,0.56,0.53,0.53,0.48,0.32,0.34,0.49,0.56,0.84,0.98,0.91,1.03,0.84,0.61,0.54,0.64,0.50,0.72,0.67,0.61,0.64,0.54,0.20,-0.01,0.37,0.40,0.55,0.61,0.66,0.70,0.71,0.81,0.82,0.55,0.48,0.59,0.58,0.51,0.46,0.32,0.38,0.66,0.70,0.58,0.60,0.50,0.58,1.08,0.97,0.91,0.91,0.91,1.09,1.18,1.13,1.18,1.17,1.25,1.25,1.02,0.90,1.06,1.02,1.04,0.90,0.98,0.86,1.12,1.33,1.36,1.25,1.27,1.39,1.42,1.38,1.53,1.64,1.57,1.49,1.51,1.46,1.40,1.51,1.55,1.40,1.39,1.45,1.49,1.67,1.85,1.75,1.52,1.52,1.77,1.73,1.71,1.90,1.85,2.08,2.16,2.13,2.06,2.02,1.99,1.99
1.80,1.74,1.71,1.64,1.58,1.64,1.69,1.86,2.16,2.49,2.75,2.34,2.52,2.74,2.20,1.19,0.39,0.19,0.12,0.13,0.34,0.28,0.27,0.28,-0.11,-0.06,-0.17,-0.06,0.07,-0.02,-0.12,-0.12,0.09,0.30,0.09,0.37,-0.42,0.44,1.08,1.56,1.95,2.24,2.46,2.41,2.20,2.13,1.66,1.49,1.55,1.46,1.55,1.62,1.44,1.04,0.66,0.44,0.35,0.40,0.37,0.24,0.35,0.51,0.58,0.84,0.96,0.92,0.95,0.88,0.67,0.60,0.49,0.64,0.66,0.71,0.54,0.58,0.59,0.28,-0.07,0.17,0.44,0.55,0.59,0.46,0.54,0.71,0.80,0.71,0.58,0.59,0.61,0.60,0.54,0.39,0.25,0.19,0.63,0.60,0.54,0.50,0.41,0.55,1.14,1.03,0.92,0.98,0.90,1.24,1.28,1.31,1.23,1.14,1.24,1.24,1.08,1.03,1.07,1.01,1.02,0.93,0.98,0.91,1.20,1.36,1.38,1.25,1.17,1.39,1.51,1.57,1.50,1.47,1.69,1.62,1.71,1.68,1.45,1.39,1.19,1.30,1.39,1.36,1.39,1.56,1.69,1.58,1.62,1.60,1.73,1.82,1.85,2.01,1.94,2.22,2.24,2.16,2.09,2.13,2.30,2.24
1.74,1.57,1.71,1.77,1.63,1.67,1.66,1.91,2.13,2.35,2.54,2.31,2.42,2.42,2.03,1.30,0.55,0.28,0.14,0.17,0.35,0.33,0.33,0.22,-0.09,-0.01,-0.27,-0.06,-0.03,0.01,0.10,0.15,0.30,0.43,0.19,0.43,-0.06,0.39,1.08,1.69,1.97,2.24,2.28,2.24,2.31,2.07,1.49,1.47,1.50,1.66,1.73,1.61,1.52,1.17,0.56,0.33,0.30,0.38,0.38,0.35,0.48,0.59,0.66,0.85,0.98,1.01,1.13,1.08,0.82,0.71,0.48,0.65,0.65,0.40,0.44,0.59,0.56,0.32,0.14,0.25,0.53,0.76,0.75,0.64,0.66,0.76,0.76,0.69,0.59,0.66,0.74,0.63,0.54,0.50,0.39,0.28,0.61,0.58,0.56,0.65,0.54,0.54,0.98,1.08,1.00,0.96,0.98,1.20,1.33,1.40,1.29,1.17,1.27,1.33,1.18,1.06,1.06,1.04,1.07,0.92,0.95,0.96,1.17,1.40,1.39,1.30,1.35,1.40,1.29,1.39,1.61,1.68,1.46,1.58,1.62,1.55,1.46,1.35,1.25,1.33,1.40,1.40,1.29,1.34,1.55,1.50,1.68,1.62,1.71,1.80,1.91,2.03,2.11,2.07,1.96,1.85,1.83,1.86,1.96,2.09
1.52,1.36,1.51,1.53,1.46,1.63,1.63,1.94,2.12,2.35,2.53,2.30,2.39,2.22,1.90,1.42,0.93,0.63,0.18,0.32,0.35,0.40,0.50,0.55,0.46,0.35,0.04,-0.04,-0.02,0.22,0.35,0.39,0.50,0.51,0.37,0.55,0.39,0.24,1.08,1.44,1.77,2.01,2.13,2.12,2.03,1.82,1.63,1.85,1.63,1.86,1.83,1.56,1.61,1.12,0.63,0.40,0.45,0.44,0.46,0.46,0.49,0.48,0.49,0.86,1.06,1.11,1.18,0.97,0.67,0.51,0.55,0.58,0.59,0.58,0.64,0.63,0.49,0.19,0.12,0.29,0.35,0.74,0.69,0.67,0.66,0.69,0.71,0.67,0.69,0.71,0.64,0.55,0.51,0.37,0.20,0.17,0.49,0.70,0.70,0.58,0.48,0.48,0.92,0.88,0.97,0.92,0.96,1.07,1.22,1.25,1.20,1.15,1.23,1.35,1.25,0.96,1.01,1.15,1.14,1.01,1.02,0.96,1.13,1.39,1.41,1.20,1.14,1.29,1.24,1.47,1.74,1.41,1.41,1.55,1.56,1.39,1.28,1.38,1.31,1.40,1.38,1.47,1.41,1.39,1.69,1.69,1.67,1.62,1.80,1.94,1.91,2.19,2.28,2.18,2.05,1.90,1.82,1.96,2.02,2.17
1.42,1.58,1.57,1.47,1.51,1.72,1.75,1.96,2.17,2.47,2.55,2.25,2.47,2.13,1.79,1.35,0.98,0.86,0.86,0.64,0.65,0.59,0.59,0.58,0.54,0.43,0.09,-0.16,0.08,0.45,0.51,0.51,0.59,0.59,0.53,0.41,0.18,0.14,0.85,1.40,1.60,1.73,1.97,2.07,1.94,1.72,1.71,1.89,1.56,1.57,1.60,1.40,1.51,1.14,0.82,0.38,0.38,0.41,0.49,0.40,0.40,0.33,0.40,0.80,1.01,1.06,1.01,0.77,0.53,0.43,0.54,0.63,0.60,0.56,0.46,0.58,0.41,0.15,0.29,0.25,0.37,0.56,0.65,0.77,0.84,0.81,0.87,0.75,0.63,0.63,0.63,0.59,0.48,0.40,0.25,0.13,0.51,0.66,0.55,0.60,0.50,0.53,0.98,0.77,0.98,1.01,1.03,1.03,1.17,1.23,1.14,1.18,1.23,1.27,1.23,0.92,0.86,1.17,1.15,0.95,1.06,1.03,1.09,1.17,1.18,1.13,1.04,1.09,1.42,1.49,1.46,1.46,1.50,1.47,1.42,1.33,1.22,1.35,1.29,1.36,1.36,1.42,1.42,1.45,1.73,1.67,1.60,1.66,1.83,1.85,1.74,2.09,2.24,2.17,2.08,2.05,2.03,1.97,2.09,2.14
1.63,1.63,1.49,1.51,1.64,1.73,1.83,1.94,2.26,2.57,2.55,2.26,2.42,2.00,1.68,1.33,1.09,1.03,0.96,0.84,0.46,0.55,0.54,0.56,0.54,0.18,-0.04,-0.32,0.09,0.51,0.54,0.43,0.41,0.41,0.24,-0.07,0.12,0.41,1.04,1.30,1.38,1.67,1.94,2.07,2.00,1.82,1.91,2.01,1.77,1.78,1.64,1.55,1.55,1.29,0.90,0.44,0.38,0.46,0.49,0.38,0.28,0.29,0.46,0.74,0.87,0.92,0.85,0.67,0.54,0.45,0.54,0.63,0.70,0.44,0.32,0.54,0.22,0.17,0.19,0.17,0.39,0.34,0.53,0.61,0.64,0.79,0.69,0.58,0.59,0.58,0.60,0.65,0.53,0.38,0.23,0.08,0.49,0.65,0.55,0.61,0.48,0.59,1.09,0.92,1.02,1.04,1.08,1.09,1.22,1.31,1.22,1.23,1.31,1.24,1.23,1.02,1.09,1.14,1.09,0.96,1.08,0.98,1.02,1.22,1.24,1.09,0.98,1.07,1.35,1.28,1.29,1.42,1.56,1.53,1.38,1.29,1.30,1.29,1.24,1.36,1.38,1.31,1.30,1.38,1.60,1.46,1.45,1.50,1.77,1.91,1.57,1.85,2.02,2.06,2.06,2.05,1.97,1.82,1.95,2.09
1.67,1.72,1.66,1.45,1.45,1.71,1.71,1.79,2.20,2.57,2.55,2.29,2.31,1.88,1.57,1.29,1.18,1.17,0.98,0.90,0.43,0.02,-0.19,-0.19,-0.22,-0.41,-0.57,-0.72,-0.34,-0.03,0.02,-0.14,-0.14,-0.07,-0.23,-0.24,0.41,0.85,1.20,1.09,1.30,1.56,1.92,2.18,2.00,1.72,1.80,1.85,1.50,1.60,1.39,1.03,1.44,1.12,0.69,0.33,0.44,0.53,0.50,0.34,0.24,0.20,0.40,0.80,0.90,0.80,0.79,0.59,0.46,0.34,0.53,0.54,0.67,0.41,0.49,0.49,0.23,0.17,0.12,0.18,0.43,0.33,0.51,0.65,0.70,0.77,0.56,0.53,0.66,0.60,0.55,0.70,0.66,0.35,0.24,0.09,0.44,0.56,0.58,0.56,0.44,0.53,1.04,1.04,1.01,0.98,1.01,1.06,1.15,1.25,1.20,1.15,1.24,1.14,1.15,0.93,0.96,1.22,1.06,1.07,1.19,0.90,0.79,1.02,1.15,1.06,1.08,1.03,1.30,1.36,1.27,1.49,1.69,1.63,1.41,1.28,1.30,1.18,1.22,1.36,1.39,1.31,1.34,1.49,1.61,1.49,1.63,1.71,1.78,1.83,1.53,1.74,2.00,2.03,2.06,2.09,1.89,1.86,1.82,1.99
1.69,1.84,1.73,1.55,1.56,1.71,1.77,2.02,2.05,2.31,2.42,2.39,2.41,1.74,1.47,1.25,1.15,1.09,0.98,0.81,0.27,0.23,-0.08,-0.42,-0.53,-0.47,-0.41,-0.75,-0.95,-0.82,-0.58,-0.54,-0.37,-0.24,-0.13,0.20,0.70,1.11,1.20,1.09,1.11,1.44,1.85,2.09,2.01,1.83,1.90,2.03,1.68,1.85,1.56,1.34,1.82,1.62,0.91,0.27,0.48,0.55,0.33,0.18,0.24,0.25,0.44,0.79,0.87,0.84,0.79,0.49,0.28,0.23,0.44,0.45,0.51,0.40,0.48,0.41,0.40,0.27,0.18,0.24,0.45,0.41,0.56,0.72,0.82,0.77,0.65,0.66,0.72,0.65,0.61,0.67,0.59,0.35,0.22,0.13,0.38,0.46,0.49,0.59,0.46,0.46,0.95,1.04,1.01,1.00,1.04,1.09,1.28,1.44,1.34,1.15,1.06,1.13,1.36,1.12,1.08,1.22,1.18,1.06,1.09,1.06,1.01,1.08,1.19,1.12,1.04,1.15,1.27,1.39,1.28,1.41,1.55,1.55,1.44,1.24,1.20,1.20,1.19,1.18,1.33,1.41,1.40,1.52,1.41,1.52,1.64,1.66,1.62,1.68,1.60,1.60,1.92,1.97,1.88,1.97,1.89,2.02,1.84,1.82
1.68,1.67,1.68,1.69,1.67,1.55,1.44,1.78,2.33,2.30,2.26,2.20,1.85,1.55,1.44,1.28,1.06,0.97,1.02,0.79,0.32,0.23,-0.11,-0.19,-0.06,-0.08,-0.32,-0.33,-0.42,-0.12,-0.02,0.07,-0.04,0.10,0.43,0.66,0.86,1.15,1.04,1.11,0.88,1.46,1.85,2.12,2.13,2.01,2.06,2.18,1.90,1.82,1.84,1.79,1.58,1.35,0.96,0.48,0.45,0.35,0.41,0.41,0.43,0.39,0.50,0.79,1.01,1.12,0.92,0.43,0.22,0.40,0.37,0.30,0.39,0.29,0.23,0.33,0.27,0.18,0.20,0.24,0.32,0.35,0.48,0.59,0.67,0.69,0.64,0.60,0.56,0.60,0.64,0.56,0.40,0.32,0.02,0.03,0.33,0.60,0.60,0.54,0.41,0.50,1.12,1.20,0.97,1.01,1.09,1.24,1.35,1.31,1.39,1.52,1.45,1.34,1.47,1.08,0.97,1.49,1.23,1.12,1.11,1.09,1.03,1.08,1.31,1.23,1.19,1.24,1.35,1.40,1.29,1.30,1.35,1.41,1.46,1.25,1.31,1.44,1.15,1.28,1.40,1.35,1.35,1.68,1.56,1.69,1.71,1.60,1.56,1.73,1.58,1.73,1.96,2.02,1.86,1.72,1.91,2.03,1.92,1.71
1.57,1.46,1.64,1.69,1.62,1.49,1.52,1.99,2.30,2.33,2.28,2.16,1.97,1.68,1.52,1.23,1.00,1.02,1.08,0.88,0.60,0.44,0.34,0.44,0.63,0.64,0.40,0.33,0.74,0.76,0.65,0.67,0.87,0.72,0.63,0.75,0.91,1.14,0.84,0.96,0.96,1.60,1.89,2.18,2.12,1.99,2.09,2.12,1.91,1.80,1.86,1.67,1.46,1.29,0.87,0.63,0.30,0.32,0.40,0.29,0.17,0.25,0.50,0.65,0.81,0.98,0.69,0.33,0.18,0.37,0.12,0.18,0.20,0.23,0.22,0.30,0.07,-0.22,0.12,0.20,0.09,0.23,0.37,0.51,0.59,0.54,0.54,0.49,0.39,0.43,0.48,0.45,0.56,0.34,0.04,-0.03,0.34,0.60,0.51,0.43,0.51,0.50,0.76,0.90,0.97,1.08,1.11,1.14,1.30,1.38,1.25,1.20,1.13,1.12,1.49,1.35,1.06,1.30,1.22,1.08,1.00,1.00,0.95,0.95,1.28,1.31,1.17,1.28,1.35,1.39,1.31,1.29,1.36,1.46,1.45,1.41,1.68,1.46,1.07,1.13,1.39,1.39,1.24,1.61,1.55,1.57,1.62,1.68,1.73,1.72,1.72,1.91,2.05,2.16,2.14,1.71,1.80,1.94,1.96,1.88
1.52,1.58,1.69,1.63,1.57,1.53,1.68,2.11,2.26,2.42,2.22,2.02,1.92,1.58,1.31,1.11,1.15,1.18,1.07,0.93,0.79,0.77,0.86,0.74,0.80,0.90,0.76,0.63,0.95,0.65,0.85,0.85,0.87,0.88,0.92,0.80,0.71,1.14,1.02,0.96,1.22,1.68,1.84,2.02,1.89,1.86,2.07,2.16,2.03,2.01,2.12,1.95,1.64,1.50,0.63,0.44,0.30,0.28,0.25,0.25,0.09,0.07,0.44,0.84,0.92,0.79,0.61,0.55,0.35,0.04,0.15,0.10,0.12,0.25,0.02,0.32,0.22,0.01,0.03,0.07,0.15,0.22,0.32,0.45,0.50,0.38,0.44,0.54,0.46,0.44,0.40,0.50,0.44,0.25,0.08,-0.09,0.06,0.39,0.43,0.66,0.56,0.34,1.00,0.90,0.93,1.06,1.02,1.08,1.33,1.35,1.12,1.15,1.19,1.29,1.36,1.25,0.95,1.12,1.14,1.12,1.07,1.02,0.92,0.95,1.35,1.34,1.03,1.22,1.27,1.25,1.23,1.22,1.20,1.18,1.28,1.38,1.22,1.30,1.17,1.15,1.25,1.35,1.34,1.44,1.51,1.57,1.62,1.68,1.75,1.71,1.89,1.89,1.94,2.07,2.12,1.82,1.74,1.77,1.78,1.82
1.66,1.71,1.91,1.67,1.57,1.53,1.64,2.02,2.08,2.19,2.02,1.88,1.66,1.25,0.95,0.95,1.03,1.01,0.96,0.91,0.74,0.61,0.92,0.67,0.65,0.77,0.74,0.60,0.71,0.51,0.77,0.61,0.82,0.72,0.79,0.74,0.51,0.75,0.82,1.02,1.18,1.56,1.68,1.79,1.84,1.91,2.17,2.40,2.40,2.29,2.40,2.30,1.85,1.50,0.74,0.41,0.48,0.48,0.28,0.28,0.18,0.19,0.60,0.95,1.01,0.96,0.66,0.29,0.32,0.12,0.01,0.07,-0.08,0.24,0.27,0.45,0.18,0.10,0.01,0.23,0.27,0.24,0.33,0.39,0.45,0.43,0.51,0.56,0.44,0.40,0.39,0.39,0.29,0.23,0.19,-0.04,0.35,0.41,0.41,0.29,0.43,0.37,0.90,0.96,1.09,1.11,0.95,1.04,1.38,1.51,1.41,1.34,1.38,1.34,1.28,1.19,1.01,1.09,1.09,1.09,1.07,1.01,1.00,1.11,1.50,1.25,1.11,1.15,1.34,1.22,1.11,1.09,1.17,1.33,1.36,1.23,1.07,1.17,1.14,1.06,1.14,1.35,1.29,1.34,1.36,1.44,1.58,1.64,1.49,1.68,1.90,1.82,1.72,1.75,1.83,1.89,1.75,1.79,1.62,1.41
1.78,1.83,1.69,1.38,1.52,1.49,1.56,1.88,1.95,2.05,1.95,1.67,1.38,1.20,0.86,0.96,1.02,0.95,0.90,0.96,0.92,0.74,0.74,0.66,0.64,0.64,0.56,0.53,0.60,0.48,0.75,0.59,0.81,0.75,0.86,0.86,0.70,0.86,1.12,1.19,0.82,1.47,1.55,1.97,2.18,2.29,2.51,2.69,2.68,2.54,2.47,2.42,2.23,1.86,0.90,0.40,0.50,0.48,0.41,0.17,0.14,0.23,0.59,0.96,1.07,1.01,0.72,0.38,0.04,0.20,0.15,0.14,-0.08,0.20,0.04,0.01,0.29,0.22,0.19,0.19,0.35,0.25,0.40,0.53,0.67,0.74,0.67,0.56,0.44,0.45,0.46,0.30,0.34,0.25,0.10,-0.03,0.22,0.18,0.50,0.64,0.55,0.60,0.98,1.17,1.24,1.35,1.19,1.15,1.36,1.41,1.44,1.41,1.40,1.46,1.41,1.34,1.09,1.17,1.13,1.09,1.04,0.97,1.04,1.27,1.31,1.22,1.12,1.28,1.41,1.23,1.04,1.02,1.07,1.28,1.29,0.98,1.06,1.14,1.20,1.09,1.07,1.34,1.39,1.39,1.34,1.36,1.49,1.63,1.39,1.45,1.57,1.67,1.82,1.90,1.57,1.66,1.64,1.56,1.47,1.42
1.69,1.73,1.85,1.52,1.24,1.41,1.64,1.79,2.01,2.18,1.99,1.61,1.30,1.12,1.00,0.84,1.04,0.98,0.86,0.77,0.60,0.44,0.48,0.50,0.67,0.59,0.46,0.58,0.80,0.74,0.93,0.71,1.02,1.06,1.08,1.00,0.93,1.03,1.19,1.50,1.12,1.63,1.75,2.05,2.35,2.69,2.92,2.89,2.77,2.74,2.55,2.47,2.52,2.28,1.07,0.54,0.30,0.32,0.38,0.17,0.07,0.13,0.41,0.79,1.04,1.06,0.65,0.29,0.12,0.13,0.08,-0.11,-0.06,0.23,-0.03,-0.07,0.20,0.07,-0.19,0.03,0.04,0.02,0.30,0.37,0.25,0.28,0.45,0.43,0.27,0.22,0.22,0.14,0.13,0.07,-0.14,-0.21,0.10,0.30,0.39,0.48,0.53,0.44,0.82,1.01,1.04,1.09,1.13,1.14,1.18,1.30,1.35,1.25,1.20,1.41,1.49,1.31,1.07,1.13,1.13,1.09,1.04,1.01,1.07,1.25,1.19,1.25,1.08,1.17,1.19,1.18,1.07,0.88,0.95,1.17,1.36,1.24,1.15,1.20,1.34,1.35,1.19,1.33,1.61,1.51,1.49,1.55,1.61,1.57,1.39,1.63,1.60,1.72,1.85,1.74,1.73,1.64,1.64,1.66,1.61,1.57
1.63,1.67,1.58,1.42,1.45,1.45,1.51,1.71,1.90,2.18,2.03,1.66,1.28,1.14,1.20,0.86,1.20,1.18,1.15,1.12,0.95,0.76,0.71,0.64,0.70,0.69,0.63,0.75,1.06,1.06,1.02,0.91,1.18,1.24,1.27,1.27,1.25,1.28,1.41,1.60,1.39,1.80,1.83,2.20,2.75,2.90,2.94,2.98,2.94,2.87,2.75,2.54,2.53,2.37,1.25,0.50,0.14,0.27,0.29,0.18,0.24,0.20,0.38,0.54,0.70,0.87,0.63,0.23,0.19,0.06,0.08,-0.09,-0.07,0.10,0.18,0.04,0.10,-0.11,-0.23,0.15,0.10,0.06,0.27,0.30,0.12,0.07,0.20,0.20,-0.01,-0.08,0.10,-0.03,-0.08,0.13,0.18,-0.11,0.18,0.22,0.34,0.51,0.64,0.46,0.76,0.93,0.92,0.91,1.01,1.11,1.12,1.24,1.24,1.14,1.04,1.29,1.38,1.14,1.04,1.03,1.00,0.98,0.93,0.88,1.07,1.06,1.38,1.19,1.11,0.95,1.07,1.13,0.96,0.81,0.90,1.03,1.25,1.29,1.24,1.19,1.25,1.38,1.38,1.35,1.62,1.56,1.46,1.45,1.49,1.63,1.50,1.52,1.61,1.79,1.99,1.88,1.75,1.73,1.73,1.78,1.77,1.63
1.73,1.69,1.63,1.61,1.58,1.67,1.85,1.91,1.88,2.22,2.07,1.52,1.22,1.20,1.24,1.04,1.00,1.06,1.03,0.88,0.81,0.82,0.72,0.84,0.86,0.71,0.67,0.88,1.09,1.09,1.02,1.12,1.22,1.33,1.44,1.52,1.50,1.49,1.62,1.69,1.84,1.86,1.69,2.09,2.58,2.88,3.10,3.13,2.99,2.86,2.83,2.63,2.51,2.26,1.27,0.20,0.29,0.32,0.28,0.23,0.38,0.24,0.30,0.37,0.40,0.49,0.35,0.14,0.08,0.02,-0.02,-0.03,0.19,0.13,0.12,0.02,-0.13,0.04,0.02,0.18,0.10,0.07,0.01,0.08,0.13,0.13,0.15,0.14,0.04,-0.07,-0.03,0.07,-0.03,0.06,0.09,-0.28,0.14,0.29,0.20,0.40,0.63,0.51,0.70,0.93,0.98,0.93,0.87,0.90,1.02,1.13,1.06,1.14,0.90,1.13,1.11,1.07,1.13,1.08,1.01,0.97,0.96,1.08,1.08,0.88,1.34,1.30,1.09,0.96,0.97,1.00,0.96,0.92,0.84,1.17,1.14,1.19,1.15,1.13,1.11,1.15,1.35,1.35,1.35,1.39,1.45,1.50,1.53,1.56,1.42,1.34,1.35,1.57,1.91,1.94,1.49,1.61,1.71,1.69,1.66,1.63
1.71,1.68,1.64,1.55,1.61,1.56,1.71,1.77,1.78,1.92,1.96,1.58,1.24,1.09,1.06,1.09,0.69,1.00,0.97,0.84,0.85,1.00,1.00,0.97,0.95,0.95,1.08,1.19,1.24,1.33,1.15,1.22,1.41,1.60,1.67,1.69,1.78,1.90,1.92,1.84,1.88,1.86,1.89,2.23,2.55,2.80,2.89,3.00,2.94,2.70,2.54,2.35,2.14,1.88,1.14,0.25,0.50,0.35,0.35,0.35,0.32,0.13,0.09,0.15,0.25,0.27,0.09,-0.03,-0.07,-0.09,-0.18,-0.11,0.06,0.09,0.14,-0.02,-0.12,-0.07,-0.17,0.08,-0.01,-0.02,-0.04,0.03,0.12,0.13,0.02,-0.09,-0.06,-0.07,-0.07,0.02,-0.08,0.02,-0.04,-0.26,0.20,0.38,0.24,0.35,0.65,0.60,0.70,0.84,0.87,0.80,0.69,0.66,0.72,0.90,0.80,0.97,0.67,0.72,0.92,1.01,0.93,0.82,0.90,1.01,0.95,0.91,1.13,1.07,1.39,1.36,1.18,1.00,0.96,1.00,0.98,0.96,0.86,1.18,1.13,1.08,1.06,1.09,1.19,1.19,1.13,1.19,1.42,1.30,1.27,1.40,1.42,1.60,1.55,1.47,1.36,1.38,1.66,1.69,1.30,1.36,1.51,1.45,1.38,1.36
1.50,1.56,1.50,1.35,1.57,1.36,1.57,1.71,1.74,1.84,1.69,1.31,1.30,1.19,0.97,1.01,0.91,1.08,1.12,1.08,1.02,1.01,1.19,1.00,1.28,1.36,1.34,1.41,1.49,1.47,1.58,1.44,1.83,1.99,1.95,1.86,2.06,2.26,2.17,1.96,1.91,1.84,1.89,2.18,2.36,2.68,2.87,2.93,2.70,2.39,2.40,2.35,1.97,1.91,1.24,0.49,0.54,0.49,0.50,0.53,0.33,0.02,-0.06,-0.02,0.17,0.28,0.08,-0.13,-0.11,-0.13,-0.21,-0.18,-0.16,-0.02,-0.02,0.03,-0.02,-0.04,-0.08,0.07,0.04,-0.01,-0.02,0.01,0.07,0.09,0.08,0.01,-0.09,-0.03,0.08,-0.02,-0.02,0.07,-0.03,-0.07,0.28,0.38,0.39,0.48,0.69,0.61,0.72,0.74,0.55,0.41,0.48,0.59,0.45,0.49,0.45,0.49,0.45,0.40,0.65,0.81,0.75,0.82,1.01,1.01,0.97,1.13,1.13,1.23,1.27,1.35,1.18,1.09,1.08,1.11,1.08,0.96,0.93,1.02,1.12,1.06,1.08,1.19,1.19,1.23,1.20,1.18,1.34,1.33,1.31,1.45,1.42,1.61,1.62,1.51,1.38,1.33,1.47,1.42,1.35,1.35,1.35,1.34,1.31,1.23
1.53,1.58,1.49,1.29,1.41,1.24,1.42,1.56,1.67,1.61,1.38,1.04,1.28,1.12,0.76,0.76,1.01,1.04,1.25,1.31,1.19,1.08,1.24,1.06,1.35,1.36,1.29,1.30,1.38,1.42,1.36,1.40,1.86,2.16,2.29,2.11,2.24,2.40,2.34,2.22,2.08,2.00,1.94,2.19,2.40,2.54,2.64,2.63,2.43,2.28,2.20,2.06,1.85,1.64,1.13,0.50,0.67,0.50,0.53,0.34,0.24,0.10,0.09,0.14,0.13,0.15,0.12,-0.06,-0.04,-0.03,-0.11,-0.17,-0.06,-0.09,-0.28,0.04,0.02,0.08,0.20,0.07,0.07,0.10,0.03,0.03,0.06,0.06,0.17,0.23,0.07,0.10,0.20,0.06,0.13,0.13,0.10,-0.03,0.22,0.35,0.48,0.55,0.58,0.44,0.59,0.66,0.39,0.19,0.20,0.30,0.24,-0.19,-0.01,-0.08,0.17,0.18,0.33,0.44,0.59,0.90,1.13,1.11,1.13,1.19,1.07,1.14,1.25,1.27,1.11,1.13,1.24,1.14,1.17,1.01,0.92,1.03,1.17,1.24,1.20,1.22,1.36,1.29,1.20,1.30,1.38,1.34,1.29,1.33,1.36,1.53,1.58,1.44,1.28,1.28,1.49,1.45,1.23,1.14,1.24,1.30,1.41,1.28
1.49,1.60,1.55,1.33,1.22,1.27,1.15,1.34,1.46,1.39,1.24,1.18,1.34,1.18,1.14,1.33,1.39,1.56,1.34,1.36,1.35,1.22,1.24,1.30,1.39,1.34,1.35,1.41,1.47,1.44,1.41,1.82,2.02,2.55,2.84,2.81,2.87,2.83,2.71,2.51,2.23,2.29,2.20,2.24,2.39,2.34,2.33,2.18,2.16,2.16,1.95,1.78,1.58,1.34,0.93,0.40,0.41,0.51,0.44,0.45,0.45,-0.01,-0.11,-0.04,-0.13,-0.11,0.02,0.07,0.07,-0.01,-0.08,-0.19,0.01,0.07,-0.08,0.04,0.02,0.07,0.19,0.07,-0.02,0.13,0.14,0.12,0.10,0.07,0.09,0.19,0.20,0.27,0.19,0.12,0.18,0.15,0.20,-0.06,0.13,0.33,0.41,0.43,0.40,0.32,0.37,0.35,0.06,-0.22,-0.22,-0.26,-0.38,0.07,0.03,0.17,0.24,0.29,0.53,0.59,0.67,0.88,1.08,1.11,1.17,1.11,0.92,1.08,1.22,1.19,1.04,1.09,1.24,1.12,1.09,1.02,0.93,1.22,1.20,1.01,1.08,1.27,1.06,1.19,1.36,1.41,1.40,1.30,1.23,1.28,1.24,1.44,1.44,1.39,1.35,1.28,1.47,1.24,1.12,1.09,1.15,1.27,1.34,1.14
1.57,1.51,1.42,1.40,1.35,1.19,1.06,1.25,1.35,1.30,1.18,1.34,1.52,1.50,1.42,1.39,1.50,1.83,1.66,1.57,1.30,1.19,1.42,1.62,1.52,1.49,1.41,1.53,1.72,1.73,1.69,1.86,2.06,2.54,2.76,2.59,2.70,2.68,2.48,2.31,2.22,2.13,2.31,2.13,2.18,2.12,2.08,1.89,1.78,1.74,1.61,1.47,1.34,1.04,0.66,0.33,0.41,0.64,0.59,0.49,0.29,-0.04,-0.03,0.04,-0.03,-0.14,-0.03,0.14,0.14,0.17,0.06,-0.12,-0.12,0.34,0.35,0.37,-0.09,0.10,0.22,0.28,0.03,0.07,0.19,0.17,0.19,0.19,0.03,0.02,0.13,0.24,0.20,0.23,0.19,0.13,0.09,0.04,0.08,0.01,0.14,0.25,0.30,0.24,0.19,0.06,-0.33,-0.54,-0.48,-0.33,-0.39,0.28,0.33,0.29,0.44,0.60,0.72,0.67,0.74,0.92,0.95,0.98,1.15,1.14,0.82,1.08,1.19,1.13,1.01,0.98,1.07,1.07,1.00,1.09,1.11,0.95,1.00,1.04,1.06,1.15,1.06,1.12,1.03,1.25,1.33,1.25,1.15,1.24,1.24,1.31,1.28,1.20,1.24,1.20,1.14,1.23,1.27,1.24,1.19,1.06,1.18,1.04
1.42,1.45,1.40,1.31,1.19,1.06,1.47,1.52,1.50,1.38,1.23,1.44,1.83,1.78,1.72,1.68,1.58,1.95,1.77,1.64,1.51,1.51,1.57,1.56,1.50,1.66,1.47,1.69,1.85,1.85,1.86,2.01,2.19,2.22,2.45,2.68,2.69,2.51,2.33,2.19,2.11,1.97,2.02,2.00,2.03,1.89,1.85,1.71,1.45,1.34,1.28,1.11,0.97,0.85,0.53,0.38,0.35,0.51,0.51,0.40,0.13,-0.08,-0.02,-0.03,-0.08,-0.06,0.06,0.04,-0.04,-0.04,-0.04,0.07,0.20,0.17,0.04,0.24,-0.01,0.07,0.03,0.20,-0.04,-0.19,-0.08,0.01,-0.03,-0.12,-0.14,-0.03,0.13,0.10,-0.08,-0.02,0.02,0.06,-0.24,-0.02,0.13,-0.03,-0.23,-0.22,-0.01,0.06,-0.07,-0.21,-0.38,-0.46,-0.46,-0.27,-0.39,0.23,0.25,0.24,0.40,0.61,0.92,0.88,0.74,0.82,0.87,0.92,1.14,1.17,0.90,1.06,1.20,1.06,0.98,1.04,0.93,0.91,0.91,0.84,1.03,1.12,1.02,1.02,1.09,1.08,1.02,1.15,0.88,1.04,1.17,1.12,1.06,0.92,1.22,1.29,1.24,1.17,1.11,0.93,1.07,1.03,0.96,0.91,0.87,0.87,0.92,0.93
1.25,1.39,1.23,1.18,1.20,0.97,1.23,1.25,1.40,1.53,1.51,1.61,1.85,1.72,1.75,1.74,1.68,1.86,1.78,1.73,1.63,1.56,1.44,1.36,1.57,1.62,1.72,1.82,1.73,1.63,1.72,1.88,1.91,1.90,2.28,2.31,2.29,2.11,1.82,1.74,1.91,1.95,1.90,1.73,1.69,1.78,1.45,1.41,1.27,1.17,1.08,0.88,0.75,0.76,0.51,0.44,0.54,0.59,0.76,0.39,0.10,-0.01,0.01,-0.01,-0.03,-0.09,-0.18,-0.16,-0.06,-0.22,-0.24,-0.06,-0.08,0.04,0.08,-0.08,-0.31,-0.16,-0.19,0.07,0.08,-0.16,-0.27,-0.03,0.12,0.01,-0.07,-0.14,-0.16,-0.24,-0.31,-0.17,-0.29,0.02,-0.37,-0.27,-0.28,-0.19,-0.32,-0.23,-0.04,0.02,-0.04,-0.19,-0.39,-0.43,-0.52,-0.36,-0.21,0.27,0.28,0.19,0.33,0.49,0.88,0.98,0.72,0.61,0.77,0.87,1.06,0.86,0.98,1.08,1.03,0.88,0.88,1.01,0.88,0.85,0.86,0.81,0.97,1.01,0.91,0.90,1.04,1.04,0.85,1.14,1.03,1.04,1.03,0.87,0.76,0.69,0.88,0.86,0.80,0.84,0.97,0.66,0.74,0.84,0.70,0.44,0.33,0.72,0.67,0.65
