-31.30,-31.51,-31.24,-31.36,-31.34,-31.55,-31.70,-31.80,-31.98,-32.10,-32.12,-32.19,-31.96,-31.80,-32.51,-32.57,-32.61,-32.45,-32.53,-32.73,-32.83,-32.73,-32.65,-33.26,-32.94,-32.96,-33.16,-32.92,-32.51,-32.88,-33.24,-32.92,-33.10,-33.52,-33.44,-33.10,-33.12,-33.16,-32.94,-33.58,-33.77,-33.64,-33.46,-33.68,-33.87,-33.81,-33.83,-33.91,-33.97,-33.85,-33.54,-34.17,-34.23,-33.95,-33.68,-33.85,-33.95,-33.93,-33.87,-33.91,-34.11,-34.25,-34.21,-34.54,-34.84,-34.97,-34.60,-34.66,-34.64,-34.31,-34.68,-34.70,-34.64,-34.56,-34.68,-35.09,-35.01,-34.54,-34.48,-34.41,-34.15,-34.56,-34.41,-34.50,-34.78,-34.97,-34.31,-34.82,-34.41,-34.74,-34.91,-35.03,-34.62,-34.37,-34.39,-34.50,-34.39,-34.17,-34.39,-34.66,-34.39,-34.13,-34.37,-34.13,-34.21,-34.15,-33.75,-33.64,-33.66,-33.85,-34.05,-34.11,-34.27,-34.52,-34.41,-34.43,-34.66,-34.19,-34.41,-34.11,-33.95,-34.09,-34.13,-33.91,-33.38,-33.44,-33.48,-33.79,-33.79,-33.77,-33.79,-33.58,-33.20,-33.38,-33.54,-34.13,-33.64,-33.44,-33.50,-33.54,-33.60,-33.85,-33.73,-33.54,-33.20,-33.00,-32.73,-32.43,-33.22,-33.24,-33.22,-33.26,-33.18,-32.85,-32.53,-32.51,-32.53,-32.57,-32.67,-32.55
-30.89,-31.16,-30.74,-31.07,-31.03,-31.18,-31.32,-31.34,-31.18,-31.49,-31.76,-31.84,-31.82,-31.80,-31.96,-32.00,-32.13,-32.00,-32.00,-32.31,-32.59,-32.51,-32.65,-32.87,-32.59,-32.41,-32.55,-32.61,-32.53,-32.83,-32.49,-32.88,-32.71,-32.98,-32.92,-32.51,-32.69,-32.88,-32.47,-33.16,-33.42,-33.30,-33.08,-33.18,-33.34,-33.44,-33.54,-33.60,-33.64,-33.58,-33.20,-33.87,-33.95,-33.54,-33.22,-33.14,-33.48,-33.60,-33.66,-33.75,-33.91,-34.29,-33.83,-34.09,-34.66,-34.76,-34.19,-34.15,-34.39,-34.29,-34.48,-34.60,-34.15,-34.05,-34.29,-34.62,-34.82,-34.54,-34.27,-34.41,-34.31,-34.56,-34.43,-34.21,-34.39,-34.35,-34.13,-34.45,-33.81,-33.91,-33.95,-34.45,-34.52,-34.13,-34.07,-34.21,-34.21,-34.23,-34.37,-34.31,-33.87,-33.89,-34.07,-33.73,-33.83,-33.79,-33.52,-33.26,-33.04,-33.10,-33.34,-33.52,-33.85,-34.17,-33.73,-34.09,-33.87,-34.07,-33.58,-33.02,-33.38,-33.91,-33.97,-33.66,-33.34,-33.24,-33.08,-33.18,-33.42,-33.22,-33.12,-33.10,-33.08,-33.14,-32.92,-32.94,-32.94,-32.63,-32.31,-32.43,-32.79,-33.10,-33.10,-32.98,-32.92,-32.85,-32.65,-32.43,-32.77,-32.90,-33.10,-33.00,-32.59,-32.19,-32.53,-32.55,-32.29,-32.31,-32.53,-32.61
-30.38,-30.66,-30.38,-30.83,-30.89,-30.89,-30.82,-30.59,-30.80,-30.95,-31.57,-31.78,-31.55,-31.26,-31.49,-31.41,-31.74,-31.74,-31.69,-31.90,-32.10,-32.25,-32.25,-32.51,-32.67,-32.49,-32.23,-32.35,-32.75,-32.39,-32.59,-32.45,-32.55,-32.67,-32.43,-32.15,-32.53,-32.55,-32.37,-32.77,-33.04,-32.79,-32.67,-32.87,-32.92,-33.04,-33.28,-33.20,-33.28,-33.14,-32.67,-33.24,-33.48,-33.12,-32.98,-33.10,-33.24,-33.32,-33.42,-33.42,-33.34,-33.68,-33.79,-33.50,-34.25,-34.03,-33.77,-33.85,-33.52,-34.21,-34.03,-34.31,-33.95,-33.48,-33.66,-34.03,-34.15,-34.11,-34.03,-33.97,-33.66,-33.83,-33.62,-33.73,-33.79,-33.77,-34.01,-33.91,-33.28,-33.75,-33.58,-33.64,-33.73,-33.81,-33.95,-34.11,-34.15,-33.97,-33.77,-33.48,-33.50,-33.52,-33.50,-33.66,-33.44,-33.32,-33.20,-32.79,-32.43,-32.63,-32.85,-32.88,-33.20,-33.48,-33.44,-33.81,-33.24,-33.04,-33.28,-33.08,-32.96,-33.18,-33.18,-33.10,-33.30,-32.75,-32.77,-32.75,-32.81,-32.67,-32.49,-32.67,-32.94,-32.85,-32.49,-32.98,-32.63,-32.12,-32.15,-32.39,-32.81,-33.16,-32.55,-32.87,-32.57,-32.53,-32.47,-32.31,-32.57,-32.57,-32.73,-32.73,-32.59,-32.39,-32.61,-32.33,-32.02,-32.02,-32.25,-32.59
-30.07,-30.28,-30.20,-30.20,-30.20,-30.41,-30.57,-30.43,-30.72,-30.83,-31.20,-31.32,-31.01,-30.62,-31.14,-30.97,-31.39,-31.57,-31.45,-31.55,-31.70,-31.57,-31.53,-31.74,-32.15,-32.51,-32.33,-31.59,-31.55,-31.88,-32.06,-32.06,-32.19,-32.35,-32.17,-31.96,-32.33,-32.19,-32.27,-32.49,-32.77,-32.33,-32.29,-32.75,-32.87,-32.67,-32.77,-32.69,-32.77,-32.69,-32.73,-33.04,-32.94,-33.02,-32.75,-32.79,-32.90,-32.98,-33.02,-33.10,-33.24,-33.14,-33.14,-32.90,-33.42,-34.09,-33.28,-33.48,-33.32,-33.60,-33.56,-33.56,-33.60,-33.40,-33.20,-33.24,-33.42,-33.56,-33.70,-33.60,-33.34,-33.46,-33.16,-33.52,-33.16,-33.18,-33.24,-33.48,-33.36,-33.04,-33.14,-33.34,-33.52,-33.34,-33.22,-33.38,-33.64,-33.95,-33.56,-32.85,-32.71,-33.28,-33.56,-32.98,-33.18,-32.90,-32.65,-32.31,-32.10,-32.41,-32.43,-32.23,-32.39,-32.85,-33.14,-32.96,-32.59,-32.45,-32.85,-32.43,-32.59,-32.94,-32.90,-32.85,-32.88,-32.49,-32.10,-32.75,-32.29,-32.39,-32.17,-32.35,-32.61,-32.53,-32.27,-32.71,-32.27,-32.08,-31.92,-32.10,-32.37,-32.27,-32.10,-32.45,-31.86,-31.82,-31.84,-31.92,-32.41,-32.27,-32.41,-32.39,-32.19,-32.08,-32.27,-31.86,-32.08,-32.12,-32.21,-32.51
-30.03,-30.26,-30.17,-30.22,-30.18,-30.41,-30.68,-30.34,-30.72,-30.72,-30.68,-30.76,-30.80,-30.45,-31.03,-30.87,-31.01,-31.20,-30.99,-30.83,-31.36,-31.63,-31.57,-31.57,-31.88,-32.19,-32.04,-31.55,-31.32,-31.37,-31.74,-31.80,-31.84,-31.88,-31.88,-31.74,-31.78,-31.88,-32.06,-32.39,-32.57,-32.27,-32.12,-32.45,-32.61,-32.37,-32.65,-32.75,-32.47,-32.27,-32.51,-32.67,-32.94,-32.92,-32.41,-32.33,-32.71,-32.96,-32.75,-32.59,-32.88,-32.88,-33.46,-33.00,-33.34,-33.64,-33.14,-33.14,-33.16,-33.50,-33.18,-33.04,-33.04,-33.16,-32.94,-33.00,-33.30,-33.04,-33.02,-33.26,-33.26,-33.00,-32.98,-33.24,-33.08,-33.00,-32.79,-33.26,-33.44,-32.94,-32.90,-33.18,-33.36,-33.04,-32.98,-33.20,-33.28,-33.38,-33.38,-33.06,-32.61,-32.69,-32.87,-32.35,-32.43,-32.35,-32.33,-31.98,-31.84,-31.88,-31.84,-31.53,-31.61,-32.19,-32.45,-32.15,-32.04,-32.17,-32.12,-32.15,-32.21,-32.49,-32.57,-32.47,-32.51,-32.47,-32.12,-32.23,-31.67,-31.90,-31.94,-32.00,-32.12,-32.10,-31.92,-31.96,-31.86,-31.98,-31.72,-31.90,-31.96,-31.63,-31.36,-31.36,-31.14,-31.20,-30.99,-31.10,-31.82,-32.02,-32.15,-32.08,-31.84,-31.84,-32.06,-31.39,-31.34,-31.41,-31.63,-31.96
-29.81,-30.47,-30.05,-30.22,-29.92,-29.66,-29.96,-30.09,-30.41,-30.36,-30.36,-30.49,-30.70,-30.62,-31.05,-30.93,-30.82,-30.82,-30.91,-30.66,-31.28,-31.49,-31.18,-31.20,-31.39,-31.51,-31.69,-31.22,-30.93,-31.14,-31.26,-31.45,-31.47,-31.51,-31.63,-31.51,-31.45,-31.65,-31.94,-32.25,-32.31,-32.04,-31.82,-32.04,-32.19,-32.00,-32.67,-32.25,-32.41,-32.19,-31.84,-32.23,-32.47,-32.67,-32.53,-32.37,-32.51,-32.45,-32.17,-32.17,-32.59,-32.55,-32.83,-32.79,-33.34,-33.40,-32.94,-33.00,-32.94,-33.18,-32.79,-32.81,-32.69,-32.79,-32.75,-32.79,-32.96,-32.69,-32.61,-32.85,-32.88,-32.57,-32.71,-32.71,-32.85,-32.63,-32.53,-32.96,-32.98,-32.67,-32.53,-32.71,-32.75,-32.73,-33.02,-32.90,-32.59,-32.63,-32.73,-32.57,-31.82,-32.13,-32.63,-32.59,-31.55,-31.94,-31.57,-31.51,-31.12,-31.20,-31.18,-30.93,-30.93,-31.26,-31.39,-31.18,-31.07,-31.53,-31.41,-31.67,-31.84,-32.02,-31.98,-32.06,-32.25,-32.10,-31.70,-32.00,-31.55,-31.67,-31.36,-31.41,-31.47,-31.37,-31.20,-31.05,-31.05,-31.03,-30.85,-30.64,-30.20,-29.77,-29.41,-28.59,-28.15,-28.20,-28.41,-28.98,-30.17,-31.30,-31.69,-31.70,-31.53,-31.55,-31.57,-31.01,-30.95,-31.01,-31.30,-31.47
-29.43,-29.81,-29.62,-29.50,-29.66,-29.79,-29.84,-29.69,-30.18,-30.28,-30.17,-30.26,-30.47,-30.55,-30.87,-30.87,-30.64,-30.64,-30.91,-31.07,-31.28,-31.10,-30.76,-30.62,-30.74,-30.83,-30.97,-30.72,-30.85,-31.05,-30.91,-31.12,-31.28,-31.32,-31.57,-31.18,-31.70,-31.57,-31.84,-31.67,-31.78,-31.72,-31.63,-31.74,-31.94,-31.96,-32.51,-32.04,-31.88,-32.00,-32.02,-32.06,-32.13,-32.47,-32.53,-32.31,-32.15,-32.00,-31.96,-32.08,-32.17,-32.19,-32.15,-32.53,-32.96,-33.20,-32.55,-32.77,-32.75,-32.73,-32.61,-32.73,-32.51,-32.41,-32.47,-32.49,-32.51,-32.47,-32.45,-32.53,-32.53,-32.17,-32.43,-32.19,-32.45,-32.23,-32.27,-32.47,-32.35,-32.19,-32.17,-32.21,-32.10,-32.13,-32.43,-32.31,-32.06,-32.13,-32.41,-32.27,-31.57,-31.45,-32.25,-32.06,-31.70,-31.10,-30.78,-29.84,-30.20,-30.45,-30.13,-29.71,-29.39,-29.32,-29.19,-28.70,-28.81,-30.09,-30.38,-30.74,-31.26,-31.37,-31.24,-31.18,-31.18,-31.14,-30.99,-30.91,-31.28,-31.03,-30.47,-30.78,-30.91,-30.59,-30.07,-29.64,-29.19,-28.66,-28.37,-27.56,-26.51,-25.54,-24.48,-23.14,-21.75,-21.41,-21.80,-23.55,-26.44,-29.11,-30.95,-31.07,-31.07,-31.08,-31.03,-30.83,-30.72,-30.95,-31.12,-31.08
-29.24,-29.58,-29.00,-28.98,-29.34,-29.73,-29.88,-29.47,-29.82,-30.09,-29.98,-29.75,-30.28,-30.01,-30.24,-30.51,-30.47,-30.13,-30.15,-30.30,-30.55,-30.45,-30.13,-29.94,-30.00,-30.11,-30.38,-30.38,-30.76,-30.82,-30.76,-30.97,-31.07,-30.95,-31.12,-30.39,-30.70,-30.95,-31.32,-31.28,-31.49,-31.57,-31.41,-31.28,-31.41,-31.72,-32.15,-31.86,-31.70,-31.69,-31.92,-32.08,-31.90,-31.96,-32.13,-32.08,-31.82,-31.72,-31.90,-32.02,-31.84,-31.80,-32.02,-32.29,-32.55,-32.69,-32.21,-32.39,-32.47,-32.53,-32.59,-32.53,-32.31,-32.12,-32.15,-32.33,-32.39,-32.25,-32.25,-32.41,-32.37,-31.96,-32.10,-31.84,-32.17,-32.08,-31.96,-32.02,-31.72,-31.70,-31.84,-31.82,-31.72,-31.63,-31.70,-31.74,-31.80,-31.78,-31.57,-31.51,-31.14,-30.95,-31.34,-30.91,-30.78,-29.98,-29.17,-28.74,-28.24,-27.95,-27.13,-26.14,-25.36,-24.41,-23.52,-23.47,-24.61,-27.16,-27.87,-29.13,-29.81,-30.22,-30.28,-30.24,-30.13,-30.05,-30.03,-29.90,-29.94,-29.32,-28.98,-29.04,-28.94,-28.28,-27.36,-26.60,-25.59,-24.29,-23.30,-22.03,-20.25,-18.46,-16.73,-14.90,-13.22,-12.61,-13.15,-15.72,-20.13,-25.38,-29.28,-30.00,-30.38,-30.64,-30.82,-30.59,-30.55,-30.70,-30.60,-30.45
-28.70,-29.09,-28.65,-28.65,-29.11,-29.30,-29.47,-29.24,-29.30,-29.39,-29.52,-29.77,-29.50,-29.34,-29.94,-30.30,-30.09,-29.77,-29.71,-29.88,-30.09,-30.07,-29.79,-29.69,-29.84,-29.49,-30.20,-30.20,-30.20,-30.30,-30.45,-30.51,-30.34,-30.20,-30.32,-29.82,-29.37,-30.00,-30.57,-30.91,-31.30,-31.36,-31.14,-31.14,-31.24,-31.39,-31.70,-31.43,-31.57,-31.32,-31.57,-31.84,-31.67,-31.57,-31.63,-31.63,-31.49,-31.49,-31.65,-31.74,-31.78,-31.43,-31.78,-31.78,-32.33,-32.10,-32.04,-32.15,-32.02,-32.27,-32.21,-32.12,-32.04,-32.00,-31.98,-31.98,-31.92,-31.78,-31.94,-32.04,-31.84,-31.92,-31.55,-31.55,-31.90,-31.72,-31.61,-31.72,-31.05,-31.08,-31.10,-31.37,-31.43,-31.34,-31.16,-31.14,-31.34,-31.03,-30.41,-30.24,-29.86,-29.41,-29.26,-29.00,-28.04,-26.89,-25.76,-24.45,-22.67,-21.18,-19.50,-17.47,-15.37,-13.36,-12.67,-14.21,-17.15,-21.03,-22.60,-25.45,-26.41,-27.69,-28.39,-28.91,-28.74,-28.20,-28.13,-28.04,-27.51,-26.59,-25.91,-24.78,-23.90,-22.80,-21.46,-20.15,-18.84,-16.50,-15.34,-13.71,-11.63,-9.75,-7.97,-6.34,-5.36,-5.04,-6.09,-8.60,-13.43,-20.57,-27.09,-29.22,-29.94,-30.80,-30.91,-30.20,-30.38,-30.13,-30.07,-29.92
-28.18,-28.55,-28.59,-28.59,-28.85,-28.94,-28.89,-28.68,-28.94,-29.45,-29.84,-29.62,-29.39,-29.32,-29.62,-29.84,-29.81,-29.81,-29.67,-29.47,-29.64,-29.84,-29.77,-29.69,-30.01,-29.30,-30.07,-29.96,-29.71,-29.94,-30.17,-30.05,-29.73,-29.20,-27.91,-26.64,-25.82,-27.56,-29.32,-30.43,-31.03,-31.07,-30.91,-31.10,-31.14,-31.41,-31.26,-30.97,-31.36,-31.03,-31.22,-31.51,-31.45,-31.45,-31.34,-31.03,-30.95,-31.12,-31.39,-31.34,-31.45,-31.01,-31.30,-31.39,-31.96,-31.69,-31.43,-31.36,-31.53,-31.49,-31.51,-31.51,-31.26,-31.16,-31.28,-31.37,-31.36,-31.26,-31.55,-31.76,-31.43,-31.28,-31.16,-31.10,-31.34,-30.87,-31.14,-31.08,-30.34,-29.94,-30.05,-30.64,-30.82,-30.57,-30.01,-29.82,-29.82,-29.37,-28.74,-28.11,-27.20,-26.28,-25.39,-24.29,-22.43,-20.33,-18.30,-16.02,-13.18,-10.80,-8.22,-6.13,-4.14,-2.56,-2.09,-2.96,-5.58,-9.69,-13.59,-17.61,-20.34,-22.67,-24.24,-25.54,-25.52,-24.80,-24.19,-23.14,-22.08,-20.60,-18.76,-17.06,-15.61,-13.85,-12.05,-10.52,-9.11,-7.30,-5.92,-4.39,-3.04,-1.76,-0.61,0.18,0.41,0.14,-1.07,-3.66,-9.20,-17.34,-25.45,-27.96,-29.47,-30.41,-30.38,-29.88,-30.00,-29.73,-29.81,-29.73
-27.76,-28.06,-28.41,-28.55,-28.46,-28.65,-28.66,-28.72,-28.96,-29.26,-29.37,-29.20,-29.00,-29.17,-29.22,-29.30,-29.49,-29.81,-29.71,-29.13,-29.11,-29.52,-29.69,-29.45,-29.62,-29.62,-29.81,-29.62,-29.50,-29.66,-29.32,-28.37,-27.73,-27.14,-25.18,-22.89,-22.08,-24.76,-28.09,-29.98,-30.70,-30.78,-30.49,-30.70,-30.83,-31.14,-30.93,-30.74,-31.08,-30.78,-30.80,-31.16,-31.14,-31.16,-31.07,-30.70,-30.59,-30.62,-30.85,-30.64,-30.91,-30.60,-30.45,-30.57,-31.32,-31.22,-31.14,-31.12,-30.74,-31.14,-31.12,-30.97,-30.85,-30.55,-30.57,-30.95,-31.12,-31.07,-31.20,-31.01,-30.53,-30.45,-30.62,-30.55,-30.18,-30.18,-30.28,-30.15,-29.52,-28.96,-29.39,-29.49,-29.22,-28.46,-27.58,-27.07,-26.66,-25.92,-24.85,-23.38,-21.46,-19.58,-17.57,-14.97,-12.56,-9.92,-7.35,-5.48,-3.03,-1.31,0.37,1.46,2.35,3.00,3.17,2.60,1.17,-1.16,-3.14,-6.39,-9.91,-13.86,-16.49,-18.62,-19.27,-18.60,-16.95,-14.79,-13.22,-11.30,-9.22,-7.60,-6.15,-4.62,-3.19,-2.10,-1.08,0.32,1.31,1.99,2.78,3.65,4.13,4.25,3.94,3.38,2.12,-0.91,-6.73,-15.03,-23.71,-27.69,-29.09,-29.94,-29.92,-29.73,-29.94,-29.24,-29.37,-29.50
-27.45,-27.65,-27.82,-27.87,-27.56,-28.13,-27.98,-28.35,-28.78,-28.91,-28.78,-28.87,-28.83,-28.76,-28.70,-28.74,-29.07,-29.43,-29.32,-28.98,-28.85,-29.11,-29.34,-29.22,-29.58,-29.35,-29.47,-29.20,-29.07,-28.83,-28.15,-27.05,-26.23,-26.03,-23.90,-21.35,-21.51,-24.03,-27.58,-29.75,-30.38,-30.39,-30.03,-30.09,-30.38,-30.45,-30.59,-30.57,-30.70,-30.32,-30.39,-30.59,-30.60,-30.80,-30.62,-30.18,-30.41,-30.60,-30.11,-30.22,-30.34,-30.26,-30.01,-29.98,-30.38,-30.78,-30.93,-30.59,-30.49,-30.80,-30.89,-30.76,-30.43,-30.28,-30.30,-30.32,-30.49,-30.51,-30.07,-30.11,-30.09,-29.98,-30.00,-29.43,-29.20,-28.98,-29.26,-28.91,-28.20,-28.11,-27.78,-26.95,-26.14,-24.83,-23.81,-22.35,-20.33,-18.47,-16.38,-13.68,-10.87,-8.29,-6.08,-3.65,-1.69,0.09,1.77,2.53,3.74,4.16,4.57,4.83,5.03,5.10,5.11,4.98,4.39,3.55,2.52,1.00,-1.05,-3.37,-5.89,-8.55,-9.32,-8.40,-6.77,-4.93,-3.25,-1.85,-0.58,0.55,1.33,2.11,2.88,3.50,4.09,4.74,5.08,5.50,5.84,6.24,6.51,6.43,5.95,5.39,3.67,0.51,-5.11,-13.34,-22.36,-27.25,-28.55,-29.49,-29.54,-29.47,-29.75,-29.45,-29.37,-29.52
-27.31,-27.74,-27.82,-27.53,-27.78,-28.07,-27.80,-27.78,-28.04,-28.24,-28.33,-28.53,-28.57,-28.33,-28.24,-28.37,-28.68,-28.83,-28.70,-28.55,-28.50,-28.57,-28.78,-28.94,-28.92,-28.63,-29.02,-28.89,-28.55,-28.09,-27.51,-26.98,-26.64,-26.62,-25.68,-23.38,-23.47,-25.20,-27.69,-29.41,-29.96,-29.98,-29.77,-29.90,-30.09,-30.47,-30.11,-30.00,-30.05,-29.98,-29.90,-30.26,-30.47,-30.28,-30.09,-30.03,-30.34,-30.26,-29.88,-29.86,-29.92,-29.37,-29.52,-29.43,-29.84,-30.41,-30.36,-30.24,-30.03,-30.18,-30.09,-30.13,-29.96,-29.77,-29.90,-30.00,-29.94,-29.88,-29.84,-29.22,-28.96,-29.19,-29.34,-28.66,-27.74,-26.85,-25.96,-26.01,-24.97,-23.71,-22.11,-20.41,-18.89,-16.81,-14.16,-10.93,-7.89,-5.53,-3.17,-0.91,0.61,1.74,2.55,3.42,4.09,4.85,5.46,5.56,5.77,5.71,5.87,5.87,5.75,5.63,5.77,5.81,5.63,5.51,5.11,4.76,3.79,2.58,1.90,0.71,0.48,0.97,1.84,2.94,3.65,4.02,4.65,5.26,5.40,5.77,6.03,6.23,6.53,6.83,6.84,6.97,7.01,7.07,7.28,7.21,6.74,6.25,4.44,1.17,-4.16,-12.37,-21.51,-26.59,-28.04,-29.07,-29.11,-29.11,-29.28,-29.17,-28.94,-29.07
-26.87,-27.31,-27.40,-27.14,-27.16,-27.27,-27.40,-27.69,-27.85,-27.80,-28.18,-28.22,-28.09,-27.96,-27.95,-28.15,-28.39,-28.31,-28.48,-28.31,-27.96,-27.98,-28.50,-28.53,-28.28,-28.63,-28.53,-28.41,-28.15,-27.95,-27.76,-27.34,-27.47,-27.45,-27.43,-25.78,-25.52,-26.53,-27.87,-28.92,-29.52,-29.62,-29.54,-29.54,-30.18,-30.03,-29.73,-29.54,-29.43,-29.39,-29.52,-29.92,-30.13,-29.81,-29.26,-29.04,-29.35,-29.09,-28.94,-29.22,-29.22,-28.41,-28.48,-28.63,-28.89,-29.49,-29.45,-29.34,-29.30,-29.39,-29.52,-29.82,-29.41,-28.91,-28.98,-29.02,-29.02,-28.72,-28.29,-27.71,-27.05,-26.69,-26.21,-24.71,-23.97,-22.08,-20.28,-19.00,-15.95,-13.22,-10.09,-7.23,-4.95,-2.82,-0.91,0.71,2.06,3.11,3.86,4.42,4.95,5.25,5.33,5.73,5.79,6.22,6.59,6.18,5.86,6.00,6.28,6.31,6.15,6.03,6.24,6.39,6.33,6.45,6.51,6.43,6.28,5.82,5.53,5.19,5.50,5.78,6.24,6.71,6.68,6.89,7.13,7.33,7.26,7.47,7.40,7.33,7.48,7.68,7.66,7.68,7.66,7.63,7.70,7.69,7.52,6.94,5.03,1.88,-3.18,-11.39,-20.41,-26.05,-27.87,-28.53,-28.59,-28.74,-28.87,-28.59,-28.33,-28.87
-26.73,-26.73,-26.76,-26.85,-27.11,-27.27,-27.18,-27.43,-27.84,-27.62,-27.85,-27.89,-27.76,-27.65,-27.63,-27.60,-27.76,-28.31,-28.22,-27.95,-27.82,-27.89,-28.13,-28.11,-27.95,-28.18,-28.06,-27.95,-27.95,-27.96,-27.85,-27.38,-27.47,-27.58,-27.62,-26.19,-26.23,-27.04,-27.93,-28.61,-29.07,-29.11,-28.98,-29.13,-29.52,-29.35,-28.89,-28.98,-28.85,-29.11,-29.32,-29.60,-29.66,-29.19,-28.66,-28.42,-28.78,-28.59,-28.20,-27.53,-27.11,-25.61,-24.40,-24.57,-25.94,-27.27,-28.11,-28.57,-28.59,-28.57,-28.48,-28.55,-27.93,-27.14,-27.22,-27.22,-26.71,-25.92,-24.82,-23.81,-22.40,-20.80,-18.71,-15.96,-13.42,-10.02,-7.48,-5.64,-3.17,-1.27,0.45,1.91,2.53,3.42,4.19,4.55,4.95,5.33,5.56,5.73,6.00,6.10,5.87,6.08,5.91,6.24,6.28,6.45,6.47,6.35,6.48,6.55,6.76,6.62,6.79,6.98,6.99,7.14,7.29,7.33,7.29,7.20,7.25,7.34,7.47,7.56,7.76,7.87,7.64,7.31,7.61,7.74,7.95,7.99,8.00,7.99,8.04,8.10,8.07,8.19,8.24,8.16,8.12,8.00,7.78,7.22,5.77,2.45,-2.09,-9.69,-18.68,-25.57,-27.87,-27.93,-28.07,-28.35,-28.42,-28.17,-28.17,-28.50
-26.07,-26.26,-26.37,-26.48,-26.89,-27.20,-27.05,-27.02,-27.31,-27.14,-27.18,-27.34,-27.63,-27.49,-26.98,-27.22,-27.14,-27.74,-27.78,-27.56,-27.49,-27.53,-27.65,-27.73,-27.76,-27.73,-27.65,-27.60,-27.65,-27.82,-27.89,-27.22,-27.18,-27.29,-27.23,-26.01,-25.98,-26.60,-27.45,-28.28,-28.55,-28.65,-28.55,-28.74,-28.83,-29.32,-29.30,-28.83,-28.55,-28.70,-28.72,-28.57,-28.65,-28.66,-28.18,-27.76,-27.54,-27.49,-26.57,-25.25,-24.03,-20.70,-13.94,-14.09,-19.02,-23.40,-25.82,-27.04,-27.11,-26.89,-26.82,-26.66,-25.59,-24.33,-23.69,-22.84,-21.33,-19.31,-17.03,-14.25,-11.52,-8.88,-6.32,-3.82,-1.95,0.14,1.63,2.49,3.68,4.41,4.59,4.95,4.99,5.37,5.54,5.67,5.81,5.97,5.92,5.93,6.22,6.44,6.51,6.39,6.25,6.63,6.76,6.73,7.01,6.99,6.97,7.10,7.20,7.31,7.53,7.55,7.49,7.62,7.74,7.78,7.71,7.78,7.94,7.99,8.04,8.04,8.06,8.13,8.12,8.14,8.54,8.47,8.51,8.56,8.67,8.65,8.58,8.49,8.40,8.57,8.65,8.49,8.45,8.29,8.04,7.54,5.95,2.92,-1.24,-9.05,-18.24,-25.03,-26.91,-27.49,-27.74,-27.95,-28.00,-27.93,-28.09,-28.17
-25.78,-26.05,-26.10,-26.35,-26.51,-26.64,-26.62,-26.55,-26.57,-26.30,-26.69,-26.80,-26.95,-27.09,-27.04,-26.89,-27.07,-27.20,-27.25,-27.16,-27.11,-27.22,-27.31,-27.29,-27.34,-27.14,-27.22,-27.29,-27.18,-27.25,-27.84,-26.96,-26.95,-26.75,-26.46,-25.46,-24.94,-25.39,-26.41,-27.38,-28.04,-28.41,-27.98,-28.55,-28.68,-28.50,-28.52,-28.29,-28.18,-28.04,-27.85,-27.84,-27.89,-27.74,-27.25,-26.59,-25.78,-25.46,-23.71,-21.05,-17.15,-11.29,-3.36,-2.77,-7.48,-14.75,-20.41,-23.47,-24.02,-23.59,-22.79,-21.68,-19.82,-17.36,-15.18,-13.00,-10.33,-7.65,-5.37,-2.84,-0.61,1.22,2.49,3.55,4.31,4.81,5.26,5.51,5.63,5.82,5.82,5.80,5.85,5.97,6.13,6.02,5.96,6.03,6.13,6.31,6.68,6.92,6.82,6.86,6.84,7.18,7.49,7.79,7.80,7.60,7.74,7.95,7.98,8.12,8.24,8.03,7.80,7.88,8.03,8.00,8.04,8.04,8.24,8.36,8.54,8.49,8.57,8.57,8.50,8.77,9.15,9.04,9.06,9.08,9.21,9.09,8.90,8.78,8.77,8.83,8.90,8.67,8.58,8.34,7.98,7.30,5.92,3.30,-0.82,-8.63,-17.39,-23.84,-26.30,-27.36,-27.65,-27.78,-27.76,-27.74,-27.91,-28.11
-25.61,-25.76,-25.78,-26.05,-26.19,-26.19,-26.05,-25.98,-26.26,-26.48,-26.82,-26.84,-26.75,-26.76,-26.87,-27.00,-26.75,-26.69,-26.82,-26.89,-26.80,-27.00,-27.07,-26.96,-26.93,-26.69,-26.78,-26.98,-26.76,-26.60,-26.91,-26.25,-25.71,-24.99,-24.36,-22.52,-21.35,-21.90,-23.54,-25.66,-27.14,-27.54,-27.36,-27.96,-28.09,-27.89,-27.51,-27.40,-27.34,-27.27,-26.96,-26.80,-26.73,-26.05,-25.59,-24.62,-22.65,-20.56,-16.44,-11.66,-6.51,-1.53,3.02,3.81,1.73,-3.79,-10.34,-15.64,-16.59,-15.21,-13.05,-10.84,-8.63,-6.01,-3.74,-1.85,0.35,2.09,3.20,4.13,4.92,5.36,5.44,5.64,5.89,5.95,6.16,6.17,5.93,6.07,6.30,6.21,6.26,6.31,6.47,6.40,6.40,6.55,6.82,7.05,7.32,7.60,7.61,7.66,7.82,8.07,7.94,8.33,8.24,7.96,8.02,8.07,8.05,8.16,8.27,8.30,8.15,8.11,8.32,8.43,8.60,8.55,8.80,8.82,9.13,9.08,9.12,9.11,9.11,9.30,9.40,9.42,9.37,9.36,9.33,9.18,9.04,8.97,8.96,9.00,9.14,8.77,8.54,8.17,7.64,6.94,5.87,3.48,-0.17,-7.76,-16.38,-23.02,-26.01,-27.27,-27.20,-27.47,-27.58,-27.60,-27.78,-28.00
-25.31,-25.32,-25.62,-25.39,-25.80,-26.03,-25.96,-25.75,-25.98,-26.03,-26.37,-26.62,-26.67,-26.60,-26.62,-26.48,-26.37,-26.16,-26.26,-26.57,-26.59,-26.69,-26.80,-26.62,-26.53,-26.46,-26.44,-26.55,-26.55,-26.25,-26.55,-25.25,-24.64,-21.61,-20.02,-18.14,-14.85,-13.65,-16.55,-20.52,-23.95,-26.14,-26.89,-27.49,-27.67,-27.45,-27.09,-26.82,-26.67,-26.39,-25.92,-25.68,-25.08,-23.57,-22.08,-19.47,-15.28,-10.79,-5.85,-1.60,1.73,4.20,5.63,5.92,5.44,3.38,-0.31,-4.78,-5.50,-3.56,-1.46,0.28,1.72,3.12,4.06,4.54,4.98,5.35,5.58,5.79,5.93,5.84,5.88,6.10,6.04,6.18,6.38,6.18,6.28,6.41,6.66,6.66,6.78,6.79,6.96,7.04,7.17,7.33,7.60,7.89,8.04,8.04,8.04,8.12,8.19,8.34,8.24,8.59,8.33,8.22,8.16,8.10,8.20,8.51,8.56,8.46,8.48,8.63,8.85,9.14,9.40,9.31,9.38,9.23,9.58,9.53,9.56,9.44,9.41,9.59,9.67,9.56,9.65,9.27,9.30,9.30,9.19,9.11,9.00,8.84,9.00,8.74,8.46,7.94,7.39,6.90,6.08,4.03,0.45,-6.84,-15.50,-22.30,-25.38,-26.78,-26.75,-26.91,-27.07,-27.20,-27.33,-27.54
-24.82,-25.04,-25.73,-25.25,-25.46,-25.71,-25.75,-25.71,-25.82,-25.45,-25.54,-26.05,-26.44,-26.26,-26.35,-26.23,-26.07,-25.91,-25.98,-26.25,-26.25,-26.35,-26.46,-26.32,-26.17,-26.14,-26.00,-25.82,-25.89,-25.78,-25.41,-23.69,-22.38,-15.46,-11.19,-9.89,-6.65,-3.71,-6.30,-11.26,-16.84,-23.81,-26.00,-26.78,-26.89,-26.66,-26.41,-26.07,-25.71,-25.01,-24.10,-23.23,-21.21,-18.00,-14.31,-9.91,-4.80,-0.64,2.45,4.06,4.85,5.88,6.41,6.46,6.32,5.53,4.68,3.55,3.36,4.26,4.90,5.01,5.16,5.52,5.84,5.93,5.89,5.85,5.84,6.01,6.16,5.94,6.24,6.21,6.29,6.54,6.68,6.54,6.99,7.04,7.29,7.38,7.54,7.50,7.65,7.80,7.96,7.98,8.08,8.25,8.27,8.16,8.13,8.25,8.29,8.37,8.48,8.57,8.39,8.81,8.50,8.83,8.77,9.06,9.37,9.36,9.39,9.48,9.51,9.66,9.66,9.44,9.54,9.54,9.75,9.66,9.71,9.65,9.67,9.81,9.75,9.48,9.65,9.44,9.25,9.13,9.10,8.97,8.82,8.81,8.84,8.74,8.41,7.72,7.26,6.97,6.29,4.48,1.01,-5.75,-14.63,-21.50,-24.54,-25.73,-26.19,-26.55,-26.96,-27.11,-27.04,-27.13
-24.40,-24.71,-25.32,-24.69,-24.99,-25.31,-25.15,-25.04,-25.04,-24.80,-24.85,-25.13,-25.52,-25.80,-25.68,-25.54,-25.64,-25.69,-25.78,-25.87,-25.68,-25.98,-26.05,-26.10,-26.12,-25.92,-25.57,-25.39,-25.39,-24.90,-24.61,-23.06,-19.47,-9.91,-3.93,-2.77,-1.02,1.95,0.98,-2.81,-10.30,-21.31,-24.59,-25.78,-25.66,-25.46,-25.01,-24.38,-23.60,-21.98,-19.64,-16.83,-12.55,-8.12,-4.05,-0.16,3.18,4.57,5.31,5.87,5.88,6.08,6.41,6.50,6.36,6.29,6.07,6.14,6.09,6.21,6.24,5.94,5.95,6.18,6.15,6.16,6.21,6.09,6.22,6.43,6.62,6.52,7.00,6.86,6.98,7.25,7.38,7.45,7.78,7.87,8.10,8.00,8.04,8.15,8.19,8.32,8.36,8.30,8.31,8.37,8.49,8.51,8.47,8.54,8.52,8.68,8.97,9.09,9.17,9.41,9.30,9.52,9.51,9.59,9.68,9.60,9.83,9.90,9.82,9.92,9.89,9.70,9.82,9.66,9.79,9.57,9.71,9.76,9.80,9.80,9.59,9.38,9.56,9.53,9.41,9.21,8.96,8.91,8.87,8.69,8.59,8.43,8.20,7.66,7.17,6.81,6.13,4.58,1.78,-4.50,-13.31,-20.16,-23.74,-25.39,-25.64,-26.37,-26.28,-26.35,-26.67,-26.62
-24.05,-24.66,-24.41,-24.73,-24.83,-24.73,-24.66,-24.89,-24.38,-24.31,-24.57,-24.80,-24.87,-25.27,-25.04,-24.89,-25.06,-25.20,-25.24,-25.31,-25.25,-25.31,-25.38,-25.71,-25.75,-25.48,-25.25,-25.03,-24.75,-24.12,-23.45,-21.35,-16.16,-6.17,0.12,1.73,2.78,4.80,4.59,1.74,-6.28,-18.70,-22.79,-23.57,-23.33,-22.82,-22.05,-20.70,-18.54,-15.03,-10.62,-6.44,-1.97,1.58,3.23,4.62,5.38,5.97,5.86,6.28,6.02,6.21,6.44,6.81,6.77,6.40,6.18,6.35,6.36,6.50,6.55,6.38,6.43,6.51,6.51,6.56,6.74,6.73,6.76,6.88,7.17,7.29,7.60,7.89,7.90,8.04,8.22,8.36,8.21,8.41,8.50,8.24,8.24,8.51,8.49,8.56,8.50,8.59,8.69,8.86,9.14,9.22,9.14,9.13,9.18,9.33,9.70,9.86,9.88,9.95,9.90,9.82,9.70,9.77,10.06,9.97,9.85,9.83,9.76,9.67,9.72,9.53,9.70,9.50,9.71,9.73,9.72,9.65,9.53,9.44,9.33,9.19,9.29,9.28,9.24,8.94,8.71,8.78,8.63,8.28,8.15,8.20,7.93,7.50,7.15,6.92,6.52,5.42,2.90,-2.77,-10.70,-17.53,-22.18,-24.69,-25.36,-25.68,-25.78,-26.07,-26.26,-26.30
-23.57,-24.00,-24.14,-24.16,-24.22,-24.28,-24.26,-24.21,-23.98,-24.05,-24.26,-24.54,-24.76,-24.71,-24.50,-24.73,-24.73,-24.73,-24.99,-25.36,-25.22,-24.80,-24.99,-24.89,-24.85,-24.76,-24.41,-24.07,-23.78,-23.11,-20.33,-16.64,-9.72,-1.64,3.13,4.45,5.03,6.00,6.20,4.07,-3.09,-14.66,-18.99,-19.19,-18.27,-16.66,-14.87,-12.58,-9.22,-4.97,-0.58,2.31,4.03,4.88,5.45,5.75,6.04,6.04,6.15,6.37,6.18,6.35,6.38,6.86,6.75,6.66,6.56,6.61,6.59,6.58,6.62,6.73,6.84,6.88,7.13,7.44,7.58,7.57,7.79,8.05,8.13,8.25,8.43,8.52,8.34,8.42,8.59,8.66,8.73,8.65,8.64,8.67,8.71,8.86,8.94,9.05,9.13,9.30,9.48,9.70,9.92,9.89,9.75,9.77,9.88,9.98,10.18,10.19,10.12,10.26,10.10,10.01,9.87,9.96,10.20,10.06,9.91,9.85,9.86,9.83,9.67,9.53,9.59,9.57,9.50,9.50,9.51,9.50,9.22,9.10,9.05,8.87,8.91,9.11,9.00,8.66,8.54,8.51,8.36,8.24,8.30,8.23,7.76,7.33,7.28,7.28,7.04,6.14,4.06,-0.08,-6.61,-13.31,-19.10,-23.18,-24.61,-25.06,-25.48,-25.59,-25.84,-26.21
-22.89,-23.35,-23.74,-23.88,-23.86,-23.84,-23.83,-23.76,-23.76,-23.84,-23.97,-24.10,-24.35,-24.35,-23.72,-24.05,-24.43,-24.59,-24.62,-24.68,-24.38,-24.28,-24.52,-24.12,-24.26,-24.28,-23.43,-23.40,-22.99,-20.69,-15.02,-8.74,-2.19,2.88,5.07,5.45,5.97,6.63,6.89,5.81,1.15,-6.84,-10.71,-10.50,-8.95,-6.67,-4.22,-1.65,0.88,2.82,4.42,5.19,5.91,5.68,5.93,5.89,6.07,6.18,6.23,6.45,6.35,6.30,6.38,6.74,6.91,6.81,6.77,6.78,6.94,7.05,7.08,7.22,7.40,7.73,7.99,8.14,8.16,8.07,8.23,8.48,8.80,8.69,8.66,8.50,8.34,8.63,8.88,8.80,9.14,9.47,9.38,9.34,9.43,9.56,9.71,9.85,9.91,9.91,10.06,10.31,10.47,10.30,10.08,10.09,10.12,10.19,10.20,10.06,10.02,10.14,10.02,10.13,9.95,10.06,10.09,9.96,9.87,9.76,9.71,9.65,9.41,9.33,9.36,9.56,9.40,9.47,9.51,9.46,9.22,9.09,8.94,8.71,8.73,9.03,8.78,8.59,8.50,8.40,8.17,8.06,8.08,7.94,7.45,7.49,7.28,7.52,7.58,6.86,5.45,2.42,-2.29,-8.37,-15.34,-21.30,-23.66,-24.92,-25.22,-25.27,-25.50,-25.71
-22.53,-22.80,-23.21,-23.33,-23.23,-23.13,-23.26,-23.38,-23.43,-23.54,-23.78,-23.97,-23.62,-24.00,-23.66,-23.88,-23.97,-23.74,-23.69,-24.07,-24.05,-23.91,-23.90,-23.84,-23.86,-23.64,-22.85,-22.42,-21.75,-18.32,-10.91,-3.17,2.47,5.56,5.95,5.42,6.00,6.96,6.92,6.59,4.81,1.53,-0.68,-0.14,1.13,2.53,3.62,4.31,4.94,5.37,5.73,5.94,6.00,5.82,5.95,5.94,6.28,6.53,6.39,6.41,6.26,6.31,6.53,6.79,7.28,7.25,7.28,7.25,7.38,7.60,7.74,8.02,8.27,8.52,8.65,8.54,8.48,8.46,8.68,8.92,9.10,9.14,9.05,9.11,9.29,9.59,9.52,9.60,9.80,10.08,10.07,10.08,10.16,10.13,10.31,10.21,10.24,10.19,10.21,10.31,10.33,10.28,10.20,10.16,10.08,10.08,10.07,9.96,9.89,9.81,9.70,9.68,9.70,9.69,9.62,9.70,9.65,9.44,9.38,9.34,9.22,9.15,9.21,9.15,9.12,9.20,9.02,9.03,8.97,9.03,8.97,8.75,8.69,8.66,8.56,8.49,8.39,8.30,8.10,7.99,7.99,7.87,7.54,7.48,7.44,7.62,7.62,7.31,6.63,4.11,0.90,-4.64,-12.16,-19.39,-23.23,-24.61,-24.96,-25.03,-25.13,-25.20
-22.00,-22.16,-22.53,-22.74,-22.77,-22.75,-22.80,-22.91,-22.99,-23.09,-23.33,-23.64,-23.64,-23.66,-23.42,-23.42,-23.54,-23.45,-23.02,-23.13,-22.92,-23.02,-22.80,-22.38,-22.20,-22.18,-21.66,-20.80,-19.43,-16.19,-9.20,-0.77,4.38,6.37,6.35,5.60,5.89,6.79,6.69,6.48,5.95,5.31,5.01,4.94,4.99,5.25,5.68,5.92,5.91,6.02,6.10,6.26,6.39,5.82,6.18,6.09,6.41,6.52,6.46,6.61,6.73,6.71,6.53,6.83,7.39,7.39,7.37,7.56,7.91,8.08,8.29,8.77,8.85,8.76,8.80,8.97,9.15,9.31,9.33,9.44,9.75,9.80,9.90,10.05,10.10,10.06,9.97,10.29,10.27,10.26,10.50,10.03,10.31,10.33,10.40,10.40,10.40,10.31,10.39,10.34,10.30,10.19,10.02,9.96,9.87,9.80,9.70,9.59,9.43,9.06,8.77,8.50,9.04,9.13,9.23,9.19,9.19,9.18,9.10,9.03,9.01,9.01,9.01,8.91,9.09,8.91,8.81,8.83,8.67,8.74,8.72,8.59,8.60,8.50,8.45,8.38,8.25,8.21,8.13,8.03,7.95,7.90,7.63,7.46,7.68,7.91,7.89,7.66,7.23,5.24,2.77,-2.37,-10.12,-17.83,-22.16,-24.03,-24.36,-24.52,-24.76,-24.82
-21.63,-21.73,-22.13,-22.28,-22.42,-22.75,-22.57,-22.77,-22.58,-22.42,-22.55,-22.91,-23.11,-22.85,-22.57,-22.72,-22.77,-22.33,-21.78,-21.90,-21.75,-21.51,-20.85,-19.89,-19.26,-18.97,-17.95,-16.08,-14.15,-10.87,-5.58,1.13,5.19,6.55,6.66,6.13,6.03,6.50,6.73,6.33,6.22,6.00,6.02,6.16,6.13,6.11,6.14,6.21,6.35,6.36,6.46,6.43,6.35,6.20,6.37,6.46,6.45,6.75,7.00,7.00,6.96,7.02,6.93,7.34,7.58,7.55,7.82,8.19,8.23,8.29,8.76,9.30,9.81,10.18,9.93,9.85,9.98,10.07,10.02,10.00,10.14,10.00,10.42,10.31,10.32,10.27,10.16,10.12,10.32,10.12,10.20,10.26,10.37,10.13,10.26,10.45,10.30,10.13,10.14,10.03,9.93,9.77,9.41,9.12,8.94,8.72,8.50,8.24,8.06,7.57,7.24,7.15,8.29,8.75,8.97,8.84,8.81,8.96,8.96,8.86,8.76,8.77,8.96,8.84,8.94,8.75,8.68,8.82,8.78,8.76,8.68,8.60,8.59,8.62,8.48,8.48,8.36,8.25,8.15,7.99,7.85,7.77,7.63,7.46,7.68,8.02,8.15,8.05,7.65,6.30,3.74,-1.35,-9.19,-17.09,-21.98,-23.55,-23.76,-24.19,-24.43,-24.29
-21.28,-21.50,-21.80,-21.78,-21.63,-22.11,-22.23,-22.33,-22.31,-22.10,-21.85,-21.93,-22.10,-22.13,-21.61,-21.48,-21.50,-20.97,-20.05,-19.79,-19.26,-18.27,-16.89,-15.26,-13.67,-12.13,-10.16,-7.78,-5.75,-3.18,0.08,3.53,5.66,6.55,6.79,6.33,6.01,6.48,6.99,6.38,6.26,6.25,6.21,6.29,6.32,6.26,6.26,6.38,6.41,6.36,6.56,6.68,6.82,6.63,6.37,6.45,6.85,6.99,7.00,7.21,7.32,7.26,7.47,7.74,7.87,7.93,8.13,8.57,8.81,8.92,9.61,10.50,10.88,11.14,10.80,10.34,10.45,10.22,10.28,10.28,10.40,10.17,10.44,10.40,10.32,10.26,10.23,10.44,10.43,10.43,10.23,10.28,10.16,9.96,9.69,9.81,9.58,9.51,9.24,9.04,8.74,8.28,8.07,7.86,7.32,7.08,7.17,6.77,6.63,6.21,6.11,6.25,7.81,8.45,8.65,8.73,8.67,8.82,8.84,8.74,8.68,8.69,8.75,8.69,8.99,8.88,8.90,8.78,8.64,8.63,8.66,8.63,8.55,8.50,8.59,8.49,8.29,8.13,8.08,7.99,7.81,7.66,7.60,7.46,7.70,8.06,8.24,8.25,7.93,6.45,3.79,-0.93,-8.62,-16.41,-21.43,-23.16,-23.38,-24.12,-24.17,-23.97
-20.67,-21.05,-21.08,-20.98,-21.05,-21.53,-21.36,-21.25,-21.28,-21.31,-21.18,-20.85,-20.41,-20.13,-19.76,-19.10,-18.28,-17.43,-16.05,-14.96,-13.70,-11.76,-9.62,-7.53,-5.58,-3.87,-2.01,-0.23,1.50,2.70,4.09,5.19,5.94,6.44,6.62,6.45,6.00,6.38,6.77,6.60,6.24,6.30,6.48,6.54,6.41,6.37,6.45,6.53,6.59,6.81,6.85,6.93,6.96,6.78,6.98,6.79,7.22,7.38,7.49,7.64,7.95,7.97,8.11,8.33,8.42,8.49,8.62,8.90,9.22,9.70,10.67,11.34,11.29,11.22,10.99,10.75,10.48,10.29,10.27,10.35,10.41,10.26,10.40,10.20,10.26,10.27,10.41,10.43,10.02,9.91,9.81,9.50,9.00,8.76,8.48,8.41,8.23,7.93,7.63,7.39,6.98,6.75,6.83,6.82,6.59,6.41,6.37,6.16,6.03,5.88,5.81,6.07,7.37,8.25,8.52,8.58,8.58,8.68,8.69,8.67,8.66,8.69,8.75,8.67,8.81,8.69,8.65,8.55,8.65,8.62,8.68,8.60,8.34,8.34,8.58,8.24,8.19,8.06,8.05,7.89,7.81,7.76,7.53,7.48,7.72,7.86,8.05,8.22,7.87,6.36,3.99,-0.28,-7.86,-15.63,-20.77,-22.45,-22.91,-23.36,-23.55,-23.57
-20.21,-20.47,-20.62,-20.47,-20.21,-20.62,-20.16,-20.18,-20.02,-19.60,-19.03,-18.46,-17.51,-16.49,-15.34,-14.04,-12.55,-10.96,-8.94,-7.28,-5.93,-4.29,-2.33,-0.42,1.12,1.90,2.74,3.66,4.68,5.23,5.80,6.03,6.22,6.50,6.46,6.44,6.18,6.45,6.75,6.74,6.54,6.60,6.52,6.54,6.62,6.73,6.85,6.83,6.85,6.98,7.24,7.48,7.48,7.49,7.55,7.47,7.87,7.97,8.13,8.28,8.52,8.63,8.55,8.76,8.97,9.02,9.13,9.42,9.79,10.26,10.93,11.30,11.33,11.20,11.04,10.83,10.55,10.44,10.22,10.34,10.29,10.18,9.89,9.73,9.81,9.83,10.09,9.71,8.78,8.45,8.17,7.65,7.64,7.26,7.17,7.01,6.77,6.56,6.41,6.38,6.66,6.58,6.33,6.33,6.24,6.20,6.30,6.30,6.11,6.02,5.92,6.32,7.09,8.23,8.52,8.50,8.50,8.45,8.55,8.56,8.47,8.54,8.65,8.65,8.62,8.48,8.65,8.55,8.52,8.50,8.58,8.40,8.23,8.23,8.11,8.13,8.10,8.16,8.11,7.95,7.91,7.77,7.49,7.53,7.50,7.56,7.89,8.06,7.68,6.62,4.41,0.30,-7.16,-14.88,-20.25,-22.25,-22.80,-23.13,-23.09,-22.96
-19.61,-19.68,-19.68,-19.32,-18.81,-18.52,-17.89,-17.23,-16.24,-15.23,-14.55,-13.05,-11.50,-10.02,-8.36,-6.71,-5.24,-3.66,-2.07,-0.43,0.48,1.19,2.22,3.38,4.20,4.34,4.57,5.26,5.93,6.21,6.38,6.33,6.30,6.52,6.60,6.65,6.59,6.20,6.55,6.73,6.66,6.65,6.85,7.01,7.00,7.05,7.33,7.55,7.52,7.82,7.70,7.86,7.89,7.91,8.22,8.36,8.32,8.46,8.48,8.69,8.94,9.14,9.21,9.32,9.48,9.48,9.75,10.19,10.40,10.66,10.88,10.97,10.98,10.84,10.81,10.47,10.41,10.37,10.28,10.08,9.51,8.92,8.66,8.73,8.37,9.23,9.08,8.28,7.24,7.18,7.12,6.82,6.68,6.59,6.55,6.45,6.20,6.35,6.44,6.36,6.29,6.10,6.01,6.01,6.01,6.02,6.00,5.89,5.81,6.06,5.86,6.44,7.12,8.19,8.33,8.43,8.49,8.33,8.42,8.42,8.38,8.42,8.51,8.59,8.69,8.52,8.73,8.51,8.57,8.50,8.65,8.56,8.34,8.15,7.97,8.04,8.13,7.99,7.96,8.06,7.94,7.72,7.56,7.46,7.47,7.62,7.91,7.90,7.60,6.92,4.76,0.88,-6.46,-14.36,-20.00,-21.90,-22.31,-22.72,-22.70,-22.67
-18.49,-18.21,-17.68,-16.72,-15.28,-14.16,-12.89,-11.78,-10.56,-9.19,-7.94,-6.13,-4.67,-3.14,-1.77,-0.57,0.50,1.52,2.29,3.23,3.65,3.97,4.41,4.98,5.51,5.70,5.67,6.03,6.50,6.51,6.62,6.67,6.59,6.78,6.88,6.89,7.13,7.07,6.98,7.24,7.08,7.20,7.42,7.71,7.73,7.62,7.89,8.14,8.38,8.55,8.43,8.20,8.31,8.45,8.85,8.80,8.86,9.05,9.29,9.57,9.78,9.89,10.07,9.85,9.81,10.11,10.43,10.72,10.67,10.67,10.75,10.55,10.38,10.32,10.40,10.07,10.00,9.87,9.52,9.11,8.23,7.41,7.34,7.17,7.15,8.82,7.85,7.32,6.39,6.63,6.65,6.39,6.25,6.16,6.13,6.23,6.30,6.38,6.43,6.21,6.08,6.15,6.13,5.99,5.88,5.95,6.13,5.99,5.79,5.84,5.89,6.16,7.16,8.03,8.30,8.32,8.48,8.46,8.49,8.57,8.48,8.43,8.46,8.48,8.67,8.56,8.72,8.54,8.55,8.57,8.60,8.48,8.33,8.24,8.19,8.25,8.11,7.97,8.06,7.85,7.78,7.70,7.46,7.29,7.36,7.53,7.86,7.83,7.58,7.04,5.11,1.60,-5.68,-13.67,-19.29,-21.28,-21.86,-22.42,-22.40,-22.21
-15.53,-14.79,-13.49,-11.66,-9.57,-7.94,-6.19,-4.92,-3.80,-2.66,-1.74,-0.28,0.72,1.63,2.35,2.82,3.16,3.74,4.22,4.45,4.68,5.11,5.52,5.78,6.30,6.25,6.54,6.40,6.71,7.01,7.17,7.14,7.04,7.18,7.24,7.53,7.81,7.68,7.79,7.73,7.78,7.96,8.20,8.32,8.37,8.40,8.36,8.50,8.95,8.88,8.94,8.74,8.96,9.21,9.65,9.60,9.95,10.02,10.21,10.48,10.56,10.52,10.23,9.89,9.73,9.83,10.30,10.76,10.78,10.62,10.45,10.01,9.91,9.96,9.93,9.67,9.58,9.57,8.81,8.34,7.33,6.50,6.63,6.86,7.39,8.59,7.82,7.04,6.18,6.37,6.46,6.22,6.03,6.16,6.18,6.20,6.26,6.46,6.40,6.39,6.37,6.17,6.02,5.92,5.86,5.84,5.82,5.74,5.72,5.82,5.71,6.06,7.20,8.22,8.20,8.54,8.54,8.45,8.57,8.71,8.55,8.37,8.37,8.46,8.56,8.49,8.73,8.51,8.48,8.55,8.48,8.40,8.33,8.22,8.08,8.05,7.96,8.19,7.93,7.80,7.80,7.66,7.46,7.34,7.16,7.42,7.82,7.82,7.68,7.30,5.60,2.01,-5.00,-12.78,-18.52,-20.87,-21.51,-21.90,-22.08,-21.80
-10.74,-9.77,-7.96,-5.58,-3.95,-2.36,-0.93,0.09,0.87,1.63,2.14,2.78,3.42,3.78,4.09,4.32,4.23,4.65,4.90,5.02,5.14,5.59,6.20,6.46,6.82,6.84,7.12,7.05,7.23,7.45,7.48,7.60,7.85,7.91,8.10,8.00,8.25,8.47,8.56,8.49,8.46,8.40,8.42,8.65,8.86,8.96,9.09,9.53,9.96,10.07,10.17,9.93,10.07,10.02,10.27,10.37,10.72,10.66,10.73,10.98,10.77,10.52,10.02,9.54,9.31,9.31,9.90,10.61,10.66,10.37,10.02,9.68,9.73,9.75,9.62,9.40,9.42,9.57,8.78,8.36,7.57,6.81,6.82,7.07,7.90,8.76,8.25,6.97,6.33,6.46,6.45,6.24,6.07,6.22,6.20,6.24,6.13,6.29,6.20,6.31,6.36,6.25,6.06,5.93,6.02,6.08,5.92,5.80,5.78,5.84,5.92,6.17,7.31,8.07,8.05,8.12,8.32,8.63,8.68,8.62,8.52,8.47,8.45,8.47,8.55,8.47,8.62,8.50,8.43,8.58,8.43,8.33,8.31,8.30,8.25,8.10,8.11,8.06,7.94,7.86,7.78,7.63,7.46,7.29,6.91,7.47,7.70,7.81,7.97,7.68,6.03,1.97,-4.43,-12.14,-18.00,-20.49,-21.15,-21.15,-21.46,-21.26
-5.24,-3.92,-2.34,-0.62,0.30,1.44,2.26,2.78,3.13,3.52,4.03,4.00,4.31,4.52,4.77,5.09,5.12,5.65,5.70,5.75,5.94,6.43,7.01,7.33,7.56,7.55,7.76,7.62,7.81,7.87,8.02,8.28,8.46,8.86,8.63,8.50,8.85,8.96,8.86,9.12,9.18,9.21,9.50,9.79,9.85,9.90,10.20,10.69,11.26,11.26,10.96,10.64,10.43,10.35,10.40,10.50,10.75,10.71,10.70,10.78,10.62,10.12,9.36,8.86,8.80,9.03,9.70,10.32,10.27,9.93,9.76,9.56,9.66,9.61,9.47,9.28,9.29,9.48,8.84,8.56,8.23,7.91,7.89,7.90,8.28,8.74,8.54,6.69,6.45,6.41,6.37,6.25,6.17,6.08,6.33,6.23,6.13,6.18,6.18,6.38,6.29,6.10,5.93,5.86,5.95,5.94,5.85,5.81,5.86,5.87,6.04,6.18,7.15,8.28,8.22,8.07,8.36,8.48,8.51,8.63,8.52,8.42,8.34,8.23,8.37,8.47,8.51,8.55,8.42,8.64,8.41,8.34,8.29,8.28,8.28,8.08,8.17,8.05,8.00,7.90,7.79,7.64,7.50,7.38,7.06,7.46,7.50,7.83,8.02,7.60,6.08,2.43,-3.91,-11.68,-17.42,-19.92,-20.69,-20.64,-20.87,-20.72
-0.44,0.59,1.57,2.25,2.90,3.55,3.87,4.10,4.28,4.42,4.87,4.88,5.12,5.33,5.56,5.94,6.17,6.51,6.75,6.93,7.09,7.33,7.72,7.96,8.36,8.23,8.40,8.45,8.68,8.72,8.78,9.05,9.09,9.19,9.21,9.23,9.82,9.89,9.98,10.09,10.16,10.08,10.16,10.29,10.23,10.28,10.69,11.45,12.24,11.99,11.25,10.66,10.37,10.30,10.14,10.03,10.24,10.19,10.16,10.22,10.17,9.66,8.85,8.54,8.66,8.91,9.54,10.03,9.88,9.69,9.65,9.53,9.63,9.48,9.37,9.21,9.25,9.49,8.76,8.63,8.68,8.64,8.58,8.56,8.40,8.47,8.55,6.54,6.24,6.30,6.25,6.14,6.04,6.00,6.22,6.18,6.15,6.18,6.16,6.21,6.20,6.17,6.04,6.16,6.18,6.01,5.94,5.86,5.95,5.81,5.79,6.18,7.17,7.91,8.14,8.33,8.31,8.42,8.49,8.46,8.30,8.38,8.42,8.27,8.36,8.50,8.60,8.51,8.52,8.57,8.43,8.40,8.30,8.22,8.21,8.12,8.12,8.14,8.10,8.08,8.00,7.83,7.54,7.20,7.17,7.25,7.70,7.82,8.02,7.81,6.14,3.07,-3.17,-11.17,-16.97,-19.39,-20.03,-20.28,-20.59,-20.34
2.65,3.19,3.56,3.73,4.29,4.59,4.64,4.77,5.03,5.02,5.22,5.39,5.80,6.24,6.66,7.06,7.21,7.31,7.50,7.81,8.06,8.27,8.60,8.92,8.92,9.02,9.20,9.04,9.13,9.40,9.53,9.69,9.98,9.99,10.20,10.23,10.42,10.22,10.20,10.23,10.16,10.07,10.00,9.80,9.57,9.57,9.93,11.18,12.35,12.13,11.11,10.34,10.03,10.01,9.79,9.70,9.77,9.69,9.72,9.82,9.78,9.38,8.77,8.66,8.84,9.02,9.61,10.02,9.77,9.59,9.59,9.58,9.48,9.34,9.37,9.18,9.28,9.51,8.84,8.75,8.81,8.15,8.05,7.79,8.17,8.43,8.39,6.71,6.18,6.32,6.26,6.21,6.20,6.08,6.24,6.21,6.33,6.26,6.23,6.17,6.18,6.22,6.11,6.15,6.13,6.01,5.95,5.88,5.99,5.94,5.97,6.32,7.13,8.27,8.41,8.36,8.38,8.31,8.56,8.60,8.52,8.51,8.40,8.32,8.56,8.54,8.50,8.62,8.60,8.50,8.51,8.39,8.32,8.30,8.24,8.19,8.11,8.13,8.07,8.05,7.99,7.93,7.70,7.37,7.26,7.23,7.31,7.61,8.02,7.86,6.39,3.01,-2.95,-10.57,-15.84,-18.22,-19.23,-19.74,-20.23,-20.08
4.42,4.55,4.43,4.58,5.16,5.18,5.19,5.22,5.23,5.40,5.50,5.73,6.21,6.63,7.10,7.91,8.03,8.50,8.40,8.57,8.83,8.91,9.19,9.60,9.90,9.83,9.99,9.90,10.00,10.20,10.29,10.40,10.55,10.65,10.56,10.32,10.38,10.07,9.83,9.62,9.14,8.76,8.63,8.37,8.08,8.32,8.96,10.48,11.73,11.43,10.54,9.97,9.77,9.65,9.53,9.53,9.51,9.54,9.58,9.58,9.67,9.29,8.85,9.00,9.05,9.05,9.65,9.98,9.75,9.56,9.60,9.52,9.28,9.21,9.31,9.20,9.19,9.32,8.93,8.38,8.08,6.89,6.90,6.92,7.56,8.39,8.06,6.91,6.29,6.40,6.24,6.18,6.39,6.14,6.29,6.18,6.30,6.20,6.21,6.14,6.21,6.22,6.16,6.13,6.10,6.13,6.04,5.99,6.02,5.87,6.00,6.53,7.29,8.34,8.36,8.42,8.40,8.48,8.50,8.64,8.40,8.54,8.66,8.42,8.43,8.52,8.45,8.81,8.55,8.48,8.49,8.37,8.36,8.31,8.21,8.21,8.13,7.95,7.99,7.96,7.96,7.93,7.76,7.48,7.15,6.92,7.38,7.57,7.70,7.48,6.29,3.24,-2.36,-10.26,-15.75,-18.24,-19.00,-19.31,-19.53,-19.35
5.36,5.28,4.96,5.11,5.89,5.73,5.58,5.58,5.45,5.56,5.73,6.15,6.53,6.86,7.31,8.07,8.39,8.72,8.99,9.28,9.56,9.70,9.93,10.58,10.69,10.63,10.70,10.52,10.41,10.48,10.55,10.59,10.56,10.55,10.48,10.17,9.80,9.19,8.60,8.23,7.91,7.60,7.53,7.61,7.58,8.04,8.66,9.97,10.74,10.35,9.87,9.62,9.58,9.38,9.31,9.30,9.32,9.38,9.49,9.46,9.58,9.32,9.24,9.59,9.28,9.09,9.60,9.78,9.60,9.48,9.53,9.46,9.25,9.10,9.13,9.12,9.13,9.23,8.85,7.68,6.91,6.24,6.20,6.62,7.07,8.37,7.79,6.79,6.22,6.31,6.11,6.09,6.30,6.24,6.44,6.24,6.20,6.18,6.33,6.29,6.29,6.28,6.20,6.21,6.16,6.00,5.92,6.03,6.11,5.97,6.11,6.37,7.28,8.14,8.19,8.54,8.67,8.62,8.60,8.60,8.48,8.57,8.57,8.51,8.63,8.56,8.45,8.47,8.52,8.67,8.51,8.34,8.37,8.21,8.11,8.23,8.08,7.88,8.00,8.00,7.98,7.83,7.64,7.42,7.06,6.51,6.71,7.34,7.55,7.36,6.43,3.34,-2.29,-9.78,-15.37,-18.14,-18.71,-18.41,-18.83,-18.89
5.54,5.45,5.37,5.46,5.97,6.02,5.94,5.87,5.84,5.91,6.07,6.39,6.62,6.74,6.91,7.44,8.00,8.56,9.15,9.58,9.81,10.06,10.44,10.88,10.80,10.61,10.54,10.28,10.11,10.20,10.34,10.31,10.09,9.97,10.19,9.86,9.10,8.51,7.85,7.54,7.57,7.55,7.56,7.78,7.96,8.43,8.99,9.72,9.83,9.75,9.40,9.34,9.19,9.20,9.12,9.19,9.28,9.24,9.43,9.42,9.54,9.51,9.41,9.43,9.14,9.22,9.71,9.78,9.62,9.37,9.37,9.33,9.19,9.09,9.04,8.88,8.95,9.11,8.82,7.83,6.58,6.15,6.31,6.28,6.91,8.42,7.74,6.47,6.29,6.16,6.10,6.17,6.24,6.23,6.37,6.25,6.17,6.09,6.37,6.33,6.24,6.25,6.22,6.21,6.14,6.06,6.02,6.03,6.06,6.13,6.16,6.48,7.10,8.16,8.30,8.58,8.54,8.48,8.47,8.59,8.56,8.59,8.51,8.49,8.65,8.57,8.50,8.47,8.51,8.52,8.30,8.25,8.27,8.19,8.16,8.19,8.04,8.03,8.15,8.07,7.97,7.74,7.57,7.38,7.05,6.68,6.25,7.20,7.38,7.24,6.58,3.52,-2.27,-9.36,-14.70,-17.32,-17.84,-17.84,-17.94,-18.05
5.60,5.51,5.66,5.87,6.52,6.43,6.24,6.24,6.16,6.48,6.73,6.66,6.74,7.06,7.41,7.88,8.11,8.40,8.81,9.27,9.66,9.88,10.21,10.58,10.82,10.60,10.29,9.96,9.79,9.85,9.95,9.91,9.72,9.50,9.73,9.53,8.94,8.55,8.08,7.91,8.00,8.05,8.05,8.04,8.15,8.32,9.10,9.63,9.44,9.52,9.17,9.36,9.15,9.18,9.06,9.03,9.19,9.21,9.22,9.18,9.42,9.40,9.22,9.32,9.14,9.21,9.60,9.76,9.56,9.21,9.14,9.20,9.10,9.17,9.10,8.91,9.01,9.09,8.81,7.90,6.65,6.13,6.25,6.32,6.63,8.23,7.86,6.61,6.38,6.21,6.14,6.18,6.26,6.09,6.15,6.17,6.15,6.14,6.25,6.22,6.15,6.22,6.18,6.21,6.13,5.96,6.02,6.06,5.96,6.07,6.25,6.44,7.24,8.15,8.33,8.48,8.58,8.52,8.60,8.59,8.56,8.71,8.71,8.54,8.42,8.42,8.60,8.41,8.63,8.59,8.42,8.42,8.37,8.33,8.28,8.22,8.17,8.08,8.16,8.06,7.93,7.74,7.54,7.23,6.89,6.61,6.16,6.93,6.92,6.93,6.48,3.59,-1.81,-8.83,-14.25,-16.93,-17.54,-17.76,-17.86,-17.97
5.73,5.72,6.09,5.91,6.40,6.56,6.52,6.53,6.55,6.84,6.82,6.98,7.12,7.25,7.58,7.98,8.02,8.51,8.72,9.05,9.58,9.61,9.70,10.08,10.00,9.99,9.71,9.47,9.49,9.60,9.57,9.62,9.49,9.44,9.36,9.29,8.97,8.42,8.00,7.94,8.05,8.12,8.16,8.20,8.06,7.81,8.45,9.24,9.36,9.23,9.05,9.28,9.05,8.99,9.01,8.93,9.12,9.17,9.13,9.11,9.19,9.21,9.21,9.31,9.15,9.13,9.56,9.78,9.47,9.20,9.12,9.05,9.02,9.15,8.92,8.92,8.94,9.05,8.86,7.80,6.45,6.13,6.26,6.29,7.12,8.12,8.29,6.93,6.22,6.21,6.14,6.20,6.20,6.11,6.24,6.23,6.17,6.31,6.36,6.29,6.21,6.30,6.17,6.18,6.11,6.00,6.03,6.00,5.94,6.04,6.20,6.43,7.16,8.16,8.30,8.38,8.60,8.55,8.39,8.46,8.63,8.63,8.47,8.27,8.25,8.51,8.56,8.42,8.28,8.22,8.42,8.39,8.19,8.17,8.28,8.22,8.05,8.11,8.04,8.00,7.88,7.74,7.52,7.17,6.79,6.50,6.10,6.74,6.77,7.00,6.71,3.94,-1.00,-8.29,-13.68,-16.24,-16.84,-17.17,-17.42,-17.34
6.32,6.09,6.16,6.47,7.05,7.07,7.09,7.34,7.13,7.52,7.63,7.79,7.93,8.02,8.12,8.60,8.48,8.65,8.80,8.96,9.20,9.36,9.40,9.40,9.34,9.34,9.23,9.17,9.32,9.44,9.32,9.53,9.28,9.46,9.34,9.13,8.62,7.96,7.66,7.56,7.57,7.61,7.55,7.70,7.31,7.28,8.07,8.96,9.20,9.13,8.93,9.05,8.93,8.83,8.92,8.88,8.99,9.13,9.15,9.19,9.10,9.04,9.11,9.13,9.10,9.13,9.51,9.68,9.21,8.97,8.86,8.87,8.88,8.94,8.87,8.82,9.06,8.99,8.68,7.77,6.43,5.91,6.33,6.31,7.13,8.11,8.16,6.88,6.25,6.26,6.22,6.30,6.13,6.15,6.33,6.30,6.24,6.35,6.40,6.40,6.32,6.25,6.18,6.20,6.13,6.08,6.09,6.02,5.96,6.00,6.23,6.37,7.09,8.05,8.42,8.36,8.59,8.59,8.54,8.67,8.57,8.54,8.69,8.60,8.39,8.43,8.41,8.49,8.42,8.58,8.51,8.45,8.30,8.27,8.21,8.11,8.16,8.17,8.22,8.11,7.95,7.80,7.61,7.33,6.97,6.53,6.06,6.68,6.89,7.09,6.65,4.22,-0.41,-7.65,-12.86,-15.53,-16.33,-16.50,-16.89,-16.64
6.77,6.98,7.17,7.32,7.83,7.73,7.53,7.81,7.90,8.41,8.46,8.65,8.80,8.76,8.86,9.28,9.30,9.06,9.02,9.05,8.99,9.08,9.13,9.10,9.08,9.12,9.13,9.08,9.10,9.21,9.22,9.49,9.31,9.49,9.47,9.13,8.11,7.46,7.41,7.36,7.23,7.15,7.00,7.23,7.31,7.48,8.43,9.10,8.99,9.05,8.81,8.85,8.95,8.75,8.86,8.86,9.01,9.00,9.01,9.06,8.93,8.93,9.03,9.10,9.20,9.22,9.39,9.56,9.38,9.20,9.14,9.01,8.93,9.09,8.97,8.73,8.92,9.09,8.58,7.82,6.61,6.14,6.38,6.61,7.25,7.99,8.21,6.55,6.18,6.31,6.29,6.38,6.26,6.24,6.38,6.32,6.32,6.32,6.36,6.41,6.33,6.30,6.32,6.28,6.13,6.13,6.22,6.15,6.00,6.03,6.43,6.59,7.09,8.06,8.34,8.52,8.47,8.71,8.58,8.64,8.48,8.45,8.55,8.55,8.45,8.50,8.58,8.41,8.21,8.40,8.47,8.36,8.28,8.27,8.14,8.02,8.12,8.12,8.06,8.06,7.83,7.73,7.65,7.44,6.97,6.31,6.06,6.66,6.94,7.00,6.39,4.34,0.04,-6.98,-12.30,-15.20,-16.07,-16.07,-16.27,-16.25
7.68,7.88,7.88,7.90,8.36,8.51,8.41,8.51,8.97,9.41,9.48,9.47,9.47,9.50,9.50,9.80,9.59,9.41,9.20,9.00,8.83,8.78,8.84,9.08,9.02,9.04,9.12,9.03,8.93,9.05,9.22,9.28,9.30,9.63,9.42,9.09,8.00,7.08,6.94,7.17,7.29,7.18,7.06,7.37,7.94,7.90,8.63,9.05,9.06,8.83,8.93,8.85,8.91,8.76,8.73,8.86,9.00,8.96,8.99,8.88,8.82,8.97,9.04,9.03,9.05,9.12,9.19,9.52,9.41,9.15,8.91,8.91,8.93,9.02,8.94,8.92,8.80,8.95,8.64,7.81,6.50,6.16,6.45,6.54,7.28,8.19,8.39,6.58,6.17,6.28,6.38,6.31,6.23,6.23,6.35,6.22,6.30,6.25,6.31,6.33,6.29,6.45,6.47,6.30,6.15,6.21,6.32,6.23,6.14,6.24,6.59,6.90,7.42,8.19,8.41,8.42,8.37,8.66,8.56,8.56,8.56,8.48,8.40,8.49,8.54,8.40,8.37,8.39,8.41,8.34,8.34,8.46,8.45,8.22,8.00,8.11,8.31,8.13,8.20,7.97,7.83,7.77,7.78,7.61,7.15,6.67,6.13,6.55,6.89,6.91,6.20,4.12,0.09,-6.78,-12.16,-15.00,-15.72,-15.53,-15.90,-15.73
8.56,8.82,8.73,8.74,8.92,9.12,9.23,9.37,9.85,10.22,10.27,10.03,9.82,9.77,9.63,9.69,9.50,9.40,9.12,8.78,8.64,8.62,8.65,8.93,9.02,9.02,9.02,8.93,8.88,9.10,9.25,9.12,9.24,9.52,9.32,8.95,8.33,7.45,7.12,7.37,7.55,7.50,7.30,7.26,7.99,8.13,8.59,8.76,9.24,8.71,8.92,8.88,8.90,8.75,8.71,8.86,8.95,8.91,9.00,8.97,8.90,8.96,9.00,9.13,9.20,9.32,9.44,9.50,9.21,9.12,9.10,9.15,8.91,8.88,8.90,8.88,8.69,9.00,8.71,7.85,6.65,6.06,6.45,6.61,7.39,8.28,8.39,6.76,6.26,6.30,6.09,6.24,6.30,6.23,6.28,6.28,6.36,6.36,6.32,6.33,6.31,6.36,6.36,6.39,6.32,6.31,6.45,6.44,6.38,6.48,6.77,7.36,7.81,8.30,8.50,8.49,8.49,8.72,8.63,8.50,8.54,8.45,8.47,8.51,8.43,8.45,8.48,8.36,8.31,8.43,8.49,8.51,8.60,8.39,8.17,8.16,8.15,7.95,8.06,7.87,7.93,7.76,7.66,7.63,7.46,6.93,6.16,5.84,6.15,6.06,5.03,2.76,-1.27,-7.35,-12.13,-14.66,-15.18,-14.93,-15.21,-14.94
9.18,9.40,9.15,9.27,9.47,9.69,9.81,9.80,10.14,10.43,10.29,10.08,9.82,9.47,9.31,9.03,9.00,8.75,8.37,8.29,8.62,8.69,8.63,8.84,8.96,9.02,8.88,8.74,8.75,9.00,9.22,9.15,9.38,9.31,9.11,8.78,8.20,7.50,7.08,7.13,7.26,7.26,7.42,7.70,8.30,8.54,8.87,8.80,9.04,8.69,8.94,8.90,8.77,8.77,8.78,8.80,8.82,8.81,8.93,9.10,9.11,9.06,9.02,9.04,9.18,9.32,9.40,9.51,9.36,9.13,9.02,9.00,8.84,8.80,8.82,8.88,8.80,8.95,8.62,7.80,6.76,6.18,6.39,6.68,7.44,8.29,8.25,6.84,6.56,6.51,6.17,6.14,6.30,6.31,6.40,6.38,6.41,6.40,6.48,6.56,6.65,6.53,6.47,6.67,6.77,6.81,6.93,7.02,7.01,7.00,7.25,7.74,7.99,8.43,8.58,8.62,8.57,8.66,8.62,8.58,8.58,8.51,8.56,8.60,8.54,8.47,8.40,8.47,8.54,8.25,8.46,8.37,8.32,8.25,8.28,8.33,8.32,8.19,8.03,8.07,7.91,7.73,7.54,7.37,7.26,7.09,5.99,5.21,4.67,3.62,1.90,-0.53,-4.39,-8.76,-12.32,-14.19,-14.69,-14.55,-14.37,-14.28
9.43,9.52,9.24,9.36,9.71,9.98,9.99,9.92,10.14,10.37,10.19,9.96,9.58,8.83,8.51,8.43,8.28,7.88,7.60,7.80,8.40,8.69,8.64,8.77,8.90,8.81,8.78,8.84,8.88,8.93,8.99,9.14,9.17,9.14,9.01,8.88,8.34,7.79,7.61,7.71,7.68,7.56,7.96,8.37,8.56,8.75,8.82,8.69,9.03,8.83,9.05,8.86,8.80,8.71,8.68,8.65,8.80,8.97,8.97,8.82,8.83,9.02,9.02,9.05,9.15,9.30,9.34,9.36,9.20,9.13,9.04,8.96,8.95,9.03,8.87,8.91,8.76,9.21,8.58,7.76,6.85,6.46,6.84,6.99,8.00,8.36,8.14,6.93,6.66,6.70,6.45,6.41,6.43,6.53,6.61,6.48,6.75,6.75,6.89,7.17,7.30,7.33,7.30,7.34,7.57,7.77,7.78,7.89,7.98,7.89,7.91,8.12,8.31,8.52,8.54,8.68,8.71,8.65,8.63,8.65,8.63,8.63,8.63,8.59,8.59,8.58,8.50,8.42,8.46,8.50,8.37,8.42,8.36,8.33,8.25,8.23,8.22,8.08,8.21,7.94,8.00,7.83,7.62,7.38,7.14,6.84,5.92,4.25,2.31,-0.16,-2.82,-5.36,-8.18,-10.76,-12.77,-13.83,-14.21,-14.16,-14.03,-14.06
9.54,9.43,9.34,9.32,9.57,9.85,9.97,10.00,9.75,9.98,9.99,9.77,9.20,8.20,7.87,8.20,7.86,7.53,7.55,7.88,8.13,8.51,8.51,8.71,8.78,8.64,8.69,8.82,8.77,8.82,8.83,9.05,8.93,9.06,9.13,9.01,8.57,8.06,7.95,8.13,8.14,8.16,8.65,8.62,8.49,8.73,8.95,8.92,9.05,8.75,8.91,8.84,8.66,8.55,8.57,8.76,8.88,8.96,8.97,8.92,8.94,8.99,9.02,9.01,9.09,9.48,9.72,9.66,9.23,9.25,9.01,8.92,8.86,8.88,8.78,8.84,8.68,9.04,8.66,7.91,7.40,7.22,7.45,7.73,8.23,8.63,8.02,7.25,7.09,7.48,7.26,7.31,7.30,7.56,7.69,7.62,7.79,7.93,8.11,8.28,8.29,8.50,8.47,8.29,8.39,8.51,8.54,8.59,8.65,8.60,8.55,8.64,8.65,8.64,8.50,8.51,8.78,8.69,8.58,8.67,8.67,8.69,8.64,8.57,8.57,8.57,8.54,8.51,8.36,8.48,8.37,8.50,8.42,8.29,8.15,8.07,8.00,7.87,8.07,7.90,7.72,7.61,7.56,7.61,7.48,6.76,5.49,3.37,0.69,-2.90,-6.57,-9.33,-11.20,-12.24,-13.03,-13.34,-13.39,-13.49,-13.59,-13.62
9.54,9.24,9.15,9.12,9.24,9.54,9.90,9.93,9.21,9.41,9.57,9.37,8.76,7.94,7.99,8.20,7.62,7.29,7.38,7.68,8.21,8.41,8.73,8.76,8.76,8.73,8.74,8.81,8.88,9.04,9.05,9.34,9.08,9.03,9.03,8.95,8.72,8.49,8.47,8.59,8.58,8.51,8.95,8.94,8.52,8.69,8.64,8.94,8.84,9.02,8.82,8.87,8.93,8.80,8.64,8.63,8.78,8.90,8.80,8.78,8.85,8.94,9.11,9.12,9.21,9.37,9.52,9.46,9.05,9.18,8.94,8.92,8.71,8.68,8.75,8.66,8.78,9.06,8.72,8.42,8.50,8.23,8.57,8.59,8.75,8.75,8.23,8.00,8.32,8.49,8.30,8.25,8.39,8.32,8.54,8.71,8.64,8.65,8.81,8.85,8.93,8.99,8.88,8.71,8.72,8.83,8.91,9.02,9.01,8.90,8.96,8.93,8.75,8.86,8.74,8.32,8.73,8.66,8.51,8.64,8.69,8.68,8.65,8.55,8.55,8.62,8.46,8.48,8.56,8.52,8.45,8.49,8.39,8.36,8.24,8.10,8.02,7.90,7.99,8.07,7.85,7.66,7.68,7.50,7.07,6.51,5.28,3.00,-0.17,-4.08,-7.80,-10.37,-11.49,-11.91,-12.46,-12.49,-12.43,-12.61,-12.94,-12.56
9.32,8.93,8.82,8.81,9.00,9.38,9.78,9.59,9.29,9.57,9.70,9.31,8.54,7.95,7.83,8.08,7.69,7.39,7.56,8.08,8.38,8.43,8.67,8.80,8.71,8.71,8.83,8.78,8.63,8.84,8.99,9.13,8.84,9.17,9.23,8.96,8.83,8.72,8.76,8.85,8.63,8.54,8.64,8.73,8.64,8.86,8.97,8.93,8.96,9.00,8.96,8.90,8.73,8.63,8.67,8.67,8.63,8.69,8.87,8.90,8.85,8.99,9.05,8.90,9.00,9.49,9.65,9.57,9.30,9.29,8.82,9.02,8.92,8.59,8.73,8.72,8.88,8.97,8.86,8.95,9.05,8.65,8.87,9.15,8.85,8.78,8.87,8.56,8.88,9.12,8.96,8.95,8.90,8.99,9.01,8.96,9.14,9.09,9.15,9.28,9.22,9.13,9.04,8.86,8.86,8.99,9.08,9.21,9.18,9.03,9.14,9.10,8.92,8.97,8.93,8.52,8.75,8.56,8.62,8.69,8.72,8.64,8.65,8.56,8.54,8.63,8.51,8.55,8.69,8.55,8.48,8.39,8.43,8.41,8.25,8.16,8.13,7.97,8.08,7.91,7.98,7.91,7.78,7.49,7.16,6.75,5.53,2.98,0.09,-3.69,-7.42,-9.99,-11.23,-11.40,-11.81,-11.98,-11.91,-11.92,-12.27,-11.69
8.93,8.55,8.88,8.81,8.93,9.38,9.79,9.48,9.29,9.47,9.59,9.31,8.65,8.08,7.82,7.88,7.63,7.56,7.85,8.23,8.42,8.68,8.86,8.94,9.01,8.91,8.81,8.81,8.80,8.86,9.12,8.96,8.95,9.05,9.22,9.05,8.80,8.71,8.75,8.88,9.01,8.93,8.94,8.83,8.74,8.73,8.95,8.92,8.94,8.81,8.77,8.74,8.73,8.76,8.66,8.57,8.78,8.94,8.93,9.01,8.99,9.03,9.03,8.94,9.25,9.54,9.69,9.69,9.44,9.48,9.21,8.91,8.96,8.90,8.81,9.12,9.11,9.21,9.06,9.39,9.15,9.05,9.15,9.28,9.06,9.13,9.37,8.97,9.43,9.40,9.33,9.18,9.05,9.12,9.24,9.23,9.33,9.39,9.25,9.21,9.17,9.08,9.19,9.09,8.96,9.02,9.12,9.13,9.11,9.14,9.17,9.18,9.13,8.94,8.92,8.74,8.83,8.64,8.67,8.69,8.69,8.68,8.72,8.63,8.56,8.58,8.51,8.60,8.65,8.48,8.66,8.49,8.49,8.45,8.20,8.07,8.13,7.99,8.06,7.86,7.94,7.87,7.79,7.68,7.42,6.91,5.89,3.44,0.59,-3.03,-6.77,-9.51,-10.16,-10.71,-10.96,-11.09,-10.90,-10.77,-11.14,-10.69
8.64,8.05,8.39,8.56,8.86,9.33,9.73,9.70,9.21,9.14,9.23,9.20,8.83,7.90,7.55,7.90,7.72,7.36,7.46,8.16,8.63,9.03,8.94,9.03,9.05,8.96,8.85,8.83,8.94,9.10,9.33,9.33,9.01,9.27,9.24,9.14,8.99,8.80,8.71,8.81,9.00,8.92,8.74,8.84,8.87,8.68,8.99,9.25,9.04,8.80,8.75,8.84,8.78,8.72,8.81,8.84,8.88,8.88,8.85,8.96,9.03,9.08,9.05,9.15,9.43,9.54,9.62,9.51,9.31,9.39,9.09,9.29,9.06,8.85,8.93,8.96,9.06,9.20,9.03,9.19,8.94,9.18,9.10,9.13,9.44,9.11,9.31,8.96,9.25,9.50,9.21,9.13,9.09,9.21,9.23,9.25,9.38,9.42,9.36,9.25,9.12,9.22,9.21,9.09,9.06,9.12,9.11,9.04,9.02,9.04,9.00,8.95,9.03,8.92,8.93,8.73,8.86,8.88,8.62,8.62,8.72,8.76,8.78,8.68,8.60,8.64,8.56,8.54,8.63,8.63,8.72,8.46,8.41,8.45,8.27,8.17,8.32,8.20,8.05,8.00,7.94,7.88,7.82,7.78,7.68,7.31,6.17,3.72,1.24,-2.00,-5.28,-7.67,-8.87,-9.18,-9.69,-10.15,-10.23,-10.10,-10.05,-9.91
8.36,8.30,8.64,8.88,9.14,9.37,9.50,9.46,9.23,9.38,9.43,9.28,8.85,8.08,7.73,7.77,7.47,7.49,7.93,8.38,8.78,9.15,9.11,8.97,9.00,9.01,9.03,9.00,8.85,9.08,9.12,9.29,9.12,9.19,9.14,9.01,8.88,8.71,8.62,8.71,8.80,8.73,8.69,8.76,8.88,8.75,8.92,8.97,8.82,8.80,8.85,8.87,8.92,9.04,9.05,9.01,8.99,9.00,9.03,9.05,9.09,9.01,8.95,9.04,9.34,9.69,9.71,9.61,9.30,9.25,9.12,9.39,9.09,8.96,8.93,8.99,9.25,9.12,9.12,9.28,9.31,9.17,9.22,9.44,9.32,9.19,8.92,9.23,9.15,9.39,9.40,9.25,9.30,9.18,9.11,9.28,9.33,9.19,9.19,9.18,9.20,9.33,9.15,9.12,9.15,9.13,9.12,9.02,9.01,9.06,9.14,9.06,9.02,8.91,8.92,8.76,8.87,8.95,8.72,8.71,8.81,8.75,8.72,8.68,8.66,8.69,8.66,8.55,8.69,8.69,8.55,8.51,8.38,8.45,8.32,8.25,8.34,8.22,8.13,8.10,8.07,8.02,7.91,7.76,7.63,7.32,6.21,4.19,1.83,-1.11,-3.99,-6.20,-7.58,-8.36,-8.73,-9.12,-9.30,-9.30,-9.37,-9.08
8.59,8.43,8.50,8.72,9.25,9.70,9.71,9.56,9.17,9.28,9.31,9.14,8.78,8.07,7.56,7.55,7.42,7.45,7.80,8.36,8.80,8.84,8.67,9.10,9.06,8.95,9.03,9.10,9.06,9.13,9.20,9.09,9.31,9.09,9.14,9.10,8.96,8.77,8.68,8.69,8.67,8.90,8.95,9.12,9.21,8.85,8.97,9.00,8.91,8.96,8.94,8.90,8.82,8.92,8.96,8.92,8.97,8.96,8.90,8.93,9.03,9.09,9.02,9.14,9.31,9.57,9.76,9.68,9.18,9.30,9.05,9.17,9.01,8.87,8.76,9.10,9.22,9.15,8.88,8.95,9.19,9.19,9.17,9.14,9.28,9.33,9.03,9.30,9.21,9.17,9.27,9.10,9.39,9.40,9.34,9.30,9.36,9.36,9.33,9.36,9.28,9.27,9.09,9.10,9.03,9.01,9.03,8.87,8.86,9.03,9.15,9.11,9.03,9.02,8.97,8.82,8.85,9.00,8.82,8.74,8.69,8.72,8.74,8.72,8.77,8.81,8.68,8.62,8.69,8.56,8.49,8.50,8.46,8.38,8.27,8.17,8.17,8.20,8.28,8.21,8.21,8.10,7.94,7.72,7.56,7.39,6.58,4.78,2.53,0.07,-2.56,-4.92,-6.27,-7.09,-7.52,-7.78,-8.04,-8.26,-8.16,-8.04
8.39,8.36,8.49,8.95,9.42,9.68,9.65,9.36,9.05,9.23,9.43,9.34,8.88,8.12,7.80,7.70,7.63,7.88,8.36,8.59,8.76,9.02,9.09,9.15,9.06,9.13,9.20,9.17,9.18,9.22,9.32,9.20,9.13,8.82,8.63,8.51,8.30,8.16,8.25,8.19,7.71,7.40,7.50,8.36,8.99,9.05,9.20,8.96,8.96,8.86,8.91,8.84,8.88,8.92,8.91,8.82,8.85,9.05,8.99,8.97,9.17,9.18,9.13,9.00,9.24,9.63,9.63,9.34,9.20,9.27,8.99,9.23,9.12,8.83,8.90,9.11,8.87,8.96,8.99,8.83,9.05,9.52,9.19,9.13,9.23,9.33,9.18,9.38,9.33,9.15,9.56,9.37,9.43,9.30,9.31,9.34,9.43,9.11,9.14,9.20,9.20,9.17,9.05,8.99,9.05,9.13,9.10,9.03,9.06,9.11,9.12,9.14,9.02,8.99,8.97,8.76,8.82,9.00,8.87,8.83,8.71,8.76,8.80,8.74,8.82,8.91,8.74,8.67,8.73,8.63,8.60,8.42,8.50,8.40,8.24,8.17,8.21,8.24,8.23,8.13,8.28,8.27,8.07,7.82,7.64,7.45,6.67,5.17,3.19,0.87,-1.79,-4.21,-5.35,-6.11,-6.52,-6.90,-7.18,-7.35,-7.42,-7.13
8.55,8.52,8.62,9.02,9.42,9.60,9.44,9.36,9.21,9.21,9.23,9.09,8.60,7.93,7.88,7.90,7.76,7.90,8.43,8.85,8.78,9.09,8.94,9.05,9.00,9.01,9.08,9.03,9.00,9.22,9.09,9.18,9.08,8.30,7.53,7.26,7.23,7.13,6.96,6.82,6.54,6.07,6.85,7.39,8.66,9.18,8.94,9.06,8.95,8.80,8.78,8.78,8.84,8.82,8.86,8.91,8.91,9.04,9.03,8.97,9.21,9.27,9.22,9.17,9.28,9.69,9.68,9.52,9.41,9.50,9.14,8.91,8.93,9.05,9.18,9.05,9.04,9.17,9.20,9.17,9.11,9.22,9.42,9.25,9.30,9.23,9.17,9.05,9.20,9.23,9.03,9.24,9.20,9.00,9.10,9.47,9.34,9.14,9.27,9.28,9.23,9.22,9.14,9.09,8.92,8.85,8.92,8.95,9.06,9.15,9.20,9.13,8.97,8.90,9.02,8.93,8.80,8.81,8.81,9.04,8.73,8.76,8.81,8.71,8.73,8.84,8.77,8.73,8.83,8.74,8.55,8.43,8.46,8.54,8.37,8.22,8.27,8.24,8.20,8.21,8.32,8.30,8.16,7.93,7.68,7.42,6.77,5.40,3.68,1.19,-1.53,-3.67,-4.85,-5.48,-5.76,-6.09,-6.27,-6.30,-6.39,-6.15
8.66,8.60,8.74,9.09,9.42,9.54,9.43,9.30,9.06,9.10,9.09,9.02,8.92,8.08,7.97,8.25,7.96,8.03,8.64,8.91,9.02,9.11,9.08,9.11,9.13,9.15,9.12,9.06,9.06,9.19,9.10,8.68,8.25,7.52,6.96,6.29,5.92,5.99,6.35,6.53,6.32,6.43,6.81,6.60,7.10,8.04,8.78,8.93,8.80,8.81,8.88,8.82,8.86,8.93,8.81,8.76,9.04,9.19,9.01,8.94,8.87,9.05,9.12,9.09,9.24,9.52,9.58,9.49,9.31,9.23,9.28,9.04,9.03,9.08,8.87,9.00,9.05,8.95,8.93,9.03,9.09,9.08,9.02,9.09,9.51,9.47,9.18,9.30,9.51,9.48,9.24,9.30,9.44,9.33,9.34,9.40,9.34,9.28,9.28,9.20,9.18,9.14,9.21,9.21,9.10,9.02,8.99,9.03,9.08,9.04,9.06,9.03,9.01,8.90,8.82,8.69,8.81,8.73,8.84,8.81,8.83,8.80,8.73,8.72,8.74,8.73,8.72,8.75,8.67,8.66,8.40,8.45,8.40,8.52,8.45,8.25,8.21,8.22,8.37,8.39,8.28,8.07,8.07,7.93,7.66,7.55,6.96,5.72,4.05,1.57,-1.11,-3.22,-4.31,-4.68,-4.83,-5.08,-5.07,-4.88,-4.97,-4.75
8.75,8.59,8.92,9.20,9.47,9.65,9.59,9.59,9.19,9.08,9.12,9.11,8.84,8.49,8.37,8.71,8.49,8.37,8.74,9.22,9.21,9.13,8.83,9.03,9.17,9.21,9.18,8.99,8.78,8.69,8.64,8.10,7.70,7.23,7.09,6.79,6.81,7.08,7.38,7.62,7.62,7.72,7.01,6.74,6.54,7.02,8.37,8.80,8.80,8.73,8.88,8.94,9.11,9.10,9.00,8.95,9.05,9.15,9.08,9.06,9.02,9.13,9.25,9.27,9.46,9.73,9.65,9.46,9.56,9.53,9.12,9.06,9.08,8.92,8.90,9.10,9.19,8.90,9.08,9.15,9.41,9.13,9.24,9.32,9.31,9.21,9.15,9.29,9.33,9.25,9.13,9.25,9.19,9.09,9.29,9.18,9.24,9.22,9.29,9.29,9.18,9.11,9.09,9.13,9.10,9.05,9.09,9.03,8.87,8.88,8.94,9.02,8.99,8.93,8.84,8.75,8.87,8.60,8.75,8.78,8.75,8.74,8.68,8.65,8.65,8.64,8.66,8.69,8.58,8.74,8.47,8.75,8.54,8.52,8.41,8.30,8.31,8.29,8.45,8.31,8.17,8.08,8.14,7.96,7.71,7.65,7.12,6.18,4.52,2.24,-0.31,-2.42,-3.27,-3.37,-3.22,-3.28,-3.22,-2.99,-2.99,-3.01
9.06,8.92,9.00,9.30,9.60,9.68,9.46,9.61,9.34,9.21,9.22,9.24,9.17,8.91,8.91,9.05,8.87,8.69,8.87,9.32,9.24,9.12,8.88,9.14,9.20,9.18,9.00,8.56,8.33,8.25,8.00,7.79,7.52,7.36,7.41,7.22,7.29,7.57,7.73,7.83,7.85,8.07,7.74,7.05,6.55,6.43,7.44,8.50,8.83,8.85,8.95,9.11,9.15,9.11,9.01,8.96,9.11,9.24,9.14,9.15,9.22,9.15,9.24,9.32,9.38,9.63,9.69,9.44,9.28,9.32,8.97,9.03,8.95,9.20,8.83,9.11,9.12,8.97,8.86,8.99,9.12,9.02,9.25,9.32,9.24,9.30,9.17,9.11,9.40,9.34,9.18,9.00,8.99,9.20,9.32,9.42,9.30,9.21,9.29,9.25,9.19,9.39,9.30,9.24,9.23,9.18,9.12,9.03,9.00,9.11,9.17,8.95,9.08,8.86,8.88,8.85,8.72,8.83,8.82,8.85,8.87,8.85,8.76,8.77,8.83,8.84,8.90,8.82,8.77,8.84,8.69,8.72,8.72,8.66,8.49,8.39,8.36,8.30,8.49,8.47,8.20,8.23,8.28,8.10,7.73,7.49,7.24,6.50,4.99,3.00,0.85,-0.96,-1.74,-1.59,-1.03,-0.63,-0.41,-0.31,-0.23,-0.72
9.10,9.05,9.06,9.28,9.50,9.53,9.32,9.56,9.27,9.11,9.04,9.03,9.13,9.05,8.82,8.97,8.86,8.76,8.93,9.13,9.10,9.09,8.94,9.10,9.10,8.78,8.37,7.99,7.64,7.69,7.65,7.39,7.32,7.50,7.37,7.13,7.33,7.52,7.50,7.76,8.00,7.91,7.82,7.64,6.98,6.22,6.58,7.62,8.39,8.65,8.85,8.92,8.85,8.83,8.91,8.99,9.08,9.20,9.20,9.15,9.15,9.18,9.29,9.18,9.38,9.51,9.54,9.47,9.30,9.18,9.02,8.95,8.91,9.13,9.03,8.80,9.00,9.01,8.96,8.97,9.11,9.11,9.02,9.11,8.99,9.14,9.17,9.25,9.25,9.46,9.18,9.25,9.42,9.44,9.38,9.20,9.20,9.12,9.21,9.38,9.22,9.15,9.10,9.13,9.27,9.12,8.94,8.99,8.97,8.99,9.10,9.01,8.90,8.80,8.78,8.72,8.91,8.96,8.65,8.78,8.91,8.86,8.80,8.77,8.75,8.82,8.87,8.69,8.71,8.77,8.72,8.56,8.54,8.48,8.42,8.36,8.27,8.23,8.54,8.42,8.21,8.17,8.12,7.98,7.78,7.50,6.98,6.48,5.35,3.72,1.90,0.46,0.04,0.54,1.40,2.34,2.89,3.00,2.87,2.30
9.11,9.09,9.27,9.38,9.53,9.59,9.23,9.38,9.27,9.11,9.09,9.12,9.09,9.03,8.91,8.97,8.86,8.83,8.97,9.02,8.99,8.86,8.80,8.67,8.58,8.24,7.82,7.58,7.34,7.61,7.64,7.33,7.31,7.48,7.26,7.22,7.36,7.47,7.57,7.83,8.19,8.07,7.99,7.90,7.70,6.93,6.86,6.99,7.73,8.42,8.87,8.96,8.96,9.02,9.10,9.11,9.09,9.21,9.25,9.15,9.15,9.13,9.13,9.11,9.32,9.52,9.58,9.50,9.41,9.02,9.11,9.14,8.97,9.04,9.05,8.97,9.01,9.14,8.97,9.31,9.11,9.11,9.40,9.41,9.42,9.48,9.28,9.20,9.36,9.52,9.40,9.22,9.48,9.24,9.39,9.30,9.42,9.24,9.25,9.33,9.34,9.25,9.11,9.04,9.22,9.29,9.02,8.99,9.15,9.00,8.93,8.82,8.96,8.80,8.75,8.94,9.10,8.92,8.68,8.80,8.92,8.87,8.80,8.87,8.96,8.94,8.90,8.83,8.87,8.76,8.49,8.49,8.54,8.51,8.33,8.31,8.47,8.49,8.41,8.31,8.28,8.20,8.10,7.98,7.86,7.66,7.30,6.89,6.06,4.59,2.82,1.55,1.73,2.54,4.17,5.31,5.85,5.85,5.50,5.09
9.11,9.12,9.31,9.36,9.44,9.47,9.19,9.12,9.13,9.14,9.17,9.17,9.04,9.04,9.03,8.97,8.81,8.74,8.84,8.92,8.67,8.46,8.17,7.91,7.80,7.64,7.42,7.34,7.29,7.45,7.39,7.26,7.29,7.45,7.28,7.16,7.31,7.52,7.62,7.89,8.11,8.19,8.19,8.32,8.34,7.37,7.46,7.28,7.30,7.69,8.67,9.03,8.95,8.95,9.02,9.14,9.20,9.18,9.17,9.11,9.13,9.34,9.32,9.21,9.49,9.56,9.63,9.65,9.28,9.25,9.22,9.18,8.82,9.10,9.21,8.88,9.14,8.92,8.96,8.87,9.03,9.11,9.48,9.18,9.30,9.28,9.53,9.42,9.14,9.33,9.28,9.23,9.28,9.23,9.30,9.23,9.13,9.09,9.20,9.18,9.22,9.15,8.97,8.93,9.02,9.05,8.95,8.91,8.95,9.04,9.13,8.95,8.93,8.92,8.94,8.87,8.95,8.97,8.84,8.80,8.80,8.87,8.75,8.81,8.88,8.71,8.69,8.82,8.85,8.72,8.77,8.49,8.52,8.54,8.33,8.20,8.30,8.29,8.13,8.17,8.24,8.21,8.22,8.21,8.07,7.85,7.44,7.10,6.39,4.82,3.14,2.33,2.68,4.07,6.14,7.40,7.87,7.77,7.38,7.23
8.78,9.03,9.10,9.15,9.23,9.30,9.33,9.08,8.96,9.11,9.23,9.15,8.90,9.05,8.81,8.87,8.72,8.58,8.60,8.47,8.13,7.91,7.69,7.50,7.42,7.36,7.32,7.31,7.17,7.36,7.50,7.28,7.34,7.36,7.41,7.36,7.40,7.49,7.58,7.98,8.24,8.22,8.17,8.20,8.19,7.91,7.82,7.40,7.24,7.39,8.00,8.48,8.91,9.04,8.94,9.00,9.18,9.14,9.05,9.25,9.24,9.31,9.32,9.24,9.38,9.66,9.59,9.34,9.23,9.39,9.25,9.09,8.80,8.78,9.04,9.01,8.97,8.91,8.90,9.17,8.94,9.18,9.23,9.31,9.29,9.30,9.31,9.19,9.22,9.18,9.34,9.21,9.04,9.21,9.40,9.32,9.23,9.11,9.19,9.28,9.20,9.17,9.02,8.94,9.05,9.11,9.05,8.92,8.95,9.14,9.15,9.01,8.78,8.76,8.80,8.87,9.00,8.94,8.92,8.85,8.86,8.94,8.81,8.73,8.81,8.82,8.82,8.76,8.83,8.49,8.84,8.57,8.55,8.66,8.52,8.31,8.32,8.30,8.42,8.25,8.04,8.17,8.13,7.91,7.80,7.86,7.46,7.17,6.41,5.02,3.48,2.60,2.94,5.23,6.97,8.06,8.62,8.73,8.42,8.42
8.65,9.02,9.02,9.12,9.32,9.47,9.39,9.22,9.08,9.20,9.32,9.20,8.85,9.08,8.67,8.81,8.55,8.24,8.08,7.81,7.66,7.53,7.55,7.52,7.49,7.45,7.41,7.32,7.07,7.38,7.55,7.32,7.30,7.29,7.55,7.39,7.28,7.48,7.80,8.03,8.10,8.27,8.25,8.27,8.16,8.20,7.96,7.72,7.56,7.29,7.30,7.88,8.55,8.94,9.01,8.93,8.97,9.05,9.14,9.28,9.32,9.30,9.19,9.25,9.40,9.68,9.77,9.40,9.23,9.24,9.09,8.97,8.97,9.01,9.06,8.87,9.18,8.99,8.82,9.20,8.95,9.10,9.19,9.27,9.32,9.14,9.18,9.22,9.20,9.36,9.40,9.22,9.37,9.41,9.30,9.38,9.23,9.12,9.15,9.23,9.28,9.18,9.13,9.23,9.27,9.13,9.02,9.06,9.04,8.87,8.90,8.90,8.91,8.71,8.54,8.84,8.83,8.74,8.86,8.88,8.72,8.64,8.85,8.93,8.78,8.74,8.67,8.69,8.69,8.69,8.63,8.40,8.40,8.50,8.47,8.29,8.19,8.27,8.08,8.05,8.22,8.07,8.00,7.96,7.86,7.82,7.93,7.34,6.51,5.21,3.91,3.29,3.81,5.72,7.63,8.55,8.96,9.24,8.87,8.74
8.67,8.87,9.02,9.05,9.10,9.19,9.19,9.11,9.05,9.17,9.11,8.86,8.72,8.85,8.48,8.41,8.11,7.72,7.54,7.50,7.49,7.45,7.40,7.46,7.48,7.42,7.34,7.25,7.10,7.33,7.42,7.32,7.26,7.31,7.50,7.38,7.34,7.58,7.82,7.99,7.94,8.14,8.07,8.34,8.31,8.17,8.07,8.07,7.80,7.58,7.24,7.26,7.87,8.65,9.04,9.05,9.04,9.06,9.05,9.30,9.48,9.33,9.20,9.14,9.44,9.63,9.73,9.48,9.22,9.12,8.96,8.76,8.82,9.05,8.86,9.04,9.19,9.02,8.94,9.21,9.14,9.06,9.05,9.05,9.23,9.06,9.22,9.32,9.42,9.22,9.34,9.23,9.30,9.37,9.41,9.23,9.21,9.09,8.94,8.99,9.12,9.22,9.17,8.99,8.96,9.03,9.00,8.88,8.80,8.84,8.92,8.97,8.90,8.91,8.86,8.67,8.77,8.73,8.97,8.88,8.81,8.73,8.65,8.67,8.60,8.50,8.73,8.80,8.66,8.51,8.62,8.40,8.52,8.62,8.56,8.49,8.49,8.51,8.19,8.24,8.28,8.29,8.12,8.02,7.98,7.82,8.14,7.54,7.04,5.80,4.37,3.79,4.36,6.22,7.68,8.60,9.11,9.25,8.93,8.99
8.45,8.65,8.99,9.15,9.17,9.12,9.14,9.10,8.91,8.93,8.90,8.58,8.14,8.11,7.89,7.80,7.57,7.41,7.42,7.42,7.45,7.44,7.24,7.38,7.47,7.45,7.38,7.29,7.15,7.29,7.47,7.37,7.38,7.31,7.36,7.33,7.37,7.57,7.89,8.04,8.05,8.24,8.06,8.30,8.17,8.17,8.06,8.24,7.97,7.83,7.47,7.30,7.34,7.88,8.75,9.18,9.18,9.23,9.36,9.42,9.40,9.39,9.41,9.25,9.54,9.87,9.80,9.49,9.24,9.34,9.15,9.09,8.91,9.04,9.13,8.97,8.92,9.12,9.01,9.00,9.15,9.18,9.10,9.12,9.11,9.18,9.43,9.27,9.13,9.17,9.18,9.08,8.82,9.13,9.18,9.22,9.10,9.04,9.18,9.17,9.28,9.32,8.99,8.91,9.02,8.99,8.95,8.92,8.85,8.80,8.95,8.87,8.76,8.86,8.82,8.71,8.66,8.83,8.86,8.84,8.92,8.90,8.92,8.77,8.56,8.66,8.77,8.76,8.76,8.78,8.66,8.56,8.80,8.73,8.46,8.37,8.37,8.21,8.33,8.33,8.40,8.25,8.20,8.17,8.02,7.95,8.27,8.00,7.47,6.35,5.09,4.57,5.32,6.62,8.04,8.72,9.01,9.21,8.87,8.87
8.66,8.85,9.33,9.41,9.21,8.99,8.97,9.03,8.83,8.63,8.40,8.08,7.60,7.55,7.49,7.58,7.38,7.28,7.34,7.25,7.28,7.44,7.18,7.36,7.55,7.56,7.47,7.34,7.16,7.30,7.40,7.34,7.33,7.21,7.23,7.25,7.30,7.58,7.91,8.04,8.17,8.28,8.23,8.36,8.23,8.19,8.16,8.22,7.97,7.94,7.82,7.69,7.60,7.74,8.24,8.68,9.04,9.31,9.30,9.48,9.54,9.49,9.41,9.43,9.69,9.69,9.58,9.41,9.39,9.44,9.20,9.29,9.06,9.06,9.13,9.03,9.01,9.10,8.96,9.08,9.20,8.88,9.03,9.06,9.18,9.18,9.27,9.14,9.21,9.19,9.20,9.36,9.15,9.18,9.17,9.12,9.11,8.96,9.05,9.08,9.09,9.02,8.90,8.95,9.03,9.03,9.01,8.95,8.94,8.96,8.87,8.77,8.87,8.81,8.94,8.59,8.86,8.92,8.88,8.80,8.72,8.72,8.74,8.57,8.40,8.54,8.67,8.94,8.75,8.78,8.88,8.65,8.59,8.54,8.40,8.31,8.32,8.29,8.33,8.40,8.49,8.39,8.27,8.23,8.20,8.11,8.32,8.07,7.65,6.91,6.20,5.89,6.00,6.52,7.74,8.60,9.04,9.27,9.08,8.90
8.78,8.66,9.13,9.10,8.93,8.85,8.73,8.50,8.49,8.25,8.06,7.81,7.39,7.49,7.78,7.72,7.56,7.38,7.25,7.31,7.29,7.54,7.30,7.34,7.53,7.48,7.33,7.36,7.37,7.41,7.44,7.38,7.39,7.33,7.41,7.39,7.49,7.79,7.95,8.07,8.14,8.12,8.16,8.48,8.23,8.20,8.15,8.02,7.96,8.05,8.03,7.82,7.64,7.68,7.76,7.82,8.25,8.97,9.48,9.72,9.62,9.47,9.48,9.51,9.69,9.72,9.52,9.51,9.29,9.29,9.13,9.21,8.93,9.18,9.00,8.87,9.13,8.99,8.86,8.82,8.91,8.97,9.17,9.01,9.00,8.96,8.85,9.13,9.11,9.17,9.08,9.21,8.95,9.09,9.02,9.17,9.23,9.11,8.99,8.99,9.05,9.11,9.03,9.04,9.04,8.93,8.95,8.88,8.82,8.67,8.68,8.86,8.86,8.72,8.71,8.59,8.73,8.93,8.99,8.87,8.77,8.86,8.86,8.72,8.64,8.68,8.59,8.74,8.75,8.57,8.59,8.58,8.69,8.64,8.41,8.24,8.21,8.28,8.40,8.33,8.42,8.32,8.36,8.34,8.20,8.19,8.45,8.16,7.95,7.61,7.13,6.76,6.97,7.24,7.85,8.39,8.81,9.09,8.90,8.97
8.75,8.84,8.90,8.88,8.88,8.85,8.67,8.41,8.38,8.27,8.02,7.73,7.58,7.57,7.57,7.88,7.74,7.60,7.66,7.71,7.54,7.73,7.73,7.79,7.89,7.80,7.69,7.80,7.90,7.83,7.91,7.88,8.06,7.89,7.91,7.94,8.10,8.27,8.30,8.41,8.32,8.25,8.29,8.39,8.37,8.13,8.15,8.19,8.12,8.24,8.33,8.22,8.10,7.98,7.83,7.72,7.99,8.77,9.40,9.69,9.67,9.52,9.46,9.57,9.77,9.80,9.59,9.51,9.43,9.28,9.01,9.19,8.86,9.11,9.02,8.92,9.01,8.87,8.88,9.06,9.22,9.04,9.29,9.11,9.41,9.21,9.11,9.15,9.05,9.22,9.13,9.18,9.27,9.27,9.19,9.25,9.18,9.10,9.10,9.12,8.95,8.96,9.10,9.18,9.09,8.99,9.00,8.88,8.84,8.78,8.84,8.96,8.85,8.87,8.86,8.74,8.90,9.01,8.96,8.90,8.86,9.00,8.94,8.84,8.90,8.95,8.97,8.95,8.85,8.85,8.82,8.72,8.66,8.63,8.56,8.45,8.42,8.31,8.15,8.41,8.40,8.39,8.43,8.40,8.25,8.29,8.42,8.32,8.13,7.93,7.68,7.48,7.58,7.94,8.21,8.33,8.57,8.99,8.87,8.94
8.76,8.87,8.80,9.00,8.96,8.68,8.56,8.23,8.58,8.52,8.25,8.03,8.03,8.11,8.21,8.40,8.47,8.40,8.32,8.31,8.31,8.48,8.60,8.62,8.57,8.58,8.59,8.60,8.60,8.63,8.69,8.74,8.83,8.54,8.48,8.64,8.74,8.73,8.80,8.91,8.82,8.72,8.83,8.69,8.69,8.59,8.67,8.80,8.66,8.64,8.74,8.66,8.65,8.64,8.36,8.27,8.72,9.19,9.50,9.82,9.73,9.59,9.47,9.43,9.86,9.87,9.70,9.65,9.65,9.41,9.31,9.30,9.06,9.22,9.28,9.15,9.17,9.15,9.04,9.02,9.12,9.09,9.11,9.11,9.28,9.12,9.05,9.04,9.01,9.22,8.95,8.88,8.99,9.10,9.25,9.21,9.21,9.11,9.08,9.04,9.04,9.15,9.17,9.03,9.12,9.17,8.99,8.93,8.83,8.92,8.94,8.94,8.78,8.75,8.90,8.65,8.75,8.74,8.86,8.72,8.76,8.87,8.91,8.87,8.82,8.81,8.74,8.82,8.60,8.76,8.76,8.82,8.74,8.55,8.50,8.55,8.46,8.58,8.56,8.49,8.52,8.42,8.38,8.37,8.33,8.37,8.41,8.55,8.30,8.10,8.07,8.03,7.86,8.36,8.54,8.50,8.59,8.93,8.71,8.83
8.95,9.00,9.11,9.18,9.14,9.03,8.92,9.10,9.10,9.09,8.95,8.84,8.95,9.04,9.03,9.43,9.34,9.14,9.18,9.20,8.92,9.11,9.30,9.19,9.23,9.34,9.31,9.21,9.23,9.40,9.43,9.50,9.25,9.15,9.10,9.14,9.15,9.17,9.23,9.27,9.30,9.24,9.38,9.34,9.13,9.27,9.36,9.38,9.31,9.17,9.17,9.06,9.15,9.34,9.24,9.18,9.44,9.62,9.73,9.91,9.78,9.76,9.67,9.46,9.79,9.81,9.95,9.85,9.76,9.83,9.70,9.60,9.43,9.61,9.52,9.59,9.43,9.62,9.42,9.30,9.51,9.32,9.20,8.97,9.08,9.04,8.97,9.19,9.17,9.17,8.97,9.03,9.22,9.14,9.31,9.29,9.15,9.14,9.09,9.00,9.04,9.06,9.06,9.00,9.06,9.17,8.97,8.92,8.87,8.99,9.03,8.91,8.66,8.76,8.88,8.82,8.72,8.83,8.83,8.76,8.88,8.97,8.92,8.84,8.86,8.94,8.88,8.94,8.74,8.90,8.73,8.78,8.77,8.64,8.52,8.46,8.36,8.56,8.57,8.71,8.47,8.27,8.29,8.37,8.39,8.49,8.54,8.62,8.52,8.43,8.55,8.71,8.29,8.60,8.88,8.83,8.72,8.94,8.63,8.73
9.01,9.19,9.49,9.47,9.47,9.52,9.53,9.67,9.67,9.73,9.83,9.86,9.75,9.79,9.48,9.85,9.76,9.66,9.76,9.75,9.67,9.52,9.62,9.71,9.71,9.73,9.78,9.71,9.66,9.96,9.78,10.02,9.69,9.71,9.67,9.57,9.61,9.75,9.66,9.49,9.63,9.50,9.71,9.80,9.73,9.67,9.87,9.78,9.73,9.58,9.61,9.63,9.77,9.92,9.99,10.07,10.23,10.23,9.96,9.80,9.68,9.76,9.71,9.61,9.95,9.98,10.14,9.88,10.02,10.12,9.90,9.97,9.81,10.05,9.79,9.88,9.75,9.66,9.70,9.78,9.59,9.40,9.31,9.11,9.19,9.14,9.03,9.17,9.29,9.20,9.13,9.04,9.23,9.15,9.21,9.46,9.39,9.29,9.29,9.15,9.24,9.32,9.21,9.10,9.10,9.20,9.12,9.02,8.92,8.75,9.02,8.93,8.73,8.56,8.82,8.92,8.93,8.97,8.85,8.80,8.90,9.03,9.06,9.02,9.01,9.01,8.91,8.94,8.73,8.67,8.75,8.85,8.96,8.93,8.73,8.51,8.49,8.47,8.52,8.78,8.48,8.30,8.30,8.32,8.31,8.65,8.67,8.71,8.67,8.71,8.85,8.96,8.68,8.68,8.84,8.78,8.65,8.90,8.66,8.75
9.15,9.51,9.79,9.60,9.69,9.93,9.85,9.79,10.00,9.97,10.09,10.19,10.11,10.23,9.77,10.05,10.18,10.26,10.30,10.17,9.97,10.28,10.32,10.26,10.26,10.23,10.07,9.91,9.97,10.10,10.22,10.33,10.00,10.12,10.11,10.00,10.01,10.11,10.01,9.80,9.87,9.75,10.06,10.22,10.33,10.11,10.32,10.31,10.26,10.14,10.16,10.27,10.40,10.43,10.47,10.62,10.58,10.30,10.06,9.83,9.87,9.81,9.70,9.61,9.91,9.95,10.09,9.95,10.16,10.17,10.00,9.98,9.93,9.95,9.57,9.77,9.63,9.43,9.48,9.41,9.34,9.36,9.31,9.22,9.06,8.87,9.13,9.19,9.15,9.17,9.18,9.05,9.18,9.05,9.06,9.09,9.19,9.18,9.12,9.11,9.15,9.15,9.05,8.97,8.97,8.97,8.97,8.94,8.93,8.73,8.93,9.01,8.86,8.76,8.77,8.82,8.88,8.80,8.62,8.67,8.83,8.88,8.90,8.90,8.86,8.85,8.78,8.76,8.80,8.73,8.71,8.76,8.72,8.76,8.76,8.55,8.54,8.47,8.49,8.52,8.42,8.41,8.39,8.29,8.22,8.68,8.72,8.76,8.82,8.85,8.81,8.74,8.68,8.68,8.66,8.52,8.41,8.67,8.63,8.77
9.34,9.73,9.95,9.88,9.98,10.10,9.98,9.92,10.11,10.17,10.26,10.29,10.19,10.20,10.00,10.19,10.27,10.24,10.22,10.29,10.05,10.49,10.43,10.40,10.47,10.30,10.20,10.26,10.16,10.11,10.10,10.47,10.33,10.38,10.20,10.09,10.20,10.21,10.01,9.93,10.06,10.22,10.41,10.63,10.69,10.49,10.53,10.65,10.61,10.61,10.72,10.83,11.00,11.04,11.04,11.02,10.73,10.41,10.08,9.86,9.91,9.79,9.81,9.67,9.95,10.16,10.05,9.80,9.88,9.87,9.99,9.68,9.81,9.81,9.62,9.68,9.40,9.49,9.29,9.30,9.60,9.15,9.09,9.19,9.27,9.03,9.00,9.00,8.97,8.87,9.08,9.00,9.03,9.12,9.14,9.25,9.21,9.12,8.99,9.04,9.10,9.06,9.11,9.02,8.94,8.93,8.86,8.91,8.88,8.69,8.85,8.86,8.81,8.75,8.68,8.80,8.72,8.74,8.68,8.76,8.83,8.82,8.84,8.90,8.94,8.77,8.71,8.81,8.87,8.75,8.71,8.73,8.73,8.75,8.67,8.49,8.48,8.38,8.42,8.42,8.51,8.55,8.45,8.29,8.30,8.67,8.80,8.76,8.80,8.84,8.76,8.67,8.50,8.57,8.47,8.30,8.31,8.49,8.55,8.62
9.58,9.86,10.03,10.02,10.10,10.12,9.92,9.92,10.10,10.03,10.22,10.32,10.05,9.86,10.16,10.11,9.99,9.99,10.06,10.11,10.18,10.07,10.05,10.09,10.09,10.09,10.13,10.17,10.16,10.00,10.35,10.37,10.38,10.35,10.16,10.08,10.16,10.02,9.80,9.85,9.93,10.20,10.51,10.69,10.71,10.58,10.62,10.64,10.63,10.80,10.96,10.89,11.05,11.16,11.14,10.94,10.71,10.52,10.13,9.93,9.90,9.86,9.87,9.62,9.85,10.13,9.98,9.85,9.93,9.72,9.67,9.17,9.02,9.58,9.70,9.78,9.56,9.29,9.27,9.17,9.69,9.39,9.21,9.28,9.27,9.10,9.17,9.18,9.12,8.99,9.10,9.04,9.17,9.18,9.10,9.29,9.28,9.10,8.99,9.02,9.01,9.00,9.09,9.03,9.01,9.12,9.03,9.01,8.92,8.83,8.99,9.00,8.90,8.91,8.74,8.85,8.86,8.91,8.88,8.85,8.86,8.87,8.90,8.96,8.94,8.82,8.80,8.83,8.76,8.74,8.72,8.78,8.85,8.80,8.57,8.42,8.57,8.42,8.48,8.55,8.56,8.51,8.43,8.34,8.42,8.69,8.85,8.81,8.72,8.75,8.85,8.77,8.48,8.30,7.95,7.86,8.21,8.36,8.42,8.39
9.89,10.05,10.09,10.07,10.11,10.08,9.89,9.80,9.95,9.92,10.02,10.09,9.99,9.82,9.82,9.93,10.01,10.08,10.16,10.24,10.21,10.16,10.10,10.09,9.83,9.86,9.96,9.83,9.76,9.92,9.88,9.85,9.93,10.00,10.06,10.12,10.09,9.95,9.82,9.81,9.83,10.07,10.34,10.42,10.64,10.48,10.55,10.53,10.55,10.61,10.64,10.49,10.73,11.08,11.12,10.96,10.77,10.47,10.17,10.05,10.08,10.09,9.99,9.62,9.83,10.05,9.86,9.75,9.96,9.90,9.56,9.32,9.38,9.98,9.93,9.81,9.42,9.33,9.47,9.38,9.66,9.32,9.24,9.22,9.22,9.23,9.24,9.23,9.15,9.13,9.12,9.05,9.09,9.21,9.19,9.08,9.09,9.13,9.09,9.06,9.10,9.15,9.14,9.03,9.10,9.27,9.23,9.13,9.11,8.91,9.18,9.13,9.04,8.96,8.85,8.99,8.83,8.96,8.92,8.91,8.95,8.95,8.99,9.03,9.01,8.95,8.85,8.92,8.86,8.93,8.83,8.82,8.86,8.77,8.62,8.60,8.67,8.48,8.55,8.66,8.55,8.48,8.48,8.45,8.49,8.69,8.82,8.92,9.01,9.04,8.88,8.77,8.56,8.41,8.07,7.85,7.99,8.10,8.37,8.41
10.16,10.22,10.09,10.21,10.12,9.95,9.82,9.69,9.87,9.92,9.81,9.76,9.78,9.66,9.70,9.83,9.88,9.80,9.85,10.11,10.09,9.71,9.82,10.05,9.99,9.83,9.63,9.46,9.39,9.60,9.85,9.61,9.62,9.85,9.78,9.67,9.69,9.63,9.57,9.62,9.63,9.90,10.41,10.28,10.27,10.17,10.26,10.26,10.33,10.28,10.34,10.22,10.49,11.06,11.19,11.04,10.80,10.42,10.18,10.17,10.16,10.20,10.10,9.60,9.78,10.12,9.92,9.57,9.76,9.95,9.58,9.29,9.34,9.83,9.79,9.76,9.39,9.24,9.33,9.39,9.57,9.48,9.61,9.66,9.54,9.38,9.52,9.60,9.43,9.36,9.44,9.29,9.33,9.41,9.43,9.43,9.32,9.30,9.43,9.42,9.41,9.59,9.57,9.39,9.37,9.38,9.40,9.33,9.29,9.23,9.40,9.42,9.22,9.27,8.99,9.20,9.10,9.11,9.00,9.02,9.09,9.12,9.18,9.18,9.10,9.02,9.00,9.03,9.03,9.05,8.96,8.87,8.85,8.77,8.68,8.73,8.69,8.43,8.49,8.65,8.66,8.65,8.58,8.49,8.57,8.68,8.91,9.05,9.29,9.60,9.71,9.47,8.67,8.27,8.11,8.16,8.33,8.24,8.49,8.29
10.18,10.19,10.18,10.24,10.02,9.75,9.63,9.68,9.70,9.86,9.65,9.48,9.49,9.34,9.50,9.43,9.53,9.59,9.78,10.02,9.61,9.34,9.61,9.70,9.47,9.42,9.42,9.36,9.43,9.54,9.57,9.30,9.63,9.89,9.61,9.54,9.56,9.57,9.71,9.78,9.65,9.86,10.33,10.27,10.17,10.13,10.21,10.17,10.20,10.30,10.35,10.23,10.38,10.87,11.07,10.84,10.67,10.47,10.22,10.28,10.22,10.27,10.14,9.58,9.63,10.00,9.95,9.65,9.67,9.75,9.73,9.71,9.83,9.90,9.76,9.70,9.29,9.25,9.34,9.41,9.44,9.56,9.76,9.70,9.59,9.53,9.97,10.13,10.09,9.99,9.99,9.88,9.86,9.99,10.09,10.05,10.01,10.06,10.19,10.12,10.03,10.29,10.32,10.14,10.03,9.93,9.99,9.97,9.83,9.89,10.03,9.99,9.88,9.80,9.48,9.48,9.60,9.62,9.54,9.56,9.60,9.63,9.62,9.49,9.38,9.28,9.32,9.18,9.18,9.14,9.05,8.99,8.88,8.78,8.72,8.58,8.71,8.48,8.42,8.55,8.66,8.71,8.67,8.59,8.77,8.83,9.01,9.34,9.75,10.19,10.69,10.38,8.81,8.27,8.05,7.94,8.15,8.25,8.47,8.54
10.22,10.03,10.28,10.12,9.96,9.77,9.54,9.67,9.44,9.71,9.57,9.38,9.29,9.23,9.28,9.33,9.46,9.58,9.78,9.83,9.43,9.40,9.58,9.47,9.32,9.47,9.46,9.29,9.33,9.47,9.41,9.22,9.32,9.71,9.50,9.39,9.47,9.53,9.47,9.44,9.61,9.77,10.01,10.24,10.05,10.24,9.89,9.88,9.99,10.11,10.17,10.21,10.34,10.75,10.97,10.77,10.64,10.44,10.20,10.32,10.31,10.30,10.18,9.68,9.72,9.91,9.96,9.78,9.66,9.67,9.72,9.79,10.02,10.07,9.62,9.77,9.28,9.25,9.20,9.38,9.57,9.59,9.68,9.63,9.62,9.68,9.83,10.01,10.00,10.24,10.32,10.27,10.21,10.09,10.14,10.27,10.42,10.51,10.52,10.52,10.53,10.66,10.74,10.65,10.50,10.42,10.53,10.52,10.47,10.52,10.51,10.27,10.40,10.22,10.07,10.00,10.17,10.14,10.07,10.10,10.11,10.11,10.14,10.03,9.92,9.79,9.60,9.28,9.31,9.28,9.12,9.02,8.88,8.82,8.88,8.67,8.69,8.42,8.45,8.54,8.65,8.69,8.72,8.74,8.77,8.71,8.91,9.28,9.86,10.37,10.24,9.90,8.86,8.48,8.40,8.27,8.11,8.16,8.39,8.55
10.02,10.05,10.29,10.16,10.22,10.01,9.61,9.63,9.61,9.62,9.62,9.44,9.24,9.29,9.24,9.36,9.43,9.57,9.77,9.78,9.37,9.40,9.51,9.44,9.22,9.18,9.30,9.40,9.36,9.38,9.51,9.57,9.59,9.52,9.59,9.42,9.40,9.54,9.65,9.65,9.59,9.70,9.91,10.06,10.00,10.13,10.01,9.86,10.00,10.19,10.12,10.06,10.12,10.52,10.87,10.80,10.60,10.34,10.13,10.29,10.33,10.41,10.23,9.72,9.72,9.96,9.95,9.75,9.62,9.60,9.66,9.99,9.89,9.70,9.58,9.63,9.30,9.39,9.41,9.42,9.47,9.41,9.46,9.47,9.54,9.62,9.72,9.83,9.93,10.17,10.31,10.41,10.31,10.11,10.11,10.35,10.53,10.56,10.54,10.59,10.60,10.62,10.73,10.61,10.53,10.64,10.56,10.56,10.58,10.60,10.66,10.37,10.41,10.27,10.41,10.27,10.24,10.24,10.27,10.30,10.27,10.27,10.39,10.44,10.26,10.07,9.56,9.13,9.31,9.27,9.18,8.95,8.75,8.82,8.90,8.77,8.64,8.43,8.34,8.41,8.50,8.59,8.68,8.64,8.72,8.64,8.66,8.97,9.56,10.03,9.71,9.47,8.77,8.42,8.29,8.21,8.29,8.08,8.30,8.32
9.79,9.91,10.10,10.16,10.00,9.86,9.83,9.87,9.61,9.62,9.63,9.50,9.33,9.32,9.22,9.19,9.39,9.57,9.72,9.73,9.32,9.31,9.60,9.47,9.25,9.21,9.19,9.25,9.38,9.39,9.44,9.48,9.37,9.41,9.34,9.39,9.48,9.58,9.58,9.49,9.53,9.72,9.97,9.99,10.07,10.13,10.05,10.02,10.12,10.10,10.10,10.13,10.29,10.58,10.85,10.83,10.60,10.35,10.23,10.30,10.35,10.43,10.18,9.72,9.62,9.98,9.83,9.56,9.65,9.67,9.56,9.76,9.68,9.60,9.58,9.58,9.38,9.20,9.28,9.27,9.43,9.47,9.42,9.44,9.54,9.46,9.75,9.70,9.85,10.10,10.14,10.31,10.30,10.14,10.02,10.18,10.33,10.43,10.49,10.53,10.54,10.44,10.44,10.53,10.41,10.50,10.50,10.42,10.55,10.62,10.62,10.44,10.29,10.16,10.35,10.24,10.14,10.23,10.40,10.39,10.27,10.23,10.30,10.35,10.14,10.06,9.40,9.05,9.24,9.24,9.13,8.88,8.75,8.81,8.65,8.47,8.39,8.58,8.54,8.60,8.58,8.62,8.71,8.45,8.59,8.77,8.90,9.08,9.34,9.49,9.15,9.15,8.67,8.43,8.38,8.27,8.23,7.98,8.15,8.25
9.86,10.07,10.08,10.19,9.95,9.85,9.82,9.56,9.48,9.33,9.56,9.47,9.27,9.28,9.18,9.20,9.39,9.48,9.62,9.67,9.43,9.44,9.50,9.41,9.23,9.20,9.06,9.10,9.32,9.32,9.47,9.43,9.32,9.40,9.38,9.41,9.37,9.44,9.42,9.36,9.52,9.73,9.72,9.89,9.73,10.11,9.97,9.86,9.76,9.80,10.03,10.09,10.39,10.60,10.84,10.82,10.54,10.39,10.31,10.32,10.38,10.37,10.14,9.79,9.73,9.95,9.81,9.53,9.66,9.73,9.56,9.48,9.38,9.62,9.50,9.48,9.40,9.13,9.20,9.15,9.42,9.47,9.32,9.38,9.24,9.42,9.59,9.70,9.59,9.78,9.89,9.93,9.98,10.02,9.96,9.93,10.14,10.28,10.27,10.29,10.30,10.21,10.13,10.20,10.20,10.39,10.40,10.23,10.38,10.44,10.42,10.38,10.23,10.18,10.21,10.19,10.22,10.30,10.43,10.41,10.26,10.20,10.16,10.14,9.92,9.97,9.51,9.31,9.18,9.30,9.19,8.85,8.72,8.82,8.73,8.55,8.65,8.51,8.54,8.50,8.51,8.58,8.62,8.47,8.46,8.54,8.74,9.04,9.24,9.13,9.11,8.88,8.46,8.39,8.41,8.12,8.04,7.79,7.94,8.16
9.89,10.00,10.06,10.12,9.91,9.83,9.73,9.49,9.48,9.44,9.39,9.17,9.10,9.24,9.11,9.31,9.22,9.34,9.54,9.62,9.58,9.46,9.21,9.39,9.27,9.31,9.14,9.06,9.21,9.32,9.52,9.60,9.18,9.25,9.52,9.38,9.40,9.51,9.53,9.49,9.53,9.73,9.78,10.02,9.99,10.09,9.96,9.98,9.72,9.85,10.02,10.14,10.39,10.65,10.89,10.82,10.58,10.49,10.29,10.29,10.49,10.44,10.13,9.90,9.87,9.92,9.82,9.69,9.63,9.61,9.57,9.54,9.28,9.53,9.53,9.52,9.41,9.18,9.30,9.25,9.48,9.41,9.37,9.46,9.24,9.61,9.65,9.71,9.42,9.43,9.52,9.43,9.66,9.72,9.69,9.71,9.97,10.20,10.14,10.16,10.19,10.21,10.16,10.18,10.37,10.45,10.32,10.31,10.40,10.35,10.28,10.28,10.32,10.21,10.24,10.19,10.26,10.28,10.33,10.37,10.23,10.17,10.20,10.16,10.00,9.86,9.41,9.51,9.36,9.31,9.28,9.08,8.91,8.86,8.75,8.73,8.78,8.68,8.71,8.43,8.46,8.69,8.65,8.58,8.52,8.58,8.81,9.05,9.14,9.00,8.87,8.72,8.49,8.47,8.45,8.10,8.08,7.85,7.74,7.90
9.81,9.86,10.06,9.96,9.89,9.75,9.66,9.61,9.28,9.28,9.40,9.25,9.14,9.14,8.94,9.14,9.34,9.46,9.52,9.61,9.58,9.39,9.15,9.42,9.29,9.42,9.23,9.08,9.21,9.36,9.53,9.39,9.17,9.29,9.37,9.31,9.42,9.62,9.57,9.42,9.51,9.79,10.00,9.93,10.11,10.10,9.96,9.83,9.81,9.92,9.93,9.99,10.12,10.58,10.89,10.76,10.64,10.47,10.26,10.39,10.48,10.31,10.05,10.02,9.87,9.91,9.79,9.77,9.61,9.60,9.42,9.43,9.36,9.43,9.48,9.50,9.41,9.22,9.18,9.25,9.42,9.38,9.40,9.48,9.32,9.67,9.59,9.51,9.43,9.44,9.44,9.39,9.56,9.54,9.71,9.82,9.91,10.10,10.08,10.06,10.12,10.13,10.10,10.22,10.42,10.35,10.27,10.39,10.52,10.48,10.35,10.31,10.37,10.09,10.21,10.19,10.26,10.21,10.17,10.27,10.27,10.11,10.10,9.92,10.01,9.78,9.39,9.18,9.29,9.19,9.10,9.01,8.82,8.78,8.67,8.72,8.74,8.56,8.50,8.68,8.76,8.74,8.87,8.62,8.65,8.69,8.86,9.08,9.18,9.00,8.69,8.47,8.33,8.31,8.28,8.10,8.21,8.05,7.78,7.81
9.86,9.85,10.02,10.00,10.01,9.82,9.63,9.53,9.22,9.37,9.36,9.11,9.02,9.11,9.09,9.14,9.17,9.22,9.52,9.71,9.60,9.48,9.29,9.40,9.22,9.36,9.13,9.03,9.17,9.31,9.44,9.27,9.18,9.03,9.09,9.15,9.24,9.38,9.57,9.53,9.43,9.71,9.89,10.05,10.08,9.97,9.95,10.06,9.95,10.02,9.98,10.02,10.07,10.39,10.65,10.55,10.55,10.54,10.29,10.28,10.32,10.13,10.09,10.11,9.73,9.99,9.83,9.75,9.58,9.59,9.38,9.27,9.46,9.41,9.22,9.54,9.46,9.25,9.21,9.18,9.36,9.36,9.32,9.44,9.34,9.60,9.48,9.44,9.54,9.72,9.68,9.47,9.44,9.53,9.79,9.91,9.93,10.08,10.06,9.92,9.98,9.98,9.99,10.05,10.20,10.20,10.21,10.30,10.35,10.31,10.33,10.26,10.13,9.86,9.97,9.96,10.01,10.05,9.96,9.99,10.11,10.08,10.13,9.92,10.02,9.58,9.56,9.34,9.49,9.43,9.24,9.14,8.99,8.85,9.04,9.08,8.72,8.56,8.55,8.64,8.68,8.69,8.87,8.62,8.67,8.73,8.86,9.05,9.14,8.85,8.54,8.32,8.12,8.04,8.02,7.88,8.33,8.20,7.97,7.94
9.77,9.83,10.17,9.99,9.95,9.81,9.61,9.40,9.25,9.20,9.22,9.11,8.96,8.91,9.04,9.12,9.05,9.33,9.48,9.43,9.34,9.25,9.37,9.44,9.27,9.28,9.03,8.96,9.17,9.34,9.46,9.19,9.08,8.81,8.83,9.06,9.18,9.25,9.43,9.47,9.43,9.68,9.98,9.91,10.08,9.90,9.97,9.90,9.79,10.00,9.80,9.89,10.14,10.42,10.61,10.53,10.50,10.43,10.28,10.30,10.27,10.10,9.97,9.99,9.86,10.11,9.96,9.73,9.62,9.58,9.48,9.27,9.32,9.50,9.21,9.60,9.43,9.21,9.21,9.17,9.33,9.37,9.31,9.34,9.41,9.48,9.50,9.54,9.77,10.09,10.06,9.66,9.58,9.68,9.76,9.88,9.95,9.97,9.88,9.65,9.58,9.62,9.69,9.66,9.79,9.81,10.16,10.29,10.17,10.01,10.02,9.88,9.70,9.47,9.53,9.66,9.61,9.57,9.66,9.78,9.81,9.73,9.67,9.65,9.69,9.61,9.59,9.39,9.42,9.47,9.34,9.11,8.88,8.99,8.92,8.85,8.86,8.75,8.65,8.74,8.84,8.75,8.83,8.62,8.72,8.80,8.85,8.94,9.03,8.71,8.38,8.21,8.02,7.95,8.05,7.76,8.48,8.40,8.17,7.98
9.67,9.92,10.29,9.90,9.91,9.82,9.58,9.36,9.27,9.17,9.25,9.15,9.08,9.03,8.99,9.10,9.04,9.24,9.32,9.40,9.39,9.18,9.42,9.69,9.31,9.27,9.08,9.04,9.19,9.37,9.39,9.10,8.92,8.75,8.88,9.11,9.09,9.14,9.31,9.34,9.40,9.70,9.90,9.92,10.09,9.89,10.06,9.98,9.69,9.81,10.00,9.90,10.18,10.45,10.58,10.49,10.34,10.22,10.14,10.21,10.29,10.11,9.90,9.95,9.90,9.92,9.89,9.86,9.71,9.63,9.46,9.41,9.27,9.51,9.36,9.43,9.34,9.25,9.10,9.25,9.31,9.38,9.41,9.29,9.33,9.32,9.43,9.63,9.92,10.14,10.22,10.03,9.85,9.79,9.76,9.85,9.91,9.78,9.59,9.31,9.14,9.14,9.10,9.09,9.17,9.42,9.79,9.95,9.76,9.52,9.63,9.49,9.17,9.02,9.09,9.13,9.18,9.11,9.18,9.44,9.38,9.39,9.42,9.20,9.31,9.61,9.65,9.27,9.11,9.17,9.25,9.24,8.93,8.93,8.96,8.84,8.80,8.81,8.68,8.73,8.86,8.77,8.86,8.65,8.62,8.68,8.77,8.85,8.85,8.69,8.43,8.21,8.03,7.99,8.20,8.14,8.43,8.55,8.40,8.19
9.76,9.98,10.12,9.85,9.92,9.79,9.57,9.40,9.32,9.33,9.33,9.09,9.04,9.10,9.03,9.06,9.18,9.25,9.40,9.42,9.27,9.25,9.39,9.40,9.17,9.27,9.21,9.14,9.20,9.32,9.32,9.14,8.94,8.74,8.91,8.95,9.06,9.21,9.33,9.37,9.40,9.66,9.95,9.89,9.92,9.91,9.82,9.82,9.62,9.70,10.05,9.98,10.07,10.49,10.56,10.45,10.41,10.31,10.27,10.29,10.32,10.16,9.92,9.93,9.76,9.80,9.73,9.63,9.80,9.67,9.41,9.48,9.39,9.50,9.33,9.41,9.32,9.32,9.17,9.31,9.27,9.38,9.44,9.39,9.29,9.32,9.39,9.70,9.92,9.97,10.10,10.13,9.99,9.80,9.66,9.73,9.88,9.83,9.63,9.38,9.32,9.24,9.08,9.04,9.17,9.66,9.59,9.54,9.40,9.27,9.34,9.39,9.12,8.96,9.09,9.04,8.99,8.96,9.00,9.21,9.31,8.99,9.23,9.19,9.44,9.50,9.36,9.27,9.18,9.04,9.01,9.06,8.88,8.91,8.91,8.90,8.74,8.73,8.83,8.92,8.97,8.96,8.96,8.73,8.60,8.66,8.78,8.87,8.76,8.81,8.58,8.40,8.23,8.14,8.25,8.52,8.49,8.56,8.60,8.47
9.75,9.80,9.96,9.97,9.92,9.77,9.63,9.48,9.28,9.37,9.40,9.17,9.13,9.10,8.99,9.17,9.19,9.29,9.42,9.44,9.40,9.39,9.31,9.30,9.20,9.23,9.10,9.05,9.21,9.39,9.32,9.14,9.01,8.67,8.81,8.87,9.06,9.17,9.19,9.34,9.46,9.62,9.87,9.71,9.70,9.93,9.81,9.73,9.86,9.93,10.08,9.98,10.11,10.32,10.48,10.45,10.32,10.26,10.16,10.16,10.23,9.95,9.63,9.58,9.48,9.62,9.49,9.42,9.65,9.49,9.29,9.29,9.09,9.28,9.36,9.19,9.22,9.17,9.09,9.20,9.20,9.23,9.32,9.32,9.25,9.39,9.38,9.65,9.93,9.97,10.08,10.13,10.05,9.86,9.71,9.71,9.79,9.90,9.79,9.58,9.59,9.37,9.24,9.08,9.09,9.62,9.62,9.53,9.52,9.63,9.53,9.59,9.25,9.17,9.14,9.11,9.10,9.05,9.06,9.22,9.27,9.03,9.12,9.06,9.30,9.30,9.25,9.39,9.23,8.97,9.05,9.12,8.99,8.96,8.99,8.82,8.74,8.71,8.73,8.83,8.95,8.97,9.00,8.74,8.71,8.78,8.90,8.99,8.94,9.05,8.65,8.45,8.43,8.42,8.38,8.42,8.69,8.66,8.49,8.37
9.91,9.98,10.17,10.23,10.03,9.82,9.67,9.47,9.29,9.41,9.39,9.21,9.19,9.17,9.14,9.17,9.11,9.21,9.48,9.44,9.19,9.12,9.22,9.30,9.10,9.00,8.94,8.93,9.08,9.24,9.19,9.01,8.92,8.66,8.85,8.85,8.97,9.02,9.14,9.36,9.49,9.65,9.73,9.63,9.82,9.72,9.72,9.71,9.54,9.75,9.65,9.70,9.81,10.01,10.09,10.03,9.97,9.96,9.78,9.63,9.73,9.62,9.32,9.15,9.15,9.13,8.86,9.11,8.97,8.94,8.75,8.85,8.63,8.80,9.02,8.78,8.93,8.76,8.75,8.80,9.13,9.15,9.14,9.28,9.18,9.27,9.28,9.52,9.81,9.86,10.06,10.11,9.95,9.79,9.72,9.69,9.71,9.87,9.99,9.87,9.75,9.43,9.36,9.15,9.08,9.60,9.49,9.71,9.52,9.63,9.48,9.52,9.40,9.36,9.23,9.21,9.25,9.30,9.32,9.23,9.37,9.02,9.02,9.05,9.05,9.03,9.02,9.06,9.03,8.96,9.03,9.05,8.94,8.84,8.96,8.87,8.71,8.68,8.68,8.74,8.85,8.73,8.95,8.78,8.74,8.75,8.82,9.00,9.18,9.12,8.81,8.66,8.66,8.66,8.60,8.45,8.67,8.75,8.52,8.25
9.75,9.78,9.79,10.00,9.85,9.86,9.68,9.47,9.37,9.51,9.31,9.13,9.05,8.97,8.94,9.03,8.99,9.03,9.30,9.36,9.17,9.01,9.14,9.09,8.87,8.77,8.84,8.85,9.01,9.21,9.17,9.01,8.95,8.83,8.86,8.71,8.88,8.94,9.17,9.32,9.51,9.67,9.69,9.76,9.75,9.49,9.59,9.51,9.06,9.12,8.96,8.75,8.78,8.76,8.95,8.90,8.56,8.48,8.34,8.13,8.27,8.17,8.03,8.04,7.80,7.61,7.62,7.86,7.88,7.98,7.68,7.80,7.76,7.81,7.79,7.82,8.03,7.76,7.69,8.05,8.55,8.83,8.82,8.96,8.85,8.91,9.12,9.34,9.57,9.77,9.95,10.00,9.96,9.93,9.92,9.90,9.90,9.98,10.13,10.01,9.76,9.39,9.38,9.10,8.90,9.24,9.33,9.48,9.49,9.56,9.46,9.52,9.46,9.14,9.06,9.08,9.06,9.18,9.28,9.18,9.27,9.17,8.83,8.80,8.93,9.22,9.25,9.09,9.02,9.05,8.94,8.91,8.80,8.91,8.95,8.96,8.72,8.66,8.71,8.73,8.83,8.68,8.96,8.87,8.82,8.75,8.73,8.90,8.99,9.13,8.93,8.82,8.90,8.95,8.99,8.60,8.60,8.68,8.71,8.59
9.68,9.80,10.03,9.88,9.81,9.87,9.83,9.62,9.40,9.40,9.21,9.04,8.91,8.76,8.76,9.01,8.92,9.17,9.24,9.20,9.09,9.08,9.20,9.05,9.06,9.04,8.92,8.86,8.99,9.10,9.12,9.12,9.08,8.99,8.87,8.77,8.80,8.86,9.13,9.27,9.44,9.53,9.48,9.43,9.20,8.88,8.75,8.65,8.07,7.72,7.37,7.22,7.29,7.30,7.40,7.28,7.00,6.88,6.90,6.91,6.90,6.96,6.88,6.79,6.71,6.50,6.58,6.97,6.82,6.69,6.68,6.60,6.79,6.68,7.13,6.93,6.75,6.90,6.90,7.37,7.72,8.04,8.36,8.19,8.15,8.34,8.51,8.67,8.76,9.14,9.47,9.58,9.67,9.72,9.72,9.66,9.69,9.97,10.00,9.87,9.61,9.49,9.37,8.96,8.76,9.11,9.06,9.10,9.18,9.22,9.02,8.97,9.09,8.92,9.06,9.19,8.99,8.92,9.14,9.31,9.18,9.13,8.95,8.96,9.03,9.17,9.25,9.18,9.08,9.10,9.02,8.94,8.74,9.05,8.97,9.02,8.75,8.66,8.75,8.64,8.81,8.82,8.93,8.86,8.88,8.93,8.88,9.01,9.15,9.15,9.11,9.03,8.99,9.03,9.02,8.69,8.67,8.64,8.57,8.66
9.85,9.90,9.98,10.05,9.76,9.87,9.76,9.61,9.44,9.21,9.13,8.96,8.90,8.82,8.82,8.96,9.04,9.31,9.29,9.11,8.96,9.00,9.09,8.97,8.85,8.85,8.81,8.88,8.86,8.88,8.86,8.78,8.87,8.85,9.06,8.95,8.81,8.77,9.19,9.29,9.25,9.19,8.87,8.48,8.08,7.71,7.30,7.16,6.68,6.41,6.16,6.22,6.13,6.24,6.37,6.26,6.10,6.22,6.16,6.21,6.40,6.26,6.30,6.36,6.30,6.17,6.00,6.61,6.51,6.33,6.14,6.18,6.33,6.53,6.67,6.52,6.51,6.75,6.54,6.99,7.49,7.54,7.70,7.73,7.86,8.03,8.08,8.29,8.39,8.51,8.83,9.34,9.70,9.77,9.82,9.85,9.85,9.93,10.06,9.76,9.30,9.23,9.05,9.00,8.83,9.09,9.06,9.11,9.20,9.11,9.03,9.01,9.02,8.88,8.88,8.96,8.91,8.78,8.93,9.25,9.32,9.13,9.01,9.01,9.11,9.21,9.22,9.21,9.14,9.06,9.04,9.02,8.86,9.02,8.87,8.93,8.77,8.64,8.77,8.78,8.73,8.81,8.85,8.99,9.08,9.10,9.14,9.22,9.21,9.23,9.10,8.93,8.84,8.94,9.13,8.81,8.75,8.76,8.64,8.62
9.97,10.01,9.95,9.81,9.86,9.67,9.59,9.39,9.20,9.17,9.09,8.88,8.99,8.94,8.84,8.87,9.17,9.23,9.11,9.00,8.93,8.91,8.93,8.91,8.85,8.80,8.78,8.81,8.86,8.80,8.68,8.83,9.04,8.76,8.81,8.86,8.80,8.93,9.19,9.14,8.82,8.37,7.85,7.29,6.76,6.58,6.18,5.96,5.50,5.61,5.28,5.33,5.31,5.37,5.49,5.50,5.45,5.47,5.50,5.64,5.71,5.70,5.74,5.64,5.64,5.57,5.66,5.88,5.71,5.95,6.03,6.10,6.35,6.39,6.32,6.07,6.55,6.62,6.91,7.34,7.50,7.80,8.25,8.23,8.19,8.28,8.24,8.27,8.22,8.15,8.40,8.65,8.97,9.46,9.63,9.61,9.66,9.73,9.87,9.69,9.06,9.01,9.34,9.28,8.84,9.28,9.00,9.19,9.18,9.28,9.18,9.04,8.92,8.73,8.77,8.96,8.96,8.91,9.17,9.30,9.38,9.24,9.08,9.09,9.19,9.25,9.21,9.14,9.14,9.11,8.95,8.97,8.96,8.96,8.75,8.74,8.72,8.67,8.69,8.69,8.72,8.83,8.87,8.97,8.91,8.87,9.19,9.13,9.14,9.24,9.23,9.13,9.05,9.04,9.02,8.82,8.80,8.84,8.78,8.74
9.92,9.97,9.90,9.76,9.78,9.79,9.60,9.52,9.49,9.39,9.32,9.58,9.20,9.00,8.91,8.93,9.14,9.10,8.85,8.95,8.96,8.91,8.90,8.90,8.85,8.74,8.93,8.84,8.82,8.81,8.72,8.74,8.91,8.75,8.84,8.95,8.94,8.81,8.60,8.33,7.69,6.97,6.58,6.25,5.81,5.72,5.32,5.08,4.68,4.83,4.62,4.51,4.47,4.38,4.51,4.43,4.23,4.32,4.54,4.65,4.59,4.43,4.54,4.67,4.61,4.45,4.67,5.17,5.38,5.50,5.60,5.65,5.81,5.94,6.04,6.07,6.61,6.77,7.17,7.31,7.48,7.61,7.83,8.00,8.07,8.11,8.32,8.40,8.24,8.38,8.68,8.77,8.95,9.31,9.51,9.58,9.73,9.81,9.60,9.31,9.04,9.13,9.06,9.12,8.90,9.02,9.13,9.18,9.14,9.14,9.10,9.10,9.18,9.15,9.05,9.08,9.10,8.95,9.11,9.39,9.28,9.40,9.11,9.06,9.19,9.22,9.18,9.10,9.09,9.19,8.96,9.05,8.99,9.06,8.87,8.84,8.76,8.64,8.74,8.91,8.78,8.77,9.01,9.12,9.12,9.13,9.23,9.08,9.11,9.19,9.25,9.21,9.04,9.01,8.95,8.90,8.86,8.88,8.94,8.93
9.81,9.83,9.92,10.01,9.81,9.68,9.58,9.56,9.47,9.33,9.31,9.41,9.19,9.12,9.05,9.04,9.20,9.05,8.93,9.00,8.96,8.96,9.04,9.08,9.12,8.74,8.97,9.03,8.92,8.84,8.71,8.73,8.91,8.77,8.63,8.93,8.63,8.38,7.85,7.01,6.15,5.63,5.47,5.32,4.97,4.69,4.32,4.25,4.06,4.07,4.02,3.97,3.96,3.61,3.73,3.72,3.54,3.68,3.75,3.83,3.79,3.55,3.61,3.75,3.84,3.65,3.56,4.13,4.13,4.38,4.76,5.03,5.08,5.31,6.10,6.44,6.71,6.94,7.42,7.38,7.52,7.62,7.94,8.17,8.14,8.31,8.45,8.39,8.33,8.49,8.66,8.83,9.05,9.12,9.29,9.61,9.72,9.76,9.65,9.43,9.43,9.33,9.28,9.25,9.32,9.29,9.58,9.58,9.57,9.53,9.44,9.41,9.39,9.34,9.24,9.17,9.10,9.02,9.21,9.20,9.24,9.39,9.10,9.00,9.09,9.15,9.20,9.18,9.06,9.14,9.11,9.20,9.06,9.02,8.80,8.73,8.67,8.58,8.88,8.92,8.74,8.82,8.93,9.15,9.25,9.13,9.10,8.99,9.09,9.20,9.24,9.20,8.94,9.01,8.97,8.99,8.96,8.94,9.06,8.96
9.85,9.86,9.97,9.98,9.67,9.49,9.57,9.53,9.39,9.28,9.34,9.14,8.97,9.01,8.96,8.95,9.02,8.94,9.19,9.11,8.97,9.03,9.10,9.08,9.12,8.78,8.91,9.09,9.01,8.93,8.91,8.90,8.81,8.64,8.57,8.29,7.63,7.02,6.22,5.37,5.02,4.72,4.45,4.15,3.80,3.71,3.57,3.71,3.54,3.69,3.65,3.61,3.66,3.26,3.41,3.37,3.30,3.29,3.30,3.36,3.32,3.13,3.06,3.18,3.19,3.28,3.08,3.35,3.40,3.46,3.65,4.07,4.47,5.07,5.87,6.84,7.42,7.55,7.74,7.70,7.85,7.52,7.91,8.05,8.15,8.39,8.59,8.55,8.51,8.56,8.59,8.69,8.80,8.75,8.96,9.46,9.66,9.77,9.83,9.46,9.50,9.50,9.86,9.51,9.69,9.61,9.70,9.70,9.65,9.76,9.69,9.58,9.60,9.59,9.47,9.37,9.28,9.33,9.42,9.21,9.22,9.31,9.14,9.15,9.17,9.12,9.19,9.28,9.08,9.08,9.12,9.03,8.91,8.94,8.96,8.83,8.73,8.77,8.81,8.92,8.90,8.94,8.91,9.04,9.27,9.24,9.03,8.92,8.97,9.15,9.22,9.17,9.01,9.11,9.04,8.99,9.00,8.96,8.72,8.76
9.97,9.96,9.91,9.76,9.56,9.43,9.40,9.39,9.31,9.36,9.57,9.17,9.10,9.18,9.10,8.99,8.99,8.95,9.19,9.17,9.06,9.12,9.13,8.99,8.96,8.99,9.03,9.13,9.09,9.02,8.94,8.90,8.84,8.71,8.41,7.50,6.09,5.52,4.82,4.49,4.29,4.03,3.68,3.37,3.26,3.23,3.25,3.40,3.14,3.47,3.54,3.32,3.36,3.12,3.18,3.04,3.12,3.08,3.10,3.11,3.06,2.99,2.88,2.96,3.07,3.07,2.90,3.16,3.16,3.40,3.66,3.97,4.30,4.96,5.95,6.86,7.56,7.62,7.71,7.80,7.94,7.71,7.97,7.99,7.96,8.23,8.50,8.52,8.51,8.50,8.46,8.62,8.73,8.60,8.83,9.13,9.44,9.71,9.82,9.72,9.66,9.54,9.79,9.62,9.62,9.81,9.76,9.65,9.73,9.81,9.80,9.76,9.66,9.58,9.59,9.54,9.40,9.46,9.50,9.41,9.29,9.32,9.29,9.40,9.42,9.25,9.17,9.27,9.22,9.28,9.03,8.97,9.13,9.13,9.04,8.96,8.99,9.02,8.67,8.88,8.93,9.04,9.01,9.05,9.22,9.30,9.15,9.04,9.01,9.06,9.17,9.15,9.17,9.08,9.12,9.08,9.05,9.18,9.21,9.00
9.95,9.78,9.79,9.73,9.49,9.49,9.40,9.32,9.33,9.41,9.39,9.10,8.99,9.17,9.18,8.99,8.84,9.15,9.06,8.91,8.93,9.21,9.31,9.11,8.97,9.15,9.17,9.12,9.05,9.01,8.88,8.74,8.49,7.91,7.01,5.92,4.88,4.55,4.23,3.74,3.44,3.43,3.36,3.16,3.10,3.13,3.12,3.29,3.04,3.24,3.22,3.14,3.18,3.01,3.04,2.82,3.04,3.06,3.04,3.07,3.04,3.01,2.96,2.95,2.93,2.96,2.89,3.06,3.18,3.52,3.84,4.37,4.59,5.31,6.35,7.15,7.60,7.70,8.05,8.06,7.93,7.72,8.00,8.22,8.23,8.22,8.46,8.55,8.48,8.42,8.57,8.77,8.75,8.55,8.54,8.82,9.10,9.49,9.43,9.62,9.58,9.67,9.89,9.71,9.71,9.69,9.76,9.77,9.88,9.95,9.82,9.79,9.76,9.56,9.52,9.65,9.54,9.49,9.54,9.46,9.47,9.41,9.40,9.51,9.49,9.37,9.24,9.10,9.01,9.10,9.11,8.97,9.06,9.08,9.04,8.94,8.81,8.72,8.60,8.87,8.96,8.99,8.92,8.93,9.06,9.21,9.24,9.08,9.08,9.05,9.04,9.22,9.22,9.18,9.08,8.97,8.95,9.11,9.22,9.18
9.83,9.63,9.73,9.60,9.34,9.49,9.42,9.33,9.43,9.38,9.17,9.15,9.05,9.09,9.10,8.97,8.93,9.10,8.96,8.90,8.82,8.96,9.08,9.04,8.99,9.14,9.19,9.03,8.95,9.01,8.74,8.32,7.61,6.52,5.39,4.29,4.07,3.86,3.73,3.43,3.10,3.30,3.13,2.76,2.75,2.88,2.99,3.18,3.01,3.11,3.16,3.04,3.13,3.00,3.05,2.83,3.12,3.13,3.05,3.14,3.11,3.00,3.06,3.04,2.93,3.02,3.04,3.11,3.36,3.81,4.12,4.67,4.84,5.85,7.15,7.54,7.76,7.73,7.96,8.07,7.97,7.78,7.81,8.16,8.37,8.40,8.60,8.67,8.59,8.50,8.54,8.69,8.65,8.39,8.32,8.71,8.92,9.33,9.36,9.41,9.53,9.61,9.58,9.41,9.46,9.43,9.67,9.79,9.79,9.82,9.78,9.73,9.75,9.61,9.49,9.69,9.63,9.61,9.62,9.58,9.46,9.42,9.40,9.38,9.34,9.33,9.31,9.11,9.11,9.04,9.12,9.10,8.97,9.03,9.03,8.85,8.68,8.65,8.73,8.82,8.87,8.85,8.82,8.82,8.94,9.17,9.17,8.99,8.95,8.95,8.88,9.06,9.11,9.15,9.17,9.14,9.09,9.05,9.14,9.03
9.79,9.53,9.43,9.39,9.37,9.32,9.12,9.37,9.51,9.34,9.14,9.22,9.23,9.12,9.17,9.05,9.00,9.19,9.29,9.17,9.17,9.15,9.19,9.23,9.21,9.22,9.28,8.94,8.87,8.75,8.19,7.41,6.31,5.11,4.22,3.59,3.46,3.25,3.30,3.29,3.10,2.94,2.87,2.98,2.98,2.90,3.08,3.23,3.13,3.16,3.28,3.06,3.28,3.01,2.95,2.92,3.18,3.19,3.11,3.12,3.05,3.00,3.10,3.18,3.14,3.17,3.24,3.40,3.75,4.05,4.36,4.63,4.97,6.13,7.17,7.69,7.85,7.80,7.96,8.12,8.04,7.91,7.64,8.08,8.39,8.49,8.68,8.81,8.80,8.71,8.57,8.62,8.58,8.24,8.24,8.38,8.64,8.74,8.73,8.80,9.00,9.11,9.05,8.86,8.96,9.04,9.41,9.50,9.51,9.46,9.50,9.57,9.54,9.49,9.42,9.63,9.39,9.51,9.50,9.72,9.58,9.48,9.61,9.62,9.43,9.19,9.04,9.02,9.04,8.91,9.21,9.14,9.08,9.04,8.94,8.77,8.63,8.58,8.65,8.83,8.84,8.84,8.81,8.81,8.92,9.09,9.09,9.11,9.02,8.88,8.90,9.01,9.09,9.22,9.15,9.06,9.18,9.23,9.18,9.10
9.90,9.68,9.58,9.54,9.49,9.29,9.18,9.49,9.56,9.42,9.27,9.24,9.33,9.29,9.38,9.22,9.17,9.34,9.36,9.25,9.08,9.19,9.20,9.13,9.11,9.06,8.92,8.62,8.55,7.90,7.14,6.21,5.04,4.09,3.67,3.46,3.20,3.13,3.46,3.13,2.93,2.99,2.94,2.86,2.89,3.06,3.13,3.00,3.01,3.14,3.06,3.17,3.36,2.92,3.00,2.99,3.01,3.12,3.29,3.16,3.00,3.08,3.18,3.20,3.24,3.20,3.37,3.66,4.05,4.12,4.45,4.65,5.17,6.28,7.49,7.82,7.87,7.89,8.00,8.02,7.99,7.90,7.61,8.08,8.34,8.43,8.65,8.77,8.72,8.63,8.49,8.46,8.42,8.15,8.15,8.08,8.14,8.21,8.37,8.62,8.59,8.72,8.76,8.51,8.60,8.65,8.97,9.00,9.09,9.00,8.97,9.12,9.13,9.11,9.04,9.21,9.13,9.38,9.38,9.42,9.48,9.36,9.46,9.51,9.37,9.25,9.22,9.10,9.24,9.13,9.24,9.08,9.08,9.12,9.02,8.82,8.76,8.78,8.73,8.85,8.91,8.90,8.86,8.78,8.83,8.92,8.94,8.96,8.93,8.91,8.97,9.06,9.12,9.06,9.02,9.02,9.10,9.24,9.21,9.12
9.75,9.56,9.49,9.44,9.36,9.25,9.52,9.24,9.52,9.54,9.41,9.36,9.38,9.48,9.53,9.38,9.37,9.52,9.54,9.38,9.23,9.20,9.25,9.27,9.25,9.27,8.91,8.29,7.87,6.90,5.88,4.97,4.04,3.49,3.41,3.31,3.17,3.05,3.43,2.92,2.81,2.95,2.94,3.00,3.05,2.95,2.94,3.04,2.92,3.10,3.13,3.41,3.42,3.13,2.95,2.96,3.06,3.28,3.42,3.30,3.14,3.17,3.22,3.22,3.19,3.16,3.37,3.73,4.22,4.22,4.50,4.95,5.64,6.84,7.89,7.89,7.90,7.97,7.98,7.82,8.06,7.93,7.72,8.02,8.29,8.40,8.56,8.60,8.58,8.51,8.32,8.20,8.13,7.96,7.95,8.00,7.91,8.12,8.56,8.82,8.62,8.69,8.81,8.54,8.59,8.66,8.77,8.71,8.71,8.71,8.63,8.56,8.50,8.51,8.39,8.47,8.37,8.52,8.68,8.76,9.05,9.08,9.14,9.20,9.08,8.99,9.04,8.90,9.13,9.05,9.12,9.01,8.91,8.91,8.92,8.84,8.83,8.86,8.92,8.88,8.93,8.91,8.91,8.94,8.90,8.83,8.86,8.97,8.91,8.76,9.02,9.00,9.09,9.00,9.02,9.21,9.09,9.25,9.21,9.09
9.58,9.57,9.50,9.31,9.29,9.41,9.28,9.47,9.60,9.53,9.54,9.61,9.50,9.49,9.57,9.46,9.43,9.50,9.57,9.46,9.22,9.19,9.19,9.19,9.05,8.65,8.17,7.66,6.55,5.36,4.30,3.54,3.30,3.28,3.19,3.14,3.19,2.96,3.20,2.81,2.82,2.98,3.00,3.10,3.06,3.04,3.18,3.16,3.02,3.26,3.44,3.22,3.31,3.26,3.22,3.13,3.17,3.29,3.11,3.05,3.16,3.14,3.19,3.32,3.31,3.23,3.40,3.77,4.26,4.43,4.62,5.30,6.31,7.53,7.91,7.76,7.97,7.99,7.95,7.73,8.12,8.04,7.87,7.89,8.16,8.32,8.41,8.50,8.56,8.41,8.07,7.86,7.83,7.79,7.73,8.00,8.00,8.25,8.71,8.99,8.83,8.97,9.06,8.94,8.94,9.02,9.02,8.92,8.81,8.85,8.88,8.72,8.54,8.46,8.57,8.55,8.60,8.27,8.57,8.46,8.62,8.66,8.69,8.75,8.69,8.63,8.51,8.72,8.86,8.76,8.78,8.78,8.69,8.63,8.69,8.78,8.77,8.65,8.72,8.82,8.92,8.88,8.83,8.94,9.00,8.84,8.73,8.76,8.84,8.76,8.83,8.76,8.92,9.05,9.11,9.27,9.12,9.15,9.14,9.06
9.60,9.52,9.42,9.32,9.38,9.34,9.21,9.63,9.52,9.49,9.69,9.76,9.46,9.51,9.57,9.52,9.42,9.41,9.51,9.44,9.29,9.22,9.08,9.00,8.64,8.05,7.54,6.63,5.42,4.39,3.69,3.42,3.47,3.46,3.22,3.10,3.24,3.06,3.18,2.89,2.83,2.99,3.05,3.08,3.05,3.22,3.40,3.23,3.14,3.43,3.46,3.49,3.40,3.26,3.28,3.07,3.08,3.05,2.99,3.02,3.24,3.23,3.08,3.19,3.42,3.52,3.65,3.90,4.20,4.65,4.89,5.79,6.86,7.82,7.87,7.58,7.91,7.96,7.93,7.79,8.00,8.03,7.93,7.87,8.10,8.20,8.25,8.39,8.37,8.11,7.85,7.65,7.62,7.77,7.69,8.00,8.11,8.30,8.66,9.18,9.28,9.48,9.43,9.53,9.32,9.13,9.13,8.97,8.71,8.55,8.72,8.91,8.78,9.04,8.73,8.72,8.67,8.67,8.49,8.47,8.39,8.39,8.42,8.42,8.38,8.27,8.08,8.21,8.31,8.30,8.40,8.38,8.40,8.50,8.65,8.72,8.75,8.80,8.63,8.65,8.84,8.85,8.73,8.88,8.99,8.87,8.74,8.72,8.78,8.71,8.86,8.75,8.85,9.05,9.19,9.13,9.01,8.94,8.97,8.93
9.68,9.40,9.36,9.41,9.48,9.42,9.32,9.51,9.40,9.60,9.57,9.39,9.42,9.73,9.61,9.51,9.46,9.49,9.54,9.44,9.38,9.22,8.94,8.82,8.16,7.24,6.45,5.26,4.43,3.53,3.30,2.99,3.12,3.20,3.05,2.98,3.04,3.00,3.23,3.00,2.93,3.02,3.13,3.20,3.18,3.31,3.37,3.14,3.17,3.32,3.56,3.30,3.59,3.25,3.30,3.14,3.23,3.23,3.14,3.28,3.41,3.41,3.37,3.37,3.57,3.79,3.78,4.09,4.57,4.94,5.35,6.24,7.24,7.88,7.82,7.66,7.85,7.94,8.04,7.91,8.05,8.05,7.94,7.90,8.19,8.17,8.16,8.15,7.86,7.69,7.77,7.66,7.55,7.80,7.94,8.10,8.29,8.46,8.72,9.14,9.31,9.48,9.41,9.42,9.42,9.41,9.47,9.51,9.52,9.50,9.49,9.31,9.08,9.21,9.17,9.17,9.15,9.14,8.91,8.85,8.74,8.52,8.32,8.19,8.13,7.99,7.73,7.63,7.80,7.88,7.99,7.93,8.00,8.40,8.56,8.47,8.63,8.99,8.75,8.66,8.85,9.01,8.92,8.83,9.04,8.93,8.76,8.71,8.80,8.78,8.86,8.87,8.88,9.00,9.17,9.15,8.85,9.04,9.18,9.11
9.60,9.41,9.51,9.50,9.54,9.46,9.32,9.43,9.52,9.68,9.43,9.21,9.25,9.44,9.63,9.50,9.51,9.53,9.51,9.43,9.31,9.04,8.55,8.19,7.25,6.26,5.46,4.43,3.91,3.41,3.23,2.93,3.14,3.36,3.24,2.98,3.02,3.20,3.19,3.08,3.23,3.24,3.28,3.37,3.40,3.43,3.35,3.28,3.36,3.43,3.57,3.36,3.57,3.34,3.40,3.28,3.48,3.50,3.46,3.16,3.31,3.57,3.59,3.63,3.84,3.94,3.97,4.55,4.98,5.36,5.99,6.54,7.52,8.14,8.13,7.91,8.07,8.06,8.21,7.99,8.22,8.30,8.00,7.80,8.00,8.03,7.95,7.85,7.60,7.54,7.64,7.66,7.61,7.99,8.21,8.33,8.28,8.50,8.54,9.19,9.27,9.54,9.66,9.51,9.39,9.49,9.72,9.73,9.72,9.61,9.36,9.52,9.43,9.36,9.27,9.36,9.34,9.54,9.46,9.20,8.91,8.54,8.16,7.95,7.87,7.74,7.41,7.44,7.64,7.72,7.70,7.66,7.81,8.22,8.45,8.64,8.52,8.71,8.54,8.65,8.83,8.83,8.82,8.86,8.80,8.76,8.73,8.66,8.68,8.96,8.86,8.87,8.90,8.93,9.08,9.01,8.78,8.91,8.99,8.91
9.47,9.48,9.67,9.66,9.57,9.40,9.32,9.48,9.60,9.58,9.43,9.36,9.39,9.50,9.58,9.53,9.48,9.39,9.30,9.23,9.09,8.55,7.90,7.22,6.26,5.47,4.72,3.90,3.72,3.44,3.43,3.07,3.17,3.31,3.35,3.32,3.30,3.40,3.53,3.47,3.53,3.38,3.40,3.43,3.49,3.47,3.38,3.41,3.54,3.50,3.53,3.50,3.55,3.37,3.42,3.18,3.46,3.50,3.57,3.47,3.35,3.46,3.60,3.72,3.84,3.84,4.09,4.70,5.39,5.94,6.67,7.09,7.65,7.88,8.21,7.97,7.77,7.82,7.81,7.93,8.23,8.22,8.05,7.88,7.70,7.71,7.87,7.81,7.66,7.68,7.71,7.87,7.85,8.19,8.28,8.63,8.42,8.47,8.47,8.87,9.22,9.50,9.31,9.21,9.38,9.46,9.46,9.49,9.57,9.51,9.31,9.43,9.47,9.25,9.29,9.27,9.33,9.39,9.40,9.17,8.83,8.43,8.02,7.74,7.64,7.49,7.25,7.61,7.64,7.62,7.70,7.85,7.98,8.19,8.49,8.43,8.42,8.55,8.45,8.50,8.77,8.86,8.80,8.88,8.78,8.73,8.76,8.74,8.60,8.97,8.94,8.86,8.88,8.88,8.68,8.95,8.87,8.80,8.81,8.86
9.61,9.71,9.65,9.68,9.69,9.52,9.47,9.57,9.59,9.53,9.53,9.50,9.51,9.57,9.51,9.47,9.43,9.27,9.04,8.83,8.55,8.07,7.22,6.65,5.78,4.96,4.25,3.73,3.79,3.71,3.48,3.40,3.55,3.52,3.49,3.48,3.40,3.36,3.46,3.57,3.30,3.37,3.41,3.54,3.44,3.41,3.40,3.41,3.49,3.44,3.52,3.52,3.56,3.46,3.47,3.29,3.49,3.52,3.43,3.35,3.48,3.56,3.57,3.68,3.86,4.06,4.39,5.07,5.87,6.77,7.14,7.18,8.10,7.96,7.93,7.25,7.38,7.12,7.40,7.47,7.97,7.96,8.04,8.11,7.95,7.88,7.94,7.78,7.61,7.69,7.74,7.90,8.05,8.42,8.42,8.46,8.47,8.66,8.49,8.77,9.24,9.37,9.50,9.43,9.39,9.37,9.42,9.47,9.49,9.48,9.41,9.36,9.28,9.37,9.32,9.36,9.23,9.21,9.18,9.00,8.71,8.39,8.03,7.66,7.42,7.52,7.39,7.63,7.64,7.72,7.79,7.93,8.20,8.30,8.54,8.41,8.41,8.66,8.57,8.50,8.72,8.85,8.95,8.95,8.99,8.92,8.88,8.94,8.82,8.99,8.85,8.77,8.82,8.90,8.65,8.82,8.82,8.85,8.94,9.01
9.54,9.65,9.71,9.60,9.38,9.52,9.69,9.68,9.66,9.66,9.62,9.47,9.37,9.39,9.43,9.21,9.12,8.90,8.59,8.17,7.70,7.30,6.75,6.55,5.59,4.64,4.06,3.81,3.81,3.91,3.52,3.55,3.67,3.60,3.55,3.53,3.47,3.37,3.40,3.49,3.13,3.63,3.52,3.65,3.59,3.55,3.57,3.55,3.46,3.50,3.59,3.56,3.65,3.52,3.54,3.48,3.60,3.59,3.56,3.46,3.57,3.73,3.78,3.74,3.99,4.35,4.67,5.57,6.50,7.15,7.23,7.54,8.05,7.25,7.29,6.53,6.77,6.62,6.76,6.93,7.54,7.70,7.85,7.95,7.91,7.88,7.83,7.80,7.74,7.77,8.02,8.02,8.30,8.54,8.48,8.32,8.47,8.52,8.46,8.82,9.01,9.34,9.52,9.50,9.36,9.36,9.52,9.47,9.36,9.50,9.47,9.44,9.46,9.40,9.32,9.44,9.37,9.32,9.22,9.00,8.75,8.48,8.19,7.83,7.34,7.54,7.70,7.78,7.85,7.99,8.03,7.88,7.98,8.32,8.62,8.49,8.57,8.80,8.81,8.71,8.80,8.86,9.06,9.05,9.05,8.95,8.92,9.15,9.15,9.00,8.82,8.86,8.95,8.87,8.72,8.82,8.91,8.96,9.04,9.12
9.49,9.66,9.69,9.29,9.27,9.33,9.46,9.61,9.67,9.85,9.61,9.34,9.23,9.27,9.27,8.93,8.66,8.33,7.88,7.42,7.15,6.89,6.39,6.21,5.28,4.39,3.98,3.87,3.78,3.87,3.66,3.69,3.68,3.68,3.75,3.73,3.67,3.67,3.66,3.85,3.53,3.63,3.65,3.73,3.78,3.72,3.81,3.79,3.65,3.71,3.72,3.75,3.78,3.55,3.61,3.44,3.65,3.62,3.65,3.67,3.68,3.83,3.88,3.77,3.99,4.55,5.14,5.97,6.77,7.34,7.45,7.63,7.98,7.71,7.42,6.93,6.98,7.07,7.29,7.64,8.11,7.97,7.78,7.94,7.90,7.60,7.64,7.94,7.95,7.88,8.05,8.15,8.19,8.59,8.36,8.15,8.43,8.39,8.49,8.99,9.17,9.37,9.62,9.59,9.39,9.38,9.53,9.50,9.37,9.49,9.36,9.49,9.58,9.29,9.29,9.44,9.53,9.50,9.31,9.11,9.01,8.91,8.71,8.34,8.04,8.03,8.02,8.11,8.12,8.22,8.25,8.07,8.10,8.37,8.78,8.74,8.68,8.84,8.91,8.84,8.84,8.91,9.08,9.12,8.94,8.76,8.80,8.99,9.08,8.94,8.91,8.96,8.97,8.75,8.73,8.96,8.95,8.93,9.05,9.08
9.49,9.66,9.67,9.43,9.30,9.51,9.53,9.40,9.37,9.72,9.42,9.37,9.27,9.13,8.94,8.40,7.96,7.47,6.92,6.71,6.79,6.51,5.88,5.44,5.04,4.43,4.11,4.09,4.10,3.92,3.87,3.98,3.97,3.98,4.11,3.99,3.97,4.03,4.00,3.91,3.54,3.66,3.75,3.71,3.53,3.46,3.61,3.69,3.67,3.73,3.87,3.80,3.83,3.67,3.63,3.41,3.69,3.66,3.63,3.69,3.68,3.74,3.78,3.87,4.26,4.88,5.70,6.60,7.14,7.61,7.65,7.71,8.13,8.14,7.97,7.46,7.39,7.42,7.69,7.61,7.85,7.87,7.71,7.81,7.91,7.81,7.80,8.03,8.17,8.21,8.38,8.40,8.37,8.65,8.56,8.27,8.55,8.59,8.51,8.95,9.17,9.22,9.51,9.56,9.38,9.36,9.42,9.41,9.44,9.52,9.27,9.49,9.39,9.29,9.25,9.39,9.44,9.38,9.28,9.25,9.20,9.00,8.82,8.57,8.37,8.25,8.33,8.21,8.21,8.45,8.59,8.43,8.45,8.60,8.67,8.72,8.64,8.68,8.81,8.81,8.80,8.82,8.97,9.00,9.00,8.96,8.90,8.94,9.01,9.13,8.99,8.86,8.94,8.81,8.86,9.01,8.95,8.86,9.06,8.95
9.49,9.65,9.77,9.57,9.41,9.65,9.65,9.50,9.43,9.50,9.39,9.12,8.85,8.68,8.37,7.55,7.09,6.62,6.16,6.16,6.44,6.24,5.64,5.29,4.78,4.37,4.07,4.17,4.44,4.37,4.30,4.34,4.52,4.63,4.57,4.47,4.51,4.61,4.56,4.23,3.94,4.00,4.05,4.06,4.04,3.99,4.00,4.10,4.09,3.98,3.97,3.90,3.85,3.61,3.60,3.68,3.85,3.79,3.84,3.63,3.62,3.63,3.78,4.31,4.87,5.36,6.14,7.07,7.54,7.95,7.91,7.95,8.19,8.37,8.47,7.95,8.00,7.96,8.15,8.08,7.99,7.93,7.80,7.78,7.86,7.97,8.15,8.28,8.34,8.54,8.63,8.55,8.54,8.54,8.47,8.47,8.67,8.67,8.68,8.92,9.20,9.23,9.41,9.41,9.34,9.33,9.33,9.37,9.39,9.48,9.28,9.58,9.27,9.40,9.30,9.22,9.46,9.39,9.29,9.43,9.44,9.25,8.71,8.68,8.42,8.42,8.37,8.39,8.45,8.58,8.75,8.75,8.64,8.72,8.54,8.56,8.54,8.56,8.67,8.76,8.74,8.71,8.83,8.97,8.99,8.93,8.93,8.92,9.06,9.11,9.01,8.84,8.83,8.81,8.94,8.92,8.88,8.97,9.17,8.97
9.46,9.68,9.78,9.43,9.50,9.51,9.61,9.62,9.50,9.38,9.24,9.00,8.78,8.36,7.58,6.66,6.30,6.04,5.64,5.68,5.93,5.84,5.64,4.99,5.17,4.99,4.85,4.94,5.04,5.07,5.24,5.16,5.37,5.50,5.15,5.21,5.21,5.24,5.24,4.91,4.57,4.45,4.43,4.47,4.44,4.34,4.38,4.48,4.34,4.17,4.15,4.03,3.80,3.87,3.84,3.91,4.02,4.06,3.98,3.93,3.97,3.97,4.39,5.08,5.59,5.99,6.60,7.34,7.88,8.19,8.17,8.07,8.16,8.30,8.46,8.04,8.31,8.15,8.23,8.30,7.99,7.94,7.87,7.85,7.89,8.00,8.31,8.42,8.31,8.49,8.60,8.58,8.52,8.47,8.46,8.54,8.73,8.67,8.81,8.87,9.18,9.30,9.44,9.39,9.36,9.37,9.31,9.50,9.38,9.29,9.13,9.41,9.41,9.31,9.28,9.37,9.48,9.48,9.39,9.32,9.20,8.92,8.64,8.60,8.40,8.42,8.33,8.40,8.55,8.65,8.85,8.97,8.63,8.72,8.68,8.68,8.71,8.73,8.71,8.58,8.81,8.62,8.88,9.04,9.08,9.02,8.91,9.01,9.12,9.03,8.93,8.93,8.81,8.77,8.81,8.83,8.83,8.85,9.11,8.88
9.54,9.67,9.56,9.27,9.48,9.32,9.47,9.52,9.47,9.23,8.82,8.48,8.10,7.47,6.56,5.68,5.73,5.54,5.32,5.39,5.49,5.52,5.60,5.04,5.42,5.18,5.07,5.15,5.23,5.25,5.23,5.26,5.73,5.96,5.73,5.79,5.63,5.57,5.65,5.47,5.05,4.82,4.82,4.76,4.85,4.72,4.91,4.85,4.61,4.57,4.62,4.51,4.24,4.15,4.02,4.24,4.24,4.54,4.63,4.61,4.83,4.92,5.29,5.82,6.22,6.58,7.09,7.65,8.03,8.21,8.17,8.02,8.13,8.16,8.25,7.91,8.19,8.04,8.17,8.20,7.94,7.99,7.93,7.91,7.95,8.07,8.34,8.42,8.31,8.38,8.51,8.62,8.50,8.46,8.64,8.58,8.64,8.72,8.80,8.88,9.03,9.20,9.40,9.49,9.44,9.37,9.33,9.46,9.62,9.62,9.44,9.63,9.62,9.47,9.37,9.13,9.22,9.42,9.41,9.37,9.42,9.09,8.82,8.65,8.51,8.41,8.29,8.38,8.58,8.72,8.96,9.11,8.69,8.84,8.93,8.80,8.81,9.10,9.22,8.90,8.74,8.81,8.71,8.75,8.88,8.91,8.90,9.06,9.10,8.97,8.85,8.93,8.92,9.05,9.03,9.00,8.97,8.92,9.03,8.75
9.39,9.52,9.51,9.40,9.42,9.31,9.23,9.25,9.17,8.83,8.31,7.87,7.07,6.50,5.95,5.36,5.15,5.39,5.38,5.35,5.35,5.39,5.47,5.28,5.38,5.09,5.09,5.25,5.35,5.31,5.26,5.30,5.77,5.57,5.77,5.84,5.68,5.47,5.52,5.54,5.25,5.01,5.08,4.94,5.10,5.09,5.12,5.02,4.94,5.01,4.97,4.81,4.75,4.76,4.61,4.75,4.71,5.05,5.21,5.43,5.50,5.46,5.70,5.81,6.02,6.62,7.33,7.73,7.86,7.97,7.89,7.82,7.97,8.03,8.32,7.95,7.99,8.02,8.28,8.20,8.13,8.20,8.07,8.02,8.03,8.23,8.41,8.40,8.49,8.43,8.57,8.66,8.56,8.46,8.58,8.65,8.46,8.74,8.92,9.15,9.24,9.27,9.28,9.40,9.50,9.41,9.38,9.33,9.36,9.63,9.44,9.44,9.38,9.36,9.30,9.10,9.14,9.42,9.61,9.65,9.50,9.14,8.82,8.64,8.57,8.46,8.38,8.47,8.65,8.77,9.01,9.14,8.92,8.87,8.97,8.96,8.90,9.02,9.21,8.84,8.90,8.95,8.93,8.86,8.82,8.80,8.87,8.99,9.02,8.93,8.82,8.75,8.78,8.87,9.05,9.09,8.99,8.99,8.99,8.72
9.56,9.53,9.43,9.37,9.31,9.18,9.09,8.85,8.55,8.15,7.52,6.90,6.13,5.88,5.53,5.10,4.99,5.15,5.08,5.23,5.16,5.10,5.25,5.23,5.37,5.09,5.09,5.29,5.40,5.39,5.28,5.18,5.63,5.59,5.50,5.57,5.47,5.52,5.52,5.38,5.29,5.07,5.09,5.01,5.11,5.17,5.08,5.04,5.16,5.31,5.25,5.04,4.95,4.87,4.92,5.33,5.07,5.38,5.50,5.30,5.71,5.72,5.99,6.39,6.67,7.02,7.46,7.78,7.83,7.77,7.87,7.52,7.73,7.60,8.28,8.06,8.04,7.99,8.17,8.17,8.13,8.20,8.24,8.28,8.28,8.40,8.47,8.34,8.47,8.48,8.62,8.68,8.42,8.58,8.54,8.57,8.63,8.68,8.81,9.06,9.11,9.25,9.46,9.49,9.44,9.32,9.28,9.39,9.33,9.56,9.49,9.17,9.30,9.37,9.28,9.18,9.29,9.44,9.56,9.71,9.47,9.21,8.69,8.59,8.52,8.45,8.50,8.57,8.55,8.66,9.10,9.18,8.99,8.82,8.87,9.00,8.99,8.97,9.14,8.92,9.02,9.04,9.01,8.97,8.93,8.88,8.96,8.95,9.01,9.02,8.94,9.02,8.84,8.95,9.06,9.12,9.04,8.86,8.91,8.88
9.56,9.66,9.44,9.19,9.11,9.06,8.90,8.30,7.88,7.36,6.55,5.86,5.54,5.45,5.15,4.88,4.94,5.09,4.74,5.05,5.05,4.80,4.70,4.87,5.32,5.15,5.02,5.11,5.19,5.24,5.19,5.07,5.11,5.09,5.24,5.19,5.26,5.11,4.91,4.97,5.10,5.04,5.15,5.02,5.14,5.07,5.09,5.03,5.19,5.37,5.32,5.17,4.97,4.92,5.22,5.39,5.33,5.49,5.63,5.84,5.92,5.93,6.22,6.69,6.99,7.39,7.70,7.62,7.47,7.40,7.46,7.48,7.93,8.04,8.10,7.93,7.80,8.03,8.39,8.34,8.13,8.21,8.36,8.39,8.36,8.41,8.47,8.41,8.46,8.58,8.71,8.59,8.86,8.81,8.74,8.76,9.08,8.85,8.97,9.13,9.27,9.40,9.47,9.41,9.36,9.34,9.43,9.43,9.33,9.53,9.42,9.22,9.39,9.36,9.34,9.30,9.32,9.43,9.47,9.54,9.42,9.36,8.75,8.69,8.58,8.37,8.38,8.55,8.54,8.80,9.08,8.96,8.92,8.99,9.01,9.05,9.12,9.08,9.14,9.02,9.03,9.10,9.01,8.91,9.04,9.05,9.23,9.21,9.14,9.06,8.95,8.94,8.96,9.08,9.13,9.15,9.18,8.92,8.92,9.02
9.46,9.52,9.20,8.95,8.77,8.50,8.29,7.71,7.31,6.78,5.99,5.24,5.17,5.15,4.94,4.75,4.74,4.82,4.55,4.82,4.74,4.83,4.95,4.77,5.04,4.87,4.90,4.78,4.81,4.90,4.95,4.83,4.75,4.74,4.95,4.94,4.95,4.98,4.91,4.83,5.01,5.23,4.96,5.10,5.05,5.28,5.17,4.99,5.12,5.23,5.22,5.14,4.97,5.17,5.45,5.40,5.65,5.54,5.71,5.88,5.95,6.02,6.52,7.02,7.18,7.31,7.29,7.07,6.99,7.06,7.29,7.44,8.08,7.98,8.06,7.97,8.15,8.37,8.14,8.04,8.17,8.41,8.51,8.51,8.40,8.39,8.60,8.66,8.66,8.71,8.72,8.65,8.54,8.74,8.60,8.76,8.90,9.04,9.09,9.17,9.28,9.42,9.47,9.47,9.48,9.51,9.56,9.51,9.59,9.67,9.48,9.32,9.44,9.37,9.42,9.50,9.40,9.38,9.51,9.42,9.41,9.24,8.85,8.72,8.63,8.62,8.60,8.56,8.57,8.50,8.93,9.23,9.06,9.10,9.12,9.11,9.21,9.21,9.06,9.11,9.03,9.09,9.14,9.13,9.31,9.23,9.22,9.14,9.02,8.95,8.95,8.94,8.94,9.09,9.23,9.24,9.30,9.14,9.11,9.03
