-24.89,-24.92,-24.75,-24.92,-24.66,-24.80,-25.06,-25.34,-25.27,-25.10,-24.69,-24.76,-24.85,-24.94,-25.39,-25.29,-25.31,-25.25,-25.24,-25.41,-25.64,-25.73,-25.91,-26.10,-25.96,-26.00,-25.91,-25.55,-25.52,-25.84,-26.50,-26.16,-26.46,-26.69,-26.71,-26.46,-26.23,-26.41,-26.44,-26.07,-26.32,-26.50,-26.46,-26.35,-26.35,-26.16,-25.96,-26.32,-26.55,-26.12,-26.25,-26.78,-26.91,-26.44,-26.53,-26.85,-26.84,-26.64,-26.76,-26.80,-26.55,-26.46,-26.60,-26.44,-26.12,-26.48,-26.57,-26.30,-26.33,-26.73,-26.41,-26.57,-26.44,-26.85,-27.00,-26.89,-26.89,-26.75,-26.62,-26.82,-27.04,-27.16,-26.91,-26.85,-26.78,-27.25,-26.51,-27.09,-26.62,-26.98,-27.25,-26.91,-26.48,-26.37,-26.50,-26.48,-26.35,-26.41,-26.57,-26.93,-26.89,-26.28,-26.19,-26.41,-26.05,-26.37,-26.35,-26.12,-25.92,-25.78,-25.68,-25.64,-25.66,-25.73,-26.03,-25.61,-25.96,-25.46,-25.34,-25.39,-25.29,-25.24,-25.17,-25.01,-25.17,-24.92,-24.97,-25.04,-25.13,-24.68,-24.61,-24.61,-24.17,-23.74,-22.99,-20.05,-13.73,-5.83,1.24,5.31,6.51,6.92,7.24,7.07,6.76,5.91,4.56,2.83,-0.81,-7.48,-14.54,-19.81,-22.50,-23.21,-22.69,-22.89,-23.14,-23.28,-23.40,-23.47
-24.41,-24.50,-24.16,-24.22,-24.24,-24.41,-24.68,-24.71,-24.48,-25.03,-24.85,-24.59,-24.75,-25.08,-24.94,-24.64,-24.87,-24.96,-24.97,-25.03,-25.22,-25.27,-25.66,-25.69,-25.69,-25.73,-25.73,-25.62,-25.46,-25.15,-25.50,-26.26,-25.89,-25.94,-26.12,-25.92,-25.85,-26.25,-25.80,-25.75,-25.96,-25.94,-25.89,-25.85,-25.82,-25.82,-25.84,-26.05,-26.30,-25.64,-25.82,-26.19,-26.50,-25.98,-26.07,-26.14,-26.44,-26.30,-26.23,-26.39,-26.10,-25.78,-25.98,-25.84,-25.71,-25.55,-25.82,-25.69,-25.71,-26.07,-25.66,-26.33,-26.21,-25.94,-26.01,-26.19,-26.33,-26.28,-26.33,-26.60,-26.53,-26.57,-26.39,-26.03,-26.07,-26.53,-25.87,-26.44,-25.92,-26.05,-26.42,-26.50,-26.21,-26.12,-26.19,-26.14,-25.98,-25.87,-26.17,-26.25,-26.03,-25.69,-25.59,-25.85,-25.52,-25.76,-25.62,-25.31,-25.27,-25.08,-24.87,-24.90,-24.89,-24.78,-24.96,-25.18,-24.28,-24.90,-24.61,-24.43,-24.40,-24.54,-24.50,-24.41,-24.61,-24.31,-24.29,-24.12,-24.26,-24.12,-24.10,-23.90,-23.59,-23.19,-21.95,-18.46,-12.33,-4.08,3.04,6.73,7.56,7.55,7.63,7.53,7.15,6.44,5.38,3.57,0.17,-6.39,-13.65,-18.97,-21.66,-22.36,-22.30,-22.35,-22.35,-22.48,-22.72,-22.94
-24.10,-24.22,-23.55,-23.64,-23.93,-24.07,-24.12,-24.31,-24.09,-24.83,-24.57,-24.31,-24.26,-24.38,-24.61,-24.00,-24.57,-24.76,-24.66,-24.76,-25.03,-25.32,-25.45,-25.46,-25.46,-25.48,-25.36,-25.15,-25.06,-24.80,-25.73,-25.69,-25.41,-25.46,-25.61,-25.61,-25.75,-25.73,-25.46,-25.29,-25.62,-25.34,-25.34,-25.34,-25.25,-25.36,-25.59,-25.66,-25.87,-25.27,-25.24,-25.91,-25.91,-25.13,-25.31,-25.55,-25.76,-25.71,-25.62,-25.43,-25.17,-25.50,-25.29,-24.29,-23.72,-23.06,-23.71,-24.45,-24.73,-25.29,-24.92,-25.50,-25.73,-25.38,-25.24,-25.46,-25.61,-25.48,-25.57,-25.82,-25.48,-25.50,-25.84,-25.41,-25.45,-25.57,-25.73,-25.69,-25.27,-25.59,-25.46,-25.41,-25.48,-25.57,-25.38,-25.15,-25.29,-25.48,-25.41,-25.32,-25.36,-24.78,-24.90,-25.10,-24.80,-24.76,-24.54,-24.52,-24.57,-24.47,-24.43,-24.45,-24.29,-24.16,-24.57,-24.73,-23.95,-24.09,-24.19,-23.95,-23.84,-23.78,-23.64,-23.59,-23.74,-23.48,-23.43,-23.13,-23.25,-23.35,-23.11,-22.80,-22.50,-22.01,-20.72,-16.98,-11.45,-3.21,3.56,6.78,7.53,7.77,7.85,7.76,7.41,6.71,5.71,4.09,0.61,-5.37,-12.55,-17.64,-20.20,-21.02,-21.43,-21.23,-21.35,-21.30,-21.36,-21.76
-23.71,-23.86,-23.31,-23.28,-23.33,-23.50,-23.84,-24.10,-23.78,-23.95,-24.02,-24.05,-24.05,-23.83,-24.09,-23.78,-24.33,-24.61,-24.35,-24.35,-24.78,-25.08,-25.10,-25.13,-25.08,-25.06,-25.03,-24.54,-24.55,-25.03,-25.04,-25.17,-25.20,-25.17,-25.24,-25.24,-25.24,-25.11,-24.97,-24.83,-25.25,-24.97,-24.96,-24.99,-24.80,-24.69,-24.90,-25.20,-25.11,-24.73,-25.22,-25.18,-24.97,-24.92,-24.90,-24.90,-24.85,-24.80,-24.96,-25.11,-24.80,-23.91,-22.57,-20.36,-17.98,-16.55,-17.68,-20.47,-23.19,-24.52,-24.52,-24.78,-24.89,-24.90,-24.82,-24.73,-24.71,-24.87,-25.15,-25.11,-24.96,-24.97,-24.97,-24.87,-25.03,-25.01,-25.10,-25.10,-24.99,-25.04,-25.18,-24.94,-24.96,-25.08,-24.90,-24.43,-24.40,-24.90,-24.96,-24.69,-24.80,-24.17,-24.66,-24.21,-24.10,-23.83,-23.76,-23.93,-23.90,-23.83,-23.74,-23.64,-23.35,-23.33,-23.76,-23.55,-22.74,-23.01,-22.97,-22.57,-22.45,-22.53,-22.50,-22.55,-22.70,-22.25,-21.75,-22.01,-21.85,-21.61,-21.26,-20.90,-20.60,-20.21,-18.84,-15.31,-10.49,-3.00,3.42,6.47,7.47,7.93,8.02,7.76,7.62,6.66,5.77,4.38,0.98,-3.69,-10.66,-15.40,-17.61,-18.22,-18.55,-18.38,-18.89,-18.99,-19.03,-19.29
-23.18,-23.04,-23.66,-23.30,-23.28,-23.43,-23.60,-23.76,-23.66,-23.78,-23.67,-23.59,-23.76,-23.83,-23.81,-23.72,-24.05,-24.29,-24.21,-24.14,-24.03,-24.36,-24.31,-24.50,-24.85,-24.97,-24.75,-24.22,-24.47,-24.66,-24.71,-24.89,-24.80,-24.76,-24.92,-24.94,-24.55,-24.57,-24.47,-24.45,-24.80,-24.78,-24.80,-24.87,-24.80,-24.62,-24.48,-24.78,-24.50,-24.16,-24.45,-24.57,-24.87,-24.52,-24.36,-24.41,-24.33,-24.24,-24.28,-24.26,-23.79,-22.28,-19.15,-12.93,-7.83,-6.00,-8.18,-14.36,-19.79,-23.08,-24.21,-24.24,-24.17,-24.22,-24.16,-24.38,-24.59,-24.50,-24.38,-24.19,-24.31,-24.14,-24.40,-24.07,-24.07,-24.24,-24.36,-24.48,-24.36,-24.55,-24.38,-24.10,-24.12,-24.17,-24.05,-23.72,-23.47,-23.67,-23.95,-23.78,-23.88,-22.92,-22.75,-23.13,-22.40,-22.35,-22.62,-22.53,-22.57,-22.30,-21.96,-21.58,-21.21,-21.20,-21.50,-21.05,-20.33,-20.39,-19.84,-20.25,-20.08,-19.73,-19.58,-19.77,-19.71,-18.99,-19.00,-18.91,-18.62,-18.22,-17.98,-17.42,-17.04,-16.62,-15.18,-12.04,-8.16,-1.91,3.84,6.52,7.37,7.74,7.98,7.80,7.78,6.94,6.14,4.64,1.79,-1.41,-7.42,-11.02,-12.37,-12.56,-12.71,-12.40,-13.17,-13.11,-13.11,-13.15
-22.91,-23.38,-23.25,-23.01,-22.89,-22.97,-23.19,-23.48,-23.33,-23.42,-23.38,-23.19,-23.31,-23.76,-23.67,-23.57,-23.71,-23.90,-23.93,-24.28,-24.29,-24.59,-24.41,-24.50,-24.66,-24.62,-24.64,-24.05,-24.07,-24.33,-24.47,-24.71,-24.52,-24.35,-24.66,-24.64,-24.24,-24.12,-24.40,-24.24,-24.22,-24.19,-24.38,-24.45,-24.19,-23.98,-24.00,-24.14,-23.74,-23.54,-23.42,-23.66,-23.91,-23.79,-23.62,-23.59,-23.42,-23.28,-23.30,-23.06,-22.67,-20.77,-15.79,-5.48,0.25,1.97,-0.04,-6.71,-15.23,-20.98,-23.08,-23.40,-23.14,-23.14,-23.23,-23.50,-23.79,-23.62,-23.38,-23.02,-23.09,-23.04,-23.09,-22.82,-22.40,-22.91,-22.53,-23.06,-22.75,-22.96,-22.77,-22.10,-22.13,-22.36,-22.25,-21.88,-21.70,-21.56,-21.56,-21.83,-21.13,-20.44,-20.77,-20.33,-19.47,-19.34,-19.31,-19.35,-18.67,-18.68,-18.28,-17.61,-17.11,-16.93,-16.97,-16.47,-15.75,-15.41,-14.81,-15.25,-15.02,-14.57,-14.33,-14.22,-13.95,-13.61,-13.31,-12.72,-12.18,-11.85,-11.42,-11.14,-10.79,-10.23,-9.01,-6.48,-3.60,0.84,5.02,6.99,7.66,7.93,8.11,8.25,8.13,6.98,6.04,4.91,3.05,0.60,-3.13,-5.36,-6.25,-6.52,-6.55,-6.63,-7.43,-7.01,-7.15,-7.50
-22.11,-22.84,-23.08,-22.85,-22.62,-22.63,-22.79,-22.94,-23.11,-23.01,-23.01,-23.08,-23.04,-23.25,-23.25,-23.28,-23.40,-23.57,-23.69,-23.66,-23.86,-23.95,-24.02,-24.05,-24.10,-24.14,-24.16,-23.93,-23.90,-24.02,-24.07,-24.43,-24.38,-24.02,-24.29,-24.24,-24.16,-23.97,-24.16,-24.02,-23.79,-23.69,-23.71,-23.74,-23.76,-23.79,-23.74,-24.10,-23.28,-23.21,-22.89,-22.80,-22.63,-22.45,-22.42,-22.26,-22.01,-21.90,-21.76,-21.48,-21.10,-18.91,-13.11,-0.95,4.43,5.71,4.43,-0.42,-10.27,-17.95,-20.46,-21.00,-20.70,-20.67,-20.87,-20.98,-21.16,-21.15,-20.90,-20.46,-20.39,-20.18,-20.00,-19.97,-19.23,-19.52,-18.97,-19.77,-19.16,-19.03,-18.87,-18.19,-17.98,-17.98,-17.64,-17.00,-16.67,-16.52,-16.16,-16.01,-15.63,-14.85,-14.64,-14.19,-13.62,-13.83,-13.05,-12.92,-12.32,-12.13,-11.79,-11.19,-10.87,-10.64,-10.27,-9.84,-9.26,-8.94,-8.67,-8.52,-8.47,-8.24,-7.94,-7.75,-7.57,-7.18,-6.71,-6.30,-5.41,-4.56,-3.73,-3.36,-3.00,-2.54,-1.65,-0.06,1.79,3.98,6.26,7.47,7.98,8.19,8.25,8.17,8.07,7.22,6.47,5.43,4.11,2.76,0.71,-0.46,-1.36,-1.72,-1.73,-1.92,-2.60,-2.24,-2.46,-2.55
-22.01,-22.40,-22.31,-22.31,-22.30,-22.33,-22.50,-22.38,-22.62,-22.62,-22.57,-22.87,-23.01,-22.87,-22.87,-23.14,-23.30,-23.09,-22.67,-23.14,-23.26,-23.38,-23.57,-23.52,-23.43,-23.81,-23.76,-23.60,-23.64,-23.60,-23.66,-24.05,-24.14,-23.59,-23.67,-23.88,-24.10,-24.16,-23.66,-23.50,-23.45,-23.26,-23.06,-23.08,-23.30,-23.35,-23.01,-23.14,-22.20,-21.23,-20.16,-19.43,-18.84,-18.52,-18.43,-18.30,-18.00,-17.86,-17.73,-17.34,-17.01,-14.93,-9.78,1.58,6.16,6.86,6.14,3.29,-5.15,-12.71,-15.12,-15.47,-15.47,-15.32,-15.23,-15.44,-15.64,-15.46,-14.91,-14.43,-14.40,-13.94,-13.71,-13.57,-12.94,-12.68,-12.51,-12.84,-12.18,-11.79,-11.50,-11.00,-10.67,-10.27,-9.60,-8.91,-8.70,-8.55,-8.05,-7.79,-7.58,-7.11,-6.75,-6.58,-5.99,-6.24,-5.58,-5.27,-4.80,-4.67,-4.47,-4.33,-4.17,-4.14,-4.01,-3.52,-3.56,-3.49,-3.49,-3.34,-3.52,-3.74,-3.93,-3.93,-3.76,-3.57,-3.25,-2.64,-2.05,-0.61,1.00,1.91,2.25,2.52,3.13,4.02,4.92,5.87,7.18,7.77,8.11,8.30,8.32,8.21,7.94,7.45,6.99,6.23,5.25,4.18,3.16,2.96,2.19,1.71,1.68,1.86,1.08,1.24,1.14,1.13
-21.30,-22.00,-21.80,-21.66,-21.76,-21.83,-22.18,-22.00,-21.96,-22.11,-22.21,-22.00,-22.05,-22.16,-22.42,-22.72,-22.91,-22.72,-22.01,-22.57,-22.77,-22.87,-23.13,-23.21,-22.99,-23.21,-23.50,-23.11,-23.04,-23.02,-23.35,-23.72,-23.60,-23.18,-23.26,-23.14,-23.21,-23.71,-23.30,-23.16,-23.14,-22.75,-22.47,-22.60,-22.67,-22.48,-21.85,-21.26,-19.27,-16.38,-13.55,-11.88,-11.07,-10.57,-10.32,-10.13,-9.86,-9.65,-9.65,-8.98,-8.87,-7.37,-4.10,4.16,7.04,7.40,6.83,5.52,0.24,-4.76,-6.73,-7.27,-7.60,-7.39,-7.05,-7.22,-7.30,-6.94,-6.61,-5.97,-6.04,-6.09,-5.62,-5.21,-5.17,-4.93,-5.00,-4.74,-4.60,-4.30,-4.17,-4.12,-4.12,-3.83,-3.37,-3.10,-3.21,-3.18,-2.93,-2.87,-2.78,-2.83,-2.74,-2.93,-2.50,-3.03,-2.69,-2.57,-2.23,-2.04,-2.22,-2.52,-2.54,-2.46,-2.45,-2.37,-2.20,-1.95,-1.88,-1.78,-1.86,-2.27,-2.78,-2.70,-2.50,-2.37,-2.06,-1.55,-0.80,0.72,2.84,4.10,4.75,5.19,5.72,6.25,6.50,6.99,7.93,8.02,8.00,8.02,8.05,8.05,7.61,7.32,6.83,6.35,5.87,5.38,5.07,4.70,4.42,4.10,4.20,4.51,3.52,3.59,3.40,3.31
-20.87,-21.48,-21.53,-21.40,-21.38,-21.21,-21.53,-21.63,-22.00,-22.28,-22.11,-21.88,-21.93,-22.25,-22.31,-22.25,-22.30,-22.52,-21.85,-22.11,-22.35,-22.52,-22.74,-22.91,-22.70,-22.35,-22.89,-22.55,-22.45,-22.60,-22.82,-23.01,-23.18,-23.11,-23.16,-23.04,-22.80,-22.82,-22.84,-22.57,-22.38,-22.16,-21.93,-21.96,-21.73,-21.07,-19.32,-17.09,-13.20,-8.54,-4.75,-2.92,-2.07,-1.49,-1.14,-0.78,-0.37,-0.19,-0.01,0.76,0.87,1.58,2.77,6.02,7.26,7.97,7.36,6.89,4.87,2.70,0.51,-1.30,-1.91,-1.92,-2.14,-2.59,-2.79,-2.69,-2.50,-1.86,-2.07,-2.18,-2.61,-2.45,-2.36,-2.37,-2.48,-2.45,-2.07,-1.53,-1.71,-2.27,-2.34,-2.28,-2.19,-2.18,-2.20,-2.09,-1.91,-1.74,-1.64,-1.83,-2.06,-2.34,-2.02,-2.28,-2.07,-2.11,-1.65,-1.45,-1.54,-2.22,-2.33,-2.39,-2.48,-2.13,-2.00,-2.30,-1.58,-1.21,-1.40,-1.81,-2.01,-2.22,-2.23,-2.09,-1.92,-1.44,-0.61,0.96,3.00,4.75,5.84,6.33,6.55,6.74,7.00,7.29,7.40,7.60,7.50,7.26,7.28,7.39,7.08,6.84,6.36,6.11,5.92,5.71,5.63,5.46,5.18,4.80,4.75,4.83,4.61,4.69,4.34,4.37
-20.59,-20.97,-21.13,-21.23,-21.38,-20.90,-20.98,-21.43,-21.70,-21.90,-22.08,-21.56,-21.45,-21.85,-21.80,-21.61,-21.78,-22.16,-21.90,-21.81,-21.91,-22.13,-22.35,-22.35,-22.16,-22.35,-22.11,-22.25,-22.31,-22.48,-22.53,-22.58,-22.75,-22.42,-22.40,-22.21,-22.25,-22.26,-22.33,-22.18,-21.85,-21.50,-21.03,-20.51,-19.68,-17.78,-14.12,-9.95,-5.11,-0.47,2.49,3.41,3.94,4.35,4.39,4.62,4.92,4.90,5.11,5.38,5.32,5.60,5.95,7.20,7.97,8.20,7.69,7.56,6.91,4.98,2.09,-0.51,-1.68,-1.95,-2.00,-2.07,-2.25,-2.28,-2.09,-1.29,-0.96,-1.97,-2.64,-2.66,-2.19,-2.47,-2.90,-2.65,-1.93,-1.35,-1.50,-2.10,-2.11,-2.11,-2.06,-2.13,-2.24,-2.24,-1.92,-1.53,-1.48,-1.67,-2.16,-2.33,-2.18,-2.19,-2.15,-2.22,-1.59,-1.26,-1.31,-1.93,-2.29,-2.47,-2.39,-2.10,-2.01,-2.05,-1.64,-1.32,-1.02,-1.59,-1.78,-2.11,-2.14,-2.11,-1.97,-1.41,-0.68,0.72,2.49,4.63,6.00,6.50,6.78,7.04,7.04,7.10,7.36,7.15,6.79,6.50,6.52,6.59,6.40,6.29,5.97,5.89,5.72,5.59,5.71,5.72,5.61,5.31,5.33,5.36,5.05,5.47,5.19,5.14
-20.05,-20.46,-20.49,-20.25,-20.52,-20.82,-20.80,-21.03,-21.07,-20.98,-21.26,-21.10,-21.16,-21.33,-21.25,-21.03,-21.28,-21.58,-21.53,-21.55,-21.55,-21.65,-21.73,-21.70,-22.13,-22.35,-21.86,-21.61,-21.81,-21.93,-21.98,-22.26,-22.43,-21.81,-21.73,-21.91,-22.00,-21.81,-21.71,-21.53,-21.02,-20.38,-19.29,-17.54,-15.38,-11.16,-6.16,-1.71,1.71,4.19,5.29,5.75,6.07,6.17,6.43,6.79,6.84,6.82,6.88,6.76,6.58,6.67,7.04,7.50,8.02,8.03,7.80,7.66,7.21,5.60,2.58,-0.07,-1.30,-1.62,-1.83,-2.19,-2.29,-2.09,-1.69,-1.10,-0.95,-2.09,-2.64,-2.37,-2.68,-2.20,-2.70,-2.38,-1.82,-0.98,-1.31,-1.90,-2.16,-2.19,-2.19,-2.10,-2.28,-2.36,-1.86,-1.35,-1.24,-1.60,-2.10,-2.13,-2.07,-2.15,-2.05,-2.23,-1.55,-1.15,-1.15,-1.55,-2.01,-2.28,-2.28,-2.06,-1.86,-1.93,-2.00,-1.54,-1.27,-1.27,-1.78,-2.01,-1.99,-2.05,-1.99,-1.43,-0.67,0.22,1.58,4.04,5.52,6.22,6.74,6.96,6.88,6.92,7.08,6.97,6.56,6.32,6.14,5.96,5.86,5.99,5.78,5.79,5.60,5.54,5.78,5.89,5.82,5.64,5.82,5.86,5.56,5.65,5.52,5.72
-19.42,-19.77,-20.08,-20.13,-20.64,-20.26,-20.20,-20.33,-20.28,-20.05,-20.47,-20.56,-20.74,-20.77,-20.74,-20.67,-20.60,-20.87,-20.67,-20.98,-21.23,-21.11,-21.02,-21.25,-21.36,-21.31,-21.11,-20.95,-21.15,-21.35,-21.30,-21.45,-21.91,-21.30,-21.28,-21.45,-21.43,-21.08,-20.85,-20.42,-19.40,-17.87,-15.63,-12.04,-8.47,-2.93,1.27,3.57,4.72,5.35,6.00,6.14,6.11,6.15,6.22,6.59,6.75,6.50,6.82,6.83,6.97,6.91,6.85,7.53,7.90,7.85,7.54,7.40,7.24,5.72,2.63,0.12,-1.05,-1.45,-1.82,-2.36,-2.46,-2.13,-1.69,-1.16,-1.00,-2.09,-2.54,-2.33,-2.36,-2.45,-2.47,-1.95,-1.86,-1.29,-1.25,-1.87,-2.04,-2.28,-2.22,-2.06,-1.97,-1.96,-1.67,-1.19,-1.07,-1.41,-2.04,-2.07,-1.91,-1.92,-1.63,-2.01,-1.59,-1.10,-0.90,-1.12,-1.76,-2.10,-2.09,-1.87,-1.65,-1.65,-1.69,-1.36,-0.83,-0.91,-1.14,-1.86,-1.91,-1.81,-1.67,-1.29,-0.77,-0.22,0.48,3.13,4.68,5.74,6.40,6.60,6.62,6.74,6.78,6.68,6.40,6.39,6.35,6.22,6.06,5.85,5.65,5.75,5.71,5.71,5.81,5.89,6.00,5.85,6.00,5.94,5.70,5.92,5.81,5.84
-19.11,-19.50,-19.87,-19.71,-19.68,-19.58,-19.76,-19.92,-19.98,-20.00,-20.11,-20.23,-20.26,-20.29,-20.34,-20.39,-20.02,-20.25,-20.31,-20.34,-20.36,-20.41,-20.47,-20.79,-20.72,-20.75,-20.54,-20.67,-20.85,-20.93,-20.98,-20.92,-21.08,-20.46,-20.77,-20.72,-20.57,-20.05,-19.43,-18.27,-16.05,-12.80,-8.76,-4.00,-0.06,2.66,4.57,5.33,5.82,6.14,6.40,6.32,6.14,6.33,6.61,6.69,6.90,6.75,6.92,6.97,6.88,7.04,7.09,7.07,7.73,7.79,7.48,7.26,6.92,5.12,2.36,0.17,-0.81,-1.21,-1.60,-2.10,-2.36,-1.99,-1.43,-1.01,-1.00,-1.87,-1.99,-1.93,-1.91,-2.10,-1.97,-1.97,-1.63,-1.26,-0.90,-1.60,-1.96,-2.04,-1.95,-1.63,-1.62,-1.58,-1.19,-0.91,-0.83,-0.98,-1.51,-1.78,-1.81,-1.67,-1.59,-1.65,-1.63,-0.93,-0.69,-0.64,-1.41,-1.83,-1.81,-1.60,-1.41,-1.38,-1.50,-1.08,-0.56,-0.87,-0.97,-1.51,-1.59,-1.58,-1.35,-1.02,-0.91,-0.58,0.02,2.02,3.71,4.94,5.45,5.68,6.04,6.46,6.69,6.67,6.48,6.33,6.16,6.06,5.99,5.88,5.84,5.99,5.92,5.84,5.79,5.80,6.09,5.92,6.04,6.01,5.91,5.97,6.15,6.07
-18.97,-19.07,-19.27,-19.47,-19.56,-19.52,-19.52,-19.58,-19.69,-19.94,-19.89,-19.85,-19.94,-20.00,-20.10,-20.20,-19.90,-20.18,-19.87,-19.87,-20.23,-20.33,-20.02,-20.28,-20.28,-20.41,-20.20,-20.18,-20.29,-20.28,-20.28,-20.31,-20.23,-19.61,-19.89,-19.73,-19.37,-18.16,-16.45,-13.82,-9.68,-5.00,-0.38,2.62,4.10,5.08,5.65,5.67,6.16,6.59,6.18,6.10,6.29,6.37,6.77,6.67,6.50,6.51,6.85,6.86,6.81,6.98,6.66,6.70,7.01,7.10,6.83,6.69,6.53,4.68,1.97,0.25,-0.42,-0.92,-1.36,-1.69,-1.96,-1.68,-0.98,-0.54,-0.42,-1.38,-1.60,-1.69,-1.55,-1.57,-1.88,-1.82,-1.25,-0.91,-0.52,-1.05,-1.53,-1.87,-1.79,-1.48,-1.60,-1.53,-1.19,-0.96,-0.62,-0.71,-1.44,-1.50,-1.62,-1.35,-1.49,-1.50,-1.40,-0.86,-0.86,-0.42,-0.97,-1.58,-1.65,-1.46,-1.43,-1.58,-1.57,-1.00,-0.83,-0.69,-0.67,-1.08,-1.38,-1.41,-1.25,-1.24,-1.29,-0.93,-0.39,1.09,2.68,3.60,3.75,4.16,4.98,5.86,6.44,6.38,6.35,5.80,5.64,5.72,5.86,5.92,5.97,5.71,5.92,6.22,6.22,5.97,5.97,5.95,6.06,6.04,6.01,6.06,6.09,6.20
-18.81,-18.94,-18.99,-19.03,-18.94,-19.19,-19.23,-19.19,-19.26,-19.27,-19.40,-19.24,-19.56,-19.66,-19.18,-19.13,-19.24,-19.42,-19.55,-19.53,-19.60,-19.81,-19.69,-19.64,-19.79,-19.94,-19.85,-19.79,-19.74,-19.60,-19.48,-19.56,-19.45,-18.91,-18.62,-18.06,-16.76,-14.30,-10.96,-7.03,-2.54,1.36,3.54,4.85,4.69,5.21,5.38,5.35,5.65,5.77,5.80,5.84,5.65,5.58,5.95,5.94,5.79,5.75,5.91,5.84,5.81,5.78,5.36,5.72,5.87,6.09,5.94,5.88,5.91,4.34,1.84,0.38,-0.13,-0.69,-1.21,-1.48,-1.71,-1.59,-0.91,-0.37,-0.21,-0.90,-1.27,-1.48,-1.45,-1.54,-1.90,-1.87,-1.08,-0.76,-0.68,-1.12,-1.50,-1.95,-1.76,-1.46,-1.48,-1.54,-1.41,-1.07,-0.61,-0.51,-1.20,-1.69,-1.81,-1.58,-1.41,-1.76,-1.34,-1.02,-0.95,-0.75,-1.01,-1.63,-1.72,-1.62,-1.71,-1.79,-1.62,-1.25,-1.15,-0.57,-0.75,-0.75,-1.24,-1.36,-1.21,-1.26,-1.31,-0.97,-0.58,0.19,1.24,2.05,2.24,2.71,3.63,4.70,5.26,5.03,5.26,4.97,4.94,5.11,5.40,5.77,6.07,5.94,6.02,6.15,6.09,5.94,6.00,5.97,5.96,5.95,5.99,6.07,6.10,6.25
-18.25,-18.41,-18.60,-18.65,-18.27,-18.46,-18.63,-18.70,-18.84,-18.83,-18.95,-19.02,-19.21,-19.29,-19.08,-19.00,-18.84,-18.99,-19.00,-19.03,-19.18,-19.32,-19.18,-19.11,-19.24,-19.31,-19.34,-19.31,-19.18,-18.99,-18.92,-19.02,-18.63,-17.59,-16.59,-14.87,-11.91,-8.19,-4.30,-0.87,1.44,2.77,3.37,3.61,3.24,3.71,3.73,3.93,3.98,3.99,3.85,3.67,3.50,3.28,3.43,3.78,3.28,3.32,3.74,3.23,3.38,3.31,3.34,4.39,5.26,5.71,5.63,5.53,5.03,3.19,1.09,-0.01,-0.38,-0.78,-1.29,-1.64,-1.76,-1.62,-1.10,-0.49,-0.41,-0.91,-1.27,-1.41,-1.31,-1.53,-1.79,-1.79,-1.07,-0.85,-0.88,-1.12,-1.59,-1.91,-1.69,-1.58,-1.76,-1.81,-1.57,-1.22,-0.80,-0.67,-1.19,-1.68,-1.78,-1.79,-1.63,-1.73,-1.79,-1.59,-1.12,-0.58,-0.52,-1.41,-1.65,-1.76,-1.83,-1.72,-1.63,-1.45,-1.40,-0.82,-0.72,-0.46,-0.96,-1.27,-1.35,-1.49,-1.55,-1.26,-0.78,-0.39,0.45,0.95,1.36,1.75,2.39,3.00,3.10,2.72,3.20,3.61,3.65,3.74,4.00,4.64,5.77,5.87,5.89,5.91,6.07,6.17,5.87,5.94,6.15,6.09,6.00,6.04,6.22,6.21
-17.89,-17.84,-18.13,-18.19,-17.95,-17.95,-18.03,-18.14,-18.19,-18.57,-18.57,-18.54,-18.68,-18.76,-18.43,-18.46,-18.51,-18.59,-18.55,-18.49,-18.59,-18.63,-18.51,-18.54,-18.78,-18.70,-18.67,-18.63,-18.51,-18.33,-18.02,-18.16,-17.15,-15.15,-12.74,-8.90,-4.49,-1.14,0.01,-0.17,0.12,0.70,1.38,1.13,0.84,0.79,1.27,1.33,1.58,1.50,1.17,0.92,0.61,0.49,0.58,0.81,0.48,0.82,1.56,0.75,0.59,0.58,0.93,2.49,4.48,5.53,5.54,5.45,4.16,1.63,-0.19,-0.87,-1.11,-1.32,-1.72,-2.00,-1.95,-1.68,-1.05,-0.27,-0.57,-1.30,-1.51,-1.51,-1.27,-1.54,-1.83,-1.78,-1.21,-0.95,-0.39,-1.16,-1.67,-1.74,-1.72,-1.62,-1.69,-1.69,-1.51,-1.06,-0.44,-0.48,-1.20,-1.67,-1.72,-1.82,-1.86,-1.96,-1.68,-1.85,-1.26,-0.73,-0.33,-1.36,-1.68,-1.62,-1.69,-1.76,-1.60,-1.50,-1.62,-1.06,-0.69,-0.33,-0.62,-1.16,-1.35,-1.41,-1.32,-1.11,-1.06,-0.66,-0.09,0.49,1.01,1.47,1.61,1.39,1.02,0.70,1.18,1.72,1.92,2.06,2.34,3.32,5.18,5.86,5.82,5.87,6.02,6.09,6.07,6.09,6.20,6.03,6.03,6.09,6.07,6.15
-17.54,-17.47,-17.79,-17.57,-17.61,-17.73,-17.81,-17.73,-18.08,-17.64,-18.16,-18.49,-18.38,-18.14,-18.13,-17.87,-17.83,-17.87,-17.92,-17.95,-17.92,-18.13,-18.00,-18.02,-18.22,-18.19,-18.03,-17.97,-17.87,-17.39,-16.50,-15.61,-13.62,-10.03,-5.37,-1.07,1.28,1.47,0.33,-0.83,-0.97,-0.63,-0.39,-0.78,-0.76,-0.69,-0.11,-0.04,-0.02,-0.24,-0.71,-0.90,-1.16,-1.17,-1.10,-1.03,-1.05,-0.13,0.53,-0.38,-0.83,-0.92,-0.69,0.65,2.64,4.05,4.34,4.41,3.23,0.80,-0.92,-1.54,-1.65,-1.77,-1.97,-2.00,-2.02,-1.63,-0.76,0.18,-0.67,-1.58,-1.59,-1.49,-1.36,-1.48,-1.74,-1.60,-1.19,-0.72,0.13,-1.05,-1.51,-1.57,-1.64,-1.57,-1.57,-1.55,-1.48,-1.02,-0.31,-0.29,-1.03,-1.49,-1.53,-1.54,-1.65,-1.85,-1.97,-1.45,-1.01,-0.67,0.04,-1.14,-1.86,-1.69,-1.59,-1.67,-1.59,-1.55,-1.41,-0.87,-0.73,-0.11,-0.29,-0.87,-1.07,-1.20,-1.15,-1.02,-1.05,-0.71,-0.27,0.02,0.46,0.59,0.27,0.04,0.07,0.08,0.23,0.59,0.61,1.00,1.28,2.31,4.32,5.59,5.63,5.95,6.02,6.06,6.28,6.28,6.46,6.23,6.10,6.11,6.20,6.18
-16.83,-17.14,-17.43,-17.07,-17.26,-17.31,-17.37,-17.64,-17.37,-17.43,-17.32,-17.43,-17.65,-17.70,-17.70,-17.45,-17.34,-17.28,-17.37,-17.48,-17.32,-17.65,-17.47,-17.54,-17.43,-17.53,-17.54,-17.22,-16.56,-15.46,-13.30,-10.77,-6.65,-1.79,1.45,3.14,3.53,2.55,0.77,-0.90,-1.38,-1.14,-1.07,-1.38,-1.20,-0.80,-0.18,-0.09,-0.43,-0.93,-1.45,-1.55,-1.54,-1.63,-1.59,-1.32,-1.20,0.09,0.50,-0.46,-0.88,-1.15,-1.06,-0.27,0.54,1.31,1.67,2.01,1.89,0.58,-1.01,-1.63,-1.63,-1.58,-1.53,-1.68,-1.81,-1.39,-0.58,0.28,-0.69,-1.55,-1.36,-1.26,-1.14,-1.12,-1.39,-1.24,-0.91,-0.28,0.08,-0.75,-1.15,-1.41,-1.45,-1.45,-1.39,-1.20,-1.12,-0.80,-0.11,0.06,-0.67,-1.29,-1.17,-1.08,-1.48,-1.68,-1.71,-1.16,-1.00,-0.38,0.02,-0.82,-1.27,-1.26,-1.19,-1.12,-1.14,-1.07,-0.82,-0.53,-0.29,0.23,0.13,-0.31,-0.52,-0.68,-0.68,-0.66,-0.78,-0.64,-0.27,0.29,0.65,0.66,0.43,0.22,0.02,-0.18,-0.13,0.02,0.41,0.79,0.98,1.85,3.53,5.03,5.58,6.21,6.21,6.20,6.37,6.43,6.56,6.33,6.17,6.20,6.32,6.30
-16.58,-16.55,-17.01,-16.62,-16.69,-16.61,-16.50,-17.07,-16.98,-16.90,-16.86,-16.79,-16.92,-17.26,-17.04,-16.84,-16.93,-16.90,-16.81,-16.81,-16.76,-16.76,-16.66,-16.73,-16.97,-16.86,-16.25,-15.38,-14.33,-11.16,-7.80,-3.01,0.45,3.11,4.82,5.12,4.22,2.58,0.50,-1.02,-1.30,-1.14,-1.35,-1.30,-1.10,-0.67,0.08,0.14,-0.41,-0.93,-1.34,-1.35,-1.27,-1.58,-1.54,-1.17,-0.72,0.56,0.46,-0.23,-0.88,-1.26,-1.12,-0.98,-0.71,-0.47,-0.37,0.32,0.85,0.19,-0.95,-1.49,-1.43,-1.35,-1.55,-1.64,-1.53,-1.26,-0.36,0.64,-0.47,-1.17,-1.06,-1.00,-0.96,-1.03,-1.20,-1.22,-0.66,0.07,0.01,-0.32,-0.76,-1.11,-1.08,-1.05,-1.06,-0.82,-0.69,-0.43,0.27,0.56,-0.11,-0.86,-0.87,-0.98,-1.10,-1.25,-1.26,-0.85,-0.81,0.14,0.38,0.04,-0.67,-1.08,-0.76,-0.47,-0.54,-0.42,-0.16,-0.11,0.25,0.44,0.88,0.75,0.46,0.45,0.55,0.48,0.39,0.51,0.69,1.04,1.41,1.67,1.63,1.33,0.93,0.84,1.02,0.72,0.88,1.60,1.85,2.45,3.63,4.94,5.88,6.46,6.37,6.29,6.37,6.41,6.29,6.31,6.36,6.26,6.20,6.44
-16.25,-16.21,-16.61,-16.42,-16.32,-16.18,-15.95,-15.98,-16.35,-16.42,-16.61,-16.59,-16.44,-16.66,-16.50,-16.30,-16.35,-16.39,-16.16,-15.82,-16.21,-16.19,-16.25,-16.24,-16.02,-15.38,-14.33,-12.42,-8.91,-4.93,-0.47,2.60,4.11,5.42,5.87,5.43,4.18,2.17,0.15,-1.08,-1.03,-0.90,-1.08,-0.93,-0.80,-0.39,0.30,0.18,-0.53,-0.75,-0.88,-0.92,-0.85,-1.38,-1.21,-0.75,-0.23,1.17,0.15,-0.36,-0.75,-0.86,-1.02,-0.90,-0.82,-0.54,-0.28,0.25,0.25,-0.34,-0.92,-1.00,-1.00,-1.30,-1.22,-1.15,-0.91,-0.77,-0.11,0.93,-0.01,-0.48,-0.68,-0.48,-0.48,-0.37,-0.24,-0.59,-0.19,0.49,0.59,0.53,-0.01,-0.14,-0.11,0.01,-0.17,0.01,0.08,0.34,1.02,1.44,1.03,0.40,0.44,0.20,0.15,0.17,0.17,0.34,0.60,1.36,1.58,1.60,1.17,1.20,1.47,1.52,1.22,1.12,1.69,1.95,2.14,1.94,2.57,2.75,2.49,2.54,2.71,2.77,2.82,2.90,2.87,3.08,3.22,3.55,3.75,3.73,3.30,2.96,3.24,3.46,3.44,3.25,3.40,4.03,4.92,5.79,6.25,6.54,6.44,6.41,6.47,6.38,6.30,6.35,6.35,6.23,6.22,6.31
-15.47,-15.63,-15.87,-15.95,-15.92,-15.72,-15.38,-15.06,-15.67,-15.92,-16.07,-16.12,-15.98,-15.87,-15.99,-16.02,-15.84,-15.70,-15.76,-15.85,-15.95,-15.58,-15.25,-14.90,-14.07,-12.33,-9.54,-5.87,-1.44,1.92,3.91,4.92,5.67,6.17,6.14,5.25,3.48,1.34,0.07,-0.75,-0.41,-0.31,-0.47,-0.39,-0.28,0.20,0.72,0.40,-0.27,-0.44,-0.52,-0.53,-0.53,-0.93,-0.46,0.01,0.48,1.49,0.53,0.04,0.06,-0.27,-0.46,-0.22,-0.13,0.02,0.22,0.45,0.46,0.12,-0.36,-0.41,-0.04,0.13,0.23,0.13,-0.07,0.02,0.45,1.46,1.06,0.77,0.98,0.97,1.40,1.73,1.73,1.23,1.46,1.86,2.39,2.33,2.03,1.99,2.18,2.34,2.25,2.52,2.45,2.66,3.25,3.72,3.62,3.24,3.46,3.29,3.16,3.11,3.16,3.60,3.61,4.15,4.38,4.38,4.51,4.47,4.45,4.72,4.89,4.88,5.04,5.11,5.02,4.98,5.25,5.64,5.59,5.49,5.54,5.60,5.61,5.59,5.56,5.64,5.70,5.54,5.86,6.04,5.80,5.54,5.64,5.81,5.64,5.57,5.74,5.99,6.35,6.79,6.79,6.92,6.77,6.82,6.76,6.55,6.66,6.59,6.63,6.55,6.45,6.44
-14.73,-15.06,-15.34,-15.21,-14.93,-14.61,-14.22,-14.12,-14.73,-14.96,-15.11,-15.26,-15.21,-15.03,-15.14,-15.44,-15.58,-15.34,-14.99,-15.00,-14.70,-14.37,-13.48,-12.26,-10.12,-6.61,-2.42,0.92,3.14,5.03,5.93,6.09,6.29,6.40,5.97,4.65,2.75,1.23,0.74,0.59,0.80,0.82,0.65,0.60,0.85,1.40,1.72,1.42,1.04,0.91,0.61,0.74,0.93,1.01,1.42,1.52,2.59,2.65,1.71,1.51,1.56,1.41,1.20,1.35,1.62,1.75,1.91,2.55,2.78,2.54,2.18,2.08,2.63,3.06,3.19,2.94,2.68,2.92,3.46,4.32,4.29,3.90,4.19,4.09,4.77,4.90,5.29,4.80,4.90,5.37,5.74,5.71,5.21,5.21,5.63,5.93,5.79,5.86,5.78,5.96,6.38,6.71,6.71,6.43,6.47,6.35,6.23,5.87,6.03,6.46,6.29,6.71,6.76,6.82,6.78,6.93,6.97,6.97,7.04,7.22,7.31,7.00,7.05,7.33,7.38,7.56,7.66,7.73,7.71,7.50,7.48,7.63,7.48,7.33,7.44,7.18,7.40,7.58,7.37,7.13,7.31,7.68,7.47,7.56,7.38,7.37,7.62,7.88,7.78,7.34,7.36,7.39,7.28,7.13,7.15,7.05,7.32,7.16,7.02,7.17
-14.07,-14.03,-14.40,-14.27,-13.80,-13.33,-12.93,-13.15,-13.70,-13.94,-14.15,-14.42,-14.24,-14.19,-14.43,-14.60,-15.00,-14.96,-13.79,-13.14,-13.33,-11.86,-10.09,-7.24,-3.82,-0.33,2.87,4.68,5.51,6.24,6.68,6.67,6.74,6.71,6.09,4.82,3.53,3.04,2.95,3.19,3.06,3.06,3.04,2.93,3.20,3.74,3.86,3.59,3.46,3.41,3.37,3.46,3.80,4.22,4.49,4.56,5.70,5.61,5.25,5.16,5.05,5.24,5.24,5.15,5.64,6.00,6.18,6.29,6.40,6.43,6.33,6.36,6.62,7.04,7.34,7.15,6.68,6.60,6.74,7.37,7.13,7.23,7.46,7.42,7.97,7.73,7.62,7.62,7.53,7.45,7.68,7.81,7.70,7.47,7.58,7.76,7.63,7.65,7.79,7.73,7.78,7.97,7.96,7.87,7.85,7.73,7.66,7.34,7.52,7.65,7.62,7.71,7.57,7.69,7.68,8.05,7.98,7.96,8.08,8.13,8.08,7.91,7.79,8.04,8.03,8.36,8.30,8.17,8.38,8.34,8.36,8.50,8.39,8.25,8.07,8.16,8.27,8.48,8.23,8.10,8.45,8.71,8.46,8.46,8.28,8.16,8.25,8.39,8.25,7.99,8.14,8.22,8.16,8.00,7.85,7.62,8.02,7.89,7.85,8.06
-13.28,-12.83,-13.12,-13.25,-13.03,-12.64,-12.27,-12.62,-13.08,-13.34,-13.48,-13.55,-13.58,-13.51,-13.94,-13.97,-13.67,-13.11,-11.97,-10.46,-9.51,-6.92,-3.83,-0.90,1.71,3.87,5.56,6.33,6.36,6.76,7.01,7.05,7.14,7.17,6.85,6.24,5.67,5.60,5.92,5.93,5.91,6.09,6.16,6.10,6.23,6.44,6.56,6.47,6.45,6.84,6.94,6.99,6.99,7.22,7.46,7.57,7.73,7.41,7.69,7.76,7.57,7.50,7.28,7.28,7.49,7.71,7.62,7.54,7.66,7.66,7.65,7.68,7.65,7.82,7.93,7.65,7.68,7.61,7.47,7.87,7.85,7.87,8.16,8.29,8.36,7.93,7.57,7.57,8.13,7.94,7.93,8.08,7.90,8.00,8.06,8.02,8.07,8.23,8.16,8.03,8.13,8.23,8.19,8.32,8.40,8.27,8.22,8.19,8.17,8.28,8.17,8.15,8.13,8.00,8.25,8.55,8.46,8.55,8.66,8.65,8.63,8.55,8.58,8.52,8.68,8.80,8.68,8.75,8.76,8.80,9.01,9.25,9.22,8.88,8.71,8.54,8.87,9.08,8.91,8.87,9.08,9.14,9.03,8.93,8.75,8.64,8.71,8.85,8.87,8.76,9.08,8.97,8.85,8.82,8.71,8.32,8.55,8.62,8.69,8.80
-12.11,-11.88,-12.16,-12.46,-12.51,-12.34,-12.23,-12.45,-12.70,-12.84,-12.94,-13.11,-13.20,-12.68,-12.65,-12.65,-12.00,-10.50,-8.44,-5.93,-3.40,-0.46,1.96,3.75,5.03,5.91,6.62,7.01,7.10,7.28,7.33,7.44,7.53,7.62,7.72,7.68,7.32,7.23,7.64,7.45,7.76,7.86,7.88,7.83,7.74,7.62,7.66,7.87,7.88,7.87,7.97,7.76,7.80,7.97,7.79,8.16,7.96,7.94,8.07,8.20,8.07,8.05,7.98,8.06,8.13,8.19,8.17,8.21,8.32,8.38,8.38,8.47,8.54,8.48,8.52,8.28,8.29,8.22,8.04,8.16,8.28,8.22,8.68,8.84,8.85,8.68,8.30,8.10,8.50,8.15,8.42,8.55,8.38,8.63,8.72,8.85,8.83,8.62,8.57,8.52,8.58,8.56,8.55,8.78,8.86,8.71,8.73,8.90,8.81,8.93,8.80,9.02,9.13,8.76,8.85,9.15,9.00,9.14,9.30,9.30,9.27,9.27,9.42,9.25,9.43,9.42,9.48,9.44,9.50,9.34,9.53,9.76,9.63,9.52,9.33,9.19,9.65,9.51,9.46,9.44,9.47,9.53,9.60,9.46,9.17,9.21,9.33,9.42,9.60,9.59,9.71,9.58,9.44,9.33,9.18,9.14,9.18,9.13,9.33,9.42
-11.16,-11.33,-11.63,-11.82,-11.78,-11.63,-11.95,-11.95,-12.05,-12.04,-11.89,-11.97,-11.76,-11.63,-12.01,-12.02,-10.66,-7.52,-3.31,-0.04,2.18,4.05,5.49,6.36,6.84,7.04,7.25,7.57,7.88,7.85,7.93,7.89,7.91,8.14,8.34,8.22,8.08,8.14,8.19,8.17,8.51,8.68,8.71,8.60,8.27,8.19,8.54,8.60,8.24,8.49,8.45,8.41,8.45,8.16,8.25,8.38,8.49,8.55,8.40,8.56,8.52,8.34,8.59,8.63,8.66,8.71,8.76,8.83,8.92,8.96,9.02,9.11,9.14,9.18,9.12,9.10,9.10,8.81,8.91,9.08,9.21,8.96,9.41,9.58,9.47,9.50,9.28,9.00,9.37,9.20,9.23,9.17,9.42,9.40,9.50,9.70,9.52,9.49,9.39,9.19,9.24,9.43,9.52,9.57,9.52,9.41,9.52,9.53,9.53,9.72,9.70,9.82,9.99,9.60,9.44,9.85,9.70,9.87,9.95,9.95,9.89,9.82,9.99,9.96,10.27,10.01,10.29,10.01,10.01,9.95,10.00,10.02,9.93,9.93,9.95,9.77,10.00,9.87,9.87,9.86,9.92,9.98,9.88,9.80,9.44,9.46,9.50,9.60,9.76,9.88,10.11,9.82,9.70,9.68,9.59,9.42,9.53,9.43,9.52,9.53
-10.63,-10.90,-11.09,-11.00,-10.74,-10.83,-10.97,-11.43,-11.33,-10.89,-10.46,-10.08,-9.67,-10.25,-10.71,-10.76,-9.34,-5.45,0.07,3.10,5.24,6.66,7.44,7.82,7.99,8.05,8.03,8.38,8.64,8.47,8.64,8.56,8.52,8.85,9.05,8.83,8.84,8.93,8.93,9.01,8.93,9.28,9.49,9.39,9.23,9.17,9.31,9.56,9.38,9.65,9.62,9.81,9.34,9.61,9.36,9.44,9.30,9.47,9.42,9.44,9.52,9.21,9.41,9.50,9.57,9.52,9.43,9.51,9.67,9.80,9.91,10.00,10.01,9.95,9.86,9.83,9.70,9.62,9.79,9.92,9.81,9.76,9.99,9.93,10.02,10.05,9.86,10.12,10.19,9.81,9.89,9.71,9.98,10.13,10.31,10.43,10.45,10.34,10.13,10.09,10.08,10.20,10.30,10.28,10.18,10.00,9.97,9.93,10.06,10.26,10.21,10.23,10.35,10.06,10.01,10.22,10.20,10.19,10.18,10.20,10.12,10.02,10.09,10.19,10.33,10.21,10.45,10.12,10.19,10.19,10.13,10.06,9.98,10.02,10.06,9.68,9.75,9.96,10.10,10.12,10.18,10.10,9.73,9.81,9.56,9.38,9.51,9.67,9.72,9.88,10.03,9.83,9.76,9.69,9.61,9.59,9.48,9.40,9.54,9.67
-9.81,-10.09,-10.10,-9.92,-9.62,-10.15,-10.05,-10.36,-10.66,-10.25,-9.18,-9.09,-8.92,-9.67,-10.15,-10.13,-8.98,-5.54,-0.17,3.17,5.53,7.37,8.41,8.75,8.87,8.95,9.04,9.29,9.52,9.38,9.30,9.31,9.38,9.54,9.65,9.53,9.71,9.79,9.80,9.59,9.80,9.82,9.71,9.63,9.58,9.67,9.73,9.42,9.23,9.36,9.28,9.87,9.41,9.60,9.99,9.77,9.61,9.66,9.87,9.90,10.06,9.90,10.02,10.02,9.96,9.91,9.78,9.82,9.98,10.05,10.10,10.12,10.23,10.23,10.14,9.89,9.97,9.93,9.92,10.08,9.92,10.10,10.13,10.10,9.99,9.85,10.05,10.22,10.34,10.03,10.01,10.12,10.13,10.23,10.19,10.28,10.21,10.12,10.16,10.18,10.34,10.48,10.11,10.00,10.16,9.97,9.85,9.92,10.08,10.07,10.08,10.18,10.12,10.14,10.10,10.18,10.11,9.96,9.92,9.95,9.96,9.89,9.90,10.10,10.16,10.18,10.29,10.24,10.19,10.19,10.03,9.93,9.83,9.62,9.49,9.58,9.68,9.70,10.05,9.97,9.95,9.98,9.82,9.80,9.48,9.42,9.63,9.69,9.61,9.59,9.73,9.66,9.56,9.48,9.49,9.59,9.38,9.34,9.32,9.50
-8.19,-8.29,-8.55,-9.02,-8.65,-8.70,-8.95,-9.36,-9.30,-8.83,-8.33,-8.30,-8.74,-9.37,-9.71,-9.62,-8.91,-6.85,-2.81,0.92,4.02,6.62,8.48,9.32,9.57,9.61,9.83,9.89,10.01,10.07,9.93,9.85,9.86,9.90,10.06,10.20,10.20,10.09,10.00,10.24,10.56,10.42,10.38,10.21,9.91,9.71,9.62,9.68,9.46,9.67,9.31,9.58,9.69,10.03,10.19,10.10,9.77,9.75,10.09,9.88,9.97,9.98,10.14,10.13,10.05,9.98,9.87,9.85,9.93,10.06,10.14,10.14,10.16,10.18,10.10,9.91,10.02,9.97,9.88,10.03,9.86,10.02,10.14,10.02,9.96,9.98,10.08,10.06,10.02,10.07,10.02,10.20,10.24,10.38,10.43,10.38,10.09,10.19,10.31,10.22,10.30,10.14,9.87,9.95,9.98,9.73,9.60,9.70,9.75,9.88,9.83,10.22,10.10,9.88,9.76,9.82,9.91,9.83,9.66,9.70,9.77,9.76,9.82,9.95,9.92,9.93,10.19,10.08,10.06,9.98,10.02,10.02,9.83,9.65,9.59,9.39,9.71,9.92,10.14,9.95,9.90,9.91,9.78,9.72,9.30,9.49,9.59,9.53,9.38,9.31,9.47,9.41,9.30,9.17,9.18,9.41,9.36,9.14,9.23,9.38
-5.49,-6.55,-7.33,-7.78,-7.45,-7.08,-7.19,-7.28,-7.42,-7.50,-7.56,-7.86,-8.22,-8.49,-8.70,-8.79,-8.59,-7.85,-5.67,-2.61,0.95,4.76,7.79,9.34,9.87,10.02,9.90,9.96,10.27,10.12,9.99,9.96,9.90,9.96,10.17,10.38,10.37,10.27,10.30,10.47,10.41,10.40,10.52,10.43,9.96,9.54,9.57,9.42,9.06,9.13,8.73,8.95,9.39,9.78,10.06,9.81,9.70,9.58,9.98,10.05,9.86,9.77,9.90,9.99,9.92,9.75,9.63,9.67,9.83,10.00,10.00,9.89,9.80,9.86,9.80,9.69,9.78,9.69,9.56,9.72,9.81,9.72,9.90,9.97,9.86,9.87,9.91,9.89,10.00,9.90,9.81,9.97,10.17,10.12,10.26,10.24,9.82,9.82,10.07,10.27,10.17,9.96,9.65,9.63,9.75,9.57,9.56,9.58,9.40,9.59,9.59,9.76,9.80,9.67,9.68,9.69,9.82,9.75,9.72,9.66,9.67,9.76,9.77,9.80,9.79,9.81,10.02,10.05,10.02,9.85,9.91,9.83,9.76,9.72,9.51,9.31,9.68,9.52,9.86,9.83,9.78,9.73,9.57,9.24,9.33,9.32,9.39,9.31,9.20,9.20,9.15,9.18,9.06,9.02,9.05,9.09,9.13,8.83,8.85,8.96
-2.51,-4.08,-5.35,-6.07,-5.85,-4.78,-4.71,-4.81,-4.96,-5.29,-5.85,-6.34,-6.61,-6.90,-7.27,-7.74,-8.18,-8.11,-7.24,-5.62,-2.75,2.03,6.69,8.90,9.56,9.99,9.91,10.24,10.26,10.12,10.10,10.02,9.90,10.01,10.13,10.50,10.52,10.34,10.32,10.32,10.30,10.30,10.30,10.20,9.89,9.48,9.30,9.11,8.93,8.62,8.52,8.72,9.06,9.47,9.80,9.69,9.58,9.41,9.80,9.92,9.75,9.57,9.56,9.71,9.69,9.48,9.37,9.47,9.65,9.79,9.72,9.62,9.66,9.71,9.62,9.58,9.52,9.49,9.32,9.50,9.71,9.50,9.81,10.01,9.96,9.82,9.86,9.78,9.80,9.81,9.83,9.95,10.05,10.01,10.06,9.93,9.78,9.88,9.98,10.17,10.22,10.02,9.73,9.68,9.78,9.71,9.58,9.46,9.12,9.33,9.28,9.54,9.30,9.37,9.25,9.50,9.66,9.61,9.62,9.48,9.53,9.62,9.65,9.78,9.75,9.71,9.82,9.92,9.82,9.76,9.81,9.79,9.79,9.70,9.47,9.33,9.44,9.85,9.79,9.78,9.60,9.39,9.24,9.08,8.93,9.03,9.14,9.11,9.08,9.05,8.88,8.92,8.90,8.94,8.86,8.72,8.72,8.46,8.58,8.66
0.10,-1.68,-3.10,-3.96,-3.58,-3.13,-3.08,-3.30,-3.52,-3.66,-4.07,-4.50,-4.83,-5.42,-6.19,-7.00,-7.78,-7.93,-7.56,-6.77,-4.42,0.61,6.03,8.78,9.71,9.79,9.78,9.75,10.03,10.01,9.85,9.85,9.83,9.86,10.11,10.28,10.29,10.31,10.47,10.43,10.43,10.31,10.22,10.16,9.82,9.32,9.01,8.91,8.63,8.58,8.56,8.75,8.93,9.34,9.57,9.61,9.67,9.65,9.70,9.77,9.75,9.53,9.44,9.53,9.57,9.42,9.29,9.29,9.42,9.59,9.49,9.46,9.62,9.58,9.40,9.49,9.30,9.40,9.11,9.37,9.56,9.49,9.81,9.92,10.01,9.89,9.65,9.63,9.67,9.65,9.89,9.95,9.96,10.00,9.98,9.99,9.92,9.95,10.09,10.09,10.22,9.97,9.61,9.47,9.51,9.53,9.44,9.42,9.33,9.49,9.54,9.58,9.53,9.05,9.22,9.39,9.39,9.38,9.43,9.46,9.40,9.48,9.63,9.67,9.54,9.51,9.66,9.62,9.69,9.70,9.63,9.62,9.60,9.52,9.38,9.12,9.23,9.85,9.76,9.69,9.68,9.51,9.25,9.17,8.71,9.17,9.23,9.13,9.00,8.93,8.95,8.75,8.82,8.69,8.58,8.51,8.38,8.21,8.40,8.48
2.80,0.85,-0.92,-2.13,-2.30,-2.28,-2.52,-2.74,-2.99,-3.28,-3.28,-3.52,-3.86,-4.50,-5.54,-6.67,-7.13,-7.38,-7.39,-6.78,-4.83,0.08,5.93,8.41,9.44,9.62,9.61,9.81,9.75,9.66,9.76,9.88,9.90,9.91,9.87,9.99,10.26,10.26,10.43,10.63,10.52,10.42,10.31,10.20,9.87,9.19,8.93,8.80,8.60,8.55,8.60,8.73,8.91,9.27,9.38,9.58,9.61,9.60,9.51,9.57,9.61,9.53,9.43,9.36,9.36,9.40,9.32,9.22,9.28,9.46,9.27,9.24,9.49,9.42,9.20,9.32,9.15,9.22,9.03,9.29,9.53,9.42,9.73,9.70,9.73,9.85,9.51,9.41,9.52,9.51,9.80,9.93,9.95,10.00,10.12,10.03,9.99,9.99,9.99,10.22,10.22,9.95,9.60,9.37,9.41,9.50,9.40,9.28,9.24,9.30,9.17,9.11,9.32,8.96,8.99,9.15,9.27,9.21,9.13,9.28,9.48,9.47,9.34,9.36,9.41,9.46,9.51,9.46,9.63,9.54,9.46,9.58,9.56,9.48,9.46,9.22,9.28,9.68,9.60,9.53,9.53,9.51,9.46,9.32,8.91,8.87,8.96,9.14,9.14,9.01,9.01,8.86,8.59,8.51,8.51,8.47,8.34,8.16,8.33,8.43
5.22,3.24,1.20,-0.53,-1.74,-2.20,-2.64,-2.88,-3.06,-3.50,-3.49,-3.45,-3.67,-4.18,-5.13,-6.31,-6.50,-6.77,-6.84,-6.20,-4.33,0.28,6.06,8.27,9.22,9.43,9.44,9.33,9.43,9.66,9.79,9.86,9.88,9.67,9.89,9.97,10.27,10.21,10.35,10.41,10.35,10.34,10.34,10.20,9.86,9.31,9.02,8.80,8.69,8.49,8.65,8.90,8.87,9.15,9.17,9.40,9.24,9.30,9.31,9.33,9.37,9.37,9.31,9.23,9.17,9.14,9.15,9.09,9.13,9.29,9.14,9.17,9.32,9.28,9.12,9.09,9.05,9.05,9.10,9.13,9.33,9.23,9.51,9.53,9.47,9.69,9.41,9.33,9.40,9.41,9.60,9.90,9.87,9.95,10.03,9.99,10.01,9.83,9.80,10.05,10.03,9.75,9.46,9.41,9.41,9.30,9.28,9.38,9.31,9.12,9.09,9.24,9.27,8.92,8.93,9.47,9.33,9.33,9.22,9.19,9.28,9.46,9.47,9.33,9.40,9.40,9.56,9.46,9.44,9.37,9.47,9.65,9.58,9.50,9.51,9.49,9.46,9.66,9.58,9.58,9.54,9.54,9.52,9.36,9.15,9.08,9.03,9.11,9.19,9.20,9.04,8.78,8.63,8.48,8.40,8.40,8.39,8.23,8.34,8.42
7.01,5.25,3.04,0.80,-1.30,-2.24,-2.77,-3.21,-3.61,-3.75,-3.88,-3.78,-4.10,-4.68,-5.37,-6.08,-6.35,-6.13,-6.42,-5.95,-3.96,0.51,6.16,8.27,9.09,9.49,9.68,9.42,9.49,9.73,9.91,10.08,10.13,9.95,10.05,10.02,10.12,10.11,10.28,10.38,10.40,10.41,10.42,10.33,10.10,9.72,9.33,8.92,8.59,8.54,8.67,9.02,8.78,9.09,9.04,9.17,9.06,9.18,9.27,9.17,9.25,9.36,9.29,9.29,9.21,9.00,8.97,9.02,9.15,9.27,9.17,9.17,9.15,9.13,9.08,8.95,9.04,9.06,9.01,9.06,9.17,9.11,9.32,9.43,9.47,9.58,9.33,9.33,9.42,9.42,9.47,9.88,9.93,9.93,9.95,9.92,9.98,9.83,9.70,9.73,9.78,9.70,9.50,9.34,9.32,9.27,9.23,9.21,9.08,9.03,9.06,9.19,9.14,9.24,9.29,9.12,9.30,9.11,9.29,9.32,9.32,9.41,9.41,9.34,9.38,9.37,9.56,9.68,9.43,9.37,9.46,9.44,9.50,9.57,9.60,9.63,9.68,9.82,9.69,9.51,9.54,9.49,9.43,9.43,9.20,9.03,9.02,8.95,9.02,9.08,8.90,8.55,8.48,8.27,8.27,8.33,8.29,8.19,8.19,8.33
8.17,6.91,4.83,2.26,-0.36,-1.64,-2.45,-3.08,-3.54,-3.50,-3.60,-3.26,-3.58,-4.38,-5.01,-5.15,-5.79,-5.56,-5.42,-5.17,-3.49,0.81,6.22,8.30,9.14,9.41,9.53,9.53,9.56,9.76,10.01,10.05,9.92,10.06,10.18,10.14,10.12,10.10,10.23,10.56,10.56,10.54,10.65,10.58,10.31,10.02,9.51,8.99,8.48,8.49,8.67,8.96,8.82,9.04,9.11,9.11,9.13,9.22,9.30,9.20,9.31,9.39,9.27,9.24,9.20,9.10,9.11,9.12,9.25,9.32,9.17,9.17,9.15,9.28,9.17,9.10,9.09,9.04,8.93,9.13,9.22,9.17,9.34,9.43,9.61,9.61,9.47,9.36,9.40,9.46,9.57,9.91,10.03,10.03,10.05,10.00,9.92,9.81,9.57,9.60,9.66,9.66,9.49,9.34,9.37,9.30,9.15,9.12,9.11,9.15,9.14,9.09,9.15,9.14,9.32,9.34,9.17,9.00,9.14,9.33,9.31,9.34,9.36,9.28,9.32,9.36,9.34,9.68,9.42,9.39,9.48,9.48,9.57,9.70,9.71,9.72,9.82,9.82,9.65,9.50,9.50,9.53,9.50,9.29,9.02,9.18,9.21,9.03,9.03,9.09,8.91,8.58,8.59,8.67,8.58,8.42,8.37,8.31,8.17,8.43
8.87,8.13,6.74,4.29,1.79,-0.14,-1.57,-2.47,-2.69,-2.20,-1.73,-1.31,-1.46,-2.42,-3.67,-4.05,-4.41,-4.33,-4.31,-3.92,-2.50,1.07,6.43,8.41,9.04,9.51,9.46,9.39,9.49,9.76,10.10,10.13,9.85,10.08,10.33,10.27,10.23,10.34,10.33,10.55,10.53,10.50,10.70,10.71,10.41,10.08,9.44,9.08,8.55,8.49,8.63,8.94,9.06,9.14,9.13,9.04,9.13,9.28,9.28,9.33,9.39,9.25,9.17,9.18,9.17,9.19,9.15,9.13,9.24,9.36,9.22,9.31,9.23,9.48,9.32,9.12,9.00,8.94,8.93,9.05,9.15,9.27,9.33,9.57,9.63,9.65,9.57,9.46,9.33,9.48,9.72,9.99,10.14,10.18,10.24,10.23,10.13,9.89,9.67,9.71,9.72,9.70,9.52,9.43,9.42,9.40,9.37,9.25,9.21,9.27,9.13,9.06,9.24,9.05,9.08,9.39,9.40,9.12,9.08,9.11,9.37,9.59,9.46,9.30,9.40,9.59,9.56,9.69,9.73,9.63,9.77,9.68,9.63,9.68,9.73,9.78,9.86,9.86,9.65,9.51,9.48,9.44,9.33,9.15,8.95,9.01,9.11,9.06,9.01,8.94,8.85,8.56,8.41,8.45,8.43,8.37,8.29,8.38,8.52,8.50
9.11,8.75,7.89,5.96,4.22,1.86,0.04,-0.96,-1.29,-0.03,1.75,3.08,2.69,0.77,-1.48,-2.42,-3.12,-3.04,-2.74,-2.64,-1.67,1.64,6.46,8.39,9.12,9.29,9.33,9.37,9.39,9.66,10.07,10.01,9.63,9.79,10.21,10.23,10.24,10.39,10.45,10.47,10.40,10.41,10.56,10.63,10.39,10.01,9.53,9.22,8.65,8.63,8.57,8.88,9.14,9.22,9.05,9.01,9.14,9.23,9.21,9.21,9.29,9.23,9.15,9.11,9.18,9.34,9.22,9.19,9.32,9.41,9.39,9.40,9.27,9.48,9.36,9.14,9.13,9.10,9.03,9.11,9.15,9.23,9.39,9.54,9.63,9.63,9.52,9.41,9.41,9.47,9.67,10.10,10.31,10.27,10.30,10.38,10.31,9.95,9.83,9.82,9.77,9.63,9.57,9.46,9.30,9.28,9.32,9.19,9.06,9.21,9.14,9.25,9.17,9.10,9.10,9.42,9.18,9.04,9.03,9.13,9.41,9.41,9.31,9.34,9.43,9.57,9.60,9.56,9.73,9.76,9.66,9.43,9.51,9.68,9.73,9.71,9.72,9.93,9.67,9.46,9.42,9.25,9.21,9.21,9.01,8.95,8.88,8.87,8.88,8.90,8.83,8.64,8.43,8.20,8.27,8.32,8.25,8.16,8.62,8.64
9.19,9.03,8.51,7.05,5.92,3.50,1.31,0.51,1.13,3.63,5.63,6.52,6.08,4.13,1.30,-0.28,-0.85,-0.85,-0.81,-0.77,-0.03,2.52,6.66,8.30,9.17,9.32,9.33,9.37,9.40,9.51,9.85,9.93,9.67,9.80,10.13,10.18,10.14,10.21,10.40,10.32,10.19,10.29,10.39,10.38,10.19,9.85,9.69,9.25,8.63,8.66,8.62,8.85,8.96,9.08,8.99,9.10,9.19,9.15,9.12,9.11,9.19,9.20,9.09,9.00,9.17,9.37,9.22,9.13,9.19,9.36,9.34,9.34,9.20,9.36,9.11,9.00,9.12,9.06,9.01,9.14,9.21,9.23,9.37,9.51,9.53,9.61,9.57,9.20,9.50,9.29,9.60,9.93,10.14,10.03,10.02,10.11,10.09,9.91,9.89,9.73,9.58,9.52,9.41,9.31,9.24,9.11,9.17,9.22,9.02,9.03,9.11,9.20,9.15,9.01,9.08,9.28,9.14,9.19,9.12,9.14,9.32,9.22,9.13,9.29,9.32,9.18,9.29,9.41,9.53,9.56,9.50,9.30,9.54,9.71,9.63,9.52,9.57,9.69,9.48,9.40,9.29,9.24,9.25,9.15,8.87,8.83,8.85,8.77,8.80,8.77,8.68,8.67,8.45,8.36,8.27,8.28,8.33,8.31,8.56,8.52
9.09,9.20,8.90,8.08,6.67,5.02,3.63,3.16,4.15,6.60,7.58,8.11,7.88,6.56,4.19,1.66,1.29,0.98,0.51,0.28,0.91,3.17,6.88,8.41,9.06,9.31,9.36,9.36,9.40,9.54,9.77,9.95,9.76,9.97,10.02,10.10,9.96,10.03,10.19,10.16,10.06,10.13,10.26,10.12,10.03,9.69,9.63,9.39,8.76,8.65,8.67,8.82,8.86,8.93,9.10,9.13,9.21,9.10,9.06,9.08,9.06,9.10,9.09,9.05,9.17,9.27,9.15,9.11,9.18,9.20,9.25,9.27,9.21,9.40,9.08,9.14,9.12,9.08,8.88,9.01,9.14,9.12,9.40,9.51,9.53,9.37,9.46,9.18,9.44,9.25,9.50,9.53,9.67,9.58,9.66,9.72,9.66,9.78,9.73,9.57,9.50,9.54,9.27,9.17,9.18,9.10,9.21,9.24,9.03,8.97,8.99,9.04,9.19,8.95,9.19,9.19,9.27,9.15,9.02,9.13,9.41,9.34,9.19,9.21,9.32,9.53,9.61,9.57,9.56,9.60,9.62,9.42,9.46,9.43,9.36,9.36,9.39,9.53,9.36,9.19,9.21,9.32,9.24,8.96,8.71,8.74,8.90,8.94,8.93,8.83,8.76,8.71,8.63,8.55,8.42,8.36,8.31,8.33,8.80,8.63
9.54,9.48,9.23,8.59,7.70,6.47,5.52,5.45,6.40,8.20,9.03,9.38,9.20,8.40,6.79,4.25,2.93,1.77,0.96,0.60,1.02,3.08,7.01,8.56,9.03,9.25,9.33,9.37,9.46,9.58,9.66,9.76,9.60,9.78,9.90,9.86,9.85,9.97,9.99,10.01,9.99,10.02,10.16,10.05,9.86,9.70,9.72,9.46,9.08,8.93,8.81,8.90,8.90,8.94,9.15,9.12,9.14,9.34,9.30,9.12,8.93,8.88,9.03,9.03,9.08,9.06,8.92,9.00,9.12,9.00,8.90,9.01,9.10,9.28,9.00,9.02,9.00,8.83,8.86,8.92,9.18,9.03,9.54,9.47,9.68,9.38,9.41,9.22,9.40,9.39,9.43,9.57,9.54,9.37,9.57,9.57,9.51,9.63,9.65,9.60,9.61,9.56,9.28,9.19,9.09,9.09,9.25,9.24,9.14,9.13,9.14,9.13,9.20,9.00,9.15,9.31,9.37,9.32,9.22,9.47,9.46,9.38,9.39,9.41,9.42,9.50,9.54,9.57,9.77,9.58,9.61,9.68,9.65,9.58,9.50,9.40,9.31,9.37,9.39,9.20,9.28,9.32,9.20,8.99,8.84,8.82,8.84,9.02,9.03,9.00,8.93,8.78,8.83,8.74,8.52,8.40,8.38,8.42,8.75,8.64
9.40,9.59,9.48,8.97,8.25,7.68,7.09,6.79,8.03,9.29,9.66,9.79,9.72,9.34,8.54,6.11,3.81,1.96,1.04,0.81,1.15,3.05,7.08,8.76,9.14,9.37,9.43,9.42,9.43,9.53,9.59,9.57,9.49,9.62,9.96,9.70,9.76,9.89,9.87,9.81,9.75,9.75,9.88,9.89,9.60,9.65,9.66,9.57,9.13,9.22,9.02,9.12,9.21,9.04,9.15,9.23,9.29,9.27,9.34,9.28,9.05,9.11,9.25,9.17,9.00,9.04,9.01,9.13,9.21,9.21,9.10,9.01,9.01,9.23,9.10,8.94,9.08,8.84,8.91,9.10,9.31,9.21,9.44,9.59,9.61,9.43,9.42,9.05,9.30,9.43,9.43,9.83,9.69,9.43,9.61,9.51,9.50,9.53,9.71,9.72,9.71,9.56,9.36,9.29,9.19,9.25,9.41,9.38,9.29,9.20,9.24,9.22,9.14,8.93,9.14,9.38,9.32,9.31,9.31,9.47,9.31,9.29,9.29,9.28,9.36,9.48,9.68,9.83,9.65,9.68,9.67,9.75,9.53,9.42,9.36,9.30,9.31,9.31,9.30,9.34,9.18,9.13,9.08,9.01,8.92,8.80,8.75,8.90,8.96,8.93,8.88,8.91,8.81,8.83,8.58,8.45,8.45,8.47,8.78,8.62
9.59,9.61,9.39,9.01,8.69,8.60,8.38,8.02,9.04,9.66,9.97,9.93,9.86,9.76,9.13,7.12,4.39,2.22,1.24,1.14,1.55,3.32,7.23,8.91,9.29,9.56,9.61,9.48,9.41,9.59,9.76,9.56,9.42,9.67,9.85,9.77,9.63,9.70,9.70,9.66,9.68,9.70,9.71,9.70,9.62,9.50,9.36,9.66,9.15,9.32,9.43,9.12,9.15,9.05,9.00,9.18,9.20,9.23,9.36,9.15,8.99,9.17,9.21,9.05,9.06,8.95,8.85,9.01,9.20,9.13,9.06,9.05,9.19,9.38,9.17,9.19,9.13,8.94,8.96,9.18,9.17,9.20,9.46,9.39,9.59,9.56,9.32,9.27,9.14,9.44,9.39,9.72,9.54,9.47,9.72,9.52,9.41,9.47,9.57,9.51,9.62,9.54,9.33,9.25,9.29,9.44,9.56,9.43,9.36,9.28,9.20,9.22,9.15,9.04,9.22,9.36,9.30,9.46,9.24,9.32,9.20,9.10,9.03,9.24,9.50,9.51,9.57,9.78,9.65,9.48,9.62,9.50,9.39,9.33,9.14,9.11,9.38,9.22,9.31,9.17,8.88,8.94,8.97,8.91,8.84,8.81,8.72,8.87,8.82,8.69,8.72,8.85,8.68,8.77,8.52,8.47,8.49,8.48,8.63,8.51
9.61,9.61,9.59,9.15,9.00,9.00,8.97,8.96,9.58,10.03,10.13,10.02,9.91,9.90,9.56,7.80,4.89,2.60,1.61,1.52,1.90,3.54,7.33,8.76,9.37,9.57,9.60,9.53,9.53,9.69,9.81,9.52,9.37,9.57,9.65,9.72,9.62,9.61,9.56,9.56,9.73,9.86,9.76,9.65,9.63,9.53,9.46,9.44,9.19,9.27,9.47,9.30,9.20,9.08,9.08,9.08,9.14,9.13,9.11,9.11,9.12,9.14,9.10,9.13,9.18,9.05,9.00,8.99,9.09,9.06,9.00,9.20,9.27,9.42,9.30,8.92,9.01,8.87,9.13,9.13,9.11,9.03,9.62,9.52,9.53,9.49,9.25,9.36,9.08,9.29,9.20,9.59,9.44,9.46,9.61,9.40,9.33,9.32,9.37,9.29,9.34,9.22,9.03,9.13,9.24,9.33,9.38,9.23,9.21,9.32,9.13,9.12,9.18,9.10,9.31,9.37,9.19,9.48,9.27,9.15,9.01,8.99,9.03,9.11,9.20,9.23,9.36,9.47,9.36,9.43,9.33,9.38,9.21,9.21,9.23,9.23,9.17,8.95,9.01,8.83,9.01,8.78,8.74,8.92,9.04,8.80,8.96,8.85,8.66,8.57,8.60,8.63,8.60,8.66,8.43,8.38,8.45,8.47,8.38,8.42
9.62,9.53,9.47,9.37,9.15,9.10,9.22,9.42,9.85,10.32,10.21,10.03,9.96,9.90,9.89,8.27,5.45,3.16,2.12,2.00,2.30,3.91,7.38,8.54,9.29,9.42,9.48,9.57,9.60,9.61,9.77,9.53,9.49,9.52,9.54,9.52,9.42,9.47,9.50,9.51,9.57,9.59,9.65,9.71,9.57,9.44,9.44,9.36,9.14,9.00,9.19,9.28,9.02,8.97,9.09,8.97,9.02,9.11,9.11,9.10,9.14,9.19,9.09,8.91,8.91,8.99,8.94,8.95,8.99,9.28,9.08,9.24,9.23,9.19,9.00,9.04,9.02,9.01,9.02,9.10,9.06,8.91,9.47,9.36,9.39,9.41,9.25,9.11,9.20,9.10,9.01,9.43,9.39,9.31,9.38,9.31,9.20,9.05,9.09,9.04,9.02,8.95,8.84,9.06,9.19,9.14,9.11,9.00,9.01,9.06,9.00,8.96,9.06,8.99,9.19,9.32,9.08,9.24,8.93,9.06,8.95,9.00,9.13,9.24,9.29,9.20,9.13,9.33,9.32,9.34,9.29,9.27,9.13,8.99,8.91,8.82,8.82,9.15,8.75,8.54,8.37,8.55,8.56,8.46,8.46,8.67,8.91,8.88,8.63,8.57,8.60,8.60,8.63,8.57,8.42,8.32,8.36,8.47,8.42,8.43
9.77,9.65,9.41,9.41,9.30,9.24,9.36,9.57,9.96,10.31,10.32,10.19,10.12,10.14,9.99,8.72,6.41,4.17,3.06,3.04,3.28,4.88,7.71,8.73,9.24,9.37,9.38,9.51,9.62,9.51,9.44,9.50,9.33,9.43,9.51,9.58,9.43,9.37,9.42,9.50,9.50,9.40,9.51,9.73,9.57,9.52,9.32,9.32,9.24,9.13,9.21,9.31,9.08,9.02,9.22,9.22,9.15,9.30,9.30,9.17,9.12,9.04,8.93,8.92,8.96,8.93,8.97,8.92,9.05,9.18,9.18,9.25,9.20,9.32,9.04,9.12,9.12,9.02,8.92,9.08,9.11,9.17,9.37,9.21,9.34,9.42,9.31,9.03,8.85,9.02,8.86,9.18,9.21,9.13,9.23,9.12,9.20,8.96,8.94,8.95,8.94,8.99,8.85,8.99,9.12,9.06,8.92,8.80,8.81,8.80,8.91,8.96,9.06,8.92,9.10,9.14,9.11,9.05,8.86,9.00,8.90,9.01,9.08,9.01,9.09,9.17,9.01,9.15,9.13,9.38,8.94,9.15,9.21,9.14,8.96,8.78,8.82,9.00,8.83,8.47,8.71,8.83,8.82,8.67,8.55,8.64,8.81,8.72,8.46,8.39,8.58,8.80,8.63,8.60,8.46,8.38,8.40,8.50,8.57,8.45
9.68,9.53,9.42,9.43,9.32,9.28,9.37,9.58,9.91,10.17,10.33,10.31,10.23,10.35,10.20,9.32,7.61,5.54,4.43,4.52,4.71,5.95,8.08,9.19,9.28,9.36,9.50,9.57,9.66,9.63,9.48,9.39,9.40,9.38,9.49,9.53,9.58,9.51,9.51,9.68,9.68,9.43,9.44,9.68,9.49,9.48,9.61,9.32,9.30,9.30,9.40,9.33,9.20,9.03,9.04,9.04,9.11,9.12,9.14,9.05,8.93,9.08,9.09,9.01,8.81,9.01,8.96,8.92,8.95,9.02,9.14,9.24,9.37,9.44,9.09,8.96,9.12,8.97,8.71,9.03,8.92,9.04,9.29,9.36,9.30,9.42,9.03,9.03,8.65,8.86,8.85,9.24,9.03,9.11,9.18,9.01,9.00,8.80,8.84,8.86,8.81,8.84,8.67,8.75,8.72,8.64,8.66,8.57,8.49,8.50,8.62,8.66,8.74,8.56,8.69,8.80,8.87,8.74,8.76,8.84,8.74,8.85,8.77,8.66,8.75,8.81,8.75,8.84,8.74,8.80,8.60,8.76,8.68,8.73,8.54,8.39,8.51,8.43,8.42,8.34,8.20,8.42,8.49,8.52,8.52,8.45,8.72,8.81,8.50,8.42,8.59,8.72,8.57,8.69,8.59,8.46,8.45,8.52,8.37,8.43
9.57,9.31,9.39,9.46,9.31,9.20,9.30,9.40,9.77,10.05,10.18,10.13,10.08,10.08,10.20,9.53,8.29,6.60,5.52,5.59,5.94,6.74,8.08,9.09,9.10,9.30,9.49,9.44,9.48,9.49,9.33,9.30,9.29,9.24,9.38,9.39,9.31,9.34,9.42,9.41,9.32,9.27,9.44,9.62,9.51,9.19,9.21,9.43,9.14,9.04,9.12,9.15,9.01,8.73,8.77,8.86,8.95,9.05,9.03,8.92,8.85,8.91,8.88,8.78,8.69,8.75,8.83,8.59,8.46,8.83,8.82,8.96,8.85,8.88,8.97,8.86,8.75,8.73,8.47,8.66,8.51,8.74,8.68,9.14,8.66,9.04,8.55,8.73,8.29,8.37,8.14,8.36,8.38,8.33,8.47,8.50,8.45,8.38,8.51,8.40,8.47,8.42,8.32,8.37,8.25,8.24,8.42,8.51,8.39,8.23,8.31,8.32,8.41,8.34,8.36,8.50,8.64,8.50,8.69,8.68,8.59,8.62,8.51,8.39,8.41,8.50,8.52,8.59,8.72,8.54,8.55,8.54,8.38,8.46,8.45,8.40,8.48,8.51,8.52,8.48,8.43,8.39,8.49,8.56,8.56,8.64,8.75,8.60,8.27,8.46,8.65,8.48,8.40,8.63,8.74,8.72,8.76,8.78,8.54,8.90
9.68,9.39,9.58,9.52,9.37,9.28,9.28,9.24,9.75,10.03,10.16,10.13,10.06,9.98,9.53,9.25,8.15,7.00,6.44,6.54,6.73,7.06,8.38,9.24,9.13,9.30,9.46,9.27,9.15,9.18,9.03,9.00,9.02,8.91,9.36,9.21,9.04,9.01,9.01,9.08,9.09,8.94,8.84,9.00,8.81,8.92,8.86,8.88,8.90,8.83,8.80,8.78,8.57,8.39,8.50,8.51,8.34,8.31,8.39,8.51,8.67,8.63,8.51,8.46,8.30,8.47,8.52,8.40,8.40,8.49,8.12,8.31,8.56,8.46,8.49,8.33,8.39,8.36,8.36,8.37,8.36,8.50,8.72,8.55,8.45,8.40,8.43,8.43,8.16,8.30,8.22,8.34,8.38,8.40,8.57,8.62,8.76,8.64,8.55,8.54,8.58,8.62,8.51,8.59,8.52,8.62,8.77,8.71,8.62,8.49,8.56,8.65,8.78,8.59,8.63,8.69,8.84,8.76,8.91,8.84,8.76,8.75,8.64,8.55,8.65,8.84,8.93,8.94,9.01,8.97,8.69,8.76,8.92,8.94,8.85,8.78,8.78,8.74,8.78,8.78,8.67,8.68,8.80,8.83,8.77,8.81,8.96,8.97,8.84,8.94,9.08,9.04,8.85,8.94,9.04,8.93,8.94,9.01,8.76,9.22
9.72,9.34,9.81,9.61,9.32,9.24,9.34,9.18,9.72,9.79,9.87,9.90,9.76,9.46,9.04,8.27,7.74,7.31,7.01,6.98,7.12,7.48,8.29,8.82,9.10,9.09,9.02,8.85,8.51,8.54,8.29,8.51,8.37,8.52,8.86,8.76,8.43,8.43,8.52,8.57,8.76,8.63,8.66,8.74,8.75,8.73,8.80,8.78,8.37,8.50,8.64,8.58,8.48,8.49,8.34,8.41,8.69,8.71,8.74,8.78,8.87,9.02,8.74,8.74,8.75,8.88,8.83,8.91,8.99,9.14,9.08,8.85,9.03,8.87,8.78,8.87,8.87,8.67,8.94,8.97,8.83,8.56,8.90,8.84,8.76,8.75,8.85,9.03,8.86,8.72,8.73,8.65,8.71,8.80,8.97,8.99,9.08,9.21,9.11,8.90,9.04,9.02,9.05,9.15,9.06,9.11,9.19,9.05,8.96,8.99,9.01,9.03,9.13,8.97,9.06,9.22,9.31,9.17,9.14,9.24,9.28,9.30,9.23,9.20,9.28,9.33,9.31,9.44,9.43,9.54,9.25,9.20,9.42,9.46,9.24,9.19,9.39,9.44,9.30,9.18,9.21,9.24,9.31,9.30,9.23,9.27,9.58,9.59,9.57,9.51,9.51,9.56,9.40,9.29,9.27,9.37,9.42,9.39,9.47,9.67
9.79,9.58,9.59,9.31,9.24,9.31,9.24,9.17,9.28,9.40,9.54,9.46,9.18,9.13,8.63,8.64,8.39,7.99,7.80,7.95,8.03,8.25,8.59,8.92,8.84,8.90,8.96,8.87,8.83,8.83,8.95,8.91,8.85,8.83,8.84,8.77,8.90,8.99,8.96,8.99,8.99,9.04,9.27,9.21,8.91,8.93,9.12,9.36,8.99,9.20,9.15,9.36,9.25,8.97,8.92,9.09,9.05,8.91,8.95,9.14,9.44,9.34,8.99,9.06,9.20,9.37,9.22,9.20,9.28,9.54,9.36,9.36,9.58,9.48,9.40,9.17,9.20,9.23,8.94,9.11,9.30,9.28,9.31,9.21,9.63,9.46,9.51,9.17,9.23,9.19,9.22,9.32,9.36,9.41,9.53,9.52,9.65,9.56,9.67,9.47,9.34,9.51,9.67,9.71,9.77,9.77,9.67,9.57,9.56,9.59,9.58,9.56,9.60,9.56,9.60,9.63,9.80,9.63,9.62,9.72,9.78,9.80,9.76,9.69,9.70,9.69,9.65,9.80,9.80,9.77,9.85,9.68,9.71,9.78,9.59,9.52,9.76,9.87,9.78,9.69,9.68,9.81,9.81,9.73,9.65,9.60,9.65,9.70,9.81,9.88,9.99,10.05,9.88,9.76,9.79,9.88,9.72,9.59,10.03,10.12
9.76,9.99,9.79,9.61,9.39,9.24,9.30,9.20,9.39,9.23,9.22,9.20,9.08,9.27,9.06,8.97,8.87,8.85,8.81,8.71,8.86,9.18,9.14,9.21,9.13,9.24,9.44,9.41,9.21,9.12,9.19,9.21,9.13,9.29,9.39,9.37,9.36,9.43,9.40,9.32,9.42,9.43,9.60,9.53,9.70,9.47,9.51,9.54,9.59,9.68,9.77,9.76,9.71,9.70,9.60,9.60,9.68,9.59,9.59,9.79,9.95,9.96,9.72,9.66,9.71,9.77,9.88,9.76,9.70,9.77,10.00,9.85,9.92,9.85,9.57,9.57,9.83,9.72,9.58,9.86,9.77,9.52,9.91,9.72,10.16,9.93,9.77,9.79,9.88,9.85,9.83,9.82,9.75,9.80,9.89,10.27,10.22,10.05,10.01,9.85,10.01,10.11,10.03,9.90,10.01,10.03,9.93,9.96,9.88,9.81,9.82,9.89,9.87,9.75,9.80,9.91,10.10,10.13,10.01,9.96,9.98,9.93,9.90,9.87,9.89,9.98,10.02,10.02,10.08,9.80,10.11,9.92,9.83,9.80,9.79,9.81,9.88,9.98,9.92,9.92,10.00,10.16,10.13,10.03,9.90,9.75,9.50,9.81,9.99,10.07,10.12,10.14,10.08,10.01,9.91,9.87,9.71,9.62,9.86,10.08
9.76,9.80,9.78,9.54,9.43,9.44,9.49,9.52,9.33,9.38,9.48,9.49,9.50,9.81,9.56,9.31,9.43,9.53,9.58,9.68,9.52,9.54,9.62,9.68,9.58,9.51,9.59,9.62,9.48,9.54,9.76,9.85,9.83,9.80,9.88,9.78,9.69,9.57,9.59,9.83,9.93,9.86,10.08,9.91,9.72,9.82,9.90,10.08,9.86,9.77,9.86,10.00,10.01,9.90,9.81,9.89,9.93,9.92,10.01,9.99,9.98,9.95,9.85,9.89,9.80,9.93,9.97,9.99,9.65,9.88,10.02,9.79,10.13,9.98,9.81,10.02,9.75,9.73,9.70,9.51,9.75,9.66,9.80,10.00,9.80,9.88,9.87,9.73,9.80,9.69,9.72,9.75,9.80,9.90,9.82,9.96,10.05,9.95,9.91,9.90,10.07,10.11,10.02,9.99,10.05,10.00,10.02,10.07,9.93,9.90,9.92,9.98,9.92,9.91,9.89,9.95,9.96,10.12,9.99,9.83,9.95,9.90,9.90,9.87,9.87,10.01,10.03,10.00,10.08,9.70,10.02,9.88,9.88,9.86,9.88,9.89,9.86,9.95,9.92,9.79,10.11,10.20,10.02,9.85,9.73,9.58,9.63,9.88,9.86,9.98,10.10,10.08,10.01,10.13,10.11,10.08,9.89,9.72,9.90,9.92
9.91,9.81,9.49,9.48,9.47,9.40,9.41,9.41,9.46,9.57,9.67,9.67,9.61,9.81,9.81,9.69,9.80,9.95,10.00,9.97,9.57,9.81,9.78,9.85,9.78,9.79,9.81,9.70,9.60,9.72,9.93,10.23,9.93,9.75,9.92,10.03,9.85,9.80,9.89,9.89,10.02,10.16,10.14,9.92,9.90,9.98,10.22,10.17,10.12,9.88,9.90,9.96,9.80,9.80,10.07,10.08,9.92,9.99,9.99,9.95,10.05,9.93,9.83,9.95,9.87,9.77,9.98,9.68,9.69,9.90,9.82,9.87,10.19,10.05,9.92,9.66,9.85,9.79,9.68,9.60,9.76,9.96,10.05,9.72,9.91,10.18,9.73,9.59,9.86,9.72,9.76,9.79,9.91,9.86,9.95,10.03,10.14,9.85,9.90,9.78,9.91,10.03,9.97,10.02,10.02,9.89,9.88,9.86,9.80,9.82,9.76,9.93,9.90,9.81,9.70,9.66,9.85,9.92,9.93,9.82,9.90,9.91,9.87,9.71,9.75,9.96,9.90,9.85,9.90,9.68,9.85,9.73,9.87,9.91,9.89,9.81,9.80,9.93,9.89,9.77,10.11,10.10,9.89,9.71,9.67,9.70,9.90,9.85,9.80,9.86,9.91,9.91,9.91,9.97,9.93,9.97,9.90,9.82,10.08,10.01
9.73,9.88,9.47,9.48,9.57,9.50,9.37,9.48,9.38,9.51,9.61,9.57,9.51,9.76,9.70,9.79,9.96,10.10,10.14,10.05,9.93,10.07,10.05,10.02,9.80,9.73,9.73,9.67,9.73,9.85,9.77,9.90,10.00,9.79,9.96,10.02,9.97,9.87,9.86,9.96,9.95,10.03,10.26,9.99,10.01,9.88,10.00,10.18,10.02,9.88,9.76,10.01,10.05,9.99,10.11,10.20,10.22,10.19,10.01,9.98,9.97,9.86,9.91,10.01,9.80,9.69,9.86,9.77,9.80,9.80,9.81,9.81,9.93,9.83,9.85,9.78,9.63,9.59,9.46,9.73,9.72,9.38,9.85,9.85,9.77,9.83,9.76,9.57,9.76,9.70,9.70,9.80,9.77,9.70,9.77,9.81,9.82,9.76,9.82,9.82,9.91,9.92,9.90,9.90,9.82,9.70,9.69,9.76,9.78,9.73,9.77,9.77,9.77,9.51,9.49,9.78,9.91,9.82,9.77,9.78,9.86,9.88,9.83,9.67,9.68,9.85,9.81,9.71,9.80,9.89,9.75,9.63,9.81,9.82,9.77,9.69,9.65,9.83,9.80,9.90,9.91,9.97,9.85,9.78,9.72,9.68,9.83,9.79,9.76,9.76,9.81,9.86,9.77,9.82,9.79,9.92,9.96,9.90,10.03,10.09
9.81,9.86,9.53,9.48,9.47,9.48,9.65,9.52,9.59,9.61,9.65,9.67,9.60,9.65,9.72,9.78,9.82,9.92,10.02,10.05,9.89,10.13,9.82,9.83,9.79,9.81,9.82,9.77,9.88,9.93,9.80,9.79,9.77,9.82,10.00,10.03,10.00,9.85,9.76,9.83,9.75,9.82,10.00,9.97,10.01,9.76,10.02,10.16,10.00,9.86,9.93,10.03,10.07,10.17,10.13,10.09,10.19,10.07,9.90,9.90,9.83,9.78,9.78,9.81,9.97,9.83,9.82,9.87,9.92,9.85,9.90,9.93,9.96,10.11,9.67,9.54,9.62,9.42,9.63,9.73,9.86,9.63,9.78,9.87,9.95,10.00,9.85,9.57,9.60,9.63,9.63,9.59,9.69,9.71,9.87,9.81,9.85,9.76,9.69,9.63,9.69,9.86,9.89,9.83,9.80,9.83,9.83,9.78,9.76,9.65,9.46,9.49,9.56,9.52,9.57,9.75,9.62,9.90,9.80,9.73,9.68,9.79,9.76,9.72,9.73,9.72,9.76,9.81,9.63,9.95,9.67,9.69,9.81,9.85,9.79,9.66,9.61,9.75,9.70,9.86,9.62,9.86,9.87,9.82,9.73,9.59,9.65,9.78,9.86,9.82,9.83,9.92,9.93,9.87,9.91,9.96,9.96,9.96,10.01,10.09
9.95,9.89,9.60,9.49,9.49,9.59,9.79,9.51,9.54,9.47,9.57,9.76,9.73,9.72,9.68,9.85,9.86,9.82,9.90,9.99,9.91,9.96,9.73,9.78,9.68,9.79,9.93,9.79,9.66,9.62,9.65,9.68,9.72,9.69,9.90,9.82,9.69,9.65,9.69,9.80,9.68,9.82,9.87,9.87,9.71,9.72,9.85,9.80,9.68,9.59,9.82,9.93,9.96,10.12,10.09,10.02,10.05,9.95,9.88,9.80,9.72,9.89,10.06,9.83,9.91,9.81,9.92,9.75,9.57,9.71,9.70,9.62,9.69,9.66,9.75,9.79,9.88,9.46,9.81,9.65,9.95,9.63,9.77,9.70,9.81,9.66,9.73,9.47,9.63,9.57,9.63,9.78,9.80,9.72,9.91,10.00,9.99,9.85,9.90,9.88,9.91,9.81,9.93,10.14,10.08,9.99,10.02,9.96,9.75,9.54,9.38,9.54,9.59,9.58,9.83,9.95,9.65,9.81,9.79,9.77,9.59,9.87,9.96,9.92,9.96,9.89,9.90,10.09,9.80,10.03,9.73,10.00,9.83,9.89,9.88,9.81,9.87,9.95,9.68,9.73,9.71,9.89,9.95,9.87,9.80,9.86,9.82,9.95,10.10,9.98,9.87,9.98,10.08,10.06,10.20,10.14,10.03,10.02,10.09,10.05
9.92,10.00,9.70,9.65,9.63,9.63,9.70,9.53,9.77,9.76,9.73,9.81,9.85,9.97,9.82,9.91,9.97,10.05,10.07,9.95,9.91,9.90,9.83,9.87,9.82,9.99,10.03,9.71,9.69,9.93,9.96,9.90,9.80,9.78,9.96,9.87,9.75,9.72,9.80,9.90,9.89,9.96,9.97,10.01,9.82,9.93,9.87,10.02,10.02,9.96,10.02,10.07,10.03,10.06,10.09,10.02,9.99,9.92,9.78,9.88,10.05,10.16,10.30,10.26,9.97,9.78,9.98,9.90,9.85,10.01,9.82,10.05,10.07,10.05,9.92,9.95,10.10,9.51,9.78,9.77,9.86,9.62,10.08,9.95,9.99,10.03,9.95,9.92,9.80,9.83,9.78,9.81,9.98,9.69,9.87,10.06,10.11,9.96,9.90,9.89,10.03,10.09,10.07,10.28,10.33,10.18,10.17,10.03,9.68,9.47,9.34,9.44,9.57,9.49,9.68,9.99,9.70,9.98,9.87,9.58,9.63,10.07,10.05,9.91,9.98,9.98,9.95,10.03,9.91,10.17,9.90,10.03,9.85,9.91,9.86,9.77,9.91,10.05,9.76,9.81,9.91,10.01,10.00,9.93,9.92,10.06,10.05,10.12,10.13,9.99,9.92,9.95,10.02,10.17,10.31,10.28,10.16,10.05,9.97,10.05
9.69,9.93,9.79,9.63,9.53,9.57,9.70,9.66,9.66,9.68,9.67,9.70,9.92,10.06,9.99,9.99,10.06,10.14,10.16,10.05,9.96,9.96,9.98,10.14,9.98,9.93,10.03,9.91,9.79,9.95,9.98,9.85,9.92,10.00,10.02,9.86,9.90,10.06,10.10,10.17,10.10,10.01,10.30,10.18,10.07,9.88,10.06,10.19,10.19,10.21,10.19,10.30,10.16,9.92,9.90,9.82,9.72,9.75,9.85,9.83,9.79,9.89,10.07,10.01,10.05,10.12,9.96,10.05,10.10,10.20,10.01,10.02,10.14,9.95,9.93,9.72,9.81,9.89,9.81,9.81,9.96,9.82,9.78,9.88,9.83,10.18,9.81,10.11,9.98,9.97,9.93,10.11,10.16,9.97,10.10,10.29,10.24,10.20,10.20,10.27,10.32,10.31,10.07,10.08,10.14,10.08,9.97,9.79,9.53,9.39,9.43,9.52,9.42,9.41,9.33,9.63,9.67,9.79,9.47,9.03,9.24,9.82,10.02,10.01,10.03,10.02,9.95,9.98,10.05,10.22,9.91,9.99,10.01,10.00,9.89,9.82,9.83,9.78,9.82,9.77,10.03,10.12,10.13,10.03,10.03,10.27,9.98,10.05,10.09,10.03,9.90,9.88,10.18,10.16,10.17,10.08,10.01,9.98,9.91,10.12
9.66,9.90,9.80,9.65,9.60,9.65,9.65,9.57,9.41,9.53,9.72,9.82,9.95,10.13,10.16,10.14,10.20,10.23,10.28,10.37,10.21,10.18,10.20,10.26,10.17,10.18,10.26,10.23,10.14,10.20,10.33,10.30,10.33,10.43,10.50,10.37,10.38,10.41,10.31,10.38,10.44,10.45,10.62,10.44,10.39,10.42,10.54,10.42,10.34,10.54,10.62,10.32,10.05,9.93,9.91,9.80,9.67,9.83,9.95,9.81,9.80,9.73,9.78,10.09,10.31,10.30,10.34,10.64,10.62,10.24,10.38,10.07,10.11,9.86,10.13,9.86,10.11,9.95,10.05,10.09,10.05,9.71,9.99,9.81,9.88,10.13,10.17,10.38,10.55,10.20,10.12,10.20,10.32,10.16,10.13,10.08,10.29,10.14,10.23,10.33,10.41,10.34,10.16,10.03,9.88,9.76,9.71,9.65,9.46,9.25,9.33,9.49,9.51,9.30,9.43,9.52,9.53,9.62,9.19,9.01,9.32,9.82,10.02,9.98,9.99,9.92,9.71,9.96,10.05,10.27,9.92,10.12,10.05,10.05,9.91,9.88,10.02,9.90,9.69,9.58,9.95,10.14,10.30,10.19,10.05,10.21,10.12,10.26,10.18,10.09,9.98,9.88,10.07,10.13,10.12,10.03,9.98,10.02,10.08,10.08
9.86,9.87,9.75,9.76,9.75,9.67,9.53,9.28,9.44,9.67,9.83,9.95,10.06,10.29,10.27,10.32,10.30,10.31,10.47,10.58,10.48,10.34,10.14,10.20,10.34,10.40,10.42,10.43,10.42,10.42,10.41,10.47,10.59,10.75,10.61,10.45,10.43,10.31,10.23,10.43,10.51,10.62,10.97,10.85,10.88,10.78,10.94,10.81,10.70,10.55,10.59,10.29,9.83,9.70,9.61,9.52,9.59,9.61,9.71,9.66,9.51,9.70,9.68,10.01,10.20,10.31,10.58,10.55,10.50,10.41,10.20,9.88,9.96,10.23,10.42,10.16,10.39,10.51,10.71,10.75,10.33,10.02,9.83,9.73,9.58,10.63,11.02,10.72,10.98,10.98,10.74,10.80,10.75,10.67,10.56,10.10,9.97,10.02,10.28,10.41,10.67,10.52,10.14,9.98,9.77,9.51,9.44,9.42,9.29,9.25,9.34,9.41,9.44,9.43,9.51,9.48,9.46,9.53,8.99,8.81,9.05,9.76,10.05,9.99,9.92,9.77,9.72,10.00,10.02,10.23,10.16,10.26,10.19,10.12,9.90,9.85,10.00,9.72,9.62,9.82,9.95,10.17,10.39,10.41,10.24,10.12,10.17,10.45,10.26,10.09,9.97,9.81,9.77,10.06,10.18,10.12,10.09,10.09,9.90,9.92
9.81,9.79,9.68,9.76,9.75,9.60,9.59,9.27,9.53,9.76,9.89,10.00,10.17,10.35,10.32,10.38,10.34,10.39,10.53,10.61,10.60,10.44,10.30,10.31,10.37,10.48,10.59,10.56,10.45,10.44,10.48,10.27,10.50,10.69,10.83,10.62,10.55,10.53,10.40,10.55,10.64,10.66,11.30,11.27,11.31,11.18,11.09,11.06,10.87,10.64,10.38,10.02,9.75,9.67,9.63,9.56,9.56,9.71,9.69,9.58,9.56,9.70,9.93,9.90,10.05,10.34,10.74,10.65,10.49,10.48,10.10,9.83,10.05,10.18,10.44,10.28,10.45,10.62,10.83,10.98,10.62,10.55,9.93,9.87,9.89,10.62,11.19,11.27,11.35,11.41,10.94,10.83,10.98,10.86,10.54,10.16,9.99,9.90,10.22,10.59,10.63,10.59,10.27,10.01,9.72,9.60,9.72,9.60,9.52,9.47,9.39,9.50,9.56,9.42,9.48,9.46,9.61,9.50,9.15,9.01,9.09,9.63,9.86,9.78,9.71,9.62,9.71,9.92,10.29,10.07,10.33,10.14,10.12,10.05,10.02,10.02,9.87,9.62,9.56,9.47,9.89,10.24,10.27,10.20,10.17,10.10,10.16,10.41,10.26,10.01,9.80,9.68,9.75,10.09,10.13,10.05,10.07,10.10,9.72,9.73
9.65,9.92,9.68,9.67,9.66,9.57,9.62,9.57,9.56,9.79,9.97,10.01,10.05,10.37,10.32,10.40,10.39,10.38,10.44,10.58,10.60,10.45,10.47,10.41,10.38,10.45,10.52,10.45,10.40,10.45,10.47,10.38,10.32,10.44,10.76,10.66,10.52,10.48,10.48,10.49,10.44,10.74,11.19,11.35,11.31,11.28,10.99,11.03,10.99,10.54,10.29,9.95,9.67,9.61,9.50,9.37,9.42,9.50,9.53,9.44,9.46,9.47,9.63,9.67,9.96,10.18,10.47,10.52,10.58,10.42,9.99,9.66,9.95,10.21,10.64,10.37,10.22,10.75,10.96,10.96,10.50,10.41,9.86,9.77,9.78,10.80,10.87,11.11,11.25,11.20,10.72,10.74,11.00,10.85,10.37,10.11,9.89,9.91,10.00,10.32,10.56,10.47,10.22,10.12,10.01,9.63,9.47,9.54,9.43,9.17,9.17,9.27,9.33,9.11,9.42,9.25,9.57,9.28,8.97,8.64,8.82,9.18,9.69,9.89,9.75,9.75,9.66,9.68,10.02,10.20,10.29,10.30,10.11,10.14,10.17,10.06,9.95,9.88,9.68,9.67,9.99,10.10,10.21,10.03,9.78,10.06,10.11,10.39,10.20,10.08,10.03,9.91,9.72,10.17,10.23,10.10,9.99,10.01,9.96,9.80
9.61,9.83,9.69,9.61,9.42,9.29,9.54,9.61,9.60,9.76,9.83,9.80,9.88,10.44,10.37,10.45,10.32,10.22,10.32,10.42,10.54,10.34,10.34,10.27,10.38,10.41,10.32,10.29,10.29,10.40,10.44,10.45,10.43,10.40,10.58,10.54,10.43,10.38,10.32,10.30,10.41,10.78,11.03,11.25,11.29,11.12,11.14,11.07,10.88,10.58,10.24,9.92,9.70,9.63,9.56,9.47,9.51,9.60,9.48,9.51,9.72,9.54,9.48,9.52,9.68,9.98,10.37,10.54,10.38,10.33,9.96,9.77,9.96,10.16,10.29,10.31,10.35,10.63,10.71,10.88,10.44,10.39,9.86,9.73,9.76,10.63,10.54,10.92,11.16,10.74,10.69,10.61,10.81,10.75,10.38,9.82,9.78,9.93,10.07,10.32,10.48,10.58,10.40,9.83,9.57,9.57,9.53,9.51,9.32,9.19,9.24,9.48,9.56,9.56,9.56,9.33,9.54,9.36,8.90,8.49,8.67,9.19,9.73,9.75,9.47,9.44,9.34,9.76,9.99,10.12,10.29,10.07,10.20,10.19,10.07,10.07,10.10,9.87,9.50,9.59,10.00,10.18,10.19,10.05,9.97,10.21,10.38,10.00,9.89,9.90,9.86,9.73,9.90,9.91,10.18,10.08,9.88,9.93,9.90,9.69
9.68,9.72,9.53,9.68,9.54,9.24,9.56,9.50,9.52,9.62,9.77,9.86,9.88,10.37,10.40,10.37,10.21,10.16,10.23,10.30,10.47,10.27,10.23,10.22,10.33,10.41,10.40,10.34,10.23,10.33,10.53,10.44,10.54,10.41,10.58,10.56,10.44,10.40,10.37,10.32,10.35,10.73,10.87,11.14,11.25,11.17,11.07,10.98,10.78,10.52,10.29,9.95,9.69,9.54,9.53,9.52,9.42,9.47,9.54,9.61,9.77,9.67,9.65,9.57,9.68,9.99,10.32,10.44,10.38,10.37,10.07,9.92,10.02,10.32,10.49,10.24,10.21,10.70,10.67,11.00,10.49,10.40,9.93,9.63,9.76,10.28,10.51,10.81,11.18,11.03,10.70,10.49,10.45,10.54,10.11,9.82,9.76,9.95,10.11,10.24,10.43,10.39,10.02,9.86,9.83,9.78,9.77,9.58,9.34,9.23,9.32,9.29,9.60,9.58,9.56,9.58,9.62,9.36,8.76,8.28,8.40,8.92,9.49,9.70,9.59,9.63,9.67,9.53,10.23,10.28,10.44,10.38,10.50,10.35,10.11,10.07,10.01,9.63,9.29,9.63,9.85,10.11,10.16,10.12,10.14,10.14,10.18,10.28,9.83,9.79,9.87,9.60,9.87,10.29,10.21,10.06,10.01,10.03,9.90,10.00
9.69,9.85,9.80,9.73,9.65,9.58,9.58,9.43,9.49,9.66,9.91,10.07,10.06,10.23,10.23,10.27,10.31,10.27,10.21,10.39,10.48,10.32,10.16,10.24,10.29,10.38,10.48,10.42,10.28,10.32,10.43,10.35,10.49,10.40,10.60,10.62,10.50,10.42,10.38,10.32,10.23,10.59,10.86,11.12,11.17,10.93,10.77,10.94,10.71,10.37,10.26,10.05,9.78,9.53,9.49,9.53,9.43,9.42,9.46,9.48,9.56,9.41,9.33,9.48,9.71,9.91,10.17,10.35,10.27,10.30,10.10,9.77,10.06,10.26,10.48,10.28,10.41,10.51,10.67,10.78,10.50,10.33,9.91,9.63,9.48,10.01,10.29,10.43,11.03,10.67,10.61,10.43,10.35,10.32,10.11,10.09,9.69,9.81,10.05,10.33,10.23,10.19,9.98,9.75,9.71,9.72,9.82,9.61,9.34,9.31,9.33,9.60,9.57,9.44,9.54,9.28,9.42,9.27,8.66,8.23,8.00,8.40,9.13,9.44,9.40,9.47,9.53,9.72,9.96,10.13,10.28,10.24,10.26,10.13,9.97,9.92,10.00,9.66,9.27,9.62,9.81,10.05,10.07,10.02,10.01,10.00,10.32,10.19,9.97,9.83,9.73,9.62,9.60,9.91,10.03,9.96,9.88,9.93,9.83,9.79
9.85,9.71,9.77,9.61,9.59,9.75,9.67,9.20,9.34,9.49,9.81,10.09,10.02,10.14,10.42,10.26,10.30,10.32,10.31,10.55,10.50,10.51,10.32,10.23,10.31,10.30,10.29,10.39,10.35,10.40,10.38,10.39,10.50,10.55,10.73,10.67,10.45,10.32,10.28,10.19,10.09,10.41,10.85,10.95,11.04,10.75,10.72,10.89,10.76,10.45,10.31,10.12,9.81,9.59,9.48,9.40,9.42,9.49,9.52,9.51,9.49,9.51,9.51,9.60,9.73,10.07,10.28,10.43,10.32,10.17,9.93,9.57,9.85,10.10,10.33,10.23,10.56,10.48,10.28,10.41,10.28,10.49,9.93,9.77,9.58,9.96,10.18,10.32,10.74,10.72,10.34,10.39,10.32,10.31,9.97,10.10,9.89,9.86,10.09,10.18,10.31,10.47,10.22,9.96,9.79,9.60,9.57,9.49,9.37,9.27,9.37,9.42,9.46,9.47,9.71,9.36,9.75,9.41,8.66,8.10,7.89,8.34,9.03,9.37,9.41,9.51,9.43,9.78,10.06,9.98,10.26,10.17,10.26,10.26,10.11,9.95,9.81,9.63,9.67,9.52,9.90,10.12,10.26,10.17,9.91,10.01,10.26,10.12,10.00,9.95,9.93,9.92,9.86,10.10,10.06,10.03,10.01,9.86,9.65,9.69
9.57,9.80,9.58,9.57,9.58,9.54,9.51,9.28,9.51,9.71,9.87,10.02,10.14,10.29,10.52,10.43,10.37,10.44,10.61,10.71,10.60,10.72,10.70,10.49,10.40,10.32,10.30,10.43,10.54,10.61,10.62,10.63,10.66,10.67,10.84,10.74,10.52,10.41,10.34,10.20,10.10,10.38,11.02,10.98,11.04,10.82,10.78,10.93,10.82,10.60,10.37,10.05,9.85,9.79,9.70,9.53,9.48,9.59,9.62,9.49,9.44,9.63,9.58,9.70,9.83,10.03,10.23,10.45,10.45,10.26,10.03,9.83,9.99,10.28,10.44,10.23,10.13,10.27,10.17,10.41,10.38,10.23,9.96,9.85,10.06,10.21,10.16,10.27,10.39,10.43,10.12,10.35,10.40,10.30,9.99,10.13,9.89,9.86,10.03,10.33,10.30,10.38,10.26,10.00,9.83,9.67,9.66,9.50,9.42,9.46,9.36,9.69,9.78,9.54,9.80,9.61,9.79,9.23,8.63,8.36,8.16,8.28,8.73,9.29,9.70,9.77,9.71,9.82,10.18,10.28,10.41,10.21,10.27,10.37,10.31,10.16,9.97,9.87,9.58,9.65,9.76,10.06,10.23,10.20,10.10,10.19,10.23,10.14,10.11,10.09,10.00,9.86,9.90,10.19,10.23,10.09,9.89,9.73,9.77,9.78
9.93,10.03,9.68,9.83,9.77,9.47,9.59,9.40,9.61,9.85,9.87,9.89,10.26,10.61,10.66,10.39,10.53,10.70,10.75,10.99,10.85,10.81,10.73,10.58,10.38,10.43,10.56,10.58,10.64,10.75,10.75,10.72,10.64,10.61,10.70,10.62,10.54,10.52,10.43,10.28,10.11,10.38,11.07,11.07,10.99,10.80,10.91,10.99,10.76,10.50,10.27,9.92,9.73,9.68,9.57,9.47,9.50,9.57,9.56,9.58,9.56,9.69,9.69,9.75,9.71,9.88,10.19,10.35,10.30,10.20,9.96,9.68,9.72,10.23,10.50,10.17,10.32,10.19,9.97,10.17,10.08,10.09,9.95,9.71,9.68,9.85,10.09,10.10,10.27,10.20,9.99,10.13,10.00,10.23,10.07,9.89,9.85,9.75,9.90,10.16,10.19,10.28,10.01,9.66,9.75,9.78,9.69,9.52,9.24,9.36,9.30,9.41,9.66,9.29,9.43,9.23,9.54,9.24,8.57,7.97,7.86,8.14,8.46,8.94,9.53,9.60,9.67,9.75,9.93,10.07,10.22,10.29,10.31,10.08,9.98,10.10,9.98,10.03,9.81,9.66,9.83,9.89,10.06,10.18,10.19,10.32,9.97,9.98,9.89,9.81,9.81,9.78,9.77,9.95,9.95,9.85,9.71,9.60,9.61,9.73
9.72,9.68,9.52,9.62,9.59,9.52,9.73,9.51,9.59,9.68,9.88,10.08,10.23,10.65,10.62,10.63,10.54,10.55,10.74,10.86,10.58,10.88,10.73,10.42,10.48,10.61,10.66,10.65,10.59,10.65,10.70,10.67,10.51,10.60,10.59,10.47,10.33,10.38,10.44,10.24,10.16,10.47,10.85,10.97,10.73,10.78,10.95,10.96,10.80,10.56,10.27,9.97,9.72,9.60,9.57,9.50,9.53,9.61,9.51,9.52,9.65,9.76,9.78,9.70,9.66,9.95,10.10,10.34,10.20,10.27,10.02,9.88,9.71,10.27,10.43,10.40,10.13,10.18,10.10,10.03,10.22,10.19,10.10,9.82,9.91,10.20,10.27,10.06,10.07,10.17,9.76,10.00,10.08,10.08,9.96,9.92,9.83,9.81,9.91,10.09,10.26,10.33,10.00,9.68,9.70,9.72,9.66,9.37,9.22,9.36,9.38,9.54,9.60,9.39,9.47,9.33,9.51,9.20,8.50,8.12,7.98,8.15,8.43,8.86,9.33,9.34,9.57,9.71,9.91,10.06,10.18,10.07,10.08,10.08,10.00,9.97,10.01,10.00,9.81,9.82,9.66,9.71,9.85,9.97,10.11,10.22,10.06,9.92,9.86,9.73,9.60,9.66,9.52,9.70,9.71,9.60,9.51,9.57,9.42,9.58
9.56,9.66,9.56,9.61,9.53,9.48,9.69,9.66,9.79,9.89,9.98,10.12,10.35,10.49,10.34,10.37,10.38,10.47,10.69,10.84,10.61,10.84,10.56,10.31,10.48,10.69,10.70,10.61,10.53,10.41,10.52,10.48,10.48,10.52,10.52,10.41,10.27,10.33,10.35,10.12,10.21,10.51,10.75,10.98,10.70,10.78,10.92,10.84,10.78,10.58,10.23,9.95,9.80,9.68,9.66,9.63,9.63,9.70,9.57,9.46,9.66,9.78,9.80,9.62,9.37,9.53,9.81,9.99,9.68,9.96,9.93,9.65,9.73,10.31,10.35,10.27,10.11,10.12,9.96,10.24,9.98,10.03,10.02,9.92,9.86,10.26,10.33,10.06,10.06,10.13,9.92,9.91,10.03,10.07,10.07,9.98,9.71,9.63,9.56,9.63,9.79,9.90,9.73,9.52,9.60,9.70,9.72,9.44,9.12,9.03,9.25,9.54,9.58,9.47,9.29,9.24,9.46,8.95,8.32,8.03,8.00,8.12,8.41,8.80,9.04,9.12,9.39,9.68,9.95,10.05,10.18,10.12,10.07,10.10,10.07,9.93,9.93,9.95,9.79,10.06,9.81,9.80,9.86,9.88,9.98,10.07,10.11,10.03,9.92,9.79,9.63,9.63,9.52,9.70,9.71,9.54,9.41,9.52,9.27,9.36
9.59,9.69,9.51,9.51,9.42,9.41,9.65,9.59,9.70,9.92,9.97,10.07,10.40,10.41,10.47,10.39,10.41,10.49,10.52,10.50,10.52,10.42,10.29,10.22,10.23,10.31,10.34,10.27,10.27,10.43,10.09,10.17,10.00,10.20,10.29,10.14,10.05,10.09,10.03,9.88,10.10,10.53,10.82,10.96,10.91,10.65,10.64,10.70,10.72,10.56,10.21,10.03,9.95,9.88,9.82,9.72,9.73,9.83,9.75,9.62,9.63,9.65,9.70,9.40,9.37,9.44,9.46,9.56,9.34,9.46,9.44,9.39,9.73,10.16,10.33,10.29,10.11,9.99,9.82,10.24,10.05,10.23,10.31,10.10,9.92,10.12,10.44,10.14,9.90,10.00,10.01,10.09,10.14,10.17,10.14,9.90,9.53,9.48,9.49,9.40,9.49,9.62,9.42,9.30,9.38,9.41,9.57,9.48,9.24,9.22,9.40,9.60,9.49,9.40,9.40,9.57,9.39,8.66,8.27,7.91,7.91,8.27,8.65,8.87,9.01,9.30,9.43,9.66,10.10,10.00,10.05,10.03,10.00,9.99,9.99,9.93,9.91,9.91,9.76,9.95,9.82,9.89,9.93,9.83,9.80,10.03,10.13,10.18,10.03,9.83,9.72,9.77,9.63,9.83,9.82,9.66,9.53,9.57,9.29,9.31
9.65,9.58,9.52,9.56,9.60,9.72,9.80,9.62,9.75,9.90,9.98,10.12,10.38,10.51,10.56,10.63,10.43,10.29,10.30,10.30,10.17,10.23,10.14,10.01,10.08,10.01,9.82,9.82,10.08,10.08,9.97,9.86,9.81,9.92,9.91,9.79,9.70,9.72,9.69,9.70,10.18,10.55,10.78,10.91,10.85,10.58,10.44,10.60,10.63,10.50,10.30,10.12,9.91,9.83,9.86,9.70,9.58,9.75,9.72,9.57,9.63,9.59,9.71,9.59,9.42,9.58,9.44,9.27,9.23,9.32,9.32,9.28,9.68,10.01,10.18,10.13,9.96,9.98,9.67,10.26,10.05,10.10,10.31,10.06,9.97,10.10,10.28,10.18,9.83,9.80,9.97,10.24,10.29,10.24,10.14,9.97,9.67,9.59,9.51,9.39,9.52,9.52,9.29,9.29,9.38,9.36,9.43,9.36,9.14,9.02,9.17,9.31,9.30,9.39,9.14,9.47,9.22,8.64,8.08,7.90,7.83,8.04,8.51,8.90,9.25,9.49,9.54,9.77,10.08,9.85,9.85,9.90,9.88,9.93,9.92,9.76,9.77,9.73,9.68,9.93,9.81,9.95,9.97,9.73,9.75,10.08,10.20,10.06,9.97,9.86,9.71,9.86,9.59,9.89,9.97,9.89,9.82,9.77,9.60,9.59
9.76,9.61,9.62,9.59,9.73,9.88,9.82,9.67,9.71,9.68,9.86,10.07,10.13,10.12,10.38,10.44,10.30,10.13,10.05,10.05,10.02,9.82,9.95,10.00,9.67,9.69,9.95,10.00,9.97,9.92,9.80,9.96,9.89,9.92,9.87,9.83,9.73,9.71,9.78,9.78,9.86,10.14,10.53,10.81,10.63,10.54,10.54,10.55,10.54,10.45,10.32,10.05,9.79,9.62,9.69,9.68,9.53,9.57,9.60,9.57,9.54,9.54,9.68,9.63,9.50,9.91,9.76,9.59,9.52,9.62,9.40,9.52,9.68,10.02,10.28,10.09,10.24,9.95,9.89,10.03,10.05,10.16,10.24,9.90,9.68,9.93,10.28,10.28,9.86,9.99,10.08,10.21,10.26,10.11,10.03,10.01,9.73,9.61,9.53,9.49,9.56,9.56,9.42,9.34,9.44,9.48,9.41,9.28,9.31,9.25,9.23,9.14,9.17,9.27,9.00,9.25,9.05,8.63,8.22,7.97,7.96,8.07,8.41,8.95,9.38,9.59,9.67,9.89,9.78,9.81,9.89,9.91,9.86,9.87,9.86,9.63,9.67,9.72,9.63,9.77,9.72,9.89,9.96,9.78,9.82,9.97,10.20,9.96,9.81,9.81,9.73,9.81,9.56,9.95,10.07,10.03,10.11,10.00,9.72,9.65
9.97,9.86,9.73,9.62,9.68,9.78,9.76,9.67,9.65,9.51,9.52,9.68,9.86,9.89,10.09,10.12,10.01,10.06,10.14,10.06,10.17,10.05,10.31,10.49,10.26,10.31,10.37,10.24,10.19,10.05,10.19,10.41,10.34,10.32,10.40,10.49,10.32,10.17,10.20,10.11,9.96,10.11,10.34,10.60,10.53,10.48,10.44,10.50,10.44,10.38,10.26,10.03,9.78,9.63,9.66,9.70,9.58,9.47,9.54,9.62,9.53,9.59,9.86,9.66,9.67,9.89,9.93,9.77,9.71,9.88,9.57,9.50,9.70,10.11,10.16,10.09,10.06,9.88,9.95,9.79,10.12,10.20,10.24,9.72,9.69,9.77,10.13,10.19,10.06,10.16,10.02,9.95,10.08,10.00,10.07,9.98,9.81,9.78,9.76,9.73,9.66,9.68,9.71,9.57,9.53,9.58,9.52,9.52,9.49,9.41,9.34,9.34,9.58,9.49,9.41,9.42,9.38,8.72,8.16,7.90,7.99,8.20,8.43,8.91,9.31,9.58,9.79,9.87,9.79,9.98,10.07,9.96,9.92,9.96,9.88,9.78,9.72,9.73,9.60,9.60,9.63,9.79,9.90,9.86,9.87,9.83,10.06,10.03,9.89,9.77,9.73,9.85,9.76,10.05,10.16,10.18,10.34,10.17,10.05,10.03
9.99,9.95,9.73,9.63,9.62,9.67,9.76,9.63,9.67,9.37,9.11,9.08,9.20,9.25,9.36,9.46,9.40,9.49,9.65,9.78,9.98,9.88,9.93,10.37,10.41,10.45,10.53,10.50,10.35,10.27,10.38,10.26,10.26,10.48,10.70,10.64,10.40,10.20,10.22,10.29,10.14,10.14,10.45,10.41,10.44,10.42,10.39,10.42,10.38,10.27,10.26,10.02,9.68,9.60,9.60,9.54,9.52,9.48,9.46,9.56,9.54,9.61,9.77,9.71,9.67,9.83,9.78,9.54,9.59,9.88,9.65,9.54,9.92,9.95,10.21,10.10,10.10,9.87,10.03,9.97,10.18,10.22,10.14,9.73,9.65,9.69,10.03,10.17,10.13,10.21,10.16,10.17,10.02,10.01,10.10,9.93,9.80,9.78,9.79,9.69,9.60,9.76,9.81,9.71,9.69,9.56,9.67,9.63,9.44,9.27,9.25,9.41,9.59,9.62,9.59,9.59,9.34,8.68,8.15,7.96,8.00,8.14,8.45,8.93,9.25,9.59,9.87,9.95,10.01,10.05,10.12,10.02,10.03,10.13,10.07,9.86,9.73,9.67,9.50,9.62,9.77,9.89,9.91,9.83,9.95,9.97,9.92,9.85,9.73,9.68,9.79,9.79,9.69,10.17,10.29,10.18,10.42,10.44,10.30,10.14
9.77,9.86,9.54,9.54,9.63,9.69,9.70,9.61,9.60,9.14,8.75,8.57,8.47,8.38,8.59,8.60,8.63,8.72,8.78,8.78,9.01,9.36,9.87,10.27,10.31,10.35,10.39,10.34,10.24,10.26,10.02,10.18,10.43,10.52,10.89,10.81,10.45,10.30,10.31,10.34,10.30,10.12,10.44,10.20,10.42,10.31,10.45,10.42,10.42,10.37,10.37,9.98,9.59,9.40,9.37,9.34,9.47,9.53,9.38,9.47,9.49,9.53,9.56,9.53,9.58,9.83,9.51,9.49,9.48,9.66,9.58,9.59,9.83,9.95,10.13,10.16,10.02,9.87,10.03,10.29,10.26,10.38,10.20,9.75,9.59,9.63,9.99,10.06,10.01,10.20,10.11,10.19,10.01,10.09,10.17,9.93,9.81,9.88,9.81,9.65,9.60,9.70,9.70,9.62,9.69,9.56,9.46,9.54,9.25,9.22,9.22,9.47,9.53,9.41,9.61,9.62,9.42,8.75,8.23,8.12,8.22,8.29,8.51,9.00,9.22,9.54,9.76,9.86,10.07,10.01,10.07,10.18,10.16,10.10,10.06,9.79,9.77,9.66,9.40,9.50,9.69,9.92,10.01,9.95,10.07,9.87,10.06,10.09,9.91,9.76,9.91,9.71,9.80,10.03,10.10,10.07,10.22,10.38,10.39,10.53
9.86,9.87,9.59,9.72,9.81,9.71,9.58,9.67,9.44,8.96,8.56,8.24,7.97,7.85,8.04,8.05,8.22,8.47,8.60,8.66,9.11,9.56,10.21,10.48,10.44,10.58,10.66,10.62,10.45,10.23,10.45,10.22,10.29,10.61,10.74,10.61,10.48,10.33,10.23,10.29,10.28,9.98,10.24,10.29,10.44,10.43,10.51,10.32,10.37,10.37,10.32,9.91,9.56,9.37,9.36,9.40,9.50,9.53,9.43,9.54,9.57,9.49,9.47,9.29,9.42,9.53,9.38,9.40,9.31,9.50,9.65,9.78,9.88,9.95,10.27,10.22,10.10,10.00,9.89,10.26,10.34,10.20,10.07,9.71,9.58,9.53,9.97,9.95,9.87,9.99,9.77,9.85,9.80,9.79,9.79,9.63,9.65,9.82,9.93,9.91,9.69,9.43,9.49,9.63,9.67,9.53,9.41,9.46,9.42,9.28,9.24,9.41,9.81,9.28,9.57,9.57,9.50,8.99,8.56,8.47,8.55,8.58,8.68,9.05,9.20,9.47,9.78,9.65,9.98,10.02,10.07,10.24,10.19,10.03,10.02,9.86,9.92,9.57,9.27,9.29,9.41,9.53,9.72,9.91,10.16,9.62,9.91,10.09,10.03,9.90,9.89,9.93,9.96,10.20,10.40,10.44,10.49,10.44,10.45,10.59
9.77,9.90,9.48,9.66,9.70,9.62,9.61,9.72,9.43,9.08,8.69,8.28,7.98,7.96,7.91,8.13,8.27,8.46,8.71,9.09,9.49,9.83,10.37,10.53,10.51,10.60,10.55,10.39,10.37,10.33,10.23,10.37,10.61,10.50,10.75,10.55,10.28,10.12,10.14,10.23,10.12,9.93,10.13,10.34,10.19,10.38,10.48,10.42,10.49,10.52,10.24,9.80,9.59,9.57,9.56,9.60,9.62,9.51,9.51,9.72,9.67,9.56,9.46,9.23,9.28,9.29,9.42,9.24,9.28,9.43,9.56,9.80,9.98,10.02,10.43,10.16,10.16,10.09,10.09,10.24,10.29,10.26,10.05,9.90,9.80,9.72,10.02,10.03,9.95,9.65,9.17,9.12,9.06,8.94,8.90,8.99,9.20,9.66,10.06,10.07,9.80,9.48,9.46,9.60,9.60,9.41,9.28,9.41,9.60,9.23,9.18,9.38,9.81,9.48,9.61,9.50,9.37,9.20,8.99,8.85,8.82,8.87,9.00,9.24,9.32,9.43,9.80,9.65,9.90,10.10,10.16,10.16,10.03,9.98,10.18,10.03,10.10,9.57,9.10,9.02,9.03,9.02,9.15,9.52,10.06,9.83,9.88,9.87,9.71,9.66,9.88,9.85,9.99,10.24,10.33,10.28,10.38,10.30,10.32,10.39
9.80,9.53,9.53,9.76,9.65,9.58,9.67,9.67,9.33,9.34,9.08,8.80,8.60,8.49,8.36,8.56,8.62,8.65,8.99,9.52,9.81,10.10,10.48,10.53,10.60,10.58,10.56,10.51,10.48,10.52,10.39,10.26,10.65,10.54,10.55,10.66,10.59,10.33,10.30,10.32,10.00,9.92,10.28,10.47,10.50,10.34,10.50,10.33,10.41,10.33,10.27,9.97,9.71,9.70,9.66,9.63,9.60,9.48,9.52,9.63,9.62,9.58,9.43,9.29,9.28,9.30,9.48,9.20,9.29,9.49,9.58,9.66,9.85,10.02,10.37,10.09,10.14,10.01,10.03,10.11,10.21,10.24,9.99,9.56,9.59,9.63,10.00,10.12,9.97,9.65,8.92,8.62,8.45,8.37,8.46,8.73,9.12,9.70,10.03,9.92,9.81,9.60,9.44,9.70,9.50,9.40,9.33,9.47,9.57,9.41,9.33,9.41,9.70,9.57,9.61,9.50,9.29,9.34,9.34,9.06,8.88,9.01,9.22,9.31,9.42,9.48,9.54,9.59,9.80,10.06,10.13,10.06,9.96,9.93,9.82,9.95,9.75,9.52,9.21,9.13,9.05,8.99,9.06,9.38,9.98,9.85,9.82,9.96,9.98,9.77,9.65,9.83,10.06,10.13,10.18,10.26,10.31,10.32,10.30,10.34
9.81,9.70,9.50,9.63,9.70,9.67,9.61,9.61,9.44,9.28,9.30,9.28,9.17,9.06,8.99,8.99,9.10,9.20,9.51,9.88,10.02,10.31,10.52,10.56,10.62,10.61,10.63,10.58,10.45,10.34,10.30,10.39,10.53,10.28,10.58,10.40,10.28,10.23,10.19,10.03,9.85,10.02,10.43,10.42,10.39,10.43,10.51,10.30,10.34,10.24,10.18,9.87,9.66,9.53,9.53,9.49,9.46,9.49,9.46,9.49,9.62,9.51,9.42,9.36,9.36,9.36,9.42,9.24,9.38,9.60,9.65,9.60,9.71,9.95,10.26,10.12,10.08,10.08,10.08,10.13,10.17,10.14,9.88,9.54,9.49,9.59,10.00,10.06,9.91,9.58,8.81,8.46,8.25,8.27,8.37,8.59,9.17,9.70,9.89,9.85,9.71,9.58,9.52,9.66,9.57,9.50,9.39,9.48,9.33,9.38,9.29,9.37,9.62,9.38,9.40,9.49,9.34,9.31,9.34,9.22,9.04,9.02,9.11,9.12,9.19,9.46,9.46,9.58,9.63,9.81,9.85,9.82,9.85,9.88,9.86,9.66,9.78,9.48,9.20,9.13,9.02,8.94,9.03,9.09,9.33,9.53,9.67,9.85,9.95,9.76,9.81,9.86,9.92,9.98,10.07,10.19,10.09,10.17,10.26,10.38
9.78,9.83,9.68,9.54,9.70,9.80,9.76,9.66,9.51,9.42,9.46,9.32,9.36,9.59,9.34,9.42,9.43,9.66,9.89,9.99,10.02,10.26,10.42,10.65,10.66,10.58,10.59,10.52,10.34,10.35,10.38,10.43,10.30,10.32,10.76,10.47,10.32,10.27,10.24,10.18,10.07,10.19,10.27,10.76,10.55,10.49,10.73,10.50,10.32,10.30,9.98,9.67,9.51,9.44,9.54,9.53,9.49,9.48,9.43,9.62,9.71,9.56,9.46,9.48,9.40,9.29,9.33,9.22,9.40,9.68,9.59,9.59,9.52,9.93,10.34,10.16,10.18,10.02,10.17,10.10,10.05,10.10,9.91,9.70,9.69,9.70,10.01,10.06,9.92,9.47,8.71,8.47,8.31,8.30,8.39,8.62,9.04,9.58,9.88,9.81,9.65,9.51,9.59,9.68,9.61,9.66,9.21,9.41,8.96,9.02,8.93,9.10,9.27,9.15,9.08,9.14,9.18,9.10,9.08,9.19,9.29,9.27,9.06,9.09,8.95,9.19,9.27,9.49,9.65,9.69,9.71,9.82,9.82,9.63,9.77,9.30,9.57,9.40,9.09,8.82,8.72,8.81,9.05,9.20,9.36,9.39,9.57,9.62,9.54,9.61,9.69,9.90,9.88,9.88,10.07,10.34,10.27,10.07,10.13,10.29
9.75,9.81,9.60,9.49,9.54,9.57,9.62,9.76,9.73,9.63,9.65,9.65,9.67,9.70,9.62,9.63,9.73,9.81,9.91,9.99,10.00,10.08,10.21,10.61,10.59,10.51,10.55,10.47,10.32,10.34,10.34,10.37,10.17,10.31,10.56,10.52,10.40,10.31,10.18,10.02,9.99,10.14,10.54,10.78,10.61,10.62,10.61,10.50,10.16,10.06,9.99,9.69,9.48,9.43,9.52,9.54,9.60,9.59,9.49,9.52,9.53,9.46,9.38,9.47,9.36,9.27,9.30,9.12,9.15,9.60,9.56,9.66,9.41,9.82,10.28,10.07,10.26,9.98,10.05,10.05,9.87,10.02,9.83,9.57,9.75,9.82,9.93,9.91,9.80,9.33,8.73,8.59,8.49,8.46,8.64,8.91,9.13,9.57,9.97,9.85,9.75,9.54,9.41,9.66,9.44,9.51,8.93,9.23,8.72,8.77,8.69,8.87,8.92,8.87,8.86,8.77,8.82,8.92,8.96,9.02,9.19,9.32,9.14,9.05,9.12,9.10,9.04,9.22,9.47,9.25,9.19,9.29,9.21,9.37,9.39,9.08,9.14,9.10,8.65,8.43,8.41,8.51,8.95,9.10,9.23,9.19,9.31,9.49,9.52,9.59,9.58,9.77,9.78,9.81,10.05,10.35,10.20,10.09,9.99,10.12
9.72,9.76,9.51,9.56,9.69,9.71,9.73,9.73,9.52,9.54,9.40,9.44,9.65,9.80,9.93,10.19,9.92,9.85,10.01,10.09,9.96,9.91,9.98,10.43,10.47,10.54,10.50,10.30,10.18,10.21,10.21,10.09,10.06,9.93,10.24,10.27,10.16,10.00,10.01,10.02,9.95,10.14,10.48,10.72,10.54,10.50,10.49,10.59,10.21,10.20,9.85,9.69,9.41,9.28,9.52,9.62,9.58,9.50,9.36,9.30,9.37,9.53,9.53,9.47,9.33,9.46,9.27,9.09,9.06,9.31,9.48,9.57,9.54,9.62,9.82,9.85,9.99,9.85,9.78,9.76,9.62,9.91,9.60,9.42,9.56,9.70,9.63,9.58,9.57,9.19,8.81,8.62,8.49,8.45,8.67,9.03,9.33,9.67,9.96,9.98,9.83,9.48,9.06,9.22,9.08,9.12,8.75,8.96,8.72,8.68,8.65,8.93,8.88,8.65,8.91,8.84,8.76,8.76,8.77,8.94,9.22,9.31,9.23,9.27,8.95,8.94,8.96,8.95,9.10,9.11,9.10,9.19,9.27,9.25,9.15,9.10,8.87,8.78,8.67,8.50,8.34,8.37,8.76,8.67,8.81,9.01,9.05,9.08,9.27,9.43,9.58,9.72,9.79,9.85,9.98,10.13,10.07,10.13,10.00,10.03
9.78,9.85,9.57,9.65,9.59,9.62,9.60,9.51,9.53,9.44,9.41,9.54,9.78,9.99,10.00,9.79,9.90,10.07,10.05,9.95,9.87,9.78,9.83,10.27,10.45,10.48,10.31,10.09,9.91,9.78,9.59,9.25,9.25,9.18,9.80,9.80,9.83,9.71,9.70,9.73,9.71,9.81,9.98,9.98,10.09,9.80,10.22,10.03,9.67,9.66,9.69,9.50,9.42,9.42,9.54,9.60,9.70,9.58,9.40,9.52,9.46,9.51,9.60,9.50,9.43,9.44,9.32,9.18,9.20,9.22,9.30,9.42,9.51,9.39,9.30,9.28,9.32,9.24,9.24,9.17,9.10,9.37,9.20,9.12,9.32,9.38,9.28,9.19,9.17,8.99,8.74,8.45,8.28,8.37,8.50,8.85,9.30,9.61,9.89,10.00,9.87,9.42,8.96,8.91,8.82,8.86,8.87,8.84,8.72,8.71,8.83,9.00,8.94,8.66,8.77,8.87,8.85,8.74,8.82,9.08,9.08,9.14,9.38,9.13,9.01,8.92,9.06,9.01,9.10,9.15,9.18,9.21,9.06,9.04,9.03,8.58,8.56,8.55,8.42,8.42,8.41,8.28,8.67,8.55,8.43,8.59,8.80,8.93,9.01,9.15,9.43,9.57,9.69,9.81,9.88,9.89,10.14,10.11,10.03,10.06
9.92,9.96,9.70,9.51,9.47,9.48,9.48,9.48,9.40,9.42,9.38,9.39,9.66,9.91,9.81,9.92,9.82,9.87,9.93,9.77,9.51,9.54,9.63,9.76,10.05,10.03,10.01,9.82,9.40,8.97,8.81,8.45,8.37,8.40,8.81,9.02,9.13,9.32,9.48,9.53,9.58,9.58,9.44,9.22,9.30,9.18,9.21,9.06,8.81,8.65,9.05,9.05,9.17,9.42,9.57,9.46,9.38,9.36,9.37,9.48,9.48,9.48,9.59,9.49,9.38,9.39,9.38,9.41,9.31,9.44,9.30,9.48,9.29,9.19,9.10,8.88,8.73,8.73,8.74,8.83,8.83,8.84,9.02,8.96,9.09,9.09,9.01,8.92,8.83,8.69,8.56,8.36,8.23,8.41,8.54,8.71,9.04,9.48,9.96,10.03,9.92,9.57,9.18,8.97,9.00,8.76,9.03,8.93,8.73,8.75,8.87,9.02,9.12,8.83,8.67,8.80,8.99,9.04,9.14,9.39,9.43,9.38,9.33,9.38,9.25,9.15,9.11,8.85,8.75,8.88,9.14,9.33,9.19,8.93,8.81,8.25,8.20,8.29,8.33,8.46,8.48,8.16,8.48,8.56,8.34,8.31,8.52,8.82,8.94,9.11,9.24,9.30,9.34,9.49,9.70,9.69,9.79,9.73,9.66,9.71
9.91,9.92,9.69,9.36,9.43,9.44,9.46,9.42,9.30,9.39,9.23,9.25,9.49,9.57,9.43,9.24,9.12,9.37,9.39,9.38,9.33,9.23,9.36,9.22,9.43,9.57,9.65,9.37,8.84,8.58,8.58,8.46,8.41,8.45,8.63,8.71,8.99,9.27,9.42,9.48,9.49,9.36,9.10,8.97,8.95,9.05,9.05,9.14,8.75,8.92,9.27,9.04,9.24,9.32,9.38,9.51,9.47,9.42,9.57,9.61,9.57,9.52,9.46,9.53,9.48,9.57,9.58,9.52,9.58,9.73,9.53,9.31,9.23,9.15,9.15,9.06,8.84,8.74,8.75,8.96,8.93,8.94,9.10,9.12,8.94,9.02,9.02,9.02,8.93,8.68,8.56,8.48,8.37,8.46,8.66,8.82,9.05,9.52,10.09,10.11,9.85,9.59,9.34,9.02,9.18,8.95,8.95,9.15,8.81,8.92,8.90,9.23,9.19,8.90,8.80,9.23,9.47,9.43,9.46,9.36,9.28,9.39,9.32,9.50,9.61,9.27,9.44,9.67,9.58,9.42,9.41,9.39,9.15,8.82,8.80,8.71,8.56,8.50,8.55,8.59,8.57,8.40,8.66,8.63,8.47,8.43,8.56,8.75,8.92,9.23,9.21,9.28,9.38,9.46,9.50,9.33,9.36,9.31,9.29,9.42
9.80,9.89,9.73,9.46,9.48,9.44,9.38,9.36,9.38,9.30,9.39,9.38,9.40,9.39,9.36,9.37,9.22,9.38,9.40,9.28,9.19,9.22,9.11,9.17,9.14,9.11,9.22,9.03,8.91,8.86,8.69,8.72,8.73,8.88,8.95,8.69,9.03,9.19,9.33,9.47,9.42,9.29,9.20,9.12,9.11,9.04,9.12,9.21,9.03,9.12,9.36,9.15,9.20,9.49,9.57,9.62,9.68,9.60,9.48,9.51,9.61,9.43,9.24,9.24,9.27,9.42,9.40,9.39,9.41,9.60,9.67,9.44,9.34,9.28,9.19,8.99,8.99,8.82,8.93,9.20,8.96,9.04,8.97,9.14,9.05,9.28,9.27,9.32,9.15,8.91,8.71,8.59,8.52,8.56,8.73,9.01,9.30,9.51,9.93,10.13,9.86,9.53,9.42,9.06,8.87,9.01,9.03,9.20,8.99,8.95,9.10,9.27,9.00,8.82,8.91,9.42,9.80,9.70,9.57,9.54,9.37,9.51,9.25,9.37,9.34,9.27,9.48,9.69,9.51,9.31,9.36,9.25,9.15,9.17,8.94,8.87,8.71,8.57,8.55,8.63,8.66,8.54,8.77,8.49,8.46,8.57,8.72,8.87,8.92,9.17,9.10,9.27,9.53,9.63,9.43,9.19,9.27,9.22,9.21,9.33
9.76,9.98,10.10,9.57,9.67,9.44,9.34,9.36,9.37,9.30,9.48,9.44,9.44,9.43,9.37,9.28,9.39,9.40,9.37,9.18,8.92,8.86,8.94,8.92,9.08,9.08,8.97,8.96,8.99,8.88,8.73,8.74,8.72,8.95,8.90,8.74,8.97,8.86,9.04,9.29,9.38,9.40,9.31,9.25,9.36,9.08,9.14,9.19,9.08,9.13,9.27,9.27,9.29,9.30,9.43,9.42,9.44,9.53,9.34,9.39,9.57,9.37,9.25,9.21,9.22,9.19,9.25,9.33,9.23,9.30,9.46,9.62,9.70,9.36,9.31,8.76,8.75,8.88,8.90,9.00,8.99,9.13,9.09,9.30,9.38,9.41,9.37,9.46,9.29,8.97,8.75,8.74,8.75,8.80,8.94,9.13,9.23,9.27,9.59,9.87,9.77,9.44,9.37,9.12,8.67,8.85,8.99,8.97,9.01,9.02,9.03,8.87,8.62,8.58,8.85,9.43,9.83,9.73,9.47,9.25,9.37,9.23,9.14,9.09,9.29,9.29,9.29,9.41,9.31,9.10,9.14,9.24,9.20,9.15,9.23,9.04,8.83,8.66,8.58,8.59,8.58,8.46,8.62,8.29,8.27,8.40,8.52,8.68,9.00,8.91,9.03,9.14,9.19,9.14,9.08,9.02,9.09,8.92,8.74,8.80
9.77,9.78,9.63,9.33,9.58,9.51,9.46,9.39,9.34,9.40,9.43,9.43,9.48,9.43,9.36,9.38,9.34,9.44,9.28,9.18,9.12,9.09,9.21,9.12,9.09,9.18,9.05,8.81,8.72,8.85,8.96,8.94,8.85,8.90,8.80,8.57,8.52,8.23,8.42,8.76,9.05,9.18,9.12,9.21,9.23,9.01,9.04,8.96,8.84,8.81,9.12,9.36,9.36,9.48,9.37,9.20,9.30,9.46,9.43,9.39,9.48,9.50,9.34,9.30,9.39,9.42,9.58,9.32,9.28,9.38,9.14,9.40,9.30,9.20,8.86,8.57,8.73,8.85,8.74,8.78,8.99,9.03,9.23,9.41,9.42,9.41,9.23,9.25,9.18,8.90,8.67,8.81,9.00,9.10,9.23,9.30,9.21,9.14,9.40,9.43,9.41,9.22,9.05,8.73,8.82,9.04,9.05,9.11,8.99,8.84,8.90,8.48,8.07,7.88,8.49,9.32,9.53,9.31,9.17,8.92,8.82,8.85,8.65,8.60,8.88,9.08,8.96,8.87,8.81,8.69,8.71,8.85,8.69,8.87,9.10,9.00,8.81,8.68,8.57,8.40,8.17,8.31,8.38,8.27,8.17,8.16,8.21,8.34,8.50,8.41,8.54,8.68,8.72,8.65,8.54,8.47,8.31,8.29,8.41,8.58
9.97,10.03,9.78,9.20,9.37,9.49,9.52,9.58,9.59,9.48,9.50,9.40,9.52,9.54,9.47,9.42,9.33,9.61,9.53,9.46,9.29,9.13,9.21,9.04,8.83,8.94,8.71,8.46,8.39,8.48,8.54,8.41,8.27,8.29,8.32,8.08,7.74,7.61,7.87,8.20,8.50,8.71,8.80,8.92,8.76,8.62,8.47,8.60,8.41,8.39,8.56,8.83,8.84,9.04,9.00,8.84,8.85,9.06,9.22,9.27,9.39,9.29,8.83,8.75,8.94,8.99,9.01,8.77,8.52,8.74,8.58,8.40,8.27,8.60,8.52,8.55,8.52,8.55,8.48,8.68,8.78,8.87,9.02,9.19,9.12,9.15,8.86,8.75,8.81,8.86,8.75,8.69,8.84,9.08,9.10,8.91,8.82,8.63,8.58,8.47,8.34,8.55,8.72,8.66,8.82,9.20,9.32,9.23,8.81,9.02,8.76,8.67,8.24,8.05,8.12,8.40,8.62,8.48,8.16,8.10,8.02,8.02,7.94,7.94,8.15,8.34,8.42,8.41,8.33,8.29,8.31,8.33,8.20,8.43,8.57,8.59,8.50,8.47,8.38,8.06,7.79,7.96,8.10,8.11,8.06,8.04,8.07,8.20,8.32,8.27,8.42,8.56,8.56,8.56,8.46,8.40,8.33,8.31,8.37,8.49
9.91,9.82,9.70,9.67,9.82,9.76,9.81,9.86,9.77,9.56,9.52,9.32,9.50,9.60,9.58,9.42,9.37,9.56,9.61,9.52,9.38,9.20,8.94,8.69,8.40,8.48,8.24,8.27,8.17,8.16,8.13,7.98,8.19,8.08,8.34,8.21,7.76,7.53,7.77,7.89,8.13,8.30,8.38,8.56,8.51,8.30,8.13,8.16,8.05,8.04,8.27,8.31,8.51,8.80,8.65,8.59,8.64,8.90,9.10,9.06,9.10,9.01,8.73,8.46,8.25,8.23,8.31,8.03,7.76,7.76,7.85,7.74,7.26,8.05,8.04,7.91,8.12,8.23,8.25,8.24,8.59,8.75,8.81,8.84,8.88,8.84,8.66,8.63,8.68,8.78,8.73,8.73,8.75,8.75,8.68,8.42,8.40,8.21,8.14,8.10,8.10,8.34,8.75,8.58,8.91,8.95,9.01,9.14,9.09,9.00,8.77,8.78,8.54,8.25,8.22,8.32,8.32,8.17,8.03,8.04,8.08,7.88,7.94,7.79,7.96,7.98,8.13,8.31,8.23,8.00,7.99,7.93,7.90,8.08,8.15,8.19,8.27,8.30,8.20,7.99,7.78,7.85,7.95,8.05,8.05,8.00,8.06,8.42,8.33,8.45,8.52,8.49,8.40,8.51,8.59,8.42,8.30,8.25,8.28,8.40
9.90,9.77,9.50,9.44,9.51,9.39,9.47,9.65,9.75,9.66,9.44,9.30,9.20,9.39,9.54,9.46,9.42,9.49,9.48,9.48,9.51,9.29,8.84,8.49,8.27,8.37,8.23,8.29,8.33,8.16,8.02,8.15,8.24,8.19,8.34,8.04,7.77,7.78,7.73,7.86,8.06,8.06,8.17,8.46,8.47,8.31,8.10,7.96,7.98,8.12,8.11,8.23,8.55,8.69,8.68,8.67,8.76,8.94,9.03,9.02,8.97,8.85,8.66,8.43,8.24,8.39,8.30,7.94,7.58,7.33,7.36,6.96,7.42,7.56,8.08,7.87,7.99,8.02,8.00,8.24,8.31,8.48,8.50,8.59,8.47,8.42,8.40,8.40,8.38,8.30,8.33,8.32,8.25,8.27,8.28,8.20,8.02,7.95,7.87,8.02,8.04,8.13,8.42,8.82,8.68,8.99,8.96,8.99,8.93,8.80,8.82,8.90,8.74,8.49,8.42,8.56,8.54,8.22,8.23,8.13,8.38,8.20,8.08,8.04,8.00,8.05,8.20,8.38,8.37,8.05,7.93,7.89,7.73,7.95,7.95,7.99,8.17,8.22,8.10,8.07,7.94,8.12,8.16,8.13,8.04,8.07,8.30,8.51,8.68,8.76,8.93,8.97,8.80,8.81,8.63,8.34,8.16,8.08,8.08,8.29
9.81,9.66,9.48,9.44,9.56,9.61,9.58,9.61,9.65,9.62,9.41,9.29,9.18,9.44,9.53,9.42,9.46,9.57,9.38,9.52,9.61,9.30,8.81,8.50,8.17,8.27,8.06,7.94,7.95,7.85,7.82,7.99,8.16,8.25,8.62,7.89,7.83,7.78,7.97,7.96,7.96,7.97,8.17,8.38,8.28,8.33,8.16,8.07,8.05,8.10,8.13,8.37,8.50,8.41,8.64,8.66,8.84,9.06,8.97,8.81,8.68,8.60,8.72,8.69,8.63,8.60,8.30,7.93,7.64,7.62,7.36,7.33,7.49,7.57,7.69,8.10,7.98,8.00,7.86,7.83,8.02,8.22,8.16,8.40,8.30,8.23,8.04,7.94,8.03,8.15,8.13,8.21,8.43,8.38,8.27,8.45,8.59,8.49,8.43,8.42,8.48,8.50,8.50,8.69,8.80,8.74,8.78,8.78,8.81,8.75,8.56,8.42,8.51,8.60,8.66,8.69,8.62,8.37,8.07,8.25,8.42,8.56,8.30,8.34,8.24,8.27,8.39,8.43,8.40,8.25,8.06,8.11,7.97,7.87,7.77,7.81,7.95,8.06,8.04,8.03,8.22,8.24,8.27,8.21,8.20,8.27,8.39,8.45,8.71,8.74,8.87,8.99,8.80,8.77,8.59,8.28,8.11,8.05,7.97,8.16
9.59,9.61,9.57,9.44,9.52,9.57,9.36,9.33,9.38,9.36,9.31,9.22,9.25,9.31,9.41,9.44,9.40,9.46,9.50,9.61,9.60,9.29,8.90,8.67,8.34,8.20,8.10,8.05,7.97,7.88,7.93,8.00,8.05,8.22,8.20,8.32,8.02,7.91,8.04,7.88,7.74,7.73,7.94,8.14,8.12,8.19,8.16,8.27,8.08,7.87,8.21,8.10,8.23,8.11,8.28,8.36,8.58,8.68,8.51,8.37,8.33,8.39,8.57,8.55,8.47,8.51,8.45,8.06,7.60,7.69,7.41,7.68,7.73,7.76,7.89,7.79,7.97,7.83,7.69,7.81,7.93,7.91,7.96,8.05,8.15,8.12,7.94,8.00,8.03,8.02,8.05,8.25,8.43,8.50,8.73,8.85,8.93,8.88,8.77,8.57,8.77,8.68,8.49,8.40,8.69,8.72,8.64,8.66,8.80,8.71,8.68,8.68,8.59,8.62,8.73,8.66,8.43,8.39,8.16,8.16,8.48,8.85,8.64,8.58,8.50,8.49,8.58,8.62,8.46,8.34,8.08,8.04,8.10,7.96,7.76,7.81,7.87,7.93,8.32,8.12,8.05,8.22,8.23,8.40,8.42,8.27,8.56,8.58,8.72,8.75,8.78,8.84,8.71,8.66,8.51,8.29,8.08,7.99,7.87,8.07
9.49,9.60,9.48,9.29,9.38,9.29,9.18,9.18,9.20,9.22,9.19,9.12,9.33,9.44,9.49,9.44,9.41,9.41,9.75,9.62,9.57,9.37,9.09,8.86,8.60,8.40,8.27,8.19,8.07,7.99,8.07,8.20,8.17,8.11,8.12,8.33,7.87,7.90,7.97,7.80,7.81,7.81,7.82,7.98,8.06,7.96,8.03,8.17,7.91,7.81,7.96,7.77,7.87,7.81,7.81,8.06,8.34,8.27,8.11,8.02,7.89,7.98,8.19,8.16,8.14,8.20,8.20,8.04,7.79,7.74,7.89,7.69,7.78,7.68,7.77,7.86,7.82,7.73,7.58,7.66,7.60,7.69,7.77,7.70,7.90,7.89,7.65,7.57,7.81,8.00,8.04,8.15,8.17,8.29,8.74,8.85,8.88,8.99,9.03,8.86,8.91,8.78,8.65,8.14,8.25,8.38,8.37,8.39,8.55,8.50,8.52,8.58,8.50,8.55,8.72,8.69,8.47,8.52,8.27,8.17,8.57,8.84,8.83,8.67,8.59,8.62,8.76,8.93,8.81,8.55,8.37,8.16,7.99,7.95,7.77,7.66,7.70,7.76,7.96,8.06,8.22,8.29,8.33,8.37,8.34,8.25,8.36,8.48,8.60,8.66,8.60,8.55,8.62,8.67,8.46,8.23,7.98,7.72,7.62,7.86
9.56,9.49,9.29,9.18,9.28,9.15,9.06,9.06,9.11,9.15,9.22,9.17,9.22,9.52,9.42,9.21,9.25,9.43,9.67,9.63,9.59,9.46,9.22,8.94,8.78,8.68,8.43,8.21,8.10,7.95,8.04,8.10,8.00,8.13,8.23,7.93,7.72,7.55,7.62,7.57,7.79,7.83,7.76,7.85,7.97,7.93,8.02,7.89,7.63,7.80,7.77,7.74,7.58,7.60,7.72,7.91,8.17,8.04,7.89,7.82,7.72,7.77,7.94,7.96,7.87,7.91,7.88,7.77,7.74,7.68,7.85,8.06,7.91,7.89,7.61,7.64,7.31,7.58,7.57,7.74,7.45,7.24,7.32,7.36,7.38,7.48,7.58,7.60,7.66,7.91,7.88,7.88,8.20,8.31,8.47,8.56,8.58,8.51,8.76,8.65,8.64,8.42,8.47,8.03,8.15,8.41,8.30,8.42,8.51,8.50,8.43,8.42,8.54,8.66,8.78,8.86,8.73,8.64,8.21,8.29,8.51,8.56,8.66,8.54,8.51,8.63,8.73,8.94,9.02,8.88,8.62,8.48,8.17,7.95,7.79,7.79,7.83,7.73,7.90,7.95,8.16,8.36,8.52,8.48,8.30,8.24,8.22,8.16,8.32,8.37,8.28,8.13,8.25,8.38,8.27,8.06,7.88,7.74,7.89,7.94
9.59,9.41,9.22,9.18,9.27,9.17,9.00,9.13,9.22,9.21,9.11,8.95,9.14,9.43,9.38,9.27,9.24,9.25,9.66,9.41,9.39,9.33,9.14,8.95,8.90,8.84,8.63,8.45,8.22,8.04,8.12,8.12,8.02,8.13,8.21,7.89,7.81,7.78,7.62,7.63,7.69,7.78,7.65,7.79,7.98,7.86,7.99,7.95,7.56,7.60,8.03,7.65,7.49,7.62,7.78,7.86,8.13,7.86,7.70,7.73,7.57,7.48,7.61,7.70,7.56,7.50,7.50,7.37,7.72,7.90,7.88,8.14,7.74,7.69,7.64,7.46,7.60,7.48,7.40,7.58,7.41,7.34,7.40,7.24,7.33,7.44,7.40,7.45,7.50,7.60,7.61,7.64,7.77,7.78,7.97,8.00,7.81,7.83,8.08,8.07,8.08,8.13,8.31,7.81,7.97,8.30,8.10,8.28,8.33,8.10,8.17,8.43,8.62,8.72,8.80,8.94,8.87,8.71,8.22,8.27,8.36,8.23,8.19,8.11,8.13,8.40,8.68,8.77,8.80,8.97,8.81,9.02,8.56,8.06,7.62,7.48,7.53,7.23,7.62,7.98,7.96,8.08,8.15,8.20,8.21,8.16,8.11,7.88,7.91,7.99,7.97,7.96,8.04,7.91,7.86,7.74,7.65,7.86,7.81,8.02
9.33,9.20,9.10,9.09,9.17,9.21,9.05,9.31,9.38,9.23,9.00,8.97,9.03,9.20,9.18,9.23,9.42,9.61,9.38,9.48,9.30,9.29,9.18,9.01,8.95,8.97,8.74,8.73,8.37,8.36,8.34,8.25,8.20,8.22,8.23,7.97,7.87,7.90,7.78,7.70,7.68,7.87,7.85,7.70,7.74,7.82,7.89,7.93,7.66,7.54,7.98,7.54,7.48,7.64,7.66,7.74,7.90,7.70,7.62,7.64,7.46,7.32,7.41,7.46,7.33,7.39,7.41,7.30,7.52,7.68,7.62,7.76,7.56,7.69,7.74,7.42,7.52,7.22,7.17,7.33,7.29,7.24,7.22,7.34,7.42,7.42,7.44,7.45,7.38,7.38,7.38,7.40,7.41,7.40,7.49,7.64,7.56,7.69,7.57,7.39,7.63,7.82,7.72,7.50,7.72,7.98,8.08,8.20,8.07,7.80,7.97,8.36,8.62,8.73,8.77,8.92,8.84,8.87,8.29,8.33,8.31,7.99,7.85,7.87,7.94,8.08,8.24,8.16,8.39,8.69,8.56,8.72,8.57,8.15,7.80,7.54,7.28,7.29,7.57,7.91,7.81,7.83,7.90,7.95,8.05,8.02,7.91,7.73,7.63,7.64,7.68,7.52,7.71,7.56,7.53,7.56,7.58,7.83,8.07,8.06
9.10,9.04,8.82,8.85,9.10,9.36,9.19,9.31,9.33,9.17,8.96,8.97,9.08,9.10,9.13,9.23,9.38,9.44,9.51,9.18,9.05,9.01,9.08,9.12,9.12,9.10,8.76,8.69,8.48,8.62,8.49,8.39,8.40,8.46,8.48,8.27,8.07,8.06,7.63,7.80,7.86,7.77,7.63,7.71,7.81,7.89,8.19,8.16,7.93,7.46,7.73,7.49,7.49,7.64,7.57,7.50,7.55,7.63,7.68,7.56,7.46,7.41,7.39,7.33,7.23,7.31,7.39,7.30,7.30,7.46,7.41,7.55,7.62,7.78,7.50,7.41,7.36,7.06,7.02,7.25,7.22,7.28,7.37,7.49,7.54,7.56,7.58,7.60,7.47,7.44,7.44,7.42,7.55,7.44,7.39,7.49,7.57,7.63,7.54,7.28,7.62,7.49,7.42,7.15,7.45,7.49,7.77,7.93,7.85,7.77,7.97,8.29,8.55,8.76,8.78,8.83,8.76,8.86,8.52,8.41,8.31,7.94,7.82,7.83,7.77,7.71,7.82,7.94,8.34,8.43,8.54,8.57,8.52,8.14,7.74,7.53,7.30,7.44,7.65,7.65,7.64,7.69,7.81,7.96,7.89,7.87,7.77,7.83,7.74,7.62,7.71,7.60,7.38,7.60,7.55,7.48,7.68,7.90,8.20,8.30
9.36,9.15,9.02,9.04,9.15,9.22,9.06,9.11,9.12,9.06,9.00,8.99,9.14,9.23,9.23,9.30,9.32,9.24,9.22,9.25,9.14,9.13,9.17,9.10,9.03,8.99,8.71,8.58,8.65,8.68,8.59,8.51,8.51,8.60,8.64,8.45,8.10,8.05,7.78,7.68,7.65,7.69,7.79,7.85,7.91,7.95,7.85,7.79,7.31,7.57,7.74,7.63,7.49,7.48,7.44,7.56,7.62,7.61,7.64,7.52,7.45,7.42,7.34,7.28,7.20,7.23,7.36,7.38,7.32,7.38,7.36,7.50,7.61,7.73,7.50,7.45,7.25,7.22,7.04,7.24,7.29,7.29,7.30,7.47,7.56,7.63,7.55,7.55,7.54,7.55,7.55,7.55,7.63,7.53,7.41,7.41,7.57,7.64,7.65,7.54,7.76,7.37,7.58,6.98,7.18,7.12,7.34,7.52,7.60,7.73,7.94,8.24,8.49,8.55,8.57,8.67,8.55,8.56,8.55,8.42,8.17,7.94,7.68,7.57,7.64,7.64,7.58,7.54,7.93,8.16,8.36,8.33,8.25,8.04,7.72,7.53,7.41,7.52,7.70,7.47,7.48,7.48,7.58,7.77,7.78,7.83,7.80,7.79,7.72,7.64,7.66,7.21,7.34,7.39,7.48,7.60,7.73,8.03,8.28,8.43
9.23,9.30,9.08,9.20,9.33,9.23,9.09,9.23,9.12,9.09,9.17,9.21,9.11,9.28,9.22,9.21,9.20,9.20,9.28,9.11,9.10,8.76,9.00,9.15,8.99,8.87,8.91,8.74,8.72,8.73,8.74,8.64,8.56,8.59,8.65,8.50,8.20,7.99,7.96,7.77,7.73,7.77,7.88,7.91,7.90,7.89,7.85,7.68,7.33,7.60,7.64,7.77,7.45,7.58,7.45,7.38,7.47,7.55,7.47,7.46,7.46,7.37,7.31,7.32,7.28,7.29,7.32,7.50,7.54,7.37,7.32,7.48,7.56,7.54,7.66,7.44,7.22,7.32,7.20,7.32,7.29,7.38,7.37,7.48,7.68,7.65,7.55,7.52,7.56,7.61,7.60,7.63,7.73,7.56,7.61,7.57,7.64,7.69,7.61,7.69,7.69,7.32,7.73,7.05,6.98,7.06,7.29,7.36,7.41,7.71,7.95,8.07,8.32,8.48,8.46,8.48,8.43,8.66,8.60,8.45,8.47,8.08,7.74,7.57,7.45,7.53,7.72,7.54,7.63,7.83,8.13,8.11,8.08,7.93,7.68,7.53,7.40,7.44,7.64,7.47,7.45,7.38,7.36,7.65,7.96,7.89,7.86,7.96,8.02,7.91,7.89,7.50,7.47,7.37,7.36,7.57,7.83,7.99,8.21,8.38
9.05,9.37,9.08,9.24,9.36,9.29,9.19,9.27,9.09,9.13,9.33,9.40,9.20,9.05,9.06,9.02,9.02,9.12,9.20,8.99,9.09,8.84,8.87,8.85,8.83,8.80,8.71,8.92,8.73,8.45,8.71,8.68,8.72,8.84,8.84,8.71,8.46,8.08,7.99,7.87,7.95,7.97,8.10,7.90,7.93,7.97,7.72,7.68,7.57,7.83,7.94,7.73,7.39,7.68,7.48,7.46,7.46,7.41,7.15,7.29,7.49,7.46,7.45,7.49,7.44,7.32,7.20,7.32,7.57,7.44,7.28,7.40,7.46,7.42,7.56,7.22,7.17,7.24,7.30,7.31,7.20,7.42,7.50,7.56,7.72,7.60,7.49,7.50,7.47,7.57,7.55,7.50,7.73,7.48,7.70,7.72,7.65,7.77,7.52,7.55,7.47,7.18,7.61,7.22,6.97,7.09,7.23,7.25,7.31,7.60,7.81,7.88,8.06,8.17,8.11,8.41,8.24,8.23,8.40,8.24,8.30,8.06,7.81,7.71,7.49,7.32,7.56,7.42,7.45,7.76,7.93,7.93,7.94,7.86,7.62,7.57,7.38,7.22,7.50,7.53,7.58,7.50,7.47,7.89,7.95,7.98,8.02,8.07,8.07,7.90,7.78,7.55,7.48,7.38,7.32,7.52,7.78,7.95,8.11,8.30
9.09,9.37,9.19,9.34,9.33,9.24,9.27,9.37,9.23,9.27,9.28,9.24,9.23,9.12,9.06,9.01,8.95,8.96,9.02,8.91,8.95,8.87,8.92,8.82,8.69,8.68,8.76,8.81,8.62,8.78,8.75,8.77,9.00,9.17,9.06,8.76,8.45,8.24,8.06,7.88,7.95,8.00,8.03,7.64,7.68,7.72,7.57,7.62,7.49,7.74,7.78,7.61,7.20,7.24,7.14,7.18,7.29,7.32,7.15,7.34,7.58,7.46,7.39,7.49,7.48,7.39,7.22,7.08,7.15,7.45,7.28,7.25,7.24,7.36,7.30,6.98,7.10,7.25,7.31,7.26,7.21,7.38,7.47,7.62,7.72,7.62,7.48,7.44,7.37,7.46,7.50,7.29,7.47,7.39,7.47,7.61,7.52,7.80,7.46,7.30,7.42,7.17,7.38,7.30,7.07,7.13,7.24,7.39,7.37,7.31,7.39,7.42,7.78,8.17,8.00,8.20,8.20,8.16,7.94,7.91,8.02,7.85,7.65,7.63,7.54,7.34,7.30,7.31,7.41,7.66,7.82,7.77,7.78,7.79,7.65,7.70,7.57,7.34,7.41,7.38,7.48,7.55,7.49,7.97,8.03,8.00,7.95,8.07,8.20,7.97,7.78,7.66,7.62,7.55,7.47,7.55,7.56,7.93,8.24,8.45
9.24,9.34,9.31,9.42,9.40,9.34,9.32,9.34,9.38,9.28,9.24,9.24,9.21,9.22,9.17,9.10,8.95,8.93,8.97,8.82,8.82,8.76,8.85,8.82,8.73,8.68,8.65,8.49,8.82,8.83,8.71,8.62,8.90,8.99,8.76,8.45,8.20,8.23,8.19,7.94,7.87,7.85,7.76,7.48,7.48,7.50,7.55,7.65,7.44,7.63,7.70,7.45,7.32,7.09,7.13,7.52,7.46,7.44,7.32,7.50,7.62,7.70,7.62,7.32,7.31,7.50,7.34,7.09,7.17,7.53,7.25,7.29,7.02,7.10,7.24,6.99,7.04,7.33,7.34,7.31,7.31,7.46,7.38,7.63,7.85,7.79,7.58,7.44,7.33,7.41,7.46,7.21,7.30,7.42,7.38,7.57,7.52,7.49,7.37,7.30,7.49,7.29,7.33,7.33,7.16,7.10,7.25,7.37,7.33,7.28,7.31,7.42,7.66,7.89,7.82,7.80,7.79,7.77,7.79,7.77,7.73,7.68,7.60,7.52,7.42,7.42,7.31,7.29,7.44,7.58,7.72,7.58,7.58,7.74,7.56,7.70,7.54,7.50,7.22,7.20,7.36,7.48,7.54,7.88,7.87,7.89,7.82,7.90,8.14,7.93,7.73,7.69,7.71,7.74,7.68,7.49,7.56,7.83,8.14,8.36
9.18,9.22,9.36,9.50,9.53,9.46,9.36,9.33,9.44,9.29,9.18,9.00,8.86,9.03,8.97,8.84,8.76,8.91,9.01,8.85,8.82,8.62,8.67,8.72,8.62,8.55,8.56,8.52,8.81,8.73,8.78,8.76,8.76,8.85,8.77,8.52,8.38,8.27,8.16,7.98,7.97,7.79,7.61,7.47,7.42,7.38,7.45,7.52,7.38,7.63,7.57,7.55,7.50,7.34,7.30,7.38,7.53,7.49,7.42,7.45,7.54,7.62,7.50,7.30,7.24,7.22,7.13,7.12,7.21,7.04,7.21,7.28,7.02,7.14,7.38,7.14,7.18,7.22,7.24,7.14,7.33,7.45,7.23,7.42,7.73,7.60,7.40,7.31,7.24,7.29,7.25,7.20,7.24,7.29,7.44,7.31,7.50,7.66,7.23,7.22,7.25,7.34,7.45,7.15,7.10,7.25,7.38,7.44,7.34,7.12,6.99,7.23,7.48,7.64,7.42,7.69,7.70,7.55,7.58,7.57,7.54,7.55,7.54,7.41,7.38,7.41,7.46,7.34,7.38,7.52,7.58,7.41,7.46,7.70,7.37,7.56,7.39,7.45,7.45,7.50,7.58,7.64,7.70,8.05,7.88,7.91,7.90,7.83,7.89,7.81,7.68,7.50,7.50,7.64,7.68,7.44,7.47,7.72,7.97,8.11
9.08,9.27,9.47,9.56,9.57,9.51,9.44,9.46,9.41,9.40,9.24,9.09,9.03,9.09,9.03,8.73,8.78,8.85,8.88,8.96,8.72,8.45,8.63,8.62,8.55,8.56,8.52,8.51,8.74,8.67,8.88,8.65,8.72,8.73,8.69,8.62,8.28,7.85,8.03,8.05,8.12,7.86,7.49,7.32,7.34,7.28,7.21,7.22,7.30,7.61,7.55,7.58,7.46,7.44,7.41,7.45,7.58,7.54,7.46,7.50,7.46,7.52,7.53,7.46,7.40,7.31,7.37,7.47,7.42,7.24,7.26,7.47,7.13,7.44,7.53,7.26,7.00,7.26,7.24,7.20,7.37,7.37,7.23,7.33,7.56,7.58,7.46,7.47,7.50,7.45,7.52,7.47,7.37,7.60,7.55,7.44,7.58,7.57,7.50,7.21,7.44,7.48,7.52,7.40,7.23,7.10,7.15,7.24,7.25,7.30,7.44,7.46,7.44,7.53,7.25,7.57,7.70,7.49,7.41,7.49,7.41,7.37,7.53,7.46,7.48,7.45,7.49,7.54,7.31,7.26,7.39,7.40,7.44,7.68,7.55,7.46,7.37,7.47,7.47,7.61,7.83,7.82,7.70,7.98,7.91,7.81,7.81,7.79,7.64,7.63,7.76,7.56,7.46,7.61,7.66,7.40,7.50,7.60,7.70,7.87
9.41,9.34,9.39,9.43,9.53,9.58,9.60,9.58,9.52,9.47,9.22,9.10,9.04,8.91,8.69,8.72,8.76,8.80,8.78,8.67,8.41,8.32,8.57,8.62,8.74,8.72,8.58,8.57,8.67,8.82,8.87,8.66,8.73,8.81,8.66,8.33,7.97,7.79,7.98,8.11,7.69,7.68,7.46,7.39,7.32,7.26,7.17,7.10,7.26,7.53,7.49,7.47,7.39,7.39,7.33,7.42,7.70,7.55,7.42,7.44,7.41,7.49,7.55,7.41,7.33,7.45,7.55,7.55,7.40,7.37,7.29,7.29,7.45,7.45,7.20,7.13,7.15,7.42,7.41,7.46,7.50,7.36,7.48,7.62,7.88,7.93,7.65,7.41,7.42,7.57,7.53,7.42,7.50,7.56,7.44,7.40,7.44,7.76,7.40,7.20,7.37,7.46,7.78,7.45,7.29,7.26,7.23,7.28,7.33,7.34,7.39,7.40,7.26,7.47,7.18,7.48,7.57,7.46,7.29,7.36,7.30,7.24,7.55,7.57,7.57,7.55,7.50,7.55,7.21,7.18,7.22,7.29,7.52,7.56,7.31,7.36,7.37,7.50,7.65,7.79,7.87,7.80,7.70,7.85,7.85,7.72,7.62,7.64,7.55,7.45,7.47,7.41,7.50,7.70,7.50,7.52,7.45,7.37,7.39,7.56
9.33,9.30,9.21,9.42,9.32,9.53,9.60,9.54,9.72,9.39,9.17,9.05,8.92,8.80,8.73,8.93,8.82,8.84,8.84,8.73,8.55,8.51,8.41,8.59,8.73,8.66,8.64,8.64,8.57,8.83,8.86,8.69,8.87,8.92,8.63,8.27,7.99,7.83,7.83,7.81,7.68,7.77,7.52,7.46,7.38,7.36,7.32,7.22,7.26,7.48,7.39,7.45,7.42,7.52,7.33,7.28,7.72,7.57,7.57,7.57,7.39,7.37,7.34,7.25,7.39,7.64,7.60,7.50,7.44,7.48,7.18,7.14,7.46,7.33,7.22,7.16,7.36,7.39,7.44,7.52,7.29,7.36,7.46,7.62,7.77,7.83,7.73,7.57,7.54,7.52,7.38,7.42,7.56,7.57,7.52,7.41,7.64,7.50,7.47,7.22,7.30,7.57,7.88,7.56,7.17,7.22,7.31,7.30,7.31,7.30,7.22,7.09,7.08,7.33,7.15,7.32,7.37,7.38,7.20,7.13,7.24,7.36,7.52,7.45,7.49,7.53,7.37,7.10,6.94,7.13,7.24,7.18,7.31,7.39,7.41,7.41,7.45,7.68,7.77,7.74,7.78,7.65,7.62,7.77,7.78,7.77,7.76,7.72,7.71,7.71,7.62,7.57,7.62,7.69,7.65,7.52,7.32,7.30,7.36,7.32
9.38,9.28,9.29,9.46,9.72,9.50,9.32,9.43,9.58,9.32,9.20,9.00,8.91,8.91,8.84,9.00,8.91,9.04,9.04,8.84,8.55,8.50,8.32,8.46,8.34,8.41,8.56,8.58,8.51,8.75,8.88,8.80,8.85,8.92,8.55,8.21,8.05,7.89,7.81,7.83,7.60,7.55,7.29,7.50,7.57,7.38,7.24,7.18,7.28,7.48,7.41,7.49,7.44,7.55,7.39,7.16,7.72,7.62,7.64,7.56,7.38,7.37,7.36,7.24,7.38,7.72,7.78,7.58,7.42,7.33,7.39,7.40,7.57,7.47,7.24,7.24,7.20,7.14,7.21,7.39,7.36,7.30,7.37,7.50,7.54,7.48,7.41,7.42,7.42,7.32,7.33,7.38,7.34,7.48,7.64,7.47,7.55,7.76,7.55,7.33,7.53,7.61,7.82,7.73,7.41,7.29,7.34,7.45,7.49,7.34,7.31,7.05,7.14,7.23,7.12,7.18,7.25,7.30,7.16,7.10,7.28,7.50,7.72,7.45,7.48,7.57,7.48,7.31,7.06,7.04,7.14,7.16,7.28,7.45,7.37,7.45,7.44,7.61,7.77,7.71,7.65,7.57,7.46,7.66,7.69,7.62,7.63,7.82,7.63,7.52,7.50,7.52,7.56,7.68,7.73,7.62,7.38,7.29,7.41,7.24
9.44,9.34,9.33,9.51,9.54,9.31,9.37,9.56,9.50,9.30,9.11,9.00,9.02,9.00,8.86,8.88,8.91,9.06,8.92,8.72,8.68,8.55,8.34,8.47,8.85,8.77,8.68,8.71,8.74,8.87,8.90,8.88,8.69,8.83,8.49,8.12,7.93,7.87,7.91,7.96,7.76,7.49,7.32,7.40,7.29,7.28,7.37,7.20,6.99,7.23,7.52,7.45,7.29,7.28,7.33,7.25,7.70,7.62,7.54,7.44,7.36,7.40,7.42,7.36,7.47,7.71,7.77,7.66,7.41,7.25,7.41,7.39,7.56,7.49,7.36,7.33,7.22,7.30,7.24,7.30,7.20,7.31,7.36,7.48,7.61,7.50,7.39,7.36,7.37,7.37,7.34,7.30,7.23,7.42,7.47,7.42,7.60,7.85,7.61,7.34,7.44,7.31,7.40,7.44,7.39,7.37,7.40,7.49,7.56,7.40,7.38,7.28,7.31,7.30,7.14,7.20,7.28,7.23,7.13,7.18,7.40,7.42,7.50,7.22,7.54,7.37,7.46,7.30,7.18,7.17,7.21,7.29,7.26,7.48,7.32,7.39,7.36,7.42,7.66,7.79,7.49,7.57,7.44,7.66,7.76,7.74,7.80,7.77,7.54,7.57,7.64,7.68,7.66,7.61,7.70,7.65,7.49,7.33,7.31,7.24
9.49,9.31,9.27,9.43,9.50,9.40,9.60,9.73,9.51,9.21,9.11,9.01,8.94,8.94,8.93,8.83,8.85,8.96,8.74,8.62,8.66,8.56,8.48,8.31,8.52,8.33,8.38,8.59,8.86,9.09,8.81,8.80,8.76,8.74,8.41,8.00,7.81,7.82,7.82,7.70,7.66,7.53,7.47,7.47,7.40,7.24,7.22,7.18,7.13,7.26,7.47,7.52,7.21,7.24,7.36,7.37,7.58,7.54,7.44,7.40,7.34,7.36,7.32,7.37,7.58,7.68,7.55,7.45,7.26,7.20,7.22,7.24,7.39,7.29,7.45,7.22,7.25,7.26,7.20,7.21,7.22,7.42,7.53,7.63,7.70,7.56,7.42,7.33,7.26,7.28,7.30,7.22,7.21,7.24,7.32,7.36,7.64,7.78,7.60,7.28,7.42,7.26,7.21,7.23,7.32,7.46,7.45,7.34,7.28,7.29,7.22,7.39,7.33,7.37,7.30,7.24,7.16,7.10,7.18,7.31,7.29,7.32,7.54,7.20,7.46,7.46,7.41,7.33,7.26,7.23,7.26,7.39,7.41,7.50,7.37,7.37,7.37,7.41,7.57,7.64,7.31,7.36,7.25,7.42,7.44,7.31,7.55,7.77,7.82,7.86,7.79,7.69,7.64,7.60,7.66,7.62,7.52,7.45,7.34,7.01
9.37,9.18,9.23,9.34,9.60,9.59,9.70,9.66,9.41,9.14,9.10,8.95,8.94,9.11,9.15,8.91,9.00,8.95,8.71,8.59,8.58,8.62,8.74,8.43,8.65,8.65,8.63,8.73,8.80,8.75,8.84,8.83,8.75,8.68,8.22,7.91,7.78,7.71,7.62,7.45,7.50,7.49,7.32,7.38,7.45,7.21,7.21,7.22,7.15,7.23,7.25,7.15,7.21,7.66,7.61,7.25,7.54,7.52,7.37,7.48,7.54,7.49,7.26,7.32,7.62,7.63,7.37,7.14,7.16,7.25,7.12,7.21,7.29,7.23,7.37,7.23,7.21,7.21,7.18,7.30,7.39,7.50,7.56,7.68,7.76,7.64,7.48,7.34,7.13,7.13,7.28,7.24,7.22,7.07,7.28,7.25,7.69,7.69,7.65,7.36,7.52,7.53,7.40,7.33,7.41,7.50,7.44,7.28,7.09,7.13,7.16,7.38,7.50,7.32,7.33,7.26,7.21,7.22,7.22,7.25,7.32,7.13,7.20,7.24,7.38,7.45,7.46,7.34,7.23,7.15,7.10,7.33,7.50,7.54,7.46,7.48,7.60,7.65,7.54,7.38,7.61,7.40,7.57,7.66,7.61,7.45,7.42,7.72,8.00,8.06,7.88,7.64,7.64,7.69,7.77,7.71,7.60,7.55,7.69,7.18
9.15,9.21,9.33,9.32,9.59,9.44,9.43,9.37,9.23,9.05,8.91,8.84,9.02,9.08,8.88,8.80,9.37,9.04,8.71,8.52,8.52,8.64,8.68,8.43,8.68,8.59,8.48,8.51,8.58,8.65,8.64,8.51,8.56,8.58,8.21,7.94,7.65,7.52,7.50,7.44,7.41,7.40,7.21,7.39,7.33,7.30,7.32,7.14,7.09,7.26,7.42,7.50,7.57,7.60,7.66,7.61,7.45,7.71,7.49,7.57,7.63,7.65,7.50,7.56,7.62,7.54,7.37,7.21,7.29,7.41,7.26,7.36,7.36,7.40,7.37,7.41,7.23,7.21,7.28,7.36,7.44,7.41,7.42,7.56,7.79,7.72,7.54,7.44,7.18,7.17,7.31,7.31,7.24,7.02,7.23,7.21,7.71,7.65,7.80,7.60,7.53,7.52,7.50,7.42,7.29,7.30,7.45,7.53,7.34,7.07,7.12,7.25,7.61,7.48,7.58,7.39,7.47,7.68,7.61,7.40,7.32,7.34,7.31,7.41,7.46,7.41,7.38,7.31,7.22,7.13,6.97,7.31,7.34,7.52,7.46,7.52,7.72,7.91,7.94,7.76,7.44,7.45,7.33,7.46,7.52,7.31,7.38,7.63,7.93,7.95,7.81,7.72,7.93,7.81,7.87,7.77,7.54,7.42,7.45,7.05
8.93,9.12,9.23,9.19,9.29,9.00,9.08,9.03,8.91,8.81,8.75,8.83,8.93,8.95,8.82,8.65,8.78,8.90,8.50,8.38,8.47,8.51,8.46,8.38,8.57,8.40,8.34,8.29,8.45,8.57,8.30,8.40,8.73,8.74,8.62,8.15,7.66,7.45,7.45,7.45,7.39,7.42,7.38,7.46,7.28,7.36,7.29,7.20,7.30,7.46,7.55,7.64,7.60,7.63,7.66,7.54,7.44,7.71,7.66,7.86,7.70,7.65,7.49,7.45,7.52,7.54,7.54,7.46,7.37,7.39,7.34,7.50,7.42,7.47,7.54,7.53,7.33,7.13,7.25,7.22,7.29,7.26,7.36,7.57,7.83,7.82,7.58,7.50,7.40,7.33,7.37,7.32,7.20,7.06,7.17,7.24,7.48,7.61,7.78,7.68,7.64,7.54,7.58,7.61,7.50,7.52,7.45,7.38,7.31,7.22,7.09,7.30,7.46,7.62,7.62,7.57,7.62,7.79,7.89,7.78,7.60,7.50,7.44,7.38,7.46,7.40,7.29,7.24,7.28,7.21,7.23,7.64,7.45,7.41,7.46,7.46,7.56,7.74,7.81,7.85,7.56,7.56,7.49,7.41,7.42,7.28,7.40,7.49,7.77,7.79,7.65,7.95,7.91,7.63,7.62,7.66,7.58,7.57,7.47,7.09
9.01,9.05,9.05,9.02,8.97,9.12,8.99,8.80,8.66,8.59,8.65,8.72,8.55,8.65,8.62,8.59,8.96,8.97,8.71,8.58,8.47,8.42,8.49,8.45,8.55,8.39,8.36,8.32,8.49,8.56,8.46,8.52,8.87,8.81,8.59,8.11,7.69,7.69,7.71,7.61,7.60,7.65,7.47,7.39,7.29,7.30,7.29,7.25,7.37,7.54,7.58,7.62,7.71,7.68,7.66,7.66,7.57,7.81,7.69,7.49,7.49,7.49,7.63,7.53,7.37,7.52,7.64,7.55,7.57,7.42,7.39,7.24,7.55,7.60,7.37,7.41,7.18,7.10,7.13,7.17,7.17,7.28,7.48,7.70,7.85,7.89,7.71,7.46,7.44,7.18,7.37,7.28,6.94,6.99,7.20,7.06,7.12,7.55,7.69,7.58,7.56,7.68,7.81,7.71,7.38,7.20,7.44,7.46,7.42,7.64,7.58,7.45,7.52,7.73,7.73,7.76,7.94,7.96,7.86,7.99,7.73,7.69,7.48,7.37,7.37,7.40,7.37,7.34,7.33,7.26,7.50,7.63,7.45,7.48,7.65,7.65,7.56,7.56,7.65,7.61,7.52,7.53,7.55,7.47,7.33,7.37,7.55,7.53,7.81,8.06,7.97,8.10,7.85,7.77,7.76,7.72,7.55,7.40,7.30,7.16
9.05,9.09,9.10,9.14,9.19,9.06,9.05,8.96,8.80,8.68,8.67,8.62,8.46,8.59,8.55,8.50,8.59,8.95,8.48,8.45,8.43,8.50,8.56,8.42,8.60,8.50,8.41,8.42,8.51,8.58,8.50,8.47,8.54,8.55,8.31,7.96,7.91,7.72,7.60,7.61,7.60,7.61,7.32,7.42,7.20,7.36,7.49,7.33,7.34,7.61,7.71,7.66,7.65,7.55,7.55,7.63,7.66,7.79,7.71,7.58,7.60,7.62,7.48,7.48,7.53,7.57,7.64,7.56,7.41,7.37,7.45,7.18,7.64,7.38,7.21,7.13,6.86,7.01,7.23,7.26,7.05,7.16,7.48,7.63,7.65,7.72,7.68,7.40,7.39,7.37,7.42,7.15,7.20,7.23,7.09,7.29,7.42,7.37,7.62,7.49,7.45,7.56,7.61,7.44,7.21,7.16,7.41,7.53,7.45,7.44,7.57,7.66,7.55,7.83,7.95,7.93,8.02,8.02,7.81,7.97,7.82,7.89,7.64,7.60,7.49,7.37,7.36,7.45,7.50,7.55,7.48,7.78,7.49,7.55,7.72,7.71,7.56,7.49,7.57,7.66,7.57,7.54,7.49,7.42,7.29,7.08,7.56,7.89,8.02,7.96,7.81,7.88,7.81,7.73,7.66,7.65,7.62,7.34,7.25,7.25
9.02,9.00,9.01,9.10,9.15,8.96,9.19,9.04,8.96,8.94,8.88,8.73,8.72,8.67,8.55,8.38,8.31,8.64,8.52,8.52,8.49,8.55,8.59,8.51,8.31,8.52,8.36,8.30,8.51,8.50,8.37,8.40,8.34,8.27,7.83,7.76,7.66,7.53,7.53,7.54,7.48,7.47,7.62,7.58,7.45,7.49,7.71,7.53,7.45,7.64,7.78,7.61,7.46,7.44,7.41,7.54,7.78,7.66,7.73,7.64,7.49,7.38,7.41,7.50,7.55,7.57,7.49,7.41,7.41,7.24,7.25,7.23,7.47,7.20,7.25,7.23,7.01,7.13,7.17,7.21,7.05,7.12,7.33,7.63,7.69,7.63,7.55,7.34,7.49,7.36,7.44,7.20,7.16,7.46,7.37,7.34,7.38,7.54,7.55,7.41,7.42,7.53,7.62,7.56,7.31,7.22,7.24,7.38,7.56,7.54,7.62,7.74,7.48,7.72,7.86,7.88,7.90,7.87,7.88,7.93,8.16,7.98,7.81,7.57,7.52,7.50,7.54,7.62,7.36,7.06,7.69,7.98,7.68,7.56,7.57,7.58,7.62,7.60,7.56,7.73,7.70,7.66,7.58,7.47,7.34,7.31,7.37,7.54,7.74,7.89,7.82,7.78,7.61,7.57,7.56,7.56,7.62,7.47,7.46,7.46
