-2.83,-2.57,-2.33,-2.50,-2.37,-2.20,-1.83,-1.73,-2.11,-1.39,-1.51,-1.46,-1.43,-1.51,-1.65,-1.49,-1.64,-1.46,-1.45,-1.59,-1.59,-1.71,-1.82,-2.07,-2.33,-2.55,-2.52,-2.38,-2.36,-2.30,-2.25,-2.29,-2.63,-2.60,-2.50,-2.30,-2.13,-2.37,-2.55,-2.23,-2.06,-1.90,-1.53,-1.43,-1.22,-0.95,-0.83,-0.86,-0.73,-0.67,-0.81,-0.78,-0.81,-0.75,-0.80,-0.57,-0.46,-0.57,-0.62,-0.59,-0.57,-0.47,-0.52,-0.68,-0.64,-0.33,-0.41,-0.29,-0.17,-0.22,-0.27,-0.24,-0.22,-0.17,-0.52,-0.76,-0.77,-0.85,-0.82,-0.57,0.22,0.95,1.62,1.34,1.12,1.27,1.19,1.07,1.22,1.30,1.40,1.55,1.31,1.15,0.65,0.01,-0.33,-0.76,-0.95,-1.02,-0.77,-0.73,-0.80,-0.51,-0.58,-0.59,-0.58,-0.58,-0.39,-0.46,-0.56,-0.48,-0.36,-0.23,-0.28,-0.41,-0.47,-0.59,-0.52,-0.63,-0.67,-0.69,-0.68,-0.73,-0.95,-0.85,-1.02,-1.34,-1.86,-2.14,-2.93,-3.97,-5.01,-6.90,-9.25,-11.75,-13.62,-14.88,-15.98,-17.12,-18.43,-19.87,-21.35,-23.90,-27.13,-30.34,-32.65,-32.98,-31.28,-29.69,-27.87,-26.10,-24.09,-21.61,-19.76,-18.54,-17.73,-17.39,-17.36,-17.22
-2.55,-2.29,-1.82,-1.86,-1.73,-1.68,-1.45,-1.20,-1.36,-1.07,-1.08,-1.20,-1.29,-1.32,-1.21,-1.11,-1.31,-1.19,-1.17,-1.36,-1.19,-1.25,-1.55,-1.79,-2.01,-2.22,-2.25,-2.25,-2.25,-2.16,-2.30,-2.45,-2.48,-2.37,-2.28,-2.20,-2.18,-2.37,-2.23,-2.16,-1.86,-1.72,-1.48,-1.34,-1.11,-0.81,-0.75,-0.76,-0.63,-0.56,-0.73,-0.83,-0.86,-0.80,-0.59,-0.56,-0.57,-0.48,-0.57,-0.67,-0.54,-0.44,-0.48,-0.72,-0.58,-0.69,-0.44,-0.17,-0.37,-0.48,-0.21,-0.22,-0.28,-0.43,-0.49,-0.59,-0.67,-0.54,-0.66,-0.83,-0.11,0.65,1.22,1.14,1.03,0.91,0.82,0.97,1.17,0.95,0.81,1.09,0.98,0.74,0.20,-0.22,-0.41,-0.75,-0.88,-1.07,-0.61,-0.64,-0.77,-0.41,-0.57,-0.62,-0.47,-0.56,-0.43,-0.53,-0.58,-0.42,-0.34,-0.31,-0.41,-0.63,-0.47,-0.44,-0.44,-0.39,-0.56,-0.72,-0.71,-0.77,-0.91,-0.67,-0.98,-1.05,-1.43,-1.59,-2.20,-2.91,-3.70,-5.07,-6.80,-8.87,-11.43,-13.45,-14.46,-15.50,-16.78,-17.86,-18.91,-21.38,-24.03,-26.71,-28.74,-29.30,-28.09,-26.66,-26.17,-25.22,-23.76,-22.38,-20.00,-18.76,-17.92,-17.62,-17.48,-17.17
-2.22,-1.88,-1.43,-1.45,-1.31,-1.31,-1.31,-1.19,-1.17,-0.97,-0.77,-0.71,-0.80,-0.95,-1.08,-0.92,-0.98,-0.93,-0.92,-1.08,-0.86,-0.86,-1.26,-1.44,-1.54,-1.73,-1.83,-1.87,-2.37,-2.19,-2.46,-2.22,-2.32,-2.22,-2.09,-2.16,-2.22,-2.14,-1.92,-2.09,-1.72,-1.63,-1.51,-1.32,-1.05,-0.85,-0.78,-0.72,-0.69,-0.37,-0.58,-0.68,-0.78,-0.56,-0.49,-0.75,-0.86,-0.66,-0.62,-0.59,-0.38,-0.47,-0.57,-0.64,-0.82,-0.78,-0.58,-0.44,-0.29,-0.44,-0.12,-0.18,-0.33,-0.43,-0.38,-0.51,-0.44,-0.38,-0.75,-0.73,-0.28,0.25,0.53,0.40,0.50,0.25,0.12,0.51,0.40,0.39,0.25,0.41,0.35,-0.02,-0.41,-0.57,-0.47,-0.51,-0.86,-1.01,-0.72,-0.58,-0.69,-0.61,-0.66,-0.68,-0.53,-0.64,-0.46,-0.59,-0.69,-0.54,-0.46,-0.52,-0.62,-0.68,-0.61,-0.61,-0.67,-0.54,-0.73,-0.68,-0.57,-0.80,-1.05,-0.76,-0.82,-1.07,-1.16,-1.26,-1.62,-2.05,-2.69,-3.70,-4.79,-6.46,-9.19,-11.68,-13.40,-14.31,-14.97,-15.98,-17.00,-19.08,-20.85,-22.53,-23.84,-24.38,-23.67,-23.35,-22.96,-22.58,-22.05,-21.10,-20.13,-18.73,-17.79,-17.43,-17.31,-17.28
-2.06,-1.49,-1.26,-1.29,-1.00,-0.88,-0.96,-0.96,-0.75,-0.76,-0.71,-0.66,-0.66,-0.68,-0.85,-0.67,-0.68,-0.68,-0.63,-0.58,-0.27,-0.29,-0.58,-0.85,-0.98,-1.08,-1.32,-1.50,-2.06,-2.00,-2.13,-2.09,-2.24,-2.19,-1.92,-1.83,-1.81,-1.64,-1.60,-1.85,-1.41,-1.43,-1.36,-1.22,-1.06,-0.85,-0.76,-0.72,-0.61,-0.61,-0.73,-0.73,-0.61,-0.44,-0.52,-0.72,-0.64,-0.56,-0.69,-0.78,-0.64,-0.54,-0.64,-0.81,-0.62,-0.69,-0.58,-0.51,-0.52,-0.47,-0.31,-0.18,-0.38,-0.51,-0.49,-0.56,-0.56,-0.66,-0.88,-0.68,-0.47,-0.41,-0.01,-0.01,-0.28,-0.33,-0.11,0.22,-0.03,-0.02,0.12,0.32,0.12,-0.19,-0.34,-0.37,-0.44,-0.68,-0.81,-0.68,-0.63,-0.63,-0.86,-0.58,-0.77,-0.61,-0.62,-0.58,-0.46,-0.63,-0.77,-0.64,-0.52,-0.59,-0.68,-0.59,-0.47,-0.72,-0.73,-0.56,-0.58,-0.67,-0.75,-0.88,-0.93,-0.71,-0.91,-1.05,-0.83,-1.02,-1.32,-1.54,-2.00,-2.77,-3.52,-4.62,-6.77,-9.18,-10.91,-12.11,-13.34,-14.45,-15.02,-17.00,-18.21,-18.99,-19.58,-19.87,-19.82,-20.07,-19.37,-19.24,-19.11,-18.86,-18.76,-17.68,-17.12,-17.22,-17.48,-17.57
-2.22,-1.60,-1.36,-1.14,-0.88,-0.69,-0.58,-0.41,-0.80,-0.75,-0.62,-0.51,-0.39,-0.38,-0.44,-0.38,-0.36,-0.39,-0.39,-0.47,0.04,0.34,-0.02,-0.34,-0.83,-1.31,-1.38,-1.44,-1.86,-1.93,-2.02,-2.11,-2.09,-2.01,-1.90,-1.73,-1.32,-1.35,-1.27,-1.50,-1.03,-1.11,-1.10,-0.98,-0.92,-0.88,-1.02,-0.86,-0.72,-0.47,-0.69,-0.66,-0.63,-0.48,-0.64,-0.69,-0.71,-0.67,-0.44,-0.48,-0.62,-0.48,-0.76,-0.80,-0.64,-0.54,-0.61,-0.51,-0.44,-0.39,-0.34,-0.14,-0.32,-0.51,-0.53,-0.61,-0.71,-0.67,-0.53,-0.44,-0.39,-0.52,-0.27,-0.18,-0.34,-0.22,-0.13,-0.12,-0.19,-0.03,-0.08,-0.03,-0.08,-0.16,-0.14,-0.16,-0.24,-0.42,-0.76,-0.90,-0.66,-0.54,-0.59,-1.03,-0.64,-0.59,-0.63,-0.71,-0.56,-0.56,-0.61,-0.54,-0.47,-0.54,-0.63,-0.59,-0.58,-0.72,-0.63,-0.75,-0.75,-0.76,-0.82,-0.98,-1.05,-0.85,-1.01,-1.08,-1.01,-1.11,-1.34,-1.36,-1.59,-2.11,-2.72,-3.48,-4.79,-6.42,-8.07,-9.91,-11.52,-12.71,-13.85,-14.85,-15.61,-16.07,-16.38,-16.72,-17.06,-16.89,-16.61,-16.55,-16.38,-16.35,-16.56,-15.79,-16.08,-16.04,-16.10,-16.49
-2.15,-2.09,-1.49,-1.06,-0.71,-0.43,-0.26,-0.37,-0.44,-0.49,-0.43,-0.29,-0.17,-0.16,-0.17,-0.26,-0.19,-0.13,-0.31,-0.06,0.06,0.54,0.39,0.17,-0.18,-0.87,-1.41,-1.24,-1.58,-1.85,-1.87,-2.02,-1.97,-1.77,-1.73,-1.67,-1.12,-1.38,-1.15,-1.34,-1.27,-1.19,-1.11,-1.20,-1.25,-0.98,-1.03,-0.87,-1.10,-0.41,-0.54,-0.57,-0.56,-0.67,-0.64,-0.75,-0.81,-0.69,-0.58,-0.53,-0.61,-0.52,-0.68,-0.57,-0.66,-0.49,-0.64,-0.57,-0.47,-0.33,-0.28,-0.14,-0.28,-0.44,-0.52,-0.58,-0.64,-0.57,-0.38,-0.47,-0.39,-0.39,-0.33,-0.04,0.06,0.03,-0.17,-0.28,-0.33,-0.03,-0.09,-0.11,-0.18,-0.28,-0.16,-0.21,-0.27,-0.32,-0.75,-0.87,-0.68,-0.75,-0.82,-0.69,-0.59,-0.82,-0.81,-0.76,-0.81,-0.61,-0.63,-0.62,-0.58,-0.64,-0.72,-0.68,-0.68,-0.64,-0.77,-0.78,-0.80,-0.86,-0.97,-1.19,-1.25,-1.12,-1.21,-1.20,-0.77,-0.81,-1.15,-1.22,-1.29,-1.62,-2.14,-2.77,-3.53,-4.64,-6.08,-8.19,-9.96,-11.14,-12.08,-12.97,-13.40,-13.83,-14.19,-14.42,-14.42,-14.33,-14.78,-14.67,-14.40,-14.43,-14.63,-14.21,-14.84,-14.85,-15.25,-15.82
-2.02,-1.93,-1.34,-0.90,-0.62,-0.46,-0.39,-0.31,-0.32,-0.33,-0.28,-0.14,-0.06,-0.17,-0.24,-0.33,-0.22,-0.07,-0.24,-0.16,0.07,0.64,0.56,0.35,0.20,-0.36,-1.14,-1.20,-1.43,-1.72,-1.78,-1.93,-1.96,-1.73,-1.49,-1.16,-0.95,-1.29,-1.22,-1.07,-0.93,-0.98,-1.02,-1.06,-1.12,-0.93,-0.92,-0.90,-0.82,-0.58,-0.61,-0.66,-0.62,-0.61,-0.62,-0.75,-0.83,-0.69,-0.63,-0.62,-0.53,-0.52,-0.56,-0.48,-0.61,-0.66,-0.56,-0.52,-0.51,-0.43,-0.33,-0.18,-0.26,-0.32,-0.37,-0.46,-0.49,-0.49,-0.48,-0.56,-0.44,-0.34,-0.39,-0.01,0.10,-0.06,-0.33,-0.41,-0.38,-0.12,-0.14,-0.28,-0.26,-0.36,-0.36,-0.34,-0.39,-0.48,-0.61,-0.66,-0.76,-0.82,-0.87,-0.82,-0.88,-0.88,-0.93,-1.00,-0.85,-0.88,-0.92,-0.87,-0.77,-0.87,-0.95,-0.61,-0.53,-0.72,-0.92,-0.80,-0.85,-0.92,-1.03,-1.19,-1.20,-1.07,-1.06,-1.15,-0.87,-1.02,-1.07,-1.14,-1.35,-1.49,-1.60,-2.05,-2.81,-4.09,-5.15,-7.11,-9.05,-10.36,-11.16,-12.02,-12.37,-12.33,-12.70,-12.89,-12.74,-12.83,-12.99,-13.12,-13.08,-13.17,-13.28,-13.15,-13.68,-13.92,-14.19,-14.49
-2.23,-1.93,-1.22,-0.96,-0.72,-0.33,-0.49,-0.26,-0.26,-0.34,-0.33,-0.22,0.10,-0.16,-0.16,-0.13,-0.14,-0.13,-0.17,-0.14,0.18,0.71,0.80,0.65,0.49,-0.13,-0.81,-1.00,-1.32,-1.55,-1.77,-1.95,-1.92,-1.72,-1.62,-1.30,-1.11,-1.22,-1.15,-1.12,-1.12,-1.07,-0.96,-1.00,-1.16,-0.88,-0.93,-0.92,-0.93,-0.62,-0.61,-0.67,-0.59,-0.53,-0.64,-0.78,-0.77,-0.61,-0.54,-0.63,-0.46,-0.44,-0.52,-0.48,-0.57,-0.71,-0.48,-0.37,-0.36,-0.49,-0.39,-0.17,-0.12,-0.12,-0.17,-0.33,-0.46,-0.44,-0.34,-0.32,-0.32,-0.29,-0.51,-0.21,-0.28,-0.36,-0.59,-0.52,-0.28,-0.23,-0.21,-0.26,-0.27,-0.41,-0.53,-0.48,-0.51,-0.57,-0.53,-0.61,-0.76,-0.93,-0.88,-0.82,-0.86,-0.69,-1.02,-0.97,-0.85,-0.85,-0.73,-0.81,-1.00,-1.05,-0.85,-0.53,-0.58,-0.93,-0.87,-1.03,-0.96,-1.01,-1.05,-1.11,-1.12,-1.07,-1.02,-1.01,-0.82,-1.03,-1.11,-0.96,-1.16,-1.30,-1.31,-1.57,-2.37,-3.87,-5.13,-6.90,-8.85,-9.99,-10.60,-11.27,-11.71,-11.45,-11.97,-12.08,-11.98,-12.27,-12.37,-12.04,-11.85,-12.10,-12.43,-12.43,-12.72,-13.09,-13.17,-13.30
-2.11,-1.71,-1.22,-0.96,-0.80,-0.29,-0.29,-0.19,-0.16,-0.27,-0.43,-0.32,-0.04,-0.09,-0.23,-0.23,-0.04,0.12,0.03,0.15,0.24,0.51,0.81,0.86,0.56,-0.04,-0.72,-0.78,-1.16,-1.36,-1.60,-1.77,-1.68,-1.53,-1.48,-1.19,-1.00,-0.96,-1.07,-1.05,-1.00,-0.92,-0.83,-0.83,-0.97,-0.80,-0.88,-0.75,-0.85,-0.63,-0.61,-0.61,-0.62,-0.57,-0.62,-0.73,-0.66,-0.46,-0.42,-0.61,-0.47,-0.36,-0.54,-0.37,-0.58,-0.53,-0.52,-0.43,-0.26,-0.41,-0.29,-0.06,0.04,-0.09,-0.24,-0.36,-0.48,-0.36,-0.14,-0.13,-0.14,-0.26,-0.44,-0.16,-0.38,-0.44,-0.66,-0.39,-0.16,-0.26,-0.21,0.01,-0.26,-0.49,-0.56,-0.58,-0.58,-0.58,-0.57,-0.54,-0.66,-0.73,-0.73,-0.81,-0.81,-0.85,-0.96,-0.81,-0.69,-0.66,-0.73,-0.75,-0.71,-0.83,-0.98,-1.01,-0.93,-0.81,-1.06,-1.15,-0.96,-1.11,-1.10,-1.12,-1.16,-1.07,-1.01,-1.07,-0.98,-1.19,-1.08,-0.91,-1.08,-1.15,-1.19,-1.54,-2.57,-4.09,-6.36,-7.71,-9.01,-9.65,-10.03,-10.59,-11.20,-11.09,-11.49,-11.35,-11.27,-11.53,-11.52,-11.40,-11.03,-11.40,-11.85,-11.85,-11.98,-12.32,-12.40,-12.59
-2.11,-1.50,-1.16,-0.95,-0.69,-0.48,-0.21,-0.16,-0.31,-0.38,-0.21,-0.13,-0.06,-0.11,-0.24,-0.19,0.01,0.04,-0.09,0.23,0.18,0.29,0.65,0.77,0.24,-0.02,-0.71,-0.96,-1.06,-1.36,-1.58,-1.76,-1.88,-1.62,-1.69,-1.10,-0.98,-0.93,-0.91,-0.91,-0.97,-1.01,-0.86,-0.77,-0.91,-0.73,-0.85,-0.58,-0.80,-0.68,-0.64,-0.59,-0.77,-0.69,-0.54,-0.59,-0.59,-0.47,-0.29,-0.36,-0.38,-0.17,-0.53,-0.41,-0.54,-0.61,-0.53,-0.28,-0.21,-0.31,-0.13,-0.02,0.07,-0.09,-0.37,-0.51,-0.41,-0.17,-0.33,-0.42,-0.03,-0.14,-0.37,-0.17,-0.44,-0.36,-0.44,-0.12,-0.12,-0.01,-0.23,-0.07,-0.33,-0.43,-0.39,-0.51,-0.56,-0.59,-0.57,-0.48,-0.58,-0.49,-0.56,-0.77,-0.69,-0.91,-0.90,-0.92,-0.83,-0.96,-0.83,-0.85,-0.82,-0.82,-0.78,-0.73,-0.83,-0.71,-0.82,-0.90,-0.63,-1.01,-1.08,-1.21,-1.16,-0.98,-0.93,-1.10,-1.06,-1.11,-1.02,-1.10,-1.26,-1.22,-1.22,-1.78,-3.25,-5.21,-7.31,-8.56,-9.46,-9.69,-9.85,-10.32,-10.97,-10.84,-11.22,-11.10,-11.12,-11.36,-11.40,-10.96,-10.94,-11.26,-11.43,-11.45,-11.55,-11.58,-11.81,-12.18
-2.05,-1.48,-1.07,-0.90,-0.68,-0.48,-0.38,-0.39,-0.34,-0.28,-0.19,-0.03,0.15,-0.04,-0.16,-0.12,-0.01,-0.06,-0.31,0.18,0.12,0.17,0.46,0.35,-0.32,-0.62,-0.85,-1.03,-1.21,-1.36,-1.49,-1.65,-1.82,-1.51,-1.55,-1.05,-0.72,-0.76,-0.90,-0.87,-0.88,-0.93,-0.86,-0.82,-0.96,-0.86,-0.78,-0.69,-0.96,-0.81,-0.71,-0.68,-0.83,-0.77,-0.61,-0.64,-0.69,-0.62,-0.34,-0.41,-0.38,-0.02,-0.28,-0.23,-0.31,-0.23,-0.17,-0.22,0.03,-0.19,-0.02,0.15,0.10,0.02,-0.06,-0.21,-0.33,-0.18,-0.17,-0.13,-0.02,-0.11,-0.36,-0.46,-0.23,-0.34,-0.31,-0.18,0.15,0.07,-0.13,-0.09,-0.28,-0.36,-0.24,-0.26,-0.43,-0.56,-0.52,-0.52,-0.58,-0.48,-0.53,-0.69,-0.64,-0.86,-0.73,-0.97,-0.90,-0.96,-0.85,-0.82,-0.83,-0.85,-0.72,-0.73,-0.95,-0.77,-0.97,-0.82,-0.66,-1.01,-1.11,-1.10,-1.12,-1.00,-0.85,-0.97,-1.00,-0.98,-1.02,-1.22,-1.27,-1.17,-1.16,-1.95,-3.79,-6.01,-8.33,-9.71,-10.23,-10.29,-10.34,-10.63,-10.97,-10.44,-10.97,-11.04,-11.07,-11.23,-11.37,-10.83,-10.63,-10.86,-10.80,-10.70,-11.12,-11.07,-11.09,-11.69
-1.68,-1.44,-1.11,-0.77,-0.44,-0.56,-0.54,-0.41,-0.23,-0.08,-0.06,-0.18,-0.04,-0.03,-0.11,-0.11,-0.04,-0.08,-0.37,0.13,0.17,0.07,0.18,-0.33,-0.88,-1.11,-1.15,-1.14,-1.24,-1.39,-1.51,-1.62,-1.65,-1.50,-1.40,-1.24,-0.85,-0.76,-0.87,-0.88,-0.78,-0.75,-0.80,-0.90,-0.98,-0.98,-0.71,-0.90,-1.03,-0.92,-0.83,-0.80,-0.82,-0.66,-0.52,-0.69,-0.71,-0.56,-0.52,-0.62,-0.34,-0.36,-0.44,-0.33,-0.49,-0.37,-0.33,-0.28,-0.04,-0.08,-0.12,0.02,0.04,0.02,0.07,-0.12,-0.42,-0.36,-0.23,-0.28,-0.33,-0.43,-0.37,-0.36,-0.22,-0.19,-0.27,-0.17,-0.19,-0.26,-0.22,-0.09,-0.18,-0.13,-0.13,-0.23,-0.39,-0.48,-0.43,-0.43,-0.51,-0.49,-0.66,-0.66,-0.76,-0.88,-0.62,-0.88,-0.82,-0.78,-0.88,-0.80,-0.69,-0.85,-0.83,-0.83,-1.05,-0.92,-1.02,-0.82,-0.98,-1.01,-0.98,-0.98,-1.07,-1.07,-1.01,-1.03,-0.97,-1.02,-1.01,-1.19,-1.19,-1.07,-1.14,-2.16,-4.31,-6.77,-8.83,-9.77,-10.10,-10.17,-10.19,-10.52,-10.99,-10.36,-10.64,-10.90,-10.91,-11.03,-11.13,-10.47,-10.53,-10.36,-10.09,-10.13,-10.44,-10.77,-10.50,-11.29
-1.46,-1.44,-1.25,-0.78,-0.58,-0.62,-0.52,-0.47,-0.32,-0.08,-0.03,-0.11,-0.04,0.06,0.02,-0.12,-0.06,-0.16,-0.43,-0.29,-0.12,0.10,0.25,-0.54,-0.77,-1.24,-1.36,-1.25,-1.35,-1.44,-1.41,-1.57,-1.67,-1.74,-1.38,-1.07,-1.06,-0.97,-0.92,-0.96,-0.86,-0.68,-0.77,-0.91,-1.06,-0.87,-0.64,-0.85,-1.02,-0.91,-0.69,-0.83,-0.97,-0.86,-0.73,-0.73,-0.95,-0.90,-0.49,-0.48,-0.56,-0.53,-0.54,-0.49,-0.51,-0.51,-0.58,-0.47,-0.16,-0.16,0.01,0.04,-0.02,-0.02,-0.16,-0.36,-0.31,-0.28,-0.38,-0.24,-0.16,-0.33,-0.29,-0.37,-0.36,-0.26,-0.19,-0.03,-0.22,-0.16,-0.26,-0.29,-0.26,-0.22,-0.38,-0.39,-0.33,-0.27,-0.23,-0.39,-0.53,-0.58,-0.73,-0.59,-0.67,-0.82,-0.85,-0.93,-0.90,-0.75,-0.92,-0.76,-0.75,-0.91,-0.88,-0.95,-1.08,-0.96,-0.96,-0.83,-1.00,-1.16,-0.86,-0.92,-1.05,-1.12,-1.08,-0.98,-1.01,-1.02,-0.95,-1.06,-1.07,-0.95,-1.06,-2.24,-4.52,-7.00,-8.94,-9.71,-9.91,-10.08,-10.13,-10.40,-10.70,-10.30,-10.80,-10.93,-10.84,-10.89,-10.74,-10.08,-10.17,-9.68,-9.19,-9.01,-9.22,-9.50,-9.48,-10.33
-1.54,-1.36,-1.11,-0.80,-0.59,-0.67,-0.67,-0.57,-0.41,-0.23,-0.18,-0.07,0.02,0.06,0.04,-0.07,-0.29,-0.32,-0.54,-0.33,-0.11,-0.18,-0.28,-0.97,-1.12,-1.64,-1.54,-1.39,-1.49,-1.59,-1.54,-1.69,-1.72,-1.85,-1.34,-1.07,-1.15,-1.16,-1.08,-1.08,-1.00,-0.72,-0.77,-0.93,-1.03,-0.90,-0.72,-0.92,-1.06,-0.90,-0.83,-0.90,-0.92,-0.78,-0.64,-0.77,-0.69,-0.68,-0.46,-0.42,-0.61,-0.63,-0.57,-0.56,-0.43,-0.43,-0.41,-0.31,-0.47,-0.31,-0.03,-0.02,-0.08,-0.08,-0.13,-0.34,-0.51,-0.41,-0.31,-0.19,-0.18,-0.23,-0.36,-0.38,-0.31,-0.39,-0.09,-0.26,-0.07,-0.13,-0.13,-0.23,-0.22,-0.28,-0.39,-0.24,-0.28,-0.29,-0.19,-0.43,-0.62,-0.47,-0.48,-0.49,-0.58,-0.66,-1.05,-0.97,-1.06,-0.76,-0.90,-0.77,-0.83,-0.97,-0.98,-0.95,-0.88,-0.76,-0.85,-0.80,-0.72,-1.06,-0.91,-0.98,-1.03,-0.92,-0.83,-0.90,-0.93,-0.98,-1.02,-0.88,-0.92,-0.72,-0.88,-2.18,-4.42,-6.81,-8.58,-9.39,-9.82,-10.03,-10.37,-10.64,-10.62,-10.56,-11.14,-10.80,-10.53,-10.54,-10.40,-9.77,-9.37,-8.80,-7.96,-7.45,-7.28,-7.26,-7.78,-8.56
-1.30,-0.98,-0.61,-0.52,-0.64,-0.62,-0.51,-0.51,-0.44,-0.18,-0.24,-0.11,-0.08,-0.17,-0.23,-0.21,-0.48,-0.72,-0.81,-0.71,-0.73,-0.90,-0.57,-1.29,-1.11,-1.67,-1.68,-1.49,-1.55,-1.74,-1.71,-1.67,-1.57,-1.69,-1.34,-1.36,-1.31,-1.20,-1.11,-1.07,-1.00,-0.73,-0.72,-0.69,-0.73,-0.81,-1.02,-1.01,-0.76,-0.72,-0.87,-0.91,-0.87,-0.75,-0.58,-0.67,-0.71,-0.62,-0.46,-0.66,-0.68,-0.47,-0.57,-0.47,-0.53,-0.53,-0.41,-0.22,-0.41,-0.28,-0.01,0.03,-0.01,-0.08,-0.18,-0.31,-0.47,-0.44,-0.26,-0.17,-0.06,-0.18,-0.28,-0.34,-0.24,-0.16,-0.36,-0.17,-0.14,-0.17,-0.33,-0.18,-0.24,-0.44,-0.48,-0.38,-0.33,-0.31,-0.34,-0.36,-0.38,-0.47,-0.53,-0.59,-0.77,-0.87,-1.11,-0.80,-0.77,-0.76,-0.96,-0.83,-0.72,-0.95,-0.97,-0.85,-0.73,-0.71,-0.91,-0.85,-0.78,-1.10,-0.81,-0.83,-0.98,-0.86,-0.67,-0.69,-0.96,-1.15,-0.98,-0.97,-0.75,-0.51,-0.73,-1.96,-4.13,-6.52,-8.20,-9.13,-9.62,-9.89,-9.96,-10.00,-10.08,-10.13,-9.88,-9.98,-10.02,-10.10,-9.88,-9.22,-8.69,-8.00,-6.88,-5.99,-5.44,-5.33,-5.88,-6.63
-1.16,-0.97,-0.63,-0.31,-0.54,-0.66,-0.51,-0.44,-0.53,-0.11,-0.19,-0.07,-0.04,-0.04,0.03,-0.12,0.03,-0.64,-0.77,-0.68,-0.81,-1.00,-0.75,-1.44,-1.21,-1.49,-1.60,-1.60,-1.64,-1.73,-1.77,-1.59,-1.53,-1.67,-1.51,-1.49,-1.43,-1.20,-1.01,-1.10,-1.10,-0.80,-0.85,-0.52,-1.06,-0.67,-0.72,-0.71,-0.73,-0.72,-0.58,-0.54,-0.64,-0.75,-0.67,-0.56,-0.57,-0.58,-0.49,-0.46,-0.58,-0.27,-0.31,-0.38,-0.59,-0.63,-0.42,-0.27,-0.26,-0.04,0.07,0.09,0.13,-0.01,-0.17,-0.21,-0.33,-0.37,-0.26,-0.21,-0.17,-0.31,-0.29,-0.22,-0.37,-0.17,-0.28,-0.16,-0.06,-0.16,-0.23,-0.27,-0.27,-0.42,-0.47,-0.43,-0.54,-0.54,-0.44,-0.47,-0.44,-0.41,-0.44,-0.47,-0.72,-0.67,-0.81,-0.98,-0.78,-0.78,-0.83,-0.80,-0.81,-0.85,-0.77,-0.77,-0.75,-0.76,-1.00,-0.88,-0.72,-0.96,-0.77,-0.61,-0.95,-0.80,-0.68,-0.85,-0.90,-0.75,-0.76,-0.76,-0.39,-0.59,-0.67,-1.65,-3.83,-6.32,-8.07,-9.04,-9.34,-9.37,-9.19,-9.26,-9.47,-9.57,-9.60,-9.40,-9.32,-9.46,-9.26,-8.63,-8.23,-7.53,-6.09,-4.76,-4.08,-4.10,-4.45,-5.17
-1.21,-1.05,-0.61,-0.31,-0.42,-0.63,-0.67,-0.59,-0.57,-0.33,-0.34,-0.36,-0.24,-0.08,-0.07,-0.28,-0.57,-0.82,-0.75,-0.78,-1.11,-1.14,-1.16,-1.63,-1.32,-1.35,-1.48,-1.58,-1.62,-1.59,-1.74,-1.65,-1.72,-1.86,-1.71,-1.50,-1.27,-1.12,-1.05,-0.98,-1.00,-0.56,-0.57,-0.73,-0.76,-0.63,-0.75,-0.76,-0.75,-0.67,-0.52,-0.48,-0.61,-0.67,-0.61,-0.47,-0.54,-0.58,-0.37,-0.51,-0.51,-0.28,-0.37,-0.42,-0.54,-0.64,-0.44,-0.29,-0.17,-0.04,-0.02,0.08,0.18,0.08,-0.07,-0.12,-0.23,-0.26,-0.19,-0.18,-0.22,-0.29,-0.27,-0.14,-0.26,-0.09,-0.11,-0.04,-0.07,-0.11,-0.24,-0.12,-0.17,-0.33,-0.27,-0.23,-0.43,-0.51,-0.48,-0.52,-0.42,-0.33,-0.44,-0.48,-0.69,-0.64,-0.83,-0.91,-0.95,-1.00,-0.62,-0.85,-0.80,-0.73,-0.67,-0.76,-0.75,-0.73,-0.88,-0.81,-0.63,-0.93,-0.88,-0.63,-0.95,-0.82,-0.71,-0.83,-0.88,-0.76,-0.82,-0.87,-0.77,-0.97,-1.05,-1.93,-3.91,-6.20,-7.89,-8.76,-8.70,-8.51,-8.59,-8.74,-8.80,-8.92,-9.30,-9.11,-8.94,-8.79,-8.41,-8.12,-8.08,-6.70,-4.70,-3.34,-2.88,-3.09,-3.39,-3.87
-1.35,-1.22,-0.59,-0.53,-0.59,-0.58,-0.63,-0.67,-0.46,-0.58,-0.58,-0.51,-0.46,-0.52,-0.67,-0.46,-0.76,-1.12,-1.05,-0.95,-1.25,-1.06,-1.30,-1.63,-1.55,-1.45,-1.50,-1.59,-1.55,-1.50,-1.73,-1.58,-1.45,-1.74,-1.62,-1.19,-1.07,-1.01,-0.83,-0.83,-0.85,-0.78,-0.47,-0.71,-0.77,-0.57,-0.67,-0.67,-0.69,-0.68,-0.59,-0.53,-0.53,-0.58,-0.56,-0.56,-0.66,-0.52,-0.41,-0.63,-0.63,-0.48,-0.62,-0.58,-0.57,-0.54,-0.51,-0.37,-0.19,-0.24,-0.18,0.04,0.10,0.04,-0.02,-0.09,-0.19,-0.17,-0.06,0.04,-0.12,-0.17,-0.18,-0.11,-0.06,-0.01,-0.12,-0.19,-0.13,-0.07,-0.31,-0.16,-0.23,-0.37,-0.37,-0.39,-0.43,-0.49,-0.54,-0.57,-0.46,-0.36,-0.38,-0.38,-0.64,-0.81,-0.88,-0.86,-0.90,-0.78,-0.56,-0.51,-0.37,-0.66,-0.68,-0.68,-0.80,-0.82,-0.71,-0.69,-0.82,-0.97,-0.86,-0.78,-0.95,-0.78,-0.72,-0.76,-0.80,-0.82,-0.77,-0.86,-0.59,-0.93,-0.90,-1.74,-3.82,-6.08,-7.57,-8.07,-7.65,-7.53,-7.93,-8.02,-8.07,-8.30,-8.52,-8.33,-8.24,-8.20,-7.85,-7.45,-7.04,-5.36,-3.39,-2.29,-1.99,-2.10,-2.27,-2.54
-1.32,-1.31,-0.85,-0.91,-1.07,-0.81,-0.57,-0.66,-0.58,-0.73,-0.67,-0.54,-0.56,-0.73,-0.83,-0.83,-0.91,-1.10,-1.08,-0.97,-1.15,-1.01,-1.19,-1.31,-1.54,-1.53,-1.54,-1.67,-1.65,-1.44,-1.68,-1.43,-1.64,-1.67,-1.29,-1.03,-0.91,-0.78,-0.71,-0.90,-1.02,-0.62,-0.41,-0.76,-0.59,-0.51,-0.64,-0.61,-0.63,-0.62,-0.56,-0.63,-0.62,-0.58,-0.64,-0.75,-0.77,-0.56,-0.57,-0.75,-0.81,-0.66,-0.73,-0.75,-0.69,-0.54,-0.61,-0.58,-0.41,-0.39,-0.27,-0.03,-0.01,-0.07,-0.06,-0.17,-0.22,-0.18,-0.07,0.15,-0.13,-0.23,-0.18,-0.06,-0.02,-0.08,-0.22,-0.38,-0.08,-0.04,-0.18,-0.36,-0.39,-0.53,-0.61,-0.61,-0.51,-0.61,-0.75,-0.71,-0.53,-0.46,-0.59,-0.67,-0.76,-0.90,-0.95,-0.97,-1.05,-0.78,-0.86,-0.69,-0.67,-0.71,-0.75,-0.82,-0.88,-0.91,-0.85,-0.76,-0.85,-0.77,-0.77,-0.81,-0.80,-0.63,-0.68,-0.73,-0.76,-0.72,-0.56,-0.59,-0.56,-0.71,-0.73,-1.64,-3.65,-5.87,-7.33,-7.50,-6.74,-6.47,-6.84,-6.97,-7.33,-7.65,-7.56,-7.35,-7.60,-7.63,-7.13,-6.57,-5.83,-4.07,-2.38,-1.59,-1.69,-1.88,-1.79,-2.11
-1.06,-1.15,-1.14,-1.05,-0.98,-0.86,-0.78,-0.92,-0.80,-0.80,-0.58,-0.56,-0.73,-0.86,-0.88,-0.92,-0.92,-0.97,-0.98,-0.95,-0.96,-0.87,-0.97,-0.80,-0.98,-1.10,-1.11,-1.12,-1.03,-0.90,-1.12,-0.57,-0.82,-0.93,-0.77,-0.58,-0.47,-0.53,-0.69,-0.67,-0.76,-0.47,-0.42,-0.43,-0.32,-0.34,-0.39,-0.42,-0.46,-0.43,-0.43,-0.63,-0.69,-0.68,-0.62,-0.80,-0.73,-0.76,-0.63,-0.82,-0.81,-0.71,-0.66,-0.69,-0.75,-0.64,-0.53,-0.66,-0.59,-0.48,-0.37,-0.17,-0.07,-0.04,-0.08,-0.26,-0.26,-0.31,-0.31,-0.08,-0.24,-0.26,-0.16,0.06,0.01,-0.03,-0.18,-0.16,0.12,0.06,-0.09,-0.36,-0.28,-0.51,-0.56,-0.48,-0.44,-0.56,-0.61,-0.56,-0.53,-0.57,-0.67,-0.71,-0.64,-0.69,-0.81,-0.80,-0.83,-0.59,-0.81,-0.82,-0.68,-0.49,-0.42,-0.44,-0.43,-0.63,-0.81,-0.62,-0.51,-0.61,-0.86,-0.56,-0.62,-0.54,-0.64,-0.68,-0.62,-0.52,-0.44,-0.62,-0.57,-0.53,-0.59,-1.55,-3.49,-5.54,-6.75,-6.75,-6.09,-5.71,-6.20,-6.08,-6.52,-6.88,-6.67,-6.43,-6.70,-6.48,-5.96,-5.44,-4.66,-3.14,-1.73,-1.35,-1.59,-1.59,-1.45,-1.92
-0.71,-0.93,-1.35,-1.10,-1.06,-1.07,-1.05,-1.07,-0.87,-0.96,-0.86,-0.72,-0.75,-1.00,-0.92,-0.83,-0.87,-0.85,-0.81,-0.83,-0.78,-0.37,-0.47,-0.38,-0.53,-0.56,-0.39,-0.37,-0.53,-0.22,-0.44,-0.37,-0.38,-0.44,-0.41,-0.29,-0.18,-0.21,-0.44,-0.53,-0.52,-0.38,-0.47,-0.19,-0.16,-0.21,-0.27,-0.28,-0.26,-0.24,-0.31,-0.47,-0.49,-0.49,-0.43,-0.71,-0.56,-0.75,-0.73,-0.68,-0.67,-0.66,-0.41,-0.42,-0.58,-0.44,-0.24,-0.41,-0.51,-0.37,-0.28,-0.24,-0.11,-0.03,-0.12,-0.09,-0.11,-0.23,-0.12,0.09,-0.08,0.07,0.01,0.19,0.13,-0.01,-0.06,0.19,0.35,0.25,-0.11,-0.19,-0.11,-0.23,-0.31,-0.26,-0.33,-0.51,-0.43,-0.37,-0.39,-0.39,-0.38,-0.36,-0.43,-0.57,-0.63,-0.75,-0.91,-0.76,-0.67,-0.46,-0.61,-0.49,-0.56,-0.52,-0.34,-0.31,-0.28,-0.26,-0.39,-0.42,-0.52,-0.37,-0.56,-0.51,-0.58,-0.56,-0.46,-0.36,-0.41,-0.54,-0.53,-0.41,-0.56,-1.19,-3.04,-5.12,-6.15,-5.89,-5.28,-5.04,-5.15,-5.27,-5.75,-5.95,-5.68,-5.37,-5.50,-5.12,-4.74,-4.30,-3.52,-2.36,-1.43,-1.34,-1.32,-1.44,-1.67,-1.67
-0.37,-0.71,-0.86,-0.93,-0.88,-0.76,-0.58,-0.43,-0.48,-0.69,-0.69,-0.56,-0.52,-0.82,-0.73,-0.58,-0.61,-0.54,-0.42,-0.43,-0.52,0.08,-0.08,-0.09,-0.27,-0.22,-0.04,-0.17,0.04,-0.03,-0.19,-0.11,-0.18,-0.27,-0.27,-0.16,-0.02,0.02,-0.21,-0.32,-0.23,-0.33,-0.27,0.03,-0.02,0.01,-0.13,-0.21,-0.08,-0.07,-0.16,-0.22,-0.08,0.25,-0.09,-0.46,-0.28,-0.26,-0.78,-0.61,-0.57,-0.54,-0.26,-0.31,-0.26,-0.17,-0.26,-0.44,-0.34,-0.21,-0.18,-0.08,0.02,0.08,0.09,0.07,0.14,-0.13,-0.16,0.13,0.02,0.15,0.17,0.22,0.28,0.14,0.06,0.25,0.45,0.28,-0.04,-0.08,-0.08,-0.12,-0.18,-0.07,-0.17,-0.23,-0.18,-0.16,-0.07,-0.06,-0.08,0.08,0.19,0.04,-0.28,-0.56,-0.75,-0.68,-0.23,-0.28,-0.39,-0.47,-0.28,0.02,0.03,-0.13,-0.29,-0.39,-0.27,-0.04,0.02,-0.48,-0.42,-0.33,-0.36,-0.51,-0.42,-0.33,-0.41,-0.46,-0.49,-0.32,-0.48,-0.80,-2.66,-4.68,-5.65,-5.49,-4.92,-4.67,-4.46,-4.92,-5.32,-5.33,-4.91,-4.37,-4.62,-4.17,-3.83,-3.27,-2.55,-1.81,-1.30,-1.10,-1.17,-1.35,-1.34,-1.15
-0.17,-0.33,-0.53,-0.56,-0.61,-0.62,-0.48,-0.38,-0.24,-0.28,-0.31,-0.26,-0.27,-0.38,-0.27,-0.24,-0.17,-0.08,-0.04,-0.08,-0.06,0.06,0.19,0.22,0.25,0.22,0.09,0.14,0.34,0.28,0.13,0.24,0.01,-0.14,-0.18,-0.12,-0.06,-0.08,-0.22,-0.24,-0.24,-0.28,-0.13,0.08,0.08,0.14,0.06,-0.02,0.06,0.08,-0.01,0.02,0.58,0.96,0.87,0.55,0.51,0.50,0.34,-0.08,0.10,0.32,0.45,0.46,0.33,0.44,0.44,0.40,0.48,0.25,-0.13,-0.01,0.22,0.08,0.13,0.32,0.24,0.13,-0.04,0.23,0.22,0.15,0.38,0.40,0.41,0.20,0.29,0.50,0.63,0.41,-0.14,0.17,0.32,0.17,0.02,0.37,0.65,0.96,0.97,0.75,0.58,0.45,0.55,0.85,1.09,0.86,0.50,0.29,0.18,0.34,0.40,0.07,-0.11,-0.33,-0.19,-0.06,0.09,0.03,-0.06,-0.06,-0.09,0.04,0.02,-0.38,-0.39,-0.31,-0.46,-0.47,-0.39,-0.39,-0.46,-0.51,-0.43,-0.19,-0.21,-0.56,-2.30,-4.34,-5.21,-5.00,-4.60,-4.28,-4.58,-4.81,-5.16,-4.97,-4.42,-3.96,-3.96,-3.67,-3.08,-2.37,-1.79,-1.43,-1.22,-0.96,-1.12,-1.25,-1.21,-1.02
0.39,-0.23,-0.24,-0.04,-0.07,-0.22,-0.14,-0.13,0.06,0.12,0.04,-0.01,0.01,0.02,0.20,0.03,0.02,0.10,0.10,0.22,0.23,0.29,0.39,0.29,0.34,0.45,0.39,0.49,0.61,0.54,0.37,0.35,0.17,0.15,0.13,0.03,-0.09,-0.21,-0.16,-0.16,-0.32,-0.26,-0.16,-0.09,0.09,0.13,0.03,-0.01,0.06,0.03,-0.01,0.28,0.81,1.74,1.85,1.63,1.95,1.85,1.77,1.18,1.41,1.66,1.90,1.79,1.72,1.77,1.84,1.82,1.68,1.13,0.44,0.20,0.03,-0.11,0.07,0.10,0.08,-0.08,-0.17,0.08,0.28,0.34,0.19,0.25,0.19,0.30,0.35,0.50,0.66,0.59,0.54,0.20,-0.03,-0.03,0.27,0.96,1.95,2.49,2.54,2.28,1.85,1.73,1.92,2.07,2.03,1.78,1.67,1.40,1.62,1.95,1.41,0.76,0.08,-0.09,-0.22,-0.12,0.02,-0.13,-0.21,-0.19,-0.34,-0.32,-0.14,-0.27,-0.39,-0.24,-0.23,-0.39,-0.31,-0.26,-0.33,-0.34,-0.23,-0.07,0.01,-0.49,-1.92,-3.92,-4.79,-4.62,-4.24,-4.00,-4.54,-4.47,-4.70,-4.79,-4.34,-3.56,-3.25,-3.19,-2.37,-1.63,-1.19,-1.05,-1.10,-1.15,-1.08,-1.22,-1.22,-1.08
0.48,0.14,0.12,0.10,0.10,0.10,0.14,0.25,0.43,0.43,0.27,0.13,0.34,0.38,0.49,0.41,0.49,0.61,0.56,0.77,0.53,0.59,0.59,0.53,0.58,0.70,0.71,0.71,0.72,0.72,0.45,0.40,0.46,0.37,0.32,0.33,0.12,0.02,0.01,0.04,-0.13,-0.12,0.02,-0.04,0.04,0.23,0.17,0.08,0.07,-0.02,0.23,0.43,0.88,2.66,3.53,3.32,3.44,3.52,3.08,2.99,2.84,2.76,2.89,3.12,3.14,3.12,3.42,3.59,3.16,2.14,0.98,0.24,0.04,0.07,0.22,0.02,-0.06,0.10,0.27,0.30,0.28,0.39,0.29,0.33,0.54,0.22,0.55,0.44,0.58,0.44,0.48,0.70,0.34,-0.03,0.19,1.41,3.13,3.91,3.98,3.60,3.31,3.20,3.07,3.00,2.86,2.75,2.64,2.35,2.83,3.13,2.62,1.35,0.39,0.19,0.01,-0.03,0.08,-0.09,-0.12,0.02,-0.13,-0.28,-0.17,-0.16,-0.24,-0.16,-0.39,-0.34,-0.04,-0.02,-0.14,-0.08,0.03,-0.03,-0.02,-0.51,-1.71,-3.43,-4.31,-4.30,-3.99,-3.92,-4.43,-4.33,-4.45,-4.34,-4.03,-3.56,-2.95,-2.57,-2.01,-1.24,-0.90,-0.92,-1.00,-1.22,-1.08,-1.15,-1.19,-1.11
0.69,0.45,0.32,0.17,0.06,0.13,0.22,0.27,0.48,0.48,0.24,0.03,0.40,0.34,0.35,0.33,0.39,0.46,0.33,0.54,0.54,0.48,0.61,0.66,0.60,0.59,0.79,0.80,0.44,0.59,0.51,0.58,0.66,0.49,0.40,0.50,0.34,0.34,0.13,0.06,0.09,0.08,0.25,0.14,0.07,0.24,0.33,0.23,0.12,0.01,0.43,0.44,1.19,3.12,4.63,4.34,4.54,4.28,3.88,4.02,3.74,3.52,3.46,3.56,3.65,3.67,4.05,4.39,3.68,2.06,0.67,0.17,0.09,0.12,0.15,0.12,0.22,0.41,0.39,0.30,0.46,0.45,0.44,0.54,0.53,0.41,0.40,0.71,0.79,0.51,0.59,0.51,0.44,0.25,0.27,1.50,3.80,4.83,4.75,4.18,3.74,3.57,3.44,3.37,3.17,3.01,3.10,3.05,3.43,3.50,3.08,1.36,0.48,0.43,0.23,0.01,0.12,0.04,0.07,0.08,-0.12,-0.22,-0.03,-0.06,-0.29,-0.09,-0.29,-0.21,-0.14,-0.19,-0.24,-0.09,0.09,-0.01,-0.04,-0.37,-1.65,-3.06,-3.87,-4.01,-3.92,-3.93,-4.18,-4.12,-4.28,-4.17,-3.86,-3.44,-2.92,-2.18,-1.27,-0.87,-0.81,-0.95,-1.11,-0.95,-1.00,-1.00,-1.02,-1.01
1.00,0.70,0.50,0.37,0.23,0.12,0.39,0.30,0.37,0.34,0.25,0.15,0.12,0.35,0.25,0.28,0.41,0.53,0.50,0.63,0.66,0.58,0.53,0.64,0.64,0.51,0.71,0.67,0.34,0.49,0.46,0.58,0.59,0.43,0.40,0.46,0.24,0.38,0.19,0.08,0.23,0.24,0.32,0.22,0.32,0.39,0.28,0.20,0.17,-0.06,0.32,0.59,0.82,2.60,4.41,4.65,4.70,4.57,4.26,4.00,4.07,3.86,3.59,3.62,3.77,3.73,3.93,4.12,3.37,1.84,0.71,0.35,0.10,0.12,0.29,0.06,-0.01,0.25,0.24,0.27,0.34,0.45,0.54,0.54,0.54,0.59,0.48,0.63,0.87,0.43,0.50,0.59,0.44,0.18,0.25,1.50,3.74,4.59,4.29,3.97,3.91,3.72,3.54,3.59,3.38,3.06,3.25,3.26,3.50,3.37,2.77,1.09,0.30,0.29,0.17,-0.04,0.03,-0.01,0.12,0.10,-0.16,-0.18,-0.04,-0.11,0.01,-0.24,-0.22,-0.38,-0.27,-0.19,-0.13,0.02,0.15,0.25,0.01,-0.23,-1.54,-2.93,-3.70,-3.92,-3.93,-3.96,-4.08,-4.24,-4.50,-4.25,-3.88,-3.44,-2.77,-1.90,-1.21,-0.82,-0.91,-1.11,-1.02,-0.83,-0.98,-0.91,-0.93,-0.93
1.09,0.86,0.64,0.55,0.51,0.35,0.40,0.46,0.46,0.30,0.15,0.35,0.45,0.44,0.38,0.41,0.46,0.39,0.40,0.45,0.60,0.64,0.60,0.60,0.61,0.56,0.58,0.45,0.43,0.59,0.50,0.39,0.35,0.27,0.25,0.30,0.17,0.23,0.07,-0.02,0.19,0.32,0.43,0.22,0.02,0.12,0.32,0.37,0.28,0.19,0.53,0.65,0.81,2.52,4.31,4.10,4.47,4.25,3.72,3.85,3.83,3.46,3.56,3.50,3.54,3.52,3.60,3.83,3.08,1.57,0.58,0.30,0.22,0.22,0.17,-0.01,0.09,0.14,0.14,0.25,0.59,0.32,0.51,0.61,0.58,0.53,0.35,0.55,0.74,0.75,0.43,0.61,0.63,0.30,0.24,1.41,3.46,4.03,3.48,3.22,3.25,3.43,3.44,3.49,3.46,3.04,3.08,3.11,3.34,3.13,2.63,1.08,0.45,0.07,0.02,-0.02,0.01,-0.03,0.04,0.01,-0.14,-0.12,-0.04,-0.03,-0.01,-0.37,-0.33,-0.26,-0.32,-0.17,-0.21,-0.18,0.08,0.23,0.27,-0.32,-1.72,-3.13,-4.10,-4.24,-4.08,-4.07,-4.25,-4.83,-5.04,-4.47,-4.04,-3.56,-2.63,-1.50,-1.00,-0.76,-0.80,-0.90,-0.88,-0.69,-0.85,-0.75,-0.81,-0.93
0.86,0.84,0.58,0.44,0.59,0.49,0.23,0.15,0.19,0.18,0.13,0.38,0.23,0.20,0.28,0.37,0.40,0.33,0.37,0.35,0.41,0.59,0.54,0.41,0.40,0.43,0.56,0.30,0.44,0.50,0.54,0.32,0.17,0.20,0.22,0.28,0.23,0.24,0.13,0.03,0.23,0.37,0.44,0.39,0.35,0.34,0.38,0.44,0.24,0.12,0.39,0.30,0.51,2.33,3.62,3.54,4.25,3.94,3.35,3.38,3.60,3.38,3.30,3.37,3.53,3.50,3.56,3.56,2.82,1.57,0.61,0.20,0.13,0.10,0.13,0.13,0.17,0.10,0.23,0.34,0.64,0.54,0.48,0.40,0.54,0.51,0.35,0.56,0.67,0.60,0.45,0.39,0.49,0.41,0.35,1.31,3.24,3.86,3.65,3.44,3.13,3.11,3.29,3.24,3.11,3.01,3.06,3.29,3.43,3.20,2.54,1.29,0.64,0.19,-0.02,0.06,0.06,-0.01,-0.02,-0.02,-0.12,-0.17,-0.09,-0.11,-0.23,-0.44,-0.34,-0.26,-0.22,-0.19,-0.44,-0.47,-0.32,-0.29,-0.16,-0.33,-1.64,-3.45,-4.68,-4.89,-4.51,-4.31,-4.76,-5.46,-5.69,-4.88,-4.43,-3.79,-2.56,-1.39,-0.85,-0.76,-0.90,-1.02,-0.96,-0.68,-0.73,-0.78,-0.82,-0.86
0.56,0.67,0.75,0.60,0.41,0.46,0.48,0.49,0.29,0.15,0.33,0.22,0.28,0.27,0.22,0.25,0.34,0.30,0.40,0.33,0.29,0.41,0.44,0.32,0.24,0.19,0.55,0.24,0.34,0.25,0.32,0.27,0.20,0.23,0.19,0.33,0.10,0.07,0.03,0.25,0.38,0.39,0.34,0.22,0.09,0.17,0.35,0.39,0.28,0.22,0.35,0.37,0.34,2.39,3.69,3.80,3.90,3.80,3.54,3.59,3.72,3.61,3.44,3.36,3.49,3.52,3.48,3.48,2.96,1.72,0.64,0.17,-0.06,0.01,0.10,0.07,0.22,0.20,0.29,0.38,0.53,0.48,0.49,0.48,0.37,0.48,0.56,0.59,0.64,0.71,0.59,0.39,0.45,0.40,0.38,1.46,3.29,3.97,3.90,3.83,3.55,3.36,3.41,3.23,3.01,3.06,3.01,2.96,3.14,2.87,2.31,1.36,0.30,0.17,0.01,0.10,0.08,-0.02,-0.01,-0.03,-0.17,-0.29,-0.28,-0.16,-0.38,-0.39,-0.48,-0.29,-0.23,-0.28,-0.41,-0.56,-0.59,-0.42,-0.38,-0.66,-1.87,-3.99,-5.19,-5.58,-5.21,-5.13,-5.73,-6.15,-6.51,-5.61,-4.97,-4.00,-2.57,-1.26,-0.92,-0.93,-1.03,-1.03,-0.90,-0.82,-0.82,-0.82,-0.78,-0.80
0.76,0.69,0.60,0.61,0.67,0.37,0.28,0.19,0.14,0.13,0.15,0.12,0.17,0.27,0.17,0.17,0.37,0.30,0.44,0.37,0.25,0.24,0.37,0.45,0.30,0.28,0.37,0.17,0.24,0.40,0.24,0.18,0.32,0.29,0.18,0.29,0.30,0.28,0.06,0.13,0.38,0.33,0.19,0.20,0.24,0.25,0.38,0.45,0.22,0.08,0.25,0.38,0.28,1.94,3.66,4.07,3.90,3.78,3.50,3.40,3.50,3.59,3.57,3.46,3.43,3.48,3.62,3.60,2.98,1.80,0.66,0.27,0.12,0.19,0.20,0.19,0.30,0.12,0.30,0.65,0.59,0.44,0.56,0.46,0.37,0.61,0.65,0.67,0.65,0.84,0.74,0.54,0.51,0.49,0.49,1.41,3.34,4.06,3.85,3.60,3.55,3.67,3.47,3.24,3.17,2.99,2.86,2.82,2.81,2.58,2.06,1.30,0.25,0.14,0.08,-0.02,0.06,0.02,-0.02,-0.08,-0.22,-0.39,-0.39,-0.27,-0.38,-0.28,-0.47,-0.38,-0.28,-0.36,-0.37,-0.37,-0.33,-0.22,-0.21,-0.78,-1.79,-4.74,-6.40,-6.43,-6.19,-6.42,-7.08,-7.67,-7.45,-6.55,-5.46,-4.09,-2.45,-1.00,-0.90,-0.95,-1.02,-1.02,-0.92,-0.81,-0.88,-0.82,-0.64,-0.62
0.67,0.67,0.64,0.58,0.28,0.39,0.24,0.14,0.13,0.12,0.02,0.13,0.03,0.18,0.13,0.08,0.29,0.30,0.45,0.40,0.23,0.14,0.29,0.44,0.29,0.37,0.49,0.23,0.25,0.19,0.23,0.19,0.04,0.17,0.30,0.19,0.12,0.14,0.04,0.17,0.14,0.32,0.45,0.44,0.30,0.27,0.48,0.51,0.30,0.24,0.39,0.45,0.40,1.77,3.48,3.87,3.87,3.67,3.38,3.38,3.38,3.43,3.48,3.44,3.36,3.32,3.46,3.42,2.88,1.91,0.76,0.35,0.19,0.22,0.32,0.32,0.35,0.10,0.37,0.74,0.54,0.46,0.64,0.53,0.49,0.75,0.70,0.65,0.67,0.63,0.66,0.40,0.40,0.32,0.34,1.15,2.93,3.60,3.63,3.28,3.04,3.11,3.04,2.92,2.71,2.49,2.46,2.36,2.37,2.19,1.56,0.82,0.32,0.03,0.19,-0.06,0.04,-0.12,-0.02,-0.01,-0.22,-0.34,-0.39,-0.42,-0.29,-0.31,-0.42,-0.36,-0.48,-0.57,-0.51,-0.46,-0.43,-0.41,-0.46,-0.73,-1.95,-5.65,-7.52,-8.05,-8.00,-8.60,-9.47,-9.12,-8.42,-7.11,-5.72,-3.95,-2.06,-0.75,-0.73,-0.86,-0.88,-0.95,-0.91,-0.78,-0.90,-0.77,-0.63,-0.58
1.06,0.87,0.80,0.90,0.43,0.49,0.33,0.32,0.29,0.13,0.10,0.13,0.22,0.29,0.28,0.22,0.22,0.32,0.35,0.40,0.30,0.18,0.24,0.35,0.23,0.25,0.43,0.18,0.15,0.32,0.38,0.18,0.10,0.27,-0.06,0.29,0.12,0.02,0.08,-0.07,0.03,0.25,0.33,0.34,0.37,0.28,0.23,0.32,0.34,0.19,0.49,0.44,0.49,1.68,3.17,3.50,3.77,3.41,3.10,3.19,3.18,3.11,3.22,3.19,3.05,3.04,3.07,3.06,2.58,1.55,0.69,0.23,0.23,0.22,0.09,0.14,0.43,0.22,0.23,0.51,0.53,0.50,0.55,0.59,0.64,0.65,0.69,0.67,0.51,0.50,0.56,0.48,0.44,0.39,0.29,0.92,2.47,3.40,3.50,3.18,2.95,2.96,2.98,2.88,2.71,2.54,2.43,2.35,2.18,2.07,1.47,0.76,0.18,-0.08,0.07,0.01,-0.02,-0.19,0.02,-0.02,-0.18,-0.24,-0.36,-0.41,-0.39,-0.48,-0.43,-0.36,-0.56,-0.63,-0.51,-0.47,-0.42,-0.28,-0.26,-0.75,-2.54,-5.76,-8.62,-8.81,-8.41,-8.66,-9.47,-10.22,-8.97,-7.23,-5.28,-3.21,-1.48,-0.59,-0.64,-0.72,-0.71,-0.85,-0.96,-0.98,-0.97,-0.76,-0.67,-0.57
1.08,0.91,0.85,0.98,0.63,0.59,0.49,0.40,0.37,0.30,0.37,0.29,0.45,0.54,0.59,0.59,0.40,0.46,0.43,0.46,0.45,0.25,0.07,0.19,0.15,0.04,0.25,0.15,0.03,0.22,0.33,0.28,0.22,0.17,0.06,-0.16,0.10,-0.14,0.09,0.06,0.19,0.22,0.19,0.30,0.44,0.43,0.39,0.30,0.24,0.20,0.58,0.51,0.50,1.82,3.36,3.35,3.61,3.47,3.31,3.17,3.07,3.02,3.05,3.01,2.98,3.02,2.95,2.78,2.25,1.25,0.60,0.24,0.28,0.23,-0.08,-0.04,0.41,0.34,0.22,0.38,0.65,0.64,0.56,0.58,0.70,0.59,0.59,0.59,0.48,0.60,0.66,0.49,0.65,0.56,0.37,0.88,2.30,3.01,3.04,3.18,3.11,2.83,2.63,2.68,2.71,2.47,2.36,2.62,2.68,2.45,2.06,0.98,0.20,0.10,-0.03,-0.11,-0.07,0.08,0.20,0.02,-0.18,-0.26,-0.29,-0.47,-0.68,-0.57,-0.56,-0.37,-0.58,-0.42,-0.58,-0.62,-0.54,-0.42,-0.33,-0.88,-2.34,-5.24,-7.05,-7.82,-7.69,-7.80,-8.26,-8.34,-8.09,-5.61,-3.60,-2.04,-1.02,-0.56,-0.48,-0.53,-0.62,-0.81,-0.96,-0.98,-0.93,-0.68,-0.69,-0.52
1.02,1.00,0.93,1.02,0.93,0.84,0.82,0.71,0.60,0.67,0.77,0.66,0.58,0.70,0.88,0.92,0.75,0.80,0.86,0.67,0.27,-0.02,0.09,0.25,-0.01,0.18,0.14,0.09,0.07,0.14,0.12,0.04,0.07,0.18,-0.01,-0.22,-0.03,-0.11,-0.17,0.01,0.23,0.27,0.38,0.45,0.35,0.41,0.40,0.28,0.18,0.28,0.45,0.48,0.40,1.89,3.60,3.90,3.69,3.56,3.48,3.29,3.14,3.13,3.06,2.90,2.89,3.13,3.19,2.93,2.47,1.51,0.44,0.22,0.28,0.33,-0.04,-0.16,0.28,0.32,0.27,0.32,0.55,0.63,0.70,0.63,0.61,0.54,0.51,0.56,0.49,0.66,0.76,0.60,0.56,0.46,0.41,1.17,2.99,3.62,3.61,3.65,3.56,3.14,2.93,3.20,3.36,3.18,2.95,2.77,2.89,2.84,2.28,1.19,0.35,0.04,-0.16,-0.07,-0.17,-0.17,-0.16,-0.12,-0.27,-0.33,-0.33,-0.63,-0.83,-0.52,-0.69,-0.34,-0.67,-0.44,-0.61,-0.61,-0.61,-0.43,-0.21,-0.83,-2.02,-4.24,-5.76,-6.43,-5.85,-5.67,-5.97,-5.89,-5.33,-3.84,-2.36,-1.17,-0.53,-0.42,-0.58,-0.72,-0.64,-0.75,-0.76,-0.69,-0.69,-0.56,-0.58,-0.29
0.88,0.91,0.95,1.11,1.28,1.09,1.07,1.13,1.11,1.01,1.13,1.07,0.92,0.95,1.07,1.14,0.90,1.11,1.13,0.77,0.28,-0.02,-0.06,0.20,0.19,0.13,0.04,0.14,0.02,-0.02,0.03,0.08,0.13,-0.02,0.03,-0.07,0.01,-0.06,-0.12,-0.06,0.10,0.18,0.34,0.41,0.32,0.41,0.39,0.28,0.20,0.18,0.54,0.50,0.43,2.09,3.77,4.42,4.04,3.86,3.74,3.61,3.43,3.38,3.40,3.25,3.14,3.23,3.42,3.35,2.86,1.83,0.44,0.10,0.15,0.27,0.07,-0.03,0.22,0.32,0.33,0.40,0.49,0.60,0.74,0.75,0.59,0.51,0.58,0.72,0.56,0.58,0.67,0.60,0.53,0.46,0.50,1.24,3.28,4.29,4.29,3.71,3.59,3.46,3.22,3.23,3.30,3.35,3.37,3.31,3.44,3.32,2.72,1.44,0.04,0.01,-0.22,-0.26,-0.21,-0.16,-0.03,-0.13,-0.32,-0.26,-0.22,-0.51,-0.67,-0.52,-0.51,-0.37,-0.54,-0.57,-0.56,-0.53,-0.56,-0.34,-0.13,-0.57,-1.46,-3.44,-4.60,-5.03,-4.34,-4.05,-4.17,-4.16,-3.79,-2.38,-1.16,-0.53,-0.52,-0.71,-0.66,-0.67,-0.73,-0.81,-0.83,-0.77,-0.59,-0.52,-0.43,-0.19
0.72,0.72,0.86,1.14,1.29,1.14,1.06,1.17,1.30,1.11,1.14,1.30,1.31,1.25,1.17,0.95,0.84,1.01,1.04,0.66,0.23,0.06,0.15,0.43,0.10,0.12,0.20,0.10,0.12,0.13,0.10,0.08,0.04,-0.01,-0.07,0.02,0.18,-0.17,-0.14,-0.01,0.06,0.06,0.17,0.33,0.28,0.35,0.41,0.29,0.22,0.13,0.75,0.63,0.50,2.11,3.78,4.34,4.22,4.06,3.94,3.77,3.65,3.55,3.59,3.57,3.49,3.44,3.43,3.46,2.89,1.88,0.59,0.10,-0.02,0.07,0.18,0.13,0.19,0.35,0.41,0.56,0.60,0.54,0.66,0.69,0.69,0.45,0.51,0.63,0.60,0.49,0.39,0.50,0.61,0.50,0.39,0.96,2.90,4.12,4.12,3.61,3.59,3.47,3.48,3.59,3.46,3.40,3.49,3.50,3.38,3.06,2.26,1.12,0.29,0.22,-0.17,0.01,-0.12,-0.49,-0.18,-0.16,-0.27,-0.23,-0.38,-0.61,-0.46,-0.44,-0.39,-0.48,-0.54,-0.49,-0.61,-0.59,-0.49,-0.38,-0.34,-0.48,-1.07,-2.74,-3.28,-3.53,-2.88,-2.66,-2.75,-2.64,-2.27,-1.46,-0.53,-0.24,-0.39,-0.64,-0.72,-0.38,-0.61,-0.69,-0.82,-0.80,-0.57,-0.49,-0.46,-0.39
0.71,0.69,0.79,1.11,1.13,1.08,1.03,1.02,1.06,1.07,1.00,0.98,1.23,1.19,0.87,0.88,0.61,0.84,0.77,0.45,0.14,0.10,0.15,0.08,0.12,0.15,-0.01,0.23,0.24,0.18,0.13,-0.02,0.01,0.04,-0.07,-0.08,0.20,-0.22,-0.17,-0.02,0.10,0.08,0.06,0.24,0.30,0.20,0.45,0.15,0.22,0.28,0.55,0.51,0.45,1.75,3.61,4.02,4.16,3.83,3.59,3.55,3.56,3.43,3.31,3.23,3.17,3.22,3.22,3.22,2.78,1.71,0.61,0.24,0.04,0.10,0.17,0.06,0.28,0.27,0.34,0.56,0.51,0.38,0.64,0.67,0.74,0.49,0.40,0.44,0.49,0.50,0.41,0.50,0.69,0.38,0.20,0.64,2.68,3.83,3.69,3.43,3.37,3.17,3.14,3.17,3.14,3.17,3.12,3.08,3.04,2.64,1.99,1.25,0.48,0.19,-0.11,-0.02,-0.24,-0.31,-0.19,-0.21,-0.46,-0.41,-0.42,-0.58,-0.52,-0.61,-0.63,-0.52,-0.66,-0.71,-0.58,-0.49,-0.36,-0.42,-0.53,-0.44,-0.76,-1.95,-2.43,-2.56,-1.92,-1.87,-1.97,-1.77,-1.35,-0.58,-0.28,-0.09,-0.16,-0.32,-0.39,-0.53,-0.57,-0.33,-0.38,-0.46,-0.34,-0.12,-0.21,-0.21
0.86,0.77,0.69,0.97,1.12,1.14,1.04,0.95,1.06,1.20,1.06,1.04,1.13,1.14,1.00,0.79,0.59,1.13,0.84,0.51,0.30,0.06,0.03,0.12,0.24,0.24,0.04,0.12,0.27,0.28,0.20,0.15,0.13,0.12,0.03,-0.03,0.07,-0.11,-0.09,-0.03,0.09,0.14,0.07,0.19,0.43,0.22,0.43,0.13,0.29,0.32,0.39,0.48,0.38,1.67,3.34,3.65,3.94,3.59,3.19,3.34,3.43,3.26,3.10,2.99,2.88,2.88,2.94,3.02,2.66,1.57,0.63,0.38,0.13,0.19,0.17,0.08,0.41,0.32,0.35,0.49,0.44,0.45,0.56,0.84,0.76,0.72,0.48,0.53,0.46,0.56,0.50,0.56,0.58,0.39,0.34,0.59,2.51,3.47,3.54,3.31,3.20,3.19,3.00,2.74,2.78,2.96,2.88,2.81,2.88,2.70,2.02,1.19,0.49,-0.16,-0.16,0.02,-0.11,-0.09,-0.07,-0.06,-0.26,-0.29,-0.37,-0.51,-0.56,-0.72,-0.72,-0.54,-0.47,-0.51,-0.58,-0.48,-0.42,-0.52,-0.52,-0.33,-0.49,-1.34,-1.87,-2.13,-1.67,-1.67,-1.60,-1.19,-0.76,-0.44,-0.29,0.06,-0.07,-0.26,-0.18,-0.32,-0.44,-0.41,-0.28,-0.28,-0.28,0.13,0.14,0.32
0.91,0.81,0.65,0.75,1.06,1.00,1.00,1.07,0.92,0.98,0.74,0.84,0.93,1.02,1.07,0.96,0.76,0.84,0.65,0.53,0.41,0.14,0.03,0.12,0.38,0.08,0.04,-0.02,0.12,0.34,0.33,0.12,0.04,0.03,-0.02,-0.07,0.07,-0.16,-0.07,0.04,0.10,0.20,0.20,0.19,0.37,0.33,0.34,0.30,0.30,0.19,0.50,0.48,0.30,1.66,3.01,3.41,3.77,3.53,3.08,3.12,3.26,3.16,3.00,2.88,2.86,3.00,3.04,3.01,2.66,1.55,0.50,0.14,0.01,0.18,0.17,0.10,0.33,0.34,0.35,0.49,0.54,0.48,0.60,0.88,0.60,0.85,0.60,0.49,0.60,0.63,0.48,0.54,0.40,0.39,0.40,0.67,2.57,3.48,3.62,3.53,3.48,3.37,3.18,3.07,2.95,2.82,2.77,2.86,2.93,2.74,2.16,1.34,0.39,-0.11,-0.11,-0.06,-0.12,-0.14,-0.03,-0.19,-0.31,-0.27,-0.32,-0.48,-0.59,-0.56,-0.56,-0.47,-0.44,-0.63,-0.56,-0.51,-0.58,-0.58,-0.43,-0.32,-0.46,-1.00,-1.39,-1.76,-1.68,-1.60,-1.30,-0.78,-0.27,-0.12,-0.08,0.15,0.08,0.01,0.03,-0.18,-0.42,-0.37,-0.08,-0.09,-0.19,0.35,0.49,0.30
0.67,0.81,0.66,0.79,0.93,0.91,1.00,1.08,0.85,0.92,0.87,0.95,0.93,0.84,0.80,0.82,0.85,0.63,0.58,0.49,0.22,-0.03,-0.01,-0.12,0.23,0.08,-0.03,-0.03,0.08,0.22,0.17,0.02,0.10,0.08,-0.08,-0.09,0.15,-0.17,-0.01,0.09,0.08,0.22,0.30,0.30,0.24,0.23,0.25,0.33,0.17,0.07,0.40,0.20,0.25,1.44,2.90,3.49,3.73,3.60,3.32,3.24,3.32,3.28,3.04,2.95,2.99,3.07,3.20,3.10,2.81,1.80,0.50,0.12,0.09,0.17,0.23,0.20,0.30,0.30,0.35,0.59,0.56,0.32,0.56,1.01,0.44,0.76,0.69,0.51,0.76,0.85,0.61,0.41,0.44,0.35,0.19,0.55,2.59,3.52,3.63,3.53,3.38,3.29,3.18,3.14,3.04,2.86,2.78,2.90,2.92,2.68,2.35,1.44,0.59,-0.12,-0.02,0.09,-0.03,-0.12,0.01,-0.17,-0.37,-0.43,-0.49,-0.51,-0.53,-0.61,-0.47,-0.41,-0.67,-0.75,-0.59,-0.51,-0.51,-0.48,-0.32,-0.13,-0.29,-0.88,-1.38,-1.68,-1.81,-1.72,-1.22,-0.57,-0.16,0.07,0.17,0.23,0.18,0.17,0.10,-0.19,-0.18,-0.29,-0.03,0.12,0.18,0.54,0.54,0.33
0.67,0.76,0.70,0.64,0.88,0.88,0.88,0.88,0.63,0.81,0.66,0.75,0.87,0.91,0.88,0.77,0.90,0.72,0.60,0.37,0.03,-0.11,-0.04,-0.03,-0.02,-0.01,-0.08,-0.09,0.01,0.10,0.07,0.02,0.06,0.20,-0.09,-0.17,0.08,-0.14,0.03,0.13,0.14,0.25,0.32,0.45,0.37,0.13,0.32,0.29,0.10,-0.04,0.35,0.33,0.30,1.30,2.82,3.36,3.61,3.52,3.18,3.04,3.05,3.06,3.01,3.07,3.04,2.95,3.08,3.04,2.69,1.73,0.56,0.03,0.10,0.27,0.30,0.37,0.38,0.41,0.39,0.60,0.60,0.39,0.46,0.98,0.76,0.71,0.85,0.71,0.87,0.91,0.65,0.54,0.51,0.56,0.29,0.51,2.35,3.24,3.42,3.14,2.94,2.89,2.83,2.69,2.63,2.63,2.55,2.52,2.53,2.46,2.09,1.34,0.51,-0.03,0.19,-0.02,-0.16,-0.14,0.03,-0.24,-0.42,-0.51,-0.58,-0.68,-0.63,-0.49,-0.62,-0.36,-0.80,-0.78,-0.67,-0.64,-0.67,-0.71,-0.48,-0.24,-0.52,-0.92,-1.63,-2.15,-1.99,-1.96,-1.26,-0.41,-0.13,0.02,0.29,0.30,0.30,0.37,0.38,0.18,0.01,-0.01,0.25,0.40,0.50,0.77,0.92,0.66
0.58,0.46,0.72,0.75,0.85,0.95,1.06,1.12,0.85,0.92,0.84,0.87,0.90,0.87,0.91,0.80,0.96,0.93,0.74,0.46,0.22,0.02,-0.17,0.01,-0.14,-0.19,-0.12,-0.14,-0.09,0.02,0.04,0.13,0.04,0.12,-0.02,-0.16,0.01,-0.13,-0.03,0.13,0.19,0.25,0.33,0.51,0.45,0.35,0.54,0.28,0.27,0.12,0.46,0.64,0.32,1.14,2.62,3.08,3.26,3.14,2.64,2.31,2.37,2.47,2.62,2.81,2.80,2.81,2.89,2.84,2.49,1.60,0.51,-0.06,0.07,0.25,0.08,0.15,0.41,0.34,0.29,0.51,0.66,0.49,0.63,0.86,0.97,0.80,0.90,0.72,0.91,0.79,0.66,0.75,0.63,0.64,0.49,0.65,1.99,2.71,2.84,2.58,2.31,2.13,2.11,1.99,1.91,2.00,1.97,1.86,1.85,1.84,1.60,1.04,0.40,-0.12,0.32,-0.08,0.02,-0.02,0.04,-0.19,-0.36,-0.37,-0.43,-0.51,-0.49,-0.42,-0.47,-0.43,-0.90,-0.78,-0.53,-0.59,-0.76,-0.75,-0.53,-0.43,-0.57,-0.85,-1.72,-2.20,-1.79,-1.67,-1.06,-0.22,0.15,-0.01,0.28,0.41,0.44,0.54,0.61,0.48,0.19,0.33,0.44,0.61,0.77,0.85,1.19,1.08
0.38,0.44,0.79,1.24,1.27,1.23,1.17,1.08,1.01,1.18,0.88,0.84,0.88,0.92,1.01,0.91,1.03,1.07,0.88,0.54,0.19,-0.02,-0.17,-0.08,-0.14,-0.16,-0.01,-0.03,-0.12,0.01,0.03,0.04,0.13,0.08,0.09,0.01,-0.02,-0.11,-0.04,0.03,0.07,0.13,0.30,0.59,0.49,0.50,0.55,0.33,0.37,0.43,0.30,0.43,0.37,1.18,2.05,2.30,2.48,2.43,2.02,1.67,1.69,1.78,1.84,1.96,2.03,2.17,2.16,2.07,1.79,1.15,0.54,0.18,-0.06,0.19,0.08,0.20,0.63,0.48,0.44,0.55,0.86,0.76,0.77,0.91,0.98,0.67,1.04,0.69,0.95,0.80,0.65,0.65,0.70,0.65,0.39,0.59,1.36,1.84,1.90,1.68,1.34,1.08,1.13,1.23,1.20,1.15,1.11,1.08,1.13,1.23,1.18,0.71,0.34,-0.06,0.18,-0.12,-0.06,-0.02,0.03,-0.13,-0.43,-0.44,-0.52,-0.72,-0.71,-0.56,-0.61,-0.63,-0.88,-0.62,-0.66,-0.58,-0.53,-0.48,-0.43,-0.42,-0.52,-0.81,-1.44,-2.20,-1.85,-1.41,-0.75,-0.08,0.15,-0.01,0.28,0.54,0.50,0.48,0.55,0.51,0.29,0.46,0.56,0.82,1.15,1.38,1.52,1.30
0.45,0.51,0.72,1.35,1.44,1.31,1.11,0.93,0.88,1.13,1.06,1.00,1.04,1.09,1.00,0.79,0.88,1.08,0.98,0.53,0.02,-0.11,-0.08,-0.04,-0.08,0.01,0.09,0.02,-0.12,-0.02,0.13,-0.14,0.01,0.01,0.12,0.02,-0.06,-0.22,-0.18,0.02,0.13,0.22,0.34,0.44,0.63,0.63,0.44,0.43,0.46,0.29,0.33,0.27,0.28,0.93,1.29,1.49,1.67,1.60,1.14,0.75,0.74,1.00,1.03,0.93,1.15,1.20,1.23,1.13,1.02,0.71,0.38,0.33,0.22,0.33,0.29,0.41,0.59,0.46,0.41,0.69,0.76,0.84,0.80,0.76,0.92,0.77,1.07,0.86,0.91,0.95,0.64,0.63,0.59,0.72,0.61,0.48,0.86,1.13,1.12,0.84,0.66,0.46,0.56,0.75,0.64,0.50,0.45,0.46,0.63,0.76,0.71,0.53,0.38,0.18,0.09,-0.23,-0.16,-0.16,-0.04,-0.16,-0.29,-0.53,-0.67,-0.57,-0.48,-0.63,-0.71,-0.63,-0.63,-0.64,-0.75,-0.59,-0.59,-0.54,-0.54,-0.48,-0.24,-0.53,-1.44,-2.11,-1.58,-0.69,0.04,0.39,0.37,0.28,0.51,0.61,0.45,0.37,0.43,0.43,0.29,0.46,0.56,0.86,1.34,1.80,1.77,1.71
0.64,0.61,0.59,1.02,1.25,1.22,1.04,0.98,0.98,1.07,1.15,1.02,0.92,1.06,1.03,0.77,0.88,1.01,0.81,0.39,0.08,-0.09,-0.16,-0.07,-0.04,0.07,0.10,-0.04,-0.13,0.03,0.15,-0.09,-0.04,-0.01,0.14,0.03,0.18,-0.07,-0.13,0.06,0.17,0.30,0.37,0.32,0.61,0.53,0.63,0.48,0.38,0.54,0.56,0.61,0.32,0.60,0.72,1.09,1.20,1.14,0.98,0.71,0.74,0.81,0.65,0.41,0.49,0.65,0.67,0.84,0.79,0.46,0.54,0.56,0.66,0.41,0.44,0.40,0.72,0.58,0.40,0.70,0.79,0.74,0.81,0.88,1.04,0.93,0.98,0.98,0.88,1.01,0.70,0.79,0.70,0.80,0.63,0.43,0.43,0.70,0.76,0.50,0.44,0.41,0.43,0.50,0.39,0.24,0.32,0.38,0.41,0.56,0.37,0.33,0.51,0.39,0.09,-0.19,0.01,-0.09,-0.11,-0.21,-0.37,-0.44,-0.54,-0.57,-0.62,-0.83,-0.82,-0.72,-0.85,-0.69,-0.57,-0.62,-0.66,-0.64,-0.62,-0.49,-0.37,-0.64,-1.29,-1.81,-1.03,-0.14,0.30,0.40,0.40,0.44,0.66,0.60,0.40,0.37,0.41,0.43,0.44,0.50,0.61,0.79,1.23,1.85,1.91,1.89
0.53,0.63,0.48,0.72,0.90,0.98,0.95,0.86,0.95,1.03,1.04,0.92,0.80,0.87,0.95,0.81,0.87,0.79,0.49,0.23,0.25,-0.06,-0.19,-0.16,-0.09,-0.01,0.09,0.01,-0.14,0.02,0.14,-0.03,0.22,0.18,0.15,0.04,0.15,0.06,0.03,0.02,-0.06,0.19,0.33,0.28,0.63,0.45,0.60,0.51,0.49,0.25,0.39,0.53,0.40,0.58,0.63,0.66,0.67,0.63,0.67,0.77,0.70,0.51,0.44,0.32,0.24,0.64,0.67,0.64,0.69,0.63,0.66,0.95,0.41,0.41,0.46,0.60,0.69,0.59,0.64,0.87,0.76,0.66,0.82,0.77,1.02,0.95,0.80,0.86,0.90,0.86,0.75,0.85,0.80,0.88,0.65,0.70,0.50,0.77,0.84,0.69,0.58,0.40,0.35,0.48,0.41,0.25,0.39,0.44,0.37,0.55,0.29,0.37,0.56,0.45,0.12,-0.04,0.03,-0.04,-0.17,-0.22,-0.46,-0.59,-0.63,-0.58,-0.56,-0.72,-0.91,-0.58,-0.83,-0.76,-0.73,-0.78,-0.68,-0.63,-0.43,-0.21,-0.24,-0.36,-0.76,-1.10,-0.51,0.34,0.60,0.63,0.70,0.71,0.80,0.85,0.67,0.48,0.48,0.71,0.63,0.60,0.79,0.81,1.13,1.78,1.94,1.84
0.46,0.50,0.45,0.50,0.65,0.75,0.76,0.74,0.74,0.80,0.76,0.79,0.81,0.77,0.71,0.66,0.64,0.54,0.35,0.24,0.25,0.06,-0.13,0.01,-0.11,-0.14,-0.04,-0.07,-0.23,-0.16,0.01,-0.14,0.07,-0.01,0.12,0.15,0.12,-0.09,-0.03,0.13,0.14,0.24,0.22,0.24,0.56,0.58,0.59,0.61,0.48,0.49,0.53,0.59,0.58,0.46,0.48,0.65,0.81,0.71,0.63,0.76,0.79,0.72,0.67,0.55,0.51,0.63,0.54,0.59,0.84,0.82,0.64,0.65,0.67,0.46,0.55,0.66,0.70,0.53,0.58,0.90,0.77,0.86,0.79,0.86,1.01,0.87,0.87,0.88,0.80,0.92,0.81,0.82,0.77,0.90,0.92,0.88,0.79,0.81,1.01,0.86,0.74,0.55,0.46,0.46,0.46,0.34,0.35,0.34,0.32,0.48,0.41,0.39,0.34,0.23,0.10,0.20,0.09,0.01,-0.14,-0.21,-0.41,-0.53,-0.61,-0.62,-0.57,-0.59,-0.75,-0.72,-0.85,-0.68,-0.80,-0.67,-0.62,-0.54,-0.39,-0.34,-0.43,-0.51,-0.72,-1.24,-0.14,0.37,0.53,0.67,0.71,0.51,1.01,0.86,0.70,0.64,0.65,0.69,0.66,0.77,0.74,0.77,1.17,1.74,1.78,1.97
0.40,0.30,0.44,0.29,0.40,0.54,0.54,0.65,0.49,0.40,0.38,0.50,0.61,0.53,0.54,0.35,0.34,0.29,0.22,0.18,0.09,0.06,-0.17,0.10,-0.04,-0.09,-0.07,-0.16,-0.21,0.03,-0.06,0.01,-0.07,-0.04,0.03,0.04,0.12,-0.07,-0.09,0.19,0.28,0.19,0.12,0.22,0.46,0.34,0.60,0.51,0.49,0.45,0.74,0.66,0.56,0.44,0.48,0.54,0.77,0.86,0.70,0.74,0.80,0.76,0.72,0.72,0.74,0.84,0.88,0.76,0.92,0.87,0.67,0.85,0.79,0.80,0.82,0.63,0.74,0.61,0.44,0.80,0.70,0.64,0.65,0.92,0.98,0.87,0.85,0.93,0.86,1.11,0.93,0.79,0.74,0.97,1.13,0.98,0.91,0.66,0.75,0.80,0.69,0.51,0.50,0.46,0.45,0.34,0.28,0.35,0.39,0.49,0.51,0.24,0.15,0.09,0.14,0.20,0.22,0.19,-0.09,-0.21,-0.37,-0.43,-0.53,-0.64,-0.63,-0.58,-0.62,-0.62,-0.83,-0.64,-0.68,-0.58,-0.72,-0.61,-0.44,-0.44,-0.46,-0.36,-0.46,-0.48,0.41,0.66,0.59,0.71,0.86,0.51,1.00,0.90,0.85,0.69,0.63,0.74,0.81,0.76,0.74,0.70,1.11,1.74,1.73,1.96
0.38,0.09,0.19,0.08,0.19,0.33,0.28,0.29,0.25,0.22,0.09,0.08,0.22,0.15,0.18,-0.02,-0.04,-0.03,-0.12,-0.14,0.17,-0.06,-0.06,-0.03,-0.14,-0.13,-0.03,0.01,-0.03,0.07,0.23,0.03,-0.11,0.09,0.13,0.13,0.27,0.18,0.03,0.09,0.14,0.10,0.27,0.39,0.60,0.34,0.61,0.43,0.59,0.61,0.74,0.75,0.60,0.59,0.65,0.49,0.59,0.77,0.75,0.80,0.79,0.77,0.91,0.81,0.75,0.77,1.00,0.92,0.92,0.86,1.03,1.02,0.70,0.61,0.86,0.86,0.70,0.80,0.66,0.66,0.65,0.63,0.87,0.97,0.98,0.86,0.76,0.88,1.02,0.88,0.85,0.71,0.92,0.97,0.97,1.04,0.88,0.66,0.77,0.74,0.58,0.45,0.55,0.59,0.48,0.33,0.38,0.51,0.48,0.46,0.44,0.28,0.32,0.30,0.28,0.09,0.19,0.17,-0.13,-0.26,-0.32,-0.43,-0.54,-0.67,-0.67,-0.62,-0.76,-0.73,-0.71,-0.76,-0.72,-0.58,-0.59,-0.54,-0.48,-0.44,-0.43,-0.53,-0.61,0.04,0.49,0.75,0.77,0.84,0.85,0.72,1.02,0.76,0.85,0.87,0.71,0.56,0.72,0.69,0.75,0.86,1.23,1.68,1.73,1.67
0.32,-0.02,-0.08,-0.07,0.10,0.20,0.08,0.01,0.13,0.13,-0.04,-0.12,-0.03,-0.01,-0.29,-0.27,-0.19,-0.21,-0.28,-0.28,0.06,0.08,-0.07,-0.22,-0.33,-0.09,0.17,0.01,-0.28,-0.04,-0.02,0.01,0.01,0.23,0.15,0.12,0.20,0.06,-0.03,0.09,0.18,0.15,-0.02,0.23,0.30,0.19,0.35,0.38,0.41,0.37,0.67,0.67,0.64,0.70,0.82,0.76,0.79,0.93,1.08,1.12,1.02,0.88,0.85,0.74,0.63,0.81,0.87,1.01,1.11,0.96,0.84,0.81,0.76,0.63,0.74,0.58,0.72,0.51,0.58,0.65,0.64,0.56,0.74,0.59,0.88,0.79,0.92,0.86,0.88,1.02,0.76,0.72,0.92,0.81,0.70,0.77,0.85,0.92,0.85,0.75,0.53,0.59,0.69,0.64,0.43,0.27,0.34,0.37,0.29,0.29,0.27,0.38,0.50,0.43,0.30,0.22,0.15,0.07,-0.12,-0.26,-0.34,-0.51,-0.72,-0.86,-0.77,-0.67,-0.82,-0.80,-0.67,-0.73,-0.81,-0.75,-0.61,-0.59,-0.51,-0.39,-0.44,-0.57,-0.71,0.12,0.33,0.64,0.72,0.70,0.64,0.60,0.90,0.69,0.75,0.70,0.67,0.66,0.46,0.65,0.60,0.66,1.06,1.46,1.29,1.38
0.09,0.01,0.03,-0.07,0.07,0.18,0.01,0.04,0.19,-0.07,-0.23,-0.28,-0.29,-0.16,-0.21,-0.28,-0.27,-0.21,-0.17,-0.19,-0.17,-0.11,-0.12,-0.16,-0.12,-0.06,-0.07,-0.11,-0.09,-0.02,0.29,0.02,-0.17,-0.09,0.25,0.20,0.14,0.19,0.15,0.15,0.19,0.18,0.25,0.24,0.19,0.17,0.84,0.48,0.49,0.39,0.46,0.50,0.45,0.53,0.43,0.33,0.50,0.67,0.72,0.77,0.82,0.74,0.70,0.65,0.61,0.59,0.74,0.85,0.74,0.79,0.75,0.67,0.65,0.69,0.48,0.72,0.79,0.56,0.74,0.70,0.79,0.64,0.69,0.71,1.06,0.69,0.98,0.87,0.95,0.93,1.06,0.82,0.90,0.76,0.59,0.65,0.60,0.59,0.59,0.46,0.49,0.45,0.44,0.51,0.38,0.29,0.35,0.24,0.22,0.30,0.14,0.34,0.35,0.38,0.24,0.27,0.17,0.13,-0.14,-0.37,-0.33,-0.52,-0.82,-0.88,-0.78,-0.73,-0.78,-0.68,-0.83,-0.62,-0.68,-0.77,-0.64,-0.64,-0.57,-0.32,-0.19,-0.47,-0.56,-0.32,0.10,0.54,0.66,0.76,0.84,0.70,0.87,0.81,0.90,0.81,0.70,0.65,0.49,0.88,0.86,0.76,0.90,1.11,1.00,0.90
0.30,0.33,0.29,0.28,0.34,0.37,0.29,0.14,0.41,0.35,0.17,0.19,0.40,0.49,0.25,0.18,0.15,0.08,0.04,0.10,0.07,0.20,0.12,0.18,0.10,0.14,0.15,0.04,0.10,0.29,-0.04,-0.01,0.22,0.14,0.13,0.15,0.09,0.09,0.06,-0.04,0.03,0.02,0.01,0.17,-0.02,-0.02,0.29,0.39,0.30,0.33,0.43,0.45,0.45,0.51,0.64,0.60,0.56,0.58,0.56,0.61,0.70,0.63,0.46,0.55,0.75,0.64,0.48,0.70,0.56,0.69,0.54,0.71,0.72,0.66,0.49,0.64,0.39,0.48,0.35,0.44,0.75,0.87,0.50,0.70,0.86,0.74,0.87,0.82,0.82,0.84,0.84,0.81,0.80,0.67,0.41,0.65,0.69,0.53,0.48,0.32,0.27,0.25,0.29,0.41,0.39,0.32,0.22,0.07,0.10,0.25,0.09,0.08,0.17,0.15,0.17,0.20,0.09,0.06,-0.21,-0.49,-0.36,-0.52,-0.76,-0.76,-0.67,-0.68,-0.71,-0.66,-0.81,-0.64,-0.59,-0.72,-0.64,-0.57,-0.58,-0.42,-0.22,-0.48,-0.62,-0.43,-0.08,0.41,0.67,0.84,0.87,0.80,0.90,0.80,0.72,0.70,0.79,0.84,0.60,0.38,0.82,0.79,0.60,0.64,0.91,1.17
0.55,0.30,0.35,0.22,0.33,0.40,0.09,0.30,0.66,0.55,0.34,0.17,0.13,0.39,0.40,0.34,0.37,0.39,0.40,0.37,0.34,0.48,0.45,0.34,0.34,0.33,0.20,0.01,-0.11,-0.01,-0.18,0.04,0.07,0.25,0.19,0.35,0.30,0.04,-0.12,-0.04,0.08,-0.01,0.13,0.15,0.18,0.04,0.33,0.46,-0.01,0.30,0.58,0.34,0.19,0.43,0.60,0.66,0.65,0.58,0.55,0.64,0.76,0.71,0.44,0.35,0.35,0.40,0.48,0.51,0.60,0.51,0.48,0.79,0.72,0.58,0.34,0.63,0.61,0.49,0.18,0.48,0.46,0.34,0.29,0.37,0.76,0.39,0.56,0.86,0.71,0.88,0.82,0.65,0.72,0.50,0.44,0.65,0.53,0.37,0.30,0.29,0.27,0.23,0.09,0.15,0.23,0.18,-0.01,-0.17,-0.12,0.02,0.10,0.09,0.07,-0.13,-0.03,0.10,0.03,-0.12,-0.21,-0.42,-0.49,-0.64,-0.82,-0.80,-0.71,-0.68,-0.67,-0.68,-0.71,-0.68,-0.72,-0.86,-0.71,-0.66,-0.68,-0.56,-0.42,-0.53,-0.82,-0.64,-0.28,0.39,0.74,0.85,0.81,0.72,0.72,0.76,0.71,0.69,0.76,0.80,0.64,0.56,0.87,0.81,0.74,0.80,0.79,1.12
0.59,0.35,0.56,0.77,0.93,0.88,0.59,0.54,0.96,0.95,0.80,0.69,0.64,0.72,0.92,0.74,0.70,0.66,0.65,0.67,0.98,0.67,0.43,0.41,0.48,0.39,0.33,0.28,0.06,-0.17,-0.09,-0.04,0.03,0.03,0.18,0.23,0.04,-0.09,-0.06,-0.08,-0.12,0.09,0.22,0.12,0.20,0.04,0.01,0.15,0.14,0.01,0.22,0.18,-0.02,0.07,0.25,0.38,0.46,0.46,0.34,0.30,0.45,0.48,0.58,0.37,0.34,0.45,0.49,0.58,0.35,0.54,0.48,0.38,0.61,0.55,0.29,0.44,0.45,0.29,0.24,0.03,0.22,0.18,0.34,0.35,0.61,0.30,0.41,0.60,0.76,0.49,0.32,0.40,0.58,0.15,0.24,0.44,0.39,0.27,0.17,0.07,0.08,0.08,0.01,0.09,0.07,-0.04,-0.11,-0.16,-0.19,-0.09,-0.04,-0.12,-0.01,-0.12,-0.04,-0.03,-0.16,-0.27,-0.48,-0.47,-0.62,-0.72,-0.85,-0.87,-0.80,-0.71,-0.63,-0.64,-0.76,-0.77,-0.86,-0.97,-0.63,-0.62,-0.64,-0.64,-0.66,-0.61,-0.81,-0.81,-0.16,0.44,0.72,0.72,0.69,0.76,0.64,0.67,0.63,0.65,0.79,0.84,0.60,0.56,0.80,0.82,0.74,0.64,0.74,1.03
1.07,0.72,0.66,1.00,1.22,1.06,0.61,0.69,0.88,1.00,0.93,0.81,0.72,0.74,0.70,0.43,0.59,0.76,0.74,0.70,0.63,0.65,0.72,0.60,0.66,0.60,0.44,0.34,0.22,0.04,-0.11,-0.01,0.24,-0.03,0.06,0.08,-0.06,-0.17,-0.16,-0.16,-0.21,-0.13,-0.07,0.17,-0.07,-0.06,0.30,0.03,0.06,0.12,0.09,-0.04,0.01,0.06,0.20,0.13,0.02,0.18,0.22,0.15,0.13,0.12,0.17,-0.06,0.12,0.20,0.14,0.34,0.43,0.10,0.25,0.17,0.32,0.15,0.19,0.20,0.29,0.17,-0.09,0.08,0.24,0.10,0.13,0.04,0.22,0.35,0.38,0.59,0.51,0.48,0.25,0.22,0.41,0.28,0.27,0.37,0.43,0.32,0.18,-0.03,-0.02,-0.12,-0.12,-0.09,-0.09,-0.03,-0.08,-0.26,-0.28,-0.12,-0.18,-0.03,0.10,-0.21,-0.26,-0.19,-0.42,-0.42,-0.57,-0.54,-0.73,-0.72,-0.85,-0.93,-0.82,-0.68,-0.68,-0.75,-0.85,-0.91,-0.88,-0.87,-0.67,-0.61,-0.63,-0.73,-0.77,-0.67,-0.90,-0.95,-0.18,0.40,0.63,0.61,0.64,0.69,0.59,0.61,0.60,0.60,0.65,0.69,0.50,0.55,0.75,0.75,0.55,0.39,0.59,0.85
0.77,0.54,0.60,0.71,0.90,0.93,0.65,0.50,0.69,0.63,0.54,0.60,0.72,0.69,0.53,0.35,0.63,0.80,0.71,0.56,0.27,0.54,0.59,0.39,0.37,0.38,0.40,0.39,0.25,0.17,-0.04,-0.04,0.24,-0.08,-0.04,0.01,0.04,-0.04,-0.18,-0.14,-0.23,-0.33,-0.17,-0.13,-0.28,-0.42,-0.23,-0.04,-0.19,-0.14,-0.04,-0.14,-0.21,-0.33,-0.13,-0.06,-0.09,-0.04,-0.23,-0.32,-0.32,-0.21,-0.11,-0.07,-0.02,-0.17,-0.16,0.04,0.03,-0.13,-0.19,-0.17,-0.02,-0.21,0.17,-0.06,-0.22,0.03,0.01,0.02,0.18,-0.08,0.15,0.18,0.15,0.23,0.29,0.33,0.12,0.23,0.27,0.32,0.64,0.25,0.10,0.24,0.27,0.15,-0.02,-0.03,-0.07,-0.14,-0.17,-0.22,-0.31,-0.36,-0.39,-0.44,-0.41,-0.32,-0.19,-0.03,-0.04,-0.29,-0.38,-0.39,-0.53,-0.57,-0.71,-0.57,-0.76,-0.75,-0.87,-0.97,-0.88,-0.80,-0.85,-0.90,-0.82,-0.86,-0.83,-0.77,-0.80,-0.64,-0.57,-0.72,-0.71,-0.54,-1.11,-0.98,-0.51,0.27,0.55,0.56,0.55,0.53,0.60,0.64,0.69,0.60,0.61,0.69,0.54,0.60,0.66,0.58,0.51,0.55,0.63,0.65
0.77,0.67,0.70,0.79,0.77,0.67,0.67,0.55,0.66,0.79,0.77,0.70,0.69,0.64,0.51,0.64,0.65,0.66,0.69,0.58,0.49,0.63,0.58,0.40,0.41,0.38,0.34,0.43,0.44,0.24,-0.07,0.12,0.12,-0.02,0.10,0.12,0.07,-0.03,-0.04,0.09,-0.11,-0.19,0.02,-0.29,-0.29,-0.28,-0.21,-0.13,-0.32,-0.24,-0.08,-0.26,-0.34,-0.33,-0.37,-0.51,-0.42,-0.21,-0.28,-0.33,-0.18,-0.13,-0.19,-0.32,-0.27,-0.18,-0.22,-0.22,-0.07,-0.24,-0.21,-0.08,-0.04,-0.01,-0.26,-0.02,0.01,-0.06,-0.36,-0.13,-0.06,0.01,0.02,0.24,0.10,0.08,0.06,0.34,0.37,0.35,0.10,-0.17,0.15,0.06,-0.01,0.17,0.13,-0.02,-0.07,-0.19,-0.23,-0.33,-0.29,-0.22,-0.27,-0.36,-0.37,-0.38,-0.33,-0.27,-0.36,-0.08,-0.09,-0.22,-0.37,-0.62,-0.68,-0.61,-0.59,-0.66,-0.73,-0.75,-0.90,-0.92,-0.77,-0.69,-0.77,-0.73,-0.78,-0.81,-0.85,-0.67,-0.58,-0.39,-0.36,-0.59,-0.66,-0.38,-0.97,-0.92,-0.53,0.27,0.50,0.53,0.59,0.59,0.58,0.58,0.61,0.59,0.61,0.66,0.58,0.56,0.56,0.53,0.56,0.67,0.66,0.72
0.86,0.66,0.61,0.66,0.69,0.71,0.81,0.67,0.51,0.48,0.58,0.59,0.41,0.58,0.59,0.58,0.53,0.59,0.64,0.45,0.58,0.50,0.43,0.33,0.33,0.32,0.37,0.43,0.22,0.27,0.04,0.13,0.14,0.20,0.10,-0.06,-0.14,-0.19,-0.16,0.03,-0.07,-0.33,-0.36,-0.23,-0.29,-0.59,-0.44,-0.37,-0.44,-0.59,-0.59,-0.39,-0.34,-0.58,-0.78,-0.81,-0.71,-0.57,-0.54,-0.63,-0.71,-0.46,-0.28,-0.33,-0.42,-0.47,-0.68,-0.57,-0.38,-0.61,-0.58,-0.37,-0.48,-0.59,-0.36,-0.57,-0.19,-0.19,-0.04,-0.32,-0.03,-0.14,-0.27,-0.08,-0.22,-0.02,0.01,0.17,0.09,0.03,0.12,0.03,0.15,-0.27,-0.27,-0.31,-0.19,-0.24,-0.12,-0.26,-0.28,-0.37,-0.33,-0.27,-0.31,-0.39,-0.44,-0.44,-0.41,-0.42,-0.47,-0.31,-0.36,-0.46,-0.51,-0.47,-0.96,-0.78,-0.78,-0.71,-0.80,-0.63,-0.77,-0.93,-0.81,-0.66,-0.69,-0.76,-0.82,-0.85,-1.05,-0.41,-0.49,-0.41,-0.44,-0.57,-0.53,-0.43,-0.69,-0.96,-0.29,0.43,0.51,0.49,0.64,0.76,0.65,0.53,0.58,0.59,0.56,0.56,0.58,0.66,0.64,0.54,0.58,0.69,0.71,0.77
0.80,0.80,0.58,0.58,0.66,0.69,0.71,0.76,0.59,0.41,0.44,0.59,0.54,0.61,0.39,0.48,0.49,0.51,0.56,0.53,0.43,0.51,0.51,0.40,0.46,0.49,0.41,0.33,0.15,0.27,0.37,0.07,0.14,0.28,0.13,-0.04,-0.13,-0.07,0.04,-0.04,-0.21,-0.38,-0.38,-0.19,-0.18,-0.34,-0.51,-0.48,-0.47,-0.71,-0.64,-0.41,-0.46,-0.63,-1.02,-1.26,-1.22,-1.17,-1.24,-1.35,-1.20,-1.17,-0.87,-1.00,-1.12,-1.07,-1.30,-1.01,-0.78,-0.87,-1.01,-0.90,-0.97,-0.64,-0.69,-0.48,-0.06,-0.28,-0.29,-0.28,-0.09,-0.32,-0.08,0.03,-0.06,-0.08,0.03,-0.23,-0.24,0.14,0.09,0.04,-0.12,-0.13,-0.23,-0.21,-0.23,-0.24,-0.13,-0.18,-0.24,-0.38,-0.29,-0.22,-0.28,-0.33,-0.41,-0.56,-0.57,-0.42,-0.46,-0.48,-0.39,-0.48,-0.66,-0.49,-0.69,-0.53,-0.64,-0.72,-0.85,-0.67,-0.71,-0.83,-0.73,-0.63,-0.73,-0.71,-0.59,-0.68,-0.87,-0.48,-0.54,-0.56,-0.47,-0.47,-0.52,-0.56,-0.88,-0.91,-0.18,0.54,0.61,0.53,0.59,0.72,0.81,0.71,0.67,0.60,0.58,0.60,0.54,0.84,0.67,0.56,0.60,0.71,0.75,0.77
0.63,0.79,0.55,0.53,0.51,0.43,0.55,0.64,0.56,0.49,0.49,0.50,0.50,0.84,0.48,0.59,0.64,0.64,0.63,0.53,0.49,0.49,0.45,0.40,0.37,0.32,0.29,0.22,0.03,0.07,0.34,0.12,0.19,0.20,0.01,-0.14,-0.13,-0.07,-0.02,-0.02,-0.18,-0.27,-0.24,-0.08,-0.27,-0.37,-0.29,-0.36,-0.43,-0.41,-0.51,-0.52,-0.46,-0.73,-1.07,-1.35,-1.57,-1.53,-1.49,-1.68,-1.78,-1.69,-1.31,-1.51,-1.57,-1.16,-1.26,-1.21,-0.92,-1.08,-1.41,-1.05,-1.35,-0.98,-0.88,-0.77,-0.57,-0.47,-0.09,-0.32,-0.02,-0.13,-0.29,0.01,0.06,0.13,-0.02,-0.24,-0.22,0.01,0.06,0.06,-0.14,-0.21,-0.41,-0.33,-0.32,-0.44,-0.42,-0.37,-0.53,-0.58,-0.73,-0.53,-0.31,-0.41,-0.49,-0.56,-0.42,-0.32,-0.49,-0.46,-0.42,-0.49,-0.68,-0.56,-0.51,-0.43,-0.61,-0.68,-0.81,-0.71,-0.76,-0.82,-0.82,-0.82,-0.68,-0.63,-0.76,-0.56,-0.61,-0.62,-0.56,-0.56,-0.59,-0.54,-0.51,-0.68,-0.86,-0.85,-0.18,0.40,0.63,0.71,0.77,0.75,0.80,0.86,0.67,0.46,0.50,0.66,0.53,0.75,0.56,0.48,0.53,0.65,0.70,0.91
0.56,0.67,0.60,0.54,0.46,0.40,0.40,0.55,0.53,0.45,0.49,0.48,0.32,0.81,0.45,0.59,0.59,0.53,0.50,0.40,0.27,0.40,0.33,0.25,0.23,0.22,0.22,0.17,0.07,0.14,0.29,0.07,0.12,0.15,0.06,-0.04,-0.18,-0.27,-0.19,-0.16,-0.19,-0.29,-0.19,-0.27,-0.09,-0.24,-0.24,-0.26,-0.37,-0.49,-0.43,-0.36,-0.46,-0.61,-0.92,-1.31,-1.44,-1.41,-1.53,-1.82,-1.90,-1.73,-1.82,-1.77,-1.85,-1.58,-1.51,-1.35,-1.40,-1.69,-1.46,-1.27,-0.96,-1.15,-0.68,-0.75,-0.47,-0.49,-0.31,-0.01,-0.16,-0.03,0.14,0.37,0.23,0.04,-0.07,-0.06,0.01,0.07,0.06,0.06,0.01,-0.13,-0.33,-0.22,-0.27,-0.26,0.01,-0.18,-0.42,-0.43,-0.46,-0.31,-0.18,-0.22,-0.41,-0.48,-0.41,-0.44,-0.37,-0.42,-0.31,-0.54,-0.54,-0.46,-0.67,-0.44,-0.59,-0.49,-0.52,-0.49,-0.69,-0.75,-0.62,-0.62,-0.56,-0.49,-0.49,-0.59,-0.85,-0.66,-0.68,-0.49,-0.56,-0.59,-0.41,-0.54,-0.78,-0.56,-0.16,0.33,0.61,0.72,0.72,0.77,0.98,0.93,0.80,0.60,0.64,0.85,0.67,0.66,0.61,0.34,0.33,0.61,0.74,0.97
0.60,0.67,0.72,0.60,0.46,0.40,0.33,0.41,0.48,0.40,0.39,0.44,0.41,0.64,0.30,0.45,0.35,0.24,0.30,0.38,0.19,0.30,0.13,0.01,0.10,0.17,0.13,0.09,0.14,0.24,0.07,-0.17,-0.04,0.02,-0.02,-0.14,-0.27,-0.23,-0.22,-0.26,-0.23,-0.37,-0.23,-0.31,-0.19,-0.21,-0.27,-0.16,-0.22,-0.42,-0.29,-0.16,-0.26,-0.43,-0.53,-0.52,-0.49,-0.61,-0.86,-1.15,-1.07,-0.92,-0.93,-1.02,-0.85,-0.78,-0.56,-0.62,-0.59,-0.80,-0.57,-0.06,0.08,-0.18,0.09,-0.52,-0.28,-0.34,-0.16,-0.29,-0.41,-0.19,-0.12,0.09,-0.03,0.08,0.18,0.15,-0.09,0.01,0.02,-0.13,-0.11,-0.16,-0.11,-0.17,-0.14,-0.31,-0.11,-0.17,-0.33,-0.34,-0.29,-0.26,-0.31,-0.33,-0.42,-0.54,-0.43,-0.31,-0.33,-0.41,-0.33,-0.44,-0.52,-0.27,-0.57,-0.27,-0.44,-0.46,-0.36,-0.28,-0.48,-0.53,-0.48,-0.64,-0.59,-0.51,-0.37,-0.72,-0.87,-0.62,-0.56,-0.49,-0.56,-0.64,-0.57,-0.61,-0.67,-0.44,-0.04,0.37,0.64,0.71,0.65,0.58,0.71,0.84,0.72,0.64,0.72,0.91,0.74,0.56,0.50,0.51,0.48,0.48,0.65,0.80
0.58,0.77,0.74,0.60,0.39,0.29,0.39,0.18,0.32,0.30,0.30,0.32,0.28,0.46,0.28,0.24,0.10,0.07,0.19,0.28,0.12,0.17,0.07,0.10,0.19,0.22,0.19,0.18,0.12,0.24,0.32,-0.14,-0.07,-0.02,0.02,-0.16,-0.26,-0.21,-0.22,-0.23,-0.12,-0.27,-0.32,-0.18,-0.07,-0.14,-0.27,-0.07,-0.22,-0.33,-0.17,-0.14,-0.28,-0.49,-0.44,-0.27,-0.16,-0.06,-0.24,-0.49,-0.37,-0.18,-0.14,-0.13,-0.23,0.02,0.01,-0.11,-0.24,-0.19,0.10,0.49,0.30,0.12,0.35,0.18,-0.08,-0.29,-0.37,-0.17,-0.31,-0.02,-0.12,0.12,0.03,0.08,0.09,-0.04,-0.04,0.17,0.20,0.10,-0.09,-0.06,0.06,0.04,0.25,0.09,0.04,0.18,0.08,0.18,0.41,0.50,0.44,0.15,-0.07,-0.03,0.09,0.34,0.35,0.34,0.04,-0.37,-0.32,-0.03,-0.33,-0.31,-0.29,-0.42,-0.39,-0.06,-0.27,-0.54,-0.44,-0.41,-0.39,-0.32,-0.08,-0.49,-0.53,-0.59,-0.69,-0.53,-0.41,-0.51,-0.67,-0.73,-0.71,-0.38,0.19,0.48,0.51,0.58,0.76,0.87,0.79,0.61,0.53,0.64,0.70,0.56,0.37,0.49,0.39,0.49,0.64,0.66,0.66,0.80
0.51,0.72,0.60,0.43,0.37,0.37,0.33,0.15,0.22,0.18,0.23,0.20,-0.03,0.30,0.12,0.03,-0.06,-0.04,0.06,0.10,-0.06,-0.01,0.07,0.13,0.28,0.32,0.22,0.13,-0.01,0.18,0.41,-0.03,-0.19,-0.17,0.01,-0.08,-0.17,-0.18,-0.23,-0.19,-0.13,-0.04,-0.23,-0.14,-0.29,-0.23,-0.09,-0.07,-0.07,-0.21,-0.11,-0.19,-0.29,-0.27,-0.23,-0.12,0.13,0.34,0.32,0.22,0.32,0.30,0.14,0.29,0.15,0.32,0.44,0.46,0.44,0.38,0.66,0.88,1.01,0.40,0.58,0.48,0.17,-0.02,0.03,0.08,-0.13,0.01,-0.16,0.04,0.18,0.19,0.04,-0.03,0.04,0.10,-0.02,0.08,0.33,0.13,0.09,0.38,0.74,0.84,0.88,1.03,1.01,1.01,1.15,1.51,1.50,1.17,1.06,1.02,1.14,1.46,1.44,1.02,0.39,-0.11,-0.18,0.03,-0.33,-0.19,-0.12,-0.27,-0.39,-0.39,-0.41,-0.42,-0.37,-0.29,-0.18,-0.29,-0.27,-0.37,-0.49,-0.62,-0.71,-0.47,-0.34,-0.44,-0.59,-0.69,-0.52,-0.14,0.40,0.46,0.43,0.56,0.80,0.76,0.80,0.70,0.58,0.66,0.75,0.66,0.48,0.67,0.48,0.45,0.50,0.51,0.60,0.69
0.65,0.53,0.37,0.30,0.28,0.24,0.17,0.04,0.17,0.15,0.15,0.10,-0.02,0.09,-0.08,-0.06,-0.09,-0.16,-0.16,-0.11,-0.18,-0.12,0.01,0.01,0.17,0.19,0.04,-0.02,-0.06,-0.01,0.12,-0.18,-0.24,-0.18,0.02,-0.01,-0.14,-0.16,-0.16,-0.21,-0.19,-0.09,-0.23,-0.18,-0.19,-0.34,-0.16,-0.04,-0.09,-0.23,-0.27,-0.29,-0.22,-0.02,-0.02,-0.04,0.24,0.59,0.76,0.91,0.77,0.71,0.56,0.58,0.55,0.82,0.92,1.08,0.60,1.09,1.29,2.13,1.27,0.65,0.51,0.51,0.22,0.01,-0.02,0.20,0.09,0.03,-0.02,-0.04,0.18,0.19,0.10,0.13,0.25,0.15,0.27,0.32,0.35,0.48,0.10,0.34,1.19,1.94,2.39,2.41,1.97,2.05,2.33,2.43,2.49,2.43,2.23,2.06,2.09,2.28,2.25,2.07,1.20,0.48,0.04,-0.02,-0.28,-0.28,-0.24,-0.11,-0.17,-0.06,-0.22,-0.32,-0.34,-0.54,-0.31,-0.32,-0.41,-0.21,-0.36,-0.52,-0.59,-0.48,-0.37,-0.38,-0.47,-0.38,-0.13,0.07,0.53,0.51,0.35,0.41,0.63,0.60,0.87,0.71,0.64,0.66,0.76,0.81,0.55,0.54,0.55,0.51,0.51,0.51,0.40,0.66
0.34,0.18,0.02,0.27,0.30,0.08,0.04,-0.07,0.10,0.06,0.03,0.03,-0.07,-0.07,-0.11,-0.03,-0.01,-0.09,-0.21,-0.17,-0.19,-0.06,0.07,0.09,0.15,0.08,-0.06,-0.02,0.04,-0.18,0.03,-0.07,-0.23,-0.18,-0.02,-0.03,-0.17,-0.13,0.02,-0.02,-0.17,-0.14,-0.16,-0.04,-0.11,-0.06,-0.18,-0.02,-0.11,-0.18,-0.07,-0.12,-0.13,-0.01,0.06,0.06,0.32,0.95,1.78,2.49,2.51,2.59,2.76,2.71,3.24,3.77,3.73,4.10,4.18,3.47,2.88,2.74,1.60,0.79,0.96,0.25,0.58,0.27,0.10,0.32,0.04,0.24,0.15,0.01,0.19,0.51,0.30,0.24,0.09,0.18,0.20,0.17,0.23,0.33,0.15,0.65,1.50,2.80,3.19,2.84,2.62,2.60,2.59,2.55,2.45,2.40,2.45,2.43,2.65,2.86,2.77,2.45,1.42,0.61,0.48,0.20,-0.18,-0.07,-0.08,-0.24,-0.08,-0.06,-0.09,-0.26,-0.38,-0.27,-0.32,-0.38,-0.37,-0.29,-0.33,-0.33,-0.31,-0.22,-0.24,-0.39,-0.54,-0.66,-0.06,0.28,0.64,0.58,0.55,0.66,0.79,0.79,0.63,0.80,0.72,0.58,0.63,0.82,0.44,0.29,0.20,0.22,0.29,0.43,0.77,0.66
0.50,0.45,0.33,0.35,0.34,0.23,0.08,0.32,0.22,0.04,0.04,0.14,0.09,0.30,-0.09,0.12,0.15,0.06,-0.03,-0.08,-0.09,0.01,0.03,0.01,0.09,0.08,-0.04,-0.07,-0.06,-0.17,-0.08,-0.12,-0.37,-0.33,-0.17,-0.12,-0.22,-0.21,0.01,-0.01,-0.19,-0.18,-0.04,0.10,0.04,-0.09,-0.04,-0.01,-0.19,-0.21,0.01,-0.03,0.03,0.14,0.09,0.06,0.29,1.13,2.86,4.67,5.10,4.84,4.83,4.65,4.78,5.31,5.37,5.61,5.91,5.28,4.36,3.88,3.04,1.79,1.28,0.50,0.70,0.40,0.13,0.30,0.20,0.17,0.23,0.39,0.33,0.41,0.38,0.19,0.30,0.28,0.13,0.35,0.32,0.30,0.34,0.40,1.14,2.58,3.23,3.10,2.98,2.71,2.54,2.76,2.74,2.41,2.30,2.36,2.54,2.57,2.49,2.23,1.61,0.60,0.40,0.17,-0.07,0.08,0.18,-0.02,0.07,-0.03,-0.22,-0.32,-0.39,-0.53,-0.48,-0.17,-0.46,-0.42,-0.23,-0.36,-0.64,-0.64,-0.62,-0.66,-0.57,-0.59,-0.37,0.56,0.65,0.50,0.50,0.60,0.60,0.29,0.49,0.50,0.61,0.51,0.40,0.53,0.37,0.48,0.37,0.30,0.38,0.51,0.56,0.34
0.51,0.27,0.30,0.39,0.43,0.35,0.24,0.12,0.27,0.25,0.35,0.50,0.48,0.61,0.43,0.29,0.18,0.06,0.02,0.12,0.04,0.01,-0.16,-0.23,0.01,-0.02,-0.22,-0.21,-0.31,-0.18,-0.19,-0.27,-0.36,-0.29,-0.14,-0.13,-0.24,-0.26,-0.16,-0.19,-0.18,-0.11,0.01,0.17,0.04,-0.21,0.03,0.07,-0.06,-0.13,0.02,0.04,0.03,0.20,0.32,0.29,0.35,1.17,3.07,4.56,4.95,5.05,4.91,5.05,5.23,5.19,5.16,5.31,5.38,5.22,4.15,3.63,2.25,1.01,1.27,0.54,0.76,0.51,0.22,0.43,0.29,0.27,0.17,0.27,0.19,0.49,0.54,0.34,0.48,0.37,0.25,0.44,0.48,0.38,0.19,0.64,1.28,2.54,2.96,2.94,2.82,2.62,2.58,2.65,2.63,2.43,2.31,2.36,2.36,2.36,2.36,2.11,1.29,0.60,0.35,0.09,-0.14,-0.03,-0.02,-0.18,-0.16,-0.14,-0.24,-0.31,-0.21,-0.03,-0.16,-0.19,-0.19,-0.34,-0.36,-0.44,-0.41,-0.41,-0.34,-0.34,-0.54,-0.47,-0.19,0.29,0.46,0.46,0.60,0.81,0.75,0.28,0.70,0.63,0.55,0.67,0.74,0.55,0.40,0.24,0.28,0.37,0.50,0.67,0.65,0.51
0.51,0.48,0.33,0.50,0.77,0.93,0.91,0.69,0.88,0.86,0.88,0.95,0.90,1.04,1.09,1.04,0.92,0.84,0.93,1.03,0.51,0.17,0.06,-0.02,0.10,-0.01,-0.21,-0.21,-0.38,-0.29,-0.12,-0.08,-0.18,-0.24,-0.06,-0.11,-0.23,-0.22,-0.17,-0.22,-0.19,0.02,0.04,-0.01,-0.04,-0.26,-0.07,0.13,0.09,0.01,0.13,0.14,0.14,0.19,0.20,0.23,0.30,1.12,2.48,3.02,3.40,3.53,3.49,3.35,3.54,3.04,2.80,2.95,3.18,3.01,2.40,2.22,1.53,1.09,1.09,0.64,0.71,0.60,0.51,0.53,0.66,0.38,0.43,0.28,0.58,0.56,0.44,0.44,0.51,0.30,0.39,0.49,0.59,0.20,0.28,0.35,1.11,2.23,2.52,2.62,2.42,2.34,2.51,2.49,2.41,2.30,2.20,1.97,1.79,2.07,2.07,1.89,1.22,0.71,0.32,0.08,0.01,0.12,0.06,-0.11,-0.13,-0.04,-0.13,-0.19,-0.02,0.10,0.20,-0.01,-0.24,-0.22,-0.19,-0.24,-0.32,-0.48,-0.43,-0.29,-0.36,-0.09,-0.31,0.28,0.60,0.55,0.56,0.75,0.88,0.59,0.55,0.61,0.56,0.56,0.59,0.53,0.20,0.20,0.40,0.41,0.39,0.56,0.65,0.64
0.41,0.61,0.74,1.03,1.39,1.61,1.58,1.17,1.51,1.66,1.58,1.38,1.29,1.50,1.56,1.39,1.22,1.17,1.20,1.24,0.76,0.23,0.13,0.18,-0.06,-0.19,-0.12,-0.16,-0.47,-0.39,-0.18,-0.21,-0.28,-0.28,-0.14,-0.11,-0.14,-0.12,-0.04,-0.12,-0.21,-0.03,0.08,-0.06,-0.08,-0.02,0.19,0.22,0.20,0.17,0.25,0.27,0.24,0.25,0.30,0.30,0.39,1.01,1.89,2.34,2.64,2.54,2.30,2.18,2.31,2.11,1.96,2.07,2.18,1.88,1.79,1.89,1.52,1.46,0.90,0.82,0.86,0.65,0.66,0.63,0.50,0.35,0.54,0.38,0.54,0.45,0.41,0.24,0.50,0.41,0.43,0.24,0.25,0.40,0.43,0.43,1.03,2.06,2.43,2.51,2.36,2.23,2.28,2.24,2.20,2.20,2.09,1.94,1.90,1.92,1.88,1.92,1.34,0.65,0.46,0.07,0.06,0.09,-0.01,-0.06,-0.02,0.07,-0.04,-0.23,-0.12,0.06,0.02,-0.18,-0.36,-0.47,-0.43,-0.32,-0.36,-0.42,-0.47,-0.51,-0.47,-0.24,-0.26,0.13,0.65,0.56,0.49,0.59,0.67,0.74,0.50,0.56,0.30,0.30,0.58,0.61,0.10,0.12,0.17,0.22,0.27,0.40,0.55,0.64
0.58,0.75,0.81,1.06,1.45,1.77,1.74,1.45,1.73,1.68,1.73,1.84,1.78,1.77,1.49,1.58,1.51,1.41,1.39,1.27,0.65,0.33,0.20,0.09,-0.01,-0.07,-0.04,-0.12,-0.46,-0.32,-0.07,-0.16,-0.43,-0.13,-0.12,-0.12,-0.08,-0.09,-0.08,-0.03,-0.04,-0.08,0.02,0.08,-0.06,0.07,0.25,0.20,0.18,0.20,0.24,0.24,0.27,0.37,0.41,0.38,0.48,0.98,1.73,2.18,2.42,2.37,2.12,1.99,2.12,2.14,2.02,2.16,2.40,2.23,2.28,2.05,1.63,1.18,0.95,1.01,0.59,0.74,0.51,0.67,0.64,0.43,0.56,0.40,0.55,0.64,0.43,0.49,0.48,0.51,0.38,0.39,0.53,0.61,0.58,0.56,1.19,2.17,2.62,2.54,2.52,2.57,2.39,2.20,2.12,1.96,1.83,1.75,1.80,1.90,1.97,1.97,1.58,0.61,0.37,0.13,0.09,0.01,0.03,0.01,-0.02,0.03,-0.02,-0.09,-0.04,-0.11,-0.12,-0.04,-0.12,-0.31,-0.34,-0.46,-0.41,-0.36,-0.47,-0.57,-0.41,-0.38,-0.16,0.32,0.53,0.39,0.38,0.48,0.46,0.56,0.51,0.50,0.33,0.28,0.48,0.56,0.14,0.13,0.19,0.17,0.23,0.45,0.40,0.43
0.53,0.80,1.13,1.49,1.72,1.69,1.51,1.72,1.84,1.66,1.72,1.78,1.62,2.00,1.47,1.44,1.44,1.45,1.49,1.31,0.54,0.18,0.20,0.17,0.09,0.03,-0.04,-0.22,-0.38,-0.14,-0.31,-0.13,-0.34,-0.09,-0.09,-0.12,-0.06,-0.08,-0.07,0.06,0.10,-0.08,-0.01,0.19,0.15,-0.06,0.17,0.22,0.20,0.24,0.29,0.29,0.34,0.39,0.39,0.43,0.59,0.97,1.57,2.09,2.35,2.49,2.22,2.05,2.02,1.95,2.01,2.20,2.55,2.37,2.30,1.99,1.62,1.42,0.84,0.87,0.70,0.80,0.61,0.61,0.61,0.79,0.70,0.61,0.63,0.63,0.61,0.61,0.56,0.48,0.49,0.41,0.72,0.60,0.59,0.53,1.06,1.91,2.46,2.41,2.22,2.30,2.29,2.19,2.19,2.14,2.08,1.95,1.68,1.47,1.63,1.50,1.30,0.41,0.20,-0.06,-0.06,-0.04,0.07,0.06,-0.06,-0.03,0.04,-0.02,-0.03,0.06,-0.17,-0.16,-0.08,-0.37,-0.44,-0.44,-0.49,-0.48,-0.49,-0.59,-0.48,-0.44,-0.04,0.43,0.53,0.44,0.44,0.45,0.39,0.50,0.54,0.59,0.59,0.51,0.45,0.46,0.15,0.20,0.23,0.23,0.25,0.39,0.37,0.35
0.40,0.76,1.13,1.64,1.78,1.63,1.58,1.79,1.82,1.80,1.72,1.61,1.60,1.58,1.46,1.62,1.51,1.75,1.97,1.39,0.75,0.51,0.14,0.15,0.03,-0.08,-0.13,-0.28,-0.44,-0.17,-0.23,-0.23,-0.29,-0.16,-0.16,-0.07,0.02,0.04,0.06,0.07,0.02,0.07,0.10,0.19,0.30,-0.04,0.17,0.32,0.19,0.29,0.30,0.37,0.39,0.38,0.48,0.55,0.69,0.98,1.45,2.01,2.25,2.49,2.19,1.96,1.84,1.88,1.95,2.26,2.77,2.60,2.45,2.34,1.83,1.29,0.85,0.76,0.71,0.77,0.58,0.65,0.90,0.82,0.66,0.65,0.56,0.55,0.60,0.61,0.75,0.44,0.54,0.55,0.60,0.44,0.49,0.49,0.85,1.82,2.26,2.17,1.92,1.79,1.79,1.75,1.75,1.72,1.56,1.41,1.29,1.40,1.41,1.14,1.06,0.46,0.29,-0.04,-0.09,-0.01,0.06,0.02,0.04,0.13,0.14,0.13,0.19,0.06,-0.07,-0.03,-0.12,-0.43,-0.46,-0.36,-0.44,-0.52,-0.51,-0.48,-0.41,-0.36,-0.16,0.40,0.56,0.46,0.45,0.49,0.28,0.43,0.49,0.71,0.71,0.55,0.44,0.35,0.03,0.15,0.19,0.19,0.28,0.29,0.41,0.48
0.45,0.71,1.08,1.62,1.80,1.75,1.79,1.83,1.72,1.79,1.67,1.57,1.64,1.51,1.50,1.60,1.58,1.64,1.69,1.45,0.74,0.51,0.18,0.12,0.17,0.13,0.02,-0.14,-0.31,-0.33,-0.16,-0.12,-0.29,-0.11,-0.13,-0.22,-0.26,-0.09,0.04,-0.07,-0.07,0.27,0.18,0.20,0.19,0.04,0.15,0.40,0.27,0.32,0.34,0.44,0.38,0.37,0.49,0.51,0.63,0.98,1.47,1.89,2.11,2.30,2.29,2.18,2.01,2.08,2.06,2.31,2.41,2.39,2.48,2.29,1.67,1.24,0.72,0.72,0.65,0.75,0.44,0.60,0.74,0.66,0.69,0.61,0.74,0.55,0.71,0.59,0.55,0.35,0.45,0.43,0.45,0.44,0.41,0.49,0.69,1.35,1.80,1.85,1.82,1.67,1.60,1.50,1.49,1.61,1.34,1.20,1.22,1.35,1.57,1.06,0.80,0.34,0.17,0.08,0.03,0.12,0.03,0.04,0.01,0.08,0.10,-0.01,0.07,-0.07,0.06,0.04,-0.12,-0.41,-0.42,-0.43,-0.54,-0.58,-0.48,-0.41,-0.46,-0.37,-0.17,0.27,0.58,0.49,0.41,0.44,0.22,0.32,0.51,0.71,0.59,0.39,0.39,0.29,-0.12,0.07,0.24,0.25,0.22,0.50,0.39,0.40
0.59,0.69,0.97,1.58,1.77,1.74,1.83,1.58,1.53,1.61,1.51,1.40,1.39,1.34,1.52,1.64,1.47,1.51,1.63,1.29,0.40,0.18,0.07,0.07,-0.09,-0.09,-0.07,-0.21,-0.26,-0.22,-0.14,-0.01,-0.28,-0.08,-0.17,-0.24,-0.21,-0.11,-0.02,-0.06,-0.08,0.09,0.15,0.30,0.04,0.18,0.29,0.53,0.44,0.35,0.43,0.41,0.33,0.32,0.34,0.46,0.65,0.88,1.41,1.82,1.92,2.12,2.18,2.12,1.97,2.18,2.18,2.24,2.40,2.34,2.36,2.19,1.78,1.30,0.85,0.79,0.75,0.65,0.49,0.54,0.63,0.50,0.59,0.67,0.82,0.66,0.75,0.59,0.43,0.49,0.50,0.45,0.48,0.50,0.27,0.38,0.76,1.22,1.63,1.92,2.07,1.88,1.72,1.62,1.47,1.61,1.58,1.46,1.36,1.66,1.60,1.14,0.86,0.33,-0.07,0.24,0.12,0.04,0.02,0.12,0.12,0.06,0.02,-0.07,-0.07,-0.22,0.03,-0.02,-0.14,-0.27,-0.43,-0.53,-0.52,-0.46,-0.41,-0.39,-0.38,-0.36,-0.27,0.14,0.49,0.45,0.35,0.37,0.40,0.38,0.59,0.63,0.45,0.34,0.44,0.27,-0.04,0.07,0.19,0.24,0.32,0.40,0.27,0.37
0.56,0.65,0.86,1.34,1.56,1.66,1.74,1.58,1.45,1.42,1.34,1.30,1.38,1.46,1.58,1.52,1.33,1.38,1.47,1.13,0.33,0.22,0.08,-0.21,-0.33,-0.28,-0.22,-0.19,-0.21,-0.37,-0.13,-0.01,-0.24,-0.17,-0.11,-0.13,-0.08,-0.02,0.08,0.07,-0.09,0.04,0.03,0.20,0.18,0.24,0.34,0.49,0.38,0.30,0.43,0.37,0.33,0.37,0.38,0.46,0.61,0.85,1.28,1.64,1.79,1.97,2.02,1.85,1.95,2.09,2.24,2.22,2.48,2.39,2.33,2.09,1.72,1.33,0.82,0.41,0.63,0.60,0.46,0.54,0.66,0.55,0.54,0.60,0.67,0.75,0.63,0.50,0.50,0.49,0.46,0.34,0.41,0.49,0.39,0.39,0.70,1.51,2.07,1.95,1.79,1.80,1.78,1.64,1.64,1.61,1.39,1.41,1.40,1.38,1.45,1.20,1.00,0.45,0.07,0.17,0.08,0.03,-0.08,-0.07,0.03,0.09,0.08,-0.02,-0.11,-0.27,-0.09,0.02,-0.12,-0.21,-0.23,-0.42,-0.43,-0.37,-0.44,-0.39,-0.38,-0.36,-0.47,0.10,0.35,0.34,0.30,0.34,0.55,0.41,0.48,0.48,0.43,0.38,0.38,0.15,0.09,-0.02,0.01,0.09,0.17,0.29,0.27,0.38
0.43,0.59,0.81,1.14,1.44,1.58,1.62,1.56,1.47,1.38,1.19,1.19,1.41,1.52,1.46,1.45,1.40,1.36,1.20,0.90,0.50,0.23,-0.03,-0.03,-0.16,-0.26,-0.22,-0.23,-0.37,-0.27,0.06,-0.04,-0.02,-0.06,-0.23,-0.27,-0.09,0.01,0.06,0.13,0.04,0.03,0.20,0.24,0.28,0.38,0.37,0.25,0.33,0.29,0.43,0.40,0.39,0.51,0.54,0.54,0.64,0.76,1.14,1.63,1.95,2.00,1.99,1.84,1.88,2.06,2.18,2.19,2.39,2.37,2.25,2.28,1.63,1.14,0.80,0.75,0.79,0.74,0.50,0.54,0.82,0.49,0.59,0.74,0.69,0.80,0.77,0.55,0.58,0.51,0.60,0.61,0.54,0.50,0.39,0.39,0.80,1.64,2.23,2.03,1.78,1.80,1.69,1.56,1.50,1.45,1.31,1.40,1.31,1.18,1.42,1.35,1.11,0.51,0.10,0.28,0.03,-0.07,-0.07,0.03,0.02,0.04,0.14,-0.03,-0.12,-0.14,-0.13,0.07,-0.09,-0.27,-0.23,-0.26,-0.31,-0.37,-0.49,-0.41,-0.52,-0.38,-0.46,0.07,0.27,0.28,0.30,0.38,0.43,0.28,0.32,0.37,0.39,0.40,0.35,0.03,-0.03,0.07,0.07,0.03,0.22,0.35,0.43,0.43
0.37,0.50,0.56,1.25,1.51,1.51,1.52,1.44,1.47,1.40,1.20,1.18,1.34,1.36,1.24,1.36,1.31,1.29,1.28,1.09,0.54,0.33,-0.03,0.07,-0.03,-0.08,-0.19,-0.36,-0.43,-0.46,-0.33,-0.26,0.03,-0.24,-0.13,-0.19,0.02,0.13,0.06,0.10,0.15,0.22,0.32,0.10,0.24,0.24,0.39,0.27,0.48,0.41,0.48,0.48,0.40,0.50,0.59,0.60,0.67,0.74,1.08,1.72,2.13,2.11,2.00,2.00,1.94,2.08,2.09,2.16,2.33,2.33,2.24,2.24,1.62,1.28,0.91,0.77,0.75,0.72,0.59,0.63,0.80,0.63,0.70,0.64,0.67,0.53,0.63,0.55,0.63,0.51,0.53,0.50,0.44,0.53,0.41,0.43,0.77,1.49,1.94,1.80,1.73,1.88,1.89,1.75,1.72,1.40,1.31,1.38,1.25,1.34,1.42,1.46,1.12,0.39,0.17,0.22,-0.02,-0.08,0.02,0.08,0.02,0.08,0.13,-0.17,-0.16,-0.14,-0.12,-0.08,-0.07,-0.26,-0.34,-0.26,-0.19,-0.33,-0.48,-0.38,-0.47,-0.26,-0.39,0.06,0.19,0.14,0.27,0.55,0.59,0.40,0.50,0.56,0.46,0.29,0.25,0.25,0.10,0.20,0.23,0.18,0.22,0.18,0.28,0.51
0.55,0.45,0.54,1.25,1.57,1.57,1.51,1.57,1.47,1.41,1.34,1.27,1.19,1.22,1.22,1.38,1.25,1.29,1.42,1.20,0.32,0.33,0.04,-0.01,-0.12,-0.19,-0.13,-0.13,-0.33,-0.33,-0.16,-0.47,-0.36,0.01,0.18,-0.08,0.02,0.20,0.19,0.09,-0.06,0.04,0.29,0.23,0.39,0.40,0.40,0.41,0.45,0.49,0.54,0.45,0.37,0.48,0.54,0.53,0.60,0.64,0.87,1.55,2.01,2.02,1.96,2.01,2.01,2.06,2.01,2.13,2.28,2.34,2.41,1.99,1.62,1.28,1.03,0.70,0.64,0.60,0.65,0.75,0.67,0.61,0.60,0.63,0.70,0.44,0.48,0.49,0.37,0.50,0.58,0.56,0.48,0.41,0.27,0.33,0.61,1.17,1.73,1.82,1.60,1.52,1.51,1.42,1.35,1.30,1.34,1.17,1.20,1.35,1.58,1.23,1.17,0.39,0.20,0.12,-0.02,0.01,0.10,-0.03,-0.11,0.10,0.13,-0.21,-0.14,-0.16,-0.19,-0.21,-0.12,-0.11,-0.32,-0.33,-0.31,-0.38,-0.41,-0.27,-0.51,-0.36,-0.53,-0.08,0.23,0.25,0.30,0.53,0.66,0.48,0.49,0.45,0.37,0.30,0.17,0.25,0.02,0.20,0.33,0.27,0.27,0.40,0.29,0.38
0.43,0.67,0.41,1.28,1.68,1.60,1.39,1.46,1.52,1.42,1.34,1.23,1.20,1.18,1.14,1.33,1.24,1.36,1.51,1.22,0.44,0.37,0.14,0.10,-0.22,-0.32,-0.33,-0.44,-0.52,-0.32,-0.18,-0.27,0.03,-0.02,-0.06,-0.02,-0.03,0.03,0.04,-0.08,-0.12,-0.11,0.02,0.25,0.18,0.13,0.32,0.37,0.33,0.43,0.48,0.41,0.29,0.38,0.48,0.59,0.65,0.50,0.72,1.49,1.90,1.95,1.95,2.05,2.00,1.90,1.91,2.11,2.35,2.36,2.45,1.94,1.66,1.15,0.87,0.72,0.61,0.65,0.64,0.74,0.56,0.55,0.48,0.65,0.63,0.43,0.44,0.40,0.22,0.30,0.35,0.50,0.38,0.14,0.10,0.27,0.34,0.88,1.53,1.66,1.53,1.39,1.34,1.27,1.22,1.27,1.17,1.14,1.14,1.44,1.45,1.08,0.95,0.33,0.13,-0.03,-0.21,-0.13,0.02,-0.07,-0.12,0.06,0.02,-0.16,-0.07,-0.01,-0.24,-0.26,-0.17,-0.12,-0.31,-0.46,-0.51,-0.57,-0.44,-0.16,-0.61,-0.44,-0.64,-0.32,0.22,0.37,0.20,0.44,0.50,0.33,0.37,0.39,0.33,0.29,0.09,0.35,0.19,0.18,0.24,0.20,0.14,0.46,0.34,0.38
0.28,0.38,0.41,1.33,1.42,1.36,1.40,1.42,1.35,1.33,1.15,1.20,1.31,1.18,1.00,1.18,1.09,1.28,1.41,1.11,0.45,0.22,-0.12,-0.07,-0.24,-0.32,-0.32,-0.39,-0.44,-0.31,-0.23,-0.02,-0.19,0.20,0.23,0.12,0.10,-0.03,-0.12,0.04,0.09,-0.09,0.10,0.04,0.13,0.20,0.34,0.43,0.30,0.41,0.51,0.43,0.29,0.35,0.50,0.59,0.60,0.53,0.84,1.52,1.86,1.91,1.83,1.91,1.96,1.84,1.88,1.94,2.31,2.20,2.28,1.94,1.63,1.17,0.71,0.65,0.58,0.54,0.48,0.55,0.40,0.33,0.39,0.49,0.54,0.35,0.32,0.41,0.40,0.37,0.39,0.44,0.24,0.18,0.10,0.29,0.43,0.85,1.44,1.57,1.52,1.38,1.31,1.24,1.15,1.20,0.98,1.13,1.09,1.45,1.11,0.93,0.70,0.19,0.13,-0.16,-0.31,-0.24,-0.07,-0.11,-0.22,-0.08,-0.08,-0.24,-0.12,0.07,-0.17,-0.26,-0.16,-0.31,-0.39,-0.47,-0.57,-0.66,-0.78,-0.61,-0.83,-0.58,-0.68,-0.41,-0.02,0.23,0.37,0.43,0.48,0.40,0.25,0.41,0.56,0.32,0.19,0.22,0.13,0.13,0.13,0.09,0.35,0.35,0.17,0.27
0.33,0.48,0.40,1.19,1.34,1.42,1.47,1.31,0.91,1.07,1.12,1.11,1.06,1.02,1.12,1.23,1.07,1.18,1.17,0.87,0.43,0.10,-0.21,-0.29,-0.29,-0.32,-0.43,-0.52,-0.48,-0.37,-0.21,-0.14,-0.13,-0.04,-0.08,-0.06,-0.22,-0.14,-0.09,-0.23,-0.13,0.01,0.02,-0.16,0.17,0.34,0.51,0.30,0.22,0.27,0.49,0.46,0.48,0.44,0.51,0.51,0.44,0.55,0.92,1.41,1.71,1.86,1.77,1.86,1.95,1.84,1.78,1.90,2.18,2.13,2.06,1.88,1.42,1.20,0.55,0.81,0.66,0.64,0.45,0.53,0.53,0.40,0.35,0.46,0.46,0.33,0.30,0.40,0.40,0.46,0.45,0.39,0.34,0.37,0.13,0.22,0.37,0.75,1.28,1.39,1.36,1.29,1.30,1.22,1.07,1.13,0.95,1.00,0.97,1.22,1.01,0.79,0.79,0.20,0.12,-0.14,-0.23,-0.14,-0.03,-0.11,-0.32,-0.21,-0.02,-0.24,-0.33,0.03,-0.13,-0.01,-0.24,-0.32,-0.34,-0.39,-0.48,-0.58,-0.53,-0.18,-0.57,-0.61,-0.56,-0.19,0.30,0.49,0.22,0.17,0.14,0.12,0.25,0.29,0.24,0.28,0.38,0.23,0.12,0.07,0.06,0.06,0.24,0.22,0.07,0.17
0.32,0.59,0.48,1.00,1.13,1.28,1.45,1.50,1.22,1.19,1.17,1.03,0.92,0.97,1.18,1.36,1.23,1.20,1.02,0.71,0.45,0.19,-0.11,-0.28,-0.24,-0.28,-0.42,-0.48,-0.43,-0.34,-0.24,-0.23,-0.32,-0.28,0.03,-0.01,0.01,0.02,-0.01,0.06,0.12,0.06,-0.03,0.28,0.37,0.33,0.35,0.39,0.28,0.48,0.48,0.48,0.49,0.45,0.61,0.76,0.69,0.64,0.97,1.44,1.69,1.96,1.73,1.73,1.80,1.53,1.57,1.74,1.99,2.03,1.95,1.85,1.34,1.14,0.56,0.80,0.63,0.44,0.46,0.50,0.48,0.58,0.39,0.35,0.30,0.30,0.30,0.34,0.39,0.41,0.33,0.22,0.32,0.29,0.14,0.08,0.12,0.56,1.01,1.04,1.02,0.97,1.07,1.11,0.97,0.88,0.66,0.70,0.64,0.77,0.87,0.66,0.63,0.14,-0.02,-0.13,-0.22,-0.18,-0.07,-0.08,-0.18,-0.16,-0.02,-0.12,-0.24,-0.08,-0.19,0.01,-0.16,-0.46,-0.53,-0.49,-0.49,-0.57,-0.81,-0.39,-0.69,-0.58,-0.48,-0.07,0.30,0.30,0.17,0.39,0.28,0.37,0.45,0.43,0.33,0.40,0.20,0.28,0.06,0.07,0.22,0.09,0.33,0.15,0.04,0.15
0.30,0.44,0.58,0.96,1.15,1.25,1.23,1.13,1.33,1.35,1.27,1.08,1.06,1.19,1.23,1.30,1.06,1.04,0.95,0.64,0.34,0.08,-0.18,-0.18,-0.18,-0.21,-0.33,-0.46,-0.51,-0.37,-0.19,-0.28,-0.38,-0.44,0.01,-0.13,-0.04,-0.11,-0.24,-0.23,-0.03,0.19,0.14,0.06,0.15,0.20,0.29,0.18,0.07,0.29,0.44,0.33,0.23,0.35,0.45,0.56,0.75,0.72,0.87,1.39,1.75,1.85,1.40,1.14,1.19,0.97,1.28,1.47,1.72,1.86,1.83,1.84,1.52,1.11,0.66,0.63,0.58,0.38,0.51,0.63,0.40,0.64,0.38,0.35,0.35,0.34,0.25,0.34,0.46,0.35,0.27,0.15,0.12,0.01,0.07,0.09,0.03,0.32,0.74,0.74,0.64,0.67,0.71,0.84,0.76,0.61,0.28,0.33,0.29,0.34,0.44,0.46,0.20,0.01,-0.14,-0.14,-0.16,-0.16,-0.12,-0.14,-0.24,-0.22,0.07,-0.22,-0.27,-0.26,-0.37,-0.26,-0.27,-0.43,-0.47,-0.49,-0.64,-0.66,-0.87,-0.68,-0.67,-0.76,-0.85,-0.46,-0.02,0.08,0.12,0.43,0.44,0.24,0.22,0.30,0.43,0.45,0.33,0.25,0.04,0.04,0.24,0.01,0.38,0.24,0.02,0.12
0.29,0.30,0.25,0.75,0.90,0.77,0.66,0.74,0.87,1.00,1.07,0.97,0.87,0.87,0.93,0.97,0.44,0.66,0.58,0.34,0.19,-0.18,-0.27,-0.23,-0.16,-0.19,-0.32,-0.49,-0.51,-0.32,-0.23,-0.26,-0.29,-0.42,-0.13,-0.11,-0.02,-0.09,-0.14,-0.16,-0.14,0.02,0.02,0.09,0.22,0.35,0.19,0.28,0.15,0.24,0.30,0.35,0.35,0.40,0.59,0.67,0.75,0.79,0.96,1.39,1.62,1.67,1.46,1.06,0.53,0.48,0.81,1.06,1.23,1.61,1.62,1.77,1.55,1.22,0.54,0.48,0.55,0.45,0.60,0.76,0.40,0.60,0.35,0.35,0.41,0.44,0.24,0.28,0.37,0.29,0.22,0.07,-0.04,-0.08,-0.01,0.07,0.03,0.17,0.51,0.48,0.23,0.30,0.24,0.40,0.46,0.54,0.13,0.07,-0.07,0.13,0.09,0.19,0.08,-0.03,-0.17,-0.12,-0.12,-0.09,-0.18,-0.31,-0.19,-0.12,0.03,-0.03,-0.18,-0.36,-0.27,-0.24,-0.24,-0.21,-0.31,-0.48,-0.54,-0.69,-0.69,-0.53,-0.66,-0.59,-0.61,-0.36,0.07,0.28,0.22,0.28,0.30,0.38,0.38,0.43,0.60,0.50,0.49,0.35,0.13,0.07,0.13,-0.06,0.27,0.28,0.08,0.09
0.38,0.23,0.15,0.32,0.40,0.33,0.14,0.08,0.48,0.23,0.09,0.30,0.34,0.13,0.06,0.29,0.15,0.10,-0.04,-0.13,-0.09,-0.16,-0.29,-0.29,-0.24,-0.23,-0.32,-0.47,-0.43,-0.19,-0.17,-0.34,-0.12,-0.22,-0.13,-0.17,-0.13,-0.19,-0.08,-0.08,-0.19,-0.08,-0.06,0.13,0.24,0.32,0.41,0.50,0.24,0.35,0.38,0.25,0.32,0.33,0.48,0.66,0.60,0.43,0.76,1.40,1.57,1.56,1.38,0.97,0.41,0.39,0.46,0.56,0.80,1.29,1.62,1.75,1.41,1.04,0.41,0.32,0.35,0.34,0.48,0.50,0.32,0.56,0.28,0.27,0.33,0.40,0.25,0.19,0.25,0.19,0.12,0.01,-0.09,-0.09,-0.09,-0.03,0.06,0.12,0.27,0.17,-0.04,-0.04,-0.17,0.03,0.20,0.30,-0.09,-0.13,-0.44,-0.08,-0.18,-0.14,-0.02,-0.16,-0.19,-0.17,-0.41,-0.44,-0.22,-0.22,-0.27,-0.34,-0.18,-0.12,-0.54,-0.43,-0.32,-0.26,-0.16,-0.31,-0.53,-0.66,-0.71,-0.66,-0.90,-0.91,-0.75,-0.90,-0.96,-0.63,-0.14,0.10,0.03,0.03,0.07,0.20,0.38,0.54,0.59,0.49,0.50,0.38,0.15,0.07,0.19,0.06,0.23,0.20,0.19,0.24
0.38,0.10,0.15,-0.04,0.07,-0.04,-0.27,-0.32,-0.08,-0.08,-0.27,-0.34,-0.33,-0.32,-0.36,-0.27,-0.67,-0.26,-0.14,-0.21,-0.19,-0.17,-0.37,-0.31,-0.57,-0.28,-0.26,-0.44,-0.43,-0.27,-0.32,-0.44,-0.27,-0.21,-0.17,-0.19,-0.16,-0.18,-0.17,-0.21,-0.17,-0.02,-0.07,-0.02,0.15,0.29,0.22,0.34,0.15,0.33,0.28,0.23,0.37,0.37,0.50,0.64,0.60,0.46,0.74,1.33,1.55,1.46,1.41,1.06,0.70,0.59,0.60,1.07,1.27,1.42,1.68,1.74,1.31,0.74,0.48,0.38,0.18,0.27,0.33,0.27,0.32,0.40,0.13,0.32,0.30,0.32,0.23,0.20,0.24,0.18,0.12,0.06,-0.08,-0.11,-0.17,-0.14,-0.07,-0.01,0.07,-0.06,-0.17,-0.16,-0.21,-0.11,0.01,0.02,-0.41,-0.31,-0.48,-0.28,-0.33,-0.26,-0.23,-0.16,-0.23,-0.21,-0.32,-0.42,-0.28,-0.22,-0.23,-0.23,-0.06,-0.09,-0.38,-0.04,0.04,-0.22,-0.31,-0.19,-0.28,-0.59,-0.71,-0.91,-0.91,-1.02,-0.92,-0.93,-0.98,-0.83,-0.43,-0.04,0.01,0.12,0.07,0.08,0.28,0.51,0.43,0.43,0.48,0.25,0.07,0.09,0.30,0.20,0.28,0.40,0.39,0.34
0.13,-0.13,-0.02,-0.19,-0.17,-0.26,-0.39,-0.44,-0.28,-0.32,-0.51,-0.59,-0.64,-0.62,-0.52,-0.42,-0.66,-0.39,-0.21,-0.18,-0.24,-0.34,-0.51,-0.34,-0.58,-0.32,-0.28,-0.43,-0.43,-0.37,-0.48,-0.34,-0.37,-0.13,-0.17,-0.13,-0.13,-0.13,-0.11,-0.22,-0.22,-0.04,-0.07,0.02,0.30,0.23,0.50,0.25,0.35,0.17,0.38,0.48,0.35,0.41,0.58,0.75,0.63,0.48,0.79,1.40,1.67,1.47,1.53,1.29,0.96,0.87,0.79,1.35,1.53,1.41,1.51,1.53,1.25,0.87,0.41,0.39,0.18,0.19,0.32,0.37,0.40,0.22,0.18,0.28,0.22,0.35,0.24,0.20,0.14,0.14,0.09,0.06,-0.07,-0.07,-0.13,-0.22,-0.14,-0.04,0.04,-0.07,-0.26,-0.26,-0.21,-0.24,-0.16,0.01,-0.37,-0.44,-0.38,-0.03,-0.28,-0.19,-0.13,-0.16,-0.24,-0.26,-0.32,-0.51,-0.64,-0.54,-0.19,-0.31,-0.16,-0.24,-0.19,-0.06,-0.09,-0.11,-0.07,-0.26,-0.59,-0.64,-0.64,-0.96,-0.82,-0.87,-0.82,-0.85,-0.90,-0.86,-0.63,-0.22,-0.29,-0.09,-0.18,-0.18,0.04,0.34,0.32,0.32,0.35,0.20,0.09,0.17,0.39,0.22,0.53,0.49,0.41,0.45
0.02,-0.19,-0.09,-0.22,-0.27,-0.22,-0.27,-0.32,-0.31,-0.34,-0.42,-0.52,-0.48,-0.41,-0.52,-0.82,-0.80,-0.46,-0.29,-0.24,-0.22,-0.26,-0.34,-0.34,-0.41,-0.17,-0.34,-0.48,-0.41,-0.28,-0.33,-0.27,-0.33,-0.01,-0.09,-0.08,-0.12,-0.16,-0.16,-0.18,-0.16,-0.06,-0.06,0.04,0.06,0.13,-0.01,0.29,0.27,0.48,0.58,0.27,0.40,0.43,0.41,0.60,0.49,0.35,0.81,1.47,1.62,1.52,1.45,1.14,0.90,1.01,1.09,1.36,1.67,1.61,1.60,1.53,1.08,0.84,0.43,0.20,0.10,0.24,0.37,0.39,0.48,0.28,0.22,0.17,0.15,0.30,0.19,0.18,0.10,0.04,0.01,-0.07,-0.12,-0.08,-0.08,-0.11,-0.07,-0.08,-0.11,-0.06,-0.14,-0.11,-0.21,-0.19,-0.33,-0.22,-0.26,-0.46,-0.39,-0.26,-0.23,-0.29,-0.36,-0.36,-0.38,-0.29,-0.27,-0.31,-0.36,-0.39,-0.32,-0.24,-0.13,-0.43,-0.13,-0.18,-0.02,0.02,-0.03,-0.24,-0.52,-0.48,-0.53,-0.80,-0.85,-0.67,-0.85,-0.95,-0.98,-0.93,-0.78,-0.59,-0.71,-0.69,-0.66,-0.68,-0.49,-0.06,0.12,-0.07,-0.04,0.01,0.04,0.03,-0.04,0.03,0.25,0.44,0.53,0.49
0.19,0.08,0.17,-0.03,-0.06,-0.12,-0.17,-0.23,-0.28,-0.28,-0.53,-0.51,-0.36,-0.39,-0.63,-0.67,-0.71,-0.41,-0.22,-0.17,-0.43,-0.69,-0.46,-0.43,-0.32,-0.13,-0.39,-0.57,-0.48,-0.41,-0.46,-0.48,-0.44,-0.21,-0.16,-0.12,-0.11,-0.27,-0.28,-0.21,-0.14,-0.23,-0.28,-0.07,0.02,0.18,0.23,0.23,0.34,0.28,0.45,0.23,0.33,0.43,0.49,0.45,0.39,0.54,0.81,1.22,1.62,1.67,1.58,1.42,1.33,1.11,1.09,1.46,1.63,1.61,1.69,1.60,1.00,0.77,0.43,0.18,0.15,0.19,0.37,0.27,0.34,0.24,0.10,0.07,0.13,0.22,0.02,0.08,0.15,0.03,0.02,-0.07,-0.18,-0.14,-0.12,-0.12,-0.12,-0.23,-0.29,-0.08,-0.17,-0.16,-0.34,-0.27,-0.46,-0.52,-0.52,-0.51,-0.23,-0.53,-0.22,-0.28,-0.19,-0.26,-0.34,-0.31,-0.27,-0.22,-0.33,-0.66,-0.32,-0.42,-0.11,-0.53,-0.38,-0.23,-0.17,-0.06,-0.12,-0.36,-0.46,-0.42,-0.51,-0.72,-0.88,-0.54,-0.77,-0.95,-0.96,-0.95,-0.91,-0.96,-0.80,-1.00,-0.91,-0.92,-0.93,-0.51,-0.26,-0.64,-0.43,-0.58,-0.82,-0.66,-0.29,-0.67,-0.49,0.03,0.37,0.28
0.09,-0.06,0.03,0.03,-0.24,-0.16,-0.29,-0.38,-0.32,-0.46,-0.81,-0.53,-0.42,-0.63,-0.80,-0.63,-0.77,-0.58,-0.51,-0.52,-0.63,-0.66,-0.52,-0.41,-0.46,-0.52,-0.57,-0.75,-0.71,-0.42,-0.33,-0.46,-0.32,-0.48,-0.26,-0.22,-0.17,-0.31,-0.38,-0.23,-0.13,-0.19,-0.18,-0.08,0.07,0.24,0.24,0.20,0.22,0.32,0.45,0.25,0.32,0.22,0.12,0.33,0.49,0.46,0.59,1.08,1.49,1.44,1.46,1.40,1.41,1.07,1.18,1.64,1.63,1.51,1.55,1.46,0.98,0.61,0.50,0.28,0.10,0.23,0.18,0.28,0.27,0.20,0.10,0.09,0.23,0.27,0.06,0.06,0.10,0.08,0.13,0.10,0.07,0.09,-0.01,-0.07,0.02,-0.11,-0.21,-0.08,-0.16,-0.19,-0.24,-0.11,-0.18,-0.21,-0.61,-0.61,-0.26,-0.21,-0.21,-0.21,-0.27,-0.38,-0.44,-0.26,-0.07,-0.17,-0.26,-0.13,0.09,-0.02,-0.21,-0.37,-0.36,-0.29,-0.16,-0.14,-0.23,-0.36,-0.44,-0.38,-0.54,-0.67,-0.73,-0.63,-0.71,-0.83,-0.91,-1.00,-1.01,-1.01,-0.72,-0.92,-0.98,-1.02,-1.15,-1.07,-1.02,-1.16,-1.16,-1.06,-0.93,-0.91,-0.96,-1.12,-0.93,-0.75,-0.42,0.03
-0.01,-0.04,-0.09,-0.36,-0.14,-0.29,-0.43,-0.51,-0.57,-0.58,-0.73,-0.56,-0.58,-0.82,-0.87,-0.62,-0.85,-0.56,-0.53,-0.48,-0.58,-0.66,-0.41,-0.43,-0.31,-0.41,-0.38,-0.67,-0.64,-0.44,-0.29,-0.21,-0.31,-0.32,-0.22,-0.23,-0.37,-0.29,-0.42,-0.29,-0.19,-0.21,-0.14,-0.13,-0.01,0.22,0.13,0.24,0.06,0.29,0.30,0.17,0.28,0.27,0.22,0.27,0.20,0.18,0.53,1.08,1.47,1.58,1.49,1.38,1.03,1.06,1.35,1.50,1.63,1.71,1.64,1.33,1.08,0.87,0.46,0.48,0.10,0.09,0.13,0.30,0.24,0.10,0.09,0.06,0.08,0.12,0.06,0.07,0.09,0.10,0.01,-0.02,0.03,0.09,0.01,-0.19,-0.18,-0.18,-0.18,-0.24,-0.28,-0.11,-0.32,-0.39,-0.41,-0.29,-0.44,-0.66,-0.42,-0.37,-0.44,-0.33,-0.19,-0.31,-0.31,-0.24,-0.32,-0.38,-0.38,-0.27,-0.24,0.03,-0.28,-0.21,-0.38,-0.28,-0.21,-0.24,-0.32,-0.37,-0.31,-0.31,-0.53,-0.59,-0.71,-0.81,-0.86,-0.87,-0.95,-1.07,-1.08,-0.90,-0.86,-0.92,-1.01,-1.14,-1.29,-1.25,-1.02,-1.36,-1.45,-1.44,-1.48,-1.51,-1.30,-1.39,-1.26,-1.22,-1.22,-0.87
0.07,-0.01,-0.11,-0.06,-0.36,-0.44,-0.43,-0.54,-0.59,-0.47,-0.57,-0.68,-0.69,-0.82,-0.82,-0.66,-0.81,-0.53,-0.54,-0.53,-0.61,-0.63,-0.56,-0.64,-0.56,-0.53,-0.43,-0.54,-0.59,-0.43,-0.38,-0.51,-0.42,-0.37,-0.08,-0.16,-0.38,-0.32,-0.39,-0.36,-0.39,-0.43,-0.27,-0.07,0.03,0.15,0.03,0.13,0.13,0.19,0.30,0.20,0.34,0.41,0.28,0.32,0.30,0.44,0.65,0.91,1.31,1.52,1.52,1.42,1.29,1.46,1.52,1.63,1.60,1.64,1.82,1.40,0.95,0.64,0.23,0.22,-0.03,0.29,0.18,0.33,0.49,0.23,0.03,0.04,0.20,0.32,0.24,0.19,0.18,0.25,0.18,0.08,0.03,-0.07,-0.11,-0.13,-0.18,-0.14,-0.17,-0.14,-0.17,-0.31,-0.29,-0.29,-0.07,-0.19,-0.42,-0.11,-0.32,-0.11,-0.06,-0.21,-0.02,-0.16,-0.21,-0.12,-0.29,-0.34,-0.07,-0.04,-0.21,-0.07,-0.19,-0.18,-0.38,-0.31,-0.27,-0.31,-0.32,-0.38,-0.31,-0.36,-0.48,-0.56,-0.77,-0.86,-0.90,-0.95,-0.96,-0.95,-1.08,-0.86,-1.07,-1.15,-1.15,-1.14,-1.21,-1.44,-1.41,-1.58,-1.68,-1.67,-1.71,-2.07,-1.63,-1.76,-1.76,-1.71,-1.69,-1.54
0.02,-0.23,-0.32,-0.31,-0.68,-0.57,-0.66,-0.66,-0.66,-0.76,-0.57,-0.62,-0.68,-0.75,-0.78,-0.80,-0.75,-0.63,-0.59,-0.57,-0.52,-0.41,-0.38,-0.57,-0.37,-0.26,-0.39,-0.37,-0.37,-0.39,-0.42,-0.31,-0.14,-0.23,-0.27,-0.17,-0.17,-0.19,-0.22,-0.29,-0.39,-0.41,-0.27,-0.06,0.02,0.06,0.01,0.02,0.08,0.17,0.12,0.07,0.29,0.43,0.39,0.34,0.30,0.27,0.39,0.97,1.44,1.38,1.33,1.15,1.14,1.22,1.19,1.15,1.39,1.34,1.58,1.13,1.00,0.63,0.14,0.12,0.10,0.12,0.10,0.19,0.15,0.09,0.18,0.13,0.13,0.23,0.17,0.14,0.24,0.09,-0.03,-0.02,-0.03,-0.02,-0.08,-0.12,-0.04,-0.02,-0.13,0.10,-0.06,-0.13,-0.08,-0.19,-0.22,-0.38,-0.24,-0.27,-0.33,-0.28,-0.31,-0.23,-0.23,-0.31,-0.22,-0.07,-0.24,-0.47,-0.17,-0.09,-0.34,-0.19,-0.22,-0.18,-0.31,-0.26,-0.23,-0.27,-0.26,-0.28,-0.42,-0.46,-0.57,-0.53,-0.68,-0.69,-0.68,-0.82,-0.93,-0.82,-1.20,-1.02,-1.07,-1.16,-1.27,-1.38,-1.40,-1.67,-1.63,-1.63,-1.65,-1.73,-1.92,-2.22,-1.91,-2.11,-2.11,-1.95,-1.86,-1.65
-0.01,-0.22,-0.18,-0.07,-0.17,-0.32,-0.28,-0.28,-0.31,-0.31,-0.46,-0.80,-0.75,-0.73,-0.80,-0.81,-0.63,-0.63,-0.68,-0.51,-0.36,-0.29,-0.33,-0.42,-0.31,-0.29,-0.31,-0.46,-0.53,-0.43,-0.46,-0.49,-0.26,-0.28,-0.39,-0.43,-0.47,-0.53,-0.36,-0.27,-0.32,-0.37,-0.31,-0.19,-0.19,-0.14,0.03,0.04,-0.02,0.19,0.12,0.08,0.27,0.20,0.19,0.24,0.32,0.33,0.43,0.93,1.41,1.49,1.35,1.15,1.29,1.19,1.13,1.19,1.47,1.39,1.27,1.40,1.03,0.30,0.20,0.35,0.38,0.07,0.15,-0.04,0.28,0.15,0.08,0.02,0.20,0.20,0.18,-0.06,-0.19,-0.04,-0.01,-0.02,0.13,-0.02,-0.27,-0.23,-0.23,-0.24,-0.31,-0.17,0.01,-0.12,-0.12,-0.17,-0.03,-0.01,-0.13,-0.54,-0.44,-0.38,-0.33,-0.34,-0.26,-0.22,-0.24,-0.16,-0.16,-0.33,-0.32,-0.22,-0.24,-0.08,-0.13,-0.01,-0.12,-0.13,-0.19,-0.28,-0.19,-0.08,-0.48,-0.38,-0.71,-0.56,-0.64,-0.68,-0.83,-1.02,-1.05,-1.10,-1.45,-1.34,-1.43,-1.39,-1.41,-1.53,-1.57,-1.79,-1.62,-1.76,-1.81,-1.85,-2.13,-2.07,-2.07,-2.28,-2.23,-1.97,-1.87,-1.69
0.06,-0.03,-0.02,-0.04,-0.27,-0.47,-0.56,-0.58,-0.63,-0.76,-0.85,-0.77,-0.67,-0.69,-0.73,-0.66,-0.51,-0.48,-0.63,-0.39,-0.24,-0.31,-0.33,-0.21,-0.21,-0.33,-0.29,-0.44,-0.48,-0.41,-0.44,-0.39,-0.21,-0.23,-0.37,0.03,-0.59,-0.41,-0.29,-0.32,-0.36,-0.46,-0.31,-0.13,-0.28,-0.21,-0.02,-0.03,0.02,0.20,0.32,0.09,0.24,0.02,-0.01,0.24,0.32,0.37,0.44,0.85,1.34,1.46,1.33,1.19,1.18,1.07,1.04,1.22,1.23,1.11,1.03,1.04,0.97,0.39,0.29,0.46,0.33,0.35,0.40,0.41,0.48,0.15,0.03,0.13,0.28,0.27,0.10,0.03,0.15,0.07,-0.17,-0.12,-0.02,-0.16,-0.19,-0.12,-0.21,-0.23,-0.36,-0.29,-0.16,-0.01,-0.21,-0.06,-0.14,0.03,-0.12,-0.13,-0.26,-0.36,-0.32,-0.26,-0.18,-0.16,-0.19,-0.19,-0.18,-0.08,-0.14,-0.28,-0.08,0.04,-0.06,-0.02,-0.04,-0.02,-0.13,-0.31,-0.17,-0.03,-0.57,-0.34,-0.71,-0.57,-0.67,-0.59,-0.64,-1.02,-1.08,-1.02,-1.19,-1.16,-1.46,-1.51,-1.50,-1.64,-1.74,-1.95,-1.79,-1.81,-1.82,-1.83,-2.10,-1.97,-2.05,-2.13,-2.15,-2.05,-1.95,-1.69
0.20,0.08,-0.03,-0.17,-0.48,-0.82,-0.68,-0.59,-0.67,-0.77,-0.64,-0.54,-0.58,-0.69,-0.64,-0.51,-0.43,-0.49,-0.33,-0.27,-0.23,-0.28,-0.27,-0.17,-0.14,-0.28,-0.24,-0.28,-0.42,-0.39,-0.34,-0.26,-0.23,-0.47,-0.46,0.07,-0.43,-0.56,-0.38,-0.51,-0.53,-0.36,-0.26,-0.31,-0.24,-0.06,-0.11,-0.13,-0.03,0.10,0.30,-0.02,0.09,-0.03,0.06,0.19,0.15,0.25,0.38,0.71,1.17,1.28,1.22,1.04,0.90,0.97,0.80,0.91,0.95,0.65,0.82,0.85,0.90,0.40,0.58,0.28,0.15,0.64,0.96,0.32,0.20,0.20,0.17,0.09,0.17,0.38,0.30,0.22,0.07,0.06,0.08,-0.04,0.01,-0.01,-0.11,0.03,-0.13,-0.22,-0.18,-0.03,-0.08,-0.14,0.13,0.01,-0.11,0.10,0.01,-0.11,0.02,-0.17,-0.17,-0.14,-0.07,-0.14,-0.21,-0.09,-0.28,-0.17,-0.03,-0.16,-0.06,0.02,-0.08,-0.17,-0.13,0.01,-0.01,-0.18,-0.23,-0.23,-0.53,-0.28,-0.63,-0.67,-0.66,-0.64,-0.66,-0.83,-1.07,-1.05,-1.24,-1.21,-1.43,-1.53,-1.57,-1.81,-2.02,-2.04,-1.88,-1.83,-1.78,-1.69,-1.95,-1.90,-1.93,-1.92,-1.93,-2.05,-2.07,-1.79
0.29,-0.04,-0.12,-0.11,-0.39,-0.72,-0.54,-0.39,-0.49,-0.61,-0.49,-0.32,-0.53,-0.54,-0.43,-0.39,-0.44,-0.36,-0.18,-0.32,-0.27,-0.19,-0.18,-0.18,-0.06,-0.18,-0.12,-0.17,-0.36,-0.34,-0.28,-0.16,-0.06,-0.07,-0.16,-0.52,-0.62,-0.46,-0.52,-0.56,-0.31,-0.34,-0.34,-0.22,-0.19,-0.19,-0.11,-0.06,-0.09,-0.07,0.15,-0.11,-0.01,-0.03,0.04,0.01,-0.03,0.03,0.20,0.40,0.61,0.77,0.74,0.49,0.41,0.58,0.38,0.29,0.39,0.35,0.50,0.61,0.66,0.27,0.27,0.09,0.10,0.92,1.79,1.62,0.81,0.49,0.33,0.14,-0.02,0.12,0.25,0.22,0.10,0.06,-0.01,-0.02,0.12,0.08,-0.02,0.03,0.03,-0.03,-0.21,0.08,-0.12,-0.04,0.25,0.07,0.27,0.18,0.09,-0.08,0.02,0.01,-0.08,-0.07,-0.04,-0.16,-0.27,-0.14,-0.32,-0.36,-0.12,0.06,-0.09,-0.09,0.01,-0.01,-0.03,-0.01,-0.02,-0.11,-0.08,-0.18,-0.49,-0.26,-0.63,-0.62,-0.53,-0.49,-0.54,-0.80,-0.88,-1.16,-1.27,-1.38,-1.39,-1.50,-1.69,-1.77,-1.96,-1.96,-1.78,-1.82,-1.91,-1.74,-1.93,-1.90,-1.95,-2.09,-2.10,-1.99,-2.00,-2.07
0.30,-0.27,-0.17,0.06,-0.09,-0.36,-0.29,-0.26,-0.38,-0.49,-0.46,-0.37,-0.48,-0.42,-0.38,-0.39,-0.42,-0.34,-0.21,-0.26,-0.33,-0.14,-0.04,-0.04,0.01,-0.12,-0.09,-0.18,-0.27,-0.29,-0.29,-0.18,-0.03,-0.02,-0.17,-0.46,-0.41,-0.38,-0.46,-0.34,-0.31,-0.36,-0.42,-0.41,-0.37,-0.37,-0.29,-0.07,-0.07,-0.08,0.22,-0.18,-0.02,-0.02,-0.17,-0.09,-0.02,-0.02,0.02,0.03,0.18,0.35,0.32,0.22,0.13,0.29,0.25,0.06,0.07,0.04,0.02,0.40,0.43,0.29,0.14,0.43,0.32,0.79,1.73,2.09,0.97,0.27,0.33,0.44,0.33,0.19,0.06,-0.03,-0.11,-0.14,-0.11,-0.04,-0.04,-0.06,0.01,-0.03,0.07,0.06,-0.29,0.03,-0.18,-0.11,0.20,0.04,0.30,0.23,0.17,-0.08,-0.23,-0.08,0.09,0.06,-0.01,-0.19,-0.46,-0.29,-0.29,-0.49,-0.41,-0.12,-0.36,-0.39,-0.06,-0.04,-0.13,-0.07,-0.16,-0.42,-0.29,-0.42,-0.64,-0.46,-0.72,-0.72,-0.76,-0.83,-0.78,-0.86,-1.30,-1.20,-1.10,-1.29,-1.45,-1.62,-1.81,-1.65,-2.02,-1.91,-1.85,-1.91,-2.06,-2.05,-1.99,-2.15,-2.16,-2.23,-2.32,-2.11,-2.14,-2.24
0.15,-0.27,-0.22,0.01,0.01,-0.31,-0.24,-0.36,-0.46,-0.47,-0.42,-0.38,-0.51,-0.63,-0.46,-0.39,-0.34,0.03,-0.14,-0.13,-0.21,-0.14,-0.11,-0.18,-0.27,-0.18,-0.17,-0.24,-0.23,-0.26,-0.26,-0.12,0.01,-0.03,-0.09,-0.21,-0.21,-0.36,-0.34,-0.34,-0.29,-0.33,-0.21,-0.07,-0.11,-0.08,-0.01,0.15,-0.12,-0.21,0.13,-0.32,-0.19,-0.08,-0.23,-0.12,-0.04,-0.07,-0.21,-0.32,-0.06,0.10,0.07,0.06,-0.02,0.13,0.06,0.01,0.03,-0.12,-0.19,0.35,0.20,0.24,0.22,0.23,0.15,0.23,0.92,1.50,0.67,-0.02,0.14,0.30,0.35,0.40,0.35,0.02,-0.21,-0.23,-0.11,0.08,0.09,-0.09,-0.34,-0.36,-0.32,-0.24,-0.26,-0.27,-0.47,-0.41,-0.23,-0.29,-0.12,-0.16,-0.12,-0.43,-0.64,-0.46,-0.34,-0.44,-0.44,-0.54,-0.87,-0.75,-0.69,-0.76,-0.87,-0.75,-0.88,-0.81,-0.53,-0.58,-0.64,-0.59,-0.69,-0.81,-1.05,-0.72,-0.80,-0.87,-1.02,-1.10,-1.05,-1.12,-1.25,-1.03,-1.08,-1.31,-1.21,-1.24,-1.41,-1.68,-1.83,-1.58,-2.19,-1.97,-2.02,-2.23,-2.22,-2.22,-2.27,-2.41,-2.32,-2.34,-2.52,-2.30,-2.34,-2.41
-0.02,-0.48,-0.34,-0.24,-0.33,-0.49,-0.63,-0.68,-0.69,-0.62,-0.51,-0.52,-0.61,-0.72,-0.54,-0.53,-0.48,-0.26,-0.23,-0.34,-0.38,-0.52,-0.33,-0.21,-0.33,-0.31,-0.22,-0.39,-0.34,-0.28,-0.28,-0.19,-0.14,-0.14,-0.13,-0.17,-0.16,-0.24,-0.32,-0.38,-0.17,-0.22,-0.13,-0.09,-0.22,-0.14,0.14,0.23,0.17,-0.12,-0.22,-0.54,-0.19,-0.44,-0.31,-0.38,-0.36,-0.33,-0.52,-0.66,-0.38,-0.13,-0.12,-0.12,-0.08,0.02,-0.09,-0.14,-0.04,-0.16,-0.19,0.25,0.13,0.23,-0.07,0.03,0.03,-0.21,0.12,0.41,-0.09,-0.34,-0.17,-0.17,-0.07,0.04,0.10,-0.33,-0.57,-0.53,-0.57,-0.43,-0.42,-0.53,-0.88,-0.78,-0.73,-0.71,-0.68,-0.77,-1.08,-0.90,-0.83,-1.02,-0.85,-0.90,-0.81,-1.07,-1.25,-1.25,-1.26,-1.27,-1.19,-1.21,-1.43,-1.44,-1.45,-1.12,-1.31,-1.15,-1.44,-1.35,-0.98,-1.00,-1.22,-1.26,-1.17,-1.12,-1.16,-0.76,-1.22,-1.41,-1.38,-1.30,-1.27,-1.39,-1.55,-1.31,-1.12,-1.50,-1.50,-1.50,-1.53,-1.65,-1.82,-1.63,-1.99,-2.01,-1.99,-2.14,-2.36,-2.11,-2.16,-2.25,-2.34,-2.37,-2.37,-2.20,-2.24,-2.33
-0.22,-0.66,-0.67,-0.57,-0.61,-0.98,-1.17,-1.03,-1.03,-0.95,-0.88,-0.90,-0.82,-0.87,-0.83,-0.86,-0.77,-0.59,-0.67,-0.77,-0.51,-0.41,-0.57,-0.77,-0.80,-0.69,-0.59,-0.82,-0.52,-0.53,-0.53,-0.48,-0.47,-0.43,-0.33,-0.34,-0.37,-0.57,-0.34,-0.68,-0.42,-0.31,-0.18,-0.29,-0.38,-0.24,-0.16,-0.34,-0.75,-0.68,-0.86,-0.92,-0.54,-0.63,-0.71,-0.83,-0.80,-0.77,-0.90,-0.96,-0.78,-0.57,-0.56,-0.51,-0.29,-0.31,-0.47,-0.56,-0.52,-0.54,-0.52,-0.37,-0.29,-0.27,-0.80,-0.52,-0.73,-0.90,-0.76,-0.67,-0.83,-1.17,-1.10,-0.97,-0.87,-0.96,-0.93,-1.08,-1.19,-1.12,-1.14,-1.07,-1.12,-1.25,-1.46,-1.35,-1.29,-1.36,-1.27,-1.36,-1.57,-1.46,-1.35,-1.57,-1.48,-1.49,-1.50,-1.65,-1.79,-1.88,-1.91,-1.79,-1.60,-1.63,-1.81,-1.68,-1.46,-1.44,-1.83,-1.78,-2.16,-2.10,-1.62,-1.49,-1.62,-1.65,-1.79,-1.46,-1.50,-1.29,-1.54,-1.65,-1.55,-1.41,-1.39,-1.55,-1.78,-1.63,-1.41,-1.68,-1.74,-1.81,-1.83,-1.77,-1.97,-1.73,-1.86,-2.02,-2.09,-2.14,-2.45,-2.30,-2.25,-2.38,-2.47,-2.45,-2.50,-2.42,-2.22,-2.28
-0.83,-0.93,-1.02,-1.00,-1.06,-1.21,-1.22,-1.41,-1.26,-1.30,-1.36,-1.31,-1.21,-1.25,-1.27,-1.17,-1.01,-0.97,-1.08,-1.08,-0.88,-0.96,-1.07,-1.12,-1.11,-1.07,-0.97,-1.00,-0.73,-0.81,-0.80,-0.75,-0.83,-0.90,-0.78,-0.71,-0.76,-0.96,-0.82,-1.05,-0.88,-0.73,-0.78,-0.90,-1.00,-0.98,-0.82,-0.97,-1.14,-1.27,-1.26,-1.32,-1.24,-1.20,-1.51,-1.48,-1.34,-1.43,-1.41,-1.34,-1.16,-1.08,-1.25,-1.12,-0.75,-0.82,-1.06,-1.22,-1.20,-1.27,-1.08,-1.12,-0.82,-0.82,-1.21,-1.19,-1.45,-1.43,-1.38,-1.46,-1.44,-1.64,-1.65,-1.46,-1.44,-1.50,-1.44,-1.54,-1.54,-1.39,-1.36,-1.40,-1.44,-1.60,-1.86,-1.71,-1.76,-1.76,-1.78,-1.73,-1.83,-1.85,-1.76,-1.74,-1.79,-1.63,-1.77,-1.85,-1.93,-1.92,-2.11,-2.25,-1.86,-1.72,-1.81,-1.78,-2.00,-1.82,-2.19,-2.11,-2.19,-2.20,-2.13,-2.07,-1.97,-1.81,-1.88,-2.16,-1.85,-1.73,-1.72,-1.83,-1.76,-1.65,-1.65,-1.74,-1.96,-1.95,-1.64,-1.81,-1.95,-1.96,-1.91,-1.85,-2.20,-2.10,-2.06,-2.04,-2.10,-2.22,-2.18,-2.11,-2.15,-2.34,-2.50,-2.48,-2.42,-2.47,-2.29,-2.29
-1.32,-1.22,-1.34,-1.41,-1.45,-1.46,-1.48,-1.65,-1.62,-1.62,-1.62,-1.59,-1.55,-1.67,-1.69,-1.43,-1.29,-1.32,-1.40,-1.43,-1.39,-1.36,-1.40,-1.41,-1.50,-1.54,-1.32,-1.19,-1.43,-1.14,-1.31,-1.31,-1.36,-1.45,-1.32,-1.12,-1.14,-1.17,-1.19,-1.19,-1.24,-1.15,-1.17,-1.32,-1.39,-1.36,-1.34,-1.31,-1.43,-1.59,-1.48,-1.53,-1.50,-1.48,-1.63,-1.58,-1.59,-1.77,-1.71,-1.64,-1.41,-1.21,-1.41,-1.43,-1.14,-1.14,-1.45,-1.76,-1.71,-1.83,-1.54,-1.59,-1.21,-1.20,-1.21,-1.55,-1.63,-1.60,-1.74,-1.97,-1.79,-1.78,-1.76,-1.64,-1.68,-1.67,-1.62,-1.69,-1.69,-1.50,-1.51,-1.58,-1.53,-1.72,-2.07,-1.93,-2.00,-1.90,-2.13,-1.91,-2.09,-2.02,-2.02,-1.87,-1.86,-1.67,-1.74,-1.92,-1.97,-2.00,-2.14,-2.24,-2.13,-1.92,-2.10,-1.93,-1.69,-1.99,-2.29,-2.32,-2.20,-2.13,-1.90,-1.78,-1.99,-2.06,-1.96,-2.09,-1.99,-1.74,-1.88,-2.00,-1.95,-1.85,-1.86,-1.88,-1.95,-2.05,-1.83,-1.93,-2.20,-2.27,-2.14,-2.15,-2.39,-2.14,-2.24,-2.32,-2.27,-2.25,-2.29,-2.25,-2.37,-2.43,-2.48,-2.50,-2.38,-2.37,-2.36,-2.34
-1.48,-1.58,-1.73,-1.71,-1.72,-1.76,-1.78,-1.81,-1.79,-2.06,-1.97,-1.71,-1.81,-1.99,-1.97,-1.71,-1.60,-1.63,-1.64,-1.72,-1.53,-1.51,-1.63,-1.44,-1.36,-1.45,-1.36,-1.32,-1.44,-1.36,-1.31,-1.36,-1.51,-1.49,-1.40,-1.39,-1.38,-1.29,-1.08,-1.43,-1.41,-1.54,-1.45,-1.58,-1.67,-1.71,-1.73,-1.62,-1.69,-1.60,-1.58,-1.54,-1.55,-1.76,-1.59,-2.01,-1.93,-2.01,-1.99,-1.93,-1.69,-1.77,-1.85,-1.76,-1.69,-1.63,-1.87,-1.95,-1.99,-1.93,-1.85,-1.87,-1.62,-1.58,-1.35,-1.73,-1.77,-1.74,-2.02,-2.14,-1.97,-1.99,-1.81,-1.74,-1.72,-1.74,-1.88,-1.88,-1.76,-1.69,-1.69,-1.79,-1.76,-1.78,-2.06,-2.15,-2.18,-2.18,-2.13,-2.27,-2.25,-2.22,-2.19,-1.90,-1.90,-2.09,-2.16,-2.13,-2.09,-2.13,-2.13,-2.19,-2.22,-1.76,-1.99,-2.07,-1.95,-1.78,-2.07,-2.11,-2.22,-2.20,-2.05,-2.01,-2.14,-2.15,-2.04,-1.96,-2.06,-1.91,-1.99,-2.07,-2.05,-1.92,-1.82,-1.81,-1.78,-1.79,-2.06,-2.07,-1.99,-2.07,-2.34,-2.42,-2.28,-2.22,-2.28,-2.36,-2.33,-2.25,-2.48,-2.45,-2.52,-2.50,-2.41,-2.51,-2.56,-2.48,-2.47,-2.50
-1.49,-1.77,-1.86,-1.73,-1.72,-1.77,-1.90,-2.11,-1.88,-2.10,-2.06,-1.95,-1.91,-1.76,-1.99,-1.77,-1.76,-1.79,-1.76,-1.63,-1.49,-1.53,-1.60,-1.46,-1.54,-1.64,-1.48,-1.36,-1.59,-1.54,-1.68,-1.55,-1.46,-1.69,-1.79,-1.64,-1.57,-1.38,-1.19,-1.92,-1.51,-1.79,-1.71,-1.82,-1.79,-1.73,-1.77,-1.83,-1.92,-1.79,-1.63,-1.86,-1.74,-1.93,-1.69,-2.07,-1.96,-2.11,-2.02,-1.88,-1.81,-1.77,-1.90,-2.01,-1.95,-1.91,-1.87,-2.01,-1.87,-1.82,-1.82,-1.86,-1.77,-1.65,-1.51,-1.86,-1.99,-1.99,-2.07,-2.04,-2.07,-2.01,-1.86,-1.79,-1.63,-1.60,-1.85,-1.95,-1.82,-1.69,-1.64,-1.88,-1.90,-1.68,-1.90,-2.00,-2.14,-2.19,-2.14,-2.24,-2.38,-2.22,-2.19,-2.09,-2.00,-1.97,-2.02,-2.25,-2.42,-2.32,-2.27,-2.34,-2.20,-2.11,-1.97,-2.23,-2.04,-1.96,-2.24,-2.30,-2.39,-2.37,-2.23,-2.29,-2.34,-2.15,-2.11,-2.20,-2.11,-2.14,-2.07,-2.06,-2.10,-2.04,-1.87,-1.99,-1.93,-1.99,-2.10,-2.15,-2.22,-2.28,-2.32,-2.42,-2.27,-2.33,-2.46,-2.51,-2.39,-2.30,-2.60,-2.56,-2.56,-2.48,-2.34,-2.68,-2.61,-2.64,-2.73,-2.69
-1.46,-1.64,-1.73,-1.62,-1.59,-1.72,-1.96,-2.07,-1.86,-2.05,-1.96,-1.88,-2.00,-2.01,-2.04,-1.88,-1.72,-1.71,-1.71,-1.48,-1.65,-1.63,-1.54,-1.53,-1.65,-1.72,-1.59,-1.51,-1.48,-1.71,-1.81,-1.67,-1.67,-1.67,-1.76,-1.87,-1.77,-1.64,-1.40,-1.97,-1.72,-1.77,-1.81,-1.96,-1.88,-1.73,-1.78,-1.99,-1.92,-1.68,-1.73,-1.95,-1.93,-1.96,-1.95,-2.04,-1.95,-2.24,-2.27,-2.30,-2.16,-2.01,-2.07,-2.14,-2.07,-2.09,-2.14,-1.88,-1.72,-1.92,-2.01,-1.96,-2.16,-1.77,-1.44,-1.93,-1.91,-2.00,-2.04,-1.97,-2.00,-2.02,-2.05,-2.00,-1.87,-1.85,-1.96,-2.05,-2.05,-1.99,-1.90,-1.90,-1.79,-2.00,-2.23,-2.18,-2.16,-2.27,-2.01,-2.20,-2.27,-2.16,-1.93,-2.22,-2.48,-2.13,-1.95,-2.04,-2.07,-2.19,-2.42,-2.48,-2.33,-2.19,-2.22,-2.28,-2.19,-2.25,-2.24,-2.28,-2.32,-2.32,-2.37,-2.45,-2.29,-2.15,-2.28,-2.36,-2.13,-2.19,-2.10,-2.06,-2.10,-2.09,-1.99,-2.14,-2.16,-2.11,-2.16,-2.22,-2.34,-2.41,-2.29,-2.52,-2.55,-2.50,-2.55,-2.59,-2.41,-2.36,-2.52,-2.57,-2.64,-2.69,-2.70,-2.88,-2.84,-2.86,-2.79,-2.72
-1.77,-1.77,-1.91,-1.63,-1.58,-1.78,-1.97,-2.00,-1.87,-2.01,-2.02,-1.96,-2.00,-2.24,-2.19,-2.02,-1.87,-1.87,-1.90,-1.85,-1.90,-1.85,-1.69,-1.55,-1.62,-1.67,-1.65,-1.69,-1.57,-1.78,-1.82,-1.81,-1.78,-1.79,-1.79,-1.83,-1.88,-1.74,-1.54,-1.90,-1.78,-1.78,-1.72,-1.92,-1.96,-1.82,-1.90,-2.02,-1.76,-1.51,-1.81,-1.99,-2.14,-2.09,-1.88,-1.87,-1.86,-2.00,-1.88,-1.93,-1.97,-2.01,-2.04,-2.00,-1.93,-1.87,-1.85,-2.01,-1.81,-1.95,-1.93,-1.86,-1.60,-1.63,-1.67,-1.97,-2.13,-1.96,-1.97,-1.91,-2.09,-2.11,-2.13,-2.15,-2.07,-1.82,-1.91,-2.14,-2.14,-2.14,-1.99,-2.01,-2.16,-2.30,-2.13,-2.16,-2.04,-2.37,-2.13,-1.95,-2.30,-2.29,-2.27,-2.16,-2.11,-2.09,-2.05,-2.06,-2.05,-2.05,-2.28,-2.29,-2.22,-2.19,-2.30,-2.23,-2.15,-2.30,-2.27,-2.27,-2.28,-2.30,-2.41,-2.43,-2.18,-2.22,-2.32,-2.24,-2.23,-2.28,-2.11,-2.06,-2.24,-2.14,-1.95,-2.13,-2.02,-2.07,-2.18,-2.27,-2.32,-2.37,-2.29,-2.45,-2.60,-2.61,-2.55,-2.48,-2.45,-2.42,-2.37,-2.42,-2.54,-2.66,-2.79,-2.83,-2.72,-2.70,-2.73,-2.66
-1.38,-1.50,-1.73,-1.67,-1.82,-1.85,-1.88,-2.00,-1.87,-2.09,-2.15,-2.07,-2.04,-2.10,-2.05,-2.01,-1.92,-1.87,-1.82,-1.81,-1.93,-1.88,-1.83,-1.59,-1.58,-1.59,-1.71,-1.82,-1.63,-1.82,-1.77,-1.73,-1.67,-1.69,-1.64,-1.74,-1.92,-1.93,-1.93,-1.96,-1.63,-1.59,-1.58,-1.71,-1.83,-1.79,-1.90,-1.97,-1.76,-1.73,-1.87,-2.06,-2.25,-2.11,-1.95,-1.99,-1.99,-2.00,-1.97,-2.04,-2.13,-2.09,-2.09,-2.16,-2.19,-2.09,-1.95,-2.00,-2.06,-2.02,-1.82,-1.69,-1.82,-1.77,-1.97,-2.01,-2.07,-1.99,-2.01,-1.99,-2.04,-2.04,-2.13,-2.09,-1.92,-1.93,-2.07,-2.15,-2.19,-2.15,-2.09,-2.05,-1.97,-2.07,-2.10,-2.20,-2.18,-2.05,-2.18,-1.88,-2.13,-2.07,-2.14,-1.96,-2.01,-2.15,-2.13,-2.14,-2.11,-2.15,-2.37,-2.15,-2.06,-2.32,-2.22,-2.18,-2.15,-2.22,-2.19,-2.16,-2.27,-2.37,-2.33,-2.28,-2.25,-2.32,-2.10,-2.29,-2.48,-2.25,-2.09,-2.10,-2.05,-2.22,-1.74,-2.07,-2.06,-1.97,-2.10,-2.27,-2.38,-2.51,-2.34,-2.25,-2.38,-2.54,-2.51,-2.34,-2.48,-2.59,-2.56,-2.63,-2.66,-2.57,-2.70,-2.84,-2.73,-2.64,-2.59,-2.54
-1.45,-1.82,-1.91,-1.90,-1.95,-1.78,-1.73,-1.86,-1.85,-2.16,-2.13,-2.05,-2.02,-2.05,-2.11,-2.02,-1.83,-1.79,-1.77,-1.77,-2.01,-1.92,-1.79,-1.55,-1.46,-1.53,-1.72,-1.82,-1.68,-1.68,-1.73,-1.63,-1.54,-1.60,-1.71,-1.79,-1.81,-1.77,-1.87,-1.96,-1.95,-1.72,-1.71,-1.81,-1.90,-1.83,-1.83,-1.91,-1.96,-1.96,-1.91,-2.01,-2.14,-2.20,-2.09,-2.04,-2.07,-1.92,-2.00,-2.02,-2.04,-1.96,-2.02,-2.15,-2.13,-2.04,-1.95,-1.87,-1.72,-1.92,-1.92,-1.74,-1.85,-1.83,-1.65,-1.92,-1.85,-1.97,-1.97,-1.86,-2.02,-2.00,-2.00,-2.02,-2.04,-2.02,-1.96,-1.91,-2.06,-2.23,-2.11,-2.07,-1.93,-2.16,-2.13,-2.19,-2.05,-2.23,-2.25,-1.91,-2.11,-2.37,-2.24,-2.25,-2.25,-2.14,-2.06,-2.16,-2.30,-2.30,-2.30,-2.18,-2.04,-2.33,-2.04,-2.16,-2.14,-2.14,-2.11,-2.01,-2.13,-2.34,-2.18,-2.10,-2.10,-2.37,-2.13,-2.27,-2.02,-1.90,-2.05,-2.18,-2.05,-2.11,-1.88,-2.06,-2.10,-1.95,-2.06,-2.23,-2.29,-2.56,-2.37,-2.20,-2.25,-2.38,-2.42,-2.34,-2.13,-2.18,-2.42,-2.45,-2.39,-2.55,-2.66,-2.79,-2.57,-2.48,-2.51,-2.39
-1.51,-1.76,-1.82,-1.63,-1.63,-1.64,-1.79,-1.93,-1.90,-2.02,-1.97,-1.92,-1.93,-1.95,-2.02,-2.07,-1.78,-1.76,-1.62,-1.54,-1.82,-1.81,-1.77,-1.35,-1.51,-1.58,-1.62,-1.73,-1.76,-1.55,-1.73,-1.51,-1.49,-1.63,-1.68,-1.65,-1.65,-1.77,-1.92,-1.72,-1.83,-1.78,-1.50,-1.64,-1.63,-1.85,-1.91,-1.91,-1.93,-1.88,-1.85,-1.83,-1.99,-2.28,-2.06,-2.10,-2.07,-1.97,-2.05,-1.95,-1.95,-1.95,-2.04,-2.06,-2.04,-2.00,-1.93,-1.88,-1.87,-1.88,-1.95,-1.81,-1.76,-1.82,-1.87,-2.09,-1.91,-2.00,-1.82,-1.86,-1.85,-2.05,-2.09,-2.07,-2.07,-2.07,-1.92,-1.81,-1.95,-2.05,-2.01,-2.02,-2.01,-2.11,-1.97,-2.24,-2.15,-2.15,-2.38,-1.99,-2.09,-2.37,-2.25,-2.18,-2.11,-2.10,-2.04,-2.00,-2.19,-2.28,-2.11,-2.14,-2.07,-2.23,-1.95,-2.13,-2.02,-2.11,-2.20,-2.15,-2.16,-2.23,-1.91,-2.18,-1.92,-2.09,-2.01,-2.07,-2.11,-1.92,-1.93,-2.11,-1.95,-2.18,-1.86,-1.78,-1.88,-1.85,-1.88,-2.06,-2.07,-2.25,-2.24,-2.23,-2.32,-2.45,-2.52,-2.27,-2.00,-2.20,-2.42,-2.48,-2.42,-2.50,-2.63,-2.59,-2.51,-2.41,-2.38,-2.25
-1.45,-1.45,-1.43,-1.49,-1.67,-1.65,-1.81,-2.00,-1.99,-1.77,-1.88,-1.90,-1.81,-1.77,-1.83,-1.97,-1.69,-1.83,-1.78,-1.65,-1.58,-1.59,-1.85,-1.57,-1.45,-1.49,-1.63,-1.72,-1.68,-1.59,-1.73,-1.49,-1.55,-1.58,-1.62,-1.67,-1.69,-1.69,-1.65,-1.64,-1.83,-1.77,-1.72,-1.79,-1.96,-2.02,-1.97,-2.05,-2.16,-2.10,-1.97,-1.93,-1.99,-2.14,-2.04,-2.23,-2.01,-2.09,-2.07,-1.93,-1.93,-1.97,-2.01,-2.02,-1.97,-1.91,-1.83,-1.87,-1.93,-1.95,-1.91,-1.74,-1.73,-1.85,-1.77,-2.05,-1.91,-1.96,-1.85,-1.85,-1.92,-2.18,-2.16,-1.99,-1.97,-2.01,-1.96,-1.96,-1.97,-1.87,-2.02,-1.96,-1.93,-2.02,-2.05,-2.15,-2.24,-2.02,-2.16,-2.02,-2.06,-2.34,-2.37,-2.14,-1.96,-2.01,-2.07,-2.01,-2.14,-2.20,-2.09,-2.09,-2.14,-2.10,-2.05,-2.11,-1.88,-2.09,-2.28,-2.13,-2.06,-2.16,-1.97,-2.24,-2.04,-2.01,-2.07,-2.19,-2.05,-1.93,-2.06,-2.13,-2.01,-2.04,-1.91,-1.77,-1.83,-1.81,-1.72,-1.79,-1.90,-1.77,-1.97,-1.95,-2.15,-2.41,-2.34,-2.18,-2.05,-2.11,-2.33,-2.47,-2.48,-2.36,-2.41,-2.38,-2.39,-2.37,-2.16,-2.04
-1.39,-1.26,-1.22,-1.54,-1.62,-1.65,-1.69,-1.77,-1.87,-1.81,-1.55,-1.65,-1.83,-1.81,-1.67,-1.71,-1.62,-1.85,-1.82,-1.65,-1.53,-1.51,-1.71,-1.36,-1.49,-1.81,-1.81,-1.58,-1.38,-1.36,-1.71,-1.64,-1.46,-1.43,-1.59,-1.72,-1.71,-1.60,-1.58,-1.72,-1.78,-1.76,-1.67,-1.72,-1.74,-1.72,-1.72,-1.78,-1.79,-1.72,-1.69,-1.88,-2.01,-2.07,-2.14,-2.04,-1.91,-1.90,-1.99,-1.91,-1.88,-1.95,-1.93,-1.96,-1.97,-1.83,-1.83,-1.91,-1.85,-1.93,-1.82,-1.64,-1.68,-1.79,-1.67,-1.91,-1.85,-1.97,-1.90,-1.92,-1.92,-2.00,-2.04,-2.07,-2.11,-2.01,-1.92,-2.02,-1.97,-1.73,-1.96,-2.15,-2.14,-2.07,-2.23,-2.09,-2.13,-2.07,-2.16,-2.11,-1.99,-2.22,-2.38,-2.23,-2.00,-1.99,-2.10,-2.20,-2.29,-2.13,-2.15,-2.07,-2.23,-2.09,-2.05,-2.25,-1.99,-2.06,-2.16,-1.95,-2.00,-2.18,-2.11,-2.09,-1.91,-1.78,-2.01,-2.15,-2.07,-1.97,-2.01,-2.06,-2.05,-1.93,-1.87,-1.88,-1.92,-1.88,-1.81,-1.78,-1.69,-1.68,-1.86,-1.86,-2.05,-2.29,-2.13,-2.32,-2.13,-2.16,-2.32,-2.46,-2.55,-2.29,-2.30,-2.33,-2.28,-2.13,-2.02,-1.87
-1.46,-1.35,-1.27,-1.68,-1.62,-1.69,-1.55,-1.62,-1.78,-1.81,-1.58,-1.64,-1.63,-1.51,-1.51,-1.67,-1.62,-1.85,-1.69,-1.55,-1.46,-1.34,-1.36,-1.25,-1.27,-1.48,-1.65,-1.55,-1.48,-1.62,-1.46,-1.53,-1.26,-1.34,-1.41,-1.50,-1.55,-1.57,-1.60,-1.67,-1.73,-1.87,-1.68,-1.68,-1.59,-1.67,-1.68,-1.71,-1.85,-1.81,-1.72,-1.99,-2.00,-1.86,-1.93,-2.10,-1.78,-1.92,-2.16,-1.92,-1.77,-2.02,-1.85,-1.87,-1.92,-1.83,-1.96,-1.99,-1.72,-1.78,-1.76,-1.72,-1.82,-1.71,-1.74,-1.93,-1.86,-1.95,-1.91,-1.87,-1.87,-1.86,-1.92,-2.05,-2.09,-2.01,-1.88,-1.88,-1.90,-1.72,-1.85,-2.11,-2.13,-2.14,-2.11,-2.02,-1.87,-2.04,-2.22,-2.16,-2.00,-2.06,-2.19,-2.20,-2.04,-1.99,-2.14,-2.18,-2.25,-1.88,-1.97,-1.87,-2.09,-2.05,-1.87,-2.02,-1.86,-1.67,-1.78,-1.93,-2.04,-2.11,-2.15,-2.05,-1.97,-1.90,-2.00,-2.10,-2.06,-2.00,-2.00,-2.02,-1.93,-1.95,-1.79,-1.76,-1.71,-1.65,-1.73,-1.95,-1.51,-1.76,-1.72,-1.63,-1.74,-2.02,-2.02,-2.04,-2.07,-2.16,-2.29,-2.37,-2.48,-2.24,-2.39,-2.48,-2.46,-2.28,-2.02,-2.00
-1.73,-1.38,-1.32,-1.77,-1.71,-1.69,-1.59,-1.64,-1.74,-1.81,-1.87,-1.73,-1.63,-1.64,-1.77,-1.85,-1.55,-1.93,-1.63,-1.48,-1.39,-1.27,-1.29,-1.22,-1.14,-1.41,-1.62,-1.53,-1.41,-1.41,-1.54,-1.40,-1.29,-1.38,-1.45,-1.51,-1.44,-1.46,-1.55,-1.54,-1.73,-1.92,-1.71,-1.60,-1.64,-1.68,-1.55,-1.63,-1.83,-1.78,-1.67,-1.88,-1.92,-1.97,-1.74,-2.06,-1.76,-1.76,-1.95,-1.92,-1.83,-1.77,-1.91,-1.81,-1.73,-1.85,-2.01,-2.00,-1.68,-1.68,-1.74,-1.92,-2.01,-1.68,-1.79,-1.93,-1.90,-1.87,-1.86,-1.77,-1.87,-1.85,-1.97,-2.04,-1.96,-1.95,-1.82,-1.69,-1.81,-1.78,-1.76,-1.93,-1.91,-2.19,-1.88,-1.86,-1.71,-1.86,-2.00,-2.07,-2.06,-2.07,-2.00,-2.06,-1.96,-1.88,-2.16,-2.09,-1.93,-1.93,-2.09,-2.10,-2.10,-2.00,-1.93,-1.93,-1.85,-1.85,-1.92,-1.86,-1.76,-2.01,-2.16,-1.99,-1.78,-1.93,-2.04,-2.10,-2.04,-1.91,-2.04,-2.09,-1.73,-1.79,-1.85,-1.83,-1.65,-1.49,-1.57,-1.67,-1.62,-1.43,-1.72,-1.83,-1.79,-1.96,-1.82,-1.86,-1.93,-2.07,-2.19,-2.20,-2.19,-2.04,-2.27,-2.47,-2.43,-2.20,-2.11,-2.20
-1.59,-1.38,-1.40,-1.67,-1.67,-1.64,-1.67,-1.73,-1.79,-1.83,-1.78,-1.71,-1.67,-1.58,-1.50,-1.53,-1.58,-1.49,-1.58,-1.46,-1.39,-1.39,-1.29,-1.19,-1.21,-1.45,-1.59,-1.43,-1.22,-1.35,-1.60,-1.34,-1.35,-1.24,-1.30,-1.29,-1.31,-1.51,-1.64,-1.62,-1.67,-1.83,-1.59,-1.59,-1.64,-1.60,-1.51,-1.59,-1.77,-1.71,-1.62,-1.76,-1.78,-1.71,-1.74,-1.93,-1.90,-1.91,-1.82,-1.91,-1.79,-1.71,-1.78,-1.86,-1.82,-1.78,-1.87,-1.91,-1.74,-1.63,-1.73,-1.95,-1.81,-1.65,-1.65,-1.76,-1.87,-1.87,-1.88,-1.78,-1.85,-1.83,-1.97,-2.06,-1.93,-1.82,-1.76,-1.67,-1.74,-1.86,-1.72,-1.91,-1.91,-2.11,-1.91,-1.71,-1.77,-1.78,-1.79,-1.99,-1.87,-1.92,-1.90,-1.91,-1.87,-1.78,-2.15,-2.20,-2.20,-1.79,-1.91,-1.97,-1.97,-1.88,-1.85,-2.01,-1.99,-1.86,-1.90,-1.86,-1.77,-1.97,-2.04,-1.86,-1.60,-1.87,-2.01,-2.00,-1.99,-1.79,-1.88,-1.88,-1.59,-1.67,-1.77,-1.62,-1.48,-1.55,-1.54,-1.83,-1.67,-1.57,-1.62,-1.85,-2.02,-2.04,-1.81,-1.90,-1.90,-1.99,-2.14,-1.99,-2.18,-2.18,-2.22,-2.39,-2.51,-2.29,-2.00,-2.27
-1.49,-1.35,-1.35,-1.45,-1.49,-1.43,-1.53,-1.74,-1.87,-1.82,-1.62,-1.64,-1.69,-1.57,-1.54,-1.57,-1.38,-1.48,-1.43,-1.46,-1.35,-1.19,-1.11,-1.17,-1.30,-1.45,-1.53,-1.32,-1.20,-1.34,-1.45,-1.31,-1.35,-1.20,-1.12,-1.35,-1.44,-1.32,-1.44,-1.58,-1.50,-1.68,-1.44,-1.65,-1.55,-1.60,-1.53,-1.58,-1.64,-1.62,-1.63,-1.68,-1.65,-1.81,-1.82,-1.92,-1.82,-1.54,-1.68,-1.86,-1.78,-1.83,-1.76,-1.71,-1.73,-1.77,-1.83,-1.74,-1.54,-1.64,-1.67,-1.72,-1.54,-1.63,-1.63,-1.77,-1.76,-1.86,-1.93,-1.76,-1.68,-1.78,-1.82,-1.88,-1.81,-1.71,-1.76,-1.77,-1.73,-1.82,-1.93,-1.85,-1.99,-1.91,-1.78,-1.83,-1.96,-1.83,-1.85,-1.79,-1.86,-1.95,-1.87,-1.85,-1.99,-2.09,-2.09,-1.99,-2.09,-1.83,-1.86,-2.16,-2.05,-2.00,-1.87,-1.96,-2.02,-1.95,-1.90,-1.82,-1.91,-1.82,-2.01,-1.74,-1.62,-1.93,-1.99,-1.77,-1.83,-1.88,-1.83,-1.76,-1.65,-1.63,-1.59,-1.64,-1.67,-1.65,-1.67,-1.81,-1.73,-1.72,-1.72,-1.87,-2.18,-2.11,-2.07,-1.93,-1.93,-2.06,-2.22,-2.09,-2.18,-2.28,-2.24,-2.25,-2.47,-2.47,-2.22,-2.18
-1.41,-1.12,-1.30,-1.41,-1.24,-1.65,-1.51,-1.62,-1.74,-1.74,-1.62,-1.54,-1.65,-1.68,-1.64,-1.54,-1.49,-1.43,-1.53,-1.44,-1.34,-1.24,-1.15,-1.19,-1.26,-1.40,-1.44,-1.30,-1.24,-1.27,-1.29,-1.17,-1.19,-1.21,-1.12,-1.40,-1.36,-1.38,-1.57,-1.50,-1.26,-1.39,-1.53,-1.39,-1.51,-1.67,-1.48,-1.50,-1.54,-1.50,-1.57,-1.64,-1.62,-1.77,-1.73,-1.91,-1.74,-1.55,-1.58,-1.60,-1.58,-1.55,-1.64,-1.71,-1.60,-1.54,-1.71,-1.82,-1.60,-1.46,-1.55,-1.65,-1.58,-1.60,-1.65,-1.78,-1.79,-1.79,-1.51,-1.50,-1.58,-1.68,-1.68,-1.67,-1.71,-1.63,-1.57,-1.72,-1.71,-1.58,-1.95,-2.02,-1.65,-1.76,-1.83,-1.82,-1.62,-1.83,-1.69,-1.69,-2.00,-2.04,-1.95,-2.00,-2.00,-1.95,-1.97,-1.77,-2.20,-1.71,-1.90,-1.99,-2.00,-1.91,-1.90,-1.93,-1.99,-2.02,-2.01,-1.77,-1.91,-1.68,-2.04,-1.73,-1.65,-1.91,-1.95,-1.79,-2.01,-1.92,-2.09,-1.99,-1.77,-1.82,-1.76,-1.64,-1.65,-1.69,-1.72,-1.76,-1.86,-1.85,-1.88,-2.04,-2.10,-2.20,-2.00,-1.93,-1.95,-2.02,-2.20,-2.20,-2.25,-2.37,-2.36,-2.27,-2.29,-2.39,-2.30,-2.14
-1.53,-1.19,-1.32,-1.41,-1.46,-1.57,-1.63,-1.72,-1.64,-1.58,-1.55,-1.57,-1.63,-1.71,-1.62,-1.53,-1.53,-1.60,-1.45,-1.31,-1.40,-1.35,-1.20,-1.29,-1.40,-1.43,-1.39,-1.27,-1.19,-1.22,-1.20,-1.07,-1.12,-1.20,-1.22,-1.24,-1.30,-1.40,-1.43,-1.40,-1.45,-1.34,-1.10,-1.22,-1.34,-1.46,-1.31,-1.32,-1.51,-1.45,-1.48,-1.64,-1.60,-1.63,-1.64,-1.87,-1.60,-1.64,-1.60,-1.57,-1.65,-1.65,-1.55,-1.53,-1.60,-1.65,-1.79,-1.83,-1.55,-1.44,-1.57,-1.51,-1.45,-1.31,-1.22,-1.60,-1.91,-1.77,-1.69,-1.54,-1.67,-1.67,-1.90,-1.82,-1.64,-1.59,-1.60,-1.83,-1.90,-1.97,-1.72,-1.77,-1.74,-1.69,-1.85,-2.01,-1.76,-1.71,-1.78,-1.77,-1.90,-1.93,-1.85,-1.82,-1.82,-1.82,-1.87,-1.74,-2.15,-1.90,-2.04,-1.90,-1.95,-1.86,-1.87,-1.90,-1.91,-2.02,-2.06,-1.82,-1.68,-1.88,-1.87,-1.68,-1.62,-1.77,-1.87,-1.81,-1.88,-1.88,-1.77,-1.71,-1.72,-1.72,-1.67,-1.59,-1.58,-1.64,-1.65,-1.63,-1.82,-1.90,-1.93,-2.02,-2.07,-1.96,-1.96,-2.15,-2.27,-2.27,-2.38,-2.22,-2.46,-2.48,-2.37,-2.25,-2.20,-2.25,-2.23,-2.15
