-41.27,-41.38,-41.22,-41.25,-41.50,-41.78,-41.73,-41.59,-41.85,-42.43,-41.82,-41.57,-41.32,-41.13,-41.41,-41.59,-41.73,-41.73,-41.87,-42.24,-42.73,-42.61,-41.91,-42.64,-43.15,-43.46,-43.51,-43.30,-43.30,-43.51,-43.20,-42.97,-42.94,-43.49,-44.01,-44.04,-43.73,-43.25,-42.94,-43.70,-44.28,-44.38,-44.28,-44.18,-43.99,-43.68,-43.27,-42.50,-41.27,-40.48,-40.52,-40.72,-40.97,-40.41,-39.87,-40.70,-42.01,-43.34,-44.11,-44.35,-44.47,-44.45,-44.45,-44.42,-44.40,-44.38,-44.81,-44.72,-44.99,-45.06,-44.59,-44.35,-44.40,-44.52,-44.59,-44.64,-44.38,-44.23,-44.47,-44.47,-44.28,-44.74,-44.59,-44.28,-44.84,-44.79,-44.23,-44.72,-44.42,-44.42,-44.57,-44.59,-44.55,-44.40,-44.57,-44.38,-43.73,-43.85,-44.45,-44.38,-44.18,-44.35,-44.47,-43.80,-43.04,-43.54,-42.97,-42.47,-42.36,-42.33,-42.22,-42.38,-43.01,-43.49,-43.65,-43.68,-43.37,-43.54,-43.32,-43.15,-43.30,-43.34,-43.13,-42.97,-42.87,-42.61,-42.82,-42.90,-43.08,-42.47,-42.36,-42.40,-42.19,-42.29,-41.80,-42.50,-42.29,-42.19,-41.85,-41.41,-41.22,-41.52,-41.52,-41.16,-40.95,-40.84,-40.70,-40.43,-40.14,-41.00,-41.04,-40.93,-40.77,-40.07,-39.47,-38.88,-38.37,-37.96,-37.51,-36.64
-41.04,-41.29,-41.00,-41.04,-41.06,-41.20,-41.20,-41.06,-40.97,-41.38,-41.32,-40.95,-40.70,-40.84,-41.02,-40.36,-40.68,-41.09,-41.29,-41.50,-41.96,-42.05,-42.05,-42.19,-42.61,-42.94,-43.08,-42.94,-42.78,-42.75,-41.80,-42.26,-42.10,-42.54,-43.06,-43.20,-43.25,-43.15,-42.82,-43.42,-44.01,-43.73,-43.58,-43.56,-43.42,-42.90,-41.87,-40.57,-39.56,-39.65,-40.00,-41.16,-41.04,-40.86,-39.58,-40.50,-42.08,-43.25,-44.04,-44.35,-44.50,-44.47,-44.16,-44.18,-44.57,-44.23,-44.18,-44.09,-44.74,-44.23,-43.89,-43.87,-43.99,-44.04,-44.06,-44.28,-44.30,-43.99,-44.28,-44.45,-43.94,-44.21,-44.59,-44.11,-44.35,-44.21,-44.16,-44.47,-43.87,-43.87,-44.18,-44.13,-44.18,-44.04,-44.35,-44.38,-43.56,-43.46,-44.09,-43.99,-43.85,-43.89,-44.09,-43.06,-42.19,-42.68,-42.40,-42.24,-42.38,-42.31,-42.29,-42.64,-43.11,-43.30,-42.94,-43.08,-42.68,-43.06,-42.97,-42.99,-43.11,-42.87,-42.64,-42.78,-42.80,-42.33,-42.97,-42.45,-42.50,-41.94,-42.03,-42.08,-41.75,-41.82,-41.61,-41.78,-41.59,-41.66,-41.61,-41.20,-40.95,-41.32,-41.25,-41.09,-40.91,-40.79,-40.61,-40.27,-39.78,-40.52,-40.54,-40.14,-39.16,-37.81,-37.13,-36.56,-35.33,-34.41,-33.68,-32.81
-40.79,-41.13,-40.91,-41.09,-40.72,-40.81,-40.88,-40.77,-41.06,-40.95,-40.41,-40.39,-40.43,-40.23,-40.54,-39.78,-40.18,-40.61,-40.70,-40.72,-41.34,-41.50,-41.80,-41.87,-42.29,-42.50,-42.31,-42.66,-42.87,-41.87,-41.73,-41.52,-41.82,-42.24,-42.64,-42.99,-43.20,-42.99,-42.71,-43.04,-43.56,-43.27,-42.94,-42.71,-42.22,-41.27,-39.96,-38.79,-39.78,-40.30,-40.70,-41.94,-42.36,-41.71,-39.74,-40.54,-42.03,-42.82,-43.54,-43.70,-43.54,-43.75,-44.13,-44.11,-44.01,-43.65,-44.06,-44.13,-43.63,-43.87,-43.18,-43.68,-43.75,-43.25,-43.27,-43.68,-43.80,-43.75,-43.99,-44.18,-43.77,-43.65,-43.97,-43.27,-43.49,-43.68,-43.58,-43.82,-43.32,-43.32,-43.97,-43.61,-43.80,-43.94,-43.97,-43.70,-43.25,-43.37,-43.51,-43.49,-43.30,-42.99,-42.90,-42.26,-41.38,-41.82,-41.85,-41.89,-42.19,-42.36,-42.45,-42.73,-42.94,-42.85,-42.82,-42.97,-42.57,-42.71,-42.61,-42.36,-42.47,-42.57,-42.36,-42.26,-42.52,-42.33,-42.78,-41.98,-42.05,-41.64,-41.73,-41.59,-41.34,-41.43,-41.55,-41.38,-41.45,-41.41,-41.06,-40.72,-40.93,-41.36,-41.00,-40.81,-40.79,-40.79,-40.59,-40.21,-39.69,-40.03,-39.91,-39.16,-37.32,-34.55,-31.67,-30.09,-29.30,-28.10,-26.92,-26.28
-40.43,-40.72,-40.70,-40.81,-40.34,-40.36,-40.57,-40.00,-40.16,-39.29,-39.47,-39.87,-40.00,-39.76,-39.96,-39.40,-39.71,-40.21,-40.21,-40.03,-40.91,-41.00,-40.88,-41.57,-42.12,-42.08,-41.80,-41.85,-42.03,-41.61,-40.77,-40.63,-41.06,-41.48,-41.80,-42.33,-42.57,-42.10,-42.54,-42.82,-43.01,-43.08,-42.61,-41.64,-40.23,-38.50,-37.66,-38.48,-39.34,-39.71,-41.02,-41.25,-41.41,-40.77,-38.55,-39.51,-41.50,-42.33,-42.99,-43.44,-43.27,-43.20,-43.56,-43.34,-43.56,-43.46,-43.97,-43.68,-43.49,-43.65,-43.23,-43.54,-43.58,-43.34,-43.25,-43.34,-43.44,-43.56,-43.82,-43.94,-43.61,-43.77,-43.58,-43.23,-43.13,-42.97,-43.08,-43.23,-42.97,-42.85,-43.37,-43.23,-43.49,-43.70,-43.75,-43.34,-43.15,-43.56,-43.42,-43.06,-42.50,-42.26,-42.38,-41.09,-41.59,-41.71,-41.57,-41.68,-42.29,-42.38,-42.19,-42.36,-42.36,-42.26,-42.52,-42.40,-42.50,-42.50,-41.96,-42.12,-42.31,-42.29,-42.08,-41.87,-41.85,-41.68,-41.89,-42.08,-42.08,-41.80,-41.43,-41.16,-41.06,-41.18,-41.27,-41.38,-41.04,-40.97,-40.32,-40.16,-40.59,-40.86,-40.75,-40.70,-40.54,-40.34,-40.14,-39.89,-39.71,-39.40,-39.27,-37.81,-34.96,-30.92,-26.05,-22.14,-21.04,-19.91,-19.08,-18.62
-40.16,-40.00,-40.36,-40.48,-40.30,-40.09,-39.98,-39.54,-39.80,-39.51,-39.27,-39.49,-39.87,-39.67,-39.74,-39.32,-39.25,-39.51,-39.76,-39.71,-40.09,-40.68,-40.21,-40.61,-41.45,-41.78,-41.68,-41.41,-40.75,-40.34,-39.96,-39.96,-40.05,-40.32,-40.77,-41.32,-41.75,-41.45,-42.12,-42.59,-42.45,-42.57,-41.48,-39.27,-37.32,-36.45,-36.94,-37.75,-38.05,-37.58,-37.40,-37.47,-38.92,-39.47,-38.05,-38.33,-40.43,-41.87,-42.40,-42.78,-42.82,-42.80,-42.99,-43.08,-43.46,-43.25,-43.56,-43.58,-43.37,-43.42,-43.01,-42.94,-43.06,-43.11,-42.87,-42.87,-43.11,-43.11,-43.37,-43.63,-43.61,-43.56,-43.04,-42.80,-42.64,-42.54,-42.45,-42.85,-42.80,-42.68,-43.13,-43.04,-43.11,-43.15,-43.30,-43.13,-42.80,-42.87,-43.06,-42.61,-41.68,-41.09,-40.68,-40.61,-41.25,-41.45,-41.64,-41.87,-42.17,-41.96,-41.85,-41.87,-41.68,-41.64,-42.05,-42.12,-42.19,-42.33,-41.66,-41.61,-42.03,-42.24,-41.68,-41.27,-41.55,-41.57,-41.41,-41.82,-41.57,-41.38,-41.25,-40.88,-40.79,-40.88,-40.93,-41.13,-40.81,-40.66,-40.21,-39.98,-40.14,-40.34,-40.23,-40.25,-39.89,-39.65,-39.38,-39.34,-39.38,-38.59,-38.29,-36.05,-32.16,-26.78,-20.58,-15.24,-13.63,-12.37,-11.98,-11.94
-40.50,-40.12,-40.59,-40.32,-39.96,-39.45,-38.90,-38.98,-39.34,-39.34,-39.23,-39.38,-39.87,-39.76,-39.71,-39.40,-39.03,-38.88,-39.20,-39.36,-39.43,-40.27,-39.98,-40.43,-41.25,-41.29,-40.91,-40.32,-39.78,-39.18,-38.70,-38.68,-38.77,-38.96,-39.54,-40.27,-41.29,-41.36,-41.48,-41.57,-41.41,-40.77,-38.74,-36.89,-36.83,-37.26,-36.62,-38.05,-37.04,-35.02,-31.98,-30.43,-32.18,-33.76,-34.25,-35.99,-39.05,-41.18,-41.82,-42.12,-42.50,-42.50,-42.43,-42.66,-43.15,-43.08,-43.30,-43.75,-43.20,-43.23,-42.78,-42.54,-42.57,-42.73,-42.64,-42.59,-42.73,-42.75,-42.92,-43.23,-43.08,-43.08,-42.61,-42.47,-42.50,-42.26,-42.12,-42.66,-42.36,-42.47,-42.47,-42.54,-42.57,-42.52,-42.66,-42.43,-41.91,-41.82,-41.91,-41.78,-41.04,-40.77,-41.13,-40.63,-41.18,-42.01,-42.24,-42.29,-41.45,-41.52,-41.71,-41.68,-41.43,-41.38,-41.73,-41.91,-41.78,-42.10,-41.64,-41.55,-41.80,-41.78,-41.22,-40.97,-41.27,-41.22,-40.66,-40.59,-40.54,-40.57,-40.39,-40.57,-40.61,-40.57,-40.66,-40.66,-40.66,-40.43,-40.14,-39.78,-39.76,-39.83,-39.83,-39.87,-39.58,-39.54,-39.51,-39.07,-38.33,-37.85,-36.81,-33.86,-29.02,-22.66,-15.84,-9.86,-8.39,-7.55,-7.37,-7.37
-39.76,-39.96,-40.00,-39.65,-39.27,-38.90,-38.24,-38.48,-38.88,-38.98,-39.07,-39.40,-39.80,-39.71,-39.38,-38.85,-38.48,-38.44,-38.37,-39.49,-39.34,-39.78,-39.89,-40.23,-40.77,-40.63,-40.21,-39.16,-39.18,-38.48,-37.36,-37.09,-37.34,-37.68,-38.29,-39.27,-40.72,-40.43,-41.13,-40.23,-39.56,-38.79,-37.75,-37.60,-38.68,-39.34,-39.18,-38.81,-37.43,-33.38,-26.94,-22.31,-21.61,-22.75,-25.25,-30.83,-37.06,-40.30,-41.50,-41.89,-42.15,-42.22,-42.12,-42.29,-42.61,-42.82,-43.08,-43.30,-42.80,-42.73,-42.61,-42.50,-42.33,-42.29,-42.33,-42.38,-42.45,-42.45,-42.59,-42.87,-42.57,-42.57,-42.26,-42.38,-42.43,-41.94,-42.03,-42.36,-42.10,-42.01,-41.85,-42.03,-41.94,-41.87,-41.96,-41.41,-40.57,-40.43,-40.61,-40.36,-40.32,-40.43,-41.00,-41.09,-41.16,-41.55,-41.64,-40.81,-41.29,-41.50,-41.52,-41.27,-41.22,-41.38,-41.34,-41.18,-41.29,-41.66,-41.43,-41.71,-41.64,-41.29,-40.84,-40.81,-41.04,-40.88,-40.43,-40.30,-40.66,-40.36,-40.27,-40.79,-40.81,-40.50,-40.18,-40.05,-40.07,-40.12,-39.80,-39.49,-39.47,-39.47,-39.25,-39.29,-38.85,-39.09,-39.07,-38.59,-37.94,-37.19,-35.27,-31.34,-25.71,-18.84,-11.84,-6.33,-5.00,-4.47,-4.45,-4.58
-39.09,-39.23,-39.56,-39.32,-38.79,-38.33,-37.77,-38.18,-38.55,-38.70,-38.90,-39.36,-39.71,-39.56,-38.92,-38.94,-38.79,-38.09,-38.09,-38.20,-38.44,-38.96,-39.25,-39.51,-40.00,-40.09,-39.69,-38.59,-38.53,-37.85,-36.49,-35.87,-36.14,-36.47,-37.58,-38.94,-39.60,-40.00,-39.65,-38.05,-36.81,-37.23,-38.05,-38.63,-39.71,-40.05,-39.98,-39.12,-37.64,-32.00,-20.71,-13.50,-11.28,-11.89,-15.33,-23.53,-33.38,-38.81,-40.95,-41.68,-41.87,-41.80,-41.78,-41.96,-42.24,-42.29,-42.68,-42.40,-42.10,-42.10,-42.26,-42.24,-41.94,-41.68,-41.57,-41.94,-42.29,-42.03,-42.05,-42.38,-42.29,-41.96,-41.98,-42.01,-42.01,-41.82,-41.87,-41.94,-41.78,-41.41,-41.22,-41.18,-41.06,-41.13,-41.34,-40.75,-39.71,-39.51,-39.76,-39.63,-39.98,-40.27,-40.36,-40.50,-40.41,-40.79,-41.02,-40.48,-40.25,-40.39,-40.77,-40.84,-40.91,-41.11,-41.11,-40.75,-40.54,-40.97,-40.95,-41.61,-41.18,-40.95,-40.61,-40.61,-40.79,-40.66,-40.23,-40.41,-40.39,-39.89,-40.05,-40.32,-40.63,-40.09,-39.27,-39.27,-39.60,-39.47,-39.49,-39.20,-39.38,-39.23,-38.92,-38.90,-38.50,-38.29,-37.96,-37.66,-37.13,-35.78,-32.85,-28.70,-22.41,-15.15,-8.55,-4.03,-2.86,-2.47,-2.59,-2.83
-38.63,-39.03,-39.07,-38.92,-38.53,-37.94,-37.64,-37.98,-38.42,-38.44,-38.50,-39.29,-38.96,-39.07,-39.18,-39.16,-38.88,-38.16,-37.90,-37.83,-38.29,-38.68,-38.72,-38.90,-39.47,-39.65,-39.32,-38.37,-37.79,-37.02,-36.12,-35.43,-35.20,-35.56,-36.47,-37.53,-38.55,-38.20,-36.73,-35.27,-35.66,-36.75,-37.43,-38.22,-39.29,-39.76,-40.45,-39.63,-38.01,-31.44,-17.02,-7.89,-4.69,-4.91,-8.12,-16.39,-28.34,-37.11,-40.34,-41.41,-41.57,-41.22,-41.22,-41.34,-42.05,-41.57,-42.03,-41.82,-41.52,-41.89,-41.68,-41.48,-41.22,-41.11,-41.18,-41.61,-41.96,-41.55,-41.38,-41.61,-41.68,-41.43,-41.78,-41.13,-41.50,-41.64,-41.50,-41.34,-41.02,-40.72,-40.50,-40.27,-40.23,-40.32,-40.45,-39.87,-38.85,-38.70,-39.14,-39.25,-39.58,-39.51,-39.71,-40.03,-39.85,-39.89,-39.71,-39.56,-39.36,-39.58,-40.09,-40.03,-40.05,-40.32,-40.61,-40.66,-40.36,-40.57,-40.57,-41.18,-40.48,-40.59,-40.34,-40.25,-40.36,-40.23,-40.09,-40.41,-40.09,-39.67,-39.71,-39.65,-39.89,-39.78,-39.12,-38.70,-39.71,-39.45,-39.03,-39.18,-39.14,-38.85,-38.66,-38.46,-38.07,-37.45,-36.89,-36.12,-35.58,-34.67,-31.36,-26.53,-19.28,-11.85,-5.92,-2.42,-1.53,-1.24,-1.48,-1.70
-38.42,-38.77,-38.81,-38.53,-38.20,-37.81,-37.90,-37.94,-38.42,-38.61,-38.18,-38.63,-39.01,-39.05,-39.05,-38.98,-38.79,-38.37,-37.92,-37.70,-38.18,-38.55,-38.37,-38.42,-39.23,-39.27,-39.07,-38.14,-37.68,-37.15,-36.49,-35.66,-35.00,-35.25,-35.78,-36.16,-36.58,-35.78,-35.51,-35.00,-35.41,-36.24,-36.47,-36.87,-37.92,-38.96,-39.87,-39.54,-38.01,-31.27,-16.25,-6.01,-2.16,-2.00,-4.43,-11.56,-24.07,-35.78,-40.16,-41.16,-41.09,-40.57,-40.84,-41.06,-41.61,-41.29,-41.29,-41.11,-41.52,-41.29,-40.97,-40.93,-40.52,-40.48,-40.81,-41.02,-40.93,-40.72,-40.81,-40.95,-40.86,-40.91,-41.13,-40.39,-40.81,-40.21,-40.54,-40.21,-40.57,-39.98,-40.00,-39.98,-39.67,-39.36,-39.12,-38.44,-37.79,-38.01,-38.46,-38.66,-38.74,-38.31,-38.74,-38.90,-38.46,-38.70,-38.48,-38.72,-39.09,-39.34,-39.54,-39.67,-39.67,-39.78,-39.87,-39.74,-39.67,-39.76,-40.43,-40.66,-40.00,-40.21,-39.60,-39.58,-39.60,-39.43,-39.63,-40.03,-39.58,-39.18,-39.20,-39.20,-39.51,-39.40,-39.14,-39.36,-39.65,-39.05,-38.79,-39.20,-38.42,-38.11,-37.96,-37.58,-37.11,-36.43,-35.91,-34.90,-34.39,-33.50,-30.41,-24.96,-17.56,-10.17,-4.68,-1.71,-0.79,-0.71,-0.92,-0.97
-38.37,-38.59,-38.61,-38.40,-37.88,-37.85,-37.83,-38.07,-38.09,-38.01,-37.96,-38.35,-38.53,-38.72,-38.63,-38.40,-38.31,-38.33,-37.98,-37.60,-37.83,-38.20,-38.05,-37.90,-38.68,-38.98,-39.07,-38.63,-38.24,-38.07,-37.73,-36.94,-36.12,-35.60,-34.71,-34.51,-35.29,-35.29,-34.84,-34.77,-35.18,-35.56,-35.51,-35.66,-36.49,-37.68,-37.85,-37.85,-36.60,-30.39,-16.00,-5.29,-1.48,-1.33,-3.12,-9.73,-22.65,-35.02,-39.34,-40.00,-40.45,-40.34,-39.78,-40.45,-40.93,-40.27,-40.84,-41.04,-40.77,-41.02,-40.59,-40.16,-40.12,-40.09,-40.21,-40.41,-40.30,-40.05,-40.41,-40.84,-40.41,-40.36,-40.50,-40.66,-39.29,-39.47,-40.14,-39.29,-40.21,-39.67,-39.63,-39.43,-38.72,-37.70,-37.90,-37.02,-36.68,-37.04,-36.81,-36.73,-36.45,-35.80,-35.66,-35.35,-34.67,-34.80,-35.47,-36.56,-38.01,-38.74,-39.34,-39.36,-39.07,-39.32,-39.45,-39.16,-39.27,-39.80,-39.63,-39.47,-39.51,-39.14,-38.29,-38.57,-38.59,-38.33,-38.50,-38.94,-38.63,-38.55,-38.81,-38.66,-39.07,-38.72,-38.57,-39.01,-39.16,-38.42,-38.35,-38.01,-37.88,-37.60,-36.89,-36.24,-35.97,-35.47,-35.27,-34.43,-33.82,-32.55,-29.33,-23.54,-15.18,-7.95,-3.15,-0.86,-0.49,-0.37,-0.42,-0.49
-38.37,-38.74,-38.46,-37.81,-37.51,-38.18,-38.01,-37.81,-37.81,-37.83,-37.66,-38.35,-38.31,-38.33,-38.31,-38.14,-37.88,-38.01,-37.88,-37.68,-37.75,-38.03,-38.01,-37.92,-38.63,-38.55,-38.31,-38.01,-37.75,-37.88,-37.94,-37.38,-36.62,-35.87,-34.27,-34.51,-35.87,-35.66,-35.29,-35.31,-35.62,-35.64,-35.25,-35.10,-35.64,-35.93,-35.43,-35.10,-34.15,-28.34,-14.81,-4.60,-1.09,-1.12,-2.81,-9.31,-22.61,-34.77,-39.29,-39.43,-39.47,-39.51,-39.36,-39.58,-39.65,-39.94,-40.09,-39.91,-39.78,-39.91,-40.32,-39.96,-39.40,-39.32,-39.14,-39.16,-39.51,-39.27,-39.07,-39.01,-39.12,-39.18,-39.29,-38.27,-38.09,-38.09,-37.15,-37.43,-38.35,-37.06,-36.77,-36.22,-35.43,-34.29,-33.84,-33.34,-32.57,-31.98,-31.54,-30.94,-30.07,-29.09,-28.24,-27.30,-26.17,-25.73,-27.21,-32.12,-36.03,-37.64,-38.61,-38.72,-38.16,-38.22,-38.22,-37.94,-38.20,-38.68,-38.83,-38.27,-38.59,-37.60,-37.23,-37.09,-37.21,-36.98,-36.75,-36.98,-37.23,-37.60,-38.05,-37.75,-38.33,-37.98,-37.88,-38.33,-38.50,-37.88,-37.34,-36.85,-36.26,-35.82,-35.37,-35.12,-35.25,-35.58,-35.27,-34.55,-33.70,-31.93,-28.15,-21.40,-12.74,-5.96,-2.07,-0.66,-0.63,-0.62,-0.52,-0.48
-38.24,-38.70,-38.55,-37.64,-37.60,-37.88,-37.77,-37.77,-37.85,-37.92,-37.81,-38.40,-38.22,-38.22,-38.31,-38.24,-37.94,-37.85,-37.83,-37.81,-37.79,-37.92,-38.03,-37.43,-38.53,-38.22,-38.01,-37.55,-37.17,-37.32,-37.38,-36.70,-36.43,-35.60,-35.43,-36.18,-37.13,-36.75,-36.35,-36.22,-36.12,-36.01,-35.51,-35.06,-35.31,-34.67,-34.06,-33.44,-32.06,-26.33,-13.76,-4.32,-1.01,-0.96,-2.82,-9.16,-22.33,-34.51,-37.47,-38.66,-38.66,-38.61,-38.59,-38.33,-39.09,-38.74,-38.94,-38.90,-38.22,-38.59,-38.35,-38.20,-37.98,-37.79,-37.60,-37.15,-37.00,-36.73,-36.47,-36.18,-35.70,-35.70,-35.53,-34.33,-33.82,-33.40,-33.10,-32.22,-32.20,-30.54,-30.09,-29.00,-27.41,-26.26,-25.80,-24.97,-23.42,-22.41,-21.41,-19.96,-18.82,-17.91,-17.19,-15.62,-14.55,-14.31,-16.62,-26.05,-33.52,-36.35,-37.19,-37.53,-37.34,-36.98,-36.56,-36.56,-37.11,-37.58,-37.62,-37.15,-37.04,-36.22,-35.06,-34.94,-35.33,-35.31,-34.96,-34.94,-35.39,-35.87,-36.26,-36.64,-37.43,-37.34,-37.43,-37.64,-37.53,-37.00,-36.37,-35.76,-35.29,-35.29,-35.04,-35.02,-35.43,-35.76,-35.47,-34.73,-33.74,-31.52,-26.81,-19.20,-10.49,-4.48,-1.61,-0.62,-0.39,-0.38,-0.51,-0.32
-38.29,-38.53,-38.42,-38.01,-37.66,-37.38,-37.66,-37.58,-37.51,-37.94,-37.79,-38.29,-38.11,-38.20,-38.42,-38.22,-38.24,-37.98,-38.03,-37.81,-37.73,-38.03,-38.24,-38.20,-38.66,-38.35,-37.98,-37.77,-37.38,-36.98,-36.54,-35.85,-35.76,-34.84,-36.41,-37.45,-37.88,-37.68,-37.34,-36.75,-36.14,-35.87,-35.51,-35.10,-34.92,-34.17,-33.82,-33.66,-31.85,-26.24,-13.85,-4.19,-1.07,-1.04,-2.31,-8.01,-21.41,-33.42,-36.20,-36.81,-37.60,-36.68,-36.49,-36.39,-36.35,-35.95,-36.07,-35.74,-34.80,-34.59,-34.39,-33.76,-33.01,-32.39,-31.69,-31.19,-30.98,-30.14,-29.41,-28.61,-27.08,-26.35,-25.55,-24.13,-23.22,-21.86,-21.00,-19.08,-18.54,-17.24,-15.96,-14.58,-13.48,-12.14,-11.74,-10.82,-9.58,-8.92,-8.32,-8.00,-7.69,-6.82,-6.67,-6.59,-6.41,-6.89,-10.07,-19.38,-30.65,-35.12,-35.99,-36.26,-36.41,-35.43,-34.43,-34.17,-34.51,-35.12,-35.70,-35.53,-34.39,-33.78,-32.67,-32.02,-32.18,-32.04,-32.14,-32.63,-32.99,-33.40,-33.88,-35.10,-36.30,-36.54,-36.66,-36.66,-36.28,-35.62,-35.25,-34.71,-35.02,-35.33,-35.23,-35.20,-35.39,-35.78,-35.53,-34.57,-33.50,-30.62,-25.06,-17.14,-8.41,-3.30,-1.13,-0.39,-0.20,-0.13,-0.17,-0.17
-37.26,-37.68,-37.88,-37.85,-37.19,-37.23,-37.38,-37.32,-37.21,-37.77,-37.43,-37.88,-37.85,-37.88,-38.11,-38.07,-37.90,-38.14,-37.88,-37.70,-37.79,-38.11,-38.50,-38.03,-37.45,-38.05,-37.94,-37.43,-36.87,-36.10,-35.10,-34.77,-35.47,-35.08,-36.54,-37.49,-37.60,-37.38,-37.47,-37.26,-36.75,-37.06,-36.79,-35.85,-35.18,-35.12,-34.61,-33.88,-31.87,-26.99,-14.90,-4.36,-0.73,-0.68,-1.79,-7.36,-20.90,-30.69,-32.22,-32.12,-31.93,-31.13,-30.83,-29.84,-29.65,-28.89,-28.01,-27.23,-25.87,-24.73,-23.92,-22.82,-21.46,-20.43,-19.62,-18.85,-18.13,-17.25,-16.19,-15.21,-14.16,-13.65,-12.68,-12.04,-11.02,-9.96,-9.63,-8.56,-8.48,-7.65,-7.17,-6.60,-6.19,-5.40,-5.29,-4.83,-4.44,-4.52,-4.41,-4.14,-4.01,-4.03,-4.01,-4.07,-4.24,-4.58,-6.58,-14.22,-27.77,-33.72,-35.06,-35.33,-34.55,-33.14,-31.50,-30.46,-30.62,-31.73,-32.99,-32.61,-30.50,-29.88,-29.07,-28.43,-27.95,-27.57,-28.26,-29.43,-29.88,-30.12,-31.54,-32.99,-34.55,-35.08,-35.12,-35.27,-34.98,-34.57,-34.63,-34.53,-35.10,-35.16,-34.92,-35.18,-35.74,-35.72,-35.37,-34.53,-32.18,-28.34,-22.36,-14.54,-6.62,-2.24,-0.72,-0.29,-0.12,0.02,-0.06,0.10
-37.11,-37.38,-37.62,-37.94,-36.79,-37.19,-37.19,-36.89,-36.85,-37.30,-37.00,-37.19,-37.30,-37.19,-37.23,-37.45,-36.39,-37.06,-37.15,-37.04,-37.06,-37.23,-38.01,-37.40,-36.64,-37.13,-37.04,-36.10,-35.12,-34.43,-33.62,-34.08,-35.27,-35.47,-35.91,-36.49,-36.12,-35.51,-35.49,-35.51,-35.27,-35.41,-34.67,-34.43,-34.53,-33.56,-32.53,-31.46,-29.69,-25.15,-13.70,-3.77,-0.64,-0.52,-1.28,-5.36,-15.23,-22.26,-22.39,-21.58,-20.43,-19.32,-18.25,-17.10,-16.62,-16.00,-15.14,-14.24,-13.28,-12.33,-11.63,-11.03,-10.32,-9.70,-9.22,-8.65,-8.33,-7.97,-7.37,-7.14,-6.58,-6.39,-5.81,-5.63,-5.00,-4.61,-4.68,-4.32,-4.36,-4.14,-4.06,-4.07,-3.92,-3.79,-3.81,-3.54,-3.53,-3.71,-3.79,-3.68,-3.54,-3.67,-3.89,-3.89,-3.88,-4.24,-5.43,-10.30,-24.01,-30.85,-33.40,-33.38,-31.87,-30.26,-27.75,-25.85,-25.87,-27.42,-28.80,-28.26,-25.97,-25.24,-24.97,-24.33,-23.24,-22.51,-23.78,-25.57,-26.21,-26.76,-28.54,-31.00,-31.93,-32.75,-33.32,-33.72,-34.04,-34.33,-34.65,-34.80,-35.00,-35.04,-35.20,-35.49,-35.66,-35.60,-35.04,-34.29,-31.60,-27.30,-20.64,-12.47,-5.12,-1.75,-0.78,-0.39,-0.20,-0.07,-0.03,0.14
-36.66,-37.15,-37.43,-37.90,-36.58,-36.83,-36.96,-36.56,-36.18,-36.45,-36.37,-36.26,-36.70,-37.09,-37.02,-37.23,-36.39,-36.62,-36.68,-36.43,-36.07,-35.80,-36.66,-36.05,-35.53,-34.98,-34.31,-32.97,-31.83,-31.77,-31.48,-32.39,-32.93,-32.73,-32.59,-32.36,-32.08,-31.40,-30.62,-30.09,-29.77,-29.93,-28.26,-27.61,-26.15,-25.11,-23.34,-22.19,-20.56,-17.05,-9.40,-2.45,-0.44,-0.47,-0.61,-2.42,-7.18,-10.65,-10.21,-9.79,-9.06,-8.43,-7.89,-7.16,-6.84,-6.80,-6.41,-5.93,-5.45,-5.11,-4.93,-4.83,-4.58,-4.35,-4.26,-4.14,-4.31,-4.31,-4.22,-4.33,-4.07,-4.10,-4.00,-3.72,-3.41,-3.35,-3.67,-3.35,-3.46,-3.53,-3.61,-3.65,-3.61,-3.59,-3.66,-3.57,-3.65,-3.71,-3.74,-3.66,-3.48,-3.44,-3.58,-3.70,-3.89,-4.31,-4.54,-7.73,-18.49,-27.33,-30.50,-30.58,-29.13,-26.94,-23.95,-21.35,-20.89,-22.41,-23.61,-23.15,-21.86,-21.13,-21.07,-20.02,-18.70,-18.38,-20.30,-22.46,-23.14,-23.46,-25.53,-28.35,-29.78,-30.27,-31.60,-32.83,-33.74,-34.35,-34.75,-34.90,-34.94,-35.14,-35.68,-35.70,-35.53,-35.27,-34.75,-33.36,-30.56,-25.66,-17.91,-9.65,-3.83,-1.43,-0.54,-0.39,-0.34,-0.16,0.05,0.13
-36.30,-36.81,-37.00,-37.36,-36.60,-36.33,-36.41,-36.26,-35.72,-35.49,-35.18,-34.84,-35.37,-36.20,-35.56,-34.51,-34.21,-34.31,-34.06,-33.64,-33.24,-32.41,-32.97,-31.95,-31.21,-29.90,-28.54,-27.19,-26.31,-26.61,-26.01,-25.92,-25.97,-25.24,-24.45,-23.66,-22.61,-21.50,-20.11,-18.44,-17.27,-16.71,-15.56,-14.90,-13.62,-12.52,-11.29,-10.13,-9.30,-7.82,-4.48,-1.16,-0.24,-0.46,-0.59,-1.30,-2.59,-3.54,-3.32,-3.39,-3.32,-3.28,-3.39,-3.10,-3.06,-3.46,-3.45,-3.30,-3.17,-3.22,-3.37,-3.46,-3.30,-3.14,-3.22,-3.35,-3.52,-3.55,-3.65,-3.59,-3.55,-3.70,-3.68,-3.55,-3.24,-3.33,-3.83,-3.43,-3.59,-3.50,-3.65,-3.61,-3.57,-3.63,-3.71,-3.59,-3.63,-3.70,-3.67,-3.58,-3.45,-3.46,-3.50,-3.54,-3.79,-4.11,-4.50,-6.49,-14.02,-22.85,-27.44,-26.70,-26.12,-24.30,-21.66,-18.79,-17.41,-17.84,-18.35,-18.19,-18.00,-17.66,-17.33,-15.99,-14.82,-15.15,-16.99,-18.63,-19.36,-20.41,-22.66,-24.63,-26.90,-28.69,-30.77,-33.14,-34.29,-34.57,-34.98,-35.35,-35.12,-35.10,-35.53,-35.60,-35.35,-34.90,-34.11,-32.75,-29.33,-23.70,-15.56,-7.85,-2.94,-0.99,-0.48,-0.36,-0.18,0.02,0.19,0.35
-36.18,-36.56,-36.51,-36.58,-36.54,-35.97,-35.45,-35.08,-34.11,-33.03,-32.36,-31.58,-31.08,-31.11,-30.94,-29.50,-28.91,-28.28,-27.68,-27.06,-26.33,-25.27,-25.04,-23.95,-22.55,-21.07,-19.65,-18.70,-18.35,-17.47,-15.99,-15.70,-14.54,-13.39,-12.20,-11.45,-10.73,-9.89,-8.91,-8.14,-7.86,-7.69,-7.16,-6.47,-5.89,-5.11,-4.39,-3.55,-3.01,-2.62,-1.75,-0.94,-0.77,-0.81,-0.87,-1.40,-1.71,-1.66,-1.62,-1.93,-2.18,-2.31,-2.56,-2.51,-2.51,-2.76,-2.86,-2.86,-2.78,-2.90,-3.03,-3.10,-3.22,-3.22,-3.23,-3.45,-3.58,-3.70,-3.74,-3.79,-3.72,-3.81,-3.61,-3.67,-3.41,-3.54,-3.90,-3.58,-3.72,-3.50,-3.62,-3.62,-3.62,-3.63,-3.68,-3.41,-3.28,-3.35,-3.37,-3.30,-3.17,-3.30,-3.57,-3.48,-3.61,-3.76,-4.03,-5.08,-11.10,-18.44,-22.95,-23.48,-23.15,-21.05,-19.78,-17.75,-15.56,-14.09,-13.66,-14.05,-14.06,-14.33,-13.88,-12.69,-11.98,-12.76,-14.09,-15.35,-16.62,-18.17,-20.25,-22.87,-25.71,-27.73,-30.45,-32.65,-33.88,-34.59,-35.14,-35.31,-34.92,-34.98,-35.31,-35.16,-34.96,-34.43,-33.32,-31.95,-27.86,-21.66,-13.53,-6.43,-2.08,-0.81,-0.26,0.05,0.09,0.10,0.30,0.46
-35.80,-36.14,-36.35,-36.26,-35.97,-35.14,-34.31,-33.46,-30.43,-27.42,-25.20,-23.97,-23.51,-23.37,-22.83,-21.56,-20.33,-19.36,-18.65,-17.88,-16.77,-15.84,-15.17,-14.31,-12.84,-11.29,-10.28,-9.65,-8.88,-7.93,-7.41,-6.93,-6.58,-6.08,-5.79,-5.33,-4.94,-4.69,-4.27,-4.00,-4.19,-4.00,-3.66,-3.08,-2.60,-2.17,-1.67,-1.38,-1.18,-1.24,-1.46,-1.53,-1.72,-1.52,-1.12,-1.45,-1.48,-1.61,-1.51,-1.89,-2.10,-2.17,-2.62,-2.68,-2.79,-2.78,-2.82,-3.01,-2.96,-2.96,-3.01,-2.91,-3.08,-3.23,-3.08,-3.31,-3.46,-3.66,-3.71,-3.87,-3.80,-3.80,-3.52,-3.45,-3.36,-3.43,-3.62,-3.48,-3.50,-3.45,-3.68,-3.70,-3.70,-3.66,-3.67,-3.33,-3.05,-3.15,-3.24,-3.23,-3.10,-3.21,-3.49,-3.41,-3.40,-3.63,-3.98,-4.49,-8.03,-13.50,-18.58,-20.24,-19.64,-18.57,-18.08,-17.06,-14.46,-12.01,-11.00,-10.92,-11.28,-11.58,-11.16,-10.42,-10.31,-11.13,-12.10,-13.42,-15.02,-16.89,-19.20,-21.78,-24.73,-26.79,-29.39,-31.33,-32.53,-33.64,-34.39,-34.45,-34.33,-34.31,-34.65,-34.47,-34.25,-33.72,-32.59,-30.60,-26.29,-19.35,-11.22,-4.85,-1.41,-0.58,0.08,0.08,0.14,0.28,0.42,0.57
-35.12,-35.23,-35.39,-35.49,-35.02,-33.34,-30.43,-26.70,-22.50,-18.58,-16.45,-15.24,-14.63,-14.66,-13.69,-12.88,-11.84,-10.98,-10.28,-9.48,-8.56,-7.88,-7.69,-7.28,-6.35,-5.33,-4.66,-4.47,-4.40,-3.98,-3.90,-4.02,-3.62,-3.28,-3.08,-3.12,-2.97,-2.67,-2.70,-2.65,-2.95,-2.54,-2.62,-2.27,-1.70,-1.42,-1.06,-0.98,-1.11,-1.41,-1.91,-2.04,-2.35,-2.22,-1.64,-1.78,-1.18,-1.60,-1.83,-2.03,-2.21,-2.28,-2.78,-2.86,-2.85,-2.79,-2.79,-2.82,-2.99,-3.31,-3.45,-3.33,-3.32,-3.41,-3.23,-3.24,-3.41,-3.50,-3.58,-3.88,-3.66,-3.55,-3.33,-3.35,-3.22,-3.46,-3.67,-3.36,-3.26,-3.40,-3.72,-3.71,-3.58,-3.66,-3.68,-3.26,-3.00,-3.14,-3.19,-3.19,-3.05,-3.05,-3.27,-3.17,-3.12,-3.31,-3.45,-3.71,-5.45,-9.31,-14.66,-16.52,-16.19,-15.17,-15.35,-14.60,-13.09,-11.06,-9.15,-8.56,-8.88,-9.66,-9.48,-9.45,-9.73,-10.10,-11.00,-12.33,-13.91,-16.11,-18.68,-20.90,-23.37,-25.22,-27.90,-30.24,-31.79,-32.97,-33.66,-33.82,-33.68,-33.94,-33.86,-33.76,-33.48,-33.06,-31.89,-29.04,-24.47,-16.65,-8.74,-3.48,-1.03,-0.33,0.08,0.08,0.39,0.45,0.39,0.58
-35.12,-35.27,-33.92,-33.01,-31.27,-28.12,-23.73,-19.11,-14.69,-11.86,-10.17,-8.92,-7.96,-7.96,-7.06,-6.56,-6.05,-5.53,-5.03,-4.68,-4.44,-4.20,-4.10,-3.76,-3.26,-2.87,-2.91,-2.99,-2.53,-2.82,-2.49,-2.79,-2.77,-2.64,-2.37,-2.30,-2.37,-2.27,-2.16,-2.37,-2.16,-1.79,-2.07,-1.97,-1.55,-1.43,-1.28,-1.30,-1.48,-1.75,-2.07,-2.19,-2.47,-2.55,-2.21,-2.47,-2.19,-2.31,-2.33,-2.41,-2.58,-2.70,-3.06,-3.06,-2.79,-2.85,-2.87,-2.91,-3.17,-3.28,-3.26,-3.27,-3.27,-3.10,-2.92,-3.06,-3.31,-3.41,-3.55,-3.45,-3.45,-3.61,-3.28,-3.10,-3.21,-3.27,-3.55,-3.17,-3.44,-3.50,-3.35,-3.44,-3.27,-3.31,-3.32,-2.92,-2.73,-2.85,-2.83,-2.82,-2.72,-2.68,-2.83,-2.73,-2.47,-2.53,-2.50,-2.53,-3.65,-6.80,-10.99,-12.41,-12.18,-12.75,-12.79,-12.39,-11.69,-10.27,-9.05,-8.43,-8.15,-9.38,-9.79,-9.75,-9.56,-9.55,-10.39,-11.46,-12.97,-15.29,-17.84,-19.90,-21.86,-23.82,-26.56,-29.15,-30.90,-32.24,-33.06,-33.32,-33.34,-33.38,-33.62,-33.30,-33.03,-32.63,-31.06,-27.35,-22.34,-13.99,-6.80,-2.63,-0.86,-0.34,-0.01,0.08,0.49,0.55,0.50,0.63
-33.01,-32.67,-30.67,-27.91,-24.40,-20.38,-16.17,-12.23,-9.34,-7.51,-6.51,-5.67,-4.69,-4.32,-3.85,-3.77,-3.43,-3.12,-3.01,-2.87,-3.03,-2.90,-2.72,-2.69,-2.82,-2.79,-2.70,-2.77,-2.41,-2.67,-2.42,-2.79,-2.53,-2.59,-2.45,-2.21,-2.28,-2.32,-2.09,-2.42,-1.90,-1.85,-2.18,-1.97,-1.74,-1.72,-1.78,-1.94,-2.14,-2.24,-2.41,-2.47,-2.51,-2.62,-2.40,-2.68,-2.46,-2.53,-2.37,-2.67,-2.54,-2.69,-2.73,-2.94,-3.05,-2.88,-2.85,-2.86,-3.17,-3.31,-3.27,-3.17,-2.96,-3.09,-3.09,-3.04,-3.18,-3.44,-3.30,-3.27,-3.46,-3.62,-3.39,-2.91,-3.10,-2.91,-3.13,-2.74,-3.19,-2.88,-2.81,-3.03,-2.60,-2.55,-2.60,-2.22,-2.05,-2.09,-2.04,-1.99,-1.89,-1.79,-1.84,-1.69,-1.30,-1.35,-1.27,-1.31,-2.37,-5.37,-9.10,-10.24,-10.65,-11.15,-10.85,-10.99,-10.39,-9.38,-8.69,-8.08,-8.11,-9.35,-9.82,-9.73,-9.49,-9.12,-9.97,-10.82,-12.36,-14.46,-16.54,-18.33,-20.17,-22.50,-25.29,-27.93,-29.65,-31.34,-32.53,-32.83,-32.61,-32.67,-33.08,-33.01,-32.45,-31.69,-29.78,-25.89,-20.53,-11.88,-5.41,-1.94,-0.66,-0.43,0.02,0.08,0.44,0.60,0.56,0.52
-30.88,-28.72,-24.90,-20.63,-16.77,-13.42,-10.38,-7.66,-6.16,-5.14,-4.53,-4.11,-3.48,-2.97,-2.64,-2.78,-2.77,-2.56,-2.40,-2.64,-2.68,-2.58,-2.62,-2.67,-2.68,-2.76,-2.79,-2.53,-2.33,-2.65,-2.39,-2.59,-2.51,-2.47,-2.44,-2.27,-2.28,-2.37,-2.21,-2.27,-2.10,-2.30,-2.60,-2.37,-2.28,-2.17,-2.24,-2.42,-2.55,-2.70,-2.78,-2.81,-2.63,-2.81,-2.77,-3.08,-3.04,-2.96,-2.56,-2.91,-2.44,-2.74,-2.77,-2.94,-3.12,-2.95,-3.05,-3.03,-3.10,-3.24,-3.03,-3.03,-3.23,-3.01,-2.72,-2.68,-3.00,-2.83,-3.14,-3.14,-2.82,-2.83,-2.83,-2.58,-2.37,-2.23,-2.18,-1.83,-2.41,-2.00,-1.94,-2.03,-1.59,-1.33,-1.32,-0.92,-0.69,-0.71,-0.66,-0.53,-0.29,-0.21,-0.27,-0.13,-0.02,-0.20,-0.23,-0.47,-1.28,-4.15,-7.82,-9.42,-10.18,-10.24,-9.93,-10.38,-10.00,-9.34,-8.61,-8.23,-9.20,-10.65,-10.83,-10.48,-9.37,-8.29,-9.22,-10.34,-12.02,-13.56,-14.90,-16.40,-18.19,-21.07,-24.09,-26.90,-28.89,-30.77,-32.12,-32.65,-32.69,-32.67,-32.81,-32.53,-31.69,-30.60,-28.43,-24.21,-17.75,-9.73,-3.76,-1.12,-0.42,-0.28,0.07,0.14,0.44,0.58,0.58,0.61
-24.87,-21.71,-17.86,-14.16,-11.10,-8.79,-6.87,-5.33,-4.43,-3.94,-3.65,-3.28,-2.86,-2.83,-2.79,-2.97,-3.04,-2.97,-2.99,-2.68,-2.88,-2.82,-2.62,-2.56,-2.59,-2.58,-2.62,-2.74,-2.41,-2.49,-2.44,-2.50,-2.58,-2.65,-2.63,-2.45,-2.33,-2.45,-2.31,-2.23,-2.39,-2.39,-2.50,-2.54,-2.56,-2.47,-2.55,-2.69,-2.76,-2.91,-2.92,-2.86,-2.88,-2.90,-2.88,-3.10,-2.81,-2.73,-2.65,-2.56,-2.55,-2.60,-2.58,-2.72,-2.47,-2.45,-2.69,-2.69,-2.44,-2.37,-2.37,-2.35,-2.45,-2.19,-1.84,-1.75,-1.80,-1.91,-1.94,-2.04,-1.83,-1.47,-1.16,-0.91,-0.62,-0.64,-0.46,0.09,-0.83,-0.31,-0.05,0.02,0.19,0.36,0.68,0.84,0.85,0.72,0.61,0.69,0.87,0.80,0.62,0.65,0.53,0.25,0.09,-0.06,-0.64,-3.19,-6.66,-8.52,-10.01,-10.44,-9.69,-10.20,-10.18,-9.76,-8.83,-8.55,-9.65,-10.20,-9.40,-8.69,-8.36,-8.21,-9.48,-10.83,-11.89,-12.69,-13.65,-14.90,-16.69,-19.81,-22.90,-25.76,-28.08,-29.99,-31.34,-32.06,-32.34,-32.45,-32.39,-31.81,-30.85,-29.75,-27.15,-22.33,-15.74,-6.95,-2.39,-0.74,-0.26,-0.02,0.20,0.26,0.46,0.52,0.62,0.77
-17.83,-14.70,-12.12,-9.84,-7.90,-6.39,-5.11,-4.17,-3.61,-3.24,-3.09,-3.03,-2.68,-2.65,-2.62,-2.77,-2.82,-2.74,-2.73,-2.68,-2.54,-2.54,-2.63,-2.60,-2.69,-2.82,-2.63,-2.54,-2.50,-2.70,-2.58,-2.47,-2.54,-2.67,-2.74,-2.63,-2.49,-2.56,-2.40,-2.47,-2.62,-2.40,-2.40,-2.56,-2.55,-2.39,-2.45,-2.56,-2.55,-2.72,-2.60,-2.40,-2.60,-2.72,-2.56,-2.53,-2.31,-2.14,-1.84,-1.94,-1.93,-1.65,-1.61,-1.65,-1.59,-1.50,-1.28,-1.36,-1.11,-0.79,-0.67,-0.42,-0.54,-0.39,-0.02,-0.10,-0.08,0.14,0.04,0.28,0.50,0.50,0.85,0.94,1.05,1.12,1.00,1.55,1.32,1.73,2.11,1.61,1.53,1.48,1.33,1.37,1.23,0.87,0.68,0.61,0.45,0.31,0.31,0.40,0.45,0.29,0.10,0.05,-0.71,-3.39,-6.76,-7.93,-9.42,-9.97,-8.95,-9.62,-10.11,-9.55,-8.41,-8.11,-8.72,-8.91,-8.26,-7.85,-8.21,-7.99,-9.30,-9.97,-10.98,-11.94,-12.88,-14.03,-15.70,-18.17,-21.18,-24.11,-26.83,-29.13,-30.60,-31.33,-31.63,-31.77,-31.46,-31.06,-30.22,-29.15,-25.90,-20.22,-13.26,-5.59,-1.65,-0.61,-0.44,-0.18,0.26,0.29,0.44,0.49,0.63,0.78
-12.26,-9.91,-8.41,-7.22,-6.17,-5.28,-4.22,-3.48,-3.19,-3.06,-2.96,-3.01,-2.95,-2.59,-2.67,-2.78,-2.76,-2.63,-2.65,-2.68,-2.55,-2.53,-2.63,-2.60,-2.60,-2.79,-2.70,-2.47,-2.49,-2.65,-2.65,-2.39,-2.42,-2.50,-2.44,-2.46,-2.49,-2.50,-2.37,-2.17,-2.18,-2.17,-2.10,-1.97,-1.80,-1.64,-1.69,-1.81,-1.65,-1.55,-1.33,-1.22,-1.51,-1.40,-1.32,-0.91,-0.93,-0.44,-0.16,-0.32,-0.20,0.21,0.31,0.60,0.73,0.57,0.87,1.09,1.15,1.34,1.34,1.32,1.29,1.27,1.29,1.10,1.16,1.10,0.71,0.96,0.90,0.80,1.00,1.28,1.34,1.44,1.62,1.93,1.70,1.60,1.56,1.56,1.62,1.42,1.76,1.65,1.27,0.84,0.71,0.71,0.66,0.52,0.49,0.53,0.47,0.36,0.26,-0.07,-1.13,-4.28,-7.24,-7.74,-8.48,-8.83,-8.07,-8.95,-10.01,-9.29,-7.75,-7.17,-7.56,-7.90,-7.86,-7.80,-7.95,-8.33,-9.66,-10.35,-10.88,-11.95,-12.90,-13.67,-14.91,-16.76,-19.40,-22.90,-26.15,-28.83,-30.37,-30.94,-31.17,-31.15,-30.65,-30.31,-29.71,-28.13,-24.04,-17.64,-10.38,-4.11,-1.40,-0.53,-0.24,-0.05,0.20,0.42,0.25,0.51,0.63,0.67
-8.39,-7.28,-6.24,-5.43,-4.90,-4.43,-3.36,-3.14,-2.90,-2.83,-2.92,-2.76,-2.78,-2.94,-2.95,-2.92,-2.79,-2.54,-2.60,-2.44,-2.39,-2.33,-2.49,-2.47,-2.23,-2.21,-2.30,-2.33,-2.24,-2.17,-2.22,-2.16,-2.21,-2.18,-1.94,-1.83,-1.83,-1.83,-1.64,-1.33,-1.24,-1.17,-0.96,-0.93,-0.93,-0.71,-0.43,-0.33,-0.34,-0.33,0.03,0.13,0.50,0.35,0.40,0.93,1.32,1.76,1.79,1.87,1.94,2.31,2.32,2.28,2.36,2.28,2.29,2.06,1.64,1.51,1.57,1.44,1.18,1.15,1.04,0.88,1.06,1.03,1.04,1.04,0.99,1.04,1.20,1.27,1.28,1.34,1.42,1.79,1.67,1.49,1.20,0.92,0.80,0.74,0.99,1.10,0.84,0.56,0.37,0.16,-0.01,-0.06,0.08,0.20,-0.06,-0.32,-0.15,-0.32,-1.31,-4.13,-6.68,-7.35,-8.27,-8.52,-8.11,-8.69,-9.87,-9.54,-8.19,-7.05,-6.93,-7.54,-7.80,-7.89,-8.06,-8.55,-9.89,-9.90,-10.55,-11.53,-12.52,-13.53,-14.64,-16.25,-18.46,-21.79,-25.39,-28.19,-29.92,-30.48,-30.71,-30.71,-30.27,-29.73,-28.98,-26.79,-21.63,-14.55,-7.73,-2.86,-0.73,-0.43,-0.03,0.18,0.16,0.56,0.56,0.73,0.60,0.52
-5.99,-5.40,-4.87,-4.32,-3.92,-3.48,-2.78,-2.65,-2.37,-2.31,-2.51,-2.28,-2.07,-2.31,-2.44,-2.46,-2.41,-2.18,-1.91,-1.95,-1.83,-1.79,-1.90,-1.86,-1.52,-1.14,-1.36,-1.46,-1.42,-1.21,-1.09,-1.26,-1.32,-1.09,-0.79,-0.51,-0.42,-0.53,-0.18,0.02,-0.10,0.26,0.41,0.39,0.46,0.76,0.98,0.82,0.90,1.16,1.26,1.61,1.94,2.07,2.07,2.08,2.05,2.18,2.18,2.18,2.24,2.54,2.73,2.67,2.53,2.41,2.51,2.29,1.62,1.33,1.36,1.33,1.06,0.87,0.85,0.92,0.92,0.63,0.40,0.55,0.57,0.45,0.69,0.65,0.80,0.90,1.29,1.51,1.43,1.06,0.92,0.51,0.71,0.65,0.87,0.94,0.57,0.13,-0.07,-0.06,-0.11,-0.17,-0.10,-0.02,-0.11,-0.29,-0.46,-0.58,-1.21,-3.77,-7.02,-7.84,-8.08,-8.40,-8.44,-8.54,-10.11,-10.51,-9.20,-7.22,-6.55,-7.29,-7.74,-7.90,-8.14,-8.87,-10.00,-9.47,-10.35,-11.39,-12.47,-13.66,-15.00,-16.54,-18.36,-21.33,-23.95,-26.97,-28.93,-29.86,-30.12,-30.14,-29.99,-29.32,-28.12,-25.20,-19.08,-11.59,-5.28,-1.98,-0.53,-0.33,-0.22,-0.34,-0.32,0.26,0.55,0.53,0.32,0.41
-4.53,-3.74,-3.40,-3.36,-3.10,-2.90,-2.40,-2.10,-1.80,-1.47,-1.27,-1.46,-1.45,-1.46,-1.47,-1.48,-1.35,-1.03,-1.02,-0.92,-0.86,-0.64,-0.68,-0.73,-0.34,0.20,0.14,0.05,0.04,0.37,0.41,0.37,0.36,0.45,0.83,1.15,1.10,1.33,1.23,1.15,1.27,1.34,1.33,1.36,1.20,1.17,1.23,0.69,0.55,0.92,1.27,1.54,2.07,2.26,1.96,2.03,2.24,2.10,2.22,1.99,2.11,2.20,2.19,2.08,1.85,1.79,1.77,1.57,1.26,0.96,0.88,0.87,0.67,0.52,0.58,0.52,0.62,0.51,0.19,0.32,0.41,0.16,0.46,0.45,0.56,0.49,1.17,1.40,1.26,0.80,0.84,0.41,0.57,0.66,0.87,0.71,0.25,-0.07,-0.18,-0.28,-0.23,-0.32,-0.47,-0.39,-0.23,-0.24,-0.46,-0.59,-1.16,-3.46,-7.09,-8.03,-7.65,-7.89,-8.27,-8.63,-10.92,-11.53,-9.55,-6.95,-6.40,-7.50,-8.00,-7.65,-7.77,-8.92,-9.06,-8.73,-9.77,-11.10,-12.26,-13.34,-14.46,-15.90,-17.91,-19.78,-21.83,-25.22,-27.62,-29.07,-29.60,-29.58,-29.41,-28.85,-27.19,-23.77,-17.11,-9.51,-3.76,-1.19,-0.43,-0.26,-0.39,-0.61,-0.49,0.14,0.50,0.34,0.29,0.52
-2.68,-2.30,-2.02,-1.75,-1.84,-1.86,-1.24,-0.81,-0.46,-0.31,-0.38,-0.18,-0.15,-0.26,-0.24,-0.21,-0.15,0.21,0.26,0.41,0.55,0.78,0.74,0.56,0.94,1.40,1.59,1.28,1.29,1.48,1.36,1.27,1.44,1.54,1.42,1.29,1.05,1.06,1.32,0.79,0.98,0.90,0.90,0.90,0.96,1.22,1.29,0.88,0.69,1.21,0.99,1.53,1.64,1.46,1.60,1.74,1.83,1.64,2.01,1.82,1.83,1.76,1.79,1.76,1.70,1.66,1.46,1.29,1.07,0.72,0.53,0.57,0.63,0.46,0.44,0.41,0.42,0.37,0.04,0.11,0.10,0.04,0.35,0.47,0.65,0.55,1.20,1.36,0.80,0.29,0.30,-0.21,-0.29,-0.21,0.35,0.44,0.28,-0.02,-0.08,-0.18,-0.21,-0.23,-0.27,-0.31,-0.33,-0.29,-0.39,-0.59,-1.28,-3.81,-6.76,-7.58,-8.12,-8.10,-8.36,-8.99,-10.62,-11.46,-9.30,-6.44,-6.20,-7.82,-8.22,-7.29,-7.48,-8.56,-8.22,-8.45,-9.47,-10.65,-11.71,-12.81,-14.09,-15.67,-17.53,-19.69,-21.50,-24.51,-26.61,-28.28,-28.98,-28.93,-28.69,-28.17,-26.28,-23.05,-16.06,-8.59,-3.13,-0.64,-0.41,-0.26,-0.52,-0.76,-0.53,0.10,0.42,0.42,0.41,0.53
-1.52,-1.06,-0.61,-0.20,-0.10,-0.06,0.41,0.67,0.89,1.01,0.79,0.94,0.71,0.73,0.74,0.73,0.76,1.00,1.15,1.26,1.43,1.53,1.48,1.45,1.59,1.83,1.46,1.17,1.16,1.07,1.06,1.01,1.03,1.33,1.51,1.29,1.33,0.47,0.82,0.63,0.78,0.77,0.85,0.94,0.99,1.17,1.27,0.85,0.39,0.62,0.69,0.99,1.21,1.10,1.50,1.42,1.51,1.44,1.67,1.60,1.56,1.50,1.57,1.46,1.38,1.25,1.01,1.09,1.04,0.58,0.31,0.36,0.49,0.34,0.36,0.36,0.30,0.21,-0.03,0.11,0.05,-0.01,0.42,0.41,0.57,0.40,0.78,1.07,0.25,-0.76,-1.02,-1.69,-2.00,-1.64,-0.26,0.19,-0.06,-0.44,-0.36,-0.42,-0.41,-0.33,-0.52,-0.61,-0.48,-0.46,-0.64,-0.82,-1.21,-3.80,-7.50,-7.81,-7.47,-7.96,-8.30,-8.99,-9.24,-10.06,-8.34,-5.68,-5.44,-7.03,-7.54,-7.01,-7.65,-8.43,-7.77,-8.34,-9.66,-10.34,-11.55,-13.31,-15.36,-17.58,-19.67,-21.55,-22.93,-24.66,-26.56,-27.71,-28.06,-28.17,-28.08,-27.44,-26.38,-22.66,-16.13,-8.84,-3.28,-0.71,-0.49,-0.39,-0.73,-0.82,-0.43,0.13,0.26,0.51,0.57,0.56
0.19,0.51,0.83,1.05,1.03,1.14,1.27,1.43,1.53,1.50,1.28,1.34,1.23,1.20,1.10,0.98,1.07,1.16,1.11,1.21,1.21,1.21,1.33,1.45,1.64,1.77,1.66,1.37,1.09,0.80,0.78,0.77,0.62,0.84,1.32,1.03,0.87,0.57,0.68,0.49,0.36,0.61,0.65,0.58,0.61,0.60,0.63,0.56,0.26,0.32,0.56,0.89,1.09,1.10,1.34,1.17,1.01,0.96,1.22,1.26,1.27,1.18,0.98,0.77,0.51,0.07,-0.15,0.34,0.68,0.34,0.13,0.18,0.30,0.15,0.13,0.24,0.10,0.08,-0.12,0.00,-0.03,-0.27,0.11,0.20,0.44,0.23,0.63,0.87,-0.38,-1.52,-2.00,-2.51,-2.67,-2.31,-0.63,-0.11,-0.24,-0.54,-0.34,-0.28,-0.38,-0.57,-0.71,-0.64,-0.51,-0.62,-0.74,-0.71,-1.56,-4.19,-7.86,-8.34,-7.69,-8.41,-8.45,-8.17,-8.33,-8.12,-6.41,-4.65,-4.56,-5.61,-6.23,-6.53,-7.74,-8.54,-7.52,-8.56,-9.90,-10.54,-12.74,-15.52,-18.19,-20.84,-23.12,-24.44,-25.10,-26.17,-27.03,-27.39,-27.42,-27.46,-27.44,-26.88,-25.25,-22.90,-17.41,-10.73,-5.03,-1.56,-0.66,-0.64,-0.74,-0.81,-0.52,0.00,0.20,0.42,0.46,0.56
0.80,1.07,1.18,1.29,1.32,1.38,1.51,1.57,1.61,1.59,1.43,1.26,1.34,1.23,1.04,0.93,0.96,0.83,0.98,1.03,1.01,1.00,1.10,1.34,1.48,1.43,1.38,1.04,0.93,0.78,0.63,0.68,0.83,0.92,1.07,0.90,0.71,0.65,0.28,0.20,0.21,0.28,0.41,0.53,0.60,0.49,0.53,0.35,0.08,0.19,0.50,0.74,0.84,0.71,0.31,0.03,-0.38,-0.38,0.45,0.96,1.05,0.77,-0.05,-0.58,-0.84,-1.21,-1.16,-0.38,0.32,0.25,0.05,0.15,0.25,0.03,-0.01,0.23,0.09,0.03,-0.29,-0.16,0.02,-0.31,-0.15,-0.02,0.24,0.14,0.56,0.73,-0.66,-1.74,-2.36,-2.73,-2.74,-2.53,-0.96,-0.10,-0.16,-0.56,-0.44,-0.31,-0.26,-0.38,-0.67,-0.71,-0.54,-0.56,-0.69,-0.73,-1.28,-3.57,-7.93,-9.41,-8.29,-8.62,-8.69,-7.96,-7.89,-7.37,-5.72,-4.11,-3.93,-4.94,-5.65,-6.21,-7.90,-8.56,-7.66,-8.55,-9.89,-11.33,-14.24,-17.58,-20.28,-22.33,-24.04,-25.39,-25.85,-25.82,-26.15,-26.38,-26.29,-26.51,-26.88,-26.61,-25.53,-23.48,-19.16,-13.50,-7.63,-2.96,-0.94,-0.57,-0.47,-0.79,-0.71,-0.15,0.23,0.35,0.56,0.98
0.80,1.14,1.32,1.44,1.54,1.51,1.49,1.54,1.57,1.61,1.55,1.21,1.11,0.96,0.89,0.92,0.78,0.72,0.94,1.00,0.89,0.77,0.87,1.07,1.15,1.28,1.29,0.87,0.60,0.46,0.39,0.24,0.20,0.68,0.72,0.56,0.28,-0.11,-0.64,-0.72,-0.49,-0.22,0.07,0.24,0.16,0.10,0.31,0.14,-0.05,0.03,0.23,0.45,0.57,0.32,-0.89,-1.43,-1.85,-1.48,-0.34,0.52,0.88,0.60,-0.57,-1.52,-1.79,-1.81,-1.55,-0.64,0.25,0.20,-0.02,0.02,0.13,-0.03,-0.05,0.11,-0.08,-0.18,-0.41,-0.29,-0.12,-0.27,-0.11,-0.13,0.04,0.02,0.41,0.60,-0.68,-1.84,-2.51,-2.72,-2.82,-2.47,-1.27,-0.16,-0.20,-0.54,-0.56,-0.31,-0.21,-0.32,-0.66,-0.73,-0.58,-0.69,-0.78,-0.72,-1.26,-3.54,-7.85,-9.02,-7.54,-8.56,-8.48,-7.99,-8.12,-7.99,-6.64,-4.43,-3.66,-4.61,-5.64,-6.70,-8.66,-8.67,-7.84,-8.32,-10.25,-11.97,-14.69,-17.25,-19.19,-20.74,-22.39,-24.25,-24.89,-25.15,-25.31,-24.96,-24.80,-25.18,-25.60,-25.60,-25.17,-24.04,-20.99,-16.14,-9.89,-4.18,-1.32,-0.46,-0.33,-0.73,-0.77,-0.28,0.30,0.61,1.03,1.42
0.87,1.25,1.46,1.42,1.59,1.54,1.43,1.46,1.56,1.44,1.33,1.17,0.99,0.73,0.55,0.61,0.60,0.63,0.82,0.80,0.76,0.71,0.56,0.61,0.71,1.00,1.07,0.45,-0.07,-0.36,-0.51,-0.53,-0.34,0.32,0.63,0.37,-0.18,-0.79,-1.11,-1.16,-0.96,-0.54,-0.06,0.11,-0.02,0.07,0.23,0.02,-0.03,-0.07,0.23,0.52,0.56,-0.12,-1.74,-2.21,-2.31,-1.83,-0.89,0.23,0.74,0.49,-0.71,-1.75,-2.07,-2.08,-1.86,-0.96,0.13,0.13,-0.08,-0.15,-0.05,-0.10,-0.02,-0.05,-0.18,-0.33,-0.42,-0.24,-0.26,-0.26,0.02,-0.08,0.00,0.05,0.16,0.53,-0.62,-1.94,-2.56,-2.82,-3.00,-2.68,-1.83,-0.15,-0.03,-0.32,-0.36,-0.33,-0.24,-0.28,-0.37,-0.23,-0.27,-0.54,-0.56,-0.59,-1.21,-3.79,-8.47,-8.47,-7.70,-8.17,-8.50,-7.88,-7.74,-8.43,-7.17,-4.85,-3.50,-3.93,-5.04,-6.56,-8.66,-8.51,-7.70,-8.95,-11.03,-12.33,-14.46,-15.90,-17.13,-18.71,-20.72,-22.70,-23.68,-23.73,-22.68,-21.25,-21.36,-22.39,-23.37,-23.85,-24.14,-23.20,-20.71,-17.19,-11.38,-5.23,-1.75,-0.54,-0.51,-0.89,-0.94,-0.37,0.60,1.09,1.34,1.59
0.72,1.18,1.54,1.15,1.33,1.37,1.31,1.38,1.46,1.14,0.94,0.98,0.90,0.63,0.36,0.32,0.11,0.51,0.56,0.57,0.58,0.66,0.83,0.80,1.01,1.05,0.92,0.16,-0.44,-0.52,-0.56,-0.82,-0.68,0.03,0.55,0.14,-0.59,-1.32,-1.53,-1.55,-1.41,-0.94,-0.37,-0.10,-0.11,0.00,0.15,0.05,-0.08,-0.10,0.25,0.51,0.46,-0.78,-2.13,-2.49,-2.39,-2.00,-1.14,0.16,0.69,0.15,-1.09,-1.88,-2.07,-2.28,-2.13,-1.21,0.00,0.18,-0.08,-0.07,-0.06,-0.10,-0.02,-0.05,-0.01,-0.22,-0.37,-0.13,-0.21,-0.37,0.08,-0.15,0.09,0.14,0.09,0.57,-0.22,-1.40,-2.21,-2.65,-2.54,-2.37,-1.74,-0.23,0.25,-0.02,-0.24,-0.26,-0.12,0.00,0.11,0.23,0.14,0.03,0.04,-0.17,-0.84,-3.05,-6.93,-8.59,-8.54,-8.54,-8.43,-9.06,-8.26,-9.45,-7.41,-4.39,-3.00,-3.63,-4.82,-6.28,-7.90,-7.69,-7.63,-10.14,-11.72,-12.97,-14.19,-15.15,-15.99,-17.41,-19.25,-20.63,-21.12,-20.25,-18.54,-16.82,-17.41,-19.20,-20.79,-21.41,-20.95,-20.50,-19.03,-16.20,-10.69,-4.99,-1.86,-0.59,-0.21,-0.46,-0.42,0.24,1.10,1.26,1.39,1.66
0.58,1.06,1.48,0.89,0.98,1.15,1.12,1.15,1.26,1.07,0.49,0.57,0.69,0.51,0.31,0.52,0.16,0.30,0.41,0.45,0.44,0.42,0.47,0.39,0.74,1.12,0.79,0.08,-0.61,-0.91,-0.92,-0.98,-0.83,-0.32,0.24,-0.08,-0.87,-1.56,-1.61,-1.67,-1.65,-1.30,-0.66,-0.17,-0.15,-0.13,0.10,0.13,-0.17,-0.01,0.15,0.42,0.19,-1.13,-1.95,-2.49,-2.46,-2.02,-1.22,0.09,0.74,0.04,-1.14,-1.76,-2.02,-2.30,-2.19,-1.31,0.03,0.31,-0.06,-0.05,0.02,0.02,0.03,0.07,-0.03,-0.20,-0.24,-0.28,-0.21,-0.37,0.23,0.13,0.21,0.37,0.39,0.78,0.29,-0.36,-1.06,-1.26,-0.89,-0.81,-0.34,0.36,0.95,0.69,0.49,0.76,0.92,0.99,1.01,1.05,1.04,0.90,0.66,0.36,-0.22,-2.59,-7.13,-8.70,-8.91,-8.91,-9.20,-11.19,-8.83,-8.30,-6.70,-3.97,-2.83,-3.50,-4.96,-6.55,-7.44,-7.36,-8.47,-11.26,-12.75,-12.81,-13.22,-13.73,-14.16,-15.15,-16.28,-16.72,-16.91,-15.41,-14.06,-12.72,-13.94,-16.17,-17.58,-17.50,-16.63,-16.29,-15.62,-13.81,-9.24,-4.27,-1.47,-0.71,-0.03,0.19,0.45,0.94,1.53,1.54,1.61,1.46
0.52,1.03,1.21,0.68,0.71,0.80,0.80,0.78,0.80,0.46,0.41,0.41,0.19,-0.05,-0.11,0.05,-0.02,0.30,0.14,0.20,0.42,0.53,0.56,0.20,0.74,0.92,0.65,-0.08,-0.74,-0.94,-0.94,-1.11,-0.97,-0.38,-0.05,-0.21,-1.07,-1.51,-1.62,-1.67,-1.74,-1.48,-0.83,-0.27,-0.17,-0.21,0.03,0.00,-0.29,-0.05,0.04,0.41,0.15,-0.71,-1.47,-2.28,-2.26,-1.81,-1.21,0.05,0.88,0.39,-0.61,-1.27,-1.62,-1.79,-1.67,-1.07,0.18,0.68,0.20,0.19,0.35,0.49,0.62,0.50,0.39,0.45,0.58,0.40,0.53,0.77,1.26,1.36,1.09,1.46,1.36,1.87,1.43,1.39,1.17,1.25,1.60,1.65,1.95,2.22,2.37,1.96,1.76,1.85,1.83,1.68,1.56,1.61,1.54,1.14,0.78,0.73,0.03,-3.49,-9.24,-10.96,-9.10,-7.70,-8.65,-9.86,-7.99,-6.25,-5.36,-3.48,-2.56,-2.78,-4.28,-5.76,-6.04,-6.87,-8.98,-11.09,-11.72,-11.08,-10.85,-10.83,-10.62,-10.88,-11.23,-11.36,-11.63,-10.24,-9.45,-8.94,-10.55,-12.55,-13.16,-12.44,-11.85,-11.42,-11.32,-9.94,-6.62,-3.21,-1.18,-0.39,0.23,0.42,0.53,0.93,1.45,1.34,1.65,1.37
0.25,0.82,0.95,0.41,0.61,0.60,0.62,0.79,0.89,0.60,0.31,0.32,0.18,-0.01,-0.03,-0.11,-0.15,0.13,0.26,0.30,0.37,0.44,0.29,0.25,0.45,0.63,0.60,-0.02,-0.66,-0.83,-0.87,-1.14,-1.04,-0.41,-0.15,-0.41,-1.24,-1.52,-1.61,-1.65,-1.71,-1.38,-0.71,-0.33,-0.29,-0.26,-0.18,-0.01,-0.18,-0.10,0.02,0.41,0.51,0.14,-0.71,-1.32,-1.23,-0.83,-0.32,0.56,1.15,1.03,0.42,0.04,0.18,0.35,0.41,0.74,1.42,1.62,1.37,1.46,1.56,1.70,1.87,1.60,1.73,1.85,2.06,2.00,1.99,2.03,2.45,2.47,2.32,2.69,2.69,3.13,3.02,3.18,3.18,3.03,3.13,3.03,3.18,3.34,3.07,2.38,2.14,2.12,2.13,1.99,1.82,1.78,1.60,1.18,0.82,0.57,-0.99,-6.13,-12.01,-12.21,-9.87,-7.43,-7.41,-7.74,-7.85,-4.98,-3.88,-2.49,-1.70,-2.13,-3.40,-4.28,-4.60,-5.22,-6.16,-8.43,-9.42,-8.81,-8.07,-6.59,-5.69,-5.63,-6.01,-6.40,-6.40,-5.95,-5.22,-5.40,-6.84,-8.06,-8.14,-7.51,-7.05,-7.13,-7.03,-6.19,-4.18,-2.03,-0.58,-0.03,0.08,0.39,0.71,1.25,1.56,1.05,1.07,0.94
0.18,0.88,1.12,0.72,0.66,0.55,0.45,0.47,0.68,0.77,0.37,0.32,0.16,0.00,0.10,0.09,0.03,0.07,0.18,0.20,0.23,0.37,0.34,0.21,0.49,0.69,0.50,0.02,-0.32,-0.33,-0.39,-0.59,-0.58,-0.26,-0.15,-0.39,-0.87,-1.13,-1.18,-1.14,-1.23,-0.98,-0.34,-0.24,-0.23,-0.26,-0.21,0.47,0.42,0.37,0.61,1.05,1.34,1.29,1.09,1.15,1.34,1.70,1.99,2.35,2.55,2.48,2.52,2.66,2.85,2.98,2.89,2.95,3.26,3.26,2.98,2.98,2.79,2.81,2.81,2.60,2.72,2.60,2.66,2.59,2.66,2.41,2.46,2.59,2.48,2.79,3.07,3.30,3.58,3.70,3.66,3.45,3.25,3.10,3.13,3.21,2.96,2.26,2.03,1.95,1.88,1.79,1.60,1.51,1.42,1.11,0.84,0.51,-1.72,-7.63,-13.78,-13.78,-10.22,-7.07,-6.95,-6.78,-6.24,-3.83,-1.79,-0.71,-0.73,-1.26,-2.32,-2.92,-3.04,-4.09,-4.90,-5.18,-5.61,-5.80,-5.12,-3.35,-2.56,-2.46,-2.79,-3.23,-3.40,-3.52,-2.36,-2.65,-3.55,-3.90,-3.85,-3.53,-3.28,-3.85,-3.48,-3.10,-2.19,-1.04,-0.18,0.14,0.10,0.47,0.78,0.99,1.05,1.04,1.39,1.64
0.36,1.06,0.99,0.47,0.32,0.60,0.76,0.61,0.60,0.85,0.44,0.24,0.31,0.26,-0.12,-0.11,-0.01,0.14,0.18,0.15,0.21,0.31,0.20,0.16,0.29,0.45,0.29,0.03,0.08,0.34,0.30,0.18,0.04,0.07,0.04,-0.08,-0.01,-0.18,-0.34,-0.26,-0.44,-0.52,-0.20,-0.37,-0.21,-0.29,-0.17,0.83,1.31,1.27,1.74,2.37,2.64,2.89,3.38,3.58,3.75,4.04,4.27,4.57,4.65,4.57,4.60,4.67,4.71,4.72,4.55,4.02,3.68,3.43,2.98,2.76,2.70,2.89,2.70,2.52,2.61,2.43,2.58,2.45,2.47,2.32,2.45,2.60,2.40,2.55,2.93,3.09,3.37,3.51,3.34,3.18,3.00,3.02,2.82,2.95,2.72,2.25,2.00,1.87,1.55,1.40,1.12,0.95,0.95,0.90,0.72,0.31,-2.24,-7.90,-11.82,-12.90,-9.66,-6.07,-6.07,-6.62,-5.29,-3.46,-0.89,-0.08,0.05,-0.17,-0.83,-1.24,-1.66,-2.68,-3.24,-3.37,-3.65,-2.96,-2.51,-1.48,-1.19,-1.32,-1.53,-1.81,-2.10,-2.08,-1.16,-1.19,-1.50,-1.36,-1.17,-1.02,-0.97,-1.28,-1.08,-0.83,-0.53,-0.15,0.30,0.66,0.61,0.87,1.22,1.34,1.36,1.49,1.64,2.07
0.37,0.67,0.89,0.88,0.71,0.80,0.80,0.57,0.52,0.58,0.49,0.42,0.35,0.19,0.02,0.08,0.34,0.42,0.28,0.19,0.31,0.37,0.36,0.18,0.19,0.13,0.10,0.07,0.26,0.60,0.58,0.49,0.37,0.28,0.26,0.21,0.42,0.45,0.30,0.25,-0.02,-0.33,-0.33,-0.57,-0.56,-0.41,-0.31,0.78,1.74,1.82,2.41,3.14,3.53,3.71,4.16,4.23,4.33,4.42,4.36,4.38,4.49,4.56,4.54,4.45,4.44,4.35,4.10,3.77,3.60,3.56,2.84,2.46,2.47,2.45,2.38,2.26,2.59,2.37,2.13,2.25,2.07,1.78,2.00,2.16,1.88,2.16,2.53,2.66,2.55,2.81,2.89,2.47,2.34,2.31,2.13,2.41,2.10,1.56,1.16,0.99,0.67,0.37,-0.05,-0.15,-0.26,-0.10,0.20,0.11,-1.43,-5.14,-7.43,-7.63,-5.80,-3.50,-3.48,-3.81,-2.77,-1.64,-0.54,-0.07,0.03,0.25,0.18,-0.27,-0.86,-1.47,-1.65,-1.27,-1.08,-0.87,-0.87,-0.42,-0.58,-0.73,-0.84,-1.04,-1.12,-1.19,-1.01,-0.54,-0.34,-0.01,0.20,0.34,0.52,0.46,0.34,0.60,0.68,0.71,0.87,1.22,1.40,1.56,1.77,1.89,1.99,2.13,2.55,3.03
0.19,0.82,1.00,0.73,0.65,0.78,0.89,0.76,0.61,0.69,0.46,0.46,0.45,0.25,0.11,0.13,0.07,0.24,0.26,0.25,0.34,0.31,0.49,0.13,0.14,0.07,0.25,0.23,0.25,0.52,0.55,0.51,0.61,0.56,0.26,0.32,0.39,0.39,0.36,0.23,-0.05,-0.28,-0.43,-0.49,-0.54,-0.47,-0.27,0.94,1.56,1.88,2.43,2.91,3.47,3.62,3.83,3.89,3.97,3.95,3.89,3.88,3.87,3.82,3.79,3.82,3.77,3.82,3.64,3.51,3.37,3.27,2.65,2.12,1.99,2.10,2.07,1.83,1.91,1.97,1.96,2.10,1.61,1.23,1.43,1.49,1.11,1.04,1.27,1.37,1.36,1.60,1.57,1.21,1.09,0.83,0.74,0.96,0.69,-0.16,-0.96,-1.27,-1.41,-1.59,-1.71,-1.61,-1.61,-0.92,-0.03,0.16,-0.47,-2.32,-3.54,-3.36,-2.41,-1.45,-1.86,-1.81,-1.19,-0.43,-0.28,-0.06,0.18,0.55,0.65,0.20,-0.42,-0.58,-0.12,0.25,-0.11,-0.26,-0.22,0.04,-0.26,-0.22,-0.12,-0.24,-0.41,-0.73,-0.57,-0.01,0.30,0.71,1.12,1.45,1.54,1.22,1.12,1.37,1.34,1.37,1.53,1.72,2.07,2.24,2.31,2.42,2.60,2.89,3.40,3.70
0.08,0.55,0.74,0.60,0.52,0.82,1.04,0.80,0.82,0.79,0.72,0.55,0.37,0.19,-0.11,-0.12,-0.10,0.10,0.16,0.11,0.11,0.11,0.16,0.05,0.03,0.09,0.31,0.31,0.31,0.61,0.69,0.65,0.67,0.79,0.23,0.40,0.42,0.26,0.19,0.05,-0.07,-0.16,-0.51,-0.64,-0.39,-0.61,-0.44,0.76,1.40,2.08,2.84,2.77,2.94,3.00,3.09,3.28,3.30,3.37,3.45,3.43,3.44,3.44,3.27,3.19,3.20,3.04,3.00,2.91,2.81,2.65,1.77,1.60,1.51,1.56,1.26,1.04,0.77,0.72,0.57,0.73,-0.03,-0.26,0.36,0.05,-0.32,-0.58,-0.77,-0.87,-0.94,-0.82,-0.72,-0.99,-1.21,-1.27,-1.19,-1.07,-1.16,-1.85,-2.54,-2.70,-2.50,-2.31,-2.10,-2.07,-1.91,-1.19,-0.26,0.21,-0.17,-1.17,-1.76,-1.83,-0.91,-0.62,-0.92,-1.31,-0.89,-0.23,-0.26,-0.06,0.30,0.52,0.67,0.39,-0.12,-0.08,0.30,0.31,-0.20,-0.28,-0.23,0.08,-0.05,-0.23,-0.39,-0.38,-0.15,-0.05,-0.23,-0.01,0.09,0.74,1.45,1.95,2.03,1.64,1.49,1.76,1.68,1.84,2.11,2.19,2.51,2.73,2.98,3.16,3.35,3.66,3.83,4.11
0.28,0.56,0.55,0.53,0.69,0.90,1.04,1.04,0.94,0.90,0.69,0.45,0.25,0.08,-0.16,-0.15,-0.15,-0.12,-0.01,0.02,-0.13,-0.06,-0.18,-0.08,-0.01,0.07,0.11,0.15,0.31,0.56,0.71,0.67,0.45,0.57,0.24,0.29,0.39,0.24,0.02,-0.11,-0.21,-0.37,-0.61,-0.74,-0.38,-0.59,-0.44,0.60,1.44,1.66,1.88,2.06,2.34,2.28,2.20,2.31,2.31,2.47,2.47,2.29,2.17,2.00,1.80,1.60,1.50,1.36,1.11,1.00,0.85,0.44,-0.53,-0.42,-0.63,-1.09,-1.32,-1.45,-1.91,-1.53,-1.60,-1.85,-1.91,-2.19,-1.24,-1.03,-1.86,-1.40,-1.99,-1.81,-1.98,-1.67,-1.65,-1.64,-1.69,-1.52,-1.46,-1.22,-1.02,-1.66,-1.88,-1.84,-1.62,-1.45,-1.42,-1.33,-1.41,-1.24,-0.31,0.47,0.20,-0.47,-0.83,-0.68,-0.07,-0.20,-0.42,-0.72,-0.76,-0.28,-0.20,0.10,0.26,0.57,0.71,0.28,-0.23,-0.18,0.10,0.10,-0.16,-0.24,-0.37,-0.11,-0.07,0.02,-0.08,-0.29,-0.32,-0.34,-0.51,-0.15,0.10,0.67,1.51,2.13,2.26,2.05,2.11,1.99,2.10,2.22,2.41,2.72,3.02,3.37,3.78,3.85,3.91,4.17,4.08,4.28
0.24,0.32,0.51,0.52,0.69,0.84,0.90,0.95,0.88,0.94,0.60,0.32,0.19,0.02,-0.13,-0.23,-0.29,-0.37,-0.26,-0.10,-0.16,-0.10,-0.27,-0.20,-0.15,-0.08,-0.03,-0.01,0.03,0.11,0.23,0.31,0.47,0.36,0.09,0.02,0.05,0.07,-0.03,-0.08,-0.17,-0.48,-0.61,-0.63,-0.62,-0.81,-0.36,0.57,1.39,1.85,1.70,1.71,1.00,0.61,0.42,0.10,-0.21,-0.42,-0.44,-0.39,-0.67,-1.03,-1.11,-1.13,-1.17,-1.11,-0.99,-1.26,-1.48,-1.48,-1.55,-1.45,-1.56,-1.62,-1.61,-1.16,-1.26,-1.41,-1.52,-1.65,-1.56,-1.41,-1.24,-0.92,-1.11,-0.77,-1.07,-0.89,-0.92,-1.03,-1.14,-1.27,-1.27,-1.33,-1.24,-0.91,-0.82,-1.04,-1.07,-0.98,-0.91,-1.03,-1.06,-0.82,-1.02,-0.97,-0.06,0.72,0.63,0.08,-0.16,-0.17,0.03,-0.11,-0.28,-0.33,-0.48,-0.39,-0.20,0.13,0.18,0.20,0.31,0.14,-0.13,-0.07,0.23,0.31,0.05,-0.03,-0.22,-0.12,-0.17,-0.28,-0.38,-0.41,-0.27,0.03,-0.28,0.24,0.39,0.88,1.61,2.23,2.47,2.31,2.65,2.66,2.57,2.60,2.91,3.45,3.63,4.17,4.37,4.20,4.16,4.38,4.29,4.31
0.21,0.14,0.42,0.42,0.53,0.63,0.67,0.76,0.71,0.66,0.50,0.32,0.19,0.02,-0.28,-0.33,-0.34,-0.29,-0.32,-0.34,-0.23,-0.10,-0.26,-0.21,-0.24,-0.21,-0.11,-0.05,0.08,0.19,0.09,0.34,0.57,0.42,0.03,0.02,-0.13,-0.24,-0.06,-0.02,-0.33,-0.54,-0.64,-0.57,-0.72,-0.79,-0.33,0.73,1.33,1.39,1.12,0.76,-0.61,-1.07,-0.96,-1.35,-1.47,-1.12,-0.78,-0.69,-0.63,-0.59,-0.81,-0.92,-0.89,-0.74,-0.52,-0.68,-0.76,-0.73,-0.88,-0.77,-0.91,-1.09,-0.81,-0.57,-0.97,-1.19,-1.17,-1.11,-0.81,-1.14,-1.18,-1.06,-0.88,-0.74,-0.93,-0.69,-0.78,-0.57,-0.71,-1.13,-1.13,-1.03,-0.91,-0.76,-0.81,-1.02,-1.04,-0.88,-0.71,-0.84,-0.97,-0.88,-0.91,-0.81,-0.11,0.82,1.11,0.79,0.50,0.26,0.44,0.34,0.24,0.08,0.13,-0.07,-0.06,0.04,0.08,0.11,0.18,0.05,-0.06,0.04,-0.02,-0.22,-0.24,-0.20,-0.53,-0.36,-0.26,-0.36,-0.37,-0.11,0.15,0.10,-0.13,-0.17,0.37,1.20,1.91,2.29,2.48,2.89,3.06,3.15,3.19,3.20,3.52,4.04,4.05,4.62,4.61,4.53,4.49,4.49,4.38,4.41
0.07,0.10,0.11,0.25,0.26,0.36,0.52,0.63,0.53,0.35,0.28,0.24,0.14,-0.03,-0.36,-0.17,-0.29,-0.22,-0.16,-0.28,-0.34,-0.06,-0.29,-0.17,-0.26,-0.17,-0.11,-0.11,0.02,0.20,0.14,0.32,0.11,0.11,0.00,-0.12,-0.20,-0.28,-0.31,-0.26,-0.41,-0.72,-0.69,-0.84,-0.82,-0.72,-0.73,0.55,1.21,1.07,1.18,0.32,-0.53,-0.98,-0.88,-0.88,-0.98,-0.93,-0.67,-0.58,-0.61,-0.52,-0.63,-0.49,-0.68,-0.58,-0.58,-0.51,-0.57,-0.67,-0.72,-0.37,-0.67,-0.78,-0.32,-0.57,-0.68,-0.79,-0.89,-0.84,-0.74,-1.07,-0.82,-0.66,-0.68,-0.38,-0.74,-0.56,-0.63,-0.39,-0.59,-0.96,-0.98,-0.71,-0.44,-0.39,-0.43,-0.54,-0.32,-0.20,-0.08,-0.15,-0.24,-0.26,-0.22,-0.06,0.62,1.34,1.61,1.82,1.66,1.53,1.60,1.38,1.25,0.99,1.15,0.94,0.98,0.87,0.79,0.85,0.84,0.76,0.78,0.80,0.56,0.50,0.62,0.74,0.46,0.50,0.45,0.72,0.90,1.05,1.18,0.89,0.84,0.65,0.85,1.32,2.07,2.87,3.35,3.33,3.56,3.63,3.57,3.69,4.08,4.55,4.68,4.82,4.85,4.71,4.61,4.56,4.30,4.48
-0.16,0.00,-0.16,0.10,0.08,0.16,0.51,0.44,0.37,0.36,0.16,0.09,0.11,-0.07,-0.12,-0.16,-0.22,-0.18,-0.17,-0.22,-0.34,0.08,-0.15,-0.23,-0.23,-0.15,-0.07,-0.02,0.16,0.51,0.36,0.26,-0.06,0.04,-0.16,-0.15,-0.08,-0.05,-0.08,-0.12,-0.24,-0.66,-0.51,-0.63,-0.54,-1.01,-0.68,0.65,0.98,0.92,0.45,-0.21,-0.54,-0.69,-0.71,-0.73,-0.68,-0.62,-0.53,-0.47,-0.43,-0.36,-0.37,-0.32,-0.24,-0.43,-0.28,-0.43,-0.52,-0.47,-0.36,-0.37,-0.54,-0.49,-0.29,-0.66,-0.42,-0.29,-0.48,-0.78,-0.39,-0.64,-0.28,-0.05,-0.41,0.02,0.18,-0.01,0.13,0.55,0.40,-0.12,0.29,0.36,0.72,0.90,0.72,0.73,0.93,1.16,1.33,1.40,1.61,1.80,1.72,1.73,2.03,2.05,1.94,2.28,2.43,2.45,2.42,2.34,2.19,1.85,2.14,1.99,2.02,1.85,1.80,1.79,1.71,1.70,1.71,1.57,1.44,1.56,1.56,1.53,1.55,1.65,1.97,4.09,4.71,3.43,2.20,1.87,1.76,1.89,1.76,1.97,2.51,3.03,3.35,3.39,3.60,3.69,3.96,4.29,4.53,4.63,4.61,4.99,4.89,4.84,4.79,4.61,4.31,4.45
-0.36,-0.16,-0.20,-0.08,-0.05,0.09,0.34,0.15,0.34,0.36,0.26,0.16,0.14,0.03,-0.01,-0.22,-0.02,0.00,-0.06,0.02,0.02,0.14,0.09,0.18,-0.07,0.03,0.14,0.02,0.08,0.49,0.65,0.53,0.36,0.32,0.16,0.20,0.07,-0.03,0.09,0.28,0.08,-0.47,-0.61,-0.72,-0.84,-1.04,-0.62,0.61,0.73,0.66,-0.17,-0.79,-0.89,-0.86,-0.54,-0.57,-0.76,-0.76,-0.52,-0.16,-0.26,-0.29,0.05,0.13,0.19,0.23,0.13,0.14,0.49,0.25,-0.10,0.11,0.45,0.47,0.68,0.50,0.46,0.50,1.09,1.15,1.26,0.77,1.26,1.31,1.56,1.62,1.82,1.56,1.34,1.90,2.13,1.91,2.41,2.59,2.91,2.82,2.45,2.20,2.66,3.30,3.66,3.87,3.97,4.08,3.96,3.71,3.19,2.45,2.08,2.30,2.60,2.81,2.82,2.72,2.51,2.28,2.54,2.40,2.29,2.20,2.19,2.17,1.99,1.96,2.01,1.95,2.00,2.07,2.07,2.22,2.06,2.43,3.59,7.89,8.87,6.02,3.18,2.25,2.29,2.40,2.23,2.38,2.98,3.38,3.44,3.49,3.53,3.66,4.25,4.67,4.82,4.77,4.64,5.05,4.82,4.88,4.91,4.70,4.44,4.31
-0.58,-0.11,-0.17,-0.28,-0.28,-0.06,0.24,-0.08,0.34,0.50,0.42,0.25,0.07,-0.11,0.15,-0.02,-0.07,0.00,0.08,0.05,0.03,0.28,0.11,0.29,0.31,0.40,0.53,0.46,0.36,0.85,0.96,0.79,0.63,0.56,0.47,0.49,0.56,0.57,0.63,0.67,0.37,0.10,0.08,-0.21,-0.34,-0.17,-0.24,0.49,0.76,0.79,0.00,0.03,0.07,0.26,0.50,0.57,0.49,0.56,0.98,1.32,1.60,1.71,1.76,2.13,2.48,2.51,2.29,2.17,2.38,2.58,2.29,2.20,2.53,2.47,2.51,2.70,2.46,2.58,3.24,4.07,4.09,3.57,3.98,4.20,4.03,4.63,4.23,3.39,3.56,3.96,4.23,4.14,4.31,4.45,4.47,3.59,3.00,3.24,4.21,4.84,5.27,5.23,5.25,5.23,4.72,4.08,3.47,2.61,2.08,2.47,2.76,2.89,2.97,2.76,2.53,2.53,2.43,2.51,2.35,2.23,2.22,2.26,2.16,2.11,2.11,2.08,2.14,2.07,2.12,2.57,2.35,2.66,3.65,6.98,8.00,5.96,3.47,2.42,2.40,2.38,2.20,2.48,3.06,3.38,3.49,3.73,4.00,4.07,4.35,4.74,4.89,4.85,4.87,4.91,4.70,4.71,4.79,4.67,4.20,4.37
-0.24,0.15,0.09,-0.08,-0.07,0.04,0.13,0.40,0.53,0.50,0.45,0.41,0.35,0.26,0.09,-0.17,-0.07,0.10,0.18,0.20,0.66,0.98,0.78,0.55,0.68,1.11,1.38,1.27,1.06,1.29,1.39,1.55,1.22,1.15,1.26,1.29,1.45,1.64,1.50,1.27,1.32,1.33,1.25,1.40,0.92,0.69,0.45,0.96,0.71,0.53,0.87,1.49,1.72,2.08,2.46,2.49,2.51,2.65,2.83,2.90,2.82,2.91,2.94,3.18,3.27,3.09,3.02,2.90,2.89,3.58,3.47,3.56,3.22,2.97,3.07,2.95,2.97,2.96,4.85,5.65,5.35,4.99,4.85,4.63,4.83,4.92,4.51,2.59,2.72,3.90,4.18,3.92,3.53,3.71,4.08,4.03,2.51,2.41,3.87,4.71,5.08,5.13,5.17,5.01,4.60,4.02,3.43,2.59,2.05,2.51,2.77,2.85,2.94,2.76,2.63,2.69,2.43,2.60,2.54,2.29,2.35,2.34,2.32,2.31,2.18,2.11,2.17,2.06,2.17,2.53,2.34,2.55,2.98,4.03,4.24,3.69,3.00,2.37,2.26,2.26,2.08,2.40,2.91,3.22,3.47,3.92,4.15,4.03,4.56,4.89,5.08,5.15,4.85,4.85,4.83,4.91,4.78,4.42,4.21,4.40
0.37,0.58,0.28,0.36,0.28,0.09,0.21,0.73,0.90,0.76,0.68,0.73,0.72,0.71,0.63,0.13,0.23,0.51,0.72,0.95,1.17,1.59,1.53,1.48,1.67,1.93,2.20,2.24,1.85,1.97,2.58,2.53,2.48,2.40,2.43,2.48,2.47,2.19,1.90,1.95,1.95,1.99,2.53,2.75,1.71,0.89,0.80,1.05,0.83,1.07,1.61,2.42,2.75,2.85,2.90,2.88,3.06,3.24,3.19,2.94,2.48,2.32,1.99,2.13,2.32,2.17,2.03,1.59,1.44,1.87,2.85,2.82,2.69,2.31,2.02,2.35,2.26,2.55,4.44,5.41,4.98,4.92,4.70,4.53,4.57,4.69,4.18,2.87,1.93,3.15,3.32,2.82,2.72,2.45,2.96,3.31,2.19,2.16,3.46,4.43,4.77,4.82,4.69,4.44,4.16,3.71,3.10,2.25,1.90,2.51,2.83,2.78,2.83,2.75,2.72,2.61,2.60,2.57,2.59,2.51,2.43,2.34,2.31,2.37,2.32,2.24,2.23,2.17,2.41,2.53,2.34,2.46,2.38,2.46,2.36,2.34,2.40,2.23,2.32,2.31,2.16,2.54,2.94,3.26,3.58,3.98,3.91,4.03,4.51,4.79,4.95,5.01,4.71,4.88,4.92,4.82,4.61,4.38,4.34,4.30
0.98,1.37,1.23,1.23,1.26,1.12,0.89,1.23,1.59,1.60,1.59,1.56,1.54,1.77,1.61,1.62,1.70,1.78,1.96,2.28,2.38,2.71,2.43,2.51,2.60,2.82,2.94,2.81,2.76,3.07,3.10,2.84,3.01,2.91,2.93,2.81,2.42,2.20,2.22,2.08,1.90,2.17,3.08,3.04,2.51,1.62,0.92,0.95,1.01,1.33,2.08,2.52,2.36,2.25,2.22,2.11,2.12,2.37,2.51,2.06,1.37,0.94,0.98,1.15,1.10,1.11,0.89,0.74,1.06,1.49,2.34,2.42,2.37,1.95,2.13,2.28,1.94,2.37,4.09,4.90,4.53,4.16,4.16,4.33,3.91,4.25,3.66,2.26,1.85,2.66,2.26,1.84,1.94,1.39,2.25,2.46,1.15,1.48,2.91,4.10,4.38,4.43,4.18,4.04,3.71,3.38,2.96,2.25,1.99,2.46,2.88,2.97,3.00,2.91,2.89,2.85,2.70,2.67,2.55,2.55,2.57,2.53,2.52,2.64,2.61,2.43,2.35,2.29,2.55,2.47,2.43,2.36,2.24,2.18,2.16,2.12,2.07,2.11,2.30,2.34,2.13,2.53,2.93,3.28,3.58,3.71,3.84,3.98,4.40,4.74,4.98,5.04,4.79,4.82,4.72,4.72,4.54,4.22,4.10,4.09
1.96,1.97,1.94,2.32,2.29,1.96,2.02,2.58,3.01,3.00,3.01,2.94,2.67,2.65,2.66,2.79,2.75,2.43,2.23,2.31,2.07,2.53,2.49,2.54,2.59,2.77,2.81,2.59,2.53,2.79,2.73,2.53,2.67,2.43,2.37,2.29,2.13,1.87,1.66,1.61,1.55,1.88,2.87,3.15,3.12,1.44,0.87,0.98,0.89,1.36,2.31,2.43,2.20,2.20,2.24,1.90,1.74,1.97,1.96,1.65,1.07,0.53,0.39,0.50,0.76,0.71,0.68,0.53,0.35,0.74,1.72,2.12,2.40,1.77,1.68,1.61,1.84,1.90,3.94,4.68,4.28,3.92,4.00,3.73,3.25,3.60,3.60,1.66,1.73,2.43,1.64,1.32,1.16,1.09,1.91,2.08,1.33,1.48,2.77,3.59,3.78,4.00,3.95,3.70,3.54,3.34,2.78,2.11,1.91,2.34,2.82,2.96,2.97,2.81,2.72,2.87,2.87,2.93,2.82,2.75,2.87,2.98,3.01,2.97,2.83,2.63,2.54,2.42,2.46,2.41,2.43,2.36,2.38,2.25,2.13,2.07,2.03,1.99,2.05,2.16,2.10,2.49,2.85,3.25,3.54,3.52,3.90,4.01,4.38,4.71,4.97,5.08,4.84,4.76,4.55,4.50,4.38,4.20,4.15,4.25
2.46,2.54,2.42,2.84,3.20,3.30,3.38,3.53,3.40,3.22,3.02,2.96,3.10,3.16,3.13,2.94,2.72,2.42,2.30,2.53,2.41,2.42,2.45,2.54,2.48,2.49,2.53,2.54,2.61,2.47,2.38,2.36,2.45,2.11,2.19,2.23,2.00,1.74,1.72,1.68,1.51,1.87,2.91,3.35,3.02,1.68,0.88,0.98,0.94,1.67,2.46,2.32,1.78,1.55,1.66,1.51,1.54,1.96,1.97,1.59,1.06,0.57,0.45,0.73,0.83,0.84,0.78,0.82,0.74,1.29,1.97,1.87,1.94,0.83,0.95,1.22,1.44,1.77,3.84,4.38,4.04,3.47,3.56,3.66,3.31,3.37,3.19,1.27,1.60,2.05,1.50,1.09,0.85,0.71,1.71,1.71,1.04,1.07,2.31,3.45,3.75,3.78,3.77,3.59,3.28,3.04,2.63,2.03,1.85,2.32,2.98,2.95,2.89,2.82,2.78,2.81,2.90,3.00,2.94,2.94,3.28,3.69,3.77,3.44,3.00,2.73,2.65,2.54,2.48,2.52,2.46,2.41,2.41,2.31,2.22,2.13,1.99,1.85,1.74,2.03,2.11,2.52,2.85,3.19,3.46,3.58,3.94,4.01,4.16,4.41,4.72,4.91,4.78,4.70,4.44,4.25,4.18,4.15,4.15,4.16
2.20,2.70,2.84,3.45,3.76,3.72,3.82,3.56,3.58,3.24,2.89,2.83,2.95,2.59,2.48,2.75,2.49,2.14,2.05,2.07,2.17,2.22,1.96,2.14,1.94,1.89,2.05,2.05,2.07,2.16,1.82,1.95,1.84,1.70,1.83,2.05,1.82,1.44,1.46,1.56,1.39,1.72,2.70,3.33,3.53,2.16,0.83,0.87,0.82,1.65,2.07,1.83,1.40,1.11,0.85,0.67,0.87,1.55,1.96,1.39,0.90,0.76,0.45,0.40,0.50,0.58,0.45,0.49,0.58,0.72,1.65,1.43,0.63,0.16,0.68,1.18,0.96,1.50,3.56,4.44,3.97,3.44,3.13,3.22,3.16,3.22,2.78,1.54,1.54,1.91,1.29,0.98,0.72,0.47,1.61,1.44,0.78,0.77,1.97,2.77,3.14,3.51,3.63,3.51,3.34,3.13,2.65,2.11,1.96,2.29,2.81,2.89,2.82,2.76,2.55,2.60,2.73,2.97,3.07,3.01,3.51,4.03,3.92,3.41,2.94,2.66,2.67,2.59,2.54,2.64,2.38,2.31,2.41,2.31,2.16,2.02,1.84,1.66,1.36,1.84,1.94,2.35,2.71,3.02,3.34,3.60,3.70,3.64,3.66,4.09,4.53,4.70,4.67,4.62,4.30,4.20,4.11,4.03,4.05,4.15
2.12,2.49,2.73,3.08,3.45,3.75,3.97,3.81,3.40,3.04,2.85,2.67,2.37,2.23,2.10,2.36,2.16,1.90,1.89,1.90,2.13,2.00,1.90,2.20,1.96,1.91,2.13,2.13,2.05,1.96,2.10,1.73,1.77,1.73,1.79,2.00,1.93,1.73,1.65,1.49,1.33,1.71,2.83,3.62,3.60,2.08,0.99,0.76,0.78,1.09,1.20,1.14,1.06,1.03,0.67,0.25,0.30,1.05,1.61,1.12,0.78,0.65,0.62,0.60,0.45,0.45,0.47,0.40,0.16,0.62,1.60,1.65,1.15,0.45,0.51,0.74,1.17,1.43,3.50,4.35,3.75,3.34,3.07,3.19,3.10,3.04,3.00,1.18,1.16,1.70,1.55,0.90,0.60,0.41,1.38,1.21,0.71,0.87,1.91,2.24,2.45,3.06,3.39,3.28,3.10,2.87,2.52,2.10,1.84,1.99,2.37,2.48,2.31,1.95,1.95,2.42,2.53,2.81,2.95,3.00,3.10,3.75,3.66,3.10,2.82,2.73,2.64,2.45,2.37,2.70,2.45,2.38,2.41,2.29,2.01,1.84,1.77,1.49,1.00,1.49,1.64,2.08,2.30,2.49,2.82,3.06,2.96,2.83,2.94,3.51,4.01,4.21,4.29,4.30,4.12,4.07,3.94,3.75,3.84,3.94
2.18,2.47,2.75,3.08,3.46,3.77,3.87,3.57,3.10,2.67,2.51,2.40,2.07,2.16,2.07,2.19,1.96,1.77,1.87,1.94,2.13,2.00,1.80,2.10,2.03,1.97,2.02,1.96,1.93,1.91,1.87,1.74,1.68,1.68,1.78,1.91,1.84,1.62,1.49,1.32,1.26,1.68,2.60,3.43,3.37,2.22,0.93,0.76,0.76,0.98,0.88,0.68,0.80,0.85,0.66,0.29,0.28,1.11,1.82,1.60,1.03,0.47,0.41,0.44,0.31,0.65,0.49,0.41,0.45,1.10,1.97,2.02,1.53,1.16,1.62,1.50,1.48,1.62,3.46,4.16,3.54,3.19,2.94,3.21,3.20,2.82,2.46,1.27,1.65,1.49,1.31,0.60,0.46,0.31,1.28,1.15,0.53,0.87,1.79,1.68,1.65,2.42,3.16,3.34,3.12,2.76,2.47,2.11,1.79,1.90,2.18,2.00,1.46,1.26,1.26,1.61,2.13,2.70,2.77,2.85,3.12,3.77,3.56,3.01,2.81,2.72,2.63,2.45,2.38,2.52,2.59,2.43,2.48,2.41,2.11,1.85,1.65,1.34,1.12,1.44,1.39,1.70,1.71,1.60,1.64,1.82,1.70,1.68,1.83,2.14,2.59,3.02,3.26,3.45,3.49,3.53,3.46,3.33,3.43,3.51
1.70,2.08,2.45,2.73,3.16,3.54,3.50,3.12,2.65,2.24,2.01,1.89,1.74,2.00,1.79,1.74,1.66,1.62,1.67,1.74,2.16,1.85,1.83,1.97,1.95,1.95,2.01,1.97,1.96,1.90,1.87,1.80,1.61,1.70,1.72,1.70,1.59,1.34,1.15,1.17,1.22,1.33,2.43,3.37,3.30,2.03,0.85,0.47,0.35,0.55,0.31,0.36,0.73,0.82,0.73,0.50,0.49,1.16,1.72,1.66,1.22,0.49,0.35,0.29,0.57,0.68,0.65,0.83,1.20,1.68,2.11,2.00,1.62,1.25,1.29,1.50,1.15,1.78,3.54,3.97,3.54,3.01,2.78,2.95,2.66,2.57,2.53,0.76,1.04,1.38,1.21,0.72,0.30,0.37,0.98,1.06,0.58,0.73,1.31,1.05,0.68,1.33,2.24,3.03,3.06,2.73,2.55,2.14,1.72,1.66,1.87,1.62,1.15,1.01,1.23,1.43,2.36,2.88,2.61,2.69,2.76,2.76,2.63,2.54,2.48,2.52,2.69,2.19,2.36,2.53,2.36,2.41,2.28,2.20,2.01,1.83,1.64,1.23,1.16,1.12,1.04,1.15,1.09,0.83,0.61,0.63,0.30,0.58,0.68,0.71,0.98,1.44,1.76,2.12,2.24,2.54,2.67,2.64,2.84,3.26
1.37,1.93,2.28,2.51,3.00,3.47,3.27,2.64,2.45,2.16,1.95,1.82,1.64,1.78,1.50,1.53,1.50,1.42,1.42,1.66,1.94,1.87,2.00,1.94,1.84,1.87,1.95,1.94,1.96,2.06,2.03,1.80,1.55,1.66,1.70,1.73,1.65,1.29,1.00,1.07,1.22,1.37,2.46,3.44,3.46,2.20,1.00,0.34,0.20,0.49,0.16,0.23,0.62,0.71,0.80,0.67,0.55,1.03,1.49,1.65,1.22,0.45,-0.13,0.28,0.52,0.74,0.78,1.43,1.51,1.59,2.02,1.97,1.71,1.05,1.23,1.33,1.20,1.90,3.32,4.08,3.16,2.85,3.19,3.25,2.64,2.47,2.49,0.82,0.55,1.55,0.98,0.56,0.37,0.45,0.78,0.92,0.44,1.07,1.32,0.61,0.37,0.63,1.66,2.89,3.25,3.06,2.65,2.11,1.68,1.56,1.76,1.85,1.70,1.22,1.33,2.03,2.96,2.97,2.73,2.64,2.66,2.61,2.38,2.24,2.14,2.00,1.97,1.88,1.80,2.29,2.32,2.29,2.16,2.11,2.00,1.94,1.90,1.46,0.98,0.79,0.95,0.96,0.94,0.53,0.10,0.19,0.13,0.19,0.20,0.14,0.13,0.20,0.30,0.77,1.14,1.32,1.43,1.64,2.08,2.78
1.34,1.90,2.18,2.52,2.95,3.31,3.22,2.41,2.60,2.49,2.17,1.82,1.50,1.43,1.27,1.34,1.34,1.26,1.27,1.51,1.77,1.68,1.82,1.90,1.93,1.97,1.99,1.99,2.18,2.26,2.02,1.90,1.91,1.82,1.74,1.55,1.39,1.12,0.94,1.12,1.20,1.48,2.54,3.44,3.49,2.02,1.12,0.45,0.18,0.04,0.05,0.26,0.67,0.82,0.96,0.83,0.66,1.17,1.71,1.65,1.07,0.30,-0.36,0.26,0.56,1.00,1.21,1.54,1.55,1.82,1.87,1.90,1.82,1.51,1.65,1.26,1.28,1.79,3.41,3.95,3.33,2.97,2.85,2.88,2.55,2.36,2.35,0.89,0.69,1.79,1.33,0.73,0.46,0.49,1.06,1.32,0.50,0.84,1.20,0.65,0.29,0.36,1.56,2.93,3.39,3.10,2.48,2.02,1.79,1.79,2.25,2.40,2.61,2.40,2.49,2.96,3.31,3.09,3.06,2.38,2.19,2.05,1.62,1.39,1.26,0.96,0.83,0.93,0.99,1.28,2.13,2.10,2.08,2.11,2.06,2.02,1.89,1.40,0.85,0.78,0.62,0.42,0.37,0.24,0.16,0.37,0.16,0.16,0.20,0.10,-0.05,-0.23,-0.37,0.07,0.21,0.29,0.44,0.74,1.27,1.94
1.12,1.60,1.87,2.36,2.72,2.94,3.25,2.67,2.78,2.72,2.35,1.79,1.33,1.28,1.20,1.20,1.16,1.17,1.26,1.36,1.60,1.48,1.66,1.90,2.07,2.16,2.14,2.10,2.18,2.24,2.11,2.06,2.11,1.82,1.74,1.57,1.28,1.03,0.98,1.22,1.32,1.57,2.61,3.35,3.27,2.00,0.98,0.35,0.11,0.03,0.02,0.09,0.34,0.68,0.98,0.90,0.83,1.26,1.54,1.48,1.06,0.28,-0.31,-0.34,0.39,1.14,1.32,1.48,1.48,1.96,1.85,1.84,1.50,1.42,1.45,1.06,1.00,1.48,2.76,3.96,3.03,3.01,2.82,2.81,2.75,2.48,2.43,0.56,0.78,1.50,1.85,1.38,1.39,1.59,1.87,1.67,0.57,1.12,1.49,2.22,2.41,2.40,3.04,3.50,3.43,3.10,2.57,2.02,1.67,1.80,2.66,3.08,3.24,2.94,2.79,3.12,3.31,3.12,2.83,2.35,1.94,1.44,0.82,0.47,0.30,-0.08,-0.17,0.29,0.76,1.14,1.49,1.68,1.97,2.08,1.97,1.80,1.72,1.62,1.23,0.80,0.60,0.51,0.45,0.40,0.36,0.36,0.39,0.31,0.23,0.08,-0.18,-0.48,-0.58,-0.16,-0.29,-0.11,0.10,0.13,0.45,1.04
0.83,1.50,1.88,2.30,2.59,2.78,3.04,2.95,2.71,2.49,2.16,1.65,1.23,1.21,1.09,1.12,1.10,1.15,1.31,1.29,1.38,1.50,1.59,1.77,1.96,2.08,2.13,2.14,2.26,2.38,2.51,2.20,2.03,1.60,1.45,1.29,1.07,0.90,0.88,1.11,1.33,1.60,2.59,3.30,3.09,1.74,0.90,0.35,0.13,-0.12,-0.16,-0.05,0.26,0.80,1.07,0.83,0.82,1.23,1.44,1.55,1.27,0.35,-0.67,-0.33,0.44,0.88,0.63,1.45,1.43,1.68,1.66,1.88,1.34,1.14,1.23,0.98,0.67,0.68,2.29,3.91,3.15,2.75,2.42,2.57,2.42,2.53,2.03,0.42,0.92,1.11,1.84,1.40,1.55,1.26,1.68,1.91,0.82,0.76,0.87,2.00,3.13,3.50,3.51,3.63,3.57,3.10,2.54,2.10,1.80,1.88,2.69,3.60,3.78,3.33,3.08,3.59,3.62,3.19,2.84,2.47,1.32,0.26,0.11,0.24,-0.10,-0.61,-0.56,0.45,0.60,0.95,1.16,1.26,1.68,1.84,1.96,2.00,1.78,1.65,1.26,0.88,0.56,0.28,0.26,0.39,0.35,0.08,0.52,0.34,0.15,-0.03,-0.18,-0.29,-0.52,-0.28,-0.29,-0.51,-0.61,-0.41,0.00,0.55
0.73,1.37,1.76,2.05,2.28,2.40,2.45,2.46,2.26,1.95,1.54,1.16,0.90,0.88,0.79,0.96,0.98,1.07,1.28,1.39,1.44,1.43,1.34,1.44,1.60,1.72,1.80,1.89,2.03,2.20,2.36,2.14,1.99,1.37,1.05,0.78,0.66,0.62,0.67,0.96,1.00,1.10,1.87,2.63,2.97,1.77,0.79,0.25,0.10,-0.13,-0.28,-0.08,0.46,1.05,1.34,1.17,1.01,1.14,1.14,1.31,1.12,-0.07,-1.03,-0.73,-0.37,-0.74,-0.56,0.60,0.84,1.38,1.37,1.72,1.10,0.46,-0.15,0.26,0.14,0.20,1.67,3.65,2.93,2.37,2.29,2.34,2.49,2.30,2.06,0.52,1.37,0.80,1.91,1.39,1.31,1.39,1.48,1.43,0.63,0.37,1.04,2.13,2.67,3.12,3.39,3.44,3.25,2.85,2.48,1.96,1.64,1.94,2.60,3.60,3.62,3.35,3.12,3.40,3.53,3.31,2.72,2.05,0.93,-0.48,-0.48,0.04,-0.26,-0.57,-0.32,0.03,0.13,0.14,0.94,0.95,1.66,1.89,1.87,2.11,2.35,2.11,1.65,1.10,0.76,0.62,0.60,0.47,0.21,0.18,0.85,0.49,0.34,0.29,0.26,0.16,-0.20,-0.11,-0.36,-0.47,-0.44,-0.41,-0.38,-0.38
0.95,1.15,1.40,1.79,1.87,1.74,1.95,1.62,1.67,1.39,1.10,0.85,0.63,0.67,0.69,0.85,0.88,0.94,1.20,1.48,1.40,1.21,0.90,0.90,0.98,1.03,1.06,1.09,1.12,1.12,1.44,1.39,1.40,0.73,0.41,0.30,0.25,0.21,0.30,0.55,0.62,0.69,0.72,1.49,1.72,1.14,0.55,0.37,0.32,0.02,-0.08,-0.05,0.42,1.03,1.57,1.65,1.29,1.16,1.00,1.05,0.55,-0.78,-0.93,-0.84,-0.54,-0.72,-0.22,0.46,0.46,0.68,0.46,-0.08,-0.97,-1.53,-1.35,-0.39,-0.34,-0.12,1.03,2.43,2.82,2.61,2.57,2.51,2.24,2.37,2.22,0.41,0.92,0.69,1.59,1.28,1.10,1.03,1.21,1.14,0.53,0.68,1.01,2.17,3.08,3.20,3.25,3.38,3.34,2.95,2.49,2.16,1.82,2.18,2.65,3.71,3.66,3.41,3.53,3.53,3.60,3.24,2.71,1.85,0.52,-0.47,-0.49,-0.52,-0.57,-0.02,-0.07,0.07,0.29,0.35,0.67,0.88,1.59,1.88,2.02,2.49,2.85,2.65,2.54,1.94,0.93,0.90,0.67,0.49,0.61,0.68,0.47,0.40,0.24,0.00,-0.11,-0.03,-0.16,0.21,0.30,0.02,-0.29,-0.36,-0.13,-0.41
0.93,1.09,1.54,1.85,1.97,1.83,1.39,1.25,1.36,1.12,0.89,0.74,0.53,0.57,0.61,0.77,0.93,0.96,0.93,0.99,0.87,0.98,0.32,0.20,0.26,0.23,0.19,0.26,0.25,0.23,0.53,0.47,0.46,0.05,-0.15,-0.03,0.03,-0.03,0.00,0.13,0.23,0.29,0.09,0.61,0.58,0.41,0.44,0.45,0.31,-0.01,-0.12,-0.22,0.51,1.15,1.66,1.96,1.66,1.43,1.15,1.20,0.93,-0.15,-0.38,-0.63,-0.27,-0.51,-0.61,-0.20,0.10,-0.17,-0.93,-1.47,-1.43,-1.61,-0.98,-0.84,-0.54,-0.11,0.92,2.45,2.84,2.52,2.48,2.52,2.10,2.16,2.00,0.37,0.41,0.84,1.40,0.82,0.76,0.79,1.14,0.87,0.23,0.24,0.95,1.73,2.28,2.72,3.12,3.33,3.20,2.84,2.54,2.13,1.78,2.05,2.55,3.41,3.63,3.30,3.71,3.37,3.59,3.07,2.78,1.93,0.88,0.46,0.60,0.60,0.52,0.67,0.56,0.83,1.07,0.98,1.20,1.04,1.59,1.83,2.13,2.79,3.22,3.14,2.70,2.22,1.44,0.90,0.56,0.49,0.56,0.40,0.39,0.23,0.21,0.26,0.25,0.19,0.05,0.28,0.21,0.09,0.04,-0.02,-0.18,-0.22
0.78,0.84,1.51,1.62,1.57,1.53,1.28,1.07,1.28,0.99,0.84,0.82,0.51,0.44,0.80,0.80,0.89,0.84,0.60,0.45,0.44,0.49,-0.05,-0.18,-0.16,-0.18,-0.16,-0.07,-0.17,-0.16,0.08,-0.05,0.09,-0.13,-0.17,-0.13,-0.21,-0.22,-0.11,-0.08,-0.08,-0.10,-0.06,0.07,0.16,0.26,0.46,0.46,0.39,0.20,-0.06,-0.51,-0.07,0.84,1.64,1.99,1.93,1.82,1.45,1.22,0.68,0.32,0.45,0.00,-0.39,-0.22,0.10,0.18,0.13,-0.69,-1.21,-1.11,-1.07,-1.02,-1.17,-0.97,-0.89,-0.58,0.28,1.46,2.36,2.43,2.29,2.37,2.05,1.95,2.06,0.88,0.62,0.67,1.15,1.05,0.79,0.73,0.94,1.04,0.49,0.18,0.46,0.80,1.31,2.03,2.49,2.85,2.95,2.60,2.31,1.97,1.59,1.79,2.16,3.04,3.38,3.50,3.51,3.26,3.44,3.10,2.60,1.99,1.20,1.21,1.49,1.56,1.64,1.71,1.71,1.76,1.70,1.94,1.88,1.43,1.54,1.85,2.25,2.77,3.15,3.26,3.41,2.55,1.60,1.17,0.84,0.65,0.58,0.29,0.51,0.37,0.19,0.21,0.28,0.13,0.20,0.31,0.20,0.04,-0.03,-0.02,-0.11,-0.01
0.57,0.89,1.38,1.53,1.60,1.51,0.99,1.10,1.23,0.87,0.67,0.62,0.35,0.36,0.49,0.77,0.74,0.71,0.74,0.45,0.08,-0.05,-0.21,-0.13,-0.22,-0.26,-0.17,-0.18,-0.24,-0.39,-0.20,-0.24,0.20,-0.08,-0.07,-0.07,-0.21,-0.23,-0.17,-0.17,-0.07,-0.10,-0.03,-0.08,0.21,0.16,0.42,0.49,0.50,0.16,-0.26,-0.72,-0.63,0.08,1.31,2.11,2.20,2.28,1.93,1.26,0.65,0.46,0.57,0.50,-0.11,0.04,0.04,-0.02,0.18,-0.79,-0.79,-0.31,-0.28,-0.41,-1.16,-1.22,-1.42,-0.82,0.25,-0.01,1.82,2.25,2.03,2.19,1.72,1.38,1.62,0.76,0.08,0.56,1.14,0.95,0.61,0.50,0.66,0.82,0.30,-0.27,-0.33,-0.21,0.19,0.63,0.94,1.27,1.33,1.23,1.28,1.18,1.10,1.33,1.42,2.16,3.08,3.35,3.32,3.44,3.44,2.89,2.46,1.96,1.65,1.80,2.10,2.29,2.42,2.47,2.52,2.26,2.71,3.10,2.46,1.99,1.90,2.19,2.65,2.97,3.12,3.25,3.10,2.63,1.95,1.54,1.22,0.99,0.82,0.57,0.58,0.50,0.34,0.26,0.30,0.29,0.02,0.36,0.19,-0.02,0.02,0.21,0.05,0.05
0.41,0.71,1.50,1.84,1.80,1.57,1.31,1.42,1.36,1.15,0.92,0.66,0.47,0.73,0.83,0.73,0.84,0.94,0.88,0.66,-0.10,-0.28,-0.18,-0.02,-0.20,-0.28,-0.28,-0.37,-0.21,-0.28,-0.36,-0.18,0.18,-0.11,-0.20,-0.20,-0.20,-0.20,-0.22,-0.21,-0.17,-0.13,-0.05,-0.12,-0.10,-0.28,0.24,0.40,0.25,-0.22,-0.59,-0.86,-0.73,-0.36,0.74,1.80,1.94,1.88,1.36,0.68,0.47,0.34,0.34,0.66,0.31,0.28,0.42,0.09,-0.18,-0.39,-0.21,0.04,-0.27,-0.27,-0.61,-0.76,-1.18,-0.68,0.03,-0.56,1.66,1.67,1.40,0.80,0.32,0.13,0.95,0.55,0.32,0.74,0.74,0.53,0.15,0.23,0.69,0.68,0.26,-0.21,-0.46,-0.52,-0.27,-0.11,-0.12,0.14,0.36,0.34,0.42,0.65,0.65,0.83,0.99,1.34,2.07,2.63,3.10,3.13,2.94,2.48,2.19,2.11,2.32,2.61,2.75,2.75,2.76,2.83,2.78,2.69,2.96,3.04,2.89,2.70,2.11,2.19,2.71,2.95,3.04,3.01,2.78,2.23,1.83,1.45,1.31,1.22,1.04,0.92,0.58,0.49,0.32,0.19,0.23,0.36,0.00,0.46,0.32,0.10,0.11,0.28,0.14,0.20
0.39,0.55,1.16,1.54,1.67,1.56,1.29,1.31,1.10,0.84,0.68,0.58,0.39,0.56,0.79,0.95,0.82,0.74,0.79,0.63,-0.29,-0.33,-0.12,-0.21,-0.20,-0.17,-0.29,-0.46,-0.33,-0.32,-0.22,-0.10,-0.08,-0.18,-0.27,-0.37,-0.39,-0.33,-0.28,-0.27,-0.24,-0.32,-0.20,-0.42,-0.52,-0.67,-0.18,0.13,0.05,-0.29,-0.71,-0.96,-0.82,-0.41,0.25,0.85,1.25,1.42,0.95,0.47,0.40,0.26,0.31,0.28,0.40,0.66,0.14,-0.11,-0.59,-0.29,-0.11,-0.02,-0.03,-0.33,0.09,0.42,0.18,0.67,0.96,0.26,1.73,1.12,0.87,0.00,-0.23,-0.21,0.67,0.58,0.18,0.76,0.72,0.55,0.39,0.49,0.68,0.55,0.13,-0.27,-0.33,-0.46,-0.47,-0.34,-0.32,-0.11,0.11,0.04,0.04,0.24,0.46,0.41,0.52,0.79,1.00,1.60,2.35,2.23,2.32,2.43,2.28,2.23,2.57,2.85,2.93,2.91,2.83,2.65,2.88,2.87,2.77,2.75,2.69,2.73,2.19,2.00,2.12,2.10,2.31,2.57,2.47,2.17,1.67,1.34,1.27,1.23,1.11,1.11,1.12,0.50,0.41,0.40,0.28,0.32,0.07,0.37,0.42,0.34,0.23,0.10,0.13,0.29
0.42,0.60,1.15,1.28,1.36,1.44,1.40,1.48,1.38,1.16,0.80,0.47,0.28,0.23,0.52,0.36,0.31,0.19,0.05,0.13,-0.16,-0.44,-0.52,-0.18,0.03,-0.08,-0.26,-0.33,-0.33,-0.27,-0.11,-0.13,0.02,-0.07,-0.12,-0.22,-0.29,-0.28,-0.28,-0.29,-0.23,-0.39,-0.52,-0.76,-0.76,-0.72,-0.54,-0.20,-0.11,-0.26,-0.52,-0.62,-0.59,-0.49,-0.22,0.08,0.40,0.72,0.61,0.42,0.44,0.16,0.14,0.11,0.39,0.02,-0.29,-0.15,-0.26,0.10,-0.07,-0.06,-0.03,-0.39,-0.10,0.28,0.09,0.79,1.55,1.34,1.61,0.95,0.66,-0.02,-0.26,-0.11,0.68,0.65,0.50,0.88,0.83,0.67,0.83,0.53,0.44,0.58,0.24,-0.23,-0.20,-0.17,-0.28,-0.33,-0.33,-0.26,-0.06,0.14,0.14,0.11,0.14,0.14,0.19,0.05,0.20,0.20,0.88,0.88,1.11,1.36,1.49,1.42,1.61,1.84,1.89,1.93,1.88,1.72,1.65,1.44,1.49,1.71,1.54,1.59,1.38,1.42,1.55,1.42,1.49,1.79,1.90,1.74,1.50,1.45,1.32,1.14,1.15,1.20,1.29,0.83,0.58,0.55,0.46,0.34,0.11,0.24,0.42,0.41,0.24,0.16,0.25,0.40
0.32,0.71,1.09,0.95,0.94,1.14,1.17,1.15,0.94,0.93,0.56,0.11,0.00,-0.13,-0.07,-0.07,-0.22,-0.22,-0.13,-0.29,-0.32,-0.32,-0.13,-0.15,-0.05,-0.22,-0.42,-0.38,-0.29,-0.17,0.00,-0.12,-0.07,0.03,-0.15,-0.28,-0.29,-0.22,-0.24,-0.33,-0.29,-0.32,-0.81,-1.08,-0.96,-0.96,-0.79,-0.48,-0.43,-0.56,-0.84,-0.92,-0.99,-1.30,-1.24,-0.89,-0.67,-0.59,-0.73,-0.91,-0.96,-1.23,-1.33,-1.42,-1.48,-1.53,-1.65,-1.47,-1.31,-1.12,-1.03,-0.97,-0.76,-0.54,-0.05,0.29,0.15,0.62,1.12,1.18,1.05,0.42,0.00,-0.33,-0.32,-0.33,0.45,0.55,0.79,0.77,0.85,0.72,0.74,0.56,0.56,0.32,-0.03,-0.34,-0.44,-0.42,-0.29,-0.21,-0.31,-0.22,-0.26,-0.43,-0.23,-0.15,-0.07,0.00,-0.10,-0.13,-0.16,-0.28,-0.08,-0.11,0.04,0.31,0.41,0.41,0.53,0.69,0.76,0.80,0.74,0.58,0.66,0.35,0.58,0.67,0.61,0.56,0.45,0.56,0.85,0.90,0.93,1.15,1.38,1.20,1.12,1.23,1.22,1.06,0.99,1.17,1.22,1.09,0.84,0.66,0.60,0.41,0.29,0.26,0.40,0.37,0.18,0.31,0.47,0.49
0.25,0.31,0.40,0.25,0.24,0.31,0.31,0.29,0.20,0.16,-0.06,-0.22,-0.18,-0.17,-0.16,-0.33,-0.33,-0.31,-0.23,-0.08,-0.17,-0.42,-0.27,-0.33,-0.31,-0.24,-0.39,-0.53,-0.33,-0.52,0.03,-0.11,-0.18,-0.29,-0.57,-0.71,-0.72,-0.54,-0.41,-0.56,-0.68,-0.77,-1.57,-2.07,-2.05,-2.33,-2.26,-2.03,-2.05,-2.44,-2.77,-2.82,-3.00,-3.28,-3.24,-3.09,-3.04,-3.03,-3.21,-3.26,-3.36,-3.58,-3.46,-3.52,-3.62,-3.43,-3.40,-3.09,-3.04,-2.94,-2.74,-2.59,-2.10,-1.22,-0.57,-0.10,0.08,-0.21,-0.16,-0.27,-0.43,-0.62,-0.52,-0.72,-0.61,-0.59,0.45,0.50,0.45,0.10,0.55,0.10,0.23,-0.06,-0.11,-0.16,-0.20,-0.20,-0.37,-0.46,-0.44,-0.47,-0.47,-0.57,-0.71,-0.67,-0.48,-0.37,-0.17,-0.17,-0.37,-0.37,-0.58,-0.54,-0.28,-0.37,-0.22,0.00,-0.20,-0.13,0.09,0.19,0.21,0.25,0.25,0.11,0.19,0.05,0.29,0.16,0.10,0.05,-0.11,0.00,0.30,0.40,0.53,0.61,0.85,0.90,0.96,0.96,1.03,1.04,0.79,1.09,1.14,1.07,0.95,0.85,0.76,0.56,0.40,0.41,0.45,0.45,0.36,0.25,0.50,0.40
0.09,-0.29,-0.47,-0.66,-0.71,-0.69,-0.74,-0.78,-0.53,-0.53,-0.53,-0.47,-0.41,-0.44,-0.31,-0.28,-0.21,-0.12,-0.07,-0.10,-0.15,-0.18,-0.20,-0.51,-0.66,-0.42,-0.24,-0.39,-0.62,-0.84,-0.68,-0.61,-0.68,-0.87,-1.19,-1.41,-1.60,-1.67,-1.62,-1.85,-2.44,-2.88,-3.53,-3.92,-4.11,-4.30,-4.35,-4.20,-4.15,-4.47,-4.61,-4.65,-4.74,-4.82,-4.65,-4.48,-4.44,-4.36,-4.37,-4.35,-4.39,-4.35,-4.28,-4.30,-4.41,-4.26,-4.22,-4.03,-3.98,-3.74,-3.83,-3.13,-2.35,-1.91,-0.83,-0.11,-0.22,-0.71,-0.57,-0.88,-1.01,-1.28,-0.83,-0.88,-0.72,-0.82,0.00,-0.20,-0.11,-0.22,-0.13,-0.43,-0.32,-0.48,-0.26,-0.18,-0.21,-0.31,-0.42,-0.43,-0.52,-0.69,-0.73,-0.82,-0.91,-0.79,-0.61,-0.42,-0.39,-0.39,-0.46,-0.73,-0.51,-0.44,-0.68,-0.36,-0.24,-0.10,-0.12,-0.08,0.02,0.04,-0.05,-0.08,0.03,-0.20,-0.02,0.03,0.04,0.00,-0.10,-0.18,-0.29,-0.27,-0.07,0.05,0.28,0.44,0.61,0.63,0.69,0.73,0.83,0.94,0.76,0.98,0.95,0.90,0.83,0.83,0.90,0.67,0.46,0.57,0.60,0.60,0.62,0.46,0.41,0.29
-0.17,-0.61,-0.99,-1.27,-1.33,-1.27,-1.27,-1.43,-1.09,-0.93,-0.82,-0.69,-0.52,-0.38,-0.34,-0.21,-0.15,-0.07,-0.05,-0.13,-0.05,-0.01,-0.11,-0.29,-0.48,-0.47,-0.38,-0.56,-1.21,-1.86,-1.93,-1.90,-2.49,-2.59,-2.92,-3.10,-3.32,-3.54,-3.74,-4.00,-4.32,-4.70,-4.86,-4.95,-4.85,-4.85,-4.70,-4.50,-4.35,-4.48,-4.68,-4.70,-4.60,-4.52,-4.26,-3.97,-3.93,-3.93,-3.87,-3.87,-3.92,-3.81,-3.65,-3.68,-3.98,-3.89,-4.02,-4.24,-4.18,-4.07,-4.39,-3.40,-2.87,-2.17,-0.71,-0.05,-0.20,-0.38,-0.39,-0.68,-0.34,-0.69,-0.64,-0.77,-0.61,-0.52,-0.44,-0.46,-0.28,-0.52,-0.43,-0.61,-0.49,-0.51,-0.33,-0.27,-0.20,-0.08,-0.28,-0.47,-0.49,-0.57,-0.76,-1.07,-1.17,-1.02,-0.81,-0.56,-0.49,-0.54,-0.53,-0.51,-0.37,-0.28,-0.46,-0.18,-0.15,-0.10,-0.15,-0.27,-0.29,-0.12,-0.12,-0.36,-0.21,-0.18,-0.20,0.04,-0.06,-0.06,-0.28,-0.26,-0.27,-0.37,-0.34,-0.21,0.09,0.21,0.45,0.36,0.29,0.42,0.60,0.68,0.71,0.78,0.87,0.77,0.67,0.68,0.73,0.77,0.65,0.71,0.74,0.69,0.61,0.47,0.53,0.25
-0.37,-0.76,-1.26,-1.42,-1.50,-1.45,-1.32,-1.57,-1.46,-1.13,-0.94,-0.78,-0.46,-0.22,-0.23,-0.22,-0.23,-0.31,-0.41,-0.44,-0.48,-0.47,-0.73,-0.98,-1.13,-1.30,-1.83,-2.64,-3.15,-3.04,-3.10,-3.10,-3.33,-3.59,-3.79,-3.68,-3.58,-3.63,-3.62,-3.55,-3.85,-4.26,-4.05,-4.22,-4.20,-4.00,-3.90,-3.77,-3.49,-3.70,-3.87,-3.90,-3.96,-3.81,-3.50,-3.32,-3.39,-3.33,-3.21,-3.21,-3.22,-3.14,-3.00,-2.94,-3.32,-3.35,-3.27,-3.48,-3.58,-3.70,-4.30,-3.30,-3.97,-3.83,-1.85,-0.87,-0.33,-0.46,-0.34,-0.10,0.49,0.30,0.46,0.15,0.49,0.58,0.39,0.02,0.00,-0.16,-0.01,-0.11,0.15,0.37,0.32,0.21,0.18,0.00,-0.18,-0.36,-0.54,-0.67,-0.82,-0.92,-0.88,-0.82,-0.84,-0.56,-0.53,-0.66,-0.51,-0.51,-0.54,-0.58,-0.49,-0.28,-0.23,-0.21,-0.27,-0.33,-0.34,-0.21,-0.18,-0.51,-0.47,-0.32,-0.39,-0.17,-0.15,-0.20,-0.38,-0.36,-0.33,-0.39,-0.47,-0.48,-0.20,-0.22,-0.01,0.09,0.13,0.24,0.36,0.39,0.47,0.52,0.73,0.72,0.71,0.77,0.72,0.87,0.66,0.87,0.99,0.85,0.68,0.69,0.44,0.31
-0.67,-0.89,-1.26,-1.38,-1.52,-1.52,-1.45,-1.51,-1.53,-1.07,-0.91,-0.68,-0.32,-0.17,-0.13,-0.56,-0.79,-0.92,-0.98,-1.11,-1.41,-1.41,-1.81,-2.37,-2.59,-2.63,-2.85,-3.13,-3.14,-3.05,-3.31,-3.44,-3.53,-3.48,-3.32,-3.27,-3.33,-3.27,-3.06,-2.90,-2.97,-3.24,-2.99,-3.22,-3.24,-3.13,-3.22,-3.36,-2.91,-2.99,-3.27,-3.55,-3.75,-3.81,-3.61,-3.49,-3.52,-3.40,-3.37,-3.28,-3.06,-2.79,-2.67,-2.42,-2.73,-2.77,-2.77,-2.78,-3.08,-3.41,-4.00,-4.01,-4.87,-5.28,-3.65,-2.68,-1.45,-0.56,-0.17,0.44,0.85,0.95,0.89,0.37,0.60,0.63,0.45,0.35,0.31,0.04,0.13,0.18,0.53,0.87,0.58,0.42,0.42,0.31,0.10,-0.22,-0.56,-0.67,-0.64,-0.59,-0.58,-0.73,-0.81,-0.59,-0.49,-0.39,-0.49,-0.39,-0.53,-0.41,-0.41,-0.28,-0.28,-0.20,-0.15,-0.26,-0.24,-0.11,-0.21,-0.53,-0.67,-0.71,-0.56,-0.41,-0.26,-0.38,-0.46,-0.44,-0.47,-0.47,-0.42,-0.63,-0.48,-0.46,-0.41,-0.22,0.03,0.14,0.21,0.31,0.14,0.14,0.39,0.50,0.58,0.73,0.79,0.77,0.78,0.87,0.90,0.88,0.87,0.56,0.58,0.56
-0.46,-0.53,-0.96,-1.17,-1.30,-1.45,-1.56,-1.45,-1.38,-0.91,-0.77,-0.61,-0.38,-0.49,-0.57,-1.32,-1.52,-1.64,-1.71,-1.81,-2.09,-2.23,-2.49,-2.70,-2.81,-2.82,-2.96,-3.03,-2.79,-2.62,-2.59,-2.32,-2.63,-2.50,-2.56,-2.55,-2.41,-2.36,-2.41,-2.44,-2.64,-2.88,-2.59,-3.01,-2.74,-2.94,-3.19,-3.49,-3.21,-3.03,-3.45,-3.85,-3.98,-4.32,-4.17,-3.96,-3.98,-4.02,-4.13,-3.83,-3.48,-2.96,-2.79,-2.49,-2.53,-2.53,-2.59,-2.63,-2.86,-3.23,-3.70,-4.30,-5.06,-5.55,-4.39,-3.94,-3.21,-1.61,-0.56,0.36,0.89,0.90,0.72,0.49,0.32,0.42,0.30,0.10,-0.03,-0.43,-0.29,0.13,0.61,0.76,0.46,0.46,0.60,0.32,0.07,-0.18,-0.54,-0.74,-0.73,-0.51,-0.38,-0.62,-0.73,-0.42,-0.22,-0.17,-0.38,-0.41,-0.43,-0.33,-0.48,-0.28,-0.20,-0.05,-0.02,-0.20,-0.27,-0.17,-0.26,-0.63,-0.76,-0.91,-0.71,-0.66,-0.38,-0.49,-0.56,-0.56,-0.58,-0.52,-0.39,-0.67,-0.64,-0.57,-0.53,-0.28,-0.11,-0.06,0.03,0.21,0.03,0.04,0.45,0.47,0.34,0.45,0.82,0.78,0.83,0.92,1.06,1.15,0.94,0.89,0.61,0.58
-0.24,-0.12,-0.53,-0.63,-0.98,-1.23,-1.32,-1.46,-1.32,-0.89,-0.76,-0.69,-0.76,-1.04,-1.35,-2.02,-2.05,-2.08,-2.13,-2.27,-2.49,-2.40,-2.62,-2.69,-2.70,-2.74,-2.78,-2.69,-2.60,-2.90,-2.79,-2.31,-2.36,-2.54,-2.53,-2.37,-2.54,-2.67,-2.68,-2.77,-2.92,-3.00,-2.85,-2.97,-3.10,-3.17,-3.33,-3.62,-3.28,-3.05,-3.37,-4.19,-4.65,-4.95,-4.70,-4.41,-4.43,-4.48,-4.56,-4.40,-4.11,-3.55,-3.24,-2.74,-2.56,-2.63,-2.72,-2.62,-2.77,-2.95,-3.32,-3.59,-4.45,-4.90,-4.60,-4.41,-4.30,-3.30,-1.89,-0.39,0.69,0.55,0.35,-0.58,-0.74,-0.58,-0.64,-0.68,-0.78,-0.74,-0.78,-0.05,0.62,0.79,0.56,0.44,0.50,0.34,0.16,-0.12,-0.57,-0.72,-0.68,-0.47,-0.37,-0.42,-0.64,-0.36,-0.10,-0.18,-0.22,-0.34,-0.13,-0.29,-0.26,-0.20,-0.12,-0.02,-0.01,-0.10,-0.26,-0.34,-0.36,-0.66,-0.71,-0.83,-0.86,-0.87,-0.67,-0.71,-0.63,-0.73,-0.83,-0.72,-0.66,-0.64,-0.66,-0.53,-0.61,-0.43,-0.34,-0.32,-0.27,-0.29,-0.03,-0.22,-0.10,-0.01,0.18,0.51,0.46,0.89,0.85,0.82,0.87,0.90,0.88,0.74,0.77,0.71
-0.36,-0.48,-0.52,-0.62,-0.93,-1.23,-1.40,-1.52,-1.38,-1.06,-0.96,-0.99,-1.19,-1.53,-1.84,-2.26,-2.35,-2.26,-2.17,-2.24,-2.41,-2.35,-2.55,-2.58,-2.53,-2.78,-2.87,-2.74,-2.64,-2.72,-3.03,-2.55,-2.51,-2.70,-2.64,-2.64,-2.77,-2.96,-2.97,-2.92,-3.13,-3.32,-3.23,-3.27,-3.19,-3.50,-3.90,-3.53,-3.10,-2.85,-3.17,-3.90,-4.61,-5.12,-5.06,-4.82,-4.71,-4.60,-4.66,-4.69,-4.47,-4.11,-3.68,-2.94,-2.53,-2.63,-2.56,-2.51,-2.56,-2.60,-2.76,-2.85,-3.44,-4.19,-4.41,-4.35,-4.57,-4.07,-3.39,-1.65,0.03,-0.16,-0.12,-1.01,-0.99,-1.01,-1.11,-0.91,-0.92,-0.89,-0.84,-0.16,0.46,0.80,0.79,0.56,0.39,0.19,0.00,-0.28,-0.61,-0.68,-0.58,-0.39,-0.42,-0.43,-0.48,-0.15,-0.03,0.05,0.11,0.09,0.14,0.04,0.05,0.03,0.00,-0.05,-0.02,-0.10,-0.34,-0.43,-0.41,-0.66,-0.87,-0.76,-0.92,-0.93,-0.91,-1.02,-0.84,-0.82,-0.98,-0.93,-0.83,-0.92,-0.78,-0.67,-0.66,-0.49,-0.37,-0.33,-0.33,-0.28,-0.21,-0.02,0.16,0.21,0.08,-0.06,0.26,0.41,0.57,0.82,0.93,0.84,0.99,0.90,0.80,0.76
-0.01,0.07,-0.22,-0.07,-0.38,-0.86,-1.16,-1.24,-1.70,-1.26,-1.18,-1.30,-1.52,-1.88,-2.08,-2.13,-2.35,-2.31,-2.16,-2.12,-2.26,-2.27,-2.51,-2.77,-2.86,-2.92,-2.95,-2.88,-2.95,-3.46,-3.57,-3.01,-3.30,-3.65,-3.66,-3.65,-3.77,-3.83,-4.06,-4.37,-4.44,-4.47,-4.57,-4.48,-4.36,-4.41,-4.74,-4.53,-3.77,-3.22,-2.96,-3.54,-4.27,-4.81,-4.83,-4.81,-4.85,-4.71,-4.70,-4.66,-4.52,-4.32,-4.06,-3.37,-2.59,-2.35,-2.18,-2.33,-2.36,-2.47,-2.53,-2.40,-2.79,-3.66,-4.05,-3.66,-3.87,-4.02,-3.59,-2.55,-0.97,-0.73,-0.63,-0.99,-1.06,-1.09,-1.11,-1.02,-1.08,-1.02,-0.77,-0.05,0.51,0.90,1.04,0.84,0.46,0.07,-0.27,-0.49,-0.58,-0.61,-0.48,-0.23,-0.27,-0.31,-0.39,-0.20,-0.02,0.20,0.29,0.44,0.30,0.34,0.19,0.25,0.28,0.05,-0.08,-0.16,-0.38,-0.43,-0.49,-0.82,-1.28,-0.89,-1.04,-1.09,-1.16,-1.14,-1.03,-1.01,-0.98,-0.84,-0.67,-0.99,-0.58,-0.71,-0.69,-0.58,-0.49,-0.48,-0.47,-0.62,-0.66,-0.61,-0.37,-0.20,-0.12,-0.03,0.00,0.20,0.30,0.52,0.77,0.83,0.95,0.96,0.92,0.90
0.02,0.00,-0.29,-0.33,-0.38,-0.67,-1.09,-1.50,-1.81,-1.27,-1.51,-1.61,-1.71,-1.99,-2.28,-2.02,-2.19,-2.37,-2.46,-2.54,-2.67,-2.73,-3.05,-3.43,-3.59,-3.15,-2.95,-2.86,-3.08,-3.89,-4.18,-4.06,-4.23,-4.54,-4.49,-4.52,-4.44,-4.52,-4.58,-4.68,-4.71,-4.57,-4.83,-4.64,-4.99,-4.85,-4.90,-4.73,-3.74,-2.78,-2.63,-3.09,-3.98,-4.69,-4.65,-4.66,-4.85,-4.81,-4.69,-4.62,-4.60,-4.37,-4.22,-3.72,-2.83,-2.26,-2.13,-2.23,-2.42,-2.53,-2.49,-2.26,-2.53,-3.08,-3.45,-3.09,-2.96,-3.21,-3.45,-2.55,-1.72,-1.16,-1.07,-1.12,-1.11,-1.03,-0.97,-0.92,-1.11,-0.98,-0.68,0.05,0.67,0.96,0.95,0.71,0.37,0.04,-0.24,-0.41,-0.38,-0.29,-0.20,-0.02,0.02,-0.13,-0.39,-0.18,0.02,0.15,0.23,0.44,0.45,0.50,0.49,0.56,0.65,0.28,-0.11,-0.12,-0.16,-0.38,-0.59,-0.94,-1.12,-0.97,-0.99,-0.99,-1.14,-1.26,-1.13,-0.99,-0.97,-0.96,-0.93,-1.07,-0.76,-0.73,-0.73,-0.68,-0.63,-0.64,-0.72,-0.71,-0.66,-0.51,-0.32,-0.36,-0.46,-0.21,-0.20,0.08,0.10,0.30,0.62,0.80,0.85,0.96,1.05,1.00
0.00,-0.03,-0.23,-0.72,-0.81,-1.21,-1.69,-1.79,-1.52,-1.41,-1.56,-1.74,-1.81,-1.85,-2.03,-2.35,-2.49,-2.90,-3.19,-3.31,-3.46,-3.71,-3.74,-4.01,-4.00,-3.37,-2.95,-2.67,-2.81,-3.70,-4.37,-4.36,-4.32,-4.52,-4.56,-4.68,-4.47,-4.43,-4.48,-4.60,-4.70,-4.73,-4.86,-4.71,-4.78,-4.61,-4.73,-4.54,-3.75,-2.92,-2.55,-2.83,-3.74,-4.32,-4.35,-4.39,-4.47,-4.64,-4.68,-4.49,-4.56,-4.41,-4.26,-3.84,-3.24,-2.63,-2.24,-2.17,-2.47,-2.51,-2.40,-2.28,-2.31,-2.64,-3.05,-2.94,-2.58,-2.45,-3.04,-2.49,-1.94,-1.33,-1.11,-1.09,-0.99,-0.92,-1.04,-0.96,-1.12,-1.04,-0.73,0.00,0.76,1.04,0.93,0.60,0.23,0.03,-0.16,-0.32,-0.24,-0.03,0.05,0.20,0.18,-0.07,-0.26,0.07,0.08,0.25,0.29,0.36,0.50,0.52,0.72,0.85,0.96,0.56,0.00,-0.12,-0.21,-0.57,-0.67,-0.87,-0.88,-0.71,-0.87,-0.97,-0.98,-1.19,-1.22,-1.09,-1.12,-1.11,-0.99,-0.99,-0.91,-0.79,-0.78,-0.92,-0.91,-0.81,-0.83,-0.62,-0.94,-0.78,-0.44,-0.29,-0.34,-0.16,-0.36,-0.23,-0.16,0.04,0.32,0.45,0.63,0.73,0.92,0.98
-0.01,-0.08,-0.54,-0.92,-1.66,-2.13,-2.05,-1.71,-1.80,-1.60,-1.51,-1.56,-1.71,-1.97,-2.33,-2.96,-3.40,-3.80,-3.85,-3.77,-3.88,-4.11,-3.80,-4.13,-3.98,-3.35,-2.79,-2.55,-2.85,-3.58,-4.11,-4.22,-4.33,-4.50,-4.56,-4.61,-4.61,-4.52,-4.33,-4.19,-4.30,-4.47,-4.53,-4.68,-4.93,-4.65,-4.68,-4.23,-3.27,-2.64,-2.49,-2.70,-3.43,-3.83,-3.83,-4.00,-4.19,-4.33,-4.41,-4.39,-4.52,-4.40,-4.22,-4.02,-3.65,-2.86,-2.19,-2.26,-2.39,-2.51,-2.54,-2.54,-2.19,-2.36,-2.79,-2.73,-2.49,-2.31,-2.44,-2.39,-1.94,-1.38,-1.07,-0.96,-0.94,-0.77,-1.02,-1.13,-1.12,-1.04,-0.79,0.02,0.80,1.04,0.96,0.78,0.46,0.19,-0.02,-0.23,-0.20,-0.02,0.02,0.23,0.16,0.07,0.02,0.16,0.19,0.26,0.41,0.41,0.47,0.44,0.69,1.00,1.11,0.79,0.21,-0.17,-0.32,-0.47,-0.43,-0.38,-0.81,-0.84,-0.87,-0.96,-1.02,-0.97,-0.97,-1.01,-1.02,-1.21,-0.91,-1.13,-0.96,-0.91,-0.86,-0.91,-0.96,-0.88,-0.83,-0.69,-1.01,-0.89,-0.64,-0.52,-0.54,-0.41,-0.26,-0.20,-0.22,-0.15,-0.01,0.07,0.32,0.42,0.63,0.85
-0.15,-0.24,-1.13,-1.88,-2.73,-2.69,-2.23,-1.88,-1.46,-1.47,-1.72,-2.00,-2.36,-2.83,-3.26,-3.74,-3.66,-3.83,-4.00,-3.97,-3.87,-4.00,-3.88,-4.01,-3.88,-3.00,-2.51,-2.47,-2.94,-3.67,-3.89,-3.96,-4.02,-4.28,-4.31,-4.10,-4.23,-4.22,-3.83,-3.77,-4.18,-4.35,-4.23,-4.10,-4.26,-4.52,-4.33,-3.68,-2.88,-2.40,-2.05,-2.32,-2.77,-3.06,-3.26,-3.52,-3.83,-3.94,-3.94,-3.97,-4.01,-4.10,-4.01,-3.92,-3.58,-2.77,-2.16,-2.37,-2.24,-2.60,-2.60,-2.73,-2.23,-2.23,-2.32,-2.32,-2.50,-2.35,-2.35,-2.14,-1.79,-1.36,-1.14,-1.06,-1.06,-0.91,-0.98,-1.02,-1.06,-1.01,-0.81,0.05,0.78,1.03,1.09,1.18,0.99,0.44,0.10,-0.06,-0.11,0.02,-0.03,0.02,0.05,0.19,0.15,0.21,0.32,0.16,0.45,0.41,0.40,0.47,0.74,1.01,1.04,0.77,0.40,0.05,-0.26,-0.34,-0.17,-0.42,-0.72,-0.92,-0.86,-0.83,-0.96,-0.89,-0.78,-0.96,-1.16,-0.93,-0.89,-1.33,-0.98,-0.93,-1.04,-1.02,-0.94,-1.01,-0.96,-0.72,-0.91,-0.97,-0.72,-0.54,-0.79,-0.66,-0.26,-0.21,-0.24,-0.28,-0.23,-0.02,0.09,0.34,0.49,0.61
-0.58,-0.84,-1.94,-2.95,-3.26,-2.95,-2.36,-1.71,-1.30,-1.33,-1.86,-2.40,-2.76,-3.09,-3.53,-3.84,-3.81,-3.97,-4.05,-3.87,-3.70,-3.94,-4.05,-4.10,-3.67,-2.63,-2.27,-2.27,-2.74,-3.43,-3.57,-3.48,-3.41,-3.80,-3.44,-3.28,-3.44,-3.40,-2.91,-2.72,-2.95,-3.12,-3.27,-3.15,-3.05,-3.40,-3.18,-2.32,-2.04,-1.88,-2.12,-2.16,-2.22,-2.10,-2.09,-2.55,-3.06,-3.35,-3.43,-3.35,-3.39,-3.44,-3.33,-3.27,-3.32,-2.74,-2.31,-2.09,-2.16,-2.50,-2.49,-2.54,-2.41,-2.31,-2.02,-1.99,-2.41,-2.02,-2.12,-1.99,-1.60,-1.37,-1.13,-1.27,-1.22,-1.08,-1.14,-0.97,-1.03,-0.93,-0.68,0.07,0.80,1.18,1.34,1.44,1.21,0.51,0.07,-0.02,-0.08,0.04,0.05,-0.10,-0.07,0.09,0.14,0.24,0.25,0.21,0.39,0.41,0.39,0.52,0.68,0.77,0.80,0.55,0.34,0.31,-0.05,0.15,0.09,0.07,-0.62,-0.71,-0.77,-0.93,-0.93,-0.93,-0.92,-0.88,-0.94,-0.97,-0.86,-1.07,-0.96,-0.96,-0.91,-0.87,-0.86,-0.87,-1.04,-0.88,-0.99,-1.03,-0.83,-0.61,-0.88,-0.73,-0.51,-0.54,-0.54,-0.47,-0.42,-0.15,-0.12,0.19,0.26,0.21
-1.07,-1.70,-2.79,-3.39,-3.23,-2.64,-1.84,-1.28,-1.33,-1.50,-2.17,-2.55,-2.91,-3.26,-3.54,-3.79,-3.72,-3.88,-3.88,-3.77,-3.74,-3.83,-3.98,-3.88,-3.33,-2.12,-1.66,-1.94,-2.42,-2.77,-2.88,-2.74,-2.69,-2.67,-2.18,-2.03,-2.08,-1.84,-1.41,-1.23,-1.36,-1.48,-1.42,-1.37,-1.41,-1.32,-1.14,-0.82,-1.45,-1.79,-1.57,-1.69,-1.74,-1.65,-1.80,-2.04,-2.30,-2.39,-2.53,-2.70,-2.69,-2.70,-2.74,-2.69,-2.82,-2.62,-2.37,-2.16,-2.10,-2.39,-2.49,-2.54,-2.40,-2.31,-2.00,-2.02,-2.14,-1.71,-1.53,-1.55,-1.53,-1.42,-1.19,-1.38,-1.43,-1.09,-1.16,-1.06,-1.12,-0.88,-0.59,0.15,0.96,1.28,1.22,1.04,0.74,0.35,0.07,-0.07,-0.01,0.03,-0.03,-0.18,-0.05,0.04,0.11,0.21,0.31,0.24,0.26,0.35,0.47,0.35,0.60,0.61,0.60,0.40,0.02,0.04,-0.07,0.04,-0.13,-0.29,-0.51,-0.89,-0.84,-0.68,-0.76,-0.86,-0.91,-1.04,-1.09,-1.23,-1.02,-0.87,-0.96,-0.96,-0.83,-0.71,-0.73,-0.76,-0.87,-0.88,-1.06,-1.12,-0.94,-0.78,-1.11,-0.84,-0.74,-0.77,-0.73,-0.57,-0.46,-0.34,-0.31,-0.05,0.08,0.03
-1.11,-2.05,-3.06,-3.23,-2.86,-1.88,-1.06,-0.86,-1.27,-1.65,-2.31,-2.59,-2.86,-3.21,-3.44,-3.37,-3.59,-3.62,-3.75,-3.79,-3.67,-3.61,-3.62,-3.61,-2.86,-1.64,-1.02,-1.24,-1.76,-2.08,-2.00,-1.65,-1.59,-1.28,-1.06,-0.88,-0.74,-0.66,-0.49,-0.42,-0.58,-0.68,-0.58,-0.67,-0.81,-0.76,-0.57,-0.66,-0.97,-1.46,-1.69,-1.64,-1.94,-1.93,-1.83,-1.75,-1.93,-2.14,-2.23,-2.23,-2.22,-2.46,-2.60,-2.62,-2.76,-2.68,-2.53,-2.45,-2.26,-2.53,-2.35,-2.60,-2.40,-2.28,-2.00,-2.17,-2.09,-1.83,-1.27,-1.22,-1.45,-1.30,-1.38,-1.51,-1.57,-1.21,-1.12,-1.04,-1.18,-1.06,-0.68,0.25,1.07,1.16,0.89,0.57,0.28,0.14,0.04,0.05,0.25,0.20,0.09,-0.02,0.16,0.23,0.28,0.19,0.52,0.53,0.51,0.50,0.55,0.51,0.72,0.78,0.88,0.74,0.25,0.11,0.04,0.04,0.00,-0.29,-0.52,-0.82,-0.79,-0.68,-0.79,-0.82,-0.78,-0.98,-0.94,-1.13,-1.11,-0.94,-1.01,-0.93,-0.86,-0.77,-0.68,-0.84,-0.83,-0.89,-1.08,-1.16,-0.99,-0.83,-1.32,-0.96,-0.91,-0.82,-0.77,-0.79,-0.62,-0.48,-0.54,-0.36,-0.15,-0.07
-1.32,-1.91,-2.27,-2.62,-2.22,-1.33,-0.73,-0.67,-1.07,-1.66,-2.44,-2.68,-2.83,-3.01,-3.18,-3.31,-3.22,-3.32,-3.36,-3.43,-3.44,-3.41,-3.53,-3.53,-2.47,-1.19,-0.72,-0.68,-0.96,-1.19,-0.98,-0.54,-0.62,-0.51,-0.47,-0.47,-0.37,-0.52,-0.42,-0.41,-0.62,-0.74,-0.71,-0.74,-0.64,-0.68,-0.44,-0.71,-1.07,-1.53,-1.66,-1.80,-1.70,-1.60,-1.90,-2.16,-2.31,-2.28,-2.35,-2.41,-2.36,-2.53,-2.60,-2.77,-3.00,-2.82,-2.41,-2.35,-2.33,-2.68,-2.47,-2.50,-2.50,-2.37,-2.12,-2.23,-2.22,-1.80,-1.27,-1.27,-1.32,-1.37,-1.42,-1.28,-1.16,-1.04,-1.14,-1.06,-0.98,-0.88,-0.54,0.28,0.99,1.07,0.87,0.65,0.50,0.51,0.47,0.58,0.77,0.87,0.82,0.61,0.65,0.74,0.47,0.90,1.07,0.96,1.04,1.16,1.37,1.33,1.22,1.17,1.28,1.07,0.46,0.42,0.26,0.13,-0.29,-0.23,-0.44,-0.69,-0.76,-0.73,-0.86,-0.93,-0.81,-0.82,-1.04,-1.26,-0.96,-0.98,-1.03,-0.89,-0.78,-0.83,-0.88,-0.99,-0.96,-1.09,-1.23,-1.18,-1.01,-1.01,-1.17,-0.94,-0.81,-0.84,-0.88,-0.82,-0.58,-0.58,-0.39,-0.34,-0.28,-0.17
-0.74,-0.89,-1.22,-1.83,-1.52,-0.94,-0.53,-0.41,-0.67,-1.52,-2.26,-2.59,-2.68,-2.81,-3.00,-3.10,-3.01,-2.99,-2.96,-2.92,-2.99,-3.10,-3.01,-2.82,-1.41,-0.76,-0.39,-0.52,-0.62,-0.58,-0.47,-0.31,-0.44,-0.32,-0.72,-0.62,-0.78,-0.81,-0.64,-0.69,-0.88,-1.01,-1.06,-1.01,-1.02,-0.88,-0.77,-0.88,-1.27,-1.57,-1.61,-2.07,-2.05,-1.89,-1.99,-1.89,-1.86,-2.02,-2.18,-2.58,-2.77,-2.55,-2.70,-2.73,-2.45,-2.58,-2.39,-2.65,-2.54,-2.63,-2.91,-2.72,-2.55,-2.46,-2.26,-2.28,-2.03,-1.66,-1.43,-1.37,-1.17,-1.32,-1.22,-0.89,-0.52,-0.74,-1.16,-1.04,-0.91,-0.71,-0.44,0.11,0.96,1.31,1.14,1.10,1.28,1.49,1.39,1.48,1.36,1.38,1.33,1.26,1.27,0.92,1.09,1.43,1.59,1.73,1.68,1.72,1.71,1.48,1.44,1.42,1.49,1.39,0.87,0.65,0.24,0.25,-0.01,-0.05,-0.36,-0.52,-0.54,-0.64,-0.77,-0.86,-0.86,-0.86,-1.14,-1.22,-0.98,-0.99,-0.97,-0.87,-0.81,-0.94,-1.14,-1.02,-0.94,-1.14,-1.27,-1.26,-1.18,-1.16,-1.41,-1.03,-0.84,-0.79,-0.83,-0.86,-0.54,-0.69,-0.56,-0.57,-0.58,-0.38
-0.51,-0.69,-0.88,-0.99,-1.03,-0.56,-0.02,0.25,-0.11,-1.17,-1.80,-2.28,-2.39,-2.49,-2.65,-2.78,-2.74,-2.51,-2.46,-2.33,-2.31,-2.26,-2.10,-2.17,-1.37,-0.88,-1.16,-1.33,-1.04,-0.76,-0.63,-0.56,-0.62,-0.91,-1.37,-0.93,-1.23,-1.14,-0.98,-1.13,-1.36,-1.50,-1.61,-1.59,-1.64,-1.52,-1.66,-1.38,-1.59,-1.67,-1.85,-2.19,-1.98,-2.04,-2.16,-2.12,-2.10,-2.19,-2.37,-2.60,-2.65,-2.55,-2.59,-2.50,-2.46,-2.49,-2.56,-2.56,-2.54,-2.58,-2.53,-2.59,-2.59,-2.62,-2.31,-2.36,-2.31,-1.80,-1.48,-1.36,-1.22,-1.08,-0.74,-0.61,-0.24,-0.38,-0.74,-0.86,-0.88,-0.67,-0.43,0.23,1.15,1.54,1.56,1.66,1.97,2.16,1.91,1.73,1.76,1.67,1.49,1.62,1.46,1.26,1.23,1.66,1.64,1.70,1.74,1.71,1.85,1.70,1.57,1.62,1.56,1.36,1.07,0.87,0.52,0.41,0.02,0.24,-0.21,-0.36,-0.33,-0.51,-0.71,-0.76,-0.83,-0.82,-1.04,-1.09,-0.98,-0.97,-0.93,-0.82,-0.83,-1.03,-1.08,-0.81,-0.84,-0.89,-0.92,-0.97,-1.02,-1.08,-1.24,-1.11,-1.19,-1.16,-1.01,-1.03,-0.79,-0.81,-0.68,-0.67,-0.73,-0.58
-0.01,-0.08,-0.27,-0.15,-0.13,0.08,0.30,0.32,-0.05,-0.81,-1.70,-2.00,-1.98,-1.99,-2.16,-2.35,-2.36,-1.98,-1.94,-1.88,-1.88,-1.72,-1.52,-1.53,-0.82,-0.37,-0.54,-0.72,-0.53,-0.27,-0.39,-0.84,-1.27,-1.62,-1.56,-1.23,-1.45,-1.60,-1.32,-1.55,-1.88,-1.93,-1.94,-1.98,-2.00,-1.97,-2.08,-1.91,-1.85,-1.91,-1.94,-2.24,-2.14,-2.30,-2.39,-2.32,-2.28,-2.19,-2.26,-2.40,-2.39,-2.46,-2.53,-2.53,-2.53,-2.46,-2.53,-2.44,-2.37,-2.22,-2.00,-1.93,-2.33,-2.42,-2.16,-2.03,-2.04,-1.46,-1.37,-1.42,-1.06,-1.22,-0.88,-0.62,-0.44,-0.42,-0.56,-0.64,-0.81,-0.61,-0.27,0.53,1.32,1.57,1.66,1.64,1.90,2.03,1.91,1.89,1.94,1.73,1.56,1.61,1.64,1.70,1.45,1.83,1.70,1.89,1.93,1.73,1.72,1.70,1.70,1.66,1.48,1.18,0.93,0.93,0.61,0.65,0.30,0.29,0.00,-0.16,-0.29,-0.46,-0.59,-0.71,-0.81,-0.82,-0.86,-1.06,-0.97,-0.92,-0.87,-0.77,-0.67,-0.72,-0.89,-0.66,-0.59,-0.82,-0.92,-0.91,-0.91,-0.91,-0.94,-0.93,-1.02,-1.07,-1.01,-0.97,-0.93,-0.84,-0.81,-0.82,-0.83,-0.78
0.53,0.62,0.44,0.32,0.10,0.21,0.14,-0.06,-0.28,-0.63,-1.51,-1.66,-1.52,-1.53,-1.69,-1.80,-1.78,-1.67,-1.65,-1.52,-1.55,-1.51,-1.24,-1.06,-1.03,-0.92,-1.12,-0.96,-1.13,-1.22,-1.26,-1.55,-1.71,-1.84,-1.64,-1.53,-1.55,-1.65,-1.50,-1.67,-1.84,-1.88,-1.94,-2.05,-2.18,-2.18,-2.36,-2.88,-2.35,-2.24,-2.17,-2.10,-2.27,-2.24,-2.31,-2.21,-2.21,-2.18,-2.18,-2.13,-2.18,-2.35,-2.40,-2.40,-2.27,-2.28,-2.03,-2.13,-1.95,-1.84,-1.75,-1.65,-1.76,-2.21,-1.74,-1.80,-1.79,-1.79,-1.46,-1.61,-1.30,-0.99,-0.74,-0.53,-0.54,-0.64,-0.58,-0.66,-0.77,-0.68,-0.26,0.62,1.38,1.66,1.64,1.59,1.84,1.88,1.96,2.02,1.77,1.71,1.78,1.67,1.44,1.62,1.61,1.61,1.66,1.71,1.82,1.79,1.72,1.67,1.64,1.54,1.36,1.21,0.88,0.80,0.61,0.65,0.40,0.28,0.09,-0.08,-0.29,-0.46,-0.51,-0.64,-0.82,-0.78,-0.98,-1.02,-1.07,-1.01,-0.78,-0.67,-0.87,-0.89,-0.79,-0.62,-0.39,-0.67,-0.94,-0.96,-0.98,-0.97,-1.19,-1.22,-1.07,-1.03,-1.14,-1.04,-0.99,-0.93,-0.92,-0.91,-0.83,-0.74
0.47,0.47,0.39,0.29,0.36,0.37,0.18,0.03,-0.23,-0.71,-1.11,-1.43,-1.41,-1.28,-1.32,-1.36,-1.22,-1.62,-1.55,-1.41,-1.42,-1.52,-1.45,-1.11,-1.22,-1.08,-1.18,-1.16,-1.18,-1.17,-1.31,-1.30,-0.97,-1.31,-1.42,-1.90,-1.47,-1.57,-1.55,-1.57,-1.51,-1.74,-2.02,-2.32,-2.97,-3.36,-3.72,-3.97,-3.53,-3.10,-2.16,-1.61,-1.94,-2.02,-2.13,-2.00,-1.93,-1.91,-1.89,-1.88,-2.02,-2.17,-2.12,-1.99,-1.89,-1.83,-1.61,-1.35,-1.47,-1.40,-1.55,-1.26,-1.43,-1.71,-1.40,-1.23,-1.19,-1.17,-1.03,-1.03,-0.92,-0.87,-0.73,-0.54,-0.38,-0.51,-0.67,-0.76,-0.82,-0.47,-0.06,0.53,1.48,1.87,1.73,1.77,1.90,1.90,2.03,2.03,1.99,1.84,1.87,1.93,1.82,1.60,1.71,1.66,1.85,1.79,1.87,1.83,1.71,1.67,1.70,1.72,1.61,1.37,1.00,0.83,0.82,0.60,0.36,0.29,0.14,-0.06,-0.24,-0.43,-0.46,-0.47,-0.69,-0.49,-1.04,-0.99,-1.02,-0.98,-0.87,-0.86,-0.96,-0.68,-0.82,-0.86,-0.72,-0.87,-1.04,-0.97,-0.72,-0.86,-1.14,-1.24,-1.12,-1.07,-1.35,-1.18,-1.14,-1.13,-1.11,-0.96,-0.72,-0.58
0.21,0.30,0.35,0.35,0.24,0.24,0.09,-0.03,-0.33,-0.72,-0.88,-1.01,-1.06,-1.14,-1.18,-1.14,-1.23,-1.59,-1.45,-1.62,-1.70,-1.99,-2.00,-1.33,-1.07,-1.09,-0.93,-0.88,-0.89,-0.92,-1.03,-1.13,-1.17,-1.30,-1.36,-1.07,-1.08,-1.09,-0.92,-1.14,-1.24,-1.46,-1.72,-2.45,-3.75,-4.60,-5.14,-5.07,-4.96,-4.05,-1.85,-1.26,-1.59,-1.66,-1.71,-1.62,-1.66,-1.60,-1.53,-1.64,-1.85,-1.94,-1.80,-1.66,-1.59,-1.43,-1.28,-1.14,-1.31,-1.37,-1.21,-1.16,-1.41,-1.70,-1.19,-1.14,-1.06,-0.94,-0.82,-0.73,-0.81,-0.66,-0.76,-0.58,-0.67,-0.73,-0.73,-0.61,-0.42,-0.27,0.03,0.61,1.32,1.67,1.68,1.93,2.17,2.25,2.01,1.90,1.90,1.90,1.89,1.78,1.79,1.74,1.88,1.91,1.88,1.76,1.95,1.97,2.01,1.91,1.73,1.66,1.56,1.43,1.17,0.82,0.92,0.73,0.45,0.32,0.21,-0.03,-0.18,-0.24,-0.37,-0.28,-0.54,-0.47,-0.66,-0.84,-0.93,-1.01,-1.03,-1.01,-0.96,-0.72,-0.74,-0.94,-0.94,-0.87,-0.83,-0.92,-0.88,-0.78,-1.21,-1.19,-1.02,-0.98,-1.19,-1.14,-1.17,-1.17,-1.16,-1.02,-0.69,-0.66
0.31,0.45,0.47,0.34,0.00,0.18,0.10,0.02,-0.08,-0.28,-0.58,-0.64,-0.74,-0.98,-0.91,-0.81,-1.03,-1.32,-1.61,-2.04,-2.37,-2.68,-2.58,-1.98,-1.18,-0.57,-0.62,-0.38,-0.38,-0.51,-0.73,-0.79,-0.62,-0.71,-1.07,-0.82,-0.89,-0.86,-0.59,-0.78,-0.98,-1.16,-1.35,-1.76,-2.51,-3.41,-4.22,-4.58,-4.18,-3.30,-1.56,-1.21,-1.42,-1.38,-1.40,-1.52,-1.50,-1.38,-1.32,-1.52,-1.76,-1.78,-1.69,-1.64,-1.55,-1.32,-1.21,-1.17,-1.26,-1.21,-0.93,-0.98,-0.84,-1.08,-0.81,-0.68,-0.73,-0.58,-0.52,-0.82,-1.18,-0.94,-0.69,-0.82,-0.73,-0.66,-0.46,-0.57,-0.54,-0.23,0.09,0.36,0.79,1.33,1.53,1.91,2.16,2.23,2.07,2.12,1.94,1.93,1.95,1.78,1.87,1.71,1.84,1.76,1.84,1.95,2.00,1.93,1.96,1.93,1.76,1.71,1.55,1.50,1.31,0.85,0.80,0.84,0.56,0.40,0.23,-0.05,-0.10,0.02,-0.22,-0.22,-0.63,-0.64,-0.77,-0.82,-0.72,-0.67,-0.71,-0.69,-0.82,-0.61,-0.84,-0.87,-0.94,-0.93,-0.86,-0.92,-1.01,-0.88,-1.06,-1.06,-0.89,-0.87,-0.93,-0.98,-0.98,-0.93,-0.91,-0.91,-0.67,-0.72
0.58,0.56,0.46,0.25,0.02,0.19,-0.01,0.03,0.02,-0.08,-0.18,-0.43,-0.43,-0.56,-0.49,-0.54,-0.84,-1.09,-2.04,-2.51,-3.01,-3.12,-3.01,-2.47,-1.18,0.05,-0.22,-0.21,-0.26,-0.36,-0.56,-0.57,-0.43,-0.42,-0.48,-0.52,-0.61,-0.66,-0.61,-0.52,-0.67,-1.06,-1.27,-1.24,-1.24,-1.41,-1.61,-1.72,-1.47,-1.57,-1.31,-1.14,-1.35,-1.28,-1.24,-1.42,-1.35,-1.12,-1.02,-1.33,-1.71,-1.76,-1.62,-1.61,-1.55,-1.37,-1.19,-1.18,-1.23,-1.09,-1.06,-0.88,-0.79,-1.07,-0.97,-0.92,-0.91,-0.87,-0.69,-0.63,-0.88,-1.04,-0.83,-0.87,-1.12,-1.16,-0.94,-0.74,-0.37,0.00,0.15,0.34,0.85,1.40,1.54,1.64,1.87,2.13,2.00,2.07,2.05,1.87,1.77,1.82,1.91,1.90,1.87,1.80,1.93,1.96,2.00,1.95,1.89,1.85,1.73,1.59,1.51,1.54,1.31,0.95,0.74,0.68,0.53,0.45,0.25,0.04,-0.01,-0.03,-0.11,-0.18,-0.61,-0.68,-0.74,-0.71,-0.68,-0.67,-0.78,-0.86,-0.64,-0.64,-0.64,-0.77,-0.82,-0.83,-0.84,-0.87,-0.97,-0.93,-0.96,-0.93,-0.89,-0.87,-0.93,-0.92,-0.97,-1.02,-0.97,-0.73,-0.66,-0.86
0.87,0.53,0.39,0.32,0.25,0.26,0.15,0.24,0.26,0.13,-0.12,-0.20,-0.28,-0.12,-0.29,-0.49,-0.46,-0.43,-1.11,-2.02,-2.73,-3.05,-2.74,-1.83,-0.69,0.19,-0.08,-0.22,-0.21,-0.29,-0.43,-0.43,-0.43,-0.46,-0.42,-0.54,-0.51,-0.71,-0.47,-0.59,-0.69,-0.86,-0.99,-1.01,-0.93,-0.88,-0.93,-0.84,-0.72,-1.01,-0.98,-0.88,-1.16,-1.03,-0.93,-0.97,-0.77,-0.64,-0.74,-0.98,-1.33,-1.61,-1.61,-1.60,-1.51,-1.28,-1.17,-1.27,-1.08,-1.14,-1.21,-1.02,-0.76,-1.19,-1.16,-1.07,-0.81,-0.81,-0.66,-0.62,-0.84,-0.88,-0.73,-0.82,-0.94,-0.92,-0.79,-0.53,-0.08,0.41,0.60,0.52,0.84,1.45,1.62,1.67,1.94,2.13,1.93,2.11,1.93,1.94,1.90,1.85,1.96,1.89,2.03,1.96,2.00,2.05,1.99,2.03,2.02,1.84,1.67,1.59,1.57,1.53,1.21,0.98,0.82,0.49,0.39,0.50,0.52,0.30,0.04,-0.06,-0.03,-0.11,-0.48,-0.71,-0.69,-0.56,-0.69,-0.92,-0.93,-0.78,-0.78,-0.79,-0.76,-0.81,-0.82,-0.78,-0.81,-0.82,-0.92,-0.89,-0.96,-0.98,-0.92,-0.91,-0.87,-0.91,-0.99,-1.01,-0.92,-0.73,-0.71,-0.78
1.00,0.67,0.52,0.49,0.46,0.41,0.46,0.46,0.49,0.29,0.00,-0.02,-0.15,-0.07,-0.20,-0.26,-0.16,-0.02,-0.43,-0.37,-0.56,-0.88,-0.99,-0.72,-0.24,0.04,-0.17,-0.16,-0.22,-0.33,-0.39,-0.39,-0.43,-0.43,-0.39,-0.51,-0.33,-0.53,-0.54,-0.64,-0.82,-0.88,-0.99,-1.06,-1.06,-0.99,-0.72,-0.71,-0.78,-0.82,-0.58,-0.54,-0.69,-0.39,-0.32,-0.21,0.04,-0.05,-0.26,-0.32,-0.63,-1.11,-1.28,-1.36,-1.36,-1.07,-1.09,-1.31,-1.19,-1.17,-1.27,-1.01,-0.92,-1.11,-1.02,-0.89,-0.96,-0.86,-0.73,-0.82,-0.98,-1.03,-0.99,-1.17,-1.19,-1.16,-0.79,-0.18,0.34,0.87,1.04,0.76,0.99,1.50,1.51,1.68,1.96,2.13,1.95,1.84,1.93,2.06,1.82,1.73,1.97,1.80,1.96,2.00,2.05,2.06,2.01,2.02,2.06,1.88,1.70,1.80,1.79,1.60,1.28,1.17,0.92,0.65,0.47,0.40,0.31,0.18,-0.01,0.02,-0.01,0.16,-0.44,-0.42,-0.56,-0.63,-0.69,-0.83,-0.87,-0.62,-0.67,-0.51,-0.72,-0.78,-0.79,-0.79,-0.77,-0.74,-0.89,-0.83,-0.78,-0.86,-1.02,-0.89,-0.96,-0.91,-0.84,-0.83,-0.88,-0.78,-0.82,-0.93
0.99,0.72,0.78,0.66,0.42,0.39,0.28,0.56,0.55,0.35,0.16,0.02,0.04,-0.03,-0.10,-0.21,-0.20,0.02,0.02,0.00,-0.10,-0.08,0.10,0.11,-0.05,0.04,0.03,-0.16,-0.31,-0.31,-0.31,-0.32,-0.33,-0.31,-0.29,-0.37,-0.51,-0.46,-0.67,-0.76,-0.96,-0.97,-0.93,-1.03,-1.16,-1.06,-0.86,-0.74,-0.37,-0.72,-0.17,-0.11,0.18,0.44,0.58,0.74,0.76,0.77,0.73,0.68,0.34,-0.20,-0.56,-0.86,-1.02,-0.91,-0.99,-1.23,-1.16,-1.19,-1.03,-0.92,-0.96,-0.93,-1.06,-0.84,-0.89,-0.99,-1.03,-1.13,-1.16,-1.16,-1.04,-1.19,-1.22,-0.93,-0.49,0.15,0.84,1.22,1.21,1.11,1.26,1.50,1.44,1.71,1.99,1.97,1.82,1.85,1.94,2.11,1.78,1.76,2.02,1.83,1.88,2.00,2.03,2.02,2.01,1.99,1.94,1.90,1.78,1.72,1.61,1.60,1.40,1.23,0.85,0.67,0.56,0.51,0.42,0.18,0.03,-0.01,0.03,-0.08,-0.36,-0.47,-0.57,-0.71,-0.77,-0.74,-0.69,-0.49,-0.58,-0.34,-0.58,-0.72,-0.72,-0.73,-0.79,-0.72,-0.78,-0.53,-0.53,-0.76,-0.86,-0.76,-1.03,-0.94,-0.86,-0.86,-0.84,-0.87,-0.76,-0.79
1.28,1.11,1.00,0.84,0.67,0.52,0.55,0.82,0.62,0.42,0.25,0.05,0.04,0.11,-0.02,-0.13,-0.15,-0.12,-0.02,0.25,0.16,0.20,0.18,0.13,0.15,0.11,-0.03,-0.18,-0.11,-0.05,-0.22,-0.26,-0.24,-0.28,-0.27,-0.37,-0.61,-0.57,-0.72,-0.72,-0.86,-0.93,-0.89,-0.87,-0.93,-0.94,-0.77,-0.48,-0.33,0.10,0.32,0.93,1.00,1.00,1.26,1.38,1.46,1.57,1.60,1.56,1.29,0.84,0.37,-0.11,-0.53,-0.78,-0.92,-1.08,-1.06,-1.18,-0.93,-0.91,-1.03,-1.03,-0.99,-0.79,-0.96,-1.14,-1.24,-1.30,-1.18,-1.31,-1.23,-1.22,-1.16,-0.79,-0.26,0.37,1.03,1.26,1.26,1.38,1.42,1.46,1.40,1.71,1.79,1.79,1.82,1.88,1.80,2.01,1.77,1.79,1.88,1.80,1.80,1.87,1.93,2.01,2.00,1.95,1.93,1.88,1.87,1.49,1.34,1.53,1.22,0.99,0.67,0.39,0.41,0.47,0.29,-0.03,-0.16,-0.24,-0.07,-0.33,-0.42,-0.52,-0.64,-0.69,-0.74,-0.79,-0.68,-0.56,-0.42,-0.37,-0.48,-0.66,-0.66,-0.61,-0.97,-0.79,-0.72,-0.62,-0.73,-0.97,-1.02,-0.87,-1.01,-0.92,-0.81,-0.82,-0.73,-0.82,-0.72,-0.69
1.25,1.06,0.88,0.65,0.42,0.39,0.61,0.46,0.51,0.47,0.36,0.19,0.05,0.13,-0.02,-0.05,-0.06,-0.06,0.08,0.40,0.28,0.10,0.07,0.16,0.25,0.21,-0.02,-0.02,-0.26,-0.15,-0.31,-0.31,-0.32,-0.34,-0.34,-0.46,-0.54,-0.78,-0.69,-0.57,-0.83,-0.88,-0.94,-0.98,-0.88,-0.69,-0.42,-0.08,0.19,0.67,1.00,1.39,1.64,1.65,1.48,1.40,1.46,1.61,1.61,1.64,1.66,1.46,1.26,0.88,0.16,-0.36,-0.72,-0.93,-0.98,-1.08,-1.09,-0.94,-0.91,-1.01,-0.83,-0.63,-0.97,-1.21,-1.40,-1.32,-0.98,-1.08,-1.11,-0.96,-0.77,-0.44,0.10,0.67,1.10,1.18,1.21,1.40,1.50,1.48,1.45,1.74,1.68,1.74,1.96,1.84,1.71,1.85,1.70,1.77,1.68,1.71,1.59,1.54,1.68,1.90,1.93,1.78,1.74,1.67,1.62,1.38,1.23,1.31,1.01,0.58,0.57,0.34,0.15,0.16,0.08,-0.15,-0.11,-0.41,-0.28,-0.51,-0.49,-0.57,-0.58,-0.68,-0.81,-0.77,-0.63,-0.63,-0.37,-0.33,-0.38,-0.56,-0.62,-0.41,-0.97,-0.79,-0.72,-0.59,-0.56,-0.74,-0.99,-0.81,-0.86,-0.91,-0.83,-0.63,-0.56,-0.71,-0.63,-0.68
1.16,1.09,0.89,0.49,0.28,0.36,0.41,0.46,0.35,0.25,0.28,0.39,0.41,-0.12,0.02,0.04,0.02,-0.02,0.05,0.26,0.25,0.26,0.13,0.11,0.26,0.21,-0.18,-0.03,0.11,0.02,-0.18,-0.27,-0.27,-0.31,-0.38,-0.43,-0.49,-0.73,-0.54,-0.48,-0.66,-0.79,-0.84,-0.78,-0.49,-0.21,0.08,0.61,1.09,1.18,1.36,1.39,1.32,1.56,1.39,1.50,1.28,1.40,1.56,1.55,1.60,1.66,1.74,1.61,1.09,0.46,-0.29,-0.76,-0.89,-1.03,-1.12,-0.92,-0.68,-0.92,-0.67,-0.69,-0.74,-0.99,-1.22,-1.17,-0.71,-0.73,-0.77,-0.58,-0.31,0.00,0.40,0.88,0.90,0.57,0.68,1.11,1.36,1.43,1.45,1.59,1.62,1.74,1.60,1.68,1.50,1.55,1.50,1.65,1.56,1.50,1.27,1.16,1.37,1.57,1.48,1.21,1.06,0.87,0.88,0.85,0.80,0.92,0.76,0.37,0.40,0.34,0.21,0.21,0.15,-0.03,-0.20,-0.15,-0.21,-0.32,-0.51,-0.56,-0.47,-0.56,-0.77,-0.59,-0.39,-0.52,-0.61,-0.41,-0.37,-0.44,-0.39,-0.15,-0.47,-0.63,-0.62,-0.54,-0.54,-0.71,-0.87,-0.84,-0.76,-0.82,-0.82,-0.56,-0.54,-0.67,-0.63,-0.67
1.17,0.99,0.71,0.35,0.26,0.35,0.47,0.57,0.50,0.44,0.50,0.45,0.15,0.02,0.09,0.08,0.00,-0.03,0.02,0.18,0.29,0.45,0.19,0.24,0.31,0.09,-0.12,0.19,-0.03,0.41,0.31,0.14,-0.16,-0.29,-0.28,-0.32,-0.44,-0.41,-0.39,-0.39,-0.57,-0.76,-0.57,-0.49,-0.27,0.13,0.62,1.23,1.39,1.29,1.45,1.45,1.15,1.17,1.12,0.83,0.63,0.94,0.99,1.14,1.57,1.64,1.51,1.62,1.57,1.12,0.28,-0.48,-0.88,-0.99,-1.04,-0.78,-0.77,-1.01,-0.59,-0.89,-0.73,-0.78,-0.79,-0.86,-0.49,-0.63,-0.53,-0.32,0.05,0.29,0.56,0.89,0.51,-0.16,0.11,0.66,0.92,1.21,1.11,1.10,1.23,1.46,0.85,1.01,1.00,1.04,0.95,1.09,1.03,0.87,0.63,0.83,1.09,1.03,1.01,0.95,0.57,0.73,0.84,0.72,0.56,0.65,0.34,0.23,0.24,0.24,0.14,0.04,-0.07,-0.20,-0.27,-0.28,-0.18,-0.18,-0.37,-0.48,-0.43,-0.44,-0.57,-0.43,-0.39,-0.46,-0.59,-0.56,-0.39,-0.33,-0.38,-0.13,-0.27,-0.51,-0.57,-0.52,-0.57,-0.69,-0.89,-0.82,-0.72,-0.67,-0.67,-0.62,-0.68,-0.78,-0.87,-0.81
1.14,0.71,0.50,0.40,0.32,0.35,0.47,0.51,0.50,0.49,0.47,0.39,0.31,0.24,-0.12,0.00,0.08,0.09,0.15,0.24,0.34,0.49,0.39,0.45,0.30,0.09,0.13,0.25,0.14,0.35,-0.01,0.08,0.16,-0.12,-0.28,-0.26,-0.28,-0.22,-0.28,-0.31,-0.68,-0.77,-0.46,-0.37,0.03,0.52,0.95,1.39,1.39,1.28,1.28,0.92,0.34,0.16,0.08,0.18,0.05,-0.06,0.02,0.29,0.78,1.12,1.20,1.43,1.80,1.90,1.29,0.07,-0.42,-0.66,-1.04,-0.68,-0.73,-0.81,-0.69,-0.81,-0.92,-0.77,-0.72,-0.72,-0.47,-0.44,-0.23,0.05,0.46,0.60,0.80,0.93,0.42,-0.06,0.14,0.45,0.50,0.77,0.57,0.68,0.77,0.93,0.68,0.55,0.68,0.69,0.57,0.51,0.65,0.66,0.46,0.47,0.58,0.47,0.36,0.44,0.50,0.52,0.53,0.19,0.24,0.29,0.05,0.04,0.02,-0.05,-0.07,-0.12,-0.18,-0.24,-0.26,-0.48,-0.23,-0.20,-0.28,-0.44,-0.48,-0.43,-0.62,-0.51,-0.52,-0.52,-0.64,-0.52,-0.38,-0.43,-0.58,-0.24,-0.32,-0.46,-0.56,-0.57,-0.58,-0.74,-0.97,-0.81,-0.72,-0.63,-0.49,-0.73,-0.71,-0.79,-0.78,-0.68
0.96,0.57,0.49,0.56,0.46,0.39,0.42,0.45,0.52,0.65,0.47,0.32,0.29,0.16,0.00,0.19,0.19,0.20,0.26,0.29,0.34,0.41,0.61,0.60,0.50,0.39,0.30,0.30,0.29,0.37,0.04,0.03,-0.07,-0.16,-0.17,-0.22,-0.22,-0.11,-0.05,-0.42,-0.52,-0.71,-0.51,-0.22,0.41,0.83,1.06,1.38,1.36,1.00,0.69,0.30,0.07,-0.05,-0.03,0.05,0.04,-0.10,-0.01,0.13,0.40,0.74,1.12,1.38,1.71,2.16,1.96,1.06,-0.16,-0.53,-0.79,-0.86,-0.93,-0.69,-0.68,-0.81,-0.58,-0.51,-0.64,-0.68,-0.42,-0.13,0.03,0.25,0.56,0.71,0.95,1.03,0.67,0.14,-0.20,0.31,0.29,0.29,0.26,0.32,0.53,0.61,0.36,0.18,0.46,0.35,0.42,0.42,0.44,0.32,0.29,0.37,0.55,0.53,0.36,0.53,0.47,0.36,0.25,0.25,0.14,0.09,0.00,0.04,0.03,-0.08,-0.12,-0.06,-0.11,-0.16,-0.39,-0.41,-0.15,-0.17,-0.29,-0.48,-0.53,-0.41,-0.51,-0.49,-0.42,-0.58,-0.53,-0.56,-0.54,-0.44,-0.41,-0.51,-0.66,-0.67,-0.67,-0.69,-0.63,-0.74,-0.96,-0.81,-0.79,-0.81,-0.62,-0.84,-0.73,-0.73,-0.76,-0.84
0.76,0.58,0.58,0.66,0.57,0.50,0.50,0.49,0.57,0.73,0.50,0.35,0.35,0.20,-0.10,-0.02,0.14,0.24,0.30,0.35,0.31,0.28,0.53,0.61,0.71,0.67,0.42,0.14,0.34,0.24,0.09,0.09,-0.10,-0.11,-0.08,-0.11,-0.07,0.00,0.00,0.02,-0.27,-0.56,-0.33,0.05,0.56,0.98,1.17,1.26,1.22,0.66,0.21,-0.10,0.00,0.19,0.63,0.57,0.45,0.32,0.29,0.11,0.02,0.11,0.36,0.85,1.55,1.94,1.99,1.72,0.67,-0.11,-0.82,-0.83,-0.92,-0.69,-0.61,-0.68,-0.54,-0.34,-0.54,-0.43,-0.13,0.04,0.25,0.41,0.53,0.68,0.84,0.78,0.62,0.56,0.52,0.49,0.08,0.21,0.16,0.45,0.46,0.36,0.28,0.41,0.19,0.44,0.39,0.41,0.52,0.39,0.34,0.35,0.42,0.49,0.42,0.53,0.44,0.21,0.14,0.16,0.20,0.10,-0.10,-0.03,0.03,-0.01,-0.05,-0.01,-0.13,-0.24,-0.48,-0.32,-0.22,-0.23,-0.26,-0.37,-0.54,-0.53,-0.49,-0.68,-0.49,-0.53,-0.52,-0.58,-0.54,-0.31,-0.52,-0.49,-0.72,-0.79,-0.77,-0.74,-0.76,-0.78,-0.91,-0.76,-0.79,-0.96,-0.69,-0.82,-0.66,-0.83,-1.02,-0.96
0.93,0.65,0.69,0.76,0.66,0.66,0.68,0.66,0.50,0.73,0.58,0.42,0.34,0.29,0.14,0.16,0.30,0.41,0.49,0.51,0.39,0.26,0.31,0.55,0.65,0.65,0.37,0.07,0.29,0.25,0.10,0.15,0.05,0.03,-0.11,-0.16,-0.07,-0.06,-0.06,-0.03,-0.44,-0.38,-0.10,0.40,0.67,1.12,1.26,1.05,0.84,0.39,0.08,0.02,0.37,0.90,1.23,1.49,1.21,1.15,0.99,0.94,0.58,0.23,0.21,0.40,0.88,1.61,1.93,1.82,1.10,0.11,-0.61,-0.58,-0.61,-0.24,-0.46,-0.32,-0.15,0.07,-0.11,-0.10,0.10,0.47,0.76,0.74,0.84,0.94,0.92,0.65,0.66,0.69,0.07,0.25,-0.03,0.08,-0.01,0.09,0.30,0.25,0.03,0.03,0.20,0.24,0.10,0.05,0.21,0.09,0.02,0.08,0.21,0.40,0.32,0.42,0.45,0.26,0.10,0.21,0.19,0.15,-0.11,-0.12,-0.01,0.00,0.03,-0.08,-0.24,-0.39,-0.22,-0.21,-0.29,-0.43,-0.54,-0.48,-0.39,-0.74,-0.52,-0.81,-0.62,-0.52,-0.58,-0.64,-0.61,-0.49,-0.74,-0.62,-0.67,-0.82,-0.82,-0.72,-0.82,-1.09,-1.07,-0.86,-0.74,-0.87,-1.02,-0.76,-0.73,-0.98,-1.11,-0.86
0.94,0.76,0.74,0.84,0.61,0.47,0.63,0.78,0.45,0.78,0.68,0.47,0.35,0.37,0.35,0.30,0.29,0.45,0.50,0.37,0.36,0.29,0.49,0.49,0.55,0.42,0.25,0.11,0.14,0.29,0.09,0.25,0.23,0.11,0.05,0.03,0.03,0.03,-0.03,0.07,-0.02,-0.07,0.02,0.57,0.84,1.12,1.23,0.95,0.50,0.25,0.15,0.55,1.04,1.55,1.91,1.95,1.64,1.66,1.66,1.64,1.16,0.52,0.19,0.14,0.41,1.05,1.68,1.82,1.61,0.84,-0.28,-0.38,-0.43,-0.26,-0.13,-0.16,0.16,0.24,0.39,0.53,0.76,0.78,0.99,1.06,0.92,1.00,1.09,0.90,0.73,0.53,0.24,0.16,-0.16,-0.05,-0.32,-0.02,0.20,0.05,0.00,-0.06,-0.05,-0.07,-0.11,-0.03,0.02,0.00,-0.06,-0.07,0.04,0.24,0.32,0.24,0.20,0.15,0.08,0.19,0.16,0.18,-0.06,-0.13,0.00,0.04,0.05,-0.02,-0.37,-0.38,-0.42,-0.52,-0.51,-0.52,-0.54,-0.51,-0.43,-0.57,-0.62,-0.59,-0.64,-0.52,-0.47,-0.59,-0.69,-0.78,-0.84,-0.77,-0.79,-0.97,-1.06,-0.81,-0.82,-0.99,-1.35,-1.08,-0.71,-0.96,-0.83,-0.99,-0.89,-0.91,-0.99,-0.83
1.04,0.94,0.79,0.72,0.61,0.45,0.51,0.68,0.72,0.84,0.66,0.45,0.39,0.36,0.25,0.49,0.36,0.45,0.46,0.40,0.37,0.19,0.44,0.65,0.46,0.30,0.20,0.05,-0.02,0.18,0.07,0.30,0.16,0.04,0.05,0.08,0.05,-0.02,-0.08,0.00,-0.18,0.15,0.42,0.76,1.14,1.32,1.21,0.85,0.50,0.35,0.49,1.15,1.44,1.80,2.35,1.95,1.90,1.99,2.02,2.01,1.64,1.06,0.42,0.09,0.18,0.56,1.26,1.82,1.62,1.25,0.26,0.24,0.13,-0.11,0.13,0.31,0.35,0.58,0.76,1.17,1.38,1.21,1.23,1.32,1.21,1.06,0.87,0.73,0.60,0.34,0.28,0.04,-0.11,0.14,0.04,-0.05,-0.22,0.00,-0.03,-0.02,-0.03,-0.07,0.02,-0.03,-0.13,-0.11,-0.02,0.03,0.00,0.11,0.36,0.23,0.09,0.07,-0.03,0.02,0.11,0.08,-0.10,-0.18,-0.13,-0.11,-0.07,-0.17,-0.26,-0.31,-0.32,-0.46,-0.53,-0.38,-0.31,-0.46,-0.52,-0.54,-0.44,-0.52,-0.61,-0.58,-0.51,-0.51,-0.63,-0.78,-0.87,-0.69,-0.79,-1.14,-1.30,-0.81,-0.93,-0.99,-1.17,-1.12,-0.83,-0.98,-0.98,-0.96,-1.06,-0.98,-0.82,-0.78
0.98,0.79,0.61,0.69,0.57,0.55,0.65,0.61,0.42,0.63,0.40,0.39,0.36,0.28,0.14,0.31,0.16,0.19,0.15,0.24,0.44,0.29,0.09,0.40,0.31,-0.02,0.03,0.13,0.00,0.13,0.05,0.16,-0.05,-0.13,-0.11,-0.06,-0.11,-0.13,-0.07,-0.13,-0.03,0.13,0.39,0.68,1.18,1.28,1.07,0.69,0.32,0.41,1.01,1.48,1.51,1.83,2.08,1.94,2.10,2.11,2.14,2.03,1.80,1.46,0.79,0.25,0.13,0.39,1.07,1.80,1.90,1.50,0.69,0.66,0.56,0.34,0.72,0.78,0.77,1.27,1.54,1.80,1.74,1.60,1.46,1.51,1.51,1.39,1.23,1.07,0.73,0.30,0.40,0.13,-0.15,-0.05,0.03,-0.11,-0.17,-0.07,-0.07,-0.05,-0.17,-0.22,-0.11,-0.16,-0.22,-0.15,-0.06,-0.02,0.03,0.04,0.21,0.23,0.10,0.20,-0.10,-0.10,-0.02,-0.17,-0.23,-0.20,-0.28,-0.28,-0.06,-0.10,-0.36,-0.51,-0.56,-0.61,-0.61,-0.43,-0.33,-0.47,-0.51,-0.66,-0.67,-0.64,-0.74,-0.74,-0.63,-0.56,-0.44,-0.48,-0.87,-0.71,-0.61,-0.77,-0.98,-0.89,-0.91,-0.94,-1.06,-1.09,-0.94,-0.94,-0.92,-0.87,-1.01,-1.09,-0.73,-0.56
0.77,0.61,0.57,0.61,0.47,0.44,0.62,0.74,0.65,0.46,0.57,0.30,0.34,0.39,0.20,-0.03,0.02,0.11,0.04,0.16,0.31,0.07,-0.02,0.36,0.08,-0.11,0.00,0.09,0.11,0.20,0.11,-0.10,-0.07,-0.20,-0.17,-0.12,-0.12,-0.10,-0.02,-0.06,0.02,0.14,0.52,0.87,1.29,1.32,1.03,0.66,0.53,0.77,1.27,1.56,1.61,1.88,1.93,1.88,1.97,1.91,2.16,1.91,1.79,1.67,1.11,0.53,0.35,0.39,0.72,1.49,2.10,1.89,1.03,1.06,0.88,0.93,1.26,1.46,1.72,2.07,2.02,2.12,1.89,1.80,1.72,1.79,1.73,1.50,1.33,1.07,0.67,0.44,0.49,0.18,-0.10,-0.16,-0.22,-0.11,-0.11,-0.21,-0.16,-0.24,-0.29,-0.28,-0.27,-0.33,-0.29,-0.20,-0.20,-0.23,-0.08,-0.06,-0.02,0.07,-0.10,0.18,-0.05,-0.11,-0.10,-0.18,-0.23,-0.20,-0.31,-0.37,-0.41,-0.27,-0.29,-0.41,-0.56,-0.48,-0.44,-0.44,-0.44,-0.53,-0.43,-0.74,-0.88,-0.81,-0.84,-0.86,-0.68,-0.59,-0.33,-0.56,-0.86,-0.84,-0.82,-0.96,-1.16,-0.99,-0.93,-1.07,-1.13,-1.04,-0.94,-1.02,-0.83,-0.86,-0.94,-0.91,-0.67,-0.41
0.68,0.72,0.74,0.65,0.57,0.57,0.60,0.67,0.62,0.40,0.49,0.49,0.50,0.41,0.29,0.28,0.46,0.50,0.42,0.50,0.45,0.20,0.13,0.20,0.53,0.45,0.42,0.45,0.52,0.66,0.63,0.45,0.13,0.09,0.08,0.19,0.19,0.14,0.19,0.31,0.35,0.44,0.82,0.96,1.38,1.42,0.89,0.46,0.47,0.79,1.21,1.55,1.79,2.13,1.91,1.62,1.82,1.82,1.76,1.94,2.08,2.01,1.46,0.82,0.58,0.37,0.29,1.10,2.12,2.58,1.76,1.89,1.54,1.84,2.05,2.57,2.60,2.67,2.51,2.47,2.16,1.99,1.95,1.97,1.89,1.71,1.60,1.26,0.78,0.72,0.72,0.36,0.10,0.02,-0.20,-0.18,0.03,-0.13,-0.11,-0.36,-0.31,-0.20,-0.22,-0.33,-0.32,-0.24,-0.28,-0.23,-0.22,-0.21,-0.05,-0.10,-0.12,-0.15,-0.08,-0.16,-0.27,-0.16,-0.21,-0.44,-0.38,-0.52,-0.59,-0.41,-0.36,-0.39,-0.53,-0.59,-0.52,-0.46,-0.53,-0.53,-0.44,-0.74,-0.81,-0.78,-0.66,-0.62,-0.67,-0.49,-0.42,-0.54,-0.64,-0.59,-0.53,-0.69,-0.94,-0.76,-0.83,-1.12,-1.22,-1.01,-0.92,-1.11,-0.98,-0.97,-1.03,-0.99,-0.69,-0.64
0.95,1.04,1.03,0.99,1.04,1.06,0.96,1.11,1.25,1.12,0.93,1.03,1.20,1.06,0.72,0.67,1.25,1.00,1.15,1.14,0.98,0.73,0.63,0.67,1.15,1.07,0.67,0.52,0.82,1.15,1.11,1.18,0.93,0.85,0.76,0.68,0.58,0.53,0.73,1.01,1.05,1.01,1.38,1.36,1.62,1.57,0.96,0.55,0.63,1.01,1.50,1.76,1.65,1.72,1.25,1.00,1.17,1.42,1.87,1.84,2.22,2.30,1.96,1.18,0.62,0.40,0.39,1.06,2.24,3.19,2.78,2.89,2.48,2.79,2.95,3.43,3.03,2.93,2.85,2.73,2.43,2.23,2.14,2.12,2.08,1.95,1.77,1.49,1.21,1.14,1.04,0.65,0.37,0.34,0.11,-0.01,0.24,0.08,0.07,-0.13,-0.15,-0.07,-0.08,-0.12,-0.06,-0.08,-0.13,-0.06,-0.20,-0.20,-0.12,-0.32,-0.08,-0.12,-0.20,-0.38,-0.42,-0.24,-0.21,-0.42,-0.46,-0.47,-0.81,-0.32,-0.38,-0.52,-0.57,-0.66,-0.64,-0.44,-0.51,-0.53,-0.57,-0.76,-0.87,-0.89,-0.72,-0.51,-0.48,-0.28,-0.74,-0.71,-0.72,-0.59,-0.51,-0.64,-0.83,-0.71,-0.78,-1.02,-1.17,-1.01,-0.89,-1.07,-0.93,-0.94,-1.04,-0.82,-0.73,-0.84
1.80,1.68,1.62,1.67,1.79,1.78,1.82,2.03,2.03,1.78,1.72,1.68,1.55,1.60,1.50,1.27,1.53,1.55,1.64,1.73,1.65,1.51,1.55,1.60,1.99,1.65,1.31,1.51,1.74,1.82,1.96,1.96,1.65,1.73,1.71,1.91,1.68,1.50,1.72,1.96,1.90,1.85,2.13,2.08,2.31,2.10,1.38,0.89,0.96,1.34,1.71,1.94,1.84,1.56,1.22,0.72,0.76,1.22,1.68,1.87,2.17,2.29,2.17,1.45,0.71,0.40,0.52,1.10,2.22,3.20,3.35,3.43,3.18,3.32,3.46,3.52,3.20,3.00,2.96,2.79,2.55,2.46,2.37,2.42,2.31,2.05,1.74,1.54,1.61,1.43,1.21,0.92,0.66,0.57,0.37,0.61,0.36,0.18,0.11,0.16,0.28,0.19,0.03,0.07,0.18,-0.02,-0.34,-0.21,-0.12,0.11,-0.06,-0.24,-0.23,-0.27,-0.27,-0.48,-0.49,-0.37,-0.41,-0.51,-0.48,-0.58,-0.68,-0.44,-0.47,-0.69,-0.72,-0.58,-0.48,-0.42,-0.49,-0.72,-0.61,-0.72,-0.71,-0.78,-0.87,-0.82,-0.67,-0.62,-0.63,-0.69,-0.69,-0.67,-0.64,-0.78,-1.08,-0.96,-0.91,-0.94,-1.07,-1.16,-0.86,-1.23,-1.07,-0.99,-1.18,-0.84,-0.67,-0.91
2.66,2.52,2.31,2.30,2.53,2.52,2.78,2.91,2.72,2.52,2.58,2.47,2.20,2.36,2.29,2.23,2.71,2.66,2.55,2.57,2.54,2.58,2.71,2.55,3.13,2.48,2.42,2.71,2.88,2.91,2.97,2.94,2.91,2.78,2.87,2.83,2.67,2.95,3.12,2.96,2.87,2.91,2.93,2.89,3.09,2.76,1.96,1.23,1.18,1.46,1.68,1.88,1.78,1.59,1.23,0.56,0.69,1.17,1.62,1.82,2.06,2.12,2.05,1.51,0.87,0.55,0.46,1.01,2.35,3.39,3.65,3.65,3.53,3.64,3.69,3.46,3.30,3.25,3.18,3.07,2.76,2.53,2.60,2.65,2.35,2.14,2.01,1.80,1.78,1.42,1.29,1.20,0.82,0.84,0.68,0.68,0.56,0.36,0.23,0.23,0.23,0.30,0.21,0.09,0.08,-0.06,-0.12,-0.13,-0.23,0.23,-0.05,-0.28,-0.31,-0.38,-0.41,-0.46,-0.44,-0.43,-0.51,-0.58,-0.66,-0.62,-0.58,-0.63,-0.64,-0.77,-0.84,-0.66,-0.47,-0.66,-0.68,-0.52,-0.51,-0.84,-0.78,-0.83,-0.96,-0.77,-0.73,-0.83,-0.67,-0.64,-0.69,-0.76,-0.83,-0.87,-1.33,-1.14,-0.92,-0.88,-1.02,-1.30,-1.23,-1.22,-1.13,-1.04,-1.18,-0.99,-0.88,-0.93
3.40,3.12,3.01,3.10,3.24,3.13,3.68,3.77,3.72,3.63,3.52,3.47,3.27,3.21,3.18,3.27,3.37,3.64,3.46,3.57,3.47,3.62,3.78,3.58,4.00,3.66,3.44,3.56,3.81,3.84,3.75,3.88,3.70,3.64,3.62,3.71,3.95,3.90,3.73,3.78,3.84,3.71,3.58,3.64,3.47,3.19,2.51,1.48,1.26,1.56,1.73,1.77,1.68,1.53,1.44,0.80,0.78,0.94,1.66,2.12,2.23,2.24,2.17,1.68,0.99,0.71,0.92,1.40,2.26,3.20,3.68,3.91,3.65,3.57,3.72,3.59,3.43,3.28,3.21,3.18,2.76,2.57,2.48,2.38,2.25,2.23,2.14,1.82,1.68,1.57,1.46,1.11,1.07,1.10,0.46,0.46,0.51,0.34,0.39,0.10,0.04,0.24,0.15,-0.10,-0.11,-0.10,-0.05,0.03,-0.26,-0.11,-0.34,-0.23,-0.34,-0.42,-0.47,-0.54,-0.53,-0.47,-0.51,-0.67,-0.82,-0.58,-0.62,-0.68,-0.67,-0.73,-0.71,-0.56,-0.51,-0.58,-0.74,-0.71,-0.64,-0.79,-0.83,-0.84,-0.94,-0.91,-0.76,-0.79,-0.74,-0.73,-0.76,-0.87,-0.91,-0.94,-1.17,-1.14,-1.08,-1.12,-1.24,-1.23,-1.31,-1.27,-1.18,-1.09,-1.16,-1.04,-1.09,-1.01
4.02,3.77,3.65,3.63,3.71,3.98,4.21,4.27,4.42,4.53,4.51,4.38,4.21,3.97,4.02,4.03,4.00,4.08,4.18,4.22,4.09,4.16,4.21,4.08,4.17,4.11,4.01,4.10,4.34,4.29,4.23,4.33,4.18,4.16,4.05,4.07,4.11,4.18,4.14,4.04,3.97,3.87,3.97,3.95,3.76,3.57,2.93,1.83,1.42,1.68,1.78,1.70,1.71,1.65,1.78,1.42,1.37,1.28,2.17,2.34,2.31,2.25,2.07,1.57,0.99,0.79,1.07,1.74,2.81,3.66,3.75,3.72,3.94,3.79,3.79,3.40,3.12,3.09,3.10,3.06,2.82,2.58,2.55,2.57,2.48,2.29,2.11,1.93,1.64,1.42,1.36,0.99,0.85,0.88,0.23,0.50,0.60,0.45,0.19,0.10,0.08,0.18,0.18,0.00,-0.03,-0.03,-0.37,-0.17,-0.11,-0.21,-0.37,-0.36,-0.54,-0.47,-0.42,-0.53,-0.59,-0.47,-0.52,-0.86,-0.69,-0.77,-0.56,-0.61,-0.64,-0.68,-0.72,-0.68,-0.74,-0.72,-0.56,-0.68,-0.74,-0.82,-0.82,-0.82,-0.91,-0.98,-0.79,-0.73,-0.74,-0.82,-0.86,-0.87,-0.93,-0.91,-1.14,-1.24,-1.27,-1.22,-1.08,-1.28,-1.37,-1.28,-1.16,-1.09,-1.09,-1.03,-1.11,-1.04
