-27.63,-27.47,-27.02,-27.02,-26.87,-27.04,-27.02,-27.23,-27.84,-27.45,-27.58,-27.71,-27.56,-27.49,-28.02,-27.87,-28.33,-28.07,-27.87,-27.95,-27.95,-27.82,-28.02,-28.31,-28.48,-28.44,-28.26,-28.11,-28.22,-28.35,-28.50,-28.31,-28.50,-28.79,-28.68,-28.46,-28.52,-28.65,-28.44,-28.55,-28.41,-28.42,-28.42,-28.63,-28.74,-28.68,-28.57,-28.55,-28.42,-28.18,-28.41,-28.18,-28.39,-28.17,-28.22,-28.22,-28.53,-28.57,-28.70,-28.76,-28.46,-28.53,-28.52,-28.31,-28.39,-28.11,-28.89,-28.53,-28.83,-29.17,-28.76,-28.68,-28.68,-28.68,-28.70,-28.70,-28.63,-28.44,-28.48,-28.83,-28.91,-29.24,-29.11,-28.85,-28.70,-28.85,-28.79,-28.91,-28.63,-28.76,-28.87,-28.89,-28.57,-28.46,-28.48,-28.37,-28.29,-28.50,-28.61,-28.17,-27.96,-27.65,-28.48,-28.52,-28.26,-28.44,-27.96,-27.67,-27.84,-27.76,-27.63,-27.49,-27.36,-27.80,-28.09,-27.58,-27.49,-27.05,-27.16,-27.38,-27.51,-27.62,-27.53,-27.18,-27.18,-26.89,-27.11,-27.40,-27.58,-27.20,-27.18,-27.25,-27.02,-27.27,-26.64,-27.63,-26.95,-26.71,-26.57,-26.25,-25.43,-23.55,-20.83,-15.69,-9.22,-4.26,-1.53,-0.78,-2.79,-3.74,-2.97,-3.40,-6.94,-13.73,-21.05,-24.24,-25.03,-25.01,-25.20,-25.25
-27.09,-27.14,-26.75,-26.75,-26.53,-26.67,-26.73,-26.64,-26.98,-27.29,-27.40,-27.25,-27.29,-27.49,-27.47,-27.49,-27.62,-27.63,-27.58,-27.62,-27.93,-27.51,-27.82,-28.02,-28.20,-28.24,-28.09,-28.09,-28.26,-27.65,-27.89,-28.18,-28.20,-28.22,-28.26,-28.17,-28.13,-28.44,-27.80,-28.24,-28.22,-28.07,-28.09,-28.26,-28.29,-28.33,-28.41,-28.31,-28.13,-27.85,-27.93,-28.06,-28.28,-27.98,-27.85,-27.84,-28.31,-28.42,-28.37,-28.39,-28.33,-28.57,-28.39,-28.09,-28.48,-28.15,-28.42,-28.35,-28.59,-29.00,-28.55,-28.59,-28.09,-28.18,-28.42,-28.22,-28.20,-28.18,-28.09,-28.55,-28.65,-28.46,-28.44,-28.46,-28.50,-28.15,-27.93,-28.37,-27.98,-28.07,-28.29,-28.33,-28.04,-27.98,-28.11,-28.17,-28.06,-27.93,-27.98,-27.87,-27.49,-27.51,-27.93,-28.28,-27.98,-27.98,-27.69,-27.42,-27.36,-27.25,-27.36,-27.29,-27.11,-27.51,-27.42,-27.47,-26.87,-26.91,-26.93,-26.89,-26.96,-27.11,-27.07,-26.96,-26.96,-26.60,-26.53,-26.91,-27.20,-26.93,-26.89,-26.75,-26.53,-26.55,-26.50,-26.44,-26.23,-26.07,-25.84,-25.39,-24.19,-21.76,-18.44,-12.61,-5.97,-1.07,1.57,2.19,1.29,0.33,0.28,-0.57,-3.31,-8.70,-17.61,-22.45,-23.88,-24.35,-24.75,-24.82
-26.69,-26.80,-26.59,-26.51,-26.28,-26.35,-26.21,-25.89,-26.16,-26.87,-26.82,-26.71,-26.75,-26.89,-27.22,-27.16,-27.11,-27.20,-27.31,-27.38,-27.71,-27.34,-27.49,-27.62,-27.63,-27.73,-27.78,-27.47,-27.33,-27.63,-27.96,-27.38,-27.56,-27.74,-27.84,-27.98,-28.00,-27.84,-27.54,-27.73,-27.89,-27.56,-27.60,-27.74,-27.73,-27.89,-28.11,-27.71,-27.93,-27.69,-27.23,-27.62,-27.96,-27.76,-27.73,-27.93,-28.02,-27.84,-28.07,-28.26,-27.85,-28.02,-28.02,-28.02,-28.07,-27.84,-27.89,-27.80,-27.56,-28.44,-27.98,-28.35,-28.18,-27.69,-27.60,-27.74,-27.84,-27.96,-28.07,-28.15,-27.95,-27.89,-28.06,-28.50,-27.80,-27.78,-28.35,-28.02,-27.47,-27.89,-27.84,-27.87,-27.78,-27.69,-27.67,-27.56,-27.60,-27.73,-27.38,-27.05,-27.16,-27.13,-27.09,-27.74,-27.51,-27.58,-27.36,-27.11,-26.91,-26.96,-27.18,-27.05,-26.91,-27.13,-27.13,-27.20,-26.84,-26.33,-26.53,-26.53,-26.69,-26.78,-26.73,-26.75,-26.71,-26.33,-26.14,-26.30,-26.50,-26.57,-26.42,-26.37,-26.37,-26.25,-26.35,-26.23,-25.98,-25.82,-25.50,-24.66,-22.89,-19.94,-15.55,-9.50,-3.32,1.06,3.47,4.20,3.78,3.16,2.64,1.42,-1.00,-5.33,-13.05,-19.60,-22.43,-23.78,-24.38,-24.68
-26.53,-26.50,-26.35,-26.39,-26.00,-26.14,-26.48,-26.05,-26.32,-26.53,-26.57,-26.48,-26.39,-26.33,-26.91,-26.76,-26.75,-26.89,-27.02,-26.89,-26.98,-26.69,-27.02,-26.93,-26.87,-27.11,-27.31,-27.09,-26.76,-27.56,-27.42,-27.27,-27.36,-27.36,-27.31,-27.49,-27.62,-27.13,-27.14,-27.14,-27.36,-27.11,-27.14,-27.34,-27.31,-27.22,-27.20,-27.13,-26.91,-27.31,-27.27,-27.25,-27.11,-27.16,-27.23,-27.33,-27.27,-27.42,-27.84,-27.95,-27.58,-27.38,-27.56,-27.49,-27.78,-27.62,-27.80,-27.73,-27.27,-27.62,-27.51,-27.76,-27.56,-27.14,-27.11,-27.31,-27.43,-27.51,-27.56,-27.47,-27.58,-27.80,-27.54,-27.84,-27.49,-27.40,-27.74,-27.53,-27.34,-27.18,-27.33,-27.27,-27.33,-27.33,-27.22,-26.89,-26.82,-27.05,-26.69,-26.48,-26.66,-26.89,-27.16,-27.00,-27.16,-26.98,-26.98,-26.60,-26.59,-26.73,-26.82,-26.67,-26.60,-26.80,-26.85,-26.60,-26.28,-26.00,-25.98,-25.91,-25.94,-26.14,-26.21,-26.19,-26.14,-25.87,-25.59,-26.10,-26.12,-26.10,-25.98,-26.17,-26.21,-25.98,-25.89,-25.94,-25.75,-25.64,-25.06,-24.31,-22.11,-17.86,-12.43,-6.27,-0.82,2.95,4.96,5.54,5.22,5.02,4.22,2.78,0.55,-3.17,-9.26,-17.18,-21.70,-23.60,-24.22,-24.64
-26.26,-26.10,-26.23,-26.26,-26.10,-26.12,-26.35,-26.14,-26.28,-26.30,-26.39,-26.32,-26.19,-26.33,-26.55,-26.39,-26.37,-26.64,-26.87,-26.41,-26.59,-26.17,-26.28,-26.59,-26.62,-26.71,-27.00,-26.62,-26.67,-26.87,-27.07,-27.14,-27.18,-27.00,-26.85,-27.07,-27.00,-26.80,-26.69,-26.75,-26.91,-26.93,-27.02,-27.20,-27.11,-26.75,-26.71,-26.80,-26.75,-26.60,-26.84,-26.78,-27.00,-26.76,-26.84,-27.09,-26.98,-26.98,-27.18,-27.20,-27.25,-26.98,-27.34,-27.16,-27.54,-27.18,-27.33,-27.05,-26.95,-27.02,-26.96,-27.14,-26.73,-26.64,-26.73,-26.89,-27.09,-27.00,-26.87,-26.80,-27.05,-27.38,-27.20,-27.38,-27.02,-26.89,-27.18,-27.13,-26.76,-26.67,-26.76,-26.69,-27.04,-26.98,-26.82,-26.51,-26.39,-26.67,-26.71,-26.42,-26.07,-26.19,-26.64,-26.82,-26.50,-26.35,-26.37,-26.23,-26.12,-26.25,-26.39,-26.25,-26.16,-26.33,-26.42,-26.16,-25.76,-25.80,-25.55,-25.46,-25.39,-25.57,-25.71,-25.64,-25.64,-25.80,-25.61,-25.55,-25.52,-25.69,-25.68,-25.75,-25.71,-25.50,-25.32,-25.39,-25.59,-25.46,-24.68,-23.76,-21.10,-16.12,-9.41,-2.55,2.43,5.04,6.09,6.30,6.24,6.30,5.37,3.90,1.75,-1.76,-7.37,-15.11,-20.88,-23.01,-23.57,-23.83
-25.29,-25.69,-25.71,-25.73,-25.59,-25.46,-25.61,-25.66,-25.76,-25.84,-25.92,-26.03,-26.12,-26.42,-26.35,-26.25,-26.14,-26.23,-26.55,-26.32,-26.35,-26.23,-26.12,-26.50,-26.71,-26.57,-26.84,-26.64,-26.53,-26.66,-26.82,-26.80,-26.73,-26.64,-26.55,-26.87,-26.66,-26.80,-26.67,-26.73,-26.80,-26.84,-26.60,-26.64,-26.95,-26.75,-26.76,-26.48,-26.59,-26.46,-26.21,-26.39,-26.67,-26.87,-26.59,-26.75,-26.87,-26.69,-26.66,-26.60,-26.76,-26.64,-26.93,-26.75,-26.82,-26.73,-26.59,-26.55,-26.53,-26.66,-26.48,-26.48,-26.25,-26.21,-26.39,-26.59,-26.80,-26.76,-26.46,-26.44,-26.60,-26.98,-26.78,-26.78,-26.48,-26.35,-26.69,-26.87,-26.37,-26.07,-26.16,-26.10,-26.35,-26.53,-26.59,-26.41,-26.21,-26.25,-26.35,-26.19,-25.75,-25.96,-26.48,-26.35,-26.33,-26.41,-26.17,-26.16,-25.76,-25.89,-25.94,-25.69,-25.61,-25.80,-26.03,-25.89,-25.52,-25.50,-25.27,-25.29,-25.32,-25.31,-25.38,-25.41,-25.32,-25.36,-25.17,-25.15,-24.96,-25.20,-24.78,-24.83,-25.04,-25.04,-24.83,-24.82,-24.97,-24.82,-24.26,-23.02,-19.74,-14.01,-6.67,0.59,4.82,6.10,6.44,6.68,6.96,6.98,6.25,4.75,2.54,-0.96,-6.35,-13.94,-20.11,-22.50,-23.14,-23.04
-24.55,-25.38,-25.45,-25.18,-25.22,-25.43,-25.34,-25.39,-25.57,-25.52,-25.48,-25.61,-25.92,-26.00,-26.19,-26.28,-26.21,-26.10,-26.10,-26.19,-26.26,-25.94,-25.94,-26.21,-26.30,-26.17,-26.55,-26.48,-26.23,-26.48,-26.57,-26.48,-26.30,-26.21,-26.30,-26.46,-26.46,-26.62,-26.50,-26.59,-26.26,-26.17,-26.53,-26.69,-26.51,-26.28,-26.73,-26.37,-26.28,-26.35,-26.42,-26.28,-26.41,-26.59,-26.33,-26.41,-26.51,-26.30,-26.37,-26.50,-26.46,-26.30,-26.39,-26.50,-26.10,-26.30,-25.78,-25.89,-25.62,-25.94,-25.64,-25.59,-25.64,-25.61,-25.87,-26.21,-26.46,-26.64,-26.41,-26.30,-26.39,-26.41,-26.48,-26.26,-26.07,-26.00,-26.37,-26.51,-25.82,-25.64,-25.92,-25.91,-26.03,-26.12,-26.16,-26.01,-25.89,-25.87,-25.87,-25.89,-25.61,-25.61,-25.94,-26.42,-26.21,-26.19,-25.98,-25.32,-25.34,-25.66,-25.52,-25.31,-25.43,-25.71,-25.73,-25.34,-25.08,-25.15,-24.75,-25.06,-25.03,-24.97,-25.04,-24.92,-24.75,-24.55,-24.24,-24.29,-24.55,-24.38,-24.19,-24.41,-24.48,-24.38,-24.28,-24.16,-23.88,-24.00,-23.76,-22.13,-18.28,-12.27,-5.09,1.94,5.92,6.48,6.79,7.18,7.39,7.14,6.66,5.28,2.98,-0.48,-5.60,-13.05,-19.47,-21.85,-22.40,-22.30
-24.38,-24.57,-24.76,-24.75,-24.71,-24.90,-24.97,-24.96,-25.25,-25.29,-25.18,-25.20,-25.17,-25.41,-25.85,-26.07,-25.94,-25.59,-25.38,-25.62,-25.69,-25.50,-25.45,-25.57,-25.75,-25.91,-26.12,-26.03,-25.80,-25.96,-26.17,-26.21,-26.08,-25.85,-25.66,-25.68,-25.94,-25.94,-26.14,-26.08,-26.12,-26.10,-26.16,-26.26,-26.14,-25.94,-26.41,-26.32,-26.05,-26.26,-26.23,-25.96,-26.03,-26.00,-25.94,-26.05,-26.03,-25.89,-26.10,-26.19,-26.07,-25.82,-25.92,-26.10,-25.69,-25.80,-25.04,-24.66,-23.84,-23.83,-23.47,-23.76,-24.41,-24.80,-25.24,-25.71,-26.03,-26.25,-26.16,-25.94,-26.10,-25.78,-26.21,-25.91,-25.69,-25.75,-26.03,-25.80,-25.08,-25.20,-25.66,-25.52,-25.61,-25.57,-25.57,-25.52,-25.38,-25.20,-25.29,-25.50,-25.15,-25.06,-25.41,-25.61,-25.66,-25.36,-25.25,-25.03,-24.89,-25.04,-25.10,-24.99,-24.83,-25.04,-25.20,-24.62,-24.26,-24.73,-24.05,-24.45,-24.28,-24.38,-24.45,-24.31,-24.00,-23.93,-24.19,-24.09,-24.07,-23.90,-23.55,-23.79,-23.83,-23.69,-23.54,-23.35,-22.99,-23.50,-22.99,-20.95,-17.00,-11.17,-4.10,2.80,6.53,6.93,7.31,7.64,7.63,7.23,7.37,6.13,3.54,0.15,-4.83,-11.95,-18.67,-20.38,-20.95,-21.02
-23.83,-24.17,-24.12,-24.09,-24.12,-24.17,-24.35,-24.31,-24.50,-24.66,-24.68,-24.62,-24.82,-24.90,-25.15,-25.24,-25.11,-24.97,-24.78,-25.15,-25.15,-25.04,-24.99,-25.10,-25.34,-25.59,-25.62,-25.39,-25.34,-25.32,-25.61,-25.84,-25.73,-25.45,-25.22,-25.68,-25.69,-25.85,-25.89,-25.82,-25.57,-25.38,-25.55,-25.89,-25.82,-25.61,-25.91,-25.84,-25.89,-25.89,-25.73,-25.55,-25.57,-25.45,-25.36,-25.46,-25.46,-25.54,-25.73,-25.55,-25.57,-25.11,-25.45,-25.31,-25.27,-25.15,-24.17,-22.74,-20.44,-18.87,-18.06,-19.23,-21.86,-23.90,-24.83,-25.38,-25.64,-25.66,-25.55,-25.38,-25.48,-25.68,-25.73,-25.50,-25.20,-25.18,-25.41,-24.97,-24.50,-24.61,-24.97,-24.85,-24.97,-24.94,-24.99,-25.11,-24.85,-24.59,-24.76,-24.85,-24.54,-24.31,-24.89,-24.89,-24.99,-24.90,-24.69,-24.31,-24.17,-24.33,-24.66,-24.41,-24.19,-24.29,-24.38,-24.31,-23.91,-23.93,-23.38,-23.38,-23.19,-23.30,-23.36,-23.36,-23.09,-22.79,-22.91,-23.19,-22.79,-22.69,-22.48,-22.40,-22.43,-22.31,-22.03,-21.83,-21.95,-22.18,-21.28,-19.19,-15.63,-10.09,-3.18,3.37,6.94,7.40,7.71,7.94,7.83,7.55,7.66,6.11,4.26,1.11,-3.87,-10.25,-16.64,-17.78,-18.51,-18.55
-23.55,-23.97,-23.88,-23.66,-23.62,-23.84,-23.83,-23.90,-24.17,-24.38,-24.40,-24.41,-24.50,-24.43,-24.73,-24.87,-24.64,-24.62,-24.47,-24.64,-24.61,-24.64,-24.69,-24.80,-25.06,-24.99,-25.15,-24.64,-24.80,-24.99,-25.13,-25.27,-25.24,-25.41,-25.41,-25.22,-25.38,-25.71,-25.43,-25.15,-25.03,-24.97,-25.04,-25.36,-25.61,-25.29,-25.54,-25.36,-25.46,-25.29,-25.25,-25.27,-25.13,-24.99,-24.71,-24.61,-24.83,-24.97,-25.18,-25.27,-25.22,-24.50,-24.85,-24.64,-24.64,-24.47,-22.82,-19.19,-13.45,-9.29,-7.27,-9.62,-15.56,-20.79,-23.25,-24.29,-24.61,-24.68,-24.99,-24.73,-24.99,-25.06,-25.50,-25.34,-24.55,-24.43,-24.87,-24.45,-24.17,-24.07,-24.31,-24.45,-24.47,-24.19,-24.21,-24.41,-24.16,-23.91,-23.93,-23.83,-23.62,-23.35,-24.10,-23.90,-23.74,-23.78,-23.30,-23.35,-23.09,-23.28,-23.19,-22.94,-22.82,-22.85,-22.67,-22.11,-21.95,-22.65,-22.11,-21.61,-21.31,-21.41,-21.18,-21.33,-21.03,-20.33,-20.25,-20.62,-20.25,-19.94,-19.85,-19.63,-19.39,-19.18,-19.07,-19.07,-19.08,-18.70,-18.08,-16.56,-12.93,-8.09,-2.09,3.69,7.14,7.58,7.81,8.02,7.83,7.42,7.15,6.31,4.69,1.85,-2.06,-6.92,-12.46,-13.88,-14.49,-14.33
-23.35,-23.60,-23.66,-23.52,-23.43,-23.59,-23.33,-23.78,-24.09,-24.21,-24.28,-24.22,-23.86,-24.19,-24.38,-24.43,-24.40,-24.48,-24.41,-24.24,-24.22,-24.35,-24.43,-24.40,-24.57,-24.76,-24.87,-24.66,-24.61,-24.85,-24.82,-24.55,-24.62,-24.55,-24.61,-24.75,-24.83,-24.85,-24.99,-24.71,-24.52,-24.57,-24.57,-24.73,-25.22,-25.04,-25.11,-25.03,-24.94,-24.78,-24.82,-24.87,-24.68,-24.38,-24.02,-23.90,-24.29,-24.22,-24.03,-24.12,-24.43,-24.02,-23.81,-23.50,-23.28,-23.43,-21.03,-14.87,-4.49,1.09,2.48,0.48,-7.22,-16.44,-21.43,-23.06,-23.55,-23.64,-23.83,-23.95,-23.86,-24.17,-23.66,-24.26,-23.25,-23.52,-23.64,-23.95,-22.96,-22.79,-22.77,-23.06,-23.01,-22.82,-22.87,-22.77,-22.50,-22.31,-22.20,-22.03,-21.73,-21.55,-22.18,-21.88,-21.58,-21.38,-20.80,-20.93,-20.52,-20.34,-20.51,-20.29,-19.92,-19.77,-19.48,-18.92,-18.68,-18.83,-18.32,-18.06,-17.64,-17.51,-17.20,-17.23,-16.66,-16.15,-16.05,-15.92,-15.49,-15.20,-15.06,-14.78,-14.16,-13.82,-13.30,-12.92,-12.93,-12.49,-11.43,-10.52,-8.18,-4.71,-0.06,4.34,7.06,7.56,7.90,8.02,7.74,7.44,7.37,6.76,5.11,2.94,0.20,-3.30,-6.92,-7.63,-8.49,-8.45
-22.92,-23.13,-23.02,-22.75,-22.75,-23.50,-23.42,-23.47,-23.74,-23.97,-23.88,-23.55,-23.21,-23.74,-24.05,-23.93,-23.97,-24.10,-24.21,-24.05,-24.14,-24.24,-24.14,-24.33,-24.16,-24.40,-24.43,-24.33,-24.09,-24.12,-24.36,-24.41,-24.45,-24.43,-24.19,-24.41,-24.41,-24.33,-24.52,-24.45,-24.26,-24.24,-24.16,-24.38,-24.87,-24.68,-24.47,-24.47,-24.52,-24.43,-24.29,-24.21,-23.97,-23.50,-22.97,-22.84,-22.96,-22.77,-22.80,-22.96,-22.96,-22.16,-22.20,-21.98,-22.13,-22.18,-19.81,-11.63,-0.43,4.75,5.71,4.61,-1.49,-11.58,-18.97,-21.20,-21.90,-22.18,-21.70,-21.48,-21.56,-21.90,-21.81,-21.70,-21.61,-21.63,-21.43,-21.61,-20.75,-20.79,-20.46,-20.29,-20.39,-20.33,-19.82,-19.31,-18.94,-18.91,-18.65,-17.91,-17.32,-17.09,-17.54,-17.29,-16.79,-16.47,-15.69,-15.55,-14.85,-14.30,-14.66,-14.15,-13.42,-13.20,-12.92,-12.30,-11.84,-11.53,-10.80,-10.52,-10.34,-10.54,-10.29,-10.00,-9.60,-9.29,-9.27,-9.19,-8.97,-9.08,-8.88,-8.56,-8.05,-7.58,-6.58,-5.72,-5.35,-4.85,-3.88,-2.83,-1.59,0.76,3.40,5.84,7.62,7.83,8.17,7.97,7.72,7.70,7.69,7.22,5.85,4.30,2.52,0.43,-1.62,-2.64,-2.68,-2.46
-22.65,-23.13,-23.18,-22.60,-22.65,-23.06,-22.60,-22.80,-23.18,-23.28,-23.43,-23.16,-22.87,-23.25,-23.60,-23.48,-23.45,-23.45,-23.47,-23.64,-23.88,-23.79,-23.45,-23.76,-23.64,-23.64,-23.91,-23.97,-23.91,-23.84,-23.86,-23.95,-24.02,-24.17,-23.79,-24.14,-24.16,-24.12,-24.03,-23.97,-24.07,-24.17,-23.98,-24.21,-24.80,-24.02,-23.81,-23.78,-24.09,-24.09,-23.74,-23.45,-22.89,-22.30,-21.75,-20.82,-20.21,-19.95,-19.55,-19.64,-19.42,-18.60,-18.79,-18.28,-18.38,-18.33,-16.50,-8.74,1.49,6.23,6.96,6.13,2.12,-6.63,-14.36,-16.55,-17.20,-17.04,-16.55,-16.08,-15.98,-16.21,-15.78,-16.30,-15.66,-15.99,-15.47,-15.18,-14.21,-13.86,-13.71,-13.62,-13.62,-13.30,-13.11,-12.52,-11.89,-11.65,-11.24,-10.47,-9.68,-9.40,-9.99,-9.44,-8.63,-8.90,-8.36,-8.27,-7.64,-7.11,-7.31,-6.90,-6.50,-6.25,-5.92,-5.50,-5.23,-5.05,-4.47,-4.29,-4.18,-4.12,-3.86,-3.95,-3.47,-3.34,-3.44,-3.47,-3.84,-4.04,-3.99,-3.63,-3.52,-3.00,-1.74,-0.51,0.40,1.12,1.57,2.17,3.10,4.61,5.89,7.00,7.85,7.95,8.17,7.83,7.80,7.80,7.64,7.30,6.55,5.43,4.45,3.30,2.11,1.69,1.13,1.36
-22.11,-22.11,-22.33,-22.38,-22.23,-22.16,-22.25,-22.43,-22.75,-23.01,-23.09,-23.01,-22.79,-22.92,-23.13,-23.09,-23.35,-22.92,-22.94,-22.91,-22.91,-23.16,-23.25,-23.08,-23.52,-23.43,-23.50,-23.33,-23.35,-23.55,-23.50,-23.28,-23.38,-23.67,-23.43,-23.81,-23.81,-23.74,-23.60,-23.50,-23.62,-23.81,-23.71,-23.50,-24.02,-23.35,-23.33,-23.59,-23.36,-22.99,-22.53,-22.21,-21.31,-19.35,-16.89,-14.22,-11.78,-11.22,-11.23,-10.84,-10.66,-9.67,-9.51,-9.39,-8.77,-8.37,-7.03,-2.42,4.05,7.02,7.30,6.69,4.74,-0.06,-4.84,-6.73,-7.64,-7.45,-7.11,-6.86,-6.78,-6.71,-6.47,-6.47,-6.09,-6.25,-5.84,-5.88,-5.04,-5.07,-4.76,-4.62,-4.54,-4.14,-3.73,-3.47,-3.25,-2.91,-2.66,-2.61,-2.41,-2.46,-3.09,-2.86,-2.42,-2.70,-2.97,-2.95,-3.04,-2.54,-2.77,-2.64,-2.68,-2.48,-2.13,-1.95,-2.18,-2.43,-2.28,-2.36,-2.07,-2.27,-2.37,-2.13,-1.71,-1.58,-1.81,-2.14,-2.37,-2.42,-2.23,-1.86,-1.63,-1.15,0.29,2.00,3.47,4.43,4.75,5.03,5.63,6.26,6.90,7.57,7.94,7.77,7.85,7.98,7.87,7.69,7.39,7.05,6.82,6.11,5.64,4.92,4.28,4.05,3.86,3.65
-21.65,-21.76,-21.85,-21.73,-21.80,-22.00,-22.08,-22.25,-22.48,-22.72,-22.72,-22.65,-22.52,-22.55,-22.70,-22.82,-22.82,-23.08,-22.97,-22.82,-23.02,-23.28,-22.84,-22.94,-23.11,-23.25,-23.31,-22.96,-22.96,-23.30,-23.13,-22.82,-23.04,-23.14,-23.16,-23.33,-23.43,-23.30,-23.35,-23.35,-23.02,-22.92,-22.97,-22.91,-23.09,-22.92,-22.69,-22.57,-22.06,-21.80,-21.00,-19.18,-16.42,-12.32,-7.24,-2.96,-0.77,-0.33,-0.53,-0.31,-0.06,0.28,0.43,0.58,0.65,1.00,1.85,3.52,6.29,7.64,7.69,7.50,6.73,4.82,2.17,-0.49,-2.32,-2.75,-2.65,-2.64,-2.64,-2.82,-2.46,-2.55,-2.36,-2.02,-2.70,-3.23,-2.60,-2.77,-2.78,-2.74,-2.61,-2.27,-1.93,-1.78,-1.95,-2.10,-2.19,-2.23,-2.16,-2.22,-2.20,-2.02,-1.99,-1.81,-1.99,-2.38,-2.38,-2.05,-2.22,-1.95,-1.93,-1.83,-1.36,-1.20,-1.64,-2.10,-2.05,-2.16,-2.27,-2.20,-1.90,-1.51,-1.12,-1.11,-1.49,-1.99,-2.36,-2.42,-2.24,-1.73,-1.46,-1.02,0.51,2.65,4.50,5.51,5.89,6.20,6.69,6.83,7.17,7.57,7.74,7.68,7.82,7.34,7.56,7.48,7.20,6.94,6.56,6.22,5.94,5.63,5.43,5.44,5.33,5.04
-21.31,-21.28,-21.48,-21.41,-21.45,-21.81,-21.85,-21.85,-22.03,-22.06,-22.00,-21.95,-21.86,-21.90,-22.06,-22.06,-22.26,-22.28,-22.38,-22.23,-22.13,-22.43,-22.48,-22.42,-22.57,-22.58,-22.79,-22.57,-22.43,-22.77,-22.70,-22.53,-22.84,-22.75,-22.75,-22.80,-22.96,-22.89,-22.80,-22.67,-22.30,-22.31,-22.06,-21.86,-22.62,-22.23,-21.76,-21.61,-20.75,-19.48,-17.01,-12.93,-7.82,-2.75,1.02,3.37,4.67,4.69,4.75,4.76,4.91,5.30,5.30,5.58,5.35,5.42,5.96,6.31,7.24,7.95,7.95,7.87,7.54,6.68,4.65,1.36,-1.12,-1.86,-2.15,-1.99,-2.07,-2.29,-2.13,-2.00,-1.50,-1.19,-2.20,-2.93,-2.46,-2.70,-2.93,-2.84,-2.60,-2.32,-1.64,-1.54,-1.78,-2.18,-2.37,-2.39,-2.37,-2.25,-2.36,-2.07,-1.83,-1.91,-1.74,-2.55,-2.20,-2.05,-2.20,-2.19,-2.02,-1.78,-1.22,-1.14,-1.68,-2.07,-2.01,-2.22,-2.36,-1.96,-1.96,-1.29,-1.11,-1.10,-1.38,-1.85,-2.13,-2.06,-1.81,-1.41,-1.22,-0.91,0.18,2.37,4.26,5.35,5.96,6.46,6.88,6.93,7.26,7.45,7.40,7.20,7.02,6.67,6.76,6.71,6.53,6.35,6.20,5.80,5.82,5.80,5.88,6.01,5.81,5.51
-20.80,-20.83,-21.08,-21.30,-21.03,-21.23,-21.31,-21.21,-21.18,-21.43,-21.31,-21.33,-21.40,-21.50,-21.70,-22.01,-21.60,-21.53,-21.73,-21.71,-21.51,-21.83,-21.90,-21.83,-22.05,-21.90,-22.11,-22.08,-21.76,-21.90,-22.16,-22.18,-22.35,-22.36,-22.25,-22.30,-22.25,-22.08,-22.10,-22.06,-21.61,-21.58,-21.45,-21.51,-21.63,-21.26,-20.39,-19.71,-17.78,-14.25,-9.06,-3.65,0.41,3.24,4.95,6.00,6.45,6.28,6.21,6.17,6.46,6.58,6.62,6.90,6.68,6.53,6.91,7.14,7.62,7.88,7.86,7.81,7.69,7.00,4.98,1.73,-0.85,-1.59,-2.02,-1.96,-2.11,-2.20,-2.25,-2.04,-1.10,-1.07,-2.14,-2.70,-2.42,-2.79,-2.87,-2.55,-2.48,-2.10,-1.17,-1.38,-1.93,-2.25,-2.36,-2.42,-2.30,-2.05,-2.13,-2.00,-1.41,-1.65,-1.72,-2.46,-2.10,-2.32,-1.95,-2.05,-1.93,-1.58,-0.97,-0.97,-1.59,-1.91,-1.87,-2.05,-2.05,-1.76,-1.85,-1.40,-1.17,-0.98,-1.11,-1.53,-1.95,-2.01,-1.69,-1.78,-1.51,-1.32,-0.28,1.30,3.30,5.02,6.01,6.51,6.75,6.88,7.24,7.25,7.00,6.74,6.50,6.38,6.23,6.03,6.04,6.10,5.89,5.85,5.80,5.70,5.75,5.96,5.87,5.61
-20.28,-20.31,-20.47,-20.85,-20.57,-20.54,-20.64,-20.69,-20.59,-20.97,-21.10,-20.97,-20.90,-21.00,-21.18,-21.33,-21.31,-21.10,-21.18,-21.35,-21.31,-21.50,-21.33,-21.38,-21.61,-21.51,-21.60,-21.61,-21.31,-21.23,-21.45,-21.83,-21.73,-21.80,-21.56,-21.21,-21.46,-21.78,-21.65,-21.48,-20.97,-20.95,-20.54,-20.41,-20.28,-19.68,-17.83,-15.25,-10.84,-5.57,-0.85,2.54,4.51,5.70,6.30,6.71,6.74,6.56,6.58,6.45,6.70,6.63,6.70,7.06,7.02,6.92,7.13,7.40,7.81,7.76,7.70,7.81,7.71,6.93,4.88,1.84,-0.41,-1.11,-1.40,-1.74,-1.95,-2.04,-2.13,-2.01,-0.86,-1.20,-2.13,-2.51,-2.19,-2.56,-2.55,-2.36,-2.23,-1.82,-1.02,-1.36,-1.81,-2.16,-2.25,-2.11,-2.01,-2.01,-2.19,-1.92,-1.34,-1.54,-1.73,-2.06,-1.73,-1.96,-2.05,-1.68,-1.74,-1.58,-1.01,-0.91,-1.25,-1.54,-1.65,-1.72,-1.87,-1.68,-1.59,-1.65,-1.31,-0.95,-0.77,-1.07,-1.60,-1.79,-1.63,-1.51,-1.14,-1.31,-1.00,0.20,2.25,4.20,5.46,6.16,6.56,6.65,7.01,6.96,6.68,6.40,6.26,6.06,5.91,5.88,6.01,5.89,5.44,5.49,5.92,5.71,5.88,6.18,5.97,5.95
-19.77,-19.82,-19.77,-20.00,-20.11,-20.26,-20.28,-20.16,-20.38,-20.23,-20.36,-20.44,-20.44,-20.44,-20.42,-20.67,-20.82,-20.67,-20.64,-20.83,-20.88,-21.03,-20.98,-20.92,-21.07,-21.11,-21.20,-21.21,-21.07,-21.02,-21.02,-21.40,-21.48,-21.46,-21.15,-21.08,-21.20,-21.18,-20.98,-20.85,-20.46,-20.10,-19.85,-19.11,-18.19,-15.85,-11.88,-7.22,-2.50,1.33,3.77,5.05,5.81,6.30,6.52,6.60,6.55,6.37,6.63,6.51,6.62,6.66,6.65,6.96,7.12,7.21,7.17,7.30,7.58,7.61,7.57,7.68,7.41,6.51,4.39,1.50,-0.07,-0.80,-1.12,-1.51,-1.93,-2.04,-2.15,-1.96,-0.81,-1.31,-2.00,-2.33,-1.97,-2.36,-2.34,-2.23,-2.07,-1.78,-1.05,-1.30,-1.51,-1.97,-2.09,-1.85,-1.73,-1.72,-1.96,-1.73,-1.22,-1.17,-0.96,-1.60,-1.74,-1.97,-1.74,-1.88,-1.83,-1.79,-1.38,-0.88,-0.81,-1.11,-1.43,-1.51,-1.73,-1.48,-1.62,-1.68,-1.27,-0.85,-0.62,-0.76,-1.16,-1.46,-1.55,-1.55,-1.32,-1.38,-0.92,-0.12,1.47,3.26,4.51,5.09,5.65,6.01,6.53,6.68,6.52,6.38,6.33,6.06,5.88,5.96,5.93,5.80,5.73,5.74,6.06,5.86,6.02,6.25,6.22,6.03
-19.31,-19.58,-19.58,-19.37,-19.39,-19.45,-19.53,-19.56,-19.85,-19.87,-19.61,-19.63,-19.98,-20.29,-20.05,-20.11,-20.33,-20.31,-20.25,-20.23,-20.21,-20.29,-20.52,-20.29,-20.29,-20.41,-20.59,-20.65,-20.52,-20.52,-20.33,-20.79,-20.34,-20.33,-20.52,-20.52,-20.56,-20.64,-20.54,-20.33,-19.43,-18.83,-17.72,-15.90,-12.67,-8.41,-3.76,-0.02,2.71,4.35,5.09,5.54,5.99,6.24,6.17,6.16,6.29,6.08,6.24,6.23,6.32,6.39,6.45,6.54,6.68,6.83,6.78,6.69,6.73,6.90,6.99,6.97,6.74,6.04,4.05,1.25,0.29,-0.63,-1.25,-1.49,-1.90,-2.06,-1.95,-1.73,-0.51,-1.03,-1.50,-1.96,-1.73,-2.11,-2.18,-1.90,-1.79,-1.67,-0.85,-1.03,-1.20,-1.67,-1.79,-1.74,-1.71,-1.46,-1.67,-1.57,-0.87,-0.91,-0.75,-1.34,-1.74,-1.60,-1.50,-1.46,-1.39,-1.36,-0.87,-0.73,-0.47,-0.62,-1.10,-1.26,-1.68,-1.45,-1.64,-1.50,-1.00,-0.71,-0.59,-0.59,-0.82,-1.17,-1.45,-1.63,-1.50,-1.05,-1.03,-0.62,0.34,1.69,2.89,3.63,4.31,4.91,5.93,6.35,6.37,6.30,6.29,6.13,5.89,5.89,5.89,5.91,5.89,5.88,6.23,5.87,5.89,6.13,6.26,6.20
-19.16,-19.21,-19.53,-19.24,-19.21,-19.19,-19.16,-19.32,-19.34,-19.24,-19.16,-19.18,-19.47,-19.89,-19.82,-19.68,-19.84,-19.85,-19.79,-19.79,-19.76,-19.74,-19.85,-19.82,-19.94,-19.95,-19.94,-20.08,-20.28,-20.23,-20.25,-20.16,-20.10,-19.98,-19.85,-19.84,-19.84,-19.68,-19.35,-18.87,-17.91,-16.30,-13.42,-9.23,-5.11,-1.72,1.52,3.42,4.26,4.67,4.69,4.95,5.12,5.17,5.11,5.21,5.23,5.09,5.04,5.10,4.99,4.99,5.07,5.32,5.38,5.36,5.61,5.31,5.10,5.58,5.99,6.00,5.94,5.52,3.74,1.33,0.33,-0.76,-1.14,-1.48,-1.67,-1.71,-1.27,-1.02,0.13,-0.81,-0.92,-1.57,-1.36,-1.67,-1.88,-1.77,-1.39,-1.40,-0.72,-0.92,-1.19,-1.51,-1.55,-1.67,-1.57,-1.29,-1.55,-1.51,-1.03,-0.97,-0.92,-1.43,-1.82,-1.55,-1.65,-1.40,-1.44,-1.17,-0.76,-0.63,-0.34,-0.61,-1.22,-1.46,-1.60,-1.54,-1.44,-1.38,-1.14,-0.67,-0.56,-0.58,-0.77,-1.11,-1.40,-1.58,-1.50,-1.15,-1.21,-0.98,-0.39,0.67,1.68,2.24,2.68,3.32,4.64,5.40,5.36,5.25,5.43,5.46,5.15,4.99,5.24,5.63,5.87,5.82,6.17,5.80,6.03,6.18,6.14,6.21
-18.63,-18.40,-18.84,-18.99,-18.86,-18.60,-18.43,-18.59,-18.76,-18.83,-18.87,-19.00,-19.16,-19.19,-19.48,-19.34,-19.32,-19.24,-19.16,-19.43,-19.53,-19.27,-19.52,-19.68,-19.58,-19.42,-19.47,-19.77,-19.79,-19.76,-19.63,-19.74,-19.71,-19.56,-19.39,-19.15,-18.86,-18.41,-17.59,-16.67,-13.58,-10.43,-6.32,-2.60,-0.44,0.71,2.20,2.90,2.88,2.93,2.74,2.83,2.90,2.83,2.84,2.93,2.35,2.39,2.30,2.28,2.39,2.03,1.84,2.46,2.80,2.48,2.36,2.42,3.65,4.98,5.59,5.88,5.60,4.47,2.31,0.44,-0.03,-0.77,-1.50,-1.50,-1.72,-1.79,-1.29,-1.06,-0.28,-0.80,-1.32,-1.41,-1.77,-1.74,-1.68,-1.81,-1.49,-1.39,-0.92,-0.97,-1.40,-1.63,-1.54,-1.68,-1.58,-1.48,-1.82,-1.76,-1.34,-0.83,-1.05,-1.32,-1.77,-1.41,-1.72,-1.71,-1.59,-1.58,-1.30,-0.78,-0.66,-0.75,-1.25,-1.90,-1.71,-1.69,-1.68,-1.62,-1.44,-0.95,-0.69,-0.59,-0.83,-1.17,-1.41,-1.59,-1.46,-1.43,-1.26,-1.22,-0.87,0.07,0.82,1.23,1.72,2.52,3.38,3.79,3.34,3.42,3.87,3.72,3.10,3.13,3.69,4.75,5.61,5.81,6.07,5.96,6.14,6.13,6.08,6.17
-18.05,-18.17,-18.11,-18.17,-18.33,-18.28,-17.98,-18.00,-18.36,-18.46,-18.55,-18.70,-18.79,-18.57,-18.95,-19.05,-18.89,-18.75,-18.83,-19.15,-18.95,-19.07,-19.02,-19.07,-19.07,-19.13,-19.27,-19.29,-19.19,-18.91,-19.19,-19.21,-19.10,-18.71,-18.52,-18.32,-17.65,-16.42,-14.31,-11.29,-6.00,-2.63,0.29,0.92,0.24,-0.13,0.44,0.55,-0.04,-0.09,-0.02,0.10,0.50,0.80,0.44,-0.06,-0.54,-0.58,-0.51,-0.93,-0.43,-1.00,-0.76,-0.04,0.17,-0.22,-0.46,-0.16,1.79,4.11,5.18,5.70,5.39,3.36,0.81,-0.61,-1.22,-1.60,-1.63,-1.72,-1.83,-1.85,-1.57,-1.31,-0.39,-1.14,-1.39,-1.74,-1.50,-1.73,-1.82,-1.79,-1.50,-1.40,-0.75,-0.69,-1.14,-1.50,-1.62,-1.83,-1.79,-1.71,-1.95,-1.90,-1.41,-0.75,-0.87,-1.00,-1.69,-1.48,-1.96,-1.63,-1.74,-1.76,-1.57,-0.93,-0.63,-0.54,-0.77,-1.38,-1.87,-1.88,-1.86,-1.82,-1.92,-1.50,-0.97,-0.33,-0.53,-0.88,-1.15,-1.53,-1.44,-1.19,-1.19,-1.20,-1.06,-0.38,0.12,0.51,1.27,1.77,1.58,1.55,1.27,1.28,1.61,1.83,1.35,1.66,2.12,3.59,5.03,5.72,6.14,6.22,6.21,6.18,6.26,6.40
-17.40,-17.54,-17.81,-17.86,-17.75,-17.64,-17.54,-17.64,-17.86,-17.95,-18.06,-18.19,-18.09,-18.05,-18.38,-18.67,-18.57,-18.33,-18.30,-18.40,-18.47,-18.60,-18.62,-18.38,-18.41,-18.57,-18.57,-18.75,-18.49,-18.14,-18.70,-18.54,-18.27,-17.61,-16.92,-16.13,-14.43,-11.36,-7.43,-3.15,1.02,2.98,3.17,1.41,-0.27,-0.96,-1.00,-1.12,-1.30,-1.12,-0.91,-0.57,-0.11,0.30,-0.62,-1.14,-1.20,-1.11,-0.86,-1.41,-1.08,-1.17,-0.73,0.23,-0.07,-0.83,-1.14,-0.86,0.41,2.05,3.19,3.78,3.73,2.72,0.50,-1.30,-2.06,-2.18,-2.10,-2.23,-1.91,-2.04,-1.83,-1.39,-0.33,-1.27,-1.32,-1.73,-1.41,-1.55,-1.72,-1.53,-1.50,-1.26,-0.48,-0.22,-0.68,-1.27,-1.48,-1.64,-1.49,-1.40,-1.60,-1.62,-1.31,-0.63,-0.28,-0.61,-1.48,-1.57,-1.93,-1.48,-1.51,-1.53,-1.58,-1.27,-0.83,-0.41,-0.43,-1.03,-1.60,-1.55,-1.35,-1.55,-1.65,-1.30,-0.95,-0.24,-0.07,-0.17,-0.48,-1.07,-1.30,-0.81,-1.11,-1.03,-0.96,-0.62,-0.31,0.20,0.82,0.98,0.63,0.40,0.20,0.29,0.51,0.58,0.44,0.69,1.08,2.66,4.24,5.36,6.17,6.14,6.26,6.30,6.36,6.45
-16.97,-16.97,-17.26,-17.29,-17.23,-17.11,-16.87,-17.12,-17.11,-17.26,-17.54,-17.72,-17.53,-17.53,-17.91,-18.14,-17.98,-17.70,-17.68,-17.61,-17.84,-17.81,-17.86,-18.14,-18.05,-17.76,-17.87,-18.13,-17.87,-17.47,-17.86,-17.59,-17.07,-16.04,-14.18,-11.50,-7.94,-3.62,0.20,3.16,4.75,4.71,2.86,0.50,-0.91,-1.32,-1.44,-1.39,-1.30,-1.43,-1.21,-0.48,0.03,-0.43,-1.17,-1.55,-1.30,-1.17,-1.51,-1.36,-1.26,-1.10,-0.28,0.22,-0.32,-0.80,-1.03,-1.29,-0.87,-0.32,-0.11,0.22,0.82,1.25,0.34,-1.12,-1.72,-1.67,-1.58,-1.72,-1.51,-1.57,-1.48,-0.96,0.54,0.25,-1.24,-1.48,-1.25,-1.19,-1.54,-1.24,-1.30,-1.19,-0.33,0.07,-0.22,-0.96,-1.17,-1.29,-1.39,-1.39,-1.41,-1.27,-0.92,-0.24,0.25,-0.08,-1.03,-1.24,-1.39,-1.38,-1.21,-1.45,-1.49,-1.34,-0.78,-0.24,-0.16,-0.64,-1.17,-1.22,-1.40,-1.57,-1.50,-0.90,-0.88,-0.13,0.04,0.13,0.08,-0.39,-0.80,-0.66,-0.78,-0.71,-0.47,-0.28,-0.13,0.30,0.76,0.71,0.24,0.10,-0.09,-0.01,0.12,0.17,0.18,0.60,1.30,2.40,3.75,5.07,5.91,5.94,6.33,6.38,6.37,6.44
-16.39,-16.38,-16.58,-16.64,-16.72,-16.83,-16.32,-16.45,-16.36,-16.55,-17.01,-17.36,-17.39,-17.12,-17.31,-17.51,-17.29,-16.92,-17.11,-17.40,-17.28,-17.23,-17.31,-17.36,-17.43,-17.34,-16.98,-17.28,-17.47,-16.79,-16.53,-15.72,-14.39,-12.01,-8.51,-4.43,-0.41,2.81,4.75,5.68,5.75,4.31,1.97,-0.02,-0.93,-1.20,-1.24,-1.24,-1.27,-1.17,-0.91,-0.09,0.50,-0.03,-1.14,-1.50,-1.08,-1.06,-1.39,-1.29,-1.07,-0.47,-0.01,0.22,-0.38,-1.02,-1.11,-1.12,-0.93,-0.97,-1.05,-0.68,-0.22,0.39,-0.07,-1.10,-1.41,-1.40,-1.55,-1.68,-1.67,-1.41,-1.36,-0.48,0.45,-0.06,-1.12,-1.34,-0.83,-0.96,-0.76,-0.93,-0.96,-0.82,-0.06,0.29,0.28,-0.42,-0.86,-0.92,-0.88,-0.82,-0.86,-0.76,-0.39,0.08,0.44,0.50,-0.22,-0.43,-0.52,-0.71,-0.47,-0.71,-0.67,-0.48,-0.04,0.48,0.66,0.39,-0.02,-0.26,-0.27,-0.36,-0.24,-0.13,-0.46,0.10,0.38,0.90,1.02,0.61,0.43,0.60,0.46,0.34,0.70,0.93,0.98,1.27,1.64,1.73,1.39,1.41,0.90,1.02,1.22,1.22,1.28,1.67,2.31,2.90,3.85,4.96,5.89,6.37,6.46,6.50,6.56,6.61
-15.70,-15.66,-15.78,-15.92,-16.08,-16.30,-15.98,-15.87,-15.90,-16.15,-16.42,-16.69,-16.79,-16.55,-16.70,-16.79,-16.58,-16.33,-16.70,-16.87,-16.83,-16.73,-16.70,-16.59,-16.66,-16.86,-16.30,-16.38,-16.25,-15.41,-14.40,-12.27,-9.19,-5.32,-1.20,2.26,4.67,5.57,6.37,6.54,5.74,3.38,1.29,-0.13,-0.69,-0.97,-1.25,-1.26,-1.01,-0.96,-0.81,0.37,0.13,-0.22,-0.91,-0.92,-1.15,-1.00,-0.93,-0.78,-0.91,0.08,0.02,0.10,-0.39,-0.85,-0.88,-0.80,-0.67,-0.78,-0.91,-0.44,0.18,0.59,0.34,-0.64,-0.88,-0.93,-1.14,-0.75,-1.05,-0.98,-0.82,-0.03,0.88,0.20,-0.44,-0.44,-0.07,-0.31,-0.07,0.09,0.01,-0.31,0.19,1.04,1.17,0.55,0.38,0.27,0.35,0.39,0.34,0.66,0.91,0.98,1.50,1.73,1.46,1.02,1.01,1.14,1.52,1.23,1.14,1.36,1.53,2.02,2.40,2.23,1.83,1.73,1.75,1.63,1.71,1.82,2.01,2.07,2.20,2.82,2.99,2.59,2.53,2.83,2.62,2.62,2.69,3.05,3.14,3.23,3.48,3.66,3.54,3.56,2.76,3.07,3.50,3.54,3.43,3.93,4.25,4.52,4.80,5.38,6.32,6.61,6.51,6.68,6.91,6.89
-14.79,-14.70,-14.76,-14.84,-14.94,-15.23,-15.14,-15.28,-15.38,-15.70,-16.12,-16.08,-16.10,-16.04,-16.21,-16.33,-16.24,-15.98,-15.87,-16.02,-16.02,-15.93,-15.99,-15.84,-15.64,-15.75,-15.25,-15.08,-14.01,-12.48,-9.99,-6.43,-2.38,1.33,4.00,5.57,6.45,6.65,6.70,6.29,5.26,2.75,1.04,0.18,0.01,-0.03,-0.14,-0.09,-0.08,-0.03,0.34,1.12,1.50,0.25,-0.03,-0.06,0.08,-0.13,0.06,0.15,0.59,0.96,1.19,1.00,0.46,0.08,0.28,0.29,0.34,0.48,0.46,0.72,1.15,1.67,1.11,0.48,0.46,0.51,0.53,0.82,0.85,0.85,1.03,1.60,2.59,2.33,1.52,1.75,2.00,2.19,2.23,2.40,2.24,2.28,2.60,3.60,3.30,3.02,2.89,2.72,2.88,2.99,3.05,3.30,3.37,3.46,4.13,4.50,4.15,3.80,3.91,4.13,4.56,4.20,4.19,4.47,4.41,4.96,5.35,5.17,5.03,5.07,4.97,5.02,5.09,5.33,5.16,5.45,5.18,5.63,5.86,5.70,5.65,5.61,5.56,5.61,5.25,5.87,5.54,5.50,5.75,5.84,5.74,5.89,5.29,5.53,5.78,5.77,5.68,5.86,5.97,6.28,6.51,6.77,7.02,7.25,7.32,7.14,7.30,7.09
-13.59,-13.46,-13.45,-13.39,-13.33,-13.77,-14.22,-14.87,-14.90,-14.85,-15.25,-15.40,-15.20,-15.11,-15.46,-15.66,-15.53,-15.40,-15.29,-15.38,-15.49,-15.26,-15.21,-15.02,-14.46,-14.21,-13.46,-12.62,-10.17,-7.18,-3.30,0.44,3.40,5.35,6.24,6.62,7.23,7.10,7.15,6.38,4.78,2.74,1.85,1.49,1.27,1.25,1.33,1.30,1.15,1.36,2.03,3.38,2.29,2.01,1.84,2.24,2.23,2.57,2.74,2.76,3.23,3.49,3.88,3.68,3.12,3.00,3.42,3.46,3.46,3.66,3.78,4.11,4.59,4.96,4.48,4.36,4.20,4.45,4.51,4.88,4.94,5.19,5.23,5.42,6.13,5.92,5.74,5.86,6.18,6.03,6.04,6.20,6.59,6.89,6.78,7.23,7.13,6.91,7.04,7.15,7.25,7.05,6.79,6.93,7.06,6.99,7.18,7.32,7.30,7.25,7.29,7.41,7.34,7.18,7.06,7.39,7.14,7.49,7.64,7.60,7.62,7.46,7.18,7.31,7.32,7.57,7.49,7.49,7.39,7.70,7.58,7.39,7.45,7.47,7.52,7.55,7.57,7.71,7.36,7.33,7.58,7.63,7.47,7.82,7.30,7.26,7.29,7.29,7.29,7.37,7.17,7.46,7.58,7.63,7.64,7.62,7.57,7.61,7.57,7.45
-12.21,-11.92,-11.76,-11.66,-11.65,-12.37,-13.18,-13.80,-14.36,-14.61,-14.63,-14.87,-14.60,-14.54,-14.87,-15.12,-15.06,-14.90,-14.69,-14.94,-15.02,-14.66,-14.24,-13.61,-12.53,-11.62,-10.19,-7.96,-4.25,-0.51,2.83,4.94,6.02,6.70,7.02,7.08,7.52,7.36,7.31,6.61,6.20,5.31,4.97,4.84,4.90,5.16,5.30,5.24,5.12,5.35,5.36,6.53,5.89,6.15,5.95,6.21,6.33,6.39,6.52,6.51,6.63,6.75,6.97,6.99,6.71,6.75,6.93,6.83,6.84,6.94,6.91,7.10,7.22,7.44,7.44,7.30,7.16,7.31,7.21,7.46,7.38,7.66,7.57,7.54,7.95,7.50,7.61,7.50,8.20,8.23,8.06,8.02,7.98,8.07,7.97,8.20,8.21,8.10,8.13,8.24,8.22,8.16,8.05,8.04,8.03,8.08,8.28,8.20,8.37,8.30,8.21,8.66,8.20,8.16,7.95,8.30,8.17,8.30,8.33,8.38,8.47,8.30,8.11,8.29,8.16,8.33,8.43,8.36,8.25,8.38,8.46,8.40,8.45,8.45,8.04,8.50,8.31,8.48,8.10,8.12,8.27,8.30,8.38,8.64,8.08,8.12,8.14,8.20,8.34,8.40,8.14,8.16,8.19,8.22,8.15,8.04,8.31,8.22,8.21,8.03
-9.99,-9.93,-9.91,-9.98,-10.47,-11.40,-12.14,-12.97,-13.52,-13.83,-14.12,-14.15,-14.15,-13.97,-14.18,-14.45,-14.46,-14.30,-14.10,-14.40,-14.30,-13.62,-12.36,-10.53,-8.47,-6.57,-4.21,-1.26,2.08,4.37,5.74,6.48,6.99,7.32,7.20,7.36,7.44,7.58,7.63,7.42,7.49,7.37,7.57,7.56,7.32,7.33,7.46,7.52,7.26,7.52,7.26,7.72,7.37,7.78,7.96,7.86,8.04,8.02,7.96,7.86,7.77,7.86,7.99,8.04,8.04,8.11,8.30,8.32,8.12,7.96,7.83,8.00,8.07,8.12,8.28,8.20,8.27,8.34,8.06,8.17,7.96,8.14,8.41,8.13,8.24,8.17,8.13,8.12,8.57,8.72,8.50,8.41,8.50,8.46,8.31,8.52,8.40,8.54,8.62,8.56,8.65,8.48,8.13,8.06,8.24,8.37,8.32,8.34,8.41,8.66,8.49,8.83,8.54,8.57,8.78,8.72,8.72,8.90,8.69,8.66,8.81,8.84,8.86,8.85,8.75,8.92,8.91,8.94,8.88,8.85,9.00,8.88,8.86,9.01,8.88,8.76,9.02,9.17,8.80,8.97,9.17,9.10,9.02,9.00,8.77,8.91,8.82,8.84,8.97,9.02,8.88,8.69,8.67,8.67,8.68,8.75,8.93,8.87,8.92,8.81
-6.77,-6.97,-7.43,-7.87,-9.19,-11.23,-11.62,-12.48,-13.00,-13.00,-13.28,-13.57,-13.64,-13.57,-13.68,-13.89,-13.86,-13.64,-13.49,-13.71,-13.46,-12.14,-9.33,-5.54,-2.15,0.51,2.88,4.28,5.89,6.63,7.24,7.52,7.42,7.58,7.68,7.66,7.73,7.89,8.12,8.02,7.89,7.93,8.21,8.37,8.05,7.80,8.10,8.23,7.97,7.99,7.99,8.28,8.11,8.30,8.51,8.24,8.34,8.47,8.27,8.38,8.25,8.24,8.32,8.41,8.43,8.45,8.62,8.64,8.50,8.46,8.36,8.46,8.58,8.50,8.64,8.65,8.76,8.84,8.71,8.88,8.50,8.55,8.94,8.66,8.81,8.91,8.76,8.68,9.15,9.12,8.88,8.94,9.11,8.72,8.68,8.96,9.00,9.04,9.17,9.38,9.47,9.27,8.93,8.82,8.82,8.87,9.08,9.05,9.00,8.94,8.75,9.32,9.36,9.24,9.56,9.41,9.36,9.49,9.40,9.43,9.52,9.59,9.61,9.52,9.58,9.61,9.60,9.54,9.48,9.56,9.48,9.38,9.52,9.61,9.41,9.46,9.76,9.62,9.50,9.65,9.42,9.36,9.54,9.50,9.38,9.42,9.47,9.44,9.42,9.50,9.38,9.32,9.14,9.18,9.36,9.51,9.70,9.54,9.30,9.40
-3.58,-3.93,-4.59,-5.46,-8.26,-9.89,-11.12,-11.69,-12.08,-12.42,-12.61,-13.03,-12.99,-12.96,-13.14,-13.39,-13.39,-13.24,-12.78,-13.06,-12.68,-10.77,-6.51,-0.77,3.44,5.61,6.51,6.84,7.56,8.12,8.22,8.14,8.17,8.30,8.30,8.50,8.50,8.62,8.74,8.42,8.54,8.59,8.67,8.73,8.63,8.59,8.71,8.57,8.60,8.42,8.50,8.63,8.83,8.73,9.09,8.90,8.90,9.02,8.99,9.14,9.18,8.96,8.85,9.04,9.17,9.06,9.02,9.04,9.13,9.23,9.08,9.04,9.24,9.20,9.20,9.27,9.44,9.41,9.48,9.52,9.44,9.42,9.53,9.44,9.60,9.68,9.61,9.48,9.83,9.75,9.75,9.63,9.72,9.60,9.43,9.53,9.62,9.60,9.81,10.14,10.22,10.13,9.86,9.61,9.59,9.67,9.83,10.02,9.85,9.78,9.47,9.81,9.78,9.71,9.66,10.10,10.21,10.17,10.10,10.16,10.24,10.19,10.12,10.21,10.29,10.08,10.21,9.98,9.97,10.09,10.01,10.06,10.28,10.30,10.08,10.20,10.06,10.08,9.80,10.07,10.02,9.80,9.67,9.62,9.78,10.03,10.03,9.96,9.97,9.95,9.72,9.76,9.50,9.59,9.76,9.80,9.89,9.67,9.61,9.82
0.10,-0.19,-1.26,-3.03,-5.71,-7.75,-9.44,-10.56,-11.22,-11.76,-12.16,-12.45,-12.36,-12.32,-12.49,-12.77,-12.83,-12.71,-12.23,-12.49,-12.08,-9.93,-5.35,0.92,5.47,7.48,7.69,8.00,8.60,8.99,9.15,9.17,9.01,8.96,9.46,9.27,9.38,9.47,9.72,9.41,9.52,9.48,9.42,9.50,9.48,9.41,9.43,9.40,9.51,9.52,9.62,9.33,9.56,9.46,9.72,9.52,9.71,9.73,9.88,9.98,9.96,9.69,9.58,9.73,9.88,9.92,9.90,9.81,9.89,9.95,9.72,9.65,9.86,9.88,9.85,9.98,10.12,9.99,9.97,9.90,10.10,10.12,10.14,10.05,10.31,10.32,10.06,10.08,10.29,10.29,10.31,10.54,10.51,10.54,10.22,10.38,10.30,10.34,10.47,10.76,10.85,10.67,10.33,10.16,10.23,10.28,10.38,10.54,10.72,10.61,10.60,10.60,10.45,10.34,10.29,10.44,10.52,10.74,10.78,10.80,10.73,10.58,10.41,10.33,10.47,10.20,10.24,10.26,10.27,10.34,10.29,10.21,10.35,10.39,10.16,10.22,10.22,10.21,10.01,9.86,9.66,9.63,9.79,9.89,9.65,10.08,10.08,10.08,10.06,9.97,9.82,9.69,9.69,9.75,9.77,9.73,9.70,9.62,9.71,9.89
3.47,2.90,1.89,0.40,-1.87,-4.49,-6.88,-8.70,-10.02,-10.84,-11.27,-11.60,-11.71,-11.82,-12.01,-12.20,-12.16,-12.02,-11.66,-11.72,-11.58,-10.20,-6.78,-1.63,3.07,6.03,7.85,8.65,9.30,9.42,9.43,9.68,9.82,9.96,9.89,9.65,10.11,9.99,10.01,9.95,10.14,10.22,10.29,10.33,10.07,9.91,10.06,10.02,10.07,9.86,9.82,9.40,9.75,9.66,9.85,9.81,10.10,10.19,10.32,10.30,10.20,9.99,9.95,10.08,10.18,10.37,10.44,10.29,10.31,10.30,10.11,10.03,10.17,10.24,10.13,10.08,10.17,10.14,10.03,10.03,10.24,10.38,10.44,10.23,10.39,10.42,10.24,10.17,10.48,10.31,10.42,10.70,10.53,10.43,10.43,10.53,10.49,10.59,10.72,10.83,10.85,10.72,10.16,9.97,10.24,10.37,10.39,10.37,10.31,10.33,10.35,10.18,10.23,10.39,10.14,10.32,10.38,10.38,10.29,10.47,10.40,10.31,10.24,10.07,10.13,10.07,10.07,10.30,10.20,10.34,10.22,10.24,10.30,10.21,10.09,10.13,10.06,10.03,9.73,9.62,9.58,9.62,9.76,9.88,9.75,10.11,9.98,10.00,10.11,10.09,9.87,9.71,9.82,9.75,9.68,9.68,9.69,9.75,9.66,9.79
6.25,5.49,4.47,3.66,1.57,-1.27,-4.04,-6.27,-7.98,-9.44,-9.98,-10.59,-10.91,-11.07,-11.33,-11.56,-11.52,-11.60,-11.07,-11.00,-10.94,-10.36,-8.84,-6.13,-2.72,1.89,5.99,8.39,9.43,9.87,10.11,10.22,10.16,10.03,10.07,10.13,10.27,10.18,10.17,10.19,10.34,10.47,10.62,10.58,10.31,10.31,10.32,10.12,10.34,9.86,9.56,9.21,9.54,9.38,9.43,9.46,9.76,10.07,10.28,10.31,10.16,9.93,9.79,9.90,10.03,10.19,10.30,10.21,10.20,10.12,10.05,10.06,10.09,10.13,10.12,9.90,9.98,9.95,9.87,10.01,10.08,10.28,10.41,10.14,10.16,10.22,10.24,10.18,10.44,10.09,10.21,10.43,10.30,10.21,10.49,10.55,10.59,10.65,10.73,10.63,10.64,10.55,10.17,10.13,10.24,10.31,10.41,10.34,10.40,10.29,10.06,10.20,10.41,10.24,10.01,10.22,10.33,10.49,10.39,10.34,10.24,10.29,10.32,10.08,9.96,10.00,10.10,10.01,10.09,10.27,10.17,10.28,10.24,10.10,10.07,10.08,9.98,9.85,9.57,9.73,9.58,9.53,9.75,9.96,9.85,10.08,9.92,9.91,9.91,9.81,9.62,9.43,9.58,9.51,9.47,9.51,9.57,9.63,9.50,9.60
7.66,7.17,6.41,6.01,4.02,1.52,-1.08,-3.47,-5.49,-7.34,-8.79,-9.60,-10.05,-10.27,-10.52,-10.97,-11.02,-10.69,-10.57,-10.57,-10.37,-10.06,-9.57,-8.19,-6.40,-2.82,3.29,7.34,9.32,10.01,10.19,10.27,10.14,10.21,10.40,10.27,10.20,10.01,10.06,10.23,10.39,10.45,10.49,10.43,10.33,10.44,10.42,10.24,10.29,9.81,9.34,8.99,9.02,9.03,9.02,8.91,9.30,9.81,10.02,10.21,10.08,9.88,9.82,9.85,9.88,10.00,10.20,10.08,10.05,9.93,9.82,9.89,9.98,10.00,10.13,10.02,10.09,9.96,9.83,10.03,9.91,10.01,10.26,9.93,10.09,10.05,10.18,10.12,10.37,10.02,10.05,10.30,10.33,10.22,10.43,10.45,10.53,10.61,10.51,10.47,10.51,10.35,10.09,9.99,10.11,10.20,10.18,10.22,10.33,10.24,10.21,10.22,10.27,10.16,10.21,10.12,10.07,10.09,10.18,10.18,10.05,10.17,10.18,9.91,9.88,9.88,9.99,9.95,10.05,10.19,10.06,10.02,10.07,10.06,10.00,9.97,10.02,9.63,9.59,9.61,9.54,9.57,9.67,9.71,9.70,9.89,9.85,9.78,9.69,9.60,9.57,9.42,9.49,9.46,9.32,9.25,9.31,9.20,9.17,9.31
8.19,7.94,7.54,7.44,6.08,4.30,2.06,-0.46,-2.96,-5.32,-7.13,-8.42,-9.04,-9.44,-9.85,-10.12,-10.26,-10.20,-10.03,-9.98,-9.77,-9.43,-9.16,-8.60,-7.93,-4.92,1.72,6.84,9.15,9.81,9.93,9.82,9.87,10.07,10.26,10.02,10.01,9.88,9.98,10.22,10.29,10.27,10.34,10.47,10.38,10.35,10.44,10.14,9.96,9.62,9.05,8.74,8.58,8.66,8.71,8.62,9.03,9.65,9.80,10.05,9.95,9.82,9.92,9.91,9.79,9.83,9.99,9.89,9.93,9.88,9.77,9.65,9.81,9.83,9.91,9.88,9.91,9.90,9.81,9.83,9.79,9.75,9.83,9.68,9.89,9.80,10.01,10.05,10.14,9.90,9.99,10.08,10.21,10.06,10.23,10.35,10.34,10.38,10.23,10.32,10.42,10.33,10.09,9.90,9.96,10.00,9.90,9.97,10.14,10.05,9.82,9.90,10.01,9.80,9.67,9.95,9.90,9.75,9.77,9.85,9.79,9.79,9.71,9.57,9.65,9.59,9.57,9.77,9.70,9.83,9.83,9.95,10.07,10.01,9.90,9.96,9.90,9.63,9.49,9.53,9.48,9.70,9.87,9.73,9.62,9.70,9.73,9.69,9.73,9.76,9.56,9.43,9.33,9.49,9.41,9.32,9.42,9.41,9.13,9.13
8.65,8.40,8.07,7.95,7.76,6.56,4.84,2.57,-0.41,-3.66,-5.57,-7.00,-7.94,-8.49,-8.88,-9.50,-9.44,-9.34,-9.18,-9.15,-9.04,-8.69,-8.54,-8.23,-7.39,-4.64,1.45,6.36,8.88,9.70,9.82,9.80,9.91,9.97,10.17,9.91,9.88,9.96,10.00,10.09,10.21,10.24,10.35,10.56,10.39,10.24,10.40,9.81,9.62,9.38,8.96,8.75,8.59,8.51,8.60,8.56,8.91,9.40,9.66,9.93,9.93,9.80,9.75,9.71,9.69,9.70,9.76,9.69,9.69,9.67,9.65,9.51,9.50,9.54,9.77,9.63,9.59,9.65,9.58,9.68,9.73,9.69,9.57,9.68,9.81,9.66,9.80,10.00,9.97,9.85,9.88,9.96,10.00,10.10,10.23,10.42,10.42,10.49,10.45,10.42,10.42,10.43,10.17,9.93,9.97,10.05,9.97,9.97,10.21,10.07,9.77,9.85,9.82,9.79,9.53,9.88,9.93,9.87,10.03,9.95,10.05,10.10,9.85,9.81,9.89,9.51,9.57,9.73,9.72,9.86,9.80,9.91,10.01,9.86,9.76,9.87,9.79,9.77,9.47,9.61,9.50,9.67,9.81,9.78,9.66,9.46,9.57,9.70,9.58,9.39,9.34,9.32,9.43,9.29,9.08,9.00,9.13,9.49,9.33,9.17
9.01,8.80,8.60,8.24,8.19,7.44,6.45,5.05,2.52,-1.39,-4.31,-6.44,-7.42,-7.86,-8.37,-8.72,-8.56,-8.52,-8.34,-8.38,-8.26,-7.63,-7.37,-6.23,-5.68,-3.66,1.88,6.30,8.50,9.42,9.80,9.85,9.69,9.83,10.05,9.95,9.90,9.92,10.12,10.13,10.26,10.40,10.49,10.62,10.41,10.27,10.42,9.89,9.56,9.22,8.97,8.83,8.69,8.62,8.74,8.74,9.04,9.40,9.56,9.71,9.83,9.76,9.58,9.52,9.63,9.75,9.78,9.70,9.66,9.53,9.48,9.43,9.48,9.50,9.71,9.57,9.58,9.53,9.47,9.72,9.75,9.77,9.61,9.81,9.76,9.67,9.85,9.75,9.96,9.90,9.85,9.89,9.97,10.17,10.24,10.35,10.42,10.43,10.54,10.40,10.32,10.40,10.17,10.01,10.01,9.99,9.90,9.83,9.91,9.80,9.70,9.76,9.72,9.77,9.41,9.93,9.81,9.80,9.72,9.69,9.79,9.82,9.69,9.54,9.52,9.57,9.62,9.67,9.93,9.78,9.77,9.79,9.78,9.75,9.71,9.72,9.85,9.87,9.66,9.62,9.61,9.59,9.71,9.83,9.69,9.60,9.42,9.51,9.53,9.44,9.29,9.20,9.17,9.18,9.05,9.00,9.00,8.96,8.92,9.02
9.19,9.10,8.97,8.76,8.49,8.19,7.74,6.86,5.04,0.82,-2.00,-4.38,-5.77,-6.36,-6.80,-6.92,-6.97,-6.85,-6.52,-6.48,-6.46,-5.73,-4.74,-3.93,-3.48,-1.46,2.78,6.59,8.55,9.28,9.76,9.90,9.69,9.83,9.93,10.00,10.06,9.96,10.20,10.18,10.19,10.45,10.62,10.69,10.52,10.39,10.53,10.24,9.66,9.37,8.96,8.87,8.75,8.72,8.77,8.72,8.95,9.41,9.56,9.52,9.53,9.47,9.31,9.31,9.47,9.57,9.65,9.71,9.66,9.52,9.44,9.38,9.44,9.33,9.40,9.34,9.44,9.29,9.56,9.46,9.62,9.51,9.46,9.61,9.50,9.59,9.87,9.61,9.95,9.72,9.90,9.86,9.95,9.98,10.13,10.20,10.19,10.21,10.31,10.23,10.24,10.27,9.98,9.86,9.92,9.89,9.91,9.95,9.78,9.65,9.69,9.67,9.70,9.71,9.58,9.87,9.72,9.82,9.86,9.72,9.80,9.69,9.46,9.40,9.41,9.40,9.65,9.79,9.71,10.00,9.69,9.80,9.69,9.76,9.82,9.80,9.88,9.88,9.76,9.56,9.60,9.66,9.83,9.89,9.67,9.69,9.38,9.40,9.51,9.39,9.18,9.27,9.08,8.95,8.94,8.96,8.93,8.87,8.87,8.75
9.41,9.23,9.21,8.88,8.97,8.73,8.51,8.11,6.55,3.77,0.95,-1.71,-3.56,-4.54,-4.89,-4.68,-4.59,-4.35,-4.35,-4.55,-4.39,-3.35,-2.27,-1.59,-1.00,0.74,4.07,7.04,8.64,9.30,9.72,9.90,9.77,9.92,9.89,10.03,10.19,10.05,10.12,10.14,10.13,10.40,10.69,10.66,10.70,10.53,10.72,10.48,9.91,9.59,9.11,9.03,8.78,8.75,8.81,8.87,9.08,9.38,9.52,9.54,9.53,9.40,9.30,9.43,9.54,9.56,9.80,9.81,9.68,9.51,9.47,9.47,9.65,9.62,9.30,9.38,9.43,9.40,9.57,9.47,9.61,9.48,9.63,9.61,9.57,9.69,9.82,9.73,9.93,9.66,9.96,10.03,9.85,9.90,10.17,10.24,10.19,10.37,10.40,10.33,10.38,10.28,9.83,9.72,9.90,9.99,10.05,9.98,9.78,9.62,9.59,9.69,9.61,9.58,9.66,9.63,9.70,9.83,9.73,9.70,9.72,9.66,9.49,9.42,9.40,9.47,9.83,9.69,9.67,9.48,9.73,9.71,9.51,9.44,9.59,9.71,9.67,9.62,9.67,9.53,9.58,9.82,10.00,9.95,9.70,9.67,9.43,9.44,9.48,9.37,9.25,9.32,9.13,9.03,9.12,9.10,8.96,8.94,8.76,8.75
9.44,9.12,9.41,9.25,9.27,9.09,8.96,8.86,8.10,6.18,3.93,1.23,-0.87,-1.87,-2.20,-1.73,-1.57,-1.67,-1.97,-2.25,-2.10,-1.44,-0.73,-0.32,0.10,1.57,4.58,7.29,8.69,9.25,9.65,9.81,9.67,9.89,9.98,10.02,10.13,10.08,10.08,10.18,10.23,10.43,10.72,10.70,10.73,10.72,10.94,10.58,10.42,9.95,9.32,9.10,8.86,8.62,8.68,8.96,9.11,9.38,9.60,9.65,9.51,9.28,9.32,9.52,9.44,9.41,9.61,9.68,9.54,9.40,9.32,9.33,9.59,9.50,9.34,9.41,9.46,9.47,9.50,9.48,9.56,9.39,9.68,9.61,9.63,9.76,9.80,9.77,9.86,9.83,9.90,10.00,9.81,9.88,10.28,10.42,10.49,10.65,10.58,10.40,10.41,10.22,9.83,9.69,9.85,10.01,10.03,9.98,9.83,9.66,9.65,9.67,9.57,9.50,9.60,9.65,9.86,9.81,9.88,9.91,9.70,9.61,9.54,9.48,9.46,9.53,9.96,9.66,9.71,9.71,9.71,9.61,9.53,9.58,9.66,9.63,9.59,9.76,9.73,9.81,9.90,10.01,10.08,9.97,9.73,9.68,9.39,9.44,9.48,9.44,9.39,9.28,9.31,9.22,9.10,9.01,8.96,8.88,8.78,9.02
9.54,9.54,9.60,9.42,9.51,9.50,9.27,8.90,8.66,7.76,5.88,3.37,1.47,0.76,0.74,1.33,1.88,1.27,0.44,-0.18,-0.52,-0.58,-0.51,-0.29,-0.27,1.12,4.42,7.32,8.71,9.21,9.59,9.69,9.60,9.82,9.98,9.96,10.01,10.02,10.10,10.11,10.20,10.43,10.63,10.72,10.63,10.81,11.07,10.52,10.58,10.23,9.43,9.04,8.92,8.76,8.84,8.92,9.11,9.38,9.56,9.63,9.59,9.46,9.44,9.50,9.41,9.49,9.62,9.70,9.59,9.34,9.30,9.39,9.34,9.57,9.57,9.25,9.46,9.41,9.32,9.44,9.58,9.56,9.42,9.59,9.51,9.66,9.76,9.80,10.03,9.97,9.85,9.91,9.92,9.90,10.28,10.65,10.67,10.80,10.63,10.45,10.41,10.20,9.87,9.79,9.92,10.01,10.03,9.98,9.85,9.78,9.87,9.82,9.69,9.63,9.57,9.71,9.79,9.91,9.79,9.90,9.76,9.69,9.65,9.57,9.57,9.66,9.82,9.90,9.72,9.72,9.68,9.72,9.63,9.54,9.47,9.50,9.69,9.90,9.87,9.95,10.03,9.95,9.99,9.86,9.48,9.52,9.28,9.40,9.42,9.31,9.22,9.24,9.29,9.30,9.01,8.85,8.84,8.85,8.81,8.93
9.52,9.69,9.54,9.53,9.57,9.52,9.34,9.09,9.01,8.54,7.24,4.99,3.30,3.07,3.31,4.70,5.15,3.80,2.03,0.66,-0.28,-0.87,-1.30,-1.03,-1.16,0.28,4.05,7.32,8.75,9.30,9.67,9.54,9.43,9.79,9.87,9.93,9.98,9.81,9.89,10.02,10.14,10.42,10.50,10.60,10.60,10.58,10.89,10.42,10.54,10.06,9.48,8.92,8.95,8.90,8.94,8.93,9.20,9.39,9.52,9.58,9.50,9.53,9.54,9.54,9.49,9.44,9.54,9.68,9.68,9.51,9.27,9.39,9.53,9.73,9.46,9.32,9.37,9.44,9.23,9.61,9.54,9.52,9.38,9.57,9.58,9.79,9.79,9.87,9.91,9.90,9.91,9.88,9.93,9.89,10.20,10.64,10.61,10.70,10.59,10.53,10.52,10.24,9.96,9.90,9.90,9.95,9.98,9.91,9.86,9.82,9.81,9.83,9.75,9.61,9.51,9.48,9.68,9.81,9.63,9.71,9.68,9.59,9.49,9.49,9.61,9.69,9.70,9.65,9.68,9.58,9.58,9.71,9.66,9.46,9.32,9.53,9.89,9.88,10.11,9.88,9.81,9.86,9.93,9.81,9.58,9.52,9.37,9.44,9.36,9.14,9.08,9.18,9.10,9.18,9.04,8.95,8.99,9.04,8.80,8.80
9.60,9.73,9.58,9.56,9.62,9.67,9.52,9.20,9.18,9.02,8.24,6.56,5.18,5.28,6.16,7.38,7.57,5.95,3.44,1.07,-0.67,-1.54,-2.04,-1.78,-1.59,0.04,3.83,7.29,8.85,9.38,9.79,9.57,9.31,9.75,9.97,9.99,9.99,9.82,9.79,9.98,10.09,10.20,10.49,10.58,10.53,10.40,10.50,10.20,10.41,10.19,9.77,9.18,9.13,8.97,9.11,9.09,9.31,9.44,9.47,9.53,9.53,9.52,9.51,9.52,9.52,9.53,9.59,9.58,9.42,9.37,9.28,9.20,9.38,9.51,9.43,9.46,9.44,9.48,9.43,9.36,9.37,9.48,9.70,9.37,9.58,9.68,9.65,9.91,9.96,9.97,9.80,9.91,9.91,9.73,10.05,10.51,10.59,10.65,10.39,10.40,10.34,10.10,9.93,9.82,9.77,9.81,9.86,9.85,9.87,9.86,9.68,9.78,9.79,9.63,9.61,9.65,9.67,9.85,9.71,9.71,9.62,9.76,9.77,9.67,9.65,9.66,9.66,9.62,9.40,9.58,9.63,9.75,9.81,9.85,9.82,9.80,9.83,9.96,9.92,9.73,9.80,9.81,9.85,9.82,9.65,9.44,9.51,9.47,9.43,9.37,9.21,9.05,9.15,9.10,9.06,9.03,9.10,9.15,8.74,8.69
9.63,9.75,9.57,9.57,9.57,9.68,9.70,9.37,9.34,9.42,8.88,7.86,7.05,7.18,8.24,8.78,9.00,7.70,5.04,1.88,-0.62,-1.59,-1.85,-1.86,-1.49,0.22,3.86,7.20,8.73,9.33,9.75,9.76,9.75,9.82,10.07,9.99,9.80,9.87,9.93,9.92,9.96,10.11,10.48,10.53,10.42,10.42,10.42,10.05,10.18,10.16,9.79,9.65,9.33,9.21,9.39,9.28,9.40,9.61,9.58,9.66,9.79,9.78,9.73,9.66,9.47,9.39,9.58,9.53,9.43,9.58,9.37,9.25,9.40,9.49,9.49,9.47,9.51,9.37,9.51,9.37,9.31,9.56,9.43,9.39,9.62,9.70,9.59,9.86,10.20,9.95,9.72,9.97,9.98,9.73,9.86,10.27,10.39,10.39,10.30,10.31,10.21,10.03,9.92,9.86,9.93,10.01,9.91,9.79,9.83,9.86,9.63,9.63,9.83,9.72,9.62,9.71,9.70,9.79,9.69,9.77,9.63,9.72,9.68,9.69,9.76,9.54,9.48,9.69,9.65,9.66,9.61,9.86,9.79,9.73,9.78,9.86,9.92,9.98,9.67,9.71,9.53,9.56,9.65,9.59,9.43,9.41,9.41,9.58,9.43,9.24,9.12,9.11,9.33,9.22,9.04,8.90,8.94,9.04,8.77,8.77
9.71,9.68,9.58,9.57,9.57,9.65,9.68,9.51,9.54,9.50,9.19,8.66,8.33,8.52,9.08,9.47,9.66,8.81,6.68,3.60,0.60,-0.83,-1.14,-1.50,-1.16,0.29,3.75,7.12,8.71,9.29,9.47,9.73,9.86,9.81,10.07,9.98,9.73,9.73,9.86,9.92,9.95,10.01,10.22,10.30,10.09,10.08,10.08,9.90,10.02,10.10,9.89,9.65,9.50,9.30,9.40,9.31,9.38,9.50,9.52,9.57,9.65,9.78,9.58,9.36,9.49,9.44,9.43,9.49,9.48,9.51,9.33,9.33,9.48,9.51,9.51,9.46,9.51,9.51,9.58,9.51,9.60,9.39,9.52,9.57,9.47,9.61,9.59,9.72,9.97,9.83,9.75,9.86,9.96,9.85,9.82,10.02,10.21,10.17,10.17,10.19,10.13,10.02,9.91,9.80,9.93,10.09,9.92,9.72,9.80,9.72,9.54,9.54,9.77,9.62,9.56,9.72,9.90,9.83,9.75,9.70,9.62,9.72,9.56,9.49,9.62,9.54,9.40,9.48,9.69,9.85,9.68,9.76,9.99,9.86,9.81,9.92,9.91,9.87,9.72,9.62,9.60,9.62,9.65,9.67,9.57,9.30,9.40,9.59,9.39,9.14,9.12,9.25,9.15,9.12,9.02,8.90,8.93,9.05,8.81,8.86
9.83,9.68,9.68,9.65,9.57,9.56,9.58,9.53,9.65,9.42,9.28,9.10,9.02,9.29,9.69,10.07,9.98,9.54,8.45,6.15,2.55,0.43,-0.39,-0.72,-0.32,0.97,4.11,7.33,8.81,9.38,9.44,9.75,9.79,9.93,9.89,9.92,9.77,9.62,9.63,9.78,9.98,10.01,9.95,10.16,10.11,10.12,10.03,9.92,10.07,10.07,10.05,9.92,9.71,9.47,9.42,9.57,9.66,9.70,9.69,9.57,9.57,9.75,9.75,9.41,9.12,9.41,9.50,9.57,9.50,9.41,9.34,9.37,9.39,9.51,9.50,9.43,9.39,9.50,9.53,9.50,9.32,9.43,9.51,9.61,9.54,9.51,9.52,9.76,9.70,9.87,9.65,9.77,9.89,9.93,10.01,9.93,10.22,10.26,10.28,10.12,10.07,10.02,9.88,9.78,9.79,9.85,9.83,9.76,9.76,9.71,9.61,9.76,9.77,9.54,9.58,9.70,9.86,9.83,9.77,9.72,9.69,9.80,9.63,9.50,9.60,9.62,9.52,9.40,9.60,9.90,9.76,10.07,10.10,9.97,9.90,9.86,9.80,9.72,9.80,9.62,9.48,9.51,9.56,9.66,9.61,9.22,9.23,9.40,9.25,9.06,9.02,9.11,9.13,9.13,9.01,8.92,9.02,9.10,8.63,8.71
9.86,9.72,9.72,9.73,9.60,9.53,9.59,9.58,9.67,9.49,9.38,9.36,9.44,9.68,10.10,10.40,10.19,10.02,9.47,7.57,3.96,1.67,0.80,0.27,0.28,1.53,4.49,7.38,8.65,9.29,9.61,9.88,9.91,9.90,9.72,9.70,9.63,9.75,9.79,9.73,9.85,9.93,10.14,10.29,10.22,9.90,10.02,10.05,10.17,9.92,9.98,9.91,9.81,9.58,9.53,9.59,9.68,9.59,9.49,9.67,9.63,9.65,9.75,9.52,9.43,9.41,9.60,9.52,9.40,9.49,9.36,9.43,9.28,9.54,9.48,9.51,9.53,9.46,9.36,9.42,9.34,9.29,9.50,9.69,9.62,9.51,9.70,9.75,9.89,9.78,9.61,9.60,9.80,9.89,9.96,10.09,10.13,10.14,10.14,10.08,10.11,10.02,9.86,9.68,9.66,9.69,9.75,9.77,9.79,9.77,9.77,9.86,9.76,9.58,9.61,9.53,9.68,9.63,9.80,9.86,9.85,9.82,9.68,9.59,9.62,9.65,9.50,9.31,9.51,9.65,9.65,9.99,9.88,9.91,9.83,9.68,9.65,9.63,9.56,9.39,9.23,9.34,9.32,9.32,9.39,9.40,9.41,9.42,9.17,9.12,9.14,9.09,9.05,9.24,8.99,8.94,9.11,9.19,8.80,8.87
9.88,9.71,9.83,9.78,9.71,9.70,9.71,9.51,9.69,9.51,9.51,9.60,9.69,9.96,10.12,10.30,10.32,10.24,9.95,8.67,5.15,2.55,1.42,1.03,1.27,2.42,5.16,7.81,8.74,9.27,9.71,9.80,9.95,9.99,10.00,9.79,9.63,9.63,9.69,9.79,9.88,9.86,9.96,10.12,9.87,9.81,9.89,9.95,10.01,9.63,9.78,9.86,9.58,9.48,9.56,9.54,9.54,9.61,9.63,9.63,9.59,9.56,9.60,9.50,9.27,9.44,9.77,9.49,9.46,9.52,9.09,9.31,9.34,9.30,9.33,9.30,9.43,9.31,9.40,9.30,9.49,9.39,9.42,9.54,9.48,9.44,9.73,9.92,9.88,9.77,9.65,9.54,9.67,9.57,9.82,9.82,9.99,10.05,10.06,9.97,9.88,9.77,9.56,9.43,9.43,9.58,9.63,9.68,9.77,9.71,9.76,9.73,9.76,9.51,9.59,9.41,9.66,9.58,9.77,9.81,9.81,9.79,9.67,9.50,9.51,9.57,9.46,9.31,9.50,9.58,9.59,9.75,9.75,9.78,9.75,9.62,9.49,9.41,9.37,9.29,9.19,9.22,9.28,9.25,9.18,9.21,9.12,9.09,9.09,9.05,9.12,9.22,9.01,8.94,8.97,9.02,9.05,8.96,8.71,9.09
9.96,9.82,10.10,9.89,9.67,9.67,9.76,9.40,9.68,9.62,9.57,9.62,9.76,9.92,10.24,10.34,10.34,10.20,9.93,8.88,5.53,3.22,2.33,2.23,2.71,3.96,6.14,8.12,8.87,9.25,9.80,9.80,9.83,9.78,9.83,9.77,9.66,9.60,9.65,9.72,9.75,9.85,10.01,9.93,9.80,9.95,10.10,9.76,9.82,9.89,9.88,9.67,9.56,9.53,9.44,9.33,9.39,9.51,9.53,9.50,9.50,9.49,9.57,9.51,9.43,9.48,9.56,9.53,9.42,9.70,9.47,9.31,9.51,9.21,9.34,9.54,9.37,9.48,9.44,9.62,9.40,9.30,9.48,9.57,9.53,9.49,9.82,9.78,9.90,9.88,9.66,9.60,9.63,9.60,9.67,9.79,9.89,9.92,10.02,9.88,9.88,9.75,9.51,9.47,9.46,9.51,9.54,9.53,9.56,9.59,9.61,9.60,9.65,9.40,9.43,9.38,9.54,9.63,9.62,9.62,9.60,9.67,9.60,9.40,9.30,9.37,9.38,9.27,9.52,9.65,9.57,9.66,9.65,9.58,9.48,9.44,9.43,9.24,9.24,9.24,9.13,9.01,9.05,9.12,9.15,9.14,9.01,9.09,9.11,9.08,9.05,9.04,8.96,8.66,8.92,8.99,9.00,8.96,8.80,9.02
9.86,10.00,9.97,9.72,9.66,9.76,9.77,9.60,9.71,9.77,9.61,9.60,9.86,10.07,10.13,10.45,10.41,10.07,9.75,9.05,6.48,4.37,3.57,3.67,4.28,5.46,7.06,8.39,9.04,9.61,9.85,9.79,9.72,9.79,9.80,9.73,9.69,9.52,9.41,9.54,9.73,9.82,9.96,10.05,9.99,9.80,9.93,9.83,9.80,9.72,9.70,9.65,9.53,9.49,9.58,9.66,9.57,9.54,9.51,9.43,9.52,9.42,9.46,9.65,9.70,9.37,9.30,9.17,9.22,9.34,9.24,9.42,9.44,9.33,9.39,9.50,9.40,9.28,9.21,9.33,9.40,9.43,9.59,9.39,9.50,9.65,9.82,9.53,9.66,9.67,9.69,9.58,9.33,9.49,9.69,9.65,9.77,9.72,9.76,9.66,9.60,9.43,9.18,9.22,9.22,9.22,9.39,9.39,9.37,9.43,9.42,9.49,9.30,9.18,9.19,9.37,9.42,9.42,9.53,9.49,9.48,9.50,9.38,9.21,9.17,9.25,9.32,9.24,9.32,9.47,9.22,9.34,9.39,9.36,9.33,9.33,9.28,9.15,9.10,9.17,8.91,8.93,8.90,8.92,9.00,9.06,8.94,8.85,8.84,8.93,8.96,8.88,8.84,8.66,8.90,9.02,8.99,8.87,8.78,8.90
9.88,9.97,10.09,10.00,9.76,9.68,9.86,9.72,9.79,9.67,9.41,9.47,9.95,10.19,10.23,10.42,10.42,10.32,10.17,9.68,7.96,6.08,5.19,4.74,5.43,6.48,7.64,8.67,9.23,9.54,9.81,9.69,9.48,9.79,9.56,9.49,9.60,9.53,9.31,9.33,9.58,9.62,9.68,9.85,9.68,9.57,9.70,9.58,9.62,9.65,9.60,9.44,9.49,9.47,9.52,9.54,9.46,9.34,9.25,9.27,9.29,9.31,9.09,9.17,9.33,9.22,9.20,9.20,9.18,9.11,9.13,9.28,9.13,9.21,9.19,9.36,9.23,9.25,9.13,9.18,9.22,9.14,9.21,9.23,9.47,9.51,9.54,9.67,9.53,9.47,9.37,9.43,9.41,9.49,9.52,9.54,9.63,9.69,9.56,9.40,9.39,9.32,9.20,9.10,9.02,9.04,9.14,9.19,9.22,9.31,9.29,9.27,9.00,8.96,9.01,9.15,9.48,9.25,9.38,9.33,9.39,9.37,9.21,9.09,9.17,9.25,9.22,9.23,9.18,9.24,9.01,9.12,9.12,9.15,9.15,9.08,9.03,9.09,9.00,9.19,8.74,8.91,8.84,8.81,8.85,8.75,8.64,8.74,8.76,8.77,8.85,8.90,8.75,8.65,8.87,8.86,8.85,8.88,8.80,8.91
9.69,9.93,10.18,10.05,9.91,9.90,10.01,9.81,9.72,9.70,9.60,9.50,9.60,10.01,9.86,10.10,10.06,9.98,9.96,9.70,8.71,7.25,5.87,6.01,6.16,6.55,7.64,8.81,9.23,9.52,9.66,9.66,9.95,9.63,9.69,9.57,9.40,9.39,9.41,9.30,9.31,9.57,9.76,9.83,9.71,9.66,9.52,9.68,9.78,9.51,9.42,9.40,9.32,9.24,9.33,9.28,9.31,9.52,9.43,9.38,9.28,9.15,9.39,9.40,9.20,9.17,9.14,9.05,9.04,9.04,8.92,8.99,9.02,9.23,9.11,9.19,9.02,8.93,9.19,8.91,9.36,9.02,9.29,8.93,9.22,9.36,9.37,9.52,9.57,9.23,9.23,9.33,9.30,9.36,9.36,9.23,9.37,9.51,9.36,9.29,9.23,9.22,8.96,8.99,9.01,8.85,8.87,8.97,9.01,9.09,9.10,9.11,8.84,8.99,9.00,9.06,9.14,9.31,9.17,9.12,9.12,9.10,9.14,9.13,9.17,9.22,9.09,9.15,9.05,9.09,8.87,9.01,8.95,8.99,8.92,8.76,8.73,8.90,8.99,8.99,8.74,8.88,8.84,8.82,8.82,8.65,8.66,8.85,8.86,8.82,8.83,8.84,8.73,8.81,8.92,9.06,9.15,9.10,8.87,8.94
9.90,9.87,10.11,10.07,9.91,9.86,9.93,9.72,9.77,9.73,9.68,9.67,9.70,9.86,9.96,10.02,10.02,9.89,9.75,9.56,8.36,7.36,6.91,6.71,6.84,7.17,7.94,8.77,8.99,9.12,9.14,9.31,9.17,9.03,9.13,9.09,8.84,8.86,9.12,9.17,9.14,9.22,9.17,9.25,9.15,9.15,9.47,9.29,9.18,8.87,8.97,8.86,8.82,8.94,9.12,9.01,8.93,9.09,9.01,8.95,8.95,8.76,8.72,8.78,8.91,8.95,8.88,9.00,9.06,8.82,8.54,8.56,8.90,8.77,8.88,8.99,8.84,8.90,8.76,8.64,8.73,8.99,8.83,8.51,8.66,8.91,8.84,9.09,9.08,8.92,8.97,9.00,9.00,8.94,8.73,9.05,9.13,9.03,8.99,8.96,9.15,9.15,8.95,8.85,8.93,8.99,8.97,9.03,9.12,9.14,9.12,9.32,9.10,9.11,8.93,9.00,8.82,9.08,9.23,9.23,9.14,9.09,9.18,9.14,9.15,9.28,9.19,9.21,9.03,9.13,8.86,9.10,9.12,9.13,8.99,8.84,8.87,8.94,9.15,8.95,9.05,9.15,9.14,9.06,8.95,8.93,8.95,9.02,9.12,9.11,9.02,8.99,9.12,9.05,9.22,9.36,9.29,9.14,9.17,9.21
9.73,9.71,9.76,9.86,9.93,9.95,9.85,9.78,9.67,9.63,9.63,9.60,9.56,9.73,9.54,9.62,9.69,9.51,9.27,9.14,8.36,7.99,7.97,7.90,7.77,7.98,8.37,8.67,8.97,9.08,9.06,9.18,9.08,9.06,9.01,9.24,9.40,9.22,9.02,9.03,8.93,9.00,9.24,9.20,9.19,9.08,9.09,9.31,9.15,9.05,9.03,9.04,9.13,9.27,9.21,8.99,9.13,9.25,9.06,9.10,9.20,9.44,9.31,9.24,9.28,9.27,9.23,9.17,9.19,9.14,9.05,8.96,9.38,9.28,9.38,9.46,9.37,9.39,9.40,9.14,9.05,9.46,9.60,9.56,9.31,9.44,9.48,9.62,9.42,9.53,9.40,9.69,9.46,9.38,9.44,9.75,9.57,9.60,9.53,9.67,9.63,9.51,9.51,9.53,9.44,9.38,9.38,9.54,9.68,9.60,9.73,9.72,9.54,9.54,9.33,9.63,9.56,9.59,9.70,9.76,9.79,9.63,9.60,9.49,9.48,9.61,9.51,9.51,9.53,9.60,9.44,9.54,9.57,9.63,9.42,9.32,9.48,9.40,9.36,9.51,9.63,9.61,9.63,9.54,9.42,9.41,9.39,9.38,9.44,9.42,9.38,9.37,9.40,9.34,9.50,9.60,9.57,9.53,9.69,9.67
9.82,9.66,9.79,9.87,9.88,9.90,9.95,9.81,9.81,9.78,9.69,9.62,9.66,9.49,9.43,9.76,9.70,9.43,9.28,9.25,8.88,8.83,8.87,8.97,8.91,9.00,9.20,9.23,9.12,9.27,9.27,9.12,9.10,8.97,9.19,9.32,9.27,9.23,9.28,9.31,9.19,9.14,9.24,9.33,9.43,9.24,9.33,9.46,9.52,9.38,9.38,9.38,9.49,9.43,9.37,9.39,9.58,9.76,9.67,9.68,9.66,9.66,9.60,9.25,9.41,9.68,9.73,9.62,9.81,9.58,9.62,9.47,9.80,9.58,9.78,9.58,9.49,9.73,9.60,9.81,9.83,9.62,9.76,9.79,9.78,9.96,10.02,9.93,10.02,10.21,9.75,9.78,9.99,9.86,10.02,10.13,10.10,9.98,9.93,10.06,10.11,10.02,9.86,9.90,9.92,9.86,9.86,10.03,10.17,10.09,10.14,10.26,10.06,10.10,10.02,9.90,9.85,10.11,10.16,10.11,10.12,10.19,10.07,9.98,10.06,10.11,10.06,9.98,9.96,10.09,9.85,9.82,9.95,10.08,9.93,9.80,9.87,9.82,9.66,10.00,9.87,9.91,9.97,9.93,9.90,9.91,9.75,9.83,9.88,9.82,9.68,9.57,9.67,9.81,9.83,9.89,9.96,10.02,10.12,10.01
9.71,9.76,9.85,9.95,9.95,9.93,10.08,9.92,9.90,9.88,9.75,9.59,9.61,9.78,9.63,9.80,9.85,9.67,9.49,9.69,9.54,9.50,9.40,9.65,9.62,9.68,9.88,9.83,9.49,9.59,9.73,9.89,9.78,9.68,9.88,10.03,10.03,9.97,9.96,9.97,9.96,9.97,9.92,10.05,10.12,9.90,10.03,10.00,9.92,9.80,9.86,9.93,10.02,10.14,10.21,10.12,10.23,10.33,10.12,10.03,10.01,10.12,10.24,10.20,10.23,10.44,10.26,10.11,10.12,10.21,10.24,10.02,10.19,10.30,10.39,10.53,10.24,10.33,10.35,10.14,10.37,10.42,10.32,10.39,10.19,10.23,10.52,10.42,10.41,10.55,10.53,10.62,10.44,10.30,10.40,10.50,10.53,10.53,10.44,10.52,10.51,10.48,10.53,10.50,10.44,10.42,10.43,10.50,10.39,10.27,10.55,10.64,10.50,10.30,10.19,10.43,10.29,10.55,10.45,10.53,10.54,10.52,10.35,10.20,10.21,10.37,10.37,10.19,10.18,10.31,9.91,10.10,10.20,10.23,10.18,10.06,9.99,10.09,10.05,10.08,9.89,10.07,10.16,10.09,10.03,10.17,10.02,10.03,10.13,10.10,9.89,9.77,9.99,10.23,10.16,10.18,10.26,10.33,10.37,10.14
9.73,9.85,9.68,9.88,9.99,9.89,10.00,9.95,10.01,9.98,9.92,9.87,9.78,9.86,9.66,9.93,10.03,9.99,9.98,10.07,9.95,9.93,9.91,10.14,10.23,10.22,10.28,10.23,10.05,10.17,10.19,10.13,10.07,10.14,10.26,10.32,10.30,10.27,10.32,10.30,10.11,10.06,10.28,10.42,10.08,10.42,10.37,10.30,10.29,10.40,10.51,10.44,10.34,10.35,10.48,10.44,10.37,10.45,10.43,10.38,10.34,10.35,10.48,10.44,10.39,10.41,10.26,10.35,10.40,10.34,10.20,10.29,10.28,10.47,10.27,10.28,10.52,10.32,10.13,10.27,10.08,10.26,10.32,10.26,10.29,10.13,10.28,10.16,10.42,10.45,10.39,10.29,10.21,10.33,10.26,10.56,10.42,10.38,10.49,10.50,10.45,10.60,10.48,10.35,10.41,10.41,10.45,10.51,10.50,10.56,10.61,10.50,10.48,10.41,10.44,10.45,10.27,10.60,10.49,10.38,10.47,10.47,10.27,10.16,10.27,10.40,10.39,10.28,10.20,10.18,10.23,10.27,10.11,10.12,10.21,10.19,10.08,10.11,10.11,10.11,10.07,10.12,10.20,10.09,9.98,10.11,10.18,9.95,9.98,9.98,9.99,10.05,9.98,10.19,10.13,10.21,10.35,10.43,10.40,10.20
9.70,9.90,9.78,9.83,9.89,9.87,9.83,9.90,9.85,9.86,9.83,9.78,9.77,9.70,9.69,9.92,10.01,10.02,10.11,10.22,10.17,10.21,10.20,10.43,10.27,10.11,10.20,10.17,10.03,10.11,10.01,10.26,10.20,10.21,10.11,10.13,10.23,10.22,10.19,10.18,10.10,10.07,10.39,10.53,9.97,10.18,10.03,10.07,10.17,10.24,10.24,10.14,10.13,10.19,10.37,10.48,10.43,10.56,10.67,10.55,10.41,10.33,10.40,10.35,10.40,10.20,10.28,10.24,10.31,10.21,10.02,10.19,10.19,10.44,10.14,10.09,10.16,10.41,10.23,10.17,10.39,9.97,10.19,10.05,10.02,10.19,10.37,10.13,10.32,10.39,10.34,10.19,10.29,10.32,10.10,10.42,10.45,10.13,10.30,10.50,10.48,10.34,10.23,10.32,10.47,10.47,10.41,10.47,10.48,10.47,10.59,10.59,10.39,10.33,10.35,10.32,10.33,10.30,10.13,10.18,10.27,10.29,10.16,10.06,10.10,10.13,10.10,10.11,10.11,10.17,10.08,10.21,10.12,10.07,10.03,10.06,10.07,9.99,10.13,9.98,9.91,10.10,10.03,9.93,9.98,10.11,10.03,9.87,9.97,9.96,9.90,9.90,9.88,9.90,9.98,10.13,10.22,10.23,10.30,10.30
9.76,9.97,9.98,9.91,9.89,9.90,9.77,9.80,9.78,9.87,9.92,9.86,9.76,9.73,9.80,9.99,9.89,9.83,10.01,10.20,10.19,10.39,10.24,10.30,10.26,10.23,10.18,10.02,9.96,9.97,10.03,10.20,10.01,10.09,10.10,10.12,10.14,10.11,10.10,10.12,10.08,10.02,10.18,10.32,9.95,10.05,10.14,10.07,10.07,10.32,10.24,10.17,10.31,10.41,10.48,10.42,10.39,10.61,10.70,10.61,10.39,10.30,10.37,10.26,10.24,10.16,10.21,10.29,10.39,10.08,10.10,10.10,10.16,10.33,10.09,10.23,10.26,10.30,10.06,10.18,10.05,10.12,10.45,10.34,10.20,10.26,10.35,10.00,10.20,10.14,9.96,10.13,10.41,10.33,10.17,10.31,10.31,10.30,10.31,10.38,10.59,10.49,10.09,10.13,10.29,10.27,10.23,10.29,10.43,10.33,10.34,10.39,10.39,10.21,10.01,10.23,10.37,10.18,10.07,10.13,10.11,10.14,9.98,10.01,10.12,10.06,10.13,10.00,10.09,10.22,9.90,10.28,10.30,10.07,9.86,9.83,10.05,10.23,9.95,10.11,9.91,10.05,10.05,9.92,9.88,10.01,10.01,10.09,10.18,10.11,9.93,9.83,10.00,9.96,10.18,10.17,10.11,10.16,10.26,10.34
9.85,9.98,10.03,10.01,9.89,9.78,9.78,9.68,9.80,9.98,10.01,9.89,9.80,9.75,9.85,9.97,9.82,9.76,9.97,10.16,10.19,10.31,10.11,10.05,10.06,10.14,10.21,10.10,9.97,10.09,10.08,10.16,10.05,10.09,10.19,10.12,10.02,9.98,10.03,10.13,9.98,9.95,10.27,10.32,10.21,10.31,10.26,10.17,10.03,9.93,10.17,10.27,10.30,10.35,10.34,10.32,10.28,10.37,10.56,10.48,10.28,10.31,10.26,10.17,10.06,10.10,10.38,10.28,10.49,10.23,9.92,9.90,10.13,10.31,10.17,10.09,10.29,10.18,10.07,10.24,9.99,10.14,10.27,10.17,10.16,10.16,10.22,9.98,10.16,10.24,10.19,10.07,10.20,10.24,10.12,10.17,10.21,10.20,10.37,10.48,10.43,10.29,10.16,10.11,10.17,10.24,10.24,10.26,10.33,10.35,10.31,10.35,10.24,10.29,10.33,10.50,10.22,10.32,10.30,10.22,10.39,10.39,10.09,10.02,10.16,10.10,10.07,10.06,9.95,10.00,9.97,9.99,10.02,9.82,9.73,9.83,9.92,9.95,9.92,10.18,9.82,9.88,10.10,10.10,9.91,9.85,9.79,10.05,10.10,10.13,10.11,9.93,9.87,9.98,10.18,10.18,10.17,10.27,10.35,10.26
9.80,9.95,10.06,10.03,9.86,9.73,9.92,9.71,9.79,9.98,9.99,9.88,9.80,9.82,9.95,10.02,9.97,9.95,10.03,10.13,10.13,10.07,10.12,10.13,9.97,9.92,10.13,10.20,9.96,10.18,10.10,9.99,10.08,10.12,10.22,10.18,10.11,10.03,10.01,10.16,10.21,10.02,10.35,10.24,10.34,10.16,10.14,10.13,10.07,9.92,10.22,10.23,10.28,10.26,10.31,10.42,10.38,10.40,10.42,10.41,10.43,10.34,10.21,10.20,9.93,10.33,10.40,10.19,10.24,10.23,10.03,10.02,10.01,10.02,10.06,10.40,10.00,10.01,9.97,10.45,9.98,9.89,10.17,10.20,10.10,10.05,10.10,9.98,10.06,10.07,10.20,9.71,10.12,10.32,10.27,10.24,10.08,10.30,10.28,10.40,10.37,10.38,10.31,10.23,10.39,10.38,10.27,10.34,10.39,10.37,10.33,10.41,10.19,10.03,10.02,10.19,9.95,9.96,10.06,10.12,10.21,10.33,10.05,9.90,10.09,10.10,10.09,10.07,10.20,10.09,10.06,9.98,9.97,9.86,9.83,9.95,9.99,9.76,9.81,10.06,9.88,10.03,9.98,9.83,9.81,9.90,9.81,10.11,10.20,10.21,10.09,9.87,9.89,10.00,9.97,10.00,10.24,10.51,10.37,10.33
9.78,9.96,10.13,10.02,9.89,9.91,10.03,9.87,9.83,9.86,9.97,9.99,9.79,10.02,10.12,10.22,10.20,10.18,10.18,10.17,10.22,9.98,10.24,10.35,10.26,10.18,10.26,10.32,10.11,10.31,10.34,10.17,10.09,10.18,10.31,10.18,10.01,10.01,10.10,10.21,10.26,10.11,10.42,10.34,10.29,10.22,10.18,10.33,10.29,9.98,10.11,10.16,10.21,10.30,10.39,10.45,10.32,10.24,10.33,10.33,10.20,10.10,10.01,10.07,10.12,10.12,10.28,10.50,10.43,10.48,10.33,10.07,10.30,10.30,10.08,10.47,10.23,10.18,10.09,10.49,10.13,10.23,10.21,10.08,10.19,10.12,10.16,9.95,10.24,10.27,10.55,10.30,10.45,10.42,10.37,10.49,10.54,10.52,10.41,10.53,10.50,10.41,10.35,10.39,10.39,10.26,10.23,10.51,10.62,10.34,10.22,10.47,10.35,10.07,10.01,9.99,9.98,10.11,10.10,10.19,10.14,10.13,10.16,10.17,10.13,9.99,9.78,10.13,10.11,10.44,10.22,10.07,10.05,10.01,10.21,10.34,10.11,10.16,10.12,10.17,10.18,10.01,10.00,9.95,9.83,9.96,9.99,10.24,10.26,10.38,10.42,10.18,10.06,10.11,10.29,10.28,10.16,10.23,10.63,10.40
9.87,9.91,10.12,9.93,9.76,9.78,9.86,9.88,9.79,9.73,9.81,9.90,9.79,9.96,10.12,10.30,10.28,10.24,10.30,10.32,10.34,10.20,10.32,10.34,10.51,10.54,10.48,10.42,10.31,10.49,10.64,10.44,10.41,10.50,10.53,10.47,10.41,10.41,10.43,10.40,10.40,10.43,10.66,10.50,10.54,10.39,10.47,10.62,10.60,10.44,10.39,10.34,10.53,10.62,10.75,10.69,10.42,10.44,10.32,10.31,10.22,10.02,9.95,9.96,10.12,10.06,10.23,10.29,10.39,10.34,10.40,10.27,10.39,10.60,10.33,10.82,10.52,10.29,10.18,10.47,10.22,10.40,10.29,10.21,10.26,10.13,10.32,10.21,10.19,10.18,10.23,10.43,10.55,10.52,10.51,10.54,10.65,10.56,10.45,10.44,10.49,10.66,10.63,10.43,10.38,10.49,10.59,10.59,10.53,10.51,10.48,10.51,10.26,10.18,10.06,9.96,10.02,9.98,10.18,9.92,10.00,10.17,10.13,10.07,9.95,9.54,9.25,9.85,9.97,10.03,10.35,10.17,10.13,10.16,10.17,10.13,10.13,10.26,10.11,10.07,10.10,9.81,9.82,9.85,9.67,9.72,10.01,10.26,10.26,10.28,10.29,10.21,10.21,10.30,10.28,10.44,10.44,10.20,10.32,10.39
10.08,9.95,9.91,9.99,9.88,9.72,9.99,9.65,9.80,9.86,9.89,9.88,9.80,9.82,10.08,10.29,10.32,10.33,10.43,10.53,10.37,10.51,10.50,10.55,10.71,10.76,10.67,10.54,10.49,10.65,10.81,10.71,10.80,10.80,10.82,10.84,10.87,10.89,10.91,10.92,10.89,10.93,10.96,10.81,10.78,10.76,10.94,11.00,10.89,10.95,10.95,10.94,11.04,11.10,11.14,11.02,10.65,10.47,10.38,10.14,10.11,10.00,9.99,10.05,10.30,10.07,10.11,10.21,10.51,10.44,10.69,10.67,10.88,10.59,10.67,10.39,10.56,9.97,10.06,10.52,10.48,10.58,10.67,10.35,10.51,10.39,10.67,10.30,9.95,10.00,10.51,10.42,10.45,10.69,10.56,10.65,10.65,10.81,10.80,10.69,10.64,10.61,10.52,10.64,10.83,10.85,10.95,11.02,10.73,10.35,10.24,10.31,10.17,10.10,10.06,10.03,10.14,10.18,10.10,9.83,10.02,10.18,10.11,10.02,9.89,9.63,9.38,9.65,10.05,10.28,10.20,10.23,10.22,10.19,10.19,10.21,10.24,10.19,10.05,10.17,10.09,10.12,10.12,10.02,9.92,10.09,10.17,10.44,10.37,10.37,10.41,10.34,10.51,10.42,10.21,10.17,10.28,10.39,10.45,10.19
9.90,9.86,9.89,10.05,10.06,9.95,9.91,9.78,9.92,9.91,9.87,9.79,9.65,9.85,9.87,10.27,10.43,10.50,10.60,10.54,10.44,10.66,10.62,10.81,10.93,10.91,10.78,10.67,10.63,10.67,10.80,10.88,10.77,10.75,10.76,10.91,10.93,10.88,10.94,10.93,10.93,10.89,11.04,10.87,10.69,10.77,11.06,11.12,11.17,11.19,11.16,11.18,11.29,11.22,11.10,10.84,10.41,10.13,9.85,9.82,9.92,9.76,9.90,10.11,10.22,10.00,9.97,10.02,10.20,10.45,10.92,10.66,11.12,10.78,10.59,10.54,10.18,10.10,10.23,10.42,10.72,10.74,10.85,10.91,10.96,10.88,10.92,10.29,9.90,10.18,10.55,11.05,11.17,10.93,10.84,11.20,11.32,11.10,10.93,10.78,10.43,10.34,10.33,10.49,10.78,10.86,10.75,10.60,10.52,10.22,10.24,10.05,10.00,9.78,9.79,9.51,9.95,9.98,10.13,10.00,9.98,9.82,9.78,9.80,9.51,9.12,9.15,9.22,9.73,10.09,10.23,10.01,10.14,10.19,10.07,10.08,10.29,10.28,9.98,10.20,10.30,10.19,9.99,9.88,9.88,9.66,9.92,10.29,10.27,10.16,10.12,10.14,10.05,10.26,10.29,10.17,10.12,10.30,10.53,10.44
9.83,9.85,10.01,9.88,9.76,9.86,10.08,9.77,9.70,9.70,9.82,9.86,9.68,9.69,9.85,10.14,10.39,10.47,10.47,10.53,10.48,10.59,10.51,10.64,10.83,10.75,10.56,10.56,10.52,10.58,10.59,10.76,10.62,10.64,10.69,10.83,10.82,10.66,10.64,10.74,10.75,10.67,10.85,10.76,10.61,10.58,10.99,11.23,11.44,11.43,11.43,11.33,11.29,11.27,11.15,10.82,10.34,10.06,9.98,9.96,9.81,9.95,9.93,9.97,9.87,10.03,9.79,10.00,10.02,10.05,10.47,10.49,11.00,10.55,10.62,10.22,10.24,10.27,10.39,10.64,10.64,11.17,11.11,11.09,11.06,10.76,10.72,10.64,10.00,10.28,10.51,11.39,11.32,11.06,11.10,11.73,11.76,11.33,11.09,10.77,10.44,10.11,9.98,10.35,10.62,10.66,10.84,10.72,10.29,10.05,9.89,10.18,9.96,9.82,9.93,9.68,10.01,10.22,10.16,9.86,9.73,10.01,10.02,9.75,9.48,9.14,9.05,9.32,9.72,9.93,10.12,9.83,10.03,10.11,10.03,10.11,10.13,9.98,10.27,10.19,10.11,9.97,10.07,10.02,9.70,9.66,9.93,10.20,10.22,10.26,10.30,10.18,9.99,10.20,10.13,9.99,9.96,10.10,10.27,10.45
9.88,9.77,9.60,9.61,9.69,9.82,9.97,9.85,9.93,9.87,9.87,9.86,9.63,9.54,9.59,10.09,10.41,10.52,10.58,10.69,10.47,10.48,10.62,10.61,10.60,10.47,10.38,10.44,10.38,10.54,10.49,10.53,10.62,10.66,10.75,10.81,10.81,10.64,10.49,10.66,10.73,10.72,10.81,10.72,10.72,10.54,11.06,11.23,11.47,11.37,11.42,11.31,11.30,11.15,10.99,10.77,10.28,10.05,9.98,9.91,9.77,9.85,9.88,9.93,9.93,10.00,9.75,10.03,10.14,10.19,10.26,10.67,10.87,10.88,10.66,10.20,9.96,10.17,10.43,10.73,10.96,11.54,11.19,11.51,11.31,10.86,10.58,10.53,9.99,10.20,10.70,11.32,11.40,11.46,11.44,11.70,11.57,11.31,10.97,10.72,10.39,10.29,10.35,10.41,10.61,10.84,10.89,10.58,10.16,10.11,10.07,10.20,9.97,9.70,9.96,9.97,10.14,10.03,10.07,10.03,9.98,10.06,9.90,9.65,9.57,9.41,9.00,9.10,9.59,9.97,10.31,10.10,10.02,10.05,10.11,10.22,10.30,10.13,10.12,10.13,10.19,10.21,10.08,9.88,9.80,9.97,9.88,10.40,10.44,10.48,10.49,10.18,10.18,10.40,10.35,10.19,10.02,10.05,10.49,10.44
9.96,9.92,9.88,10.01,9.98,9.86,9.99,9.91,9.85,9.78,9.85,9.88,9.69,9.61,9.68,9.97,10.29,10.45,10.53,10.63,10.58,10.53,10.64,10.58,10.44,10.40,10.50,10.51,10.38,10.55,10.72,10.52,10.58,10.65,10.67,10.73,10.80,10.67,10.58,10.72,10.78,10.80,10.91,10.65,10.62,10.64,11.19,11.25,11.42,11.34,11.41,11.29,11.17,11.08,10.93,10.73,10.38,9.93,9.83,10.10,9.91,9.81,9.90,9.87,9.85,10.09,10.03,10.05,10.10,10.10,10.28,10.59,10.82,10.75,10.95,10.23,10.21,10.43,10.76,10.82,10.75,11.21,11.18,11.17,11.07,10.70,10.72,10.40,10.07,10.21,10.75,11.15,11.04,11.23,11.32,11.53,11.76,11.39,11.05,10.88,10.59,10.39,10.24,10.27,10.60,10.78,10.85,10.76,10.28,10.19,10.07,9.91,9.93,9.68,9.97,9.76,10.16,10.16,10.02,9.95,9.99,9.92,9.80,9.69,9.43,9.12,8.81,9.05,9.33,9.78,9.83,9.99,10.06,10.09,10.13,10.22,10.29,10.31,10.28,10.00,10.21,10.09,10.02,9.96,9.79,9.97,9.88,10.33,10.31,10.29,10.42,10.33,10.38,10.39,10.47,10.38,10.16,10.07,10.32,10.54
10.06,9.99,10.02,10.01,10.03,10.07,10.06,10.14,10.00,9.97,10.01,9.89,9.59,9.76,9.70,10.17,10.50,10.62,10.66,10.74,10.73,10.64,10.73,10.52,10.59,10.69,10.62,10.49,10.33,10.66,10.84,10.75,10.51,10.65,10.63,10.65,10.64,10.63,10.73,10.89,10.88,10.80,10.91,10.66,10.51,10.64,11.09,11.17,11.33,11.27,11.31,11.28,11.11,11.10,10.99,10.64,10.30,9.91,9.79,10.05,9.88,9.82,9.92,9.93,9.85,10.11,10.02,10.00,9.88,10.05,10.40,10.58,10.89,10.62,10.65,10.37,10.19,10.37,10.51,10.70,11.10,11.17,11.22,11.16,10.97,10.63,10.56,10.37,10.02,10.16,10.59,10.97,11.05,10.96,11.23,11.68,11.54,11.27,11.07,10.71,10.42,10.30,10.19,10.27,10.54,10.73,10.77,10.65,10.47,10.22,9.90,9.92,10.00,9.72,9.98,9.79,10.02,10.03,10.18,10.05,10.07,9.92,9.73,9.71,9.49,9.04,8.82,8.81,8.97,9.57,9.71,9.83,9.96,10.07,10.14,10.27,10.41,10.27,10.27,10.47,10.21,10.02,9.99,9.95,9.78,9.79,9.87,10.17,10.18,10.18,10.34,10.44,10.39,10.34,10.47,10.35,10.09,10.08,10.18,10.47
9.93,10.03,10.03,9.96,10.00,10.11,10.06,9.98,9.79,9.86,9.95,9.89,9.70,9.78,9.52,9.85,10.17,10.49,10.69,10.62,10.72,10.83,10.69,10.83,10.82,10.83,10.73,10.49,10.48,10.70,10.74,10.84,10.58,10.66,10.63,10.67,10.69,10.66,10.75,10.80,10.83,10.76,10.86,10.63,10.63,10.63,11.06,11.20,11.26,11.11,11.20,11.17,11.08,11.05,10.97,10.67,10.23,9.89,9.71,9.81,9.72,9.89,10.03,10.01,9.76,9.90,10.03,9.91,9.85,10.28,10.37,10.59,10.84,10.70,10.65,10.18,10.17,10.17,10.41,10.78,10.94,11.17,11.21,10.88,10.80,10.80,10.76,10.56,10.09,10.27,10.61,10.87,11.27,10.85,10.89,11.28,11.11,10.96,10.89,10.73,10.47,10.28,10.27,10.44,10.58,10.63,10.78,10.67,10.38,10.13,10.27,10.00,9.80,9.76,9.97,9.88,10.16,10.06,10.06,10.00,10.10,9.98,9.75,9.61,9.25,8.87,8.58,8.49,8.90,9.32,9.61,9.72,9.90,10.12,10.29,10.33,10.24,10.14,10.18,10.43,10.30,10.07,9.90,9.78,9.71,9.81,9.88,10.19,10.26,10.30,10.43,10.44,10.18,10.24,10.38,10.29,10.07,10.16,10.22,10.44
9.90,9.91,10.02,9.95,9.98,10.07,9.93,9.99,9.90,10.00,9.87,9.72,9.87,10.01,9.83,9.89,10.31,10.63,10.75,10.92,11.05,10.86,10.89,10.99,11.05,11.04,10.86,10.64,10.64,10.77,10.67,10.71,10.62,10.73,10.71,10.74,10.75,10.75,10.72,10.64,10.74,10.82,10.95,10.54,10.71,10.60,11.08,11.30,11.25,11.17,11.16,11.05,10.96,11.03,10.95,10.55,10.18,9.95,9.78,9.75,9.72,9.95,9.98,9.89,9.85,9.96,10.06,10.01,10.02,10.22,10.26,10.49,10.76,10.75,10.59,10.22,9.89,10.19,10.39,10.73,10.86,11.02,11.06,10.65,10.44,10.52,10.45,10.39,10.20,10.13,10.43,10.67,11.06,10.71,10.83,10.93,10.91,10.78,10.70,10.54,10.33,10.12,10.07,10.22,10.40,10.47,10.56,10.52,10.27,10.07,10.05,10.11,10.00,9.71,9.80,9.87,10.06,10.06,10.20,10.09,10.07,10.07,9.86,9.61,9.31,8.78,8.49,8.47,8.78,9.17,9.53,9.70,9.85,10.01,10.21,10.39,10.29,10.14,10.14,10.22,10.22,10.14,9.97,9.75,9.63,9.86,9.93,10.31,10.35,10.29,10.37,10.30,10.03,10.17,10.37,10.34,10.14,10.13,10.20,10.52
10.05,9.78,9.96,10.00,10.03,10.03,10.03,10.02,9.90,9.85,9.70,9.67,9.80,9.68,9.79,10.05,10.24,10.39,10.52,10.71,10.97,10.85,10.96,10.93,11.05,11.02,10.98,10.88,10.58,10.64,10.53,10.87,10.71,10.88,10.85,10.80,10.75,10.73,10.64,10.59,10.80,10.86,11.02,10.54,10.55,10.52,10.92,11.22,11.22,11.19,11.14,11.03,10.98,11.03,10.88,10.45,10.18,10.11,9.88,9.81,9.78,9.87,10.02,9.80,9.86,10.16,9.98,9.93,9.89,10.00,10.17,10.38,10.67,10.61,10.48,10.22,9.88,10.03,10.27,10.65,10.75,10.78,10.96,10.66,10.56,10.33,10.29,10.37,9.99,9.85,10.33,10.49,10.77,10.63,10.82,10.89,10.81,10.76,10.65,10.48,10.30,10.12,10.08,10.12,10.28,10.54,10.53,10.41,10.27,10.00,10.08,10.10,10.11,9.60,9.92,9.95,10.14,10.09,10.07,10.10,10.00,9.93,9.82,9.61,9.46,8.81,8.39,8.72,8.76,8.93,9.43,9.72,9.88,9.98,10.12,10.35,10.35,10.27,10.29,10.29,10.23,10.19,10.01,9.73,9.65,9.77,9.91,10.27,10.30,10.20,10.28,10.19,10.02,10.20,10.44,10.50,10.27,9.95,10.18,10.38
10.00,9.79,9.81,9.95,9.93,9.91,9.99,9.95,9.92,9.70,9.63,9.60,9.48,9.70,10.09,10.13,10.42,10.67,10.67,10.60,10.64,10.60,10.88,10.84,10.76,10.74,10.73,10.67,10.59,10.65,10.61,10.84,10.78,10.87,11.00,10.92,10.82,10.70,10.59,10.61,10.64,10.69,10.85,10.50,10.52,10.64,10.96,11.11,11.22,11.17,11.12,11.04,10.97,10.88,10.82,10.58,10.29,10.14,9.93,9.90,9.88,9.89,9.97,9.87,9.90,10.05,9.99,9.93,9.71,10.00,9.93,10.26,10.70,10.62,10.60,10.45,10.02,9.87,10.54,10.61,10.64,10.65,10.70,10.58,10.59,10.54,10.34,10.48,10.26,10.03,10.40,10.58,10.82,10.48,10.51,10.71,10.71,10.67,10.73,10.67,10.50,10.19,10.18,10.39,10.41,10.55,10.59,10.40,10.29,10.17,10.09,9.93,10.07,9.71,9.69,9.88,10.17,10.20,10.17,10.14,10.02,9.93,9.87,9.67,9.40,8.80,8.33,8.67,8.83,9.00,9.38,9.68,9.90,10.03,10.12,10.32,10.41,10.42,10.42,10.33,10.21,10.10,9.98,9.81,9.63,9.83,9.90,10.12,10.18,10.19,10.33,10.20,10.08,10.20,10.42,10.55,10.42,10.02,10.09,10.20
9.87,9.92,9.86,9.82,9.78,9.79,9.83,9.85,9.86,9.70,9.67,9.59,9.53,9.82,9.96,10.19,10.47,10.67,10.76,10.74,10.69,10.64,10.86,10.83,10.67,10.81,10.80,10.63,10.77,10.72,10.42,10.76,10.77,10.78,10.93,10.95,10.82,10.62,10.55,10.62,10.61,10.82,10.89,10.47,10.58,10.71,11.11,11.09,11.22,11.15,11.04,11.02,10.97,10.86,10.85,10.67,10.32,10.16,10.05,10.02,9.96,9.98,10.03,9.89,9.93,9.95,10.11,9.90,9.88,10.10,10.07,10.07,10.60,10.49,10.32,10.30,9.97,9.96,10.62,10.54,10.67,10.61,10.61,10.40,10.58,10.56,10.40,10.39,10.13,10.12,10.41,10.48,10.65,10.41,10.45,10.45,10.56,10.81,10.83,10.64,10.47,10.28,10.14,10.18,10.26,10.43,10.38,10.37,10.27,10.20,10.21,10.00,10.05,9.81,9.73,10.00,10.16,10.13,10.10,10.02,10.01,10.05,9.96,9.71,9.36,8.72,8.33,8.62,8.76,8.93,9.32,9.58,9.87,10.09,10.18,10.32,10.32,10.32,10.33,10.23,10.11,9.97,9.96,10.01,9.67,10.00,10.01,10.14,10.20,10.16,10.21,10.14,10.16,10.22,10.29,10.29,10.14,9.91,10.18,10.08
10.03,9.96,9.90,9.79,9.76,9.78,9.80,9.81,9.89,9.80,9.75,9.71,9.76,10.03,9.97,10.16,10.51,10.64,10.70,10.81,10.72,10.66,10.67,10.85,10.82,10.91,10.74,10.42,10.40,10.47,10.51,10.72,10.59,10.59,10.72,10.65,10.51,10.52,10.65,10.62,10.44,10.50,10.76,10.29,10.52,10.61,11.08,11.04,11.11,11.05,10.99,10.98,10.95,10.81,10.81,10.61,10.29,10.14,9.99,10.02,9.99,9.92,10.00,9.89,9.86,10.00,10.08,9.80,9.88,10.06,10.01,10.03,10.34,10.28,10.09,10.18,9.81,9.82,10.47,10.59,10.67,10.61,10.63,10.30,10.61,10.45,10.35,10.32,10.16,10.34,10.52,10.44,10.49,10.38,10.48,10.44,10.53,10.62,10.65,10.59,10.35,10.11,9.97,9.81,9.73,9.90,10.00,10.18,10.02,9.99,10.09,9.97,9.81,9.89,9.81,10.00,10.01,10.00,10.02,9.95,9.93,9.98,9.86,9.62,9.23,8.57,8.28,8.57,8.72,8.76,9.12,9.48,9.85,10.11,10.16,10.33,10.18,10.10,10.18,10.30,10.18,10.08,10.05,9.99,9.90,10.01,10.11,10.20,10.23,10.27,10.28,10.21,10.08,10.12,10.09,10.09,10.27,10.20,10.08,10.01
9.89,9.83,9.68,9.79,9.82,9.81,9.85,9.90,9.92,9.91,9.85,9.78,9.81,9.95,9.99,10.07,10.42,10.56,10.65,10.81,10.63,10.48,10.52,10.55,10.35,10.40,10.35,10.08,10.03,10.33,10.30,10.21,10.52,10.41,10.58,10.58,10.52,10.55,10.50,10.34,10.26,10.23,10.39,10.05,10.37,10.56,11.04,10.88,11.04,11.07,11.05,10.94,10.86,10.69,10.66,10.55,10.38,10.21,9.92,10.05,10.00,9.89,10.02,10.02,9.92,10.12,10.10,10.05,9.95,9.97,9.75,9.63,9.79,9.73,9.90,10.03,9.96,9.76,10.39,10.48,10.54,10.45,10.61,10.34,10.52,10.50,10.39,10.42,10.28,10.39,10.33,10.44,10.55,10.56,10.64,10.59,10.55,10.54,10.61,10.60,10.37,10.16,9.97,9.78,9.78,9.91,9.80,9.92,10.05,10.06,9.91,10.21,9.92,9.83,9.83,9.90,10.08,10.11,10.07,10.07,10.10,10.05,9.80,9.48,9.00,8.52,8.31,8.45,8.73,8.77,9.03,9.47,9.91,10.13,10.14,10.29,10.22,10.08,10.11,10.42,10.34,10.20,10.20,10.10,9.98,9.98,10.21,10.24,10.19,10.20,10.20,10.19,9.99,10.05,10.00,9.87,10.01,10.08,10.11,10.09
10.06,9.75,9.97,9.90,9.88,9.87,9.90,10.11,9.82,9.95,9.90,9.83,9.80,9.73,10.01,10.09,10.48,10.64,10.66,10.66,10.43,10.12,10.40,10.33,10.30,10.31,10.30,10.31,10.30,10.30,10.47,9.88,10.31,10.24,10.26,10.19,10.20,10.30,10.34,10.20,9.97,9.99,10.17,9.96,10.09,10.54,11.02,10.86,11.05,10.99,11.02,10.87,10.85,10.76,10.66,10.52,10.43,10.30,10.02,10.09,10.08,10.02,10.13,10.01,9.97,10.10,10.10,10.38,10.03,10.02,9.76,9.69,9.81,9.66,9.95,9.96,9.96,9.98,10.31,10.56,10.54,10.47,10.51,10.40,10.45,10.47,10.50,10.45,10.30,10.42,10.43,10.54,10.61,10.62,10.69,10.60,10.62,10.60,10.58,10.60,10.40,10.23,10.19,9.91,9.68,9.72,9.63,9.71,10.10,10.10,9.92,10.13,10.02,9.76,9.86,9.91,10.20,10.20,10.07,10.09,10.09,9.96,9.80,9.46,8.90,8.50,8.40,8.38,8.71,8.85,9.13,9.58,9.97,10.19,10.30,10.40,10.28,10.08,10.07,10.31,10.27,10.14,10.21,10.33,10.26,10.10,10.14,10.27,10.28,10.13,10.12,10.31,10.22,10.40,10.47,10.27,10.13,10.09,10.14,10.33
10.11,10.03,10.06,9.97,10.03,10.13,10.22,10.23,9.95,9.97,9.98,10.00,9.95,9.79,9.92,10.01,10.27,10.44,10.56,10.58,10.35,10.07,10.42,10.48,10.37,10.28,10.35,10.49,10.61,10.62,10.50,10.49,10.65,10.51,10.58,10.45,10.35,10.44,10.60,10.60,10.39,10.28,10.56,10.38,10.19,10.56,10.89,10.92,10.98,10.97,11.03,10.85,10.75,10.74,10.72,10.55,10.38,10.20,9.99,10.00,10.12,10.08,10.02,9.86,9.89,9.95,9.98,10.20,10.02,10.12,9.91,10.02,10.01,9.95,9.95,9.88,9.95,10.03,10.35,10.53,10.47,10.52,10.56,10.42,10.63,10.53,10.52,10.34,10.08,10.27,10.28,10.52,10.52,10.48,10.54,10.59,10.60,10.60,10.66,10.65,10.51,10.34,10.23,10.09,9.86,9.73,9.72,9.83,9.99,9.97,9.93,9.93,9.98,9.72,9.81,9.88,10.03,9.98,9.90,9.91,9.86,9.76,9.72,9.51,8.92,8.46,8.28,8.28,8.65,8.94,9.29,9.63,9.93,10.13,10.21,10.58,10.26,10.10,10.11,10.22,10.13,10.08,10.12,10.06,10.22,9.96,10.02,10.20,10.29,10.28,10.19,10.48,10.30,10.32,10.33,10.23,10.30,10.12,10.12,10.30
10.09,9.86,10.01,10.11,10.06,10.01,10.07,10.16,10.02,10.07,10.12,10.13,10.02,9.83,9.66,9.72,9.67,9.83,10.02,10.02,9.78,9.69,9.97,10.17,10.03,10.00,10.23,10.47,10.59,10.77,10.59,10.80,10.70,10.26,10.43,10.55,10.52,10.41,10.61,10.76,10.43,10.34,10.45,10.30,10.41,10.54,10.59,10.87,11.04,10.88,10.86,10.77,10.71,10.63,10.61,10.55,10.38,10.14,9.90,9.95,10.06,9.88,9.89,9.77,9.95,9.97,9.93,10.05,10.08,10.20,10.13,10.09,10.02,10.14,9.86,10.00,10.01,10.01,10.27,10.41,10.42,10.40,10.44,10.27,10.61,10.59,10.61,10.33,10.14,10.20,10.20,10.47,10.54,10.44,10.52,10.56,10.54,10.58,10.60,10.61,10.51,10.30,10.11,10.12,10.02,9.92,9.79,9.95,9.97,10.13,9.82,10.02,10.00,9.75,9.77,9.73,9.78,9.89,9.90,9.83,9.76,9.73,9.76,9.46,8.85,8.62,8.20,8.16,8.47,8.90,9.36,9.62,9.83,10.07,10.03,10.28,9.95,10.10,10.11,10.23,10.19,10.19,10.30,9.99,10.01,10.13,9.95,10.16,10.43,10.19,10.12,10.20,10.26,10.30,10.30,10.24,10.22,10.17,10.28,10.39
10.06,10.10,9.83,10.11,10.12,10.05,9.99,10.01,9.87,9.82,10.11,10.05,9.77,9.62,9.48,9.33,9.04,9.00,9.06,9.11,9.08,9.12,9.23,9.40,9.59,9.83,10.12,10.32,10.50,10.70,10.80,10.83,10.49,10.69,10.71,10.70,10.69,10.73,10.88,10.94,10.86,10.82,10.63,10.37,10.47,10.69,10.92,10.65,10.69,10.61,10.80,10.74,10.74,10.60,10.56,10.44,10.27,10.11,9.89,9.99,9.95,9.71,9.83,9.72,9.83,9.98,9.93,9.97,9.95,10.09,9.93,10.01,9.95,10.06,9.81,10.02,10.13,10.05,10.28,10.34,10.47,10.34,10.26,10.27,10.45,10.49,10.65,10.22,10.10,10.02,10.12,10.45,10.56,10.56,10.59,10.53,10.54,10.55,10.56,10.59,10.47,10.32,10.12,10.16,9.92,9.91,9.90,9.95,10.10,10.23,9.88,10.14,10.12,9.78,9.80,9.69,9.70,9.98,10.09,9.96,9.86,9.78,9.73,9.22,8.71,8.66,8.30,8.30,8.48,8.78,9.25,9.65,9.80,9.96,10.20,10.39,10.28,10.17,10.21,10.22,10.30,10.40,10.21,9.63,9.72,9.49,9.79,10.17,10.32,10.24,10.21,10.22,10.26,10.19,10.13,10.21,10.37,10.19,10.41,10.64
10.12,10.11,9.93,10.17,10.06,9.89,9.90,10.07,9.77,9.76,10.02,9.92,9.72,9.62,9.34,9.00,8.51,8.36,8.40,8.50,8.66,8.84,8.69,8.97,9.27,9.67,10.00,10.35,10.66,10.80,10.95,10.72,10.42,10.61,10.78,10.54,10.63,10.76,10.75,10.73,10.74,10.65,10.53,10.64,10.51,10.37,10.62,10.50,10.51,10.61,10.71,10.66,10.63,10.60,10.73,10.63,10.31,9.98,9.80,9.89,9.88,9.87,9.87,9.75,9.73,9.88,9.85,9.82,9.82,9.91,9.59,9.98,9.80,9.96,9.85,9.96,10.03,9.99,10.30,10.38,10.63,10.47,10.42,10.39,10.41,10.52,10.69,10.24,9.98,9.96,10.09,10.38,10.56,10.54,10.56,10.54,10.54,10.52,10.54,10.47,10.29,10.30,10.14,10.24,9.97,9.92,9.85,9.96,10.11,10.05,9.92,10.13,10.16,9.88,9.77,9.79,9.80,9.96,10.06,10.07,10.03,9.87,9.60,9.09,8.83,8.68,8.30,8.37,8.58,8.82,9.21,9.61,9.86,10.03,10.19,10.24,10.26,10.33,10.35,10.34,10.32,10.32,10.31,9.76,9.62,9.88,10.01,10.10,10.26,10.39,10.32,10.27,10.32,10.26,10.16,10.22,10.38,10.12,10.35,10.62
10.08,10.07,10.10,9.92,10.02,10.01,10.03,10.12,9.95,9.95,9.87,9.79,9.90,9.95,9.46,8.81,8.50,8.49,8.47,8.40,8.40,8.67,8.48,9.01,9.30,9.72,10.19,10.55,10.80,10.96,10.92,10.70,10.48,10.69,10.63,10.54,10.69,10.82,10.75,10.65,10.64,10.67,10.89,10.60,10.66,10.55,10.70,10.48,10.61,10.56,10.55,10.63,10.73,10.78,10.78,10.62,10.27,9.96,9.78,9.79,9.91,9.97,9.95,9.87,9.86,9.91,9.80,9.83,9.83,9.80,9.48,9.80,9.67,9.85,9.87,9.91,10.00,10.02,10.29,10.58,10.81,10.71,10.55,10.51,10.48,10.69,10.63,10.24,9.95,10.09,10.21,10.41,10.55,10.48,10.48,10.42,10.31,10.32,10.48,10.33,9.88,9.99,10.07,10.19,10.02,9.95,9.76,9.95,9.96,10.01,9.90,10.22,10.00,9.93,9.72,9.80,9.89,10.00,10.00,9.97,10.07,10.00,9.87,9.46,9.21,8.88,8.54,8.62,8.69,8.75,9.18,9.63,9.81,10.06,10.24,10.22,10.30,10.21,10.07,10.08,10.14,10.19,10.28,9.72,9.54,9.52,9.65,9.91,10.17,10.14,10.17,10.02,10.13,10.28,10.26,10.18,10.29,10.20,10.27,10.44
10.00,9.87,10.02,10.10,10.22,10.24,10.30,10.35,10.05,9.91,9.79,9.81,9.87,9.72,9.33,9.03,8.69,8.63,8.77,8.72,8.46,8.57,8.67,9.33,9.77,10.09,10.45,10.64,10.85,11.09,10.94,10.73,10.43,10.49,10.60,10.62,10.61,10.62,10.75,10.77,10.70,10.91,10.82,10.64,10.69,10.42,10.77,10.86,10.73,10.75,10.75,10.77,10.80,10.80,10.80,10.53,10.24,10.01,9.90,9.97,9.89,9.87,9.98,10.01,9.90,9.93,9.77,9.77,9.79,9.72,9.48,9.60,9.70,9.82,9.75,9.88,10.12,9.91,10.24,10.59,10.82,10.77,10.67,10.59,10.54,10.72,10.48,10.28,10.00,10.00,10.26,10.34,10.39,10.34,10.31,10.12,9.85,9.73,9.83,9.75,9.40,9.69,9.83,10.14,9.97,9.91,9.83,9.89,9.79,9.96,9.97,10.30,9.95,9.78,9.79,9.72,9.81,10.03,10.02,9.97,10.13,10.12,10.09,9.81,9.17,9.14,8.97,8.82,8.85,9.20,9.56,9.69,9.79,9.93,9.95,10.29,10.16,10.11,10.17,10.21,10.12,9.97,10.03,10.02,9.59,9.39,9.41,9.63,9.91,9.77,10.03,9.93,10.01,10.17,10.19,10.03,10.22,10.29,10.28,10.43
9.95,9.89,9.97,10.05,10.20,10.27,10.20,10.11,10.24,10.02,9.86,9.93,9.86,9.66,9.65,9.71,9.33,9.47,9.46,9.18,8.92,9.02,9.41,9.90,10.24,10.33,10.52,10.72,10.89,11.04,10.99,10.69,10.52,10.52,10.53,10.54,10.70,10.74,10.72,10.58,10.53,10.71,10.72,10.52,10.45,10.41,10.83,10.85,10.91,10.97,10.89,10.85,10.81,10.72,10.67,10.47,10.14,9.97,9.90,9.89,9.89,9.92,10.01,9.95,10.05,10.03,9.78,9.75,9.76,9.70,9.52,9.71,9.75,9.86,9.83,9.95,10.03,9.75,10.13,10.33,10.78,10.76,10.85,10.62,10.59,10.66,10.43,10.31,10.00,9.86,10.09,10.20,10.30,10.28,10.17,9.86,9.43,9.11,9.05,9.14,9.11,9.44,9.53,10.11,10.06,10.01,9.88,9.79,9.83,9.72,9.89,10.12,9.97,9.72,9.73,9.78,9.78,9.92,10.12,10.11,10.08,9.97,10.13,9.97,9.89,9.56,9.44,9.23,9.23,9.57,9.81,9.79,9.86,10.14,10.21,10.33,10.29,10.16,10.06,10.14,10.20,10.03,9.97,9.92,9.51,9.37,9.34,9.40,9.53,9.49,9.80,9.92,10.00,10.06,10.08,9.93,10.16,10.14,10.30,10.51
9.93,9.98,9.95,9.97,10.17,10.21,10.16,10.14,10.28,10.19,10.07,9.93,9.82,9.75,9.68,9.95,9.78,9.97,9.81,9.63,9.57,9.51,9.89,10.08,10.22,10.31,10.54,10.74,10.81,10.87,10.89,10.64,10.64,10.66,10.56,10.44,10.54,10.67,10.64,10.54,10.64,10.82,10.74,10.50,10.34,10.39,11.03,10.73,10.73,10.77,10.82,10.78,10.76,10.83,10.66,10.40,10.11,9.89,9.81,9.73,9.73,9.79,9.87,9.78,9.97,9.92,9.80,9.79,9.68,9.54,9.48,9.87,9.59,9.76,10.21,10.00,9.91,9.87,10.13,10.30,10.80,10.67,10.76,10.64,10.52,10.59,10.43,10.23,9.98,9.90,10.07,10.28,10.47,10.50,10.27,9.77,9.19,8.83,8.87,9.05,8.96,9.20,9.43,9.96,10.00,10.01,9.79,9.69,9.85,9.76,9.85,10.02,9.93,9.82,9.67,9.76,9.87,9.87,9.95,10.08,10.03,9.76,9.59,9.78,9.53,9.56,9.75,9.47,9.32,9.62,9.88,9.83,9.91,9.88,10.17,10.12,10.06,10.12,9.96,9.89,9.99,9.86,9.90,9.73,9.41,9.29,9.29,9.24,9.27,9.33,9.49,9.82,9.93,9.98,10.12,10.00,10.12,10.21,10.39,10.52
9.92,9.85,9.96,9.97,10.03,10.09,10.12,10.12,10.12,10.20,10.02,9.80,9.71,9.76,9.83,9.90,9.99,9.91,10.01,10.07,9.98,9.91,9.97,10.02,10.23,10.28,10.53,10.60,10.65,10.78,10.72,10.73,10.70,10.62,10.65,10.53,10.55,10.61,10.65,10.59,10.49,10.50,10.58,10.41,10.28,10.41,10.56,10.82,10.77,10.89,10.96,10.86,10.82,10.83,10.41,10.20,10.02,9.89,10.01,9.93,9.69,9.67,9.86,9.81,9.80,9.79,9.77,9.65,9.73,9.71,9.59,9.81,9.76,9.91,10.26,10.01,9.85,9.97,10.16,10.49,10.71,10.50,10.59,10.58,10.39,10.45,10.39,10.17,9.92,9.86,10.08,10.33,10.50,10.55,10.21,9.60,9.09,8.82,8.88,8.91,8.94,9.32,9.58,9.80,9.90,9.96,9.66,9.54,9.62,9.88,9.75,9.83,9.85,9.62,9.38,9.48,9.72,9.83,9.87,9.87,9.81,9.69,9.58,9.44,9.78,9.57,9.50,9.53,9.51,9.59,9.60,9.48,9.83,9.86,9.76,9.86,9.75,9.75,9.76,9.79,9.87,9.82,9.97,9.66,9.33,9.17,9.09,9.04,9.06,9.33,9.39,9.75,9.91,9.85,9.99,9.87,10.17,10.17,10.23,10.42
9.88,9.86,10.01,9.80,9.90,10.03,10.05,9.96,9.91,10.06,9.95,9.71,9.70,9.83,9.95,9.96,9.91,10.10,10.18,10.16,10.16,10.16,10.00,10.19,10.38,10.37,10.58,10.55,10.63,10.72,10.63,10.76,10.61,10.47,10.72,10.54,10.60,10.60,10.52,10.49,10.42,10.45,10.62,10.47,10.26,10.32,10.55,10.72,10.88,11.14,10.91,10.74,10.67,10.69,10.54,10.29,10.16,9.98,9.93,9.92,9.69,9.70,9.78,9.68,9.70,9.68,9.86,9.70,9.63,9.76,9.72,9.59,9.70,9.70,9.95,9.80,9.75,9.90,10.14,10.53,10.48,10.60,10.65,10.45,10.30,10.35,10.30,10.19,9.86,9.82,10.09,10.26,10.32,10.24,9.79,9.30,9.09,8.91,8.92,9.08,9.14,9.47,9.53,9.81,10.03,10.07,9.72,9.63,9.82,9.90,9.86,9.88,9.58,9.52,9.48,9.48,9.48,9.41,9.49,9.68,9.66,9.60,9.37,9.53,9.38,9.37,9.44,9.53,9.57,9.59,9.58,9.43,9.60,9.75,9.62,9.68,9.58,9.68,9.67,9.61,9.69,9.71,9.85,9.49,9.20,8.97,8.87,8.86,8.92,9.37,9.49,9.58,9.63,9.62,9.53,9.70,10.06,10.13,10.14,10.29
9.92,10.07,10.11,9.87,9.97,10.03,9.96,9.88,9.85,9.95,9.78,9.63,9.73,9.85,9.87,10.02,10.08,10.00,10.17,10.31,10.24,10.12,10.20,10.48,10.18,10.14,10.27,10.38,10.51,10.60,10.56,10.55,10.30,10.21,10.51,10.01,10.10,10.06,10.03,10.24,10.29,10.21,10.24,10.11,10.35,10.21,10.33,10.24,10.31,10.58,10.48,10.43,10.38,10.35,10.33,10.16,9.83,9.79,9.83,9.73,9.70,9.65,9.65,9.54,9.77,9.59,9.71,9.79,9.52,9.66,9.61,9.41,9.42,9.42,9.77,9.51,9.82,9.76,10.06,10.17,10.31,10.65,10.52,10.12,10.11,10.19,10.03,10.01,9.79,9.79,10.11,10.17,10.16,9.95,9.56,9.31,9.08,8.90,8.91,9.25,9.32,9.37,9.48,9.83,10.05,10.06,9.65,9.71,9.66,9.66,9.66,9.58,9.50,9.37,9.05,9.09,9.41,9.50,9.32,9.12,9.23,9.32,8.99,8.99,9.13,9.13,9.23,9.33,9.41,9.44,9.40,9.32,9.31,9.50,9.56,9.56,9.38,9.47,9.53,9.41,9.39,9.32,9.40,9.19,9.01,8.82,8.72,8.87,9.00,9.13,9.39,9.42,9.46,9.57,9.42,9.33,9.87,10.11,10.17,10.31
9.91,10.00,9.92,10.05,9.89,9.86,9.90,9.91,9.87,9.92,9.65,9.53,9.62,9.65,9.70,9.98,10.08,9.91,10.11,10.18,10.06,10.00,10.03,10.13,10.05,9.81,10.03,9.86,10.05,10.37,10.33,10.21,10.02,9.77,9.75,9.08,9.19,9.24,9.52,9.87,9.95,9.92,9.98,10.03,10.17,10.05,10.21,10.03,9.99,9.81,10.00,9.95,9.90,9.83,9.71,9.72,9.79,9.86,9.88,9.90,9.79,9.63,9.67,9.72,9.97,9.81,9.83,9.75,9.77,9.71,9.49,9.44,9.40,9.48,9.70,9.68,9.88,9.73,9.58,9.53,9.89,10.12,9.90,9.63,9.80,9.71,9.63,9.59,9.51,9.48,9.66,9.77,9.91,9.79,9.53,9.36,9.08,9.03,9.05,9.11,9.31,9.36,9.66,9.90,9.99,10.12,9.68,9.38,9.48,9.47,9.48,9.59,9.41,9.14,9.04,9.17,9.33,9.38,9.38,9.44,9.36,9.49,9.18,9.25,9.34,9.34,9.32,9.36,9.53,9.61,9.46,9.30,9.11,9.32,9.29,9.42,9.23,9.21,9.37,9.33,9.14,9.03,9.08,9.02,8.83,8.65,8.59,8.54,8.50,8.75,9.11,9.30,9.34,9.41,9.23,9.33,9.58,9.88,10.16,10.41
9.78,9.83,9.93,9.82,9.75,9.76,9.96,9.97,9.85,9.89,9.67,9.44,9.48,9.48,9.53,9.80,9.78,9.80,10.03,10.07,9.91,9.82,9.90,9.90,9.73,9.61,9.57,9.52,9.67,9.99,10.19,10.06,9.62,9.10,8.99,8.63,8.57,8.67,9.03,9.27,9.44,9.62,9.80,9.90,9.80,9.61,9.63,9.72,9.62,9.33,9.43,9.33,9.47,9.54,9.66,9.60,9.67,9.76,9.78,9.78,9.76,9.66,9.51,9.75,9.97,9.85,9.67,9.68,9.71,9.76,9.59,9.69,9.46,9.70,9.69,9.76,9.65,9.58,9.40,9.39,9.22,9.39,9.47,9.46,9.39,9.30,9.32,9.25,9.34,9.46,9.44,9.42,9.47,9.44,9.34,9.11,8.87,8.96,8.96,8.91,9.15,9.42,9.48,9.96,10.31,10.35,10.07,9.38,9.09,9.11,9.05,9.27,9.38,9.22,9.10,9.13,9.22,9.30,9.29,9.33,9.21,9.42,9.32,9.48,9.24,9.38,9.53,9.44,9.46,9.69,9.67,9.33,9.12,9.36,9.23,9.34,9.21,9.14,9.31,9.29,9.02,8.93,8.93,8.87,8.75,8.57,8.48,8.51,8.88,8.76,8.74,8.86,9.04,9.11,9.11,9.37,9.56,9.72,9.97,10.26
9.81,9.79,9.79,9.98,9.77,9.90,10.09,9.99,9.87,9.96,9.76,9.46,9.49,9.43,9.43,9.51,9.46,9.58,9.73,9.67,9.60,9.57,9.39,9.24,9.28,9.38,9.28,9.34,9.42,9.52,9.51,9.29,9.14,8.85,8.90,9.02,8.54,8.51,8.72,8.88,9.08,9.29,9.52,9.72,9.65,9.40,9.34,9.25,9.25,9.13,9.17,9.17,9.14,9.23,9.40,9.56,9.62,9.69,9.73,9.80,9.76,9.58,9.62,9.66,9.60,9.77,9.58,9.78,9.65,9.69,9.63,9.79,9.51,9.61,9.68,9.44,9.44,9.46,8.99,9.20,9.31,9.31,9.09,9.19,9.13,9.21,9.28,9.30,9.37,9.52,9.41,9.31,9.31,9.22,9.13,9.09,9.04,9.01,9.09,9.01,9.00,9.05,9.22,9.81,10.12,10.35,9.78,9.72,9.33,9.22,9.21,9.36,9.44,9.40,9.32,9.24,9.24,9.32,9.28,9.25,9.19,9.29,9.62,9.67,9.48,9.44,9.54,9.53,9.43,9.51,9.66,9.24,9.27,9.43,9.39,9.37,9.27,9.22,9.28,9.25,9.03,8.76,8.82,8.69,8.65,8.60,8.39,8.66,8.68,8.69,8.80,8.77,8.72,9.01,9.13,9.28,9.48,9.66,9.80,9.97
9.82,9.81,9.85,9.93,10.00,9.90,9.78,9.73,9.82,9.93,9.71,9.41,9.39,9.43,9.42,9.38,9.42,9.36,9.42,9.54,9.56,9.39,9.25,9.18,9.09,9.22,9.03,9.14,9.22,9.14,9.02,9.04,9.19,8.86,8.97,8.92,9.04,9.03,9.12,9.06,9.06,9.19,9.42,9.63,9.63,9.40,9.40,9.24,9.20,9.27,9.20,9.27,9.32,9.36,9.44,9.53,9.63,9.63,9.66,9.85,9.93,9.88,9.68,9.58,9.82,9.77,9.76,9.63,9.77,9.63,9.36,9.60,9.72,9.77,9.57,9.53,9.65,9.49,9.52,9.23,9.15,9.13,9.31,9.32,9.24,9.37,9.51,9.50,9.43,9.40,9.58,9.83,9.85,9.62,9.27,9.15,9.18,8.94,9.06,9.23,9.02,9.14,9.40,9.81,10.11,10.10,10.13,10.03,9.86,9.63,9.31,9.12,9.12,9.10,9.17,9.32,9.38,9.33,9.20,9.12,9.29,9.59,9.87,9.82,9.72,9.72,9.67,9.59,9.49,9.40,9.51,9.31,9.42,9.47,9.44,9.43,9.41,9.39,9.37,9.43,9.41,9.24,8.96,8.82,8.62,8.56,8.81,8.41,8.55,8.72,8.69,8.59,8.63,8.67,8.93,9.06,9.33,9.57,9.63,9.77
9.80,9.90,10.01,10.00,10.13,9.97,9.90,9.88,9.99,10.18,10.01,9.62,9.50,9.53,9.57,9.59,9.57,9.32,9.37,9.73,9.75,9.50,9.37,9.41,9.23,9.11,9.06,9.09,9.01,9.12,9.19,9.12,9.13,9.11,9.32,9.31,8.73,9.13,8.94,9.06,9.08,9.11,9.22,9.33,9.52,9.44,9.46,9.40,9.30,9.38,9.28,9.30,9.48,9.19,9.42,9.51,9.57,9.58,9.52,9.67,9.75,9.73,9.71,9.58,9.76,9.87,9.86,9.82,9.69,9.52,9.29,9.70,9.68,9.51,9.99,10.00,9.85,9.53,9.37,9.36,9.23,9.32,9.33,9.49,9.44,9.37,9.36,9.31,9.21,9.46,9.66,9.83,10.03,9.80,9.30,9.11,9.34,9.24,9.34,9.44,9.22,9.52,9.57,9.76,10.02,10.01,10.09,9.87,9.98,9.92,9.47,9.19,9.21,9.23,9.19,9.30,9.46,9.36,9.21,9.08,9.50,9.70,9.99,10.07,9.86,9.77,9.72,9.60,9.51,9.51,9.57,9.67,9.59,9.50,9.48,9.52,9.43,9.33,9.37,9.25,9.23,9.13,8.96,8.90,8.76,8.62,8.86,8.65,8.59,8.64,8.60,8.55,8.71,8.67,8.73,8.87,9.08,9.30,9.47,9.67
9.81,9.92,10.03,10.05,9.92,9.87,9.98,9.87,9.86,9.96,9.82,9.71,9.83,9.60,9.59,9.72,9.60,9.44,9.59,9.81,9.87,9.66,9.49,9.59,9.52,9.38,9.30,9.27,9.14,9.18,9.21,9.14,9.12,9.09,8.84,9.14,9.17,8.88,8.88,8.74,8.57,8.48,8.48,8.74,9.20,9.32,9.29,9.17,9.19,9.23,9.18,9.15,9.47,8.92,9.19,9.36,9.31,9.40,9.44,9.61,9.61,9.46,9.62,9.69,9.58,9.49,9.54,9.33,9.33,9.19,9.22,9.36,9.33,9.05,9.73,9.62,9.81,9.75,9.13,9.25,9.32,9.22,9.24,9.29,9.23,9.25,9.32,9.31,9.47,9.67,9.56,9.62,9.73,9.49,9.33,9.31,9.33,9.34,9.36,9.44,9.36,9.59,9.70,9.37,9.76,9.83,9.83,9.95,9.93,9.57,9.49,9.46,9.41,9.42,9.37,9.31,9.30,9.22,9.06,8.68,9.09,9.44,9.80,10.02,9.85,9.58,9.47,9.41,9.36,9.43,9.58,9.53,9.52,9.47,9.42,9.38,9.18,9.06,9.34,9.04,8.92,8.91,8.85,8.91,8.84,8.62,8.82,8.40,8.34,8.51,8.54,8.43,8.59,8.71,8.57,8.80,8.93,8.96,9.41,9.56
9.88,9.96,10.03,9.96,9.76,9.83,9.96,9.82,9.88,10.00,9.80,9.76,9.67,9.63,9.68,9.59,9.40,9.49,9.70,9.76,9.80,9.62,9.54,9.69,9.57,9.43,9.23,9.21,8.96,8.90,8.88,8.81,8.67,8.51,8.39,8.57,8.55,8.24,8.21,7.98,7.94,7.98,8.07,8.38,8.73,8.76,8.91,8.74,8.91,9.01,8.86,8.71,9.09,8.73,8.93,9.10,9.06,9.05,9.19,9.25,9.20,9.30,9.40,9.30,9.31,9.44,9.54,9.41,9.15,8.85,8.95,9.10,9.06,8.86,8.97,8.76,8.84,8.86,8.29,8.63,8.94,8.99,9.20,9.08,9.12,9.31,9.56,9.51,9.34,9.38,9.40,9.37,9.32,9.24,9.32,9.43,9.41,9.32,9.24,9.37,9.38,8.96,9.14,8.73,9.10,9.12,9.21,9.15,9.27,9.52,9.48,9.46,9.52,9.44,9.33,9.28,9.15,9.19,8.90,8.58,8.88,9.02,9.37,9.54,9.48,9.29,9.11,8.95,8.76,8.92,8.93,8.96,8.96,8.92,9.11,9.13,8.95,8.90,8.81,8.41,8.62,8.76,8.71,8.67,8.63,8.45,8.56,8.25,8.15,8.32,8.40,8.24,8.49,8.62,8.40,8.66,8.94,8.93,9.24,9.10
9.92,10.01,9.99,9.88,9.80,9.82,9.82,9.71,9.79,9.81,9.61,9.57,9.61,9.70,9.60,9.39,9.32,9.51,9.53,9.61,9.65,9.52,9.58,9.75,9.54,9.31,9.17,9.01,8.77,8.72,8.60,8.51,8.52,8.46,8.59,8.42,8.21,8.56,8.50,8.30,8.14,8.22,8.22,8.36,8.57,8.45,8.60,8.46,8.71,8.73,8.55,8.33,8.60,8.46,8.63,8.72,8.83,8.88,8.93,9.01,9.03,9.11,9.27,9.25,9.28,9.21,9.11,9.00,8.69,8.50,8.30,8.40,8.55,8.57,8.25,8.08,8.14,7.68,7.60,8.34,8.50,8.47,8.72,8.54,8.45,8.66,8.99,9.01,8.91,8.99,8.92,8.92,9.00,8.99,9.06,8.95,9.12,9.13,9.08,9.25,9.09,8.82,8.77,8.59,8.69,8.64,8.67,8.75,8.94,9.30,9.34,9.34,9.39,9.23,9.15,9.22,9.01,9.04,8.81,8.62,8.90,8.65,8.92,8.95,8.85,8.74,8.65,8.60,8.58,8.58,8.15,8.34,8.57,8.69,8.80,8.84,8.74,8.56,8.32,8.08,8.19,8.25,8.48,8.58,8.46,8.23,8.36,8.28,8.13,8.16,8.21,8.14,8.56,8.62,8.38,8.37,8.57,8.74,9.24,9.09
9.96,9.78,9.75,9.77,9.76,9.75,9.75,9.76,9.81,9.79,9.60,9.48,9.59,9.56,9.53,9.53,9.50,9.37,9.56,9.38,9.43,9.41,9.58,9.77,9.67,9.39,9.14,8.88,8.64,8.46,8.33,8.31,8.29,8.27,8.39,8.41,8.37,8.39,8.54,8.34,8.25,8.38,8.25,8.39,8.65,8.46,8.36,8.30,8.45,8.50,8.60,8.36,8.40,8.31,8.51,8.51,8.74,8.90,8.90,9.01,9.03,9.03,9.20,9.25,9.20,9.19,9.14,9.02,8.88,8.60,8.25,8.50,8.08,8.00,7.48,7.33,7.47,7.44,7.49,7.74,8.36,8.45,8.64,8.57,8.47,8.56,8.76,8.82,8.88,8.88,8.72,8.76,8.99,9.00,8.95,8.92,8.92,9.05,8.86,9.05,8.66,8.68,8.65,8.54,8.45,8.55,8.62,8.75,8.80,9.02,9.21,9.30,9.34,9.19,9.10,9.28,9.01,8.94,8.92,8.63,8.65,8.59,8.76,8.57,8.43,8.49,8.46,8.32,8.12,8.38,8.23,8.51,8.22,8.39,8.39,8.20,8.04,7.80,7.87,7.80,8.04,8.04,8.15,8.34,8.36,8.17,8.33,8.15,8.03,8.06,8.16,8.16,8.39,8.24,8.24,8.28,8.36,8.59,9.09,8.73
9.60,9.56,9.47,9.39,9.44,9.62,9.73,9.69,9.80,9.76,9.51,9.39,9.43,9.29,9.32,9.39,9.51,9.66,9.39,9.23,9.20,9.40,9.58,9.63,9.59,9.47,9.13,8.85,8.63,8.38,8.34,8.33,8.28,8.23,8.19,8.45,8.47,8.52,8.63,8.39,8.22,8.24,8.20,8.31,8.48,8.45,8.43,8.28,8.43,8.30,8.67,8.40,8.34,8.50,8.66,8.54,8.66,8.76,8.77,8.87,8.95,9.01,9.02,9.02,8.96,8.97,9.12,8.97,8.93,8.84,8.49,8.73,8.19,8.14,7.80,7.64,7.45,7.42,7.52,7.85,8.39,8.28,8.63,8.37,8.20,8.38,8.63,8.56,8.47,8.52,8.46,8.50,8.72,8.67,8.71,8.71,8.78,9.06,9.01,9.14,8.74,9.00,8.83,8.63,8.48,8.54,8.80,8.90,8.85,8.95,9.19,9.24,9.31,9.34,9.21,9.30,9.09,9.11,9.05,9.00,9.01,8.97,9.02,8.85,8.51,8.43,8.59,8.59,8.45,8.37,8.57,8.55,8.43,8.55,8.60,8.39,8.08,7.99,7.89,7.87,7.98,8.03,8.12,8.24,8.29,8.25,8.29,8.00,7.95,8.10,8.25,8.38,8.20,8.06,8.21,8.37,8.45,8.68,9.01,8.83
9.48,9.34,9.23,9.30,9.43,9.48,9.58,9.40,9.68,9.67,9.42,9.41,9.46,9.27,9.46,9.42,9.37,9.54,9.61,9.42,9.44,9.37,9.52,9.68,9.58,9.33,9.24,8.78,8.80,8.71,8.64,8.48,8.40,8.39,8.36,8.50,8.50,8.56,8.50,8.39,8.21,8.28,8.23,8.30,8.38,8.24,8.10,8.08,8.27,8.13,8.21,8.28,8.47,8.48,8.52,8.39,8.33,8.41,8.49,8.49,8.62,8.82,8.85,8.76,8.66,8.62,8.83,8.80,8.76,8.80,8.47,8.55,8.17,8.19,7.83,7.90,7.85,7.62,7.78,8.00,8.32,8.19,8.37,8.28,8.29,8.34,8.54,8.43,8.29,8.31,8.34,8.40,8.42,8.37,8.46,8.65,8.72,9.04,8.94,9.17,8.92,9.28,9.06,8.82,8.75,8.69,8.95,8.95,8.93,8.93,9.08,9.15,9.20,9.31,9.19,9.11,8.96,9.00,9.02,9.09,8.97,9.01,9.08,8.97,8.76,8.60,8.64,8.58,8.83,8.47,8.68,8.78,8.80,8.81,8.80,8.57,8.23,8.22,8.00,8.05,8.05,7.97,8.10,8.33,8.27,8.27,8.16,8.22,8.29,8.30,8.31,8.50,8.31,8.42,8.46,8.55,8.86,9.09,9.00,8.95
9.95,9.58,9.32,9.39,9.47,9.38,9.65,9.38,9.63,9.60,9.41,9.37,9.40,9.43,9.50,9.39,9.33,9.40,9.43,9.41,9.47,9.44,9.30,9.32,9.37,9.18,9.04,8.68,8.86,8.97,8.92,8.66,8.50,8.55,8.58,8.48,8.48,8.43,8.40,8.16,8.07,8.20,8.22,8.11,8.02,7.97,7.88,7.93,7.80,8.13,8.24,8.12,8.25,8.10,8.30,8.14,8.10,8.17,8.29,8.22,8.25,8.51,8.59,8.48,8.30,8.19,8.45,8.56,8.64,8.60,8.30,8.31,8.02,8.15,8.00,8.08,8.06,7.88,7.81,7.89,8.16,8.07,8.20,8.14,8.24,8.24,8.22,8.12,7.93,7.95,8.07,8.14,8.20,8.19,8.29,8.43,8.55,8.86,8.91,9.39,8.91,9.27,9.18,8.87,8.93,8.91,8.94,8.86,8.77,8.76,8.80,9.00,9.17,9.04,8.91,8.82,8.84,8.96,9.02,9.20,9.12,9.03,9.09,8.93,8.72,8.71,8.69,8.71,9.01,8.59,8.83,8.92,8.93,8.88,8.82,8.71,8.49,8.33,8.22,8.19,8.20,7.96,7.89,8.15,8.14,8.19,8.13,8.30,8.40,8.33,8.32,8.23,8.37,8.42,8.46,8.56,8.88,9.10,8.99,8.90
9.67,9.65,9.37,9.33,9.39,9.41,9.36,9.18,9.42,9.40,9.24,9.19,9.37,9.47,9.37,9.39,9.41,9.44,9.56,9.29,9.33,9.22,9.22,9.34,9.39,9.15,8.69,8.99,8.91,8.97,9.08,8.83,8.63,8.59,8.51,8.34,8.32,8.20,8.25,8.22,8.14,8.29,8.20,8.10,8.02,7.95,7.94,7.71,7.81,7.90,7.89,8.05,8.19,8.12,8.06,7.95,8.30,8.21,8.12,8.21,8.30,8.38,8.31,8.20,8.08,7.99,8.24,8.27,8.45,8.27,7.96,8.11,8.02,8.21,8.24,8.28,8.19,8.08,7.78,7.90,8.17,8.10,8.10,8.07,8.15,8.15,7.98,7.79,7.58,7.56,7.66,7.82,8.04,8.04,8.20,8.24,8.45,8.54,8.69,9.27,8.77,9.03,9.01,8.69,8.80,8.88,8.87,8.80,8.71,8.72,8.64,8.76,9.11,8.92,8.72,8.54,8.48,8.95,8.86,8.99,9.17,9.11,9.10,9.05,8.80,8.72,8.83,8.54,8.88,8.62,8.80,8.87,8.88,8.90,8.84,8.74,8.65,8.47,8.49,8.41,8.39,8.17,7.95,8.03,7.99,7.97,7.99,8.22,8.39,8.31,8.25,8.31,8.32,8.32,8.41,8.59,8.69,8.92,8.82,8.80
9.42,9.56,9.39,9.20,9.19,9.32,9.33,9.31,9.18,9.11,9.11,9.25,9.50,9.21,9.31,9.40,9.41,9.48,9.60,9.22,9.24,9.23,9.23,9.20,9.20,9.12,8.94,9.27,8.88,9.12,9.09,8.84,8.72,8.57,8.39,8.36,8.30,8.23,8.30,8.41,8.19,8.37,8.19,8.13,7.98,7.77,7.76,7.85,7.91,8.04,8.06,8.31,8.24,8.14,7.98,8.03,8.22,8.14,8.07,8.10,8.20,8.36,8.28,8.15,8.22,8.19,8.15,7.99,8.02,7.81,7.47,7.79,7.91,8.12,8.12,8.14,8.16,8.05,7.72,7.86,8.02,8.06,8.03,8.00,8.02,7.97,7.77,7.55,7.48,7.52,7.58,7.72,7.90,7.86,8.07,8.25,8.28,8.29,8.25,8.56,8.58,8.66,8.56,8.32,8.40,8.52,8.74,8.84,8.88,8.91,8.72,8.56,8.74,8.64,8.84,8.81,8.80,8.73,8.96,8.96,9.10,9.24,9.34,9.32,9.09,8.77,8.87,8.68,8.80,8.71,8.77,8.76,8.71,8.78,8.90,8.77,8.60,8.56,8.59,8.75,8.66,8.33,8.05,7.97,7.91,7.77,7.73,7.79,7.91,8.06,8.29,8.19,8.23,8.28,8.32,8.39,8.45,8.62,8.55,8.59
9.48,9.42,9.24,9.06,9.06,9.17,9.28,9.42,9.23,9.13,9.15,9.10,8.96,9.04,9.17,9.28,9.30,9.39,9.49,9.17,9.19,9.10,9.06,9.10,9.08,9.04,9.12,9.02,9.00,9.32,9.08,9.00,8.90,8.73,8.64,8.63,8.63,8.59,8.56,8.48,8.21,8.38,8.36,8.22,7.96,7.86,7.89,7.83,7.94,8.05,8.14,8.33,8.22,8.08,8.16,7.89,7.86,7.83,7.70,8.03,8.21,8.12,7.89,7.88,8.02,7.89,7.87,7.69,7.63,7.68,7.32,7.55,7.56,7.91,7.89,7.81,7.88,7.87,7.65,7.66,7.78,8.00,7.99,7.94,7.82,7.74,7.60,7.50,7.54,7.70,7.77,7.68,7.76,7.79,7.87,8.16,7.97,8.23,8.20,8.16,8.38,8.27,8.05,7.90,7.99,8.07,8.19,8.38,8.52,8.52,8.46,8.45,8.67,8.85,8.83,8.59,8.58,8.73,8.94,9.02,9.15,9.20,9.31,9.33,9.05,8.83,8.84,8.67,8.77,8.67,8.72,8.60,8.54,8.68,8.92,8.91,8.75,8.56,8.45,8.65,8.67,8.39,8.00,7.88,7.94,7.63,7.54,7.65,7.87,8.06,8.20,8.15,8.17,8.32,8.37,8.17,8.20,8.20,8.31,8.27
9.50,9.25,9.18,9.09,9.02,9.01,9.06,9.19,9.31,9.28,9.20,9.20,9.29,9.24,9.06,9.13,9.20,9.33,9.39,9.13,9.11,8.95,9.00,9.04,8.95,8.97,9.11,8.88,8.92,9.19,8.83,8.72,8.87,8.72,8.48,8.52,8.71,8.80,8.76,8.50,8.29,8.41,8.46,8.21,7.99,8.03,7.99,7.86,7.94,7.99,8.16,8.08,8.16,7.88,8.02,7.99,7.74,7.93,7.95,7.95,7.79,7.93,7.94,7.71,7.74,7.87,7.88,7.60,7.76,7.72,7.23,7.65,7.57,7.96,7.85,7.74,7.56,7.71,7.81,7.64,7.76,7.97,7.87,7.85,7.79,7.72,7.70,7.66,7.68,7.77,7.71,7.57,7.80,7.89,7.76,7.90,7.85,8.29,8.37,8.06,8.22,8.19,7.80,7.77,7.89,8.10,8.12,8.16,8.22,8.13,7.97,7.85,7.96,8.19,8.38,8.31,8.50,8.65,8.82,9.05,9.08,9.13,9.25,9.21,8.94,8.90,8.81,8.57,8.76,8.63,8.55,8.36,8.36,8.68,8.88,8.81,8.84,8.88,8.51,8.45,8.51,8.41,8.17,8.08,7.93,7.60,7.54,7.66,7.82,7.99,8.07,8.10,8.13,8.29,8.46,8.25,8.13,8.04,8.16,8.20
9.17,9.06,9.28,9.14,9.00,8.92,8.96,9.23,9.39,9.21,9.14,9.21,9.19,9.11,9.23,9.02,9.09,9.29,9.32,9.15,9.01,8.88,8.96,9.05,8.97,8.85,8.82,8.87,8.92,8.80,8.74,8.75,8.58,8.57,8.65,8.74,8.87,8.96,8.63,8.54,8.32,8.55,8.28,8.11,8.04,7.98,7.88,7.86,7.98,7.96,8.00,7.85,8.04,7.90,7.96,7.85,7.89,7.91,7.71,7.87,7.98,7.86,7.73,7.79,7.80,7.76,7.89,7.79,7.53,7.21,7.09,7.44,7.42,7.82,7.71,7.38,7.47,7.55,7.85,7.47,7.48,7.57,7.52,7.60,7.74,7.64,7.62,7.62,7.63,7.72,7.71,7.82,7.95,7.97,7.80,7.87,8.06,8.17,8.08,8.00,8.00,7.96,8.02,7.74,7.91,8.08,8.21,8.11,8.02,8.02,7.83,7.89,7.94,8.03,7.88,7.93,8.22,8.50,8.77,8.95,8.99,9.10,9.25,9.13,9.02,8.88,8.64,8.64,8.72,8.57,8.36,8.13,8.11,8.42,8.59,8.43,8.41,8.56,8.45,8.47,8.56,8.43,8.10,8.11,7.76,7.64,7.65,7.66,7.65,7.90,8.05,8.03,8.00,8.12,8.25,7.89,7.93,7.87,7.80,7.79
8.96,8.93,8.87,9.08,9.05,8.95,9.02,9.39,9.38,9.20,9.12,9.14,9.19,9.10,9.02,9.06,9.19,9.29,9.27,9.12,8.92,8.72,8.91,9.00,9.00,8.87,8.73,8.74,8.81,8.56,8.69,8.67,8.56,8.46,8.60,8.76,8.57,8.32,8.46,8.59,8.38,8.49,8.15,8.13,8.03,7.91,7.76,7.69,8.02,8.00,7.94,7.78,7.80,7.81,7.95,7.93,8.10,7.94,7.65,7.65,7.64,7.58,7.60,7.78,7.86,7.66,7.66,7.66,7.60,7.70,7.32,7.10,7.42,7.83,7.68,7.38,7.53,7.63,7.45,7.47,7.52,7.48,7.44,7.62,7.68,7.66,7.63,7.50,7.55,7.65,7.57,7.62,7.71,7.70,7.80,8.05,8.19,8.16,8.22,7.94,8.03,8.08,8.16,7.89,7.94,8.05,8.10,8.07,7.99,7.83,7.68,7.73,7.87,7.94,7.65,7.79,8.21,8.30,8.59,8.80,8.86,8.95,9.10,9.02,8.96,8.80,8.48,8.65,8.51,8.32,8.21,8.10,8.13,8.45,8.36,8.30,8.34,8.46,8.46,8.46,8.46,8.33,8.03,7.89,7.79,7.68,7.72,7.73,7.46,7.86,8.03,8.20,8.05,7.81,8.16,8.12,8.00,7.89,7.82,7.82
8.93,8.93,8.84,9.03,9.17,9.04,9.11,9.41,9.24,9.25,9.10,9.19,9.32,9.25,8.96,9.09,9.24,9.18,8.94,8.80,8.84,8.60,8.95,8.78,8.95,8.94,8.69,8.65,8.77,8.73,8.72,8.59,8.58,8.69,8.72,8.66,8.57,8.39,8.38,8.65,8.13,8.37,8.15,8.15,7.97,8.00,7.83,7.64,7.90,7.91,7.78,7.63,7.58,7.78,7.87,7.94,7.87,7.73,7.60,7.54,7.52,7.70,7.61,7.54,7.57,7.45,7.57,7.61,7.58,7.57,7.18,7.44,7.57,8.12,7.65,7.54,7.72,7.65,7.52,7.44,7.38,7.38,7.56,7.71,7.80,7.78,7.69,7.56,7.54,7.71,7.72,7.62,7.78,7.89,7.85,7.94,8.10,8.13,8.07,8.03,8.22,7.99,8.03,7.80,7.81,7.86,7.87,7.96,7.99,7.85,7.72,7.61,7.73,7.87,7.81,8.00,8.21,8.25,8.43,8.64,8.71,8.75,8.84,8.82,8.50,8.73,8.72,8.52,8.28,8.12,7.91,7.76,7.86,8.07,7.97,7.90,8.00,8.11,8.12,8.04,7.99,7.97,7.83,7.76,7.88,7.72,7.63,7.82,7.50,7.63,7.78,7.96,8.05,7.97,7.97,8.20,8.34,8.13,7.98,8.15
8.94,8.82,8.73,8.71,8.78,8.99,9.23,9.38,9.24,9.31,9.12,9.23,9.33,9.19,9.05,9.11,9.24,9.17,8.99,8.86,8.93,8.66,8.75,8.73,8.90,8.72,8.58,8.65,8.69,8.81,8.63,8.52,8.52,8.71,8.71,8.72,8.65,8.40,8.37,8.37,7.95,8.55,8.28,8.16,7.85,8.00,8.00,7.74,7.73,7.72,7.57,7.50,7.48,7.72,7.73,7.76,7.57,7.57,7.57,7.52,7.55,7.69,7.57,7.61,7.70,7.62,7.71,7.71,7.73,7.66,7.25,7.52,7.58,7.65,7.69,7.63,7.60,7.53,7.34,7.46,7.42,7.49,7.62,7.65,7.55,7.55,7.58,7.60,7.61,7.61,7.64,7.66,7.85,7.83,7.57,7.57,7.71,8.05,7.99,8.08,8.14,8.02,8.04,7.83,7.58,7.66,7.79,7.78,7.78,7.74,7.69,7.49,7.81,7.79,7.81,8.02,8.11,8.20,8.36,8.49,8.47,8.54,8.82,8.75,8.34,8.37,8.66,8.56,8.20,8.08,8.25,8.12,7.70,8.00,7.89,7.77,7.90,8.00,7.93,7.83,7.81,7.74,7.63,7.81,7.88,7.71,7.57,7.73,7.65,7.78,7.63,7.72,7.94,7.98,8.10,8.02,8.22,8.29,8.17,8.25
8.76,8.80,9.03,8.96,9.01,9.03,9.21,9.48,9.53,9.37,9.18,9.29,9.28,9.15,9.21,9.12,9.19,9.02,8.85,8.80,8.76,8.73,8.60,8.68,8.55,8.54,8.57,8.58,8.57,8.71,8.49,8.49,8.37,8.46,8.58,8.65,8.59,8.55,8.57,8.48,8.10,8.27,8.22,7.96,8.00,7.95,7.64,7.50,7.65,7.66,7.53,7.49,7.48,7.65,7.66,7.52,7.64,7.60,7.64,7.53,7.58,7.72,7.64,7.68,7.71,7.62,7.76,7.96,7.96,7.79,7.41,7.40,7.52,7.56,7.38,7.52,7.54,7.26,7.26,7.45,7.58,7.56,7.66,7.74,7.61,7.56,7.72,7.73,7.53,7.65,7.87,7.77,7.80,7.96,7.99,7.61,7.66,7.88,8.06,8.10,8.03,7.93,8.11,8.02,7.68,7.69,7.83,7.82,7.83,7.77,7.77,7.65,8.00,7.78,7.78,7.94,8.02,8.06,8.21,8.31,8.25,8.31,8.75,8.68,8.47,8.42,8.36,8.29,8.00,7.99,8.04,7.88,7.87,7.78,7.94,7.93,7.90,7.96,7.90,7.81,7.87,7.78,7.63,7.90,7.86,7.62,7.56,7.87,7.68,7.85,7.85,7.79,7.86,8.02,8.14,8.27,8.27,8.34,8.45,8.29
8.80,8.85,8.95,9.12,8.97,9.11,9.31,9.39,9.27,9.17,9.33,9.46,9.33,9.21,9.23,8.95,8.93,8.86,8.80,8.77,8.81,8.67,8.57,8.47,8.62,8.41,8.49,8.66,8.64,8.71,8.42,8.46,8.27,8.29,8.52,8.60,8.62,8.66,8.65,8.50,8.29,8.06,7.94,7.91,7.64,7.69,7.70,7.49,7.38,7.41,7.33,7.44,7.62,7.73,7.64,7.45,7.90,7.58,7.69,7.69,7.62,7.74,7.69,7.71,7.76,7.73,7.90,8.03,7.95,7.71,7.64,7.66,7.74,7.55,7.49,7.58,7.52,7.53,7.44,7.49,7.42,7.50,7.56,7.49,7.62,7.65,7.69,7.70,7.58,7.77,7.85,7.85,7.89,7.94,8.07,7.88,7.73,7.93,8.04,8.02,7.93,7.77,7.81,7.90,7.82,7.81,7.85,7.78,7.86,7.91,7.96,7.90,8.00,7.83,7.87,7.95,8.02,7.97,8.12,8.36,8.32,8.31,8.42,8.37,8.33,8.24,8.16,8.00,7.91,7.91,7.93,7.86,7.81,7.74,7.77,7.86,7.76,7.74,7.80,7.81,7.83,7.79,7.62,7.66,7.70,7.70,7.76,7.60,7.72,7.78,7.85,7.85,7.81,7.97,8.14,8.32,8.36,8.37,8.57,8.46
9.00,8.99,9.10,9.20,8.92,9.18,9.31,9.24,9.06,9.08,9.61,9.56,9.36,9.24,9.12,8.87,8.73,8.86,8.77,8.68,8.68,8.73,8.82,8.71,8.58,8.19,8.25,8.54,8.68,8.62,8.42,8.54,8.36,8.42,8.51,8.55,8.63,8.68,8.67,8.51,8.22,8.08,7.85,8.08,7.95,7.81,7.53,7.45,7.54,7.53,7.55,7.56,7.71,7.65,7.48,7.61,7.88,7.47,7.58,7.86,7.64,7.66,7.68,7.79,7.87,7.89,7.95,7.91,7.78,7.61,7.73,7.86,7.76,7.57,7.63,7.63,7.64,7.53,7.47,7.52,7.54,7.56,7.46,7.47,7.54,7.62,7.64,7.58,7.64,7.79,7.85,7.87,7.91,7.94,7.90,7.86,7.89,7.96,8.03,7.90,7.98,7.88,7.70,7.71,7.78,7.79,7.76,7.73,7.79,7.90,7.99,7.93,7.80,7.79,7.71,7.61,7.69,7.80,7.97,8.21,8.16,7.88,8.03,8.15,8.28,8.23,8.04,7.98,7.96,7.91,7.89,7.91,7.88,7.77,7.65,7.73,7.62,7.50,7.60,7.69,7.83,7.79,7.81,7.60,7.45,7.50,7.71,7.60,7.72,7.76,7.76,7.79,7.80,7.93,8.08,8.11,8.16,8.36,8.42,8.20
9.09,9.21,9.31,9.14,9.00,9.21,9.40,9.43,9.37,9.47,9.60,9.46,9.53,9.52,9.30,9.13,8.85,8.96,8.83,8.78,8.84,8.87,9.11,8.88,8.81,8.56,8.58,8.57,8.56,8.62,8.56,8.76,8.57,8.62,8.38,8.41,8.51,8.58,8.58,8.42,8.19,8.10,7.76,7.99,7.99,7.73,7.53,7.50,7.47,7.41,7.49,7.46,7.41,7.73,7.65,7.42,7.62,7.52,7.52,7.70,7.69,7.63,7.68,7.85,7.90,7.80,7.77,7.71,7.71,7.65,7.65,7.73,7.62,7.63,7.66,7.53,7.57,7.49,7.57,7.61,7.62,7.50,7.39,7.55,7.58,7.60,7.70,7.61,7.61,7.71,7.85,7.80,7.82,7.95,7.78,7.64,8.03,7.98,8.07,7.80,7.99,8.08,7.88,7.69,7.64,7.63,7.66,7.88,7.95,7.81,7.81,7.88,7.90,7.70,7.61,7.53,7.72,7.83,7.88,7.97,7.87,7.85,8.02,7.89,7.97,8.00,7.95,7.82,7.82,7.90,7.87,7.76,8.05,7.81,7.82,7.94,7.82,7.63,7.62,7.52,7.65,7.97,7.83,7.83,7.85,7.72,7.72,7.71,7.81,7.83,7.80,7.78,7.91,7.98,8.05,8.08,8.08,8.12,8.39,8.22
9.08,9.13,9.12,9.06,9.21,9.21,9.44,9.51,9.47,9.40,9.33,9.59,9.68,9.50,9.18,8.95,9.19,9.00,8.94,9.06,9.04,8.95,9.14,9.08,8.88,8.63,8.46,8.49,8.64,8.67,8.51,8.38,8.37,8.55,8.65,8.48,8.40,8.46,8.42,8.21,8.06,7.97,7.68,7.77,7.87,7.68,7.63,7.63,7.50,7.39,7.38,7.42,7.44,7.36,7.72,7.58,7.80,7.81,7.82,7.53,7.70,7.78,7.66,7.81,7.78,7.60,7.56,7.57,7.76,7.69,7.52,7.57,7.58,7.69,7.72,7.57,7.45,7.56,7.58,7.63,7.50,7.42,7.42,7.62,7.66,7.63,7.69,7.66,7.60,7.68,7.80,7.66,7.77,7.89,7.71,7.66,7.88,8.02,8.11,7.86,7.93,8.06,7.89,7.70,7.65,7.64,7.72,7.85,7.94,7.82,7.82,7.80,7.80,7.62,7.73,7.46,7.48,7.77,7.82,7.72,7.78,7.93,7.97,7.78,7.73,7.80,7.74,7.63,7.68,7.89,7.83,7.50,7.90,7.99,7.98,7.87,7.79,7.74,7.65,7.58,7.46,7.77,7.69,7.78,7.91,7.70,7.70,7.74,7.90,7.96,7.95,7.97,8.12,8.07,8.11,8.11,8.10,8.14,8.06,7.80
9.12,9.04,9.11,9.24,9.32,9.25,9.39,9.47,9.42,9.34,9.29,9.48,9.48,9.37,9.17,8.96,8.91,9.03,8.99,8.96,8.94,8.93,9.03,9.11,8.90,8.58,8.41,8.42,8.55,8.54,8.24,8.29,8.54,8.72,8.77,8.74,8.81,8.73,8.36,7.93,7.81,7.87,7.65,7.57,7.61,7.56,7.58,7.54,7.42,7.33,7.36,7.44,7.39,7.45,7.63,7.45,7.61,7.93,7.82,7.81,7.80,7.70,7.66,7.65,7.63,7.68,7.70,7.61,7.57,7.55,7.41,7.62,7.60,7.66,7.83,7.66,7.44,7.48,7.47,7.52,7.47,7.47,7.57,7.69,7.70,7.66,7.61,7.58,7.65,7.70,7.78,7.62,7.77,7.72,7.60,7.77,7.53,7.86,8.07,8.08,8.11,7.99,7.83,7.78,7.69,7.63,7.74,7.87,7.82,7.97,7.66,7.41,7.52,7.62,7.45,7.41,7.55,7.78,7.85,7.70,7.76,7.82,7.70,7.66,7.71,7.64,7.54,7.52,7.65,7.79,7.77,7.54,7.85,7.85,7.85,7.72,7.65,7.64,7.41,7.52,7.52,7.63,7.68,7.70,7.76,7.68,7.65,7.72,7.85,7.99,8.04,7.97,8.16,7.77,7.89,8.05,7.97,8.04,8.03,7.74
9.23,9.27,9.42,9.50,9.38,9.31,9.41,9.41,9.40,9.33,9.23,9.44,9.23,9.22,9.08,8.81,8.84,9.15,9.06,9.08,8.93,8.93,9.09,8.96,8.90,8.55,8.52,8.46,8.48,8.48,8.34,8.22,8.55,8.67,8.65,8.46,8.49,8.58,8.28,7.91,7.97,7.94,7.70,7.52,7.33,7.45,7.41,7.33,7.30,7.28,7.25,7.29,7.48,7.45,7.57,7.66,7.53,7.69,7.63,7.46,7.56,7.55,7.61,7.74,7.63,7.66,7.76,7.72,7.81,7.62,7.47,7.52,7.71,7.73,7.82,7.49,7.38,7.30,7.44,7.50,7.56,7.52,7.64,7.73,7.65,7.69,7.66,7.55,7.74,7.63,7.72,7.81,7.69,7.63,7.57,7.45,7.52,7.65,7.62,7.88,7.80,7.87,7.90,7.79,7.72,7.56,7.76,7.87,7.64,7.82,7.94,7.64,7.53,7.52,7.42,7.46,7.60,7.69,7.72,7.73,7.70,7.79,7.53,7.57,7.69,7.48,7.40,7.49,7.48,7.46,7.46,7.50,7.70,7.66,7.88,7.80,7.48,7.55,7.49,7.37,7.56,7.55,7.60,7.61,7.54,7.83,7.65,7.73,7.74,7.82,8.14,8.14,7.88,7.99,7.99,7.91,7.88,7.96,7.95,7.82
9.30,9.27,9.27,9.31,9.40,9.42,9.14,9.06,9.18,9.25,9.19,9.58,9.25,9.17,8.87,8.65,8.72,8.91,8.86,8.88,8.80,8.92,9.15,8.97,8.60,8.42,8.57,8.52,8.47,8.42,8.38,8.40,8.54,8.60,8.43,8.33,8.57,8.47,8.24,8.02,7.70,7.64,7.70,7.64,7.24,7.41,7.31,7.21,7.25,7.30,7.22,7.24,7.38,7.34,7.58,7.64,7.58,7.53,7.63,7.49,7.62,7.62,7.68,7.72,7.71,7.82,7.91,7.76,7.58,7.62,7.54,7.72,7.96,7.83,7.57,7.70,7.28,7.42,7.38,7.58,7.54,7.65,7.70,7.64,7.56,7.54,7.53,7.54,7.64,7.54,7.76,7.44,7.91,7.98,7.53,7.52,7.81,7.56,7.64,7.56,7.68,7.86,7.88,7.72,7.50,7.53,7.87,7.83,7.64,7.73,7.79,7.65,7.57,7.64,7.56,7.50,7.53,7.57,7.63,7.77,7.63,7.79,7.64,7.66,7.62,7.48,7.40,7.49,7.62,7.64,7.58,7.64,7.55,7.62,7.65,7.61,7.48,7.46,7.53,7.32,7.46,7.47,7.47,7.49,7.44,7.74,7.73,7.68,7.69,7.66,7.52,7.62,7.70,7.72,7.77,7.79,7.88,7.88,7.86,7.87
9.10,9.01,8.93,8.97,9.11,9.13,9.09,8.87,9.15,9.41,9.40,9.46,9.41,9.05,8.78,8.66,8.66,8.82,8.82,8.73,8.67,8.87,9.10,8.86,8.19,8.47,8.43,8.51,8.49,8.40,8.36,8.46,8.57,8.62,8.36,8.43,8.52,8.52,8.34,7.99,7.72,7.65,7.50,7.53,7.23,7.26,7.21,7.24,7.30,7.32,7.25,7.21,7.26,7.40,7.58,7.66,7.69,7.64,7.71,7.57,7.69,7.47,7.57,7.69,7.79,7.90,7.89,7.86,7.85,7.64,7.46,7.60,7.74,7.63,7.79,7.61,7.42,7.44,7.47,7.41,7.58,7.78,7.82,7.78,7.65,7.68,7.64,7.47,7.62,7.68,7.73,7.58,7.98,7.85,7.69,7.60,7.64,7.72,7.78,7.83,7.85,7.91,7.95,7.89,7.80,7.82,7.95,7.81,7.78,7.82,7.74,7.64,7.70,7.81,7.70,7.54,7.56,7.62,7.55,7.74,7.71,7.61,7.74,7.77,7.72,7.77,7.71,7.55,7.69,7.63,7.69,7.76,7.65,7.68,7.78,7.76,7.58,7.38,7.53,7.42,7.39,7.45,7.49,7.53,7.62,7.69,7.82,7.63,7.44,7.45,7.44,7.68,7.60,7.58,7.68,7.81,7.82,7.88,7.91,7.99
