-33.12,-33.34,-33.20,-33.36,-33.62,-33.54,-33.54,-33.66,-33.89,-34.05,-33.68,-33.70,-33.73,-33.73,-33.97,-34.01,-34.58,-34.35,-34.27,-34.66,-35.11,-34.78,-34.45,-35.15,-34.97,-34.84,-34.95,-34.88,-34.70,-35.05,-35.30,-35.36,-35.30,-35.30,-35.36,-35.26,-35.09,-35.19,-35.32,-35.57,-35.42,-35.21,-35.50,-35.55,-35.57,-35.55,-35.48,-35.63,-35.63,-35.77,-35.84,-36.03,-35.96,-35.52,-35.52,-35.82,-36.17,-36.24,-36.32,-36.26,-36.19,-36.42,-36.21,-36.09,-36.28,-36.21,-36.34,-36.42,-36.47,-36.17,-36.45,-36.34,-36.30,-36.11,-36.24,-36.70,-36.55,-36.07,-36.03,-36.19,-36.40,-36.51,-36.36,-36.11,-36.38,-36.47,-36.45,-36.61,-36.00,-36.51,-36.64,-36.30,-35.84,-35.88,-35.82,-35.86,-36.11,-35.98,-36.05,-36.13,-36.17,-36.34,-36.42,-36.19,-36.19,-36.36,-36.05,-35.86,-35.92,-36.11,-36.13,-36.05,-36.13,-36.34,-36.64,-36.51,-36.13,-35.86,-36.17,-35.82,-35.63,-35.96,-36.15,-35.90,-35.73,-35.36,-35.42,-35.96,-35.86,-35.46,-35.55,-35.52,-35.09,-34.99,-35.21,-35.61,-35.21,-35.21,-35.26,-35.09,-34.95,-34.93,-34.88,-34.80,-34.88,-34.56,-34.11,-34.45,-34.21,-34.80,-34.52,-34.29,-34.31,-33.93,-33.64,-33.60,-33.62,-33.77,-33.91,-33.26
-32.79,-33.08,-32.88,-32.94,-32.98,-33.04,-33.20,-33.40,-33.26,-33.42,-33.60,-33.60,-33.77,-34.05,-33.91,-34.03,-34.19,-33.87,-33.73,-34.17,-34.62,-34.45,-34.45,-34.72,-34.56,-34.39,-34.50,-34.50,-34.50,-34.43,-34.60,-35.34,-34.66,-34.68,-34.93,-34.99,-35.09,-35.26,-35.01,-35.03,-35.11,-34.95,-35.07,-35.15,-35.11,-35.15,-35.26,-35.28,-35.13,-35.32,-35.48,-35.73,-35.59,-35.38,-35.17,-35.19,-35.52,-35.77,-36.07,-36.03,-35.98,-36.40,-36.00,-35.96,-35.71,-35.71,-35.98,-35.88,-35.98,-36.24,-36.09,-36.26,-35.92,-35.80,-35.88,-36.21,-36.34,-36.05,-35.98,-36.07,-36.00,-36.15,-36.03,-35.96,-35.96,-36.17,-36.19,-36.15,-35.80,-35.75,-35.94,-36.07,-35.77,-35.77,-35.80,-35.71,-35.75,-35.71,-35.94,-36.00,-35.82,-36.07,-36.19,-35.77,-35.69,-35.90,-35.90,-35.55,-35.44,-35.50,-35.59,-35.57,-35.61,-35.82,-35.84,-35.96,-35.32,-35.52,-35.48,-35.13,-35.36,-35.71,-35.82,-35.73,-35.52,-35.09,-35.13,-35.59,-35.38,-34.93,-34.97,-35.09,-35.01,-34.78,-34.54,-34.68,-34.68,-34.68,-34.62,-34.50,-34.39,-34.45,-34.39,-34.45,-34.62,-34.37,-34.17,-34.15,-33.93,-34.37,-34.27,-34.13,-33.83,-33.24,-33.50,-33.48,-33.38,-33.64,-33.83,-33.48
-32.37,-32.61,-32.71,-32.73,-32.57,-32.69,-32.90,-33.06,-33.02,-33.10,-33.24,-33.36,-33.46,-33.62,-33.50,-33.38,-33.68,-33.40,-33.20,-33.64,-34.01,-34.43,-34.33,-34.41,-34.56,-34.50,-34.27,-34.41,-34.64,-34.19,-34.68,-34.84,-34.33,-34.39,-34.64,-34.66,-34.91,-34.68,-34.70,-34.70,-34.86,-34.68,-34.76,-34.84,-34.78,-34.84,-35.03,-34.97,-34.84,-35.21,-34.95,-35.11,-35.21,-34.84,-35.01,-35.13,-35.23,-35.52,-35.82,-35.67,-35.50,-35.84,-35.67,-35.36,-35.75,-35.30,-35.55,-35.65,-35.65,-36.05,-35.71,-36.28,-35.77,-35.30,-35.59,-35.73,-35.63,-35.65,-35.69,-35.67,-35.26,-35.21,-35.44,-35.48,-35.57,-35.71,-35.73,-35.96,-35.21,-35.46,-35.52,-35.21,-35.09,-35.48,-35.57,-35.71,-35.77,-35.23,-35.28,-35.32,-35.42,-35.61,-35.63,-35.50,-35.28,-35.55,-35.55,-35.23,-35.11,-35.23,-35.38,-35.36,-35.32,-35.63,-35.82,-35.63,-35.28,-34.97,-35.52,-35.13,-35.21,-35.21,-34.95,-35.11,-35.48,-34.86,-34.95,-35.23,-34.82,-34.50,-34.50,-34.70,-34.70,-34.39,-34.48,-34.80,-34.52,-34.27,-34.27,-34.19,-34.17,-34.33,-34.17,-34.37,-34.25,-34.25,-34.19,-33.99,-33.70,-33.81,-34.01,-33.97,-33.64,-33.34,-33.64,-33.30,-33.50,-33.68,-33.66,-33.54
-31.96,-32.21,-32.41,-32.29,-32.08,-32.49,-33.18,-33.14,-32.83,-32.87,-33.18,-33.26,-33.08,-33.10,-33.38,-32.96,-33.22,-33.26,-33.02,-33.24,-33.50,-33.66,-33.87,-33.97,-34.15,-34.29,-34.25,-33.87,-33.64,-33.91,-34.17,-34.17,-33.95,-34.07,-34.31,-34.25,-34.45,-34.19,-34.25,-34.52,-34.86,-34.50,-34.56,-34.76,-34.80,-34.76,-34.76,-34.66,-34.66,-35.03,-34.93,-35.07,-34.86,-34.80,-34.66,-35.09,-35.28,-35.36,-35.61,-35.50,-35.26,-35.15,-35.19,-34.76,-34.97,-35.52,-35.48,-35.40,-35.28,-35.52,-35.36,-35.63,-35.42,-35.30,-35.23,-35.11,-35.13,-35.28,-35.42,-35.19,-34.93,-35.30,-35.26,-35.13,-35.26,-35.34,-35.19,-35.65,-35.61,-35.15,-35.38,-35.50,-35.21,-34.97,-35.05,-35.19,-35.15,-35.26,-35.34,-34.91,-34.52,-35.11,-35.59,-35.36,-35.21,-35.09,-35.26,-34.97,-35.11,-35.32,-35.38,-35.07,-34.88,-35.30,-35.59,-35.13,-34.86,-34.91,-35.30,-34.84,-35.03,-35.05,-34.91,-34.95,-35.03,-34.86,-34.29,-35.19,-34.64,-34.45,-34.37,-34.39,-34.31,-34.23,-34.39,-34.68,-34.11,-34.05,-33.93,-33.93,-34.09,-34.19,-34.19,-34.39,-34.15,-33.95,-33.93,-33.83,-33.64,-33.66,-33.89,-33.77,-33.46,-33.36,-33.70,-33.16,-33.52,-33.70,-33.62,-33.50
-31.74,-31.88,-32.15,-32.33,-32.51,-32.79,-33.16,-33.04,-33.06,-33.08,-32.96,-32.92,-32.92,-32.90,-33.42,-32.98,-32.92,-33.18,-33.22,-32.87,-33.22,-33.70,-33.75,-33.87,-34.17,-34.25,-33.77,-33.66,-33.54,-33.54,-33.68,-33.81,-33.64,-33.70,-34.07,-34.17,-34.05,-34.13,-34.05,-34.37,-34.72,-34.50,-34.33,-34.39,-34.35,-34.25,-34.43,-34.82,-34.31,-34.78,-34.88,-34.54,-34.64,-34.76,-34.78,-34.88,-34.99,-35.11,-35.07,-34.86,-35.13,-34.99,-35.28,-34.78,-34.84,-35.26,-35.36,-35.26,-35.15,-35.36,-35.30,-35.13,-34.91,-35.11,-34.97,-34.93,-35.17,-34.99,-34.95,-34.91,-35.11,-35.15,-35.11,-34.95,-35.26,-35.23,-35.09,-35.57,-35.26,-34.93,-35.01,-35.01,-35.09,-34.99,-35.15,-35.17,-34.93,-34.97,-35.11,-35.13,-34.68,-34.74,-35.21,-34.78,-34.60,-34.64,-35.01,-34.66,-34.86,-35.15,-35.01,-34.60,-34.48,-34.82,-35.09,-34.80,-34.60,-34.76,-34.62,-34.84,-34.88,-34.76,-34.74,-34.82,-34.86,-34.88,-34.74,-34.56,-34.11,-33.97,-34.15,-34.11,-34.07,-34.11,-34.11,-34.19,-33.77,-33.83,-33.87,-33.83,-33.95,-34.11,-34.01,-33.79,-33.91,-33.66,-33.36,-33.34,-33.64,-33.79,-33.66,-33.44,-33.26,-33.28,-33.42,-32.83,-32.98,-32.92,-33.02,-33.30
-31.61,-31.98,-31.94,-32.13,-32.13,-32.15,-32.41,-32.75,-32.87,-32.75,-32.77,-32.79,-32.83,-33.00,-33.36,-32.98,-32.73,-32.79,-32.88,-32.85,-33.16,-33.75,-33.66,-33.58,-33.64,-33.66,-33.50,-33.48,-33.16,-33.26,-33.24,-33.46,-33.40,-33.34,-33.85,-34.21,-33.91,-34.09,-34.33,-34.37,-34.23,-33.93,-34.11,-34.25,-34.01,-34.25,-34.50,-33.99,-34.39,-34.27,-34.23,-34.35,-34.41,-34.37,-34.43,-34.62,-34.80,-34.72,-34.52,-34.60,-34.84,-34.95,-35.01,-34.72,-34.80,-35.05,-35.07,-35.19,-34.99,-35.15,-35.07,-35.07,-34.80,-34.88,-34.86,-34.91,-35.07,-34.80,-34.74,-34.68,-34.72,-34.70,-34.95,-34.70,-35.09,-34.84,-35.05,-35.38,-35.01,-34.60,-34.74,-34.64,-34.76,-34.99,-35.21,-34.97,-34.64,-34.64,-34.72,-34.74,-34.27,-34.58,-35.30,-35.07,-34.50,-34.88,-34.82,-34.84,-34.37,-34.48,-34.60,-34.52,-34.52,-34.64,-34.68,-34.52,-34.25,-34.41,-34.25,-34.60,-34.72,-34.64,-34.45,-34.54,-34.66,-34.41,-34.21,-34.07,-33.95,-33.91,-33.89,-33.81,-33.77,-33.75,-33.70,-33.77,-33.32,-33.54,-33.70,-33.62,-33.56,-33.54,-33.42,-33.12,-33.06,-33.18,-33.00,-32.88,-33.04,-33.46,-33.26,-33.10,-33.04,-33.12,-32.96,-32.23,-32.37,-32.31,-32.59,-32.73
-31.37,-31.43,-31.74,-31.69,-31.72,-31.88,-32.00,-32.37,-32.79,-32.63,-32.53,-32.73,-32.65,-32.85,-33.08,-32.83,-32.71,-32.77,-32.59,-32.94,-33.24,-33.42,-33.34,-33.20,-33.16,-33.18,-33.14,-33.10,-33.12,-33.10,-33.00,-33.20,-33.26,-33.22,-33.66,-33.83,-33.75,-34.03,-34.17,-33.83,-33.58,-33.85,-34.03,-34.05,-34.15,-34.23,-34.41,-34.03,-33.95,-34.27,-34.33,-34.13,-34.23,-34.25,-34.23,-34.23,-34.33,-34.33,-34.39,-34.54,-34.41,-34.68,-34.58,-34.56,-34.54,-34.72,-34.70,-34.78,-34.70,-34.88,-34.86,-34.86,-34.68,-34.68,-34.64,-34.68,-34.76,-34.62,-34.62,-34.54,-34.37,-34.29,-34.84,-34.60,-34.78,-34.64,-34.91,-34.97,-34.58,-34.25,-34.56,-34.48,-34.43,-34.58,-34.66,-34.58,-34.35,-34.43,-34.82,-34.82,-34.37,-34.17,-34.68,-34.82,-34.62,-34.15,-34.17,-33.87,-34.09,-34.60,-34.52,-34.33,-34.41,-34.52,-34.37,-33.99,-33.68,-33.99,-34.13,-34.13,-34.45,-34.39,-34.11,-34.03,-33.97,-33.75,-33.73,-33.60,-33.52,-33.32,-33.24,-33.42,-33.60,-33.42,-33.22,-33.36,-32.83,-33.28,-33.46,-33.26,-33.12,-32.98,-32.83,-32.94,-32.83,-32.67,-32.59,-32.51,-32.47,-32.79,-32.90,-32.75,-32.87,-32.88,-32.61,-31.98,-32.02,-32.25,-32.65,-32.65
-31.51,-31.59,-31.28,-31.34,-31.45,-31.61,-32.00,-32.00,-32.45,-32.57,-32.35,-32.21,-32.41,-32.53,-32.59,-32.55,-32.41,-32.33,-32.13,-32.39,-32.57,-32.94,-32.90,-32.73,-32.79,-32.94,-32.87,-32.79,-33.10,-32.96,-32.92,-33.14,-33.30,-33.34,-33.50,-33.20,-33.00,-33.54,-33.75,-33.77,-33.70,-33.50,-33.50,-33.62,-33.50,-33.85,-34.01,-33.97,-33.66,-34.09,-34.21,-33.91,-33.91,-33.95,-33.95,-33.93,-33.95,-34.11,-34.41,-34.48,-34.09,-34.17,-34.41,-34.35,-34.33,-34.17,-34.35,-34.27,-34.39,-34.74,-34.78,-34.35,-34.21,-34.41,-34.33,-34.41,-34.56,-34.27,-34.29,-34.37,-34.54,-34.17,-34.62,-34.56,-34.52,-34.66,-34.62,-34.48,-34.01,-34.03,-34.27,-34.35,-34.23,-34.17,-34.15,-34.05,-34.11,-34.23,-34.35,-34.43,-34.23,-33.97,-34.21,-34.39,-34.33,-34.19,-33.87,-33.83,-33.73,-34.09,-34.05,-33.91,-33.95,-34.21,-34.13,-33.60,-33.40,-33.66,-33.75,-33.75,-33.95,-33.91,-33.56,-33.62,-33.60,-33.40,-33.52,-33.18,-33.08,-33.00,-32.92,-33.22,-33.42,-33.10,-32.77,-32.83,-32.88,-32.94,-33.22,-32.92,-32.88,-32.73,-32.55,-32.75,-32.77,-32.45,-32.10,-32.19,-32.59,-32.65,-32.27,-32.57,-32.47,-32.53,-32.49,-32.02,-31.86,-32.12,-32.15,-32.00
-31.01,-31.37,-31.12,-31.16,-31.32,-31.16,-31.67,-31.63,-31.86,-31.94,-31.86,-31.94,-31.94,-31.90,-32.35,-32.49,-32.29,-32.13,-31.78,-32.12,-32.25,-32.55,-32.61,-32.43,-32.55,-32.61,-32.87,-32.61,-32.61,-32.59,-32.88,-33.14,-33.06,-33.08,-33.22,-32.96,-33.06,-33.32,-33.08,-33.20,-33.46,-33.36,-33.30,-33.46,-33.30,-33.58,-33.70,-33.73,-33.52,-33.68,-33.83,-33.75,-33.64,-33.64,-33.66,-33.73,-33.73,-33.93,-34.27,-34.37,-34.05,-33.75,-34.39,-34.01,-34.33,-33.85,-34.07,-34.23,-34.09,-34.35,-34.43,-34.19,-34.01,-34.33,-34.62,-34.54,-34.27,-33.97,-33.97,-34.17,-34.21,-34.23,-34.15,-34.37,-34.29,-34.23,-34.27,-34.09,-33.64,-33.77,-33.81,-33.97,-34.01,-33.95,-33.83,-33.81,-33.97,-33.99,-33.97,-34.01,-33.77,-33.52,-33.79,-34.15,-33.70,-33.73,-33.40,-33.34,-33.10,-33.42,-33.62,-33.34,-33.36,-33.34,-33.30,-33.44,-33.32,-33.62,-33.42,-33.22,-33.30,-33.38,-33.12,-33.40,-33.32,-32.96,-33.06,-33.08,-32.96,-32.55,-32.71,-32.71,-32.79,-32.87,-32.85,-32.79,-32.73,-32.57,-32.85,-32.69,-32.73,-32.49,-32.17,-32.12,-32.35,-32.15,-31.86,-31.90,-32.10,-32.23,-31.96,-32.08,-32.15,-32.35,-32.29,-31.86,-31.82,-31.61,-31.43,-31.32
-30.78,-31.08,-31.12,-31.07,-31.08,-30.89,-30.97,-31.16,-31.67,-31.98,-31.88,-31.74,-31.20,-31.80,-32.00,-31.94,-31.90,-31.92,-31.63,-31.67,-31.92,-32.33,-32.43,-32.25,-32.35,-32.27,-32.87,-32.43,-32.12,-32.25,-32.61,-32.90,-33.04,-33.04,-33.10,-33.44,-32.88,-32.98,-32.90,-33.02,-33.32,-33.20,-33.00,-33.34,-33.34,-33.60,-33.40,-33.26,-33.46,-33.42,-33.60,-33.62,-33.50,-33.52,-33.60,-33.50,-33.40,-33.62,-34.05,-34.21,-33.91,-33.60,-33.77,-33.79,-34.27,-33.46,-33.50,-33.79,-33.75,-33.99,-34.11,-33.77,-33.42,-33.42,-33.81,-34.09,-33.77,-33.48,-33.91,-33.99,-33.95,-33.99,-33.85,-33.99,-33.79,-33.95,-33.79,-33.70,-33.26,-33.06,-33.36,-33.46,-33.62,-33.52,-33.34,-33.68,-33.77,-33.68,-33.83,-33.73,-33.46,-33.26,-33.54,-33.66,-33.10,-33.26,-33.10,-33.06,-32.90,-33.42,-33.32,-33.38,-33.14,-33.00,-32.88,-32.57,-32.81,-33.02,-33.00,-33.04,-32.83,-33.12,-32.90,-32.94,-32.73,-32.39,-32.49,-32.71,-32.57,-31.98,-32.33,-32.35,-32.29,-32.19,-32.19,-32.33,-32.41,-32.15,-32.47,-32.04,-31.96,-31.72,-31.45,-31.36,-31.67,-31.51,-31.47,-31.63,-31.94,-32.08,-32.00,-31.96,-31.86,-32.23,-32.19,-31.76,-31.86,-31.45,-31.30,-31.03
-30.45,-30.76,-30.93,-30.80,-30.45,-31.18,-30.89,-31.10,-31.59,-31.86,-31.67,-31.55,-31.24,-31.72,-31.74,-31.47,-31.55,-31.80,-31.61,-31.26,-31.49,-32.08,-32.25,-31.90,-32.02,-32.49,-32.27,-32.15,-32.00,-32.13,-32.19,-32.23,-32.53,-32.23,-32.39,-32.90,-32.57,-32.63,-32.67,-32.79,-33.08,-33.00,-32.63,-32.90,-33.14,-33.40,-33.10,-32.90,-33.26,-33.26,-33.52,-33.46,-33.28,-33.32,-33.40,-33.38,-33.32,-33.32,-33.58,-33.75,-33.42,-33.48,-32.90,-33.14,-33.62,-33.00,-33.22,-33.60,-33.54,-33.91,-34.09,-33.75,-33.32,-33.00,-33.12,-33.66,-33.70,-33.58,-33.70,-33.62,-33.36,-33.50,-33.58,-33.75,-33.32,-33.75,-33.64,-33.40,-33.10,-33.20,-33.50,-33.56,-33.34,-33.02,-32.79,-33.16,-33.34,-33.24,-33.30,-33.28,-33.18,-33.10,-33.24,-33.00,-32.71,-32.96,-32.81,-32.69,-32.61,-32.85,-32.77,-32.65,-32.27,-32.29,-32.31,-32.12,-32.12,-32.23,-32.33,-32.27,-32.39,-32.55,-32.08,-32.19,-32.19,-32.04,-32.08,-32.10,-31.78,-31.74,-32.06,-31.98,-31.70,-31.67,-31.67,-31.80,-31.94,-31.63,-31.67,-31.45,-31.51,-31.20,-30.87,-30.91,-31.20,-30.68,-31.01,-31.39,-31.63,-31.69,-31.63,-31.59,-31.55,-31.90,-31.70,-31.49,-31.92,-31.14,-30.99,-30.78
-29.75,-30.11,-30.32,-30.30,-30.13,-30.74,-30.66,-30.78,-31.05,-31.26,-31.22,-31.16,-31.10,-31.32,-31.28,-31.03,-31.22,-31.49,-31.43,-31.12,-31.36,-31.82,-31.86,-31.69,-32.04,-32.06,-31.76,-31.45,-31.63,-31.88,-31.98,-32.12,-32.33,-32.15,-32.25,-32.67,-32.53,-32.35,-32.39,-32.55,-32.73,-32.73,-32.41,-32.51,-32.81,-33.02,-32.90,-32.92,-32.88,-32.83,-33.06,-33.08,-32.92,-33.06,-33.08,-32.81,-32.96,-33.04,-33.20,-33.02,-32.98,-33.00,-32.77,-32.63,-32.77,-33.02,-33.22,-33.08,-33.14,-33.56,-33.68,-33.56,-33.12,-32.98,-33.10,-33.06,-33.20,-33.24,-32.94,-32.94,-32.92,-32.96,-33.14,-33.04,-32.77,-33.26,-33.54,-33.28,-32.77,-33.18,-33.22,-32.96,-32.85,-32.92,-33.18,-33.08,-32.83,-32.92,-32.98,-32.73,-32.43,-32.39,-32.75,-32.65,-32.31,-32.53,-32.39,-32.08,-31.98,-32.10,-32.31,-31.82,-31.67,-31.80,-31.70,-31.45,-31.53,-31.78,-31.61,-31.80,-32.08,-31.78,-32.13,-32.31,-32.21,-31.82,-31.72,-31.72,-31.24,-31.76,-31.74,-31.43,-31.24,-31.37,-31.34,-31.20,-31.22,-31.41,-31.16,-30.93,-30.22,-30.32,-30.22,-30.20,-30.62,-30.28,-30.83,-30.95,-31.07,-31.12,-31.07,-30.74,-31.05,-31.41,-31.05,-30.85,-31.24,-31.08,-30.49,-30.59
-29.34,-29.67,-29.75,-29.47,-29.98,-30.39,-30.11,-30.18,-30.36,-30.43,-30.76,-30.83,-30.82,-30.87,-30.83,-30.68,-30.85,-30.91,-30.89,-30.85,-31.14,-31.37,-31.26,-31.59,-31.01,-31.26,-31.22,-31.32,-31.36,-31.51,-31.69,-31.84,-31.96,-31.84,-32.00,-32.35,-32.43,-32.25,-32.19,-32.27,-32.29,-32.33,-32.39,-32.37,-32.63,-33.08,-32.65,-32.51,-32.51,-32.75,-32.59,-32.69,-32.90,-32.77,-32.61,-32.85,-33.24,-33.12,-33.00,-33.30,-32.87,-32.81,-32.83,-32.53,-32.67,-32.65,-33.02,-33.16,-32.81,-32.88,-32.92,-32.96,-32.69,-32.61,-32.92,-33.04,-33.08,-33.20,-33.00,-32.73,-32.69,-32.92,-33.24,-33.06,-32.73,-32.96,-33.06,-32.67,-32.75,-32.61,-33.00,-32.71,-32.73,-32.71,-32.69,-32.65,-32.59,-32.55,-32.43,-32.27,-32.33,-32.49,-32.41,-32.51,-31.88,-31.98,-31.90,-31.32,-31.51,-31.53,-31.70,-31.16,-31.26,-31.14,-31.03,-30.97,-30.80,-30.91,-31.07,-30.72,-31.39,-31.59,-31.47,-31.70,-31.69,-31.59,-31.39,-31.12,-31.03,-31.22,-31.14,-30.85,-30.80,-30.74,-30.76,-30.60,-30.51,-30.59,-29.92,-29.49,-29.09,-29.02,-28.59,-28.46,-28.81,-28.72,-29.67,-30.41,-30.74,-30.74,-30.49,-30.34,-30.51,-30.95,-30.62,-30.45,-30.68,-30.66,-30.39,-30.24
-29.11,-29.34,-29.50,-29.47,-29.58,-29.73,-29.75,-29.82,-30.00,-30.00,-30.26,-30.55,-30.51,-30.59,-30.64,-30.55,-30.64,-30.53,-30.59,-30.51,-30.47,-30.62,-30.74,-31.07,-30.85,-31.22,-30.82,-30.80,-30.80,-30.95,-31.43,-31.37,-31.41,-31.37,-31.69,-31.80,-32.02,-32.08,-31.94,-31.94,-31.94,-31.88,-32.13,-32.08,-32.31,-32.33,-32.35,-32.55,-32.35,-32.13,-31.94,-32.29,-32.63,-32.35,-32.00,-32.08,-32.43,-32.61,-32.37,-33.12,-32.88,-32.45,-32.79,-32.57,-32.37,-32.39,-32.79,-32.71,-32.45,-32.45,-32.71,-32.88,-32.43,-32.02,-32.15,-32.51,-32.92,-32.71,-32.43,-32.57,-32.55,-32.55,-32.81,-32.47,-32.43,-32.53,-32.49,-32.67,-32.47,-32.43,-32.17,-32.45,-32.43,-32.45,-32.21,-32.02,-32.08,-31.74,-31.55,-31.86,-31.90,-31.51,-31.59,-31.70,-31.41,-31.43,-31.26,-30.45,-31.05,-30.64,-30.57,-30.00,-29.94,-29.81,-29.75,-29.69,-29.69,-29.88,-29.92,-29.79,-30.30,-30.36,-30.87,-30.80,-30.70,-30.47,-30.13,-30.20,-30.36,-30.36,-30.70,-30.18,-29.90,-29.64,-29.67,-29.58,-29.34,-28.91,-28.26,-27.27,-27.09,-26.51,-25.43,-24.90,-25.22,-26.08,-27.31,-29.30,-30.20,-30.13,-30.03,-30.49,-30.24,-30.47,-30.17,-30.11,-30.28,-30.26,-30.00,-30.17
-28.76,-28.83,-29.17,-29.39,-29.62,-29.75,-29.58,-29.71,-29.98,-29.90,-29.94,-30.22,-30.24,-30.30,-30.39,-30.09,-30.38,-30.70,-30.55,-30.53,-30.70,-30.87,-30.80,-30.80,-30.39,-30.85,-30.53,-30.43,-30.41,-30.43,-30.89,-30.95,-30.85,-30.89,-31.22,-31.26,-31.45,-31.55,-31.61,-31.70,-31.76,-31.57,-31.57,-31.96,-31.88,-31.53,-31.39,-31.63,-31.51,-31.61,-32.00,-32.41,-32.53,-32.21,-31.78,-31.80,-32.29,-32.12,-31.84,-32.23,-32.19,-31.86,-32.25,-31.88,-31.84,-31.94,-32.43,-32.25,-32.25,-32.29,-32.29,-32.27,-31.88,-31.59,-31.61,-31.88,-32.29,-32.04,-31.80,-32.04,-31.94,-32.08,-32.33,-32.33,-31.88,-32.06,-32.25,-32.13,-31.76,-31.76,-31.88,-32.06,-32.06,-32.04,-31.53,-31.59,-31.53,-31.26,-31.12,-31.05,-30.80,-30.62,-30.95,-30.91,-30.87,-30.91,-30.59,-29.60,-29.32,-29.22,-28.83,-27.67,-26.95,-26.89,-26.73,-26.89,-27.69,-28.42,-28.72,-28.76,-29.20,-29.69,-29.84,-30.13,-30.17,-29.67,-29.43,-29.54,-29.52,-29.67,-29.41,-28.94,-28.68,-28.42,-27.89,-27.29,-26.59,-25.69,-24.54,-22.67,-21.60,-20.26,-18.52,-17.64,-17.87,-18.83,-20.85,-25.85,-28.37,-29.26,-29.67,-30.18,-30.32,-29.98,-29.77,-29.77,-29.86,-29.84,-29.56,-29.86
-28.26,-28.39,-28.81,-29.09,-29.37,-29.60,-29.45,-29.50,-29.86,-29.60,-29.66,-29.88,-30.03,-30.00,-29.94,-29.92,-29.71,-30.24,-30.30,-30.15,-30.22,-30.57,-30.78,-30.47,-30.39,-30.53,-30.24,-30.09,-30.07,-30.09,-30.47,-30.53,-30.66,-30.57,-30.66,-30.87,-30.85,-30.80,-31.07,-31.39,-31.43,-31.37,-31.32,-31.34,-31.63,-31.59,-31.45,-31.49,-31.30,-31.59,-31.84,-31.76,-31.74,-31.72,-31.55,-31.59,-31.63,-31.67,-31.51,-31.65,-31.98,-31.53,-31.84,-31.69,-31.34,-31.55,-31.90,-31.88,-31.88,-31.86,-32.08,-32.06,-31.53,-31.28,-31.37,-31.41,-31.49,-31.49,-31.45,-31.34,-31.53,-31.61,-31.76,-31.67,-31.49,-31.74,-31.57,-31.49,-30.97,-30.64,-31.24,-31.30,-31.34,-31.24,-30.99,-30.91,-30.89,-30.66,-30.74,-30.83,-30.41,-30.22,-30.22,-29.98,-29.82,-29.06,-28.46,-27.80,-27.25,-26.21,-24.90,-22.60,-20.67,-19.82,-19.60,-20.87,-23.09,-24.92,-26.23,-27.07,-27.73,-28.55,-28.66,-29.02,-29.20,-28.76,-28.65,-28.59,-28.17,-27.78,-27.40,-27.22,-26.60,-25.57,-24.19,-22.42,-20.87,-19.32,-17.17,-14.82,-12.99,-11.19,-9.46,-8.62,-8.77,-10.12,-13.12,-20.72,-26.21,-28.44,-29.15,-29.73,-29.92,-29.88,-29.66,-29.43,-29.43,-29.52,-29.34,-29.58
-27.98,-28.11,-28.53,-28.89,-28.96,-29.13,-29.07,-29.06,-29.34,-29.04,-29.04,-29.26,-29.47,-29.62,-29.71,-29.71,-29.69,-29.84,-29.86,-29.86,-29.94,-30.07,-30.45,-30.15,-30.18,-30.09,-29.75,-29.58,-29.62,-29.81,-30.41,-30.17,-30.55,-30.34,-30.38,-30.51,-30.13,-29.90,-30.20,-30.64,-30.97,-31.34,-30.59,-31.26,-31.10,-31.22,-31.16,-31.30,-31.22,-31.26,-31.26,-31.24,-31.30,-31.16,-31.14,-31.14,-31.12,-31.37,-31.22,-31.61,-31.61,-30.99,-31.34,-31.49,-31.03,-31.12,-31.36,-31.51,-31.41,-31.36,-31.65,-31.72,-31.34,-31.03,-31.03,-31.08,-31.03,-30.95,-31.07,-30.87,-31.01,-31.20,-31.18,-30.87,-31.03,-31.05,-30.95,-30.66,-30.68,-30.34,-30.51,-30.38,-30.22,-30.59,-30.28,-30.13,-30.22,-30.18,-29.92,-29.73,-29.60,-29.13,-28.48,-27.87,-27.14,-25.78,-24.38,-22.65,-21.50,-18.54,-15.76,-12.14,-9.18,-7.54,-8.05,-10.79,-14.27,-17.43,-20.39,-22.82,-24.31,-25.91,-26.67,-27.07,-27.09,-26.53,-26.05,-25.59,-24.68,-23.31,-22.10,-20.93,-19.45,-17.57,-15.89,-13.68,-11.55,-9.57,-7.49,-5.53,-3.86,-2.42,-1.36,-0.93,-1.50,-3.54,-7.68,-16.02,-23.78,-27.40,-28.57,-29.00,-29.35,-29.54,-29.24,-29.11,-29.26,-29.39,-29.20,-29.43
-27.96,-27.96,-28.24,-28.63,-28.63,-28.70,-28.63,-28.46,-28.74,-29.26,-29.24,-29.00,-28.96,-29.17,-29.35,-29.66,-29.37,-29.32,-29.45,-29.56,-29.64,-29.82,-30.00,-29.86,-29.81,-29.54,-29.24,-29.17,-29.34,-29.43,-29.94,-30.00,-29.75,-29.62,-29.47,-29.04,-28.18,-28.02,-28.72,-29.71,-30.64,-30.89,-30.49,-30.60,-30.72,-30.91,-30.45,-30.74,-30.99,-30.87,-30.74,-30.83,-31.03,-30.80,-30.85,-30.97,-30.91,-30.95,-30.72,-31.37,-31.22,-30.62,-30.76,-31.08,-30.74,-30.91,-31.03,-30.93,-30.89,-30.93,-31.10,-31.07,-30.85,-30.62,-30.47,-30.64,-30.85,-30.68,-30.47,-30.43,-30.36,-30.72,-30.62,-30.20,-30.28,-30.09,-30.43,-29.96,-30.20,-29.82,-29.58,-29.56,-29.37,-29.52,-29.24,-29.11,-29.04,-28.66,-27.98,-27.33,-26.55,-25.29,-23.88,-22.26,-19.95,-17.51,-14.93,-10.99,-7.98,-4.62,-2.16,0.23,1.57,1.99,1.50,-0.32,-3.35,-6.98,-10.77,-14.16,-16.95,-20.10,-22.36,-22.91,-22.53,-21.61,-20.29,-18.87,-16.84,-14.54,-12.87,-10.81,-8.58,-6.70,-5.05,-3.30,-1.58,-0.16,1.01,2.13,3.26,3.68,3.98,3.85,2.70,0.24,-3.84,-12.01,-21.46,-26.39,-28.09,-28.57,-29.17,-29.49,-29.04,-29.26,-29.26,-29.02,-28.94,-29.32
-27.73,-27.67,-28.07,-28.18,-28.35,-28.37,-28.37,-28.31,-28.33,-28.81,-29.19,-29.04,-28.94,-29.17,-29.19,-29.15,-28.98,-28.74,-28.92,-29.30,-29.32,-29.43,-29.52,-29.52,-29.39,-29.26,-29.02,-29.02,-29.30,-29.13,-29.06,-28.79,-28.89,-28.39,-27.98,-26.42,-23.74,-23.09,-26.00,-29.13,-30.32,-30.15,-30.13,-30.51,-30.51,-30.38,-30.15,-30.30,-30.57,-30.51,-30.53,-30.76,-30.70,-30.36,-30.66,-30.72,-30.83,-30.53,-30.45,-30.91,-30.89,-30.34,-30.41,-30.45,-30.20,-30.59,-30.72,-30.38,-30.36,-30.45,-30.74,-30.68,-30.18,-30.01,-30.00,-29.98,-30.34,-30.39,-29.96,-29.81,-29.88,-30.15,-30.11,-29.52,-29.54,-29.47,-29.86,-29.54,-29.19,-28.89,-28.55,-28.35,-28.06,-27.73,-27.13,-26.69,-25.66,-24.41,-22.82,-20.75,-18.62,-16.01,-12.92,-9.88,-6.81,-4.46,-2.25,0.38,1.57,3.22,3.69,4.55,5.04,5.18,5.40,4.48,3.35,1.77,-0.77,-3.44,-6.65,-10.47,-13.68,-14.69,-14.07,-12.51,-10.47,-8.42,-6.16,-4.12,-2.70,-1.26,0.25,1.31,2.39,3.55,4.57,5.26,5.77,6.29,6.52,6.76,6.58,6.00,4.49,2.14,-1.60,-9.15,-19.82,-25.29,-27.65,-28.44,-28.53,-28.78,-28.02,-28.26,-28.35,-28.33,-28.50,-28.96
-27.14,-27.25,-28.00,-27.84,-28.04,-27.95,-27.85,-28.29,-28.59,-28.35,-28.37,-28.61,-28.83,-28.91,-29.19,-28.89,-28.74,-28.53,-28.63,-29.00,-28.91,-28.87,-29.15,-29.11,-28.96,-29.15,-29.00,-28.68,-29.32,-29.26,-28.42,-27.84,-27.16,-25.87,-25.25,-22.99,-20.42,-20.49,-23.98,-28.35,-29.96,-30.03,-30.28,-30.41,-30.13,-30.05,-29.92,-29.96,-30.18,-30.26,-30.39,-30.66,-30.41,-30.05,-30.32,-30.32,-30.53,-29.98,-30.20,-30.47,-30.32,-29.96,-30.17,-29.71,-29.77,-29.86,-30.13,-30.05,-30.07,-30.00,-30.11,-30.15,-29.73,-29.58,-29.66,-29.56,-29.52,-29.66,-29.52,-29.32,-29.35,-29.35,-29.37,-28.96,-28.76,-28.68,-28.83,-28.55,-27.45,-27.00,-26.46,-25.55,-24.50,-23.38,-21.58,-19.53,-16.70,-14.03,-11.23,-8.36,-6.17,-4.04,-1.63,0.35,1.88,2.82,3.75,4.89,5.11,5.80,5.47,5.94,5.75,5.70,5.92,5.88,5.68,5.29,4.56,3.52,2.07,-0.24,-2.63,-4.09,-3.58,-2.23,-0.57,0.97,2.31,3.37,3.99,4.39,5.42,5.91,6.06,6.52,6.76,6.98,7.33,7.62,7.68,7.76,7.41,6.68,5.37,3.20,-0.62,-7.52,-18.49,-24.26,-27.13,-27.93,-27.80,-27.91,-27.58,-28.18,-28.52,-28.59,-28.59,-28.65
-26.82,-27.05,-27.67,-27.13,-27.40,-27.80,-27.87,-27.85,-28.02,-28.00,-28.04,-28.11,-28.15,-28.13,-28.72,-28.35,-28.46,-28.50,-28.53,-28.70,-28.44,-28.59,-28.89,-28.81,-28.81,-28.83,-28.57,-28.41,-28.87,-28.06,-27.74,-27.18,-26.96,-26.66,-25.94,-24.21,-22.75,-22.69,-24.24,-28.13,-29.54,-29.43,-29.98,-29.96,-29.71,-29.73,-29.49,-29.52,-29.81,-29.88,-30.03,-30.13,-29.94,-29.94,-29.88,-30.00,-29.84,-29.22,-29.50,-29.58,-29.56,-29.82,-29.69,-29.41,-29.54,-29.37,-29.52,-29.39,-29.62,-29.64,-29.39,-29.32,-29.17,-29.04,-29.11,-29.09,-28.87,-29.00,-28.66,-28.52,-28.31,-28.28,-28.00,-27.93,-27.33,-26.53,-26.19,-25.24,-23.62,-21.96,-20.36,-18.00,-15.58,-13.17,-10.34,-7.34,-4.56,-2.18,0.03,1.83,2.89,3.65,4.45,4.99,5.29,5.42,5.78,6.00,6.01,6.10,6.25,6.28,6.33,6.20,6.17,6.06,6.31,6.52,6.40,6.31,6.00,4.97,4.43,4.15,4.48,4.69,5.49,6.17,6.61,6.85,6.85,6.94,7.49,7.85,7.60,7.62,7.71,7.89,8.06,8.08,8.08,8.29,7.97,7.38,6.11,3.93,0.17,-6.34,-16.86,-23.54,-26.60,-27.27,-27.36,-27.89,-27.33,-28.13,-27.87,-27.93,-28.33,-28.18
-26.62,-26.73,-27.34,-27.53,-27.42,-27.34,-27.47,-27.84,-27.58,-27.85,-28.11,-28.04,-27.67,-27.53,-28.07,-27.76,-27.89,-28.15,-28.24,-28.37,-28.11,-28.24,-28.28,-28.61,-28.55,-28.33,-28.26,-28.22,-28.41,-27.91,-27.67,-27.85,-27.65,-27.38,-27.11,-26.35,-25.25,-24.78,-25.39,-28.00,-28.85,-28.83,-29.54,-29.49,-29.41,-29.49,-29.19,-29.26,-29.45,-29.24,-29.35,-29.30,-29.22,-29.50,-29.58,-29.37,-29.26,-28.85,-28.94,-28.52,-28.66,-28.92,-28.85,-28.53,-28.18,-28.55,-28.81,-28.78,-28.85,-28.74,-28.70,-28.53,-28.04,-27.95,-28.18,-28.07,-27.82,-27.69,-27.43,-27.16,-26.71,-26.64,-25.94,-24.54,-23.45,-21.56,-19.71,-17.43,-14.79,-12.20,-8.49,-5.12,-2.52,-0.31,1.53,2.98,3.86,4.58,5.17,5.63,5.89,6.01,6.02,6.01,6.11,6.10,6.35,6.41,6.40,6.30,6.53,6.60,6.85,6.98,7.26,7.20,7.28,7.52,7.64,7.63,7.49,7.30,7.53,7.13,7.63,7.65,7.86,7.97,8.07,7.95,7.76,7.86,8.16,8.48,8.38,8.46,8.48,8.62,8.73,8.66,8.64,8.84,8.52,7.81,6.55,4.54,1.12,-4.81,-14.87,-22.84,-26.10,-26.82,-27.13,-27.74,-27.29,-27.54,-27.53,-27.80,-28.00,-27.82
-26.53,-26.57,-26.89,-27.13,-27.07,-27.00,-27.29,-27.34,-27.23,-27.47,-27.69,-27.74,-27.54,-27.33,-27.43,-27.56,-27.63,-27.69,-27.91,-28.17,-27.87,-27.96,-27.95,-27.78,-27.67,-27.78,-27.89,-27.74,-27.69,-27.34,-27.62,-27.73,-27.84,-27.71,-27.51,-26.98,-26.35,-26.21,-26.60,-27.69,-28.28,-28.42,-29.00,-28.98,-29.07,-29.19,-29.00,-29.22,-29.30,-28.76,-28.76,-28.70,-28.79,-28.92,-28.87,-28.81,-28.46,-28.42,-27.78,-28.07,-27.51,-27.23,-26.51,-25.50,-25.80,-26.89,-27.89,-28.04,-27.87,-28.11,-28.26,-27.76,-27.23,-27.20,-27.11,-26.85,-26.55,-26.05,-24.78,-24.26,-22.52,-21.70,-18.99,-16.59,-13.42,-9.64,-6.03,-3.37,-0.57,1.27,3.06,4.19,4.77,5.22,5.50,5.77,5.96,6.09,6.21,6.28,6.37,6.39,6.28,6.33,6.55,6.61,6.90,7.04,6.96,6.93,6.84,7.37,7.65,7.78,8.20,8.17,8.12,8.10,8.10,8.14,8.11,8.15,8.06,7.97,7.99,8.17,8.41,8.54,8.57,8.45,8.28,8.32,8.63,8.94,8.99,9.04,9.01,9.03,9.05,9.09,9.18,9.11,8.49,7.95,7.00,5.17,1.89,-3.70,-13.33,-21.56,-25.43,-26.42,-26.71,-27.20,-26.98,-27.07,-27.38,-27.42,-27.51,-27.69
-25.85,-25.85,-26.32,-26.59,-26.64,-26.62,-26.93,-26.87,-26.82,-26.87,-27.04,-27.18,-27.25,-27.09,-26.93,-27.14,-27.51,-27.60,-27.38,-27.49,-27.34,-27.53,-27.73,-27.40,-27.42,-27.45,-27.09,-27.04,-27.36,-26.69,-27.20,-27.33,-27.51,-27.33,-27.13,-26.80,-26.17,-26.03,-26.73,-27.47,-27.74,-27.98,-28.44,-28.31,-28.48,-28.57,-28.55,-28.79,-28.85,-28.53,-28.66,-28.46,-28.11,-28.09,-28.07,-28.37,-27.84,-27.31,-26.59,-26.59,-25.57,-24.05,-20.98,-18.25,-20.44,-24.00,-26.25,-26.89,-26.62,-26.75,-27.18,-26.76,-26.07,-25.57,-24.76,-24.28,-23.11,-21.16,-18.63,-15.85,-12.11,-8.22,-4.28,-1.17,0.97,2.98,4.20,4.47,4.98,5.63,5.94,5.96,6.00,6.02,6.44,6.53,6.51,6.45,6.60,6.67,6.66,6.66,6.73,6.99,7.23,7.41,7.56,7.62,7.61,7.57,7.54,8.05,8.23,8.32,8.46,8.31,8.27,8.23,8.33,8.40,8.29,8.13,8.27,8.54,8.66,8.92,9.05,9.10,9.10,9.04,9.02,9.05,9.17,9.48,9.32,9.44,9.31,9.25,9.17,9.11,9.10,8.84,8.34,8.10,7.16,5.63,2.92,-2.19,-11.06,-20.31,-24.55,-25.76,-26.21,-26.60,-26.48,-26.91,-26.95,-26.96,-27.23,-27.34
-25.54,-25.45,-25.82,-26.10,-26.16,-26.16,-26.33,-26.53,-26.50,-26.48,-26.69,-27.04,-26.91,-26.84,-27.05,-27.13,-27.00,-26.73,-26.69,-26.91,-27.07,-26.96,-27.04,-27.27,-27.20,-27.05,-27.00,-26.51,-26.82,-26.33,-26.73,-26.91,-26.93,-26.80,-26.62,-26.41,-25.73,-24.76,-25.64,-26.98,-27.27,-27.49,-28.11,-27.85,-27.96,-28.07,-28.11,-28.28,-28.24,-28.07,-28.24,-28.17,-27.80,-27.67,-27.43,-27.29,-26.82,-26.01,-25.22,-23.93,-21.53,-17.25,-7.82,-2.79,-6.44,-14.75,-21.05,-24.21,-25.06,-24.57,-24.05,-22.99,-21.26,-19.40,-17.50,-15.18,-11.04,-6.38,-2.56,-0.16,1.92,3.35,4.58,4.84,5.53,5.77,5.91,5.79,6.17,6.26,6.35,6.47,6.45,6.31,6.70,6.67,6.67,6.70,7.06,7.18,7.25,7.40,7.49,7.69,7.94,8.11,7.97,8.03,8.11,7.99,8.02,8.42,8.43,8.38,8.43,8.45,8.59,8.65,8.73,8.85,8.88,8.99,9.13,9.36,9.62,9.78,9.49,9.51,9.73,9.85,9.86,9.79,9.68,9.75,9.38,9.68,9.38,9.33,9.21,9.15,9.03,8.67,8.37,7.90,7.25,5.86,3.24,-1.53,-9.48,-19.24,-23.71,-25.29,-25.82,-26.12,-26.25,-26.55,-26.39,-26.62,-26.87,-26.80
-25.31,-25.13,-25.38,-25.78,-26.00,-25.94,-25.87,-26.10,-26.17,-26.25,-26.57,-27.04,-27.00,-26.53,-26.64,-26.78,-26.84,-26.73,-26.44,-26.67,-26.46,-26.64,-26.78,-26.71,-26.75,-27.00,-26.91,-26.16,-26.35,-25.85,-26.03,-26.10,-26.16,-25.92,-25.52,-25.20,-24.38,-22.53,-23.16,-24.73,-26.14,-26.75,-27.22,-27.47,-27.76,-27.91,-27.80,-27.76,-27.76,-27.40,-27.18,-27.34,-26.71,-26.73,-26.95,-26.53,-24.90,-23.59,-21.65,-17.09,-10.32,-4.08,1.62,4.06,3.17,-1.46,-9.40,-16.61,-18.99,-17.67,-15.05,-11.81,-8.44,-4.71,-1.82,-0.24,2.09,3.80,4.84,5.14,5.40,5.50,5.93,5.99,5.92,6.15,6.03,6.29,6.21,6.31,6.52,6.48,6.66,6.66,7.10,7.44,7.55,7.53,7.91,8.04,8.14,8.25,8.13,8.20,8.43,8.40,8.25,8.40,8.41,8.36,8.30,8.64,8.69,8.67,9.04,9.01,9.22,9.43,9.51,9.48,9.53,9.70,9.59,9.62,9.71,9.68,9.72,9.77,9.79,9.72,9.62,9.63,9.72,9.68,9.44,9.57,9.28,9.20,9.14,9.06,8.86,8.56,8.24,7.60,7.00,6.08,3.94,-0.52,-8.00,-18.02,-23.35,-25.36,-26.00,-26.01,-25.76,-26.08,-26.08,-26.19,-26.32,-26.35
-25.15,-24.87,-25.17,-25.59,-25.87,-25.87,-25.71,-25.84,-25.71,-25.71,-26.12,-26.73,-26.48,-26.25,-26.32,-26.46,-26.37,-26.05,-25.92,-26.23,-26.14,-26.33,-26.46,-26.23,-26.16,-26.55,-26.42,-25.68,-25.75,-25.15,-25.27,-25.32,-25.31,-24.47,-22.85,-21.58,-20.28,-16.86,-16.41,-19.23,-22.16,-24.69,-25.87,-26.50,-27.16,-27.31,-27.05,-26.91,-26.64,-26.53,-26.14,-26.12,-25.94,-25.69,-24.61,-22.82,-20.18,-16.25,-9.58,-3.26,1.15,3.74,5.16,6.06,6.04,4.62,1.69,-2.66,-4.64,-2.84,-0.57,1.28,2.75,3.92,4.47,4.63,5.44,5.87,5.88,6.00,6.23,5.92,6.37,6.52,6.56,6.46,6.40,6.51,6.93,6.96,7.36,7.42,7.81,7.65,7.98,8.22,8.37,8.29,8.43,8.52,8.38,8.36,8.32,8.34,8.50,8.52,8.62,8.72,8.91,8.82,8.86,9.08,9.33,9.39,9.66,9.60,9.71,9.86,9.89,9.86,9.79,9.75,9.78,9.85,9.96,9.72,9.67,9.83,9.90,9.66,9.61,9.72,9.73,9.63,9.30,9.46,9.17,9.00,8.88,8.75,8.57,8.31,8.10,7.54,6.98,6.31,4.49,0.56,-6.21,-16.18,-22.40,-24.36,-25.22,-25.69,-25.76,-25.71,-25.75,-25.94,-26.00,-25.85
-24.83,-24.73,-25.01,-25.25,-25.32,-25.41,-25.45,-25.76,-25.68,-25.66,-25.82,-25.76,-25.80,-25.69,-25.75,-26.08,-26.28,-26.00,-25.59,-25.87,-25.82,-26.03,-26.12,-26.01,-25.89,-25.94,-25.91,-25.11,-25.25,-24.82,-24.80,-24.82,-24.47,-22.23,-17.76,-13.98,-13.05,-8.63,-5.48,-9.78,-14.34,-20.72,-24.43,-25.76,-26.17,-26.01,-25.84,-26.00,-25.96,-25.89,-25.36,-24.52,-23.55,-21.85,-19.98,-15.69,-8.40,-2.96,1.04,3.55,4.88,5.70,6.30,6.65,6.61,6.28,5.39,4.04,3.62,4.28,4.90,5.46,5.91,6.02,5.84,5.74,6.09,6.04,6.21,6.44,6.62,6.29,6.70,6.73,6.96,6.96,7.24,7.57,7.78,8.15,8.37,8.34,8.50,8.40,8.66,8.84,8.69,8.68,8.62,8.54,8.64,8.78,8.88,9.08,9.11,9.04,9.34,9.44,9.77,9.47,9.51,9.76,9.97,10.01,9.91,9.97,9.87,10.01,10.06,10.00,9.91,9.82,9.82,9.86,10.01,9.82,9.79,9.90,9.72,9.62,9.53,9.53,9.50,9.31,9.38,9.23,8.91,8.75,8.65,8.65,8.42,8.11,7.98,7.56,7.32,6.68,5.04,1.57,-4.70,-14.27,-21.05,-23.48,-24.61,-25.03,-25.11,-25.18,-24.82,-25.52,-25.71,-25.54
-24.26,-24.31,-24.50,-24.54,-24.57,-25.38,-24.78,-25.32,-25.54,-25.54,-25.66,-25.62,-25.10,-24.85,-25.18,-25.41,-25.52,-25.75,-25.22,-25.36,-25.55,-25.57,-25.68,-25.78,-25.57,-25.39,-25.55,-24.80,-24.85,-24.59,-24.43,-24.28,-23.48,-19.37,-11.23,-4.35,-4.42,-2.28,2.03,0.77,-3.56,-14.60,-22.00,-24.59,-25.17,-25.18,-25.04,-24.71,-24.50,-24.22,-23.02,-20.98,-18.57,-12.68,-7.24,-2.99,1.47,3.48,4.83,5.60,5.95,6.08,6.40,6.84,6.91,6.83,6.51,6.13,6.09,6.23,6.36,6.53,6.71,6.59,6.46,6.45,6.45,6.41,6.63,7.09,7.24,7.23,7.61,7.73,7.93,7.99,8.19,8.34,8.39,8.55,8.39,8.47,8.47,8.54,8.66,8.73,8.83,8.94,9.06,9.20,9.20,9.30,9.53,9.83,9.93,9.83,10.03,10.09,10.07,10.00,9.95,10.19,10.21,10.29,10.19,10.14,9.95,10.02,10.05,9.96,9.86,9.81,9.85,9.71,9.67,9.54,9.50,9.49,9.43,9.44,9.41,9.28,9.09,9.01,9.04,8.88,8.66,8.62,8.69,8.47,8.24,8.07,7.78,7.58,7.58,7.10,5.87,2.80,-3.04,-11.39,-18.76,-21.95,-23.90,-24.68,-24.68,-24.69,-24.59,-25.03,-25.31,-25.25
-23.91,-23.84,-23.90,-24.07,-24.28,-24.64,-24.29,-24.52,-24.71,-24.78,-24.94,-25.11,-24.85,-24.75,-24.80,-24.94,-25.03,-25.22,-24.85,-24.99,-25.27,-25.13,-25.11,-25.25,-25.13,-25.15,-25.38,-24.57,-24.29,-23.98,-23.69,-23.18,-21.73,-16.72,-7.20,1.17,1.11,2.22,4.88,5.11,0.69,-10.46,-19.61,-23.36,-23.74,-23.26,-23.19,-23.02,-21.96,-19.98,-16.42,-10.91,-5.27,-0.43,2.24,3.80,5.25,5.51,5.87,6.00,6.11,6.32,6.40,6.86,7.16,7.17,7.14,7.00,6.84,6.73,6.81,6.88,6.94,7.12,7.15,7.10,7.29,7.39,7.50,7.99,7.94,7.98,8.08,8.43,8.52,8.45,8.60,8.63,8.51,8.68,8.76,8.74,9.00,8.95,9.38,9.68,9.81,9.83,10.06,10.12,10.12,10.28,10.28,10.26,10.23,10.11,10.16,10.26,10.29,10.24,10.41,10.71,10.27,10.18,10.10,10.14,10.08,9.91,9.81,9.71,9.58,9.53,9.54,9.52,9.39,9.21,9.22,9.14,9.06,9.17,9.17,9.03,8.88,8.80,8.72,8.68,8.49,8.59,8.56,8.32,8.16,8.00,7.76,7.71,7.65,7.56,6.73,4.13,-0.61,-6.98,-13.86,-19.11,-22.47,-23.86,-24.17,-24.38,-24.61,-24.26,-24.50,-24.59
-23.67,-23.69,-23.69,-23.48,-23.47,-23.84,-23.84,-24.07,-24.12,-24.19,-24.69,-24.47,-24.22,-24.29,-24.41,-24.50,-24.64,-24.66,-24.55,-24.62,-24.71,-24.75,-24.75,-24.68,-24.71,-24.99,-24.99,-24.19,-23.67,-23.52,-22.67,-20.85,-18.00,-12.20,-2.93,4.00,4.45,5.16,6.38,6.50,2.81,-8.09,-17.14,-20.52,-20.85,-20.15,-19.11,-17.17,-14.15,-9.74,-4.70,0.41,2.64,4.58,5.58,5.87,6.04,5.95,6.13,6.17,6.32,6.29,6.37,6.68,7.16,7.31,7.26,7.16,7.00,7.06,7.24,7.31,7.49,7.73,7.81,7.88,8.11,8.17,8.29,8.60,8.52,8.40,8.57,8.67,8.52,8.81,8.99,9.04,9.06,9.42,9.61,9.70,9.91,9.79,10.14,10.39,10.28,10.38,10.43,10.34,10.42,10.39,10.07,9.97,10.12,10.28,10.35,10.32,10.28,10.24,10.03,10.35,10.03,10.23,9.88,10.02,9.98,9.81,9.61,9.43,9.37,9.32,9.27,9.37,9.40,9.10,9.08,8.91,9.06,9.09,9.08,8.97,8.87,8.77,8.57,8.52,8.50,8.39,8.40,8.40,8.17,7.98,7.93,7.78,7.95,7.97,7.33,5.47,2.24,-2.29,-8.23,-15.63,-20.69,-23.09,-23.78,-23.90,-24.05,-23.93,-24.09,-24.19
-23.18,-23.33,-23.57,-23.64,-23.42,-23.16,-23.48,-23.57,-23.72,-24.00,-24.21,-24.02,-23.98,-23.78,-23.91,-24.19,-24.28,-24.12,-23.97,-24.05,-24.05,-24.19,-24.33,-24.21,-24.07,-24.21,-23.81,-23.78,-23.14,-22.42,-20.44,-17.00,-11.45,-3.84,2.98,6.04,5.99,5.57,6.85,7.29,4.90,-1.24,-9.30,-13.65,-12.61,-9.85,-7.20,-4.24,-1.58,1.08,3.11,4.98,5.35,5.99,6.44,6.21,6.29,6.08,6.22,6.33,6.40,6.25,6.38,6.67,7.16,7.46,7.41,7.37,7.32,7.47,7.74,7.95,8.31,8.48,8.43,8.54,8.64,8.54,8.62,8.99,8.94,8.85,9.29,9.15,9.28,9.43,9.85,9.80,9.91,10.14,10.26,10.17,10.32,10.23,10.44,10.52,10.45,10.60,10.74,10.55,10.50,10.49,10.24,10.14,10.19,10.17,10.24,10.35,10.19,10.10,9.90,10.00,9.82,9.86,9.58,9.73,9.72,9.48,9.34,9.24,9.27,9.24,9.11,9.13,9.23,8.90,9.03,8.82,8.91,8.95,8.90,8.78,8.74,8.71,8.57,8.49,8.32,8.28,8.31,8.14,8.06,7.99,7.74,7.55,7.83,8.10,7.98,6.82,4.57,1.27,-3.91,-12.13,-19.11,-22.45,-23.23,-23.48,-23.69,-23.74,-23.95,-23.90
-22.69,-22.82,-22.96,-22.89,-22.80,-22.85,-22.80,-22.99,-23.23,-23.36,-23.57,-23.57,-23.48,-23.31,-23.42,-23.76,-23.86,-23.67,-23.28,-23.36,-23.43,-23.47,-23.43,-23.35,-23.23,-23.48,-22.99,-22.80,-22.48,-21.31,-17.39,-10.89,-3.34,3.30,6.41,7.05,5.99,5.19,6.63,7.21,6.08,4.02,0.82,-1.24,-0.44,1.30,2.29,3.41,4.65,5.14,5.65,5.75,5.97,6.28,6.68,6.38,6.58,6.47,6.40,6.45,6.50,6.53,6.65,6.93,7.25,7.45,7.52,7.73,7.94,7.98,8.12,8.40,8.95,9.14,8.90,8.97,9.06,9.15,9.24,9.62,9.66,9.60,9.89,9.91,10.16,10.20,10.56,10.14,10.48,10.44,10.49,10.44,10.39,10.42,10.56,10.45,10.51,10.64,10.60,10.61,10.51,10.31,10.17,10.11,10.03,9.92,9.99,10.01,9.71,9.60,9.18,9.29,8.93,9.27,9.41,9.59,9.53,9.38,9.15,9.08,9.12,9.02,8.85,8.86,8.90,8.69,8.97,8.80,8.77,8.83,8.72,8.74,8.78,8.65,8.47,8.42,8.29,8.41,8.21,8.04,7.96,7.82,7.78,7.93,7.79,8.30,8.30,7.56,5.99,3.28,-1.16,-9.53,-17.81,-21.65,-22.70,-23.16,-23.36,-23.47,-23.71,-23.60
-22.38,-22.26,-22.30,-22.35,-22.47,-22.40,-22.60,-22.84,-22.94,-22.92,-23.04,-23.19,-22.96,-22.80,-22.96,-23.16,-23.11,-23.16,-22.99,-22.74,-22.62,-22.63,-22.62,-22.38,-22.18,-22.36,-21.96,-21.85,-21.50,-20.21,-15.96,-8.72,-0.83,5.11,7.32,7.08,5.56,5.82,6.10,6.74,6.50,5.93,5.18,4.64,4.91,5.50,5.63,5.94,6.09,6.10,6.41,6.18,6.38,6.40,6.58,6.54,6.73,6.75,6.61,6.61,6.67,6.83,6.88,7.20,7.60,7.80,7.90,8.12,8.47,8.49,8.42,8.87,9.68,9.91,9.66,9.75,9.83,10.00,10.02,10.16,10.30,10.22,10.23,10.13,10.63,10.65,10.70,10.47,10.51,10.60,10.73,10.44,10.44,10.40,10.55,10.55,10.52,10.53,10.39,10.42,10.41,10.13,9.78,9.59,9.59,9.42,9.09,8.82,8.38,8.00,7.62,7.85,8.66,8.90,8.76,8.69,8.99,9.25,9.08,8.97,8.93,8.90,8.85,8.76,8.76,8.75,8.83,8.82,8.77,8.84,8.68,8.65,8.66,8.59,8.52,8.45,8.30,8.29,8.25,8.13,8.00,7.89,7.78,7.63,7.48,8.55,8.50,8.00,6.69,4.23,0.34,-7.96,-16.41,-20.67,-22.15,-22.74,-22.96,-22.89,-23.19,-23.31
-22.00,-22.03,-21.96,-21.86,-22.16,-21.76,-22.05,-22.36,-22.48,-22.53,-22.57,-22.67,-22.58,-22.36,-22.40,-22.62,-22.26,-22.23,-22.20,-21.96,-21.91,-21.85,-21.48,-21.11,-20.62,-20.74,-19.84,-19.52,-18.38,-16.73,-13.33,-7.42,-0.22,5.71,6.78,6.77,6.38,6.45,6.50,6.66,6.45,6.36,6.31,6.21,6.17,6.15,6.26,6.39,6.40,6.51,6.62,6.52,6.59,6.38,6.48,6.63,6.81,6.86,6.84,6.79,7.01,7.31,7.29,7.54,7.95,8.28,8.48,8.54,8.88,9.09,9.19,9.76,10.84,10.94,10.69,10.65,10.55,10.51,10.52,10.52,10.54,10.47,10.49,10.27,10.62,10.67,10.65,10.45,10.47,10.54,10.67,10.48,10.35,10.19,10.39,10.22,10.10,9.92,9.87,9.69,9.36,8.97,8.63,8.38,7.98,7.58,7.29,7.01,6.82,6.61,6.70,7.54,8.75,8.86,8.84,8.80,8.69,8.77,8.74,8.86,8.88,8.90,8.81,8.59,8.59,8.78,8.74,8.84,8.74,8.82,8.64,8.58,8.55,8.49,8.48,8.36,8.20,8.23,8.28,8.08,7.99,7.86,7.72,7.71,7.73,8.36,8.48,8.30,7.26,4.97,0.90,-6.51,-15.17,-19.71,-21.55,-22.26,-22.50,-22.23,-22.55,-22.77
-21.36,-21.55,-21.53,-21.45,-21.46,-21.05,-21.30,-21.60,-21.70,-21.80,-21.91,-21.75,-21.58,-21.50,-21.60,-21.75,-21.28,-21.60,-21.21,-20.98,-20.64,-20.16,-19.63,-18.99,-17.75,-16.86,-15.31,-13.73,-10.84,-7.57,-4.05,-0.14,3.25,5.73,6.40,6.32,6.53,6.51,6.45,6.63,6.37,6.20,6.58,6.73,6.33,6.24,6.35,6.55,6.45,6.58,6.70,6.71,6.70,6.67,6.70,6.83,7.05,7.18,7.25,7.15,7.49,7.89,7.98,8.17,8.39,8.60,8.78,8.84,9.20,9.66,10.08,10.81,11.57,11.47,11.23,11.10,11.11,10.86,10.83,10.74,10.61,10.52,10.56,10.55,10.40,10.63,10.56,10.34,10.58,10.55,10.34,10.07,9.80,9.62,9.58,9.12,8.93,8.64,8.51,8.14,7.77,7.34,7.13,7.14,6.88,6.55,6.40,6.24,6.30,6.17,6.04,7.05,8.45,8.45,8.58,8.91,8.81,8.72,8.69,8.65,8.65,8.73,8.71,8.59,8.64,8.71,8.81,8.77,8.81,8.75,8.66,8.62,8.50,8.39,8.38,8.34,8.23,8.24,8.42,8.28,8.21,8.08,7.82,7.57,7.70,8.17,8.58,8.38,7.44,5.42,1.60,-4.97,-13.57,-19.05,-21.23,-21.66,-21.91,-21.71,-22.05,-22.20
-20.85,-20.97,-20.88,-21.07,-20.70,-20.49,-20.69,-20.90,-20.88,-20.93,-20.95,-20.65,-20.34,-20.05,-19.94,-20.13,-19.77,-19.58,-18.78,-18.19,-17.32,-16.05,-14.54,-12.56,-10.52,-7.76,-5.23,-3.27,-1.14,0.98,2.76,4.30,5.37,5.97,6.52,6.46,6.50,6.61,6.53,6.77,6.28,5.99,6.45,6.76,6.56,6.60,6.67,6.91,6.62,6.83,7.00,6.96,7.07,7.23,7.44,7.58,7.65,7.70,7.86,7.77,8.02,8.36,8.45,8.75,9.05,9.05,9.09,9.15,9.51,10.06,10.60,11.30,11.50,11.41,11.23,11.18,11.37,10.97,10.91,10.80,10.60,10.27,10.37,10.32,10.22,10.28,10.12,9.96,9.93,9.68,9.28,8.87,8.54,8.21,7.94,7.58,7.60,7.28,7.20,6.96,6.78,6.61,6.50,6.54,6.41,6.31,6.18,6.08,6.24,6.08,6.08,7.08,8.51,8.73,8.74,8.82,8.68,8.59,8.81,8.86,8.80,8.78,8.71,8.62,8.69,8.66,8.77,8.82,8.82,8.75,8.75,8.57,8.48,8.45,8.40,8.34,8.21,8.20,8.37,8.29,8.29,8.20,7.93,7.64,7.74,8.06,8.36,8.29,7.55,5.79,2.59,-2.92,-12.89,-18.19,-20.28,-20.97,-21.35,-21.02,-21.85,-21.90
-20.25,-20.34,-20.23,-20.42,-20.07,-20.05,-20.02,-19.97,-19.97,-19.90,-19.63,-19.40,-19.21,-18.92,-18.36,-17.31,-16.45,-15.14,-14.25,-12.61,-10.34,-8.05,-5.64,-2.79,-1.16,0.48,2.07,2.63,3.53,4.70,5.53,6.15,6.36,6.24,6.84,6.58,6.69,6.63,6.66,6.84,6.59,6.40,6.65,6.75,6.76,7.00,7.15,7.22,7.01,7.31,7.60,7.48,7.82,7.97,8.28,8.37,8.38,8.40,8.49,8.43,8.64,8.92,8.94,9.22,9.59,9.70,9.82,9.92,10.24,10.56,10.91,11.20,11.16,11.15,11.00,10.99,10.84,10.63,10.73,10.55,10.30,9.58,9.72,9.50,9.60,9.44,9.48,9.00,8.38,7.99,7.66,7.40,7.30,6.98,6.96,6.79,6.75,6.60,6.61,6.60,6.63,6.48,6.30,6.28,6.36,6.39,6.28,6.29,6.40,6.03,6.22,7.18,8.32,8.63,8.33,8.71,8.39,8.50,8.58,8.78,8.51,8.60,8.68,8.49,8.55,8.55,8.66,8.94,8.74,8.80,8.69,8.57,8.56,8.50,8.39,8.33,8.21,8.03,8.20,8.14,8.21,8.19,8.00,7.73,7.45,7.86,8.47,8.37,7.68,6.07,2.95,-2.18,-11.47,-17.25,-20.02,-20.90,-20.97,-20.70,-21.38,-21.36
-19.40,-19.52,-19.53,-19.60,-19.19,-19.15,-18.95,-18.59,-18.24,-18.16,-17.61,-16.56,-15.81,-14.90,-13.45,-11.89,-9.67,-7.48,-5.33,-3.34,-1.53,-0.13,1.06,2.59,3.29,4.25,4.94,5.22,5.50,6.04,6.55,6.75,6.79,6.58,6.96,6.74,6.69,6.77,6.76,6.91,6.94,6.92,7.07,7.18,7.21,7.53,7.63,7.73,7.82,7.96,8.27,8.20,8.50,8.59,8.69,8.72,8.83,8.96,9.11,9.17,9.42,9.67,9.77,9.88,9.89,10.22,10.69,10.78,11.06,11.08,10.94,10.94,10.84,10.73,10.59,10.47,10.28,10.21,10.44,9.83,9.33,8.42,8.28,7.99,8.19,8.55,8.96,7.96,7.07,6.82,6.60,6.60,6.75,6.71,6.92,6.62,6.50,6.47,6.67,6.61,6.66,6.53,6.31,6.30,6.35,6.28,6.11,6.23,6.38,6.08,6.24,7.05,8.02,8.47,8.41,8.71,8.77,8.78,8.60,8.73,8.66,8.74,8.74,8.71,8.77,8.65,8.72,8.68,8.72,8.99,8.74,8.56,8.56,8.42,8.31,8.36,8.23,7.91,8.19,8.13,8.17,8.06,7.87,7.62,7.28,7.40,8.12,8.56,8.16,6.59,3.54,-1.14,-10.37,-16.42,-19.35,-20.47,-20.72,-20.11,-20.59,-20.88
-18.49,-18.55,-18.60,-18.43,-17.83,-17.47,-16.66,-15.44,-14.40,-14.19,-12.74,-11.36,-9.68,-7.64,-5.56,-4.03,-1.78,-0.38,0.84,1.88,2.74,3.46,4.09,4.89,5.11,5.71,5.85,5.99,6.23,6.69,7.13,6.98,6.88,6.83,7.02,7.10,6.99,7.22,7.23,7.39,7.50,7.55,7.73,7.93,7.96,8.12,8.33,8.54,8.52,8.63,8.78,8.71,8.95,9.13,9.19,9.41,9.57,9.62,10.00,10.19,10.41,10.53,10.47,10.41,10.09,10.09,10.61,10.96,11.19,10.96,10.71,10.58,10.54,10.43,10.20,9.82,9.90,9.82,10.16,9.42,8.20,6.97,6.98,6.62,7.07,8.10,8.50,7.33,6.66,6.50,6.31,6.45,6.44,6.55,6.83,6.58,6.52,6.39,6.67,6.54,6.52,6.47,6.37,6.26,6.28,6.24,6.14,6.21,6.22,6.14,6.22,7.15,8.05,8.59,8.60,8.73,8.82,8.52,8.50,8.74,8.76,8.66,8.51,8.49,8.59,8.66,8.76,8.93,8.73,8.81,8.54,8.46,8.48,8.40,8.31,8.28,8.16,7.96,8.29,8.28,8.17,8.03,7.81,7.55,7.34,7.47,7.88,8.41,8.22,6.82,4.04,-0.16,-9.41,-15.87,-18.81,-19.79,-19.98,-19.61,-20.07,-20.26
-16.84,-16.84,-16.92,-15.92,-14.33,-13.25,-12.13,-10.62,-8.87,-7.15,-4.96,-3.28,-2.02,-0.66,0.97,1.90,2.86,3.42,3.93,4.34,4.61,4.87,5.21,5.86,6.17,6.63,6.58,6.60,6.81,7.13,7.44,7.34,7.30,7.29,7.40,7.81,7.79,7.87,7.89,7.99,8.08,8.23,8.48,8.51,8.52,8.63,8.96,9.11,8.99,9.30,9.52,9.42,9.77,10.03,10.20,10.34,10.43,10.62,10.83,10.80,10.98,10.99,10.62,10.39,10.08,9.81,10.10,10.77,10.95,10.63,10.19,10.10,10.06,10.14,9.81,9.56,9.68,9.57,10.00,9.39,7.78,6.76,7.18,7.29,7.61,8.48,8.41,7.23,6.59,6.55,6.28,6.29,6.25,6.24,6.66,6.58,6.46,6.38,6.56,6.45,6.40,6.45,6.32,6.30,6.30,6.09,6.08,6.16,6.07,6.10,6.26,7.07,8.27,8.64,8.66,8.80,8.97,8.64,8.77,8.86,8.76,8.67,8.66,8.64,8.52,8.48,8.65,8.67,8.71,8.71,8.58,8.57,8.60,8.49,8.34,8.28,8.27,8.05,8.25,8.30,8.13,8.07,7.87,7.56,7.34,7.32,7.73,8.19,8.05,6.91,4.50,0.29,-8.40,-14.99,-18.25,-19.45,-19.64,-19.31,-19.74,-19.98
-13.89,-14.22,-13.73,-11.72,-9.18,-7.01,-5.17,-3.45,-1.86,-0.71,0.22,1.38,2.31,3.05,3.83,4.26,4.54,4.83,4.99,5.12,5.35,5.68,5.84,6.55,6.86,7.28,7.13,7.16,7.36,7.61,7.94,7.91,8.04,8.14,8.04,8.50,8.50,8.37,8.33,8.39,8.46,8.66,8.95,9.06,9.24,9.38,9.54,9.75,10.07,10.42,10.59,10.49,10.56,10.64,10.76,10.59,10.45,10.58,10.71,10.66,10.82,10.92,10.40,9.60,9.01,9.04,9.70,10.26,10.42,10.14,10.07,9.71,9.77,9.91,9.37,9.44,9.53,9.51,9.87,9.08,7.99,7.82,8.36,8.42,8.42,8.94,8.68,7.45,6.47,6.54,6.23,6.24,6.28,6.24,6.67,6.59,6.41,6.39,6.56,6.53,6.54,6.56,6.25,6.26,6.25,6.04,6.10,6.08,5.99,6.08,6.25,7.07,8.25,8.50,8.60,8.59,8.85,8.64,8.51,8.64,8.71,8.64,8.57,8.42,8.32,8.51,8.62,8.72,8.36,8.36,8.55,8.51,8.40,8.42,8.41,8.39,8.42,8.22,8.42,8.21,8.11,8.05,7.86,7.52,7.22,7.04,7.49,8.19,8.12,7.14,5.09,1.14,-7.37,-14.42,-17.53,-18.62,-19.00,-18.97,-19.40,-19.34
-8.15,-8.19,-7.68,-5.41,-2.69,-1.00,0.46,1.94,2.30,3.01,3.50,3.93,4.38,4.77,5.04,5.22,5.44,5.49,5.57,5.84,6.24,6.54,6.79,7.32,7.41,7.74,7.74,7.86,8.10,8.30,8.55,8.67,8.57,8.80,8.80,9.00,8.92,8.91,8.97,9.10,9.22,9.46,9.73,10.05,10.23,10.27,10.63,10.74,11.17,11.53,11.39,11.07,10.86,10.78,10.81,10.61,10.49,10.64,10.78,10.65,10.64,10.64,9.93,9.01,8.78,9.09,9.59,10.08,9.97,9.77,9.66,9.42,9.59,9.65,9.21,9.30,9.57,9.48,9.62,9.21,8.84,8.55,8.94,8.63,8.50,8.96,8.60,7.20,6.44,6.52,6.23,6.28,6.29,6.33,6.70,6.63,6.46,6.46,6.56,6.63,6.68,6.54,6.22,6.29,6.23,6.16,6.20,6.06,5.99,6.07,6.21,6.88,8.08,8.39,8.63,8.66,8.80,8.67,8.60,8.80,8.82,8.66,8.74,8.71,8.54,8.64,8.58,8.62,8.62,8.71,8.64,8.64,8.52,8.48,8.40,8.32,8.45,8.24,8.82,8.41,8.20,8.14,7.88,7.49,7.15,7.01,7.18,8.20,8.27,7.30,5.37,1.77,-6.39,-13.36,-16.73,-18.19,-18.59,-18.36,-19.07,-18.62
-2.86,-2.66,-1.08,0.29,1.56,2.42,3.10,3.78,4.15,4.70,4.67,4.83,5.09,5.32,5.63,5.59,6.24,6.39,6.54,6.88,7.22,7.42,7.72,8.11,8.16,8.42,8.58,8.68,8.83,8.96,9.08,9.44,9.30,9.47,9.63,9.76,9.61,9.73,9.96,10.08,10.14,10.34,10.59,10.59,10.61,10.39,10.73,11.02,11.88,12.53,12.03,11.09,10.62,10.41,10.39,10.20,10.08,9.98,10.02,9.96,9.91,9.90,9.42,8.84,8.72,8.99,9.41,9.80,9.77,9.79,9.61,9.48,9.37,9.58,9.22,9.15,9.25,9.46,9.40,9.30,8.91,8.38,8.32,8.43,8.30,8.37,8.75,6.81,6.46,6.45,6.21,6.41,6.45,6.32,6.62,6.54,6.44,6.54,6.56,6.61,6.71,6.59,6.37,6.40,6.28,6.24,6.29,6.09,6.00,6.04,6.24,6.88,7.98,8.54,8.63,8.73,8.68,8.73,8.60,8.81,8.77,8.64,8.67,8.67,8.60,8.67,8.67,8.50,8.34,8.55,8.68,8.62,8.58,8.57,8.40,8.31,8.41,8.16,8.36,8.40,8.10,8.08,7.89,7.45,6.99,6.77,6.96,8.14,8.31,7.33,5.35,1.90,-5.19,-12.39,-16.27,-17.86,-18.13,-17.89,-18.38,-18.35
1.56,1.88,2.59,3.19,3.80,4.24,4.49,4.68,5.01,5.23,5.25,5.21,5.32,5.61,6.07,6.22,7.14,7.48,7.68,7.91,8.13,8.29,8.48,8.80,8.93,9.24,9.43,9.49,9.50,9.65,9.83,10.05,10.08,10.33,10.43,10.66,10.53,10.41,10.48,10.51,10.31,10.12,10.07,9.83,9.76,9.41,9.63,10.33,11.86,12.79,12.46,11.02,10.34,9.86,9.73,9.76,9.72,9.69,9.73,9.53,9.50,9.67,9.52,9.29,9.08,9.05,9.31,9.91,9.99,9.61,9.31,9.30,9.25,9.38,9.13,9.29,9.20,9.23,9.42,9.12,7.94,7.08,6.88,6.84,6.94,7.62,8.73,6.89,6.41,6.39,6.25,6.23,6.33,6.25,6.65,6.50,6.44,6.45,6.58,6.53,6.58,6.58,6.45,6.40,6.32,6.32,6.32,6.21,6.15,6.13,6.30,6.91,8.03,8.59,8.67,8.56,8.55,8.67,8.56,8.66,8.76,8.62,8.59,8.68,8.60,8.50,8.46,8.45,8.51,8.57,8.43,8.47,8.68,8.41,8.11,8.27,8.51,8.25,8.51,8.65,8.22,8.06,7.89,7.50,7.01,6.77,6.93,7.96,8.22,7.46,5.63,2.40,-3.93,-11.62,-15.64,-17.26,-17.51,-17.26,-17.56,-17.57
3.98,4.34,4.77,4.95,5.11,5.25,5.35,5.43,5.53,5.59,5.53,5.42,5.49,5.95,6.46,6.96,7.89,8.31,8.52,8.74,8.90,9.03,9.27,9.57,9.87,10.30,10.38,10.29,10.26,10.34,10.48,10.39,10.33,10.58,10.67,10.82,10.72,10.47,10.21,9.91,9.47,9.03,8.76,8.37,8.28,8.04,8.30,9.39,11.20,11.58,11.44,10.44,10.03,9.57,9.54,9.62,9.61,9.50,9.51,9.36,9.28,9.40,9.40,9.61,9.73,9.62,9.48,9.69,9.54,9.50,9.62,9.48,9.37,9.22,9.14,9.20,9.11,9.27,9.33,8.93,7.15,6.07,6.39,6.39,7.00,8.22,8.55,7.01,6.33,6.46,6.15,6.18,6.44,6.25,6.50,6.51,6.52,6.56,6.58,6.60,6.50,6.41,6.33,6.46,6.55,6.41,6.33,6.31,6.30,6.31,6.29,6.96,8.08,8.41,8.62,8.60,8.54,8.81,8.69,8.66,8.68,8.64,8.71,8.63,8.48,8.51,8.55,8.45,8.51,8.67,8.63,8.58,8.72,8.60,8.46,8.47,8.43,8.27,8.19,8.31,8.20,8.00,7.90,7.64,7.16,6.79,6.84,7.40,7.95,7.64,6.24,3.30,-2.73,-10.52,-14.87,-16.75,-17.03,-16.75,-17.12,-16.67
4.99,5.24,5.49,5.53,5.53,5.71,5.87,5.74,5.84,5.93,5.77,5.66,5.81,6.23,6.71,7.20,8.10,8.52,8.78,9.11,9.51,9.77,10.16,10.38,10.77,11.16,11.07,10.84,10.72,10.59,10.61,10.49,10.50,10.35,10.31,10.37,10.30,9.99,9.30,8.49,7.86,7.61,7.68,7.50,7.85,7.95,8.29,9.47,10.18,10.19,10.21,9.93,9.52,9.42,9.62,9.49,9.46,9.36,9.31,9.49,9.58,9.50,9.36,9.49,9.69,9.75,9.58,9.83,9.88,9.49,9.17,9.24,9.31,9.30,9.03,9.20,9.21,9.31,9.60,8.94,7.05,6.17,6.35,6.13,7.01,8.22,8.51,7.44,6.58,6.45,6.24,6.16,6.45,6.33,6.59,6.52,6.51,6.53,6.60,6.71,6.63,6.47,6.31,6.46,6.62,6.47,6.38,6.32,6.29,6.32,6.30,6.97,8.06,8.49,8.60,8.66,8.50,8.66,8.69,8.74,8.76,8.76,8.75,8.68,8.64,8.58,8.45,8.59,8.65,8.49,8.51,8.47,8.55,8.47,8.46,8.67,8.72,8.27,8.13,8.47,8.12,7.99,7.73,7.41,7.15,6.84,6.65,7.44,8.06,7.77,6.46,3.88,-1.50,-9.40,-14.25,-16.35,-16.70,-16.55,-16.83,-16.21
5.51,5.63,5.74,5.73,5.87,6.10,6.21,6.01,6.06,6.10,5.97,6.02,6.31,6.58,6.77,7.16,7.81,8.22,8.59,9.17,9.85,10.24,10.63,10.65,10.85,10.94,10.95,10.94,10.82,10.54,10.52,10.51,10.34,10.16,10.17,10.18,9.93,9.42,8.62,7.89,7.52,7.42,7.89,8.23,8.48,8.64,8.74,8.90,9.41,9.65,9.75,9.42,9.14,9.29,9.37,9.18,9.17,9.30,9.41,9.28,9.27,9.41,9.40,9.57,9.66,9.58,9.34,9.48,9.62,9.56,9.40,9.27,9.37,9.24,8.92,9.12,9.05,9.21,9.49,8.78,7.14,6.14,6.53,6.16,6.78,8.29,8.27,7.25,6.53,6.36,6.18,6.25,6.35,6.28,6.55,6.47,6.62,6.56,6.52,6.51,6.38,6.41,6.31,6.31,6.45,6.45,6.41,6.37,6.17,6.07,6.31,6.91,8.03,8.60,8.60,8.63,8.58,8.60,8.66,8.76,8.73,8.80,8.78,8.73,8.74,8.73,8.63,8.50,8.39,8.57,8.46,8.54,8.63,8.55,8.40,8.43,8.49,8.21,8.19,8.27,8.39,8.14,7.87,7.54,7.02,6.39,6.32,6.86,7.71,7.64,6.68,4.47,-1.03,-8.65,-13.45,-15.66,-16.16,-16.13,-16.42,-16.13
5.74,5.72,5.93,5.94,6.07,6.32,6.53,6.51,6.24,6.31,6.32,6.41,6.73,7.00,6.94,7.31,7.57,7.86,8.40,9.12,9.60,9.95,10.30,10.39,10.43,10.51,10.58,10.44,10.18,10.12,10.09,9.90,9.70,9.62,9.72,9.88,9.73,9.25,8.67,8.38,8.28,8.06,8.32,8.62,8.55,8.43,8.81,9.13,9.43,9.38,9.48,9.27,9.03,8.96,9.11,9.21,9.25,9.31,9.31,9.22,9.19,9.22,9.25,9.39,9.29,9.36,9.48,9.83,9.43,9.53,9.28,9.23,9.15,9.09,8.88,9.14,8.96,9.15,9.49,8.69,6.84,6.16,6.35,6.01,6.96,8.38,7.97,7.09,6.37,6.41,6.15,6.52,6.47,6.38,6.50,6.43,6.53,6.59,6.63,6.66,6.46,6.44,6.38,6.33,6.41,6.44,6.44,6.35,6.11,6.03,6.28,6.83,7.89,8.47,8.57,8.58,8.77,8.58,8.58,8.75,8.76,8.77,8.72,8.68,8.69,8.65,8.58,8.60,8.34,8.54,8.57,8.52,8.57,8.45,8.30,8.31,8.23,7.91,8.14,8.13,8.15,7.94,7.79,7.64,7.12,6.06,6.24,6.35,7.53,7.71,6.74,4.56,-0.11,-8.29,-13.20,-15.06,-15.35,-15.49,-15.98,-16.01
5.88,5.87,5.97,6.13,6.14,6.38,6.88,6.83,6.63,6.83,6.86,6.83,6.96,7.34,7.64,7.68,7.79,7.93,8.24,8.75,9.17,9.50,9.89,9.97,9.86,9.95,9.99,9.86,9.72,9.58,9.69,9.81,9.58,9.47,9.51,9.61,9.56,9.21,8.73,8.34,8.11,8.11,8.51,8.28,8.29,8.08,7.71,8.17,8.60,9.37,9.13,9.34,9.40,9.15,9.06,8.97,8.97,9.14,9.13,9.05,9.06,9.13,9.15,9.22,9.30,9.22,9.36,9.76,9.20,9.30,9.03,9.22,9.00,9.10,9.02,8.86,9.18,9.10,9.31,8.54,6.98,6.28,6.30,6.26,7.14,8.55,7.90,7.38,6.33,6.25,6.26,6.36,6.55,6.41,6.51,6.63,6.56,6.56,6.52,6.58,6.47,6.40,6.38,6.23,6.20,6.31,6.39,6.38,6.31,6.24,6.30,6.78,7.87,8.46,8.65,8.45,8.85,8.49,8.59,8.77,8.75,8.68,8.68,8.67,8.72,8.73,8.50,8.56,8.63,8.55,8.55,8.49,8.43,8.46,8.34,8.28,8.22,7.99,8.21,8.29,8.34,7.90,7.82,7.71,7.12,6.20,6.04,6.29,7.52,7.80,6.94,4.84,0.59,-7.16,-12.52,-14.52,-14.82,-14.99,-15.35,-15.15
6.13,6.28,6.33,6.54,6.62,6.84,7.22,7.01,7.46,7.56,7.48,7.40,7.53,8.05,8.40,8.37,8.65,8.77,8.88,9.21,9.20,8.95,9.17,9.54,9.52,9.61,9.62,9.38,9.19,9.30,9.48,9.58,9.44,9.53,9.49,9.41,9.27,8.71,7.97,7.42,7.02,7.07,7.32,7.40,7.29,7.21,7.82,8.49,9.15,9.31,8.94,8.80,8.71,8.80,8.94,8.90,9.02,9.14,9.11,9.04,8.97,9.04,9.04,8.94,8.97,9.24,9.54,9.72,9.31,9.34,9.05,9.33,9.18,9.23,8.96,9.01,9.08,9.02,9.30,8.62,7.26,6.18,6.36,6.45,6.84,8.46,8.06,7.30,6.43,6.36,6.10,6.29,6.48,6.45,6.46,6.28,6.45,6.41,6.53,6.79,6.59,6.61,6.58,6.24,6.26,6.36,6.37,6.48,6.41,6.21,6.33,6.92,7.95,8.52,8.73,8.50,8.86,8.48,8.68,8.83,8.72,8.63,8.69,8.67,8.69,8.75,8.59,8.58,8.65,8.55,8.51,8.42,8.50,8.48,8.36,8.31,8.23,7.99,8.19,8.07,8.37,8.16,8.00,7.83,7.31,6.44,6.02,5.94,7.17,7.60,7.02,5.22,1.11,-6.09,-11.60,-13.95,-14.51,-14.84,-15.29,-14.64
6.56,6.55,7.18,7.34,7.24,7.37,7.87,7.78,8.20,8.29,8.43,8.51,8.57,8.83,9.38,9.28,9.32,9.44,9.52,9.48,9.21,9.23,9.23,9.19,9.44,9.40,9.22,9.23,9.23,9.18,9.32,9.27,9.46,9.25,9.50,9.43,9.05,8.30,7.36,6.77,6.63,6.73,7.01,7.62,7.77,7.47,7.45,8.33,8.75,9.04,9.00,8.88,8.93,9.06,8.99,8.82,8.97,9.11,9.04,9.11,9.09,9.01,9.02,8.92,9.12,9.34,9.61,9.91,9.65,9.78,9.34,8.97,9.02,9.19,8.78,9.00,9.05,9.22,9.31,8.60,7.08,6.32,6.54,6.53,6.93,8.43,8.17,7.58,6.66,6.50,6.40,6.50,6.47,6.35,6.47,6.62,6.63,6.52,6.52,6.55,6.52,6.40,6.50,6.44,6.39,6.41,6.45,6.53,6.44,6.33,6.52,7.14,7.94,8.41,8.58,8.73,8.85,8.55,8.65,8.75,8.74,8.73,8.73,8.67,8.64,8.68,8.59,8.62,8.55,8.46,8.65,8.45,8.54,8.54,8.31,8.20,8.19,8.06,8.40,7.98,8.11,8.12,8.03,7.80,7.34,6.60,5.78,5.95,6.52,6.90,6.51,4.72,0.86,-5.96,-11.17,-13.59,-14.07,-13.97,-14.03,-13.82
7.42,7.28,8.08,8.19,8.12,8.29,8.66,8.66,8.82,8.96,9.24,9.54,9.67,9.56,9.87,9.83,9.79,9.70,9.66,9.71,9.54,9.58,8.97,8.96,9.00,9.02,9.08,9.14,9.14,9.22,9.28,9.54,9.30,9.42,9.50,9.36,9.05,8.20,7.12,6.51,6.48,6.91,7.26,7.28,7.15,7.30,8.27,9.02,9.11,9.08,8.76,8.69,8.78,8.81,9.03,9.11,9.02,8.91,8.84,8.97,9.05,9.02,8.99,8.94,9.23,9.37,9.60,9.81,9.54,9.49,9.11,9.38,9.10,9.33,9.01,9.04,9.03,9.11,9.22,8.49,7.15,6.54,6.41,6.47,7.37,8.48,8.20,7.34,6.50,6.81,6.41,6.50,6.60,6.53,6.70,6.59,6.76,6.67,6.67,6.73,6.51,6.45,6.51,6.62,6.63,6.53,6.56,6.67,6.75,6.91,6.99,7.41,8.11,8.46,8.60,8.69,8.88,8.75,8.69,8.73,8.84,8.84,8.82,8.71,8.68,8.72,8.63,8.65,8.59,8.59,8.68,8.54,8.56,8.65,8.40,8.24,8.33,8.25,8.62,8.23,8.12,8.19,8.05,7.86,7.49,6.68,5.42,5.19,5.40,5.39,4.52,2.28,-1.78,-7.07,-11.20,-13.21,-13.74,-13.77,-13.86,-13.61
8.12,8.22,8.94,9.05,8.97,8.94,9.04,9.29,9.92,9.99,10.17,10.29,10.12,9.92,9.93,9.81,9.69,9.68,9.50,9.01,9.00,9.12,9.17,8.93,8.90,8.94,9.06,9.20,9.22,9.12,9.21,9.37,9.13,9.25,9.34,9.28,9.01,8.15,7.14,6.84,7.08,7.37,7.56,7.47,7.82,8.13,8.76,8.80,8.72,8.87,8.86,8.87,9.09,9.24,9.23,9.19,9.20,9.18,9.08,9.06,9.08,8.90,8.94,9.11,9.24,9.32,9.61,9.90,9.53,9.42,9.22,9.41,9.19,9.19,8.94,9.11,9.02,9.04,9.21,8.65,7.01,6.51,6.33,6.54,7.37,8.49,7.93,7.45,6.67,6.77,6.65,6.79,6.73,6.78,6.78,6.75,6.84,6.74,6.82,6.86,6.81,6.86,6.84,7.00,7.10,7.08,7.16,7.32,7.47,7.63,7.71,7.97,8.50,8.68,8.97,8.85,9.02,8.84,8.78,8.84,8.96,8.84,8.77,8.73,8.75,8.83,8.69,8.65,8.65,8.67,8.64,8.64,8.67,8.66,8.42,8.29,8.32,8.20,8.54,8.25,8.25,8.29,8.07,7.85,7.47,6.59,5.10,4.44,3.83,2.39,0.32,-2.16,-5.50,-9.48,-11.63,-12.75,-13.21,-13.33,-13.36,-13.05
9.20,9.30,9.38,9.40,9.54,9.67,9.69,9.91,10.21,10.28,10.33,10.38,10.35,10.42,9.80,9.12,9.00,8.76,8.37,8.32,8.59,8.31,8.50,9.01,8.77,8.76,8.96,9.05,9.20,9.10,8.95,9.09,9.24,9.03,9.22,9.19,8.91,8.19,7.45,7.22,7.24,7.56,7.94,7.95,8.25,8.71,8.96,9.10,9.09,9.02,8.92,8.58,8.59,8.82,8.94,9.08,9.06,8.93,8.96,9.03,9.05,8.85,8.86,9.11,9.09,9.10,9.57,9.89,9.44,9.44,8.97,9.41,9.13,9.24,8.78,9.13,8.90,9.13,9.36,8.56,7.13,6.96,6.85,6.98,7.50,8.45,8.16,8.00,6.76,6.77,6.82,6.90,6.99,6.98,7.26,7.18,7.37,7.39,7.72,7.82,7.74,7.77,7.88,8.03,8.04,8.02,8.08,8.16,8.22,8.38,8.64,8.81,9.03,9.17,9.23,9.10,8.96,8.92,8.75,8.83,8.95,8.83,8.81,8.76,8.83,8.95,8.71,8.69,8.62,8.54,8.64,8.65,8.80,8.62,8.33,8.27,8.27,8.13,8.59,8.32,8.39,8.25,8.13,7.91,7.47,6.66,5.19,3.81,2.45,-0.21,-3.50,-6.42,-8.81,-10.70,-11.49,-11.95,-12.29,-12.48,-12.53,-12.39
9.66,9.56,9.77,9.77,9.68,9.71,9.95,10.07,10.17,10.33,10.44,10.40,10.17,9.83,9.05,8.10,8.27,8.34,7.97,7.79,7.68,8.33,8.67,8.86,8.71,8.68,8.84,9.02,9.22,9.17,9.19,9.17,9.15,9.12,9.09,9.23,9.02,8.46,7.98,7.66,7.62,8.10,8.42,8.73,8.85,9.04,9.36,9.14,9.06,9.11,8.87,8.64,8.76,9.06,9.12,8.94,8.92,9.11,9.04,8.90,8.94,8.85,8.95,8.99,9.15,9.38,9.69,9.72,9.54,9.54,9.09,9.25,9.12,9.01,8.71,8.96,8.97,9.20,9.20,8.54,7.52,7.65,7.64,8.07,8.11,8.64,8.52,8.27,7.70,7.88,8.27,7.83,8.10,7.94,8.30,8.33,8.56,8.37,8.51,8.65,8.63,8.62,8.66,8.76,8.90,8.97,8.95,9.01,9.08,8.97,8.99,9.20,9.34,9.22,9.42,9.18,8.94,9.04,8.91,8.99,8.94,8.92,8.93,8.78,8.81,8.95,8.77,8.78,8.65,8.59,8.67,8.59,8.74,8.64,8.33,8.30,8.39,8.17,8.58,8.28,8.48,8.33,8.21,7.93,7.41,6.66,5.19,3.40,1.61,-1.68,-5.49,-8.41,-10.16,-10.94,-11.26,-11.50,-11.65,-11.75,-11.89,-11.63
9.69,9.86,9.80,9.72,9.61,9.54,9.70,10.14,10.00,9.99,9.92,9.88,9.92,9.54,8.72,7.81,7.81,7.87,7.70,7.78,7.69,8.58,8.63,8.47,8.47,8.69,8.91,9.02,9.19,9.09,8.92,9.13,9.23,9.24,9.17,9.31,9.32,8.82,8.28,8.16,8.12,8.41,8.63,9.14,8.96,9.10,8.91,9.13,9.14,9.02,8.95,8.80,8.74,8.87,8.96,8.95,8.97,9.10,9.06,8.91,8.91,8.93,9.14,9.19,9.25,9.39,9.66,9.82,9.61,9.71,9.04,9.10,8.90,9.25,8.95,9.09,8.97,9.37,9.42,8.85,8.67,8.84,8.97,8.91,8.83,9.03,8.64,8.52,8.62,8.91,8.66,8.72,8.82,8.63,9.06,9.39,9.15,9.08,9.28,9.22,9.21,9.20,9.19,9.05,8.97,8.92,8.86,9.01,9.20,9.19,9.34,9.40,9.37,9.21,9.37,9.29,9.11,8.93,9.04,9.10,8.87,8.84,8.92,8.78,8.69,8.80,8.76,8.81,8.74,8.77,8.67,8.57,8.60,8.67,8.45,8.37,8.43,8.20,8.38,8.25,8.48,8.43,8.29,7.96,7.42,6.67,5.28,3.38,1.47,-2.00,-5.83,-8.66,-10.37,-10.76,-10.86,-11.02,-11.10,-11.14,-11.23,-10.97
9.65,9.67,9.60,9.41,9.25,9.32,9.66,9.89,9.69,9.76,9.51,9.31,9.61,9.24,8.39,7.95,7.68,7.62,7.69,7.70,7.63,8.74,8.90,8.77,8.67,8.78,8.87,8.85,8.97,9.03,9.05,9.24,8.99,9.10,9.10,9.11,9.13,8.90,8.69,8.66,8.41,8.72,8.85,8.94,9.00,9.03,8.90,9.18,8.99,8.87,8.86,8.65,8.63,8.85,8.90,8.81,8.95,9.05,8.91,8.84,8.78,8.91,9.03,9.02,9.08,9.29,9.67,9.89,9.56,9.33,9.32,9.38,9.18,9.33,8.99,9.00,8.99,9.27,9.34,9.17,9.32,9.22,9.10,9.08,9.53,9.29,9.11,9.19,9.27,9.49,9.23,9.36,9.46,9.29,9.65,9.67,9.32,9.30,9.43,9.21,9.28,9.40,9.40,9.22,9.18,9.21,9.12,9.15,9.24,9.14,9.14,9.23,9.24,9.17,9.18,9.17,9.31,9.05,9.15,8.94,8.90,8.82,8.86,8.82,8.73,8.74,8.80,8.88,8.71,8.74,8.58,8.64,8.66,8.66,8.52,8.43,8.40,8.24,8.38,8.42,8.42,8.39,8.28,7.99,7.55,6.84,5.63,3.55,1.74,-1.58,-5.41,-8.31,-9.69,-10.05,-10.08,-10.40,-10.52,-10.37,-10.43,-10.23
9.65,9.59,9.42,9.10,9.06,9.37,9.62,10.05,9.65,9.57,9.41,9.22,9.25,9.22,8.46,8.03,7.93,7.73,7.57,7.89,7.79,8.69,8.65,8.81,8.75,8.84,8.99,8.93,8.95,8.95,9.04,9.21,9.04,9.11,9.23,9.22,9.18,8.99,8.92,9.02,8.81,9.03,9.01,8.94,9.10,8.78,8.77,8.99,8.92,8.77,8.95,8.88,9.02,9.13,9.09,9.05,8.96,9.01,9.09,9.04,9.06,8.91,9.03,9.08,9.06,9.49,9.78,9.83,9.78,9.51,9.21,9.25,9.05,9.28,9.10,9.21,9.42,9.38,9.73,9.54,9.71,9.24,9.29,9.20,9.40,9.33,9.30,9.25,9.38,9.32,9.39,9.23,9.25,9.18,9.46,9.34,9.28,9.33,9.47,9.41,9.37,9.27,9.27,9.21,9.20,9.17,9.15,9.18,9.09,9.11,9.14,9.32,9.44,9.28,9.25,9.40,9.30,8.93,8.91,8.82,8.80,8.81,8.80,8.67,8.62,8.69,8.73,8.80,8.67,8.82,8.59,8.88,8.73,8.66,8.50,8.46,8.48,8.27,8.48,8.48,8.38,8.34,8.20,7.96,7.57,6.97,5.95,3.85,2.20,-0.87,-4.49,-7.16,-8.16,-8.62,-8.90,-9.41,-9.60,-9.40,-9.39,-9.33
9.06,9.20,9.25,9.00,9.02,9.40,9.66,10.13,9.73,9.51,9.41,9.41,9.47,9.38,8.47,7.82,7.73,7.73,7.66,7.93,7.98,8.71,8.88,9.00,8.92,8.95,9.00,8.93,9.12,9.19,9.17,9.32,9.03,9.11,9.38,9.31,9.12,9.09,9.11,9.05,8.93,8.99,9.12,8.57,8.83,8.88,8.90,8.90,8.97,8.83,8.97,8.99,9.10,9.13,9.03,8.91,8.96,9.15,9.10,9.05,9.10,8.90,9.08,9.15,9.08,9.38,9.85,9.90,9.67,9.49,9.04,9.28,8.95,9.29,8.78,8.99,9.24,9.51,9.57,9.57,9.41,9.13,9.40,9.46,9.28,9.17,9.08,9.08,9.46,9.39,9.29,8.97,9.03,9.21,9.46,9.57,9.39,9.39,9.46,9.44,9.44,9.54,9.57,9.54,9.37,9.22,9.19,9.14,9.11,9.12,9.23,9.18,9.40,9.12,9.17,9.34,9.05,9.02,9.12,8.92,8.83,8.88,8.76,8.75,8.86,8.85,8.91,8.90,8.69,8.92,8.69,8.66,8.74,8.66,8.49,8.51,8.52,8.23,8.50,8.60,8.40,8.41,8.28,8.06,7.71,7.08,6.06,4.37,2.92,0.12,-3.01,-5.27,-6.55,-7.11,-7.58,-8.12,-8.36,-8.31,-8.29,-8.41
8.37,8.62,8.82,8.71,8.80,9.21,9.52,9.91,9.56,9.30,9.18,9.19,9.38,9.37,8.29,7.85,7.74,7.64,7.62,7.91,8.17,8.71,9.02,9.18,9.10,9.03,9.05,9.06,9.17,9.17,9.21,9.24,9.00,9.29,9.29,9.19,9.05,9.02,9.10,9.02,8.84,8.76,9.00,8.62,8.76,8.76,8.87,8.97,8.87,8.67,8.90,8.78,8.75,8.82,8.92,9.04,9.02,9.06,9.23,9.27,9.18,9.03,9.25,9.05,9.10,9.19,9.75,9.90,9.72,9.48,9.00,9.27,9.12,9.54,9.22,9.04,9.19,9.33,9.58,9.42,9.27,9.27,9.21,9.24,9.08,9.29,9.24,9.37,9.42,9.42,9.32,9.31,9.53,9.40,9.63,9.61,9.32,9.23,9.32,9.54,9.31,9.19,9.08,9.12,9.28,9.14,9.02,9.06,9.04,9.20,9.24,9.25,9.21,9.06,8.97,9.06,9.23,9.19,8.97,9.00,8.91,9.00,8.84,8.74,8.75,8.84,9.03,8.76,8.75,8.87,8.66,8.54,8.67,8.52,8.45,8.52,8.49,8.33,8.59,8.47,8.62,8.54,8.32,8.20,8.00,7.38,6.15,4.85,3.60,1.18,-1.49,-3.56,-5.24,-6.03,-6.47,-7.05,-7.27,-7.18,-7.30,-7.30
8.08,8.22,8.49,8.59,8.91,9.37,9.52,9.73,9.52,9.28,9.19,9.24,9.23,9.43,8.28,7.99,7.82,7.68,7.70,7.96,8.11,8.75,9.05,9.11,9.10,9.14,9.11,9.02,9.17,9.28,9.29,9.04,8.96,9.22,9.21,9.18,8.96,8.83,8.95,9.01,8.84,8.71,9.00,8.65,8.68,8.88,9.18,9.00,9.00,8.88,8.91,8.69,8.84,9.09,9.10,9.14,9.11,9.04,9.14,9.06,9.11,8.96,8.88,8.95,9.08,9.15,9.62,10.02,9.75,9.40,9.20,9.54,9.30,9.57,9.10,8.96,9.20,9.30,9.19,9.48,9.14,9.11,9.40,9.23,9.28,9.43,9.38,9.28,9.46,9.49,9.27,9.17,9.57,9.29,9.43,9.34,9.46,9.42,9.48,9.59,9.51,9.43,9.27,9.25,9.36,9.34,9.15,9.13,9.30,9.15,8.97,9.10,9.08,9.03,9.08,9.23,9.30,9.05,8.78,8.88,8.91,9.11,9.05,8.93,8.95,9.01,9.03,8.77,8.96,8.96,8.54,8.67,8.72,8.57,8.38,8.52,8.81,8.64,8.52,8.54,8.62,8.42,8.32,8.17,7.88,7.40,6.50,5.28,4.09,1.97,-0.44,-2.50,-4.29,-5.13,-5.52,-6.15,-6.35,-6.17,-6.35,-5.92
7.93,8.08,8.50,8.71,8.99,9.40,9.63,9.54,9.42,9.27,9.22,9.21,9.14,9.32,8.28,8.11,7.90,7.70,7.73,7.97,8.20,8.84,9.00,9.10,9.08,9.11,9.11,9.05,9.28,9.30,9.22,9.08,9.18,9.21,9.15,9.06,8.91,8.64,8.54,8.71,8.71,8.23,8.36,8.94,9.27,9.49,9.41,9.12,8.97,8.66,9.03,9.00,8.91,8.97,9.10,9.19,9.11,9.11,9.12,9.02,9.05,9.11,9.21,9.05,9.18,9.14,9.71,9.88,9.54,9.52,9.12,9.17,8.81,9.51,9.18,8.90,9.31,9.08,9.11,9.02,9.08,9.11,9.25,9.09,9.05,9.29,9.56,9.47,9.19,9.28,9.23,9.23,9.32,9.24,9.46,9.39,9.31,9.25,9.29,9.42,9.48,9.40,9.17,9.21,9.29,9.09,9.05,9.13,9.12,9.19,9.25,9.30,9.32,9.30,9.21,9.09,9.17,9.00,8.86,8.87,8.80,8.91,8.83,8.76,8.82,8.78,8.88,8.91,8.97,8.96,8.81,8.55,8.64,8.58,8.32,8.36,8.67,8.46,8.43,8.56,8.57,8.45,8.41,8.38,8.12,7.48,6.55,5.59,4.58,2.59,0.15,-2.05,-3.99,-4.62,-4.89,-5.36,-5.53,-5.36,-5.48,-5.01
7.80,8.04,8.54,8.73,8.87,9.23,9.85,9.53,9.28,9.29,9.29,9.20,9.11,9.15,8.30,8.24,8.03,7.74,7.77,8.06,8.39,8.96,9.08,9.18,9.18,9.18,9.18,9.11,9.21,9.36,9.41,9.19,9.20,9.02,8.72,8.24,7.77,7.28,7.25,8.02,8.00,7.25,6.77,7.24,7.83,9.10,9.23,9.05,8.94,8.85,9.03,8.90,9.01,9.03,9.01,9.11,9.06,9.06,8.99,9.08,9.21,9.14,9.22,9.12,9.08,9.33,9.72,9.70,9.47,9.53,9.18,9.24,8.76,9.05,9.04,9.01,9.00,9.03,9.06,9.25,8.80,9.10,9.14,9.46,9.40,9.39,9.31,9.15,9.21,9.24,9.36,9.18,9.25,9.21,9.50,9.52,9.39,9.29,9.39,9.52,9.43,9.32,9.24,9.22,9.19,9.08,9.11,9.13,9.12,9.27,9.31,9.39,9.17,9.18,9.01,8.97,9.03,8.93,8.86,8.84,8.92,9.00,8.80,8.67,8.74,8.77,8.85,8.90,8.99,8.75,8.94,8.83,8.62,8.69,8.62,8.52,8.62,8.45,8.68,8.55,8.54,8.60,8.46,8.23,7.97,7.58,6.89,5.79,4.91,3.00,0.48,-1.78,-3.54,-3.91,-4.30,-4.34,-4.16,-3.97,-3.91,-3.87
8.05,8.17,8.55,8.74,8.97,9.43,9.91,9.68,9.48,9.47,9.48,9.36,9.18,9.20,8.56,8.50,8.25,7.98,7.95,8.15,8.74,9.13,9.15,9.28,9.28,9.25,9.28,9.19,9.12,9.36,9.27,9.20,9.01,8.63,8.04,7.36,6.76,6.39,6.43,6.78,6.90,6.78,6.77,6.71,7.07,8.46,8.69,8.94,8.95,8.99,9.05,8.90,8.93,9.03,9.06,9.05,8.97,8.97,9.04,9.15,9.15,9.09,9.03,9.05,9.00,9.21,9.86,9.72,9.51,9.42,9.21,9.30,9.12,9.18,9.13,8.87,9.31,9.24,9.04,9.29,8.96,9.22,9.15,9.32,9.34,9.28,9.25,9.29,9.30,9.46,9.56,9.37,9.58,9.46,9.36,9.53,9.48,9.49,9.50,9.44,9.46,9.34,9.32,9.41,9.42,9.14,8.91,9.02,9.02,8.90,8.97,8.99,9.05,8.91,8.74,8.97,8.85,8.99,8.96,8.92,8.82,8.71,8.74,8.82,8.95,9.00,8.74,8.80,8.93,9.00,8.77,8.65,8.64,8.68,8.54,8.43,8.52,8.50,8.46,8.19,8.59,8.48,8.23,8.07,7.98,7.83,7.45,6.31,5.19,3.68,1.52,-0.90,-2.52,-2.56,-2.95,-3.04,-2.87,-2.55,-2.00,-1.91
8.23,8.45,8.66,8.64,8.82,9.32,9.71,9.41,9.41,9.42,9.31,9.18,9.12,9.21,8.88,8.74,8.57,8.41,8.30,8.39,9.05,9.15,9.13,9.32,9.33,9.19,9.14,9.19,9.12,9.39,9.04,8.91,8.62,8.08,7.71,7.30,6.92,6.75,6.83,7.05,7.14,7.53,7.28,6.99,6.77,7.33,8.14,8.76,8.80,8.86,8.96,8.84,9.00,9.12,9.09,9.05,9.05,9.13,9.03,9.05,9.21,9.04,9.05,9.03,9.17,9.15,9.68,9.81,9.48,9.28,9.05,9.28,9.12,9.43,8.87,9.02,9.31,9.15,9.05,9.30,9.06,8.91,8.99,8.99,9.27,9.22,9.31,9.58,9.43,9.49,9.59,9.62,9.46,9.41,9.54,9.48,9.43,9.40,9.20,9.24,9.27,9.20,9.19,9.17,9.22,9.21,9.14,9.09,9.03,9.17,9.32,9.22,9.32,9.27,9.00,9.18,8.92,9.02,9.20,9.18,9.04,8.87,8.80,8.74,8.63,8.67,8.88,9.00,8.81,8.80,8.78,8.66,8.78,8.78,8.68,8.65,8.68,8.67,8.62,8.63,8.81,8.58,8.34,8.16,8.02,7.82,7.80,6.83,5.86,4.31,2.31,0.50,-0.75,-1.24,-1.26,-0.91,-0.47,-0.07,0.59,1.22
8.30,8.55,8.87,8.94,8.97,9.22,9.72,9.49,9.28,9.37,9.37,9.18,9.04,9.25,8.99,8.94,8.87,8.83,8.80,8.80,9.15,9.11,9.17,9.33,9.34,9.20,9.12,9.15,9.05,9.12,8.80,8.39,8.28,7.82,7.66,7.50,7.32,7.38,7.62,7.68,7.72,8.02,7.90,7.71,7.41,6.88,7.12,8.25,8.41,8.62,8.86,8.87,8.99,9.04,9.11,9.12,9.04,9.14,9.12,9.18,9.28,9.13,9.19,9.09,9.25,9.38,9.80,9.91,9.52,9.61,9.36,9.44,9.06,9.37,9.13,8.83,8.96,9.24,9.17,9.32,9.09,9.10,9.18,9.17,9.20,9.24,9.61,9.33,9.20,9.27,9.27,9.21,8.95,9.24,9.36,9.41,9.32,9.39,9.49,9.56,9.62,9.66,9.43,9.23,9.27,9.27,9.18,9.21,9.13,9.03,9.19,9.13,9.10,9.28,9.06,9.13,9.11,9.22,9.10,8.95,9.05,8.99,8.96,8.92,8.76,8.81,8.88,8.90,9.01,9.03,8.90,8.88,9.06,8.97,8.69,8.57,8.56,8.36,8.72,8.60,8.68,8.42,8.30,8.39,8.34,7.91,7.87,7.31,6.50,4.99,2.99,1.14,0.38,0.22,0.37,1.08,2.25,3.46,4.02,4.42
8.91,8.96,9.39,9.34,9.12,9.18,9.59,9.59,9.54,9.49,9.39,9.28,9.23,9.47,9.19,9.17,9.15,9.13,9.08,9.05,9.33,9.28,9.11,9.25,9.27,9.18,9.11,8.91,8.58,8.47,8.27,7.88,7.88,7.55,7.50,7.52,7.42,7.55,7.79,7.72,7.81,7.93,8.17,8.06,7.95,6.96,6.69,7.63,8.08,8.63,8.84,8.82,9.04,9.13,9.10,9.06,9.05,9.09,8.93,9.01,9.18,9.02,9.03,9.15,9.41,9.34,9.76,9.85,9.67,9.75,9.43,9.47,9.22,9.28,9.24,9.08,9.06,9.25,9.06,9.33,9.20,8.92,9.23,9.12,9.24,9.32,9.49,9.24,9.41,9.41,9.36,9.36,9.28,9.38,9.49,9.49,9.48,9.38,9.33,9.33,9.34,9.25,9.21,9.20,9.23,9.28,9.23,9.19,9.18,9.14,9.18,9.13,9.22,9.20,9.18,9.00,9.13,9.05,9.08,8.86,8.85,8.78,8.80,8.71,8.59,8.78,8.86,9.14,8.99,8.87,9.01,8.85,8.92,8.86,8.62,8.46,8.50,8.25,8.66,8.56,8.63,8.57,8.51,8.45,8.28,7.89,8.06,7.39,6.84,5.46,3.56,2.12,1.12,1.55,2.11,3.40,5.08,6.44,7.00,6.79
9.08,8.85,9.27,9.22,9.20,9.46,9.66,9.38,9.50,9.48,9.41,9.32,9.19,9.31,9.53,9.28,9.18,9.15,9.12,9.21,9.38,9.28,9.00,9.02,9.04,8.86,8.58,8.31,8.03,7.95,7.83,7.70,7.62,7.49,7.48,7.47,7.39,7.41,7.58,7.68,7.69,7.81,8.23,8.32,8.13,7.55,6.86,6.83,6.99,8.19,8.81,8.82,8.94,9.09,9.12,9.10,9.05,9.12,9.13,9.17,9.17,9.24,9.24,9.31,9.46,9.62,9.85,9.77,9.73,9.54,9.34,9.27,9.08,9.31,9.19,9.10,9.31,9.25,9.12,9.09,9.06,9.00,9.29,9.03,9.00,9.17,9.24,9.25,9.22,9.37,9.31,9.46,9.25,9.44,9.31,9.48,9.51,9.47,9.43,9.25,9.36,9.48,9.34,9.23,9.05,8.95,9.11,9.12,9.10,9.01,8.96,9.12,9.32,9.13,9.03,8.95,9.10,9.18,9.24,9.00,8.99,9.04,8.96,8.77,8.67,8.84,8.74,9.03,8.92,8.63,8.85,8.77,8.93,8.80,8.55,8.45,8.36,8.39,8.75,8.45,8.71,8.64,8.58,8.54,8.31,7.95,8.19,7.53,7.15,6.04,4.23,2.63,1.84,2.66,3.57,5.35,7.28,8.41,8.66,8.49
9.11,9.03,9.04,9.02,9.18,9.48,9.61,9.31,9.37,9.42,9.25,9.04,9.06,9.08,9.20,9.23,9.10,9.06,9.14,9.20,9.09,9.09,9.01,8.74,8.62,8.38,8.02,7.82,7.87,7.73,7.62,7.65,7.78,7.61,7.57,7.58,7.49,7.41,7.58,7.86,7.79,7.87,8.37,8.45,8.27,8.08,7.62,7.15,6.98,7.63,8.39,8.80,9.03,9.06,9.05,9.03,9.00,9.09,9.10,9.04,9.14,9.27,9.25,9.39,9.43,9.58,10.00,9.87,9.93,9.44,9.14,9.28,8.99,9.39,9.06,9.05,9.14,9.13,9.12,9.21,9.24,9.05,9.32,9.32,9.48,9.38,9.47,9.36,9.24,9.40,9.42,9.33,9.38,9.46,9.42,9.48,9.30,9.17,9.24,9.29,9.20,9.22,9.36,9.33,9.20,9.21,9.24,9.13,8.93,9.02,9.13,9.12,9.24,9.17,9.19,9.31,9.19,9.30,9.17,9.06,9.04,9.02,8.95,8.87,8.94,9.09,8.97,9.12,8.84,8.83,8.84,8.82,8.82,8.81,8.73,8.65,8.64,8.49,8.45,8.49,8.49,8.62,8.60,8.54,8.52,8.34,8.27,7.94,7.44,6.50,4.91,3.04,2.37,3.37,4.81,6.65,8.34,9.24,9.30,9.21
9.05,9.01,8.86,9.15,9.29,9.28,9.65,9.37,9.27,9.31,9.11,8.85,8.97,9.27,9.33,9.22,9.22,9.13,9.01,9.11,8.91,8.93,8.80,8.38,8.07,7.90,7.70,7.58,7.80,7.64,7.65,7.52,7.73,7.44,7.50,7.64,7.53,7.37,7.57,7.90,7.78,7.89,8.43,8.30,8.27,8.28,8.27,7.82,7.28,7.42,7.76,8.36,8.88,9.09,9.14,9.18,9.12,9.09,9.19,9.23,9.21,9.33,9.24,9.32,9.33,9.51,9.87,9.85,9.79,9.39,9.19,9.28,8.92,9.21,9.20,8.93,8.90,9.00,9.06,9.17,9.02,8.94,9.08,9.03,9.27,9.25,9.41,9.19,9.25,9.46,9.19,8.91,9.17,9.32,9.52,9.48,9.41,9.33,9.34,9.33,9.40,9.37,9.25,9.15,9.23,9.34,9.28,9.31,9.10,9.27,9.44,9.22,9.33,9.23,9.21,8.96,9.09,9.18,8.96,8.83,8.94,8.95,9.00,9.01,8.96,9.03,8.88,9.19,8.76,8.71,8.81,8.91,8.81,8.74,8.69,8.58,8.52,8.66,8.80,8.60,8.69,8.75,8.67,8.54,8.41,8.42,8.29,8.08,7.70,6.69,5.10,3.43,2.83,3.71,5.36,7.23,8.67,9.28,9.29,9.37
9.05,8.75,9.02,9.21,9.24,9.28,9.43,9.52,9.30,9.28,9.15,8.93,8.91,9.31,9.21,9.20,9.17,9.06,8.94,8.80,8.37,8.38,8.28,7.94,7.69,7.68,7.56,7.39,7.79,7.68,7.69,7.61,7.49,7.56,7.52,7.47,7.34,7.31,7.54,7.70,7.73,7.90,8.29,8.33,8.30,8.25,8.45,8.14,7.69,7.41,7.55,7.70,8.27,9.00,9.28,9.23,9.11,9.15,9.32,9.34,9.28,9.46,9.37,9.29,9.41,9.54,10.10,9.95,9.63,9.54,9.38,9.32,9.15,9.33,9.18,9.08,8.94,9.09,9.12,9.04,9.15,9.12,9.04,9.05,9.09,9.15,9.24,9.39,9.33,9.43,9.34,9.40,9.54,9.30,9.49,9.54,9.44,9.42,9.38,9.25,9.30,9.31,9.25,9.15,9.18,9.30,9.15,9.08,9.10,9.29,9.33,9.12,9.04,9.20,9.15,9.14,9.02,9.01,9.06,8.95,9.06,9.14,9.08,9.00,8.94,9.12,8.95,9.11,8.97,8.95,8.96,8.88,8.78,8.68,8.54,8.39,8.38,8.64,8.83,8.92,8.71,8.51,8.52,8.55,8.45,8.31,8.39,8.23,7.97,7.05,5.54,4.28,3.73,4.41,5.97,7.63,8.85,9.43,9.40,9.40
8.94,8.71,9.09,9.12,9.15,9.32,9.51,9.51,9.31,9.33,9.34,9.24,9.14,9.40,9.14,8.85,8.75,8.56,8.29,8.06,7.85,7.73,7.74,7.83,7.62,7.53,7.47,7.42,7.78,7.63,7.45,7.76,7.54,7.65,7.60,7.46,7.34,7.41,7.52,7.58,7.87,7.90,8.22,8.41,8.42,8.13,8.48,8.39,8.15,7.64,7.63,7.46,7.69,8.52,9.19,9.23,9.12,9.27,9.32,9.20,9.22,9.34,9.30,9.31,9.48,9.63,10.23,9.91,9.72,9.77,9.34,9.49,9.23,9.48,9.19,9.20,8.99,9.00,9.03,9.20,9.05,8.94,9.18,9.00,9.30,9.43,9.38,9.33,9.36,9.32,9.37,9.18,9.36,9.37,9.37,9.62,9.58,9.48,9.47,9.38,9.36,9.37,9.20,9.08,9.14,9.22,9.27,9.23,9.09,8.90,9.06,9.02,9.00,8.78,9.06,9.03,8.99,9.10,9.08,9.10,9.13,9.13,9.09,9.02,9.04,9.20,8.86,9.02,8.94,8.83,8.86,8.90,8.90,8.95,8.85,8.59,8.56,8.63,8.76,9.11,8.71,8.60,8.57,8.41,8.37,8.30,8.46,8.32,8.20,7.58,6.35,5.22,5.05,5.37,6.48,7.82,8.88,9.56,9.48,9.49
8.86,8.73,9.02,9.02,9.18,9.49,9.62,9.52,9.32,9.36,9.29,9.18,9.22,9.30,8.77,8.54,8.45,8.17,7.74,7.56,7.65,7.72,7.87,7.80,7.56,7.38,7.29,7.36,7.65,7.52,7.55,7.66,7.56,7.58,7.66,7.48,7.34,7.42,7.52,7.60,7.89,7.89,8.32,8.45,8.43,8.12,8.21,8.47,8.22,7.98,7.76,7.61,7.53,7.81,8.55,9.14,9.25,9.28,9.32,9.28,9.32,9.38,9.41,9.42,9.44,9.54,10.20,10.01,9.76,9.61,9.38,9.58,9.20,9.42,8.96,9.20,9.11,9.01,8.99,9.02,8.92,8.91,9.17,9.19,9.27,9.03,9.30,9.21,9.18,9.20,9.44,9.30,9.46,9.25,9.27,9.33,9.34,9.40,9.39,9.40,9.36,9.13,8.99,9.04,9.10,9.09,9.02,9.06,9.05,8.81,9.09,9.05,9.13,9.02,8.91,8.99,9.02,8.95,8.84,8.91,9.03,9.05,9.06,9.08,8.97,9.08,8.92,8.99,9.19,8.92,8.86,8.82,8.71,8.78,8.85,8.68,8.66,8.64,8.77,8.85,8.65,8.62,8.58,8.40,8.23,8.40,8.43,8.41,8.40,8.03,7.13,6.11,6.21,6.39,7.06,7.90,8.69,9.31,9.23,9.42
8.91,8.75,8.94,9.03,9.27,9.50,9.53,9.46,9.36,9.31,9.08,8.88,8.91,8.82,8.28,7.95,7.93,7.69,7.45,7.58,7.22,7.71,7.60,7.60,7.62,7.42,7.40,7.72,7.89,7.58,7.53,7.61,7.69,7.69,7.58,7.55,7.49,7.58,7.69,7.69,7.93,7.96,8.27,8.58,8.16,8.29,8.07,8.40,8.27,8.17,8.05,7.91,7.81,7.65,7.86,8.45,8.95,9.32,9.44,9.40,9.44,9.49,9.62,9.48,9.36,9.67,9.98,9.78,9.71,9.59,9.39,9.40,9.19,9.47,9.04,9.22,8.94,8.96,8.85,8.92,9.06,8.87,9.04,9.19,9.32,9.22,9.23,9.29,9.12,9.00,9.22,9.15,9.15,9.23,9.36,9.48,9.34,9.37,9.30,9.29,9.32,9.18,9.05,8.97,8.99,9.06,8.92,8.91,8.97,8.80,8.96,8.95,9.04,8.97,8.88,9.08,8.95,9.06,8.88,8.97,9.11,9.00,8.95,9.03,9.02,8.92,8.84,9.11,9.14,8.94,8.85,8.81,8.72,8.75,8.77,8.65,8.66,8.54,8.71,8.68,8.73,8.66,8.52,8.41,8.31,8.55,8.54,8.49,8.49,8.30,7.78,7.14,7.06,7.31,7.72,8.11,8.48,8.97,8.99,9.12
8.92,8.82,8.95,9.09,9.31,9.44,9.33,9.37,9.31,9.06,8.69,8.39,8.17,8.02,8.04,7.85,7.77,7.61,7.48,7.50,7.38,7.37,7.68,7.52,7.33,7.21,7.44,7.86,7.82,7.36,7.74,7.80,7.82,7.79,7.60,7.57,7.61,7.65,7.73,7.83,7.89,7.89,8.33,8.49,7.95,8.25,8.27,8.31,8.24,8.28,8.36,8.14,8.04,7.86,7.73,7.85,8.29,9.03,9.44,9.50,9.53,9.65,9.69,9.50,9.32,9.61,9.93,9.80,9.68,9.59,9.41,9.41,9.25,9.63,9.27,9.39,9.14,9.15,9.17,8.96,9.29,9.22,9.14,9.24,9.22,9.34,9.31,9.29,9.13,9.17,9.33,9.18,9.37,9.40,9.39,9.53,9.40,9.22,9.24,9.33,9.33,9.27,9.23,9.12,9.17,9.30,9.12,9.06,9.01,8.95,9.02,9.12,9.12,9.20,8.87,9.04,8.99,9.04,8.94,9.00,9.09,9.00,8.93,8.99,9.03,8.93,8.88,9.11,8.93,8.95,8.90,8.85,8.83,8.78,8.72,8.65,8.80,8.55,8.68,8.77,8.71,8.58,8.49,8.43,8.42,8.63,8.65,8.59,8.57,8.50,8.25,7.99,7.86,8.03,8.07,8.16,8.49,8.71,8.87,8.84
8.94,8.93,9.09,9.12,9.19,9.23,9.18,9.05,9.05,8.76,8.42,8.24,8.19,7.98,7.94,7.90,7.91,7.85,7.74,7.65,7.69,7.49,7.40,7.73,7.61,7.58,7.76,7.91,7.96,7.77,7.89,7.80,7.68,7.90,7.72,7.76,7.83,7.86,7.89,8.06,8.23,8.34,8.48,8.46,8.22,8.23,8.30,8.37,8.20,8.21,8.31,8.22,8.24,8.17,8.07,7.91,7.81,8.37,9.15,9.49,9.63,9.75,9.75,9.60,9.52,9.51,9.96,9.85,9.83,9.62,9.40,9.50,9.41,9.68,9.33,9.33,9.09,9.18,9.08,9.06,9.23,9.19,9.09,9.06,9.09,9.21,9.18,9.25,9.33,9.28,9.21,9.10,9.23,9.36,9.40,9.29,9.21,9.23,9.30,9.33,9.28,9.34,9.28,9.01,9.09,9.27,9.27,9.21,9.06,8.83,9.12,9.13,9.09,9.03,8.83,9.13,8.90,9.02,8.93,8.93,9.08,9.10,9.03,9.01,9.00,9.11,8.88,9.09,8.93,9.00,8.96,8.93,8.91,8.86,8.74,8.72,8.86,8.62,8.73,8.85,8.66,8.55,8.56,8.57,8.54,8.60,8.72,8.74,8.81,8.77,8.54,8.49,8.50,8.71,8.64,8.45,8.46,8.64,8.90,8.81
9.09,9.06,9.14,9.15,9.08,9.00,8.96,8.74,8.94,8.80,8.45,8.28,8.29,8.12,8.16,8.07,8.14,8.04,7.99,8.22,8.22,8.00,7.95,8.22,8.32,8.33,8.21,8.15,8.30,8.25,8.68,8.37,8.05,8.33,8.40,8.30,8.42,8.51,8.58,8.77,8.84,8.77,8.96,8.81,8.54,8.68,8.63,8.64,8.57,8.37,8.45,8.42,8.57,8.65,8.64,8.43,8.14,8.49,9.22,9.54,9.75,9.85,9.72,9.58,9.66,9.77,10.03,9.93,9.91,9.78,9.67,9.70,9.44,9.63,9.37,9.51,9.24,9.13,9.08,9.20,9.25,9.17,9.10,9.22,9.19,9.14,9.10,9.19,9.23,9.30,9.32,9.15,9.18,9.23,9.37,9.34,9.30,9.23,9.24,9.23,9.20,9.31,9.21,8.99,9.12,9.18,9.09,9.06,8.97,8.93,9.17,9.19,8.90,9.22,8.97,9.20,9.05,9.14,8.97,8.85,8.94,9.01,9.04,9.00,8.87,9.06,8.87,9.10,8.91,8.94,8.94,8.87,8.87,8.91,8.86,8.74,8.85,8.55,8.64,8.80,8.73,8.77,8.82,8.64,8.67,8.65,8.77,8.81,9.00,9.19,8.94,8.90,8.77,8.80,8.78,8.75,8.80,8.66,8.81,8.66
9.10,9.02,9.00,9.14,9.15,9.04,8.91,8.84,8.86,8.91,8.71,8.57,8.58,8.64,8.75,8.55,8.73,8.75,8.73,8.82,8.73,8.52,9.08,9.17,8.97,8.96,8.94,8.95,9.17,9.27,9.03,9.28,9.25,9.33,9.19,9.10,9.00,9.09,9.24,9.27,9.18,9.12,9.49,9.22,9.19,9.18,9.15,9.08,9.01,9.00,9.12,9.01,9.03,9.20,9.30,9.21,9.19,9.48,9.72,9.78,9.88,9.91,9.79,9.63,9.59,9.83,10.10,10.07,9.99,9.80,9.80,9.92,9.71,9.80,9.61,9.60,9.46,9.31,9.39,9.51,9.41,9.31,9.25,9.18,9.24,9.13,9.18,9.28,9.28,9.21,9.18,9.08,9.05,9.22,9.43,9.41,9.40,9.48,9.40,9.21,9.15,9.31,9.33,9.14,9.19,9.17,9.00,9.00,8.97,9.00,9.24,9.21,9.05,9.28,9.06,9.12,9.15,9.15,9.02,8.92,8.94,9.01,8.99,8.90,8.72,8.87,8.85,9.05,8.90,8.93,8.92,8.92,8.85,8.86,8.90,8.64,8.84,8.47,8.56,8.73,8.66,8.69,8.80,8.76,8.59,8.59,8.71,8.88,9.10,9.18,8.96,9.10,8.92,8.77,8.73,8.68,8.57,8.46,8.84,8.93
9.04,8.69,9.06,9.10,9.30,9.39,9.25,9.23,8.88,9.06,9.17,9.14,9.14,9.41,9.39,9.22,9.41,9.47,9.42,9.40,9.43,9.33,9.76,9.69,9.52,9.62,9.65,9.60,9.71,9.83,9.85,9.69,9.68,9.82,9.77,9.52,9.51,9.54,9.46,9.39,9.42,9.49,9.51,9.73,9.56,9.80,9.59,9.51,9.37,9.48,9.54,9.51,9.54,9.65,9.76,9.83,10.05,10.19,10.09,10.14,10.01,9.85,9.81,9.77,9.61,9.78,10.11,10.13,10.01,9.82,9.87,9.98,10.11,9.98,9.83,9.85,9.65,9.57,9.62,9.66,9.58,9.47,9.37,9.39,9.43,9.29,9.19,9.28,9.20,9.27,9.21,9.20,9.17,9.23,9.41,9.60,9.51,9.31,9.24,9.12,9.06,9.24,9.38,9.28,9.21,9.17,9.06,9.09,9.10,9.09,9.30,9.14,9.28,9.18,9.04,9.06,9.13,9.19,9.08,8.97,9.02,9.03,9.02,8.96,8.77,8.88,8.82,8.93,8.99,9.05,9.09,9.06,8.95,8.94,9.05,8.68,8.78,8.54,8.59,8.69,8.68,8.65,8.69,8.85,8.78,8.52,8.56,8.78,9.05,9.18,9.06,8.93,8.92,8.90,8.91,8.83,8.50,8.55,8.75,8.88
8.69,8.73,9.13,9.20,9.61,9.72,9.50,9.52,9.63,9.52,9.76,9.73,9.65,9.92,9.85,9.73,9.91,9.92,9.92,9.97,9.95,9.95,10.19,10.23,9.98,9.91,9.93,10.08,10.22,10.08,10.10,10.03,10.09,10.14,10.13,9.99,9.79,9.80,9.80,9.66,9.51,9.54,9.91,10.05,9.89,10.14,10.01,9.91,9.73,10.00,10.03,9.86,9.92,10.06,10.23,10.41,10.56,10.51,10.31,10.21,10.02,10.06,9.82,9.78,9.54,9.72,10.03,10.08,9.95,9.83,9.80,10.20,9.95,9.98,10.01,9.82,9.72,9.75,9.79,9.65,9.52,9.46,9.50,9.39,9.34,9.32,9.21,9.22,9.19,9.15,9.10,9.27,9.21,9.15,9.28,9.44,9.41,9.24,9.13,9.13,9.10,9.14,9.24,9.18,9.19,9.24,9.10,9.17,9.30,9.09,9.33,9.20,9.29,9.24,9.20,9.10,9.05,9.05,9.03,9.05,9.04,9.00,9.08,9.11,8.93,9.05,8.78,8.76,8.97,9.06,9.14,8.94,8.80,8.94,9.06,8.75,8.86,8.58,8.57,8.69,8.74,8.76,8.74,8.62,8.65,8.57,8.52,8.66,8.99,9.30,8.99,9.28,8.88,8.64,8.55,8.51,8.43,8.36,8.69,8.69
8.86,8.95,8.88,9.51,9.87,9.91,9.81,9.73,9.81,9.97,10.17,10.11,10.00,10.10,10.10,9.96,10.23,10.22,10.21,10.26,10.06,10.19,10.54,10.44,10.22,10.19,10.17,10.21,10.31,10.27,10.39,10.41,10.27,10.29,10.29,10.31,10.28,10.14,10.05,9.95,9.87,10.10,10.23,10.38,10.35,10.59,10.47,10.61,10.45,10.52,10.56,10.53,10.67,10.84,11.08,11.20,11.02,10.81,10.55,10.19,10.06,10.13,9.88,9.77,9.57,9.78,9.99,9.89,9.78,9.95,9.73,9.97,9.72,9.89,9.78,9.63,9.78,9.49,9.56,9.44,9.48,9.38,9.42,9.51,9.32,9.32,9.24,9.24,9.18,9.27,9.21,9.15,9.23,9.19,9.20,9.33,9.37,9.25,9.13,9.29,9.38,9.25,9.28,9.20,9.10,9.09,9.03,9.19,9.37,9.18,9.22,9.20,9.25,9.21,9.25,9.15,9.04,8.95,9.04,9.10,9.02,9.00,9.09,9.04,8.93,9.13,8.78,8.72,8.85,8.95,8.95,8.76,8.73,8.90,8.65,8.51,8.39,8.58,8.65,8.78,8.81,8.81,8.84,8.66,8.62,8.76,8.80,8.90,9.15,9.41,9.15,9.40,8.95,8.59,8.42,8.36,8.42,8.36,8.52,8.58
9.37,9.32,9.28,9.69,9.89,10.10,10.16,9.87,9.98,9.88,10.13,10.07,9.96,10.18,10.19,10.01,10.30,10.23,10.27,10.39,10.22,10.44,10.47,10.42,10.31,10.29,10.27,10.40,10.49,10.32,10.48,10.50,10.30,10.38,10.47,10.31,10.11,10.07,10.08,10.01,10.03,10.16,10.09,10.48,10.38,10.72,10.77,10.70,10.47,10.51,10.73,10.76,10.93,11.16,11.49,11.53,11.28,11.00,10.64,10.31,10.17,10.00,9.93,9.91,9.77,9.81,9.98,9.85,9.81,9.99,9.67,9.61,9.36,9.56,9.24,9.56,9.79,9.29,9.30,9.27,9.31,9.37,9.31,9.46,9.25,9.48,9.25,9.25,9.12,9.22,9.33,9.14,9.11,9.17,9.22,9.25,9.33,9.29,9.17,9.31,9.43,9.29,9.33,9.21,9.11,9.13,9.04,9.11,9.18,9.12,9.10,9.10,9.31,9.14,9.17,9.17,9.18,9.15,9.23,9.19,9.00,9.01,9.02,9.00,8.94,9.08,8.96,8.96,8.96,9.10,9.00,8.80,8.85,8.99,8.80,8.60,8.80,8.60,8.67,8.94,8.99,8.90,8.91,8.71,8.62,8.46,8.59,8.92,9.38,9.81,9.75,9.80,9.15,8.71,8.50,8.25,8.23,8.20,8.51,8.64
9.67,9.63,9.80,9.85,9.98,10.17,10.23,10.10,9.95,9.83,10.01,9.81,9.81,10.22,10.12,10.05,10.02,10.05,10.20,10.35,10.40,10.51,10.14,10.35,10.33,10.34,10.27,10.23,10.23,10.20,10.31,10.50,10.17,9.93,10.37,10.21,10.10,10.02,9.97,9.86,9.86,10.10,10.06,10.34,10.50,10.51,10.44,10.56,10.30,10.38,10.53,10.55,10.55,10.75,11.34,11.51,11.23,10.97,10.53,10.23,10.26,10.13,10.07,10.12,9.96,9.85,9.99,9.95,9.91,9.89,9.61,9.70,9.34,9.50,9.49,9.78,9.80,9.38,9.49,9.39,9.32,9.43,9.54,9.63,9.47,9.72,9.56,9.43,9.33,9.34,9.34,9.19,9.28,9.30,9.33,9.39,9.40,9.44,9.38,9.37,9.43,9.41,9.46,9.32,9.40,9.47,9.25,9.30,9.28,9.19,9.19,9.32,9.60,9.46,9.44,9.38,9.38,9.34,9.42,9.43,9.29,9.25,9.14,9.14,9.05,9.09,9.06,9.20,9.21,9.22,9.14,9.05,9.12,9.10,8.84,8.75,8.87,8.76,8.85,8.73,8.75,8.92,8.88,8.90,8.68,8.62,8.81,9.10,9.50,10.10,10.08,10.23,9.63,9.13,8.85,8.37,8.29,8.25,8.54,8.60
9.77,9.76,10.03,9.81,10.02,10.16,10.20,10.26,10.07,9.77,9.88,9.78,9.85,10.14,9.93,9.83,9.86,9.92,10.07,10.22,10.30,10.41,10.23,10.32,10.27,10.21,10.06,9.99,10.01,10.06,10.17,9.99,9.91,9.88,9.91,9.98,9.97,9.99,9.86,9.70,9.79,10.06,10.40,10.53,10.52,10.55,10.29,10.26,10.26,10.31,10.29,10.28,10.28,10.55,11.16,11.31,11.18,10.96,10.49,10.27,10.27,10.12,10.08,10.26,10.10,9.99,10.06,10.06,9.82,9.89,9.54,9.88,9.77,9.92,10.05,9.93,9.79,9.46,9.52,9.42,9.49,9.52,9.68,9.78,9.68,9.90,9.70,9.61,9.73,9.79,9.72,9.59,9.71,9.75,9.85,9.91,9.89,9.98,10.01,9.97,9.95,9.95,9.97,9.88,9.96,9.97,9.71,9.81,9.92,9.75,9.73,9.97,10.09,9.96,10.06,9.92,9.73,9.61,9.63,9.71,9.77,9.83,9.58,9.50,9.49,9.48,9.39,9.37,9.47,9.36,9.29,9.25,9.11,9.09,8.99,9.03,8.94,8.85,8.81,8.91,8.92,8.83,8.94,8.90,8.74,8.65,8.90,9.30,9.76,10.34,10.53,10.61,10.06,9.34,8.87,8.52,8.46,8.40,8.49,8.52
10.06,10.05,10.28,10.20,10.20,10.11,10.03,10.01,9.96,9.81,10.00,9.67,9.68,9.98,9.72,9.56,9.56,9.56,9.95,10.26,10.22,10.32,10.29,10.11,9.99,9.87,9.72,9.79,9.91,9.86,9.86,9.70,9.86,9.58,9.73,9.76,9.65,9.72,9.78,9.70,9.60,9.68,9.96,10.31,10.34,10.19,10.17,10.34,10.22,10.30,10.35,10.30,10.28,10.37,10.85,11.06,11.08,11.04,10.63,10.34,10.29,10.16,10.21,10.32,9.98,10.07,10.10,10.17,9.81,9.96,9.56,9.85,9.97,10.20,9.92,9.91,9.76,9.43,9.57,9.39,9.53,9.57,9.60,9.71,9.75,9.93,9.63,9.65,9.90,10.06,10.08,9.95,9.99,10.12,10.30,10.27,10.17,10.42,10.70,10.74,10.63,10.56,10.58,10.50,10.61,10.51,10.33,10.35,10.48,10.30,10.40,10.47,10.49,10.32,10.45,10.43,10.31,10.23,10.14,10.18,10.32,10.50,10.42,10.26,10.22,10.02,10.12,9.99,9.97,9.80,9.47,9.25,9.29,9.19,9.11,9.12,8.75,8.69,8.78,8.82,8.81,8.83,8.99,8.82,8.73,8.65,8.78,9.20,9.70,10.22,10.77,10.85,10.20,9.33,8.72,8.43,8.52,8.47,8.42,8.50
10.09,10.16,10.30,10.30,10.13,10.11,10.06,9.89,9.77,9.69,9.77,9.52,9.41,9.46,9.49,9.36,9.47,9.67,9.76,9.90,10.03,9.87,9.78,9.77,9.63,9.57,9.34,9.53,9.78,9.75,9.76,9.63,9.63,9.36,9.51,9.71,9.52,9.48,9.57,9.56,9.46,9.57,9.98,9.98,10.10,9.92,10.23,10.02,9.83,10.14,10.07,10.31,10.33,10.26,10.63,10.87,10.92,10.81,10.51,10.28,10.19,10.18,10.17,10.09,10.02,10.21,10.20,10.21,9.90,10.00,9.66,9.82,9.77,10.11,9.71,9.89,9.66,9.40,9.48,9.34,9.47,9.50,9.58,9.54,9.70,9.72,9.57,9.59,9.87,10.20,10.28,10.07,10.08,10.22,10.40,10.34,10.10,10.31,10.82,10.93,10.73,10.67,10.70,10.66,10.84,10.71,10.54,10.64,10.51,10.41,10.52,10.47,10.45,10.42,10.52,10.65,10.58,10.42,10.45,10.52,10.48,10.52,10.48,10.31,10.18,10.19,10.30,9.99,9.77,9.62,9.41,9.18,9.08,9.15,9.03,8.87,8.90,8.82,8.85,8.87,8.83,8.84,8.86,8.77,8.83,8.76,8.80,9.06,9.47,9.79,10.33,10.51,10.00,9.29,8.85,8.33,8.55,8.51,8.37,8.30
9.92,10.10,10.30,10.22,10.12,10.08,9.96,9.82,9.70,9.65,9.65,9.49,9.42,9.42,9.40,9.29,9.30,9.42,9.50,9.70,9.78,9.47,9.63,9.88,9.48,9.34,9.23,9.41,9.62,9.69,9.70,9.62,9.53,9.33,9.44,9.66,9.42,9.47,9.60,9.57,9.46,9.43,9.67,9.90,10.00,9.93,10.14,10.13,9.62,10.01,10.13,9.98,10.07,10.28,10.69,10.88,10.69,10.47,10.32,10.22,10.21,10.21,10.24,10.23,10.21,10.12,10.21,10.34,10.00,10.00,9.53,9.97,9.60,9.98,9.73,9.82,9.56,9.50,9.20,9.46,9.41,9.46,9.52,9.38,9.39,9.40,9.49,9.60,9.80,10.23,10.51,10.33,10.22,10.23,10.35,10.39,10.16,10.19,10.60,10.73,10.42,10.33,10.48,10.42,10.61,10.69,10.35,10.43,10.40,10.29,10.41,10.44,10.40,10.34,10.38,10.47,10.50,10.32,10.39,10.73,10.40,10.37,10.40,10.09,10.20,10.19,10.29,9.93,9.39,9.17,9.24,9.33,9.22,9.13,9.12,8.88,8.76,8.78,8.75,8.74,8.72,8.66,8.80,8.69,8.69,8.71,8.76,8.92,9.14,9.33,9.54,9.69,9.50,9.17,8.97,8.51,8.41,8.38,8.19,8.10
9.82,9.96,10.23,10.16,10.17,10.08,10.03,9.95,9.78,9.89,9.75,9.54,9.59,9.60,9.41,9.44,9.37,9.48,9.58,9.53,9.37,9.33,9.59,9.93,9.34,9.41,9.47,9.41,9.48,9.61,9.59,9.70,9.56,9.32,9.49,9.43,9.30,9.48,9.65,9.63,9.52,9.60,9.87,10.01,10.14,9.93,10.08,9.92,9.54,9.78,10.18,10.13,10.00,10.26,10.65,10.89,10.89,10.75,10.58,10.42,10.38,10.38,10.40,10.35,10.09,10.01,10.18,10.24,10.19,10.01,9.52,9.93,9.78,9.98,9.61,9.72,9.54,9.60,9.32,9.65,9.38,9.42,9.38,9.47,9.29,9.39,9.50,9.59,9.68,9.97,10.27,10.21,10.14,10.13,10.28,10.37,10.22,10.23,10.54,10.62,10.32,10.24,10.31,10.22,10.38,10.63,10.23,10.30,10.44,10.45,10.35,10.52,10.48,10.51,10.54,10.53,10.50,10.42,10.48,10.72,10.61,10.33,10.47,10.47,10.27,10.33,10.13,10.06,9.62,9.28,9.33,9.27,9.06,9.09,9.03,8.95,8.82,8.91,8.99,9.00,8.97,8.88,9.03,8.87,8.68,8.69,8.78,8.83,8.95,9.19,9.14,9.18,9.13,8.97,8.83,8.62,8.33,8.28,8.23,8.13
9.47,9.65,9.93,10.09,10.21,10.22,10.19,10.06,9.85,9.95,9.86,9.67,9.71,9.70,9.51,9.39,9.32,9.40,9.62,9.67,9.57,9.56,9.43,9.67,9.52,9.41,9.43,9.47,9.58,9.63,9.63,9.78,9.48,9.22,9.44,9.40,9.33,9.42,9.49,9.54,9.52,9.65,9.91,9.82,9.87,10.02,10.06,10.00,10.07,10.28,10.39,10.23,10.22,10.42,10.83,10.93,10.85,10.67,10.44,10.41,10.49,10.37,10.21,10.18,9.97,10.01,10.08,9.96,10.13,9.83,9.66,9.81,9.62,9.90,9.57,9.48,9.48,9.38,9.36,9.48,9.31,9.33,9.34,9.53,9.38,9.48,9.41,9.46,9.50,9.58,9.69,9.68,9.77,9.86,10.03,10.18,10.02,10.12,10.50,10.51,10.35,10.29,10.30,10.16,10.11,10.35,10.02,10.06,10.42,10.64,10.38,10.63,10.48,10.55,10.51,10.53,10.53,10.35,10.30,10.48,10.41,10.33,10.31,10.11,10.06,9.89,9.88,9.80,9.48,9.25,9.29,9.31,9.40,9.38,9.10,8.99,8.84,8.86,8.94,9.01,9.12,9.05,9.09,8.93,8.81,8.84,8.92,8.93,9.11,9.41,9.21,9.13,9.11,9.02,8.77,8.42,8.41,8.59,8.56,8.31
9.65,9.87,10.21,10.28,10.38,10.35,10.21,10.01,9.86,9.89,9.78,9.71,9.75,9.73,9.61,9.50,9.51,9.46,9.68,9.66,9.46,9.41,9.49,9.87,9.54,9.49,9.42,9.38,9.43,9.53,9.60,9.67,9.42,9.20,9.48,9.54,9.47,9.42,9.46,9.57,9.59,9.66,9.79,9.75,9.87,10.00,10.07,10.09,10.02,10.28,10.09,10.07,10.16,10.30,10.69,10.77,10.80,10.81,10.59,10.34,10.32,10.40,10.35,10.22,10.08,10.05,10.26,10.26,10.19,9.92,9.70,9.79,9.67,9.97,9.54,9.36,9.40,9.32,9.42,9.34,9.38,9.31,9.34,9.39,9.23,9.33,9.25,9.39,9.42,9.42,9.59,9.56,9.51,9.54,9.67,9.75,9.70,9.98,10.45,10.47,10.21,10.11,10.18,10.16,10.07,10.45,10.07,10.37,10.56,10.53,10.41,10.65,10.60,10.70,10.54,10.47,10.54,10.54,10.48,10.37,10.53,10.31,10.20,10.29,10.26,9.91,9.77,9.65,9.39,9.23,9.36,9.40,9.37,9.32,9.25,9.15,8.85,8.78,8.90,9.02,9.11,8.96,9.04,8.82,8.81,8.83,8.82,8.87,9.24,9.34,9.23,9.14,8.86,8.47,8.60,8.23,8.24,8.52,8.54,8.24
9.50,9.52,9.71,10.08,10.37,10.42,10.27,10.02,9.90,9.92,9.66,9.61,9.59,9.56,9.47,9.33,9.39,9.38,9.56,9.56,9.39,9.32,9.46,9.61,9.52,9.29,9.28,9.32,9.43,9.57,9.61,9.58,9.50,9.42,9.48,9.39,9.42,9.41,9.48,9.53,9.57,9.60,9.72,9.91,9.93,9.96,10.00,10.05,9.85,10.01,9.95,10.08,10.08,10.29,10.61,10.73,10.80,10.78,10.52,10.40,10.49,10.43,10.35,10.24,10.12,10.16,10.31,10.21,10.21,9.98,9.67,9.80,9.62,9.83,9.23,9.32,9.46,9.22,9.11,9.17,9.28,9.24,9.42,9.42,9.33,9.31,9.40,9.46,9.44,9.50,9.54,9.52,9.57,9.63,9.77,9.88,9.87,10.08,10.30,10.29,10.16,10.19,10.14,9.98,9.98,10.13,10.20,10.28,10.27,10.30,10.30,10.51,10.39,10.26,10.23,10.26,10.28,10.24,10.21,10.19,10.33,10.39,10.07,10.21,10.35,10.17,9.96,9.70,9.44,9.28,9.23,9.34,9.29,9.30,9.22,9.22,8.87,8.82,8.96,9.03,9.10,8.93,9.23,8.99,8.86,8.82,8.74,8.84,9.03,9.25,9.15,9.05,8.94,8.62,8.64,8.38,8.40,8.54,8.59,8.43
9.37,9.63,10.03,10.14,10.28,10.48,10.40,10.19,10.01,9.90,9.62,9.43,9.44,9.39,9.31,9.36,9.34,9.48,9.53,9.50,9.52,9.61,9.67,9.65,9.62,9.52,9.37,9.48,9.56,9.53,9.56,9.63,9.56,9.33,9.25,9.12,9.11,9.14,9.39,9.38,9.33,9.47,9.62,9.77,9.86,9.92,9.81,10.03,9.77,9.87,9.78,9.79,10.00,10.26,10.63,10.76,10.63,10.50,10.33,10.21,10.27,10.26,10.18,10.05,9.81,10.09,10.14,10.03,10.01,9.79,9.78,9.60,9.43,9.51,9.31,9.53,9.21,9.28,9.32,9.41,9.31,9.32,9.56,9.32,9.42,9.36,9.48,9.44,9.40,9.62,9.79,9.75,9.77,9.91,10.02,9.96,9.79,9.91,10.11,10.12,9.70,9.79,9.83,9.54,9.42,9.71,9.75,9.96,10.27,10.16,9.96,10.05,10.08,9.98,9.91,9.85,9.77,9.77,9.81,9.76,9.79,9.80,9.58,9.86,9.99,9.89,9.83,9.67,9.44,9.37,9.27,9.22,9.20,9.33,9.11,9.15,8.92,8.84,8.97,8.88,9.01,9.04,9.27,9.13,9.08,9.10,9.00,8.83,9.06,9.22,9.28,9.20,8.99,8.64,8.60,8.51,8.45,8.47,8.50,8.51
9.52,9.65,9.87,10.22,10.40,10.40,10.19,10.07,9.97,9.71,9.56,9.38,9.50,9.43,9.32,9.34,9.33,9.39,9.51,9.48,9.56,9.70,9.68,9.59,9.40,9.38,9.28,9.38,9.33,9.29,9.33,9.37,9.37,9.28,9.19,9.08,8.87,8.91,9.39,9.32,9.17,9.36,9.59,9.66,9.76,9.92,9.68,9.92,9.69,9.88,9.86,9.87,10.02,10.30,10.49,10.64,10.49,10.45,10.31,10.22,10.29,10.10,10.18,10.16,10.06,10.17,9.97,9.98,9.95,9.78,9.52,9.59,9.59,9.77,9.49,9.44,9.24,9.48,9.36,9.44,9.50,9.41,9.43,9.30,9.40,9.48,9.46,9.47,9.61,10.08,10.33,10.27,10.19,10.13,10.12,10.11,10.08,10.02,10.22,10.08,9.63,9.42,9.13,8.95,9.06,9.42,9.09,9.63,9.99,9.76,9.76,9.80,9.65,9.50,9.46,9.47,9.38,9.22,9.23,9.39,9.53,9.46,9.31,9.40,9.58,9.70,9.71,9.61,9.47,9.33,9.30,9.20,9.19,9.31,9.05,9.06,8.93,8.83,8.96,9.04,8.94,9.06,9.12,9.13,9.12,9.09,8.95,9.17,9.02,9.32,9.36,9.03,8.62,8.65,8.57,8.54,8.64,8.69,8.64,8.59
9.50,9.65,9.76,9.76,10.03,10.02,9.82,9.72,9.67,9.53,9.24,9.32,9.48,9.46,9.29,9.17,9.23,9.29,9.43,9.43,9.48,9.49,9.48,9.57,9.41,9.24,9.21,9.30,9.29,9.28,9.24,9.31,9.41,9.13,9.02,8.88,8.82,9.12,9.39,9.31,9.17,9.36,9.73,9.83,9.78,9.99,9.72,9.71,9.54,9.81,9.73,10.02,9.92,10.20,10.50,10.72,10.60,10.37,10.21,10.27,10.29,10.26,10.28,10.09,9.99,9.98,10.16,10.08,9.70,9.66,9.53,9.63,9.56,9.62,9.47,9.34,9.30,9.33,9.39,9.34,9.25,9.34,9.52,9.56,9.39,9.42,9.52,9.48,9.53,9.85,10.21,10.31,10.23,10.20,10.12,10.01,9.87,9.85,10.09,10.08,9.58,9.47,9.36,9.29,8.87,9.13,8.95,9.23,9.41,9.41,9.19,9.31,9.42,9.31,9.30,9.46,9.41,9.20,9.23,9.32,9.30,9.40,9.31,9.31,9.38,9.44,9.46,9.44,9.44,9.31,9.15,9.18,9.22,9.31,9.03,8.94,8.85,8.77,8.85,8.93,8.96,8.90,8.94,9.06,8.92,8.72,8.95,9.05,8.96,9.21,9.37,9.25,8.92,8.81,8.51,8.49,8.74,8.94,8.82,8.75
9.58,9.82,9.92,9.83,9.90,10.02,9.93,9.86,9.81,9.71,9.53,9.70,9.51,9.40,9.27,9.17,9.23,9.34,9.25,9.34,9.43,9.39,9.37,9.51,9.43,9.33,9.37,9.23,9.28,9.25,9.17,9.24,9.40,9.18,9.06,9.01,8.91,9.00,9.15,9.19,9.12,9.38,9.85,9.98,9.88,10.00,9.75,9.60,9.50,9.87,9.89,10.02,9.82,10.08,10.52,10.64,10.45,10.41,10.45,10.39,10.26,10.26,10.30,10.11,10.00,10.00,10.03,9.96,9.77,9.68,9.34,9.39,9.36,9.61,9.00,9.19,9.24,9.28,9.27,9.23,9.34,9.50,9.41,9.36,9.40,9.42,9.65,9.61,9.42,9.73,10.13,10.21,10.16,10.01,9.97,10.06,9.96,9.95,10.00,9.92,9.86,9.77,9.52,9.68,9.27,9.33,9.24,9.38,9.27,9.29,9.15,9.36,9.57,9.60,9.56,9.56,9.51,9.29,9.36,9.39,9.25,9.46,9.29,9.31,9.36,9.31,9.28,9.33,9.39,9.43,9.06,9.25,9.19,9.27,9.05,9.01,8.94,8.81,8.90,9.15,9.17,9.00,9.06,9.11,8.99,8.85,9.06,9.06,9.13,9.31,9.39,9.33,9.20,8.95,8.69,8.67,8.86,9.05,9.02,8.99
9.68,9.89,10.03,10.09,9.92,9.97,9.81,9.76,9.83,9.86,9.46,9.51,9.67,9.50,9.27,9.19,9.30,9.27,9.25,9.33,9.43,9.42,9.44,9.60,9.67,9.31,9.57,9.52,9.37,9.28,9.23,9.36,9.54,9.33,9.17,9.24,9.11,9.01,9.17,9.08,9.05,9.34,9.78,10.00,9.90,9.85,9.66,9.63,9.61,9.80,9.96,9.93,9.95,9.91,10.34,10.54,10.45,10.43,10.26,10.11,10.12,10.14,10.16,9.99,9.95,9.99,10.07,9.86,9.62,9.51,9.37,9.39,9.21,9.31,9.14,9.23,9.27,9.30,9.13,9.04,9.21,9.29,9.34,9.44,9.32,9.34,9.36,9.38,9.59,9.89,9.86,9.81,9.98,9.98,10.06,10.21,9.98,9.81,9.92,10.03,10.09,9.78,9.69,9.43,9.50,9.23,9.21,9.21,9.29,9.34,9.34,9.50,9.67,9.69,9.60,9.50,9.48,9.37,9.46,9.29,9.38,9.49,9.22,9.23,9.28,9.23,9.31,9.41,9.42,9.48,9.14,9.36,9.27,9.18,8.95,8.88,8.80,8.71,9.05,9.15,8.99,8.96,9.09,9.18,9.08,8.83,8.86,9.00,9.14,9.30,9.40,9.39,9.25,9.13,9.00,9.01,9.06,9.15,9.23,9.21
9.73,9.89,10.06,10.09,9.86,9.93,9.92,9.73,9.62,9.54,9.47,9.27,9.23,9.27,9.31,9.24,9.15,9.20,9.48,9.44,9.38,9.42,9.50,9.59,9.65,9.30,9.39,9.49,9.31,9.24,9.30,9.39,9.37,9.15,9.12,9.18,8.87,9.08,9.06,8.93,9.10,9.40,9.68,9.80,9.75,9.69,9.63,9.78,9.63,9.72,9.75,9.73,9.81,9.78,10.24,10.43,10.32,10.27,10.00,9.76,9.81,9.81,9.72,9.59,9.43,9.68,9.70,9.41,9.36,8.86,8.84,8.92,8.91,9.10,8.80,9.12,9.13,9.09,8.74,8.81,8.90,8.92,9.15,9.05,9.08,9.30,9.50,9.47,9.51,9.79,9.96,9.95,9.87,9.78,9.86,9.97,9.98,9.86,10.09,10.13,10.07,9.85,10.05,9.38,9.49,9.38,9.27,9.25,9.34,9.37,9.33,9.43,9.58,9.63,9.56,9.38,9.38,9.46,9.39,9.19,9.39,9.49,9.27,9.27,9.25,9.11,9.24,9.53,9.34,9.30,9.24,9.21,9.19,9.13,9.05,8.99,8.90,8.82,9.00,9.27,9.19,9.17,9.08,9.09,9.11,9.02,8.93,8.97,9.05,9.22,9.39,9.42,9.27,9.24,9.15,9.14,9.23,9.23,8.90,8.74
9.79,9.93,10.07,10.03,9.90,9.93,9.87,9.70,9.56,9.51,9.47,9.24,9.29,9.33,9.23,9.10,9.09,9.13,9.37,9.30,9.33,9.44,9.52,9.52,9.44,9.38,9.22,9.32,9.33,9.22,9.22,9.31,9.28,9.19,9.18,9.13,8.99,9.14,9.20,8.97,9.24,9.50,9.60,9.65,9.65,9.68,9.66,9.85,9.49,9.70,9.43,9.28,9.32,9.39,9.70,9.61,9.48,9.42,9.24,8.96,8.94,8.95,8.72,8.64,8.65,8.73,8.56,8.20,8.28,8.02,7.94,7.91,8.12,8.19,8.07,7.95,8.22,8.28,8.15,8.36,8.54,8.60,8.88,8.83,8.49,8.73,9.10,9.20,9.40,9.76,9.86,9.92,9.89,9.71,9.93,9.96,9.91,9.85,10.16,10.27,10.28,9.88,9.79,9.30,9.13,9.22,9.17,9.01,9.15,9.17,9.18,9.28,9.30,9.31,9.33,9.22,9.12,9.22,9.11,9.09,9.33,9.44,9.29,9.25,9.30,9.25,9.29,9.51,9.48,9.40,9.30,9.11,9.23,9.21,9.19,9.13,9.11,9.14,8.90,9.05,9.18,9.24,9.28,9.21,9.12,9.20,9.12,9.09,9.10,9.20,9.39,9.44,9.33,9.23,9.19,9.15,9.22,9.46,9.51,9.02
9.77,9.86,10.08,10.16,9.97,9.88,9.86,9.77,9.72,9.61,9.36,9.25,9.27,9.25,9.14,9.01,9.00,9.12,9.32,9.22,9.22,9.41,9.59,9.54,9.37,9.39,9.13,9.25,9.33,9.20,9.17,9.24,9.25,9.23,9.27,9.06,8.99,9.11,9.12,8.90,9.02,9.48,9.73,9.65,9.54,9.52,9.37,9.39,9.17,9.09,8.63,8.51,8.52,8.37,8.36,8.10,8.19,8.14,7.99,7.85,7.76,7.69,7.57,7.42,7.49,7.58,7.29,6.98,7.20,7.00,6.90,7.09,7.02,7.25,7.07,7.01,7.15,7.30,7.42,7.58,7.63,7.71,7.90,8.12,8.10,8.10,8.37,8.50,8.75,9.23,9.59,9.81,9.88,9.88,9.93,9.86,9.76,9.72,9.72,10.00,10.03,9.88,9.73,9.19,9.06,9.00,9.01,8.97,9.02,9.08,9.11,9.19,9.21,9.20,9.20,9.19,9.12,9.04,8.91,8.93,9.22,9.30,9.25,9.06,9.08,9.22,9.32,9.41,9.31,9.18,9.24,9.15,9.21,9.25,9.27,9.12,8.85,8.74,8.85,8.99,9.19,9.17,9.14,9.13,9.14,9.29,9.22,9.10,9.13,9.19,9.29,9.50,9.43,9.42,9.24,9.12,9.18,9.40,9.47,9.30
9.72,9.87,10.11,10.07,9.82,9.87,9.89,9.86,9.89,9.65,9.25,9.29,9.14,9.22,9.03,8.93,9.02,9.12,9.17,9.10,9.05,9.11,9.25,9.29,9.23,9.27,9.10,9.19,9.20,9.19,9.20,9.20,9.15,9.11,9.01,8.90,9.01,9.10,9.11,8.95,9.02,9.27,9.30,9.22,9.38,9.39,8.83,8.56,8.36,7.94,7.53,7.33,7.17,7.01,6.94,6.70,6.98,6.99,6.82,6.81,6.74,6.65,6.60,6.48,6.55,6.68,6.52,6.31,6.46,6.36,6.29,6.43,6.46,6.76,6.62,6.74,6.71,6.62,7.08,7.17,7.15,7.13,7.22,7.58,7.81,7.70,7.85,7.97,8.14,8.48,8.82,9.11,9.34,9.49,9.72,9.93,9.81,9.88,9.89,9.83,9.88,9.61,9.46,9.05,8.97,9.00,8.95,9.12,9.20,9.19,9.19,9.17,9.20,9.23,9.19,9.24,9.33,9.30,8.88,8.94,9.11,9.14,9.22,9.18,9.11,9.20,9.28,9.32,9.52,9.21,9.31,9.19,9.18,9.27,9.21,9.05,8.94,8.82,8.94,9.06,9.17,9.11,9.01,9.01,9.13,9.34,9.22,9.03,9.08,9.15,9.12,9.25,9.21,9.40,9.30,9.12,9.18,9.40,9.46,9.19
9.98,10.03,9.98,9.88,9.80,9.79,9.61,9.89,9.95,9.63,9.31,9.29,9.29,9.19,9.10,9.01,8.97,9.09,9.30,9.36,9.32,9.23,9.28,9.33,9.24,9.10,9.15,9.05,9.10,9.23,9.18,9.05,9.03,8.99,8.88,8.93,8.82,8.97,8.77,8.90,8.99,9.04,9.03,8.94,8.67,8.08,7.49,7.20,7.05,6.59,6.40,5.95,5.93,5.88,5.96,5.70,5.93,6.02,5.95,5.87,5.84,5.84,5.81,5.81,5.88,5.96,6.01,5.88,5.92,5.96,5.91,5.88,6.13,6.41,6.20,6.20,6.36,6.43,6.81,7.10,7.12,7.12,7.20,7.62,8.03,8.05,8.07,8.03,8.08,8.25,8.36,8.56,8.82,9.01,9.34,9.43,9.57,9.77,9.88,9.77,9.81,9.43,9.49,9.08,9.08,9.10,9.17,9.34,9.48,9.36,9.30,9.32,9.31,9.28,9.19,9.30,9.32,9.34,9.04,9.14,9.15,9.13,9.21,9.18,9.04,9.03,9.06,9.20,9.41,9.02,9.32,9.34,9.24,9.22,9.15,8.95,8.86,8.85,8.87,9.18,9.13,9.04,9.00,9.02,9.10,9.28,9.15,9.24,9.25,9.18,9.19,9.25,9.39,9.48,9.38,9.30,9.46,9.54,9.49,9.37
10.12,10.10,10.08,9.98,9.92,9.92,9.80,9.93,9.93,9.75,9.50,9.37,9.51,9.36,9.28,9.14,9.10,9.19,9.33,9.38,9.12,9.17,9.25,9.13,8.82,8.69,8.92,8.95,9.19,9.18,9.11,9.02,9.00,8.95,8.87,8.90,8.58,8.80,8.81,8.80,8.63,8.56,8.31,7.77,7.22,6.76,6.32,6.08,5.73,5.68,5.16,5.10,5.17,4.76,5.02,4.95,4.96,5.11,5.14,4.91,4.80,4.95,5.01,5.01,5.15,5.18,5.28,5.21,5.37,5.30,5.39,5.33,5.72,5.97,6.06,5.99,6.22,6.59,6.96,7.22,7.37,7.21,7.31,7.79,8.17,8.20,8.23,8.19,8.19,8.24,8.25,8.40,8.66,8.85,9.25,9.40,9.29,9.61,9.79,9.89,9.81,9.49,9.71,9.30,9.33,9.40,9.51,9.52,9.58,9.46,9.38,9.53,9.62,9.52,9.46,9.47,9.50,9.61,9.38,9.44,9.41,9.32,9.32,9.33,9.25,9.22,9.34,9.46,9.66,9.22,9.25,9.23,9.29,9.31,9.22,9.05,8.86,8.94,8.94,9.19,9.15,9.05,9.02,9.04,9.02,9.14,9.03,9.02,9.03,9.09,9.22,9.24,9.28,9.22,9.24,9.33,9.34,9.42,9.52,9.41
9.89,9.95,9.83,9.75,9.73,9.79,9.85,9.75,9.92,9.87,9.66,9.54,9.60,9.54,9.38,9.25,9.22,9.25,9.31,9.36,9.21,9.04,9.19,9.18,8.97,8.95,9.24,9.15,9.17,8.93,9.24,9.15,9.03,8.95,8.84,8.74,8.51,8.51,8.54,8.27,7.77,7.46,6.84,6.36,6.06,5.60,5.12,4.92,4.81,4.42,4.30,4.19,4.35,4.09,3.88,3.94,3.88,4.04,4.05,3.86,3.77,3.91,3.96,4.02,4.17,4.15,4.20,4.24,4.65,4.44,4.62,4.64,5.22,5.38,5.91,6.13,6.56,6.94,7.29,7.39,7.65,7.49,7.49,7.81,8.19,8.19,8.23,8.24,8.24,8.29,8.23,8.40,8.74,8.91,9.11,9.44,9.31,9.70,9.92,10.07,9.76,9.66,9.86,9.63,9.63,9.78,9.75,9.62,9.61,9.63,9.57,9.50,9.57,9.56,9.62,9.80,9.54,9.50,9.47,9.38,9.49,9.50,9.42,9.30,9.17,9.15,9.19,9.29,9.44,9.20,9.20,9.20,9.21,9.20,9.14,9.11,8.90,9.06,9.08,9.15,9.28,9.20,9.12,9.21,9.17,9.17,9.03,9.11,9.14,9.04,9.25,9.24,9.30,9.18,9.18,9.39,9.34,9.32,9.48,9.39
9.75,9.98,9.83,9.70,9.76,9.83,9.65,9.78,9.76,9.63,9.59,9.65,9.65,9.44,9.40,9.30,9.23,9.27,9.29,9.30,9.10,9.10,9.20,9.15,9.02,8.90,8.88,9.11,9.12,8.87,9.13,8.93,8.91,9.00,8.87,8.67,8.47,8.28,7.90,7.31,6.50,6.18,5.64,5.29,5.09,4.71,4.31,4.11,3.90,3.83,3.68,3.72,3.69,3.73,3.72,3.48,3.46,3.24,3.05,3.00,3.10,3.06,3.05,3.19,3.22,3.20,3.29,3.43,3.75,3.67,3.77,4.02,4.64,4.95,5.77,6.17,7.02,7.36,7.52,7.49,7.81,7.79,7.64,7.73,8.08,8.23,8.28,8.24,8.33,8.41,8.32,8.43,8.77,8.88,8.78,9.09,9.38,9.82,10.01,10.03,9.69,9.81,9.89,9.92,9.90,9.98,9.88,9.79,9.78,9.76,9.71,9.73,9.81,9.80,10.05,10.08,9.89,9.57,9.56,9.52,9.79,9.71,9.44,9.37,9.30,9.12,9.18,9.36,9.38,9.18,9.11,9.20,9.19,9.12,9.10,9.12,8.90,9.01,8.99,9.18,9.39,9.25,9.00,9.14,9.23,9.21,9.09,9.04,9.05,9.04,9.18,9.09,9.13,9.23,9.25,9.29,9.38,9.29,9.43,9.43
9.80,9.96,9.83,9.69,9.67,9.60,9.58,9.95,9.81,9.50,9.54,9.71,9.56,9.58,9.37,9.23,9.21,9.24,9.24,9.19,9.08,9.11,9.09,9.21,9.11,8.95,9.20,9.50,9.27,9.19,9.15,9.19,9.09,9.01,8.90,8.58,8.12,7.83,7.14,6.10,5.22,5.01,4.71,4.36,4.10,3.86,3.57,3.35,3.22,3.53,3.28,3.32,3.60,3.37,3.48,3.22,3.07,2.92,2.89,2.83,2.96,2.87,2.59,2.63,2.89,3.05,2.95,3.01,3.05,3.18,3.22,3.71,4.24,4.84,5.86,6.17,7.20,7.66,7.64,7.61,7.80,7.83,7.64,7.74,7.98,8.22,8.36,8.36,8.43,8.56,8.52,8.52,8.68,8.83,8.55,8.81,9.19,9.76,9.81,9.81,9.81,9.83,9.86,9.97,9.82,9.96,9.79,9.72,9.71,9.57,9.54,9.59,9.62,9.93,9.80,10.02,9.83,9.85,9.57,9.59,9.79,9.78,9.61,9.52,9.51,9.39,9.38,9.42,9.42,9.28,9.21,9.17,9.19,9.22,9.27,9.23,9.03,9.04,8.92,8.99,9.13,9.15,9.04,9.04,9.22,9.21,9.15,9.11,9.05,8.95,9.20,9.19,9.11,9.22,9.36,9.15,9.25,9.20,9.37,9.38
9.80,9.83,9.72,9.65,9.65,9.62,9.58,9.70,9.58,9.44,9.27,9.18,9.36,9.62,9.33,9.23,9.18,9.18,9.23,9.22,9.27,9.21,9.14,9.37,9.21,9.06,9.36,9.33,9.28,9.33,9.33,9.18,9.20,9.04,8.73,8.11,7.16,6.58,5.91,4.82,4.23,4.10,3.97,3.67,3.50,3.38,3.20,3.01,3.06,3.23,3.10,2.93,3.52,3.17,3.38,3.07,3.06,2.98,3.00,2.94,2.98,2.82,2.65,2.62,2.68,2.89,2.94,2.82,2.81,3.06,3.20,3.73,4.36,4.96,6.15,6.54,7.42,7.76,7.80,7.83,7.81,7.82,7.69,7.90,8.04,8.17,8.45,8.52,8.46,8.60,8.67,8.50,8.57,8.77,8.51,8.62,9.04,9.43,9.69,9.81,9.81,9.80,9.80,9.83,9.89,9.80,9.70,9.76,9.85,9.82,9.75,9.70,9.79,9.80,9.75,9.86,9.95,9.79,9.70,9.71,9.68,9.70,9.68,9.54,9.57,9.57,9.50,9.39,9.46,9.42,9.34,9.14,9.10,9.27,9.29,9.09,9.01,9.27,8.96,8.95,9.22,9.37,9.30,9.18,9.19,9.17,9.13,9.10,9.06,8.99,9.11,9.25,9.24,9.25,9.39,9.32,9.22,9.30,9.49,9.52
9.67,9.79,9.72,9.68,9.70,9.66,9.58,9.53,9.68,9.52,9.24,9.10,9.24,9.50,9.47,9.33,9.15,9.17,9.28,9.32,9.43,9.29,9.19,9.37,9.18,9.10,9.32,9.37,9.46,9.13,9.15,9.10,8.76,8.52,8.11,7.09,5.94,5.23,4.36,3.84,3.62,3.67,3.55,3.30,3.32,3.26,3.07,3.05,3.11,3.18,3.10,3.06,3.26,3.01,3.35,3.13,3.22,3.19,2.93,2.65,2.81,3.01,2.99,2.82,2.99,3.37,3.28,3.25,3.25,3.40,3.67,4.10,4.52,5.35,6.70,7.17,7.78,7.79,8.02,7.96,8.06,8.00,7.79,7.88,8.03,8.13,8.40,8.52,8.51,8.66,8.67,8.49,8.37,8.65,8.59,8.45,8.60,8.90,9.06,9.46,9.36,9.47,9.75,9.56,9.46,9.54,9.62,9.70,9.87,9.82,9.61,9.72,9.85,9.79,9.72,9.89,9.73,9.82,9.82,9.79,9.73,9.63,9.57,9.54,9.59,9.52,9.39,9.44,9.56,9.49,9.30,9.15,9.18,9.28,9.28,9.23,8.85,8.95,8.92,9.10,9.22,9.14,9.17,9.15,8.96,9.03,9.08,9.01,8.95,9.12,9.09,9.20,9.27,9.31,9.43,9.56,9.20,9.12,9.28,9.39
9.58,9.65,9.85,9.81,9.67,9.58,9.52,9.50,9.72,9.53,9.27,9.21,9.33,9.37,9.31,9.33,9.25,9.15,9.13,9.21,9.39,9.17,9.15,9.32,9.20,9.18,9.29,9.28,9.39,9.11,9.05,8.73,8.16,7.70,6.88,5.70,4.58,3.86,3.91,3.36,3.44,3.49,3.31,3.05,3.23,3.16,3.00,3.08,3.14,3.16,3.13,3.14,3.28,2.93,3.19,2.98,3.17,3.18,3.05,2.98,2.86,2.81,2.90,2.96,3.05,3.20,3.29,3.37,3.52,3.72,3.78,4.37,4.64,5.28,6.92,7.45,7.80,7.69,7.91,7.90,8.11,7.97,7.83,7.87,7.90,8.05,8.43,8.65,8.59,8.69,8.73,8.54,8.46,8.68,8.49,8.75,8.64,8.64,8.58,8.78,8.76,8.99,9.00,8.77,9.06,9.17,9.12,9.19,9.29,9.22,9.01,9.21,9.47,9.24,9.30,9.37,9.53,9.48,9.58,9.61,9.62,9.57,9.46,9.48,9.51,9.41,9.21,9.49,9.54,9.32,9.29,9.43,9.43,9.33,9.25,9.19,9.09,9.09,9.01,9.03,9.15,9.11,9.03,9.11,8.96,8.92,8.99,8.96,8.83,9.17,9.27,9.33,9.32,9.19,9.05,9.48,9.37,9.12,9.17,9.42
9.68,9.83,9.73,9.69,9.65,9.54,9.49,9.50,9.58,9.44,9.31,9.34,9.43,9.46,9.37,9.34,9.36,9.30,9.25,9.29,9.37,9.46,9.32,9.44,9.37,9.30,9.29,9.29,9.41,9.24,8.87,8.23,7.48,6.56,5.49,4.38,3.52,3.30,3.65,3.40,2.96,3.24,3.06,3.10,3.08,3.05,3.04,3.06,3.11,3.13,3.16,3.06,3.23,3.05,3.19,3.25,3.38,3.36,3.16,2.93,3.12,3.01,2.92,3.04,3.20,3.44,3.50,3.53,3.66,3.87,3.88,4.39,5.04,5.77,7.06,7.30,8.02,7.64,8.21,8.17,8.12,7.89,8.00,8.25,8.27,8.23,8.43,8.59,8.54,8.65,8.74,8.63,8.46,8.69,8.19,8.42,8.34,8.37,8.55,8.42,8.66,8.64,8.80,8.78,8.81,8.73,8.69,8.74,8.84,8.91,8.72,8.77,8.96,9.03,8.97,9.13,9.11,9.05,9.06,9.09,9.11,9.18,9.22,9.21,9.13,9.20,9.18,9.13,9.12,9.11,9.11,9.09,9.15,9.24,9.32,8.88,9.05,9.13,8.96,8.99,9.18,9.11,9.15,9.17,9.14,9.00,8.94,9.04,8.91,9.12,9.14,9.14,9.12,9.03,8.74,9.27,9.28,9.19,9.25,9.49
9.58,9.73,9.79,9.65,9.61,9.70,9.72,9.62,9.51,9.49,9.44,9.41,9.42,9.48,9.34,9.29,9.34,9.41,9.42,9.38,9.41,9.34,9.41,9.54,9.40,9.30,9.34,9.40,9.23,9.01,8.42,7.48,6.37,5.22,4.23,3.56,3.30,3.28,3.34,3.24,2.92,3.24,3.12,3.19,3.12,3.12,3.19,3.14,3.11,3.23,3.19,3.04,3.29,3.24,3.34,3.40,3.40,3.46,3.30,3.10,3.19,3.10,3.13,3.24,3.38,3.59,3.60,3.67,3.83,3.91,4.02,4.51,5.42,5.95,7.30,7.60,7.94,7.74,8.19,8.06,7.99,7.94,8.04,7.96,7.88,8.06,8.36,8.65,8.71,8.66,8.80,8.56,8.34,8.25,7.95,8.04,8.15,8.24,8.23,8.69,8.95,9.17,9.33,9.20,8.96,8.92,9.00,8.88,8.75,8.90,8.74,8.73,8.91,9.04,8.90,9.08,8.85,8.82,8.74,8.68,8.71,8.73,8.85,8.84,8.73,8.84,8.92,8.93,9.04,9.02,8.94,8.95,8.97,9.12,9.17,8.77,8.84,9.04,9.03,9.01,9.18,9.11,9.31,9.25,9.23,9.11,9.04,9.23,9.27,9.14,9.05,9.20,9.31,9.09,9.08,9.23,9.33,9.28,9.25,9.38
9.72,9.87,9.86,9.65,9.67,9.68,9.69,9.70,9.71,9.83,9.63,9.49,9.53,9.60,9.48,9.38,9.56,9.61,9.57,9.52,9.54,9.53,9.41,9.23,9.28,9.32,9.33,9.08,8.57,8.30,7.52,6.33,5.05,4.13,3.67,3.35,3.19,3.19,3.10,3.17,2.88,3.11,2.98,3.08,3.17,3.11,3.18,3.26,3.32,3.43,3.24,3.14,3.48,3.43,3.40,3.26,3.43,3.52,3.37,3.31,3.31,3.31,3.37,3.31,3.30,3.43,3.56,3.74,3.90,4.04,4.35,4.75,5.86,6.63,7.55,7.76,8.00,7.90,8.10,8.20,8.28,8.04,8.02,8.04,7.96,7.89,8.11,8.49,8.62,8.48,8.39,8.28,8.00,8.13,7.82,7.70,7.79,8.00,8.30,8.65,9.10,9.56,9.80,9.72,9.43,9.40,9.48,9.30,9.18,9.24,8.97,9.17,9.23,9.30,9.12,9.12,9.04,8.92,8.83,8.80,8.88,9.05,9.03,8.77,8.65,8.66,8.50,8.56,8.57,8.65,8.62,8.45,8.65,8.88,8.99,8.78,8.69,8.93,9.04,8.97,9.14,9.22,9.33,9.29,9.17,9.02,8.95,9.04,9.22,9.13,9.13,9.23,9.25,9.00,9.05,9.33,9.36,9.24,9.20,9.18
9.79,9.87,9.87,9.70,9.68,9.70,9.60,9.46,9.46,9.88,9.76,9.73,9.78,9.77,9.58,9.43,9.58,9.66,9.66,9.61,9.61,9.58,9.29,9.29,9.41,9.18,8.81,8.36,7.86,7.32,6.22,5.02,4.00,3.57,3.57,3.26,3.18,3.38,3.26,3.17,3.08,3.20,2.98,3.05,3.00,2.92,3.17,3.34,3.40,3.52,3.41,3.24,3.46,3.54,3.41,3.25,3.53,3.48,3.31,3.29,3.31,3.38,3.37,3.38,3.41,3.47,3.69,3.84,3.93,4.25,4.59,5.09,6.40,7.33,8.04,7.86,8.02,7.89,8.30,8.16,8.08,7.96,8.00,8.10,8.12,8.04,7.99,8.22,8.40,8.25,8.13,8.03,7.81,8.03,7.95,7.88,8.06,8.19,8.32,8.66,9.01,9.33,9.62,9.78,9.67,9.65,9.62,9.47,9.60,9.65,9.36,9.71,9.43,9.71,9.57,9.49,9.50,9.31,9.19,9.11,8.92,8.91,8.75,8.56,8.46,8.24,8.19,8.15,8.13,8.15,8.20,8.13,8.31,8.58,8.56,8.60,8.57,8.80,8.97,8.87,9.10,9.22,9.32,9.28,9.29,9.27,9.05,8.87,9.15,9.25,9.13,9.10,9.21,9.06,9.10,9.30,9.32,9.19,9.18,9.13
9.69,9.81,9.89,9.66,9.72,9.71,9.60,9.53,9.52,9.58,9.81,9.67,9.72,9.72,9.57,9.47,9.44,9.59,9.54,9.53,9.65,9.63,9.41,9.30,9.27,8.66,8.11,7.64,7.09,6.23,4.95,4.02,3.55,3.49,3.44,3.04,3.14,3.46,3.36,3.20,3.16,3.37,3.35,3.32,3.44,3.44,3.29,3.29,3.47,3.55,3.48,3.35,3.56,3.49,3.42,3.30,3.41,3.23,3.32,3.18,3.22,3.26,3.26,3.48,3.62,3.68,3.84,3.87,4.07,4.52,4.89,5.50,6.75,7.66,8.34,7.89,8.02,7.85,8.22,8.16,8.03,8.05,8.07,7.99,8.06,8.19,8.15,8.13,8.23,8.19,7.97,7.82,7.81,7.82,7.91,8.23,8.31,8.48,8.58,8.76,9.03,9.17,9.40,9.51,9.53,9.58,9.52,9.44,9.59,9.59,9.49,9.80,9.43,9.80,9.81,9.77,9.77,9.57,9.46,9.65,9.67,9.42,9.03,8.75,8.34,8.10,7.76,7.83,7.93,7.87,7.90,8.00,8.07,8.23,8.15,8.36,8.48,8.65,8.84,8.86,8.99,8.91,9.12,9.25,9.17,9.04,9.10,9.04,9.22,9.24,9.18,9.08,9.10,9.04,9.13,9.14,9.17,9.28,9.34,9.18
9.60,9.86,9.90,9.53,9.77,9.66,9.62,9.61,9.60,9.63,9.59,9.52,9.79,9.88,9.70,9.58,9.47,9.52,9.46,9.54,9.68,9.58,9.43,9.03,9.08,8.39,7.66,6.89,5.97,4.92,3.93,3.65,3.40,3.59,3.20,2.88,3.07,3.35,3.37,3.35,3.26,3.29,3.43,3.49,3.65,3.50,3.34,3.43,3.54,3.53,3.53,3.48,3.31,3.53,3.65,3.30,3.66,3.44,3.52,3.32,3.53,3.41,3.37,3.61,3.75,3.84,3.86,3.84,4.34,4.98,5.42,5.97,6.98,7.87,8.33,7.85,8.14,7.99,8.20,8.27,8.11,8.17,8.10,7.99,8.03,8.15,8.23,8.11,7.96,7.93,7.86,7.80,7.86,7.87,8.00,8.32,8.47,8.62,8.82,8.77,9.05,9.24,9.43,9.38,9.37,9.46,9.46,9.60,9.44,9.29,9.06,9.46,9.56,9.69,9.76,9.70,9.72,9.63,9.39,9.32,9.51,9.38,9.06,8.75,8.31,7.97,7.61,7.54,7.68,7.72,7.81,8.04,8.03,8.07,8.12,8.39,8.63,8.71,8.67,8.68,9.01,8.82,9.11,9.36,9.37,9.15,9.06,9.14,9.20,9.10,9.06,9.15,9.08,8.95,8.91,9.00,9.09,9.12,9.27,9.22
9.59,9.88,9.81,9.49,9.75,9.62,9.57,9.67,9.78,9.63,9.58,9.57,9.73,9.69,9.47,9.32,9.40,9.66,9.59,9.66,9.67,9.49,9.27,8.78,8.50,7.61,6.69,5.73,4.84,4.13,3.69,3.50,3.12,3.55,3.26,3.12,3.29,3.38,3.49,3.55,3.37,3.20,3.41,3.55,3.69,3.56,3.63,3.67,3.60,3.59,3.68,3.68,3.65,3.66,3.60,3.59,3.61,3.75,3.63,3.41,3.59,3.60,3.62,3.88,3.94,3.94,3.90,3.91,4.63,5.44,5.95,6.51,7.20,7.94,8.13,7.77,8.24,8.00,8.23,8.23,8.14,8.22,8.05,8.00,7.96,7.96,8.06,7.98,7.85,7.72,7.80,7.85,7.90,8.06,8.15,8.29,8.50,8.57,8.74,8.77,8.96,9.20,9.38,9.41,9.43,9.47,9.49,9.60,9.67,9.66,9.82,9.72,9.70,9.62,9.52,9.32,9.43,9.61,9.46,9.30,9.58,9.39,9.03,8.63,8.31,7.83,7.56,7.55,7.65,7.80,7.93,8.19,8.11,8.22,8.30,8.47,8.72,8.94,9.03,8.88,8.87,8.81,8.81,8.97,9.14,9.09,9.05,9.22,9.17,9.00,8.91,9.08,9.21,9.12,9.10,9.12,9.15,9.17,9.18,9.04
9.56,9.65,9.68,9.67,9.63,9.66,9.52,9.75,9.85,9.67,9.59,9.65,9.78,9.79,9.66,9.41,9.22,9.73,9.47,9.50,9.50,9.27,8.93,8.45,7.86,6.85,5.86,5.05,4.45,3.99,3.66,3.49,3.29,3.38,3.41,3.55,3.42,3.38,3.55,3.57,3.43,3.41,3.49,3.54,3.60,3.66,3.75,3.63,3.55,3.53,3.56,3.69,3.80,3.86,3.90,3.65,3.62,3.71,3.65,3.55,3.78,3.74,3.65,3.67,3.78,3.99,4.17,4.34,4.91,5.65,6.28,7.04,7.41,7.79,7.89,7.66,7.89,7.49,7.81,7.79,7.82,8.00,7.99,7.98,7.89,7.90,7.96,7.88,7.98,7.88,7.86,7.87,8.03,8.13,8.13,8.41,8.36,8.49,8.60,8.93,9.17,9.29,9.38,9.48,9.58,9.58,9.36,9.17,9.30,9.70,9.44,9.32,9.44,9.54,9.56,9.38,9.40,9.61,9.67,9.60,9.59,9.30,8.85,8.55,8.27,7.91,7.70,7.77,7.96,8.06,8.24,8.32,8.47,8.36,8.45,8.56,8.66,8.77,8.91,8.87,8.94,8.95,8.94,8.96,9.02,9.03,9.09,9.21,9.18,9.06,8.99,8.92,8.91,8.88,9.01,9.06,9.00,9.05,8.91,8.90
9.75,9.85,9.71,9.56,9.58,9.66,9.67,9.72,9.76,9.70,9.49,9.62,9.68,9.70,9.66,9.56,9.46,9.54,9.17,9.25,9.06,8.69,8.34,7.85,7.40,6.29,5.28,4.62,4.28,3.99,3.72,3.73,3.46,3.63,3.61,3.52,3.36,3.61,3.66,3.50,3.65,3.62,3.61,3.46,3.46,3.59,3.72,3.62,3.60,3.62,3.60,3.75,3.91,3.91,3.97,3.91,3.84,3.88,3.78,3.49,3.62,3.69,3.73,4.00,3.98,3.94,4.18,4.59,5.51,6.43,7.01,7.10,7.55,7.81,7.71,7.44,7.12,6.77,7.02,7.24,7.12,7.44,7.83,8.00,7.97,8.08,8.10,7.88,8.04,7.90,7.97,8.22,8.02,8.41,8.51,8.52,8.64,8.52,8.30,8.69,8.99,9.28,9.60,9.66,9.51,9.34,9.24,9.28,9.31,9.71,9.58,9.37,9.39,9.53,9.52,9.58,9.66,9.68,9.69,9.77,9.62,9.47,8.77,8.67,8.39,8.24,8.13,8.00,8.00,8.21,8.45,8.62,8.51,8.43,8.56,8.62,8.60,8.75,8.95,8.87,9.01,8.99,8.95,8.97,9.03,9.15,9.14,9.13,9.15,9.15,9.02,8.96,9.02,9.01,9.02,9.01,8.87,8.92,8.74,8.92
9.79,9.92,9.72,9.67,9.86,9.66,9.75,9.60,9.67,9.67,9.48,9.59,9.66,9.67,9.57,9.37,9.17,9.27,8.86,8.92,8.66,8.10,7.58,7.18,6.88,5.72,4.83,4.26,4.07,3.94,3.88,3.88,3.44,3.66,3.85,3.68,3.59,3.47,3.53,3.68,3.61,3.60,3.66,3.56,3.60,3.55,3.83,3.71,3.74,3.83,3.83,3.92,4.03,3.99,4.03,3.80,3.86,3.86,3.73,3.81,3.79,3.71,3.71,3.97,4.07,4.37,4.74,4.92,5.67,6.77,7.07,7.44,7.69,8.14,7.37,7.52,7.02,6.94,7.30,7.38,7.12,7.39,7.68,7.61,7.58,7.80,7.95,7.97,8.06,7.95,8.13,8.12,8.68,8.92,8.63,8.85,8.94,8.50,8.58,8.74,9.00,9.38,9.53,9.38,9.22,9.31,9.40,9.22,9.52,9.54,9.48,9.44,9.54,9.50,9.54,9.59,9.62,9.66,9.67,9.63,9.62,9.82,9.11,8.99,8.88,8.63,8.38,8.32,8.45,8.59,8.78,8.69,8.67,8.81,8.78,8.69,8.69,8.82,9.03,8.95,8.95,8.93,8.83,8.80,8.97,9.18,9.31,9.33,9.27,9.17,9.05,9.00,9.09,9.06,9.08,9.05,8.93,9.12,8.86,9.00
9.72,9.86,9.60,9.59,9.78,9.70,9.63,9.67,9.78,9.79,9.70,9.65,9.72,9.61,9.42,9.12,8.81,8.69,8.29,8.10,7.74,7.66,7.52,6.86,6.37,5.08,4.67,4.26,4.04,3.97,3.94,3.86,3.67,3.88,3.86,3.73,3.77,3.85,3.87,3.61,3.56,3.92,3.74,3.98,3.93,3.88,3.93,3.75,3.86,3.97,3.93,3.99,4.10,4.17,4.11,3.71,3.88,3.79,3.74,3.91,3.79,3.60,3.66,3.78,3.99,4.52,5.01,5.46,6.29,7.05,7.34,7.58,8.21,8.25,7.77,7.72,7.33,7.56,7.42,7.72,7.85,8.06,7.97,7.89,7.86,7.96,8.16,8.11,8.12,8.15,8.47,8.46,8.58,8.97,8.63,8.90,8.83,8.72,8.68,8.75,9.01,9.37,9.56,9.60,9.51,9.47,9.50,9.25,9.70,9.73,9.37,9.37,9.58,9.51,9.62,9.71,9.65,9.66,9.69,9.49,9.57,9.81,9.49,9.21,9.00,8.83,8.71,8.66,8.67,8.76,8.62,8.95,8.90,9.01,9.00,8.90,8.94,8.92,9.06,9.10,9.00,8.95,8.92,8.95,9.19,9.21,9.30,9.18,9.10,9.12,9.11,8.91,9.02,9.10,9.12,9.11,9.01,9.31,9.14,9.08
