-3.84,-3.94,-3.83,-3.96,-4.01,-4.39,-4.20,-3.83,-3.72,-2.54,-1.47,-0.62,-0.18,-0.10,-0.12,0.14,-0.11,-0.16,-0.15,-0.18,-0.34,-0.64,-0.73,-1.28,-1.88,-2.60,-3.89,-6.03,-8.92,-12.62,-16.80,-21.76,-26.44,-30.60,-33.70,-35.41,-36.03,-36.45,-36.37,-36.92,-36.87,-37.04,-37.17,-37.34,-37.23,-37.28,-37.49,-37.55,-37.68,-37.21,-37.23,-37.21,-37.13,-37.09,-37.23,-37.17,-37.21,-37.15,-37.17,-37.30,-37.43,-37.58,-37.53,-37.53,-37.85,-38.40,-38.07,-38.01,-38.09,-38.33,-38.46,-38.20,-37.90,-37.92,-38.09,-37.94,-37.85,-37.96,-38.01,-38.27,-38.11,-38.18,-37.81,-37.17,-34.67,-36.07,-36.83,-37.62,-37.51,-37.60,-37.66,-37.40,-35.31,-31.34,-28.54,-27.84,-28.72,-31.19,-33.86,-35.58,-36.22,-36.37,-36.45,-36.35,-36.89,-37.32,-37.60,-37.66,-37.55,-37.92,-38.16,-37.94,-37.73,-37.34,-37.09,-37.09,-36.60,-36.54,-36.77,-36.77,-36.49,-36.56,-36.47,-36.07,-36.12,-35.89,-36.12,-35.93,-35.80,-35.51,-35.60,-35.60,-35.25,-35.27,-34.73,-35.58,-35.04,-35.27,-35.45,-35.51,-35.53,-35.23,-34.90,-34.98,-35.06,-35.29,-35.43,-35.23,-35.39,-35.47,-35.27,-35.18,-35.41,-35.68,-35.20,-34.88,-34.67,-34.63,-34.65,-34.25
-3.55,-3.62,-3.67,-3.70,-3.83,-4.22,-4.27,-3.92,-3.84,-3.22,-1.99,-0.96,-0.43,-0.31,-0.13,0.00,0.15,-0.02,-0.11,-0.03,-0.11,-0.16,-0.24,-0.53,-0.78,-1.08,-1.61,-2.53,-3.84,-6.19,-8.44,-12.90,-17.47,-23.34,-28.93,-32.45,-34.29,-35.70,-35.95,-36.51,-36.49,-36.33,-36.60,-36.92,-36.85,-36.94,-37.30,-37.19,-37.26,-36.89,-37.04,-36.73,-37.04,-37.06,-36.96,-36.89,-36.94,-36.87,-36.73,-36.81,-37.11,-37.36,-37.34,-37.15,-37.70,-37.92,-37.81,-37.77,-38.07,-38.03,-37.98,-37.94,-37.79,-37.73,-37.55,-37.38,-37.66,-37.81,-37.70,-38.16,-37.75,-37.70,-37.34,-36.35,-33.94,-35.58,-36.94,-37.45,-37.55,-36.83,-36.58,-36.60,-35.23,-30.96,-27.90,-27.55,-28.91,-31.71,-34.33,-35.70,-36.33,-36.51,-36.70,-36.83,-36.96,-37.15,-37.11,-37.30,-37.19,-37.62,-38.01,-37.88,-37.53,-36.98,-36.60,-36.68,-36.30,-36.54,-36.20,-35.76,-35.93,-36.10,-35.85,-35.49,-35.51,-35.35,-35.74,-35.10,-35.43,-35.39,-35.49,-35.25,-34.88,-35.04,-34.86,-34.98,-35.23,-35.33,-35.51,-35.49,-35.45,-35.41,-34.65,-34.71,-35.02,-35.12,-35.04,-34.98,-34.86,-34.75,-34.92,-34.96,-34.65,-34.33,-34.88,-34.35,-34.11,-34.27,-34.33,-33.88
-3.36,-3.39,-3.52,-3.54,-3.70,-3.88,-4.01,-4.06,-3.79,-3.63,-2.36,-1.09,-0.36,-0.13,0.18,0.10,0.25,0.18,0.00,-0.02,-0.05,0.03,-0.07,-0.44,-0.61,-0.61,-0.76,-1.12,-1.65,-2.86,-4.20,-6.60,-10.06,-15.40,-21.61,-26.76,-30.09,-32.12,-34.35,-35.35,-36.01,-35.93,-36.24,-36.45,-36.39,-36.47,-36.73,-36.51,-36.77,-36.87,-36.62,-36.60,-37.02,-36.85,-36.75,-36.68,-36.43,-36.16,-36.16,-36.45,-36.51,-36.49,-36.89,-37.21,-37.13,-36.81,-36.79,-37.58,-37.26,-37.32,-37.38,-37.81,-37.60,-37.38,-37.19,-36.87,-36.79,-36.98,-37.38,-37.73,-37.23,-36.94,-37.02,-36.14,-33.01,-34.67,-36.37,-37.17,-36.35,-36.35,-36.16,-36.47,-34.35,-29.95,-27.23,-26.58,-27.88,-31.06,-33.64,-35.35,-36.41,-36.58,-36.35,-36.66,-36.49,-36.73,-36.77,-36.77,-36.75,-37.17,-37.66,-37.47,-36.81,-36.35,-36.26,-36.49,-36.14,-36.05,-35.80,-35.93,-35.70,-35.64,-35.60,-35.35,-35.35,-35.33,-35.78,-34.63,-35.25,-35.16,-35.06,-34.73,-34.49,-34.63,-34.51,-34.53,-34.61,-34.71,-34.61,-34.65,-34.90,-34.86,-34.41,-34.37,-34.57,-34.61,-34.63,-34.53,-34.41,-34.23,-34.39,-34.31,-34.00,-33.86,-34.35,-33.90,-34.15,-34.17,-33.94,-33.74
-3.27,-3.37,-3.53,-3.41,-3.58,-3.88,-4.22,-4.40,-4.54,-3.80,-2.65,-1.45,-0.52,-0.05,0.23,0.30,0.25,0.15,0.05,-0.05,0.00,0.05,0.02,-0.26,-0.44,-0.27,-0.07,-0.29,-0.67,-1.53,-1.81,-3.05,-5.07,-8.47,-13.12,-17.92,-22.23,-25.99,-30.14,-32.57,-34.57,-35.35,-35.78,-35.89,-35.95,-36.22,-36.18,-36.03,-36.33,-36.30,-36.12,-36.62,-36.58,-36.87,-36.56,-36.33,-36.18,-36.03,-36.05,-36.18,-36.20,-36.28,-36.70,-36.81,-36.56,-36.41,-36.66,-36.83,-36.89,-37.17,-37.13,-37.26,-37.04,-36.98,-36.94,-36.60,-36.49,-36.75,-36.94,-37.06,-36.92,-37.02,-36.75,-36.12,-33.01,-33.56,-35.49,-36.75,-35.93,-35.78,-35.33,-34.73,-33.42,-28.65,-23.95,-22.34,-24.78,-30.07,-33.88,-35.41,-35.97,-36.64,-36.85,-36.20,-36.03,-36.39,-36.62,-36.24,-36.35,-36.60,-36.85,-36.60,-36.10,-35.82,-35.82,-35.89,-35.51,-35.18,-35.18,-35.37,-35.27,-35.10,-34.77,-34.51,-34.57,-34.90,-35.29,-34.92,-35.23,-34.69,-34.45,-34.25,-34.11,-34.08,-34.15,-33.90,-34.19,-34.06,-33.96,-34.39,-34.59,-34.29,-34.02,-34.06,-34.02,-34.25,-34.17,-33.94,-34.08,-33.76,-33.82,-33.60,-33.30,-33.28,-33.86,-33.50,-34.00,-33.98,-33.74,-33.62
-3.22,-3.24,-3.66,-3.61,-3.90,-4.00,-3.88,-4.20,-4.20,-3.98,-3.09,-1.85,-0.72,-0.10,0.04,0.23,0.20,0.02,-0.13,-0.12,-0.06,-0.17,-0.10,-0.02,-0.17,-0.28,-0.17,-0.27,-0.28,-0.81,-0.78,-1.35,-2.21,-3.71,-6.37,-9.79,-13.16,-17.72,-22.56,-27.14,-30.90,-33.36,-34.61,-35.33,-35.82,-35.97,-35.97,-35.99,-35.45,-35.78,-35.97,-35.95,-36.03,-36.30,-36.33,-36.18,-36.10,-35.76,-35.41,-35.47,-35.58,-35.60,-35.97,-36.07,-35.87,-36.10,-36.30,-36.22,-36.30,-36.68,-36.83,-36.49,-36.28,-36.39,-36.22,-36.05,-36.24,-36.41,-36.47,-36.45,-36.35,-36.45,-36.20,-35.49,-33.16,-32.24,-34.23,-34.92,-33.80,-33.84,-33.16,-32.41,-30.39,-25.66,-17.70,-13.45,-18.70,-28.57,-33.48,-34.88,-35.53,-36.26,-35.82,-35.62,-35.62,-35.29,-35.56,-35.74,-35.78,-35.70,-35.72,-35.64,-35.39,-35.20,-35.14,-35.23,-34.80,-34.55,-34.37,-34.65,-34.63,-34.59,-34.35,-34.19,-34.31,-34.37,-34.55,-34.88,-34.90,-34.41,-33.98,-33.82,-33.62,-33.48,-33.72,-33.48,-33.92,-33.66,-33.98,-34.21,-34.13,-33.82,-33.34,-33.22,-33.54,-33.66,-33.42,-33.34,-33.70,-33.30,-33.44,-33.28,-33.20,-33.26,-33.08,-32.97,-33.58,-33.34,-32.97,-32.85
-2.91,-2.79,-3.24,-3.41,-3.57,-3.62,-3.50,-4.02,-4.10,-4.03,-3.36,-2.16,-0.93,-0.27,-0.18,-0.02,0.11,0.15,0.00,-0.16,-0.26,-0.12,-0.06,-0.11,-0.17,-0.21,-0.21,-0.22,0.02,-0.36,-0.33,-0.62,-0.98,-1.51,-2.70,-4.54,-6.36,-9.29,-13.17,-18.90,-24.51,-29.09,-32.02,-33.76,-34.71,-34.77,-34.90,-35.35,-35.43,-35.29,-35.31,-35.41,-35.58,-35.76,-35.58,-35.66,-35.64,-35.35,-35.04,-34.88,-35.18,-35.06,-35.41,-35.56,-35.14,-35.62,-35.74,-35.82,-35.43,-35.87,-35.99,-35.82,-35.47,-35.53,-35.31,-35.16,-35.47,-35.62,-35.87,-35.78,-35.60,-35.74,-35.56,-34.67,-32.75,-30.62,-31.62,-30.35,-28.39,-28.12,-27.03,-26.42,-25.22,-22.39,-14.60,-9.17,-15.02,-27.03,-32.67,-34.29,-34.71,-35.27,-35.89,-35.12,-34.51,-34.23,-35.04,-35.20,-34.75,-34.55,-34.92,-34.73,-34.29,-34.17,-34.25,-34.39,-34.25,-33.86,-33.92,-34.02,-33.84,-33.92,-33.62,-33.44,-33.62,-33.66,-33.64,-33.76,-33.28,-33.44,-33.06,-33.12,-32.81,-32.57,-32.85,-32.73,-32.93,-32.93,-33.10,-33.20,-33.08,-32.77,-32.69,-32.93,-32.55,-33.05,-33.10,-32.93,-32.85,-32.53,-32.67,-32.43,-32.49,-32.39,-32.00,-31.89,-32.45,-32.12,-32.04,-32.08
-3.08,-3.08,-3.37,-3.32,-3.48,-3.68,-3.45,-3.98,-4.15,-4.02,-3.46,-2.40,-1.11,-0.53,-0.20,0.02,0.08,-0.11,-0.29,-0.23,-0.17,-0.15,-0.22,-0.33,-0.28,-0.13,-0.11,-0.17,0.15,-0.17,-0.24,-0.44,-0.69,-0.97,-1.55,-1.98,-2.90,-4.23,-6.35,-10.44,-16.49,-22.51,-26.69,-29.60,-32.04,-33.50,-34.69,-34.49,-35.47,-35.02,-34.98,-34.94,-35.02,-35.12,-34.88,-34.90,-35.02,-34.84,-34.73,-34.65,-34.86,-34.45,-34.63,-35.06,-34.23,-35.06,-35.02,-35.35,-34.84,-35.00,-35.02,-34.90,-34.75,-34.80,-34.55,-34.37,-34.57,-34.80,-35.04,-35.16,-35.10,-35.10,-34.86,-33.84,-31.73,-28.32,-27.48,-21.66,-18.41,-17.27,-16.13,-16.28,-17.36,-18.36,-13.59,-8.76,-14.25,-26.17,-32.24,-33.70,-33.68,-34.06,-34.51,-34.31,-34.29,-33.66,-33.64,-33.86,-33.46,-33.84,-34.31,-33.80,-33.24,-33.05,-32.87,-32.87,-33.08,-32.55,-32.73,-32.73,-32.45,-32.59,-32.16,-32.00,-32.12,-31.95,-32.14,-32.20,-32.12,-31.60,-31.46,-31.52,-31.23,-30.88,-30.67,-30.41,-30.39,-30.86,-30.45,-30.54,-30.48,-30.09,-29.82,-30.43,-29.99,-30.20,-30.37,-30.26,-29.99,-29.86,-30.05,-29.54,-29.60,-29.52,-29.17,-28.94,-29.20,-28.72,-28.81,-28.72
-2.90,-2.94,-3.04,-3.10,-3.23,-3.53,-3.46,-3.81,-4.01,-3.96,-3.58,-2.76,-1.11,-0.62,-0.34,-0.34,-0.28,-0.08,-0.08,-0.02,-0.11,-0.10,-0.20,-0.32,-0.28,-0.07,-0.02,-0.06,0.09,-0.16,-0.33,-0.52,-0.71,-0.72,-0.99,-1.06,-1.03,-1.61,-2.96,-4.99,-8.14,-12.41,-17.36,-22.34,-26.58,-29.86,-32.69,-33.26,-34.61,-34.49,-34.41,-34.29,-34.39,-34.41,-34.13,-33.98,-34.11,-34.11,-33.98,-34.00,-34.21,-33.54,-33.56,-34.15,-33.34,-34.13,-33.94,-34.33,-34.11,-33.92,-34.06,-33.52,-33.62,-33.78,-33.58,-33.44,-33.48,-33.54,-33.58,-33.94,-33.88,-33.78,-33.34,-32.04,-29.99,-25.50,-22.03,-12.71,-8.54,-7.22,-6.64,-7.24,-10.76,-15.97,-13.75,-8.91,-13.51,-24.45,-30.27,-31.48,-31.52,-31.79,-31.79,-31.96,-31.83,-31.54,-30.90,-31.19,-30.94,-31.58,-31.54,-30.98,-30.75,-30.62,-30.27,-29.99,-29.65,-29.37,-29.00,-29.13,-28.61,-28.61,-28.15,-27.99,-27.81,-27.66,-27.88,-27.41,-27.15,-26.70,-26.40,-26.56,-26.35,-26.21,-26.31,-26.21,-25.76,-26.33,-25.75,-25.52,-25.55,-25.15,-24.80,-25.04,-24.42,-24.82,-24.99,-24.77,-24.42,-24.26,-24.30,-24.61,-24.52,-24.19,-23.83,-23.56,-23.70,-23.10,-22.98,-22.87
-2.76,-2.87,-2.86,-2.87,-3.01,-3.24,-3.36,-3.57,-3.71,-3.83,-3.76,-3.14,-1.55,-0.54,-0.34,-0.29,-0.18,-0.12,-0.12,-0.16,-0.21,-0.20,-0.21,-0.27,-0.21,-0.05,-0.08,0.09,0.08,-0.11,-0.32,-0.57,-0.76,-0.77,-0.74,-0.86,-0.66,-1.12,-1.67,-2.36,-3.77,-5.93,-8.81,-12.72,-17.56,-22.78,-28.01,-30.85,-32.53,-32.77,-32.85,-32.65,-32.65,-32.73,-32.37,-32.10,-32.20,-32.24,-32.12,-31.95,-32.39,-31.73,-31.81,-32.08,-31.75,-31.87,-31.77,-31.77,-31.56,-31.48,-31.62,-31.15,-30.83,-30.81,-30.58,-30.37,-30.22,-29.95,-30.03,-30.14,-29.77,-30.09,-29.33,-27.73,-26.47,-21.81,-15.68,-7.35,-3.35,-2.58,-2.51,-2.86,-7.44,-13.87,-12.55,-7.56,-10.95,-20.11,-24.64,-25.45,-25.43,-25.38,-25.45,-25.25,-24.92,-25.04,-24.57,-24.38,-24.06,-24.45,-24.40,-24.14,-23.99,-23.70,-23.49,-23.39,-22.88,-22.24,-22.61,-21.81,-21.08,-20.97,-20.84,-20.69,-20.51,-20.37,-20.22,-19.77,-19.28,-18.97,-18.79,-18.63,-18.52,-18.52,-18.33,-18.17,-18.46,-18.76,-18.66,-18.41,-18.52,-18.35,-18.08,-17.91,-17.34,-17.64,-17.48,-17.39,-17.27,-17.13,-17.72,-17.81,-17.58,-17.44,-17.13,-16.72,-16.96,-16.68,-16.43,-16.40
-2.67,-2.88,-2.92,-2.90,-2.97,-3.18,-3.15,-3.59,-3.88,-3.92,-3.71,-3.35,-1.74,-0.64,-0.39,-0.28,-0.11,-0.26,-0.20,-0.21,-0.23,-0.29,-0.23,-0.13,-0.21,-0.02,-0.18,-0.02,0.04,-0.12,-0.26,-0.47,-0.76,-0.77,-0.76,-0.66,-0.66,-0.96,-0.94,-1.01,-1.67,-2.65,-3.93,-6.08,-9.33,-13.97,-20.40,-25.62,-27.93,-28.52,-28.57,-28.50,-28.28,-28.26,-27.93,-27.48,-27.61,-27.64,-27.61,-27.28,-27.46,-27.14,-26.69,-27.23,-26.29,-26.54,-26.29,-25.53,-25.53,-25.34,-24.64,-24.44,-24.18,-24.13,-24.07,-23.56,-23.00,-22.56,-22.28,-22.24,-21.50,-21.66,-21.48,-20.32,-19.06,-15.11,-9.29,-4.26,-2.30,-2.02,-1.99,-2.32,-5.69,-9.12,-8.36,-4.68,-6.71,-12.76,-15.47,-15.85,-15.74,-15.47,-15.71,-15.11,-14.99,-14.78,-14.34,-14.34,-14.33,-14.70,-14.58,-14.33,-13.88,-13.63,-13.45,-12.85,-12.24,-12.27,-12.41,-12.39,-11.97,-12.02,-12.17,-12.33,-12.44,-12.39,-12.26,-12.05,-11.75,-11.69,-11.66,-11.43,-11.45,-11.33,-11.12,-11.03,-11.05,-11.16,-11.22,-10.82,-11.40,-11.29,-11.18,-11.26,-10.98,-11.23,-11.12,-11.29,-11.38,-11.43,-11.52,-11.62,-11.35,-11.23,-11.09,-10.83,-10.72,-10.99,-10.98,-10.83
-2.74,-2.91,-3.03,-3.06,-3.12,-3.10,-3.08,-3.35,-3.70,-3.89,-3.85,-3.43,-1.95,-0.97,-0.49,-0.26,-0.11,-0.32,-0.24,-0.20,-0.21,-0.29,-0.22,0.03,-0.27,0.10,-0.08,-0.15,-0.20,-0.18,-0.13,-0.23,-0.56,-0.62,-0.46,-0.54,-0.38,-0.74,-0.74,-0.71,-0.94,-1.28,-1.62,-2.51,-4.07,-6.59,-11.61,-16.82,-19.51,-20.35,-20.30,-20.38,-20.24,-19.96,-19.54,-18.98,-19.00,-19.11,-18.79,-18.21,-17.58,-17.10,-16.25,-16.52,-15.61,-15.58,-15.30,-14.51,-14.06,-13.70,-13.44,-12.62,-12.15,-12.10,-11.79,-11.10,-10.51,-10.24,-9.91,-9.76,-9.56,-9.73,-9.08,-8.66,-8.58,-6.83,-4.87,-3.45,-2.67,-2.37,-2.31,-2.63,-3.80,-5.00,-3.80,-1.52,-2.35,-5.08,-6.52,-6.98,-7.09,-6.86,-7.10,-6.74,-6.99,-6.74,-6.48,-6.64,-7.06,-7.37,-7.55,-7.41,-6.99,-6.79,-6.63,-6.45,-6.39,-6.04,-6.00,-6.13,-5.61,-5.97,-6.16,-6.35,-6.51,-6.70,-6.76,-6.62,-6.67,-6.82,-6.62,-6.58,-6.67,-6.53,-6.48,-6.53,-6.52,-6.64,-6.94,-6.84,-7.07,-6.93,-6.80,-6.72,-6.56,-6.87,-6.87,-6.93,-7.16,-7.36,-7.28,-7.22,-7.16,-7.13,-6.87,-6.67,-6.87,-6.64,-6.47,-6.98
-2.85,-3.04,-3.04,-2.86,-2.81,-3.08,-3.31,-3.28,-3.52,-3.84,-3.65,-2.97,-1.90,-0.96,-0.42,-0.20,-0.11,-0.24,-0.24,-0.23,-0.32,-0.33,-0.24,-0.26,-0.43,-0.56,-0.18,-0.01,-0.18,-0.27,-0.20,-0.28,-0.49,-0.57,-0.47,-0.59,-0.51,-0.69,-0.69,-0.72,-0.87,-0.91,-0.87,-1.04,-1.67,-2.40,-4.65,-7.18,-9.27,-9.79,-10.00,-9.75,-9.56,-9.27,-8.74,-8.48,-8.40,-8.22,-7.96,-7.75,-7.81,-7.58,-7.40,-7.28,-6.93,-7.21,-6.95,-6.72,-6.17,-6.04,-6.29,-6.16,-5.99,-5.92,-5.83,-5.56,-5.18,-5.06,-4.70,-4.58,-4.85,-4.86,-4.87,-4.71,-4.71,-4.24,-3.58,-2.83,-2.62,-2.14,-2.07,-2.19,-2.55,-2.62,-1.85,-0.57,-0.52,-1.67,-2.73,-3.27,-3.37,-3.08,-3.22,-3.18,-3.39,-3.40,-3.19,-3.10,-3.59,-3.76,-4.13,-4.18,-3.90,-3.89,-3.98,-3.98,-3.90,-3.74,-3.59,-3.39,-3.39,-3.55,-3.80,-3.67,-3.80,-4.09,-4.23,-4.24,-4.35,-4.39,-4.14,-4.23,-4.33,-4.22,-4.17,-4.19,-4.24,-4.23,-4.26,-4.32,-4.41,-3.88,-3.89,-4.11,-4.01,-3.98,-4.05,-4.13,-4.45,-4.69,-4.58,-4.43,-4.54,-4.37,-4.30,-4.32,-4.27,-4.19,-3.97,-4.31
-2.83,-3.04,-3.21,-3.09,-3.00,-2.92,-3.01,-3.27,-3.52,-3.67,-3.55,-2.88,-1.78,-0.84,-0.33,-0.15,-0.03,-0.21,-0.16,-0.11,-0.31,-0.43,-0.18,0.11,-0.33,-0.39,-0.29,-0.12,0.00,-0.12,-0.23,-0.22,-0.42,-0.64,-0.53,-0.68,-0.69,-0.66,-0.56,-0.59,-0.76,-0.81,-0.91,-0.96,-1.12,-1.03,-1.80,-2.56,-3.45,-4.18,-4.81,-4.96,-5.18,-5.24,-5.00,-5.06,-5.14,-5.28,-5.18,-4.99,-5.02,-5.26,-4.90,-4.85,-4.47,-4.48,-4.39,-4.33,-4.03,-4.01,-4.20,-4.15,-3.94,-3.80,-3.71,-3.61,-3.43,-3.26,-3.28,-3.49,-3.39,-3.52,-3.57,-3.26,-3.27,-3.18,-3.03,-2.49,-2.22,-1.95,-1.83,-2.13,-2.02,-1.51,-0.79,0.02,0.19,-0.68,-1.56,-2.02,-2.16,-1.97,-2.32,-2.21,-2.28,-2.58,-2.44,-2.49,-2.78,-2.82,-3.03,-3.18,-3.09,-3.22,-3.32,-3.32,-3.30,-3.19,-3.43,-3.17,-3.22,-3.62,-3.66,-3.70,-3.65,-3.65,-3.70,-3.77,-3.80,-3.67,-3.79,-3.58,-3.74,-3.46,-3.32,-3.44,-3.61,-3.66,-3.67,-3.65,-3.45,-3.26,-3.14,-3.05,-3.00,-2.87,-3.08,-3.09,-3.22,-3.24,-3.18,-3.14,-3.14,-2.90,-2.91,-2.99,-2.97,-2.86,-2.56,-2.76
-2.70,-2.68,-2.79,-3.00,-3.15,-2.94,-2.97,-3.17,-3.44,-3.67,-3.57,-3.00,-1.85,-0.92,-0.42,-0.17,-0.07,-0.18,-0.11,0.00,-0.15,-0.38,-0.24,-0.32,-0.42,-0.39,-0.31,-0.17,-0.05,-0.12,-0.33,-0.27,-0.29,-0.51,-0.43,-0.72,-0.71,-0.56,-0.43,-0.48,-0.57,-0.59,-0.92,-0.69,-0.92,-0.66,-0.64,-0.78,-1.31,-1.79,-2.55,-3.03,-3.50,-4.09,-4.24,-4.28,-4.27,-4.22,-3.93,-3.90,-4.36,-4.39,-4.36,-4.37,-4.26,-4.03,-4.10,-4.00,-3.80,-3.68,-3.90,-3.92,-3.68,-3.52,-3.45,-3.46,-3.36,-3.15,-3.08,-3.08,-3.10,-3.17,-3.13,-3.12,-3.26,-3.12,-2.92,-2.54,-2.23,-2.16,-1.97,-1.83,-2.02,-1.81,-1.16,-0.38,0.09,-0.26,-1.33,-2.04,-1.84,-1.74,-2.00,-2.18,-2.18,-2.49,-2.81,-2.87,-3.05,-2.99,-2.94,-3.03,-3.15,-3.37,-3.48,-3.46,-3.46,-3.40,-3.52,-3.43,-3.30,-3.79,-3.74,-3.66,-3.53,-3.52,-3.63,-3.80,-3.84,-3.70,-3.70,-3.45,-3.57,-3.31,-3.28,-3.46,-3.62,-3.65,-3.65,-3.54,-3.27,-3.32,-3.33,-3.26,-3.14,-3.13,-2.95,-2.77,-2.76,-2.78,-2.83,-2.87,-2.62,-2.44,-2.41,-2.53,-2.56,-2.32,-2.13,-2.17
-2.72,-2.55,-2.64,-2.97,-3.19,-3.06,-3.09,-3.23,-3.45,-3.76,-3.66,-3.19,-2.19,-1.12,-0.42,-0.20,-0.23,-0.36,-0.26,-0.23,-0.31,-0.37,-0.32,-0.15,-0.36,-0.29,-0.17,-0.12,-0.10,-0.18,-0.43,-0.36,-0.36,-0.34,-0.38,-0.68,-0.73,-0.58,-0.52,-0.61,-0.68,-0.66,-0.79,-0.69,-0.78,-0.77,-0.63,-0.57,-0.56,-0.71,-1.33,-1.74,-2.17,-2.82,-3.10,-3.72,-3.94,-3.94,-3.72,-3.75,-3.94,-4.03,-4.18,-4.35,-4.39,-4.31,-4.09,-4.02,-3.81,-3.74,-3.93,-3.97,-3.81,-3.58,-3.53,-3.63,-3.49,-3.43,-3.40,-3.45,-3.35,-3.58,-3.52,-3.45,-3.36,-3.28,-3.24,-3.03,-2.58,-2.33,-2.23,-1.83,-1.93,-1.95,-1.64,-1.03,-0.73,-1.07,-1.88,-2.39,-2.45,-2.76,-3.28,-3.46,-3.15,-3.03,-3.33,-3.61,-3.58,-3.79,-3.48,-3.50,-3.58,-3.90,-3.96,-3.89,-3.88,-3.84,-3.79,-3.84,-3.72,-3.89,-3.75,-3.72,-3.70,-3.59,-3.41,-3.50,-3.79,-3.87,-3.77,-3.41,-3.48,-3.54,-3.59,-3.70,-3.72,-3.65,-3.61,-3.57,-3.40,-3.55,-3.57,-3.35,-3.06,-2.99,-3.31,-3.21,-2.97,-2.87,-2.90,-2.92,-2.82,-2.51,-2.53,-2.60,-2.54,-2.35,-2.32,-2.32
-2.97,-2.90,-2.74,-3.05,-3.31,-3.19,-3.31,-3.48,-3.62,-3.80,-3.65,-3.39,-2.50,-1.24,-0.31,-0.24,-0.01,-0.24,-0.23,-0.13,-0.11,-0.13,-0.23,-0.26,-0.33,-0.29,-0.21,-0.16,-0.15,-0.22,-0.44,-0.27,-0.46,-0.42,-0.53,-0.61,-0.77,-0.71,-0.58,-0.66,-0.74,-0.67,-0.61,-0.62,-0.96,-0.59,-0.77,-0.64,-0.61,-0.69,-0.67,-0.63,-1.01,-1.71,-2.30,-3.06,-3.37,-3.57,-3.58,-3.66,-3.71,-3.70,-4.01,-4.24,-4.36,-4.45,-4.15,-4.01,-3.75,-3.62,-3.79,-3.88,-3.80,-3.67,-3.63,-3.74,-3.68,-3.66,-3.84,-3.96,-4.10,-4.33,-4.14,-3.92,-3.83,-3.70,-3.84,-3.71,-3.15,-3.19,-3.22,-3.22,-3.06,-3.04,-2.76,-2.14,-1.90,-2.13,-2.53,-2.97,-3.31,-3.44,-3.62,-3.65,-3.75,-4.00,-3.94,-4.31,-3.80,-4.10,-4.02,-4.17,-4.14,-4.22,-4.15,-4.19,-4.27,-4.18,-4.14,-4.13,-3.93,-3.90,-3.80,-3.72,-3.74,-3.66,-3.68,-3.77,-3.83,-3.89,-3.83,-3.65,-3.54,-3.67,-3.62,-3.80,-3.87,-3.75,-3.74,-3.81,-3.72,-3.76,-3.74,-3.50,-3.30,-3.33,-3.49,-3.32,-3.10,-3.00,-2.97,-2.92,-2.95,-2.82,-2.85,-2.85,-2.76,-2.65,-2.65,-2.64
-2.86,-2.96,-2.99,-3.22,-3.22,-3.27,-3.45,-3.70,-3.79,-3.83,-3.45,-3.12,-2.45,-1.50,-0.66,-0.32,-0.22,-0.26,-0.29,-0.32,-0.32,-0.20,-0.34,-0.41,-0.39,-0.36,-0.39,-0.34,-0.26,-0.32,-0.47,-0.17,-0.39,-0.59,-0.73,-0.76,-0.77,-0.81,-0.72,-0.49,-0.58,-0.68,-0.54,-0.62,-0.87,-0.58,-0.61,-0.53,-0.68,-0.73,-0.63,-0.53,-0.66,-0.98,-1.24,-2.08,-2.46,-2.94,-3.18,-3.48,-3.41,-3.48,-3.79,-4.05,-4.15,-4.43,-4.26,-4.06,-3.76,-3.54,-3.63,-3.74,-3.72,-3.67,-3.65,-3.77,-3.88,-3.90,-4.17,-4.35,-4.60,-4.73,-4.68,-4.47,-4.26,-4.17,-4.39,-4.15,-3.84,-3.98,-4.24,-4.24,-4.06,-4.11,-3.77,-3.35,-3.14,-3.17,-3.44,-3.83,-3.96,-3.80,-3.87,-4.00,-4.05,-4.31,-4.18,-4.31,-4.15,-4.37,-4.18,-4.33,-4.36,-4.30,-4.18,-4.27,-4.40,-4.36,-4.32,-4.15,-3.94,-4.11,-3.89,-3.98,-3.97,-4.02,-4.11,-4.13,-4.01,-3.83,-3.83,-3.90,-3.66,-3.87,-3.68,-3.74,-3.71,-3.74,-3.97,-4.13,-4.02,-3.98,-3.90,-3.77,-3.71,-3.71,-3.72,-3.62,-3.43,-3.27,-3.10,-3.03,-3.23,-3.19,-3.27,-3.27,-3.17,-3.05,-3.01,-2.92
-2.86,-2.88,-3.14,-3.31,-3.03,-3.22,-3.49,-3.63,-3.93,-4.01,-3.63,-3.28,-2.74,-1.79,-0.68,-0.51,-0.34,-0.29,-0.34,-0.37,-0.42,-0.41,-0.39,-0.42,-0.44,-0.44,-0.51,-0.47,-0.33,-0.33,-0.53,-0.36,-0.53,-0.73,-0.87,-0.77,-0.61,-0.67,-0.79,-0.67,-0.67,-0.73,-0.71,-0.44,-0.63,-0.63,-0.56,-0.58,-0.74,-0.68,-0.56,-0.68,-0.84,-0.94,-0.82,-1.17,-1.52,-2.02,-2.36,-2.79,-2.90,-3.23,-3.54,-3.85,-4.05,-4.48,-4.45,-4.20,-3.96,-3.71,-3.68,-3.77,-3.85,-3.80,-3.76,-3.97,-4.10,-4.19,-4.39,-4.58,-4.77,-4.85,-4.93,-4.87,-4.44,-4.49,-4.65,-4.48,-4.30,-4.35,-4.56,-4.64,-4.54,-4.54,-4.33,-4.11,-3.88,-3.83,-4.00,-4.13,-4.17,-4.20,-4.14,-4.15,-4.30,-4.49,-4.49,-4.37,-4.10,-4.35,-4.01,-4.23,-4.11,-4.24,-4.32,-4.31,-4.33,-4.40,-4.37,-4.13,-4.10,-4.31,-4.05,-4.20,-4.18,-4.27,-4.26,-4.18,-4.06,-3.96,-3.90,-3.67,-4.05,-4.06,-4.05,-3.90,-4.00,-4.13,-4.18,-4.26,-4.03,-4.22,-4.11,-3.96,-3.89,-3.93,-3.89,-4.00,-3.87,-3.77,-3.58,-3.54,-3.79,-3.72,-3.58,-3.72,-3.67,-3.53,-3.41,-3.18
-2.99,-2.95,-3.15,-3.21,-3.10,-3.18,-3.44,-3.72,-3.87,-4.03,-3.83,-3.76,-3.30,-2.12,-0.79,-0.68,-0.56,-0.34,-0.29,-0.38,-0.37,-0.48,-0.48,-0.36,-0.41,-0.46,-0.44,-0.41,-0.29,-0.16,-0.41,-0.36,-0.57,-0.91,-0.73,-0.54,-0.64,-0.79,-0.77,-0.76,-0.94,-0.61,-0.51,-0.58,-0.57,-0.57,-0.69,-0.61,-0.64,-0.72,-0.67,-0.77,-0.93,-0.98,-0.86,-0.83,-0.98,-1.17,-1.40,-1.85,-2.27,-2.83,-3.26,-3.74,-4.13,-4.52,-4.66,-4.43,-4.28,-3.97,-3.81,-3.93,-4.09,-4.06,-4.00,-4.24,-4.37,-4.54,-4.71,-4.78,-4.98,-5.00,-4.95,-5.00,-4.66,-4.86,-4.75,-4.70,-4.62,-4.50,-4.75,-4.75,-4.83,-4.71,-4.64,-4.50,-4.26,-4.22,-4.32,-4.28,-4.30,-4.28,-4.20,-4.35,-4.39,-4.53,-4.50,-4.44,-4.47,-4.49,-4.45,-4.64,-4.70,-4.39,-4.48,-4.58,-4.45,-4.39,-4.37,-4.19,-4.18,-4.22,-4.22,-4.06,-4.18,-4.24,-4.32,-4.19,-3.98,-3.90,-3.90,-3.77,-4.00,-4.09,-4.03,-3.88,-4.01,-4.14,-4.15,-4.18,-4.06,-4.10,-4.23,-3.98,-4.00,-4.13,-4.05,-4.03,-4.09,-3.97,-3.83,-3.81,-3.88,-3.81,-3.66,-3.70,-3.80,-3.76,-3.53,-3.46
-2.92,-2.99,-3.14,-3.06,-3.08,-3.17,-3.27,-3.40,-3.74,-4.13,-4.01,-3.76,-3.35,-2.42,-1.02,-0.78,-0.69,-0.42,-0.27,-0.37,-0.32,-0.43,-0.52,-0.32,-0.34,-0.41,-0.36,-0.42,-0.66,-0.46,-0.44,-0.34,-0.56,-0.67,-0.66,-0.69,-0.76,-0.84,-0.97,-0.91,-0.89,-0.64,-0.61,-0.82,-0.69,-0.52,-0.72,-0.77,-0.72,-0.76,-0.82,-0.88,-0.91,-0.97,-0.84,-0.88,-0.91,-0.81,-0.83,-1.08,-1.66,-2.30,-2.83,-3.41,-4.03,-4.26,-4.56,-4.53,-4.43,-4.23,-4.11,-4.13,-4.23,-4.28,-4.14,-4.22,-4.43,-4.90,-5.14,-5.02,-5.03,-5.14,-5.00,-4.96,-4.89,-5.20,-4.78,-4.71,-4.74,-4.56,-4.98,-4.75,-4.90,-4.77,-4.73,-4.52,-4.43,-4.45,-4.41,-4.35,-4.43,-4.40,-4.35,-4.50,-4.37,-4.39,-4.37,-4.56,-4.37,-4.53,-4.39,-4.41,-4.40,-4.20,-4.30,-4.40,-4.28,-4.24,-4.28,-4.11,-4.03,-4.14,-4.09,-3.84,-4.02,-4.06,-4.26,-4.23,-4.06,-3.98,-3.97,-3.93,-4.02,-4.10,-3.97,-3.85,-4.01,-4.09,-3.98,-3.87,-3.97,-4.24,-4.05,-4.02,-4.17,-4.20,-4.10,-3.98,-4.02,-4.05,-3.87,-3.88,-4.06,-3.83,-3.84,-3.80,-3.84,-3.77,-3.54,-3.49
-2.82,-2.85,-2.99,-3.10,-3.05,-3.00,-3.10,-3.28,-3.75,-3.70,-3.76,-3.77,-3.53,-2.79,-1.28,-0.77,-0.72,-0.49,-0.28,-0.37,-0.28,-0.39,-0.36,-0.22,-0.41,-0.46,-0.31,-0.32,-0.57,-0.32,-0.38,-0.38,-0.47,-0.61,-0.71,-0.77,-0.84,-0.82,-0.72,-0.84,-0.83,-0.68,-0.79,-0.76,-0.66,-0.54,-0.67,-0.76,-0.74,-0.73,-0.74,-0.82,-0.86,-0.96,-0.87,-0.97,-0.89,-0.94,-0.78,-0.58,-1.13,-1.55,-2.13,-2.68,-3.44,-3.87,-4.15,-4.30,-4.28,-4.44,-4.64,-4.62,-4.54,-4.53,-4.45,-4.49,-4.68,-4.90,-4.95,-4.85,-4.81,-5.12,-4.91,-4.90,-4.69,-5.04,-4.60,-4.66,-4.60,-4.48,-4.85,-4.70,-4.75,-4.66,-4.66,-4.45,-4.47,-4.49,-4.36,-4.39,-4.50,-4.41,-4.37,-4.53,-4.41,-4.49,-4.39,-4.58,-4.50,-4.58,-4.62,-4.45,-4.50,-4.24,-4.44,-4.54,-4.35,-4.28,-4.13,-3.84,-3.89,-3.87,-3.89,-3.90,-3.90,-3.85,-3.98,-4.13,-4.09,-3.97,-3.88,-3.85,-3.87,-3.92,-3.76,-3.80,-4.07,-4.15,-3.98,-3.81,-3.81,-4.05,-3.93,-3.88,-3.96,-4.02,-4.05,-4.09,-3.90,-4.11,-3.89,-3.85,-3.90,-3.83,-3.92,-3.89,-4.00,-4.00,-3.93,-3.90
-2.68,-2.79,-2.87,-3.12,-3.17,-3.12,-3.12,-3.12,-3.46,-3.67,-3.85,-3.87,-3.65,-3.22,-1.56,-0.82,-0.68,-0.53,-0.28,-0.37,-0.49,-0.34,-0.53,-0.51,-0.53,-0.49,-0.38,-0.47,-0.57,-0.57,-0.43,-0.41,-0.71,-0.59,-0.62,-0.74,-0.69,-0.58,-0.64,-0.77,-0.74,-0.68,-0.59,-0.59,-0.56,-0.48,-0.53,-0.63,-0.68,-0.71,-0.66,-0.61,-0.73,-0.88,-0.92,-1.12,-0.72,-1.17,-0.78,-0.66,-0.88,-0.87,-1.52,-2.22,-2.73,-3.17,-3.67,-4.09,-4.24,-4.22,-4.40,-4.71,-4.74,-4.61,-4.68,-4.85,-4.95,-4.98,-5.07,-4.79,-4.85,-5.06,-4.99,-4.74,-4.58,-5.04,-4.83,-4.50,-4.77,-4.61,-4.70,-4.54,-4.64,-4.61,-4.69,-4.56,-4.39,-4.39,-4.28,-4.35,-4.39,-4.24,-4.35,-4.47,-4.39,-4.49,-4.43,-4.53,-4.27,-4.41,-4.23,-4.31,-4.22,-4.24,-4.24,-4.19,-4.14,-4.17,-4.28,-4.28,-4.07,-4.03,-3.92,-3.89,-3.93,-3.81,-3.98,-3.93,-3.90,-3.92,-3.87,-3.84,-3.87,-3.84,-3.66,-3.79,-4.09,-3.94,-3.83,-3.87,-3.88,-4.09,-4.01,-4.14,-4.01,-3.97,-4.05,-4.01,-4.03,-4.06,-3.94,-3.85,-3.83,-3.90,-4.10,-3.98,-4.13,-4.24,-4.19,-3.92
-2.49,-2.76,-2.73,-3.06,-3.19,-3.15,-3.22,-3.08,-3.40,-3.75,-3.84,-3.81,-3.74,-3.50,-1.99,-1.01,-0.56,-0.44,-0.51,-0.42,-0.49,-0.61,-0.67,-0.27,-0.17,-0.31,-0.37,-0.42,-0.32,-0.32,-0.54,-0.68,-0.68,-0.62,-0.68,-0.76,-0.73,-0.71,-0.66,-0.69,-0.72,-0.66,-0.47,-0.53,-0.52,-0.49,-0.48,-0.69,-0.86,-0.76,-0.72,-0.72,-0.74,-0.94,-0.92,-0.98,-0.59,-1.07,-0.82,-0.68,-0.91,-1.03,-1.31,-1.95,-2.32,-2.42,-2.64,-3.22,-3.63,-3.94,-4.23,-4.32,-4.41,-4.57,-4.73,-4.64,-4.82,-4.78,-4.79,-4.66,-4.82,-4.90,-4.66,-4.57,-4.73,-5.00,-4.71,-4.52,-4.58,-4.44,-4.52,-4.53,-4.49,-4.48,-4.47,-4.22,-4.20,-4.26,-4.18,-4.19,-4.18,-4.09,-4.19,-4.33,-4.24,-4.32,-4.36,-4.48,-4.14,-4.27,-4.15,-4.18,-4.07,-4.23,-4.11,-4.10,-4.11,-4.23,-4.35,-4.30,-4.13,-3.85,-3.96,-3.84,-4.05,-3.93,-4.13,-4.03,-4.03,-4.07,-4.05,-4.06,-4.05,-3.77,-3.65,-3.67,-3.97,-3.84,-3.81,-3.83,-3.65,-3.74,-3.89,-4.14,-4.05,-4.02,-4.06,-4.06,-4.10,-3.98,-3.94,-3.97,-3.96,-4.01,-4.22,-4.09,-4.19,-4.23,-4.09,-3.97
-2.65,-2.92,-2.88,-3.13,-3.17,-3.05,-3.24,-3.03,-3.43,-3.75,-3.76,-3.65,-3.77,-3.52,-2.35,-1.17,-0.49,-0.37,-0.49,-0.33,-0.11,-0.20,-0.41,-0.41,-0.31,-0.33,-0.49,-0.56,-0.41,-0.37,-0.64,-0.81,-0.73,-0.67,-0.76,-0.79,-0.74,-0.83,-0.58,-0.43,-0.68,-0.51,-0.63,-0.61,-0.54,-0.62,-0.73,-0.79,-0.81,-0.73,-0.64,-0.78,-0.62,-0.68,-0.57,-0.66,-0.77,-0.97,-0.86,-0.93,-0.91,-1.36,-1.67,-2.14,-2.42,-2.49,-2.65,-2.79,-3.05,-3.72,-4.14,-4.35,-4.77,-4.61,-4.39,-4.40,-4.71,-4.75,-5.10,-4.81,-4.52,-4.66,-4.62,-4.83,-4.79,-4.78,-4.50,-4.78,-4.61,-4.45,-4.54,-4.48,-4.33,-4.33,-4.27,-4.26,-4.26,-4.18,-4.20,-4.14,-4.05,-3.93,-3.94,-4.15,-4.22,-4.24,-4.28,-4.47,-4.20,-4.47,-4.35,-4.19,-4.09,-4.13,-4.13,-4.17,-4.11,-4.11,-4.05,-4.02,-4.14,-4.13,-4.05,-4.00,-3.90,-3.88,-4.07,-4.01,-3.94,-3.90,-3.92,-4.06,-4.03,-3.71,-3.65,-3.63,-3.85,-3.77,-3.89,-3.93,-3.77,-3.74,-3.88,-4.06,-4.17,-4.07,-4.02,-4.11,-3.92,-4.01,-4.06,-3.93,-3.88,-3.98,-4.15,-4.09,-4.10,-4.07,-4.01,-3.96
-2.64,-2.96,-2.85,-3.06,-3.19,-3.00,-2.97,-2.97,-3.39,-3.72,-3.83,-3.74,-3.67,-3.71,-2.37,-1.32,-0.58,-0.22,-0.23,0.07,-0.37,-0.48,-0.36,-0.39,-0.38,-0.23,-0.32,-0.77,-0.61,-0.46,-0.73,-0.83,-0.78,-0.79,-0.87,-0.86,-0.78,-0.76,-0.61,-0.34,-0.61,-0.44,-0.64,-0.76,-0.71,-0.64,-0.72,-0.79,-0.77,-0.81,-0.72,-0.66,-0.97,-0.68,-0.71,-0.99,-0.56,-1.06,-0.93,-0.88,-1.04,-1.55,-2.08,-2.44,-2.35,-2.51,-2.47,-2.33,-2.30,-2.74,-3.37,-3.92,-4.39,-4.32,-4.39,-4.52,-4.89,-4.73,-4.61,-4.65,-4.64,-4.39,-4.58,-4.64,-4.57,-4.62,-4.75,-4.39,-4.47,-4.37,-4.53,-4.32,-4.37,-4.49,-4.22,-4.31,-4.35,-4.32,-4.17,-3.98,-3.97,-3.90,-3.89,-4.10,-4.14,-4.17,-4.15,-4.43,-4.23,-4.57,-4.19,-4.20,-4.28,-4.26,-4.28,-4.19,-4.09,-4.09,-4.10,-4.09,-4.09,-4.10,-4.05,-3.94,-4.14,-4.17,-4.47,-4.18,-4.02,-3.92,-3.85,-3.92,-3.97,-3.93,-3.77,-3.79,-3.88,-3.88,-3.94,-3.96,-3.85,-3.77,-3.81,-3.87,-4.03,-4.11,-4.05,-3.90,-3.93,-4.15,-3.97,-3.81,-3.80,-3.90,-3.97,-3.94,-3.97,-4.02,-3.93,-3.84
-2.59,-2.86,-2.77,-2.92,-3.19,-3.14,-2.76,-3.00,-3.39,-3.72,-3.88,-3.79,-3.74,-3.88,-2.82,-1.59,-0.68,-0.23,-0.16,-0.21,-0.28,-0.29,-0.15,-0.13,-0.23,-0.31,-0.34,-0.52,-0.56,-0.59,-0.69,-0.69,-0.71,-0.84,-0.92,-0.87,-0.79,-0.71,-0.71,-0.66,-0.63,-0.61,-0.51,-0.71,-0.76,-0.67,-0.67,-0.78,-0.82,-0.84,-0.86,-0.54,-0.68,-0.74,-0.62,-0.73,-0.58,-0.58,-0.77,-0.93,-0.69,-0.99,-1.59,-2.09,-2.21,-2.32,-2.58,-2.45,-2.08,-2.09,-2.45,-3.12,-3.93,-4.26,-4.28,-4.33,-4.44,-4.26,-4.47,-4.50,-4.36,-4.27,-4.28,-4.37,-4.22,-4.45,-4.69,-4.30,-4.28,-4.61,-4.19,-4.54,-4.54,-4.22,-4.03,-3.98,-4.06,-4.19,-4.11,-3.94,-4.03,-3.90,-3.80,-3.83,-3.75,-4.05,-4.06,-4.23,-4.33,-4.40,-4.05,-4.31,-4.35,-4.31,-4.23,-4.24,-4.27,-4.15,-4.06,-3.97,-3.93,-3.96,-4.02,-4.00,-3.88,-4.00,-4.20,-4.14,-4.14,-4.03,-3.93,-3.92,-3.96,-4.02,-4.00,-3.77,-3.97,-3.92,-3.93,-3.90,-3.81,-3.79,-3.81,-3.89,-3.85,-3.94,-3.97,-3.85,-3.80,-4.07,-3.93,-3.79,-3.75,-3.74,-3.74,-4.02,-4.03,-3.98,-3.75,-3.68
-2.62,-2.69,-2.69,-2.86,-3.12,-3.24,-2.99,-3.13,-3.40,-3.68,-3.76,-3.62,-3.74,-3.30,-2.67,-1.56,-0.57,-0.16,-0.12,-0.29,-0.32,-0.02,0.11,0.08,-0.12,-0.39,-0.38,-0.39,-0.32,-0.59,-0.68,-0.61,-0.64,-0.76,-0.78,-0.77,-0.72,-0.71,-0.76,-0.88,-0.67,-0.64,-0.62,-0.66,-0.67,-0.66,-0.71,-0.67,-0.52,-0.72,-0.89,-0.61,-0.69,-0.68,-0.86,-0.91,-0.76,-0.96,-0.83,-0.92,-0.83,-0.71,-0.92,-1.47,-1.94,-2.28,-2.32,-2.13,-1.84,-1.60,-1.80,-2.51,-3.52,-4.14,-4.23,-4.24,-4.43,-4.26,-4.57,-4.39,-4.54,-4.36,-4.22,-4.41,-4.33,-4.30,-4.22,-4.26,-4.19,-4.53,-4.23,-4.33,-4.47,-4.43,-4.15,-4.14,-3.98,-4.15,-4.11,-3.96,-3.93,-3.94,-4.01,-3.93,-3.90,-4.10,-4.02,-4.07,-4.27,-4.17,-4.18,-4.27,-4.02,-4.06,-4.00,-4.06,-4.17,-4.01,-3.88,-3.89,-3.97,-4.00,-3.92,-3.90,-4.23,-4.28,-3.98,-3.93,-3.83,-3.85,-3.72,-3.58,-3.62,-3.67,-3.75,-3.57,-3.83,-3.75,-3.88,-3.88,-3.81,-3.84,-3.68,-3.83,-3.83,-3.81,-3.80,-3.79,-3.81,-3.81,-3.83,-3.97,-3.90,-3.81,-3.89,-4.00,-3.89,-3.87,-3.66,-3.59
-2.50,-2.59,-2.70,-2.86,-3.03,-3.14,-3.03,-3.14,-3.31,-3.52,-3.66,-3.62,-3.76,-3.88,-3.13,-1.75,-0.51,0.02,0.03,-0.01,-0.01,0.11,0.19,0.16,0.09,-0.06,-0.11,-0.11,-0.13,-0.47,-0.66,-0.69,-0.79,-0.81,-0.68,-0.68,-0.82,-0.68,-0.82,-0.94,-0.71,-0.61,-0.61,-0.72,-0.81,-0.72,-0.62,-0.68,-0.68,-0.92,-1.02,-0.53,-0.92,-0.64,-0.91,-1.06,-0.71,-0.77,-0.93,-0.88,-0.72,-0.72,-0.62,-0.64,-0.74,-1.07,-1.14,-1.03,-1.07,-1.22,-1.66,-2.42,-3.49,-4.07,-4.17,-4.14,-4.18,-4.35,-4.36,-4.05,-4.18,-4.28,-4.26,-4.37,-4.30,-4.20,-4.24,-4.15,-4.24,-4.15,-4.18,-4.20,-4.20,-4.14,-3.92,-3.84,-3.70,-3.88,-4.02,-4.00,-3.84,-3.66,-3.61,-3.71,-3.84,-3.80,-3.74,-3.76,-3.70,-3.93,-4.13,-4.01,-3.67,-3.85,-3.88,-3.87,-3.94,-3.75,-3.67,-3.79,-3.92,-3.96,-3.79,-3.79,-4.14,-3.97,-3.77,-3.94,-3.83,-3.75,-3.66,-3.66,-3.80,-3.83,-3.57,-3.54,-3.80,-3.72,-3.87,-3.84,-3.83,-3.76,-3.46,-3.68,-3.71,-3.74,-3.66,-3.65,-3.70,-3.50,-3.75,-3.93,-3.79,-3.61,-3.63,-3.76,-3.66,-3.67,-3.65,-3.72
-2.42,-2.62,-2.88,-3.00,-2.90,-3.00,-2.92,-3.10,-3.35,-3.49,-3.49,-3.31,-3.39,-3.44,-2.86,-1.32,0.18,0.55,0.66,0.79,0.65,0.78,0.77,0.72,0.82,0.73,0.69,0.55,0.18,-0.28,-0.59,-0.73,-0.86,-0.89,-0.79,-0.84,-0.98,-0.83,-0.72,-0.92,-0.84,-0.67,-0.51,-0.79,-0.91,-0.83,-0.79,-0.62,-0.67,-0.83,-0.81,-0.49,-0.64,-0.74,-1.01,-1.11,-0.78,-0.83,-0.82,-0.93,-0.84,-0.67,-0.48,-0.12,0.36,0.61,0.49,0.35,0.11,-0.61,-1.38,-2.33,-3.57,-4.09,-4.17,-4.11,-4.28,-4.37,-4.44,-4.01,-4.19,-4.23,-4.00,-4.37,-4.27,-3.92,-4.13,-4.00,-4.02,-3.93,-4.11,-4.18,-4.14,-3.97,-3.84,-3.72,-3.55,-3.66,-3.68,-3.63,-3.63,-3.59,-3.55,-3.67,-3.75,-3.76,-3.77,-3.65,-3.76,-4.05,-4.07,-3.97,-3.66,-3.71,-3.87,-3.84,-3.84,-3.55,-3.53,-3.57,-3.58,-3.59,-3.46,-3.67,-3.76,-3.87,-3.70,-3.71,-3.52,-3.45,-3.41,-3.39,-3.41,-3.40,-3.32,-3.45,-3.53,-3.63,-3.77,-3.83,-3.71,-3.50,-3.41,-3.55,-3.44,-3.59,-3.53,-3.50,-3.50,-3.22,-3.68,-3.71,-3.63,-3.53,-3.52,-3.65,-3.57,-3.43,-3.55,-3.66
-2.63,-2.67,-2.72,-2.79,-2.78,-2.63,-2.87,-2.90,-3.08,-3.26,-3.30,-3.49,-3.35,-3.43,-2.96,-1.33,0.68,1.37,1.59,1.88,1.53,1.71,1.80,1.66,1.79,1.67,1.61,1.17,0.51,-0.15,-0.66,-0.82,-0.79,-0.69,-0.63,-0.82,-0.78,-0.71,-0.82,-0.88,-0.63,-0.59,-0.59,-0.79,-0.86,-0.72,-0.72,-0.78,-0.83,-0.91,-0.83,-0.62,-0.94,-0.88,-0.91,-1.03,-0.63,-0.71,-0.68,-0.83,-0.72,-0.56,-0.27,0.13,0.67,1.25,1.34,1.17,0.87,0.04,-0.97,-2.02,-3.24,-3.87,-3.93,-4.02,-4.07,-4.15,-4.10,-3.96,-4.10,-4.10,-4.13,-4.28,-4.15,-4.10,-4.11,-3.92,-3.97,-3.87,-4.19,-4.24,-4.18,-4.13,-3.83,-3.74,-3.68,-3.63,-3.66,-3.66,-3.77,-3.68,-3.59,-3.68,-3.75,-3.76,-3.70,-3.55,-3.61,-3.83,-3.65,-3.50,-3.32,-3.46,-3.67,-3.62,-3.54,-3.33,-3.41,-3.43,-3.40,-3.41,-3.35,-3.41,-3.28,-3.57,-3.45,-3.32,-3.18,-3.15,-3.17,-3.13,-3.26,-3.44,-3.27,-3.67,-3.58,-3.45,-3.46,-3.44,-3.32,-3.26,-3.28,-3.26,-3.23,-3.31,-3.26,-3.19,-3.10,-3.01,-3.61,-3.33,-3.18,-3.12,-3.22,-3.49,-3.19,-3.22,-3.30,-3.22
-2.58,-2.58,-2.51,-2.50,-2.70,-2.82,-2.97,-3.06,-3.12,-3.21,-3.36,-3.49,-3.46,-3.43,-2.97,-1.46,0.84,2.19,2.69,2.71,2.51,2.53,2.65,2.63,2.67,2.51,2.19,1.50,0.57,-0.16,-0.71,-0.84,-0.77,-0.81,-0.69,-0.79,-0.91,-0.91,-0.91,-0.73,-0.58,-0.66,-0.44,-0.61,-0.93,-0.86,-0.81,-0.78,-0.76,-0.59,-0.91,-0.71,-0.83,-0.93,-0.76,-0.97,-0.63,-0.56,-0.68,-0.81,-0.78,-0.81,-0.53,-0.12,0.69,1.53,1.56,1.34,1.17,0.36,-0.81,-1.80,-2.88,-3.79,-4.06,-4.09,-4.02,-4.01,-4.13,-3.90,-4.00,-4.18,-4.20,-4.20,-4.36,-4.11,-4.07,-3.81,-3.92,-3.65,-3.93,-4.10,-3.92,-4.01,-4.13,-3.96,-3.70,-3.62,-3.65,-3.61,-3.75,-3.81,-3.61,-3.62,-3.62,-3.40,-3.50,-3.66,-3.57,-3.79,-3.93,-3.43,-3.01,-3.21,-3.31,-3.21,-3.03,-3.04,-3.17,-3.26,-3.27,-3.21,-3.17,-3.15,-2.95,-2.88,-3.10,-3.00,-2.88,-2.83,-2.78,-2.81,-2.92,-2.86,-2.81,-3.50,-3.22,-2.96,-2.99,-3.13,-3.04,-2.81,-2.70,-2.67,-2.82,-2.83,-2.70,-2.51,-2.41,-2.60,-3.05,-2.74,-2.53,-2.37,-2.51,-2.88,-2.69,-2.77,-2.62,-2.56
-2.60,-2.64,-2.78,-2.88,-2.88,-2.91,-3.17,-3.21,-3.22,-3.31,-3.37,-3.35,-3.52,-3.33,-2.95,-1.65,0.77,2.71,3.32,3.30,3.22,3.10,3.06,3.26,3.43,3.18,2.55,1.53,0.62,-0.11,-0.51,-0.73,-0.84,-0.83,-0.88,-0.79,-0.96,-0.71,-0.92,-0.81,-0.78,-0.68,-0.61,-0.72,-0.96,-1.06,-0.92,-0.79,-0.76,-0.68,-0.97,-0.77,-0.96,-0.91,-0.72,-0.94,-0.68,-0.68,-0.71,-0.74,-0.89,-1.02,-0.68,-0.28,0.51,1.54,1.74,1.50,1.32,0.62,-0.62,-2.02,-3.23,-3.87,-3.98,-3.88,-3.96,-3.96,-4.19,-3.85,-3.90,-4.28,-4.17,-4.11,-4.26,-4.03,-4.02,-4.02,-3.85,-3.53,-3.84,-3.71,-3.70,-3.92,-4.09,-3.77,-3.44,-3.45,-3.28,-3.31,-3.43,-3.54,-3.54,-3.53,-3.57,-3.53,-3.41,-3.26,-3.39,-3.33,-3.50,-3.15,-2.67,-2.81,-2.73,-2.49,-2.54,-2.72,-2.65,-2.54,-2.53,-2.51,-2.53,-2.56,-2.42,-2.21,-2.30,-2.60,-2.26,-2.05,-1.90,-1.99,-2.07,-1.93,-1.93,-2.24,-2.00,-1.74,-2.10,-2.19,-1.86,-1.76,-1.94,-1.88,-1.56,-1.74,-1.74,-1.53,-1.47,-1.70,-2.00,-1.85,-1.65,-1.41,-1.47,-1.80,-1.56,-1.74,-1.80,-1.66
-2.55,-2.62,-2.82,-2.97,-2.86,-2.91,-3.12,-3.14,-3.05,-3.06,-3.32,-3.33,-3.43,-3.28,-3.01,-2.00,0.40,2.64,3.22,3.41,3.31,3.16,3.09,3.16,3.52,3.40,2.54,1.56,0.56,-0.10,-0.42,-0.64,-0.77,-0.77,-0.69,-0.63,-0.92,-0.81,-0.99,-0.94,-0.96,-0.82,-0.69,-0.72,-0.83,-0.84,-0.81,-0.92,-0.69,-0.83,-0.79,-0.87,-1.09,-0.84,-0.83,-0.79,-0.62,-0.68,-0.72,-0.73,-0.88,-0.97,-0.71,-0.37,0.31,1.43,1.93,1.72,1.42,0.80,-0.44,-2.14,-3.44,-3.97,-4.09,-3.94,-3.83,-3.80,-4.05,-3.94,-3.65,-3.81,-3.75,-3.75,-3.58,-3.62,-3.45,-3.46,-3.41,-3.09,-2.83,-2.79,-2.83,-2.81,-2.83,-2.82,-2.55,-2.47,-2.24,-2.18,-2.32,-2.59,-2.46,-2.59,-2.81,-2.60,-2.32,-1.93,-2.09,-2.22,-2.24,-1.76,-1.60,-1.67,-1.66,-1.59,-1.50,-1.70,-1.43,-1.31,-1.28,-1.31,-1.36,-1.24,-1.22,-1.33,-1.12,-1.53,-1.23,-0.82,-0.61,-0.66,-0.74,-0.71,-0.63,-0.72,-0.59,-0.31,-0.71,-0.63,-0.51,-0.48,-0.47,-0.41,-0.28,-0.33,-0.31,-0.16,-0.06,-0.26,-0.63,-0.48,-0.27,-0.10,-0.31,-0.66,-0.49,-0.49,-0.49,-0.27
-2.60,-2.62,-2.65,-2.83,-2.99,-2.92,-3.04,-3.09,-3.06,-3.06,-3.26,-3.35,-3.35,-3.19,-3.06,-2.33,-0.06,2.17,2.88,3.02,2.94,2.84,2.77,2.85,3.20,3.07,2.19,1.48,0.47,-0.18,-0.42,-0.61,-0.79,-0.82,-0.59,-0.68,-0.86,-0.81,-0.82,-0.79,-0.67,-0.71,-0.66,-0.59,-0.74,-0.79,-0.72,-0.91,-0.83,-0.77,-0.67,-0.76,-0.91,-0.81,-0.77,-0.87,-0.76,-0.77,-0.96,-0.91,-0.97,-1.07,-0.91,-0.53,0.14,1.42,2.25,2.03,1.70,1.11,-0.08,-1.64,-2.81,-3.36,-3.52,-3.27,-2.95,-2.91,-3.09,-3.06,-2.69,-2.78,-2.60,-2.47,-2.31,-2.32,-2.28,-2.32,-1.98,-1.81,-1.37,-1.47,-1.65,-1.55,-1.38,-1.06,-1.11,-1.08,-0.82,-0.77,-0.92,-1.11,-1.18,-1.32,-1.22,-0.97,-0.96,-0.94,-0.82,-0.64,-0.64,-0.10,0.14,-0.02,-0.07,-0.12,0.03,0.05,0.30,0.41,0.47,0.42,0.37,0.44,0.34,0.00,0.30,0.23,0.49,0.94,0.99,0.87,0.62,0.60,0.95,1.09,1.14,1.31,1.11,0.98,1.14,1.29,1.43,1.56,1.12,1.64,1.67,1.74,1.72,1.46,1.15,1.11,1.42,1.29,0.87,0.50,0.57,0.65,0.74,1.06
-2.73,-2.64,-2.60,-2.68,-2.77,-2.68,-2.85,-3.00,-3.10,-3.23,-3.27,-3.14,-3.28,-3.14,-2.97,-2.50,-0.34,1.94,2.42,2.59,2.53,2.37,2.36,2.38,2.67,2.85,2.10,1.17,0.23,-0.61,-0.97,-0.89,-0.77,-0.78,-0.77,-0.73,-1.01,-0.93,-0.91,-0.81,-0.72,-0.79,-0.73,-0.69,-0.94,-0.96,-0.79,-0.98,-0.91,-0.91,-0.81,-0.83,-0.78,-0.83,-0.79,-0.84,-0.89,-0.88,-1.02,-0.97,-1.01,-1.02,-0.97,-0.64,-0.05,1.27,2.59,2.64,2.20,1.57,0.41,-0.72,-1.30,-1.67,-1.75,-1.61,-1.47,-1.24,-1.35,-1.30,-1.09,-0.97,-0.92,-0.68,-0.58,-0.38,-0.48,-0.52,0.03,0.02,0.18,0.32,0.04,0.26,0.58,0.74,0.88,1.06,1.26,1.37,1.37,1.22,0.83,0.57,0.79,1.22,1.38,1.06,0.80,0.92,1.04,1.04,1.53,1.55,1.26,1.80,1.82,2.01,2.12,2.17,2.20,2.17,2.20,2.30,2.23,2.06,2.28,2.43,2.88,3.15,3.03,2.93,2.63,2.46,2.64,2.81,2.88,3.08,2.73,2.69,2.88,2.85,2.90,3.30,3.39,3.32,3.15,3.14,3.10,2.87,2.42,2.24,2.28,2.05,1.71,1.51,1.62,1.49,1.65,1.89
-2.64,-2.63,-2.62,-2.72,-2.73,-2.58,-2.73,-2.92,-3.04,-3.18,-3.19,-2.85,-3.09,-3.21,-3.08,-2.60,-0.82,1.31,1.97,2.08,2.07,2.12,2.23,2.29,2.45,2.41,1.79,1.07,0.25,-0.53,-0.91,-0.83,-0.81,-0.84,-0.76,-0.49,-0.68,-0.81,-0.96,-0.79,-0.84,-0.94,-0.74,-0.69,-0.91,-0.84,-0.73,-0.93,-0.83,-1.01,-0.88,-0.81,-0.79,-0.91,-0.94,-0.81,-0.88,-0.88,-1.03,-0.98,-0.94,-0.88,-0.93,-0.79,-0.22,1.04,2.64,3.12,2.77,2.23,1.22,0.66,0.66,0.52,0.37,0.40,0.49,0.89,0.85,0.89,0.92,1.16,1.04,1.22,1.38,1.56,1.48,1.54,2.00,1.96,1.90,2.00,1.89,2.69,3.08,3.37,3.34,3.27,3.18,3.13,2.97,2.73,2.59,2.58,2.72,3.02,3.18,2.97,2.73,2.82,3.25,3.87,4.10,4.11,4.04,4.34,4.44,4.53,4.74,4.42,4.04,3.91,4.08,4.29,4.28,4.41,4.15,4.42,4.55,4.53,4.41,4.33,4.16,3.92,3.66,3.52,3.69,3.65,3.33,3.32,3.58,3.54,3.43,3.44,3.33,3.57,3.58,3.50,3.21,2.79,2.54,2.25,2.14,1.97,1.82,1.80,1.95,1.83,2.10,2.17
-2.53,-2.59,-2.62,-2.81,-2.90,-2.72,-2.78,-2.94,-3.03,-3.08,-3.03,-2.81,-2.88,-3.08,-3.08,-2.60,-1.30,0.73,1.55,1.85,1.94,1.78,1.55,1.95,1.99,1.74,1.61,1.03,0.51,-0.08,-0.69,-0.84,-0.69,-1.11,-0.93,-0.59,-0.71,-0.82,-0.97,-0.87,-0.88,-0.91,-0.83,-0.79,-0.83,-0.74,-0.68,-0.84,-0.93,-0.96,-0.77,-0.76,-0.97,-0.99,-0.97,-0.89,-0.87,-0.77,-1.02,-0.98,-0.96,-0.88,-0.92,-0.83,-0.41,0.77,2.41,3.00,3.20,2.98,2.49,2.24,2.12,2.06,1.96,2.05,2.02,2.48,2.59,2.67,2.73,2.73,2.67,2.73,2.89,2.83,2.77,2.83,3.09,3.18,2.70,2.76,2.77,3.92,4.44,4.65,4.62,4.37,3.91,3.71,3.54,3.10,2.89,2.95,3.16,3.37,3.38,3.41,3.68,4.18,4.16,4.69,4.92,5.03,5.06,5.19,5.17,5.10,5.05,4.62,4.22,4.21,4.47,4.68,4.69,4.77,4.63,5.02,4.71,4.58,4.54,4.53,4.51,4.37,4.00,3.56,3.72,3.66,3.41,3.32,3.63,3.62,3.41,3.39,3.54,3.53,3.53,3.40,3.21,2.94,2.53,2.37,2.10,1.83,1.71,1.68,1.67,1.64,1.88,2.17
-2.47,-2.51,-2.56,-2.67,-2.77,-2.77,-2.76,-2.88,-3.10,-2.91,-3.03,-2.97,-2.97,-2.99,-2.96,-2.67,-2.00,-0.03,1.26,1.73,1.76,1.78,1.88,1.83,1.89,1.57,1.36,1.12,0.57,-0.13,-0.62,-0.76,-0.63,-0.87,-0.86,-0.79,-0.87,-0.91,-0.96,-0.96,-0.92,-0.84,-0.86,-0.92,-0.86,-0.74,-0.66,-0.86,-0.96,-0.86,-0.83,-0.93,-1.01,-0.94,-0.87,-0.92,-0.87,-0.71,-0.86,-0.92,-0.99,-0.98,-0.99,-0.83,-0.51,0.52,2.06,2.66,3.15,3.24,3.08,2.84,2.52,2.26,2.26,2.16,2.08,2.65,2.97,2.98,3.27,3.22,3.32,3.35,3.32,3.44,3.18,3.34,3.33,3.53,2.82,2.63,2.65,3.87,4.54,4.68,4.67,4.49,3.96,3.58,3.45,3.08,2.79,2.73,2.89,3.16,3.38,3.52,3.73,3.92,4.09,4.67,4.76,4.94,4.97,4.83,4.97,4.71,5.02,5.02,4.45,4.16,4.29,4.45,4.56,4.57,4.62,4.83,4.81,4.61,4.70,4.70,4.48,4.28,3.96,3.52,3.60,3.65,3.28,3.26,3.40,3.35,3.37,3.44,3.26,3.32,3.39,3.18,3.12,3.03,2.69,2.29,2.20,2.14,1.91,1.68,1.72,1.91,1.88,2.12
-2.44,-2.53,-2.50,-2.37,-2.51,-2.65,-2.73,-2.91,-3.22,-3.09,-3.15,-2.96,-2.87,-2.81,-2.81,-3.08,-1.94,-0.01,1.04,1.48,1.70,1.82,1.73,1.83,1.87,1.64,1.43,1.12,0.62,-0.01,-0.44,-0.57,-0.67,-0.78,-0.79,-0.68,-0.71,-0.69,-0.74,-0.76,-0.84,-0.91,-0.92,-0.99,-0.97,-0.84,-0.63,-0.97,-0.81,-0.76,-0.92,-0.99,-0.89,-0.78,-0.77,-0.87,-0.82,-0.74,-0.82,-0.92,-0.99,-1.01,-1.09,-0.98,-0.56,0.35,1.72,2.46,2.67,2.76,2.70,2.59,2.30,2.05,1.85,1.80,1.72,2.37,2.78,2.65,3.01,3.07,3.22,3.32,3.13,3.33,3.00,3.27,3.00,3.18,2.77,2.25,2.45,3.62,4.44,4.69,4.53,4.27,3.85,3.38,3.21,2.83,2.63,2.55,2.73,2.96,3.02,3.12,3.28,3.69,3.78,4.11,4.27,4.27,4.30,4.42,4.44,4.48,4.42,4.63,4.02,3.51,3.66,4.02,4.16,4.14,4.14,4.40,4.35,4.38,4.41,4.24,4.07,3.90,3.64,3.38,3.41,3.49,3.20,3.14,3.18,3.15,3.20,3.22,2.96,2.96,2.93,2.95,2.88,2.64,2.35,2.10,1.90,1.73,1.46,1.40,1.65,1.84,2.22,2.26
-2.40,-2.65,-2.59,-2.30,-2.51,-2.55,-2.58,-2.77,-3.00,-2.99,-3.17,-2.95,-2.92,-3.01,-2.96,-2.85,-1.99,-0.02,1.32,1.67,1.71,1.96,2.06,2.17,2.17,1.94,1.68,1.29,0.66,-0.07,-0.52,-0.61,-0.89,-0.87,-0.83,-0.67,-0.68,-0.64,-0.67,-0.69,-0.73,-0.84,-0.93,-0.98,-1.03,-0.84,-0.68,-0.87,-0.62,-0.66,-0.79,-0.87,-0.92,-0.78,-0.76,-0.84,-0.81,-0.84,-0.87,-0.98,-0.94,-0.87,-1.02,-0.96,-0.62,0.16,1.59,2.42,2.57,2.47,2.47,2.31,2.10,1.87,1.67,1.76,1.72,2.26,2.66,2.48,2.81,2.90,2.83,2.73,2.78,2.61,2.45,2.59,2.49,2.37,2.36,1.93,2.26,3.47,4.40,4.60,4.41,4.02,3.64,3.24,2.87,2.40,2.23,2.19,2.53,2.84,2.89,2.76,2.61,3.21,3.39,3.58,3.77,3.87,3.87,3.65,3.97,3.91,3.75,3.82,3.40,2.97,3.09,3.44,3.52,3.51,3.66,3.96,3.94,3.94,4.02,3.71,3.54,3.54,3.37,3.08,3.15,3.33,3.16,3.03,3.19,3.07,2.96,2.96,2.78,2.76,2.59,2.70,2.61,2.40,2.19,2.01,1.61,1.38,1.20,1.21,1.39,1.62,1.72,1.93
-2.40,-2.50,-2.62,-2.19,-2.23,-2.54,-2.72,-2.77,-2.95,-2.90,-2.91,-2.86,-2.86,-2.82,-2.67,-2.86,-1.91,0.23,1.61,2.16,2.26,2.40,2.67,2.69,2.83,2.52,1.99,1.39,0.71,-0.08,-0.61,-0.68,-0.78,-0.78,-0.81,-0.76,-0.71,-0.74,-0.71,-0.76,-0.77,-0.76,-0.76,-0.74,-0.83,-0.73,-0.73,-0.73,-0.67,-0.72,-0.81,-0.88,-0.98,-0.98,-0.87,-0.87,-0.81,-0.91,-0.84,-0.88,-0.83,-0.88,-1.11,-0.92,-0.64,0.08,1.53,2.34,2.59,2.54,2.30,2.01,1.95,1.82,1.67,1.62,1.71,2.01,2.55,2.36,2.47,2.48,2.36,2.13,2.23,2.31,2.07,2.31,2.49,1.97,2.06,1.66,2.00,3.44,4.28,4.45,4.25,3.87,3.45,3.09,2.61,2.10,2.03,2.11,2.48,2.73,2.76,2.66,2.63,3.28,3.39,3.87,4.07,4.07,4.10,4.23,4.33,4.25,3.95,3.79,3.14,2.79,3.10,3.66,3.91,3.89,4.41,4.47,4.29,4.38,4.41,4.22,3.89,3.66,3.28,2.87,2.96,3.12,2.89,2.96,3.06,2.90,2.82,2.72,2.48,2.47,2.54,2.52,2.32,2.13,1.97,1.72,1.46,1.10,0.92,0.94,1.12,1.29,1.59,1.59
-2.41,-2.53,-2.50,-2.42,-2.40,-2.46,-2.53,-2.65,-2.99,-2.97,-3.13,-3.21,-3.21,-3.06,-2.74,-2.77,-1.91,0.09,1.88,2.70,2.75,2.81,2.87,2.95,3.16,3.07,2.41,1.61,0.74,-0.11,-0.63,-0.74,-0.67,-0.54,-0.77,-0.79,-0.76,-0.86,-0.77,-0.73,-0.86,-0.87,-0.73,-0.61,-0.69,-0.82,-0.69,-0.82,-0.92,-0.93,-1.02,-0.99,-1.03,-1.02,-0.89,-0.82,-0.77,-0.79,-0.82,-0.84,-0.84,-0.91,-0.98,-0.84,-0.63,0.03,1.43,2.32,2.45,2.30,2.11,1.99,1.96,1.96,1.62,1.56,1.66,2.01,2.67,2.57,2.72,2.53,2.58,2.52,2.29,2.46,2.48,2.55,2.82,2.11,2.17,1.82,2.10,3.47,4.22,4.45,4.17,3.92,3.52,3.20,2.75,2.19,2.07,2.16,2.55,2.79,2.72,2.57,2.49,3.04,3.68,4.21,4.30,4.27,4.29,4.48,4.43,4.61,4.38,3.94,3.22,2.78,2.82,3.25,3.81,4.22,4.41,4.42,4.03,4.10,4.31,4.44,4.09,3.81,3.20,2.61,2.83,2.89,2.70,2.70,2.71,2.72,2.70,2.53,2.29,2.30,2.36,2.25,2.17,2.03,1.84,1.64,1.33,0.99,0.78,0.71,0.73,0.85,1.17,1.22
-2.54,-2.81,-2.50,-2.42,-2.32,-2.35,-2.47,-2.68,-3.08,-3.00,-3.04,-3.09,-3.10,-3.01,-2.79,-2.64,-2.03,-0.39,1.46,2.59,2.79,2.95,2.90,2.83,3.00,3.03,2.54,1.72,0.76,-0.17,-0.68,-0.69,-0.62,-0.52,-0.81,-0.79,-0.79,-0.89,-0.87,-0.76,-0.76,-0.88,-0.89,-0.77,-0.91,-0.92,-0.57,-0.77,-0.83,-0.89,-0.91,-0.94,-0.92,-0.98,-0.84,-0.77,-0.77,-0.73,-0.74,-0.81,-0.87,-0.96,-0.97,-0.86,-0.63,-0.01,1.21,2.17,2.34,2.14,1.94,1.89,1.91,1.88,1.33,1.36,1.39,1.85,2.54,2.63,2.91,2.67,3.14,3.07,2.72,3.07,2.93,2.83,3.24,2.79,2.81,2.05,2.37,3.38,4.02,4.33,4.08,3.95,3.59,3.30,2.75,2.25,1.95,2.01,2.53,2.83,2.73,2.51,2.22,2.78,3.87,4.15,4.34,4.33,4.55,4.48,4.30,4.69,4.74,4.49,3.33,2.73,2.95,3.54,4.05,4.21,4.34,4.24,4.53,4.51,4.34,4.38,4.20,3.97,3.28,2.64,2.85,2.82,2.64,2.61,2.67,2.65,2.55,2.43,2.31,2.26,1.95,1.99,2.08,1.94,1.67,1.57,1.15,1.00,0.76,0.65,0.67,0.76,0.96,0.84
-2.46,-2.42,-2.39,-2.47,-2.37,-2.32,-2.47,-2.82,-3.15,-3.03,-3.12,-3.03,-2.99,-3.03,-2.88,-2.56,-2.22,-1.17,0.72,2.22,2.52,2.65,2.70,2.59,2.76,2.90,2.57,1.70,0.67,-0.15,-0.63,-0.71,-0.64,-0.59,-0.84,-0.71,-0.72,-0.81,-0.79,-0.77,-0.76,-0.74,-0.79,-0.78,-0.86,-0.96,-0.58,-0.82,-0.68,-0.76,-0.93,-0.88,-0.92,-0.86,-0.76,-0.89,-0.87,-0.79,-0.83,-0.84,-0.91,-0.99,-1.02,-0.83,-0.59,-0.27,0.99,2.08,2.18,2.11,1.85,1.80,1.71,1.56,1.33,1.43,1.36,1.57,2.23,2.63,3.15,3.12,3.50,3.56,3.18,3.27,3.31,3.21,3.78,3.56,3.12,1.90,2.26,3.07,3.77,4.09,3.83,3.68,3.28,2.96,2.48,2.07,1.77,1.78,2.35,2.67,2.64,2.55,2.38,2.84,3.62,3.84,4.20,4.17,4.21,4.36,4.09,4.35,4.63,4.35,3.14,2.58,2.77,3.28,3.82,4.07,4.08,4.00,4.11,4.18,4.12,4.27,4.02,3.72,3.00,2.46,2.79,2.66,2.41,2.46,2.35,2.53,2.55,2.36,2.13,2.05,1.78,1.93,2.00,1.77,1.51,1.45,1.14,0.99,0.66,0.57,0.68,0.77,0.94,0.87
-2.53,-2.40,-2.36,-2.28,-2.36,-2.46,-2.58,-2.81,-3.22,-2.97,-2.97,-2.99,-2.96,-2.95,-2.95,-2.76,-2.36,-1.56,0.16,1.80,2.22,2.37,2.38,2.40,2.60,2.82,2.59,1.71,0.65,-0.02,-0.48,-0.89,-0.84,-0.66,-0.76,-0.62,-0.73,-0.83,-0.78,-0.79,-0.81,-0.72,-0.69,-0.74,-0.83,-0.94,-0.67,-0.77,-0.76,-0.68,-0.72,-0.78,-0.93,-0.92,-0.99,-0.88,-0.79,-0.74,-0.77,-0.76,-0.73,-0.73,-0.86,-0.91,-0.59,-0.32,0.87,2.01,2.06,2.03,1.90,1.73,1.71,1.68,1.53,1.56,1.49,1.56,2.07,2.85,3.26,3.62,3.66,3.62,3.50,3.51,3.54,3.57,3.78,3.60,3.18,1.83,1.91,2.70,3.60,3.69,3.43,3.21,2.81,2.59,2.34,1.99,1.80,1.76,2.25,2.69,2.72,2.63,2.52,2.87,3.35,3.56,3.96,3.98,3.92,3.72,3.84,4.15,4.34,4.07,3.01,2.54,2.60,2.98,3.53,3.84,3.97,4.01,3.94,3.76,3.84,4.07,3.87,3.50,2.79,2.29,2.58,2.61,2.36,2.29,2.19,2.41,2.49,2.37,2.18,2.05,1.80,1.95,1.97,1.80,1.59,1.46,1.21,0.88,0.42,0.39,0.55,0.55,0.57,0.53
-2.49,-2.47,-2.27,-2.45,-2.46,-2.49,-2.56,-2.68,-2.99,-2.90,-2.87,-2.94,-2.96,-2.88,-2.78,-2.95,-2.54,-1.84,-0.22,1.54,2.12,2.20,2.37,2.28,2.48,2.70,2.43,1.66,0.77,0.09,-0.41,-0.97,-0.74,-0.77,-0.82,-0.69,-0.74,-0.79,-0.92,-0.89,-0.72,-0.66,-0.62,-0.72,-0.78,-0.91,-0.72,-0.74,-0.68,-0.74,-0.78,-0.82,-0.84,-1.03,-0.94,-0.73,-0.71,-0.67,-0.61,-0.68,-0.68,-0.69,-0.98,-0.93,-0.66,-0.41,0.79,1.78,1.79,1.95,1.85,1.72,1.54,1.50,1.59,1.53,1.55,1.60,2.03,2.64,3.43,3.21,3.66,3.41,3.39,3.26,3.52,3.33,3.34,3.38,3.31,1.87,2.20,2.52,3.31,3.25,3.06,2.84,2.64,2.51,2.35,1.94,1.84,1.87,2.26,2.64,2.64,2.54,2.43,2.70,3.24,3.43,3.53,3.66,3.62,3.35,3.46,3.91,4.05,3.73,2.87,2.49,2.51,2.87,3.35,3.57,3.77,3.69,3.59,3.43,3.62,3.68,3.43,3.38,2.90,2.28,2.30,2.42,2.22,2.00,2.01,2.13,2.18,2.24,2.25,1.94,1.73,1.84,1.90,1.84,1.71,1.48,1.17,0.76,0.20,0.18,0.26,0.07,-0.07,-0.20
-2.45,-2.32,-2.28,-2.30,-2.47,-2.47,-2.39,-2.51,-2.67,-2.73,-2.85,-2.90,-2.92,-3.00,-2.83,-2.95,-2.65,-2.08,-0.66,1.15,2.03,2.17,2.46,2.32,2.40,2.51,2.30,1.64,0.77,0.11,-0.52,-0.93,-0.73,-0.72,-0.89,-0.92,-0.91,-0.79,-0.73,-0.79,-0.83,-0.82,-0.84,-0.84,-0.87,-1.03,-0.59,-0.82,-0.83,-0.83,-0.72,-0.73,-0.82,-0.91,-0.94,-0.93,-0.87,-0.76,-0.81,-0.81,-0.76,-0.79,-0.81,-0.87,-0.68,-0.31,0.87,1.87,1.91,2.02,1.77,1.55,1.48,1.39,1.33,1.49,1.62,1.61,2.28,2.26,3.07,3.03,3.27,3.31,3.25,3.03,3.21,3.19,3.20,3.19,2.88,1.48,2.26,2.47,3.25,3.34,2.95,2.73,2.63,2.43,2.28,1.90,1.77,1.80,2.25,2.63,2.71,2.64,2.32,2.52,2.90,3.10,3.09,3.24,3.35,3.33,3.27,3.63,3.96,3.70,2.82,2.37,2.37,2.76,3.20,3.32,3.47,3.34,3.41,3.37,3.43,3.41,3.27,3.13,2.57,2.10,2.26,2.45,2.10,2.01,1.91,1.72,1.80,1.95,1.90,1.65,1.59,2.00,1.61,1.46,1.46,1.22,0.96,0.52,-0.11,-0.17,-0.15,-0.43,-0.67,-1.03
-2.41,-2.28,-2.19,-2.10,-2.33,-2.39,-2.27,-2.50,-2.56,-2.70,-2.88,-2.88,-2.87,-3.06,-2.94,-2.81,-2.68,-2.31,-1.27,0.32,1.77,2.36,2.36,2.36,2.41,2.32,2.22,1.68,0.73,0.09,-0.53,-0.81,-0.73,-0.81,-0.81,-0.82,-0.91,-0.87,-0.77,-0.81,-0.87,-0.81,-0.74,-0.66,-0.78,-0.69,-0.49,-0.72,-0.68,-0.72,-0.81,-0.86,-0.86,-0.91,-0.79,-0.78,-0.78,-0.68,-0.71,-0.52,-0.34,-0.62,-0.78,-0.91,-0.68,-0.27,0.67,1.89,1.96,1.87,1.78,1.61,1.51,1.50,1.34,1.40,1.51,1.57,2.13,2.29,2.95,3.19,3.16,3.12,3.08,3.21,3.19,3.15,3.12,3.16,2.98,1.60,2.23,2.53,3.15,3.25,2.95,2.66,2.52,2.19,2.03,1.84,1.79,1.74,2.17,2.65,2.83,2.57,2.14,2.36,2.57,2.75,2.89,2.88,3.06,3.13,3.21,3.59,3.88,3.69,2.77,2.30,2.25,2.67,3.19,3.34,3.38,3.13,3.32,3.44,3.39,3.53,3.28,3.18,2.65,2.22,2.42,2.43,2.22,1.60,1.84,1.71,1.68,1.64,1.49,1.44,1.36,1.43,1.18,1.04,0.94,0.71,0.36,-0.27,-0.81,-0.89,-0.82,-0.94,-1.26,-1.69
-2.32,-2.32,-2.09,-2.07,-2.35,-2.45,-2.33,-2.65,-2.65,-2.90,-2.96,-2.82,-2.76,-2.96,-2.78,-2.70,-2.74,-2.60,-1.93,-0.49,1.45,2.30,2.34,2.36,2.54,2.48,2.25,1.62,0.76,0.11,-0.59,-0.67,-0.81,-0.68,-0.77,-0.78,-0.78,-0.87,-0.89,-0.82,-0.79,-0.86,-0.86,-0.83,-0.81,-0.82,-0.63,-0.82,-0.77,-0.89,-0.91,-0.87,-0.88,-1.02,-1.01,-0.82,-0.62,-0.63,-0.77,-0.72,-0.69,-0.79,-0.84,-0.83,-0.67,-0.12,0.95,1.82,1.78,1.82,1.72,1.71,1.50,1.49,1.39,1.27,1.44,1.55,2.11,2.30,2.72,3.15,3.03,2.97,2.94,3.12,2.85,2.90,3.07,3.04,2.85,1.74,1.80,2.54,3.24,3.24,2.88,2.61,2.40,2.10,1.99,1.73,1.64,1.61,1.89,2.25,2.46,2.30,2.06,2.26,2.38,2.58,2.70,2.63,2.66,2.72,2.96,3.56,3.63,3.62,2.78,2.14,2.05,2.45,3.00,3.20,3.14,3.16,3.26,3.31,3.41,3.28,3.08,3.06,2.49,1.93,1.99,2.06,2.05,1.67,1.67,1.70,1.56,1.46,1.28,0.73,0.58,0.79,0.65,0.45,0.13,-0.33,-0.67,-1.12,-1.66,-1.66,-1.47,-1.47,-1.64,-1.75
-2.21,-2.33,-2.19,-2.14,-2.41,-2.56,-2.44,-2.77,-2.79,-2.99,-2.95,-2.70,-2.63,-2.95,-2.79,-2.70,-2.56,-2.55,-2.18,-0.98,0.99,2.17,2.17,2.31,2.53,2.53,2.35,1.74,0.74,0.05,-0.67,-0.83,-0.82,-0.77,-0.82,-0.81,-0.87,-0.96,-0.87,-0.81,-0.87,-0.84,-0.84,-0.66,-0.84,-0.89,-0.71,-0.72,-0.57,-0.82,-0.97,-0.94,-1.07,-1.08,-0.98,-0.91,-0.76,-0.67,-0.64,-0.57,-0.64,-0.73,-0.84,-1.04,-0.74,-0.29,0.66,1.66,1.73,1.83,1.85,1.85,1.77,1.66,1.68,1.54,1.49,1.56,2.11,2.30,2.42,2.96,3.16,2.95,2.78,2.61,2.79,2.82,3.22,3.00,2.63,1.68,1.44,2.53,3.06,3.07,2.83,2.46,2.35,2.08,2.14,1.82,1.67,1.68,1.93,2.22,2.35,2.25,2.11,2.23,2.32,2.40,2.38,2.40,2.48,2.51,2.84,3.32,3.52,3.45,2.77,1.93,1.79,2.30,2.91,3.15,2.95,2.87,3.00,2.98,3.18,3.10,2.96,2.70,2.06,1.74,1.95,1.89,1.70,1.55,1.20,0.88,0.87,0.66,0.15,-0.24,-0.57,-0.61,-0.78,-0.82,-0.92,-1.24,-1.42,-1.26,-1.46,-1.40,-1.35,-1.40,-1.43,-1.33
-2.13,-2.28,-2.24,-2.24,-2.32,-2.35,-2.35,-2.76,-2.88,-2.83,-2.74,-2.63,-2.65,-3.03,-2.70,-2.60,-2.51,-2.55,-2.40,-1.40,0.57,1.97,2.25,2.53,2.55,2.60,2.40,1.73,0.96,0.40,-0.53,-0.77,-0.78,-0.73,-0.71,-0.82,-0.83,-0.79,-0.71,-0.61,-0.69,-0.72,-0.67,-0.84,-0.74,-0.67,-0.69,-0.66,-0.63,-0.68,-0.73,-0.86,-1.02,-0.99,-0.82,-0.73,-0.68,-0.66,-0.69,-0.68,-0.82,-0.92,-0.89,-0.96,-0.81,-0.33,0.72,1.89,1.88,2.07,1.82,1.74,1.64,1.50,1.44,1.17,1.33,1.64,2.12,2.20,2.42,2.64,3.01,2.94,2.77,2.64,2.53,2.77,2.84,2.78,2.53,1.88,1.66,2.77,3.21,3.03,3.08,2.69,2.52,2.37,2.24,1.88,1.74,1.68,1.85,2.08,2.10,1.96,1.90,2.11,2.29,2.26,2.34,2.42,2.38,2.51,2.88,2.88,3.47,3.31,2.55,1.66,1.45,2.01,2.61,2.76,2.52,1.93,1.73,1.96,2.05,1.74,1.42,1.36,1.00,0.85,1.21,1.21,0.78,0.36,0.29,-0.15,-0.28,-0.56,-1.04,-1.27,-1.35,-1.38,-1.30,-1.33,-1.33,-1.31,-1.42,-0.99,-1.19,-1.41,-1.43,-1.33,-1.32,-1.27
-2.18,-2.17,-2.04,-2.23,-2.26,-2.16,-2.27,-2.78,-2.70,-2.55,-2.64,-2.64,-2.56,-2.88,-2.78,-2.60,-2.60,-2.69,-2.51,-1.65,-0.18,1.85,2.30,2.46,2.64,2.55,2.24,1.67,0.80,-0.05,-0.74,-0.78,-0.59,-0.72,-0.46,-0.67,-0.77,-0.84,-0.88,-0.76,-0.71,-0.68,-0.62,-0.72,-0.66,-1.03,-0.57,-0.78,-0.77,-0.76,-0.72,-0.74,-0.76,-0.79,-0.92,-0.81,-0.66,-0.68,-0.58,-0.46,-0.46,-0.56,-0.78,-0.87,-0.84,-0.57,0.41,1.76,1.93,1.96,2.00,1.72,1.73,1.38,1.31,1.20,1.23,1.43,2.08,2.10,2.65,2.52,2.89,2.96,2.79,2.73,2.82,2.87,3.08,2.84,2.34,1.78,1.36,2.47,2.94,3.08,2.97,2.59,2.40,2.23,2.17,1.94,1.84,1.66,1.91,2.29,2.52,2.25,1.61,1.79,2.18,2.23,2.37,2.49,2.35,2.32,2.63,2.55,3.06,2.97,2.18,1.29,1.06,1.45,1.89,1.87,1.27,0.32,-0.26,0.13,0.35,-0.29,-0.36,-0.32,-0.39,-0.31,-0.08,-0.08,-0.36,-0.84,-0.82,-1.07,-1.14,-1.22,-1.35,-1.32,-1.09,-1.07,-1.11,-1.22,-1.24,-1.19,-1.30,-1.28,-1.43,-1.71,-1.48,-1.11,-1.51,-1.38
-2.27,-2.30,-2.18,-2.31,-2.27,-2.16,-2.30,-2.39,-2.41,-2.58,-2.76,-2.85,-2.86,-2.74,-2.79,-2.59,-2.77,-2.74,-2.42,-1.99,-0.96,1.38,2.36,2.36,2.45,2.52,2.38,1.95,1.15,0.14,-0.69,-0.74,-0.86,-0.58,-0.76,-0.78,-0.78,-0.89,-0.93,-0.91,-0.88,-0.73,-0.73,-0.67,-0.71,-1.04,-0.44,-0.38,-0.53,-0.52,-0.81,-0.88,-0.81,-0.77,-0.81,-0.68,-0.51,-0.46,-0.48,-0.64,-0.68,-0.69,-0.86,-0.96,-0.88,-0.58,0.36,1.56,1.88,1.88,1.56,1.85,1.74,1.49,1.51,1.32,1.14,1.40,1.66,2.00,2.31,2.60,2.84,2.83,2.72,2.84,2.83,2.73,2.78,2.71,2.64,1.70,1.55,2.31,2.95,3.04,2.95,2.63,2.53,2.28,2.07,1.88,1.79,1.64,1.79,2.02,2.18,2.11,1.61,1.46,1.85,1.99,2.06,2.20,2.16,1.96,2.05,2.35,2.34,2.40,1.82,0.93,0.57,0.68,0.84,0.62,-0.21,-0.96,-1.21,-1.02,-0.88,-1.16,-1.16,-1.07,-1.12,-1.09,-0.98,-1.12,-1.18,-1.19,-1.35,-1.45,-1.43,-1.33,-1.23,-1.16,-1.02,-1.21,-1.12,-1.03,-1.13,-1.24,-0.89,-1.27,-1.35,-1.28,-1.35,-1.52,-1.38,-1.24
-2.27,-2.16,-2.02,-2.05,-2.08,-2.08,-2.14,-2.40,-2.53,-2.58,-2.76,-2.96,-3.01,-2.78,-2.90,-2.86,-2.95,-2.82,-2.55,-2.37,-1.65,1.10,1.97,2.17,2.38,2.43,2.35,1.96,1.11,0.30,-0.67,-0.97,-0.88,-0.59,-0.59,-0.71,-0.72,-0.74,-0.84,-0.83,-0.77,-0.86,-0.71,-0.83,-0.84,-1.07,-0.67,-0.88,-0.73,-0.93,-0.83,-0.79,-0.73,-0.59,-0.69,-0.72,-0.56,-0.64,-0.72,-0.58,-0.64,-0.79,-0.94,-0.99,-0.71,-0.52,0.24,1.51,2.06,1.99,1.78,1.87,1.64,1.72,1.42,1.60,1.46,1.56,1.51,1.89,2.07,2.42,2.67,2.70,2.77,2.32,2.31,2.14,2.32,2.55,2.40,1.26,1.37,1.65,2.97,3.06,2.77,2.69,2.59,2.37,2.17,1.97,1.60,1.54,1.80,1.96,1.99,1.88,1.42,1.04,1.34,1.59,1.66,1.57,1.37,1.39,1.25,1.71,1.53,1.50,1.07,0.28,-0.17,-0.23,-0.26,-0.48,-0.96,-1.17,-1.04,-1.14,-1.16,-1.13,-1.18,-1.22,-1.30,-1.37,-1.43,-1.51,-1.40,-1.31,-1.36,-1.30,-1.18,-1.19,-1.28,-1.28,-1.28,-1.35,-1.31,-1.40,-1.35,-1.09,-1.04,-1.42,-1.43,-1.32,-1.32,-1.41,-1.37,-1.36
-2.08,-2.16,-2.21,-2.19,-2.18,-2.22,-2.22,-2.58,-2.86,-2.79,-2.81,-3.00,-3.09,-2.78,-2.92,-2.81,-2.76,-2.78,-2.69,-2.36,-1.97,0.46,1.65,1.84,1.89,2.08,2.28,2.01,1.16,0.31,-0.54,-0.93,-0.73,-0.77,-0.68,-0.78,-0.77,-0.76,-0.81,-0.78,-0.88,-0.86,-0.63,-0.79,-0.86,-0.66,-0.74,-0.58,-0.54,-0.81,-0.84,-0.98,-0.86,-0.66,-0.72,-0.68,-0.61,-0.52,-0.38,-0.56,-0.61,-0.71,-0.92,-0.93,-1.01,-0.44,0.51,1.57,2.00,2.17,2.07,2.03,1.93,1.83,1.66,1.91,1.57,1.40,1.38,1.48,1.37,1.73,1.79,1.91,1.38,1.64,1.55,1.89,1.88,1.64,1.54,1.05,1.26,1.68,3.02,3.07,2.89,2.75,2.60,2.57,2.34,2.02,1.68,1.62,1.72,2.05,2.36,1.87,1.00,0.68,0.65,0.76,0.98,1.04,0.83,1.12,0.74,0.95,0.66,0.25,-0.12,-0.53,-0.76,-0.89,-0.96,-1.02,-1.18,-1.18,-1.03,-1.07,-0.94,-1.04,-1.09,-1.23,-1.37,-1.53,-1.71,-1.64,-1.31,-1.57,-1.19,-1.24,-1.12,-1.19,-1.45,-1.46,-1.50,-1.36,-1.24,-1.37,-1.36,-1.18,-1.41,-1.50,-1.51,-1.36,-1.31,-1.42,-1.56,-1.55
-2.14,-2.19,-2.00,-1.99,-2.13,-2.16,-1.97,-2.50,-2.83,-2.87,-2.95,-2.96,-2.91,-3.15,-3.09,-3.01,-2.77,-2.70,-2.74,-2.50,-2.18,-0.10,1.14,1.56,1.70,1.83,1.95,1.66,0.90,0.40,-0.52,-0.97,-0.78,-0.73,-0.81,-0.79,-0.89,-0.96,-0.87,-0.77,-0.71,-0.58,-0.57,-0.74,-0.63,-0.76,-0.51,-0.53,-0.81,-0.68,-0.67,-0.97,-0.88,-0.74,-0.56,-0.56,-0.71,-0.72,-0.68,-0.71,-0.79,-0.94,-1.07,-1.11,-0.82,-0.51,0.25,1.51,2.18,2.00,1.95,1.91,2.13,1.96,1.34,1.72,1.39,1.42,1.14,1.17,1.27,1.28,1.21,1.42,1.16,1.44,1.42,1.17,1.06,0.90,0.79,0.76,0.74,1.68,3.20,3.24,3.19,2.93,2.79,2.64,2.35,2.18,1.77,1.60,1.71,1.85,2.17,1.97,1.16,0.71,0.57,0.88,1.20,1.23,0.93,1.20,0.98,0.78,0.47,-0.08,-0.78,-0.86,-0.87,-1.06,-1.14,-1.23,-1.43,-1.33,-1.18,-1.14,-0.98,-1.06,-1.18,-1.24,-1.38,-1.64,-1.76,-1.56,-1.35,-1.69,-1.24,-1.35,-1.21,-1.22,-1.37,-1.37,-1.33,-1.26,-1.19,-1.32,-1.42,-1.41,-1.40,-1.56,-1.72,-1.71,-1.59,-1.47,-1.42,-1.50
-2.18,-1.88,-2.19,-2.10,-2.07,-2.10,-1.97,-2.26,-2.51,-2.76,-2.96,-3.04,-3.00,-2.97,-3.14,-3.00,-2.88,-2.88,-2.74,-2.31,-2.69,-1.21,0.46,1.26,1.40,1.49,1.39,1.01,0.74,0.28,-0.56,-0.88,-0.69,-0.72,-0.77,-0.66,-0.78,-0.89,-0.73,-0.62,-0.68,-0.73,-0.76,-0.86,-0.83,-0.89,-0.76,-0.62,-0.82,-0.89,-0.73,-0.78,-0.76,-0.72,-0.83,-0.92,-0.76,-0.66,-0.64,-0.44,-0.43,-0.64,-0.94,-0.96,-0.74,-0.56,0.14,1.39,2.07,2.23,2.03,2.11,1.96,2.12,2.13,2.00,1.82,1.82,1.48,1.10,1.21,1.39,1.16,2.00,1.27,1.95,1.74,1.51,1.66,1.23,1.17,1.11,1.17,2.08,3.20,3.30,3.18,2.97,2.84,2.72,2.53,2.08,1.78,1.68,1.72,1.99,2.42,2.54,2.18,1.70,1.27,1.60,1.93,1.85,1.78,2.08,1.95,1.67,1.23,0.21,-0.74,-0.98,-0.94,-1.02,-1.12,-1.27,-1.48,-1.35,-1.13,-1.31,-1.07,-1.28,-1.26,-1.22,-1.40,-1.66,-1.75,-1.62,-1.56,-1.56,-1.45,-1.46,-1.27,-1.21,-1.32,-1.37,-1.16,-1.18,-1.38,-1.51,-1.56,-1.57,-1.53,-1.66,-1.83,-1.74,-1.57,-1.47,-1.45,-1.57
-2.00,-1.88,-2.08,-2.08,-2.09,-2.17,-2.08,-2.28,-2.42,-2.59,-2.78,-2.91,-2.95,-2.95,-3.13,-2.91,-2.96,-2.96,-2.74,-2.62,-2.91,-1.84,-0.10,0.46,0.72,0.85,0.74,0.58,0.57,0.23,-0.77,-0.74,-0.76,-0.87,-0.91,-0.74,-0.73,-0.76,-0.74,-0.88,-0.84,-0.76,-0.79,-0.78,-0.66,-0.83,-0.52,-0.48,-0.67,-0.76,-0.77,-0.98,-0.98,-0.79,-0.74,-0.78,-0.71,-0.64,-0.71,-0.82,-0.86,-0.78,-0.96,-1.21,-0.96,-0.73,-0.22,1.18,2.29,2.20,2.34,2.07,2.54,2.51,2.00,2.11,1.99,1.93,1.72,2.03,2.49,2.35,2.76,2.73,3.37,3.63,3.60,3.96,3.79,3.30,3.24,3.40,3.59,3.76,3.60,3.37,3.31,3.10,2.78,2.48,2.36,1.94,1.68,1.64,1.64,2.01,2.43,2.58,2.57,2.35,2.26,2.41,2.66,2.57,2.58,2.59,2.61,2.70,2.01,0.42,-0.69,-1.04,-1.21,-1.14,-1.07,-1.27,-1.47,-1.32,-1.13,-1.23,-1.14,-1.22,-1.13,-1.13,-1.45,-1.75,-1.80,-1.79,-1.72,-1.52,-1.50,-1.48,-1.38,-1.28,-1.32,-1.45,-1.31,-1.30,-1.50,-1.57,-1.62,-1.70,-1.70,-1.69,-1.79,-1.69,-1.66,-1.69,-1.50,-1.60
-1.99,-2.09,-2.12,-2.19,-2.26,-2.19,-2.00,-2.21,-2.42,-2.51,-2.65,-2.85,-2.97,-3.06,-3.08,-2.91,-2.92,-2.99,-2.95,-2.79,-2.94,-2.04,-0.76,-0.07,0.13,0.28,0.40,0.26,0.05,0.00,-0.62,-0.63,-0.81,-0.84,-0.83,-0.78,-0.69,-0.61,-0.54,-0.59,-0.82,-0.72,-0.66,-0.79,-0.83,-0.87,-0.62,-0.69,-0.74,-0.67,-0.69,-0.68,-0.67,-0.77,-0.84,-0.87,-0.81,-0.74,-0.71,-0.62,-0.66,-0.67,-0.76,-0.86,-0.63,-0.33,0.36,1.42,2.29,2.81,2.79,2.72,2.82,2.57,2.46,2.69,2.48,2.19,2.70,4.92,5.47,5.45,5.61,5.48,5.44,5.58,5.74,5.63,5.69,5.38,5.16,5.01,4.63,4.21,3.91,3.64,3.46,3.24,3.02,2.65,2.41,2.06,1.74,1.70,1.70,1.82,2.23,2.51,2.55,2.57,2.42,2.63,2.59,2.57,2.65,2.34,2.48,2.60,1.96,0.30,-0.87,-1.17,-1.36,-1.41,-1.31,-1.33,-1.46,-1.41,-1.23,-1.22,-1.46,-0.93,-1.13,-1.24,-1.47,-1.71,-1.71,-1.62,-1.75,-1.61,-1.48,-1.50,-1.47,-1.35,-1.27,-1.42,-1.50,-1.53,-1.47,-1.48,-1.70,-1.88,-1.76,-1.74,-1.79,-1.79,-1.86,-1.83,-1.47,-1.64
-1.99,-2.02,-2.00,-2.07,-2.18,-2.23,-2.03,-2.12,-2.36,-2.46,-2.58,-2.73,-2.79,-2.95,-2.94,-2.95,-2.90,-2.85,-2.86,-2.90,-3.01,-2.35,-1.23,-0.59,-0.07,0.23,0.15,-0.08,-0.05,-0.10,-0.42,-0.71,-0.79,-0.71,-0.71,-0.63,-0.63,-0.66,-0.67,-0.69,-0.78,-0.79,-0.73,-0.74,-0.77,-0.76,-0.71,-0.67,-0.67,-0.67,-0.68,-0.71,-0.72,-0.74,-0.78,-0.81,-0.64,-0.43,-0.57,-0.66,-0.61,-0.67,-0.88,-1.06,-0.92,-0.18,0.46,1.84,3.72,3.96,3.82,3.98,4.38,4.35,4.01,4.40,4.76,4.64,5.46,6.20,6.21,5.80,5.80,5.69,6.05,5.71,5.61,5.61,5.58,5.53,5.25,5.01,4.64,4.47,3.98,3.77,3.44,3.08,2.96,2.77,2.42,2.20,1.99,1.82,1.62,1.73,2.11,2.25,2.26,2.32,2.35,2.23,2.26,2.22,2.23,2.05,2.16,2.29,1.79,0.37,-0.81,-1.23,-1.50,-1.57,-1.40,-1.35,-1.47,-1.52,-1.33,-1.37,-1.35,-1.06,-1.13,-1.30,-1.52,-1.74,-1.74,-1.60,-1.71,-1.66,-1.61,-1.71,-1.56,-1.45,-1.50,-1.51,-1.53,-1.79,-1.61,-1.70,-1.86,-1.91,-1.84,-1.78,-1.89,-1.91,-1.86,-1.72,-1.56,-1.70
-1.88,-1.90,-1.94,-2.03,-2.17,-2.27,-2.14,-2.07,-2.39,-2.49,-2.63,-2.87,-2.95,-2.87,-2.94,-2.92,-2.88,-2.83,-2.85,-3.05,-2.96,-2.59,-1.95,-1.23,-0.39,-0.10,-0.39,-0.71,-0.76,-0.57,-0.62,-0.81,-0.82,-0.73,-0.63,-0.67,-0.66,-0.68,-0.71,-0.66,-0.87,-0.81,-0.77,-0.69,-0.84,-0.78,-0.66,-0.69,-0.74,-0.64,-0.64,-0.59,-0.72,-0.83,-0.68,-0.64,-0.63,-0.51,-0.63,-0.73,-0.77,-0.74,-0.76,-1.08,-0.83,-0.34,-0.06,2.07,5.55,6.36,6.20,6.12,6.33,6.51,6.42,6.42,6.35,6.21,6.04,5.92,6.19,5.77,5.87,5.53,5.71,5.59,5.61,5.35,5.33,5.31,5.24,4.99,4.70,4.53,4.29,3.89,3.57,3.18,2.95,2.71,2.46,2.24,1.99,1.97,1.95,1.94,1.93,2.00,2.10,1.90,2.05,1.99,2.00,1.77,1.54,1.74,1.67,2.17,1.62,0.15,-0.93,-1.38,-1.47,-1.43,-1.45,-1.45,-1.42,-1.61,-1.51,-1.18,-1.21,-1.08,-1.21,-1.38,-1.57,-1.70,-1.66,-1.61,-1.65,-1.79,-1.67,-1.86,-1.74,-1.62,-1.66,-1.65,-1.52,-1.78,-1.84,-1.97,-1.98,-1.85,-1.78,-1.76,-2.03,-2.03,-1.89,-1.78,-1.64,-1.60
-1.84,-1.91,-1.89,-1.93,-2.05,-2.13,-2.08,-2.14,-2.28,-2.33,-2.55,-2.81,-2.88,-2.94,-2.86,-2.73,-2.77,-2.81,-2.79,-3.03,-3.19,-2.70,-2.37,-2.07,-1.53,-1.21,-1.26,-1.26,-0.98,-0.61,-0.64,-0.72,-0.66,-0.52,-0.58,-0.61,-0.62,-0.72,-0.76,-0.67,-0.73,-0.67,-0.71,-0.63,-0.72,-0.79,-0.63,-0.76,-0.87,-0.63,-0.62,-0.62,-0.71,-0.66,-0.52,-0.56,-0.52,-0.33,-0.39,-0.61,-0.62,-0.63,-0.69,-1.06,-0.94,-0.38,0.42,2.34,5.77,6.36,6.66,6.54,6.80,6.59,6.61,6.72,6.67,6.28,6.13,6.00,5.93,5.66,5.89,5.83,5.62,5.62,5.74,5.46,5.40,5.45,5.51,4.88,4.92,4.49,4.41,4.11,3.79,3.34,3.04,2.93,2.72,2.37,2.01,1.90,1.95,2.20,2.37,2.31,2.18,1.90,1.95,1.84,1.90,1.56,1.68,1.57,1.85,1.85,1.27,0.19,-0.74,-1.09,-1.30,-1.30,-1.26,-1.42,-1.42,-1.50,-1.60,-1.36,-1.22,-1.17,-1.16,-1.43,-1.71,-1.72,-1.52,-1.59,-1.78,-1.74,-1.83,-1.70,-1.52,-1.51,-1.64,-1.67,-1.42,-1.61,-1.67,-1.83,-1.90,-1.81,-1.74,-1.85,-2.02,-2.02,-2.03,-2.04,-1.74,-1.60
-1.81,-1.86,-1.72,-1.76,-1.91,-1.98,-1.91,-2.03,-2.27,-2.31,-2.50,-2.72,-2.69,-2.96,-2.86,-2.74,-2.73,-2.79,-2.87,-3.01,-3.17,-2.77,-2.55,-2.27,-1.98,-1.89,-1.83,-1.55,-1.24,-0.68,-0.59,-0.56,-0.44,-0.43,-0.56,-0.61,-0.67,-0.76,-0.72,-0.62,-0.76,-0.74,-0.64,-0.62,-0.62,-0.67,-0.67,-0.81,-0.69,-0.76,-0.82,-0.74,-0.71,-0.62,-0.59,-0.69,-0.69,-0.67,-0.66,-0.57,-0.66,-0.74,-0.87,-0.92,-0.78,-0.58,0.15,2.01,5.63,6.48,6.34,6.40,6.48,6.49,6.29,6.49,6.50,6.40,6.15,6.02,5.77,5.45,5.53,5.47,5.67,5.35,5.32,5.41,5.31,5.11,4.82,4.76,4.75,4.64,4.49,4.09,3.75,3.32,3.04,3.09,2.89,2.37,1.97,2.01,2.11,2.17,2.13,2.07,2.14,1.90,1.83,1.67,1.59,1.45,1.61,1.56,1.62,1.55,0.47,-0.63,-1.16,-1.13,-1.36,-1.46,-1.33,-1.47,-1.67,-1.40,-1.48,-1.60,-1.62,-1.40,-1.41,-1.57,-1.65,-1.61,-1.61,-1.64,-1.84,-1.67,-1.80,-1.76,-1.52,-1.46,-1.61,-1.70,-1.55,-1.76,-1.74,-1.86,-1.98,-1.93,-1.86,-1.79,-1.93,-2.10,-2.13,-2.00,-1.91,-1.97
-1.79,-1.69,-1.55,-1.71,-1.90,-1.89,-1.75,-1.71,-2.18,-2.31,-2.45,-2.60,-2.63,-2.87,-2.81,-2.76,-2.69,-2.81,-3.00,-2.97,-3.05,-2.76,-2.68,-2.22,-1.86,-1.83,-1.79,-1.53,-1.32,-0.74,-0.42,-0.62,-0.27,-0.28,-0.34,-0.48,-0.54,-0.57,-0.68,-0.69,-0.58,-0.67,-0.56,-0.46,-0.58,-0.49,-0.71,-0.63,-0.42,-0.62,-0.78,-0.82,-0.67,-0.58,-0.54,-0.52,-0.52,-0.62,-0.78,-0.64,-0.67,-0.77,-0.74,-0.71,-0.81,-0.36,0.08,1.85,5.22,6.66,6.40,6.31,6.41,6.37,6.33,6.04,6.14,6.23,5.90,6.27,5.74,5.76,5.58,5.65,5.32,5.39,5.31,5.42,5.22,5.12,4.82,4.65,4.63,4.68,4.49,4.03,3.64,3.31,2.97,2.93,2.81,2.34,2.06,2.31,2.40,2.38,2.29,2.22,2.46,2.40,2.23,1.74,1.43,1.66,1.72,1.66,1.76,1.64,0.42,-0.54,-1.22,-1.30,-1.40,-1.47,-1.43,-1.51,-1.55,-1.59,-1.59,-1.66,-1.62,-1.78,-1.60,-1.55,-1.48,-1.51,-1.66,-1.69,-1.84,-1.83,-1.89,-1.78,-1.57,-1.64,-1.86,-1.79,-1.50,-1.88,-1.76,-1.75,-1.91,-2.08,-2.08,-1.74,-2.12,-2.18,-2.07,-1.94,-1.84,-1.81
-1.89,-1.66,-1.53,-1.69,-1.83,-1.78,-1.69,-1.56,-1.85,-2.17,-2.41,-2.58,-2.65,-2.81,-2.56,-2.53,-2.59,-2.74,-2.90,-2.92,-3.08,-2.90,-2.77,-2.13,-1.41,-1.07,-1.02,-0.88,-0.63,-0.29,-0.24,-0.52,-0.32,-0.22,-0.32,-0.47,-0.54,-0.56,-0.61,-0.69,-0.49,-0.66,-0.63,-0.57,-0.77,-0.63,-0.77,-0.64,-0.67,-0.76,-0.87,-0.84,-0.71,-0.52,-0.42,-0.51,-0.54,-0.52,-0.58,-0.62,-0.64,-0.79,-0.88,-0.79,-0.67,-0.29,-0.08,1.72,5.09,6.50,6.51,6.54,6.54,6.66,6.71,6.38,6.57,6.48,6.25,6.14,5.84,5.68,5.40,5.40,5.42,5.39,5.51,5.35,5.48,5.11,4.65,4.64,4.58,4.75,4.47,4.20,3.96,3.39,3.06,2.82,2.51,2.10,1.66,1.88,2.03,1.78,1.68,1.84,1.99,1.90,1.67,1.54,1.39,1.38,1.14,1.45,1.44,1.17,0.24,-0.38,-1.03,-1.31,-1.31,-1.40,-1.50,-1.46,-1.47,-1.78,-1.66,-1.38,-1.36,-1.51,-1.47,-1.43,-1.38,-1.46,-1.69,-1.56,-1.65,-1.88,-1.71,-1.88,-1.74,-1.71,-1.95,-1.80,-1.60,-1.72,-1.71,-1.67,-1.61,-1.59,-1.72,-1.90,-1.93,-1.97,-2.03,-2.00,-1.78,-2.09
-1.83,-1.80,-1.65,-1.70,-1.85,-1.91,-1.78,-1.62,-1.89,-2.18,-2.58,-2.85,-2.74,-2.81,-2.46,-2.50,-2.58,-2.63,-2.67,-2.76,-3.06,-2.99,-2.73,-1.83,-0.83,-0.36,-0.33,-0.28,-0.20,-0.11,-0.23,-0.33,-0.39,-0.39,-0.51,-0.44,-0.49,-0.68,-0.73,-0.69,-0.71,-0.74,-0.72,-0.61,-0.76,-0.73,-0.71,-0.64,-0.67,-0.74,-0.77,-0.69,-0.62,-0.59,-0.56,-0.64,-0.64,-0.52,-0.67,-0.59,-0.46,-0.62,-0.69,-0.68,-0.88,-0.51,-0.06,1.73,4.94,5.82,6.34,6.41,6.52,6.18,6.23,6.30,6.34,6.07,6.05,5.81,5.56,5.19,4.82,4.62,4.72,4.78,4.84,4.49,4.25,4.14,4.23,4.29,4.05,3.85,3.60,3.33,3.12,2.83,2.61,2.38,1.59,1.39,1.29,1.12,1.31,1.61,1.72,1.65,1.59,1.50,1.59,1.66,1.51,1.39,0.88,0.60,0.63,0.34,-0.07,-0.71,-1.01,-1.07,-1.26,-1.42,-1.53,-1.70,-1.64,-1.62,-1.62,-1.65,-1.24,-1.37,-1.55,-1.46,-1.35,-1.46,-1.70,-1.62,-1.71,-1.81,-1.64,-1.79,-1.78,-1.89,-2.09,-1.72,-1.47,-1.76,-1.78,-1.76,-1.83,-1.84,-1.56,-1.81,-2.07,-2.21,-2.13,-1.97,-1.94,-1.94
-1.88,-1.83,-1.71,-1.65,-1.84,-2.02,-1.79,-1.75,-2.07,-2.09,-2.40,-2.74,-2.62,-2.87,-2.76,-2.68,-2.59,-2.51,-2.47,-2.60,-3.01,-2.92,-2.72,-1.88,-0.82,-0.27,-0.23,-0.28,-0.29,-0.17,-0.20,-0.28,-0.29,-0.36,-0.57,-0.47,-0.42,-0.61,-0.67,-0.59,-0.68,-0.63,-0.61,-0.44,-0.74,-0.63,-0.66,-0.63,-0.62,-0.68,-0.72,-0.83,-0.79,-0.58,-0.54,-0.61,-0.56,-0.48,-0.49,-0.57,-0.52,-0.71,-0.91,-0.89,-0.81,-0.33,0.03,1.62,4.67,5.27,5.68,5.68,5.65,5.44,5.69,5.22,5.32,5.51,5.17,4.48,4.28,3.69,3.46,3.44,3.37,3.51,3.62,3.39,3.52,3.14,3.14,3.30,3.01,2.89,2.64,2.87,2.59,2.45,2.40,2.36,2.18,2.08,1.42,1.14,1.56,1.65,1.53,1.60,1.56,1.40,1.59,1.32,1.18,1.37,0.93,1.00,0.52,0.02,-0.48,-0.72,-1.17,-1.43,-1.38,-1.40,-1.59,-1.75,-1.86,-1.57,-1.64,-1.46,-1.40,-1.45,-1.55,-1.50,-1.60,-1.81,-1.88,-1.86,-1.79,-1.60,-1.52,-1.65,-1.75,-1.97,-2.16,-1.86,-1.86,-1.93,-1.86,-1.93,-1.91,-1.64,-1.52,-1.66,-1.85,-2.09,-2.22,-2.09,-2.07,-1.99
-1.93,-1.86,-1.79,-1.79,-1.86,-1.90,-1.70,-1.79,-1.91,-2.05,-2.36,-2.60,-2.63,-2.83,-2.94,-2.67,-2.47,-2.41,-2.46,-2.63,-2.79,-2.91,-2.83,-2.32,-1.19,-0.47,-0.36,-0.34,-0.38,-0.22,-0.22,-0.34,-0.34,-0.39,-0.56,-0.49,-0.42,-0.49,-0.63,-0.68,-0.63,-0.69,-0.56,-0.34,-0.64,-0.74,-0.58,-0.59,-0.64,-0.67,-0.67,-0.69,-0.78,-0.72,-0.67,-0.66,-0.56,-0.57,-0.73,-0.73,-0.56,-0.81,-0.86,-0.83,-0.73,-0.57,-0.27,1.53,4.31,5.18,5.26,5.16,5.01,5.08,4.92,4.70,4.83,4.68,4.45,3.82,3.47,3.31,3.35,3.54,3.46,3.73,3.62,3.85,3.82,3.64,3.35,3.19,3.32,3.00,2.77,2.89,2.77,2.59,2.67,2.64,2.43,2.12,1.77,1.77,1.83,1.84,1.94,1.93,1.79,1.50,1.37,1.61,1.65,1.64,1.36,1.16,1.45,1.10,0.28,-0.81,-1.27,-1.52,-1.52,-1.51,-1.75,-1.81,-1.69,-1.62,-1.71,-1.64,-1.42,-1.45,-1.72,-1.64,-1.62,-1.84,-1.90,-1.98,-1.56,-1.71,-1.53,-1.70,-1.78,-1.97,-2.24,-2.00,-2.04,-1.98,-1.69,-1.66,-1.76,-1.70,-1.95,-1.97,-1.98,-2.13,-2.09,-1.80,-2.00,-1.93
-1.69,-2.05,-1.89,-1.91,-2.04,-2.09,-1.97,-1.66,-1.84,-2.22,-2.46,-2.62,-2.79,-2.77,-2.81,-2.70,-2.55,-2.50,-2.58,-2.64,-2.73,-2.78,-2.83,-2.49,-1.41,-0.69,-0.44,-0.23,-0.42,-0.27,-0.28,-0.43,-0.41,-0.58,-0.48,-0.41,-0.44,-0.51,-0.66,-0.79,-0.71,-0.67,-0.67,-0.47,-0.64,-0.59,-0.51,-0.63,-0.63,-0.64,-0.72,-0.72,-0.74,-0.68,-0.59,-0.56,-0.49,-0.57,-0.69,-0.68,-0.66,-0.67,-0.83,-0.92,-0.87,-0.66,-0.31,1.39,4.04,4.61,4.88,5.16,4.91,5.12,4.99,4.91,5.06,4.60,4.22,3.66,3.41,3.14,3.32,3.33,3.38,3.51,3.60,3.89,3.92,3.37,2.91,3.00,2.71,2.59,2.46,2.35,2.34,2.43,2.49,2.49,2.49,2.31,2.11,2.24,2.36,2.23,2.17,2.12,2.01,1.73,1.53,1.59,1.55,1.67,1.60,1.48,1.79,1.53,0.31,-0.86,-1.32,-1.36,-1.43,-1.56,-1.65,-1.67,-1.75,-1.59,-1.37,-1.75,-1.57,-1.53,-1.60,-1.62,-1.81,-2.07,-2.08,-2.24,-1.85,-2.04,-1.88,-1.79,-1.66,-1.80,-2.14,-1.95,-1.95,-1.74,-1.84,-1.78,-1.65,-1.80,-2.05,-1.83,-1.99,-2.08,-2.02,-1.95,-2.02,-2.04
-1.80,-1.83,-1.98,-2.08,-1.99,-1.85,-1.95,-1.98,-1.98,-2.09,-2.36,-2.68,-2.82,-2.91,-2.83,-2.77,-2.67,-2.56,-2.51,-2.73,-2.85,-2.85,-2.79,-2.55,-1.60,-0.86,-0.53,-0.31,-0.36,-0.33,-0.43,-0.53,-0.37,-0.49,-0.41,-0.44,-0.57,-0.61,-0.63,-0.73,-0.78,-0.66,-0.76,-0.63,-0.58,-0.63,-0.57,-0.64,-0.57,-0.59,-0.68,-0.64,-0.64,-0.69,-0.58,-0.56,-0.58,-0.54,-0.78,-0.89,-0.66,-0.63,-0.72,-0.69,-0.86,-0.51,-0.27,1.49,3.58,4.03,4.29,4.36,4.41,4.61,4.36,4.48,4.23,4.07,3.78,3.44,2.97,2.82,2.88,3.00,3.18,2.82,2.55,2.42,2.60,2.36,2.03,1.97,1.89,1.51,1.10,1.37,1.38,1.50,1.60,1.61,1.66,1.78,1.85,1.82,1.80,1.70,1.32,1.07,1.12,0.88,0.69,0.73,0.76,0.62,0.67,0.71,0.77,0.88,-0.15,-0.89,-1.36,-1.46,-1.53,-1.57,-1.46,-1.41,-1.40,-1.26,-1.37,-1.64,-1.67,-1.52,-1.66,-1.84,-1.86,-1.90,-2.00,-2.04,-2.16,-2.05,-1.93,-1.88,-1.81,-1.88,-2.05,-1.80,-1.97,-1.60,-1.65,-1.76,-1.78,-1.76,-2.04,-1.86,-2.05,-2.23,-2.26,-2.21,-2.12,-2.17
-1.78,-1.75,-2.03,-1.89,-1.83,-1.95,-1.86,-2.17,-2.08,-2.21,-2.46,-2.70,-2.79,-2.67,-2.73,-2.82,-2.72,-2.62,-2.60,-2.58,-2.83,-2.73,-2.73,-2.72,-1.91,-1.06,-0.66,-0.52,-0.37,-0.46,-0.48,-0.66,-0.27,-0.34,-0.43,-0.51,-0.58,-0.67,-0.62,-0.54,-0.64,-0.58,-0.67,-0.62,-0.51,-0.63,-0.56,-0.53,-0.59,-0.72,-0.53,-0.48,-0.64,-0.73,-0.63,-0.66,-0.68,-0.61,-0.76,-0.63,-0.53,-0.67,-0.71,-0.83,-0.96,-0.42,-0.11,1.59,3.02,3.31,3.45,3.63,3.43,3.49,3.25,3.51,3.25,3.13,2.97,2.55,2.40,2.06,2.26,2.03,2.30,2.38,2.25,1.96,2.08,2.02,1.74,1.31,1.14,1.05,0.82,0.67,0.71,0.55,0.47,0.49,0.47,0.61,0.62,0.73,0.90,0.73,0.46,0.26,0.26,0.08,-0.12,-0.13,0.10,0.16,0.15,-0.32,-0.23,-0.03,-0.43,-0.97,-1.48,-1.57,-1.55,-1.67,-1.72,-1.65,-1.50,-1.32,-1.71,-1.69,-1.80,-1.50,-1.90,-1.98,-1.65,-1.66,-1.97,-1.89,-1.89,-1.98,-1.76,-1.70,-1.74,-1.89,-2.05,-1.71,-2.05,-1.84,-1.80,-1.80,-1.76,-1.75,-2.04,-1.78,-2.00,-2.19,-2.22,-2.24,-2.05,-2.10
-1.84,-2.04,-2.18,-1.97,-1.86,-1.91,-1.72,-1.64,-2.04,-2.22,-2.24,-2.37,-2.82,-3.09,-3.00,-2.68,-2.68,-2.78,-2.69,-2.41,-2.69,-2.55,-2.67,-2.74,-2.22,-1.37,-0.69,-0.42,-0.29,-0.20,-0.08,-0.43,-0.16,-0.32,-0.53,-0.58,-0.54,-0.59,-0.57,-0.51,-0.59,-0.47,-0.61,-0.66,-0.51,-0.62,-0.52,-0.56,-0.54,-0.54,-0.49,-0.46,-0.56,-0.57,-0.56,-0.64,-0.61,-0.48,-0.58,-0.62,-0.73,-0.91,-0.92,-0.99,-0.91,-0.62,-0.06,1.65,2.97,3.15,3.20,3.10,3.09,3.08,2.76,2.98,2.58,2.73,2.54,1.82,1.73,1.67,1.79,1.84,2.00,1.90,1.80,1.65,1.45,1.45,1.09,1.00,0.49,0.23,0.15,0.16,-0.02,-0.21,-0.41,-0.52,-0.68,-0.68,-0.72,-0.57,-0.27,-0.26,-0.34,-0.47,-0.49,-0.58,-0.98,-0.86,-0.87,-0.59,-0.62,-0.97,-1.06,-1.13,-1.01,-1.14,-1.37,-1.48,-1.57,-1.62,-1.62,-1.65,-1.64,-1.56,-1.51,-1.74,-1.76,-1.78,-1.88,-1.88,-1.70,-1.61,-1.74,-1.86,-1.86,-1.94,-1.88,-1.94,-1.90,-1.89,-2.08,-1.83,-1.98,-2.04,-1.95,-1.88,-1.85,-1.80,-1.91,-1.72,-1.97,-2.18,-2.23,-2.22,-2.12,-2.12
-1.90,-2.10,-2.04,-1.98,-1.94,-1.85,-1.71,-2.02,-1.98,-2.12,-2.36,-2.56,-2.72,-2.94,-2.79,-2.91,-3.04,-2.87,-2.60,-2.73,-3.05,-2.85,-2.82,-2.79,-2.32,-1.57,-0.97,-0.66,-0.48,-0.41,-0.49,-0.51,-0.47,-0.48,-0.71,-0.76,-0.64,-0.56,-0.56,-0.58,-0.63,-0.58,-0.54,-0.64,-0.32,-0.54,-0.43,-0.48,-0.49,-0.49,-0.46,-0.43,-0.46,-0.44,-0.52,-0.64,-0.59,-0.58,-0.73,-0.61,-0.59,-0.67,-0.68,-0.76,-0.79,-0.73,0.09,1.79,2.84,3.22,3.07,3.03,3.14,2.71,2.67,2.69,2.57,2.59,2.14,1.90,1.64,1.34,1.31,1.18,1.26,1.11,0.85,0.94,0.78,0.62,0.37,0.28,0.03,-0.57,-0.66,-0.49,-0.43,-0.77,-1.17,-1.28,-1.22,-1.19,-1.42,-1.51,-1.21,-1.02,-1.03,-1.14,-1.09,-1.11,-1.26,-1.50,-1.33,-1.42,-1.43,-1.45,-1.38,-1.46,-1.40,-1.37,-1.50,-1.48,-1.41,-1.50,-1.56,-1.52,-1.74,-1.45,-1.52,-1.76,-1.84,-1.79,-1.66,-1.67,-1.70,-1.66,-1.85,-1.85,-1.83,-1.79,-1.83,-1.88,-1.90,-1.97,-2.04,-1.85,-1.95,-2.04,-2.02,-2.00,-2.05,-1.97,-2.00,-1.89,-1.93,-2.09,-2.23,-2.19,-2.18,-2.12
-1.93,-2.12,-1.89,-1.97,-1.94,-1.83,-1.85,-1.95,-2.02,-1.90,-2.23,-2.64,-2.70,-2.92,-2.82,-2.81,-2.87,-2.82,-2.72,-2.73,-2.72,-2.51,-2.78,-2.94,-2.47,-1.69,-0.99,-0.61,-0.44,-0.18,-0.31,-0.48,-0.39,-0.38,-0.61,-0.64,-0.57,-0.54,-0.52,-0.46,-0.46,-0.57,-0.46,-0.53,-0.26,-0.47,-0.38,-0.31,-0.54,-0.47,-0.47,-0.49,-0.54,-0.54,-0.53,-0.58,-0.56,-0.63,-0.79,-0.74,-0.66,-0.67,-0.72,-0.82,-0.73,-0.59,0.16,1.80,2.96,3.24,3.22,3.15,2.90,2.41,2.67,2.60,2.41,2.57,2.02,1.53,1.00,0.96,0.82,0.66,0.49,0.19,0.04,0.11,0.32,-0.23,-0.46,-0.54,-0.89,-1.33,-1.35,-1.26,-1.14,-1.27,-1.52,-1.60,-1.53,-1.47,-1.67,-1.75,-1.65,-1.81,-1.72,-1.76,-1.89,-1.78,-1.91,-1.67,-1.41,-1.76,-1.60,-1.62,-1.75,-1.67,-1.53,-1.37,-1.42,-1.50,-1.52,-1.55,-1.48,-1.53,-1.66,-1.43,-1.56,-1.64,-1.76,-1.69,-1.59,-1.60,-1.69,-1.76,-1.78,-1.67,-1.67,-1.70,-1.78,-1.74,-1.79,-2.00,-2.18,-1.83,-1.88,-1.94,-2.02,-2.08,-2.10,-2.21,-2.18,-1.98,-1.88,-1.98,-2.13,-2.14,-2.12,-2.08
-1.90,-1.93,-1.88,-1.85,-1.80,-1.81,-1.91,-1.86,-2.24,-2.19,-2.37,-2.64,-2.78,-2.97,-2.94,-2.79,-2.81,-2.77,-2.67,-2.67,-2.72,-2.50,-2.72,-2.67,-2.55,-1.84,-0.93,-0.47,-0.37,-0.17,-0.36,-0.24,-0.29,-0.29,-0.54,-0.56,-0.54,-0.41,-0.38,-0.56,-0.44,-0.51,-0.51,-0.56,-0.38,-0.49,-0.32,-0.27,-0.53,-0.31,-0.49,-0.53,-0.48,-0.49,-0.53,-0.58,-0.53,-0.42,-0.48,-0.61,-0.57,-0.49,-0.51,-0.78,-0.69,-0.33,0.41,1.77,2.61,3.09,3.35,3.21,3.14,2.59,2.12,2.38,2.10,1.76,1.29,0.89,0.67,0.44,-0.06,-0.08,-0.10,-0.43,-0.58,-0.66,-0.53,-0.78,-0.86,-1.31,-1.78,-1.99,-1.98,-1.74,-1.66,-1.51,-1.72,-2.03,-1.95,-1.88,-2.03,-2.16,-2.24,-2.30,-2.37,-2.53,-2.62,-2.70,-2.35,-2.04,-1.91,-1.88,-1.76,-1.90,-1.81,-1.81,-1.76,-1.53,-1.66,-1.74,-1.53,-1.52,-1.53,-1.65,-1.72,-1.55,-1.66,-1.90,-1.84,-1.84,-1.80,-1.75,-1.84,-1.99,-2.00,-1.75,-1.89,-1.86,-1.76,-1.75,-1.86,-2.07,-2.17,-1.83,-1.84,-1.94,-2.04,-2.05,-2.03,-2.30,-2.30,-1.99,-1.93,-2.03,-2.08,-2.10,-2.19,-2.16
-1.84,-1.72,-1.81,-1.84,-1.83,-1.83,-1.85,-1.81,-2.10,-2.07,-2.23,-2.58,-2.94,-3.06,-2.76,-2.77,-2.96,-2.79,-2.53,-2.63,-2.69,-2.50,-2.78,-2.67,-2.73,-2.21,-1.22,-0.47,-0.26,-0.20,-0.22,-0.26,-0.28,-0.18,-0.42,-0.41,-0.34,-0.33,-0.36,-0.34,-0.33,-0.49,-0.46,-0.53,-0.31,-0.34,-0.13,-0.33,-0.51,-0.41,-0.54,-0.52,-0.44,-0.47,-0.49,-0.49,-0.46,-0.36,-0.34,-0.51,-0.53,-0.42,-0.49,-0.84,-0.93,-0.71,-0.12,1.10,2.00,2.69,2.57,2.59,2.46,1.97,1.25,1.11,1.31,0.35,0.44,0.28,0.00,-0.62,-0.86,-0.93,-1.17,-1.37,-1.27,-1.38,-1.41,-1.66,-1.94,-2.07,-2.21,-2.33,-2.30,-2.12,-1.98,-1.90,-1.98,-2.03,-1.91,-1.98,-2.19,-2.37,-2.54,-2.64,-2.79,-3.03,-2.87,-3.06,-2.90,-2.47,-1.81,-1.67,-1.72,-1.62,-1.69,-1.59,-1.47,-1.53,-1.67,-1.64,-1.46,-1.42,-1.53,-1.78,-1.84,-1.71,-1.78,-1.83,-1.79,-1.85,-1.84,-1.84,-1.98,-2.14,-2.08,-1.84,-2.02,-1.91,-1.90,-1.95,-1.99,-1.98,-1.86,-1.85,-1.93,-2.05,-2.16,-2.16,-2.14,-2.26,-2.39,-2.14,-2.08,-2.09,-2.04,-2.05,-2.17,-2.21
-1.78,-1.79,-1.74,-1.84,-1.86,-1.79,-1.67,-1.80,-1.88,-2.10,-2.28,-2.49,-2.72,-2.91,-2.81,-2.85,-2.85,-2.67,-2.53,-2.60,-2.60,-2.46,-2.53,-2.59,-2.59,-2.17,-1.16,-0.32,-0.32,-0.20,-0.24,0.05,-0.11,-0.03,-0.13,-0.23,-0.16,-0.20,-0.24,-0.13,-0.15,-0.34,-0.39,-0.44,-0.15,-0.18,0.04,-0.36,-0.39,-0.39,-0.53,-0.49,-0.34,-0.36,-0.34,-0.31,-0.34,-0.37,-0.42,-0.44,-0.46,-0.38,-0.39,-0.66,-0.76,-0.71,-0.28,0.29,1.10,1.32,0.87,0.84,0.41,0.30,-0.33,-0.39,-0.68,-1.19,-1.06,-1.52,-1.56,-1.94,-2.09,-2.16,-1.98,-2.08,-2.09,-1.91,-1.84,-1.81,-1.90,-2.17,-2.23,-2.45,-2.54,-2.50,-2.37,-2.04,-2.04,-2.12,-2.07,-2.09,-2.23,-2.56,-2.72,-2.70,-2.88,-2.83,-2.74,-3.14,-2.88,-2.26,-1.48,-1.18,-1.32,-1.21,-1.28,-1.33,-1.47,-1.59,-1.65,-1.64,-1.55,-1.50,-1.57,-1.91,-1.74,-1.71,-1.84,-1.65,-1.70,-1.88,-1.85,-1.88,-2.08,-2.19,-2.02,-1.95,-1.98,-1.94,-2.07,-2.12,-1.99,-1.81,-1.76,-2.02,-2.08,-2.17,-2.23,-2.27,-2.28,-2.36,-2.19,-2.04,-2.03,-2.12,-2.13,-2.17,-2.00,-2.17
-1.78,-1.88,-1.86,-1.79,-1.89,-1.86,-1.65,-1.95,-1.91,-2.08,-2.30,-2.40,-2.41,-2.72,-2.70,-2.69,-2.73,-2.65,-2.58,-2.58,-2.50,-2.49,-2.58,-2.59,-2.50,-2.19,-1.40,-0.46,-0.02,0.15,-0.05,0.11,-0.08,-0.02,-0.17,-0.17,-0.24,-0.27,-0.12,-0.03,-0.15,-0.38,-0.16,-0.29,-0.08,-0.06,0.03,-0.18,-0.15,-0.28,-0.37,-0.33,-0.16,-0.11,-0.15,-0.17,-0.16,-0.26,-0.38,-0.15,-0.17,-0.31,-0.44,-0.66,-0.63,-0.63,-0.61,-0.74,-0.39,-0.39,-0.88,-0.74,-0.89,-1.27,-1.42,-1.31,-1.74,-2.18,-2.13,-2.19,-2.12,-2.59,-2.45,-2.46,-2.13,-2.04,-2.21,-2.05,-1.91,-1.98,-1.89,-2.17,-2.10,-2.27,-2.26,-2.18,-2.24,-1.98,-1.74,-1.71,-1.60,-1.50,-1.61,-1.88,-1.98,-2.07,-2.10,-1.75,-1.75,-1.95,-2.03,-1.36,-0.96,-0.94,-1.04,-1.01,-0.99,-1.22,-1.47,-1.55,-1.69,-1.79,-1.71,-1.69,-1.66,-1.86,-1.79,-1.76,-1.80,-1.85,-1.95,-2.00,-1.97,-1.97,-2.13,-2.23,-2.14,-2.17,-2.12,-1.99,-1.95,-1.94,-1.97,-1.99,-1.98,-2.12,-2.27,-2.35,-2.28,-2.13,-2.12,-2.21,-1.97,-1.81,-1.98,-2.19,-2.13,-1.98,-1.88,-2.09
-1.95,-1.91,-2.02,-1.94,-2.09,-2.05,-1.78,-1.94,-2.07,-2.04,-2.32,-2.51,-2.58,-2.81,-2.78,-2.78,-2.78,-2.65,-2.55,-2.60,-2.60,-2.54,-2.30,-2.50,-2.41,-2.21,-1.53,-0.59,-0.07,-0.01,0.05,-0.06,-0.31,-0.01,-0.01,0.16,-0.02,-0.02,0.09,-0.07,-0.20,-0.27,0.10,-0.13,-0.18,-0.21,-0.15,0.10,-0.07,-0.22,-0.26,-0.16,-0.06,0.02,-0.05,-0.12,0.03,-0.05,-0.27,0.04,-0.05,-0.17,-0.38,-0.51,-0.48,-0.31,-0.46,-0.82,-0.82,-0.97,-1.43,-1.53,-1.64,-2.12,-2.00,-2.07,-2.28,-2.33,-2.40,-2.65,-2.17,-2.60,-2.26,-2.07,-1.90,-1.90,-1.81,-1.74,-1.50,-1.45,-1.26,-1.22,-1.12,-1.28,-1.27,-1.24,-1.24,-0.96,-0.79,-0.77,-0.58,-0.36,-0.42,-0.58,-0.61,-0.92,-0.86,-0.38,-0.72,-0.82,-0.88,-0.29,-0.20,-0.62,-0.32,-0.63,-0.73,-0.93,-1.22,-1.47,-1.67,-1.83,-1.83,-1.83,-1.83,-1.85,-1.94,-1.88,-1.74,-1.99,-2.03,-2.00,-2.04,-2.08,-2.08,-2.21,-2.10,-2.10,-2.10,-1.89,-1.66,-1.71,-1.95,-2.12,-2.04,-2.26,-2.27,-2.24,-2.27,-2.32,-2.35,-2.31,-2.08,-2.04,-2.21,-2.31,-2.09,-2.21,-1.98,-1.83
-1.94,-1.98,-1.95,-2.04,-2.08,-1.98,-1.79,-1.64,-1.98,-2.18,-2.42,-2.64,-2.79,-2.94,-2.95,-2.94,-2.91,-2.74,-2.55,-2.54,-2.62,-2.58,-2.44,-2.59,-2.47,-2.28,-1.64,-0.59,0.14,0.15,0.44,0.37,0.45,0.29,0.11,-0.01,0.03,0.15,0.19,0.13,-0.06,-0.31,0.09,-0.08,0.03,-0.10,-0.05,0.09,-0.02,-0.05,-0.12,-0.11,0.04,0.05,-0.07,-0.08,0.08,0.05,-0.10,0.10,0.18,-0.02,-0.13,-0.27,-0.26,0.00,-0.07,-0.52,-0.69,-0.91,-0.98,-1.18,-1.46,-1.51,-1.27,-1.65,-1.45,-1.40,-1.55,-1.59,-1.18,-1.16,-1.07,-1.02,-0.98,-1.01,-0.81,-0.63,-0.34,-0.36,-0.22,-0.23,-0.21,-0.41,-0.33,-0.31,-0.28,-0.24,-0.31,-0.26,0.02,0.18,0.14,-0.08,-0.27,-0.32,-0.23,0.10,-0.03,-0.32,0.04,1.10,0.32,-0.20,-0.17,-0.18,-0.23,-0.47,-0.97,-1.38,-1.61,-1.80,-1.88,-1.86,-1.84,-1.94,-1.97,-1.93,-1.81,-1.98,-1.91,-1.97,-2.10,-2.08,-1.97,-2.16,-2.12,-2.09,-2.13,-1.99,-1.79,-1.78,-1.86,-1.81,-2.19,-2.10,-2.14,-2.21,-2.19,-2.16,-2.04,-2.26,-2.14,-1.99,-1.98,-2.10,-2.17,-1.97,-2.13,-2.14
-1.99,-1.75,-1.89,-2.09,-1.98,-1.89,-1.86,-1.71,-1.74,-2.14,-2.31,-2.42,-2.59,-2.79,-2.82,-2.90,-2.97,-2.82,-2.62,-2.47,-2.39,-2.63,-2.58,-2.69,-2.54,-2.30,-1.83,-0.93,-0.01,0.30,0.37,0.28,0.25,0.25,0.25,0.16,0.05,0.04,0.19,0.16,0.02,0.03,-0.03,-0.23,0.07,0.00,0.00,0.08,0.10,0.02,-0.11,-0.15,-0.03,-0.07,-0.12,-0.03,0.05,0.05,0.14,0.36,0.42,0.19,-0.02,-0.17,-0.13,0.07,0.25,-0.17,-0.39,-0.59,-0.76,-0.51,-0.69,-0.67,-0.58,-0.44,-0.37,-0.28,-0.37,-0.37,-0.08,0.04,-0.21,-0.24,-0.16,-0.13,-0.11,0.08,0.42,0.26,0.44,0.58,0.51,0.24,0.30,0.63,0.71,0.74,0.76,0.72,0.80,0.92,0.93,0.69,0.44,0.50,0.78,0.87,0.66,0.28,1.39,2.30,1.74,0.36,-0.42,-0.32,-0.24,-0.33,-0.79,-1.31,-1.60,-1.76,-1.84,-1.89,-1.83,-1.89,-1.97,-2.03,-1.91,-2.02,-1.97,-2.03,-2.16,-2.07,-1.89,-2.23,-2.23,-2.22,-2.16,-2.10,-1.94,-1.85,-1.91,-1.85,-2.12,-2.10,-2.13,-2.13,-2.04,-1.89,-1.93,-2.03,-2.16,-2.03,-2.02,-2.18,-2.07,-2.21,-2.05,-2.02
-2.05,-2.16,-1.84,-2.03,-1.98,-1.90,-1.85,-1.71,-1.94,-2.22,-2.21,-2.23,-2.40,-2.62,-2.69,-2.83,-2.96,-2.85,-2.72,-2.60,-2.42,-2.62,-2.56,-2.73,-2.62,-2.42,-2.03,-1.07,0.02,0.41,0.47,0.35,0.16,0.05,0.02,0.16,0.07,0.14,0.25,0.21,0.19,0.02,0.04,-0.06,0.41,0.42,0.35,0.28,0.28,0.15,0.03,0.15,0.15,0.00,-0.07,0.07,0.20,0.20,0.36,0.62,0.69,0.60,0.39,0.31,0.30,0.51,0.79,0.57,0.32,0.49,0.19,0.36,0.44,0.44,0.31,0.62,0.69,0.95,0.80,0.58,0.90,0.77,0.62,0.99,1.07,0.98,1.01,1.15,1.34,1.32,1.64,1.87,1.90,1.77,1.59,1.83,1.91,2.01,2.16,2.03,1.95,1.94,2.03,1.95,1.91,1.96,2.11,2.01,1.67,1.33,2.46,3.52,3.10,0.87,-0.27,-0.84,-0.74,-0.41,-0.62,-1.21,-1.55,-1.61,-1.81,-1.94,-1.93,-1.80,-1.95,-2.10,-2.04,-1.97,-1.88,-1.98,-2.13,-2.08,-2.03,-2.12,-2.17,-2.17,-2.07,-1.90,-1.85,-1.78,-1.67,-2.05,-2.07,-1.89,-2.19,-2.26,-2.10,-2.13,-2.27,-2.16,-1.95,-2.00,-2.09,-2.14,-2.14,-2.21,-2.17,-2.08
-2.02,-2.05,-2.05,-2.07,-2.16,-2.17,-2.05,-1.94,-2.28,-2.23,-2.37,-2.39,-2.44,-2.65,-2.85,-2.88,-2.90,-2.83,-2.81,-2.79,-2.64,-2.63,-2.70,-2.73,-2.60,-2.49,-2.17,-1.16,0.02,0.36,0.56,0.58,0.21,-0.05,0.08,0.20,0.32,0.40,0.35,0.36,0.40,0.24,0.23,0.24,0.76,0.63,0.65,0.55,0.60,0.46,0.35,0.49,0.50,0.47,0.35,0.44,0.62,0.66,0.79,1.04,1.26,1.18,1.22,1.22,1.23,1.54,1.87,1.72,1.57,1.78,1.44,1.49,1.79,1.67,1.66,1.87,2.05,2.19,2.14,2.07,2.35,2.26,2.35,2.51,2.37,2.35,2.60,2.81,2.78,2.84,3.08,3.07,2.95,2.89,2.84,2.85,2.78,2.79,2.85,2.78,2.73,2.58,2.61,2.73,2.96,3.12,3.12,2.66,2.22,1.95,2.60,3.83,2.94,0.94,-0.17,-1.02,-1.14,-0.81,-0.79,-1.18,-1.41,-1.50,-1.84,-1.90,-1.83,-1.80,-1.88,-2.09,-2.21,-2.04,-1.88,-2.03,-2.22,-2.10,-2.02,-2.08,-1.91,-1.94,-2.07,-2.03,-1.81,-1.70,-1.89,-2.17,-2.28,-2.24,-2.12,-2.09,-2.16,-2.21,-1.97,-2.22,-2.03,-1.98,-2.14,-2.22,-2.07,-2.30,-2.19,-2.03
-1.79,-1.90,-1.83,-1.95,-2.13,-2.17,-2.05,-1.93,-1.97,-1.85,-2.08,-2.32,-2.44,-2.50,-2.76,-2.92,-2.83,-2.78,-2.79,-2.83,-2.72,-2.74,-2.92,-2.69,-2.56,-2.60,-2.39,-1.33,-0.06,0.63,1.10,0.76,0.63,0.71,0.92,0.88,0.90,0.93,0.87,0.78,0.78,0.88,0.99,0.77,1.32,1.14,1.39,1.22,1.20,1.29,1.34,1.36,1.39,1.28,1.14,1.28,1.42,1.43,1.66,1.99,2.20,2.14,2.17,2.29,2.36,2.77,2.87,2.77,2.84,2.84,2.64,2.81,2.91,2.82,2.95,2.93,3.13,3.16,3.19,3.24,3.40,3.27,3.40,3.34,3.15,3.30,3.40,3.57,3.56,3.69,3.60,3.49,3.35,3.15,3.18,3.10,2.83,2.73,2.79,2.81,2.89,2.82,2.71,2.77,3.25,3.53,3.39,2.82,2.31,2.19,2.67,3.26,2.10,0.71,-0.17,-0.87,-1.21,-1.24,-1.22,-1.23,-1.36,-1.60,-1.78,-1.79,-1.59,-2.05,-1.93,-2.09,-2.18,-2.21,-2.05,-2.00,-2.21,-2.40,-2.27,-2.13,-1.95,-1.91,-1.95,-2.08,-2.04,-1.91,-1.94,-2.16,-2.32,-2.18,-2.14,-2.28,-2.33,-1.98,-2.18,-2.26,-2.16,-2.14,-2.26,-2.35,-2.04,-2.22,-2.09,-1.95
-1.84,-1.80,-1.76,-2.05,-2.12,-2.10,-2.04,-1.93,-1.89,-2.05,-2.16,-2.35,-2.50,-2.54,-2.67,-3.13,-3.03,-2.74,-2.69,-2.77,-2.72,-2.82,-2.88,-2.68,-2.60,-2.55,-2.35,-1.31,0.18,1.14,1.44,1.43,1.36,1.45,1.59,1.46,1.33,1.87,2.08,1.73,1.66,1.85,1.93,1.66,1.96,2.10,2.12,2.10,1.99,2.11,2.18,2.13,2.18,2.22,2.11,2.24,2.47,2.54,2.72,3.00,3.22,3.18,2.94,3.10,3.24,3.40,3.22,3.21,3.30,3.40,3.39,3.39,3.34,3.43,3.52,3.57,3.64,3.60,3.66,3.66,3.64,3.41,3.49,3.40,3.43,3.66,3.52,3.58,3.68,3.69,3.32,3.07,3.00,2.70,2.76,2.75,2.28,2.08,2.19,2.35,2.60,2.54,2.37,2.32,2.77,3.18,3.09,2.60,2.00,1.95,2.49,2.59,1.39,0.26,-0.27,-0.88,-1.22,-1.30,-1.27,-1.26,-1.46,-1.71,-1.60,-1.76,-1.84,-1.95,-1.97,-2.07,-2.09,-2.24,-2.30,-2.28,-2.49,-2.58,-2.40,-2.51,-2.23,-2.14,-1.98,-1.85,-1.90,-1.98,-1.81,-1.99,-2.10,-2.24,-2.18,-2.12,-2.13,-1.90,-2.09,-2.32,-2.24,-2.18,-2.30,-2.40,-2.17,-2.21,-2.12,-2.04
-1.84,-1.85,-1.79,-1.88,-1.95,-1.95,-1.85,-1.83,-2.08,-2.08,-2.13,-2.28,-2.63,-2.87,-2.81,-3.35,-3.15,-2.81,-2.67,-2.69,-2.77,-2.72,-2.59,-2.65,-2.56,-2.40,-2.22,-1.32,0.35,1.91,2.36,2.34,2.37,2.19,2.48,2.38,2.31,2.64,2.96,2.88,2.65,2.65,2.69,2.82,3.14,2.98,3.26,3.20,3.20,2.95,3.00,3.13,2.94,2.90,2.97,3.01,3.10,3.25,3.41,3.46,3.32,3.16,3.06,3.33,3.35,3.43,3.45,3.40,3.44,3.46,3.39,3.20,3.47,3.58,3.54,3.78,3.82,3.72,3.73,3.60,3.60,3.47,3.44,3.65,3.66,3.91,3.79,3.49,3.57,3.24,2.96,2.87,2.81,2.55,2.43,2.48,2.07,1.67,1.56,1.57,1.83,1.60,1.39,1.38,1.61,1.91,2.06,1.70,0.93,0.57,1.00,0.85,0.08,-0.91,-1.31,-1.71,-1.89,-1.85,-1.85,-1.85,-1.79,-1.74,-1.74,-1.69,-1.90,-1.85,-1.98,-2.08,-2.22,-2.18,-2.17,-2.24,-2.30,-2.58,-2.59,-2.21,-2.18,-2.09,-2.14,-2.03,-1.88,-1.90,-1.91,-2.05,-2.32,-2.35,-2.28,-2.16,-2.03,-2.04,-2.05,-2.24,-2.19,-2.13,-2.28,-2.53,-2.37,-2.36,-2.30,-2.18
-1.86,-1.88,-1.80,-1.75,-1.91,-1.81,-1.71,-1.89,-2.03,-2.14,-2.17,-2.30,-2.50,-2.59,-2.60,-3.03,-2.90,-2.76,-2.63,-2.70,-2.79,-2.46,-2.39,-2.51,-2.50,-2.39,-2.31,-1.53,0.35,2.45,3.24,3.16,3.08,3.03,3.15,3.07,3.04,3.22,3.31,3.31,3.31,3.27,3.39,3.38,3.52,3.24,3.31,3.37,3.50,3.22,3.02,2.95,2.96,2.90,2.94,2.87,2.85,3.02,3.18,3.24,3.14,2.96,3.18,3.37,3.25,3.56,3.65,3.56,3.72,3.47,3.52,3.27,3.73,3.84,3.66,3.82,3.84,3.89,3.81,3.70,3.91,3.82,3.81,4.14,4.11,4.15,4.09,3.95,3.89,3.09,2.94,2.91,2.91,2.75,2.51,2.61,2.17,1.26,0.50,-0.08,-0.18,-0.39,-0.68,-0.76,-0.62,-0.59,-0.47,-0.76,-1.19,-1.78,-1.47,-1.72,-2.04,-2.78,-3.08,-3.18,-3.15,-2.97,-2.85,-2.74,-2.46,-2.21,-1.95,-1.81,-1.90,-1.83,-1.86,-2.24,-2.39,-2.33,-2.17,-2.17,-2.41,-2.39,-2.40,-2.21,-2.37,-2.26,-2.32,-2.31,-2.13,-2.09,-2.09,-2.14,-2.26,-2.27,-2.22,-2.19,-2.18,-2.30,-2.22,-2.28,-2.23,-2.23,-2.40,-2.68,-2.49,-2.41,-2.36,-2.27
-1.89,-1.83,-1.72,-1.89,-1.91,-1.81,-1.83,-1.90,-1.90,-1.95,-2.04,-2.30,-2.53,-2.63,-2.70,-2.72,-3.10,-2.96,-2.96,-2.94,-2.72,-2.45,-2.70,-2.65,-2.56,-2.37,-2.39,-1.66,0.21,2.40,3.44,3.52,3.41,3.50,3.56,3.47,3.37,3.31,3.31,3.40,3.46,3.38,3.33,3.53,3.46,3.37,3.22,3.32,3.27,3.30,3.09,2.98,2.84,2.72,2.67,2.75,2.85,2.96,3.03,3.13,3.12,3.01,3.34,3.30,3.37,3.70,3.90,3.69,3.94,3.59,3.78,3.81,3.98,4.07,3.95,4.20,4.01,4.11,3.91,3.97,4.25,4.02,4.07,4.12,4.12,4.07,3.96,4.36,4.34,3.24,3.09,3.14,3.12,3.06,2.89,2.79,1.80,0.04,-1.51,-2.73,-3.24,-3.31,-3.52,-3.55,-3.35,-3.54,-3.59,-3.93,-3.89,-4.14,-3.55,-3.55,-3.57,-3.89,-4.02,-3.98,-3.67,-3.41,-3.24,-3.00,-3.00,-2.72,-2.28,-2.26,-2.17,-1.72,-1.78,-2.17,-2.35,-2.27,-2.19,-2.16,-2.23,-2.37,-2.17,-2.13,-2.28,-2.22,-2.36,-2.36,-2.22,-2.46,-2.19,-2.18,-2.22,-2.22,-2.21,-2.26,-2.36,-2.37,-2.37,-2.50,-2.49,-2.40,-2.42,-2.51,-2.51,-2.39,-2.45,-2.53
-1.86,-1.83,-1.74,-1.99,-2.02,-1.98,-1.94,-1.89,-1.88,-1.94,-2.07,-2.23,-2.54,-2.74,-2.68,-2.91,-2.86,-2.67,-2.68,-2.72,-2.63,-2.46,-2.49,-2.60,-2.55,-2.28,-2.23,-1.81,-0.24,1.99,3.30,3.37,3.59,3.45,3.63,3.33,3.41,3.26,3.22,3.25,3.27,3.24,3.12,3.32,3.28,3.41,3.14,3.25,3.26,3.03,3.34,2.97,2.70,2.58,2.60,2.70,2.85,2.94,2.91,2.97,2.95,2.89,3.19,3.30,3.66,3.90,3.84,3.89,4.05,4.00,4.05,4.20,4.04,3.94,3.81,4.12,3.92,3.92,3.53,3.60,3.85,3.56,3.57,3.57,3.44,3.40,3.38,3.77,4.04,3.01,2.90,3.25,3.28,3.21,2.94,2.32,0.67,-1.52,-2.95,-4.03,-4.79,-5.04,-5.19,-5.14,-4.64,-4.98,-5.07,-5.18,-4.86,-4.65,-4.37,-4.28,-4.14,-4.14,-4.15,-4.07,-3.88,-3.66,-3.43,-3.18,-3.08,-3.18,-3.03,-2.85,-2.45,-2.32,-2.44,-2.33,-2.35,-2.54,-2.55,-2.35,-2.31,-2.37,-2.31,-2.18,-2.22,-2.33,-2.42,-2.37,-2.33,-2.53,-2.23,-2.23,-2.40,-2.39,-2.32,-2.37,-2.39,-2.23,-2.47,-2.67,-2.55,-2.28,-2.28,-2.40,-2.72,-2.65,-2.55,-2.53
-1.95,-1.95,-1.90,-1.98,-2.08,-2.07,-2.00,-1.95,-1.98,-2.02,-2.19,-2.37,-2.58,-2.69,-2.73,-2.79,-2.87,-2.72,-2.67,-2.74,-2.74,-2.56,-2.53,-2.76,-2.64,-2.35,-2.35,-2.09,-0.83,1.34,2.89,2.91,3.26,2.93,3.20,2.97,3.16,2.90,2.82,2.82,2.70,2.47,2.34,2.71,3.13,3.34,3.24,3.15,3.01,3.16,3.08,2.95,2.63,2.37,2.64,2.97,2.97,2.94,3.02,3.07,2.79,2.43,2.59,3.10,3.59,3.52,3.35,3.35,3.28,3.14,3.38,3.40,3.28,3.24,2.96,3.20,2.97,3.01,2.66,2.85,2.93,2.83,2.84,2.85,2.71,2.55,2.75,3.07,3.51,2.71,2.37,2.64,2.79,2.54,2.02,1.03,-1.02,-2.74,-3.19,-3.36,-4.07,-4.89,-5.37,-5.68,-5.40,-5.68,-5.32,-5.20,-4.89,-4.94,-4.54,-4.39,-4.20,-4.14,-3.97,-3.93,-3.84,-3.74,-3.68,-3.44,-3.14,-3.22,-3.03,-2.87,-2.81,-2.74,-2.51,-2.54,-2.65,-2.55,-2.37,-2.36,-2.36,-2.23,-2.26,-2.18,-2.30,-2.51,-2.58,-2.50,-2.44,-2.45,-2.30,-2.36,-2.47,-2.44,-2.39,-2.45,-2.33,-2.16,-2.53,-2.74,-2.65,-2.40,-2.36,-2.36,-2.49,-2.51,-2.49,-2.39
-2.05,-2.00,-1.74,-2.02,-1.95,-2.03,-2.09,-2.18,-2.23,-2.07,-2.33,-2.40,-2.44,-2.54,-2.64,-2.60,-2.68,-2.88,-2.82,-2.90,-2.95,-2.77,-2.70,-2.77,-2.45,-2.59,-2.62,-2.26,-1.08,0.77,2.18,2.32,2.57,2.51,2.83,2.69,2.72,2.61,2.59,2.45,2.18,1.93,1.91,2.37,2.93,3.10,3.04,3.13,2.73,2.77,2.89,2.76,2.36,2.19,2.34,2.51,2.75,2.91,2.87,2.82,2.76,2.52,2.52,2.73,3.09,2.91,2.64,2.73,2.34,2.46,2.60,2.57,2.63,2.58,2.58,2.35,2.25,2.23,1.94,2.16,2.20,2.35,2.22,2.34,2.23,2.19,2.58,2.76,3.09,2.48,2.03,2.18,2.37,2.05,1.12,-0.44,-2.40,-3.53,-3.52,-3.10,-3.45,-4.39,-5.11,-5.61,-5.39,-5.64,-5.53,-5.28,-5.08,-4.87,-4.99,-4.69,-4.37,-4.14,-4.11,-4.13,-3.97,-3.70,-3.70,-3.72,-3.40,-3.71,-3.49,-3.40,-3.09,-2.97,-2.96,-3.01,-3.01,-2.87,-2.59,-2.33,-2.39,-2.45,-2.33,-2.19,-2.30,-2.53,-2.73,-2.74,-2.60,-2.51,-2.40,-2.49,-2.46,-2.35,-2.33,-2.59,-2.35,-2.30,-2.55,-2.74,-2.68,-2.40,-2.24,-2.31,-2.35,-2.37,-2.44,-2.53
-2.07,-1.98,-1.85,-1.99,-2.21,-2.13,-2.23,-2.39,-2.39,-2.09,-2.35,-2.31,-2.35,-2.56,-2.72,-2.58,-2.74,-2.82,-2.76,-2.94,-2.92,-2.65,-2.70,-2.58,-2.44,-2.69,-2.72,-2.35,-1.69,-0.20,1.54,2.24,2.54,2.77,2.70,2.35,2.52,2.57,2.66,2.47,2.11,1.89,1.87,2.31,2.83,3.02,2.96,3.01,2.89,2.77,2.52,2.02,1.18,1.07,1.50,2.07,2.53,2.75,2.71,2.73,2.75,2.51,2.52,2.77,2.88,2.54,2.13,2.19,2.11,2.11,1.96,2.06,1.90,1.90,2.19,2.14,2.02,1.95,1.74,1.97,2.05,2.10,2.00,2.20,2.18,2.01,2.45,2.59,3.03,2.66,2.01,1.90,1.88,1.31,0.03,-1.65,-3.10,-3.63,-3.43,-3.14,-3.17,-3.63,-4.28,-5.18,-5.19,-5.76,-5.67,-5.67,-5.60,-5.37,-5.36,-4.93,-4.69,-4.62,-4.32,-4.14,-4.07,-3.81,-3.72,-3.87,-3.54,-3.79,-3.63,-3.40,-3.17,-3.12,-3.09,-3.17,-3.19,-3.06,-2.95,-2.60,-2.64,-2.54,-2.44,-2.32,-2.40,-2.53,-2.68,-2.79,-2.63,-2.67,-2.44,-2.51,-2.56,-2.47,-2.40,-2.60,-2.42,-2.63,-2.73,-2.65,-2.53,-2.51,-2.50,-2.47,-2.54,-2.54,-2.53,-2.63
-2.23,-2.14,-2.07,-2.23,-2.30,-2.28,-2.26,-2.24,-2.19,-2.13,-2.24,-2.21,-2.26,-2.53,-2.72,-2.59,-2.87,-2.74,-2.91,-3.14,-3.04,-2.72,-2.64,-2.77,-2.62,-2.53,-2.44,-2.05,-1.56,-0.47,1.12,2.19,2.46,2.95,2.51,2.36,2.64,2.53,2.83,2.75,2.41,1.99,1.73,2.08,2.59,2.89,2.70,2.96,2.81,2.59,1.87,0.28,-0.81,-1.17,-0.06,1.65,2.41,2.63,2.75,2.66,2.65,2.51,2.28,2.45,2.45,2.36,1.99,1.95,1.90,1.88,1.76,1.71,1.64,1.66,1.96,2.26,1.94,1.93,1.79,1.91,1.82,1.85,1.80,1.93,1.94,1.87,2.25,2.40,2.94,2.78,2.18,1.87,1.62,1.07,-0.57,-2.54,-3.30,-3.57,-3.58,-3.21,-3.10,-3.15,-3.63,-4.47,-5.00,-5.61,-5.40,-5.41,-5.65,-5.65,-5.47,-5.29,-4.99,-5.04,-4.85,-4.50,-4.45,-4.45,-4.27,-4.13,-4.13,-4.27,-4.14,-3.80,-3.62,-3.32,-3.14,-3.13,-3.21,-3.27,-3.19,-2.88,-2.90,-2.67,-2.54,-2.41,-2.51,-2.58,-2.60,-2.69,-2.59,-2.77,-2.44,-2.33,-2.40,-2.42,-2.37,-2.54,-2.47,-2.36,-2.49,-2.63,-2.62,-2.47,-2.40,-2.56,-2.69,-2.72,-2.68,-2.65
-1.98,-2.03,-2.16,-2.21,-2.13,-1.93,-1.91,-1.97,-2.07,-2.18,-2.24,-2.13,-2.14,-2.42,-2.68,-2.81,-3.05,-2.83,-2.88,-3.04,-2.90,-2.70,-2.90,-3.04,-2.65,-2.42,-2.44,-2.17,-2.02,-0.87,1.00,2.18,2.49,2.69,2.61,2.60,2.69,2.64,2.91,2.95,2.61,2.03,1.67,1.87,2.40,2.76,2.61,2.84,2.61,2.40,1.40,-0.33,-1.43,-1.51,-0.47,1.54,2.46,2.69,2.91,2.77,2.58,2.43,2.42,2.63,2.51,2.43,2.10,1.90,1.89,1.73,1.67,1.64,1.55,1.93,1.93,1.99,1.80,1.73,1.67,1.57,1.88,1.82,1.68,2.00,1.90,1.94,2.42,2.49,2.94,2.76,2.02,1.80,1.67,1.03,-0.51,-2.31,-3.17,-3.59,-3.52,-3.33,-3.18,-3.09,-3.05,-3.43,-4.07,-4.99,-5.39,-5.29,-5.53,-5.67,-5.67,-5.63,-5.49,-5.45,-5.29,-5.06,-4.86,-4.58,-4.28,-4.18,-4.28,-4.28,-4.20,-3.83,-3.66,-3.50,-3.31,-3.23,-3.32,-3.44,-3.43,-3.12,-3.13,-2.92,-2.73,-2.47,-2.47,-2.62,-2.74,-2.95,-2.92,-2.96,-2.49,-2.53,-2.72,-2.67,-2.35,-2.50,-2.56,-2.40,-2.46,-2.65,-2.78,-2.69,-2.35,-2.55,-2.74,-2.77,-2.68,-2.70
-1.86,-2.09,-2.31,-2.33,-2.24,-1.98,-2.24,-2.37,-2.27,-2.21,-2.36,-2.23,-2.42,-2.55,-2.76,-3.04,-3.14,-2.97,-2.99,-2.91,-2.86,-2.95,-2.97,-2.94,-2.65,-2.42,-2.51,-2.23,-1.93,-1.07,0.61,2.06,2.20,2.49,2.45,2.31,2.48,2.53,2.72,2.84,2.47,1.99,1.72,1.83,2.31,2.70,2.69,2.72,2.59,2.40,1.67,0.09,-0.92,-0.99,-0.18,1.56,2.55,2.75,2.88,2.89,2.63,2.40,2.41,2.42,2.30,2.38,2.11,1.80,1.84,1.79,1.77,1.76,1.91,1.97,1.90,2.00,1.54,1.62,1.65,1.71,1.66,1.59,1.51,1.90,1.57,1.65,2.19,2.47,3.02,2.65,1.82,1.61,1.49,1.00,-0.26,-1.98,-2.99,-3.50,-3.46,-3.32,-3.33,-3.44,-3.26,-3.10,-3.45,-4.20,-4.93,-5.52,-5.57,-5.63,-5.71,-5.85,-5.75,-5.49,-5.27,-5.07,-4.95,-4.82,-4.57,-4.45,-4.32,-4.11,-4.03,-3.83,-3.83,-3.67,-3.49,-3.41,-3.41,-3.45,-3.46,-3.18,-3.30,-3.21,-2.91,-2.62,-2.60,-2.77,-2.90,-3.08,-3.22,-3.14,-2.79,-2.59,-2.68,-2.77,-2.53,-2.50,-2.50,-2.40,-2.51,-2.72,-2.76,-2.59,-2.50,-2.69,-2.74,-2.67,-2.65,-2.70
-1.90,-2.02,-2.17,-2.21,-2.08,-1.85,-2.10,-2.19,-2.13,-2.08,-2.16,-2.14,-2.28,-2.54,-2.77,-2.92,-3.06,-2.99,-3.14,-2.90,-2.88,-2.96,-2.91,-2.77,-2.76,-2.53,-2.28,-2.14,-1.89,-1.21,0.20,1.39,1.68,2.24,2.36,2.23,2.08,2.35,2.28,2.37,2.13,1.84,1.74,1.82,2.22,2.70,2.71,2.75,2.65,2.52,2.34,1.01,-0.10,-0.41,0.56,1.93,2.53,2.67,2.77,2.77,2.57,2.24,2.12,2.26,2.30,2.40,2.18,2.02,1.89,1.80,1.56,1.94,1.76,1.67,1.72,2.01,1.62,1.64,1.61,1.32,1.53,1.32,1.49,1.87,1.89,1.82,2.01,2.13,2.76,2.71,1.71,1.17,1.17,0.84,-0.23,-1.83,-2.96,-3.36,-3.44,-3.23,-3.24,-3.40,-3.12,-3.13,-3.14,-3.50,-3.96,-4.75,-4.95,-5.40,-5.68,-5.76,-5.55,-5.40,-5.35,-5.15,-4.91,-4.85,-4.74,-4.61,-4.36,-4.07,-3.98,-3.94,-4.07,-3.96,-3.71,-3.61,-3.59,-3.52,-3.43,-3.27,-3.21,-3.35,-3.00,-2.77,-2.88,-3.12,-3.21,-3.26,-3.72,-3.61,-3.39,-2.94,-2.73,-2.81,-2.67,-2.50,-2.47,-2.59,-2.63,-2.65,-2.69,-2.49,-2.63,-2.76,-2.72,-2.55,-2.51,-2.55
-1.98,-2.02,-2.13,-2.16,-2.16,-2.00,-2.19,-2.17,-2.00,-1.95,-2.26,-1.84,-2.14,-2.58,-2.78,-2.87,-3.04,-2.94,-2.88,-2.86,-2.86,-2.86,-2.83,-2.76,-2.65,-2.62,-2.32,-2.19,-1.91,-1.42,-0.21,0.80,1.14,1.94,1.99,2.13,2.20,1.95,1.77,1.99,1.84,1.76,1.78,1.87,2.26,2.69,2.71,2.87,2.60,2.61,2.87,1.94,0.89,0.24,1.28,2.29,2.60,2.59,2.58,2.55,2.52,2.41,2.31,2.35,2.37,2.47,2.24,2.05,1.91,1.90,1.99,1.85,1.55,1.87,1.85,1.67,1.89,1.77,1.68,1.74,1.66,1.49,1.56,1.84,1.74,1.77,1.97,2.07,2.53,2.45,1.55,1.11,1.10,0.58,-0.51,-1.81,-2.85,-3.21,-3.44,-3.30,-3.06,-3.28,-3.31,-3.46,-3.09,-3.36,-3.49,-3.85,-4.10,-4.90,-5.39,-5.43,-5.40,-5.37,-5.28,-5.08,-4.89,-4.86,-4.70,-4.54,-4.22,-4.05,-3.96,-3.90,-3.98,-4.13,-3.97,-3.72,-3.76,-3.66,-3.55,-3.59,-3.33,-3.43,-3.19,-3.04,-3.17,-3.28,-3.22,-3.74,-3.94,-4.23,-4.07,-3.75,-3.50,-3.45,-3.21,-2.92,-2.74,-2.72,-2.69,-2.63,-2.79,-2.56,-2.68,-2.67,-2.63,-2.58,-2.32,-2.47
-2.04,-2.00,-2.00,-2.16,-2.28,-2.16,-2.18,-2.05,-1.94,-1.91,-2.03,-2.13,-2.49,-2.68,-2.63,-2.67,-2.90,-2.91,-2.70,-2.85,-2.85,-2.79,-2.81,-2.73,-2.62,-2.46,-2.47,-2.39,-2.09,-1.70,-0.72,0.16,0.71,1.42,1.42,1.64,1.55,1.48,1.39,1.78,1.60,1.59,1.71,1.88,2.26,2.63,2.76,2.85,2.59,2.69,2.85,2.29,1.77,1.16,1.89,2.38,2.61,2.57,2.51,2.52,2.46,2.29,2.31,2.52,2.45,2.63,2.22,1.94,1.95,1.89,2.10,1.95,1.80,2.03,1.97,1.93,1.95,2.13,1.66,1.65,1.82,1.62,1.53,1.40,1.56,1.80,2.11,2.20,2.36,2.05,1.40,1.14,0.92,0.53,-0.22,-1.59,-2.85,-3.35,-3.33,-3.27,-3.26,-3.43,-3.24,-3.59,-3.48,-3.49,-3.40,-3.70,-3.93,-4.28,-4.65,-5.10,-5.26,-5.16,-5.02,-4.94,-4.83,-4.70,-4.39,-4.26,-4.06,-3.92,-3.75,-3.59,-3.58,-3.84,-3.89,-3.59,-3.55,-3.54,-3.57,-3.50,-3.45,-3.49,-3.27,-3.22,-3.53,-3.89,-3.97,-4.11,-4.24,-4.41,-4.31,-4.05,-3.84,-3.80,-3.83,-3.49,-3.21,-3.01,-2.85,-2.76,-2.87,-2.51,-2.64,-2.63,-2.54,-2.58,-2.42,-2.67
-2.04,-1.85,-1.90,-2.12,-2.22,-2.17,-2.18,-2.12,-2.04,-1.97,-1.95,-2.30,-2.41,-2.76,-2.74,-2.70,-2.85,-2.74,-2.78,-2.97,-2.70,-2.70,-2.76,-2.69,-2.72,-2.42,-2.55,-2.44,-2.35,-1.86,-1.18,-0.72,-0.16,0.58,0.77,0.42,0.60,0.90,1.21,1.50,1.60,1.64,1.76,1.93,2.26,2.63,2.69,2.72,2.65,2.60,2.54,2.23,2.24,1.82,2.20,2.25,2.37,2.49,2.45,2.45,2.49,2.41,2.37,2.34,2.19,2.46,2.13,1.77,1.87,2.11,1.84,1.87,1.94,2.06,1.88,2.01,1.72,1.93,1.56,1.62,1.84,1.76,1.67,1.68,1.59,1.83,2.18,2.23,2.48,2.22,1.40,1.20,1.23,0.80,-0.11,-1.62,-2.87,-3.21,-3.45,-3.43,-3.41,-3.52,-3.41,-3.36,-3.54,-3.66,-3.49,-3.59,-3.79,-4.07,-4.13,-4.44,-4.77,-4.78,-4.69,-4.56,-4.49,-4.35,-4.09,-3.79,-3.75,-3.65,-3.44,-3.32,-3.24,-3.32,-3.46,-3.49,-3.63,-3.59,-3.71,-3.79,-3.81,-3.74,-3.53,-3.54,-3.77,-3.92,-4.24,-4.36,-4.56,-4.57,-4.45,-4.30,-4.19,-4.19,-4.23,-3.97,-3.59,-3.31,-3.13,-2.97,-2.83,-2.31,-2.55,-2.73,-2.70,-2.76,-2.53,-2.68
-1.98,-1.97,-2.07,-2.13,-2.04,-2.08,-2.16,-2.12,-2.07,-2.04,-2.09,-2.24,-2.35,-2.46,-2.53,-2.56,-2.62,-2.83,-2.77,-2.99,-2.86,-2.74,-2.72,-2.78,-2.77,-2.55,-2.56,-2.54,-2.59,-2.21,-1.76,-1.42,-0.98,-0.41,-0.15,-0.11,0.36,0.57,1.05,1.50,1.43,1.39,1.46,1.78,2.17,2.32,2.51,2.53,2.52,2.31,2.52,2.28,2.30,2.07,2.26,2.23,2.26,2.43,2.47,2.48,2.54,2.43,2.20,2.17,2.46,2.47,2.12,1.88,1.78,1.83,1.70,1.82,1.87,1.78,1.79,1.95,1.82,1.61,1.77,1.67,1.74,1.55,1.46,1.67,1.57,1.51,1.68,1.77,2.28,2.18,1.33,0.98,0.92,0.63,-0.13,-1.52,-3.01,-3.43,-3.58,-3.36,-3.48,-3.63,-3.33,-3.37,-3.35,-3.54,-3.53,-3.55,-3.71,-3.85,-3.80,-3.93,-4.15,-4.23,-4.26,-4.07,-3.87,-3.96,-3.89,-3.41,-3.27,-3.30,-3.24,-3.26,-3.17,-3.17,-3.45,-3.62,-3.71,-3.79,-3.80,-3.96,-3.97,-3.89,-3.75,-3.85,-4.18,-4.26,-4.33,-4.39,-4.52,-4.52,-4.48,-4.41,-4.43,-4.52,-4.44,-4.36,-3.97,-3.62,-3.44,-3.30,-3.14,-2.76,-2.67,-2.85,-3.03,-2.86,-2.64,-2.60
-1.94,-2.03,-2.17,-2.18,-2.08,-2.05,-2.04,-2.02,-1.99,-2.07,-2.17,-2.19,-2.36,-2.58,-2.62,-2.68,-2.70,-2.55,-2.83,-2.99,-2.96,-2.85,-2.96,-2.99,-2.70,-2.55,-2.51,-2.69,-2.73,-2.49,-2.26,-2.12,-1.79,-1.31,-0.84,-0.23,0.24,0.07,1.01,1.60,1.73,1.70,1.72,1.91,2.01,2.12,2.63,2.69,2.41,2.30,2.40,2.14,2.11,2.23,2.19,2.29,2.31,2.34,2.35,2.47,2.54,2.34,1.97,1.95,2.34,2.43,2.11,1.72,1.62,1.46,1.57,1.59,1.74,1.64,1.18,1.53,1.34,1.26,0.99,0.83,0.77,0.87,0.82,1.03,0.69,0.30,0.24,0.42,0.92,0.93,0.19,-0.28,-0.27,-0.37,-0.89,-1.84,-3.00,-3.63,-3.55,-3.57,-3.55,-3.62,-3.45,-3.46,-3.27,-3.43,-3.49,-3.68,-3.98,-3.87,-3.81,-4.00,-4.06,-3.94,-3.87,-3.81,-3.54,-3.65,-3.57,-3.18,-3.17,-3.12,-3.03,-3.10,-3.08,-2.88,-3.01,-3.61,-3.70,-3.97,-4.14,-4.00,-4.09,-4.05,-3.93,-4.01,-4.30,-4.43,-4.39,-4.53,-4.58,-4.57,-4.50,-4.44,-4.45,-4.50,-4.53,-4.57,-4.47,-4.24,-4.03,-3.77,-3.61,-3.19,-3.06,-3.10,-3.04,-2.82,-2.67,-2.76
-2.12,-2.07,-2.03,-2.08,-2.13,-2.03,-2.12,-2.07,-2.03,-2.05,-2.07,-2.09,-2.19,-2.53,-2.65,-2.82,-2.92,-2.87,-2.77,-2.99,-2.92,-2.87,-2.81,-2.78,-2.73,-2.56,-2.51,-2.64,-2.74,-2.47,-2.58,-2.62,-2.35,-1.93,-1.32,-0.58,-0.38,-0.03,0.58,0.94,1.43,1.51,1.34,1.39,1.60,1.94,2.52,2.48,2.14,2.14,2.12,1.87,1.90,1.85,1.85,1.89,1.97,1.87,1.83,1.96,1.91,1.61,1.29,1.20,1.36,1.48,1.10,0.62,0.68,0.67,0.69,0.32,0.13,0.41,0.15,0.07,-0.11,-0.05,-0.02,-0.08,-0.11,-0.32,-0.33,0.05,0.09,-0.17,-0.42,-0.24,0.21,0.14,-0.28,-0.37,-0.38,-0.79,-1.12,-1.86,-2.99,-3.49,-3.58,-3.49,-3.40,-3.54,-3.46,-3.65,-3.36,-3.40,-3.46,-3.63,-4.02,-4.03,-4.05,-4.19,-4.06,-3.80,-3.68,-3.74,-3.72,-3.57,-3.35,-3.10,-3.35,-3.26,-3.09,-3.06,-3.15,-3.43,-3.71,-3.68,-4.07,-4.13,-4.31,-4.39,-4.36,-4.23,-4.20,-4.31,-4.41,-4.57,-4.74,-4.68,-4.69,-4.74,-4.65,-4.48,-4.48,-4.48,-4.61,-4.54,-4.47,-4.40,-4.26,-4.11,-4.18,-3.55,-3.32,-3.41,-3.28,-2.91,-2.77,-2.87
-1.98,-2.03,-2.08,-2.19,-2.16,-1.91,-2.23,-2.17,-2.13,-2.04,-1.98,-2.04,-2.02,-2.46,-2.70,-2.90,-2.86,-2.62,-2.78,-3.05,-2.74,-2.67,-2.86,-2.99,-2.88,-2.78,-2.83,-2.76,-2.64,-2.47,-2.65,-2.58,-2.46,-2.32,-1.79,-1.19,-0.73,-0.32,0.09,0.18,0.42,0.99,1.16,1.25,1.39,1.66,1.97,1.87,1.73,1.70,1.38,1.45,1.54,1.49,1.29,0.92,1.00,0.80,0.89,0.82,0.55,0.40,0.34,0.30,0.13,0.05,-0.05,-0.12,-0.16,-0.36,-0.57,-1.06,-0.76,-0.18,0.00,-0.26,-0.66,-0.93,-0.27,-0.23,-0.18,-0.54,-0.29,0.21,0.47,0.15,-0.38,0.09,0.74,0.49,0.08,0.04,-0.17,-0.41,-0.47,-1.46,-2.95,-3.40,-3.55,-3.49,-3.36,-3.58,-3.32,-3.61,-3.33,-3.36,-3.39,-3.52,-3.77,-4.01,-4.13,-4.06,-3.77,-3.57,-3.65,-3.76,-3.66,-3.61,-3.31,-3.32,-3.52,-3.87,-3.94,-3.81,-3.88,-4.14,-4.31,-4.39,-4.45,-4.44,-4.64,-4.68,-4.61,-4.57,-4.60,-4.61,-4.45,-4.60,-4.78,-4.75,-4.70,-4.82,-4.75,-4.50,-4.60,-4.75,-4.61,-4.65,-4.73,-4.62,-4.40,-4.39,-4.35,-4.07,-3.85,-3.81,-3.71,-3.13,-3.06,-3.08
-1.88,-1.91,-1.89,-2.07,-2.07,-1.94,-2.17,-2.05,-2.16,-2.17,-2.17,-2.21,-2.09,-2.53,-2.67,-2.88,-2.88,-2.73,-2.81,-2.96,-2.76,-3.04,-3.03,-2.78,-2.68,-2.81,-2.78,-2.53,-2.67,-2.42,-2.50,-2.37,-2.42,-2.45,-2.19,-1.69,-0.96,-0.79,-0.22,0.00,-0.15,0.23,0.05,-0.01,0.25,0.32,0.14,0.07,0.26,0.02,-0.42,-0.27,-0.24,0.26,0.07,-0.33,-0.05,-0.06,0.04,-0.02,-0.11,-0.11,-0.02,0.03,-0.29,-0.42,-0.13,-0.01,-0.10,-0.72,-1.36,-1.55,-0.92,-0.51,0.11,0.29,-0.16,-0.88,-0.38,-0.22,0.04,-0.13,-0.12,0.23,0.53,0.52,0.09,0.36,0.77,0.56,0.45,0.31,-0.01,-0.02,-0.12,-1.04,-2.62,-3.44,-3.57,-3.55,-3.63,-3.66,-3.41,-3.45,-3.28,-3.30,-3.28,-3.55,-3.77,-3.92,-4.00,-4.00,-4.11,-4.13,-4.01,-3.97,-3.98,-4.13,-4.07,-4.03,-4.33,-4.85,-4.94,-4.71,-4.53,-4.54,-4.78,-5.03,-4.78,-4.86,-4.86,-4.79,-4.73,-4.74,-4.75,-4.66,-4.49,-4.69,-4.69,-4.79,-4.77,-4.70,-4.58,-4.36,-4.52,-4.45,-4.33,-4.39,-4.44,-4.39,-4.31,-4.64,-4.23,-4.14,-4.14,-4.07,-3.98,-3.46,-3.40,-3.27
-2.00,-1.91,-1.91,-2.02,-1.97,-1.86,-1.95,-2.12,-2.22,-2.09,-2.24,-2.47,-2.37,-2.68,-2.60,-2.82,-2.97,-2.97,-2.94,-2.96,-2.82,-3.03,-2.95,-2.86,-2.86,-2.78,-2.58,-2.70,-2.27,-2.46,-2.73,-2.69,-2.47,-2.39,-2.26,-1.75,-1.19,-0.99,-0.46,-0.06,-0.33,-0.06,-0.07,0.05,0.31,0.40,0.34,0.35,0.61,0.89,0.60,0.29,0.21,0.57,0.57,0.25,0.45,0.52,0.77,0.65,0.11,-0.18,-0.07,0.29,0.35,0.18,0.16,0.03,0.40,-0.27,-1.14,-1.40,-0.91,-0.77,-0.02,0.37,0.16,-0.52,-0.76,-0.58,0.07,0.04,-0.18,-0.18,0.18,0.71,0.67,0.55,0.51,0.41,0.51,0.45,0.18,-0.13,-0.52,-0.98,-2.14,-3.23,-3.71,-3.48,-3.71,-3.71,-3.66,-3.48,-3.40,-3.26,-3.21,-3.37,-3.59,-3.75,-4.06,-4.48,-4.85,-4.95,-4.77,-4.96,-5.19,-5.36,-5.19,-5.12,-5.39,-5.41,-5.22,-5.11,-5.19,-5.36,-5.26,-5.06,-5.02,-4.98,-4.90,-4.82,-4.75,-4.74,-4.69,-4.48,-4.54,-4.82,-4.91,-4.94,-4.78,-4.60,-4.44,-4.40,-4.50,-4.62,-4.45,-4.47,-4.57,-4.52,-4.52,-4.65,-4.32,-4.19,-4.24,-4.18,-4.18,-3.94,-3.75,-3.48
-1.97,-1.97,-2.07,-2.16,-2.10,-1.95,-1.81,-2.14,-2.27,-2.28,-2.28,-2.36,-2.64,-2.97,-2.72,-2.83,-2.96,-3.01,-3.01,-3.06,-2.86,-2.79,-2.82,-2.79,-2.82,-2.77,-2.53,-2.41,-2.31,-2.40,-2.56,-2.55,-2.47,-2.40,-2.10,-1.51,-1.08,-0.81,-0.53,-0.03,-0.08,-0.01,0.14,0.19,0.40,0.76,0.76,0.37,0.47,0.82,0.83,0.80,0.08,0.63,1.01,0.65,0.15,0.39,0.82,1.22,1.07,0.32,0.24,0.78,0.84,0.44,0.00,-0.05,0.57,0.25,-0.43,-1.35,-0.43,-0.36,0.09,-0.06,-0.20,-0.44,-1.08,-1.07,-0.21,-0.16,-0.21,-0.16,0.02,0.51,0.69,0.69,0.71,0.53,0.40,0.39,0.32,-0.20,-0.82,-1.24,-2.14,-3.04,-3.80,-3.55,-3.54,-3.80,-3.66,-3.46,-3.45,-3.41,-3.30,-3.19,-3.50,-3.92,-4.40,-5.12,-5.44,-5.59,-5.75,-5.89,-5.85,-5.69,-5.45,-5.33,-5.33,-5.29,-5.18,-5.14,-5.18,-5.31,-5.03,-4.83,-5.00,-4.82,-4.77,-4.83,-4.79,-4.69,-4.61,-4.35,-4.52,-4.71,-4.79,-4.91,-4.79,-4.56,-4.45,-4.30,-4.31,-4.49,-4.54,-4.62,-4.74,-4.62,-4.50,-4.40,-4.31,-4.26,-4.27,-4.30,-4.45,-4.49,-4.18,-3.81
-1.72,-1.95,-2.10,-2.22,-2.09,-1.95,-1.98,-1.99,-2.08,-2.14,-2.26,-2.35,-2.42,-2.63,-2.67,-2.94,-2.96,-2.95,-3.01,-3.04,-2.83,-2.74,-2.82,-2.77,-2.74,-2.67,-2.51,-2.44,-2.36,-2.63,-2.54,-2.54,-2.16,-2.16,-2.09,-1.46,-0.77,-0.38,-0.07,0.24,0.20,0.00,0.14,0.19,0.49,0.99,1.04,0.60,0.51,0.42,0.51,0.82,0.44,0.16,0.50,0.44,0.53,0.57,0.40,0.60,0.96,0.92,0.39,0.13,0.49,0.72,0.23,-0.26,-0.17,0.09,-0.17,-1.53,-1.35,-0.72,-0.05,-0.71,-0.89,-0.96,-1.36,-1.32,-0.81,-0.52,-0.48,-0.18,-0.12,-0.11,0.05,0.34,0.61,0.53,0.19,0.02,0.30,0.15,-0.69,-1.79,-2.78,-3.37,-3.85,-3.63,-3.76,-4.00,-3.72,-3.63,-3.54,-3.57,-3.59,-3.52,-3.67,-4.15,-4.70,-5.22,-5.53,-5.68,-5.68,-5.71,-5.65,-5.56,-5.37,-5.29,-5.26,-5.19,-5.18,-5.22,-5.03,-4.79,-4.78,-4.81,-4.89,-4.73,-4.71,-4.81,-4.79,-4.60,-4.49,-4.58,-4.60,-4.71,-4.81,-4.77,-4.62,-4.56,-4.64,-4.57,-4.45,-4.56,-4.60,-4.61,-4.68,-4.54,-4.41,-4.35,-4.24,-4.18,-4.22,-4.53,-4.64,-4.75,-4.44,-3.97
-1.76,-1.85,-2.00,-2.13,-1.94,-1.86,-1.99,-2.00,-2.02,-2.04,-2.16,-2.31,-2.42,-2.53,-2.85,-2.78,-2.83,-2.96,-3.05,-2.92,-2.78,-2.85,-2.87,-2.79,-2.76,-2.79,-2.73,-2.39,-2.32,-2.60,-2.55,-2.58,-2.45,-2.35,-2.16,-1.50,-0.51,-0.01,0.29,0.00,-0.11,0.07,0.29,0.39,0.46,0.77,0.96,0.87,0.69,0.20,0.23,0.82,0.78,0.23,0.07,0.34,0.76,0.53,0.28,0.21,0.56,0.93,0.49,-0.02,0.39,0.73,0.21,-0.36,-0.56,-0.33,-0.12,-1.60,-1.95,-0.79,-0.77,-1.08,-1.24,-1.65,-1.70,-1.61,-1.33,-0.97,-1.01,-0.92,-0.58,-0.42,-0.43,-0.38,0.15,0.55,-0.01,-0.56,-0.54,-0.37,-0.93,-2.51,-3.31,-3.55,-3.79,-3.70,-3.65,-3.75,-3.85,-3.79,-3.66,-3.72,-3.70,-3.61,-3.70,-4.00,-4.45,-4.86,-4.79,-5.14,-5.56,-5.59,-5.48,-5.31,-5.15,-5.10,-5.14,-5.02,-4.96,-5.14,-4.95,-4.64,-4.78,-4.86,-4.81,-4.78,-4.83,-4.77,-4.60,-4.53,-4.47,-4.26,-4.53,-4.81,-4.85,-4.87,-4.78,-4.58,-4.52,-4.45,-4.53,-4.56,-4.58,-4.60,-4.58,-4.32,-4.32,-4.45,-4.41,-4.20,-4.13,-4.53,-4.33,-4.43,-4.43,-4.27
-2.00,-1.84,-1.98,-2.08,-1.90,-1.83,-1.89,-1.95,-1.91,-2.00,-2.18,-2.35,-2.41,-2.45,-2.74,-2.95,-2.90,-2.90,-2.95,-2.92,-2.87,-2.87,-2.88,-2.77,-2.73,-2.79,-2.77,-2.63,-2.51,-2.65,-2.40,-2.33,-2.28,-2.35,-2.09,-1.19,-0.23,0.00,0.15,0.10,-0.03,0.04,0.25,0.21,0.18,0.42,0.71,0.83,0.72,0.32,0.44,0.47,0.36,0.10,0.14,0.16,0.41,0.40,0.60,0.56,0.28,0.24,0.26,0.19,0.18,0.07,-0.23,-0.43,-0.37,-0.73,-1.17,-1.79,-2.12,-1.57,-1.21,-1.26,-1.60,-1.84,-2.07,-2.05,-1.91,-1.72,-1.74,-1.61,-1.31,-0.93,-0.99,-1.22,-0.77,-0.39,-0.88,-1.09,-1.33,-1.60,-2.18,-3.06,-3.33,-3.44,-3.66,-3.97,-3.92,-3.83,-3.90,-3.88,-3.57,-3.48,-3.54,-3.68,-3.97,-4.27,-4.44,-4.54,-4.41,-4.69,-5.23,-5.02,-5.00,-4.95,-4.78,-4.70,-4.78,-4.78,-4.69,-4.85,-4.93,-4.77,-4.77,-4.73,-4.64,-4.73,-4.62,-4.58,-4.66,-4.52,-4.62,-4.61,-4.89,-4.89,-4.87,-4.91,-4.86,-4.61,-4.50,-4.65,-4.58,-4.65,-4.69,-4.65,-4.61,-4.28,-4.22,-4.31,-4.48,-4.49,-4.06,-4.37,-4.47,-4.53,-4.47,-4.27
-1.91,-1.84,-2.07,-2.00,-1.97,-1.95,-1.89,-1.79,-1.76,-2.05,-2.22,-2.28,-2.31,-2.40,-2.90,-2.83,-2.96,-3.04,-3.09,-3.13,-2.91,-2.95,-2.92,-2.72,-2.64,-2.63,-2.63,-2.60,-2.50,-2.53,-2.37,-2.35,-2.31,-2.36,-2.12,-1.41,-0.82,-0.62,0.19,0.39,0.26,-0.13,-0.28,-0.24,0.18,0.49,0.46,0.34,0.31,0.31,0.31,-0.21,-0.47,-0.28,-0.15,-0.12,-0.61,-0.42,-0.08,0.04,-0.29,-0.73,-0.87,-0.71,-0.37,-0.57,-1.24,-1.09,-1.21,-1.56,-2.12,-2.73,-2.42,-2.28,-2.27,-2.17,-1.94,-2.51,-2.44,-2.69,-2.53,-2.60,-2.55,-2.21,-1.99,-2.08,-2.14,-2.22,-2.16,-1.90,-1.93,-1.94,-2.49,-2.51,-2.77,-3.28,-3.50,-3.46,-3.81,-4.07,-4.26,-4.06,-3.96,-4.13,-4.11,-4.13,-4.19,-4.11,-4.15,-4.39,-4.47,-4.50,-4.23,-4.36,-4.73,-4.54,-4.58,-4.49,-4.37,-4.37,-4.48,-4.54,-4.56,-4.57,-5.06,-4.70,-4.87,-4.78,-4.85,-5.15,-5.24,-5.06,-4.87,-4.81,-4.98,-4.89,-4.94,-4.95,-4.96,-4.99,-4.93,-4.73,-4.56,-4.79,-4.65,-4.71,-4.82,-4.64,-4.48,-4.35,-4.40,-4.47,-4.44,-4.36,-4.40,-4.54,-4.50,-4.61,-4.54,-4.19
-1.89,-2.04,-2.33,-2.16,-2.04,-2.00,-1.97,-1.84,-1.81,-2.10,-2.19,-2.24,-2.30,-2.51,-2.78,-2.90,-2.96,-2.76,-2.81,-3.04,-2.86,-2.85,-2.96,-2.63,-2.69,-2.73,-2.56,-2.39,-2.44,-2.40,-2.39,-2.46,-2.32,-2.30,-1.98,-1.41,-1.01,-0.79,-0.43,0.05,-0.22,-0.16,-0.79,-0.47,-0.06,0.16,-0.06,-0.47,-0.53,-0.34,-0.53,-1.14,-1.36,-1.06,-0.87,-0.98,-1.66,-1.57,-1.37,-1.26,-1.59,-2.02,-2.07,-1.94,-1.83,-1.97,-2.18,-2.05,-2.09,-2.17,-2.76,-3.24,-3.50,-3.08,-3.03,-2.42,-2.51,-2.59,-2.70,-2.79,-2.90,-3.19,-3.08,-3.00,-3.15,-3.04,-2.91,-2.97,-3.01,-3.15,-3.30,-3.32,-3.54,-3.50,-3.63,-3.83,-3.92,-3.84,-4.18,-4.22,-4.45,-4.40,-4.15,-4.23,-4.23,-4.15,-4.15,-4.22,-4.27,-4.36,-4.31,-4.45,-4.23,-4.26,-4.37,-4.31,-4.40,-4.23,-4.22,-4.31,-4.32,-4.31,-4.28,-4.44,-5.07,-4.81,-4.78,-5.03,-5.04,-5.20,-5.31,-5.20,-5.12,-4.87,-5.07,-5.20,-5.11,-5.02,-4.99,-5.02,-4.98,-4.85,-4.71,-4.70,-4.65,-4.70,-4.74,-4.49,-4.23,-4.54,-4.47,-4.37,-4.39,-4.39,-4.27,-4.52,-4.47,-4.47,-4.48,-4.19
-1.80,-1.89,-2.18,-2.07,-2.05,-2.26,-2.19,-1.97,-2.02,-2.03,-2.23,-2.23,-2.33,-2.54,-2.65,-2.77,-2.65,-2.70,-2.92,-2.99,-2.90,-2.79,-2.86,-2.60,-2.73,-2.94,-2.73,-2.49,-2.58,-2.46,-2.41,-2.40,-2.30,-2.08,-1.59,-1.27,-1.18,-1.11,-0.88,-0.49,-0.77,-0.79,-1.09,-1.14,-1.03,-0.84,-1.02,-1.40,-1.57,-1.52,-1.62,-2.21,-2.19,-2.07,-1.70,-2.07,-2.31,-2.54,-2.49,-2.51,-2.87,-3.05,-3.05,-3.04,-2.99,-3.00,-3.04,-2.92,-2.73,-2.68,-3.15,-3.43,-3.52,-3.45,-3.36,-3.06,-2.82,-3.08,-3.19,-3.49,-3.48,-3.66,-3.63,-3.76,-3.87,-3.79,-3.81,-3.88,-3.87,-3.88,-3.92,-3.89,-4.23,-4.15,-3.90,-4.14,-4.26,-4.06,-4.11,-4.11,-4.18,-4.32,-4.07,-4.19,-4.30,-4.18,-4.11,-4.17,-4.22,-4.23,-4.19,-4.20,-4.18,-4.09,-4.22,-4.24,-4.30,-4.23,-4.28,-4.27,-4.06,-4.03,-3.96,-4.20,-4.87,-4.85,-4.96,-5.24,-5.51,-5.47,-5.40,-5.37,-5.22,-5.12,-5.02,-5.06,-5.02,-5.03,-5.00,-4.96,-4.94,-4.82,-4.82,-4.62,-4.52,-4.64,-4.79,-4.62,-4.74,-4.58,-4.35,-4.27,-4.37,-4.45,-4.15,-4.30,-4.43,-4.43,-4.35,-4.22
-1.76,-1.80,-2.12,-2.18,-2.05,-2.14,-2.18,-2.21,-2.23,-2.07,-2.23,-2.18,-2.24,-2.44,-2.62,-2.67,-2.50,-2.79,-3.05,-3.09,-2.94,-2.94,-2.87,-2.74,-2.62,-2.74,-2.69,-2.54,-2.53,-2.56,-2.56,-2.27,-2.21,-1.80,-1.27,-1.17,-1.24,-1.19,-1.14,-1.22,-1.61,-1.32,-1.51,-1.71,-1.81,-1.76,-2.02,-2.39,-2.55,-2.62,-2.72,-2.81,-2.70,-2.69,-2.54,-2.65,-2.67,-3.05,-3.10,-3.18,-3.59,-3.52,-3.53,-3.53,-3.41,-3.37,-3.31,-3.36,-3.28,-3.27,-3.53,-3.66,-3.54,-3.48,-3.44,-3.26,-3.24,-3.57,-3.76,-4.20,-4.13,-4.03,-4.15,-4.35,-4.35,-4.27,-4.32,-4.23,-4.07,-4.19,-4.19,-4.27,-4.62,-4.30,-4.13,-4.31,-4.31,-4.26,-4.09,-4.13,-4.20,-4.36,-4.22,-4.20,-4.19,-4.17,-4.20,-4.18,-4.11,-4.22,-4.15,-3.93,-4.01,-3.93,-4.09,-4.23,-4.13,-4.18,-4.19,-3.98,-3.79,-3.81,-4.06,-4.00,-4.24,-4.73,-4.73,-5.12,-5.39,-5.36,-5.27,-5.20,-4.99,-5.18,-5.04,-4.95,-4.94,-5.04,-5.10,-4.95,-4.82,-4.77,-4.66,-4.66,-4.60,-4.60,-4.77,-4.64,-4.64,-4.53,-4.40,-4.32,-4.31,-4.40,-4.18,-4.19,-4.40,-4.52,-4.36,-4.20
-1.88,-1.85,-2.03,-2.17,-2.07,-2.28,-2.27,-2.16,-2.14,-2.24,-2.10,-2.17,-2.31,-2.49,-2.64,-2.70,-2.59,-2.94,-3.10,-3.00,-2.83,-2.87,-2.97,-2.69,-2.65,-2.78,-2.67,-2.53,-2.51,-2.55,-2.65,-2.45,-1.97,-1.56,-1.21,-1.28,-1.38,-1.38,-1.45,-1.60,-1.93,-1.75,-1.83,-2.09,-2.16,-2.39,-2.69,-2.88,-2.95,-2.96,-3.04,-3.01,-2.97,-2.97,-2.87,-2.91,-3.09,-3.23,-3.33,-3.36,-3.74,-3.65,-3.66,-3.63,-3.57,-3.45,-3.32,-3.44,-3.52,-3.61,-3.71,-3.76,-3.62,-3.52,-3.41,-3.33,-3.44,-3.83,-4.19,-4.50,-4.31,-4.14,-4.31,-4.45,-4.41,-4.35,-4.30,-4.17,-4.13,-4.18,-4.20,-4.33,-4.52,-4.30,-4.39,-4.45,-4.20,-4.24,-4.19,-4.32,-4.31,-4.35,-4.26,-4.23,-4.13,-4.10,-4.24,-4.24,-4.24,-4.36,-4.13,-3.88,-3.92,-3.97,-3.97,-4.05,-4.02,-4.10,-4.09,-3.92,-3.88,-3.85,-4.05,-3.89,-4.07,-4.58,-4.78,-4.99,-5.22,-5.28,-5.23,-5.08,-4.79,-5.04,-5.08,-4.98,-4.99,-5.12,-5.16,-5.07,-4.96,-4.99,-4.69,-4.64,-4.61,-4.58,-4.81,-4.68,-4.60,-4.49,-4.44,-4.44,-4.36,-4.40,-4.32,-4.30,-4.39,-4.47,-4.31,-4.20
-2.00,-1.89,-1.93,-2.10,-2.10,-2.35,-2.22,-2.04,-1.99,-2.09,-2.05,-2.12,-2.31,-2.42,-2.56,-2.76,-2.74,-3.10,-3.00,-2.73,-2.67,-2.88,-2.94,-2.64,-2.62,-2.56,-2.44,-2.40,-2.49,-2.69,-2.95,-2.51,-1.72,-1.50,-1.38,-1.51,-1.61,-1.71,-1.76,-1.79,-2.10,-1.95,-2.05,-2.37,-2.46,-2.67,-2.91,-3.08,-3.17,-3.35,-3.43,-3.24,-3.28,-3.08,-3.05,-3.33,-3.66,-3.46,-3.39,-3.49,-3.61,-3.70,-3.80,-3.77,-3.66,-3.54,-3.48,-3.52,-3.49,-3.53,-3.65,-3.70,-3.58,-3.55,-3.30,-3.37,-3.35,-3.84,-4.17,-4.33,-4.26,-4.20,-4.33,-4.40,-4.37,-4.35,-4.27,-4.19,-4.19,-4.19,-4.26,-4.35,-4.43,-4.24,-4.40,-4.52,-4.10,-4.18,-4.22,-4.41,-4.22,-4.23,-4.15,-4.22,-4.22,-4.15,-4.24,-4.26,-4.49,-4.36,-4.20,-3.98,-4.00,-4.03,-4.10,-4.22,-4.09,-4.00,-3.97,-3.94,-3.93,-3.72,-3.93,-3.84,-4.05,-4.30,-4.61,-4.91,-5.03,-5.08,-5.18,-5.02,-4.77,-4.96,-5.02,-5.00,-4.90,-4.99,-5.14,-4.93,-4.91,-4.90,-4.78,-4.71,-4.62,-4.50,-4.70,-4.53,-4.47,-4.44,-4.45,-4.49,-4.54,-4.48,-4.47,-4.43,-4.41,-4.43,-4.19,-4.20
-1.90,-1.89,-1.98,-2.10,-2.09,-2.17,-2.13,-2.03,-1.97,-1.97,-2.21,-2.10,-2.16,-2.50,-2.88,-3.00,-2.94,-3.12,-2.79,-2.58,-2.67,-2.81,-2.82,-2.58,-2.60,-2.65,-2.46,-2.47,-2.45,-2.39,-2.62,-2.00,-1.60,-1.41,-1.45,-1.57,-1.72,-1.91,-2.02,-2.12,-2.39,-2.30,-2.44,-2.44,-2.62,-2.88,-3.09,-3.23,-3.27,-3.24,-3.19,-3.12,-3.18,-3.28,-3.43,-2.99,-3.22,-3.43,-3.46,-3.53,-3.49,-3.58,-3.66,-3.61,-3.55,-3.58,-3.63,-3.62,-3.49,-3.40,-3.55,-3.68,-3.49,-3.43,-3.17,-3.21,-3.05,-3.75,-3.97,-4.11,-4.27,-4.19,-4.24,-4.35,-4.36,-4.41,-4.40,-4.24,-4.18,-4.19,-4.27,-4.41,-4.41,-4.20,-4.26,-4.43,-4.14,-4.23,-4.17,-4.26,-4.09,-4.19,-4.26,-4.20,-4.15,-4.22,-4.36,-4.24,-4.28,-4.32,-4.33,-4.07,-4.20,-4.06,-4.10,-4.26,-4.11,-3.90,-3.94,-3.97,-3.84,-3.80,-3.83,-3.87,-4.01,-4.06,-4.37,-4.71,-4.87,-4.89,-4.95,-5.00,-4.79,-4.98,-4.98,-5.00,-4.89,-4.87,-5.20,-4.81,-4.98,-5.03,-4.91,-4.83,-4.73,-4.49,-4.66,-4.50,-4.36,-4.39,-4.44,-4.43,-4.64,-4.41,-4.19,-4.23,-4.45,-4.50,-4.19,-4.37
-1.95,-2.17,-2.16,-1.97,-1.89,-1.84,-2.02,-2.08,-2.07,-2.10,-2.26,-2.05,-2.24,-2.49,-2.64,-2.76,-2.78,-2.83,-2.70,-2.79,-2.74,-2.68,-2.74,-2.53,-2.68,-2.68,-2.41,-2.36,-2.26,-2.30,-2.50,-2.13,-1.81,-1.76,-1.65,-1.89,-2.10,-2.22,-2.31,-2.45,-2.63,-2.67,-2.73,-2.59,-2.86,-3.12,-3.13,-3.10,-3.18,-3.18,-3.13,-3.22,-3.22,-3.19,-3.30,-3.13,-3.41,-3.23,-3.48,-3.50,-3.52,-3.67,-3.68,-3.79,-3.77,-3.61,-3.48,-3.52,-3.54,-3.58,-3.59,-3.72,-3.36,-3.23,-3.08,-2.92,-2.85,-3.67,-3.93,-4.11,-4.28,-4.13,-4.11,-4.22,-4.35,-4.45,-4.48,-4.28,-4.10,-4.10,-4.11,-4.40,-4.37,-4.28,-4.41,-4.36,-4.36,-4.32,-4.17,-4.05,-3.98,-4.11,-4.19,-4.15,-4.06,-4.06,-4.27,-4.26,-4.39,-4.18,-4.41,-4.11,-4.09,-4.03,-4.07,-4.20,-4.14,-4.00,-3.93,-3.84,-3.77,-3.88,-3.87,-3.96,-3.92,-4.02,-4.18,-4.41,-4.66,-4.87,-4.71,-5.10,-5.06,-5.04,-5.04,-4.95,-4.90,-4.98,-5.15,-4.99,-4.85,-4.98,-4.96,-4.90,-4.79,-4.47,-4.75,-4.64,-4.44,-4.40,-4.43,-4.32,-4.43,-4.49,-4.33,-4.24,-4.32,-4.37,-4.33,-4.53
-1.78,-2.02,-2.02,-1.86,-1.75,-1.78,-1.88,-2.05,-2.19,-2.26,-2.24,-2.10,-2.24,-2.39,-2.63,-2.81,-2.65,-2.47,-2.73,-2.76,-2.73,-2.78,-2.73,-2.58,-2.70,-2.50,-2.36,-2.33,-2.30,-2.32,-2.32,-2.12,-2.19,-2.26,-2.10,-2.36,-2.37,-2.41,-2.58,-2.65,-2.60,-2.58,-2.78,-2.96,-3.21,-3.35,-3.18,-3.10,-3.21,-3.13,-3.12,-3.23,-3.15,-3.24,-3.30,-3.40,-3.46,-3.30,-3.30,-3.49,-3.72,-3.85,-3.83,-3.92,-3.80,-3.49,-3.37,-3.46,-3.61,-3.45,-3.23,-3.61,-3.33,-3.06,-2.78,-2.82,-3.03,-3.68,-3.92,-4.09,-4.13,-4.20,-4.13,-4.10,-4.31,-4.37,-4.41,-4.53,-4.24,-4.13,-4.17,-4.26,-4.58,-4.56,-4.62,-4.37,-4.45,-4.33,-4.30,-4.07,-4.15,-4.28,-4.20,-4.19,-4.28,-4.33,-4.48,-4.37,-4.54,-4.32,-4.31,-4.41,-4.32,-4.26,-4.28,-4.31,-4.23,-4.13,-4.02,-3.87,-3.85,-3.83,-4.00,-4.00,-3.89,-4.03,-4.06,-4.09,-4.48,-4.71,-4.60,-4.69,-4.71,-4.96,-4.93,-4.89,-4.91,-4.90,-5.00,-5.06,-4.99,-4.95,-4.90,-4.85,-4.78,-4.44,-4.82,-4.73,-4.57,-4.54,-4.61,-4.26,-4.64,-4.54,-4.32,-4.23,-4.45,-4.58,-4.37,-4.44
-1.85,-1.97,-1.97,-1.80,-1.62,-1.85,-1.95,-2.10,-2.13,-2.12,-2.23,-2.10,-2.08,-2.33,-2.53,-2.67,-2.88,-2.79,-2.85,-2.70,-2.67,-2.73,-2.74,-2.70,-2.63,-2.40,-2.40,-2.45,-2.39,-2.32,-2.27,-2.23,-2.53,-2.59,-2.72,-2.77,-2.69,-2.76,-2.88,-2.81,-2.70,-2.88,-3.10,-2.94,-3.33,-3.53,-3.32,-3.27,-3.21,-3.08,-3.12,-3.13,-3.05,-3.22,-3.26,-3.37,-3.54,-3.31,-3.33,-3.33,-3.55,-3.66,-3.72,-3.77,-3.66,-3.59,-3.49,-3.44,-3.57,-3.43,-3.17,-3.43,-3.18,-3.10,-3.17,-2.79,-3.18,-3.48,-3.98,-4.09,-4.26,-4.32,-4.03,-4.01,-4.11,-4.18,-4.44,-4.58,-4.37,-4.23,-4.32,-4.54,-4.58,-4.49,-4.47,-4.19,-4.00,-4.52,-4.09,-3.87,-3.92,-3.98,-4.05,-4.07,-4.13,-4.17,-4.11,-4.07,-4.44,-4.31,-4.41,-4.61,-4.33,-4.20,-4.28,-4.32,-4.28,-4.17,-4.05,-4.03,-4.03,-3.75,-4.02,-4.01,-3.92,-3.98,-4.07,-4.11,-4.22,-4.47,-4.75,-4.68,-4.81,-5.07,-5.08,-4.96,-4.98,-5.08,-5.02,-5.06,-5.20,-5.07,-4.93,-4.87,-4.81,-4.64,-4.73,-4.56,-4.44,-4.45,-4.54,-4.49,-4.48,-4.52,-4.44,-4.36,-4.52,-4.65,-4.39,-4.31
-1.95,-2.04,-1.97,-1.89,-1.91,-2.05,-2.30,-2.21,-1.91,-1.95,-2.19,-1.98,-1.93,-2.28,-2.53,-2.76,-2.95,-3.01,-2.90,-2.95,-3.00,-2.78,-2.63,-2.81,-2.73,-2.46,-2.39,-2.42,-2.30,-2.30,-2.36,-2.44,-2.77,-2.70,-2.79,-2.87,-2.88,-2.94,-2.97,-2.99,-3.04,-3.08,-3.12,-3.17,-3.28,-3.57,-3.36,-3.21,-3.12,-3.10,-3.13,-3.05,-3.08,-3.26,-3.26,-3.39,-3.48,-3.46,-3.33,-3.32,-3.66,-3.81,-3.75,-3.74,-3.66,-3.63,-3.70,-3.68,-3.57,-3.44,-3.33,-3.48,-3.22,-3.33,-2.96,-2.97,-3.30,-3.75,-3.83,-4.17,-4.20,-4.22,-4.32,-4.27,-4.24,-4.39,-4.48,-4.53,-4.36,-4.14,-4.27,-4.43,-4.65,-4.54,-4.52,-4.32,-4.26,-4.32,-4.22,-4.02,-3.93,-3.90,-3.98,-4.02,-4.01,-4.13,-4.44,-4.13,-4.26,-4.53,-4.49,-4.60,-4.30,-4.15,-4.27,-4.27,-4.19,-4.11,-4.05,-4.13,-4.13,-3.74,-3.89,-4.10,-3.88,-3.79,-4.01,-4.11,-4.17,-4.19,-4.27,-4.43,-4.71,-4.91,-4.99,-5.00,-4.98,-5.08,-5.16,-5.07,-5.24,-5.19,-5.07,-5.08,-5.03,-4.75,-4.85,-4.81,-4.78,-4.87,-4.75,-4.70,-4.61,-4.62,-4.57,-4.44,-4.50,-4.48,-4.36,-4.33
