-3.39,-2.47,-1.78,-1.47,-0.82,-0.93,-0.68,-0.31,-0.38,-0.38,-0.36,-0.26,0.07,0.35,0.21,0.13,0.20,0.29,0.34,0.30,0.20,0.30,0.15,0.00,0.00,-0.05,-0.06,0.04,0.23,0.18,-0.07,-0.01,-0.34,-0.37,-0.41,-0.53,-0.68,-0.79,-0.59,-0.63,-1.01,-2.27,-3.81,-6.63,-11.39,-17.08,-22.43,-27.08,-31.00,-33.68,-34.73,-36.22,-36.56,-36.51,-36.85,-36.94,-36.85,-36.68,-36.89,-37.04,-36.85,-36.83,-36.18,-35.18,-35.23,-34.67,-37.06,-37.11,-37.23,-36.89,-36.64,-36.33,-35.23,-33.84,-32.41,-32.71,-32.30,-30.09,-28.87,-29.19,-31.54,-34.04,-34.33,-34.77,-35.29,-36.20,-36.64,-36.30,-36.35,-36.14,-36.26,-35.93,-35.60,-35.49,-35.66,-35.91,-35.95,-36.20,-36.43,-35.82,-35.91,-36.03,-36.33,-36.16,-35.80,-36.37,-36.35,-36.03,-35.87,-35.99,-36.28,-36.35,-36.14,-36.26,-36.47,-36.03,-36.14,-35.89,-35.74,-35.56,-35.70,-35.99,-36.14,-36.07,-35.82,-36.05,-35.10,-35.68,-35.58,-35.60,-35.62,-35.47,-35.23,-35.20,-35.12,-34.94,-34.98,-35.00,-35.10,-34.96,-34.59,-34.69,-34.49,-34.53,-34.61,-34.55,-34.59,-34.63,-34.21,-34.43,-34.57,-34.37,-34.17,-34.37,-34.61,-34.11,-33.76,-33.66,-33.48,-33.42
-2.26,-1.55,-1.07,-0.76,-0.39,-0.42,-0.38,-0.10,-0.11,0.14,0.16,-0.05,0.00,0.24,0.11,0.30,0.42,0.40,0.31,0.28,0.29,0.45,0.18,0.02,0.07,0.03,-0.07,-0.10,-0.02,0.13,-0.16,-0.23,-0.22,-0.34,-0.32,-0.37,-0.61,-0.62,-0.63,-0.59,-0.46,-1.13,-1.88,-3.08,-5.47,-9.08,-13.51,-18.60,-23.85,-28.93,-31.77,-34.19,-35.62,-35.87,-35.97,-36.35,-36.51,-36.45,-36.64,-36.68,-36.58,-36.62,-35.82,-34.57,-34.39,-33.90,-35.99,-35.87,-36.28,-35.72,-35.10,-35.23,-34.11,-33.10,-32.00,-31.60,-30.90,-28.59,-27.19,-28.54,-31.38,-34.31,-34.96,-35.10,-35.23,-35.68,-36.07,-35.80,-35.97,-36.05,-36.18,-35.72,-35.64,-35.56,-35.60,-35.56,-35.51,-35.93,-36.39,-35.78,-35.70,-35.85,-36.24,-36.03,-35.56,-35.97,-36.18,-35.60,-35.51,-35.64,-35.87,-35.95,-35.87,-36.01,-35.85,-36.10,-35.10,-35.25,-35.33,-35.12,-35.45,-35.74,-35.68,-35.56,-35.68,-35.91,-35.00,-35.27,-35.47,-35.43,-35.37,-35.18,-34.80,-34.69,-34.65,-34.29,-34.35,-34.47,-34.80,-34.90,-34.63,-34.23,-34.04,-34.35,-34.23,-34.19,-34.25,-34.23,-33.96,-34.29,-34.25,-33.96,-33.84,-34.02,-33.82,-33.36,-33.40,-33.32,-33.14,-33.26
-1.53,-0.94,-0.58,-0.29,-0.24,-0.18,-0.10,-0.02,0.09,0.20,0.52,0.55,0.36,0.28,0.15,0.30,0.46,0.47,0.35,0.26,0.31,0.37,0.11,0.09,0.08,0.05,0.00,-0.08,-0.20,0.08,-0.15,-0.21,-0.16,-0.17,-0.24,-0.38,-0.64,-0.53,-0.61,-0.49,-0.46,-0.71,-1.06,-1.42,-2.16,-3.80,-6.44,-9.80,-14.67,-20.81,-26.51,-30.92,-33.76,-34.61,-35.23,-35.97,-36.22,-36.01,-36.10,-36.20,-36.01,-36.14,-35.33,-34.35,-33.24,-33.54,-34.71,-34.53,-34.15,-33.68,-33.62,-33.98,-32.81,-31.11,-30.71,-31.73,-30.09,-25.71,-24.18,-26.60,-30.85,-34.00,-34.84,-35.10,-35.02,-35.76,-35.93,-35.91,-35.72,-35.58,-35.60,-35.31,-35.35,-35.41,-35.33,-35.49,-35.66,-35.64,-35.78,-35.60,-35.41,-35.56,-35.74,-36.14,-35.43,-35.51,-35.72,-35.23,-35.49,-35.53,-35.56,-35.68,-35.64,-35.64,-35.64,-35.87,-35.41,-35.10,-35.33,-35.35,-35.29,-35.18,-35.04,-35.02,-35.45,-35.68,-35.10,-35.04,-35.14,-34.94,-34.90,-34.75,-34.61,-34.63,-34.45,-34.19,-33.96,-34.19,-34.35,-34.49,-34.41,-33.98,-33.82,-34.04,-33.88,-33.96,-34.06,-33.94,-33.90,-33.80,-33.66,-33.54,-33.50,-33.56,-33.62,-32.99,-33.08,-32.95,-32.81,-32.91
-1.07,-0.47,-0.20,-0.16,0.00,0.03,-0.03,0.07,0.16,0.24,0.31,0.28,0.21,0.35,0.16,0.31,0.35,0.34,0.29,0.20,0.20,0.29,0.26,0.13,-0.06,-0.01,0.14,-0.13,0.04,-0.15,-0.16,-0.06,-0.07,-0.15,-0.23,-0.34,-0.58,-0.51,-0.47,-0.31,-0.48,-0.61,-0.67,-0.81,-1.08,-1.64,-2.76,-4.19,-6.89,-11.63,-18.81,-26.12,-29.97,-32.53,-33.80,-34.63,-34.96,-34.96,-35.27,-35.51,-35.29,-35.02,-34.17,-32.67,-30.79,-32.47,-32.36,-30.79,-29.58,-29.52,-29.00,-29.62,-29.41,-28.69,-29.84,-31.56,-28.24,-20.06,-16.46,-22.29,-29.92,-34.29,-35.04,-35.18,-34.73,-35.10,-35.74,-35.49,-35.37,-35.23,-35.10,-35.06,-35.04,-35.08,-35.14,-34.92,-34.59,-34.84,-35.12,-34.73,-35.16,-35.49,-35.74,-35.56,-34.98,-35.08,-34.96,-34.80,-35.23,-35.25,-35.14,-35.20,-35.14,-35.16,-35.41,-35.37,-34.75,-34.63,-34.94,-34.82,-34.77,-34.94,-34.80,-34.77,-35.25,-35.12,-34.59,-35.02,-34.63,-34.67,-34.57,-34.37,-34.35,-34.27,-33.90,-33.92,-33.58,-33.72,-33.72,-33.80,-33.68,-33.42,-33.52,-34.04,-33.50,-33.80,-33.90,-33.66,-33.64,-33.26,-33.05,-33.06,-33.08,-33.10,-33.20,-32.83,-32.63,-32.65,-32.91,-33.01
-0.83,-0.12,0.00,-0.03,-0.07,-0.06,0.00,0.24,0.16,0.07,0.28,0.41,0.34,0.39,0.25,0.32,0.29,0.18,0.10,0.05,0.09,0.23,0.05,0.03,0.02,-0.02,0.08,-0.01,-0.12,0.03,0.05,-0.10,-0.16,-0.17,-0.29,-0.48,-0.47,-0.42,-0.32,-0.29,-0.42,-0.64,-0.78,-0.76,-0.86,-1.12,-1.18,-2.04,-3.04,-5.44,-10.21,-16.34,-22.21,-27.28,-30.22,-32.32,-33.54,-33.78,-33.78,-33.96,-34.37,-33.44,-33.08,-31.62,-28.89,-30.29,-27.59,-22.98,-19.98,-19.83,-19.65,-20.77,-22.23,-25.15,-29.24,-31.60,-27.46,-16.29,-10.34,-18.93,-29.24,-33.64,-34.63,-34.86,-34.57,-34.55,-34.96,-34.98,-34.59,-34.53,-34.33,-34.06,-34.31,-34.39,-34.47,-34.53,-34.33,-34.33,-34.61,-34.61,-34.84,-34.84,-34.73,-34.88,-34.33,-34.49,-34.37,-34.41,-34.75,-34.57,-34.57,-34.63,-34.63,-34.77,-35.10,-34.96,-34.37,-34.25,-34.33,-34.45,-34.25,-34.67,-34.59,-34.45,-34.67,-34.33,-33.98,-34.15,-33.98,-34.31,-34.31,-33.98,-33.72,-33.54,-33.36,-33.64,-33.28,-33.44,-33.40,-33.42,-33.44,-33.44,-33.42,-33.16,-33.18,-33.32,-33.30,-33.26,-33.28,-32.93,-32.75,-32.77,-32.75,-32.79,-32.91,-32.79,-32.47,-32.39,-32.39,-32.26
-0.48,-0.23,0.08,0.20,0.26,0.25,0.19,0.24,0.15,0.09,0.23,0.40,0.32,0.35,0.28,0.28,0.23,0.23,0.28,0.14,-0.11,0.08,-0.03,-0.12,-0.08,-0.06,-0.06,-0.03,-0.16,-0.05,0.03,-0.10,-0.22,-0.22,-0.36,-0.68,-0.47,-0.32,-0.36,-0.39,-0.43,-0.46,-0.69,-0.97,-0.93,-0.77,-0.73,-0.94,-1.55,-2.55,-4.81,-8.34,-12.60,-18.28,-23.27,-27.42,-30.12,-31.04,-31.36,-31.52,-31.87,-31.15,-30.92,-29.73,-26.22,-25.69,-19.96,-13.70,-10.61,-9.90,-9.75,-11.03,-14.49,-21.55,-28.59,-31.17,-26.96,-15.61,-8.76,-17.06,-28.54,-32.81,-33.56,-33.68,-33.74,-33.96,-33.92,-33.86,-33.50,-33.82,-33.58,-33.42,-33.58,-33.70,-33.88,-33.88,-33.80,-33.94,-34.29,-34.25,-33.72,-34.31,-34.80,-34.47,-34.02,-34.04,-34.37,-34.29,-34.51,-34.61,-34.49,-34.37,-34.47,-34.65,-34.82,-34.67,-34.19,-34.29,-34.08,-34.15,-33.98,-34.27,-34.15,-34.19,-34.43,-34.13,-33.60,-33.94,-33.50,-34.08,-33.62,-33.26,-33.32,-33.32,-33.28,-33.32,-33.16,-33.20,-32.93,-33.06,-33.18,-33.05,-32.89,-33.06,-32.97,-33.38,-33.38,-33.12,-32.89,-32.87,-32.67,-32.65,-32.55,-32.47,-32.49,-32.24,-32.20,-31.89,-31.71,-31.69
-0.43,-0.39,-0.17,0.08,0.23,0.29,0.23,0.13,0.11,0.13,0.21,0.28,0.03,0.24,0.09,0.04,-0.05,-0.10,0.10,0.04,-0.07,0.02,-0.06,-0.11,-0.11,-0.20,-0.13,-0.10,-0.20,-0.28,-0.20,-0.20,-0.24,-0.32,-0.47,-0.61,-0.61,-0.64,-0.37,-0.38,-0.34,-0.38,-0.66,-0.82,-0.77,-0.91,-1.01,-0.83,-0.97,-1.33,-2.05,-3.52,-5.89,-9.59,-14.06,-18.85,-22.46,-23.94,-24.71,-25.13,-25.62,-25.27,-25.32,-24.68,-21.20,-18.76,-11.88,-6.93,-4.81,-3.85,-3.54,-4.69,-9.38,-18.51,-26.63,-29.06,-25.39,-15.68,-9.03,-15.50,-26.81,-30.73,-31.52,-31.67,-31.81,-32.18,-32.04,-32.00,-31.91,-32.30,-31.98,-32.08,-32.32,-32.36,-32.57,-32.81,-32.81,-32.91,-33.24,-33.16,-32.97,-33.34,-33.92,-33.56,-33.60,-33.12,-33.62,-33.24,-33.60,-33.90,-33.88,-33.64,-33.98,-34.45,-34.35,-33.96,-33.50,-34.08,-33.82,-33.62,-33.56,-33.48,-33.42,-33.76,-33.96,-33.58,-33.06,-32.95,-32.75,-33.54,-33.06,-33.34,-33.40,-33.22,-32.95,-32.61,-32.85,-32.85,-32.43,-32.65,-32.71,-32.53,-32.51,-32.87,-32.87,-33.05,-33.05,-32.83,-32.57,-32.43,-32.16,-32.45,-32.28,-32.14,-32.12,-31.96,-31.83,-31.48,-31.44,-31.48
-0.22,0.04,0.15,0.16,0.20,0.26,0.20,0.09,0.18,0.13,0.20,0.41,0.18,0.04,0.09,0.15,0.18,0.19,0.20,0.29,0.04,-0.05,-0.10,-0.16,-0.20,-0.27,-0.22,-0.23,-0.31,-0.41,-0.34,-0.41,-0.48,-0.41,-0.54,-0.57,-0.61,-0.68,-0.47,-0.46,-0.41,-0.42,-0.78,-1.13,-0.94,-0.81,-1.08,-0.89,-1.01,-0.84,-1.02,-1.65,-2.68,-4.18,-6.59,-10.01,-12.98,-14.43,-15.36,-15.84,-16.11,-15.91,-16.25,-16.22,-13.97,-11.18,-6.13,-3.85,-2.79,-2.16,-1.79,-2.72,-6.95,-14.73,-21.35,-23.53,-21.17,-13.54,-7.48,-12.68,-22.43,-25.46,-26.88,-27.28,-27.46,-27.97,-28.04,-28.35,-28.46,-28.69,-28.63,-28.91,-29.33,-29.58,-29.93,-30.33,-30.39,-30.50,-30.98,-31.21,-31.38,-31.79,-31.93,-31.91,-32.26,-31.95,-31.93,-32.14,-32.36,-32.12,-32.32,-32.43,-33.01,-33.56,-33.24,-32.59,-32.39,-32.67,-32.77,-32.71,-32.67,-32.43,-32.53,-32.85,-32.97,-32.81,-32.49,-32.51,-32.04,-32.36,-32.10,-32.47,-32.45,-32.39,-32.26,-31.96,-32.14,-32.49,-32.14,-32.18,-32.10,-32.04,-32.14,-32.47,-32.63,-32.65,-32.39,-32.28,-32.22,-31.83,-31.44,-31.71,-31.79,-31.85,-31.91,-31.77,-31.40,-31.06,-31.08,-31.06
0.03,0.14,0.31,0.40,0.34,0.28,0.30,0.20,0.26,0.23,0.18,0.53,0.13,0.23,0.16,0.20,0.23,0.08,0.09,0.23,0.03,-0.08,-0.07,-0.16,-0.29,-0.23,-0.29,-0.42,-0.39,-0.27,-0.29,-0.42,-0.48,-0.51,-0.44,-0.61,-0.47,-0.62,-0.66,-0.64,-0.62,-0.56,-0.63,-0.92,-0.94,-0.73,-0.83,-0.96,-0.89,-0.72,-0.93,-1.14,-1.40,-1.80,-2.59,-4.18,-5.89,-6.94,-7.80,-8.01,-7.75,-7.50,-7.74,-7.90,-7.29,-5.68,-3.87,-3.08,-2.95,-2.62,-2.08,-2.73,-5.06,-9.10,-12.79,-14.34,-13.38,-8.70,-4.37,-7.81,-14.52,-17.06,-18.36,-18.74,-19.22,-20.12,-20.58,-20.95,-21.33,-21.56,-21.89,-22.31,-22.97,-23.51,-24.02,-24.51,-24.73,-25.13,-25.78,-26.31,-26.81,-27.15,-27.70,-27.91,-28.48,-28.02,-28.10,-28.76,-29.22,-29.26,-29.58,-29.65,-30.60,-31.00,-30.60,-30.67,-30.46,-30.41,-31.02,-30.94,-31.15,-30.88,-31.11,-31.31,-31.40,-31.38,-31.31,-31.17,-30.81,-31.13,-30.79,-30.98,-31.15,-31.29,-31.38,-31.50,-31.62,-32.18,-31.63,-31.71,-31.71,-31.63,-31.65,-32.00,-32.22,-31.83,-31.73,-31.58,-31.48,-31.44,-31.21,-31.50,-31.31,-31.34,-31.29,-30.94,-30.88,-30.54,-30.69,-30.60
0.02,0.05,0.16,0.40,0.51,0.20,0.50,0.31,0.09,-0.06,0.00,0.42,0.04,0.32,0.30,0.18,0.15,0.08,0.10,0.16,0.10,0.00,0.00,-0.07,-0.32,-0.20,-0.24,-0.39,-0.36,-0.17,-0.18,-0.43,-0.62,-0.63,-0.66,-0.77,-0.89,-0.77,-0.58,-0.54,-0.63,-0.66,-0.62,-0.72,-0.89,-0.84,-0.74,-0.93,-0.78,-0.77,-1.08,-1.02,-0.82,-0.94,-1.23,-1.78,-2.70,-3.50,-4.22,-4.27,-4.41,-3.87,-4.07,-4.05,-4.35,-4.03,-3.46,-3.36,-3.19,-2.74,-2.67,-3.05,-3.58,-4.74,-5.79,-6.16,-5.75,-3.62,-1.47,-2.53,-5.81,-7.47,-8.11,-8.50,-9.03,-9.02,-10.25,-10.52,-11.30,-11.71,-12.01,-12.94,-13.73,-14.25,-14.90,-15.50,-15.99,-16.54,-17.11,-17.72,-18.25,-18.84,-19.88,-20.04,-20.27,-20.37,-21.00,-21.50,-22.29,-22.58,-23.10,-23.58,-24.57,-25.11,-25.24,-25.43,-25.87,-26.56,-26.85,-27.35,-27.50,-27.53,-27.91,-28.23,-28.19,-28.17,-28.24,-27.93,-27.95,-28.48,-27.95,-28.15,-29.02,-29.24,-29.48,-30.09,-30.65,-31.38,-31.08,-31.46,-31.71,-31.31,-31.15,-31.38,-31.58,-30.88,-31.15,-31.15,-31.11,-31.04,-30.75,-30.65,-30.56,-31.25,-31.17,-30.31,-30.31,-30.18,-30.43,-30.20
0.05,0.02,0.03,0.15,0.40,0.23,0.42,0.29,0.13,0.03,-0.01,0.30,0.31,0.32,0.28,0.23,0.23,0.11,0.11,0.21,0.16,0.11,0.10,-0.01,-0.29,-0.31,-0.05,-0.21,-0.32,-0.21,-0.12,-0.23,-0.36,-0.39,-0.47,-0.53,-0.68,-0.71,-0.58,-0.52,-0.56,-0.58,-0.63,-0.67,-0.84,-0.96,-0.86,-0.94,-0.87,-0.86,-1.06,-1.04,-0.77,-0.66,-0.79,-0.96,-1.35,-1.97,-2.55,-2.51,-3.09,-2.68,-2.86,-2.82,-3.06,-2.95,-2.83,-3.26,-2.96,-2.78,-2.74,-2.94,-3.21,-3.50,-3.66,-3.55,-3.09,-1.76,-0.58,-1.18,-2.91,-3.49,-3.65,-3.94,-4.20,-3.96,-4.60,-4.69,-4.77,-5.20,-5.14,-5.84,-6.07,-6.48,-6.79,-7.06,-7.54,-7.88,-8.27,-8.92,-9.40,-10.22,-11.20,-11.28,-11.35,-11.79,-12.41,-12.85,-13.59,-13.81,-14.30,-14.82,-15.65,-16.28,-16.48,-16.63,-17.13,-17.92,-18.93,-19.56,-20.02,-20.97,-21.07,-21.56,-21.96,-22.26,-22.39,-22.31,-22.56,-23.15,-22.97,-23.34,-24.26,-24.70,-26.13,-28.06,-29.22,-30.39,-30.46,-31.00,-30.85,-30.73,-30.56,-30.64,-30.98,-30.20,-30.54,-30.69,-30.73,-30.58,-30.26,-30.41,-30.46,-30.77,-30.62,-30.35,-30.14,-29.20,-29.30,-29.62
0.20,0.09,0.15,0.37,0.41,0.31,0.24,0.25,0.19,0.08,0.00,0.16,0.21,0.28,0.24,0.26,0.45,0.24,0.11,0.13,0.02,-0.02,0.08,-0.03,-0.18,-0.33,-0.16,-0.24,-0.34,-0.22,-0.16,-0.32,-0.39,-0.53,-0.42,-0.57,-0.76,-0.78,-0.61,-0.48,-0.42,-0.43,-0.57,-0.67,-0.87,-0.88,-0.83,-1.03,-0.97,-0.84,-0.92,-0.83,-0.79,-0.77,-0.49,-0.49,-0.89,-0.81,-1.04,-1.60,-2.05,-2.08,-2.33,-2.10,-2.49,-2.70,-2.81,-3.24,-3.19,-3.23,-3.37,-3.32,-3.00,-2.54,-2.47,-2.53,-2.09,-1.32,-0.37,-0.51,-1.45,-2.32,-2.53,-2.65,-2.62,-2.65,-2.88,-2.77,-2.73,-2.91,-2.77,-2.83,-3.15,-3.58,-3.74,-3.58,-3.79,-4.01,-4.30,-4.79,-4.89,-5.12,-5.72,-5.69,-5.83,-5.88,-6.11,-6.80,-7.29,-7.29,-7.47,-7.97,-8.56,-9.20,-9.35,-9.37,-9.76,-9.87,-10.39,-10.76,-11.48,-12.12,-12.44,-12.59,-13.29,-13.93,-14.30,-14.67,-15.09,-15.73,-15.99,-16.31,-17.05,-17.88,-20.58,-23.87,-26.45,-28.72,-29.39,-29.88,-30.07,-29.93,-30.12,-30.50,-30.52,-29.77,-29.75,-29.92,-30.05,-29.93,-29.80,-30.03,-29.84,-30.05,-30.09,-29.99,-29.78,-29.15,-28.70,-29.13
-0.05,-0.01,0.03,0.16,0.26,0.11,0.23,0.23,0.19,0.16,-0.06,0.24,0.15,0.15,0.18,0.20,0.50,0.40,0.28,0.05,-0.12,-0.03,0.18,0.08,0.02,-0.12,-0.20,-0.34,-0.36,-0.15,-0.06,-0.36,-0.44,-0.73,-0.58,-0.58,-0.84,-0.73,-0.53,-0.39,-0.33,-0.34,-0.52,-0.76,-0.94,-0.77,-0.76,-0.66,-0.92,-0.96,-0.83,-0.77,-0.71,-0.61,-0.76,-1.09,-1.06,-0.91,-0.87,-0.99,-1.47,-1.94,-2.36,-2.32,-2.64,-2.85,-2.96,-3.22,-3.27,-3.30,-3.21,-3.04,-2.82,-2.55,-2.46,-2.44,-2.23,-1.67,-0.64,-0.29,-1.16,-2.18,-2.27,-2.21,-2.33,-2.31,-2.67,-2.46,-2.26,-2.37,-2.32,-2.65,-2.97,-3.10,-3.21,-3.06,-3.21,-3.28,-3.49,-3.72,-3.53,-3.93,-4.26,-4.13,-4.20,-4.18,-4.20,-4.60,-4.93,-4.61,-4.40,-4.74,-5.28,-5.57,-5.52,-5.44,-5.45,-5.63,-5.88,-6.03,-6.32,-6.79,-6.83,-6.95,-7.13,-7.37,-7.62,-7.82,-8.26,-8.70,-8.99,-9.31,-10.20,-11.29,-14.08,-17.73,-21.51,-24.97,-27.06,-28.54,-28.89,-29.15,-29.33,-29.41,-29.47,-29.45,-29.24,-29.35,-29.28,-29.24,-29.28,-29.39,-29.07,-29.35,-29.37,-29.22,-29.09,-28.63,-28.54,-28.26
0.02,0.23,0.37,0.40,0.44,0.50,0.40,0.44,0.40,0.15,-0.06,0.28,0.24,0.15,0.16,0.11,0.26,0.28,0.24,0.18,0.07,-0.06,-0.16,-0.08,-0.28,-0.15,-0.13,-0.31,-0.42,-0.34,-0.28,-0.41,-0.38,-0.56,-0.71,-0.67,-0.73,-0.56,-0.43,-0.46,-0.42,-0.43,-0.49,-0.68,-0.89,-0.83,-0.82,-0.87,-0.91,-0.88,-0.92,-0.96,-0.94,-0.81,-0.69,-0.89,-1.07,-1.04,-0.96,-0.86,-1.16,-1.55,-1.94,-2.16,-2.58,-2.78,-3.26,-3.23,-3.31,-3.26,-3.31,-3.26,-3.03,-2.88,-2.99,-3.03,-2.86,-2.55,-1.78,-1.36,-1.71,-2.26,-2.47,-2.42,-2.76,-2.68,-2.90,-2.72,-2.40,-2.79,-2.74,-2.85,-3.24,-3.21,-3.58,-3.58,-3.45,-3.37,-3.41,-3.53,-3.57,-3.83,-3.85,-3.85,-3.97,-4.20,-4.17,-3.87,-4.22,-3.94,-3.70,-3.84,-4.35,-4.22,-4.15,-4.02,-3.87,-3.98,-4.01,-4.24,-4.27,-4.41,-4.61,-4.27,-4.26,-4.36,-4.36,-4.28,-4.37,-4.53,-4.56,-4.96,-5.85,-6.66,-8.74,-11.82,-15.47,-19.40,-22.87,-25.76,-27.28,-27.90,-28.32,-28.74,-28.91,-28.56,-28.83,-28.81,-28.78,-28.63,-28.61,-28.70,-28.67,-28.83,-28.67,-28.54,-28.28,-27.62,-28.08,-27.84
0.05,0.05,0.26,0.52,0.49,0.34,0.32,0.35,0.32,0.08,0.02,0.23,0.23,0.24,0.24,0.16,0.15,0.04,-0.07,-0.13,-0.15,-0.16,-0.22,-0.10,-0.24,-0.44,-0.24,-0.28,-0.52,-0.58,-0.44,-0.48,-0.37,-0.26,-0.57,-0.74,-0.76,-0.61,-0.54,-0.61,-0.61,-0.58,-0.79,-0.68,-0.84,-0.74,-0.72,-0.64,-0.66,-0.64,-0.86,-1.08,-1.16,-1.17,-1.03,-0.98,-1.16,-1.03,-0.88,-0.87,-0.88,-0.93,-1.23,-1.67,-2.49,-2.63,-3.13,-3.24,-3.55,-3.66,-3.67,-3.77,-3.74,-3.61,-3.72,-3.93,-3.92,-3.62,-3.01,-2.67,-2.46,-2.87,-2.85,-3.21,-3.52,-3.33,-3.62,-3.43,-3.22,-3.36,-3.13,-3.15,-3.50,-3.54,-3.80,-3.93,-3.89,-3.79,-3.79,-3.67,-3.62,-4.03,-4.28,-4.05,-4.17,-3.93,-4.13,-3.98,-4.10,-4.00,-3.92,-3.97,-4.09,-3.98,-3.96,-3.80,-3.67,-3.75,-3.62,-3.72,-3.67,-3.72,-3.46,-3.19,-3.08,-2.95,-2.70,-2.67,-2.82,-2.49,-2.62,-2.63,-3.52,-4.00,-5.47,-7.54,-10.17,-13.50,-17.36,-21.30,-24.23,-25.48,-26.65,-27.71,-28.13,-27.68,-27.90,-28.65,-28.21,-28.02,-28.02,-27.93,-28.39,-28.39,-28.13,-27.93,-27.59,-27.12,-27.59,-27.42
0.14,0.15,0.21,0.51,0.46,0.25,0.21,0.23,0.15,0.05,-0.02,0.24,0.20,0.16,0.26,0.00,0.31,0.13,0.09,0.04,-0.11,-0.20,-0.27,-0.26,-0.23,-0.39,-0.41,-0.39,-0.53,-0.63,-0.46,-0.57,-0.42,-0.31,-0.36,-0.59,-0.77,-0.72,-0.59,-0.58,-0.63,-0.64,-0.62,-0.67,-1.16,-0.79,-0.72,-0.49,-0.62,-0.79,-0.96,-0.96,-0.97,-1.04,-0.87,-1.14,-1.06,-0.99,-0.78,-0.91,-0.93,-0.86,-0.74,-0.98,-1.71,-2.02,-2.28,-2.73,-3.41,-3.89,-4.00,-4.09,-4.19,-4.19,-4.33,-4.56,-4.53,-4.37,-4.03,-3.66,-3.48,-3.62,-3.46,-3.76,-4.01,-3.72,-3.98,-3.94,-3.71,-3.74,-3.70,-3.70,-3.84,-3.79,-3.98,-4.03,-4.01,-4.05,-4.06,-4.03,-4.13,-4.30,-4.31,-4.13,-4.07,-4.15,-4.11,-3.87,-4.22,-4.01,-4.27,-4.19,-4.27,-4.15,-4.02,-3.77,-3.72,-3.77,-3.58,-3.62,-3.49,-3.57,-3.10,-2.95,-2.95,-2.88,-2.70,-2.59,-2.45,-2.16,-2.02,-2.04,-2.64,-2.64,-3.44,-4.81,-6.49,-8.80,-11.95,-15.65,-19.33,-21.66,-24.25,-25.92,-26.65,-27.10,-27.41,-27.62,-27.37,-27.32,-27.33,-27.35,-27.46,-27.97,-27.62,-27.32,-26.99,-26.76,-27.05,-26.87
0.00,0.09,0.11,0.34,0.40,0.34,0.29,0.26,0.26,0.14,-0.13,0.11,0.23,0.24,0.30,-0.07,0.16,0.04,-0.05,-0.05,-0.02,-0.08,-0.33,-0.34,-0.39,-0.26,-0.47,-0.58,-0.51,-0.56,-0.48,-0.62,-0.44,-0.56,-0.56,-0.52,-0.69,-0.81,-0.72,-0.69,-0.76,-0.72,-0.69,-0.72,-0.59,-0.52,-0.59,-0.58,-0.67,-0.87,-0.86,-0.74,-0.83,-0.91,-0.84,-1.08,-1.06,-0.97,-0.81,-1.03,-0.86,-0.78,-0.82,-0.81,-0.98,-1.21,-1.30,-1.91,-2.67,-3.40,-3.85,-4.14,-4.26,-4.30,-4.57,-4.82,-4.71,-4.69,-4.56,-4.11,-4.06,-4.06,-4.10,-4.07,-4.30,-3.97,-4.10,-4.22,-4.17,-4.10,-4.19,-4.01,-4.15,-4.13,-4.13,-4.20,-4.20,-4.10,-4.23,-4.37,-4.37,-4.37,-4.28,-4.30,-4.28,-4.32,-4.45,-4.31,-4.39,-4.35,-4.48,-4.19,-4.36,-4.23,-3.97,-3.75,-3.75,-3.76,-3.59,-3.66,-3.50,-3.52,-3.18,-3.22,-3.01,-2.92,-2.85,-2.64,-2.54,-2.50,-2.23,-2.47,-2.44,-2.55,-2.96,-3.43,-4.37,-5.87,-7.74,-10.31,-13.57,-16.49,-20.12,-22.61,-24.51,-25.99,-26.60,-26.87,-26.87,-26.94,-26.87,-26.69,-26.76,-27.66,-27.15,-26.63,-26.17,-25.99,-26.37,-26.22
-0.12,0.02,0.18,0.32,0.40,0.32,0.32,0.29,0.00,0.04,0.26,0.24,-0.01,-0.17,0.09,-0.18,0.07,-0.01,-0.15,-0.21,-0.12,-0.08,-0.38,-0.37,-0.52,-0.36,-0.47,-0.64,-0.57,-0.64,-0.53,-0.61,-0.58,-0.76,-0.73,-0.61,-0.71,-0.81,-0.68,-0.56,-0.61,-0.81,-0.67,-0.83,-0.77,-0.71,-0.83,-0.81,-0.73,-0.83,-0.81,-0.76,-0.86,-0.88,-0.87,-0.88,-1.02,-0.88,-0.79,-1.02,-0.82,-0.84,-0.99,-0.98,-0.92,-0.89,-0.81,-1.21,-1.80,-2.51,-3.14,-3.80,-4.23,-4.32,-4.69,-4.95,-4.93,-4.89,-4.75,-4.36,-4.19,-4.32,-4.44,-4.39,-4.50,-4.41,-4.28,-4.36,-4.50,-4.39,-4.40,-4.24,-4.30,-4.35,-4.41,-4.41,-4.35,-4.36,-4.52,-4.47,-4.32,-4.40,-4.40,-4.33,-4.37,-4.49,-4.54,-4.40,-4.41,-4.28,-4.60,-4.58,-4.43,-4.26,-4.22,-4.06,-4.10,-4.17,-4.00,-3.87,-3.70,-3.63,-3.59,-3.67,-3.19,-3.08,-3.06,-2.81,-2.72,-2.83,-2.58,-2.50,-2.68,-2.88,-3.03,-2.94,-3.14,-4.05,-5.36,-6.75,-8.72,-11.06,-14.52,-17.70,-20.71,-23.25,-24.83,-25.75,-25.94,-25.96,-25.78,-25.66,-25.90,-26.79,-26.22,-26.03,-25.55,-25.24,-25.52,-25.64
-0.10,0.04,0.29,0.55,0.47,0.25,0.09,0.08,0.03,0.00,0.00,-0.06,-0.16,-0.15,0.18,-0.05,0.05,0.09,-0.07,-0.22,-0.15,-0.15,-0.33,-0.29,-0.43,-0.44,-0.49,-0.62,-0.77,-0.77,-0.59,-0.66,-0.71,-0.89,-0.73,-0.67,-0.94,-1.06,-0.83,-0.84,-0.94,-0.79,-0.53,-0.73,-0.87,-0.94,-0.98,-0.91,-0.83,-0.83,-0.84,-0.84,-0.91,-0.87,-0.86,-0.81,-0.96,-0.89,-0.91,-1.09,-0.97,-1.03,-1.07,-1.11,-1.21,-1.09,-0.99,-0.99,-1.24,-1.69,-2.21,-2.96,-3.83,-4.41,-4.75,-4.99,-5.10,-5.02,-4.93,-4.79,-4.47,-4.66,-4.49,-4.58,-4.65,-4.77,-4.53,-4.50,-4.64,-4.50,-4.44,-4.40,-4.47,-4.45,-4.50,-4.44,-4.45,-4.56,-4.60,-4.47,-4.43,-4.48,-4.37,-4.45,-4.36,-4.32,-4.54,-4.27,-4.39,-4.47,-4.41,-4.64,-4.58,-4.48,-4.77,-4.68,-4.50,-4.45,-4.35,-4.23,-3.93,-3.93,-4.15,-4.02,-3.63,-3.54,-3.58,-3.28,-3.21,-3.35,-3.10,-2.85,-2.73,-2.87,-2.97,-2.95,-2.85,-3.10,-3.85,-4.81,-5.88,-7.25,-9.54,-12.39,-15.52,-18.62,-21.40,-23.24,-24.35,-24.64,-24.78,-24.83,-24.83,-25.03,-24.73,-24.75,-24.89,-25.03,-25.06,-25.29
0.02,0.05,-0.07,0.31,0.16,0.08,0.09,0.03,0.24,0.02,0.08,0.09,0.02,-0.01,0.04,0.09,0.03,0.05,-0.02,-0.13,0.02,-0.11,-0.26,-0.21,-0.26,-0.24,-0.37,-0.66,-0.72,-0.83,-0.63,-0.48,-0.76,-0.76,-0.68,-0.88,-1.01,-0.91,-0.86,-0.91,-0.99,-0.83,-0.62,-0.77,-0.97,-0.98,-0.92,-0.86,-0.86,-0.92,-0.94,-0.93,-0.92,-0.83,-0.81,-0.86,-0.89,-0.94,-1.03,-1.27,-0.99,-1.06,-1.18,-1.19,-1.32,-1.24,-1.31,-1.23,-1.04,-1.14,-1.48,-1.99,-2.90,-3.88,-4.45,-4.85,-5.07,-4.93,-5.00,-5.04,-4.75,-4.94,-4.48,-4.68,-4.77,-4.79,-4.81,-4.49,-4.64,-4.52,-4.54,-4.52,-4.57,-4.52,-4.50,-4.40,-4.50,-4.56,-4.58,-4.47,-4.37,-4.44,-4.41,-4.43,-4.31,-4.26,-4.41,-4.45,-4.69,-4.57,-4.74,-4.75,-4.58,-4.61,-4.73,-4.44,-4.31,-4.40,-4.53,-4.56,-4.19,-4.28,-4.37,-4.24,-4.07,-3.97,-4.02,-3.83,-3.74,-3.76,-3.65,-3.49,-3.31,-3.08,-3.09,-2.91,-3.06,-3.26,-3.43,-3.80,-4.37,-5.06,-6.63,-8.51,-10.56,-13.34,-16.65,-19.40,-21.56,-22.50,-23.34,-23.71,-23.68,-23.71,-22.87,-22.73,-23.56,-24.30,-24.35,-24.13
-0.11,0.00,-0.06,0.52,0.37,0.09,0.09,0.16,0.18,0.09,0.08,0.08,-0.01,-0.11,-0.17,0.15,0.04,0.00,0.00,-0.03,0.11,-0.03,-0.17,-0.29,-0.32,-0.39,-0.48,-0.47,-0.37,-0.42,-0.49,-0.43,-0.42,-0.44,-0.58,-0.83,-0.97,-0.84,-0.74,-0.96,-0.83,-0.88,-0.83,-0.91,-0.89,-0.89,-0.86,-0.74,-0.78,-0.94,-0.98,-0.93,-0.94,-0.87,-0.78,-0.84,-0.82,-0.86,-0.92,-1.18,-1.03,-1.09,-1.21,-1.14,-1.28,-1.23,-1.30,-1.21,-1.13,-1.19,-1.03,-1.33,-2.32,-3.23,-4.06,-4.66,-4.86,-4.86,-5.03,-4.95,-4.83,-4.99,-4.60,-4.60,-4.79,-4.70,-4.83,-4.27,-4.57,-4.48,-4.61,-4.70,-4.53,-4.53,-4.65,-4.48,-4.49,-4.53,-4.50,-4.45,-4.43,-4.48,-4.48,-4.45,-4.44,-4.44,-4.49,-4.62,-4.71,-4.75,-4.86,-4.90,-4.50,-4.49,-4.79,-4.73,-4.61,-4.57,-4.49,-4.48,-4.50,-4.53,-4.45,-4.43,-4.35,-4.10,-4.14,-4.13,-4.02,-4.00,-3.98,-3.84,-3.63,-3.32,-3.12,-3.12,-3.24,-3.30,-3.28,-3.37,-3.65,-4.02,-4.99,-6.07,-7.43,-9.41,-12.02,-14.88,-17.42,-19.20,-20.90,-21.88,-22.24,-22.14,-20.59,-20.11,-21.78,-23.36,-23.77,-23.42
-0.06,-0.03,-0.15,0.19,0.31,0.26,0.25,0.13,0.09,0.14,0.10,0.10,0.10,-0.03,-0.22,0.24,0.25,0.16,0.19,0.10,-0.13,0.14,0.05,-0.22,-0.21,-0.10,-0.15,-0.27,-0.44,-0.24,-0.49,-0.59,-0.49,-0.33,-0.43,-0.66,-0.61,-0.44,-0.68,-0.98,-0.83,-0.92,-0.88,-0.92,-0.82,-0.86,-0.87,-0.78,-0.76,-0.89,-0.96,-0.91,-1.01,-0.99,-0.93,-0.81,-0.77,-0.84,-0.89,-1.22,-1.23,-1.22,-1.21,-1.22,-1.24,-1.33,-1.26,-1.19,-1.13,-1.22,-1.13,-1.35,-2.16,-2.78,-3.30,-4.11,-4.74,-4.83,-5.03,-4.83,-4.64,-4.86,-4.79,-4.56,-4.75,-4.70,-4.69,-4.31,-4.66,-4.39,-4.44,-4.60,-4.47,-4.48,-4.62,-4.35,-4.32,-4.40,-4.36,-4.35,-4.41,-4.41,-4.44,-4.50,-4.39,-4.40,-4.49,-4.49,-4.50,-4.65,-4.83,-4.77,-4.56,-4.48,-4.49,-4.32,-4.47,-4.62,-4.56,-4.48,-4.36,-4.24,-4.26,-4.53,-4.57,-4.32,-4.36,-4.28,-4.20,-4.20,-4.11,-3.92,-3.76,-3.68,-3.43,-3.55,-3.49,-3.35,-3.28,-3.37,-3.65,-3.90,-4.41,-4.94,-5.87,-7.09,-8.56,-10.44,-12.75,-14.94,-17.30,-19.08,-20.11,-20.01,-17.30,-17.27,-19.85,-21.99,-22.76,-22.50
-0.03,0.13,0.02,0.16,0.25,0.19,0.05,0.07,-0.01,0.10,0.21,0.25,0.28,0.20,-0.02,0.37,0.52,0.36,0.16,0.15,0.14,0.08,0.08,-0.01,-0.20,-0.29,-0.29,-0.37,-0.34,-0.29,-0.33,-0.31,-0.42,-0.51,-0.48,-0.53,-0.59,-0.49,-0.57,-0.88,-0.71,-0.84,-0.88,-0.77,-0.72,-0.86,-0.87,-0.88,-0.88,-0.84,-0.98,-0.97,-1.03,-1.17,-1.08,-0.73,-0.92,-0.76,-0.83,-1.02,-1.08,-1.18,-1.24,-1.11,-1.36,-1.27,-1.02,-1.08,-1.04,-1.06,-1.30,-1.31,-1.47,-2.08,-2.64,-3.14,-4.05,-4.61,-4.64,-4.45,-4.49,-4.93,-4.74,-4.65,-4.47,-4.65,-4.61,-4.32,-4.54,-4.31,-4.45,-4.37,-4.31,-4.48,-4.39,-4.10,-4.10,-4.28,-4.35,-4.27,-4.26,-4.31,-4.41,-4.41,-4.22,-4.32,-4.44,-4.41,-4.48,-4.40,-4.79,-4.52,-4.48,-4.35,-4.56,-4.44,-4.49,-4.48,-4.31,-4.36,-4.57,-4.43,-4.26,-4.41,-4.49,-4.27,-4.37,-4.32,-4.35,-4.28,-4.13,-4.09,-4.00,-3.90,-3.93,-3.94,-3.97,-3.75,-3.65,-3.68,-3.66,-3.59,-4.17,-4.66,-4.94,-5.61,-6.58,-7.60,-9.12,-10.71,-13.06,-15.14,-16.74,-17.06,-14.57,-14.60,-17.80,-20.63,-21.88,-21.61
0.05,0.05,0.00,0.25,0.36,0.25,0.11,0.30,0.30,0.46,0.56,0.58,0.57,0.41,0.45,0.67,0.71,0.57,0.41,0.34,0.49,0.08,0.10,0.15,0.05,-0.01,0.09,-0.02,-0.17,0.03,-0.10,-0.17,-0.23,-0.27,-0.34,-0.47,-0.64,-0.71,-0.56,-0.81,-0.56,-0.61,-0.87,-0.73,-0.64,-0.81,-0.88,-0.92,-0.97,-0.86,-0.93,-1.08,-0.98,-0.84,-0.96,-0.78,-0.94,-1.09,-1.06,-1.08,-0.79,-1.03,-1.17,-1.06,-1.06,-1.18,-1.13,-1.09,-1.02,-1.01,-1.22,-1.57,-1.99,-2.32,-2.54,-2.62,-3.13,-3.88,-4.45,-4.30,-4.31,-4.77,-4.71,-4.82,-4.40,-4.68,-4.54,-4.43,-4.32,-4.10,-4.17,-4.45,-4.41,-4.39,-4.32,-4.31,-4.37,-4.53,-4.44,-4.40,-4.40,-4.43,-4.43,-4.31,-4.23,-4.31,-4.36,-4.41,-4.54,-4.31,-4.75,-4.26,-4.41,-4.26,-4.62,-4.52,-4.41,-4.40,-4.35,-4.49,-4.79,-4.61,-4.22,-4.31,-4.45,-4.32,-4.50,-4.32,-4.35,-4.19,-4.05,-4.14,-4.10,-3.93,-4.15,-3.98,-4.15,-4.06,-4.01,-4.02,-3.93,-3.88,-4.40,-4.41,-4.64,-4.98,-5.59,-6.36,-6.82,-7.81,-8.98,-10.51,-12.36,-13.53,-12.72,-12.55,-16.13,-19.46,-21.02,-20.84
-0.16,-0.05,-0.01,0.09,0.16,0.18,0.20,0.44,0.80,1.10,1.16,1.10,1.23,1.25,1.25,1.45,1.44,1.36,1.56,1.33,1.62,0.73,0.74,0.99,0.93,0.69,0.68,0.71,0.31,0.67,0.72,0.52,0.66,0.52,0.40,0.30,-0.10,-0.31,-0.56,-0.76,-0.59,-0.39,-0.79,-0.84,-0.86,-0.91,-0.96,-1.07,-1.12,-1.07,-1.02,-1.11,-1.07,-0.94,-0.91,-0.96,-0.76,-0.79,-0.93,-0.93,-0.92,-0.88,-0.97,-0.96,-1.04,-1.06,-1.03,-1.19,-1.12,-1.01,-1.19,-1.33,-1.56,-2.10,-2.55,-2.68,-2.77,-2.96,-3.49,-3.83,-4.19,-4.66,-4.32,-4.47,-4.35,-4.35,-4.44,-4.40,-4.39,-4.24,-4.43,-4.19,-4.09,-4.10,-4.05,-4.22,-4.20,-4.31,-4.28,-4.33,-4.33,-4.26,-4.27,-4.28,-4.24,-4.14,-4.22,-4.37,-4.52,-4.31,-4.68,-4.40,-4.57,-4.44,-4.60,-4.54,-4.54,-4.49,-4.33,-4.26,-4.36,-4.44,-4.17,-4.35,-4.40,-4.15,-4.50,-4.45,-4.28,-4.13,-4.07,-4.02,-3.90,-4.05,-3.98,-3.94,-4.00,-4.03,-4.06,-4.13,-4.19,-4.15,-4.30,-4.24,-4.39,-4.56,-4.91,-5.35,-5.71,-6.20,-7.06,-7.75,-8.92,-10.04,-10.42,-11.05,-14.76,-18.05,-19.62,-19.69
-0.10,-0.11,-0.10,-0.08,-0.01,0.09,0.21,0.40,1.17,1.64,1.79,1.87,1.89,2.28,2.26,2.19,2.17,2.29,2.51,2.55,2.55,2.10,1.99,2.03,1.99,1.85,1.77,1.90,1.37,1.65,1.70,1.61,1.68,1.48,1.39,1.50,0.94,0.61,-0.31,-0.72,-0.62,-0.39,-0.71,-0.98,-1.07,-1.06,-0.94,-0.99,-1.09,-1.01,-1.02,-0.89,-1.01,-1.12,-0.99,-1.06,-1.01,-1.02,-1.02,-0.98,-0.76,-0.74,-1.17,-0.99,-0.83,-0.93,-1.12,-1.22,-1.17,-1.17,-1.16,-1.22,-1.69,-2.13,-2.33,-2.62,-2.79,-3.14,-3.72,-4.09,-4.31,-4.48,-4.44,-4.60,-4.57,-4.64,-4.47,-4.60,-4.31,-4.13,-4.19,-4.14,-4.23,-4.13,-4.05,-4.27,-4.18,-4.37,-4.37,-4.31,-4.31,-4.23,-4.26,-4.28,-4.22,-4.19,-4.20,-4.28,-4.52,-4.28,-4.56,-4.64,-4.66,-4.60,-4.56,-4.60,-4.48,-4.41,-4.45,-4.52,-4.60,-4.45,-4.24,-4.27,-4.23,-4.18,-4.56,-4.39,-4.53,-4.40,-4.20,-4.14,-4.03,-3.97,-3.88,-3.98,-3.88,-3.94,-3.97,-4.09,-4.20,-4.13,-4.22,-4.15,-4.39,-4.48,-4.61,-4.93,-5.40,-5.56,-5.48,-5.81,-6.49,-7.28,-8.07,-9.15,-12.84,-15.94,-17.52,-18.05
0.00,-0.15,-0.21,-0.10,0.05,0.15,0.32,0.53,1.61,2.36,2.53,2.52,2.63,3.26,3.00,2.79,3.01,3.33,3.14,2.87,3.44,3.08,2.84,2.90,2.82,2.54,2.63,2.57,2.38,2.63,2.47,2.38,2.47,2.42,2.38,2.32,1.70,1.36,0.19,-0.54,-0.71,-0.47,-0.63,-0.97,-1.03,-0.96,-1.04,-1.03,-0.86,-0.96,-1.13,-1.08,-1.12,-1.30,-1.42,-1.14,-1.21,-1.43,-1.01,-1.12,-0.99,-0.92,-0.91,-0.93,-1.11,-1.11,-1.01,-1.04,-1.17,-1.24,-1.21,-1.08,-1.16,-1.50,-1.51,-1.81,-2.82,-3.89,-4.41,-4.39,-4.27,-4.49,-4.36,-4.37,-4.13,-4.32,-4.09,-4.24,-4.15,-4.05,-4.05,-3.98,-3.89,-4.01,-3.89,-4.01,-4.00,-4.20,-4.09,-4.11,-4.15,-4.24,-4.39,-4.27,-4.09,-4.09,-4.18,-4.17,-4.35,-4.31,-4.48,-4.60,-4.47,-4.45,-4.54,-4.45,-4.35,-4.20,-4.32,-4.43,-4.49,-4.57,-4.33,-4.41,-4.30,-4.58,-4.62,-4.37,-4.40,-4.41,-4.26,-4.19,-4.20,-3.87,-3.76,-3.70,-3.83,-3.97,-4.01,-4.13,-4.22,-4.19,-4.17,-4.14,-4.33,-4.24,-4.33,-4.57,-4.66,-4.78,-4.83,-5.03,-5.60,-6.11,-6.33,-7.41,-10.52,-13.22,-14.90,-16.03
-0.01,-0.06,-0.15,-0.05,0.15,0.19,0.29,0.63,1.68,2.65,3.10,3.22,3.51,3.43,3.50,3.41,3.38,3.65,3.84,3.44,3.69,3.59,3.47,3.45,3.37,3.18,3.13,2.96,2.95,3.28,2.98,2.76,2.93,3.04,2.96,2.76,1.93,1.76,0.74,-0.03,-0.57,-0.32,-0.68,-1.08,-1.09,-1.01,-0.94,-0.86,-0.98,-1.16,-1.13,-0.87,-0.97,-1.03,-0.88,-1.01,-1.09,-1.28,-1.11,-1.11,-1.08,-1.26,-1.19,-1.06,-1.09,-1.12,-1.11,-1.18,-1.18,-1.26,-1.38,-1.22,-0.97,-1.07,-1.91,-3.27,-4.14,-4.66,-4.71,-4.48,-4.47,-4.48,-4.32,-4.41,-4.33,-4.47,-4.24,-3.88,-3.77,-3.97,-4.05,-3.98,-3.67,-3.84,-4.02,-4.10,-4.13,-4.13,-4.19,-4.18,-4.19,-4.27,-4.23,-4.15,-4.14,-4.19,-4.20,-4.11,-4.09,-4.36,-4.50,-4.54,-4.27,-4.26,-4.49,-4.24,-4.27,-4.13,-4.22,-4.26,-4.39,-4.56,-4.23,-4.18,-4.19,-3.96,-4.19,-4.23,-4.30,-4.35,-4.10,-4.06,-4.22,-3.94,-3.68,-3.70,-4.01,-4.11,-4.18,-4.22,-4.28,-4.28,-4.11,-4.07,-4.23,-4.14,-4.11,-4.18,-4.36,-4.35,-4.66,-4.77,-5.20,-5.41,-5.39,-5.91,-7.50,-9.63,-11.63,-13.47
0.09,0.10,0.07,0.08,0.15,0.07,0.41,0.92,1.78,2.58,3.08,3.66,3.88,3.66,3.73,3.87,3.89,3.94,3.76,3.82,3.65,3.64,3.60,3.54,3.53,3.49,3.26,3.35,3.22,3.47,3.21,3.00,3.03,3.01,2.82,2.49,2.16,2.19,1.44,0.04,-0.52,-0.43,-0.77,-1.09,-1.03,-0.96,-0.99,-0.94,-1.01,-1.16,-1.01,-0.92,-1.02,-0.98,-1.04,-1.19,-1.12,-1.16,-1.16,-1.19,-1.06,-1.13,-1.24,-1.08,-1.14,-1.23,-1.17,-1.24,-1.26,-1.18,-1.18,-1.18,-1.48,-2.31,-3.41,-4.44,-4.66,-4.60,-4.85,-4.53,-4.47,-4.47,-4.39,-4.47,-4.32,-4.45,-4.50,-4.09,-3.87,-4.13,-3.93,-4.19,-4.00,-3.81,-3.66,-3.93,-4.00,-4.15,-4.10,-3.98,-4.11,-4.19,-4.19,-4.17,-4.01,-4.07,-4.23,-4.14,-4.24,-4.47,-4.48,-4.33,-4.30,-4.20,-4.23,-4.18,-4.07,-4.10,-4.17,-4.03,-4.15,-4.32,-4.03,-4.07,-4.31,-3.98,-4.05,-4.15,-4.07,-4.14,-4.03,-3.92,-3.83,-3.84,-4.07,-3.72,-4.13,-3.89,-4.10,-4.17,-4.10,-4.07,-4.03,-3.97,-4.03,-4.14,-4.06,-4.03,-4.11,-4.13,-4.58,-4.69,-4.82,-4.90,-4.98,-5.36,-6.25,-7.62,-9.16,-10.48
0.21,0.09,0.09,0.18,0.19,0.34,0.28,0.76,1.64,2.47,2.89,3.16,3.72,3.73,3.70,3.73,3.78,3.82,3.69,3.70,3.53,3.62,3.64,3.54,3.54,3.39,3.31,3.40,3.32,3.34,3.14,3.00,3.07,3.01,2.67,2.57,2.30,1.55,0.72,-0.18,-0.61,-0.63,-0.87,-1.14,-1.22,-1.17,-1.07,-1.09,-1.12,-1.09,-1.14,-0.86,-1.13,-1.07,-1.06,-0.99,-0.96,-1.03,-1.04,-1.21,-0.99,-1.03,-1.09,-1.04,-1.13,-1.06,-1.02,-1.18,-1.21,-1.13,-1.21,-1.28,-1.91,-3.40,-4.20,-4.69,-4.83,-4.73,-4.77,-4.48,-4.33,-4.54,-4.47,-4.19,-4.43,-4.33,-4.10,-4.06,-3.74,-3.90,-4.06,-4.07,-4.00,-3.75,-3.53,-3.84,-3.90,-4.06,-3.88,-3.81,-3.85,-3.81,-3.98,-3.98,-3.96,-4.14,-3.97,-3.90,-3.92,-4.30,-4.01,-3.96,-4.24,-3.90,-4.00,-4.05,-3.77,-3.92,-4.01,-3.92,-4.00,-4.10,-3.97,-3.94,-4.14,-4.03,-4.09,-3.94,-4.10,-4.17,-4.02,-4.02,-3.88,-3.59,-3.77,-3.94,-4.00,-3.80,-4.00,-3.92,-3.84,-3.85,-3.90,-3.98,-3.80,-4.01,-4.06,-4.07,-4.05,-3.98,-4.35,-4.40,-4.24,-4.30,-4.52,-4.77,-5.36,-6.32,-6.80,-7.69
-0.23,-0.06,0.19,0.32,0.10,0.09,0.28,0.63,1.49,2.37,2.67,3.04,3.54,3.54,3.47,3.54,3.62,3.52,3.58,3.51,3.47,3.57,3.62,3.54,3.49,3.35,3.47,3.30,3.28,3.39,3.31,3.04,2.83,2.73,2.57,2.36,1.84,1.18,0.67,-0.23,-0.91,-0.74,-0.77,-1.01,-1.13,-1.17,-1.23,-1.24,-1.14,-1.07,-1.26,-1.08,-1.18,-1.22,-0.87,-0.96,-1.17,-1.06,-1.06,-1.17,-1.04,-1.12,-1.11,-1.12,-1.08,-1.04,-1.08,-1.18,-1.19,-1.13,-1.11,-1.16,-1.66,-2.97,-4.03,-4.47,-4.50,-4.44,-4.23,-4.02,-3.72,-3.83,-3.50,-3.39,-3.80,-3.68,-3.46,-3.37,-3.45,-3.35,-3.28,-3.39,-3.58,-3.35,-3.63,-3.48,-3.59,-3.63,-3.52,-3.37,-3.44,-3.61,-3.72,-3.79,-3.76,-3.62,-3.66,-3.72,-3.59,-3.53,-3.46,-3.70,-3.94,-3.71,-3.70,-3.59,-3.31,-3.59,-3.70,-3.80,-3.87,-3.76,-3.65,-3.53,-3.70,-3.62,-3.72,-3.48,-3.80,-3.67,-3.66,-3.85,-3.89,-3.70,-3.43,-3.37,-3.74,-3.72,-3.97,-3.98,-3.77,-3.72,-3.85,-3.80,-3.71,-3.65,-3.79,-3.96,-3.88,-3.65,-4.07,-3.90,-3.81,-3.90,-4.13,-4.49,-4.85,-5.28,-5.49,-5.69
-0.29,-0.10,0.03,-0.02,-0.07,-0.06,0.07,0.44,1.38,2.41,2.36,3.06,3.10,2.96,3.02,3.22,3.35,3.40,3.37,3.37,3.32,3.24,3.19,3.16,3.03,2.90,3.18,3.04,3.16,3.22,3.08,2.84,2.73,2.69,2.45,2.29,1.67,1.43,0.61,-0.28,-0.81,-0.66,-0.66,-0.79,-0.97,-1.23,-1.23,-0.98,-1.03,-0.88,-1.32,-1.18,-1.22,-1.06,-0.88,-1.21,-1.26,-1.21,-1.17,-1.06,-1.08,-1.26,-1.19,-1.12,-1.13,-1.14,-1.21,-1.26,-1.24,-1.13,-1.09,-1.27,-1.51,-2.16,-2.81,-3.04,-2.94,-2.81,-2.76,-2.51,-2.19,-2.13,-2.02,-1.81,-2.22,-2.09,-2.08,-1.91,-1.64,-1.74,-1.78,-1.85,-1.79,-2.08,-2.24,-2.07,-2.00,-1.84,-1.78,-1.70,-1.69,-2.07,-2.32,-2.26,-2.18,-2.17,-2.41,-2.68,-2.49,-2.09,-2.49,-3.08,-2.74,-2.77,-2.53,-2.36,-2.17,-2.72,-2.67,-2.68,-2.77,-2.68,-2.51,-2.54,-2.67,-2.41,-2.59,-2.24,-2.46,-2.39,-2.54,-2.73,-2.65,-2.53,-2.53,-2.18,-2.41,-2.78,-2.78,-2.96,-2.72,-2.74,-3.23,-3.26,-2.79,-2.90,-3.13,-3.21,-3.05,-2.97,-3.37,-3.01,-3.21,-3.33,-3.44,-3.65,-4.05,-4.27,-4.09,-4.15
-0.28,-0.17,-0.10,0.00,-0.07,0.14,0.23,0.55,1.37,2.25,2.08,2.82,2.78,2.61,2.61,2.77,2.85,3.12,3.12,3.07,2.90,2.70,2.66,2.72,2.64,2.55,2.63,2.73,2.70,2.87,2.97,2.77,2.46,2.29,2.22,2.30,1.95,1.43,0.84,-0.17,-0.82,-0.79,-0.69,-0.82,-0.97,-0.99,-1.04,-1.12,-0.98,-1.01,-1.14,-1.26,-1.22,-1.13,-0.94,-1.12,-1.14,-1.21,-1.06,-1.03,-1.02,-1.12,-1.18,-1.13,-1.16,-1.23,-1.26,-1.28,-1.26,-1.16,-1.11,-1.33,-1.26,-1.03,-0.93,-1.03,-0.87,-0.62,-0.89,-0.57,-0.39,-0.28,-0.34,0.18,0.14,0.09,0.13,0.00,0.25,0.11,0.00,-0.21,-0.03,-0.03,-0.17,-0.44,-0.43,-0.07,-0.08,0.21,0.34,-0.01,-0.20,-0.20,-0.28,-0.28,-0.18,-0.42,-0.74,-0.48,-0.64,-0.58,-1.03,-0.92,-0.74,-0.68,-0.61,-0.81,-0.68,-0.53,-0.59,-0.63,-0.62,-0.73,-0.82,-0.49,-0.57,-0.32,-0.63,-0.73,-0.98,-0.97,-0.83,-0.81,-0.68,-0.54,-0.87,-1.12,-1.23,-1.43,-1.48,-1.52,-1.43,-1.17,-1.76,-1.86,-1.72,-1.69,-1.75,-1.81,-1.76,-1.66,-1.94,-2.16,-2.22,-2.28,-2.58,-2.87,-2.65,-2.64
-0.21,-0.07,-0.10,-0.18,-0.07,0.10,0.24,0.66,1.34,2.01,1.96,2.29,2.55,2.55,2.47,2.42,2.45,2.58,2.61,2.54,2.49,2.38,2.25,2.40,2.64,2.30,2.10,2.03,2.06,2.06,2.20,2.11,1.70,1.78,2.03,2.03,1.71,1.21,0.94,-0.06,-0.69,-0.71,-0.83,-0.98,-0.93,-0.94,-1.04,-1.11,-1.08,-0.89,-0.97,-1.02,-1.18,-1.01,-1.07,-1.02,-1.04,-1.13,-1.13,-1.17,-1.14,-1.12,-1.17,-1.12,-1.11,-1.19,-1.27,-1.33,-1.30,-1.14,-0.94,-1.11,-0.79,0.32,1.04,0.82,1.01,1.23,1.10,1.17,1.55,1.59,1.70,2.49,2.97,2.63,2.60,2.29,2.43,2.11,2.12,1.72,1.89,2.16,2.05,1.71,1.59,1.57,1.70,2.00,2.05,1.67,1.61,1.74,1.94,2.00,1.80,1.73,1.57,1.76,1.72,1.68,1.37,1.76,1.39,1.59,1.25,1.25,1.46,1.39,1.36,1.42,1.45,1.43,1.29,1.59,1.59,1.59,1.27,0.92,0.60,0.53,0.77,0.96,0.92,0.92,0.77,0.80,0.56,0.44,0.40,0.25,0.18,0.36,0.39,0.03,0.16,0.04,-0.10,-0.02,0.07,-0.18,-0.37,-0.73,-0.96,-0.97,-1.03,-1.21,-1.21,-1.30
-0.29,-0.12,-0.03,-0.16,-0.08,0.16,0.25,0.61,1.23,1.76,1.73,1.94,2.36,2.40,2.31,2.37,2.28,2.45,2.19,2.02,2.02,2.07,2.00,1.96,2.12,2.00,1.88,1.94,1.78,1.65,1.88,1.95,1.66,1.87,1.74,1.66,1.59,1.12,0.85,-0.01,-0.66,-0.81,-0.78,-0.87,-0.99,-1.02,-1.03,-1.04,-1.12,-1.09,-1.11,-1.03,-1.26,-0.97,-1.16,-1.12,-1.08,-1.11,-1.21,-1.30,-1.28,-1.19,-1.24,-1.24,-1.14,-1.17,-1.26,-1.32,-1.30,-1.13,-0.99,-1.03,-0.54,0.92,2.25,2.18,2.23,2.45,2.31,2.45,2.54,2.55,2.75,3.72,4.38,4.16,3.87,3.44,3.59,3.19,3.26,2.94,2.79,3.15,3.44,3.00,3.14,3.49,3.71,3.97,4.18,4.05,3.97,3.92,3.97,3.91,3.49,3.26,3.58,3.89,4.20,3.72,3.79,3.33,3.53,3.85,3.19,2.54,2.85,2.90,2.65,2.57,2.70,2.78,2.73,3.06,2.82,2.82,2.53,1.95,1.61,1.44,1.65,1.76,1.66,1.80,1.61,2.00,1.88,1.68,1.89,1.99,2.01,2.18,2.07,1.57,1.29,1.44,1.50,1.29,1.10,1.11,0.76,0.20,-0.05,-0.01,0.05,0.24,0.03,-0.31
-0.22,-0.18,-0.13,-0.24,-0.08,0.16,0.21,0.51,1.12,1.68,1.59,2.00,2.36,2.34,2.24,2.48,2.49,2.41,2.17,2.08,2.16,2.16,2.07,2.20,2.38,2.05,2.01,1.80,1.67,1.61,1.55,1.46,1.40,1.49,1.46,1.28,1.26,1.36,0.96,-0.01,-0.76,-0.83,-0.83,-1.01,-1.11,-1.16,-1.17,-1.08,-0.97,-1.18,-1.11,-1.11,-1.06,-1.01,-1.14,-1.19,-1.18,-1.08,-1.12,-1.28,-1.19,-1.11,-1.24,-1.35,-1.26,-1.22,-1.26,-1.21,-1.24,-1.18,-1.12,-1.18,-0.51,1.05,2.57,2.78,2.66,2.97,2.70,2.96,2.78,2.64,2.49,3.47,4.34,4.68,4.12,3.92,3.85,3.30,3.18,3.00,2.77,3.09,3.44,3.06,3.40,4.22,4.47,4.64,4.83,4.67,4.68,4.92,4.95,4.67,4.16,3.89,4.34,4.74,4.84,4.38,4.42,4.58,4.23,4.40,3.88,3.39,3.37,3.07,2.96,2.96,2.94,2.93,2.89,3.24,3.07,3.21,2.79,2.34,2.02,1.89,1.89,1.77,1.70,1.90,1.84,2.20,2.23,2.18,2.53,2.77,2.87,2.96,3.13,2.79,2.46,1.95,1.83,1.94,1.66,1.54,1.14,0.85,0.65,0.53,0.58,0.80,0.71,0.45
-0.13,-0.17,-0.21,-0.26,-0.16,0.07,0.11,0.39,1.05,1.77,1.97,2.24,2.48,2.49,2.38,2.37,2.17,2.36,2.49,2.38,2.26,2.11,1.89,2.11,2.25,2.02,2.07,1.80,1.91,2.16,2.08,1.91,1.88,1.72,1.73,1.67,1.50,1.46,0.92,-0.05,-0.73,-0.78,-0.87,-1.11,-1.06,-1.02,-1.08,-1.03,-0.99,-1.11,-1.06,-1.08,-1.16,-1.02,-1.19,-1.24,-1.32,-1.12,-1.13,-1.24,-1.16,-1.06,-1.14,-1.28,-1.27,-1.17,-1.19,-1.21,-1.23,-1.17,-1.09,-1.24,-0.72,0.89,2.57,3.00,2.58,2.77,2.60,2.72,3.02,2.48,2.12,2.88,4.25,4.82,4.04,4.15,3.75,3.24,2.90,2.82,2.76,3.00,3.30,3.08,3.32,3.98,4.31,4.51,4.55,4.41,4.55,4.74,4.68,4.35,3.92,3.70,3.65,4.33,4.35,4.15,3.97,3.92,3.81,4.07,3.79,3.35,3.33,3.08,3.06,3.06,2.91,2.82,2.87,2.94,2.93,2.91,2.84,2.42,2.08,1.87,1.83,1.70,1.57,1.70,1.85,2.05,2.17,2.22,2.61,3.01,3.28,3.50,3.63,3.07,2.93,2.31,2.07,2.06,1.71,1.43,1.37,1.12,1.01,0.92,0.69,0.41,0.89,0.79
-0.13,-0.11,-0.17,-0.08,-0.08,0.13,0.19,0.36,0.94,1.95,2.23,2.57,3.02,3.16,3.07,3.21,3.06,3.14,3.28,3.10,2.85,2.78,2.85,3.20,3.24,2.66,2.87,2.82,2.81,2.97,3.01,2.85,2.88,2.93,2.48,2.53,1.76,1.62,1.05,0.08,-0.68,-0.86,-0.91,-1.06,-0.98,-0.99,-1.06,-1.04,-1.14,-1.03,-1.07,-1.11,-1.24,-1.12,-1.30,-1.40,-1.36,-1.22,-1.21,-1.23,-1.22,-1.14,-1.17,-1.26,-1.26,-1.17,-1.21,-1.27,-1.22,-1.12,-1.02,-1.22,-1.07,0.28,2.30,2.85,2.17,2.25,2.12,2.16,2.71,2.14,1.89,2.61,4.14,4.62,3.91,3.94,3.44,3.06,2.65,2.55,2.69,2.85,3.27,3.12,3.06,3.60,3.96,4.04,4.03,3.98,4.12,4.22,4.22,3.95,3.45,3.19,3.34,3.97,4.23,4.00,3.85,3.91,3.57,3.75,3.56,3.10,2.90,2.90,2.88,2.81,2.72,2.72,2.75,2.66,2.81,2.59,2.51,2.03,1.82,1.64,1.64,1.60,1.51,1.57,1.71,1.77,2.03,1.94,2.46,2.95,3.30,3.49,3.31,3.12,3.14,2.49,2.30,2.26,1.77,1.48,1.61,1.48,1.21,1.03,0.94,0.62,0.89,0.65
-0.15,-0.11,-0.16,0.00,0.18,0.29,0.23,0.36,1.00,1.99,2.24,3.09,3.53,3.60,3.58,3.53,3.50,3.45,3.49,3.50,3.39,3.20,3.16,3.40,3.39,3.28,3.20,3.07,3.06,3.25,3.40,3.32,3.28,3.49,3.04,2.84,2.20,1.80,1.16,0.18,-0.61,-0.92,-0.99,-1.02,-0.94,-1.08,-1.07,-1.06,-1.21,-1.03,-1.04,-1.08,-1.07,-1.07,-1.16,-1.32,-1.22,-1.22,-1.19,-1.16,-1.19,-1.23,-1.22,-1.26,-1.27,-1.21,-1.28,-1.31,-1.30,-1.18,-1.04,-1.19,-1.11,0.00,1.84,2.19,1.93,1.99,1.88,1.80,2.10,1.89,1.61,2.48,3.95,4.34,3.90,3.71,3.24,2.76,2.40,2.07,2.30,2.49,3.04,2.90,2.71,3.24,3.58,3.70,3.68,3.75,3.77,3.91,4.05,3.76,3.27,2.95,3.02,3.54,3.70,3.44,3.71,3.76,3.49,3.79,3.85,3.30,2.72,2.76,2.79,2.75,2.65,2.52,2.35,2.29,2.35,2.36,2.36,1.90,1.70,1.50,1.44,1.40,1.43,1.51,1.48,1.57,1.91,1.72,2.28,2.67,2.94,3.12,3.06,2.79,2.78,2.28,2.13,1.97,1.60,1.51,1.43,1.27,1.09,1.07,1.05,0.61,0.88,0.63
-0.21,-0.21,-0.23,-0.03,0.07,0.25,0.21,0.21,0.82,1.87,2.07,2.76,3.15,3.30,3.37,3.28,3.35,3.54,3.58,3.53,3.56,3.59,3.37,3.49,3.35,3.24,3.32,3.15,3.01,3.09,3.26,3.26,3.07,3.21,3.13,2.95,2.54,1.80,1.10,0.20,-0.57,-0.82,-0.83,-0.92,-1.03,-1.08,-0.96,-0.97,-1.16,-1.06,-1.04,-1.09,-1.08,-0.99,-1.04,-1.13,-1.13,-1.17,-1.14,-1.16,-1.12,-1.14,-1.19,-1.26,-1.27,-1.18,-1.28,-1.35,-1.37,-1.21,-1.16,-1.26,-0.99,0.03,1.65,1.89,1.99,1.82,1.80,1.87,2.02,1.80,1.64,2.45,3.84,4.27,3.73,3.46,3.08,2.53,2.22,1.77,1.90,2.13,2.76,2.71,2.51,2.76,3.16,3.40,3.45,3.58,3.65,3.88,3.94,3.51,2.91,2.51,2.60,3.10,3.39,3.60,3.81,3.64,3.54,3.43,3.25,2.89,2.60,2.52,2.82,2.69,2.37,2.17,2.02,2.14,2.31,2.12,1.93,1.62,1.29,1.20,1.15,1.15,1.23,1.34,1.37,1.51,1.76,1.64,2.19,2.55,2.85,3.10,3.07,2.89,2.55,2.08,2.06,1.93,1.48,1.29,1.26,1.18,1.05,0.95,0.74,0.23,0.57,0.60
-0.34,-0.18,-0.18,-0.17,0.09,0.23,0.24,0.28,0.58,1.74,2.07,2.71,3.27,3.54,3.66,3.72,3.54,3.43,3.51,3.57,3.43,3.32,3.28,3.22,3.12,3.14,3.06,2.97,2.91,2.94,3.09,3.12,3.08,3.09,3.02,2.91,2.43,1.67,1.03,0.16,-0.59,-0.74,-0.67,-0.87,-1.14,-1.07,-1.07,-0.88,-1.06,-1.03,-1.13,-1.16,-1.06,-1.07,-1.17,-1.14,-1.13,-1.13,-1.11,-1.18,-1.09,-1.01,-1.17,-1.28,-1.32,-1.35,-1.24,-1.18,-1.17,-1.07,-1.03,-1.21,-0.98,0.37,2.20,2.06,2.37,1.97,2.01,2.19,2.48,2.07,1.53,2.47,3.56,4.33,3.47,3.21,3.03,2.46,2.07,1.74,1.66,1.94,2.55,2.53,2.41,2.48,3.20,3.62,3.72,3.85,3.98,4.21,4.16,3.64,3.00,2.48,2.42,3.16,3.79,4.12,4.08,3.84,3.97,3.94,3.59,2.93,2.95,2.49,2.63,2.65,2.40,2.08,1.77,1.67,1.88,1.97,1.65,1.60,1.22,0.92,0.92,0.90,0.87,0.98,1.20,1.18,1.59,1.55,2.17,2.69,3.02,3.08,2.84,2.75,2.47,2.07,2.05,1.76,1.22,1.17,0.98,0.90,0.72,0.67,0.53,0.07,0.50,0.40
-0.37,-0.34,0.07,-0.20,0.05,0.19,0.13,0.08,0.39,1.49,1.89,2.46,3.12,3.46,3.22,3.25,3.37,3.28,3.25,3.22,3.09,2.94,2.93,2.83,2.84,2.81,2.72,2.69,2.70,2.76,2.90,2.91,2.90,3.07,2.70,2.73,2.13,1.55,0.95,0.09,-0.66,-0.79,-0.69,-0.99,-1.11,-1.07,-1.22,-0.94,-1.04,-1.21,-1.27,-1.07,-1.06,-1.09,-1.13,-1.14,-1.11,-1.16,-1.17,-1.17,-1.06,-0.93,-1.04,-1.24,-1.28,-1.22,-1.17,-1.13,-1.12,-1.13,-1.01,-1.12,-0.87,0.78,2.89,2.72,2.96,2.36,2.28,2.24,2.71,2.34,1.72,1.88,3.50,3.94,3.08,3.06,2.93,2.52,2.11,1.85,1.50,1.90,2.58,2.46,2.26,2.40,3.46,3.97,3.97,3.98,4.05,4.18,4.15,3.76,3.04,2.28,2.23,3.06,3.70,4.03,3.88,3.78,3.85,3.70,3.34,2.89,2.59,2.36,2.65,2.40,1.95,1.74,1.65,1.68,1.71,1.60,1.28,1.23,1.17,0.84,0.65,0.57,0.61,0.60,0.53,0.93,1.40,1.43,2.17,2.78,3.00,2.88,2.60,2.45,2.32,2.01,1.93,1.56,1.06,0.98,0.76,0.73,0.71,0.65,0.44,0.20,0.53,0.18
-0.26,-0.12,-0.06,-0.22,0.05,0.28,0.24,0.09,0.41,1.49,1.90,2.49,3.09,3.33,3.15,3.37,3.28,3.18,3.02,2.95,2.96,2.89,2.72,2.47,2.58,2.55,2.60,2.53,2.46,2.53,2.69,2.76,2.69,2.77,2.34,2.54,2.10,1.55,0.96,0.13,-0.57,-0.68,-0.62,-1.06,-1.14,-0.97,-1.11,-0.98,-1.11,-1.14,-1.23,-0.92,-1.11,-1.13,-1.07,-1.04,-1.09,-1.11,-1.11,-1.30,-1.32,-1.11,-1.03,-1.09,-1.13,-1.11,-1.07,-0.98,-0.99,-1.13,-1.16,-1.16,-0.96,0.40,2.57,2.88,2.89,2.94,2.91,2.95,3.00,2.43,2.17,1.70,3.15,3.45,2.82,2.72,2.70,2.36,2.18,1.90,1.45,1.82,2.66,2.31,2.19,2.42,3.40,3.84,3.81,3.77,3.87,3.97,3.88,3.49,2.85,2.18,2.02,2.63,3.34,3.52,3.50,3.65,3.73,3.54,3.30,2.79,2.54,2.19,2.43,2.23,2.00,1.87,1.67,1.85,1.67,1.32,1.36,1.37,1.07,0.76,0.58,0.51,0.57,0.62,0.71,1.12,1.49,1.45,2.20,2.71,2.88,2.81,2.65,2.41,2.22,1.88,1.74,1.42,1.03,0.93,0.83,0.78,0.67,0.53,0.35,0.19,0.58,0.42
-0.21,-0.10,-0.13,-0.24,-0.05,0.19,0.18,0.03,0.36,1.32,1.71,2.40,3.13,3.39,3.09,3.16,3.09,3.09,2.91,2.73,2.75,2.69,2.59,2.40,2.43,2.40,2.48,2.40,2.31,2.37,2.45,2.53,2.59,2.51,2.26,2.36,2.17,1.62,1.14,0.34,-0.38,-0.51,-0.57,-0.93,-0.99,-0.81,-0.99,-0.83,-1.01,-1.11,-1.11,-1.12,-1.11,-1.11,-1.07,-0.89,-0.94,-1.17,-1.16,-1.12,-1.18,-1.03,-0.92,-1.01,-1.08,-1.12,-1.09,-1.13,-0.98,-1.06,-1.18,-1.14,-1.08,0.16,2.48,3.12,2.76,2.61,2.76,2.85,2.83,2.35,2.06,1.70,2.73,3.18,2.71,2.54,2.49,2.18,2.05,1.67,1.51,1.76,2.55,2.13,2.28,2.46,3.08,3.45,3.64,3.65,3.69,3.83,3.71,3.21,2.70,2.29,2.05,2.51,3.21,3.22,3.16,3.27,3.26,3.38,3.13,2.79,2.30,2.14,2.40,2.24,1.89,1.74,1.78,1.87,1.91,1.87,1.31,1.49,1.15,0.92,0.68,0.52,0.44,0.40,0.50,0.80,1.09,1.36,1.85,2.40,2.48,2.45,2.48,2.17,2.02,1.83,1.59,1.16,0.80,0.79,0.78,0.72,0.51,0.40,0.35,0.26,0.55,0.37
-0.23,-0.05,-0.13,-0.05,-0.13,0.00,0.14,0.04,0.37,1.23,1.78,2.28,2.85,3.21,2.93,2.77,2.94,2.95,2.78,2.60,2.55,2.46,2.55,2.43,2.46,2.38,2.38,2.35,2.30,2.37,2.32,2.22,2.29,2.32,2.16,2.28,2.13,1.62,1.20,0.40,-0.43,-0.52,-0.53,-0.88,-1.02,-0.98,-1.07,-0.77,-0.93,-1.11,-1.02,-1.18,-1.08,-1.14,-1.19,-0.94,-0.98,-1.12,-1.07,-1.12,-1.22,-1.02,-0.97,-1.17,-1.26,-1.31,-1.26,-1.09,-0.92,-1.08,-1.17,-1.27,-1.08,-0.20,1.91,2.77,2.34,2.49,2.45,2.66,2.70,2.29,1.96,1.61,2.26,3.10,2.58,2.55,2.14,2.10,1.93,1.53,1.44,1.62,2.40,2.35,2.25,2.29,2.69,3.08,3.33,3.30,3.38,3.62,3.53,3.06,2.55,2.19,1.96,2.28,3.00,3.09,3.16,3.14,3.13,2.98,2.91,2.60,2.16,1.87,2.12,2.06,1.71,1.54,1.61,1.73,1.70,1.68,1.45,1.18,0.94,0.76,0.61,0.25,-0.02,0.07,0.37,0.57,0.87,0.87,1.57,2.02,2.23,2.22,2.05,1.88,1.49,1.61,1.28,0.80,0.52,0.52,0.62,0.50,0.35,0.39,0.36,0.20,0.36,0.42
-0.12,0.08,-0.06,-0.33,-0.26,0.00,0.21,0.20,0.40,1.42,1.80,2.16,2.65,3.04,2.83,2.70,2.85,2.75,2.60,2.54,2.51,2.40,2.57,2.45,2.52,2.57,2.51,2.36,2.32,2.41,2.40,2.29,2.34,2.31,2.12,2.23,2.17,1.66,1.04,0.28,-0.37,-0.48,-0.61,-0.87,-0.94,-0.78,-1.14,-0.76,-1.03,-1.04,-1.03,-1.06,-1.16,-1.22,-1.11,-0.92,-1.13,-1.13,-1.01,-1.03,-1.06,-1.11,-1.18,-1.26,-1.19,-1.17,-1.02,-1.04,-1.11,-1.16,-1.14,-1.17,-1.23,-0.38,1.51,2.42,2.31,2.31,2.58,2.34,2.54,2.07,2.19,1.42,2.59,2.94,2.49,2.54,2.07,1.95,1.93,1.62,1.37,1.66,2.34,2.45,2.12,2.06,2.67,2.97,2.91,2.88,3.13,3.45,3.35,2.97,2.55,2.18,1.89,2.05,2.87,3.07,3.13,3.08,3.21,2.93,2.81,2.67,2.14,1.71,1.88,1.93,1.64,1.38,1.33,1.48,1.61,1.50,1.43,1.10,1.05,0.96,0.71,0.50,0.30,0.26,0.45,0.47,0.65,0.63,1.17,1.80,1.99,1.82,1.62,1.38,1.14,0.87,0.63,0.51,0.45,0.47,0.57,0.37,0.24,0.31,0.26,-0.01,0.10,0.23
-0.22,-0.06,-0.11,-0.43,-0.37,-0.05,0.21,0.15,0.55,1.44,1.68,2.03,2.59,2.90,2.73,2.64,2.77,2.69,2.53,2.55,2.60,2.49,2.60,2.57,2.55,2.61,2.54,2.34,2.26,2.38,2.40,2.45,2.51,2.47,2.28,2.25,2.03,1.72,1.17,0.34,-0.37,-0.58,-0.81,-0.97,-0.97,-0.72,-0.82,-0.83,-1.06,-1.02,-0.97,-0.92,-1.07,-1.11,-1.11,-1.01,-1.08,-1.08,-1.08,-1.08,-1.01,-1.04,-1.06,-1.13,-1.13,-1.07,-1.18,-1.19,-1.06,-1.01,-1.13,-1.30,-1.14,-0.26,1.44,2.34,2.60,2.58,2.71,2.26,2.31,2.12,2.13,1.34,2.57,2.83,2.55,2.54,2.23,1.99,1.85,1.76,1.36,1.73,2.38,2.53,2.13,1.80,2.64,2.90,2.58,2.48,2.76,3.10,3.15,2.96,2.52,2.10,1.79,1.87,2.84,2.90,2.90,2.83,2.97,2.91,2.66,2.17,1.74,1.53,1.65,1.60,1.34,1.15,1.03,0.98,1.15,1.46,1.36,0.98,0.88,0.65,0.45,0.24,0.02,0.03,0.39,0.77,0.37,0.39,0.39,0.84,0.99,1.00,1.01,0.78,0.61,0.60,0.49,0.32,0.28,0.37,0.32,0.23,0.18,0.19,0.08,-0.15,-0.07,-0.15
-0.20,-0.12,-0.21,-0.21,-0.26,-0.05,0.24,0.07,0.44,1.20,1.61,1.93,2.38,2.78,2.69,2.52,2.71,2.71,2.59,2.55,2.72,2.60,2.64,2.63,2.60,2.49,2.47,2.45,2.37,2.38,2.22,2.35,2.55,2.49,2.23,2.18,1.95,1.60,1.21,0.47,-0.33,-0.63,-0.76,-1.07,-1.18,-0.81,-0.78,-0.72,-0.79,-0.98,-0.98,-0.98,-1.06,-1.11,-1.03,-1.08,-1.03,-0.89,-1.02,-1.08,-1.07,-1.01,-0.96,-1.22,-1.21,-1.24,-1.28,-1.03,-1.07,-1.21,-1.08,-1.23,-1.01,-0.07,1.45,2.38,2.40,2.55,2.45,2.32,2.14,2.16,2.11,1.57,2.72,2.91,2.64,2.58,2.20,2.08,1.78,1.62,1.43,1.45,2.17,2.26,2.07,1.80,2.42,2.67,2.43,2.25,2.37,2.72,2.93,2.81,2.25,1.79,1.53,1.67,2.60,2.57,2.66,2.60,2.65,2.70,2.63,2.05,1.51,1.46,1.59,1.42,1.18,1.01,0.89,0.95,1.06,1.16,1.10,0.93,0.90,0.71,0.57,0.37,0.10,-0.03,0.19,0.51,0.50,0.29,0.61,0.66,0.77,0.93,0.80,0.29,0.36,0.55,0.49,0.29,0.16,0.16,-0.07,-0.16,0.00,-0.02,-0.17,-0.26,-0.27,-0.34
-0.18,-0.21,-0.24,-0.11,-0.21,-0.13,0.18,0.03,0.29,0.96,1.56,1.91,2.26,2.82,2.81,2.59,2.63,2.63,2.59,2.58,2.65,2.57,2.63,2.55,2.65,2.43,2.42,2.47,2.36,2.34,2.24,2.30,2.55,2.20,2.18,2.02,2.07,1.93,1.45,0.63,-0.32,-0.78,-0.76,-0.91,-1.06,-0.88,-0.76,-0.89,-0.94,-1.11,-1.02,-1.02,-1.18,-1.23,-1.07,-1.03,-1.02,-0.97,-1.01,-0.88,-0.84,-1.02,-1.11,-1.14,-1.17,-1.13,-1.08,-1.03,-0.93,-1.18,-1.09,-1.27,-1.13,-0.16,1.36,2.36,2.22,2.29,2.23,2.13,2.01,2.19,1.91,1.45,2.43,2.98,2.48,2.63,2.32,2.08,1.90,1.60,1.29,1.43,2.20,2.19,1.82,1.70,2.22,2.30,2.25,2.07,2.14,2.49,2.70,2.51,1.95,1.45,1.25,1.57,2.41,2.45,2.46,2.47,2.47,2.48,2.37,1.83,1.29,1.37,1.40,1.15,0.87,0.68,0.58,0.71,0.92,0.92,0.78,0.76,0.68,0.67,0.47,0.36,0.19,0.05,0.18,0.44,0.42,0.35,0.16,0.15,0.37,0.63,0.57,0.00,-0.46,-0.13,-0.03,-0.10,-0.18,-0.23,-0.36,-0.47,-0.33,-0.59,-0.76,-0.63,-0.76,-0.58
-0.24,-0.31,-0.28,-0.21,-0.23,-0.17,0.00,0.00,0.31,0.90,1.44,1.90,2.34,2.78,2.93,2.60,2.54,2.60,2.70,2.75,2.73,3.04,3.03,2.65,2.49,2.34,2.37,2.37,2.18,2.38,2.24,2.25,2.14,2.14,2.13,2.17,2.12,1.88,1.42,0.65,-0.28,-0.86,-0.73,-1.04,-1.01,-0.92,-0.93,-0.67,-0.88,-1.02,-1.16,-0.76,-1.04,-1.11,-1.02,-1.14,-1.09,-0.89,-0.94,-1.04,-1.11,-1.12,-1.08,-1.08,-1.13,-1.06,-1.03,-1.19,-1.16,-1.01,-1.03,-1.04,-0.91,-0.13,1.43,2.55,1.83,2.28,2.11,2.06,2.28,1.94,1.91,1.33,2.90,3.40,2.48,2.52,2.52,2.16,1.94,1.71,1.48,1.56,1.88,2.00,1.37,1.25,1.83,2.02,1.99,1.79,1.90,2.12,2.28,2.13,1.56,0.99,0.90,1.53,2.37,2.38,2.13,2.17,2.14,2.22,1.91,1.60,1.10,1.23,1.18,0.93,0.72,0.50,0.39,0.46,0.56,0.47,0.65,0.76,0.51,0.49,0.25,0.14,0.07,-0.06,-0.08,0.11,-0.36,-0.58,-0.91,-0.92,-0.71,-0.48,-0.47,-0.77,-1.09,-0.73,-0.62,-0.72,-0.91,-0.97,-0.72,-0.81,-0.88,-1.04,-1.22,-1.19,-0.92,-1.04
-0.31,-0.28,-0.18,-0.24,-0.08,0.11,0.18,0.16,0.28,0.94,1.45,1.76,2.12,2.66,2.70,2.61,2.66,2.70,2.75,2.77,2.59,2.70,2.65,2.66,2.61,2.54,2.48,2.34,2.16,2.30,2.36,2.34,2.28,2.42,2.43,2.37,2.17,1.80,1.44,0.78,-0.22,-0.67,-0.86,-0.96,-1.08,-0.93,-0.94,-1.08,-0.83,-0.83,-0.97,-1.02,-1.09,-1.03,-1.07,-1.11,-1.07,-0.99,-0.91,-0.87,-0.98,-1.06,-1.07,-1.13,-1.17,-1.06,-1.24,-1.27,-0.94,-1.09,-0.98,-1.12,-1.04,-0.52,0.99,2.19,1.85,2.03,1.87,1.78,1.84,1.55,1.42,1.25,2.69,3.07,2.65,2.59,2.52,2.19,1.65,1.50,1.37,1.57,1.90,1.87,1.51,1.17,1.54,1.82,1.87,1.77,1.72,1.60,1.62,1.54,1.14,0.78,0.84,1.36,1.94,1.93,1.62,1.64,1.50,1.79,1.51,1.25,0.98,1.03,0.99,0.84,0.60,0.42,0.35,0.34,0.34,0.16,0.47,0.50,0.41,0.34,0.16,-0.10,-0.29,-0.37,-0.41,-0.52,-0.88,-1.42,-1.47,-1.38,-1.23,-1.14,-1.19,-1.42,-1.76,-1.47,-1.18,-1.24,-1.33,-1.23,-1.27,-1.12,-1.36,-1.50,-1.46,-1.38,-1.50,-1.38
-0.38,-0.34,-0.05,-0.16,-0.10,0.14,0.31,0.10,0.47,1.25,1.71,1.87,2.13,2.83,3.02,2.69,2.65,2.57,2.57,2.84,2.82,2.87,3.21,2.96,3.07,2.81,2.38,2.23,2.20,2.17,2.24,2.22,2.29,2.51,2.49,2.52,2.12,1.74,1.39,0.71,-0.07,-0.49,-0.61,-0.89,-1.12,-1.08,-0.67,-0.81,-0.69,-0.77,-0.71,-0.93,-1.08,-0.74,-0.76,-0.96,-0.94,-0.91,-0.87,-0.91,-0.89,-0.79,-1.02,-0.83,-0.92,-0.98,-0.89,-0.93,-0.84,-0.78,-0.61,-1.12,-1.13,-0.62,0.98,1.97,1.55,1.59,1.54,1.40,1.29,1.28,1.17,1.12,2.53,2.90,2.79,2.65,2.63,2.30,1.97,1.76,1.46,1.59,1.79,1.65,1.34,0.85,1.01,1.23,1.29,1.14,1.10,1.06,1.05,0.96,0.76,0.52,0.47,0.78,1.22,1.38,1.14,1.27,1.14,1.33,1.32,0.95,1.00,1.00,0.96,0.90,0.69,0.50,0.40,0.35,0.25,0.05,0.19,0.04,-0.03,-0.05,-0.24,-0.53,-0.74,-0.83,-0.92,-1.06,-1.36,-1.67,-1.64,-1.47,-1.42,-1.38,-1.48,-1.84,-1.74,-1.52,-1.52,-1.69,-1.79,-1.78,-1.72,-1.94,-1.69,-1.78,-1.79,-1.64,-1.71,-1.28
-0.16,-0.33,-0.27,-0.29,-0.23,-0.03,0.18,0.07,0.32,1.06,1.66,1.95,2.20,2.69,2.60,2.53,2.59,2.55,2.43,2.41,2.69,2.32,2.87,2.89,3.33,3.06,2.63,2.52,2.23,2.08,2.25,2.01,2.16,2.26,1.99,2.28,2.12,1.72,1.37,0.72,-0.17,-0.62,-0.59,-0.89,-0.92,-1.02,-0.93,-0.81,-0.72,-0.82,-0.84,-0.89,-0.92,-0.86,-0.83,-0.84,-0.87,-0.92,-0.91,-0.91,-1.02,-0.99,-1.09,-1.17,-1.04,-1.12,-1.07,-1.06,-1.14,-1.02,-1.27,-1.16,-1.11,-0.77,0.76,1.93,1.18,0.92,1.00,0.73,0.95,1.28,0.99,0.90,2.53,2.77,2.72,2.53,2.67,2.41,2.01,1.87,1.57,1.54,1.90,1.79,1.83,0.96,0.88,0.94,1.15,1.10,0.96,0.92,1.18,1.32,1.18,1.16,1.21,1.26,1.26,1.37,1.21,1.33,1.39,1.31,1.43,1.28,1.20,1.31,1.18,1.04,0.78,0.55,0.50,0.44,0.29,0.16,-0.03,-0.42,-0.59,-0.59,-0.93,-0.98,-1.06,-1.14,-1.22,-1.42,-1.75,-1.69,-1.69,-1.69,-1.66,-1.61,-1.65,-1.83,-1.78,-1.62,-1.72,-1.76,-1.80,-1.84,-1.83,-1.94,-1.72,-1.71,-1.61,-1.51,-1.66,-1.36
-0.34,-0.08,0.07,-0.23,-0.17,0.03,-0.06,0.09,0.42,1.05,1.50,1.79,2.07,2.43,2.43,2.26,2.17,2.30,2.36,2.14,2.53,2.58,2.69,2.67,2.71,2.48,2.17,1.99,1.82,1.84,1.76,1.94,1.49,1.76,1.56,1.64,1.57,1.32,1.05,0.55,-0.23,-0.47,-0.67,-0.96,-0.84,-1.03,-0.79,-0.91,-0.83,-0.87,-0.73,-0.84,-0.84,-0.72,-0.78,-0.86,-0.92,-0.97,-0.83,-0.76,-0.83,-0.86,-1.21,-1.09,-0.91,-0.96,-0.84,-1.02,-0.98,-0.89,-0.86,-1.06,-1.04,-0.62,0.82,1.07,1.27,1.65,1.28,1.21,1.57,1.11,1.61,1.61,2.91,2.98,2.76,2.61,2.52,2.42,1.99,1.72,1.39,1.36,1.40,1.77,1.85,1.32,1.11,1.28,1.43,1.45,1.45,1.54,1.83,1.99,2.28,2.70,2.66,2.43,2.11,1.84,1.78,1.78,1.77,1.59,1.43,1.31,1.42,1.59,1.36,0.96,0.63,0.51,0.60,0.61,0.44,0.18,-0.21,-0.83,-0.99,-1.08,-1.22,-1.22,-1.19,-1.30,-1.50,-1.70,-1.76,-1.88,-1.66,-1.75,-1.72,-1.71,-1.76,-1.80,-1.89,-1.61,-1.86,-1.97,-1.90,-1.88,-1.93,-1.72,-1.69,-1.79,-1.69,-1.48,-1.60,-1.55
-0.42,-0.17,-0.02,-0.34,-0.39,-0.17,-0.06,-0.05,0.32,0.90,1.27,1.38,1.50,1.78,1.57,1.60,1.66,1.77,1.77,1.60,1.95,2.43,2.70,2.38,1.85,1.65,1.27,0.71,0.63,0.60,0.82,0.69,0.77,0.53,0.58,0.39,0.13,0.15,0.34,0.23,-0.32,-0.52,-0.44,-0.86,-0.99,-0.99,-0.92,-0.46,-0.74,-0.82,-0.88,-0.92,-0.87,-0.81,-0.92,-1.07,-1.11,-1.02,-0.93,-0.92,-0.94,-1.02,-1.12,-1.17,-1.08,-0.99,-0.98,-1.07,-1.13,-1.01,-1.09,-1.26,-1.08,-0.12,2.83,3.37,3.84,4.04,3.84,4.01,4.16,3.79,3.73,3.44,3.08,3.18,2.76,2.60,2.54,2.47,2.01,1.56,1.57,1.59,1.66,2.14,2.26,2.14,1.88,1.90,1.82,1.96,2.12,2.25,2.35,2.61,3.09,3.30,3.13,2.85,2.54,2.06,1.88,1.89,1.94,1.82,1.54,1.78,1.79,1.72,1.54,1.10,0.79,0.78,0.90,0.90,0.58,0.25,-0.34,-0.97,-1.19,-1.38,-1.28,-1.37,-1.45,-1.62,-1.91,-1.95,-1.70,-2.00,-1.66,-1.71,-1.72,-1.71,-1.79,-1.94,-1.90,-1.57,-2.02,-2.12,-1.98,-1.90,-1.98,-1.93,-1.90,-1.79,-1.79,-1.89,-1.86,-1.84
-0.46,-0.28,-0.07,-0.12,-0.03,0.09,-0.05,-0.15,0.25,0.78,1.11,1.14,1.00,0.79,0.65,0.82,0.72,1.01,1.29,0.82,0.61,1.03,1.16,1.03,0.79,0.44,0.24,0.21,0.03,0.04,-0.16,0.11,0.03,0.05,0.02,-0.01,0.04,0.07,0.13,0.05,-0.31,-0.39,-0.63,-1.12,-0.98,-0.89,-0.77,-0.77,-0.82,-0.94,-0.92,-1.06,-1.07,-0.93,-0.76,-0.83,-0.93,-0.88,-0.86,-0.83,-0.93,-1.03,-1.14,-1.09,-1.02,-0.92,-0.73,-1.06,-1.41,-1.37,-1.07,-1.07,-1.03,-0.13,3.54,4.77,4.68,5.09,4.55,4.28,4.85,4.75,4.41,4.05,3.01,3.14,2.63,2.65,2.55,2.47,2.07,1.70,1.38,1.43,1.45,1.94,1.94,2.16,2.43,2.35,2.17,2.14,2.14,2.13,2.30,2.53,2.83,3.12,3.10,2.90,2.52,1.95,1.77,1.88,1.74,1.88,1.76,1.78,1.96,1.55,1.87,1.55,1.18,1.09,1.04,0.93,0.67,0.41,-0.34,-0.82,-1.21,-1.45,-1.42,-1.47,-1.71,-1.97,-2.12,-2.08,-1.76,-1.95,-1.65,-1.61,-1.60,-1.61,-1.71,-1.90,-1.83,-1.60,-1.97,-2.17,-2.09,-1.95,-1.97,-1.97,-1.89,-1.74,-1.80,-2.02,-1.99,-1.88
-0.24,-0.13,-0.17,-0.16,0.02,0.16,-0.02,-0.10,0.11,0.63,0.79,0.73,0.78,0.66,0.20,0.31,0.52,0.82,0.98,0.77,0.50,0.62,0.66,0.34,0.14,-0.15,-0.28,-0.24,-0.37,-0.12,0.19,-0.11,-0.01,-0.13,-0.12,-0.03,-0.23,-0.47,-0.33,-0.26,-0.71,-0.83,-0.84,-1.16,-0.86,-0.82,-0.72,-0.81,-0.93,-0.83,-0.77,-0.79,-0.79,-0.88,-0.86,-0.92,-1.09,-1.17,-1.16,-1.18,-1.23,-1.13,-0.97,-0.92,-0.93,-1.07,-1.14,-1.11,-1.23,-1.11,-1.17,-1.37,-0.86,0.25,3.89,4.89,4.61,5.08,4.97,4.82,4.82,4.85,4.65,4.45,3.84,3.40,2.83,2.89,2.69,2.24,2.23,1.95,1.80,1.59,1.73,1.91,2.38,2.28,2.07,2.19,2.10,1.93,2.00,2.17,2.25,2.31,2.59,3.02,2.95,2.52,2.32,1.79,1.57,1.50,1.45,1.62,1.57,1.49,1.91,1.70,1.96,1.77,1.54,1.27,0.89,0.65,0.56,0.32,-0.32,-0.76,-1.24,-1.55,-1.48,-1.43,-1.74,-2.02,-2.05,-2.09,-1.75,-1.81,-1.62,-1.65,-1.56,-1.57,-1.79,-2.00,-1.88,-1.85,-2.04,-2.22,-2.21,-2.04,-1.99,-1.94,-1.86,-1.72,-1.70,-1.80,-1.80,-1.80
-0.10,-0.11,-0.07,-0.11,-0.12,-0.07,-0.02,-0.11,-0.10,0.23,0.30,0.24,0.26,0.05,-0.13,0.13,0.16,0.07,0.04,0.08,0.19,0.16,-0.20,-0.51,-0.58,-0.64,-0.61,-0.49,-0.53,-0.44,-0.38,-0.57,-1.02,-1.04,-0.99,-1.09,-1.42,-1.62,-1.36,-0.98,-0.98,-0.96,-0.89,-1.04,-0.82,-0.97,-0.84,-0.61,-0.69,-0.79,-0.69,-0.87,-0.94,-0.99,-1.01,-0.89,-0.87,-0.96,-0.94,-0.89,-0.99,-1.02,-1.07,-1.24,-0.96,-1.03,-0.87,-0.99,-1.33,-1.28,-1.17,-1.14,-0.88,-0.24,2.96,4.48,4.94,4.95,4.84,4.95,4.97,4.97,4.61,4.47,4.04,3.69,3.06,3.04,2.78,2.79,2.32,1.93,1.62,1.29,1.62,1.80,2.10,1.85,1.74,1.88,1.83,1.61,1.55,1.64,1.83,1.95,2.35,2.69,2.43,2.17,1.91,1.74,1.43,1.39,1.32,1.38,1.18,1.33,1.88,1.91,2.12,1.89,1.56,1.27,0.80,0.50,0.51,0.07,-0.56,-1.12,-1.48,-1.69,-1.65,-1.47,-1.69,-1.94,-2.02,-2.12,-1.76,-1.85,-1.81,-1.88,-1.81,-1.79,-1.94,-2.10,-1.97,-2.14,-2.10,-2.13,-2.12,-2.00,-1.85,-1.85,-1.74,-1.70,-1.72,-1.79,-1.81,-1.71
-0.06,-0.27,-0.15,-0.21,-0.06,0.21,0.11,0.04,-0.16,-0.23,-0.38,-0.56,-0.62,-0.64,-0.89,-0.78,-0.74,-0.91,-1.04,-1.01,-1.41,-1.37,-1.65,-1.61,-1.76,-1.97,-1.93,-1.93,-2.45,-2.54,-2.65,-2.21,-2.87,-2.95,-3.48,-3.28,-3.03,-3.12,-2.88,-2.08,-1.22,-1.28,-1.22,-0.84,-0.94,-0.82,-0.83,-0.68,-0.76,-0.67,-0.76,-0.81,-0.71,-0.66,-0.83,-0.94,-0.96,-1.12,-1.07,-1.03,-1.14,-0.94,-1.06,-1.09,-0.83,-0.98,-0.93,-1.16,-1.12,-0.98,-0.88,-1.06,-0.86,0.16,2.24,4.69,5.09,5.01,4.77,4.98,5.17,4.85,4.69,4.45,4.31,3.50,3.25,3.06,2.95,2.61,2.54,2.13,1.94,1.68,1.76,1.72,1.62,1.83,1.89,1.68,1.46,1.20,1.31,1.40,1.65,1.82,2.13,2.55,2.36,2.02,1.77,1.64,1.14,1.10,0.95,1.23,1.03,1.37,1.72,1.82,1.88,1.54,1.03,0.47,0.19,0.28,0.14,-0.63,-1.21,-1.51,-1.66,-1.65,-1.75,-1.60,-1.60,-1.74,-1.98,-2.21,-2.02,-2.13,-2.10,-2.08,-2.12,-2.07,-2.00,-2.08,-1.95,-2.17,-2.02,-2.04,-2.10,-2.04,-1.88,-1.80,-1.76,-1.81,-1.88,-1.95,-1.91,-1.74
-0.13,-0.27,-0.32,-0.37,-0.12,0.16,-0.03,0.03,-0.26,-0.57,-1.01,-1.41,-1.60,-1.89,-1.84,-1.71,-2.05,-2.33,-2.37,-2.58,-2.70,-2.78,-3.19,-2.95,-2.88,-3.13,-3.19,-3.09,-3.54,-4.02,-3.76,-3.36,-3.90,-4.01,-4.36,-4.19,-3.80,-3.43,-2.79,-2.00,-1.37,-0.98,-0.99,-0.71,-0.86,-0.84,-0.97,-0.96,-0.79,-0.81,-0.79,-0.83,-0.91,-0.94,-0.96,-0.93,-0.98,-1.08,-1.01,-0.93,-1.09,-1.16,-1.02,-0.86,-1.11,-1.09,-1.03,-0.79,-1.07,-1.14,-1.24,-0.98,-1.03,-0.26,2.91,4.33,4.99,4.92,4.54,4.90,4.95,4.77,4.37,4.38,4.27,3.71,3.09,3.12,2.72,2.59,2.41,1.71,1.68,1.56,1.74,1.91,1.78,1.80,1.88,1.55,1.25,1.21,1.18,1.20,1.49,1.72,1.85,1.83,1.60,1.64,1.45,1.07,0.89,0.88,0.89,1.10,1.17,1.61,1.51,1.29,0.96,0.41,-0.11,-0.44,-0.34,-0.02,-0.26,-0.82,-1.27,-1.45,-1.57,-1.59,-1.61,-1.55,-1.47,-1.59,-1.88,-2.09,-2.03,-2.13,-2.04,-2.21,-2.18,-2.14,-2.16,-2.18,-1.91,-2.02,-2.03,-2.17,-2.23,-2.17,-2.13,-1.89,-2.04,-2.09,-2.07,-1.99,-1.90,-1.84
-0.29,-0.15,-0.18,-0.27,-0.17,0.08,0.07,0.15,-0.05,-0.62,-1.36,-1.89,-2.05,-2.41,-2.32,-2.21,-2.50,-2.76,-2.74,-2.69,-2.65,-2.76,-3.17,-2.91,-3.00,-3.19,-3.12,-2.96,-2.95,-3.24,-3.17,-2.76,-2.60,-2.78,-2.78,-2.53,-2.41,-2.35,-2.00,-1.57,-1.32,-0.84,-0.74,-0.68,-0.99,-0.99,-0.99,-1.04,-1.02,-0.87,-0.78,-0.66,-0.93,-1.02,-0.98,-0.98,-0.89,-0.92,-0.84,-0.88,-1.12,-1.17,-0.97,-0.97,-1.07,-1.04,-0.93,-1.09,-0.87,-0.94,-1.13,-1.23,-1.04,0.07,2.76,4.16,4.68,4.63,4.57,4.29,4.82,4.42,4.54,4.34,3.89,3.31,3.02,2.91,2.40,2.45,2.36,1.64,1.61,1.53,1.73,1.99,2.10,1.78,1.62,1.66,1.42,1.05,1.10,1.22,1.39,1.12,0.55,0.32,0.40,0.55,0.50,0.31,-0.02,-0.02,-0.39,0.24,0.11,0.79,0.62,0.45,0.20,-0.58,-0.87,-1.02,-0.92,-0.31,-0.18,-0.51,-1.16,-1.43,-1.79,-1.50,-1.61,-1.50,-1.52,-1.70,-1.85,-1.93,-1.97,-2.08,-1.98,-2.18,-2.21,-2.18,-2.18,-2.08,-1.95,-1.95,-2.08,-2.19,-2.16,-2.04,-2.09,-1.98,-2.08,-2.17,-2.13,-2.00,-1.93,-1.79
-0.31,-0.11,0.02,-0.06,-0.10,0.07,0.26,0.15,0.10,-0.22,-0.78,-1.41,-1.89,-1.91,-1.88,-1.70,-1.91,-2.04,-1.78,-1.42,-1.51,-1.52,-1.62,-1.32,-1.32,-1.38,-1.37,-1.40,-1.43,-1.52,-1.21,-0.91,-1.03,-0.83,-1.06,-0.92,-0.94,-1.02,-0.87,-0.88,-0.68,-0.84,-0.84,-0.62,-0.94,-0.77,-0.77,-0.86,-0.88,-0.86,-0.82,-0.83,-0.92,-0.86,-0.77,-0.81,-0.84,-0.87,-0.84,-0.86,-1.07,-1.03,-1.02,-0.97,-1.16,-1.22,-1.12,-1.26,-1.16,-1.21,-1.22,-1.31,-1.24,-0.41,1.85,4.17,4.18,4.15,3.90,3.89,4.07,3.56,3.84,3.72,3.16,3.08,2.88,2.66,2.72,2.38,2.18,2.02,1.90,1.94,1.95,1.84,1.89,1.82,1.59,1.31,1.25,1.07,0.57,0.41,0.61,0.15,-0.59,-0.68,-0.28,0.29,0.61,0.60,0.32,0.10,0.21,0.52,0.85,0.99,0.82,1.05,0.89,0.40,-0.11,-0.66,-0.68,-0.18,-0.18,-0.43,-1.12,-1.38,-1.74,-1.65,-1.59,-1.48,-1.55,-1.78,-1.89,-1.93,-1.99,-2.21,-1.93,-2.17,-2.16,-2.12,-2.21,-2.30,-2.09,-1.88,-2.02,-2.21,-2.13,-1.95,-2.23,-1.98,-1.95,-1.95,-1.93,-1.95,-2.02,-1.67
-0.33,-0.17,0.07,0.03,-0.06,-0.02,0.18,0.05,-0.01,-0.03,-0.22,-0.53,-0.71,-0.74,-0.69,-0.56,-0.87,-0.87,-0.36,-0.27,-0.24,-0.44,-0.53,-0.33,-0.11,-0.10,-0.16,-0.16,-0.51,-0.42,-0.23,-0.11,-0.32,-0.16,-0.41,-0.48,-0.48,-0.53,-0.52,-0.56,-0.58,-0.66,-0.59,-0.43,-0.77,-0.66,-0.72,-0.77,-0.83,-1.01,-0.89,-0.86,-0.93,-0.88,-0.87,-0.88,-0.96,-1.17,-1.02,-0.87,-1.16,-1.03,-1.08,-1.06,-1.07,-1.11,-1.02,-1.11,-0.96,-1.06,-1.24,-1.14,-1.01,-0.61,0.78,4.09,3.14,3.09,2.79,2.65,2.93,3.03,3.24,2.93,2.82,2.66,2.43,2.22,2.34,2.18,1.77,1.21,1.06,1.25,1.61,1.68,1.85,1.73,1.67,1.27,1.05,0.89,0.65,0.58,0.85,0.71,0.24,0.19,0.36,0.62,0.31,-0.06,-0.08,0.02,0.35,0.55,1.27,1.12,1.00,1.25,1.10,0.95,0.46,0.21,0.08,-0.22,0.02,-0.42,-0.91,-1.65,-1.67,-1.79,-1.75,-1.72,-1.88,-1.98,-2.04,-2.21,-2.19,-2.08,-1.99,-2.02,-1.85,-1.88,-2.12,-2.24,-1.98,-2.05,-2.27,-2.33,-2.18,-2.03,-2.39,-2.07,-2.10,-2.05,-1.90,-1.86,-2.00,-1.76
-0.39,-0.11,0.10,0.10,0.05,0.11,0.24,0.18,0.07,0.07,0.02,0.05,0.26,0.28,0.09,0.19,-0.28,-0.36,0.16,0.16,0.30,0.09,-0.28,-0.20,0.07,0.07,-0.05,-0.15,-0.42,-0.26,-0.06,-0.23,-0.27,-0.24,-0.31,-0.42,-0.44,-0.47,-0.58,-0.53,-0.43,-0.62,-0.58,-0.42,-0.72,-0.59,-0.71,-0.73,-0.79,-0.81,-0.87,-0.87,-0.83,-0.84,-0.84,-0.78,-0.84,-1.07,-1.02,-0.84,-0.92,-0.96,-0.93,-1.09,-1.03,-0.91,-1.01,-1.02,-1.09,-1.08,-1.12,-1.23,-1.09,-0.72,0.51,3.18,3.20,3.28,2.87,2.79,3.03,3.07,3.31,3.26,2.72,2.75,2.02,2.03,2.29,2.26,2.07,1.77,1.95,2.06,2.13,1.89,1.83,1.77,1.65,1.29,1.26,1.18,1.00,1.06,1.14,0.93,0.73,0.73,0.83,1.05,1.17,1.15,0.82,0.76,1.23,1.04,1.33,1.37,1.70,1.51,1.26,0.89,0.08,-0.53,-0.62,-0.49,-0.54,-1.38,-1.50,-1.81,-1.69,-1.70,-1.67,-1.57,-1.70,-1.95,-2.16,-2.41,-2.23,-2.27,-1.99,-1.94,-1.98,-2.13,-2.28,-2.18,-2.22,-2.13,-2.09,-2.19,-2.12,-1.91,-2.13,-1.99,-2.05,-2.00,-1.91,-1.89,-2.04,-1.85
-0.17,-0.06,0.10,0.16,0.25,0.41,0.58,0.40,0.39,0.34,0.25,0.16,0.15,0.40,0.05,0.19,-0.08,-0.28,-0.06,0.07,0.08,0.02,-0.24,-0.15,0.00,-0.01,-0.11,-0.22,-0.34,-0.33,-0.11,-0.33,-0.31,-0.31,-0.28,-0.33,-0.38,-0.46,-0.57,-0.54,-0.48,-0.71,-0.68,-0.49,-0.79,-0.56,-0.74,-0.57,-0.59,-0.66,-0.62,-0.74,-0.82,-0.81,-0.86,-0.86,-0.88,-1.03,-0.93,-0.82,-0.99,-0.89,-1.04,-0.97,-0.88,-0.97,-1.11,-0.88,-0.84,-1.07,-1.07,-1.08,-1.23,-0.84,0.28,2.57,2.75,3.12,3.06,2.93,3.06,2.19,2.51,2.65,1.72,2.08,1.80,1.83,2.06,2.05,1.97,1.99,2.03,1.88,1.72,1.87,1.64,1.33,1.31,1.43,1.48,1.27,1.15,1.17,1.14,0.92,0.74,0.96,1.16,1.10,1.03,0.88,0.53,0.23,0.07,0.30,0.32,0.02,0.29,0.19,0.00,-0.36,-0.72,-1.08,-1.21,-1.09,-1.30,-1.06,-1.50,-1.69,-1.42,-1.52,-1.43,-1.53,-1.67,-1.84,-2.04,-2.02,-1.93,-2.26,-1.81,-1.78,-1.75,-1.89,-2.14,-1.99,-2.16,-1.93,-2.17,-2.21,-2.17,-2.26,-2.08,-1.93,-1.84,-1.86,-1.88,-1.84,-1.90,-1.65
-0.10,-0.32,-0.10,0.11,0.23,0.32,0.55,0.46,0.39,0.30,0.19,0.10,0.08,0.18,-0.03,0.16,0.15,-0.01,-0.10,-0.01,-0.18,-0.12,-0.21,-0.08,-0.01,-0.07,-0.13,-0.18,-0.26,-0.56,-0.33,-0.41,-0.37,-0.36,-0.42,-0.44,-0.42,-0.52,-0.69,-0.52,-0.51,-0.78,-0.61,-0.53,-0.61,-0.71,-0.68,-0.64,-0.58,-0.67,-0.71,-0.73,-0.72,-0.67,-0.71,-0.78,-0.84,-0.99,-0.99,-0.71,-0.76,-0.79,-0.94,-0.91,-0.89,-1.02,-1.04,-1.09,-1.24,-1.08,-1.19,-1.11,-1.24,-1.08,-0.22,2.85,2.34,2.03,1.77,1.71,1.84,1.22,1.49,1.20,0.98,0.71,0.79,0.74,0.95,1.04,1.12,0.32,0.63,0.89,0.52,0.55,0.69,0.09,0.04,0.40,0.53,0.39,0.26,0.19,0.24,0.32,0.14,-0.24,-0.33,-0.16,-0.02,-0.22,-0.79,-0.68,-1.14,-0.76,-0.53,-0.96,-0.97,-1.38,-1.57,-1.46,-1.36,-1.41,-1.38,-1.21,-1.07,-1.31,-1.79,-2.05,-1.52,-1.53,-1.70,-1.72,-1.65,-1.70,-1.83,-1.75,-2.04,-2.36,-1.81,-1.95,-1.98,-2.02,-2.24,-2.42,-1.88,-1.80,-1.90,-2.10,-2.18,-2.09,-2.10,-1.97,-1.94,-1.81,-1.70,-1.80,-2.17,-2.07
0.02,-0.29,-0.15,0.11,0.25,0.32,0.42,0.28,0.18,0.24,0.34,0.32,0.25,0.40,0.05,0.24,0.23,0.04,-0.03,0.07,-0.13,-0.01,-0.23,-0.13,-0.03,-0.11,-0.24,-0.36,-0.41,-0.57,-0.57,-0.51,-0.41,-0.38,-0.54,-0.61,-0.44,-0.49,-0.66,-0.47,-0.58,-0.76,-0.63,-0.54,-0.76,-0.68,-0.51,-0.62,-0.56,-0.63,-0.63,-0.72,-0.77,-0.77,-0.72,-0.67,-0.76,-0.84,-0.86,-0.79,-0.82,-0.87,-0.99,-0.94,-0.86,-0.99,-1.06,-1.11,-1.13,-0.97,-1.16,-1.22,-1.17,-1.11,-0.28,2.30,1.39,1.46,1.39,1.53,1.45,1.23,0.84,0.80,0.71,0.34,0.29,0.31,0.03,0.20,-0.02,-0.34,-0.54,-0.48,-0.46,-0.59,-0.53,-0.34,-0.42,-0.47,-0.10,-0.18,-0.58,-0.94,-0.94,-0.78,-0.84,-0.92,-1.02,-1.22,-1.19,-1.09,-1.31,-1.36,-1.53,-1.18,-1.37,-1.33,-1.69,-1.94,-1.74,-1.66,-1.66,-1.72,-1.90,-1.86,-1.45,-1.57,-1.91,-1.85,-1.67,-1.59,-1.60,-1.76,-1.83,-1.78,-1.83,-2.00,-2.19,-2.02,-1.95,-1.90,-1.89,-2.08,-2.37,-2.28,-1.91,-1.86,-2.19,-2.37,-2.31,-2.17,-1.99,-2.05,-2.14,-2.12,-2.00,-1.81,-1.74,-1.60
-0.11,-0.24,-0.07,-0.02,0.13,0.37,0.35,0.14,0.19,0.09,0.03,0.04,0.07,0.44,-0.02,-0.03,0.03,-0.05,-0.17,-0.12,-0.16,-0.08,-0.32,-0.26,-0.16,-0.18,-0.32,-0.46,-0.58,-0.53,-0.68,-0.56,-0.42,-0.51,-0.64,-0.53,-0.38,-0.46,-0.59,-0.47,-0.36,-0.66,-0.53,-0.62,-0.77,-0.72,-0.53,-0.64,-0.71,-0.74,-0.72,-0.84,-0.82,-0.72,-0.73,-0.78,-0.82,-0.91,-0.94,-0.79,-0.83,-0.76,-0.89,-0.88,-0.87,-1.01,-1.11,-1.26,-1.17,-1.11,-1.19,-1.40,-1.43,-0.99,-0.53,1.31,0.93,1.34,1.28,1.46,1.46,0.67,0.55,0.63,0.42,0.08,0.11,-0.10,-0.68,-0.58,-0.76,-0.84,-0.91,-0.97,-1.32,-1.35,-1.43,-1.76,-1.78,-1.42,-1.13,-1.18,-1.35,-1.37,-1.40,-1.38,-1.40,-1.72,-1.90,-1.74,-1.48,-1.60,-1.72,-1.53,-1.59,-1.51,-1.50,-1.57,-1.72,-1.89,-2.03,-2.12,-2.13,-2.10,-2.17,-2.14,-1.75,-1.81,-1.94,-1.98,-1.71,-1.75,-1.83,-1.91,-1.99,-2.02,-2.07,-2.02,-1.98,-2.21,-2.08,-1.97,-2.08,-2.27,-2.42,-2.51,-2.31,-2.22,-2.28,-2.41,-2.45,-2.37,-2.37,-2.18,-2.18,-2.02,-2.04,-2.28,-1.78,-1.70
-0.02,-0.29,-0.15,-0.13,-0.02,0.16,0.13,0.10,0.15,-0.07,-0.10,0.02,-0.08,0.16,0.04,-0.12,-0.08,-0.08,-0.20,-0.21,-0.22,-0.15,-0.36,-0.31,-0.24,-0.33,-0.43,-0.44,-0.61,-0.61,-0.64,-0.52,-0.46,-0.56,-0.51,-0.46,-0.39,-0.46,-0.66,-0.66,-0.53,-0.68,-0.46,-0.67,-0.72,-0.73,-0.48,-0.73,-0.72,-0.74,-0.61,-0.78,-0.88,-0.77,-0.72,-0.79,-0.98,-1.04,-0.83,-0.69,-0.92,-0.86,-0.84,-0.89,-1.02,-0.93,-0.98,-0.99,-0.93,-1.02,-1.01,-0.77,-1.36,-1.09,-0.24,0.72,1.18,0.96,0.79,1.03,1.09,0.45,0.08,0.23,-0.03,-0.23,-0.52,-0.73,-1.02,-0.91,-1.07,-1.13,-1.32,-1.50,-1.78,-1.79,-1.85,-2.16,-1.90,-1.57,-1.69,-1.84,-1.97,-2.07,-1.90,-1.78,-1.81,-1.90,-2.05,-2.08,-1.89,-2.04,-2.12,-1.89,-2.13,-1.81,-1.93,-2.02,-2.03,-2.33,-2.31,-2.27,-2.45,-2.63,-2.59,-2.40,-2.27,-2.14,-1.89,-2.27,-1.78,-1.78,-1.64,-1.72,-1.97,-2.12,-2.18,-2.18,-2.14,-2.05,-2.05,-2.13,-2.13,-2.24,-2.50,-2.47,-2.26,-2.17,-2.28,-2.28,-2.21,-2.22,-2.44,-2.18,-2.19,-2.08,-1.97,-2.04,-1.81,-1.75
0.08,-0.22,-0.05,-0.08,-0.02,0.18,0.23,0.31,0.09,-0.03,-0.13,-0.15,-0.08,-0.16,-0.37,0.00,-0.07,-0.22,-0.16,-0.15,-0.18,-0.15,-0.33,-0.23,-0.24,-0.36,-0.41,-0.43,-0.49,-0.41,-0.47,-0.49,-0.44,-0.46,-0.33,-0.48,-0.51,-0.47,-0.57,-0.57,-0.44,-0.58,-0.41,-0.64,-0.64,-0.84,-0.56,-0.74,-0.66,-0.73,-0.57,-0.61,-0.77,-0.74,-0.72,-0.81,-0.93,-0.93,-0.76,-0.66,-0.81,-0.69,-0.61,-0.73,-0.68,-0.68,-0.97,-0.77,-0.87,-1.01,-1.07,-0.94,-1.26,-1.17,-0.56,0.58,0.90,1.01,0.78,0.47,0.57,-0.01,0.02,-0.01,-0.37,-0.31,-0.77,-0.92,-1.17,-1.11,-1.22,-1.32,-1.31,-1.50,-1.70,-1.79,-2.00,-1.97,-1.78,-1.86,-1.83,-1.99,-2.24,-2.24,-2.19,-2.21,-2.32,-2.47,-2.59,-2.47,-2.49,-2.54,-2.81,-2.46,-1.80,-1.52,-1.99,-2.05,-2.03,-1.99,-1.88,-1.86,-2.10,-2.45,-2.67,-2.64,-2.41,-2.12,-1.72,-1.61,-1.69,-1.69,-1.84,-1.97,-1.94,-1.90,-2.05,-2.04,-2.10,-2.21,-2.21,-2.17,-2.21,-2.21,-2.10,-2.27,-2.28,-2.36,-2.28,-2.30,-2.24,-1.95,-2.42,-2.28,-2.18,-2.12,-2.03,-1.93,-1.91,-1.57
0.08,-0.17,-0.16,-0.02,0.20,0.39,0.36,0.19,0.07,0.05,-0.02,-0.15,-0.08,0.25,-0.15,-0.03,-0.10,-0.11,0.00,-0.05,0.00,-0.02,-0.13,-0.21,-0.33,-0.22,-0.20,-0.46,-0.48,-0.34,-0.42,-0.57,-0.43,-0.53,-0.58,-0.63,-0.63,-0.54,-0.44,-0.37,-0.33,-0.61,-0.52,-0.54,-0.58,-0.69,-0.52,-0.54,-0.49,-0.58,-0.41,-0.46,-0.52,-0.43,-0.56,-0.61,-0.62,-0.87,-0.81,-0.63,-0.64,-0.64,-0.69,-0.64,-0.64,-0.72,-0.93,-0.58,-0.67,-0.63,-0.94,-0.99,-0.91,-1.03,-0.61,0.24,0.95,0.68,0.32,-0.22,-0.27,-0.71,-0.89,-1.17,-1.65,-1.64,-1.37,-1.48,-1.53,-1.46,-1.57,-1.69,-1.74,-1.90,-1.70,-2.09,-2.33,-2.50,-2.32,-2.23,-2.32,-2.24,-2.24,-2.31,-2.40,-2.47,-2.42,-2.55,-2.90,-3.00,-2.77,-2.35,-2.21,-1.78,-1.48,-1.78,-1.99,-1.79,-1.78,-1.65,-1.64,-1.59,-1.72,-2.02,-2.08,-2.02,-1.88,-1.78,-1.59,-1.46,-1.79,-1.62,-1.80,-1.98,-2.00,-2.08,-2.19,-2.00,-1.94,-2.22,-2.14,-2.21,-2.26,-2.26,-2.30,-2.36,-2.59,-2.53,-2.50,-2.47,-2.28,-1.95,-2.36,-2.12,-2.05,-2.07,-2.09,-2.09,-1.89,-1.33
-0.17,-0.36,-0.21,-0.06,0.08,0.20,0.26,0.23,-0.01,-0.06,-0.06,-0.03,0.02,-0.28,-0.33,-0.15,-0.07,-0.05,0.03,0.08,-0.01,-0.03,0.04,-0.36,-0.38,-0.21,-0.21,-0.41,-0.44,-0.47,-0.51,-0.46,-0.48,-0.48,-0.71,-0.74,-0.67,-0.51,-0.36,-0.34,-0.47,-0.54,-0.43,-0.42,-0.58,-0.49,-0.44,-0.54,-0.49,-0.48,-0.43,-0.48,-0.54,-0.46,-0.58,-0.66,-0.57,-0.72,-0.74,-0.59,-0.58,-0.52,-0.56,-0.66,-0.56,-0.54,-0.51,-0.63,-0.74,-0.86,-0.91,-0.89,-0.97,-1.01,-0.88,-0.20,-0.71,-0.26,-0.92,-1.32,-1.04,-1.55,-1.89,-2.03,-2.19,-2.49,-2.09,-1.90,-1.72,-1.81,-2.17,-2.03,-2.14,-2.32,-2.42,-2.72,-2.72,-2.50,-2.09,-2.03,-2.09,-2.07,-2.18,-2.32,-2.22,-1.98,-1.86,-1.71,-1.72,-1.75,-1.35,-0.93,-1.23,-1.23,-1.24,-1.47,-1.62,-1.40,-1.41,-1.07,-1.02,-1.14,-1.26,-1.47,-1.60,-1.53,-1.33,-1.51,-1.47,-1.51,-1.59,-1.70,-1.85,-2.00,-2.08,-2.07,-2.10,-2.10,-2.14,-2.16,-2.23,-2.32,-2.35,-2.32,-2.30,-2.14,-2.36,-2.33,-2.39,-2.33,-2.14,-2.00,-2.39,-2.17,-1.99,-2.04,-2.13,-1.94,-1.47,-1.08
-0.02,-0.01,0.02,0.05,0.19,0.37,0.44,0.24,0.09,0.16,0.18,0.11,0.09,-0.01,-0.12,-0.21,-0.12,-0.07,-0.12,-0.03,-0.05,-0.10,-0.11,-0.26,-0.26,-0.18,-0.31,-0.47,-0.43,-0.31,-0.48,-0.39,-0.51,-0.43,-0.56,-0.66,-0.51,-0.31,-0.28,-0.33,-0.32,-0.37,-0.39,-0.47,-0.62,-0.51,-0.38,-0.57,-0.56,-0.46,-0.41,-0.43,-0.44,-0.44,-0.48,-0.51,-0.53,-0.62,-0.67,-0.59,-0.58,-0.59,-0.56,-0.71,-0.47,-0.51,-0.52,-0.78,-0.74,-0.91,-0.77,-0.79,-0.84,-0.81,-0.93,-1.21,-1.76,-1.65,-2.12,-1.98,-2.14,-2.54,-2.54,-2.69,-2.65,-2.60,-2.69,-2.32,-2.32,-2.14,-2.17,-1.95,-1.90,-1.88,-1.67,-1.67,-1.83,-1.76,-1.51,-1.38,-1.13,-0.84,-0.74,-0.76,-0.71,-0.43,-0.32,-0.33,-0.28,-0.49,-0.48,-0.13,-0.48,-0.73,-0.97,-0.77,-0.67,-0.77,-0.77,-0.64,-0.59,-0.72,-0.87,-0.92,-0.97,-0.94,-0.96,-1.01,-1.32,-1.56,-1.72,-1.75,-1.84,-1.93,-1.95,-2.05,-2.19,-2.23,-2.44,-2.17,-2.13,-2.26,-2.41,-2.50,-2.47,-2.16,-2.31,-2.23,-2.23,-2.27,-2.23,-2.12,-2.41,-2.26,-2.07,-1.90,-1.78,-1.48,-0.72,-0.20
-0.03,0.04,-0.02,-0.05,0.16,0.40,0.37,0.25,0.05,0.24,0.07,-0.23,-0.21,-0.18,-0.28,-0.13,-0.13,-0.18,-0.17,-0.08,0.03,-0.12,-0.07,-0.20,-0.12,-0.16,-0.27,-0.38,-0.52,-0.21,-0.32,-0.16,-0.63,-0.44,-0.66,-0.69,-0.46,-0.33,-0.46,-0.52,-0.33,-0.36,-0.48,-0.44,-0.48,-0.49,-0.31,-0.42,-0.41,-0.34,-0.22,-0.38,-0.42,-0.36,-0.36,-0.46,-0.53,-0.56,-0.57,-0.51,-0.59,-0.42,-0.43,-0.69,-0.62,-0.62,-0.64,-0.71,-0.72,-0.79,-0.53,-0.74,-0.83,-0.86,-1.13,-1.36,-1.81,-1.84,-1.98,-1.98,-2.09,-2.27,-2.45,-2.55,-2.28,-2.33,-2.13,-1.91,-1.61,-1.02,-1.08,-1.01,-0.82,-0.57,-0.63,-0.62,-0.49,-0.72,-0.68,-0.44,-0.13,-0.15,-0.18,-0.03,0.00,0.18,0.21,0.23,0.16,0.35,1.04,0.93,-0.12,-0.18,-0.88,-0.21,-0.32,-0.37,-0.24,-0.15,-0.22,-0.44,-0.68,-0.76,-0.61,-0.39,-0.61,-0.87,-1.08,-1.50,-1.85,-1.81,-1.89,-1.97,-1.91,-1.93,-2.14,-2.13,-2.23,-2.14,-2.14,-2.26,-2.39,-2.49,-2.55,-2.42,-2.47,-2.33,-2.24,-2.27,-2.28,-2.23,-2.40,-2.16,-1.94,-1.67,-1.28,-0.87,0.15,1.18
0.14,0.10,0.03,0.05,0.25,0.35,0.15,0.20,0.20,0.10,-0.03,-0.15,-0.20,0.02,-0.24,-0.08,0.03,0.07,0.09,0.18,0.35,0.29,0.31,-0.17,-0.12,-0.06,-0.13,-0.15,-0.23,-0.06,-0.32,-0.06,-0.31,-0.47,-0.54,-0.51,-0.27,-0.22,-0.39,-0.41,-0.27,-0.17,-0.21,-0.18,-0.21,-0.32,-0.20,-0.23,-0.31,-0.32,-0.21,-0.37,-0.41,-0.34,-0.33,-0.51,-0.54,-0.37,-0.34,-0.42,-0.67,-0.37,-0.32,-0.43,-0.53,-0.34,-0.42,-0.54,-0.64,-0.72,-0.61,-0.74,-0.58,-0.67,-0.73,-1.19,-1.55,-1.41,-1.47,-1.24,-1.02,-1.09,-1.14,-1.04,-0.62,-0.84,-0.62,-0.31,-0.44,-0.31,0.24,0.09,0.32,0.46,0.18,0.58,0.67,0.76,0.76,0.84,1.23,1.20,0.89,0.95,1.01,1.15,1.27,1.17,1.03,1.11,2.14,2.51,0.65,0.24,-0.32,-0.10,-0.52,-0.33,-0.07,0.16,0.42,0.53,0.37,0.04,-0.07,0.31,-0.31,-0.66,-1.01,-1.62,-1.78,-1.78,-1.83,-1.84,-1.88,-1.98,-2.03,-2.05,-2.16,-2.08,-2.16,-2.27,-2.33,-2.37,-2.39,-2.41,-2.41,-2.40,-2.37,-2.31,-2.12,-2.04,-2.26,-1.90,-1.46,-1.18,-0.84,0.30,1.55,2.77
0.20,0.16,0.09,0.11,0.35,0.47,0.25,0.30,0.50,0.16,-0.01,-0.03,-0.08,-0.15,-0.22,-0.05,0.09,0.11,0.10,0.21,0.19,0.18,0.36,0.13,0.09,-0.17,-0.28,-0.10,-0.13,-0.05,-0.07,0.31,-0.03,-0.08,-0.32,-0.33,-0.24,-0.22,-0.15,-0.11,-0.20,-0.16,-0.26,-0.21,-0.26,-0.17,-0.06,-0.21,-0.38,-0.27,-0.18,-0.31,-0.28,-0.20,-0.16,-0.24,-0.41,-0.43,-0.38,-0.38,-0.42,-0.18,-0.20,-0.27,-0.42,-0.31,-0.46,-0.53,-0.61,-0.52,-0.64,-0.38,-0.32,-0.27,0.14,-0.27,-0.31,-0.23,-0.39,-0.48,-0.11,0.07,0.36,0.31,0.37,0.32,0.80,0.94,1.07,1.23,1.57,1.54,1.56,1.59,1.73,2.08,2.08,2.02,2.20,2.47,2.70,2.49,2.07,2.11,2.51,2.93,2.84,2.42,1.88,1.43,2.16,2.24,1.71,0.15,-0.66,-0.32,-0.44,-0.32,-0.16,-0.21,-0.24,0.00,0.28,0.18,0.07,0.29,-0.63,-0.86,-1.28,-1.71,-1.83,-1.89,-1.85,-1.80,-1.97,-2.18,-1.97,-1.98,-2.22,-2.03,-2.21,-2.35,-2.35,-2.35,-2.32,-2.32,-2.24,-2.33,-2.44,-2.40,-2.14,-1.81,-1.86,-1.61,-0.94,-0.28,0.35,2.07,3.92,5.08
0.16,0.18,0.20,0.24,0.41,0.53,0.41,0.39,0.68,0.35,0.14,0.08,0.03,0.09,0.11,0.18,0.28,0.24,0.25,0.36,0.31,0.19,0.34,0.26,0.18,0.05,0.04,0.07,-0.02,0.15,0.03,0.02,-0.18,-0.08,-0.18,-0.18,-0.10,-0.03,0.00,0.02,-0.11,-0.17,-0.28,-0.11,-0.28,0.02,-0.11,-0.32,-0.32,-0.05,-0.05,-0.16,-0.07,0.02,0.08,0.00,-0.20,-0.26,-0.26,-0.32,-0.27,-0.02,0.02,-0.05,-0.08,-0.06,-0.10,-0.15,0.04,0.07,0.10,0.72,0.63,0.94,1.00,1.16,0.95,1.10,0.92,1.10,1.21,1.04,1.26,1.50,1.79,1.91,2.06,2.13,2.38,2.72,2.95,3.01,3.15,3.14,3.14,3.27,3.39,3.28,3.31,3.59,3.56,3.15,2.82,2.69,2.87,3.15,3.26,2.88,2.52,2.10,2.26,1.87,1.27,0.03,-0.64,-0.62,-0.72,-0.81,-0.87,-1.19,-1.30,-1.03,-0.82,-0.87,-0.93,-0.92,-1.51,-1.57,-1.67,-1.70,-1.94,-1.93,-1.83,-1.86,-2.00,-2.12,-2.13,-2.07,-2.22,-2.17,-2.28,-2.45,-2.49,-2.42,-2.39,-2.44,-2.32,-2.32,-2.36,-2.32,-2.19,-1.88,-1.53,-1.28,-0.48,0.74,2.10,4.05,5.55,6.82
0.50,0.28,0.42,0.53,0.50,0.46,0.58,0.51,0.65,0.50,0.32,0.24,0.25,0.28,0.24,0.32,0.31,0.28,0.24,0.25,0.63,0.31,0.45,0.28,0.20,0.16,0.04,-0.05,-0.10,-0.11,0.10,0.21,0.11,-0.03,-0.07,-0.15,0.07,0.18,0.00,-0.12,-0.05,0.00,0.04,0.26,-0.01,0.15,0.11,-0.11,-0.11,0.09,0.09,0.10,0.14,0.24,0.23,0.16,0.23,0.28,0.19,0.10,0.05,0.35,0.35,0.39,0.63,0.72,0.60,0.80,0.90,1.04,1.09,1.79,1.74,2.17,2.19,2.13,2.08,2.25,1.84,2.19,2.73,2.49,2.59,3.03,3.27,3.09,3.16,3.06,2.96,3.28,3.58,3.46,3.51,3.44,3.47,3.56,3.53,3.31,3.06,2.93,2.72,2.58,2.55,2.52,2.65,2.65,2.77,2.90,2.51,1.96,1.91,1.48,0.47,-0.58,-0.92,-0.77,-1.11,-1.48,-1.64,-1.98,-2.17,-2.19,-2.32,-2.44,-2.74,-2.67,-2.51,-2.39,-2.49,-2.03,-2.12,-2.08,-1.94,-1.98,-2.08,-2.07,-2.33,-2.30,-2.35,-2.33,-2.27,-2.44,-2.62,-2.51,-2.39,-2.50,-2.49,-2.44,-2.39,-2.14,-1.75,-1.66,-1.21,-0.63,0.37,1.91,3.90,5.55,7.16,8.43
0.32,0.26,0.32,0.63,0.53,0.52,0.76,0.72,0.57,0.58,0.39,0.29,0.31,0.21,0.34,0.37,0.35,0.40,0.42,0.50,0.72,0.42,0.30,0.32,0.26,0.19,0.24,0.30,0.20,0.25,-0.05,0.08,0.16,0.07,0.02,0.13,0.16,0.15,0.09,0.02,0.13,0.09,0.24,0.04,0.19,0.46,0.34,0.26,0.31,0.40,0.55,0.73,0.72,0.72,0.71,0.82,1.07,1.01,0.92,0.83,0.83,1.22,1.27,1.23,1.42,1.65,1.56,1.83,1.97,2.03,2.25,2.87,2.57,2.95,3.04,3.02,3.08,3.10,2.70,2.82,3.43,3.22,3.28,3.26,3.47,3.37,3.35,3.34,3.24,3.31,3.40,3.51,3.69,3.73,3.45,3.30,3.38,3.30,3.12,3.04,2.85,2.55,2.24,2.06,2.12,2.13,2.48,2.75,2.29,1.64,1.62,1.11,0.02,-1.18,-1.78,-1.89,-2.18,-2.67,-3.17,-3.49,-3.55,-3.70,-3.93,-3.94,-4.14,-4.05,-3.71,-3.30,-3.32,-2.74,-2.58,-2.49,-2.33,-2.23,-2.23,-2.33,-2.50,-2.41,-2.54,-2.28,-2.27,-2.45,-2.59,-2.56,-2.32,-2.70,-2.59,-2.44,-2.41,-2.28,-1.66,-1.56,-0.72,0.20,1.72,3.64,5.32,6.73,8.22,10.00
0.49,0.50,0.31,0.53,0.56,0.56,0.69,0.83,0.74,0.66,0.50,0.41,0.37,0.30,0.40,0.47,0.45,0.50,0.58,0.65,0.63,0.60,0.55,0.46,0.36,0.19,0.20,0.29,0.21,0.21,0.20,0.37,0.28,0.41,0.26,0.39,0.56,0.49,0.39,0.56,0.84,0.79,1.06,0.55,1.06,1.34,0.96,1.01,1.25,1.29,1.27,1.64,1.72,1.62,1.60,1.79,2.01,1.94,1.87,1.85,1.93,2.30,2.36,2.34,2.26,2.53,2.60,2.71,2.79,2.72,2.91,3.22,2.94,3.18,3.25,3.15,3.24,3.25,2.95,2.97,3.51,3.16,3.31,3.47,3.51,3.49,3.26,3.34,3.56,3.51,3.50,3.59,3.70,3.53,3.18,2.95,3.04,3.10,2.98,2.75,2.45,2.19,1.79,1.51,1.59,1.62,1.90,2.37,2.17,1.33,1.10,0.37,-0.72,-2.16,-2.87,-3.21,-3.54,-4.01,-4.52,-4.79,-4.89,-5.00,-5.03,-4.89,-4.86,-4.78,-4.57,-4.26,-3.84,-3.61,-3.32,-2.97,-2.83,-2.74,-2.53,-2.55,-2.83,-2.64,-2.77,-2.41,-2.41,-2.64,-2.70,-2.53,-2.44,-2.73,-2.69,-2.58,-2.45,-2.19,-1.59,-0.74,0.18,1.43,3.44,5.59,6.76,7.97,9.78,12.01
0.37,0.68,0.42,0.44,0.69,0.87,0.90,1.00,0.96,0.77,0.77,0.77,0.71,0.57,0.45,0.60,0.65,0.73,0.82,0.84,0.92,0.71,0.57,0.52,0.66,0.68,0.67,0.63,0.56,0.61,1.07,1.16,1.01,1.11,0.96,1.21,1.10,1.16,1.29,1.22,1.28,1.46,1.70,1.64,1.99,1.79,1.96,1.91,2.23,2.34,2.20,2.46,2.48,2.55,2.51,2.63,2.82,2.64,2.63,2.70,2.73,2.75,2.63,2.65,2.66,2.85,3.02,3.00,2.84,2.94,2.98,3.19,2.90,3.16,3.24,2.93,3.09,3.18,2.97,3.25,3.50,3.57,3.49,3.53,3.94,3.78,3.84,3.63,3.75,3.46,3.58,3.79,3.83,3.25,3.04,2.85,2.84,2.93,2.85,2.81,2.57,2.22,1.77,1.44,1.48,1.50,1.50,1.73,1.68,1.23,0.69,0.19,-1.67,-3.04,-3.39,-3.59,-3.79,-4.13,-4.52,-4.78,-4.93,-5.10,-5.16,-5.06,-5.14,-5.10,-4.93,-4.87,-4.49,-4.39,-4.07,-3.66,-3.53,-3.57,-3.17,-2.86,-3.14,-3.05,-3.05,-2.85,-2.87,-2.92,-2.82,-2.79,-2.36,-2.50,-2.74,-2.79,-2.56,-2.04,-1.33,-0.58,0.80,2.43,4.51,6.73,8.23,9.50,11.37,14.12
0.72,0.42,0.50,0.83,0.98,1.03,1.14,1.37,1.03,0.87,0.89,1.05,1.14,1.01,0.85,0.85,0.99,1.16,1.32,1.49,1.56,1.34,1.21,1.09,1.34,1.40,1.46,1.60,1.57,1.62,2.16,1.99,1.74,1.94,1.80,2.23,2.19,2.02,2.24,2.43,2.41,2.65,2.59,2.76,3.53,3.26,3.12,3.00,3.19,3.28,3.26,3.37,3.08,3.13,2.98,3.12,3.31,3.02,2.88,2.89,2.96,2.76,2.49,2.48,2.65,2.59,2.87,2.88,2.70,3.00,2.85,2.91,2.97,2.96,3.50,2.88,3.03,3.13,3.15,3.40,3.68,3.72,3.57,3.69,4.04,3.89,3.96,3.79,3.85,3.77,3.92,4.27,4.04,3.28,2.76,2.65,3.03,3.34,3.31,3.31,3.00,2.47,2.05,1.54,1.46,1.45,1.56,1.59,1.38,1.43,0.87,-0.02,-2.45,-3.55,-3.52,-3.63,-3.63,-3.72,-3.96,-4.28,-4.48,-4.61,-4.90,-5.04,-5.33,-5.32,-5.14,-5.06,-4.85,-4.73,-4.49,-4.30,-4.18,-4.01,-3.70,-3.41,-3.45,-3.26,-3.28,-3.22,-3.13,-3.15,-3.17,-2.96,-2.74,-2.81,-2.87,-2.70,-2.56,-2.49,-1.27,0.10,1.99,3.98,6.21,8.47,9.88,11.59,14.12,17.16
0.98,1.03,1.23,1.53,1.51,1.53,1.66,1.74,1.43,1.39,1.27,1.46,1.72,1.68,1.56,1.62,1.67,1.83,2.02,2.18,2.37,2.34,1.87,1.95,2.31,2.31,2.31,2.51,2.70,2.71,2.96,3.04,2.81,2.95,2.81,3.37,3.14,3.06,3.14,3.13,3.33,3.49,3.52,3.22,3.73,3.64,3.64,3.28,3.49,3.47,3.44,3.37,3.08,3.04,2.98,3.08,3.22,3.03,2.85,2.90,3.03,2.81,2.60,2.53,2.64,2.43,2.81,2.84,2.71,2.90,2.49,2.60,3.19,3.26,3.76,3.18,3.37,3.40,3.49,3.43,3.79,3.72,3.57,3.59,3.52,3.56,3.31,3.46,3.39,3.46,3.71,3.96,3.84,3.26,2.67,2.48,3.00,3.19,2.89,3.04,2.98,2.45,2.20,1.83,1.56,1.45,1.62,1.53,1.28,1.42,0.93,-0.86,-2.91,-3.67,-3.57,-3.66,-3.72,-3.71,-3.65,-3.85,-4.17,-4.27,-4.58,-4.79,-5.29,-5.23,-4.85,-4.82,-4.60,-4.66,-4.60,-4.52,-4.49,-4.35,-4.28,-4.45,-4.17,-4.19,-4.02,-3.75,-3.52,-3.36,-3.27,-3.48,-3.24,-3.36,-3.33,-3.18,-2.92,-2.46,-1.43,0.36,2.72,5.20,7.71,10.12,11.79,13.74,17.00,20.15
1.60,1.44,2.08,2.11,2.12,2.36,2.64,2.58,2.03,2.29,2.20,2.35,2.41,2.30,2.38,2.77,2.61,2.77,2.78,2.81,3.15,3.22,2.57,2.96,3.35,3.30,3.19,3.21,3.25,3.25,3.56,3.63,3.54,3.56,3.39,3.68,3.51,3.38,3.35,3.43,3.57,3.64,3.60,3.25,3.76,3.31,3.65,3.47,3.43,3.39,3.37,3.30,3.12,3.09,3.13,3.19,3.15,2.91,2.79,2.89,2.93,2.66,2.65,2.51,2.51,2.43,2.70,2.72,2.66,2.72,2.16,2.52,3.52,3.49,3.53,3.04,3.20,3.04,2.98,2.83,3.19,3.08,2.90,2.93,2.79,2.69,2.59,2.66,2.64,2.77,3.02,3.26,3.40,2.96,2.57,2.36,2.54,2.46,2.00,2.24,2.55,2.35,2.13,1.93,1.61,1.51,1.59,1.49,1.28,1.29,0.63,-1.75,-3.06,-3.44,-3.44,-3.65,-3.71,-3.74,-3.57,-3.53,-3.71,-3.71,-3.81,-3.85,-4.26,-4.43,-4.36,-4.32,-4.52,-4.79,-4.73,-4.48,-4.54,-4.70,-4.44,-4.50,-4.05,-4.19,-4.11,-4.22,-3.93,-3.53,-3.71,-3.67,-3.63,-3.54,-3.32,-3.21,-3.14,-2.68,-1.59,0.62,3.21,5.96,8.78,11.47,13.54,16.18,19.69,22.49
2.40,2.42,2.98,2.66,2.87,3.20,3.37,3.21,2.66,3.04,3.13,3.20,3.27,3.28,3.21,3.15,3.22,3.50,3.54,3.49,3.58,3.60,3.14,3.45,3.91,3.76,3.56,3.49,3.39,3.34,3.63,3.75,3.50,3.45,3.52,3.54,3.57,3.57,3.37,3.30,3.45,3.50,3.44,3.34,3.56,3.43,3.53,3.45,3.52,3.37,3.14,2.95,2.91,3.10,3.12,3.12,3.10,2.88,2.76,2.78,2.64,2.34,2.31,2.31,2.40,2.46,2.43,2.49,2.43,2.58,2.01,2.54,3.40,2.90,2.72,2.42,2.42,2.24,2.08,2.32,2.42,2.35,2.20,2.23,2.36,2.18,1.95,2.03,2.23,2.31,2.36,2.67,3.00,2.72,2.42,2.18,2.10,1.90,1.51,1.66,2.06,2.20,1.96,1.78,1.46,1.51,1.55,1.57,1.39,1.22,0.72,-1.74,-3.08,-3.33,-3.32,-3.71,-3.72,-3.66,-3.58,-3.55,-3.74,-3.67,-3.70,-3.54,-3.87,-3.92,-3.80,-3.88,-4.15,-4.47,-4.60,-4.52,-4.41,-4.52,-4.74,-4.83,-4.65,-4.44,-4.40,-4.65,-4.53,-4.09,-4.06,-4.00,-3.96,-3.80,-3.53,-3.30,-3.14,-2.82,-1.41,0.73,3.49,6.40,9.31,12.28,14.80,18.13,21.49,23.67
3.20,3.15,3.71,3.64,3.54,3.76,4.04,3.92,3.19,3.28,3.40,3.46,3.52,3.54,3.46,3.77,3.40,3.52,3.71,3.65,3.49,3.52,3.26,3.28,3.77,3.58,3.44,3.46,3.43,3.45,3.69,3.64,3.68,3.34,3.66,3.46,3.56,3.41,3.30,3.34,3.39,3.49,3.65,3.69,3.53,3.44,3.35,3.12,2.95,2.73,2.25,2.20,2.31,2.83,3.08,3.15,3.14,2.95,2.82,2.63,2.18,1.55,1.42,1.74,2.24,2.40,2.46,2.47,2.31,2.38,2.00,2.25,2.81,2.08,2.00,1.87,1.71,1.79,1.72,2.00,2.08,1.97,1.90,2.00,2.06,2.06,1.65,1.79,1.96,2.08,2.07,2.26,2.67,2.75,2.40,2.05,2.01,1.83,1.38,1.39,1.66,1.74,1.70,1.60,1.37,1.49,1.46,1.68,1.55,1.33,1.15,-0.89,-2.91,-3.44,-3.35,-3.77,-3.72,-3.52,-3.54,-3.55,-3.58,-3.57,-3.57,-3.53,-3.59,-3.63,-3.74,-3.71,-3.80,-3.96,-3.92,-3.74,-3.88,-4.40,-4.36,-4.66,-4.47,-4.41,-4.24,-4.35,-4.41,-4.13,-3.93,-4.22,-3.90,-3.85,-3.63,-3.30,-3.01,-2.56,-1.06,0.93,3.59,6.40,9.11,12.13,15.19,18.78,21.75,23.37
3.57,3.47,3.89,4.08,3.82,3.95,4.07,3.82,3.46,3.39,3.38,3.38,3.59,3.72,3.35,3.53,3.35,3.45,3.45,3.46,3.64,3.70,3.66,3.44,3.52,3.45,3.38,3.41,3.43,3.40,3.56,3.43,3.41,3.26,3.43,3.47,3.20,3.01,2.94,2.93,2.98,3.00,3.02,2.84,2.98,3.02,2.87,2.41,2.47,2.06,1.49,1.46,1.80,2.61,3.03,3.04,2.89,2.78,2.69,2.30,1.50,0.30,-0.43,0.34,1.66,2.29,2.64,2.54,2.46,2.23,2.12,1.91,2.43,1.85,1.66,1.68,1.43,1.53,1.56,1.70,1.97,1.79,1.76,1.78,1.79,1.91,1.57,1.65,1.73,1.89,1.96,2.12,2.59,2.64,2.28,2.06,2.07,1.89,1.45,1.34,1.31,1.25,1.28,1.33,1.28,1.56,1.60,1.91,1.71,1.55,1.33,-0.44,-2.68,-3.49,-3.33,-3.68,-3.76,-3.66,-3.65,-3.46,-3.54,-3.74,-3.37,-3.46,-3.53,-3.63,-3.57,-3.65,-3.67,-3.45,-3.40,-3.65,-3.71,-3.53,-3.79,-4.13,-3.97,-3.97,-3.96,-3.96,-3.96,-3.93,-3.88,-4.09,-4.15,-3.98,-3.63,-3.22,-2.87,-2.13,-0.72,1.28,3.69,6.13,8.49,11.43,14.55,18.01,20.66,21.80
3.58,3.59,3.90,4.03,3.97,4.00,3.95,3.82,3.81,3.70,3.58,3.25,3.27,3.53,3.65,3.70,3.63,3.50,3.64,3.94,3.87,3.44,3.62,3.51,3.53,3.45,3.26,3.21,3.04,2.83,2.93,2.81,2.75,2.78,2.75,3.00,2.69,2.52,2.69,2.83,2.77,2.75,2.76,2.88,2.83,2.49,2.76,2.32,2.34,2.19,1.91,1.44,1.38,2.01,2.45,2.83,2.70,2.49,2.53,2.12,0.76,-1.36,-2.18,-1.18,0.96,2.38,2.55,2.57,2.41,2.30,2.19,1.94,2.17,1.96,1.62,1.65,1.48,1.43,1.46,1.56,1.73,1.66,1.68,1.53,1.60,1.76,1.59,1.66,1.65,1.72,1.93,2.22,2.71,2.54,2.25,2.19,2.06,1.87,1.50,1.36,1.12,1.04,1.04,1.05,1.07,1.60,1.93,1.95,1.51,1.21,1.33,-0.21,-2.67,-3.62,-3.74,-3.85,-3.83,-3.72,-3.72,-3.59,-3.49,-3.52,-3.62,-3.52,-3.92,-3.61,-3.44,-3.66,-3.76,-3.65,-3.53,-3.49,-3.45,-3.50,-3.53,-3.72,-3.57,-3.63,-3.88,-3.90,-3.84,-4.03,-3.76,-3.98,-3.94,-3.75,-3.46,-3.14,-2.81,-2.05,-0.71,1.40,3.68,5.80,7.89,10.86,13.46,16.41,18.81,19.55
3.70,3.79,4.01,4.08,4.07,4.01,3.97,3.98,3.96,3.78,3.52,3.31,3.25,3.32,3.50,3.52,3.58,3.52,3.68,3.47,3.10,3.15,3.00,3.08,3.20,3.20,3.18,2.91,2.36,2.00,2.23,2.30,2.53,2.54,2.41,2.54,2.43,2.35,2.53,2.55,2.46,2.64,2.73,2.73,2.64,2.47,2.85,2.53,2.65,2.55,2.30,1.70,1.46,1.73,2.30,2.73,2.72,2.67,2.63,2.20,0.83,-1.17,-1.64,-1.11,0.37,2.14,2.38,2.35,2.45,2.46,2.34,1.94,1.94,2.06,1.85,1.42,1.34,1.42,1.49,1.48,1.45,1.49,1.56,1.55,1.46,1.56,1.57,1.68,1.59,1.65,1.90,2.26,2.76,2.76,2.53,2.25,1.99,1.91,1.61,1.42,1.21,0.96,1.07,0.87,0.98,1.48,1.77,1.73,1.56,0.63,0.56,-0.31,-2.55,-3.66,-3.94,-3.84,-3.74,-3.67,-3.57,-3.62,-3.74,-3.53,-3.76,-3.52,-3.52,-3.72,-3.48,-3.37,-3.65,-3.77,-3.63,-3.46,-3.28,-3.32,-3.28,-3.41,-3.49,-3.61,-3.80,-3.84,-3.79,-3.96,-3.63,-3.80,-3.67,-3.55,-3.41,-3.13,-2.78,-2.21,-1.13,0.99,3.25,5.18,6.93,9.38,12.04,14.94,16.99,17.12
3.96,3.97,4.05,4.07,3.88,3.84,3.82,3.79,3.75,3.59,3.40,3.35,3.16,3.12,3.30,3.19,3.25,3.26,3.27,3.20,3.20,3.32,3.24,3.10,3.40,3.14,3.35,3.18,2.26,1.66,1.95,2.03,2.47,2.57,2.48,2.51,2.45,2.35,2.42,2.52,2.58,2.65,2.71,2.76,2.85,2.63,2.77,2.64,2.73,2.79,2.43,1.72,1.39,1.55,2.23,2.64,2.55,2.48,2.58,2.52,1.70,0.13,-0.79,-0.37,1.20,2.30,2.48,2.28,2.14,2.30,2.34,1.87,1.80,2.13,1.70,1.37,1.18,1.25,1.34,1.50,1.46,1.57,1.50,1.36,1.43,1.37,1.38,1.55,1.51,1.60,1.76,2.20,2.72,2.84,2.67,2.25,1.89,1.80,1.57,1.38,1.18,1.06,1.11,0.80,0.76,1.40,1.88,1.80,1.51,0.49,-0.41,-0.68,-2.32,-3.52,-3.84,-3.84,-3.96,-4.15,-4.05,-3.68,-3.76,-3.84,-3.85,-3.63,-3.62,-3.40,-3.45,-3.44,-3.40,-3.46,-3.52,-3.45,-3.39,-3.44,-3.09,-3.21,-3.62,-3.67,-3.61,-3.59,-3.58,-3.71,-3.59,-3.76,-3.80,-3.84,-3.79,-3.48,-3.14,-2.40,-1.81,0.03,2.38,4.33,5.62,8.63,11.05,13.89,16.16,16.56
3.60,3.72,3.82,3.58,3.34,3.52,3.54,3.49,3.44,3.44,3.26,3.35,3.16,3.13,3.37,3.30,3.54,3.31,3.30,3.12,2.88,2.82,2.78,2.84,3.16,3.03,3.26,3.32,2.57,1.89,1.85,1.54,2.22,2.45,2.45,2.54,2.41,2.38,2.46,2.47,2.54,2.66,2.71,2.83,2.85,2.60,2.66,2.45,2.41,2.52,1.99,1.64,1.50,1.29,1.71,2.25,2.57,2.58,2.40,2.26,2.00,0.92,-0.17,0.55,1.77,1.87,2.29,2.47,2.12,2.13,2.06,1.79,1.84,1.78,1.64,1.38,1.17,1.31,1.20,1.37,1.38,1.61,1.42,1.27,1.50,1.44,1.40,1.57,1.50,1.53,1.72,2.16,2.59,2.65,2.53,2.22,1.78,1.50,1.31,1.37,1.28,1.17,0.73,0.65,0.51,1.03,1.17,1.06,0.61,0.28,-0.28,-0.83,-2.05,-3.39,-3.94,-4.03,-3.98,-3.84,-3.80,-3.74,-3.61,-3.63,-3.89,-3.77,-3.39,-3.57,-3.57,-3.45,-3.48,-3.49,-3.41,-3.43,-3.40,-3.65,-3.15,-3.18,-3.59,-3.57,-3.35,-3.28,-3.36,-3.72,-3.63,-3.90,-4.06,-4.23,-4.36,-4.26,-4.07,-3.45,-2.81,-1.33,0.83,2.98,4.44,7.17,9.95,12.77,14.99,16.00
3.63,3.44,3.16,3.10,2.87,3.39,3.53,3.43,3.33,3.41,3.21,3.46,3.31,3.20,3.21,3.20,3.52,3.44,3.19,2.97,2.93,2.98,3.06,2.93,3.22,3.35,3.49,3.43,2.47,1.85,1.90,1.66,2.38,2.60,2.35,2.48,2.34,2.38,2.48,2.38,2.40,2.48,2.45,2.49,2.57,2.43,2.42,2.14,1.97,2.16,1.57,1.18,1.07,1.46,1.72,2.20,2.28,2.06,1.99,2.12,2.14,1.40,0.62,0.92,1.99,2.12,2.18,2.45,2.18,2.34,2.07,1.78,1.84,1.97,1.71,1.26,1.18,1.53,1.25,1.39,1.44,1.55,1.49,1.51,1.82,1.64,1.45,1.50,1.50,1.46,1.64,1.96,2.41,2.36,1.97,1.83,1.51,1.20,1.14,1.21,0.96,0.52,0.23,0.08,0.20,0.68,-0.03,-0.52,-0.36,-0.33,-0.46,-0.68,-1.84,-2.95,-3.39,-3.58,-3.77,-3.81,-3.88,-3.92,-3.67,-3.63,-3.87,-3.72,-3.49,-3.62,-3.63,-3.61,-3.59,-3.49,-3.48,-3.68,-3.55,-3.58,-3.27,-3.26,-3.52,-3.50,-3.32,-3.32,-3.37,-3.80,-3.63,-3.94,-4.11,-4.45,-4.86,-4.79,-4.52,-4.62,-3.85,-2.45,-0.46,1.90,3.77,6.23,8.28,10.92,13.69,15.63
3.40,3.34,3.14,2.55,2.83,3.09,3.33,3.40,3.38,3.50,3.35,3.58,3.50,3.33,3.21,3.19,3.28,3.24,3.16,3.13,3.14,3.12,3.06,3.13,3.21,3.46,3.25,3.01,2.07,1.59,1.71,1.79,2.53,2.69,2.17,2.41,2.29,2.24,2.38,2.30,2.18,2.19,2.16,2.03,2.07,2.03,1.89,1.64,1.20,1.42,1.01,0.49,0.35,0.29,-0.07,0.07,0.32,0.56,0.51,0.45,0.62,0.28,-0.15,0.08,0.60,1.89,2.06,2.36,2.26,2.40,2.18,1.84,1.56,2.03,1.93,1.62,1.17,1.54,1.21,1.43,1.45,1.61,1.51,1.46,1.73,1.57,1.39,1.29,1.40,1.44,1.42,1.61,1.84,1.40,0.73,0.61,0.55,0.42,0.30,-0.01,-0.08,-0.42,-0.54,-0.78,-0.74,-0.41,-0.53,-0.57,-0.62,-0.58,-1.07,-0.99,-1.38,-2.56,-3.36,-3.63,-3.81,-3.81,-3.80,-3.88,-3.87,-3.74,-3.85,-3.70,-3.66,-3.63,-3.63,-3.67,-3.74,-3.66,-3.53,-3.80,-3.68,-3.53,-3.37,-3.37,-3.52,-3.50,-3.43,-3.54,-3.44,-3.72,-3.49,-3.84,-4.03,-4.31,-4.86,-5.04,-4.62,-4.45,-3.83,-2.73,-1.13,1.03,2.78,5.06,7.00,9.26,11.98,14.54
3.15,3.16,3.06,2.91,2.71,2.94,3.15,3.33,3.53,3.66,3.41,3.53,3.49,3.40,3.27,3.09,2.95,2.93,2.96,3.00,2.95,2.76,2.55,2.54,2.91,2.73,3.08,3.00,2.28,1.55,1.42,1.90,2.36,2.11,1.89,2.08,2.16,1.99,2.14,2.06,1.85,1.91,1.93,1.72,1.62,1.46,0.87,0.84,0.11,0.04,-0.42,-0.91,-1.33,-1.32,-1.55,-1.57,-1.66,-1.48,-1.55,-1.64,-1.16,-1.11,-1.22,-0.43,0.69,1.56,0.87,1.60,2.07,2.14,2.06,1.90,1.56,2.03,1.70,1.27,1.05,1.28,1.16,1.29,1.39,1.14,1.14,1.33,1.15,0.80,0.61,0.53,0.45,0.20,0.00,-0.17,-0.28,-0.37,-0.58,-0.76,-0.84,-0.82,-0.53,-0.15,-0.16,-0.33,-0.18,-0.31,-0.21,0.24,-0.05,-0.26,-0.56,-0.46,-0.82,-0.93,-1.66,-2.62,-3.05,-3.33,-3.66,-3.72,-3.84,-3.59,-3.57,-3.72,-3.84,-3.83,-3.65,-3.63,-3.75,-3.74,-3.72,-3.81,-3.67,-3.70,-3.62,-3.44,-3.41,-3.58,-3.61,-3.52,-3.43,-3.36,-3.27,-3.71,-3.39,-3.72,-4.09,-4.36,-4.77,-4.78,-4.31,-4.15,-3.63,-2.79,-1.67,0.08,2.51,4.61,6.27,8.13,10.53,13.06
3.21,3.16,3.02,2.79,2.78,2.66,2.89,3.34,3.64,3.47,3.16,3.25,2.97,2.93,2.89,2.69,2.58,2.60,2.51,2.57,2.51,2.23,1.96,2.07,2.53,2.30,2.63,2.51,1.76,1.25,1.29,1.70,2.17,1.87,1.49,1.78,1.85,1.76,1.80,1.76,1.60,1.67,1.65,1.23,0.82,0.51,-0.05,-0.15,-0.96,-1.18,-1.70,-1.69,-2.19,-2.12,-2.30,-2.05,-2.28,-2.59,-2.69,-2.50,-2.19,-2.05,-1.61,-0.91,-0.16,0.50,0.72,0.96,1.39,1.85,1.77,1.85,1.53,1.84,1.31,0.47,0.71,0.66,0.67,0.26,0.69,0.03,0.08,-0.08,-0.17,-0.47,-0.81,-0.74,-0.62,-0.73,-0.91,-1.30,-1.48,-0.99,-0.27,0.19,-0.17,-0.69,-0.36,-0.23,-0.42,-0.51,-0.12,0.11,-0.59,-0.57,0.03,0.29,-0.33,-0.78,-1.23,-1.60,-2.24,-2.94,-3.14,-3.14,-3.33,-3.57,-3.65,-3.48,-3.61,-3.65,-3.74,-3.85,-3.74,-3.65,-3.80,-3.85,-3.77,-3.84,-3.92,-3.71,-3.62,-3.41,-3.44,-3.65,-3.68,-3.74,-3.75,-3.23,-3.65,-3.61,-3.57,-3.77,-4.15,-4.35,-4.32,-4.62,-4.11,-3.77,-3.32,-2.60,-1.51,0.23,2.70,4.83,6.40,7.96,10.03,12.26
3.21,3.20,3.00,2.71,3.02,2.82,3.09,3.34,3.41,3.32,2.85,2.91,2.26,2.25,2.34,2.26,2.25,2.26,2.14,2.25,2.19,1.88,1.68,1.90,2.01,2.00,2.20,2.35,1.76,1.42,1.28,1.40,1.96,2.08,1.61,1.65,1.65,1.59,1.55,1.44,1.34,1.42,1.20,0.47,-0.15,-0.36,-0.67,-1.11,-1.83,-1.80,-2.21,-2.16,-2.53,-2.42,-2.59,-2.39,-2.54,-2.90,-3.01,-2.92,-2.77,-2.56,-2.31,-1.89,-1.12,-0.12,1.06,0.84,0.25,1.20,0.73,1.59,0.88,0.72,-0.18,-0.29,-0.66,-0.87,-1.21,-1.43,-0.87,-1.06,-0.87,-0.92,-0.41,-0.20,-0.43,-0.63,0.03,0.24,-0.29,-0.99,-1.36,-1.24,-1.12,-0.72,-0.20,-0.21,-0.33,-0.18,-0.11,-0.13,0.04,0.02,-0.05,-0.07,-0.06,-0.74,-0.92,-1.11,-1.46,-2.04,-2.62,-3.05,-3.23,-3.17,-3.24,-3.48,-3.50,-3.67,-3.67,-3.44,-3.72,-3.81,-3.80,-3.72,-3.77,-3.87,-3.81,-3.79,-3.92,-3.75,-3.74,-3.62,-3.61,-3.59,-3.55,-3.66,-3.90,-3.67,-4.10,-4.00,-4.05,-4.03,-4.02,-4.06,-4.07,-4.44,-3.94,-3.39,-2.81,-1.98,-0.63,1.45,3.65,5.75,7.29,8.72,10.64,12.48
3.26,3.33,3.16,2.97,2.94,2.58,2.75,2.96,3.16,3.14,2.53,2.57,2.26,1.96,1.91,2.01,2.02,2.12,2.10,2.11,1.99,1.77,1.70,1.79,1.79,1.56,2.03,2.31,1.77,1.46,1.42,1.44,1.61,1.67,1.29,1.68,1.45,1.18,1.34,1.29,1.09,0.90,0.66,0.19,-0.31,-0.78,-1.45,-2.00,-2.41,-2.27,-2.33,-2.46,-2.56,-2.50,-2.59,-2.63,-2.69,-2.79,-3.12,-3.27,-3.04,-2.79,-2.63,-2.64,-2.42,-1.40,-0.02,0.20,-0.81,-0.88,-0.87,-0.54,-0.86,-0.66,-1.04,-1.91,-0.74,-0.28,-1.02,-1.14,-0.23,0.18,0.00,-0.12,-0.08,-0.01,-0.06,-0.28,-0.10,0.29,0.30,-0.47,-1.09,-1.06,-1.21,-0.63,0.18,-0.15,-0.43,-0.23,-0.13,-0.05,0.07,-0.16,-0.08,0.66,0.13,-0.87,-1.26,-1.53,-1.83,-2.16,-2.74,-3.14,-3.28,-3.30,-3.27,-3.40,-3.39,-3.68,-3.66,-3.55,-3.68,-3.68,-3.67,-3.68,-3.72,-3.83,-3.81,-3.65,-3.77,-3.52,-3.77,-3.68,-3.71,-3.83,-3.94,-3.98,-3.84,-3.55,-3.89,-4.06,-3.98,-3.92,-4.11,-4.43,-4.03,-4.17,-3.67,-3.03,-2.21,-1.11,0.53,3.09,5.32,7.20,8.60,9.84,11.74,13.11
3.38,3.43,3.24,3.00,2.82,2.51,2.64,2.89,2.94,2.75,2.41,2.24,2.30,2.06,1.99,1.99,1.93,1.95,2.06,1.88,1.79,1.76,1.67,1.57,1.61,1.45,1.85,2.17,1.85,1.56,1.50,1.42,1.39,1.55,1.31,1.57,1.32,1.40,1.40,1.43,1.06,0.68,0.63,0.53,-0.15,-1.31,-2.31,-2.65,-2.69,-2.59,-2.50,-2.63,-2.62,-2.53,-2.55,-2.68,-2.72,-2.83,-3.15,-3.37,-3.22,-2.99,-2.94,-2.97,-2.91,-2.24,-1.33,0.26,-0.20,-0.54,-0.61,-0.58,0.09,0.24,-0.21,-0.89,-0.41,-0.12,-0.16,-0.36,0.00,0.29,0.32,-0.51,-0.24,0.42,0.20,-0.16,0.09,0.23,0.25,-0.28,-1.45,-1.79,-1.43,-1.08,-1.07,-0.81,-0.73,-0.71,-0.79,-0.42,-0.13,-0.67,-1.07,-0.43,-0.46,-1.31,-1.78,-1.94,-2.13,-2.40,-2.85,-3.17,-3.33,-3.33,-3.09,-3.22,-3.30,-3.59,-3.65,-3.75,-3.66,-3.59,-3.61,-3.67,-3.72,-3.85,-3.96,-3.61,-3.94,-3.65,-3.93,-3.88,-3.85,-3.93,-3.98,-3.94,-4.02,-4.01,-3.70,-3.97,-3.80,-3.76,-4.02,-4.28,-4.20,-3.93,-3.32,-2.68,-1.72,-0.21,1.77,4.71,6.90,8.45,9.73,11.04,12.61,13.86
3.30,3.33,3.16,2.96,2.89,2.60,2.65,2.84,2.84,2.59,2.29,2.38,2.16,1.96,1.90,1.88,1.83,1.89,1.85,1.65,1.66,1.67,1.54,1.40,1.46,1.64,1.71,1.99,1.77,1.57,1.55,1.40,1.28,1.45,1.48,1.55,1.43,1.31,1.17,1.42,0.94,0.41,0.40,0.41,-0.33,-1.76,-2.73,-2.77,-2.76,-2.67,-2.65,-2.62,-2.68,-2.59,-2.65,-2.83,-2.95,-3.08,-3.13,-3.28,-3.35,-3.22,-3.14,-3.19,-3.19,-2.70,-1.91,-0.81,-0.92,0.04,-0.05,-0.33,0.11,0.25,0.40,-0.37,-0.27,0.09,-0.17,-0.28,-0.23,0.23,0.25,0.20,0.03,-0.07,-0.01,-0.11,-0.07,0.02,0.13,-0.43,-1.60,-1.94,-1.78,-1.61,-1.57,-1.65,-1.70,-1.59,-1.80,-1.89,-1.71,-1.46,-2.08,-1.76,-1.70,-2.27,-2.39,-2.19,-2.30,-2.56,-2.92,-3.26,-3.37,-3.21,-2.92,-2.96,-3.12,-3.41,-3.53,-3.66,-3.79,-3.65,-3.74,-3.89,-3.92,-3.90,-3.74,-3.81,-3.77,-4.00,-4.18,-3.85,-3.58,-3.57,-3.61,-3.63,-4.02,-3.75,-3.77,-3.85,-3.76,-3.72,-3.94,-4.15,-4.07,-3.90,-3.12,-2.26,-1.14,0.77,3.33,6.20,7.88,8.89,9.99,11.61,12.92,15.12
3.13,3.20,3.20,3.08,2.90,2.71,2.57,2.78,2.83,2.53,2.20,2.57,1.94,2.05,2.01,1.91,1.89,1.74,1.62,1.42,1.54,1.57,1.46,1.37,1.44,1.59,1.56,1.85,1.67,1.54,1.53,1.34,1.17,1.29,1.37,1.23,1.32,1.31,1.34,1.32,1.07,0.66,0.24,-0.10,-0.67,-1.83,-2.81,-2.82,-2.69,-2.87,-2.73,-2.62,-2.77,-2.77,-2.88,-3.09,-3.14,-3.14,-3.12,-3.23,-3.32,-3.30,-3.32,-3.36,-3.13,-2.36,-1.11,-0.12,-0.39,0.11,0.28,0.18,0.23,0.32,0.18,-0.34,-0.13,0.08,-0.08,-0.16,0.32,0.18,0.02,-0.12,-0.15,-0.27,-0.53,-0.93,-0.83,-0.56,-0.64,-1.32,-2.08,-2.27,-2.53,-2.39,-2.30,-2.69,-2.94,-2.73,-2.96,-3.01,-2.51,-2.51,-2.67,-2.58,-2.64,-2.65,-2.70,-2.45,-2.51,-2.76,-3.05,-3.36,-3.32,-2.96,-2.78,-2.67,-2.99,-3.09,-3.35,-3.57,-3.81,-3.71,-3.75,-3.76,-3.65,-3.79,-3.67,-3.71,-3.71,-3.75,-3.81,-3.84,-3.74,-3.71,-3.75,-3.70,-3.88,-3.75,-3.72,-3.83,-3.85,-3.84,-3.92,-4.15,-4.00,-3.96,-2.99,-1.78,-0.33,2.02,5.05,7.48,8.68,9.36,10.18,11.47,13.19,16.59
3.18,3.28,3.14,2.87,2.69,2.76,2.52,2.72,2.76,2.47,2.14,2.41,2.03,1.97,1.90,1.89,1.88,1.83,1.76,1.51,1.53,1.55,1.37,1.16,1.16,1.36,1.45,1.74,1.62,1.57,1.43,1.20,1.11,1.18,1.28,1.25,1.31,1.53,1.27,1.33,1.20,1.10,0.18,-0.83,-1.43,-2.18,-2.83,-3.10,-3.03,-3.15,-2.95,-3.00,-3.14,-3.01,-3.08,-3.17,-3.19,-3.18,-3.17,-3.17,-3.18,-3.27,-3.35,-3.26,-2.88,-1.76,-0.34,0.58,0.20,0.51,0.18,0.16,0.36,0.58,-0.26,-0.38,-0.27,-0.13,-0.77,-0.86,-0.11,-0.23,-0.66,-1.04,-0.98,-1.04,-1.48,-2.03,-1.90,-1.66,-1.97,-2.45,-2.87,-3.10,-3.32,-3.18,-3.05,-3.18,-3.33,-3.35,-3.35,-3.36,-3.36,-3.40,-3.15,-3.05,-3.03,-2.88,-2.91,-2.74,-2.79,-3.04,-3.19,-3.21,-3.14,-2.95,-2.73,-2.49,-2.95,-2.83,-3.18,-3.40,-3.70,-3.70,-3.70,-3.67,-3.33,-3.50,-3.81,-3.93,-3.94,-3.66,-3.66,-3.79,-3.71,-3.58,-3.66,-3.68,-3.65,-3.75,-3.59,-3.58,-3.65,-3.72,-3.76,-3.87,-3.98,-3.68,-2.59,-1.26,0.30,3.47,6.54,8.73,9.77,10.09,10.49,11.88,14.84,18.28
3.18,3.40,3.28,3.02,2.84,2.84,2.66,2.58,2.70,2.49,2.17,2.18,2.23,2.01,1.89,1.80,1.76,1.77,1.71,1.67,1.56,1.40,1.44,1.40,1.32,1.53,1.54,1.62,1.61,1.76,1.45,1.22,1.17,1.23,1.36,1.36,1.27,1.40,1.38,1.40,1.40,1.29,0.41,-0.86,-1.76,-2.23,-2.68,-2.78,-2.87,-3.21,-2.96,-3.14,-3.22,-3.12,-3.10,-3.13,-3.31,-3.36,-3.21,-3.14,-3.12,-3.18,-3.18,-3.04,-2.68,-1.60,-0.38,0.35,0.58,0.77,0.13,-0.03,0.13,0.41,-0.39,-1.16,-0.82,-0.77,-1.37,-1.89,-1.38,-1.40,-1.78,-2.13,-2.08,-2.31,-2.51,-2.69,-2.82,-2.59,-2.53,-2.88,-3.19,-3.37,-3.46,-3.44,-3.45,-3.26,-3.33,-3.24,-3.32,-3.27,-3.57,-3.52,-3.45,-3.28,-3.19,-3.15,-3.04,-2.96,-3.04,-3.21,-3.18,-2.99,-2.96,-3.18,-2.96,-2.76,-2.83,-2.81,-2.97,-3.03,-3.17,-3.44,-3.71,-3.81,-3.50,-3.10,-3.39,-3.32,-3.43,-3.36,-3.39,-3.54,-3.57,-3.53,-3.67,-3.50,-3.66,-3.58,-3.45,-3.43,-3.44,-3.49,-3.57,-3.50,-3.67,-3.08,-2.03,-0.68,1.34,4.90,7.44,9.42,10.24,10.47,11.15,12.93,16.57,20.08
3.28,3.19,3.06,2.82,2.72,2.84,2.61,2.52,2.69,2.55,2.24,2.10,2.17,2.14,1.93,1.80,1.78,1.77,1.72,1.60,1.65,1.61,1.54,1.40,1.32,1.38,1.40,1.46,1.83,1.95,1.61,1.36,1.23,1.25,1.37,1.42,1.11,1.17,1.42,1.21,1.20,1.16,0.66,-0.59,-1.71,-2.17,-2.40,-2.59,-2.77,-2.92,-2.82,-3.01,-2.95,-3.15,-3.03,-3.01,-3.30,-3.36,-3.23,-3.21,-3.24,-3.24,-3.18,-3.06,-2.70,-1.95,-0.94,-0.06,0.35,0.11,-0.44,-0.91,-0.89,-0.69,-1.56,-2.39,-2.22,-1.86,-2.30,-2.53,-2.27,-2.50,-2.67,-2.99,-3.13,-3.12,-3.13,-3.28,-3.39,-3.30,-3.14,-3.19,-3.40,-3.39,-3.39,-3.44,-3.63,-3.41,-3.35,-3.18,-3.43,-3.27,-3.43,-3.40,-3.49,-3.37,-3.37,-3.28,-3.15,-3.05,-3.09,-3.15,-3.13,-3.10,-2.99,-3.22,-3.09,-2.87,-2.88,-2.92,-3.00,-3.18,-3.27,-3.28,-3.28,-3.26,-3.27,-3.08,-2.87,-2.96,-3.27,-3.50,-3.41,-3.52,-3.66,-3.61,-3.63,-3.43,-3.58,-3.44,-3.33,-3.40,-3.46,-3.44,-3.41,-3.53,-3.49,-2.96,-1.70,0.41,3.08,5.78,7.88,9.70,10.53,10.69,11.65,14.15,18.09,21.11
3.31,3.31,3.16,2.88,2.84,2.98,2.55,2.45,2.69,2.51,2.26,2.19,2.05,2.10,1.94,1.83,1.77,1.73,1.65,1.65,1.64,1.43,1.36,1.33,1.42,1.56,1.32,1.51,1.72,1.71,1.50,1.27,1.16,1.18,1.32,1.42,1.10,1.04,1.18,0.92,1.11,1.25,0.93,-0.46,-1.84,-2.37,-2.60,-2.94,-2.87,-2.94,-3.04,-2.94,-3.15,-3.17,-3.06,-3.14,-3.31,-3.43,-3.43,-3.32,-3.35,-3.44,-3.35,-3.18,-2.87,-2.37,-1.53,-0.49,-0.67,-1.22,-1.46,-1.94,-2.02,-1.93,-2.83,-3.17,-3.33,-2.97,-3.22,-3.14,-2.86,-2.86,-2.97,-3.41,-3.65,-3.55,-3.58,-3.74,-3.76,-3.70,-3.54,-3.48,-3.52,-3.53,-3.45,-3.52,-3.66,-3.58,-3.43,-3.31,-3.61,-3.49,-3.44,-3.39,-3.52,-3.40,-3.43,-3.31,-3.31,-3.17,-2.95,-3.15,-3.35,-3.15,-2.95,-3.18,-3.19,-3.21,-3.18,-3.10,-3.19,-3.30,-3.30,-3.08,-2.88,-2.86,-2.69,-2.95,-2.74,-2.81,-3.19,-3.48,-3.57,-3.67,-3.81,-3.74,-3.59,-3.45,-3.41,-3.48,-3.35,-3.28,-3.28,-3.18,-3.12,-3.22,-2.68,-1.85,-0.41,1.96,4.91,7.23,8.62,9.80,10.55,10.99,12.46,15.97,19.59,21.71
3.18,3.37,3.27,2.83,2.75,2.87,2.48,2.64,2.67,2.43,2.29,2.26,2.10,1.84,1.88,1.74,1.67,1.60,1.49,1.42,1.38,1.37,1.27,1.25,1.25,1.27,1.46,1.43,1.76,1.76,1.46,1.06,1.09,1.27,1.39,1.40,1.26,1.06,1.12,0.88,1.14,1.23,0.95,-0.51,-1.71,-2.18,-2.70,-2.81,-2.50,-2.95,-2.78,-2.87,-2.95,-3.30,-3.17,-3.23,-3.40,-3.27,-3.37,-3.30,-3.24,-3.23,-3.15,-3.03,-2.76,-2.47,-2.08,-1.30,-1.61,-2.14,-2.21,-2.31,-2.62,-2.58,-3.05,-3.33,-3.55,-3.59,-3.80,-3.57,-3.06,-2.95,-3.04,-3.45,-3.63,-3.68,-3.81,-3.85,-3.89,-3.79,-3.58,-3.62,-3.58,-3.74,-3.62,-3.58,-3.59,-3.52,-3.43,-3.36,-3.61,-3.74,-3.54,-3.30,-3.53,-3.31,-3.15,-3.09,-3.13,-3.05,-2.97,-3.18,-3.33,-3.33,-2.92,-3.04,-3.15,-3.13,-3.13,-2.88,-2.96,-3.06,-3.12,-3.05,-2.86,-2.82,-2.74,-2.67,-2.46,-2.51,-3.05,-3.39,-3.53,-3.68,-3.75,-3.76,-3.65,-3.44,-3.52,-3.55,-3.40,-3.26,-3.26,-3.46,-3.21,-2.92,-2.59,-1.64,0.30,3.15,6.34,8.25,9.31,9.89,10.37,11.28,13.86,17.71,20.69,22.10
3.13,3.19,3.10,2.59,2.57,2.63,2.35,2.71,2.67,2.31,2.12,2.06,1.94,1.93,1.73,1.68,1.61,1.54,1.51,1.39,1.48,1.51,1.40,1.26,1.25,1.33,1.34,1.53,1.71,1.88,1.34,1.21,1.15,1.17,1.28,1.37,1.34,1.16,1.27,1.04,1.15,1.20,0.92,-0.51,-1.66,-2.19,-2.59,-2.69,-2.41,-2.59,-2.65,-2.74,-3.22,-3.05,-2.77,-3.30,-3.27,-3.18,-3.40,-3.31,-2.97,-2.95,-2.94,-2.79,-2.65,-2.53,-2.40,-1.97,-2.02,-2.21,-2.63,-2.30,-2.83,-2.88,-3.01,-3.44,-3.58,-3.74,-3.92,-3.66,-3.09,-3.23,-3.31,-3.49,-3.54,-3.50,-3.67,-3.72,-3.76,-3.76,-3.62,-3.68,-3.62,-3.77,-3.65,-3.59,-3.65,-3.30,-3.44,-3.45,-3.54,-3.71,-3.77,-3.40,-3.49,-3.37,-3.08,-2.79,-2.83,-2.97,-3.05,-3.19,-3.17,-3.03,-3.32,-3.28,-3.24,-3.26,-3.19,-3.13,-3.09,-3.10,-3.22,-3.22,-3.01,-2.96,-2.87,-2.55,-2.39,-2.42,-2.87,-3.32,-3.48,-3.49,-3.58,-3.62,-3.70,-3.58,-3.61,-3.58,-3.41,-3.21,-3.14,-3.15,-3.21,-2.99,-2.33,-1.33,0.63,4.11,7.22,9.33,10.01,10.07,10.37,11.73,15.41,18.72,20.85,21.74
3.26,3.01,2.90,2.47,2.59,2.61,2.34,2.60,2.70,2.49,2.26,2.05,1.97,2.16,1.74,1.80,1.68,1.65,1.68,1.54,1.67,1.61,1.50,1.39,1.44,1.44,1.44,1.79,1.80,1.87,1.42,1.49,1.28,1.16,1.16,1.21,1.28,1.21,1.25,1.14,1.12,1.34,0.89,-0.34,-1.48,-2.10,-2.40,-2.55,-2.44,-2.36,-2.53,-2.81,-2.99,-2.82,-2.81,-2.87,-3.01,-3.17,-3.18,-2.96,-2.81,-2.65,-2.50,-2.65,-2.76,-2.47,-2.31,-2.23,-2.19,-2.42,-2.65,-2.16,-2.72,-2.99,-3.33,-3.67,-3.70,-3.66,-3.59,-3.76,-3.46,-3.49,-3.55,-3.57,-3.53,-3.39,-3.43,-3.52,-3.61,-3.74,-3.68,-3.58,-3.53,-3.71,-3.65,-3.75,-3.75,-3.14,-3.40,-3.43,-3.50,-3.54,-3.65,-3.61,-3.61,-3.23,-3.10,-3.21,-3.33,-3.39,-3.28,-3.24,-3.48,-3.46,-3.49,-3.41,-3.46,-3.28,-3.35,-3.28,-3.24,-3.32,-3.37,-3.33,-3.27,-3.06,-3.00,-2.82,-2.55,-2.55,-2.83,-3.30,-3.55,-3.49,-3.45,-3.68,-3.68,-3.40,-3.58,-3.41,-3.22,-3.23,-3.22,-3.23,-3.21,-3.01,-2.44,-1.32,0.66,4.33,7.83,10.11,10.69,10.43,10.74,12.59,16.46,19.43,21.09,21.69
3.22,3.06,2.95,2.59,2.75,2.66,2.35,2.51,2.69,2.64,2.34,2.13,2.12,2.06,1.83,1.87,1.74,1.71,1.66,1.51,1.57,1.53,1.45,1.38,1.44,1.45,1.48,1.70,1.62,1.91,1.45,1.55,1.15,1.15,1.36,1.33,1.17,1.23,1.42,1.07,1.23,1.45,0.88,-0.18,-1.19,-1.98,-2.42,-2.53,-2.55,-2.30,-2.31,-2.30,-2.55,-2.59,-2.74,-2.58,-2.62,-2.49,-2.60,-2.56,-2.27,-2.09,-2.23,-2.33,-2.21,-2.10,-2.21,-2.19,-2.31,-2.63,-2.68,-2.58,-2.97,-3.03,-3.39,-3.70,-3.55,-3.61,-3.57,-3.67,-3.52,-3.61,-3.65,-3.46,-3.45,-3.39,-3.26,-3.24,-3.32,-3.44,-3.48,-3.43,-3.50,-3.81,-3.71,-3.75,-3.68,-3.23,-3.50,-3.22,-3.40,-3.46,-3.52,-3.50,-3.46,-3.39,-3.44,-3.43,-3.39,-3.49,-3.45,-3.27,-3.31,-3.52,-3.84,-3.61,-3.53,-3.40,-3.50,-3.49,-3.37,-3.40,-3.43,-3.37,-3.44,-3.28,-3.23,-3.05,-2.76,-2.78,-2.95,-3.33,-3.61,-3.53,-3.52,-3.66,-3.55,-3.39,-3.44,-3.40,-3.18,-3.05,-3.05,-3.15,-3.12,-2.96,-2.49,-1.53,0.30,3.98,8.04,10.40,11.15,11.06,11.30,13.49,17.22,19.61,20.83,21.42
2.83,3.04,3.06,2.81,2.83,2.67,2.45,2.46,2.63,2.63,2.42,2.26,2.17,1.99,1.89,1.74,1.72,1.62,1.56,1.60,1.51,1.39,1.42,1.29,1.39,1.51,1.56,1.55,1.65,1.95,1.38,1.39,1.21,1.38,1.51,1.42,1.26,1.21,1.12,1.43,1.44,1.23,0.82,-0.11,-1.07,-1.97,-2.47,-2.53,-2.39,-2.05,-1.98,-1.80,-2.04,-2.18,-2.12,-1.56,-1.57,-1.66,-1.83,-1.91,-1.93,-1.94,-1.81,-1.62,-1.74,-2.21,-2.46,-2.36,-2.51,-2.59,-2.99,-2.78,-3.09,-3.22,-3.22,-3.65,-3.58,-3.44,-3.46,-3.40,-3.63,-3.72,-3.72,-3.57,-3.37,-3.37,-3.46,-3.32,-3.18,-3.19,-3.12,-3.22,-3.41,-3.67,-3.72,-3.58,-3.48,-3.26,-3.19,-3.43,-3.59,-3.46,-3.63,-3.58,-3.36,-3.31,-3.46,-3.32,-3.19,-3.44,-3.52,-3.41,-3.26,-3.57,-3.85,-3.80,-3.50,-3.50,-3.63,-3.52,-3.40,-3.40,-3.37,-3.37,-3.43,-3.45,-3.35,-2.99,-3.04,-3.30,-3.23,-3.31,-3.70,-3.58,-3.37,-3.67,-3.62,-3.58,-3.45,-3.36,-3.31,-3.19,-3.15,-3.10,-2.97,-2.97,-2.63,-1.74,-0.24,3.45,7.54,10.52,11.80,11.92,12.42,14.24,17.94,20.06,20.86,21.14
2.70,2.97,3.07,2.83,2.84,2.78,2.63,2.52,2.61,2.55,2.38,2.26,2.20,2.14,1.96,1.87,1.80,1.77,1.68,1.51,1.39,1.43,1.36,1.37,1.49,1.59,1.57,1.53,1.65,1.95,1.46,1.48,1.26,1.28,1.45,1.38,1.21,1.23,1.11,1.62,0.90,0.84,0.44,-0.17,-1.03,-1.83,-2.35,-2.49,-2.21,-1.93,-1.80,-1.57,-1.78,-1.57,-1.70,-1.22,-1.28,-1.36,-1.38,-1.31,-1.35,-1.56,-1.81,-1.93,-2.08,-2.28,-2.40,-2.69,-2.90,-2.90,-3.01,-3.21,-3.10,-2.94,-3.57,-3.71,-3.77,-3.52,-3.53,-3.62,-3.77,-3.77,-3.76,-3.46,-3.15,-3.08,-3.14,-3.23,-3.15,-2.91,-2.92,-3.19,-3.17,-3.46,-3.63,-3.48,-3.76,-3.30,-3.32,-3.35,-3.31,-3.35,-3.50,-3.59,-3.50,-3.45,-3.50,-3.39,-3.39,-3.68,-3.74,-3.66,-3.62,-3.72,-4.09,-3.77,-3.67,-3.61,-3.65,-3.57,-3.50,-3.50,-3.37,-3.40,-3.55,-3.18,-3.18,-3.22,-3.24,-3.33,-3.48,-3.58,-3.58,-3.48,-3.39,-3.49,-3.53,-3.26,-3.27,-3.28,-3.19,-3.22,-3.21,-2.99,-2.85,-2.99,-2.88,-2.07,-0.44,2.55,6.58,10.19,12.32,12.88,13.17,15.43,18.20,20.00,20.80,21.16
2.85,3.00,3.07,2.76,2.61,2.60,2.60,2.63,2.69,2.53,2.40,2.30,2.24,2.16,1.96,1.88,1.90,1.93,1.84,1.76,1.80,1.66,1.23,1.23,1.38,1.43,1.50,1.55,1.61,2.00,1.53,1.56,1.29,1.21,1.32,1.28,1.18,1.11,1.00,0.98,0.29,0.04,-0.16,-0.43,-1.12,-1.75,-2.30,-2.54,-2.31,-2.07,-1.91,-1.55,-1.71,-1.32,-1.51,-1.36,-1.47,-1.46,-1.55,-1.42,-1.46,-1.72,-2.10,-2.33,-2.36,-2.47,-2.63,-2.81,-3.15,-3.01,-3.39,-3.39,-3.46,-3.32,-3.49,-3.62,-3.68,-3.22,-3.54,-3.68,-3.83,-3.71,-3.41,-3.52,-3.46,-3.21,-3.17,-3.21,-3.18,-3.19,-3.14,-3.17,-3.53,-3.33,-3.57,-3.74,-3.93,-3.65,-3.40,-3.43,-3.49,-3.67,-3.53,-3.52,-3.65,-3.61,-3.53,-3.45,-3.44,-3.63,-3.83,-3.85,-3.80,-4.03,-4.17,-3.81,-3.89,-3.80,-3.79,-3.76,-3.67,-3.62,-3.50,-3.53,-3.72,-3.35,-3.27,-3.43,-3.48,-3.31,-3.12,-3.24,-3.65,-3.70,-3.44,-3.54,-3.53,-3.30,-3.22,-3.23,-3.12,-3.15,-3.14,-2.85,-2.76,-2.87,-2.88,-2.35,-0.79,1.93,6.07,10.26,13.00,13.61,13.97,16.38,18.79,20.14,20.63,21.11
2.97,3.09,3.18,2.71,2.81,2.63,2.45,2.49,2.76,2.51,2.59,2.43,2.28,2.14,1.96,1.87,1.88,1.90,1.88,1.82,1.78,1.64,1.46,1.23,1.11,1.38,1.51,1.49,1.64,2.00,1.54,1.71,1.22,1.06,1.26,1.37,1.31,1.22,1.10,0.73,-0.10,-0.49,-0.89,-0.61,-0.74,-1.48,-2.28,-2.56,-2.32,-2.13,-2.05,-1.60,-1.72,-1.55,-1.62,-1.74,-1.78,-1.90,-2.18,-2.04,-2.03,-2.12,-2.39,-2.64,-2.73,-2.81,-2.87,-3.03,-3.31,-3.17,-3.44,-3.33,-3.36,-3.18,-3.49,-3.70,-3.89,-3.75,-3.39,-3.57,-3.63,-3.67,-3.58,-3.61,-3.76,-3.65,-3.39,-3.17,-2.94,-2.99,-3.18,-3.17,-3.37,-3.41,-3.45,-3.71,-4.22,-3.93,-3.55,-3.44,-3.48,-3.67,-3.59,-3.55,-3.63,-3.70,-3.65,-3.59,-3.57,-3.61,-3.80,-3.83,-3.90,-4.27,-4.20,-4.03,-4.09,-4.03,-4.10,-3.97,-3.65,-3.58,-3.55,-3.49,-3.52,-3.63,-3.33,-3.19,-3.37,-3.48,-3.35,-3.31,-3.41,-3.67,-3.19,-3.30,-3.54,-3.40,-3.24,-3.21,-3.10,-3.12,-3.15,-2.87,-2.77,-2.88,-2.92,-2.30,-0.63,1.83,5.69,10.01,13.27,14.14,15.01,17.27,19.32,20.48,20.77,21.15
2.96,3.04,3.01,2.76,2.73,2.64,2.43,2.47,2.77,2.46,2.61,2.52,2.32,2.10,1.91,1.90,1.95,1.97,1.90,1.80,1.72,1.71,1.60,1.44,1.67,1.44,1.37,1.42,1.50,1.89,1.51,1.85,1.09,1.11,1.36,1.43,1.32,1.25,1.16,0.56,-0.39,-0.78,-0.58,-0.63,-0.66,-1.28,-2.27,-2.79,-2.65,-2.37,-2.00,-1.74,-1.94,-2.05,-2.33,-2.32,-2.30,-2.68,-2.88,-2.63,-2.63,-2.62,-2.69,-2.86,-2.95,-2.96,-2.90,-3.13,-3.53,-3.33,-3.45,-3.35,-3.23,-3.28,-3.54,-3.52,-3.92,-3.80,-3.40,-3.48,-3.57,-3.50,-3.57,-3.81,-3.93,-3.79,-3.58,-3.28,-2.92,-2.85,-3.04,-3.03,-3.53,-3.49,-3.41,-3.72,-4.11,-3.97,-3.74,-3.54,-3.53,-3.80,-3.76,-3.66,-3.62,-3.63,-3.71,-3.77,-3.75,-3.67,-3.81,-3.66,-4.06,-4.26,-4.40,-4.24,-4.23,-4.18,-4.18,-4.02,-3.67,-3.54,-3.63,-3.94,-3.84,-3.61,-3.43,-3.32,-3.45,-3.62,-3.62,-3.49,-3.41,-3.59,-3.31,-3.35,-3.53,-3.48,-3.28,-3.26,-3.17,-3.04,-3.12,-2.85,-2.60,-2.64,-2.73,-2.37,-0.84,1.39,5.23,9.70,13.39,14.90,16.34,18.29,19.90,20.79,21.14,21.57
2.81,2.88,2.89,2.76,2.57,2.59,2.37,2.41,2.61,2.37,2.83,2.73,2.28,1.94,1.85,1.95,2.08,2.06,1.90,1.72,1.68,1.68,1.68,1.55,1.48,1.20,1.37,1.57,1.66,1.74,1.40,1.65,1.23,1.37,1.43,1.45,1.37,1.26,1.12,0.57,-0.34,-0.38,-0.42,-0.52,-0.38,-1.04,-2.10,-2.60,-2.51,-2.46,-2.50,-2.53,-2.53,-2.70,-3.08,-2.85,-3.04,-3.41,-3.41,-3.01,-3.00,-3.08,-3.13,-3.14,-3.17,-3.14,-3.05,-3.19,-3.57,-3.46,-3.54,-3.46,-3.44,-3.36,-3.44,-3.43,-3.83,-3.85,-3.62,-3.57,-3.55,-3.52,-3.62,-3.85,-3.96,-3.81,-3.59,-3.26,-2.87,-2.88,-3.00,-2.99,-3.50,-3.37,-3.37,-3.67,-3.84,-3.92,-3.76,-3.87,-3.76,-3.96,-3.90,-3.83,-3.80,-3.63,-3.67,-3.92,-3.92,-3.85,-3.98,-3.74,-4.17,-4.32,-4.39,-4.26,-4.23,-4.13,-4.14,-4.18,-3.92,-3.92,-4.20,-3.96,-3.89,-3.77,-3.53,-3.33,-3.30,-3.49,-3.70,-3.57,-3.52,-3.45,-3.48,-3.49,-3.52,-3.52,-3.44,-3.36,-3.24,-3.24,-2.87,-3.08,-3.09,-2.85,-2.95,-2.79,-1.16,0.96,4.67,9.31,13.30,15.51,17.55,19.20,20.46,21.14,21.26,21.87
2.63,2.84,2.91,2.66,2.60,2.72,2.38,2.35,2.54,2.51,2.49,2.55,2.32,2.06,1.93,1.95,2.07,1.97,1.83,1.78,1.83,1.88,1.82,1.49,1.51,1.57,1.62,1.56,1.72,1.99,1.72,1.60,1.70,1.23,1.38,1.45,1.37,1.23,1.05,0.58,0.04,-0.21,-0.26,-0.49,-0.27,-0.78,-1.76,-2.37,-2.58,-2.83,-2.94,-2.67,-2.78,-2.91,-3.26,-3.22,-3.27,-3.61,-3.62,-3.31,-3.03,-3.23,-3.40,-3.40,-3.44,-3.50,-3.46,-3.39,-3.55,-3.59,-3.66,-3.58,-3.76,-3.33,-3.44,-3.46,-3.76,-3.90,-3.72,-3.50,-3.39,-3.52,-3.68,-3.84,-3.93,-3.85,-3.68,-3.32,-2.96,-3.04,-3.10,-3.17,-3.28,-3.31,-3.30,-3.54,-3.66,-3.83,-3.81,-4.15,-4.05,-4.00,-4.03,-4.07,-4.09,-3.87,-3.68,-3.97,-4.11,-4.17,-4.28,-4.30,-4.20,-4.47,-4.61,-4.57,-4.43,-4.27,-4.18,-4.19,-4.20,-4.13,-3.97,-4.06,-4.07,-3.98,-3.80,-3.59,-3.44,-3.48,-3.72,-3.65,-3.61,-3.45,-3.48,-3.31,-3.36,-3.50,-3.43,-3.24,-3.19,-3.12,-2.92,-2.86,-2.86,-2.72,-2.77,-2.54,-1.47,0.60,4.08,8.73,13.07,15.73,18.18,19.70,20.62,21.34,21.42,22.12
2.76,2.96,2.87,2.61,2.77,2.88,2.35,2.36,2.60,2.49,2.24,2.41,2.35,2.06,1.79,1.79,1.93,1.82,1.78,1.85,1.96,1.94,1.73,1.64,1.68,1.65,1.70,1.60,1.68,1.84,1.50,1.74,1.44,1.22,1.39,1.38,1.10,1.07,1.05,0.65,0.26,-0.23,-0.07,-0.42,-0.24,-0.53,-1.31,-2.00,-2.47,-2.82,-2.95,-2.92,-3.08,-3.00,-3.27,-3.00,-3.32,-3.65,-3.59,-3.44,-3.23,-3.30,-3.39,-3.45,-3.59,-3.79,-3.85,-3.74,-3.76,-3.74,-3.74,-3.80,-3.96,-3.41,-3.63,-3.53,-3.67,-3.89,-3.71,-3.44,-3.31,-3.55,-3.83,-4.00,-4.01,-4.02,-3.98,-3.61,-3.26,-3.35,-3.37,-3.50,-3.22,-3.37,-3.32,-3.57,-3.79,-3.83,-3.98,-4.15,-4.11,-4.06,-4.24,-4.35,-4.24,-4.07,-3.94,-3.93,-4.18,-4.57,-4.65,-4.27,-4.20,-4.48,-4.71,-5.00,-4.91,-4.52,-4.24,-4.20,-4.17,-4.13,-4.37,-4.13,-4.19,-4.06,-4.01,-3.84,-3.63,-3.58,-3.72,-3.72,-3.68,-3.70,-3.63,-3.43,-3.24,-3.12,-3.01,-3.04,-3.37,-3.27,-3.18,-3.05,-2.87,-2.69,-2.79,-2.33,-1.60,0.25,3.54,7.96,12.62,15.76,18.50,20.35,21.31,21.83,22.19,22.44
2.82,2.76,2.76,2.76,2.76,2.93,2.38,2.43,2.58,2.52,2.20,2.30,2.38,2.26,2.02,1.84,1.87,1.91,1.76,1.73,1.76,1.67,1.62,1.73,1.67,1.62,1.67,1.62,1.76,1.82,1.65,1.78,1.49,1.18,1.55,1.44,1.00,0.95,1.06,0.80,0.24,-0.16,-0.11,-0.28,-0.41,-0.44,-1.02,-1.88,-2.58,-2.94,-3.12,-3.26,-3.59,-3.75,-3.67,-3.59,-3.79,-3.71,-3.90,-3.96,-3.79,-3.88,-3.87,-4.07,-4.20,-4.02,-3.92,-4.02,-4.02,-3.85,-3.79,-4.01,-3.94,-3.66,-3.71,-3.66,-3.65,-3.90,-3.74,-3.65,-3.57,-3.66,-3.96,-4.15,-4.13,-4.14,-4.23,-4.01,-3.65,-3.74,-3.77,-3.84,-3.43,-3.39,-3.58,-3.67,-4.10,-4.02,-4.10,-3.94,-4.06,-4.27,-4.44,-4.53,-4.48,-4.39,-4.33,-4.36,-4.57,-4.62,-4.78,-4.66,-4.70,-4.86,-4.93,-5.10,-5.14,-4.79,-4.45,-4.45,-4.30,-4.22,-4.52,-4.31,-4.20,-4.07,-4.07,-3.98,-3.70,-3.59,-3.68,-3.67,-3.41,-3.55,-3.41,-3.22,-3.28,-3.48,-3.28,-3.09,-3.22,-3.17,-3.10,-3.06,-2.95,-2.68,-2.88,-2.42,-1.62,0.04,2.97,7.13,11.88,15.65,18.74,20.77,21.76,22.36,22.45,22.62
2.79,2.90,2.88,2.77,2.91,3.01,2.65,2.38,2.45,2.48,2.19,2.19,2.30,2.22,2.02,1.88,1.96,2.07,1.77,1.78,1.65,1.51,1.64,1.61,1.57,1.54,1.51,1.56,1.66,1.60,1.59,1.79,1.53,1.09,1.22,1.14,1.04,0.93,0.93,0.87,0.47,-0.15,-0.33,-0.27,-0.63,-0.51,-0.91,-1.81,-2.58,-2.99,-3.26,-3.44,-3.58,-3.81,-3.87,-3.84,-3.92,-3.74,-3.80,-4.20,-4.02,-4.23,-4.23,-4.20,-4.23,-4.09,-4.05,-4.13,-4.09,-4.03,-3.88,-3.80,-3.84,-3.68,-3.59,-3.84,-3.88,-3.94,-3.85,-3.75,-3.75,-3.68,-3.81,-3.96,-3.97,-3.92,-4.09,-4.31,-3.98,-4.02,-4.01,-4.02,-3.77,-3.81,-3.83,-3.62,-4.00,-4.00,-4.28,-4.05,-4.02,-4.35,-4.44,-4.39,-4.48,-4.52,-4.53,-4.78,-4.86,-4.57,-4.74,-4.95,-4.89,-4.82,-4.86,-4.94,-4.98,-4.85,-4.68,-4.66,-4.49,-4.32,-4.45,-4.33,-4.15,-4.10,-4.11,-4.06,-3.98,-3.93,-3.80,-3.75,-3.50,-3.65,-3.61,-3.53,-3.52,-3.39,-3.17,-3.41,-3.18,-3.19,-3.09,-2.99,-2.95,-2.67,-2.76,-2.40,-1.65,-0.13,2.47,6.36,11.03,15.25,18.66,21.01,22.28,22.84,22.81,22.88
2.66,2.73,2.71,2.70,2.79,2.94,2.30,2.16,2.24,2.32,2.25,2.20,2.28,2.16,1.96,1.88,1.95,1.97,1.89,1.91,1.62,1.46,1.57,1.55,1.64,1.31,1.36,1.44,1.54,1.55,1.66,1.82,1.40,1.05,1.09,1.10,1.12,1.01,0.89,0.82,0.60,0.07,-0.38,-0.32,-0.76,-0.66,-0.83,-1.53,-2.22,-2.76,-3.18,-3.40,-3.54,-3.81,-3.92,-3.83,-3.93,-4.00,-3.77,-4.22,-4.06,-4.30,-4.28,-4.28,-4.13,-3.93,-3.89,-4.03,-4.20,-4.10,-4.10,-4.15,-3.80,-3.87,-4.18,-4.06,-3.87,-3.96,-3.97,-3.72,-3.75,-3.74,-3.79,-3.87,-3.83,-3.75,-4.02,-4.30,-3.98,-4.14,-4.23,-4.36,-4.10,-4.17,-3.97,-3.76,-3.77,-4.41,-4.20,-4.09,-4.20,-4.27,-4.41,-4.56,-4.58,-4.60,-4.56,-4.70,-4.94,-4.87,-5.08,-4.93,-4.91,-4.85,-4.90,-4.96,-4.96,-4.87,-4.73,-4.71,-4.58,-4.35,-4.54,-4.24,-4.06,-4.11,-4.13,-3.97,-3.79,-3.59,-3.70,-3.92,-3.61,-3.55,-3.61,-3.65,-3.66,-3.54,-3.36,-3.54,-3.27,-3.23,-3.17,-2.96,-2.87,-2.67,-2.74,-2.37,-1.90,-0.89,1.46,5.13,9.90,14.61,18.44,21.07,22.60,23.38,23.24,23.24
2.52,2.65,2.66,2.64,2.66,2.66,2.34,1.97,2.30,2.57,2.43,2.32,2.34,2.12,1.90,1.88,1.95,1.78,1.96,1.94,1.62,1.62,1.80,1.67,1.34,1.37,1.42,1.46,1.57,1.67,1.74,1.65,1.22,1.11,1.11,1.20,1.07,0.98,0.89,0.80,0.53,-0.01,-0.38,-0.41,-0.83,-0.81,-0.87,-1.23,-1.81,-2.50,-2.99,-3.32,-3.67,-3.77,-3.80,-3.70,-3.80,-4.11,-3.87,-4.18,-4.07,-4.36,-4.31,-4.27,-4.09,-4.01,-4.00,-4.07,-4.26,-4.07,-4.00,-4.06,-3.90,-3.67,-3.98,-3.88,-4.19,-4.32,-4.24,-4.01,-3.71,-3.70,-3.92,-3.72,-3.65,-3.75,-3.89,-4.22,-4.07,-4.14,-4.06,-4.15,-4.35,-4.44,-4.07,-4.10,-4.11,-4.17,-4.18,-4.14,-4.15,-4.26,-4.41,-4.36,-4.23,-4.39,-4.64,-4.83,-4.90,-4.98,-5.18,-5.00,-5.08,-4.93,-4.83,-4.85,-4.86,-4.82,-4.69,-4.75,-4.56,-4.47,-4.62,-4.40,-4.22,-4.11,-4.02,-3.89,-3.83,-3.89,-3.57,-3.50,-3.57,-3.48,-3.48,-3.54,-3.58,-3.61,-3.52,-3.36,-3.30,-3.23,-3.12,-2.94,-2.73,-2.58,-2.63,-2.60,-2.24,-1.31,0.69,4.43,8.97,13.72,17.88,20.90,22.69,23.73,23.59,23.52
