0.07,0.19,0.39,0.80,0.84,0.60,0.55,0.46,0.10,0.14,-0.22,-0.21,-0.09,-0.21,-0.57,-0.42,-0.14,-0.07,-0.14,-0.29,-0.38,-0.51,-0.09,-0.32,-0.48,-0.51,-0.37,-0.17,-0.26,-0.26,-0.23,0.13,-0.01,-0.09,-0.03,0.22,0.41,0.55,1.22,1.42,1.99,2.31,2.53,2.87,3.07,3.34,3.61,3.57,3.59,3.52,3.67,3.52,3.37,3.69,3.71,3.50,3.38,3.32,3.30,3.40,3.37,3.30,3.43,3.22,3.28,3.35,3.66,3.25,3.05,3.02,2.87,2.78,2.65,2.46,2.25,2.13,1.83,1.56,1.39,0.84,0.35,-0.09,-0.29,-0.75,-1.16,-1.27,-1.20,-1.65,-1.26,-1.12,-1.20,-1.35,-1.49,-1.48,-1.41,-1.41,-1.14,-0.75,-0.91,-0.95,-0.48,-0.71,-0.86,-1.17,-1.92,-2.18,-2.27,-2.18,-1.96,-1.58,-1.25,-1.02,-0.95,-1.51,-2.99,-5.42,-8.52,-10.76,-11.52,-11.52,-11.66,-12.20,-12.62,-12.56,-12.26,-12.04,-11.85,-12.11,-12.45,-12.96,-13.39,-13.36,-12.33,-9.98,-6.97,-4.12,-2.25,-1.71,-1.64,-1.67,-1.69,-1.55,-1.49,-1.57,-1.50,-1.41,-1.46,-1.68,-1.62,-1.78,-1.81,-1.85,-1.97,-1.96,-1.54,-1.68,-1.86,-1.93,-2.09,-2.36
-0.08,0.07,0.17,0.43,0.50,0.35,0.15,0.07,0.08,0.07,-0.08,-0.22,-0.28,-0.23,-0.13,-0.21,-0.26,-0.13,-0.17,-0.32,-0.26,-0.57,-0.31,-0.27,-0.37,-0.32,-0.21,-0.23,-0.23,0.04,-0.06,0.12,0.07,0.22,0.39,0.59,0.75,0.67,1.27,1.35,1.92,2.20,2.48,2.92,3.14,3.28,3.50,3.49,3.67,3.60,3.77,3.61,3.43,3.62,3.77,3.79,3.41,3.29,3.44,3.42,3.38,3.41,3.28,3.41,3.41,3.24,3.41,3.26,3.04,2.98,2.98,2.80,2.77,2.70,2.54,2.40,2.17,1.97,1.82,1.41,1.02,0.60,0.41,-0.07,-0.27,-0.95,-0.77,-1.17,-1.16,-1.14,-1.26,-1.29,-1.45,-1.27,-0.98,-0.88,-0.64,-0.36,-0.54,-0.59,-0.34,-0.67,-0.82,-1.10,-2.04,-2.28,-1.96,-1.87,-1.92,-1.55,-1.12,-0.88,-0.81,-1.05,-1.79,-4.04,-7.08,-9.48,-10.52,-10.91,-11.50,-11.76,-11.81,-11.82,-11.58,-11.26,-11.35,-11.72,-12.08,-12.43,-12.49,-12.07,-10.81,-8.47,-5.53,-3.21,-1.93,-1.57,-1.62,-1.63,-1.65,-1.69,-1.25,-1.49,-1.55,-1.46,-1.45,-1.64,-1.48,-1.71,-1.68,-1.81,-1.85,-1.55,-1.55,-1.59,-1.43,-1.50,-1.86,-2.18
-0.16,0.01,-0.04,0.07,0.17,0.24,0.25,0.02,-0.22,-0.06,-0.19,-0.31,-0.27,-0.17,-0.08,0.01,-0.34,-0.28,-0.23,-0.53,-0.28,-0.39,-0.37,-0.23,-0.34,-0.42,-0.23,-0.04,-0.01,0.09,-0.19,0.12,0.25,0.38,0.56,0.65,0.69,0.79,1.19,1.42,1.83,2.16,2.52,2.87,3.13,3.38,3.61,3.68,3.87,3.77,3.69,3.81,3.79,3.75,3.73,3.71,3.62,3.49,3.48,3.56,3.48,3.34,3.32,3.24,3.25,3.46,3.48,3.11,3.22,2.93,3.12,2.77,2.69,2.90,2.89,2.83,2.71,2.47,2.25,2.03,2.02,1.63,1.27,0.64,0.30,-0.04,-0.34,-0.63,-0.87,-1.10,-1.34,-1.35,-1.21,-0.92,-0.67,-0.56,-0.33,-0.23,-0.44,-0.34,-0.61,-0.68,-0.87,-1.17,-2.22,-2.48,-1.88,-1.69,-1.78,-1.45,-1.15,-0.92,-0.69,-0.82,-1.35,-3.17,-5.20,-8.08,-9.64,-10.50,-11.04,-11.14,-11.17,-11.30,-11.09,-10.54,-11.33,-11.29,-11.49,-11.65,-11.58,-11.12,-9.64,-7.01,-4.39,-2.54,-1.73,-1.53,-1.54,-1.65,-1.85,-1.91,-1.54,-1.73,-1.79,-1.50,-1.39,-1.62,-1.54,-1.65,-1.57,-1.63,-1.65,-1.54,-1.53,-1.59,-1.25,-1.30,-1.63,-1.87
-0.18,-0.04,-0.13,0.02,0.33,0.15,-0.26,-0.18,-0.08,-0.14,-0.14,-0.23,-0.26,0.02,-0.14,-0.12,-0.36,-0.41,-0.32,-0.68,-0.53,-0.33,-0.53,-0.44,-0.43,-0.32,0.03,-0.03,0.18,-0.07,0.15,0.41,0.40,0.39,0.58,0.75,0.74,1.02,1.18,1.45,1.86,2.20,2.63,2.89,3.22,3.61,3.72,3.67,4.04,3.79,3.86,4.16,4.19,4.17,3.99,3.88,3.74,3.50,3.23,3.18,3.35,3.31,3.31,3.25,3.53,3.41,3.42,3.19,3.08,3.05,3.10,2.89,2.78,2.87,2.93,2.92,2.78,2.52,2.35,2.29,2.34,2.11,1.89,1.20,1.24,0.70,0.37,-0.14,-0.42,-0.59,-0.85,-0.90,-0.93,-0.62,-0.37,-0.36,-0.37,-0.32,-0.31,-0.58,-0.71,-1.07,-1.40,-1.50,-2.55,-2.74,-2.06,-1.63,-1.46,-1.27,-1.25,-1.03,-0.72,-0.69,-1.17,-2.56,-4.26,-7.05,-8.84,-9.91,-10.54,-10.70,-10.80,-10.74,-10.30,-10.22,-10.63,-10.81,-10.97,-10.91,-10.90,-10.39,-8.65,-6.04,-3.70,-2.33,-1.65,-1.58,-1.57,-1.69,-1.74,-1.58,-1.45,-1.92,-1.71,-1.35,-1.32,-1.55,-1.57,-1.50,-1.54,-1.72,-1.60,-1.31,-1.51,-1.40,-1.38,-1.49,-1.55,-1.57
-0.31,-0.12,-0.26,-0.14,-0.06,-0.16,-0.32,-0.14,-0.09,-0.29,-0.31,-0.27,-0.28,-0.11,-0.26,-0.38,-0.46,-0.44,-0.39,-0.38,-0.22,-0.06,-0.07,-0.27,-0.38,-0.24,0.14,0.10,0.20,0.10,0.28,0.48,0.59,0.59,0.59,0.65,0.93,1.13,1.19,1.51,1.90,2.17,2.66,3.04,3.28,3.65,3.75,3.77,4.00,3.93,4.06,4.18,4.13,4.49,4.29,4.04,3.86,3.60,3.40,3.41,3.50,3.36,3.19,3.25,3.43,3.48,3.36,3.04,2.95,3.04,2.93,2.88,2.75,2.84,2.95,2.89,2.72,2.53,2.49,2.59,2.70,2.45,2.26,1.89,1.79,1.50,1.28,0.65,0.17,0.01,-0.14,-0.44,-0.72,-0.59,-0.42,-0.36,-0.22,-0.18,-0.54,-0.93,-1.11,-1.36,-1.54,-2.07,-2.42,-2.46,-2.02,-1.64,-1.45,-1.36,-1.26,-1.06,-0.80,-0.66,-1.12,-2.28,-3.67,-6.20,-8.08,-9.75,-10.22,-10.34,-10.34,-10.42,-10.50,-10.23,-10.47,-10.44,-10.39,-10.42,-10.25,-9.47,-7.75,-5.33,-3.18,-2.06,-1.50,-1.62,-1.46,-1.58,-1.69,-1.63,-1.62,-1.60,-1.69,-1.25,-1.25,-1.50,-1.46,-1.24,-1.49,-1.62,-1.39,-1.20,-1.29,-1.07,-1.08,-1.20,-1.20,-1.14
-0.29,-0.16,-0.28,-0.26,-0.07,0.03,-0.07,-0.03,-0.12,-0.11,-0.28,-0.41,-0.31,-0.42,-0.39,-0.52,-0.61,-0.51,-0.26,-0.31,-0.49,-0.46,-0.41,-0.23,-0.19,-0.24,0.09,0.04,0.27,0.23,0.37,0.48,0.64,0.72,0.61,0.55,1.09,0.96,1.11,1.58,1.92,2.23,2.76,3.14,3.29,3.68,3.86,3.85,3.94,4.39,4.51,4.52,4.29,4.28,4.36,4.30,4.10,3.84,3.69,3.66,3.65,3.72,3.47,3.26,3.35,3.40,3.29,2.98,2.96,3.06,2.88,2.86,2.65,2.71,2.87,2.78,2.69,2.65,2.68,2.76,2.88,2.65,2.53,2.43,2.19,1.92,1.71,1.23,0.85,0.72,0.58,0.15,-0.28,-0.43,-0.44,-0.52,-0.38,-0.33,-0.87,-1.25,-1.05,-1.41,-1.96,-2.23,-2.78,-2.61,-1.92,-1.57,-1.35,-1.26,-1.21,-1.10,-0.90,-0.86,-1.39,-2.29,-3.35,-5.69,-7.97,-9.61,-10.12,-10.12,-10.10,-10.23,-10.23,-10.16,-10.26,-10.02,-10.08,-9.84,-9.15,-8.31,-6.61,-4.41,-2.64,-1.72,-1.49,-1.53,-1.40,-1.62,-1.68,-1.58,-1.57,-1.48,-1.51,-1.12,-1.12,-1.25,-1.17,-0.98,-1.26,-1.22,-1.14,-1.06,-0.96,-0.54,-0.52,-0.66,-0.87,-1.03
-0.17,-0.42,-0.28,-0.23,-0.09,0.09,0.06,-0.02,-0.24,-0.14,-0.18,-0.43,-0.31,-0.52,-0.36,-0.49,-0.59,-0.47,-0.31,-0.27,-0.37,-0.33,-0.38,-0.27,-0.13,-0.13,0.20,0.20,0.27,0.29,0.43,0.54,0.65,0.69,0.59,0.74,1.20,0.86,1.23,1.29,1.71,2.23,2.60,3.01,3.48,3.65,3.83,3.87,4.32,4.45,4.61,4.62,4.44,4.47,4.51,4.44,4.25,4.07,3.94,3.90,3.87,3.86,3.73,3.40,3.36,3.13,3.14,3.05,3.00,3.05,2.82,2.80,2.72,2.72,2.64,2.62,2.68,2.62,2.71,2.81,2.82,2.68,2.59,2.60,2.37,2.09,1.97,1.68,1.57,1.45,1.07,0.64,0.13,0.01,-0.14,-0.41,-0.34,-0.39,-0.92,-1.24,-1.25,-1.65,-2.27,-2.16,-2.74,-2.79,-1.95,-1.65,-1.39,-1.43,-1.41,-1.50,-1.45,-1.45,-1.96,-2.86,-4.01,-6.16,-8.27,-9.37,-9.88,-9.82,-9.88,-10.00,-10.00,-9.92,-9.71,-9.43,-9.61,-9.30,-8.83,-7.72,-5.50,-3.39,-2.13,-1.62,-1.65,-1.51,-1.54,-1.64,-1.53,-1.43,-1.39,-1.24,-1.08,-1.02,-1.06,-1.05,-0.90,-0.68,-0.82,-1.00,-0.90,-0.80,-0.67,-0.34,-0.23,-0.38,-0.71,-0.82
-0.12,-0.08,-0.03,-0.04,-0.03,0.07,0.09,0.10,-0.21,-0.33,-0.28,-0.28,-0.31,-0.56,-0.46,-0.54,-0.54,-0.31,-0.23,-0.17,-0.28,-0.22,-0.12,-0.04,0.03,0.07,0.22,0.34,0.25,0.34,0.41,0.58,0.71,0.74,0.74,0.69,0.85,0.98,1.08,1.31,1.79,2.34,2.82,3.24,3.57,3.74,4.02,3.87,4.30,4.47,4.54,4.61,4.69,4.71,4.65,4.49,4.37,4.28,4.03,3.93,3.93,3.77,3.72,3.57,3.37,2.89,3.06,3.07,2.90,2.84,2.64,2.66,2.80,2.80,2.52,2.47,2.64,2.54,2.69,2.78,2.78,2.59,2.43,2.51,2.30,2.17,2.22,2.08,1.96,1.80,1.40,1.14,0.71,0.60,0.30,-0.03,-0.02,-0.22,-0.75,-1.12,-1.50,-1.78,-2.11,-2.13,-2.61,-2.66,-1.68,-1.68,-1.43,-1.40,-1.65,-1.76,-1.95,-2.14,-2.78,-4.42,-5.87,-7.41,-8.48,-9.39,-9.53,-9.68,-9.79,-9.91,-9.96,-9.85,-9.55,-9.40,-9.27,-8.81,-8.22,-6.73,-4.64,-2.81,-1.82,-1.63,-1.60,-1.83,-1.57,-1.44,-1.35,-1.30,-1.21,-1.06,-0.81,-0.71,-0.86,-0.81,-0.63,-0.61,-0.54,-0.62,-0.54,-0.53,-0.51,-0.34,-0.23,-0.38,-0.61,-0.69
-0.01,0.07,0.13,0.09,0.02,0.10,0.13,0.22,-0.02,-0.28,-0.39,-0.28,-0.24,-0.31,-0.37,-0.41,-0.41,-0.26,-0.21,-0.26,-0.12,0.01,0.12,0.14,0.10,0.22,0.07,0.27,0.25,0.39,0.38,0.39,0.61,0.69,0.69,0.61,1.03,0.91,1.13,1.39,1.62,2.13,2.77,3.29,3.65,4.00,4.03,3.96,4.34,4.36,4.47,4.50,4.72,4.81,4.67,4.55,4.55,4.47,4.07,3.83,3.79,3.81,3.83,3.50,3.46,2.94,3.22,3.05,2.80,2.64,2.62,2.71,2.59,2.51,2.51,2.46,2.57,2.70,2.70,2.65,2.53,2.43,2.29,2.31,2.23,2.17,2.09,2.25,1.96,1.83,1.67,1.67,1.38,1.18,0.82,0.44,0.40,0.19,-0.41,-0.90,-1.20,-1.35,-1.59,-1.87,-2.25,-2.37,-1.77,-1.64,-1.48,-1.49,-1.78,-1.71,-1.90,-2.29,-3.47,-5.79,-7.50,-8.37,-9.11,-9.69,-9.34,-9.68,-9.74,-9.77,-9.75,-9.62,-9.60,-9.61,-9.39,-8.84,-7.87,-6.04,-3.75,-2.19,-1.67,-1.60,-1.49,-1.32,-1.06,-1.14,-1.26,-1.20,-1.01,-0.91,-0.80,-0.36,-0.57,-0.66,-0.59,-0.51,-0.51,-0.63,-0.57,-0.48,-0.31,-0.17,-0.34,-0.44,-0.56,-0.53
0.15,0.17,0.17,0.07,-0.02,0.23,0.24,0.03,-0.29,-0.42,-0.31,-0.48,-0.47,-0.42,-0.41,-0.44,-0.43,-0.32,-0.21,-0.26,-0.02,0.12,0.18,0.22,0.09,0.27,-0.02,0.32,0.33,0.32,0.38,0.39,0.37,0.59,0.59,0.48,0.82,0.76,0.87,1.23,1.62,2.13,2.74,3.17,3.49,3.97,4.00,4.05,4.35,4.34,4.41,4.44,4.56,4.74,4.70,4.62,4.71,4.61,4.23,3.96,3.97,4.06,4.15,3.37,3.55,3.25,3.16,3.04,2.72,2.48,2.60,2.66,2.62,2.53,2.36,2.35,2.60,2.64,2.52,2.39,2.51,2.45,1.97,2.19,2.16,2.12,1.92,2.22,2.09,2.18,1.84,1.83,1.67,1.68,1.46,1.04,0.93,0.69,0.08,-0.34,-0.52,-0.71,-1.14,-1.43,-1.59,-1.92,-1.65,-1.51,-1.22,-1.51,-1.59,-1.74,-1.74,-2.18,-3.83,-6.23,-8.11,-8.87,-9.11,-9.40,-9.09,-9.39,-9.44,-9.54,-9.39,-9.34,-9.61,-9.75,-9.51,-9.01,-7.69,-5.80,-3.79,-2.42,-1.81,-1.57,-1.40,-1.36,-1.07,-0.81,-1.11,-0.92,-0.72,-0.73,-0.71,-0.16,-0.33,-0.37,-0.29,-0.28,-0.38,-0.36,-0.26,-0.18,-0.18,-0.21,-0.14,-0.34,-0.47,-0.24
0.23,0.28,0.20,-0.01,-0.17,0.25,0.30,0.04,-0.22,-0.33,-0.28,-0.43,-0.26,-0.43,-0.49,-0.39,-0.32,-0.34,-0.24,-0.06,0.10,0.17,0.20,0.37,0.28,0.34,0.06,0.19,0.29,0.30,0.40,0.59,0.63,0.46,0.63,0.66,0.70,0.82,0.92,1.15,1.58,2.14,2.71,3.12,3.34,3.69,3.98,4.06,4.24,4.32,4.38,4.45,4.51,4.63,4.83,4.87,4.72,4.62,4.43,4.39,4.18,4.15,4.15,3.84,3.65,3.36,3.31,2.94,2.84,2.65,2.60,2.69,2.59,2.54,2.58,2.60,2.53,2.29,2.31,2.60,2.70,2.29,2.11,2.14,2.18,2.28,1.95,2.03,2.05,2.07,1.90,1.90,1.91,2.08,2.01,1.82,1.63,1.15,0.67,0.40,0.08,-0.23,-0.76,-1.01,-1.03,-1.34,-1.26,-1.24,-0.96,-1.22,-1.51,-1.78,-1.88,-2.43,-4.16,-6.42,-7.91,-8.67,-8.87,-8.84,-8.91,-9.25,-9.43,-9.43,-9.26,-9.34,-9.68,-9.75,-9.46,-9.05,-7.87,-6.19,-4.74,-3.56,-2.72,-1.92,-1.16,-0.72,-0.42,-0.80,-0.72,-0.62,-0.51,-0.47,-0.48,-0.07,-0.14,-0.07,-0.14,-0.24,-0.21,-0.21,-0.21,-0.21,-0.11,-0.03,-0.12,0.07,-0.29,-0.17
0.23,0.20,0.17,0.13,0.14,-0.16,-0.08,-0.18,-0.33,-0.37,-0.33,-0.32,-0.44,-0.52,-0.48,-0.29,-0.09,-0.28,-0.21,0.12,0.34,0.45,0.58,0.54,0.34,0.25,0.18,0.28,0.10,0.07,0.25,0.44,0.53,0.48,0.82,0.85,0.69,0.75,0.96,1.24,1.63,2.09,2.54,2.88,3.23,3.52,3.90,4.00,4.23,4.07,4.26,4.28,4.35,4.62,4.71,4.68,4.71,4.62,4.35,4.35,4.55,4.30,4.29,3.85,3.42,3.20,3.11,2.82,2.92,2.64,2.49,2.66,2.87,2.87,2.62,2.40,2.34,2.25,2.31,2.37,2.40,2.31,2.16,2.14,2.17,2.30,2.18,2.14,2.24,2.02,1.94,2.05,1.99,2.20,2.20,2.14,2.02,1.74,1.34,0.93,0.69,0.37,-0.22,-0.56,-0.62,-0.82,-0.81,-0.85,-0.56,-0.81,-1.22,-1.57,-1.77,-2.25,-3.90,-6.16,-7.75,-8.45,-8.87,-9.04,-9.22,-9.16,-9.58,-9.32,-9.23,-9.53,-9.85,-9.78,-9.41,-9.05,-8.29,-7.22,-6.24,-5.37,-4.05,-2.51,-1.40,-0.69,-0.13,-0.37,-0.28,-0.04,-0.04,-0.26,-0.32,0.14,-0.01,-0.02,-0.22,-0.37,-0.27,-0.17,-0.12,-0.29,-0.27,-0.13,-0.08,-0.09,-0.17,-0.09
0.12,-0.02,-0.12,-0.08,-0.06,-0.19,-0.03,0.02,-0.09,-0.23,-0.38,-0.39,-0.52,-0.48,-0.41,-0.28,0.01,-0.22,-0.01,0.07,0.27,0.43,0.34,0.51,0.37,0.28,0.30,0.34,0.14,-0.01,0.12,0.29,0.39,0.34,0.65,0.61,0.67,0.74,0.86,1.14,1.61,2.05,2.31,2.54,2.98,3.32,3.79,4.04,4.23,4.00,4.13,4.35,4.43,4.54,4.49,4.37,4.39,4.44,4.35,4.36,4.29,4.35,4.19,3.65,3.50,3.00,2.84,2.69,2.64,2.55,2.57,2.65,2.68,2.69,2.51,2.31,2.33,2.13,2.16,2.20,2.28,2.31,2.18,1.92,2.26,1.86,2.03,2.22,2.07,1.75,1.80,2.07,1.82,1.97,1.97,2.05,2.23,2.19,1.91,1.53,1.33,1.17,0.50,0.22,0.01,-0.47,-0.44,-0.51,-0.33,-0.44,-0.75,-1.12,-1.39,-1.85,-3.34,-5.58,-7.34,-8.08,-8.62,-8.83,-9.02,-9.23,-9.30,-9.48,-9.30,-9.36,-9.62,-9.55,-9.25,-8.95,-8.45,-8.15,-7.50,-6.73,-5.11,-3.28,-1.79,-0.78,-0.42,-0.52,-0.46,-0.17,-0.01,-0.11,-0.26,0.04,-0.07,-0.11,-0.23,-0.38,-0.39,-0.21,-0.08,-0.12,-0.22,-0.23,-0.11,-0.07,-0.43,-0.12
0.38,0.19,0.03,0.14,0.22,0.24,0.14,0.12,0.02,-0.27,-0.32,-0.52,-0.46,-0.38,-0.37,-0.39,-0.07,-0.08,0.02,0.22,0.43,0.55,0.51,0.49,0.30,0.30,0.41,0.38,0.25,0.08,0.03,0.23,0.39,0.50,0.44,0.43,0.72,0.81,0.80,0.96,1.42,2.02,2.23,2.76,2.96,3.29,3.63,3.77,4.04,4.05,3.99,4.03,4.00,4.25,4.54,4.35,4.26,4.31,4.45,4.51,4.03,4.24,3.93,3.60,3.40,3.13,2.93,2.70,2.55,2.53,2.48,2.49,2.59,2.60,2.45,2.31,2.23,2.11,2.07,2.17,2.12,2.17,2.28,2.09,2.16,1.77,2.20,2.11,2.22,2.02,1.80,2.09,2.01,1.99,1.78,2.00,2.34,2.37,2.24,2.01,1.92,1.99,1.63,1.09,0.74,0.24,-0.06,-0.17,-0.42,-0.31,-0.47,-0.69,-0.96,-1.55,-2.92,-4.81,-6.51,-7.71,-8.26,-8.54,-8.59,-8.90,-9.19,-9.16,-9.19,-9.36,-9.48,-9.50,-9.29,-8.87,-8.47,-8.20,-8.01,-7.11,-5.84,-3.97,-2.06,-0.92,-0.59,-0.56,-0.47,-0.38,-0.23,-0.17,-0.04,0.20,-0.41,-0.19,-0.17,-0.24,-0.27,-0.27,-0.11,0.03,-0.12,-0.18,-0.18,-0.23,-0.24,0.03
0.38,0.20,0.03,0.22,0.17,0.13,0.13,0.07,-0.08,-0.44,-0.28,-0.46,-0.39,-0.34,-0.38,-0.27,-0.12,-0.18,-0.02,0.27,0.40,0.34,0.48,0.61,0.39,0.13,0.22,0.28,0.27,0.13,-0.07,0.22,0.41,0.56,0.55,0.55,0.79,0.74,0.72,1.11,1.57,1.97,2.25,2.71,3.02,3.22,3.41,3.63,3.94,4.00,3.97,4.05,4.09,4.13,4.41,4.44,4.19,4.12,4.23,4.37,4.13,4.20,4.06,3.68,3.29,3.00,3.11,3.04,3.01,3.00,2.81,2.58,2.62,2.62,2.42,2.28,2.20,2.08,2.07,2.05,2.17,2.09,2.26,2.12,2.12,1.99,1.96,2.12,2.12,2.17,1.96,2.03,2.03,2.00,2.02,2.30,2.40,2.29,2.19,2.22,2.39,2.41,2.13,1.90,1.57,1.27,0.66,0.55,0.27,-0.22,-0.39,-0.51,-0.57,-1.21,-2.41,-3.90,-5.65,-7.08,-7.65,-8.04,-8.09,-8.52,-8.70,-8.83,-9.04,-8.99,-9.04,-9.19,-9.20,-9.11,-8.66,-8.04,-8.02,-7.41,-6.48,-4.49,-2.37,-1.08,-0.56,-0.56,-0.46,-0.51,-0.32,-0.18,-0.14,-0.06,-0.06,-0.21,-0.13,-0.07,-0.13,-0.19,-0.02,-0.03,-0.03,-0.09,-0.17,-0.22,-0.26,-0.16
0.28,0.15,-0.06,0.15,0.19,-0.01,-0.02,-0.01,-0.16,-0.41,-0.19,-0.26,-0.27,-0.14,0.07,0.29,0.20,0.06,0.08,0.22,0.41,0.49,0.30,0.64,0.29,0.15,0.15,0.22,0.24,0.10,-0.12,0.19,0.30,0.32,0.64,0.63,0.66,0.58,0.58,1.00,1.55,1.83,2.31,2.80,2.84,3.13,3.34,3.61,3.87,3.97,4.00,4.10,4.16,4.24,4.42,4.43,4.30,4.12,4.19,4.30,4.00,4.05,3.77,3.62,3.07,2.74,3.01,3.52,3.66,3.69,3.49,3.16,3.02,2.87,2.48,2.24,2.07,2.01,2.09,2.09,2.16,2.12,2.16,2.06,2.17,2.05,1.94,2.09,2.11,2.29,1.99,1.99,1.84,1.86,2.01,2.17,2.42,2.37,2.30,2.42,2.49,2.48,2.26,2.13,2.11,2.11,1.74,1.39,1.22,0.67,0.07,-0.29,-0.34,-0.68,-1.49,-2.87,-4.51,-5.72,-6.48,-7.24,-7.42,-7.93,-8.29,-8.44,-8.73,-8.79,-8.80,-8.73,-8.66,-8.74,-8.38,-7.78,-7.86,-7.49,-6.86,-5.00,-2.81,-1.25,-0.53,-0.59,-0.59,-0.42,-0.21,-0.21,-0.14,0.09,0.04,-0.19,0.02,0.18,0.14,-0.03,-0.07,0.04,0.01,-0.11,-0.18,-0.24,-0.36,-0.22
0.46,0.30,-0.02,-0.01,0.20,0.10,-0.01,-0.06,-0.13,-0.21,-0.08,-0.19,-0.22,0.07,0.51,0.86,0.72,0.55,0.48,0.44,0.43,0.45,0.13,0.41,0.25,0.23,0.18,0.24,0.27,0.10,-0.04,0.22,0.10,0.23,0.43,0.46,0.58,0.63,0.75,1.18,1.47,1.55,2.19,2.43,2.81,3.17,3.53,3.69,3.75,3.78,3.90,4.03,4.09,4.16,4.29,4.34,4.25,4.17,3.96,4.02,3.94,3.84,3.52,3.52,3.19,2.83,2.93,3.52,3.91,3.99,3.90,3.66,3.56,3.35,2.87,2.55,2.22,2.02,2.06,2.11,2.11,2.18,2.02,2.11,2.31,2.23,2.08,2.12,2.06,2.08,1.96,2.14,1.92,1.92,2.13,2.23,2.24,2.24,2.29,2.43,2.53,2.49,2.55,2.46,2.41,2.35,2.35,2.08,1.74,1.58,0.91,0.67,0.23,-0.18,-0.64,-1.65,-2.81,-3.76,-4.88,-5.95,-6.43,-7.16,-7.80,-8.09,-8.29,-8.52,-8.60,-8.56,-8.55,-8.54,-8.40,-8.12,-7.49,-7.38,-6.75,-5.21,-3.15,-1.44,-0.57,-0.54,-0.48,-0.17,-0.09,-0.26,-0.17,0.13,0.08,-0.11,0.12,-0.01,0.01,0.14,0.06,-0.21,-0.27,-0.33,-0.42,-0.48,-0.48,-0.18
0.55,0.43,0.08,0.03,0.15,0.18,0.13,0.01,-0.24,-0.31,-0.13,0.06,0.19,0.32,0.64,1.12,1.44,1.13,0.76,0.58,0.48,0.49,0.33,0.34,0.19,0.13,0.12,0.19,0.30,0.14,0.09,0.27,0.19,0.20,0.29,0.50,0.69,0.59,0.60,1.12,1.56,1.72,2.30,2.52,2.87,3.10,3.53,3.65,3.79,3.88,3.94,4.09,4.12,4.17,4.22,4.17,4.12,4.07,3.74,3.73,3.66,3.54,3.38,3.50,3.29,3.01,2.88,3.20,3.71,3.84,3.81,3.75,3.72,3.66,3.41,3.13,2.76,2.43,2.22,2.23,2.12,2.17,2.06,2.14,2.37,2.31,2.24,2.12,2.03,2.00,2.02,2.11,1.96,2.16,2.29,2.28,2.29,2.33,2.29,2.37,2.39,2.34,2.51,2.57,2.57,2.49,2.45,2.58,2.41,2.14,1.99,1.51,1.11,0.65,0.25,-0.41,-1.21,-2.07,-3.09,-4.12,-5.01,-6.16,-6.88,-7.63,-7.87,-8.09,-8.20,-8.19,-8.19,-8.16,-7.94,-7.71,-7.37,-7.13,-7.13,-5.52,-3.49,-1.78,-0.75,-0.48,-0.08,-0.07,-0.19,-0.27,-0.12,0.06,0.03,-0.26,0.02,-0.16,-0.14,-0.09,-0.26,-0.26,-0.41,-0.38,-0.46,-0.68,-0.78,-0.22
0.51,0.33,0.18,0.28,0.08,-0.02,0.04,0.15,0.08,0.15,0.09,0.28,0.49,0.74,1.45,1.75,1.80,1.57,1.14,0.72,0.54,0.58,0.53,0.44,0.27,0.06,0.07,0.15,0.14,0.19,0.08,-0.02,0.14,0.07,0.17,0.24,0.39,0.58,0.72,1.08,1.63,2.00,2.28,2.59,2.86,3.12,3.52,3.72,3.81,3.90,4.02,4.10,4.15,4.26,4.19,4.05,3.97,3.91,3.63,3.72,3.43,3.28,3.28,3.43,3.19,2.94,2.83,3.06,3.41,3.59,3.66,3.66,3.62,3.61,3.56,3.44,3.25,3.07,2.72,2.66,2.23,2.20,2.26,2.19,2.36,2.24,2.26,2.14,2.07,2.05,2.08,1.95,1.95,2.24,2.34,2.36,2.54,2.45,2.34,2.49,2.51,2.29,2.14,2.24,2.30,2.48,2.49,2.59,2.36,2.87,2.80,2.49,2.06,1.74,0.97,0.34,-0.17,-0.64,-1.26,-2.25,-3.28,-4.74,-5.84,-6.70,-7.05,-7.46,-7.79,-7.89,-7.93,-7.91,-7.83,-7.58,-7.48,-7.22,-7.30,-5.95,-3.75,-2.01,-1.19,-0.66,-0.28,-0.24,-0.44,-0.24,-0.07,-0.01,-0.07,-0.22,-0.02,-0.21,-0.26,-0.22,-0.17,-0.16,-0.07,-0.17,-0.27,-0.41,-0.52,-0.34
0.58,0.24,0.28,0.39,0.17,0.02,0.12,0.34,0.33,0.32,0.50,0.77,1.07,1.39,1.92,2.24,2.11,1.85,1.38,0.79,0.56,0.51,0.58,0.44,0.48,0.35,0.18,0.13,0.01,-0.11,-0.01,-0.02,0.14,0.25,0.20,0.29,0.65,0.86,0.75,1.00,1.34,1.89,2.24,2.58,2.92,3.04,3.30,3.57,3.68,3.69,3.80,3.90,3.94,4.15,4.04,4.05,3.83,3.71,3.56,3.68,3.55,3.29,3.28,3.25,3.17,2.86,2.88,3.04,3.24,3.41,3.54,3.55,3.54,3.55,3.40,3.29,3.26,3.28,3.11,3.08,2.59,2.35,2.34,2.46,2.41,2.22,2.09,2.16,2.12,1.97,2.09,1.99,2.16,2.25,2.35,2.45,2.69,2.51,2.42,2.48,2.52,2.45,2.11,2.13,2.29,2.45,2.47,2.87,2.48,3.01,2.77,2.77,2.52,2.42,2.02,1.63,1.22,0.71,-0.07,-0.91,-1.54,-3.12,-4.70,-5.25,-5.72,-6.51,-7.09,-7.38,-7.54,-7.68,-7.72,-7.67,-7.74,-7.18,-7.23,-6.01,-4.13,-2.36,-1.14,-0.59,-0.56,-0.23,-0.43,-0.36,-0.08,0.01,-0.13,-0.18,-0.08,-0.24,-0.34,-0.32,-0.26,-0.33,0.13,-0.26,-0.43,-0.39,-0.33,-0.48
0.54,0.71,0.14,0.39,0.53,0.53,0.54,0.77,0.90,0.96,1.31,1.72,1.95,2.07,2.42,2.54,2.36,2.05,1.50,0.72,0.55,0.39,0.69,0.44,0.32,0.29,0.17,-0.01,0.12,0.17,0.13,0.03,0.08,0.24,0.46,0.51,0.49,0.60,0.72,1.00,1.17,1.84,2.09,2.63,2.83,2.94,3.14,3.48,3.65,3.59,3.67,3.90,3.87,3.92,3.85,3.96,3.79,3.63,3.55,3.47,3.44,3.38,3.18,3.17,3.11,2.80,2.59,2.98,3.36,3.34,3.28,3.30,3.40,3.48,3.40,3.11,2.93,2.94,2.96,3.26,3.10,2.59,2.30,2.59,2.51,2.18,2.11,2.17,2.30,2.00,2.18,2.16,2.47,2.40,2.40,2.49,2.70,2.55,2.48,2.40,2.47,2.53,2.24,2.18,2.25,2.42,2.39,2.62,2.55,2.90,2.70,2.98,2.92,3.10,2.76,2.37,2.03,1.46,0.87,0.51,-0.01,-1.15,-2.32,-3.63,-4.30,-5.04,-5.84,-6.30,-6.75,-7.20,-7.52,-7.71,-7.65,-7.27,-7.35,-6.15,-4.43,-2.57,-1.21,-0.64,-0.47,-0.38,-0.36,-0.11,0.03,-0.08,-0.29,-0.28,-0.09,-0.23,-0.37,-0.38,-0.37,-0.34,-0.08,-0.47,-0.46,-0.43,-0.48,-0.44
0.40,0.58,0.29,0.37,0.40,0.48,0.70,1.01,1.35,1.62,2.05,2.49,2.69,2.58,2.66,2.66,2.42,2.07,1.56,0.81,0.49,0.44,0.43,0.22,0.07,0.07,0.12,0.14,0.02,0.24,0.29,-0.02,0.03,0.23,0.40,0.46,0.48,0.59,0.69,0.95,1.39,1.67,2.06,2.57,2.78,2.90,3.19,3.56,3.73,3.66,3.80,4.09,4.05,3.90,3.78,3.73,3.77,3.74,3.43,3.31,3.22,3.20,3.05,3.16,3.10,2.84,2.60,2.98,3.29,3.32,3.41,3.49,3.49,3.29,3.18,3.23,2.93,2.86,2.57,3.13,3.19,2.70,2.54,2.51,2.78,2.46,2.54,2.49,2.39,2.17,2.26,2.41,2.57,2.64,2.49,2.55,2.70,2.65,2.58,2.47,2.48,2.47,2.33,2.22,2.29,2.46,2.36,2.65,2.71,3.01,2.88,3.08,3.36,3.31,3.29,3.14,2.77,2.43,1.99,1.35,0.86,0.49,-0.31,-1.69,-2.57,-3.41,-4.24,-4.95,-5.81,-6.70,-7.41,-7.75,-7.65,-7.54,-7.35,-6.51,-4.95,-2.83,-1.39,-0.87,-0.58,-0.54,-0.64,-0.48,-0.47,-0.48,-0.36,-0.12,-0.04,-0.24,-0.42,-0.53,-0.54,-0.49,-0.53,-0.64,-0.59,-0.68,-0.75,-0.58
0.54,0.70,0.39,0.49,0.51,0.44,0.50,0.90,1.68,2.11,2.63,3.04,3.06,2.96,2.69,2.52,2.28,1.88,1.30,0.72,0.49,0.60,0.48,0.34,0.15,0.10,0.18,0.19,0.18,0.09,0.08,-0.03,-0.01,0.15,0.33,0.44,0.50,0.54,0.55,0.82,1.67,1.68,2.12,2.52,2.75,2.88,3.19,3.42,3.56,3.68,3.71,3.84,3.84,3.79,3.61,3.74,3.59,3.71,3.47,3.49,3.59,3.12,3.10,3.18,3.08,2.68,2.57,2.89,3.11,3.40,3.52,3.38,3.31,3.05,2.94,3.23,2.89,2.74,2.65,3.06,3.00,2.66,2.48,2.26,2.84,2.45,2.80,2.70,2.64,2.40,2.23,2.49,2.69,2.74,2.65,2.72,2.78,2.78,2.64,2.52,2.48,2.51,2.43,2.35,2.47,2.42,2.39,2.63,2.62,2.82,2.84,3.04,3.28,3.34,3.29,3.16,2.99,2.87,2.59,2.18,1.77,1.14,0.72,-0.01,-0.97,-1.92,-2.75,-3.90,-5.09,-6.32,-7.31,-7.82,-8.00,-7.78,-7.46,-6.65,-5.20,-3.19,-1.68,-0.95,-0.67,-0.59,-0.76,-0.38,-0.26,-0.21,-0.26,-0.38,-0.39,-0.41,-0.59,-0.67,-0.64,-0.69,-0.75,-0.66,-0.59,-0.73,-0.69,-0.44
0.84,0.46,0.37,0.46,0.53,0.56,0.76,1.14,1.78,2.25,2.92,3.46,3.17,3.17,2.93,2.58,2.20,1.79,1.31,0.92,0.48,0.76,0.27,0.19,0.14,0.12,0.33,0.25,0.20,0.09,0.04,-0.11,0.06,0.17,0.32,0.48,0.51,0.48,0.27,0.80,1.57,1.73,2.12,2.54,2.63,2.80,3.12,3.23,3.30,3.54,3.59,3.68,3.74,3.60,3.59,3.47,3.48,3.38,3.13,3.18,3.32,3.07,3.07,2.99,2.92,2.48,2.31,2.98,3.28,3.23,3.29,3.40,3.47,3.30,3.32,3.32,3.01,2.89,2.41,2.89,3.07,2.70,2.40,2.13,2.42,2.48,2.64,2.64,2.75,2.59,2.47,2.40,2.52,2.68,2.68,2.81,2.95,2.90,2.62,2.55,2.62,2.65,2.59,2.57,2.55,2.33,2.41,2.43,2.43,2.70,2.84,2.88,3.31,3.11,3.05,3.23,3.10,2.95,2.89,2.76,2.41,1.97,1.58,0.92,0.20,-0.62,-1.86,-2.84,-4.26,-5.81,-6.97,-7.72,-8.08,-7.79,-7.63,-6.61,-5.23,-3.45,-1.91,-1.11,-0.87,-0.72,-0.82,-0.63,-0.52,-0.34,-0.36,-0.49,-0.36,-0.68,-0.63,-0.43,-0.44,-0.64,-0.64,-0.59,-0.47,-0.58,-0.63,-0.61
0.84,0.67,0.60,0.61,0.65,0.74,1.11,1.39,1.73,2.30,3.04,3.63,3.40,3.04,2.77,2.52,2.23,1.79,1.25,0.71,0.53,0.28,0.33,0.43,0.28,0.18,0.37,0.06,0.07,0.02,0.01,-0.09,0.09,0.22,0.24,0.33,0.45,0.56,0.41,0.75,1.49,1.62,2.08,2.48,2.68,2.81,3.10,3.34,3.38,3.44,3.55,3.47,3.46,3.67,3.60,3.32,3.30,3.36,3.14,3.22,3.30,3.19,3.16,3.05,2.94,2.57,2.48,2.96,3.22,3.02,3.06,3.23,3.14,3.12,3.17,3.17,2.60,2.72,2.43,2.48,2.66,2.46,2.41,2.47,2.76,2.43,2.52,2.40,2.58,2.53,2.31,2.45,2.65,2.64,2.63,2.66,2.93,2.94,2.75,2.65,2.77,2.82,2.70,2.63,2.59,2.48,2.47,2.37,2.33,2.65,2.65,2.51,3.13,2.81,2.86,3.04,3.00,3.05,3.05,2.94,2.82,2.55,2.31,1.63,0.56,-0.07,-1.06,-2.24,-4.14,-5.85,-6.82,-7.35,-7.65,-7.56,-7.53,-6.62,-5.28,-3.40,-1.77,-1.06,-0.95,-0.69,-0.71,-0.62,-0.48,-0.39,-0.44,-0.51,-0.42,-0.37,-0.61,-0.54,-0.52,-0.58,-0.54,-0.56,-0.46,-0.56,-0.72,-0.76
0.69,0.93,0.76,0.76,0.79,0.77,1.15,1.39,1.67,2.45,3.20,3.55,4.16,3.43,2.80,2.40,2.22,1.97,1.36,0.69,0.56,0.25,0.41,0.58,0.43,0.18,0.14,0.09,-0.01,-0.17,-0.04,-0.03,0.14,0.25,0.22,0.19,0.27,0.55,0.70,0.51,1.53,1.72,2.20,2.45,2.69,2.84,2.94,3.12,3.30,3.36,3.43,3.49,3.19,3.44,3.48,3.30,3.19,3.34,2.99,3.36,3.62,3.41,3.05,2.99,2.93,2.59,2.43,2.87,3.24,3.08,3.07,3.23,3.04,2.92,2.93,2.78,2.72,2.65,2.43,2.77,2.80,2.68,2.49,2.33,2.58,2.54,2.25,2.52,2.65,2.66,2.58,2.55,2.58,2.60,2.86,2.82,3.04,2.87,2.57,2.70,2.86,2.77,2.71,2.66,2.69,2.77,2.59,2.37,2.23,2.45,2.17,2.11,2.80,2.76,2.87,2.83,2.98,3.04,2.99,2.98,2.89,2.63,2.33,2.09,1.33,0.55,-1.41,-3.60,-5.48,-6.58,-7.11,-7.30,-7.31,-7.26,-7.27,-6.43,-5.20,-3.14,-1.54,-1.07,-0.97,-0.63,-0.71,-0.75,-0.62,-0.54,-0.47,-0.39,-0.39,-0.42,-0.47,-0.58,-0.66,-0.63,-0.53,-0.63,-0.64,-0.72,-0.66,-0.59
0.71,0.98,0.82,0.77,0.84,0.70,1.03,1.38,1.71,2.35,3.00,3.20,3.47,3.14,2.87,2.51,2.26,2.07,1.28,0.66,0.60,0.58,0.65,0.64,0.38,0.10,-0.03,0.10,0.20,-0.13,-0.13,-0.02,0.17,0.27,0.23,0.19,0.13,0.45,0.39,0.54,1.27,1.69,2.16,2.55,2.77,2.75,2.80,3.16,3.41,3.26,3.23,3.37,3.26,3.30,3.32,3.42,3.20,3.36,3.31,3.20,3.52,3.30,2.96,2.96,3.02,2.54,2.36,2.89,3.18,3.08,3.24,3.34,3.08,2.99,2.95,2.78,2.68,2.65,2.24,2.37,2.74,2.18,2.30,2.30,2.36,2.42,2.52,2.49,2.94,2.70,2.80,2.82,2.81,2.76,2.90,2.94,2.98,3.07,2.95,2.93,2.78,2.64,2.71,2.70,2.75,2.89,2.65,2.48,2.29,2.19,1.89,1.89,2.65,2.72,2.81,2.77,2.87,2.92,2.96,2.88,2.68,2.60,2.52,2.28,1.55,0.32,-2.27,-4.76,-5.81,-6.43,-6.81,-7.04,-7.07,-6.74,-7.00,-5.93,-5.01,-2.97,-1.64,-1.20,-0.98,-0.73,-0.80,-0.81,-0.61,-0.53,-0.54,-0.54,-0.42,-0.29,-0.48,-0.48,-0.63,-0.72,-0.66,-0.82,-0.73,-0.54,-0.39,-0.47
0.95,0.98,0.88,0.82,0.85,0.84,0.85,1.22,1.46,2.06,2.88,3.18,3.36,3.18,2.80,2.47,2.22,1.91,1.36,0.59,0.40,0.43,0.53,0.50,0.33,0.13,-0.09,0.09,0.32,0.09,-0.07,-0.06,0.04,0.18,0.22,0.10,0.23,0.48,0.37,0.79,1.25,1.68,2.16,2.47,2.80,2.96,2.94,3.13,3.29,3.14,3.22,3.11,3.46,3.36,3.61,3.16,3.16,3.18,3.04,3.49,3.46,3.06,2.77,2.77,2.76,2.52,2.20,2.66,3.20,3.07,3.13,3.16,2.94,2.92,2.87,2.65,2.62,2.51,2.36,2.58,2.82,2.42,2.33,2.17,2.58,2.48,2.51,2.63,2.83,2.75,2.76,2.72,2.83,2.92,2.94,3.02,3.10,3.20,3.04,2.90,2.81,2.71,2.72,2.75,2.81,2.88,2.68,2.42,2.34,1.89,1.79,1.82,2.48,2.45,2.62,2.71,2.74,2.89,2.93,2.78,2.64,2.47,2.40,2.39,1.69,0.18,-2.83,-5.20,-6.27,-6.82,-7.04,-7.15,-7.09,-6.71,-6.44,-5.71,-4.74,-3.12,-1.69,-1.03,-0.91,-0.90,-0.87,-0.77,-0.61,-0.67,-0.68,-0.58,-0.44,-0.28,-0.46,-0.56,-0.49,-0.47,-0.57,-0.53,-0.48,-0.52,-0.57,-0.64
1.12,1.07,0.90,0.86,1.03,0.97,0.58,1.03,1.46,2.03,2.80,3.14,3.42,3.18,2.92,2.63,2.34,1.99,1.39,0.74,0.59,0.51,0.39,0.34,0.33,0.20,-0.06,0.15,0.23,0.12,0.06,-0.03,-0.03,0.13,0.24,0.33,0.38,0.37,0.64,0.63,1.18,1.51,1.97,2.25,2.51,2.75,2.86,3.00,3.10,3.02,3.30,3.43,3.34,3.53,3.19,2.96,3.23,3.18,3.01,3.37,3.35,3.13,2.86,2.63,2.48,2.33,2.17,2.49,2.98,3.05,3.12,3.16,3.07,2.96,2.88,2.81,2.57,2.45,2.33,2.71,2.90,2.41,2.29,2.22,2.65,2.58,2.46,2.63,2.75,2.84,2.58,2.52,2.66,2.95,2.90,2.95,3.13,3.22,3.12,2.81,2.60,2.66,2.99,3.20,3.12,3.07,2.87,2.49,2.33,1.82,1.61,1.85,2.14,2.06,2.30,2.60,2.77,2.96,2.88,2.82,2.75,2.48,2.31,2.18,1.49,-0.18,-2.95,-5.29,-6.17,-6.71,-6.98,-6.96,-6.65,-6.31,-6.05,-5.37,-4.29,-2.83,-1.63,-1.10,-0.92,-0.87,-0.93,-0.75,-0.71,-0.78,-0.64,-0.56,-0.57,-0.33,-0.54,-0.73,-0.63,-0.61,-0.66,-0.53,-0.64,-0.71,-0.86,-0.86
1.06,1.08,1.03,1.08,1.19,1.00,1.03,1.35,1.51,1.85,2.69,3.12,3.32,3.05,2.68,2.39,2.13,1.78,1.25,0.60,0.49,0.50,0.34,0.24,0.38,0.15,-0.03,0.10,0.09,-0.04,-0.01,0.07,0.17,0.29,0.29,0.30,0.63,0.33,0.34,0.50,1.27,1.73,1.86,2.23,2.54,2.75,3.05,3.19,3.01,2.88,3.04,3.36,3.19,3.40,3.23,2.94,3.22,3.18,3.13,3.13,3.22,2.94,2.81,2.62,2.49,2.34,2.13,2.47,2.92,2.90,2.96,3.00,2.96,2.88,2.88,2.87,2.76,2.71,2.59,2.80,2.88,2.49,2.26,2.33,2.46,2.46,2.72,2.62,2.88,2.99,2.83,2.75,2.81,2.95,3.05,3.11,3.08,3.20,2.96,2.76,2.80,2.95,2.98,3.19,3.41,3.28,3.16,2.69,2.22,1.73,1.57,1.55,1.66,1.63,1.84,2.35,2.77,2.87,2.78,2.70,2.60,2.47,2.31,1.96,1.25,-0.32,-2.66,-4.92,-6.01,-6.55,-6.78,-6.52,-6.17,-6.08,-5.76,-4.59,-3.57,-2.52,-1.50,-1.00,-0.78,-0.76,-0.87,-0.67,-0.67,-0.64,-0.54,-0.57,-0.58,-0.39,-0.44,-0.80,-0.77,-0.76,-0.75,-0.63,-0.82,-0.67,-0.71,-0.66
0.91,1.02,1.14,1.18,1.09,0.98,1.15,1.07,1.34,2.06,2.86,3.14,3.31,2.77,2.29,2.11,1.94,1.39,1.14,0.48,0.35,0.38,0.33,0.33,0.44,0.19,-0.09,-0.04,-0.04,-0.07,-0.06,0.02,0.10,0.10,0.24,0.64,0.41,0.49,0.61,0.87,1.33,1.63,1.86,2.00,2.14,2.51,2.87,2.93,2.92,2.87,2.75,3.26,3.01,3.17,3.29,3.06,3.16,3.00,3.14,3.19,2.93,2.89,2.90,2.59,2.54,2.31,1.96,2.31,2.87,3.00,3.05,3.02,2.83,2.77,2.87,2.83,2.68,2.63,2.40,2.74,2.76,2.48,2.22,2.42,2.23,2.36,2.77,2.65,2.71,2.92,2.81,3.00,2.95,2.98,2.92,3.00,3.01,3.04,2.89,2.74,2.86,2.93,2.82,2.92,3.16,3.23,3.10,2.68,2.22,1.82,1.41,1.58,1.39,1.36,1.50,1.94,2.49,2.64,2.68,2.58,2.42,2.36,2.26,1.88,1.39,-0.12,-2.46,-4.59,-5.72,-6.15,-6.34,-6.15,-5.88,-5.68,-5.01,-3.73,-3.03,-2.42,-1.27,-0.95,-0.82,-0.87,-1.06,-0.88,-0.61,-0.61,-0.58,-0.63,-0.62,-0.46,-0.49,-0.77,-0.68,-0.72,-0.76,-0.67,-0.76,-0.73,-0.67,-0.67
1.01,1.13,1.17,1.09,0.93,1.01,1.02,1.11,1.51,2.14,2.65,2.89,2.70,2.34,2.08,2.07,2.08,1.51,1.12,0.55,0.51,0.51,0.44,0.53,0.48,0.23,0.07,-0.06,0.12,0.07,0.10,0.07,0.02,0.25,0.37,0.41,0.34,0.49,0.17,0.61,1.03,1.51,1.84,2.22,2.52,2.64,2.88,2.98,2.92,3.05,2.76,3.20,3.07,3.28,3.19,2.99,3.13,3.04,3.11,3.22,2.99,2.71,2.75,2.52,2.48,2.34,1.97,2.30,2.92,2.98,2.87,2.87,2.74,2.75,2.83,2.72,2.52,2.60,2.40,2.74,2.76,2.58,2.17,2.34,2.36,2.30,2.63,2.52,2.82,2.77,2.77,2.89,3.08,2.88,2.82,2.96,2.96,3.07,3.18,3.16,2.94,2.87,2.81,2.88,3.08,3.23,3.19,2.71,2.11,1.83,1.75,1.84,1.61,1.34,1.73,1.89,2.48,2.68,2.83,2.84,2.62,2.42,2.26,1.95,1.47,0.08,-2.06,-4.24,-5.27,-5.75,-5.72,-5.42,-5.17,-4.75,-3.91,-3.14,-2.57,-2.20,-1.30,-0.98,-0.71,-0.66,-0.90,-0.93,-0.62,-0.69,-0.68,-0.75,-0.71,-0.53,-0.68,-0.62,-0.63,-0.72,-0.66,-0.49,-0.54,-0.77,-0.69,-0.72
1.22,1.22,1.22,1.11,0.84,0.85,0.93,1.23,1.69,2.13,2.40,2.81,2.63,2.54,2.49,2.46,2.43,2.05,1.20,0.60,0.48,0.43,0.37,0.45,0.40,0.18,-0.06,0.03,0.01,0.02,-0.02,-0.06,-0.02,0.13,0.35,0.49,0.49,0.65,0.45,0.75,1.15,1.62,1.91,2.20,2.49,2.59,2.69,2.82,3.01,2.98,2.83,3.00,2.99,3.16,3.13,3.06,3.19,2.99,3.00,3.13,2.95,2.64,2.60,2.46,2.41,2.22,1.94,2.34,2.87,2.86,2.69,2.65,2.66,2.69,2.66,2.72,2.62,2.59,2.48,2.77,2.88,2.69,2.08,2.22,2.39,2.37,2.58,2.55,2.63,2.76,2.83,2.94,3.04,2.90,2.75,2.87,2.90,3.16,3.16,3.12,2.99,3.08,3.18,3.18,3.17,3.17,3.17,2.81,2.37,2.09,1.67,2.06,1.68,2.01,1.94,2.12,2.46,2.68,2.93,2.94,2.74,2.54,2.40,2.13,1.61,0.33,-1.65,-4.01,-4.71,-5.11,-4.76,-4.34,-3.99,-3.61,-3.19,-2.55,-2.37,-1.60,-1.26,-0.98,-0.76,-0.90,-1.05,-0.80,-0.90,-0.76,-0.82,-0.72,-0.59,-0.57,-0.68,-0.58,-0.67,-0.69,-0.63,-0.58,-0.64,-0.67,-0.76,-0.82
1.04,1.08,1.13,1.03,0.84,0.90,0.92,1.12,1.50,1.92,2.19,2.89,3.11,3.16,3.08,2.93,2.72,2.14,1.27,0.75,0.44,0.29,0.27,0.33,0.60,0.30,-0.12,-0.12,0.02,0.14,0.12,0.04,0.02,0.06,0.38,0.29,0.17,0.43,0.48,0.80,1.36,1.62,1.91,2.35,2.59,2.66,2.83,2.90,2.99,2.87,2.92,3.08,3.22,3.23,3.22,3.17,3.25,3.00,2.93,2.99,2.82,2.66,2.63,2.43,2.37,2.20,2.01,2.33,2.71,2.82,2.77,2.71,2.64,2.64,2.58,2.76,2.75,2.49,2.40,2.76,2.88,2.71,2.14,2.20,2.48,2.52,2.71,2.49,2.55,2.66,2.99,2.98,2.92,2.99,2.80,2.93,2.95,3.02,3.08,3.19,3.20,3.18,3.06,3.19,3.35,3.25,3.20,2.93,2.45,2.41,2.59,2.52,2.80,2.90,2.81,2.35,2.42,2.58,2.77,2.86,2.77,2.62,2.47,2.30,1.84,0.45,-1.30,-3.56,-4.08,-4.17,-3.92,-3.65,-3.21,-2.88,-2.81,-2.56,-2.43,-1.68,-1.35,-1.10,-0.86,-0.83,-0.87,-0.85,-0.97,-0.64,-0.59,-0.76,-0.73,-0.59,-0.73,-0.73,-0.59,-0.62,-0.66,-0.68,-0.83,-0.73,-0.88,-0.80
0.88,0.88,1.01,0.96,1.04,1.01,0.91,1.07,1.40,1.72,2.02,3.00,3.38,3.40,3.25,3.10,2.78,1.91,1.18,0.75,0.43,0.28,0.32,0.29,0.24,0.08,-0.07,-0.21,-0.03,-0.04,-0.16,-0.12,0.09,0.37,0.22,0.25,0.38,0.39,0.40,0.72,1.20,1.60,1.95,2.36,2.59,2.62,2.89,3.02,3.01,2.74,2.92,2.93,3.16,3.29,3.25,3.29,3.19,3.02,2.83,2.74,2.64,2.52,2.49,2.39,2.25,2.17,2.05,2.19,2.62,2.75,2.75,2.64,2.62,2.66,2.63,2.68,2.62,2.37,2.34,2.54,2.76,2.54,2.33,2.17,2.49,2.54,2.63,2.46,2.48,2.60,2.77,2.93,2.70,2.83,2.94,2.83,2.84,2.88,3.10,3.22,3.19,3.16,2.99,3.06,3.20,3.07,3.00,2.84,2.34,2.23,2.29,2.41,2.78,3.14,3.56,2.70,2.58,2.49,2.74,2.92,2.87,2.74,2.60,2.33,1.63,0.50,-0.64,-2.78,-3.23,-3.21,-3.25,-3.01,-2.73,-2.57,-2.50,-2.42,-2.24,-1.40,-1.34,-1.12,-0.90,-0.90,-0.96,-0.81,-0.48,-0.52,-0.69,-0.58,-0.49,-0.57,-0.62,-0.58,-0.67,-0.59,-0.53,-0.59,-0.77,-0.91,-0.87,-0.72
0.96,0.84,1.02,0.85,1.09,1.01,0.93,1.07,1.33,1.53,2.01,3.22,3.47,3.50,3.44,3.17,2.72,1.83,1.23,0.71,0.34,0.25,0.33,0.44,0.18,0.09,-0.13,-0.11,-0.01,-0.07,-0.16,-0.13,-0.06,0.18,0.13,0.35,0.35,0.41,0.50,0.81,1.13,1.53,1.90,2.18,2.40,2.49,2.90,3.01,3.04,2.72,2.98,2.88,3.07,3.22,3.18,3.28,3.11,3.00,2.75,2.66,2.59,2.40,2.29,2.19,2.07,1.92,1.75,2.00,2.46,2.58,2.69,2.62,2.64,2.65,2.64,2.58,2.52,2.25,2.31,2.41,2.59,2.42,2.34,2.11,2.41,2.49,2.41,2.51,2.62,2.69,2.68,2.89,2.65,2.69,2.75,2.83,2.86,2.99,3.07,3.08,3.11,3.08,2.98,3.00,3.05,3.06,3.07,2.76,2.33,2.08,2.19,2.81,3.44,3.55,3.16,2.86,2.54,2.60,2.95,2.82,2.84,2.94,2.66,2.18,1.72,0.87,-0.19,-2.23,-2.39,-2.38,-2.48,-2.33,-2.22,-2.25,-2.34,-2.34,-2.19,-1.39,-1.43,-1.16,-1.14,-1.12,-0.98,-0.75,-0.51,-0.66,-0.75,-0.68,-0.58,-0.59,-0.77,-0.69,-0.64,-0.61,-0.71,-0.75,-0.64,-0.80,-0.77,-0.76
1.17,0.95,1.06,0.82,0.97,1.00,0.97,1.02,1.13,1.33,2.02,3.36,3.59,3.54,3.42,2.78,2.51,1.67,1.12,0.79,0.59,0.51,0.50,0.43,0.32,0.10,-0.08,-0.22,-0.06,-0.03,-0.11,-0.01,0.07,0.12,0.22,0.51,0.30,0.33,0.45,0.82,1.15,1.49,1.85,2.13,2.35,2.60,2.98,2.88,3.00,2.86,3.06,2.95,2.96,3.10,3.31,3.24,3.08,2.99,2.80,2.68,2.63,2.43,2.20,2.01,1.89,1.66,1.50,1.91,2.30,2.51,2.66,2.75,2.65,2.60,2.74,2.60,2.51,2.26,2.28,2.41,2.35,2.18,2.19,2.06,2.39,2.49,2.36,2.62,2.76,2.71,2.71,2.72,2.74,2.68,2.55,2.78,2.92,2.92,2.88,2.87,3.01,3.00,2.90,2.99,3.06,3.14,3.13,2.70,2.18,1.95,1.95,2.37,3.01,3.84,3.44,3.11,2.42,2.51,2.82,2.68,2.80,2.92,2.63,2.30,1.99,1.00,-0.04,-1.85,-1.91,-1.93,-2.04,-2.06,-1.93,-2.05,-2.29,-2.19,-2.10,-1.59,-1.30,-1.11,-0.97,-0.88,-0.86,-0.78,-0.43,-0.80,-0.61,-0.62,-0.54,-0.48,-0.69,-0.81,-0.66,-0.78,-0.80,-0.69,-0.61,-0.62,-0.92,-0.76
1.27,1.11,1.04,0.87,0.91,1.07,1.04,1.07,1.28,1.61,1.74,3.01,3.74,3.68,3.23,2.95,2.68,1.78,1.04,0.50,0.37,0.38,0.13,0.49,0.48,0.32,-0.14,-0.19,0.01,0.13,0.04,-0.02,0.15,0.20,0.35,0.54,0.44,0.43,0.40,0.79,1.24,1.58,1.85,2.16,2.49,2.83,3.10,2.87,2.99,2.84,2.95,2.99,2.88,3.07,3.29,3.20,3.02,2.99,2.86,2.64,2.55,2.34,2.11,1.97,1.79,1.52,1.45,1.92,2.36,2.54,2.69,2.75,2.63,2.60,2.77,2.58,2.42,2.46,2.40,2.22,2.29,2.06,2.26,2.23,2.45,2.55,2.45,2.66,2.69,2.75,2.78,2.70,2.78,2.69,2.70,2.77,2.88,2.80,2.78,2.83,3.02,3.05,3.08,3.11,3.19,3.41,3.32,2.87,2.51,2.07,2.09,2.39,2.87,3.44,3.18,3.04,2.43,2.42,2.72,2.83,2.98,2.95,2.58,2.34,2.35,1.50,0.12,-1.59,-1.74,-1.97,-2.04,-1.99,-1.86,-2.00,-2.14,-1.95,-2.07,-1.85,-1.38,-1.22,-0.97,-0.82,-0.76,-0.66,-0.52,-0.83,-0.52,-0.64,-0.48,-0.39,-0.75,-0.73,-0.64,-0.59,-0.71,-0.81,-0.75,-0.61,-0.61,-0.61
1.24,1.15,1.04,0.81,0.95,1.06,1.09,1.20,1.46,1.63,2.12,2.90,3.38,3.54,3.37,2.68,2.18,1.80,1.14,0.63,0.54,0.64,0.35,0.49,0.34,0.25,-0.04,-0.23,-0.13,-0.07,-0.12,0.08,0.14,0.17,0.32,0.40,0.43,0.64,0.60,0.86,1.29,1.60,1.80,2.08,2.46,2.92,3.17,2.92,3.01,2.84,2.92,3.11,3.04,3.12,2.95,3.06,3.04,2.89,2.80,2.66,2.55,2.23,2.06,2.01,1.78,1.61,1.52,1.92,2.34,2.47,2.69,2.74,2.63,2.53,2.72,2.48,2.39,2.53,2.53,2.20,2.40,2.33,2.37,2.40,2.52,2.39,2.51,2.66,2.70,2.68,2.71,2.82,2.81,2.65,2.76,2.83,2.82,2.76,2.89,2.95,3.01,3.10,3.22,3.16,3.18,3.42,3.26,2.87,2.68,2.25,2.16,2.39,2.86,3.13,2.94,2.90,2.66,2.55,2.98,2.93,2.86,3.12,2.93,2.54,2.30,1.42,0.20,-1.44,-1.88,-1.82,-1.95,-1.83,-1.72,-1.86,-2.01,-2.04,-2.22,-2.01,-1.49,-1.16,-1.07,-0.98,-0.81,-0.64,-0.66,-0.86,-0.82,-0.80,-0.72,-0.67,-0.62,-0.68,-0.87,-0.80,-0.82,-0.82,-0.67,-0.46,-0.68,-0.64
1.30,1.17,1.02,0.82,0.67,0.72,0.87,0.98,1.04,1.53,1.86,2.72,3.11,3.10,2.95,2.29,2.22,1.73,1.09,0.61,0.43,0.35,0.18,0.24,0.33,-0.01,-0.24,-0.29,-0.23,-0.08,0.02,-0.01,-0.12,-0.14,0.24,0.38,0.38,0.61,0.55,0.70,1.09,1.41,1.68,2.01,2.20,2.75,2.94,2.83,2.94,2.83,2.95,3.07,3.08,3.12,2.81,2.89,2.99,2.64,2.60,2.70,2.59,2.24,1.97,1.84,1.80,1.75,1.49,1.74,2.19,2.37,2.60,2.66,2.65,2.52,2.68,2.48,2.36,2.33,2.42,2.26,2.43,2.18,2.28,2.29,2.57,2.17,2.55,2.57,2.71,2.51,2.53,2.68,2.70,2.64,2.69,2.74,2.68,2.59,2.86,2.99,3.00,2.99,3.07,2.98,3.11,3.29,3.12,2.81,2.43,2.16,2.01,2.17,2.68,2.87,2.84,2.70,2.35,2.30,2.80,2.75,2.87,2.76,2.62,2.55,2.17,1.46,0.27,-1.12,-1.96,-2.02,-2.05,-2.01,-1.82,-1.83,-2.09,-2.27,-2.02,-1.73,-1.25,-0.90,-0.87,-0.96,-0.82,-0.58,-0.66,-0.87,-0.83,-0.80,-0.64,-0.49,-0.47,-0.59,-0.81,-0.91,-0.82,-0.71,-0.69,-0.76,-0.91,-0.56
1.20,1.18,1.34,1.02,0.95,0.85,1.01,1.31,1.23,1.20,1.95,2.65,3.02,3.14,3.06,2.63,1.97,1.56,1.01,0.60,0.46,0.37,0.29,0.23,0.29,0.03,-0.26,-0.34,-0.28,-0.12,0.01,-0.03,-0.12,-0.13,0.10,0.40,0.39,0.61,0.48,0.54,0.93,1.31,1.62,1.91,2.19,2.58,2.60,2.88,2.81,2.66,2.89,2.90,2.94,3.11,2.88,2.72,2.75,2.54,2.51,2.52,2.46,2.14,1.80,1.78,1.82,1.72,1.51,1.73,2.02,2.28,2.53,2.74,2.66,2.65,2.66,2.52,2.59,2.36,2.42,2.25,2.51,2.20,2.34,2.35,2.54,2.42,2.62,2.42,2.66,2.52,2.55,2.47,2.59,2.57,2.59,2.58,2.63,2.53,2.74,2.96,2.99,2.93,2.94,2.92,3.02,3.06,2.95,2.78,2.36,2.06,1.75,1.85,2.31,2.54,2.78,2.59,2.60,2.35,2.65,2.72,3.04,3.06,2.83,2.53,2.00,1.17,0.29,-0.91,-1.95,-2.11,-1.77,-1.91,-1.77,-1.87,-2.11,-2.10,-1.71,-1.35,-1.20,-1.00,-0.91,-0.95,-0.78,-0.59,-0.67,-0.93,-0.75,-0.72,-0.56,-0.51,-0.66,-0.83,-0.77,-0.91,-0.91,-0.73,-0.57,-0.71,-0.69,-0.63
1.02,1.07,1.39,1.00,0.80,0.77,0.82,0.92,1.11,1.30,1.75,2.51,2.90,2.92,2.88,2.33,1.86,1.33,0.90,0.51,0.28,0.28,0.23,0.09,0.17,0.08,-0.09,-0.26,-0.22,-0.09,-0.06,0.03,-0.08,0.03,0.03,0.39,0.43,0.54,0.56,0.65,0.97,1.35,1.62,1.79,2.25,2.47,2.54,2.87,2.84,2.55,2.84,2.75,2.75,2.80,3.00,2.77,2.71,2.60,2.34,2.22,2.29,2.17,1.86,1.88,1.96,1.83,1.73,1.90,2.18,2.33,2.46,2.81,2.82,2.84,2.71,2.74,2.66,2.41,2.41,2.25,2.43,2.23,2.43,2.33,2.54,2.46,2.55,2.62,2.64,2.49,2.47,2.54,2.60,2.49,2.59,2.58,2.65,2.66,2.74,2.98,2.99,2.92,2.95,2.95,2.96,2.98,2.87,2.66,2.42,2.01,1.68,1.96,2.24,2.41,2.57,2.02,2.30,2.33,2.51,2.81,2.96,2.81,2.62,2.45,2.00,1.27,0.51,-0.93,-2.15,-2.07,-1.90,-1.87,-2.02,-2.05,-1.85,-1.60,-1.50,-1.30,-1.24,-1.17,-1.20,-1.00,-0.81,-0.76,-0.83,-0.92,-0.91,-0.76,-0.56,-0.61,-0.78,-0.82,-0.85,-0.80,-0.73,-0.69,-0.67,-0.58,-0.56,-0.66
1.07,1.00,1.17,0.98,0.92,0.81,0.86,1.07,1.12,1.13,1.73,2.46,2.87,2.89,2.82,2.26,1.75,1.36,0.80,0.37,0.28,0.30,0.12,0.10,0.01,-0.07,-0.12,-0.19,-0.18,-0.11,-0.09,0.04,-0.12,0.04,0.08,0.38,0.34,0.35,0.43,0.69,1.00,1.30,1.62,1.79,2.08,2.31,2.47,2.47,2.84,2.49,2.58,2.58,2.70,2.58,2.89,2.70,2.47,2.49,2.34,2.20,2.24,2.07,1.86,1.89,1.90,1.85,1.79,1.95,2.33,2.34,2.47,2.66,2.76,2.75,2.70,2.69,2.80,2.55,2.37,2.25,2.52,2.00,2.41,2.09,2.43,2.54,2.58,2.63,2.65,2.52,2.65,2.71,2.55,2.62,2.72,2.78,2.76,2.80,2.88,3.00,2.96,2.94,2.99,2.99,3.04,3.06,2.90,2.64,2.30,1.89,1.73,2.01,2.37,2.20,2.64,1.99,2.22,2.41,2.52,2.93,2.90,2.65,2.70,2.60,2.16,1.66,0.72,-0.63,-1.53,-2.20,-2.07,-1.91,-2.15,-2.20,-2.05,-1.81,-1.50,-1.27,-1.20,-1.05,-0.82,-0.85,-0.87,-0.91,-1.02,-0.97,-1.06,-0.87,-0.68,-0.73,-0.81,-0.71,-0.68,-0.61,-0.64,-0.73,-0.73,-0.59,-0.69,-0.54
1.02,1.13,1.07,1.02,0.97,1.08,1.12,1.00,1.24,1.31,1.86,2.54,2.86,2.71,2.45,1.95,1.57,1.17,0.72,0.44,0.48,0.37,0.09,0.19,0.09,-0.06,-0.14,-0.18,-0.16,-0.12,-0.17,-0.18,-0.09,0.10,0.14,0.45,0.34,0.37,0.32,0.51,0.98,1.33,1.60,1.86,2.16,2.30,2.58,2.60,2.72,2.78,2.55,2.59,2.70,2.62,2.69,2.58,2.43,2.37,2.30,2.29,2.20,1.95,1.85,1.86,1.84,1.86,1.77,1.89,2.19,2.24,2.36,2.47,2.51,2.47,2.84,2.62,2.83,2.68,2.43,2.35,2.42,2.28,2.55,2.25,2.51,2.43,2.66,2.46,2.63,2.54,2.64,2.78,2.58,2.62,2.75,2.83,2.89,2.86,2.94,3.00,3.04,3.16,3.02,2.96,3.01,3.04,2.99,2.75,2.33,1.92,1.99,2.54,3.00,2.53,2.77,2.30,2.09,2.41,2.57,2.78,2.72,2.74,2.76,2.65,2.39,1.74,0.86,0.04,-1.48,-2.10,-2.27,-1.64,-1.93,-2.11,-2.27,-2.22,-1.59,-1.35,-1.49,-1.14,-0.76,-0.87,-0.97,-1.02,-1.11,-1.19,-1.02,-0.92,-0.83,-0.83,-0.83,-0.67,-0.62,-0.68,-0.72,-0.80,-0.77,-0.62,-0.62,-0.57
1.02,1.02,0.92,0.81,0.80,0.98,1.08,0.95,1.35,1.40,1.92,2.37,2.55,2.35,1.69,1.33,1.03,0.74,0.48,0.35,0.39,0.38,0.17,0.09,0.19,0.04,-0.07,-0.23,-0.26,-0.08,-0.12,-0.29,-0.22,0.15,0.23,0.46,0.44,0.50,0.35,0.44,0.93,1.35,1.56,1.83,2.14,2.00,2.46,2.58,2.72,2.57,2.68,2.65,2.63,2.52,2.49,2.47,2.49,2.52,2.31,2.09,2.13,2.17,1.92,1.64,1.74,1.95,2.03,2.14,2.28,2.25,2.11,2.16,2.37,2.41,2.66,2.48,2.43,2.22,2.24,2.22,2.09,2.19,2.30,2.16,2.28,2.39,2.59,2.30,2.33,2.41,2.57,2.69,2.53,2.54,2.75,2.70,2.80,2.84,2.82,2.95,3.18,3.25,3.06,2.98,2.95,2.99,2.95,2.77,2.47,1.97,1.96,2.59,3.23,2.95,3.05,2.57,2.05,2.43,2.58,2.75,2.69,2.68,2.59,2.62,2.51,1.84,1.07,0.44,-1.22,-1.97,-2.43,-2.29,-2.47,-2.60,-2.81,-2.68,-1.97,-1.69,-1.31,-1.12,-1.19,-0.90,-0.87,-0.97,-0.96,-1.03,-0.88,-0.85,-0.86,-0.87,-0.82,-0.80,-0.76,-0.81,-0.80,-0.81,-0.76,-0.59,-0.67,-0.76
1.18,1.15,1.07,1.09,0.87,0.87,0.97,0.92,1.24,1.30,1.50,1.67,1.84,1.84,1.06,0.60,0.49,0.41,0.34,0.25,0.20,0.22,0.23,0.06,0.22,0.10,-0.09,-0.42,-0.51,-0.16,-0.11,-0.12,-0.26,0.03,0.29,0.37,0.51,0.60,0.50,0.63,1.01,1.30,1.57,1.79,2.02,2.06,2.22,2.28,2.62,2.60,2.51,2.34,2.46,2.45,2.41,2.41,2.36,2.26,2.02,1.95,2.01,1.94,1.91,1.95,2.01,2.14,2.20,2.30,2.18,2.18,2.29,2.36,2.45,2.28,2.42,2.17,2.12,2.00,2.02,1.95,2.25,1.95,1.96,2.07,2.24,2.18,2.29,2.24,2.30,2.46,2.54,2.60,2.52,2.49,2.66,2.69,2.81,2.96,2.89,2.99,3.05,3.11,3.12,3.08,3.02,2.96,2.83,2.68,2.42,2.01,2.01,2.30,3.00,3.02,3.07,2.65,1.88,2.41,2.55,2.87,2.64,2.59,2.63,2.68,2.53,1.95,1.31,0.55,-1.15,-2.01,-2.38,-2.38,-2.52,-2.77,-3.05,-3.04,-2.52,-2.02,-1.91,-1.29,-1.08,-1.03,-1.07,-0.85,-0.58,-1.02,-0.68,-0.71,-0.93,-0.91,-0.83,-0.93,-0.73,-0.71,-0.75,-0.80,-0.73,-0.62,-0.69,-0.82
1.29,1.18,1.15,1.06,0.96,0.87,0.81,0.75,1.17,1.19,1.15,1.13,1.23,1.30,0.70,0.44,0.46,0.48,0.41,0.40,0.41,0.20,0.27,0.13,0.33,0.13,-0.19,-0.52,-0.61,-0.31,-0.21,-0.12,-0.17,0.01,0.27,0.41,0.59,0.51,0.46,0.69,0.98,1.24,1.55,1.82,2.19,2.23,2.54,2.29,2.54,2.65,2.48,2.52,2.59,2.46,2.34,2.39,2.24,1.94,1.84,1.95,2.05,2.06,1.92,1.83,2.08,2.20,2.20,2.29,2.47,2.66,2.24,2.19,2.48,2.29,2.62,2.33,2.36,2.06,1.95,1.91,2.07,1.61,1.94,2.05,2.12,2.35,2.22,2.39,2.52,2.62,2.42,2.58,2.74,2.64,2.59,2.60,2.78,2.98,2.96,3.06,3.04,3.14,3.10,3.08,3.08,2.98,2.72,2.54,2.34,1.96,2.09,2.25,2.86,3.01,2.92,2.60,2.09,2.24,2.53,2.84,2.55,2.52,2.60,2.62,2.58,2.18,1.31,0.84,-0.64,-1.65,-2.25,-2.07,-2.72,-2.81,-3.01,-3.35,-3.04,-2.22,-1.87,-1.36,-1.21,-1.12,-1.02,-0.87,-0.78,-0.85,-0.54,-0.52,-0.72,-0.77,-0.71,-0.67,-0.58,-0.63,-0.67,-0.78,-0.81,-0.72,-0.69,-0.82
1.22,1.07,1.01,0.87,0.98,1.02,0.84,0.56,1.00,1.14,1.04,0.88,0.86,0.95,0.49,0.61,0.76,0.74,0.55,0.45,0.61,0.38,0.33,0.14,0.28,-0.12,-0.33,-0.38,-0.47,-0.32,-0.41,-0.24,-0.24,-0.04,0.07,0.37,0.50,0.65,0.65,0.71,0.95,1.13,1.55,1.71,2.01,2.08,2.41,2.39,2.66,2.59,2.43,2.41,2.34,2.40,2.36,2.33,2.19,2.03,1.95,1.85,2.05,2.26,2.16,2.00,2.25,2.37,2.19,2.23,2.20,2.29,2.31,2.47,2.59,2.43,2.68,2.60,2.59,2.51,2.66,2.23,2.22,2.00,2.02,2.41,2.01,2.34,2.33,2.31,2.36,2.55,2.37,2.54,2.72,2.52,2.58,2.57,2.74,2.77,2.90,3.00,3.05,3.11,3.00,3.01,3.04,3.00,2.69,2.54,2.40,1.82,2.00,2.34,2.98,3.07,2.92,2.62,2.23,2.24,2.29,2.60,2.54,2.72,2.74,2.59,2.54,2.19,1.30,0.70,-0.66,-1.48,-2.00,-1.99,-2.20,-2.57,-2.88,-3.05,-3.05,-2.68,-1.91,-1.36,-0.98,-0.92,-0.98,-0.96,-0.82,-0.76,-0.49,-0.56,-0.66,-0.81,-0.81,-0.58,-0.52,-0.68,-0.81,-0.87,-0.82,-0.75,-0.86,-0.82
1.29,1.02,1.14,1.11,1.12,1.18,1.06,0.60,0.77,1.00,0.92,0.70,0.58,0.72,0.66,0.61,0.81,0.77,0.63,0.53,0.33,0.23,0.20,0.10,0.12,-0.11,-0.33,-0.41,-0.36,-0.26,-0.46,-0.32,-0.08,0.04,0.25,0.35,0.40,0.61,0.58,0.71,1.13,1.12,1.56,1.63,2.01,2.02,2.28,2.25,2.41,2.39,2.14,2.20,2.20,2.22,2.12,2.03,2.01,2.06,1.97,1.92,2.07,2.08,1.96,1.84,1.99,2.34,2.36,2.49,2.29,2.36,2.16,2.12,2.28,2.55,2.65,2.58,2.41,2.42,2.57,2.40,2.63,2.01,1.74,2.18,2.24,2.45,2.14,2.45,2.34,2.53,2.47,2.58,2.72,2.58,2.63,2.70,2.69,2.64,2.87,2.87,2.90,2.94,2.96,3.04,2.96,2.94,2.77,2.63,2.39,1.86,2.08,2.47,2.89,3.05,2.87,2.58,2.06,2.18,2.23,2.48,2.52,2.75,2.76,2.65,2.55,2.17,1.38,0.67,-0.39,-1.07,-2.18,-1.99,-2.07,-2.52,-2.88,-2.91,-2.65,-2.47,-2.27,-1.58,-1.50,-1.00,-1.02,-0.93,-0.73,-1.01,-0.63,-0.61,-0.51,-0.72,-0.86,-0.75,-0.72,-0.81,-0.77,-0.75,-0.63,-0.56,-0.83,-0.82
1.35,1.07,1.27,1.31,1.27,1.22,1.15,0.82,0.79,0.88,0.85,0.63,0.46,0.61,0.92,0.67,0.69,0.58,0.51,0.55,0.34,0.37,0.17,0.10,-0.09,-0.14,-0.16,-0.29,-0.37,-0.11,-0.27,-0.16,-0.17,-0.01,0.18,0.29,0.37,0.61,0.59,0.61,0.98,1.04,1.41,1.64,2.09,2.05,1.97,2.39,2.47,2.29,2.17,2.30,2.24,2.19,2.25,2.13,2.09,2.02,1.83,1.84,1.95,2.00,2.06,2.08,2.19,2.13,2.18,2.28,2.28,2.48,2.52,2.52,2.52,2.30,2.64,2.65,2.57,2.53,2.39,2.37,2.36,2.03,1.95,2.26,2.31,2.36,2.29,2.35,2.55,2.47,2.33,2.41,2.69,2.58,2.55,2.64,2.71,2.75,2.81,2.96,2.98,3.01,2.95,2.96,3.04,3.02,2.83,2.69,2.47,2.08,2.14,2.39,2.62,2.82,2.48,2.35,1.99,2.03,2.31,2.51,2.64,2.70,2.72,2.68,2.57,2.22,1.49,0.82,0.08,-0.82,-1.95,-1.97,-2.06,-2.41,-2.75,-2.95,-2.87,-2.36,-2.05,-1.54,-1.20,-1.12,-1.00,-0.90,-0.88,-0.82,-0.59,-0.59,-0.54,-0.61,-0.78,-0.88,-0.62,-0.72,-0.76,-0.71,-0.62,-0.58,-0.78,-0.83
1.23,1.27,1.12,1.13,1.18,1.22,1.13,0.96,1.02,1.07,0.91,0.67,0.60,0.75,0.77,0.64,0.58,0.49,0.51,0.65,0.37,0.48,0.10,0.14,0.06,-0.07,-0.19,-0.44,-0.64,-0.29,-0.34,-0.42,-0.28,-0.06,0.30,0.35,0.30,0.44,0.55,0.70,1.03,1.28,1.46,1.67,1.97,2.14,2.24,2.26,2.22,2.20,2.18,2.28,2.20,2.08,2.11,2.11,2.02,2.01,1.96,1.99,2.11,2.01,1.78,1.84,1.85,1.89,2.03,2.25,2.29,2.39,2.07,2.25,2.36,2.33,2.54,2.92,2.58,2.51,2.57,2.45,2.60,2.17,2.34,2.42,2.22,2.53,2.52,2.37,2.23,2.49,2.40,2.46,2.65,2.64,2.51,2.57,2.81,2.86,2.84,2.96,2.81,2.87,2.81,2.89,2.98,3.05,2.98,2.83,2.69,2.31,1.95,1.91,2.25,2.57,2.09,1.97,2.02,1.88,2.18,2.48,2.65,2.51,2.57,2.68,2.59,2.29,1.64,0.88,0.28,-0.68,-1.46,-2.00,-1.92,-2.27,-2.52,-2.77,-2.91,-2.34,-2.16,-2.00,-1.27,-1.08,-0.98,-0.86,-0.82,-0.95,-0.90,-0.52,-0.53,-0.67,-0.63,-0.56,-0.73,-0.54,-0.48,-0.58,-0.58,-0.53,-0.75,-0.75
1.19,1.40,1.28,1.12,1.14,1.29,1.39,1.03,1.27,1.15,1.00,0.79,0.56,0.53,0.53,0.65,0.51,0.41,0.49,0.51,0.15,0.35,0.17,-0.03,0.03,-0.09,-0.26,-0.46,-0.67,-0.31,-0.64,-0.27,-0.18,-0.17,0.25,0.27,0.12,0.25,0.27,0.32,0.96,1.30,1.62,1.82,1.72,1.91,2.09,2.45,2.11,2.31,2.30,2.28,2.18,2.07,1.88,1.89,1.99,1.96,1.86,1.86,1.96,1.85,1.71,1.73,1.80,2.01,2.08,2.19,2.12,2.23,2.08,2.17,2.36,2.28,2.28,2.88,2.70,2.72,2.70,2.62,2.68,2.03,2.17,2.20,2.43,2.28,2.39,2.28,2.34,2.35,2.70,2.48,2.62,2.62,2.55,2.57,2.70,2.70,2.92,2.82,2.77,2.74,2.63,2.82,2.94,2.96,2.95,2.82,2.78,2.54,1.92,1.66,1.83,2.20,1.92,1.73,1.89,1.71,2.08,2.30,2.47,2.37,2.48,2.68,2.69,2.47,1.84,0.87,0.28,-0.31,-1.16,-1.64,-1.69,-2.05,-2.24,-2.46,-2.70,-2.41,-2.20,-2.07,-1.38,-1.07,-0.96,-0.77,-0.59,-0.64,-0.62,-0.52,-0.52,-0.73,-0.82,-0.78,-0.93,-0.85,-0.77,-0.62,-0.38,-0.37,-0.78,-0.83
1.17,1.18,1.02,0.95,1.11,1.33,1.44,1.30,1.36,1.15,0.88,0.69,0.60,0.56,0.44,0.44,0.48,0.41,0.33,0.33,0.06,-0.01,0.02,-0.02,-0.07,-0.24,-0.31,-0.33,-0.44,-0.23,-0.33,-0.17,-0.11,-0.21,0.04,0.28,0.15,0.25,0.41,0.60,1.12,1.18,1.28,1.52,1.99,1.89,1.88,2.22,2.26,2.17,2.11,2.30,2.30,2.23,2.18,2.18,2.00,1.82,1.83,1.85,1.97,1.92,1.77,1.92,1.82,1.79,1.86,1.90,2.18,2.23,2.07,2.28,2.55,2.57,2.62,2.49,2.43,2.55,2.48,2.55,2.59,2.13,1.88,2.34,2.07,2.35,2.45,2.17,2.36,2.28,2.48,2.34,2.47,2.47,2.52,2.81,2.72,2.76,2.94,2.81,2.68,2.66,2.78,2.96,3.11,3.02,2.87,2.71,2.72,2.89,2.71,2.53,2.33,2.08,2.00,1.89,1.92,1.64,2.17,2.26,2.46,2.42,2.53,2.65,2.60,2.36,1.82,0.92,0.19,-0.22,-1.19,-1.49,-1.54,-1.81,-1.85,-2.00,-2.32,-2.22,-2.01,-1.63,-1.30,-1.03,-0.98,-0.88,-0.72,-0.66,-0.63,-0.46,-0.41,-0.51,-0.56,-0.57,-0.67,-0.76,-0.39,-0.36,-0.51,-0.64,-0.75,-0.75
1.20,1.27,1.36,1.31,1.30,1.45,1.62,1.13,1.13,1.19,1.11,0.85,0.61,0.63,0.58,0.46,0.38,0.43,0.44,0.22,0.25,0.46,-0.23,-0.38,-0.22,-0.16,-0.22,-0.38,-0.63,-0.34,-0.39,-0.19,-0.07,0.15,0.10,0.27,0.49,0.45,0.35,0.54,0.85,0.98,1.33,1.67,1.77,1.92,2.09,2.18,1.84,1.90,2.13,2.22,2.30,2.23,2.14,2.09,1.97,1.90,1.88,1.86,1.99,1.94,1.77,1.85,1.82,1.62,1.73,2.00,2.07,2.11,2.12,2.23,2.14,2.28,2.23,2.45,2.47,2.45,2.54,2.51,2.51,2.24,2.02,2.23,2.31,2.09,2.14,2.35,2.34,2.43,2.55,2.42,2.37,2.60,2.63,2.72,2.78,2.87,2.96,2.81,2.82,2.95,2.96,2.93,3.06,2.99,2.84,2.83,2.87,3.08,3.13,3.17,3.02,2.66,2.55,2.26,2.52,2.07,2.33,2.43,2.57,2.37,2.37,2.45,2.34,2.13,1.69,1.00,0.51,-0.43,-1.24,-1.59,-1.58,-1.77,-1.82,-1.88,-2.10,-2.13,-1.86,-1.54,-1.26,-0.97,-0.96,-0.87,-0.66,-0.64,-0.82,-0.69,-0.78,-0.66,-0.52,-0.56,-0.71,-0.64,-0.57,-0.61,-0.62,-0.66,-0.82,-0.61
1.06,1.33,1.23,1.14,1.09,1.15,1.34,1.11,0.67,0.60,0.71,0.60,0.22,0.41,0.37,0.19,0.41,0.54,0.39,0.12,-0.09,0.15,-0.19,-0.33,-0.27,-0.28,-0.41,-0.59,-0.66,-0.26,-0.34,-0.32,-0.03,0.08,0.27,0.29,0.33,0.43,0.38,0.32,0.58,0.88,1.38,1.46,1.66,1.73,1.95,2.13,2.14,2.01,1.94,2.20,2.26,2.05,1.84,1.83,1.82,1.88,1.88,1.69,1.83,1.96,1.91,1.88,1.95,1.75,1.74,1.82,1.96,1.88,2.08,2.14,2.12,2.35,2.52,2.29,2.28,2.36,2.03,2.37,2.28,2.19,2.13,2.12,2.16,2.00,1.97,2.26,2.37,2.20,2.34,2.20,2.33,2.46,2.64,2.47,2.65,2.66,2.77,2.82,2.83,2.98,2.88,2.89,3.01,2.88,2.80,2.86,2.95,3.13,3.07,3.05,2.95,2.83,2.71,2.48,2.70,2.62,2.46,2.37,2.57,2.28,2.17,2.23,2.23,2.13,1.71,1.18,0.70,-0.61,-1.14,-1.55,-1.57,-1.85,-2.00,-2.10,-2.24,-2.05,-1.77,-1.62,-1.40,-1.10,-0.93,-0.86,-0.80,-0.72,-0.91,-0.57,-0.72,-0.68,-0.52,-0.47,-0.64,-0.78,-0.76,-0.67,-0.57,-0.58,-0.85,-0.69
1.18,1.30,1.24,1.15,1.08,1.04,1.02,1.04,0.92,0.71,0.55,0.48,0.37,0.23,0.63,0.46,0.32,0.25,0.13,-0.12,-0.33,-0.18,-0.24,-0.54,-0.31,-0.24,-0.34,-0.46,-0.64,-0.18,-0.47,-0.24,-0.04,-0.02,0.19,0.25,0.17,0.30,0.49,0.54,0.77,0.96,1.13,1.58,1.89,1.78,2.12,2.02,2.06,2.07,2.03,2.28,2.26,2.05,1.95,1.82,1.77,1.86,1.80,1.72,1.74,1.80,1.88,1.69,1.83,1.84,1.67,1.90,1.84,1.66,1.77,1.94,2.39,2.36,2.19,2.35,2.02,2.14,1.95,2.33,2.14,2.12,2.02,2.08,2.05,2.06,2.07,2.08,1.99,2.26,2.43,2.12,2.34,2.33,2.52,2.65,2.71,2.55,2.92,2.80,2.88,2.74,2.58,2.77,2.80,2.64,2.68,2.64,2.72,2.96,2.78,2.65,2.66,2.46,2.35,2.31,2.36,2.45,2.55,2.41,2.65,2.30,2.13,2.14,2.20,2.20,1.85,1.22,0.34,-0.61,-1.03,-1.46,-1.44,-1.71,-1.92,-2.07,-2.13,-1.86,-1.65,-1.58,-1.38,-1.08,-0.91,-0.88,-0.87,-0.80,-0.93,-0.66,-0.59,-0.64,-0.66,-0.59,-0.62,-0.81,-0.76,-0.66,-0.61,-0.72,-0.97,-0.69
0.93,1.19,1.13,1.00,1.03,1.03,0.70,0.74,0.65,0.54,0.48,0.45,0.44,0.35,0.27,0.25,0.08,0.06,0.08,-0.22,-0.28,-0.29,-0.23,-0.47,-0.39,-0.29,-0.36,-0.48,-0.48,-0.26,-0.39,-0.36,-0.07,-0.02,0.08,0.27,0.38,0.38,0.29,0.39,0.76,0.86,1.24,1.33,1.74,1.69,1.90,1.88,1.80,1.72,1.80,2.12,2.25,2.22,2.14,1.96,1.92,2.00,1.84,1.79,1.95,1.80,1.83,1.74,1.84,1.80,1.77,1.91,1.96,1.84,2.06,1.75,1.75,1.95,2.29,2.25,2.08,2.25,2.13,2.25,2.25,1.99,2.30,2.33,2.23,2.11,2.26,2.13,2.07,1.97,2.18,2.22,2.17,2.25,2.45,2.66,2.60,2.55,2.70,2.68,2.75,2.64,2.58,2.75,2.83,2.65,2.53,2.68,2.82,2.82,2.81,2.65,2.52,2.19,2.02,2.08,2.20,2.31,2.43,2.37,2.46,2.26,2.09,2.08,2.09,2.09,1.86,1.11,0.27,-0.42,-0.95,-1.29,-1.25,-1.43,-1.68,-1.88,-1.96,-1.77,-1.59,-1.48,-1.31,-1.07,-0.92,-0.85,-0.85,-0.90,-0.88,-0.82,-0.66,-0.71,-0.80,-0.80,-0.67,-0.71,-0.72,-0.67,-0.67,-0.86,-1.08,-0.73
1.00,1.22,1.06,0.85,0.90,1.02,0.71,0.56,0.69,0.56,0.38,0.29,0.22,0.23,-0.02,0.17,-0.01,-0.14,-0.09,-0.16,-0.11,-0.08,-0.49,-0.57,-0.38,-0.23,-0.27,-0.38,-0.33,0.04,-0.26,-0.33,-0.34,0.02,0.09,0.06,0.04,0.08,0.23,0.40,0.51,0.79,0.98,1.14,1.63,1.68,1.90,1.99,1.83,1.83,1.99,2.05,2.08,2.08,1.96,1.90,1.91,1.95,1.94,1.83,1.78,1.88,1.94,1.56,1.58,1.77,1.74,1.63,1.80,1.71,1.77,1.45,1.68,1.99,1.83,2.26,1.75,2.28,2.08,2.25,2.29,1.86,2.06,1.91,2.36,2.16,2.13,1.85,1.97,2.05,2.33,2.00,2.30,2.26,2.33,2.47,2.53,2.41,2.72,2.65,2.62,2.47,2.47,2.65,2.74,2.75,2.76,2.72,2.70,2.66,2.63,2.55,2.40,2.23,2.17,2.12,2.31,2.24,2.48,2.25,2.29,2.19,2.06,2.14,2.17,1.96,1.80,1.44,0.53,-0.23,-1.01,-1.14,-1.15,-1.39,-1.62,-1.82,-2.01,-1.85,-1.68,-1.39,-1.21,-1.11,-1.02,-0.90,-0.82,-0.88,-0.85,-0.98,-0.75,-0.71,-0.80,-0.83,-0.82,-0.64,-0.69,-0.77,-0.77,-0.81,-1.05,-0.78
1.03,0.96,0.88,0.82,0.85,0.92,0.98,0.71,0.69,0.49,0.27,0.15,0.09,-0.02,-0.06,0.08,0.04,-0.06,-0.12,-0.12,-0.16,-0.16,-0.57,-0.37,-0.22,-0.26,-0.33,-0.39,-0.32,-0.08,0.13,-0.21,-0.17,-0.02,0.18,0.13,-0.02,0.04,0.24,0.37,0.60,1.07,1.14,1.51,1.67,1.72,1.94,1.90,1.92,1.67,1.94,2.16,2.20,2.22,2.11,1.96,1.97,2.02,1.91,1.75,1.79,1.94,1.97,1.67,1.72,1.95,1.90,1.57,1.73,1.72,1.68,1.47,1.67,2.01,2.07,2.19,1.97,2.13,1.94,2.20,2.17,2.17,2.08,2.16,2.16,1.96,2.28,2.16,2.24,1.88,2.28,2.11,2.28,2.37,2.48,2.37,2.33,2.47,2.76,2.64,2.47,2.39,2.34,2.52,2.63,2.55,2.59,2.88,2.96,2.58,2.40,2.43,2.37,2.22,2.16,2.35,2.20,2.05,2.35,2.22,2.31,2.26,2.07,2.12,2.16,1.99,1.92,1.47,0.82,0.07,-1.12,-1.01,-1.31,-1.64,-1.65,-1.68,-1.87,-1.79,-1.78,-1.35,-1.05,-1.03,-1.10,-0.95,-0.72,-0.73,-0.80,-1.17,-0.86,-0.78,-0.86,-0.91,-0.88,-0.71,-0.75,-0.85,-0.87,-0.85,-0.88,-0.71
1.07,1.02,0.79,0.71,0.74,0.84,0.95,0.70,0.50,0.34,0.15,0.04,0.12,0.12,0.06,0.10,0.04,-0.09,-0.11,0.06,-0.19,-0.39,-0.43,-0.28,-0.27,-0.31,-0.32,-0.37,-0.34,0.03,0.03,-0.08,-0.06,-0.19,-0.08,0.20,0.30,0.24,0.25,0.29,0.46,0.80,1.19,1.52,1.52,1.61,1.71,1.69,1.85,1.72,1.83,2.11,2.05,1.92,2.02,2.05,1.89,1.88,2.00,1.78,1.71,1.96,2.16,1.85,1.82,1.86,1.69,1.69,1.82,1.74,1.73,1.79,1.67,1.78,2.09,2.17,2.14,2.22,2.00,2.01,2.26,1.83,2.03,2.30,2.13,2.11,2.16,1.96,2.13,2.09,2.23,1.95,2.18,2.16,2.45,2.49,2.48,2.51,2.57,2.59,2.37,2.29,2.33,2.48,2.51,2.46,2.47,2.52,2.58,2.42,2.30,2.28,2.26,2.29,2.20,2.39,2.31,2.14,2.29,1.99,2.18,2.11,1.77,1.77,2.02,2.02,1.77,1.38,1.00,0.10,-0.81,-1.14,-1.41,-1.60,-1.63,-1.67,-1.72,-1.65,-1.72,-1.31,-1.17,-1.07,-1.00,-0.81,-0.68,-0.80,-0.73,-1.08,-0.88,-0.88,-1.01,-1.00,-0.85,-0.82,-0.80,-0.71,-0.76,-0.90,-0.87,-0.71
0.85,0.92,0.70,0.48,0.44,0.60,0.80,0.48,0.20,0.12,-0.03,-0.13,0.07,0.07,0.07,-0.11,-0.23,-0.27,-0.21,0.01,-0.46,-0.26,-0.41,-0.29,-0.21,-0.22,-0.32,-0.41,-0.34,-0.07,-0.12,-0.23,-0.24,0.01,-0.06,0.04,0.15,0.19,0.20,0.22,0.49,0.58,1.06,1.20,1.56,1.34,1.44,1.50,1.68,1.83,1.77,1.80,1.84,1.86,1.97,1.94,1.86,1.94,1.83,1.78,1.80,1.73,1.77,1.62,1.58,1.72,1.52,1.67,1.86,1.57,1.63,1.73,1.75,1.71,1.80,1.78,1.82,1.94,1.88,1.83,2.17,1.78,1.95,2.00,2.11,1.91,1.82,1.96,1.99,1.84,2.12,2.29,2.24,2.17,2.08,2.30,2.36,2.40,2.40,2.48,2.25,2.14,2.20,2.30,2.40,2.40,2.28,2.35,2.48,2.22,2.12,2.17,2.24,2.24,2.09,2.20,2.29,2.12,2.07,1.82,2.02,2.03,1.68,1.50,1.60,1.67,1.63,1.31,0.82,0.23,-1.01,-1.22,-1.40,-1.65,-1.79,-1.72,-1.76,-1.83,-1.54,-1.39,-1.08,-1.02,-0.92,-0.78,-0.82,-1.03,-0.90,-0.91,-0.71,-0.80,-0.92,-0.93,-0.88,-0.81,-0.75,-0.64,-0.66,-0.82,-1.01,-0.80
0.76,0.76,0.63,0.44,0.39,0.51,0.60,0.29,0.08,0.07,-0.01,-0.14,-0.11,-0.01,0.07,-0.09,-0.33,-0.44,-0.31,-0.07,-0.42,-0.22,-0.32,-0.33,-0.19,-0.16,-0.19,-0.23,-0.24,-0.04,-0.21,-0.22,-0.33,-0.02,0.01,0.13,0.17,0.09,0.10,0.17,0.50,0.59,0.87,1.25,1.39,1.20,1.45,1.47,1.47,1.60,1.73,1.73,1.83,2.01,2.09,2.07,1.99,1.89,1.86,1.77,1.79,1.90,1.89,1.83,1.73,1.52,1.53,1.55,1.79,1.36,1.61,1.55,1.55,1.63,1.77,1.90,1.82,2.00,1.79,2.02,1.72,1.83,2.26,2.13,2.34,1.88,2.03,1.77,1.80,2.05,2.12,1.77,2.19,1.96,2.29,2.42,2.35,2.31,2.33,2.35,2.22,2.16,2.25,2.41,2.57,2.53,2.39,2.45,2.41,2.06,2.07,2.12,2.14,2.11,2.18,2.03,2.42,2.22,2.03,1.84,1.88,1.80,1.66,1.74,1.79,1.69,1.73,1.35,0.86,0.30,-1.10,-1.07,-1.32,-1.63,-1.79,-1.86,-1.79,-1.63,-1.41,-1.44,-1.16,-1.02,-0.78,-0.69,-0.86,-1.00,-0.85,-0.85,-0.64,-0.72,-0.88,-0.91,-0.76,-0.82,-0.87,-0.87,-0.92,-1.02,-1.12,-0.75
0.81,0.77,0.61,0.46,0.39,0.45,0.58,0.15,0.04,0.02,-0.07,-0.18,-0.24,-0.21,-0.13,-0.11,-0.28,-0.41,-0.28,0.01,-0.32,-0.32,-0.41,-0.31,-0.11,-0.04,-0.14,-0.22,-0.16,0.04,-0.23,-0.13,-0.17,0.03,0.06,0.06,0.03,0.09,0.20,0.24,0.38,0.53,0.91,1.14,1.40,1.33,1.53,1.47,1.60,1.60,1.67,1.72,1.79,2.00,2.05,1.95,1.88,1.86,1.80,1.71,1.82,1.91,1.99,1.89,1.55,1.44,1.51,1.41,1.50,1.24,1.49,1.66,1.61,1.94,1.83,1.73,1.66,1.71,1.83,1.97,2.12,1.85,2.14,1.95,1.74,1.91,2.24,2.03,1.91,1.95,2.05,2.00,2.19,2.14,2.34,2.40,2.07,2.03,2.13,2.23,2.11,2.17,2.18,2.20,2.39,2.35,2.14,2.06,2.01,1.92,1.94,2.05,2.16,2.16,2.09,2.02,2.06,1.99,2.05,1.92,1.80,1.88,1.74,1.85,1.90,1.56,1.61,1.33,0.76,0.17,-1.07,-1.24,-1.49,-1.68,-1.81,-1.82,-1.67,-1.53,-1.64,-1.41,-1.14,-0.93,-0.85,-0.77,-0.78,-1.07,-1.00,-1.03,-0.90,-0.81,-0.85,-0.93,-1.01,-0.97,-0.78,-0.85,-1.01,-1.07,-1.05,-0.91
0.60,0.79,0.63,0.45,0.35,0.37,0.50,0.09,0.01,-0.02,-0.11,-0.24,-0.33,-0.29,-0.18,-0.16,-0.27,-0.38,-0.31,-0.06,-0.29,-0.36,-0.32,-0.17,-0.06,-0.03,-0.04,-0.08,-0.08,0.07,-0.26,-0.31,-0.03,0.04,0.12,0.12,0.15,0.19,0.19,0.29,0.45,0.63,0.80,0.91,1.34,1.50,1.45,1.58,1.62,1.53,1.62,1.66,1.74,1.79,1.89,1.96,1.84,1.83,1.83,1.83,1.94,2.06,2.09,1.84,1.57,1.63,1.69,1.66,1.38,1.30,1.31,1.41,1.35,1.69,1.61,1.68,1.66,1.62,1.67,1.74,1.68,1.69,2.05,1.95,1.85,1.84,1.63,1.77,1.80,1.94,2.13,1.96,2.12,2.37,2.54,2.31,2.05,2.26,2.26,2.34,2.37,2.20,2.12,2.24,2.37,2.42,2.33,2.17,2.14,2.09,2.14,2.29,2.16,1.80,1.83,2.06,2.01,1.88,1.91,1.77,1.96,1.91,1.73,1.63,1.63,1.71,1.63,1.34,1.14,0.51,-0.23,-0.93,-1.34,-1.53,-1.67,-1.68,-1.58,-1.73,-1.72,-1.50,-1.06,-0.96,-1.10,-1.03,-0.83,-1.01,-1.01,-1.00,-0.82,-0.86,-0.92,-0.88,-1.12,-1.16,-0.96,-0.93,-1.00,-1.02,-1.06,-0.93
0.40,0.61,0.60,0.49,0.44,0.40,0.23,0.23,0.10,0.08,0.01,-0.18,-0.34,-0.18,-0.14,-0.07,-0.24,-0.39,-0.31,-0.23,-0.21,-0.28,-0.18,-0.07,0.02,0.04,0.06,0.03,-0.01,0.18,-0.02,-0.17,-0.06,0.04,0.10,0.09,0.15,0.23,0.23,0.34,0.64,0.79,0.90,0.77,1.08,1.34,1.30,1.55,1.66,1.41,1.56,1.68,1.62,1.73,1.86,1.84,1.80,1.86,1.84,1.74,1.95,2.09,1.92,1.84,1.80,1.64,1.77,1.60,1.47,1.27,1.22,1.39,1.20,1.47,1.38,1.53,1.18,1.68,1.53,1.80,1.80,1.56,1.73,1.94,1.99,1.96,1.85,1.82,1.90,2.11,2.16,2.07,2.26,2.09,2.14,2.14,2.16,2.14,2.16,2.08,2.05,2.02,2.03,2.12,2.23,2.16,2.03,2.20,2.24,1.80,1.85,2.00,1.86,1.71,1.84,2.12,2.01,1.80,1.85,1.96,1.77,1.50,1.52,1.72,1.74,1.56,1.47,1.44,1.02,0.96,0.50,-0.09,-0.61,-0.95,-0.86,-0.78,-1.05,-1.10,-1.19,-1.08,-0.86,-1.14,-1.26,-1.07,-0.86,-1.00,-0.98,-0.91,-1.02,-0.85,-0.83,-1.21,-1.26,-1.06,-1.11,-1.12,-1.07,-1.02,-0.97,-1.02
0.34,0.56,0.50,0.30,0.22,0.25,0.25,0.20,0.14,-0.02,-0.12,-0.21,-0.37,-0.19,-0.26,-0.08,-0.14,-0.22,-0.19,-0.21,-0.21,-0.12,-0.11,0.06,0.19,0.19,0.07,-0.03,-0.01,0.24,-0.03,-0.14,0.01,0.14,0.04,-0.03,0.10,0.19,0.18,0.37,0.61,0.82,0.82,0.96,1.25,1.30,1.22,1.49,1.64,1.67,1.72,1.71,1.64,1.74,1.83,1.86,1.89,1.79,1.73,1.78,1.90,1.91,1.89,1.79,1.82,1.62,1.74,1.88,1.33,1.18,1.23,1.27,1.24,1.22,1.25,1.33,1.25,1.56,1.53,1.53,1.75,1.39,1.61,1.68,1.49,1.67,1.74,1.97,2.17,1.95,2.25,2.24,2.08,2.24,2.43,2.12,2.08,2.03,2.17,2.30,2.28,2.24,2.17,2.20,2.14,2.02,2.00,1.97,2.02,1.95,1.75,1.86,1.64,1.60,1.52,1.85,1.80,1.77,1.68,1.49,1.49,1.55,1.73,1.90,1.83,1.67,1.66,1.40,1.18,0.95,0.56,0.39,0.08,-0.19,-0.13,0.03,0.07,-0.01,-0.12,-0.46,-0.72,-0.81,-0.88,-0.90,-0.90,-1.01,-0.96,-1.01,-0.96,-0.75,-0.66,-0.88,-0.93,-0.97,-1.01,-1.03,-1.02,-0.92,-0.92,-1.03
0.29,0.53,0.59,0.46,0.24,0.10,0.22,-0.07,0.04,-0.07,-0.18,-0.26,-0.46,-0.16,-0.26,-0.11,-0.11,-0.16,-0.14,-0.11,-0.13,0.03,-0.03,0.12,0.27,0.24,0.08,-0.02,0.06,0.24,0.06,-0.13,0.22,0.25,0.15,0.09,0.18,0.22,0.20,0.32,0.49,0.77,0.81,0.96,1.18,1.34,1.39,1.60,1.72,1.45,1.58,1.74,1.80,1.92,1.96,1.94,1.86,1.79,1.78,1.79,1.99,1.97,1.96,1.94,1.74,1.67,1.71,1.95,1.40,1.34,1.28,1.23,1.33,0.95,1.39,1.27,1.33,1.35,1.45,1.61,1.75,1.52,1.72,1.90,1.82,1.85,2.06,1.91,2.06,1.99,2.01,1.99,1.72,1.90,2.12,2.11,2.17,2.22,2.20,2.19,2.18,2.06,1.88,1.96,2.05,2.05,2.00,1.78,1.74,1.78,1.66,1.72,1.53,1.34,1.39,1.42,1.62,1.61,1.42,1.41,1.45,1.56,1.67,1.63,1.61,1.72,1.62,1.30,1.24,1.09,0.90,0.77,0.69,0.45,0.38,0.50,0.54,0.55,0.41,0.19,-0.22,-0.46,-0.69,-0.85,-0.87,-0.93,-0.97,-0.92,-0.93,-0.81,-0.71,-0.90,-1.16,-1.15,-0.93,-1.00,-1.06,-0.90,-0.95,-0.77
0.25,0.15,0.25,0.14,0.03,0.07,0.18,-0.04,0.03,-0.09,-0.18,-0.22,-0.41,-0.17,-0.33,-0.08,-0.13,-0.27,-0.21,0.01,0.09,0.06,-0.01,0.14,0.33,0.30,0.18,0.12,0.13,0.38,0.34,0.08,0.19,0.12,0.12,0.15,0.20,0.25,0.25,0.25,0.35,0.67,0.76,0.91,1.25,1.23,1.39,1.61,1.62,1.51,1.50,1.62,1.85,1.88,1.89,1.83,1.78,1.88,1.74,1.69,1.85,1.71,1.72,1.85,1.86,1.82,1.74,1.82,1.35,1.64,1.84,1.94,1.88,1.79,2.01,1.95,2.12,1.86,1.91,2.20,1.89,1.85,2.03,2.09,2.06,2.17,2.05,2.09,2.08,2.26,2.25,2.14,2.19,2.06,2.12,2.17,2.20,2.06,2.28,2.19,1.99,1.92,1.92,1.88,2.00,2.02,1.77,1.94,2.13,1.57,1.58,1.66,1.29,1.27,1.28,1.33,1.42,1.50,1.46,1.55,1.53,1.56,1.60,1.66,1.64,1.42,1.28,1.40,1.03,0.79,0.55,0.70,0.79,0.71,0.58,0.53,0.55,0.45,0.27,0.64,0.29,-0.17,-0.53,-0.72,-0.85,-1.08,-1.06,-1.00,-0.82,-0.87,-1.00,-0.96,-1.17,-0.97,-1.00,-1.05,-1.05,-1.00,-0.97,-1.10
0.58,0.35,0.48,0.28,0.15,0.28,0.39,0.12,0.10,-0.14,-0.19,-0.13,-0.24,-0.12,-0.06,-0.11,-0.13,-0.14,-0.09,0.07,0.08,0.19,0.04,0.14,0.40,0.37,0.20,0.19,0.06,0.39,0.30,0.12,0.12,0.02,-0.03,0.13,0.19,0.17,0.17,0.08,0.15,0.59,0.74,0.87,1.20,1.07,1.33,1.45,1.60,1.50,1.47,1.62,1.74,1.75,1.79,1.72,1.71,1.90,1.88,1.77,1.74,2.00,1.89,1.89,1.88,1.82,1.52,1.67,1.57,1.92,2.95,3.81,3.66,3.42,3.92,3.65,3.73,3.43,3.94,3.94,4.18,3.92,3.19,2.26,1.90,1.91,1.96,2.01,1.80,2.08,1.85,2.11,2.19,2.20,2.07,2.18,2.25,2.18,2.13,2.01,2.02,1.92,1.74,1.89,2.09,2.00,1.86,1.82,1.78,1.53,1.52,1.71,1.63,1.51,1.46,1.38,1.22,1.39,1.41,1.58,1.53,1.63,1.67,1.60,1.63,1.63,1.41,1.51,1.12,0.37,0.66,0.92,1.03,0.90,0.71,0.60,0.61,0.76,0.44,0.81,0.74,0.27,-0.22,-0.53,-0.76,-1.05,-1.05,-1.03,-1.07,-1.06,-1.06,-1.14,-1.12,-1.08,-1.17,-1.10,-0.96,-0.98,-1.21,-1.14
0.24,0.69,0.38,0.10,0.09,0.27,0.40,0.01,-0.04,0.02,-0.03,-0.22,-0.34,-0.13,-0.06,0.07,0.09,0.17,0.30,0.15,0.06,0.25,-0.01,0.06,0.24,0.20,0.15,0.17,0.01,0.20,0.27,0.15,0.19,0.12,0.01,0.17,0.19,0.10,0.09,-0.04,0.09,0.60,0.82,0.80,1.12,1.14,1.31,1.38,1.61,1.57,1.62,1.69,1.80,1.85,1.89,1.80,1.73,1.89,1.83,1.73,1.67,1.88,1.91,2.05,2.01,1.80,1.78,1.89,1.60,2.13,4.04,5.02,5.15,5.26,5.19,4.91,5.01,4.84,5.32,6.06,6.15,5.36,4.10,3.36,2.64,2.16,2.08,2.03,2.11,2.23,2.26,2.26,2.17,2.11,2.14,2.13,2.13,2.02,2.03,1.96,1.80,1.84,1.77,1.77,2.02,1.99,1.62,1.53,1.68,1.57,1.47,1.73,1.90,1.77,2.08,2.16,2.34,2.12,1.67,1.72,1.58,1.58,1.62,1.53,1.64,1.82,1.71,1.45,1.29,1.07,1.07,1.15,1.15,1.11,1.00,0.86,0.84,0.96,0.77,0.77,0.82,0.48,0.10,-0.34,-0.83,-0.96,-1.11,-1.02,-0.98,-0.97,-0.98,-1.06,-1.12,-1.11,-1.17,-1.21,-1.17,-1.12,-1.24,-1.14
0.49,0.72,0.50,0.54,0.49,0.38,0.50,0.41,0.28,0.23,0.18,0.23,0.38,0.54,0.77,0.86,0.80,0.71,0.55,0.30,0.28,0.37,0.22,0.25,0.22,0.25,0.28,0.18,0.03,0.17,0.43,0.23,0.18,0.14,0.08,0.20,0.14,0.07,0.14,0.10,0.23,0.65,0.86,0.79,0.95,1.19,1.24,1.30,1.57,1.61,1.71,1.74,1.77,1.86,1.95,1.89,1.85,1.90,1.89,1.88,1.88,1.85,1.95,2.03,2.02,1.90,2.00,1.92,1.71,2.26,4.15,5.86,5.61,5.53,5.80,5.56,5.61,5.71,6.01,6.68,6.75,6.15,4.61,3.77,2.65,1.95,2.03,1.78,2.02,2.17,1.88,1.92,2.12,2.28,2.25,2.30,2.17,2.03,1.94,2.00,2.06,2.00,1.86,1.88,2.08,2.30,2.14,1.82,1.69,1.36,1.38,2.13,2.64,2.80,3.32,3.53,3.67,3.43,2.69,1.99,1.51,1.47,1.55,1.47,1.56,1.78,1.62,1.63,1.38,1.35,1.33,1.33,1.49,1.30,0.95,0.81,0.90,1.29,1.13,1.11,1.06,0.59,0.24,-0.07,-0.57,-0.86,-1.00,-1.01,-1.14,-1.17,-1.05,-1.00,-1.25,-1.22,-1.20,-1.22,-1.22,-1.16,-1.21,-1.16
0.45,0.32,0.58,0.65,0.63,0.63,0.74,0.84,0.63,0.88,0.90,0.82,1.02,0.97,1.29,1.60,1.44,1.17,1.07,0.93,0.59,0.48,0.39,0.37,0.40,0.50,0.45,0.28,0.27,0.32,0.41,0.20,0.22,0.22,0.12,0.19,0.04,-0.02,0.19,0.25,0.46,0.60,0.76,0.91,0.95,1.07,1.29,1.36,1.60,1.57,1.58,1.66,1.72,1.83,1.83,1.82,1.92,1.94,1.84,1.94,1.94,1.95,2.06,2.06,1.97,2.11,2.07,2.03,1.92,2.40,4.07,5.66,5.47,5.35,5.63,5.77,5.92,5.78,6.17,6.84,7.42,6.58,4.72,3.62,2.52,1.85,2.01,1.86,1.89,2.05,1.91,2.05,2.11,2.17,2.28,2.23,2.22,2.09,1.95,1.82,1.83,1.96,1.89,1.78,1.84,1.80,1.64,1.52,1.57,1.34,1.35,2.14,2.45,3.40,3.74,4.06,3.90,3.74,3.12,2.28,1.88,1.75,1.64,1.58,1.67,1.79,1.61,1.39,1.44,1.39,1.27,1.40,1.42,1.18,0.92,0.86,0.93,1.14,1.31,1.24,1.09,0.66,0.18,-0.18,-0.39,-0.66,-0.91,-1.05,-1.16,-1.25,-1.22,-1.02,-1.25,-1.24,-1.16,-1.14,-1.12,-0.98,-1.05,-1.16
0.48,0.64,0.84,0.80,0.70,0.67,0.81,1.13,1.07,1.39,1.52,1.49,1.57,1.67,1.86,2.16,2.14,2.01,1.72,1.07,0.65,0.72,0.32,0.40,0.54,0.58,0.50,0.38,0.34,0.27,0.23,0.30,0.22,0.28,0.07,0.10,0.03,0.08,0.24,0.17,0.37,0.39,0.61,0.87,1.06,1.06,1.35,1.38,1.61,1.50,1.47,1.67,1.85,1.85,1.86,1.89,1.97,2.02,1.88,1.96,1.96,2.08,2.18,2.18,1.94,1.97,1.97,1.69,1.78,2.35,3.79,5.49,5.64,5.25,5.51,5.42,5.42,5.61,5.92,6.83,7.06,6.26,4.62,3.59,2.40,1.86,1.90,1.84,2.01,2.06,1.84,1.85,1.88,2.00,2.12,2.33,2.26,2.28,2.06,1.90,1.91,2.03,1.97,1.85,1.85,1.82,1.84,1.72,1.51,1.28,1.39,1.61,2.34,3.28,3.47,4.19,4.00,3.93,3.35,2.49,1.88,1.60,1.55,1.55,1.52,1.78,1.64,1.34,1.28,1.35,1.15,1.23,1.29,1.27,1.13,0.98,1.01,1.12,1.33,1.40,1.20,1.02,0.59,-0.01,-0.46,-0.78,-0.80,-0.91,-0.96,-1.07,-1.27,-1.25,-1.30,-1.30,-1.22,-1.16,-1.12,-0.96,-1.02,-1.15
0.65,0.75,0.97,0.90,0.76,0.76,0.95,1.30,1.41,1.92,2.29,2.43,2.53,2.58,2.65,2.76,2.57,2.46,2.12,1.13,0.80,0.53,0.56,0.51,0.48,0.34,0.12,0.04,0.22,0.44,0.24,0.24,0.27,0.23,0.07,0.10,0.06,0.15,0.24,-0.03,0.10,0.28,0.70,0.65,1.06,1.14,1.34,1.40,1.66,1.60,1.52,1.62,1.79,1.85,1.88,1.89,1.91,1.96,1.95,1.97,1.99,2.00,2.02,1.89,1.74,1.84,2.02,1.83,1.55,1.97,3.41,5.33,5.64,5.29,4.98,5.30,5.32,5.85,6.00,6.37,6.63,6.09,4.61,3.40,2.47,1.89,1.88,2.02,2.03,2.12,1.92,2.05,2.08,2.06,2.08,2.20,2.17,2.02,1.99,2.00,1.91,1.85,1.78,1.62,1.60,1.58,1.39,1.42,1.42,1.14,1.19,1.67,2.03,2.72,2.96,3.69,3.65,3.56,2.96,2.12,1.71,1.44,1.39,1.58,1.52,1.72,1.53,1.33,1.36,1.29,1.20,1.22,1.29,1.24,1.08,1.01,1.09,1.31,1.36,1.38,1.29,1.14,0.77,0.13,-0.58,-0.95,-1.01,-0.87,-0.92,-1.08,-1.22,-1.45,-1.44,-1.46,-1.35,-1.26,-1.21,-1.03,-1.20,-1.21
0.77,0.76,0.81,0.87,0.90,0.96,1.14,1.39,1.46,2.18,2.58,2.80,2.99,2.60,2.81,2.57,2.59,2.48,1.89,0.97,0.38,0.59,0.25,0.27,0.48,0.40,0.23,0.18,0.17,0.28,0.10,0.38,0.37,0.18,-0.06,-0.06,-0.03,0.08,0.17,0.12,0.29,0.44,0.67,0.56,1.02,1.19,1.36,1.40,1.72,1.69,1.63,1.57,1.66,1.84,1.83,1.80,1.85,1.88,1.94,1.86,2.02,2.05,2.01,1.85,1.78,1.89,2.01,1.96,1.45,1.82,3.05,5.03,5.32,5.05,5.02,5.08,5.28,5.42,5.44,5.97,6.15,5.87,4.47,3.62,2.62,2.05,1.89,2.11,1.83,1.90,2.02,1.95,2.09,2.11,2.11,2.18,2.24,2.14,2.03,1.97,1.91,1.83,1.73,1.61,1.60,1.61,1.38,1.36,1.49,1.30,1.02,1.42,1.86,2.71,2.96,3.35,3.30,3.28,2.80,2.19,1.64,1.31,1.38,1.58,1.52,1.61,1.52,1.34,1.36,1.23,1.23,1.34,1.17,1.01,1.01,1.01,0.95,1.13,1.29,1.28,1.41,1.25,0.76,0.04,-0.68,-0.90,-1.20,-1.00,-1.03,-1.21,-1.24,-1.38,-1.48,-1.45,-1.32,-1.26,-1.24,-1.07,-1.34,-1.30
0.86,0.87,0.81,0.81,0.93,1.04,1.03,1.33,1.53,2.11,2.58,2.82,2.75,2.54,2.94,2.78,2.81,2.77,2.18,0.91,0.28,0.32,0.54,0.43,0.32,0.20,0.14,0.19,0.28,0.18,0.20,0.41,0.38,0.28,-0.03,0.04,0.17,0.19,0.27,0.33,0.28,0.30,0.46,0.58,0.81,1.24,1.38,1.30,1.63,1.61,1.66,1.58,1.56,1.63,1.77,1.85,1.83,1.84,1.83,1.83,2.00,2.08,2.02,2.05,1.84,1.89,2.05,1.90,1.60,1.84,2.83,4.64,4.94,4.74,4.96,5.01,5.38,5.11,5.63,5.89,6.07,5.77,4.25,3.56,2.47,1.83,2.02,2.05,2.01,2.03,2.14,2.28,2.26,2.14,2.02,2.07,2.12,2.05,2.00,1.94,1.85,1.69,1.63,1.61,1.62,1.79,1.56,1.50,1.51,1.17,0.96,1.24,1.73,2.35,2.65,3.19,3.08,2.96,2.78,2.29,1.67,1.35,1.49,1.71,1.51,1.45,1.58,1.36,1.33,1.34,1.15,1.22,1.17,1.03,1.09,1.17,1.03,1.06,1.20,1.28,1.27,1.17,0.79,0.10,-0.59,-0.87,-1.08,-1.03,-1.05,-1.16,-1.27,-1.35,-1.39,-1.30,-1.27,-1.32,-1.30,-1.24,-1.53,-1.38
1.02,1.02,0.96,0.84,0.88,0.96,1.02,1.25,1.47,2.00,2.49,2.70,2.63,2.42,2.68,2.48,2.54,2.65,2.12,0.85,0.37,0.33,0.25,0.32,0.22,0.37,0.46,0.33,0.15,0.17,0.09,0.39,0.33,0.39,0.08,0.15,0.18,0.22,0.28,0.23,0.38,0.48,0.61,0.56,0.76,1.18,1.34,1.28,1.55,1.49,1.49,1.57,1.58,1.52,1.68,1.85,1.84,1.84,1.79,1.79,1.90,2.01,2.01,1.92,1.78,1.80,2.02,1.60,1.47,1.74,3.00,4.83,5.09,5.05,5.17,5.11,5.03,5.35,6.00,5.75,6.30,5.68,4.30,3.43,2.63,1.95,1.94,2.09,1.96,1.95,1.83,2.12,2.16,2.19,2.02,1.94,2.12,2.12,2.05,1.96,1.75,1.57,1.62,1.69,1.73,1.84,1.62,1.45,1.57,1.23,0.97,1.44,1.64,2.17,2.65,3.06,3.00,2.88,2.59,2.02,1.61,1.36,1.40,1.73,1.56,1.50,1.67,1.53,1.33,1.34,1.19,1.17,1.20,1.14,1.09,1.22,1.14,1.17,1.17,1.22,1.09,0.95,0.72,0.28,-0.52,-0.91,-1.07,-1.03,-1.01,-1.11,-1.35,-1.51,-1.29,-1.44,-1.49,-1.49,-1.62,-1.27,-1.40,-1.38
1.14,1.12,0.92,0.87,0.82,0.91,1.08,1.13,1.42,1.95,2.34,2.63,2.70,2.40,2.47,2.42,2.52,2.28,1.61,0.85,0.33,0.43,0.20,0.48,0.39,0.24,0.15,0.08,0.12,0.33,0.20,0.39,0.41,0.14,-0.02,-0.06,0.01,0.17,0.24,0.23,0.33,0.43,0.65,0.51,0.87,1.03,1.35,1.20,1.56,1.34,1.41,1.57,1.60,1.61,1.73,1.80,1.77,1.79,1.77,1.78,1.83,1.92,1.85,1.75,1.73,1.79,2.08,1.73,1.71,1.94,3.04,4.84,5.02,4.97,5.14,5.21,4.77,5.33,5.70,5.74,6.22,5.66,4.42,3.37,2.48,1.92,1.86,1.99,1.88,1.96,2.00,1.99,1.97,2.00,2.05,2.01,2.11,2.06,1.99,1.85,1.68,1.66,1.63,1.56,1.71,1.75,1.40,1.42,1.39,1.15,1.17,1.47,1.63,2.09,2.43,2.76,2.74,2.58,2.29,1.83,1.47,1.31,1.33,1.58,1.64,1.67,1.64,1.67,1.38,1.27,1.24,1.18,1.17,1.18,1.13,1.11,1.01,1.04,1.03,1.15,1.17,1.08,0.80,0.23,-0.63,-0.97,-1.19,-1.19,-1.05,-0.96,-1.16,-1.45,-1.48,-1.49,-1.54,-1.57,-1.53,-1.24,-1.63,-1.76
1.03,0.97,0.92,0.84,0.81,0.87,0.98,1.19,1.41,1.78,2.14,2.51,2.65,2.23,2.16,2.26,2.34,2.14,1.67,1.01,0.37,0.45,0.33,0.32,0.34,0.37,0.33,0.25,0.24,0.44,0.46,0.40,0.46,0.30,0.24,0.13,0.18,0.35,0.38,0.23,0.22,0.37,0.58,0.50,0.93,1.19,1.53,1.30,1.55,1.40,1.56,1.63,1.58,1.58,1.73,1.74,1.69,1.75,1.69,1.79,1.90,1.96,1.80,1.75,1.91,1.88,1.88,1.63,1.75,1.88,2.59,4.75,4.96,4.85,5.04,4.92,4.99,5.12,5.51,5.78,5.85,5.70,4.39,3.20,2.45,1.92,1.91,2.01,1.99,1.90,1.88,1.85,1.88,2.01,2.13,2.14,2.20,2.09,1.85,1.67,1.62,1.64,1.57,1.49,1.73,1.75,1.38,1.29,1.20,1.14,1.13,1.40,1.74,1.84,2.13,2.60,2.46,2.26,2.08,1.80,1.52,1.36,1.41,1.57,1.62,1.58,1.45,1.62,1.46,1.30,1.20,1.27,1.22,1.22,1.29,1.08,1.03,0.97,0.87,1.09,1.04,1.01,0.87,0.27,-0.56,-0.93,-1.00,-1.11,-1.20,-1.16,-1.08,-1.20,-1.34,-1.40,-1.48,-1.59,-1.71,-1.82,-1.83,-1.69
0.95,0.87,0.84,0.98,0.86,0.75,0.91,1.35,1.29,1.71,2.06,2.36,2.47,2.13,1.99,2.28,2.37,2.33,1.85,0.97,0.34,0.48,0.60,0.51,0.54,0.53,0.40,0.32,0.37,0.46,0.77,0.48,0.32,0.39,0.10,0.02,0.18,0.33,0.30,0.23,0.32,0.43,0.50,0.53,0.75,1.27,1.38,1.33,1.62,1.55,1.64,1.67,1.61,1.57,1.63,1.62,1.67,1.72,1.57,1.68,1.96,2.01,1.80,1.73,1.95,1.79,1.89,1.67,1.61,1.58,2.18,4.09,4.80,4.82,4.82,4.72,4.99,4.96,5.12,5.46,5.49,5.30,4.09,3.11,2.37,1.91,1.86,1.95,2.03,1.90,1.89,1.96,1.91,1.92,2.09,2.11,2.17,1.99,1.71,1.62,1.62,1.69,1.66,1.55,1.62,1.74,1.47,1.40,1.40,1.28,1.19,1.25,2.00,1.71,2.07,2.43,2.22,2.13,2.05,1.75,1.49,1.31,1.34,1.55,1.56,1.45,1.41,1.39,1.46,1.24,1.20,1.42,1.34,1.14,1.24,0.97,1.15,0.93,0.81,0.88,0.72,0.82,1.02,0.60,-0.12,-0.52,-0.86,-1.22,-1.40,-1.29,-1.36,-1.24,-1.36,-1.35,-1.44,-1.67,-1.76,-1.44,-1.65,-1.81
1.08,1.02,1.02,0.98,0.84,0.80,0.91,1.17,1.17,1.79,2.11,2.28,2.34,2.22,2.05,2.31,2.48,2.33,1.85,1.15,0.46,0.75,0.48,0.51,0.58,0.51,0.43,0.39,0.32,0.41,0.77,0.65,0.59,0.41,0.17,0.12,-0.03,0.09,0.22,0.19,0.33,0.37,0.49,0.53,0.97,1.19,1.31,1.20,1.50,1.47,1.61,1.61,1.50,1.57,1.67,1.60,1.61,1.66,1.52,1.63,1.85,1.99,1.80,1.74,1.80,1.64,1.92,1.73,1.56,1.49,2.09,3.78,4.39,4.54,4.18,4.13,4.56,4.75,4.63,4.88,5.02,4.92,3.87,3.11,2.45,1.99,1.91,1.90,1.88,1.78,1.71,1.89,2.00,1.88,2.07,2.07,1.99,1.88,1.75,1.56,1.49,1.62,1.57,1.50,1.50,1.71,1.47,1.30,1.44,1.13,1.15,1.14,1.79,1.79,2.14,2.53,2.36,2.34,2.16,1.69,1.41,1.31,1.29,1.55,1.55,1.53,1.51,1.30,1.55,1.28,1.28,1.40,1.27,1.02,0.93,0.84,0.85,0.80,0.80,0.85,0.72,0.72,1.00,0.98,-0.16,-0.68,-1.02,-1.24,-1.35,-1.29,-1.22,-1.16,-1.08,-1.25,-1.39,-1.45,-1.58,-1.76,-1.82,-1.87
1.20,0.91,0.87,0.71,0.76,0.82,1.03,1.45,0.93,1.67,2.17,2.29,2.24,2.19,2.13,2.20,2.43,2.25,1.80,1.13,0.45,0.80,0.48,0.53,0.60,0.56,0.43,0.30,0.37,0.48,0.35,0.60,0.50,0.27,0.27,0.07,0.15,0.18,0.15,0.13,0.02,0.15,0.48,0.44,0.86,1.06,1.04,1.18,1.47,1.39,1.68,1.58,1.50,1.49,1.66,1.71,1.69,1.72,1.63,1.77,1.79,1.80,1.74,1.61,1.68,1.63,1.73,1.63,1.50,1.58,1.91,3.41,3.91,3.86,3.54,3.72,4.16,4.34,4.54,4.39,4.58,4.50,3.56,2.89,2.37,1.75,1.71,1.75,1.90,1.84,1.90,1.96,2.03,1.95,2.01,2.09,2.02,1.89,1.73,1.63,1.57,1.51,1.44,1.47,1.49,1.72,1.51,1.27,1.40,1.20,1.02,1.08,1.58,1.97,2.28,2.52,2.47,2.53,2.34,1.77,1.39,1.36,1.34,1.53,1.41,1.66,1.57,1.53,1.71,1.55,1.45,1.36,1.15,0.91,0.69,0.85,0.85,0.77,0.85,0.82,0.79,0.82,0.80,0.48,-0.09,-0.64,-0.98,-1.15,-1.26,-1.35,-1.16,-1.16,-1.07,-1.27,-1.51,-1.54,-1.53,-1.67,-1.68,-1.71
1.23,1.13,1.13,1.19,1.08,0.98,1.07,1.30,1.02,1.47,2.14,2.26,2.08,2.03,2.12,2.29,2.28,2.09,1.61,0.90,0.34,0.53,0.40,0.38,0.48,0.58,0.40,0.25,0.29,0.27,0.41,0.39,0.43,0.25,0.23,0.06,-0.06,0.09,0.13,-0.04,-0.01,0.37,0.54,0.44,0.82,1.04,1.19,1.03,1.28,1.30,1.50,1.44,1.51,1.51,1.68,1.80,1.73,1.74,1.79,1.82,1.77,1.68,1.74,1.68,1.53,1.66,1.64,1.51,1.44,1.61,1.82,3.34,3.97,4.03,3.83,4.04,4.35,4.44,5.03,4.71,5.05,4.90,3.65,2.74,2.13,1.84,1.74,1.74,1.74,1.82,1.89,1.84,1.94,1.95,2.00,2.12,2.11,1.94,1.71,1.66,1.72,1.64,1.44,1.44,1.52,1.68,1.41,1.14,1.44,1.25,1.03,1.11,1.50,1.91,2.12,2.24,2.30,2.45,2.34,1.83,1.40,1.35,1.31,1.28,1.23,1.55,1.61,1.64,1.53,1.50,1.39,1.27,1.14,0.93,0.80,0.86,0.98,0.91,0.80,0.76,0.96,1.08,0.90,0.72,-0.46,-1.15,-1.16,-1.07,-1.12,-1.14,-1.05,-1.16,-1.21,-1.27,-1.39,-1.49,-1.43,-1.45,-1.36,-1.25
1.29,1.22,1.06,1.09,0.97,0.97,1.07,1.14,1.04,1.52,1.73,1.73,1.74,1.86,1.88,2.22,2.03,1.83,1.39,0.76,0.30,0.45,0.34,0.40,0.54,0.55,0.38,0.32,0.39,0.43,0.54,0.49,0.30,0.01,0.02,0.01,0.14,0.23,0.24,0.15,0.03,0.18,0.34,0.55,0.45,0.76,1.13,1.12,1.20,1.36,1.44,1.41,1.56,1.58,1.77,1.86,1.78,1.80,1.77,1.71,1.82,1.79,1.85,1.90,1.49,1.69,1.63,1.55,1.45,1.63,2.16,3.92,4.61,4.71,4.67,4.74,4.95,5.17,5.52,5.54,5.89,5.36,3.88,2.90,2.02,1.89,1.86,1.95,1.83,1.80,1.78,1.74,1.83,1.92,2.02,2.02,1.99,1.89,1.62,1.49,1.61,1.66,1.46,1.39,1.53,1.62,1.29,1.11,1.34,1.22,1.01,1.23,1.42,1.69,1.97,2.24,2.30,2.28,2.16,1.77,1.41,1.41,1.36,1.24,1.35,1.33,1.38,1.57,1.45,1.39,1.35,1.30,1.19,0.82,0.51,0.63,1.02,1.02,0.76,0.70,0.75,0.76,0.75,0.58,-0.49,-0.87,-0.97,-1.03,-1.14,-1.05,-1.06,-1.02,-1.11,-1.22,-1.27,-1.21,-1.14,-1.16,-1.20,-1.02
1.31,1.41,1.24,0.96,0.93,0.84,0.97,1.35,1.17,1.38,1.64,1.72,1.77,1.89,1.84,1.75,1.96,1.94,1.39,0.67,0.35,0.58,0.35,0.39,0.59,0.51,0.46,0.50,0.54,0.58,0.59,0.45,0.22,-0.07,-0.01,0.01,-0.09,-0.01,0.13,0.04,0.01,0.23,0.39,0.35,0.90,1.03,1.14,1.24,1.55,1.30,1.38,1.49,1.55,1.61,1.77,1.84,1.92,1.91,1.66,1.67,1.79,1.68,1.77,1.85,1.50,1.67,1.60,1.63,1.46,1.75,2.40,4.04,4.80,4.92,4.82,4.90,5.16,5.36,5.57,5.88,6.04,5.36,4.12,3.14,2.23,1.95,1.75,1.91,1.97,1.94,1.84,1.83,1.83,1.84,1.94,1.92,1.92,1.94,1.69,1.49,1.53,1.61,1.52,1.51,1.53,1.58,1.24,1.18,1.19,1.30,0.95,1.19,1.42,1.60,2.09,2.37,2.33,2.23,2.11,1.74,1.33,1.27,1.30,1.40,1.52,1.51,1.35,1.35,1.46,1.35,1.30,1.38,1.35,1.18,0.59,0.55,0.64,0.70,0.49,0.53,0.69,0.71,0.77,0.43,-0.37,-0.86,-1.02,-1.00,-0.96,-0.97,-1.03,-1.08,-1.08,-1.14,-1.24,-1.14,-1.05,-0.92,-1.05,-0.95
1.30,1.39,1.12,0.92,1.03,0.93,1.06,1.33,0.97,1.33,1.42,1.71,1.73,1.57,1.83,1.75,1.83,1.63,1.23,0.71,0.40,0.46,0.29,0.19,0.50,0.51,0.44,0.41,0.50,0.61,0.51,0.38,0.33,0.10,-0.17,-0.04,-0.07,-0.02,-0.01,0.07,0.18,0.18,0.30,0.39,0.46,0.67,1.07,1.11,1.30,1.28,1.31,1.49,1.53,1.51,1.73,1.79,1.83,1.94,1.86,1.77,1.73,1.73,1.84,1.89,1.49,1.58,1.53,1.52,1.51,1.64,2.14,3.36,4.56,4.71,4.39,4.67,4.84,5.14,5.42,5.61,5.60,5.35,4.17,3.05,2.26,2.01,1.79,1.74,1.90,1.95,1.86,1.82,1.77,1.75,1.88,2.00,2.05,2.05,1.86,1.60,1.56,1.60,1.53,1.51,1.41,1.63,1.27,1.15,1.15,1.07,1.03,1.00,1.31,1.46,1.91,2.09,2.20,2.37,2.20,1.64,1.30,1.40,1.31,1.39,1.31,1.17,1.40,1.19,1.38,1.30,1.12,1.15,1.07,0.92,0.51,0.53,0.66,1.03,0.59,0.46,0.72,0.66,0.48,0.43,-0.31,-0.76,-0.88,-0.85,-0.85,-0.86,-1.01,-1.10,-1.08,-1.10,-1.22,-1.22,-1.07,-0.80,-0.83,-0.82
1.28,1.36,1.11,0.93,1.02,1.08,1.14,1.11,1.04,1.09,1.27,1.78,1.89,1.79,2.09,1.91,2.01,1.80,1.30,0.71,0.41,0.45,0.35,0.30,0.56,0.48,0.24,0.24,0.46,0.59,0.44,0.34,0.25,0.07,-0.21,-0.01,0.08,0.01,-0.06,0.04,0.12,0.13,0.33,0.63,0.65,0.64,1.06,1.24,1.52,1.39,1.23,1.38,1.62,1.72,1.69,1.66,1.69,1.79,1.83,1.72,1.61,1.78,1.94,1.75,1.51,1.58,1.55,1.50,1.56,1.39,1.99,2.96,4.44,4.37,4.29,4.52,4.47,4.76,5.02,5.23,5.14,5.18,4.03,2.83,2.17,1.88,1.80,1.68,1.82,1.90,1.86,1.74,1.68,1.73,1.86,2.01,2.02,1.92,1.79,1.63,1.58,1.66,1.50,1.40,1.35,1.72,1.30,1.24,1.17,0.85,1.09,0.96,1.14,1.40,1.74,1.90,1.95,2.05,1.95,1.60,1.40,1.35,1.19,1.29,1.36,1.29,1.47,1.36,1.34,1.14,1.00,1.07,1.09,0.97,0.63,0.45,0.77,1.03,0.64,0.53,0.63,0.24,0.33,0.19,-0.28,-0.66,-0.67,-0.62,-0.86,-0.82,-0.96,-0.97,-0.95,-1.02,-1.14,-1.15,-0.88,-0.72,-0.83,-0.93
1.34,1.40,1.24,1.07,1.00,0.97,0.93,0.96,1.06,1.09,1.45,1.97,2.13,2.09,2.20,1.89,2.01,1.84,1.47,0.98,0.51,0.40,0.63,0.49,0.59,0.41,0.23,0.34,0.49,0.49,0.49,0.24,0.24,0.14,0.07,-0.01,0.03,0.10,0.10,-0.03,-0.06,0.07,0.19,0.46,0.66,0.81,1.19,1.11,1.20,1.44,1.34,1.50,1.61,1.57,1.60,1.62,1.51,1.52,1.66,1.63,1.56,1.68,1.71,1.67,1.51,1.51,1.57,1.44,1.58,1.40,1.88,3.05,4.04,4.05,4.17,4.18,4.18,4.26,4.61,4.88,4.82,4.77,3.93,2.84,2.19,1.83,1.73,1.74,1.82,1.88,1.90,1.75,1.73,1.82,1.94,1.97,1.94,1.78,1.71,1.71,1.60,1.68,1.42,1.38,1.42,1.72,1.24,1.20,1.17,0.96,0.93,0.87,1.03,1.35,1.52,1.78,1.69,1.50,1.52,1.44,1.24,1.29,1.24,1.33,1.41,1.50,1.35,1.30,1.22,1.20,1.13,1.06,1.11,0.97,0.58,0.46,0.70,0.81,0.60,0.49,0.49,0.24,0.32,0.01,-0.31,-0.67,-0.81,-0.77,-0.96,-0.98,-0.91,-0.87,-0.86,-0.88,-0.98,-0.76,-0.82,-0.73,-0.82,-0.82
1.41,1.40,1.29,1.20,0.86,0.80,0.90,1.00,1.04,1.24,1.55,1.95,2.05,2.06,2.13,1.86,1.84,1.61,1.25,0.75,0.32,0.32,0.49,0.46,0.45,0.44,0.35,0.40,0.38,0.40,0.56,0.24,0.30,0.17,0.33,-0.03,-0.01,0.15,0.13,-0.19,-0.22,0.10,0.23,0.45,0.69,0.88,1.22,1.13,1.28,1.33,1.51,1.53,1.74,1.74,1.68,1.57,1.53,1.50,1.57,1.69,1.55,1.56,1.50,1.36,1.22,1.44,1.39,1.27,1.61,1.35,1.72,2.76,3.78,3.78,3.79,3.97,4.10,4.07,4.62,4.75,4.69,4.61,3.93,2.88,2.09,1.72,1.63,1.72,1.74,1.72,1.82,1.78,1.75,1.80,1.86,1.89,1.88,1.80,1.78,1.72,1.53,1.57,1.33,1.30,1.40,1.66,1.13,1.03,1.14,1.11,0.91,1.04,0.97,1.02,1.07,1.57,1.52,1.18,1.24,1.13,0.97,0.82,1.03,1.14,1.50,1.39,1.56,1.49,1.42,1.33,1.12,1.03,1.06,0.90,0.66,0.55,0.74,0.72,0.60,0.54,0.50,0.34,0.38,0.15,-0.24,-0.71,-0.91,-0.88,-1.05,-0.96,-0.88,-0.87,-0.86,-0.87,-0.92,-0.72,-0.78,-0.73,-0.67,-0.71
1.46,1.56,1.38,1.18,0.84,0.86,1.02,1.12,1.15,1.25,1.58,1.96,2.06,2.17,2.29,1.90,1.86,1.88,1.44,0.81,0.40,0.44,0.45,0.33,0.64,0.58,0.56,0.55,0.44,0.45,0.51,0.22,0.19,0.14,0.23,0.02,-0.11,-0.02,-0.09,-0.23,-0.08,0.19,0.28,0.49,0.81,1.20,1.13,1.02,1.30,1.33,1.41,1.47,1.52,1.60,1.71,1.56,1.46,1.36,1.38,1.56,1.42,1.25,1.24,1.28,1.35,1.30,1.24,1.31,1.35,1.39,1.90,2.57,3.61,3.81,3.73,3.90,4.02,3.92,4.54,4.68,4.89,4.78,4.03,2.92,2.09,1.61,1.42,1.61,1.62,1.56,1.66,1.75,1.77,1.69,1.61,1.69,1.78,1.74,1.74,1.69,1.49,1.53,1.42,1.25,1.45,1.62,1.31,0.93,1.23,1.18,1.14,1.41,1.01,0.74,0.72,0.84,0.85,0.84,0.93,0.88,0.92,0.76,1.19,0.72,1.27,1.31,1.51,1.56,1.49,1.41,1.28,1.09,1.02,0.90,0.58,0.53,0.77,0.80,0.65,0.58,0.58,0.34,0.35,0.19,-0.17,-0.59,-0.81,-0.75,-0.95,-0.71,-0.81,-0.87,-0.91,-0.92,-0.88,-0.83,-0.75,-0.71,-0.66,-0.61
1.57,1.77,1.61,1.24,1.08,0.95,0.98,1.09,1.17,1.20,1.74,2.01,2.09,2.16,2.22,2.19,1.97,1.52,1.24,0.74,0.32,0.34,0.28,0.44,0.49,0.38,0.53,0.41,0.33,0.40,0.30,0.06,0.19,0.09,0.01,0.03,-0.12,-0.09,-0.16,-0.16,0.01,0.04,-0.03,0.23,0.63,0.91,0.96,0.96,1.15,1.00,1.11,1.27,1.51,1.58,1.63,1.35,1.29,1.35,1.29,1.25,1.15,1.23,1.29,1.39,1.36,1.27,1.25,1.53,1.41,1.53,1.83,2.66,3.60,3.79,3.74,3.75,4.04,4.02,4.42,4.50,4.89,4.95,4.10,2.99,2.24,1.71,1.42,1.56,1.67,1.58,1.66,1.69,1.71,1.74,1.69,1.74,1.82,1.68,1.64,1.66,1.34,1.39,1.18,1.28,1.29,1.52,1.24,0.84,1.03,1.17,0.98,1.11,0.88,0.59,0.49,0.40,0.45,0.66,0.66,0.43,0.60,0.66,0.88,1.02,1.27,1.39,1.52,1.58,1.51,1.30,1.15,1.22,1.12,0.84,0.59,0.65,0.84,0.77,0.58,0.49,0.46,0.29,0.33,0.13,-0.08,-0.44,-0.87,-1.08,-1.00,-0.96,-0.86,-0.83,-0.78,-0.68,-0.88,-0.81,-0.57,-0.48,-0.59,-0.80
1.29,1.33,1.19,1.14,0.98,0.93,0.84,0.81,0.96,1.17,1.67,1.88,1.89,1.89,1.99,1.99,1.72,1.23,0.93,0.50,0.27,0.39,0.43,0.33,0.65,0.70,0.67,0.53,0.53,0.44,0.09,0.03,0.33,-0.04,-0.07,-0.04,-0.04,-0.09,-0.13,-0.13,-0.11,-0.12,-0.06,0.19,0.48,0.61,0.91,1.08,1.20,0.95,1.02,1.28,1.31,1.39,1.55,1.44,1.45,1.49,1.46,1.42,1.34,1.38,1.30,1.25,1.53,1.39,1.42,1.51,1.39,1.64,1.39,2.58,3.61,3.71,3.96,3.81,4.17,4.06,4.19,4.38,4.58,4.59,3.78,2.82,2.13,1.47,1.35,1.45,1.47,1.51,1.63,1.53,1.46,1.57,1.64,1.78,1.82,1.67,1.49,1.44,1.50,1.49,1.39,1.24,1.24,1.36,1.14,1.04,0.87,0.96,1.08,1.20,0.93,0.38,0.34,0.51,0.67,0.81,0.75,0.76,0.86,1.03,0.88,1.08,1.49,1.46,1.47,1.44,1.36,1.25,1.11,1.24,0.98,0.91,0.66,0.71,0.85,0.67,0.44,0.40,0.25,0.29,0.37,0.34,0.09,-0.34,-0.86,-1.20,-1.05,-1.05,-0.93,-0.88,-0.91,-0.87,-0.71,-0.71,-0.71,-0.72,-0.75,-0.80
1.12,1.17,1.17,0.92,0.85,0.93,0.76,0.67,0.80,1.00,1.41,1.67,1.60,1.61,1.67,1.60,1.24,1.13,0.80,0.41,0.24,0.37,0.54,0.24,0.66,0.41,0.45,0.51,0.71,0.75,0.49,0.27,0.40,0.13,-0.03,-0.06,-0.18,-0.19,-0.18,-0.21,-0.21,-0.17,-0.02,0.22,0.40,0.56,0.66,0.96,1.02,0.91,0.98,1.04,1.29,1.29,1.31,1.38,1.27,1.13,1.22,1.18,1.06,1.13,1.09,1.08,1.24,1.61,1.28,1.31,1.41,1.34,1.44,2.20,3.35,3.62,3.79,3.87,3.77,3.67,4.09,4.22,4.29,4.22,3.50,2.57,1.91,1.41,1.42,1.35,1.51,1.57,1.51,1.36,1.45,1.61,1.56,1.60,1.63,1.47,1.35,1.25,1.18,1.33,1.29,1.11,0.92,1.11,1.01,0.96,0.87,0.91,0.88,0.96,0.86,0.40,0.27,0.28,0.35,0.66,0.74,0.61,0.67,1.03,0.86,1.01,1.41,1.49,1.51,1.46,1.33,1.23,1.11,1.14,0.90,1.00,0.67,0.66,0.69,0.59,0.45,0.41,0.27,0.44,0.43,0.33,-0.03,-0.46,-0.81,-1.43,-1.22,-1.14,-1.11,-1.07,-0.98,-0.83,-0.90,-0.95,-0.87,-0.80,-0.75,-0.61
1.04,0.92,0.85,1.17,1.03,0.90,0.74,0.76,0.92,1.11,1.47,1.46,1.50,1.51,1.49,1.42,1.07,1.01,0.65,0.45,0.35,0.40,0.45,0.22,0.53,0.24,0.33,0.54,0.40,0.38,0.38,0.18,0.33,0.06,-0.01,-0.14,-0.28,-0.19,-0.18,-0.31,-0.27,-0.19,-0.14,0.02,0.23,0.43,0.64,0.87,0.82,0.82,0.96,0.92,1.11,1.11,1.07,1.22,1.09,1.13,1.29,1.29,1.15,1.15,1.36,1.25,1.06,1.25,1.30,1.08,1.25,1.00,1.42,2.06,2.93,3.46,3.25,2.99,3.28,3.29,3.19,3.42,3.73,3.68,3.20,2.35,1.40,1.13,1.25,1.27,1.44,1.64,1.60,1.47,1.56,1.58,1.51,1.67,1.75,1.64,1.52,1.50,1.45,1.38,1.14,0.85,1.18,1.34,0.91,0.96,0.98,0.77,0.79,0.84,0.79,0.63,0.63,0.79,0.85,0.76,0.66,0.71,0.67,1.04,0.80,1.20,1.50,1.56,1.56,1.55,1.42,1.23,1.03,1.01,0.97,1.07,0.66,0.61,0.58,0.56,0.63,0.53,0.46,0.55,0.44,0.23,-0.07,-0.47,-0.92,-1.07,-1.07,-1.05,-0.98,-1.05,-1.12,-0.96,-0.90,-0.93,-0.95,-0.83,-0.67,-0.62
1.13,1.02,0.79,0.71,0.58,0.67,0.64,0.55,0.63,0.96,1.14,1.24,1.44,1.57,1.58,1.42,1.19,0.92,0.67,0.48,0.35,0.38,0.40,0.29,0.55,0.34,0.34,0.45,0.53,0.51,0.28,0.17,0.34,-0.08,-0.13,-0.23,-0.46,-0.14,-0.12,-0.37,-0.38,-0.24,-0.21,-0.13,0.08,0.29,0.59,0.77,0.95,0.82,0.75,0.76,1.04,0.90,1.01,1.14,1.07,1.04,1.07,1.11,1.12,1.22,1.25,1.01,1.00,1.22,1.25,1.27,1.42,1.02,1.22,1.96,3.01,2.83,2.82,2.66,2.48,2.34,2.35,2.52,2.43,2.58,2.43,2.25,1.57,1.01,1.07,1.29,1.30,1.27,1.35,1.42,1.56,1.62,1.53,1.71,1.74,1.63,1.42,1.49,1.30,1.33,1.42,0.96,1.29,1.27,1.07,1.09,0.90,0.93,1.07,1.03,0.97,0.79,0.71,0.79,0.86,0.87,0.79,0.85,0.69,1.00,0.85,1.34,1.58,1.62,1.62,1.64,1.63,1.42,1.12,1.01,1.03,1.18,0.72,0.65,0.79,0.81,0.75,0.65,0.53,0.44,0.28,0.33,0.20,-0.27,-0.96,-1.05,-1.02,-0.90,-0.88,-0.97,-1.07,-1.11,-1.00,-1.02,-1.02,-0.86,-0.67,-0.73
0.93,0.90,0.74,0.53,0.51,0.71,0.48,0.41,0.72,1.27,1.50,1.46,1.41,1.62,1.66,1.45,1.24,1.04,0.77,0.40,0.30,0.35,0.35,0.45,0.49,0.43,0.30,0.49,0.54,0.54,0.32,0.14,0.32,0.07,-0.08,0.03,-0.36,-0.26,-0.22,-0.37,-0.47,-0.41,-0.21,-0.04,0.04,0.32,0.48,0.66,1.01,0.79,0.80,1.01,0.98,0.80,1.01,1.00,0.98,1.00,0.98,1.06,1.03,0.96,1.00,0.90,1.03,1.04,1.20,1.17,1.02,1.11,1.50,2.01,2.11,2.29,2.18,1.79,1.62,1.31,1.34,1.40,1.55,1.82,1.75,1.86,1.69,1.27,1.20,1.39,1.29,1.42,1.58,1.50,1.50,1.36,1.33,1.73,1.84,1.68,1.60,1.41,1.51,1.55,1.31,1.39,1.53,1.25,1.31,1.08,0.93,1.15,1.22,1.07,1.02,0.91,0.80,0.86,0.93,0.93,0.85,0.82,0.79,1.02,0.91,1.38,1.74,1.77,1.68,1.67,1.77,1.67,1.56,1.27,1.04,1.18,0.88,0.81,1.03,1.15,0.92,0.69,0.64,0.59,0.59,0.58,0.48,0.03,-0.82,-0.96,-1.07,-0.87,-0.68,-0.73,-0.98,-1.11,-1.08,-1.14,-1.07,-0.87,-0.66,-0.69
0.79,0.76,0.70,0.61,0.45,0.59,0.48,0.48,0.66,0.93,1.20,1.35,1.49,1.49,1.45,1.41,1.33,1.33,0.96,0.48,0.39,0.48,0.48,0.51,0.53,0.53,0.33,0.48,0.60,0.45,0.34,0.38,0.37,0.32,-0.14,0.28,-0.09,-0.06,-0.23,-0.41,-0.48,-0.38,-0.22,-0.14,-0.02,0.39,0.54,0.65,0.96,0.69,1.01,1.04,1.02,0.90,0.98,1.11,1.06,0.90,0.81,0.92,1.02,1.06,1.09,1.07,1.14,1.13,1.09,1.28,1.03,1.07,1.33,1.22,0.93,1.62,1.42,1.09,1.03,0.93,0.90,1.02,1.24,1.49,1.29,1.55,1.63,1.14,1.00,1.31,1.40,1.33,1.42,1.42,1.40,1.52,1.56,1.71,1.96,1.86,1.41,1.33,1.64,1.45,1.51,1.46,1.30,1.42,1.31,1.14,1.12,1.20,1.35,1.39,1.28,1.12,0.92,0.84,0.93,1.00,1.12,0.82,1.01,1.15,1.11,1.34,1.78,1.92,1.77,1.63,1.66,1.71,1.78,1.45,1.18,1.13,0.90,0.85,0.97,1.11,1.20,0.82,0.84,0.71,0.59,0.74,0.67,0.04,-0.75,-0.77,-0.90,-0.80,-0.63,-0.61,-0.83,-0.98,-1.05,-1.07,-1.06,-0.92,-0.61,-0.63
1.03,0.84,0.76,0.74,0.39,0.54,0.63,0.53,0.54,0.77,1.04,1.18,1.36,1.36,1.46,1.52,1.41,1.30,1.28,0.65,0.48,0.58,0.56,0.48,0.55,0.49,0.44,0.56,0.56,0.50,0.45,0.37,0.30,0.12,-0.27,-0.02,-0.28,-0.14,-0.29,-0.44,-0.43,-0.21,-0.29,-0.44,-0.16,0.25,0.50,0.59,0.87,0.64,0.86,0.77,0.98,0.84,0.96,1.01,1.08,0.98,0.91,0.91,0.97,1.13,1.18,1.09,1.04,1.19,1.20,1.17,1.17,0.75,0.80,0.90,0.70,0.71,0.77,0.75,0.81,0.71,0.72,0.81,0.84,1.14,1.09,1.17,1.25,1.04,1.04,0.98,1.23,1.60,1.72,1.60,1.49,1.62,1.64,1.78,1.88,1.74,1.19,1.20,1.42,1.35,1.71,1.34,1.55,1.62,1.47,1.23,1.20,1.33,1.30,1.30,1.27,1.07,0.91,0.86,0.88,1.07,1.24,0.91,0.98,1.18,1.25,1.38,1.61,1.78,1.79,1.72,1.55,1.52,1.57,1.40,1.28,1.19,1.06,1.04,1.24,1.33,1.03,0.86,0.86,0.69,0.74,0.66,0.50,0.18,-0.77,-0.92,-0.85,-0.75,-0.64,-0.59,-0.66,-0.86,-0.90,-1.01,-1.06,-0.98,-0.91,-0.78
1.40,0.97,0.81,0.75,0.45,0.51,0.54,0.49,0.46,0.61,1.01,1.13,0.97,1.13,1.14,1.01,0.82,0.53,0.74,0.34,0.37,0.48,0.49,0.40,0.37,0.43,0.50,0.63,0.56,0.64,0.54,0.40,0.37,0.24,0.09,-0.13,-0.41,-0.34,-0.41,-0.52,-0.57,-0.48,-0.62,-0.66,-0.24,0.13,0.40,0.43,0.70,0.67,0.64,0.66,0.84,0.66,0.77,0.77,0.93,0.98,1.06,0.90,0.84,1.11,1.13,1.14,1.29,1.33,1.30,1.11,1.11,0.84,0.53,0.76,0.61,0.66,0.61,0.81,0.45,0.32,0.64,0.56,0.82,0.91,1.01,1.01,0.92,0.80,1.09,1.35,1.58,1.64,1.64,1.64,1.51,1.63,1.79,1.78,1.79,1.91,1.62,1.42,1.52,1.42,1.45,1.33,1.57,1.63,1.47,1.31,1.30,1.35,1.29,1.25,1.19,1.01,0.82,0.81,0.88,1.04,1.18,1.14,1.01,1.15,1.23,1.44,1.61,1.69,1.75,1.78,1.78,1.55,1.55,1.50,1.31,1.24,1.07,1.01,1.19,1.27,0.55,0.66,0.64,0.46,0.45,0.46,0.22,-0.24,-0.77,-0.90,-0.83,-0.77,-0.68,-0.54,-0.69,-0.86,-0.90,-1.05,-1.19,-1.02,-0.86,-0.54
1.35,0.85,0.64,0.61,0.56,0.54,0.41,0.55,0.60,0.69,0.82,0.81,0.56,0.77,0.82,0.70,0.63,0.65,0.56,0.12,0.25,0.55,0.58,0.30,0.18,0.37,0.32,0.54,0.61,0.65,0.39,0.30,0.41,0.33,0.02,-0.14,-0.32,-0.21,-0.38,-0.32,-0.52,-0.49,-0.53,-0.36,-0.02,0.12,0.27,0.25,0.71,0.55,0.69,0.61,0.69,0.69,0.60,0.70,0.82,0.84,0.87,0.76,0.70,0.87,1.03,1.04,1.20,1.31,1.19,1.19,1.18,0.90,0.54,0.61,0.59,0.40,0.33,0.43,0.43,0.39,0.71,0.85,1.09,1.06,1.19,1.25,1.25,1.15,1.41,1.33,1.41,1.67,1.64,1.56,1.39,1.50,1.79,1.80,1.69,1.75,1.53,1.58,1.40,1.49,1.52,1.29,1.34,1.56,1.46,1.39,1.31,1.36,1.38,1.41,1.33,1.07,0.85,0.81,0.92,0.98,1.11,1.29,1.23,1.29,1.27,1.45,1.71,1.89,1.91,1.85,1.91,1.68,1.77,1.58,1.23,1.12,1.03,0.95,0.90,0.71,0.29,0.37,0.07,-0.12,-0.17,-0.16,-0.26,-0.56,-0.78,-0.80,-0.78,-0.85,-0.87,-0.75,-0.95,-1.08,-1.10,-1.10,-1.06,-0.87,-0.72,-0.91
1.13,0.70,0.41,0.43,0.55,0.61,0.48,0.56,0.63,0.59,0.56,0.63,0.44,0.43,0.48,0.43,0.43,0.55,0.12,0.14,0.28,0.60,0.56,0.30,0.20,0.27,0.23,0.34,0.49,0.53,0.32,0.28,0.44,0.41,0.14,-0.23,-0.23,-0.33,-0.41,-0.51,-0.56,-0.44,-0.47,-0.44,-0.26,0.01,0.30,0.44,0.29,0.27,0.48,0.50,0.59,0.77,0.61,0.67,0.64,0.67,0.65,0.69,0.67,0.76,1.01,1.02,1.02,1.24,1.27,1.23,1.20,1.01,0.55,0.50,0.58,0.50,0.44,0.61,0.91,0.96,1.38,1.60,1.61,1.47,1.73,1.85,1.85,1.73,1.78,1.69,1.66,1.69,1.60,1.60,1.47,1.45,1.69,1.85,1.75,1.90,1.79,1.67,1.49,1.61,1.56,1.36,1.39,1.47,1.47,1.35,1.30,1.28,1.34,1.36,1.31,1.12,0.88,0.92,0.98,1.13,1.06,1.14,1.09,1.25,1.28,1.40,1.62,1.68,1.69,1.66,1.52,1.33,1.50,1.40,1.09,0.86,0.58,0.23,0.07,0.13,-0.28,-0.14,-0.56,-0.64,-0.63,-0.75,-0.93,-0.58,-0.85,-0.92,-0.90,-0.93,-1.01,-0.85,-1.08,-1.10,-1.08,-1.10,-1.10,-0.93,-0.85,-1.06
1.15,0.59,0.50,0.45,0.43,0.56,0.55,0.49,0.49,0.40,0.37,0.53,0.48,0.43,0.43,0.32,0.22,0.24,0.41,0.15,0.28,0.56,0.60,0.44,0.29,0.28,0.40,0.09,0.28,0.39,0.29,0.24,0.33,0.34,0.08,-0.13,-0.22,-0.37,-0.48,-0.54,-0.42,-0.49,-0.61,-0.63,-0.43,-0.01,0.20,0.35,0.40,0.37,0.29,0.40,0.56,0.50,0.61,0.61,0.38,0.54,0.64,0.63,0.61,0.76,1.02,1.09,1.11,1.31,1.50,1.40,1.18,1.22,0.92,0.86,1.02,1.06,1.12,1.39,1.49,1.57,1.88,1.99,2.00,1.86,1.97,1.96,1.97,1.96,1.99,1.90,1.88,1.86,1.82,1.84,1.64,1.55,1.61,1.74,1.86,2.02,1.79,1.82,1.62,1.67,1.64,1.40,1.55,1.52,1.50,1.27,1.33,1.19,1.13,1.19,1.18,1.12,0.90,1.00,1.03,1.27,1.20,1.35,1.06,1.22,1.40,1.39,1.51,1.71,1.60,1.52,1.12,0.90,1.11,0.88,0.59,0.22,-0.11,-0.36,-0.53,-0.36,-0.61,-0.66,-0.96,-1.06,-0.93,-0.95,-1.22,-0.87,-1.08,-1.01,-0.90,-0.88,-0.97,-0.78,-0.90,-1.06,-1.14,-1.05,-0.88,-1.01,-0.92,-1.06
1.42,0.96,0.74,0.59,0.58,0.64,0.54,0.48,0.55,0.43,0.27,0.33,0.44,0.34,0.27,0.30,0.35,0.37,0.50,0.17,0.33,0.45,0.49,0.50,0.58,0.61,0.40,0.17,0.32,0.27,0.17,0.12,0.23,0.24,0.06,-0.12,-0.48,-0.63,-0.44,-0.57,-0.56,-0.48,-0.66,-0.67,-0.32,0.02,0.13,0.17,0.08,0.19,0.18,0.12,0.53,0.37,0.65,0.61,0.46,0.61,0.56,0.54,0.59,0.75,1.00,1.17,1.30,1.35,1.51,1.62,1.41,1.47,1.35,1.29,1.62,1.58,1.75,1.91,1.77,1.92,2.11,1.97,1.96,1.91,1.92,2.06,2.14,2.09,1.96,1.96,2.01,1.95,1.90,1.80,1.71,1.75,1.64,1.72,1.77,1.89,1.72,1.82,1.62,1.74,1.62,1.36,1.42,1.39,1.41,1.19,1.30,1.23,1.03,1.13,1.24,1.22,1.07,1.09,1.01,1.04,1.23,1.28,1.25,1.11,1.25,1.20,1.04,1.15,1.01,1.02,0.82,0.40,0.46,0.19,-0.03,-0.29,-0.51,-0.63,-0.85,-0.72,-0.85,-0.90,-1.08,-1.30,-1.29,-1.01,-0.98,-0.78,-1.05,-1.02,-0.90,-0.81,-0.80,-0.87,-0.93,-0.97,-1.08,-1.16,-1.02,-1.02,-0.97,-1.06
1.08,0.77,0.76,0.55,0.51,0.67,0.40,0.43,0.64,0.41,0.14,0.10,0.22,0.10,0.15,0.27,0.35,0.44,0.43,0.17,0.28,0.30,0.40,0.50,0.48,0.32,0.23,0.19,0.50,0.34,0.14,0.18,0.22,0.18,0.04,-0.22,-0.63,-0.58,-0.37,-0.67,-0.75,-0.52,-0.61,-0.66,-0.44,-0.11,0.01,0.03,0.27,0.04,0.43,0.51,0.75,0.51,0.65,0.54,0.66,0.72,0.54,0.58,0.81,0.92,1.01,1.27,1.42,1.31,1.42,1.69,1.74,1.71,1.55,1.60,1.82,1.88,1.90,2.07,1.96,2.00,2.11,2.00,1.97,2.00,2.05,2.22,2.33,2.14,1.91,1.91,1.96,1.96,1.91,1.83,1.85,1.85,1.74,1.78,1.78,1.86,1.80,1.73,1.57,1.69,1.52,1.25,1.22,1.22,1.28,1.17,1.25,1.31,1.19,1.13,1.22,1.31,0.93,0.97,0.96,1.19,1.22,0.96,0.81,0.74,0.66,0.59,0.41,0.25,0.15,0.03,-0.03,0.01,-0.11,-0.23,-0.42,-0.61,-0.72,-0.83,-0.97,-0.91,-1.03,-0.93,-1.03,-1.29,-1.39,-1.19,-1.22,-0.69,-0.98,-1.05,-0.91,-0.88,-0.85,-0.96,-0.87,-1.10,-1.36,-1.35,-0.97,-1.00,-1.06,-1.06
0.79,0.66,0.61,0.54,0.69,0.72,0.23,0.25,0.08,0.03,0.06,0.09,0.06,0.07,0.23,0.19,0.22,0.32,0.38,0.27,0.23,0.35,0.38,0.44,0.33,0.18,0.39,0.45,0.56,0.25,0.22,0.19,0.15,0.02,-0.06,-0.14,-0.52,-0.44,-0.52,-0.75,-0.80,-0.59,-0.61,-0.69,-0.42,-0.01,0.17,0.28,0.33,0.13,0.18,0.48,0.34,0.35,0.40,0.37,0.45,0.55,0.40,0.60,0.84,0.93,1.12,1.38,1.52,1.42,1.46,1.64,1.72,1.73,1.52,1.69,1.67,1.90,1.77,1.95,2.08,1.92,2.01,1.92,2.00,2.19,2.20,2.22,2.23,2.11,1.94,1.94,1.96,1.92,1.91,1.95,1.99,1.86,1.82,1.77,1.79,1.94,1.80,1.67,1.62,1.46,1.55,1.22,1.23,1.42,1.36,1.27,1.31,1.38,1.41,1.35,1.27,1.24,1.11,0.86,0.59,0.45,0.29,0.08,0.01,-0.17,-0.17,-0.11,-0.28,-0.41,-0.33,-0.28,-0.43,-0.39,-0.42,-0.43,-0.56,-0.76,-0.82,-0.88,-0.88,-0.95,-1.00,-0.98,-1.00,-1.11,-1.25,-1.30,-1.35,-0.87,-1.05,-1.19,-1.08,-1.00,-1.08,-1.03,-0.96,-1.14,-1.35,-1.22,-0.97,-0.97,-1.11,-1.06
0.85,0.64,0.59,0.53,0.50,0.41,0.29,0.58,0.10,-0.04,0.08,0.19,0.04,0.03,0.20,0.25,0.20,0.24,0.43,0.35,0.29,0.43,0.43,0.50,0.48,0.38,0.35,0.39,0.49,0.41,0.39,0.50,0.35,0.15,0.13,-0.07,-0.57,-0.51,-0.64,-0.87,-0.73,-0.64,-0.77,-0.68,-0.41,-0.17,-0.02,0.13,0.37,0.28,0.25,0.54,0.37,0.34,0.59,0.48,0.44,0.43,0.54,0.63,0.71,0.95,1.06,1.20,1.44,1.30,1.30,1.47,1.50,1.56,1.42,1.55,1.64,1.71,1.72,1.79,1.95,1.92,2.06,1.86,1.97,2.24,2.24,2.20,2.16,2.07,2.00,2.06,2.08,1.92,1.84,1.88,1.90,1.92,1.88,1.73,1.57,1.84,1.66,1.53,1.69,1.41,1.49,1.38,1.30,1.34,1.38,1.36,1.31,1.25,1.29,1.34,1.11,0.86,0.45,0.27,-0.21,0.14,-0.28,-0.46,-0.48,-0.67,-0.68,-0.58,-0.78,-0.75,-0.59,-0.56,-0.62,-0.58,-0.56,-0.63,-0.71,-0.78,-0.87,-0.80,-0.87,-0.93,-1.08,-1.11,-1.11,-1.20,-1.32,-1.41,-1.19,-1.00,-1.07,-1.20,-1.16,-1.08,-1.12,-0.91,-0.90,-1.00,-1.06,-0.95,-1.26,-1.01,-1.02,-1.08
0.95,0.63,0.60,0.48,0.49,0.48,0.33,0.43,0.01,0.04,0.18,0.24,0.23,0.20,0.17,0.25,0.25,0.32,0.43,0.30,0.34,0.34,0.37,0.56,0.55,0.41,0.37,0.20,0.58,0.51,0.25,0.30,0.14,-0.16,-0.17,-0.24,-0.59,-0.36,-0.49,-1.00,-0.80,-0.76,-0.90,-0.71,-0.49,-0.31,-0.18,-0.01,0.23,0.08,0.20,0.15,0.38,0.27,0.51,0.39,0.39,0.30,0.43,0.55,0.59,0.84,1.03,1.08,1.29,1.51,1.51,1.60,1.73,1.71,1.53,1.62,1.77,1.72,1.72,1.82,1.90,1.90,2.18,2.08,2.17,2.20,2.24,2.36,2.33,2.12,2.01,2.05,2.00,1.90,1.85,1.83,1.82,1.94,1.95,1.78,1.61,1.79,1.58,1.44,1.58,1.33,1.34,1.29,1.36,1.53,1.40,1.25,1.29,1.31,1.09,0.71,0.56,0.15,0.03,-0.13,-0.56,-0.56,-0.44,-0.59,-0.78,-0.93,-0.96,-0.87,-0.90,-0.85,-0.97,-0.87,-0.59,-0.57,-0.58,-0.80,-0.87,-0.80,-1.08,-1.17,-1.25,-1.10,-1.29,-1.34,-1.30,-1.24,-1.19,-1.50,-1.14,-1.14,-1.10,-1.08,-1.12,-1.01,-1.19,-0.92,-0.86,-0.88,-0.91,-1.05,-1.45,-1.12,-0.91,-0.97
0.82,0.55,0.53,0.56,0.70,0.59,0.38,0.40,0.24,0.18,0.10,0.08,0.12,0.09,0.04,0.15,0.24,0.32,0.30,0.09,0.33,0.17,0.27,0.65,0.54,0.38,0.43,0.32,0.46,0.37,0.10,0.29,-0.02,-0.06,0.03,-0.14,-0.31,-0.22,-0.47,-0.75,-1.05,-0.92,-0.92,-0.73,-0.46,-0.29,-0.17,0.02,0.13,0.07,0.15,0.20,0.23,0.27,0.40,0.30,0.49,0.38,0.44,0.59,0.76,0.97,1.09,1.14,1.28,1.46,1.58,1.71,1.61,1.64,1.53,1.75,1.91,1.90,1.75,1.86,2.00,1.86,2.17,2.03,2.19,2.20,2.16,2.26,2.30,2.11,2.00,1.91,1.80,1.80,1.79,1.85,1.77,1.86,1.78,1.68,1.67,1.61,1.44,1.61,1.49,1.44,1.57,1.30,1.25,1.47,1.67,1.57,1.30,0.95,0.53,0.20,-0.16,-0.42,-0.67,-0.48,-0.71,-0.81,-0.61,-0.67,-0.87,-1.00,-1.07,-1.08,-0.91,-0.87,-1.21,-1.01,-0.62,-0.68,-0.73,-0.85,-0.93,-0.96,-1.32,-1.55,-1.35,-1.34,-1.51,-1.41,-1.31,-1.36,-1.27,-1.38,-1.20,-1.17,-1.16,-1.14,-1.15,-0.85,-1.19,-1.08,-1.03,-1.10,-1.12,-1.19,-1.26,-1.11,-1.01,-1.00
0.65,0.49,0.59,0.76,0.70,0.51,0.40,0.46,0.24,0.20,0.02,-0.03,0.04,-0.06,-0.12,0.24,0.27,0.29,0.20,0.02,0.30,0.08,0.17,0.55,0.45,0.41,0.51,0.45,0.56,0.43,0.13,0.25,0.20,-0.04,-0.08,-0.21,-0.59,-0.73,-0.88,-0.68,-1.06,-1.02,-1.06,-0.75,-0.46,-0.29,-0.14,0.02,0.15,0.22,0.20,0.32,0.23,0.25,0.43,0.39,0.56,0.34,0.53,0.56,0.65,0.88,1.14,1.33,1.45,1.42,1.40,1.66,1.72,1.74,1.68,1.73,1.66,1.97,1.69,2.24,2.01,1.97,2.19,2.05,2.28,2.16,2.25,2.48,2.39,2.16,1.97,1.91,1.96,1.83,1.69,1.79,1.78,1.68,1.57,1.56,1.39,1.45,1.55,1.58,1.51,1.46,1.45,1.31,1.49,1.64,1.52,1.08,0.65,0.24,-0.19,-0.24,-0.46,-0.67,-1.01,-0.87,-0.85,-0.92,-0.83,-0.80,-0.86,-1.00,-1.12,-1.17,-1.02,-1.00,-1.02,-1.06,-1.02,-1.16,-1.14,-1.11,-1.21,-1.03,-1.27,-1.43,-1.46,-1.40,-1.45,-1.49,-1.51,-1.48,-1.26,-1.44,-1.30,-1.21,-1.16,-1.19,-1.32,-0.81,-0.95,-0.92,-1.00,-1.24,-1.21,-1.20,-1.38,-1.32,-1.08,-0.86
1.03,0.59,0.51,0.56,0.64,0.50,0.38,0.39,0.07,0.24,0.06,-0.02,0.04,0.12,-0.07,0.20,0.17,0.10,0.08,0.14,0.25,0.09,0.04,0.30,0.39,0.48,0.58,0.56,0.54,0.55,0.33,0.43,0.37,-0.02,-0.08,-0.19,-0.43,-0.48,-0.53,-0.81,-1.10,-1.02,-1.12,-0.88,-0.61,-0.28,-0.03,0.08,0.17,0.18,0.15,0.24,0.30,0.25,0.43,0.45,0.61,0.54,0.53,0.56,0.56,0.81,1.06,1.28,1.40,1.36,1.41,1.50,1.63,1.84,1.60,1.52,1.89,1.92,1.92,2.07,1.85,1.85,1.95,1.95,2.11,2.16,2.18,2.40,2.41,2.14,2.01,1.97,1.97,1.95,1.69,1.45,1.40,1.27,1.25,0.82,1.23,1.18,1.34,1.33,1.30,1.55,1.38,1.18,1.15,1.07,0.91,0.54,0.03,-0.34,-0.48,-0.56,-0.52,-0.61,-0.96,-0.86,-0.85,-0.83,-0.86,-0.86,-0.91,-1.02,-1.05,-1.06,-1.11,-1.19,-0.92,-1.11,-1.16,-1.15,-1.05,-0.96,-1.00,-1.12,-1.38,-1.43,-1.39,-1.44,-1.43,-1.35,-1.38,-1.57,-1.24,-1.27,-1.19,-1.10,-1.05,-1.02,-1.30,-0.92,-0.81,-0.96,-1.07,-1.16,-1.59,-1.10,-1.22,-1.27,-1.10,-0.88
0.79,0.58,0.64,0.64,0.60,0.44,0.39,0.38,0.13,0.30,0.18,0.09,0.19,0.30,0.14,0.29,0.28,0.35,0.32,0.24,0.44,0.22,0.32,0.43,0.41,0.46,0.59,0.55,0.39,0.58,0.29,0.40,0.23,0.01,0.01,-0.21,-0.57,-0.66,-0.58,-0.80,-1.03,-0.82,-0.72,-0.64,-0.53,-0.13,0.15,0.18,0.10,0.12,0.15,0.28,0.32,0.28,0.35,0.33,0.55,0.60,0.63,0.55,0.56,0.82,1.06,1.18,1.30,1.47,1.66,1.79,1.88,1.94,1.88,1.68,2.13,1.99,2.06,1.95,2.11,2.14,2.09,2.36,2.33,2.17,2.28,2.55,2.41,2.14,2.19,2.24,2.11,1.95,1.82,1.67,1.31,0.92,0.58,0.44,0.77,1.22,1.27,1.25,1.08,1.18,1.04,0.85,0.54,0.37,0.25,-0.02,-0.34,-0.53,-0.61,-0.68,-0.57,-0.63,-0.88,-0.86,-0.85,-0.78,-0.88,-0.92,-0.95,-1.03,-1.01,-1.01,-1.11,-1.26,-0.98,-1.21,-1.17,-1.15,-1.10,-0.90,-0.87,-1.01,-1.00,-1.40,-1.25,-1.24,-1.36,-1.38,-1.32,-1.59,-1.24,-1.05,-0.98,-0.95,-0.92,-0.86,-0.86,-0.97,-0.91,-0.95,-1.10,-1.21,-1.31,-1.39,-1.34,-1.20,-1.05,-1.01
0.54,0.64,0.95,0.80,0.70,0.60,0.48,0.30,0.17,0.34,0.18,0.18,0.29,0.33,0.20,0.30,0.33,0.39,0.37,0.33,0.32,0.38,0.38,0.61,0.39,0.44,0.51,0.45,0.41,0.54,0.20,0.34,0.14,0.09,0.06,-0.26,-0.57,-0.63,-0.61,-0.69,-0.73,-0.69,-0.64,-0.61,-0.31,-0.16,-0.03,0.08,0.14,0.22,0.34,0.41,0.23,0.25,0.34,0.22,0.56,0.56,0.64,0.59,0.64,0.74,0.87,1.08,1.28,1.42,1.62,1.79,1.88,1.83,1.85,1.68,1.74,1.94,1.97,1.85,2.05,1.90,1.95,2.08,2.30,2.34,2.41,2.46,2.31,2.11,1.94,1.97,2.03,1.75,1.40,1.14,0.98,0.60,0.34,0.06,0.30,0.93,0.74,0.55,0.35,0.44,0.41,0.13,-0.02,-0.19,-0.42,-0.53,-0.62,-0.69,-0.82,-0.75,-0.68,-0.73,-0.88,-1.01,-0.88,-0.91,-1.10,-1.14,-0.97,-1.03,-1.07,-1.15,-1.17,-1.16,-0.97,-1.17,-1.19,-1.05,-1.02,-1.03,-0.93,-0.90,-0.92,-1.17,-1.15,-1.12,-1.22,-1.31,-1.36,-1.48,-1.19,-1.11,-1.17,-1.20,-1.07,-0.96,-0.95,-0.95,-0.90,-0.98,-1.19,-1.25,-1.21,-1.22,-1.39,-1.30,-0.97,-1.01
0.55,0.66,0.76,0.61,0.70,0.48,0.41,0.35,0.12,0.08,-0.04,0.07,0.18,0.24,0.25,0.29,0.33,0.35,0.29,0.25,0.33,0.30,0.44,0.51,0.72,0.56,0.51,0.59,0.50,0.55,0.29,0.34,0.18,0.12,0.04,-0.31,-0.62,-0.64,-0.56,-0.66,-0.92,-0.82,-0.85,-0.72,-0.34,-0.08,0.03,0.06,0.01,0.03,0.27,0.32,0.18,0.19,0.38,0.33,0.65,0.56,0.53,0.63,0.65,0.75,0.77,1.02,1.36,1.55,1.66,1.73,1.84,1.79,1.69,1.71,1.92,2.00,1.99,1.91,2.00,1.91,2.09,2.31,2.26,2.22,2.30,2.37,2.34,2.12,1.99,2.08,2.06,1.69,1.03,0.67,0.35,0.06,0.09,-0.07,0.33,0.27,0.02,-0.14,-0.34,-0.44,-0.43,-0.54,-0.48,-0.56,-0.80,-0.81,-0.76,-0.81,-1.00,-0.82,-0.76,-0.75,-0.92,-1.07,-0.88,-0.95,-1.05,-1.08,-1.08,-0.91,-1.25,-1.38,-1.26,-1.21,-1.15,-1.21,-1.25,-1.12,-1.00,-1.02,-0.96,-0.95,-1.14,-1.25,-1.19,-1.12,-1.14,-1.17,-1.27,-1.27,-1.15,-1.29,-1.25,-1.12,-1.11,-1.10,-1.22,-1.17,-1.03,-1.06,-1.22,-1.15,-1.24,-1.10,-1.26,-1.40,-1.03,-0.93
0.60,0.64,0.69,0.54,0.90,0.41,0.50,0.51,0.18,0.29,0.14,0.12,0.17,0.29,0.37,0.32,0.39,0.43,0.32,0.30,0.37,0.40,0.45,0.49,0.59,0.19,0.32,0.44,0.37,0.46,0.30,0.20,0.20,0.01,-0.01,-0.28,-0.62,-0.64,-0.48,-0.61,-0.85,-0.85,-0.91,-0.72,-0.26,-0.22,-0.31,-0.12,0.14,0.17,0.23,0.44,0.43,0.29,0.29,0.46,0.64,0.60,0.49,0.50,0.55,0.85,0.79,1.00,1.42,1.57,1.63,1.62,1.71,1.74,1.56,1.60,1.90,1.84,1.94,1.86,1.96,1.91,2.14,2.13,2.18,2.23,2.14,2.20,2.24,2.02,1.92,1.96,1.75,1.24,0.43,0.06,-0.18,-0.34,-0.07,-0.17,0.14,-0.32,-0.48,-0.56,-0.64,-0.75,-0.81,-0.88,-0.77,-0.75,-0.92,-0.93,-0.87,-0.86,-0.97,-0.90,-0.80,-0.69,-0.97,-0.96,-0.95,-1.03,-1.01,-0.90,-0.93,-0.93,-1.14,-1.43,-1.41,-1.27,-1.21,-1.19,-1.21,-1.16,-1.01,-0.96,-0.98,-1.05,-1.29,-1.41,-1.26,-1.16,-1.22,-1.24,-1.29,-1.54,-1.35,-1.30,-1.21,-1.05,-1.11,-1.17,-1.10,-1.19,-1.17,-1.17,-1.29,-1.17,-1.27,-1.25,-1.26,-1.35,-1.14,-1.12
0.51,0.70,0.67,0.38,0.85,0.34,0.53,0.40,0.20,0.55,0.06,0.12,0.25,0.25,0.24,0.40,0.48,0.51,0.46,0.44,0.48,0.59,0.50,0.54,0.76,0.54,0.55,0.59,0.61,0.60,0.29,0.30,0.34,-0.03,-0.07,-0.22,-0.53,-0.58,-0.48,-0.61,-0.75,-0.86,-0.73,-0.62,-0.28,-0.22,-0.08,0.08,0.08,0.02,0.12,0.24,0.35,0.40,0.56,0.43,0.63,0.61,0.55,0.32,0.41,0.67,0.74,1.02,1.31,1.36,1.41,1.52,1.61,1.69,1.50,1.42,1.67,1.69,1.89,1.82,1.83,1.82,1.95,1.95,2.12,2.18,2.14,2.18,2.18,1.96,1.77,1.56,1.09,0.55,-0.02,-0.31,-0.56,-0.61,-0.44,-0.49,-0.27,-0.73,-0.75,-0.78,-0.75,-0.68,-0.73,-0.91,-0.95,-0.90,-1.00,-1.03,-1.08,-1.01,-0.93,-0.83,-0.86,-0.78,-0.69,-0.86,-1.10,-1.06,-0.91,-0.88,-0.98,-1.06,-1.19,-1.25,-1.31,-1.21,-1.19,-1.17,-1.10,-1.05,-1.02,-1.06,-1.10,-1.08,-1.25,-1.30,-1.19,-1.17,-1.31,-1.40,-1.34,-1.58,-1.21,-1.17,-1.16,-0.96,-1.03,-1.10,-0.98,-1.03,-1.14,-1.17,-1.25,-1.31,-1.25,-1.38,-1.50,-1.36,-0.96,-1.15
0.53,0.60,0.40,0.12,0.48,0.35,0.53,0.29,0.22,0.51,0.20,0.29,0.53,0.39,0.15,0.20,0.39,0.44,0.59,0.58,0.60,0.65,0.50,0.55,0.80,0.58,0.60,0.59,0.55,0.54,0.41,0.38,-0.13,0.30,-0.09,-0.29,-0.51,-0.54,-0.49,-0.63,-0.80,-0.92,-0.68,-0.72,-0.37,-0.22,-0.09,0.06,0.10,0.17,0.24,0.19,0.25,0.53,0.65,0.53,0.95,0.64,0.64,0.50,0.48,0.60,0.69,0.97,1.19,1.20,1.33,1.51,1.57,1.62,1.47,1.40,1.60,1.68,1.91,1.95,1.78,1.72,1.79,1.97,2.11,1.99,2.00,1.96,1.90,1.69,1.34,0.98,0.43,0.01,-0.31,-0.46,-0.81,-0.73,-0.80,-0.83,-0.52,-0.91,-0.82,-0.87,-0.83,-0.81,-0.77,-0.88,-1.08,-1.05,-0.90,-1.05,-1.07,-1.01,-0.75,-0.96,-0.87,-0.76,-0.97,-1.11,-1.06,-0.82,-0.66,-0.73,-0.69,-0.62,-1.03,-0.87,-0.88,-0.92,-1.03,-1.06,-0.98,-0.93,-0.92,-1.19,-1.16,-1.05,-1.26,-1.34,-1.22,-1.12,-1.16,-1.16,-1.38,-1.44,-1.35,-1.32,-1.34,-1.15,-1.07,-1.05,-0.98,-1.02,-1.06,-1.06,-1.15,-1.27,-1.17,-1.19,-1.38,-1.40,-1.31,-1.14
0.30,0.59,0.55,0.25,0.28,0.51,0.48,0.23,0.22,0.35,0.18,0.30,0.54,0.55,0.48,0.41,0.35,0.40,0.53,0.59,0.59,0.58,0.56,0.71,0.81,0.71,0.64,0.63,0.69,0.50,0.19,0.54,0.23,-0.01,0.09,-0.24,-0.48,-0.53,-0.47,-0.52,-0.81,-0.93,-0.83,-0.81,-0.41,-0.27,-0.09,0.02,0.15,0.25,0.29,0.35,0.34,0.50,0.39,0.56,0.60,0.74,0.82,0.70,0.50,0.55,0.66,0.93,1.06,1.15,1.39,1.50,1.40,1.39,1.45,1.56,1.62,1.66,1.91,1.92,1.83,1.72,1.82,1.86,1.94,1.73,1.58,1.44,1.34,1.06,0.60,0.29,-0.03,-0.29,-0.62,-0.76,-0.96,-0.77,-0.82,-0.76,-0.59,-0.85,-0.81,-0.75,-0.78,-0.82,-0.83,-0.85,-0.93,-0.88,-0.81,-1.25,-1.07,-0.91,-1.02,-1.06,-1.27,-0.87,-0.85,-0.96,-1.01,-0.76,-0.38,-0.34,-0.43,-0.31,-0.43,-0.43,-0.43,-0.58,-0.76,-0.81,-0.80,-0.86,-0.73,-0.83,-0.92,-0.93,-1.15,-1.36,-1.30,-1.05,-1.26,-1.24,-1.20,-1.30,-1.26,-1.34,-1.40,-1.07,-1.14,-1.16,-1.07,-1.15,-1.26,-1.07,-1.14,-1.31,-1.39,-1.41,-1.43,-1.21,-1.27,-1.30
0.15,0.23,0.33,0.35,0.29,0.54,0.30,0.13,0.10,0.10,0.13,0.17,0.38,0.49,0.54,0.53,0.45,0.49,0.56,0.54,0.44,0.50,0.72,0.91,0.92,0.79,0.67,0.77,0.82,0.49,0.15,0.30,0.15,-0.04,-0.09,-0.39,-0.57,-0.42,-0.38,-0.59,-0.75,-0.75,-0.78,-0.64,-0.41,-0.26,-0.03,-0.06,0.06,0.17,0.24,0.44,0.44,0.58,0.63,0.70,0.56,0.95,0.91,0.61,0.51,0.63,0.87,1.12,1.25,1.25,1.41,1.68,1.60,1.27,1.44,1.49,1.55,1.61,1.77,1.47,1.57,1.55,1.49,1.55,1.50,1.25,1.22,0.98,0.71,0.34,-0.12,-0.36,-0.46,-0.46,-0.66,-0.92,-1.01,-0.85,-0.85,-0.76,-0.76,-0.90,-0.82,-0.77,-1.00,-1.00,-1.07,-1.20,-1.16,-1.16,-0.91,-1.06,-1.20,-0.91,-0.98,-1.00,-1.10,-1.00,-0.68,-0.66,-0.63,-0.44,-0.16,0.04,-0.24,-0.03,0.07,-0.04,-0.04,-0.31,-0.48,-0.49,-0.57,-0.73,-0.43,-0.71,-0.85,-0.97,-1.19,-1.38,-1.45,-1.38,-1.38,-1.32,-1.30,-1.34,-1.30,-1.31,-1.43,-0.78,-1.01,-1.25,-1.21,-1.14,-1.20,-0.98,-1.21,-1.36,-1.38,-1.43,-1.57,-1.39,-1.22,-1.29
-0.16,-0.16,-0.13,-0.08,0.06,0.14,0.17,-0.02,-0.09,0.01,0.19,0.07,0.35,0.48,0.51,0.45,0.30,0.50,0.37,0.53,0.63,0.54,0.50,0.69,0.88,0.46,0.72,0.86,0.81,0.56,0.35,0.39,0.12,0.06,0.06,-0.41,-0.58,-0.46,-0.44,-0.56,-0.59,-0.61,-0.62,-0.52,-0.31,-0.21,-0.03,-0.09,0.02,0.17,0.27,0.38,0.43,0.50,0.66,0.59,0.74,0.88,0.77,0.75,0.67,0.49,0.56,0.96,1.12,1.30,1.56,1.50,1.29,1.23,1.47,1.35,1.41,1.28,1.23,1.02,0.84,1.01,0.87,0.97,0.67,0.35,0.18,-0.09,-0.11,-0.18,-0.54,-0.69,-0.75,-0.64,-0.69,-0.73,-0.67,-0.43,-0.87,-1.16,-0.81,-0.95,-0.91,-0.83,-1.12,-1.12,-1.08,-1.29,-1.34,-1.24,-1.11,-1.15,-1.11,-0.87,-1.10,-1.19,-1.01,-0.92,-0.64,-0.59,-0.49,-0.19,-0.11,0.10,-0.19,0.13,0.15,0.12,0.15,-0.09,-0.38,-0.43,-0.44,-0.57,-0.42,-0.73,-0.85,-0.81,-1.03,-1.34,-1.38,-1.24,-1.31,-1.25,-1.35,-1.44,-1.40,-1.35,-1.44,-1.05,-0.90,-0.86,-1.05,-1.35,-1.53,-1.31,-1.21,-1.29,-1.30,-1.29,-1.51,-1.45,-1.30,-1.25
-0.46,-0.33,-0.37,-0.47,-0.58,-0.83,-0.95,-0.31,0.08,0.22,0.25,0.06,0.38,0.43,0.48,0.43,0.29,0.39,0.35,0.65,0.54,0.35,0.50,0.77,0.71,0.43,0.71,0.81,0.79,0.56,0.45,0.41,0.14,0.09,-0.04,-0.44,-0.57,-0.39,-0.44,-0.62,-0.72,-0.82,-0.83,-0.52,-0.34,-0.18,-0.08,0.04,0.19,0.33,0.37,0.39,0.44,0.54,0.70,0.43,0.60,0.77,0.82,0.93,0.69,0.41,0.71,0.97,0.93,0.92,0.98,1.09,1.18,1.07,1.11,1.04,0.87,0.67,0.46,0.35,0.29,0.23,0.20,0.24,0.08,-0.32,-0.38,-0.29,-0.23,-0.43,-0.81,-1.02,-1.06,-1.03,-1.03,-1.06,-0.81,-0.61,-1.10,-1.19,-0.97,-1.03,-0.87,-0.93,-1.14,-1.20,-1.22,-1.26,-1.20,-1.12,-1.22,-1.32,-1.19,-1.10,-1.16,-1.27,-1.02,-0.80,-0.61,-0.62,-0.61,-0.28,-0.18,-0.13,-0.19,-0.24,-0.09,-0.18,-0.29,-0.43,-0.61,-0.75,-0.85,-0.93,-0.71,-1.01,-1.01,-0.91,-0.95,-1.21,-1.40,-1.21,-1.21,-1.22,-1.35,-1.49,-1.43,-1.22,-1.41,-1.17,-1.00,-1.27,-1.51,-1.51,-1.39,-1.40,-1.38,-1.39,-1.34,-1.27,-1.54,-1.41,-1.40,-1.36
