-0.84,-1.04,-1.07,-1.24,-1.11,-0.99,-1.08,-1.07,-0.77,-0.67,-0.72,-0.69,-0.64,-0.63,-0.76,-0.83,-0.46,-0.62,-0.52,-0.44,-0.82,-0.54,-0.33,-0.66,-0.74,-0.81,-0.79,-0.66,-0.66,-0.79,-0.94,-0.68,-0.61,-0.82,-0.84,-0.69,-0.67,-0.74,-0.59,-0.88,-0.93,-0.83,-0.84,-0.89,-0.68,-0.67,-0.84,-0.81,-0.88,-0.73,-0.89,-0.78,-0.83,-0.71,-0.68,-0.68,-0.53,-0.68,-0.73,-0.58,-0.58,-0.61,-0.71,-0.92,-0.72,-0.44,-0.58,-1.03,-0.81,-0.72,-0.88,-0.83,-0.68,-0.83,-0.93,-0.99,-1.03,-0.99,-1.04,-1.12,-1.06,-0.97,-0.94,-1.13,-1.23,-1.16,-1.09,-1.26,-1.07,-1.14,-1.14,-1.14,-0.99,-0.93,-1.01,-1.07,-0.92,-0.76,-1.02,-1.04,-0.93,-0.98,-0.77,-0.93,-1.09,-0.98,-0.81,-0.62,-0.68,-0.81,-0.86,-0.83,-0.77,-0.83,-1.03,-1.01,-0.99,-0.99,-0.81,-0.81,-0.98,-1.03,-0.96,-0.98,-0.98,-1.14,-1.02,-1.13,-1.08,-0.82,-0.87,-0.97,-0.83,-0.94,-0.98,-0.97,-1.22,-1.38,-1.32,-1.06,-0.91,-0.87,-1.13,-1.13,-0.99,-0.96,-1.01,-1.04,-1.32,-1.32,-1.30,-1.09,-0.97,-1.06,-1.18,-1.07,-1.14,-1.19,-1.18,-1.42
-0.86,-0.91,-1.02,-1.19,-1.12,-0.79,-0.82,-1.08,-0.73,-0.86,-0.81,-0.69,-0.74,-0.82,-0.59,-0.68,-0.52,-0.53,-0.51,-0.41,-0.73,-0.57,-0.41,-0.57,-0.66,-0.66,-0.62,-0.63,-0.76,-0.47,-0.58,-0.59,-0.61,-0.53,-0.56,-0.51,-0.43,-0.72,-0.51,-0.99,-0.92,-0.78,-0.69,-0.77,-0.71,-0.69,-0.82,-0.66,-0.64,-0.66,-0.97,-0.94,-0.96,-0.83,-0.58,-0.42,-0.48,-0.58,-0.76,-0.87,-0.79,-0.68,-0.57,-0.63,-0.68,-0.52,-0.57,-0.68,-0.91,-0.91,-0.83,-0.98,-0.93,-1.12,-1.14,-1.06,-0.93,-0.77,-0.92,-1.11,-0.98,-0.83,-0.96,-0.99,-0.78,-1.01,-0.88,-0.92,-0.89,-1.03,-1.21,-1.27,-1.16,-1.01,-0.92,-0.93,-0.78,-0.66,-1.02,-1.03,-0.73,-0.88,-0.88,-0.71,-0.93,-0.86,-0.71,-0.63,-0.58,-0.67,-0.86,-0.88,-0.76,-0.76,-0.79,-0.97,-0.83,-0.96,-0.76,-0.59,-0.54,-0.69,-0.89,-0.97,-0.83,-0.97,-1.02,-0.93,-0.94,-0.77,-0.84,-0.96,-0.97,-0.94,-1.04,-0.87,-0.78,-1.14,-0.93,-0.71,-0.78,-0.84,-0.98,-1.01,-0.91,-0.97,-1.01,-0.93,-1.17,-1.12,-1.11,-1.24,-1.35,-1.12,-1.32,-1.03,-1.16,-1.24,-1.30,-1.51
-0.98,-1.03,-0.98,-1.06,-1.13,-0.79,-0.49,-0.62,-0.43,-0.67,-0.53,-0.44,-0.51,-0.62,-0.54,-0.54,-0.61,-0.63,-0.61,-0.54,-0.64,-0.66,-0.62,-0.57,-0.47,-0.51,-0.43,-0.18,-0.76,-0.43,-0.77,-0.69,-0.43,-0.22,-0.37,-0.59,-0.54,-0.71,-0.56,-0.91,-0.82,-0.82,-0.82,-0.79,-0.63,-0.51,-0.56,-0.48,-0.62,-0.73,-0.74,-0.76,-0.64,-0.49,-0.61,-0.48,-0.56,-0.66,-0.62,-0.52,-0.47,-0.76,-0.91,-0.68,-0.73,-0.61,-0.71,-0.91,-0.98,-1.07,-0.86,-0.98,-0.97,-0.91,-0.81,-0.81,-0.84,-0.83,-0.89,-0.92,-0.79,-0.76,-1.02,-1.03,-0.61,-0.68,-0.99,-1.09,-0.89,-1.03,-0.89,-0.81,-0.77,-0.76,-0.59,-0.56,-0.67,-0.78,-1.06,-0.77,-0.67,-0.82,-0.86,-0.78,-0.83,-0.74,-0.81,-0.73,-0.68,-0.66,-0.82,-0.98,-0.88,-0.74,-0.88,-1.07,-0.82,-0.67,-0.84,-0.79,-0.97,-0.84,-0.81,-1.04,-1.08,-0.96,-1.09,-0.99,-0.89,-0.69,-0.71,-0.86,-0.88,-0.83,-1.03,-0.81,-0.79,-1.17,-1.03,-0.86,-0.88,-0.92,-0.93,-1.18,-1.04,-1.14,-1.14,-0.96,-1.18,-1.17,-1.32,-1.32,-1.19,-1.18,-1.14,-1.07,-1.18,-1.22,-1.33,-1.48
-0.94,-1.18,-1.01,-0.96,-0.94,-0.91,-0.86,-0.86,-0.71,-0.71,-0.61,-0.59,-0.69,-0.66,-0.48,-0.54,-0.62,-0.71,-0.72,-0.63,-0.74,-0.72,-0.57,-0.71,-0.61,-0.47,-0.61,-0.36,-0.42,-0.46,-0.48,-0.59,-0.51,-0.37,-0.42,-0.61,-0.64,-0.51,-0.58,-0.71,-0.58,-0.78,-0.98,-0.94,-0.73,-0.56,-0.57,-0.77,-0.58,-0.62,-0.91,-0.94,-0.82,-0.82,-0.84,-0.67,-0.62,-0.68,-0.72,-0.73,-0.56,-0.54,-0.57,-0.52,-0.59,-0.56,-0.89,-0.83,-1.06,-0.84,-0.54,-0.67,-0.71,-0.92,-0.94,-0.83,-0.83,-0.89,-0.91,-0.92,-0.99,-0.84,-0.83,-0.92,-0.84,-0.74,-1.17,-1.14,-1.13,-1.12,-1.23,-1.16,-1.16,-1.07,-0.86,-0.79,-0.94,-1.12,-1.17,-1.07,-1.14,-0.91,-1.02,-0.98,-1.09,-0.89,-0.87,-0.57,-0.74,-0.77,-0.86,-1.02,-0.87,-0.77,-1.04,-1.09,-0.79,-0.81,-0.73,-0.73,-0.81,-0.86,-0.86,-0.88,-0.98,-0.89,-0.73,-0.98,-0.93,-0.64,-0.68,-0.84,-0.87,-0.84,-0.98,-0.87,-0.78,-1.17,-1.09,-1.01,-0.98,-0.99,-1.19,-1.24,-0.99,-1.28,-1.26,-1.02,-1.30,-1.16,-1.23,-1.19,-1.13,-1.07,-1.18,-1.27,-0.99,-1.16,-1.35,-1.37
-0.89,-0.91,-1.04,-1.06,-0.92,-0.79,-0.78,-0.82,-0.91,-0.94,-0.61,-0.51,-0.83,-0.77,-0.46,-0.58,-0.62,-0.66,-0.73,-0.58,-0.38,-0.67,-0.58,-0.59,-0.73,-0.82,-0.83,-0.51,-0.54,-0.67,-0.63,-0.62,-0.49,-0.47,-0.61,-0.62,-0.66,-0.34,-0.46,-0.58,-0.46,-0.71,-0.92,-0.94,-0.91,-0.71,-0.46,-0.82,-0.53,-0.58,-0.89,-0.89,-0.78,-0.72,-0.79,-0.59,-0.51,-0.68,-0.72,-0.62,-0.56,-0.43,-0.69,-0.67,-0.83,-0.76,-0.89,-0.94,-1.06,-0.99,-0.73,-0.66,-0.71,-0.86,-0.93,-0.96,-1.01,-0.92,-0.79,-0.83,-0.92,-0.94,-0.99,-0.86,-0.94,-0.74,-1.21,-1.16,-0.96,-1.01,-0.92,-0.96,-1.12,-0.88,-0.72,-0.88,-0.94,-0.97,-1.17,-1.04,-0.97,-0.89,-0.74,-0.63,-0.83,-0.82,-0.87,-0.62,-0.89,-0.92,-0.94,-0.96,-0.82,-0.84,-1.07,-1.08,-0.84,-0.88,-0.67,-0.84,-0.82,-0.77,-0.78,-1.02,-1.24,-1.08,-1.19,-1.26,-1.08,-0.84,-0.98,-1.12,-1.04,-0.97,-0.98,-0.87,-0.88,-1.14,-1.12,-1.08,-1.14,-1.16,-1.01,-1.19,-1.42,-1.55,-1.27,-1.07,-1.19,-1.04,-0.99,-1.13,-1.06,-0.96,-1.22,-1.21,-1.33,-1.26,-1.26,-1.33
-1.01,-1.11,-0.86,-0.67,-0.74,-0.76,-0.56,-0.68,-0.69,-0.77,-0.62,-0.43,-0.68,-0.81,-0.53,-0.59,-0.68,-0.66,-0.67,-0.43,-0.64,-0.82,-0.69,-0.49,-0.39,-0.42,-0.66,-0.52,-0.38,-0.59,-0.68,-0.64,-0.56,-0.54,-0.72,-0.68,-0.68,-0.49,-0.39,-0.49,-0.51,-0.71,-0.94,-0.94,-0.82,-0.73,-0.57,-0.78,-0.53,-0.87,-0.68,-0.78,-0.63,-0.71,-0.87,-0.81,-0.71,-0.76,-0.74,-0.58,-0.53,-0.48,-0.69,-0.68,-0.77,-0.78,-0.78,-1.03,-1.01,-0.99,-0.76,-0.77,-0.81,-0.87,-0.91,-0.93,-0.93,-0.84,-0.86,-0.92,-0.94,-0.99,-1.06,-0.78,-0.96,-0.72,-1.26,-1.07,-0.79,-0.99,-1.06,-0.99,-1.07,-0.88,-0.84,-1.04,-1.03,-0.94,-1.06,-1.09,-1.08,-0.91,-0.87,-0.92,-0.81,-0.69,-0.86,-0.92,-0.82,-0.71,-0.86,-0.99,-0.96,-0.93,-0.99,-0.97,-0.81,-0.88,-0.71,-0.79,-0.86,-0.78,-0.69,-0.87,-1.16,-1.18,-1.01,-0.68,-0.93,-0.71,-1.11,-1.07,-0.93,-0.93,-0.94,-0.79,-0.92,-1.02,-1.11,-1.08,-1.01,-0.92,-0.91,-0.84,-1.03,-1.28,-1.33,-1.19,-1.02,-1.07,-0.96,-1.16,-0.98,-0.92,-1.12,-0.99,-1.17,-1.11,-1.26,-1.32
-0.72,-0.68,-0.81,-0.76,-0.67,-0.62,-0.52,-0.67,-0.64,-0.59,-0.58,-0.56,-0.49,-0.71,-0.62,-0.59,-0.69,-0.78,-0.59,-0.54,-0.61,-0.66,-0.56,-0.43,-0.36,-0.42,-0.54,-0.41,-0.38,-0.49,-0.48,-0.51,-0.61,-0.68,-0.72,-0.63,-0.64,-0.59,-0.59,-0.58,-0.47,-0.72,-0.96,-0.97,-0.87,-0.66,-0.56,-0.71,-0.51,-0.87,-0.76,-0.79,-0.73,-0.78,-0.83,-0.81,-0.79,-0.76,-0.74,-0.79,-0.68,-0.64,-0.63,-0.68,-0.64,-0.67,-0.67,-0.92,-0.91,-0.78,-0.62,-0.71,-0.87,-0.91,-0.89,-0.79,-0.69,-0.76,-0.93,-1.01,-0.97,-0.94,-0.94,-0.64,-0.78,-0.72,-1.14,-1.02,-0.76,-0.87,-1.07,-0.94,-0.86,-0.77,-0.79,-0.88,-0.87,-0.82,-0.77,-0.82,-0.82,-0.54,-0.68,-0.72,-0.76,-0.57,-0.37,-0.31,-0.57,-0.68,-0.76,-0.88,-0.92,-0.92,-0.94,-0.82,-0.61,-0.93,-0.66,-0.71,-0.86,-0.72,-0.71,-0.87,-1.02,-0.99,-0.71,-0.33,-0.77,-0.86,-0.73,-0.69,-0.68,-0.78,-0.79,-0.72,-0.78,-0.93,-1.09,-0.86,-0.66,-0.77,-0.94,-0.89,-1.19,-1.16,-1.21,-1.06,-0.84,-0.96,-0.98,-1.08,-1.02,-0.99,-1.02,-0.86,-1.08,-1.09,-1.22,-1.31
-0.71,-0.83,-0.77,-0.76,-0.74,-0.69,-0.62,-0.66,-0.69,-0.58,-0.51,-0.62,-0.62,-0.41,-0.38,-0.42,-0.49,-0.53,-0.53,-0.46,-0.44,-0.42,-0.41,-0.34,-0.31,-0.32,-0.38,-0.20,-0.38,-0.44,-0.29,-0.32,-0.49,-0.54,-0.57,-0.56,-0.77,-0.56,-0.33,-0.81,-0.63,-0.46,-0.66,-0.74,-0.71,-0.64,-0.53,-0.69,-0.67,-0.79,-0.76,-0.82,-0.69,-0.74,-0.77,-0.69,-0.67,-0.66,-0.77,-0.98,-0.76,-0.68,-0.72,-0.74,-0.71,-0.53,-0.64,-0.73,-0.76,-0.72,-0.64,-0.61,-0.86,-0.84,-0.72,-0.68,-0.67,-0.76,-0.83,-0.87,-0.82,-0.88,-0.92,-0.54,-0.72,-0.66,-0.97,-0.97,-0.81,-0.82,-0.86,-0.83,-0.77,-0.73,-0.78,-0.73,-0.72,-0.81,-0.74,-0.73,-0.79,-0.62,-0.76,-0.57,-0.72,-0.63,-0.49,-0.46,-0.49,-0.66,-0.76,-0.97,-0.83,-0.67,-0.78,-0.73,-0.51,-0.92,-0.56,-0.77,-0.73,-0.64,-0.77,-0.89,-0.93,-0.89,-0.74,-0.73,-0.74,-0.68,-0.72,-0.86,-0.91,-0.87,-0.68,-0.53,-0.77,-0.96,-1.13,-0.66,-0.63,-0.78,-0.81,-0.84,-1.06,-0.97,-1.13,-1.14,-1.14,-1.23,-1.21,-1.19,-1.19,-1.14,-1.04,-0.93,-1.19,-1.14,-1.13,-1.24
-0.59,-0.84,-0.78,-0.76,-0.79,-0.76,-0.79,-0.66,-0.62,-0.54,-0.43,-0.51,-0.61,-0.29,-0.57,-0.59,-0.33,-0.23,-0.38,-0.37,-0.41,-0.41,-0.29,-0.28,-0.41,-0.26,-0.26,-0.11,-0.22,-0.26,-0.27,-0.39,-0.39,-0.27,-0.43,-0.47,-0.36,-0.58,-0.48,-0.71,-0.66,-0.53,-0.68,-0.81,-0.69,-0.66,-0.59,-0.66,-0.68,-0.74,-0.74,-0.84,-0.63,-0.58,-0.71,-0.68,-0.53,-0.56,-0.74,-0.83,-0.74,-0.58,-0.81,-0.72,-0.87,-0.37,-0.66,-0.56,-0.71,-0.69,-0.61,-0.63,-0.66,-0.78,-0.81,-0.67,-0.68,-0.82,-0.86,-0.78,-0.79,-0.91,-0.91,-0.69,-1.02,-0.64,-1.11,-0.88,-0.92,-0.86,-0.87,-0.92,-0.99,-0.84,-0.87,-0.81,-0.79,-0.87,-0.79,-0.81,-0.73,-0.67,-0.64,-0.63,-0.68,-0.69,-0.41,-0.54,-0.56,-0.56,-0.72,-0.77,-0.82,-0.82,-0.91,-1.06,-0.76,-1.07,-0.74,-0.78,-0.66,-0.66,-0.77,-0.87,-0.81,-0.69,-0.78,-0.96,-0.87,-0.56,-0.81,-0.82,-0.83,-0.93,-0.86,-0.72,-0.92,-0.93,-1.24,-1.01,-1.02,-0.87,-0.76,-0.83,-0.96,-1.03,-1.17,-1.01,-0.93,-1.11,-1.04,-1.18,-1.19,-1.21,-1.18,-1.11,-1.19,-1.11,-0.94,-1.11
-0.38,-0.66,-0.62,-0.67,-0.77,-0.51,-0.83,-0.64,-0.47,-0.44,-0.48,-0.51,-0.37,-0.23,-0.44,-0.62,-0.44,-0.18,-0.34,-0.33,-0.39,-0.43,-0.34,-0.27,-0.49,-0.39,-0.47,-0.36,-0.34,-0.44,-0.41,-0.38,-0.52,-0.51,-0.96,-0.51,-0.81,-0.69,-0.67,-0.67,-0.66,-0.73,-0.88,-0.93,-0.89,-0.81,-0.64,-0.61,-0.71,-0.66,-0.72,-0.87,-0.71,-0.58,-0.63,-0.67,-0.63,-0.56,-0.58,-0.53,-0.92,-0.56,-0.72,-0.69,-1.18,-0.44,-0.73,-0.52,-0.87,-0.72,-0.67,-0.79,-0.84,-0.82,-0.72,-0.67,-0.68,-0.79,-0.98,-0.96,-0.91,-0.66,-0.91,-0.49,-0.72,-0.88,-1.24,-0.94,-1.01,-0.74,-1.08,-1.14,-1.18,-0.87,-0.84,-0.88,-0.89,-0.83,-0.76,-0.77,-0.66,-0.69,-0.68,-0.81,-0.77,-0.74,-0.34,-0.54,-0.56,-0.72,-0.82,-0.78,-0.92,-0.99,-0.94,-0.81,-0.74,-0.88,-0.62,-0.71,-0.82,-0.63,-0.73,-0.87,-0.68,-0.57,-0.78,-0.88,-0.87,-0.56,-0.66,-0.93,-1.03,-0.99,-0.97,-1.07,-1.17,-1.21,-1.31,-1.17,-1.06,-1.07,-1.02,-0.97,-1.08,-1.13,-1.11,-0.87,-0.92,-1.12,-1.13,-1.16,-1.03,-1.16,-1.22,-1.04,-0.87,-1.07,-0.81,-1.03
-0.33,-0.48,-0.46,-0.47,-0.69,-0.47,-0.46,-0.36,-0.27,-0.28,-0.34,-0.49,-0.24,-0.18,-0.28,-0.36,-0.26,-0.29,-0.39,-0.39,-0.36,-0.42,-0.46,-0.37,-0.27,-0.21,-0.33,-0.46,-0.38,-0.32,-0.38,-0.42,-0.43,-0.49,-0.46,-0.21,-0.42,-0.58,-0.49,-0.62,-0.78,-0.81,-0.81,-0.77,-0.82,-0.83,-0.59,-0.62,-0.76,-0.61,-0.69,-0.82,-0.79,-0.74,-0.66,-0.62,-0.79,-0.78,-0.66,-0.73,-1.09,-0.81,-0.52,-0.63,-0.74,-0.33,-0.58,-0.47,-0.49,-0.66,-0.58,-0.64,-0.59,-0.63,-0.83,-0.84,-0.78,-0.73,-0.69,-0.78,-0.67,-0.69,-0.83,-0.61,-0.53,-0.94,-1.30,-0.97,-0.81,-1.01,-0.97,-1.04,-0.98,-0.86,-0.79,-0.76,-0.77,-0.83,-0.76,-0.68,-0.71,-0.79,-0.82,-0.83,-0.74,-0.68,-0.29,-0.51,-0.49,-0.68,-0.73,-0.79,-0.92,-0.76,-0.64,-0.73,-0.64,-0.64,-0.61,-0.47,-0.41,-0.66,-0.77,-0.94,-0.83,-0.77,-0.82,-0.79,-0.73,-0.62,-0.42,-0.78,-0.88,-0.91,-0.82,-0.79,-0.91,-0.78,-0.92,-0.68,-0.97,-0.89,-0.71,-0.74,-1.03,-0.96,-0.92,-0.83,-0.96,-1.16,-1.17,-1.04,-0.96,-0.98,-0.91,-0.79,-0.82,-1.07,-1.07,-1.11
-0.54,-0.63,-0.67,-0.62,-0.76,-0.79,-0.62,-0.51,-0.52,-0.44,-0.24,-0.34,-0.26,-0.28,-0.28,-0.20,-0.10,-0.32,-0.34,-0.51,-0.46,-0.44,-0.57,-0.41,-0.20,-0.21,-0.20,-0.22,-0.24,-0.17,-0.12,-0.20,-0.17,-0.21,-0.27,-0.26,-0.34,-0.47,-0.48,-0.58,-0.73,-0.69,-0.62,-0.63,-0.54,-0.48,-0.52,-0.61,-0.59,-0.67,-0.79,-0.73,-0.64,-0.68,-0.58,-0.52,-0.63,-0.56,-0.66,-0.48,-0.59,-0.57,-0.17,-0.77,-0.72,-0.36,-0.52,-0.42,-0.43,-0.64,-0.53,-0.64,-0.77,-0.78,-0.83,-0.76,-0.67,-0.63,-0.68,-0.69,-0.73,-0.47,-0.69,-0.63,-0.71,-0.64,-0.91,-0.59,-0.54,-1.02,-0.94,-0.69,-0.74,-0.52,-0.43,-0.56,-0.84,-0.89,-0.68,-0.64,-0.71,-0.69,-0.62,-0.66,-0.51,-0.57,-0.37,-0.53,-0.38,-0.58,-0.69,-0.78,-0.76,-0.69,-0.74,-0.59,-0.43,-0.64,-0.34,-0.73,-0.61,-0.63,-0.81,-0.79,-0.71,-0.66,-0.68,-0.74,-0.69,-0.71,-0.53,-0.51,-0.63,-0.72,-0.66,-0.71,-0.87,-0.87,-0.91,-0.54,-0.64,-0.47,-0.49,-0.59,-0.57,-0.62,-0.84,-0.83,-0.98,-1.04,-0.93,-0.88,-0.86,-0.94,-0.84,-0.79,-0.94,-0.96,-1.01,-0.93
-0.76,-0.76,-0.73,-0.64,-0.69,-0.57,-0.43,-0.61,-0.61,-0.38,-0.39,-0.32,-0.23,-0.27,-0.29,-0.22,-0.11,-0.23,-0.26,-0.44,-0.54,-0.41,-0.31,-0.38,-0.03,0.10,-0.24,0.07,0.13,-0.08,-0.08,0.00,-0.11,-0.10,-0.27,-0.29,-0.44,-0.51,-0.53,-0.54,-0.52,-0.51,-0.64,-0.73,-0.56,-0.34,-0.51,-0.43,-0.34,-0.54,-0.64,-0.42,-0.31,-0.46,-0.56,-0.58,-0.74,-0.79,-0.91,-0.51,-0.68,-0.57,-0.20,-0.64,-0.69,-0.57,-0.77,-0.66,-0.59,-0.44,-0.43,-0.44,-0.53,-0.72,-0.84,-0.69,-0.57,-0.84,-0.78,-0.51,-0.69,-0.58,-0.78,-0.51,-0.67,-0.67,-0.92,-0.52,-0.41,-0.63,-0.56,-0.41,-0.63,-0.51,-0.68,-0.68,-0.51,-0.61,-0.79,-0.83,-0.69,-0.52,-0.61,-0.69,-0.33,-0.68,-0.53,-0.62,-0.36,-0.57,-0.71,-0.77,-0.67,-0.69,-0.79,-0.73,-0.62,-0.66,-0.54,-0.49,-0.46,-0.77,-0.96,-1.04,-0.81,-0.51,-0.48,-0.59,-0.63,-0.73,-0.74,-0.38,-0.57,-0.62,-0.69,-0.87,-0.94,-0.91,-1.02,-0.66,-0.74,-0.72,-0.64,-0.66,-0.64,-0.21,-0.94,-1.02,-1.04,-0.94,-0.77,-0.82,-0.82,-1.06,-0.94,-0.86,-0.92,-0.91,-0.87,-0.86
-0.78,-0.62,-0.41,-0.46,-0.72,-0.37,-0.48,-0.59,-0.56,-0.37,-0.38,-0.34,-0.21,-0.18,-0.29,-0.34,0.07,-0.20,-0.44,-0.24,-0.18,-0.44,-0.36,-0.38,-0.39,-0.17,-0.26,-0.03,-0.01,-0.27,-0.33,-0.12,-0.13,-0.12,-0.29,-0.28,-0.39,-0.51,-0.51,-0.51,-0.47,-0.36,-0.57,-0.47,-0.49,-0.66,-0.46,-0.44,-0.15,-0.39,-0.66,-0.73,-0.72,-0.67,-0.53,-0.43,-0.61,-0.54,-0.56,-0.56,-0.48,-0.89,-0.56,-1.08,-0.68,-0.48,-0.61,-0.49,-0.64,-0.49,-0.49,-0.59,-0.56,-0.72,-0.98,-0.87,-0.62,-0.67,-0.54,-0.74,-0.96,-0.51,-0.71,-0.02,-0.63,-0.87,-0.74,-0.82,-0.79,-0.98,-0.73,-0.77,-0.78,-0.64,-0.71,-0.46,-0.43,-0.43,-0.37,-0.54,-0.53,-0.44,-0.42,-0.63,-0.33,-0.91,-0.48,-0.62,-0.51,-0.47,-0.67,-0.79,-0.78,-0.77,-0.83,-0.74,-0.61,-0.67,-0.72,-0.71,-0.63,-0.71,-0.88,-0.71,-0.78,-0.73,-0.51,-0.42,-0.38,-0.22,-0.43,-0.23,-0.51,-0.61,-0.76,-0.91,-0.91,-0.86,-0.82,-0.66,-0.68,-0.74,-0.53,-0.58,-0.88,-0.89,-0.91,-0.63,-0.91,-1.02,-0.93,-0.86,-0.91,-1.14,-0.98,-0.86,-0.87,-0.79,-0.58,-0.61
-0.57,-0.59,-0.56,-0.53,-0.71,-0.59,-0.48,-0.52,-0.51,-0.34,-0.32,-0.32,-0.24,-0.18,-0.28,-0.48,-0.07,-0.22,-0.37,-0.38,-0.26,-0.16,-0.23,-0.56,-0.11,-0.01,-0.13,-0.07,-0.07,-0.21,-0.20,-0.13,-0.12,-0.15,-0.28,-0.27,-0.32,-0.38,-0.44,-0.53,-0.44,-0.24,-0.49,-0.58,-0.76,-0.43,-0.61,-0.69,-0.62,-0.68,-0.86,-0.77,-0.67,-0.67,-0.57,-0.53,-0.61,-0.56,-0.71,-0.73,-0.66,-0.78,-0.56,-0.96,-0.94,-0.72,-0.58,-0.49,-0.82,-0.67,-0.54,-0.68,-0.54,-0.47,-0.74,-0.76,-0.61,-0.64,-0.58,-0.56,-0.68,-0.43,-0.73,-0.36,-0.51,-0.83,-0.91,-0.82,-0.59,-0.87,-0.68,-0.67,-0.63,-0.64,-0.57,-0.69,-0.88,-0.67,-0.64,-0.89,-0.81,-0.58,-0.64,-0.77,-0.36,-0.64,-0.83,-0.67,-0.67,-0.43,-0.74,-0.87,-0.79,-0.92,-0.82,-0.64,-0.69,-0.77,-0.62,-0.82,-0.89,-0.64,-0.84,-0.54,-0.54,-0.54,-0.39,-0.38,-0.44,-0.17,-0.66,-0.33,-0.36,-0.59,-0.72,-0.79,-0.84,-0.82,-0.67,-0.56,-0.58,-0.81,-0.56,-0.57,-0.74,-0.77,-0.81,-0.94,-0.87,-0.84,-0.87,-0.88,-0.92,-1.11,-0.91,-0.77,-0.71,-0.62,-0.54,-0.88
-0.61,-0.53,-0.56,-0.67,-0.68,-0.64,-0.52,-0.41,-0.43,-0.24,-0.32,-0.28,-0.23,-0.17,-0.11,-0.23,0.23,-0.12,-0.01,0.03,-0.11,-0.08,-0.03,-0.29,-0.12,-0.11,-0.08,0.00,0.04,-0.08,-0.12,-0.03,-0.12,-0.07,-0.15,-0.26,-0.31,-0.32,-0.23,-0.32,-0.52,-0.12,-0.29,-0.38,-0.51,-0.51,-0.24,-0.28,-0.27,-0.27,-0.33,-0.42,-0.46,-0.54,-0.59,-0.37,-0.43,-0.33,-0.33,-0.67,-0.51,-0.54,-0.46,-0.71,-0.62,-0.49,-0.46,-0.41,-0.57,-0.56,-0.49,-0.56,-0.43,-0.46,-0.67,-0.62,-0.61,-0.67,-0.61,-0.48,-0.79,-0.53,-0.91,-0.68,-0.49,-0.77,-0.92,-0.82,-0.53,-0.71,-0.61,-0.73,-0.82,-0.64,-0.59,-0.51,-0.57,-0.63,-0.77,-0.79,-0.53,-0.44,-0.47,-0.58,-0.57,-0.94,-0.76,-0.66,-0.49,-0.33,-0.69,-0.54,-0.74,-0.69,-0.53,-0.62,-0.82,-0.76,-0.53,-0.71,-0.68,-0.22,-0.67,-0.31,-0.32,-0.39,-0.41,-0.32,-0.22,-0.36,-0.46,-0.27,-0.54,-0.63,-0.73,-0.73,-0.71,-0.74,-0.68,-0.52,-0.61,-0.78,-0.68,-0.61,-0.64,-0.74,-0.48,-0.94,-0.79,-0.77,-0.88,-0.92,-0.69,-0.88,-0.76,-0.57,-0.51,-0.59,-0.81,-1.11
-0.54,-0.58,-0.54,-0.69,-0.48,-0.42,-0.44,-0.41,-0.20,-0.24,-0.15,-0.13,-0.06,-0.07,-0.27,-0.16,0.02,-0.16,-0.02,0.05,-0.12,-0.08,-0.11,-0.32,-0.22,-0.26,-0.16,0.02,0.09,-0.11,-0.31,-0.08,-0.10,-0.06,0.02,-0.21,-0.34,-0.33,-0.20,-0.16,-0.51,-0.23,-0.26,-0.33,-0.38,-0.38,-0.21,-0.22,-0.24,-0.31,-0.36,-0.39,-0.41,-0.37,-0.54,-0.33,-0.46,-0.36,-0.43,-0.64,-0.47,-0.28,-0.43,-0.58,-0.34,-0.46,-0.38,-0.43,-0.42,-0.44,-0.46,-0.49,-0.46,-0.59,-0.81,-0.67,-0.56,-0.69,-0.63,-0.66,-0.81,-0.56,-0.93,-0.56,-0.51,-0.62,-0.79,-0.57,-0.49,-0.51,-0.51,-0.49,-0.67,-0.59,-0.44,-0.38,-0.38,-0.36,-0.49,-0.56,-0.43,-0.48,-0.47,-0.34,-0.39,-0.49,-0.57,-0.47,-0.54,-0.56,-0.79,-0.17,-0.33,-0.26,-0.33,-0.48,-0.56,-0.56,-0.41,-0.53,-0.36,-0.15,-0.62,-0.21,-0.23,-0.28,-0.31,-0.24,-0.17,-0.23,-0.32,-0.28,-0.28,-0.56,-0.58,-0.39,-0.43,-0.59,-0.56,-0.58,-0.53,-0.54,-0.53,-0.49,-0.66,-0.82,-0.64,-0.77,-0.74,-0.81,-0.71,-0.53,-0.68,-0.61,-0.49,-0.46,-0.52,-0.68,-0.97,-1.08
-0.47,-0.57,-0.44,-0.53,-0.31,-0.27,-0.29,-0.24,-0.17,0.25,-0.07,-0.06,-0.08,-0.17,-0.13,0.02,-0.03,-0.08,-0.06,-0.01,-0.11,-0.17,-0.06,-0.36,-0.39,-0.37,-0.23,0.00,0.14,-0.01,-0.13,0.00,-0.10,-0.24,-0.32,-0.22,-0.10,-0.18,-0.39,-0.46,-0.47,-0.18,-0.39,-0.38,-0.37,-0.32,-0.18,-0.22,-0.27,-0.33,-0.37,-0.39,-0.38,-0.24,-0.43,-0.38,-0.56,-0.59,-0.61,-0.54,-0.61,-0.33,-0.49,-0.47,-0.51,-0.61,-0.46,-0.38,-0.42,-0.43,-0.41,-0.49,-0.57,-0.66,-0.87,-0.69,-0.34,-0.58,-0.68,-0.68,-0.63,-0.39,-0.66,-0.53,-0.36,-0.57,-0.67,-0.41,-0.43,-0.53,-0.41,-0.54,-0.48,-0.36,-0.29,-0.29,-0.32,-0.37,-0.46,-0.46,-0.36,-0.38,-0.42,-0.34,-0.48,-0.49,-0.66,-0.39,-0.58,-0.41,-0.79,-0.48,-0.28,-0.22,-0.39,-0.27,-0.34,-0.38,-0.16,-0.34,-0.24,-0.28,-0.53,-0.29,-0.34,-0.41,-0.44,-0.34,-0.26,-0.29,-0.26,-0.48,-0.33,-0.33,-0.43,-0.34,-0.42,-0.43,-0.37,-0.46,-0.18,-0.39,-0.31,-0.43,-0.69,-0.86,-0.77,-0.84,-0.72,-0.66,-0.44,-0.43,-0.73,-0.47,-0.47,-0.56,-0.54,-0.62,-0.84,-1.07
-0.43,-0.47,-0.21,-0.37,-0.38,-0.38,-0.37,-0.33,-0.15,-0.32,-0.38,-0.17,0.00,-0.06,-0.10,0.11,0.05,-0.01,-0.05,-0.06,-0.06,-0.18,-0.07,-0.23,-0.42,-0.36,-0.20,0.02,0.28,0.26,-0.05,-0.13,-0.39,-0.34,-0.08,-0.15,-0.26,-0.23,-0.20,-0.21,-0.46,-0.07,-0.31,-0.21,-0.41,-0.27,-0.20,-0.24,-0.34,-0.32,-0.29,-0.38,-0.31,-0.13,-0.41,-0.28,-0.57,-0.53,-0.47,-0.51,-0.33,-0.33,-0.44,-0.32,-0.64,-0.43,-0.46,-0.23,-0.36,-0.38,-0.28,-0.43,-0.52,-0.59,-0.73,-0.47,-0.20,-0.41,-0.57,-0.54,-0.66,-0.31,-0.36,-0.56,-0.24,-0.72,-0.66,-0.47,-0.36,-0.67,-0.39,-0.63,-0.31,-0.20,-0.34,-0.31,-0.31,-0.29,-0.37,-0.41,-0.29,-0.38,-0.54,-0.42,-0.44,-0.52,-0.44,-0.38,-0.53,-0.29,-0.54,-0.28,-0.54,-0.17,-0.36,-0.41,-0.37,-0.37,-0.34,-0.39,-0.23,-0.21,-0.41,-0.41,-0.46,-0.48,-0.42,-0.36,-0.34,-0.27,-0.28,-0.33,-0.24,-0.46,-0.42,-0.21,-0.39,-0.46,-0.32,-0.31,-0.18,-0.58,-0.56,-0.54,-0.67,-0.77,-0.76,-0.81,-0.58,-0.62,-0.61,-0.61,-0.68,-0.53,-0.39,-0.48,-0.56,-0.66,-0.83,-0.96
-0.34,-0.29,-0.15,-0.43,-0.46,-0.26,-0.08,-0.12,-0.36,-0.15,-0.12,-0.15,-0.08,0.04,0.00,0.11,0.11,0.08,0.04,0.03,0.03,-0.01,-0.11,-0.07,-0.05,-0.05,-0.10,-0.12,0.08,-0.08,0.00,-0.17,-0.02,-0.23,-0.26,-0.15,-0.17,-0.17,-0.07,-0.33,-0.57,-0.15,-0.33,-0.26,-0.38,-0.23,-0.11,-0.18,-0.26,-0.26,-0.26,-0.36,-0.34,-0.13,-0.52,-0.17,-0.63,-0.23,-0.28,-0.51,-0.10,-0.23,-0.36,-0.38,-0.62,-0.37,-0.41,-0.31,-0.49,-0.43,-0.34,-0.43,-0.44,-0.51,-0.51,-0.41,-0.36,-0.53,-0.57,-0.64,-0.61,-0.43,-0.37,-0.37,-0.42,-0.79,-0.78,-0.46,-0.42,-0.53,-0.52,-0.44,-0.26,-0.22,-0.41,-0.44,-0.38,-0.27,-0.36,-0.44,-0.31,-0.33,-0.63,-0.59,-0.36,-0.51,-0.47,-0.57,-0.62,-0.33,-0.69,-0.32,-0.57,-0.42,-0.58,-0.58,-0.52,-0.31,-0.31,-0.66,-0.53,-0.48,-0.51,-0.47,-0.38,-0.38,-0.24,-0.37,-0.34,-0.17,-0.22,-0.13,-0.24,-0.39,-0.24,-0.22,-0.38,-0.51,-0.47,-0.32,-0.34,-0.47,-0.58,-0.52,-0.59,-0.72,-0.73,-0.71,-0.46,-0.64,-0.58,-0.52,-0.63,-0.66,-0.49,-0.57,-0.73,-0.78,-0.76,-0.77
-0.15,0.13,-0.26,-0.07,-0.08,-0.27,-0.29,0.03,0.07,0.26,0.10,-0.03,0.02,0.07,0.14,0.19,0.15,0.20,0.28,0.25,0.15,0.26,0.23,0.16,0.23,0.10,-0.01,0.11,-0.02,0.18,-0.11,-0.16,-0.31,-0.05,0.00,-0.08,-0.13,-0.24,-0.33,-0.39,-0.47,-0.24,-0.17,-0.20,-0.34,-0.36,-0.18,-0.11,-0.13,-0.16,-0.22,-0.24,-0.24,-0.20,-0.49,-0.21,-0.64,-0.20,-0.24,-0.22,-0.44,-0.66,-0.56,-0.59,-0.67,-0.58,-0.46,-0.27,-0.31,-0.33,-0.34,-0.44,-0.47,-0.46,-0.56,-0.69,-0.62,-0.63,-0.68,-0.78,-0.63,-0.51,-0.38,-0.41,-0.68,-0.62,-0.86,-0.37,-0.52,-0.26,-0.48,-0.37,-0.39,-0.24,-0.27,-0.44,-0.38,-0.32,-0.38,-0.41,-0.28,-0.22,-0.49,-0.52,-0.24,-0.39,-0.43,-0.71,-0.47,-0.47,-0.53,-0.18,-0.52,-0.29,-0.58,-0.61,-0.52,-0.48,-0.44,-0.34,-0.16,-0.05,-0.31,-0.39,-0.22,-0.29,-0.16,-0.34,-0.24,-0.11,-0.18,-0.11,-0.22,-0.26,-0.31,-0.29,-0.32,-0.28,-0.23,-0.18,-0.15,-0.39,-0.37,-0.21,-0.46,-0.69,-0.71,-0.69,-0.48,-0.57,-0.43,-0.43,-0.57,-0.64,-0.48,-0.66,-0.53,-0.51,-0.67,-0.71
0.24,0.23,0.03,0.07,0.03,-0.08,-0.12,0.16,0.24,0.63,0.45,0.19,0.25,0.25,0.41,0.52,0.44,0.51,0.62,0.37,0.28,0.51,0.57,0.37,0.32,0.28,0.13,0.15,0.31,0.45,0.40,0.30,0.04,0.15,0.16,0.18,0.29,0.23,0.00,-0.05,0.15,0.03,0.30,0.21,0.02,-0.13,0.03,0.14,0.16,0.18,0.04,0.04,0.15,0.00,-0.08,-0.01,-0.24,0.05,-0.12,0.10,-0.03,-0.42,-0.26,-0.33,-0.37,-0.20,-0.06,-0.10,-0.17,-0.24,-0.20,-0.03,-0.08,-0.12,-0.05,-0.11,-0.18,-0.13,-0.11,-0.18,-0.36,-0.24,-0.28,-0.32,-0.18,-0.26,-0.37,-0.12,-0.37,-0.22,-0.18,-0.23,-0.36,-0.17,-0.03,-0.16,-0.10,-0.13,-0.23,-0.23,-0.17,-0.10,-0.18,-0.28,-0.06,-0.16,-0.11,-0.20,-0.02,-0.24,-0.10,-0.03,-0.34,-0.20,-0.24,-0.01,-0.08,-0.16,-0.12,-0.06,0.08,-0.16,-0.03,-0.02,-0.03,-0.13,0.11,-0.01,0.02,0.07,-0.05,-0.07,-0.05,0.05,-0.20,-0.17,-0.18,-0.06,-0.05,-0.11,-0.06,-0.27,0.08,-0.03,-0.33,-0.53,-0.52,-0.42,-0.56,-0.41,-0.38,-0.42,-0.51,-0.49,-0.22,-0.56,-0.34,-0.27,-0.34,-0.34
0.95,0.82,0.74,0.56,0.49,0.44,0.36,0.52,0.49,0.80,0.74,0.44,0.41,0.67,0.80,0.99,0.95,0.84,0.78,0.67,0.55,0.72,0.80,0.87,0.93,0.87,0.74,0.76,0.77,1.09,0.82,0.66,0.56,0.73,0.71,0.66,0.80,0.84,0.62,0.57,0.71,0.65,0.73,0.74,0.62,0.53,0.71,0.76,0.73,0.79,0.58,0.55,0.52,0.49,0.57,0.79,0.40,0.82,0.49,0.82,1.06,0.46,0.46,0.40,0.25,0.37,0.46,0.46,0.49,0.30,0.28,0.58,0.58,0.44,0.56,0.57,0.55,0.25,0.41,0.60,0.14,0.15,0.41,0.36,0.32,0.03,0.09,0.00,-0.06,0.21,0.16,0.19,0.07,0.10,0.24,0.21,0.32,0.36,0.19,0.13,0.16,0.24,0.23,0.15,0.24,0.13,0.25,0.47,0.61,0.32,0.21,0.23,0.29,0.13,0.16,0.32,0.35,0.25,0.24,0.39,0.41,0.20,0.19,0.18,0.21,0.09,0.34,0.40,0.46,0.40,0.29,0.30,0.19,0.51,0.25,0.23,0.18,0.24,0.20,0.23,0.35,0.18,0.15,0.09,-0.10,-0.15,-0.07,-0.05,-0.21,-0.23,-0.23,-0.28,-0.33,-0.28,-0.03,-0.34,-0.27,-0.16,-0.17,-0.26
1.46,0.79,0.72,0.61,0.62,0.68,0.62,0.72,0.69,0.90,0.90,0.67,0.60,0.99,1.20,1.29,1.09,0.80,0.79,0.87,1.00,1.14,0.96,1.07,1.31,1.40,1.27,1.18,1.11,1.23,1.23,1.03,0.99,1.21,1.18,1.05,1.21,1.39,1.03,1.04,1.04,1.06,1.03,1.07,1.09,1.04,1.16,1.22,1.12,1.12,1.07,0.85,0.84,0.99,1.01,1.06,0.83,0.80,1.09,1.22,1.54,1.11,1.01,1.04,1.00,0.78,0.72,0.74,0.73,0.77,0.84,1.01,1.11,0.98,0.85,0.94,0.95,0.68,0.79,0.92,1.15,1.11,1.01,0.74,0.96,0.89,0.68,0.76,0.74,0.82,0.76,0.76,0.60,0.84,0.72,0.79,0.89,0.98,0.80,0.67,0.76,0.82,0.83,0.77,0.56,0.55,0.63,0.79,1.09,0.74,0.52,0.74,0.85,0.69,0.68,0.61,0.62,0.66,0.74,0.84,0.84,0.77,0.78,0.63,0.61,0.60,0.79,0.93,0.98,0.71,0.62,0.71,0.51,0.80,0.65,0.61,0.56,0.61,0.55,0.55,0.61,0.46,0.24,0.36,0.23,0.30,0.45,0.41,0.30,0.09,0.04,0.09,0.08,0.08,0.10,-0.06,-0.01,0.05,0.05,0.08
1.10,0.87,0.78,0.78,0.83,0.82,0.77,0.93,0.92,1.07,1.10,0.90,0.95,1.16,1.28,1.36,1.22,1.05,1.09,1.23,1.01,1.20,1.31,1.17,1.26,1.45,1.37,1.31,1.21,1.46,1.40,1.31,1.22,1.29,1.34,1.31,1.46,1.66,1.27,1.20,1.25,1.14,1.28,1.21,1.29,1.37,1.51,1.42,1.21,1.39,1.14,0.95,1.21,1.32,1.05,1.09,1.43,1.16,1.36,1.57,1.61,1.26,1.03,1.15,1.04,0.98,1.00,1.07,1.20,1.11,1.06,1.20,1.25,1.16,1.01,1.14,1.11,0.96,1.04,1.29,1.14,1.29,1.34,1.11,1.33,1.32,1.04,1.29,1.14,1.72,1.27,1.29,1.14,1.39,1.39,1.25,1.32,1.34,1.12,0.93,1.04,1.20,1.29,1.21,0.89,0.98,1.04,0.96,1.25,1.00,0.87,1.14,1.03,0.95,0.83,0.98,0.95,0.87,0.93,1.09,1.15,1.12,1.27,0.95,1.00,0.96,0.87,1.10,1.22,1.10,0.96,0.95,1.00,0.96,0.79,0.90,0.94,0.96,0.92,0.92,0.90,0.80,0.84,0.85,0.71,0.88,0.85,0.61,0.69,0.67,0.57,0.45,0.45,0.52,0.60,0.32,0.50,0.47,0.47,0.57
1.18,1.25,1.10,1.12,1.12,0.99,1.03,1.36,1.22,1.27,1.31,1.16,1.21,1.34,1.32,1.40,1.51,1.50,1.43,1.22,1.28,1.25,1.48,1.46,1.48,1.62,1.38,1.48,1.48,1.61,1.53,1.66,1.65,1.62,1.61,1.64,1.68,1.56,1.46,1.40,1.40,1.31,1.56,1.49,1.55,1.51,1.48,1.46,1.21,1.21,1.43,1.10,1.07,0.94,0.89,1.12,1.18,1.37,1.25,1.38,1.54,1.61,1.55,1.42,1.16,1.12,1.29,1.31,1.36,1.18,1.05,1.39,1.57,1.43,1.33,1.40,1.51,1.53,1.32,1.17,1.43,1.38,1.39,1.12,1.03,1.18,1.10,1.66,1.53,1.49,1.46,1.40,1.43,1.54,1.42,1.59,1.71,1.59,1.48,1.34,1.43,1.45,1.43,1.42,1.18,1.26,1.33,1.38,1.44,1.54,1.36,1.44,1.40,1.23,1.17,1.31,1.38,1.20,1.23,1.48,1.49,1.39,1.43,1.53,1.32,1.25,1.21,1.43,1.36,1.44,1.44,1.36,1.37,1.34,1.18,1.26,1.39,1.31,1.37,1.42,1.36,1.28,1.29,1.27,1.09,1.12,1.12,1.06,0.95,0.76,0.93,1.09,0.96,0.90,1.16,0.99,0.93,0.95,0.98,1.09
1.61,1.64,1.51,1.49,1.43,1.17,1.31,1.72,1.39,1.32,1.50,1.43,1.57,1.68,1.90,2.05,2.06,2.08,2.19,1.72,1.87,1.90,1.90,1.82,1.80,1.88,1.66,2.00,2.23,2.25,2.03,2.23,2.23,2.20,2.25,2.07,1.94,1.73,1.89,1.97,1.93,1.85,2.05,1.85,1.99,2.06,2.03,2.19,2.06,1.88,2.08,2.03,1.97,1.83,1.54,2.14,1.76,1.99,1.97,2.00,2.06,2.31,2.12,2.12,1.94,1.85,2.08,2.20,2.20,2.02,1.82,2.01,2.18,2.19,2.22,1.97,2.25,2.14,1.95,2.07,2.00,2.05,2.03,1.80,1.77,1.90,2.18,2.58,2.20,2.36,1.87,2.00,2.12,2.14,2.18,2.30,2.08,2.24,2.34,2.08,2.08,2.10,2.11,1.94,1.59,1.85,2.01,2.22,2.24,2.24,2.13,2.18,2.43,2.12,2.05,2.12,2.16,2.02,2.03,2.07,2.06,2.22,2.22,2.03,2.23,1.99,1.91,2.10,2.47,2.41,2.10,1.95,2.07,2.23,1.76,1.65,1.79,1.89,1.88,1.95,1.95,1.82,1.85,1.82,1.59,1.65,1.67,1.54,1.46,1.66,1.49,1.37,1.40,1.56,1.61,1.31,1.36,1.51,1.64,1.76
1.99,1.87,1.85,1.88,1.78,1.56,1.62,1.87,1.76,1.83,2.08,1.89,1.97,2.30,2.24,2.12,2.07,2.12,2.61,2.35,2.38,2.42,2.41,2.43,2.51,2.58,2.43,2.69,2.96,2.98,2.84,2.95,2.90,2.87,2.98,2.73,2.51,2.58,2.89,2.83,2.96,2.77,3.06,3.01,3.20,3.41,3.34,3.31,3.22,3.13,3.16,3.15,3.10,3.09,2.98,3.16,3.13,3.12,2.97,3.27,3.19,3.15,3.20,3.13,3.06,3.08,3.08,3.09,3.18,3.06,2.97,3.08,3.22,3.30,3.22,3.02,3.06,2.83,3.09,3.31,3.18,2.97,3.32,3.02,3.28,3.39,3.35,3.64,3.40,3.77,3.47,3.34,3.54,3.63,3.59,3.52,3.45,3.46,3.34,3.07,3.16,3.20,3.08,2.95,2.82,3.00,3.24,3.24,3.27,2.91,3.03,3.09,3.27,2.98,2.88,3.02,2.90,2.91,2.97,2.85,2.85,2.97,2.91,2.90,2.97,2.73,2.72,3.06,2.89,2.93,2.87,2.61,2.58,2.67,2.57,2.71,2.47,2.52,2.32,2.48,2.57,2.43,2.47,2.30,2.11,2.13,2.12,2.08,2.03,2.11,2.19,2.02,2.12,2.36,2.43,2.12,2.03,2.12,2.26,2.43
2.32,2.19,2.17,2.18,2.13,2.08,2.13,2.32,2.35,2.41,2.51,2.18,2.23,2.43,2.51,2.47,2.41,2.31,2.58,2.47,2.53,2.69,2.82,2.93,3.02,3.08,2.98,3.09,3.24,3.30,3.38,3.37,3.46,3.59,3.58,3.65,3.64,3.63,3.59,3.60,3.65,3.46,3.57,3.57,3.65,3.70,3.51,3.58,3.68,3.38,3.46,3.32,3.16,3.32,3.16,3.27,3.41,3.33,3.40,3.54,3.54,3.28,3.31,3.31,3.20,3.15,3.26,3.30,3.18,3.14,3.18,3.26,3.33,3.35,3.25,3.33,3.24,3.10,3.18,3.39,3.34,3.35,3.45,3.26,3.35,3.32,3.12,3.41,3.30,3.39,3.47,3.26,3.43,3.70,3.68,3.73,3.49,3.47,3.34,3.49,3.52,3.44,3.59,3.54,3.45,3.63,3.58,3.43,3.45,3.27,3.40,3.33,3.21,3.04,3.04,3.21,3.14,3.26,3.34,3.27,3.24,3.21,3.26,3.38,3.18,3.03,3.13,3.21,3.18,3.13,2.98,2.87,2.82,2.88,3.06,2.78,2.83,2.88,2.84,2.91,2.95,2.89,2.78,2.52,2.25,2.24,2.41,2.48,2.41,2.42,2.59,2.36,2.36,2.36,2.29,2.14,2.29,2.17,2.26,2.59
2.53,2.49,2.48,2.47,2.20,2.30,2.19,2.41,2.43,2.52,2.82,2.43,2.47,2.47,2.46,2.51,2.53,2.43,2.58,2.47,2.49,2.67,2.84,2.96,3.01,2.97,3.09,3.03,3.22,3.33,3.38,3.27,3.33,3.53,3.53,3.58,3.77,3.64,3.53,3.52,3.70,3.53,3.45,3.35,3.33,3.44,3.37,3.22,3.30,3.30,3.34,3.06,3.00,3.34,3.09,3.22,3.14,3.25,3.32,3.31,3.40,3.25,3.27,3.33,3.15,3.25,3.33,3.19,3.15,3.18,3.21,3.13,3.21,3.21,3.19,3.25,3.26,3.30,3.22,3.33,3.09,3.31,3.27,3.25,3.43,3.35,3.10,3.47,3.66,3.57,3.46,3.30,3.53,3.75,3.64,3.64,3.47,3.52,3.47,3.44,3.47,3.44,3.30,3.38,3.45,3.37,3.44,3.38,3.27,3.14,3.10,3.26,3.20,3.00,2.77,2.98,3.06,3.21,3.24,3.21,3.14,3.09,3.28,3.40,3.09,3.24,3.08,3.21,3.09,3.18,3.14,3.07,3.03,2.88,2.70,2.85,2.87,3.10,3.13,2.94,2.87,2.95,2.90,2.61,2.16,2.30,2.52,2.58,2.54,2.60,2.67,2.48,2.42,2.47,2.57,2.53,2.38,2.54,2.63,2.81
2.28,2.49,2.60,2.54,2.41,2.19,2.02,2.30,2.47,2.45,2.48,2.40,2.37,2.38,2.40,2.47,2.57,2.37,2.61,2.48,2.47,2.53,2.65,2.82,2.91,2.77,3.28,2.93,3.20,3.12,3.12,3.30,3.39,3.38,3.37,3.44,3.41,3.53,3.54,3.47,3.44,3.39,3.46,3.39,3.24,3.28,3.45,3.40,3.10,3.15,3.25,3.15,2.96,3.16,3.09,3.28,3.22,3.33,3.21,3.22,3.19,3.13,3.16,3.16,3.15,3.26,3.22,3.13,3.13,3.12,3.14,3.13,3.16,3.13,3.02,3.07,3.24,3.16,3.22,3.21,3.13,3.21,3.38,3.12,3.60,3.10,3.04,3.18,3.45,3.49,3.33,3.18,3.47,3.39,3.40,3.50,3.44,3.53,3.41,3.37,3.47,3.43,3.33,3.27,3.22,3.39,3.59,3.46,3.45,3.33,3.27,3.25,3.10,3.13,3.00,3.04,3.13,3.31,3.22,3.15,3.07,3.06,3.31,3.30,3.07,3.25,3.09,3.10,3.12,3.12,3.15,3.12,3.04,2.93,2.76,2.75,2.98,3.03,2.96,2.93,3.10,3.18,3.01,2.66,2.53,2.55,2.52,2.52,2.57,2.64,2.61,2.41,2.31,2.29,2.32,2.46,2.47,2.45,2.54,2.75
2.35,2.32,2.28,2.30,2.11,2.23,2.19,2.19,2.24,2.31,2.36,2.34,2.30,2.26,2.34,2.43,2.43,2.46,2.58,2.58,2.54,2.48,2.59,2.83,2.94,2.91,3.09,3.04,3.34,3.22,3.12,3.09,3.10,3.19,3.16,3.38,3.52,3.64,3.56,3.50,3.21,3.43,3.64,3.63,3.45,3.26,3.31,3.34,3.18,3.25,3.10,3.35,2.91,3.04,3.37,3.32,3.13,3.13,3.09,3.21,3.12,3.07,3.15,3.24,3.20,3.22,3.21,3.08,3.04,3.09,3.08,3.14,3.12,3.02,2.87,2.97,3.15,3.15,3.16,3.25,3.08,3.13,3.14,3.16,3.33,3.09,3.15,3.10,3.24,3.44,3.09,3.04,3.35,3.25,3.25,3.32,3.30,3.46,3.49,3.46,3.45,3.50,3.50,3.38,3.33,3.33,3.25,3.24,3.32,3.18,3.22,3.45,3.20,3.40,3.22,3.10,3.26,3.34,3.24,3.25,3.15,3.14,3.22,3.12,3.09,2.97,3.13,2.97,3.04,2.98,2.97,2.91,2.93,2.95,2.78,2.77,2.89,2.76,2.73,2.90,2.94,2.94,2.91,2.67,2.45,2.78,2.64,2.53,2.54,2.49,2.51,2.37,2.25,2.22,2.30,2.40,2.38,2.42,2.54,2.69
2.25,2.54,2.55,2.42,2.37,2.59,2.42,2.29,2.32,2.43,2.25,2.30,2.35,2.41,2.42,2.32,2.22,2.51,2.57,2.69,2.60,2.49,2.51,2.55,2.73,2.75,2.96,2.98,3.19,3.06,3.12,3.22,3.12,3.19,3.27,3.43,3.34,3.34,3.33,3.19,3.22,3.40,3.46,3.41,3.39,3.33,3.28,3.21,3.16,3.10,3.00,3.10,2.87,2.90,3.38,3.18,3.04,3.04,3.16,3.20,3.09,3.03,3.26,3.38,3.25,3.12,3.07,2.97,2.96,3.04,3.02,3.10,3.18,3.02,2.77,2.98,2.98,3.03,3.13,3.32,3.00,3.01,3.01,3.25,3.16,3.12,3.08,3.13,3.34,3.50,3.09,3.19,3.27,3.30,3.22,3.26,3.35,3.51,3.59,3.44,3.26,3.15,3.21,3.33,3.33,3.39,3.46,3.22,2.97,2.98,2.57,3.02,3.09,2.91,2.90,2.91,3.10,3.21,3.37,3.38,3.28,3.20,3.10,3.09,3.21,2.93,3.24,3.04,3.04,3.02,3.13,3.04,3.09,3.16,2.95,2.87,2.78,3.08,2.79,2.89,2.84,2.77,2.75,2.51,2.41,2.89,2.57,2.46,2.38,2.20,2.40,2.47,2.22,2.25,2.31,2.29,2.40,2.30,2.48,2.65
2.12,2.36,2.53,2.60,2.35,2.40,2.41,2.29,2.24,2.36,2.13,2.28,2.37,2.52,2.47,2.28,2.30,2.35,2.65,2.60,2.54,2.59,2.54,2.47,2.91,2.70,3.03,2.72,3.03,3.15,3.18,3.27,3.15,3.07,3.44,3.37,3.39,3.33,3.44,3.32,3.37,3.47,3.49,3.49,3.40,3.20,3.14,3.18,3.07,3.22,3.28,3.18,3.03,3.01,3.37,3.26,3.07,3.06,3.22,3.28,3.15,3.14,3.28,3.33,3.32,3.21,2.97,2.90,3.07,3.24,3.10,3.09,3.22,3.13,2.95,3.07,3.07,3.04,3.14,3.25,3.16,2.98,3.10,3.06,3.26,3.21,3.16,3.22,3.25,3.46,3.33,3.33,3.28,3.44,3.44,3.45,3.40,3.54,3.56,3.53,3.52,3.44,3.31,3.33,3.52,3.70,3.59,3.28,3.43,3.31,3.26,3.21,3.25,3.38,3.15,3.35,3.12,3.41,3.34,3.41,3.41,3.34,3.28,3.18,3.14,3.14,3.25,3.04,3.15,3.04,3.19,3.09,2.98,3.03,3.00,2.76,2.70,2.88,2.84,3.03,2.93,2.71,2.54,2.38,1.96,2.49,2.40,2.32,2.24,2.11,2.17,2.43,2.13,2.12,2.18,2.22,2.30,2.23,2.38,2.47
1.97,2.18,2.38,2.52,2.35,2.34,2.38,2.29,2.13,2.19,2.10,2.19,2.29,2.31,2.29,2.29,2.59,2.31,2.58,2.53,2.43,2.47,2.51,2.46,2.67,2.63,2.81,2.81,2.96,2.93,2.89,3.08,3.16,3.09,3.10,2.97,3.10,3.12,3.32,3.27,3.38,3.41,3.47,3.50,3.21,2.96,3.14,3.21,2.95,3.16,3.25,3.04,3.02,3.14,3.43,3.24,3.00,3.06,3.18,3.38,3.38,3.25,3.21,3.21,3.19,3.13,3.00,2.89,3.08,3.26,3.13,3.00,3.04,3.07,3.15,3.10,3.19,3.02,3.03,2.97,3.12,2.95,3.10,2.78,2.90,3.09,3.31,3.27,3.26,3.56,3.33,3.31,3.25,3.43,3.52,3.52,3.50,3.53,3.41,3.41,3.43,3.40,3.16,3.13,3.39,3.47,3.43,3.49,3.56,3.34,3.16,3.26,3.30,3.12,2.88,3.28,3.08,3.40,3.26,3.31,3.35,3.15,2.89,2.76,2.73,2.85,2.84,2.67,3.02,2.76,2.95,3.04,2.94,2.98,3.07,2.89,2.72,2.95,2.75,2.75,2.88,2.81,2.63,2.48,2.40,2.37,2.30,2.36,2.36,2.20,2.14,2.36,2.22,2.17,2.22,2.22,2.11,2.30,2.22,2.30
2.07,2.20,2.29,2.41,2.36,2.53,2.42,2.29,2.25,2.22,2.11,2.19,2.26,2.24,2.24,2.37,2.55,2.37,2.47,2.45,2.43,2.42,2.40,2.48,2.57,2.37,2.55,2.69,2.76,2.91,3.06,3.04,3.00,3.02,2.93,3.00,3.12,3.16,3.31,3.26,3.22,3.18,3.22,2.97,2.40,2.31,2.38,2.42,2.17,2.46,2.46,2.38,2.24,2.60,2.67,2.55,2.37,2.45,2.49,2.75,2.84,2.66,2.54,2.61,2.58,2.37,2.31,2.32,2.32,2.36,2.35,2.35,2.37,2.49,2.63,2.45,2.52,2.35,2.51,2.34,2.54,2.67,2.73,2.48,2.14,2.52,2.71,2.73,2.79,3.13,2.93,2.89,2.83,2.96,3.13,3.15,3.24,3.14,3.15,3.02,2.83,2.88,2.84,2.90,2.89,2.83,3.20,3.47,3.28,2.81,2.79,2.90,3.18,2.85,2.57,2.94,2.97,2.91,2.83,2.81,2.90,2.82,2.52,2.42,2.43,2.31,2.22,2.16,2.58,2.41,2.69,2.88,2.87,2.94,3.10,3.00,2.76,2.95,2.77,2.73,2.90,2.93,2.77,2.48,2.43,2.28,2.43,2.38,2.13,1.97,2.23,2.46,2.25,2.03,1.99,2.03,2.08,2.32,2.08,2.25
2.02,2.13,2.19,2.31,2.35,2.53,2.36,2.22,2.30,2.29,2.17,2.42,2.51,2.47,2.41,2.36,2.58,2.52,2.58,2.53,2.47,2.43,2.35,2.60,2.94,2.47,2.54,2.11,2.41,2.83,2.98,3.09,2.96,2.93,2.95,3.09,3.09,3.01,3.14,3.19,3.03,2.87,2.81,2.29,1.39,1.59,1.87,2.03,1.82,2.30,1.90,1.94,1.71,2.02,1.90,1.97,1.89,1.89,1.93,1.95,1.99,1.82,1.68,1.72,1.79,1.62,1.59,1.64,1.51,1.42,1.50,1.64,1.65,1.74,1.83,1.72,1.90,1.74,1.96,1.89,1.87,1.95,2.19,1.94,1.67,1.34,1.39,1.48,1.76,2.12,2.05,2.18,2.17,2.24,2.31,2.37,2.48,2.45,2.38,2.28,2.12,2.16,2.17,2.20,2.18,2.11,2.35,2.70,2.52,2.02,1.90,2.49,2.58,2.00,2.14,2.17,2.00,1.84,2.01,2.08,2.18,2.08,1.84,1.73,1.61,1.44,1.45,1.66,1.90,1.96,2.34,2.58,2.72,2.89,3.01,3.00,2.82,2.67,2.79,2.76,2.76,2.72,2.55,2.26,2.03,2.10,2.20,2.02,1.95,2.10,2.30,2.32,2.24,2.20,2.11,2.05,2.14,2.35,2.20,2.22
2.02,2.11,2.12,2.26,2.34,2.38,2.30,2.18,2.22,2.55,2.23,2.36,2.47,2.49,2.46,2.38,2.29,2.47,2.58,2.61,2.55,2.45,2.36,2.64,2.91,2.51,2.36,2.36,2.54,2.78,2.89,2.89,2.72,2.84,3.08,3.03,3.02,2.97,2.96,3.04,2.93,2.71,2.58,2.05,1.12,1.26,1.60,2.25,1.97,2.19,1.95,2.03,1.82,1.93,1.95,2.07,1.99,2.03,1.97,1.90,1.93,1.68,1.53,1.57,1.51,1.53,1.60,1.64,1.59,1.39,1.51,1.66,1.67,1.68,1.82,1.84,2.00,1.93,2.06,2.14,1.94,1.93,2.48,2.11,2.10,0.80,0.35,0.41,0.89,1.39,1.44,1.59,1.79,1.77,1.74,1.70,1.77,1.88,1.79,1.76,1.70,1.82,1.83,1.79,1.97,1.99,1.94,2.19,2.10,1.79,1.76,2.05,1.95,1.67,1.61,1.67,1.88,1.88,1.80,1.73,1.66,1.60,1.40,1.12,0.89,0.74,0.95,1.22,1.31,1.37,1.91,2.46,2.85,2.97,2.96,3.04,2.85,2.53,2.76,2.72,2.64,2.70,2.67,2.46,2.08,2.08,1.99,2.00,2.08,2.10,2.08,2.23,2.24,2.36,2.18,2.07,2.31,2.41,2.26,2.29
2.18,2.28,2.08,2.35,2.34,2.37,2.34,2.25,2.30,2.71,2.43,2.32,2.51,2.75,2.66,2.18,2.47,2.69,2.87,2.79,2.58,2.52,2.55,2.53,2.61,2.25,2.36,2.32,2.45,2.70,2.90,2.97,2.79,2.96,3.07,2.88,3.00,3.02,2.94,2.90,2.87,2.63,2.35,1.94,1.15,1.03,1.51,2.61,2.45,2.37,2.42,2.52,2.51,2.43,2.41,2.57,2.43,2.35,2.29,2.43,2.43,2.14,2.02,2.06,2.03,2.05,2.08,2.10,2.13,1.97,2.05,2.16,2.31,2.36,2.31,2.36,2.22,2.52,2.77,2.90,2.90,3.21,3.70,3.41,3.25,1.56,0.10,0.15,0.63,1.07,1.43,1.44,1.59,1.54,1.46,1.40,1.50,1.54,1.46,1.39,1.31,1.37,1.46,1.46,1.51,1.53,1.53,1.62,1.72,1.57,1.28,1.54,1.60,1.65,1.11,1.45,1.37,1.44,1.27,1.36,1.45,1.48,1.25,0.95,0.83,0.65,0.69,0.85,1.04,1.36,1.82,2.41,2.84,2.89,2.91,3.00,2.67,2.52,2.65,2.72,2.66,2.64,2.60,2.41,2.06,1.96,1.83,1.87,1.83,1.80,1.99,2.20,2.08,2.06,2.03,2.06,2.20,2.51,2.26,2.35
2.11,2.23,2.11,2.26,2.23,2.23,2.36,2.42,2.24,2.58,2.32,2.24,2.38,2.59,2.63,2.61,2.55,2.51,2.72,2.76,2.53,2.37,2.24,2.25,2.01,1.89,2.05,2.14,2.36,2.63,2.71,2.77,2.61,2.87,2.85,2.88,2.93,2.96,2.90,2.83,2.79,2.60,2.28,1.88,1.05,0.90,1.65,2.97,3.02,3.14,3.31,3.28,3.50,3.35,3.21,3.27,3.21,3.15,3.18,3.31,3.27,3.04,2.85,2.79,2.84,2.96,3.09,3.04,3.01,3.00,3.00,3.04,3.13,3.18,2.91,3.00,2.93,3.12,3.43,3.69,3.83,4.04,4.45,4.28,3.91,2.01,0.18,0.26,0.99,1.39,1.78,1.70,1.56,1.60,1.71,1.77,1.94,1.66,1.66,1.66,1.49,1.55,1.73,1.73,1.59,1.64,1.80,1.94,1.97,1.71,1.66,1.87,1.82,1.56,1.36,1.97,1.67,1.74,1.78,1.95,1.90,1.93,1.73,1.38,1.18,0.84,0.62,0.67,0.94,1.10,1.78,2.34,2.65,2.65,2.73,2.84,2.47,2.43,2.51,2.67,2.60,2.47,2.40,2.31,2.06,1.73,1.34,1.21,0.99,1.04,1.39,1.54,1.99,2.14,2.23,2.24,2.25,2.51,2.17,2.19
2.10,2.24,2.38,2.36,2.38,2.35,2.47,2.64,2.47,2.67,2.43,2.34,2.35,2.40,2.40,2.28,2.63,2.61,2.61,2.54,2.45,2.40,1.87,1.10,1.22,1.04,1.04,1.54,2.18,2.63,2.82,2.87,2.52,2.73,2.73,2.76,2.91,2.97,2.77,2.72,2.73,2.53,2.36,2.00,1.15,0.98,1.70,3.01,2.91,3.01,3.75,3.68,3.70,3.60,3.76,3.62,3.47,3.66,3.77,3.56,3.57,3.53,3.32,3.30,3.24,3.19,3.39,3.52,3.45,3.44,3.39,3.60,3.58,3.38,3.18,3.26,3.28,3.20,3.38,3.77,4.17,4.30,4.54,4.58,4.08,1.91,0.41,0.46,1.57,2.37,2.65,2.57,2.30,2.31,2.52,2.57,2.82,2.65,2.52,2.65,2.57,2.60,2.69,2.66,2.49,2.49,2.72,2.95,2.93,2.69,2.76,2.93,2.77,2.51,2.55,2.97,2.52,2.75,2.78,2.93,2.88,2.71,2.55,2.32,1.88,1.15,0.62,0.89,1.22,1.50,2.06,2.54,2.64,2.61,2.76,2.90,2.65,2.42,2.57,2.52,2.47,2.43,2.38,2.24,1.89,1.45,0.66,0.10,-0.47,-0.52,-0.08,0.18,0.88,1.78,2.06,2.12,2.19,2.23,2.07,2.43
2.10,2.11,2.37,2.12,2.34,2.61,2.61,2.37,2.26,2.70,2.51,2.32,2.38,2.52,2.55,2.67,2.59,2.52,2.65,2.63,2.36,2.13,1.17,-0.46,-0.57,-0.74,-0.57,0.30,1.44,2.40,3.00,3.03,2.66,2.81,2.67,2.63,2.88,2.98,2.76,2.71,2.73,2.55,2.38,2.10,1.28,0.82,1.66,2.88,2.65,2.55,3.71,3.68,3.56,3.54,3.82,3.73,3.50,3.40,3.49,3.39,3.33,3.33,3.22,3.12,3.10,3.21,3.16,3.25,3.49,3.49,3.31,3.20,3.25,3.41,3.34,3.35,3.47,3.56,3.43,3.57,3.91,4.07,4.41,4.70,4.51,1.83,0.41,0.60,2.01,3.00,3.22,3.34,3.07,3.13,3.26,3.27,3.41,3.49,3.32,3.27,3.24,3.22,3.09,3.15,3.15,3.12,3.24,3.30,3.25,3.14,3.13,3.13,3.03,3.15,3.09,3.31,3.03,3.46,3.37,3.28,3.47,3.40,3.19,2.95,2.40,1.48,0.84,0.76,0.88,1.25,2.12,2.47,2.58,2.55,2.70,2.83,2.55,2.45,2.64,2.57,2.47,2.38,2.22,1.94,1.46,0.68,-0.36,-1.14,-1.95,-2.10,-1.66,-1.21,-0.41,1.07,1.74,1.91,1.99,2.19,2.18,2.36
2.16,2.19,2.14,2.18,2.17,2.26,2.42,2.51,2.32,2.58,2.43,2.32,2.43,2.59,2.53,2.61,2.63,2.70,2.76,2.65,2.22,1.53,0.16,-1.75,-2.08,-2.17,-1.93,-1.03,0.32,1.72,2.77,3.00,2.77,2.76,2.70,2.64,2.83,2.89,2.81,2.72,2.67,2.58,2.38,2.08,1.23,0.65,1.42,2.69,2.59,2.59,3.56,3.77,3.43,3.28,3.43,3.45,3.44,3.35,3.20,3.16,3.20,3.07,3.01,2.95,2.82,3.03,2.97,2.97,3.13,2.87,2.71,2.83,2.85,2.87,2.66,2.77,2.85,2.88,2.95,2.95,3.45,3.41,4.14,3.68,4.02,1.43,0.16,0.36,1.77,3.12,2.95,3.12,2.94,3.20,3.35,3.40,3.40,3.39,3.37,3.06,2.96,3.07,2.91,3.10,3.16,3.18,3.34,3.28,3.14,2.98,2.98,3.16,3.15,2.97,3.04,3.09,3.02,3.28,3.03,3.22,3.34,3.35,3.21,2.97,2.38,1.32,0.90,0.90,0.87,1.28,1.88,2.25,2.47,2.55,2.52,2.40,2.25,2.42,2.29,2.64,2.47,2.26,1.97,1.62,0.96,-0.39,-1.37,-2.14,-2.77,-2.86,-2.53,-2.07,-1.19,0.34,1.31,1.79,2.03,2.12,1.99,2.13
2.23,2.30,2.52,2.52,2.26,2.22,2.28,2.23,2.18,2.51,2.35,2.29,2.43,2.66,2.63,2.40,2.49,2.61,2.70,2.55,2.00,1.03,-0.61,-2.32,-2.69,-2.65,-2.37,-1.71,-0.54,1.10,2.46,2.78,2.81,2.84,2.75,2.79,2.85,2.81,2.73,2.63,2.53,2.48,2.36,2.06,1.31,0.66,1.31,2.49,2.49,2.43,2.89,2.87,2.58,2.60,2.66,2.58,2.58,2.45,2.26,2.13,2.22,2.30,2.12,1.99,2.07,2.20,2.23,2.31,2.17,1.94,1.82,2.08,2.05,2.06,2.10,1.88,2.01,1.93,2.03,2.30,2.60,2.64,3.30,3.03,3.50,1.09,0.24,0.28,1.32,2.67,2.69,2.78,2.47,2.54,2.69,2.81,2.94,2.89,2.76,2.58,2.46,2.77,2.66,2.69,2.73,2.78,2.95,2.93,2.79,2.61,2.64,2.84,2.87,2.49,2.37,2.84,2.60,2.69,2.64,2.81,2.78,2.89,2.82,2.53,2.10,1.32,0.83,1.09,1.09,1.29,2.06,2.38,2.38,2.40,2.47,2.47,2.35,2.34,2.29,2.57,2.47,2.25,2.06,1.60,0.61,-0.73,-1.61,-2.49,-2.92,-2.91,-2.60,-2.19,-1.66,-0.07,1.10,1.74,2.03,2.17,1.97,2.16
2.13,2.20,2.42,2.40,2.12,2.08,2.24,2.28,2.29,2.55,2.47,2.42,2.45,2.47,2.53,2.47,2.38,2.40,2.49,2.47,2.00,0.99,-0.78,-1.81,-2.32,-2.19,-1.80,-1.48,-0.71,1.01,2.57,2.79,2.83,3.06,2.81,2.94,2.90,2.79,2.71,2.67,2.55,2.48,2.54,2.14,1.22,0.56,0.90,2.36,2.55,2.16,2.57,2.38,2.28,2.08,2.24,2.36,2.40,2.37,2.24,2.05,2.08,2.16,1.94,1.67,1.70,1.85,1.94,1.85,1.78,1.53,1.56,1.85,1.73,1.89,1.97,1.74,1.74,1.80,1.74,2.16,2.00,2.22,2.73,3.02,3.26,0.93,0.07,0.21,1.53,2.19,2.07,2.16,1.93,1.97,2.07,2.28,2.31,2.32,2.25,2.17,2.13,2.40,2.24,2.23,2.29,2.34,2.37,2.36,2.38,2.28,2.30,2.46,2.51,2.14,2.01,2.38,2.19,2.31,2.19,2.32,2.31,2.47,2.47,2.23,1.80,1.21,0.96,1.18,1.14,1.44,2.07,2.29,2.37,2.30,2.25,2.38,2.52,2.41,2.60,2.46,2.40,2.31,2.23,1.76,0.76,-0.37,-1.18,-2.10,-2.67,-2.60,-2.18,-1.81,-1.57,0.07,1.18,1.78,1.96,1.99,2.11,2.22
1.99,2.03,2.31,2.35,2.22,2.16,2.24,2.35,2.30,2.61,2.72,2.69,2.54,2.40,2.48,2.46,2.43,2.42,2.54,2.65,2.34,1.31,-0.23,-0.99,-1.48,-1.32,-0.99,-0.87,-0.33,1.22,2.73,2.97,2.94,2.85,3.03,2.93,2.94,2.89,2.70,2.59,2.63,2.59,2.49,2.25,1.49,0.65,0.73,2.25,2.42,2.22,2.14,2.25,2.06,1.90,1.78,1.85,2.11,2.22,2.12,1.93,1.85,1.93,1.79,1.51,1.60,1.76,1.66,1.53,1.49,1.43,1.45,1.68,1.53,1.45,1.57,1.49,1.51,1.49,1.45,1.77,1.90,1.90,2.67,2.87,3.20,0.72,-0.05,0.26,1.48,1.93,1.79,1.85,1.65,1.73,1.79,1.93,1.82,1.93,1.99,1.87,1.87,1.83,1.91,2.13,2.12,2.08,2.03,2.01,2.08,2.01,2.07,2.17,2.13,1.88,1.97,2.11,1.90,2.06,1.96,2.06,2.00,2.03,2.06,1.88,1.42,0.94,0.88,0.96,1.07,1.60,1.88,2.08,2.16,2.18,2.28,2.40,2.41,2.38,2.31,2.47,2.36,2.26,2.20,1.77,0.88,-0.10,-0.83,-1.62,-2.00,-1.89,-1.59,-1.28,-0.72,0.65,1.37,1.77,1.89,1.87,2.02,2.08
2.17,2.05,2.34,2.25,2.28,2.31,2.31,2.30,2.22,2.52,2.77,2.75,2.58,2.40,2.36,2.35,2.57,2.61,2.67,2.73,2.51,1.83,0.74,-0.26,-0.92,-0.89,-0.58,-0.38,0.14,1.50,2.72,2.77,3.04,2.88,3.06,2.91,2.95,2.83,2.60,2.55,2.63,2.60,2.42,2.12,1.46,0.49,0.71,2.13,2.59,2.23,2.18,2.25,2.01,1.93,1.80,1.72,1.88,2.11,1.99,1.80,1.84,1.79,1.71,1.73,1.68,1.61,1.59,1.66,1.51,1.43,1.32,1.67,1.51,1.50,1.28,1.49,1.70,1.55,1.67,1.71,1.55,1.87,2.71,2.76,3.19,0.77,-0.20,0.35,1.37,1.73,1.77,1.56,1.73,1.79,1.71,1.70,1.54,1.59,1.67,1.55,1.49,1.48,1.67,1.93,1.90,1.84,1.83,1.79,1.80,1.76,1.74,1.74,1.65,1.70,1.77,1.82,1.57,1.79,1.65,1.85,1.85,1.88,1.89,1.80,1.37,0.89,0.92,0.95,1.20,1.67,1.79,2.13,2.19,2.12,2.14,2.26,2.34,2.36,2.37,2.14,2.18,2.22,2.06,1.65,0.92,-0.07,-0.51,-1.08,-1.33,-1.24,-0.99,-0.56,0.23,1.31,1.61,1.77,1.93,2.02,1.97,2.03
2.22,2.14,2.38,2.30,2.36,2.41,2.36,2.36,2.28,2.51,2.66,2.63,2.49,2.42,2.19,2.32,2.63,2.70,2.65,2.58,2.43,2.42,1.57,0.92,-0.11,-0.51,-0.15,0.13,0.46,1.71,2.65,2.84,3.02,3.04,3.14,2.91,2.95,2.90,2.84,2.77,2.70,2.64,2.46,2.32,1.55,0.83,0.55,1.87,2.69,2.40,2.51,2.26,1.68,1.72,1.80,1.65,1.72,1.79,1.73,1.77,1.84,1.77,1.55,1.46,1.53,1.38,1.25,1.51,1.37,1.18,1.20,1.46,1.42,1.48,1.27,1.33,1.60,1.18,1.31,1.39,1.38,1.82,2.48,2.41,3.03,0.78,-0.18,0.56,1.09,1.65,1.77,1.43,1.67,1.73,1.44,1.51,1.39,1.40,1.51,1.44,1.32,1.40,1.54,1.62,1.65,1.70,1.73,1.66,1.64,1.59,1.46,1.50,1.57,1.60,1.56,1.46,1.40,1.72,1.59,1.67,1.72,1.89,1.85,1.70,1.40,0.96,0.77,0.76,1.06,1.50,1.85,2.23,2.32,2.36,2.34,2.36,2.34,2.22,2.54,2.29,2.40,2.28,2.26,1.91,1.07,0.28,-0.17,-0.59,-0.64,-0.48,-0.12,0.41,0.80,1.70,1.88,2.02,2.07,2.00,2.07,2.22
2.05,2.16,2.29,2.35,2.36,2.32,2.30,2.46,2.35,2.53,2.57,2.47,2.41,2.52,2.32,2.38,2.51,2.57,2.67,2.77,2.64,2.70,2.28,1.90,1.12,0.37,0.26,0.49,0.80,1.67,2.60,2.91,3.37,3.27,3.07,2.90,2.93,2.95,2.93,2.81,2.64,2.72,2.63,2.22,1.90,0.96,0.49,1.64,2.88,2.38,2.35,2.35,1.77,1.73,1.67,1.54,1.76,1.83,1.78,1.74,1.82,1.96,1.68,1.49,1.51,1.62,1.44,1.37,1.37,1.37,1.50,1.29,1.11,1.55,1.27,1.11,1.34,1.27,1.27,1.29,1.60,1.53,2.36,2.61,2.88,0.76,-0.07,0.47,1.22,1.68,1.34,1.37,1.54,1.49,1.36,1.36,1.39,1.37,1.53,1.33,1.20,1.29,1.32,1.39,1.44,1.49,1.59,1.54,1.49,1.54,1.48,1.39,1.57,1.44,1.40,1.23,1.36,1.64,1.53,1.46,1.55,1.77,1.55,1.39,1.25,0.83,0.66,0.93,1.27,1.65,1.82,2.19,2.29,2.23,2.24,2.34,2.32,2.16,2.37,2.37,2.05,2.29,2.23,1.76,1.01,0.20,0.19,-0.11,0.03,0.19,0.58,1.23,1.72,1.91,1.74,1.90,2.01,1.87,1.87,2.26
1.96,2.19,2.20,2.25,2.24,2.19,2.24,2.37,2.29,2.42,2.48,2.42,2.40,2.60,2.52,2.64,2.51,2.53,2.75,2.85,2.54,2.73,2.90,2.65,1.88,0.82,0.26,0.30,0.69,1.46,2.28,2.79,3.30,3.08,2.78,2.79,2.93,2.85,2.75,2.67,2.45,2.46,2.72,2.42,1.88,0.90,0.45,1.79,2.54,2.30,2.38,2.17,1.77,1.60,1.56,1.39,1.56,1.71,1.65,1.54,1.25,1.38,1.46,1.29,1.16,1.07,1.10,1.15,1.05,1.16,1.29,1.10,0.99,1.15,1.16,0.90,1.06,1.09,1.22,1.29,1.55,1.54,2.43,2.49,2.91,0.80,-0.31,0.66,1.11,1.27,1.25,1.06,1.44,1.38,1.17,1.29,1.38,1.28,1.42,1.22,1.31,1.37,1.21,1.18,1.25,1.28,1.42,1.39,1.31,1.50,1.45,1.25,1.23,1.32,1.23,1.12,1.29,1.40,1.39,1.45,1.48,1.59,1.44,1.28,1.12,0.82,0.67,0.93,1.32,1.70,1.82,2.28,2.28,2.26,2.31,2.41,2.40,2.22,2.51,2.20,2.16,2.16,2.06,1.74,1.16,0.44,0.07,0.13,0.35,0.99,1.71,2.06,2.11,2.13,2.16,2.14,2.19,2.17,1.89,2.36
2.00,2.25,2.25,2.19,2.14,2.20,2.32,2.26,2.36,2.51,2.63,2.59,2.51,2.67,2.65,2.61,2.70,2.70,2.82,3.02,2.65,2.81,2.88,3.00,2.42,1.31,0.62,0.63,0.99,1.73,2.69,2.73,3.04,3.02,2.96,2.77,2.83,2.70,2.52,2.65,2.73,2.63,2.60,2.36,1.89,0.89,0.51,1.96,2.65,2.53,2.52,2.31,1.87,1.54,1.60,1.48,1.60,1.72,1.54,1.45,1.40,1.51,1.33,1.34,1.09,1.18,1.11,1.25,1.18,0.78,0.93,1.27,1.28,1.00,1.03,1.01,0.93,0.98,1.04,1.27,1.45,1.60,2.34,2.59,2.69,0.53,-0.15,0.49,0.93,1.25,1.31,1.16,1.29,1.27,1.04,1.23,1.43,1.27,1.46,1.38,1.22,1.26,1.23,1.15,1.18,1.28,1.42,1.39,1.31,1.38,1.36,1.20,1.07,1.26,1.21,1.20,1.36,1.29,1.46,1.60,1.59,1.57,1.53,1.37,1.09,0.90,0.89,0.76,1.23,1.76,1.77,2.02,2.28,2.30,2.19,2.20,2.30,2.29,2.30,2.13,2.53,2.42,2.14,1.79,1.36,0.83,0.69,0.30,0.55,1.16,1.72,1.96,1.90,2.12,2.35,2.19,2.12,2.07,1.60,2.24
1.88,2.05,2.22,2.08,2.05,2.13,2.30,2.36,2.54,2.60,2.58,2.49,2.45,2.51,2.65,2.49,2.53,2.69,2.85,2.90,2.57,2.81,2.78,2.82,2.60,1.40,0.57,0.72,1.07,1.74,2.69,2.77,2.82,2.77,2.95,2.89,2.83,2.70,2.57,2.60,2.61,2.60,2.57,2.45,1.77,0.89,0.56,1.77,2.46,2.43,2.45,2.16,1.76,1.55,1.53,1.37,1.64,1.78,1.46,1.36,1.26,1.22,1.07,1.07,0.99,1.12,1.32,1.27,1.16,1.09,0.95,0.99,1.07,0.90,0.95,1.26,1.17,0.99,1.10,1.34,1.32,1.21,2.26,2.26,2.63,0.52,-0.15,0.35,0.57,1.11,1.29,0.98,1.29,1.17,1.07,1.29,1.29,1.14,1.44,1.37,1.18,1.21,1.22,1.14,1.18,1.29,1.37,1.33,1.29,1.34,1.26,1.14,1.07,1.18,1.20,1.34,1.53,1.42,1.44,1.45,1.64,1.59,1.54,1.38,1.05,0.96,1.15,1.01,1.23,1.85,1.91,1.95,2.26,2.19,2.12,2.11,2.16,2.42,2.28,2.30,2.40,2.20,2.10,1.93,1.57,1.21,0.87,0.49,0.92,1.36,1.78,2.08,2.05,1.94,1.96,1.85,1.99,2.16,1.87,2.48
1.94,2.01,2.13,2.03,1.94,2.03,2.31,2.35,2.35,2.43,2.48,2.46,2.46,2.72,2.57,2.46,2.58,2.61,2.70,2.87,2.54,2.75,2.77,2.73,2.70,1.88,1.23,1.46,1.93,2.26,3.04,2.96,3.03,2.70,2.76,2.75,2.71,2.59,2.49,2.55,2.65,2.61,2.60,2.17,1.73,0.85,0.66,1.68,2.38,2.59,2.55,2.31,2.08,1.62,1.50,1.46,1.48,1.51,1.37,1.29,1.40,1.60,1.43,1.36,1.34,1.39,1.42,1.05,1.00,1.04,1.03,1.22,1.21,1.16,1.06,1.14,1.09,1.04,0.94,1.23,1.33,1.55,2.23,2.43,3.14,0.65,0.00,0.34,0.76,1.25,1.33,1.14,1.16,1.06,1.06,1.29,1.23,1.16,1.29,1.20,1.06,1.09,1.17,1.15,1.22,1.34,1.31,1.20,1.20,1.22,1.16,1.10,1.16,1.22,1.18,1.36,1.48,1.42,1.25,1.25,1.48,1.46,1.46,1.31,1.04,0.98,1.12,1.21,1.29,1.91,2.07,2.05,2.13,2.05,2.08,2.13,2.13,2.31,2.19,2.30,2.46,2.28,2.12,1.87,1.61,1.42,1.12,0.63,1.09,1.57,1.90,2.11,2.11,1.80,1.96,1.94,1.90,1.97,2.06,2.01
1.77,1.87,2.22,1.95,1.85,2.01,2.17,2.03,2.01,2.17,2.30,2.32,2.31,2.40,2.53,2.53,2.58,2.69,2.76,2.65,2.42,2.59,2.63,2.45,2.41,2.12,1.77,1.96,2.58,2.57,3.03,2.88,2.57,2.61,2.58,2.49,2.60,2.63,2.41,2.24,2.28,2.26,2.22,2.10,1.76,0.71,0.58,1.20,1.99,2.51,2.38,2.29,1.95,1.80,1.72,1.65,1.66,1.61,1.56,1.51,1.40,1.26,0.98,1.07,1.10,1.06,1.25,1.17,1.05,1.15,1.04,1.09,1.07,1.01,1.05,1.01,1.15,1.21,0.96,1.44,1.51,1.43,2.34,2.72,2.79,0.71,-0.24,0.25,0.72,1.14,1.09,1.12,1.03,1.01,0.98,1.18,1.09,1.01,1.27,1.16,1.16,1.20,1.06,1.06,1.21,1.21,1.14,1.06,0.96,1.07,1.23,1.23,1.28,1.09,1.26,1.29,1.37,1.20,1.18,1.33,1.39,1.32,1.39,1.26,1.01,0.95,0.95,1.07,1.39,1.85,2.11,1.95,2.05,2.02,2.10,2.13,2.07,2.20,2.08,2.10,2.37,2.31,2.17,2.02,1.82,1.54,1.46,0.96,1.23,1.54,1.72,1.87,1.94,1.85,1.78,1.71,1.84,2.10,2.11,2.14
1.65,1.65,2.17,1.96,1.90,2.00,2.00,2.01,1.89,2.03,2.13,2.24,2.43,2.46,2.49,2.48,2.55,2.59,2.63,2.60,2.26,2.58,2.48,2.43,2.37,2.46,2.41,2.24,2.34,2.49,3.01,2.55,2.73,2.47,2.61,2.66,2.72,2.61,2.32,2.34,2.52,2.40,2.57,1.85,1.95,0.79,0.37,1.01,2.03,2.05,2.08,2.23,1.97,1.74,1.57,1.37,1.40,1.43,1.21,1.15,1.28,1.39,1.36,1.45,1.33,1.12,1.11,1.20,1.01,1.16,1.07,1.14,1.16,1.25,0.99,1.14,1.20,0.95,1.10,1.31,1.49,1.76,2.38,2.58,2.75,0.66,-0.29,0.44,0.99,1.18,0.96,0.93,1.06,1.09,1.07,1.25,1.09,0.93,1.11,1.17,0.94,0.90,1.04,1.16,1.31,1.27,1.14,0.98,0.87,0.98,1.17,1.27,1.21,1.25,1.27,1.31,1.38,1.31,1.15,1.20,1.36,1.37,1.49,1.26,0.98,0.96,0.92,1.15,1.55,1.77,2.13,1.96,2.07,2.02,2.16,2.14,1.93,2.11,2.17,2.18,2.31,2.29,2.30,2.11,1.80,1.74,1.77,1.59,1.51,1.64,1.74,1.74,1.78,1.83,1.79,1.97,2.14,2.11,1.89,2.11
1.87,1.78,1.84,1.97,2.11,2.14,2.10,1.84,1.94,1.94,2.02,2.18,2.34,2.34,2.60,2.42,2.31,2.45,2.61,2.58,2.46,2.61,2.40,2.42,2.41,2.46,2.47,2.32,2.28,2.53,2.79,2.42,2.60,2.54,2.52,2.43,2.47,2.48,2.41,2.40,2.43,2.42,2.32,1.79,1.43,0.80,0.62,0.87,1.90,1.97,2.06,2.08,1.96,1.83,1.72,1.40,1.43,1.65,1.45,1.37,1.32,1.10,1.15,1.18,1.28,1.01,1.16,1.11,1.00,1.06,0.87,1.00,1.14,1.07,0.80,1.07,0.87,0.96,1.16,1.33,1.31,1.62,2.38,2.48,2.54,0.74,-0.06,0.34,0.72,1.09,1.00,1.25,1.11,1.17,1.18,1.28,1.27,1.07,1.10,1.07,0.99,0.98,1.04,1.12,1.23,1.22,1.06,0.96,0.94,1.00,1.09,1.12,1.11,1.18,0.99,1.16,1.33,1.17,1.17,1.09,1.34,1.50,1.54,1.25,0.95,0.99,0.98,1.26,1.65,1.94,2.22,2.11,2.16,2.11,2.11,2.07,1.95,2.01,2.20,2.18,2.19,2.24,2.17,1.95,1.79,1.84,1.79,1.82,1.87,1.95,1.88,1.77,1.88,1.96,1.94,2.19,2.32,2.16,1.90,2.29
1.79,2.00,1.93,2.01,2.07,2.07,2.00,1.88,1.70,1.67,1.85,2.11,2.29,2.55,2.08,2.34,2.34,2.43,2.66,2.57,2.38,2.26,2.32,2.40,2.38,2.48,2.53,2.47,2.46,2.64,2.46,2.25,2.53,2.66,2.61,2.61,2.65,2.54,2.38,2.42,2.38,2.20,2.26,2.10,1.97,0.99,0.61,0.78,1.82,2.11,2.03,1.90,1.80,1.76,1.50,1.31,1.49,1.53,1.31,1.23,1.28,1.27,1.33,1.46,1.22,1.29,1.28,1.00,0.87,1.12,0.95,0.89,0.83,0.80,0.96,1.05,0.99,1.12,0.90,1.38,1.25,1.67,2.45,2.75,2.60,0.50,-0.28,0.51,0.77,1.17,1.04,1.27,1.18,1.05,1.12,1.29,1.21,1.14,1.06,1.10,1.06,1.14,1.16,1.14,1.11,1.14,1.18,1.10,1.05,1.14,1.17,1.09,1.12,1.04,0.90,1.15,1.29,1.14,1.16,1.18,1.43,1.43,1.45,1.26,0.94,0.92,1.00,1.27,1.72,2.20,2.30,2.11,2.25,2.37,2.14,2.03,2.17,2.03,2.01,2.05,2.07,2.08,1.97,1.88,1.79,1.73,1.82,1.82,1.87,1.95,1.97,1.91,1.88,1.96,1.76,2.02,2.24,2.11,1.84,2.24
1.76,1.99,1.99,2.11,2.11,2.06,2.11,1.96,1.59,1.71,2.01,2.18,2.20,2.26,2.32,2.55,2.40,2.35,2.49,2.47,2.34,2.24,2.37,2.41,2.38,2.45,2.46,2.41,2.59,2.78,2.43,2.31,2.40,2.58,2.61,2.55,2.59,2.55,2.54,2.60,2.46,2.37,2.45,2.16,1.82,0.96,0.55,0.72,1.83,2.41,2.24,1.97,1.79,1.56,1.32,1.38,1.51,1.59,1.45,1.04,1.07,1.32,1.29,0.96,0.93,1.00,1.05,1.04,1.04,0.82,0.82,0.79,0.92,1.03,0.85,0.76,0.72,0.95,0.82,1.23,1.44,1.59,2.19,2.19,2.66,0.62,-0.15,0.49,0.61,1.28,1.20,1.16,1.26,1.04,1.11,1.17,1.17,1.07,1.10,0.98,0.99,1.06,1.12,1.17,1.12,1.28,1.37,1.21,1.15,1.17,1.18,1.05,1.15,1.09,1.09,1.12,1.36,1.40,1.32,1.12,1.43,1.37,1.39,1.26,0.90,0.87,1.06,1.27,1.72,2.16,2.18,2.08,2.19,2.37,2.14,1.96,2.07,1.97,1.80,1.95,1.79,1.67,1.72,1.68,1.55,1.55,1.64,1.66,1.70,1.83,1.85,1.76,1.74,1.82,1.68,1.85,2.03,2.01,1.80,2.19
1.61,1.90,1.97,2.00,2.06,2.12,2.13,2.03,1.70,1.91,2.11,2.13,2.18,2.19,2.41,2.58,2.51,2.45,2.49,2.52,2.47,2.34,2.31,2.43,2.40,2.38,2.45,2.40,2.34,2.38,2.26,2.23,2.19,2.40,2.61,2.55,2.48,2.48,2.48,2.61,2.66,2.46,2.36,1.99,1.90,1.03,0.67,0.41,1.45,2.03,2.22,2.16,1.89,1.66,1.48,1.36,1.44,1.50,1.37,1.16,1.21,1.43,1.39,1.29,1.12,1.29,1.10,1.29,1.17,1.14,0.77,0.78,0.62,0.79,0.80,0.99,0.80,0.78,1.03,1.06,1.23,1.21,1.95,2.32,2.13,0.40,-0.21,0.40,0.79,0.96,0.99,1.00,1.09,0.95,1.03,1.06,1.15,1.05,1.09,1.04,0.90,1.01,1.18,1.18,1.17,1.14,1.10,1.18,1.16,1.12,1.23,1.11,1.00,1.06,0.95,1.04,1.26,1.23,1.25,1.21,1.43,1.27,1.27,1.06,0.80,0.98,1.17,1.15,1.70,1.78,1.77,1.91,1.90,1.71,1.57,1.49,1.45,1.49,1.38,1.34,1.06,0.95,1.00,0.88,0.77,0.93,0.88,1.11,1.29,1.43,1.31,1.10,1.33,1.57,1.57,1.60,1.70,1.72,1.55,1.80
1.80,1.97,1.84,1.93,2.16,2.25,2.13,2.24,2.20,2.29,2.40,2.47,2.47,2.45,2.52,2.47,2.54,2.59,2.57,2.51,2.37,2.38,2.35,2.34,2.34,2.46,2.54,2.48,2.36,2.63,2.52,2.41,2.48,2.46,2.43,2.47,2.49,2.42,2.47,2.64,2.61,2.45,2.22,2.13,1.90,1.29,0.63,0.49,1.54,2.16,2.23,2.02,2.01,1.83,1.50,1.39,1.36,1.38,1.50,1.48,1.44,1.28,1.28,1.28,1.09,1.27,1.12,1.11,0.93,1.18,0.90,1.00,1.10,1.25,0.65,0.85,0.92,1.01,1.01,1.48,1.25,1.45,2.02,2.46,2.32,0.65,-0.24,0.45,0.84,1.15,0.99,0.92,0.82,0.82,0.89,1.15,1.11,1.11,1.04,1.04,1.06,1.17,1.33,1.31,1.34,1.42,1.29,1.15,1.06,1.18,1.34,1.06,1.00,1.12,1.14,1.18,1.42,1.26,1.32,1.39,1.55,1.28,1.26,1.05,0.76,0.88,1.03,1.17,1.85,1.62,1.37,1.14,1.07,0.79,0.65,0.56,0.44,0.40,0.26,0.37,0.02,0.04,0.03,-0.22,-0.37,-0.06,-0.11,0.28,0.26,0.34,0.32,0.24,0.47,0.96,0.95,0.94,1.07,1.21,1.16,1.06
1.76,1.89,1.90,1.97,2.11,2.17,2.11,2.20,2.40,2.48,2.49,2.49,2.46,2.63,2.58,2.55,2.52,2.54,2.57,2.54,2.51,2.40,2.45,2.51,2.51,2.42,2.32,2.34,2.51,2.66,2.58,2.38,2.52,2.36,2.29,2.40,2.60,2.53,2.34,2.47,2.43,2.25,2.37,2.16,1.78,1.28,0.61,0.51,1.23,1.96,2.19,2.01,1.91,1.61,1.38,1.44,1.56,1.62,1.53,1.45,1.38,1.29,1.46,1.21,1.26,1.04,0.99,1.31,1.10,1.26,0.89,1.18,1.10,1.34,1.17,1.18,0.85,0.87,0.99,1.12,1.31,1.65,2.29,2.45,2.00,0.46,-0.13,0.34,0.71,1.10,1.11,1.26,0.96,1.07,1.03,1.16,1.29,0.99,1.12,1.14,0.99,1.07,1.32,1.22,1.25,1.33,1.26,1.26,1.26,1.28,1.31,1.25,1.12,1.06,1.15,1.17,1.43,1.26,1.17,1.39,1.55,1.39,1.25,0.84,0.46,0.29,0.19,0.60,0.94,0.76,-0.22,-0.51,-0.61,-0.88,-0.89,-0.76,-0.77,-0.76,-0.77,-0.58,-0.78,-0.79,-0.86,-0.97,-0.94,-0.72,-0.79,-0.66,-0.76,-0.72,-0.64,-0.62,-0.53,-0.16,-0.13,-0.10,0.11,0.40,0.53,0.49
1.76,1.88,1.93,1.94,2.05,2.20,2.17,2.11,2.29,2.45,2.52,2.48,2.47,2.67,2.61,2.60,2.49,2.46,2.54,2.47,2.31,2.37,2.63,2.61,2.52,2.43,2.36,2.35,2.54,2.70,2.48,2.42,2.17,2.22,2.24,2.38,2.55,2.47,2.26,2.26,2.40,2.28,2.38,2.28,1.67,1.48,0.65,0.46,1.42,2.20,2.55,2.22,1.96,1.84,1.77,1.70,1.62,1.78,1.72,1.37,1.36,1.29,1.36,1.27,1.25,1.26,1.27,1.06,1.14,1.04,0.99,1.17,1.22,1.37,0.95,0.98,1.17,1.10,1.16,1.45,1.23,1.66,2.41,2.65,2.45,0.69,0.04,0.30,0.79,1.44,1.48,1.09,1.00,0.93,1.03,1.23,1.26,1.21,1.20,1.04,1.14,1.15,1.16,1.29,1.45,1.50,1.31,1.14,1.10,1.01,1.04,1.11,1.12,1.29,1.25,1.34,1.59,1.32,1.23,1.32,1.36,1.32,0.84,0.42,-0.05,-0.81,-1.09,-0.89,-0.78,-0.44,-1.08,-0.66,-0.33,-0.66,-0.67,-0.39,-0.48,-0.79,-0.72,-0.61,-0.68,-0.51,-0.69,-1.07,-1.24,-1.08,-0.87,-0.77,-0.79,-0.86,-0.97,-1.13,-1.26,-1.19,-1.46,-1.32,-0.99,-0.81,-0.78,-0.26
1.90,1.97,1.96,1.96,2.02,2.16,2.24,2.01,2.23,2.46,2.55,2.53,2.52,2.60,2.64,2.60,2.48,2.42,2.46,2.37,2.17,2.37,2.35,2.34,2.36,2.35,2.34,2.43,2.45,2.47,2.17,2.16,2.02,2.16,2.23,2.24,2.24,2.14,2.05,2.17,2.30,2.26,2.41,2.12,1.90,1.50,0.84,0.45,1.01,1.87,2.38,2.11,2.02,1.95,1.78,1.70,1.54,1.64,1.66,1.25,1.29,1.38,1.28,1.09,1.10,1.11,1.11,1.07,0.96,1.14,0.90,1.06,0.90,1.21,1.12,0.96,0.92,0.83,1.15,1.50,1.40,1.62,2.32,2.47,2.53,0.65,0.05,0.79,0.77,1.51,1.29,1.03,0.99,1.07,1.05,1.22,1.15,1.09,1.07,1.01,1.14,1.07,1.12,1.10,1.17,1.29,1.14,0.95,1.09,1.33,1.23,1.12,0.95,1.12,0.96,1.36,1.26,1.20,1.26,1.20,1.11,0.77,-0.27,-1.04,-1.47,-1.86,-1.46,-1.21,-1.28,-0.54,-0.62,-0.42,0.11,0.25,0.30,0.13,-0.37,-0.59,-0.42,-0.02,-0.06,-0.05,-0.01,-0.15,-0.42,-0.56,-0.38,-0.56,-0.62,-0.66,-0.86,-1.21,-1.42,-1.45,-1.84,-1.91,-1.70,-1.45,-1.36,-1.23
1.85,2.01,2.07,2.07,2.02,2.05,2.30,1.96,2.24,2.46,2.57,2.54,2.43,2.52,2.63,2.63,2.53,2.43,2.42,2.41,2.26,2.31,2.28,2.36,2.38,2.32,2.30,2.36,2.26,2.25,2.12,2.07,2.08,2.07,2.13,2.14,2.22,2.25,2.18,2.25,2.36,2.17,2.32,2.05,1.78,1.55,1.10,0.51,1.16,1.83,2.14,2.03,2.13,1.96,1.65,1.56,1.50,1.68,1.65,1.18,1.32,1.23,1.48,1.34,0.98,1.22,1.23,1.00,0.79,1.18,0.87,0.83,1.01,1.12,1.15,1.06,0.93,0.98,1.18,1.71,1.34,1.48,2.23,2.67,2.91,0.68,-0.08,0.83,0.90,1.25,1.49,1.14,1.00,0.89,0.95,1.07,1.22,1.28,1.25,1.27,1.20,1.14,1.15,1.14,1.21,1.39,1.27,1.06,1.27,1.23,1.10,1.28,1.07,1.17,1.10,1.23,1.18,1.28,1.21,1.00,0.51,-0.52,-1.76,-2.21,-1.81,-1.26,-0.59,-0.17,0.29,1.03,1.18,1.09,0.88,0.74,0.56,0.42,0.26,-0.10,-0.24,-0.34,-0.48,-0.76,-0.96,-1.21,-1.41,-1.21,-1.12,-1.17,-1.24,-1.33,-1.50,-1.75,-2.02,-2.02,-2.27,-2.22,-1.86,-1.47,-1.33,-0.99
1.73,2.10,1.97,1.99,2.08,2.18,2.23,2.13,2.36,2.46,2.49,2.51,2.46,2.47,2.48,2.61,2.55,2.47,2.49,2.43,2.35,2.41,2.45,2.46,2.38,2.31,2.35,2.40,2.31,2.31,2.40,2.28,2.18,2.05,2.14,2.20,2.26,2.31,2.32,2.36,2.30,2.17,2.36,2.06,1.83,1.53,1.05,0.42,1.12,1.73,2.11,2.05,1.95,1.90,1.65,1.43,1.32,1.40,1.38,1.20,1.45,1.26,1.36,1.32,1.12,1.09,1.09,1.10,0.96,1.07,0.98,1.01,0.85,1.20,0.99,0.95,0.99,0.93,1.07,1.66,1.34,1.48,2.08,2.57,2.84,0.65,0.05,0.72,1.12,1.32,1.37,1.11,1.20,1.23,1.22,1.32,1.34,1.11,1.12,1.05,1.03,1.03,1.11,1.14,1.25,1.38,1.25,1.20,1.37,1.18,0.83,1.09,1.15,1.22,1.29,1.32,1.25,1.18,0.78,0.03,-1.36,-2.24,-2.55,-2.12,-1.17,-0.34,0.45,1.31,1.39,1.54,1.16,1.17,0.83,0.37,-0.22,-1.11,-1.88,-1.88,-2.27,-2.30,-2.50,-2.68,-2.49,-2.41,-2.54,-2.39,-2.23,-2.17,-2.21,-2.21,-2.28,-2.47,-2.49,-2.37,-2.65,-2.79,-2.55,-2.04,-1.66,-1.23
1.89,2.12,1.94,1.88,1.94,1.99,1.97,2.26,2.46,2.43,2.38,2.43,2.53,2.45,2.30,2.46,2.41,2.42,2.57,2.46,2.37,2.49,2.42,2.34,2.30,2.32,2.38,2.45,2.43,2.36,2.36,2.19,2.17,2.11,2.24,2.19,2.23,2.29,2.16,2.17,2.16,2.16,2.23,1.97,1.77,1.57,1.22,0.39,1.22,1.66,1.93,1.95,1.96,1.95,1.65,1.36,1.31,1.44,1.48,1.31,1.44,1.17,1.11,1.22,1.00,1.11,1.29,1.15,0.92,0.98,0.90,0.80,1.11,1.20,0.77,1.12,0.99,0.98,1.15,1.26,1.39,1.49,2.03,2.13,2.57,0.93,-0.27,0.85,1.26,1.26,1.16,1.21,1.15,0.83,1.28,1.06,1.25,1.16,1.11,1.00,1.04,1.21,1.25,1.18,1.14,1.15,1.12,1.11,1.27,1.25,1.03,1.23,1.27,1.21,1.14,1.09,0.88,0.94,-0.12,-1.04,-1.80,-1.76,-1.89,-1.76,-0.96,-0.29,0.39,1.36,1.16,0.84,0.13,-0.68,-1.35,-1.90,-2.35,-2.56,-2.56,-2.58,-3.08,-3.10,-2.87,-2.95,-3.01,-3.04,-3.01,-2.99,-2.78,-2.77,-2.94,-2.91,-2.76,-2.78,-2.94,-3.15,-3.12,-2.97,-2.77,-2.55,-2.36,-2.21
1.83,1.95,1.74,1.78,1.87,1.91,2.08,2.22,2.24,2.24,2.36,2.51,2.48,2.55,2.30,2.26,2.24,2.34,2.54,2.52,2.38,2.34,2.35,2.32,2.35,2.40,2.41,2.35,2.23,2.28,2.10,2.11,2.10,2.11,2.23,2.14,2.23,2.29,2.14,2.11,2.19,2.16,2.01,1.95,1.55,1.65,1.43,0.46,1.29,1.78,2.18,2.10,1.97,1.93,1.64,1.45,1.49,1.57,1.60,1.36,1.40,1.40,1.29,1.27,1.28,1.25,1.31,1.16,1.18,1.18,1.10,0.96,1.31,1.00,1.09,0.99,0.93,0.88,0.96,1.29,1.50,1.60,2.10,2.37,1.97,0.60,-0.13,0.53,1.16,1.33,1.18,0.99,0.83,1.00,1.20,1.07,1.18,1.18,0.93,0.99,1.25,1.33,1.17,1.07,1.18,1.18,1.18,1.25,1.18,1.27,1.22,1.31,1.21,1.14,1.31,1.34,0.77,0.05,-1.17,-0.72,-0.06,0.04,-0.99,-1.86,-1.43,-0.51,0.23,0.52,0.08,-0.66,-1.90,-2.14,-2.21,-2.47,-2.72,-2.83,-2.94,-2.90,-2.96,-2.76,-2.78,-3.03,-2.92,-2.86,-3.03,-3.05,-2.94,-3.03,-3.22,-3.19,-3.24,-3.52,-3.23,-3.15,-3.19,-3.32,-3.27,-2.99,-2.92,-3.06
1.94,1.87,2.11,2.25,2.20,2.12,2.20,2.07,2.26,2.31,2.36,2.41,2.35,2.48,2.26,2.20,2.28,2.38,2.42,2.47,2.36,2.38,2.25,2.31,2.38,2.35,2.34,2.32,2.13,2.13,2.06,2.25,2.07,2.11,2.14,2.11,2.23,2.30,2.12,2.03,2.13,2.07,1.93,2.08,1.77,1.62,1.45,0.58,1.07,1.72,2.23,2.11,2.00,2.02,1.74,1.48,1.49,1.56,1.56,1.43,1.50,1.43,1.12,1.16,1.32,1.38,1.40,1.21,1.36,1.10,1.17,0.93,1.16,1.01,0.99,1.10,1.04,0.88,1.17,1.45,1.43,1.55,2.12,2.55,2.08,0.41,0.15,0.52,0.68,1.11,0.96,0.55,0.88,0.90,1.06,1.10,0.94,0.80,1.15,1.25,1.26,1.37,1.33,1.21,1.28,1.40,1.29,1.25,1.29,1.17,1.20,1.25,1.18,1.16,1.23,0.84,0.40,-1.11,-1.19,-0.37,0.69,1.01,-0.20,-1.62,-1.81,-1.17,-0.58,-0.61,-1.81,-2.35,-2.70,-2.79,-2.77,-2.85,-2.88,-2.88,-2.99,-3.18,-3.19,-3.10,-2.77,-2.94,-3.06,-3.06,-3.14,-3.30,-3.32,-3.44,-3.49,-3.41,-3.32,-3.33,-3.31,-3.39,-3.36,-3.33,-3.26,-3.13,-3.23,-3.39
2.48,2.08,2.06,1.91,2.00,2.23,2.11,2.13,2.23,2.25,2.37,2.47,2.36,2.26,2.70,2.45,2.38,2.41,2.43,2.53,2.14,2.49,2.20,2.17,2.25,2.22,2.13,2.19,2.22,2.01,2.16,2.26,2.06,2.14,2.10,1.99,2.14,2.16,1.90,1.90,2.05,2.03,1.93,1.95,1.74,1.55,1.40,0.69,0.95,1.70,2.18,2.08,2.06,2.08,1.76,1.46,1.39,1.39,1.49,1.39,1.43,1.34,1.18,1.25,1.40,1.43,1.36,1.18,1.37,1.14,1.09,1.04,1.22,0.95,1.16,0.79,1.20,0.71,1.34,1.39,1.49,1.65,2.17,2.54,2.24,0.72,-0.07,0.53,0.69,0.87,1.03,0.79,0.95,1.09,0.96,1.16,1.29,1.09,1.06,1.17,1.23,1.12,1.12,1.22,1.16,1.20,1.29,1.14,0.99,1.10,1.06,1.25,1.27,1.15,1.37,0.76,-0.83,-0.67,-0.33,0.74,1.42,1.43,0.47,-1.13,-2.14,-2.14,-2.42,-2.69,-2.65,-3.00,-3.08,-2.88,-2.81,-2.90,-3.03,-3.03,-3.06,-3.33,-3.13,-3.32,-3.15,-3.22,-3.08,-3.05,-3.37,-3.44,-3.39,-3.39,-3.46,-3.43,-3.35,-3.39,-3.49,-3.48,-3.40,-3.46,-3.48,-3.31,-3.28,-3.27
2.19,2.18,2.22,2.11,2.20,2.38,2.18,2.14,2.36,2.31,2.30,2.41,2.36,2.12,2.57,2.54,2.31,2.34,2.55,2.53,2.00,2.41,2.37,2.23,2.20,2.18,2.02,1.97,2.14,2.11,2.19,2.22,2.06,2.08,2.06,1.90,2.01,2.01,1.78,1.90,2.02,2.07,1.93,1.91,1.84,1.70,1.55,0.79,0.95,1.83,2.28,2.11,2.17,2.14,1.89,1.71,1.59,1.59,1.59,1.40,1.39,1.42,1.40,1.45,1.25,1.26,1.25,1.10,1.29,1.18,1.00,1.12,1.27,1.21,1.18,0.87,1.21,1.01,1.22,1.32,1.67,1.80,2.30,2.71,2.63,0.67,-0.12,0.78,0.83,1.14,1.21,0.87,1.06,0.98,1.06,1.26,1.21,1.20,1.29,1.39,1.28,1.18,1.20,1.26,1.28,1.20,1.22,1.28,1.17,1.26,1.22,1.38,1.37,1.12,0.96,0.67,-1.03,-0.66,0.36,1.53,1.61,1.22,0.60,-0.47,-1.55,-2.21,-2.62,-2.91,-3.04,-2.90,-2.82,-2.96,-3.03,-3.03,-3.08,-3.18,-3.26,-3.27,-3.18,-3.37,-3.28,-3.21,-3.18,-3.23,-3.28,-3.28,-3.41,-3.28,-3.33,-3.36,-3.26,-3.22,-3.41,-3.26,-3.18,-3.27,-3.33,-3.24,-3.40,-3.43
2.05,1.93,1.87,2.10,2.22,2.23,2.41,1.95,2.12,2.30,2.24,2.24,2.49,2.35,2.83,2.66,2.48,2.32,2.29,2.55,2.23,2.20,2.48,2.30,2.25,2.22,2.12,2.12,2.29,2.29,2.22,2.22,2.07,1.95,2.02,1.96,2.00,1.96,1.80,1.88,1.90,2.07,2.02,1.99,1.73,1.72,1.51,0.89,0.85,1.87,2.61,2.37,2.12,2.03,1.78,1.62,1.54,1.50,1.56,1.39,1.29,1.25,1.33,1.34,1.18,1.05,1.18,1.20,1.18,1.10,1.10,1.25,1.01,1.17,1.22,0.89,1.07,1.18,1.28,1.48,1.38,1.51,2.08,2.43,2.45,0.62,-0.05,0.67,1.07,1.20,1.10,0.88,0.90,1.07,1.11,1.29,1.44,1.12,1.00,1.04,1.07,1.05,1.04,1.10,1.22,1.37,1.25,1.12,1.20,1.22,1.22,1.20,0.93,1.15,1.14,0.36,-1.21,-0.76,0.41,1.43,1.60,1.20,0.56,-0.28,-1.40,-2.60,-3.06,-3.27,-2.92,-3.03,-2.81,-2.87,-3.08,-3.28,-3.36,-3.35,-3.31,-3.26,-3.28,-3.36,-3.22,-3.28,-3.24,-3.27,-3.54,-3.31,-3.61,-3.41,-3.58,-3.59,-3.41,-3.37,-3.39,-3.28,-3.23,-3.28,-3.28,-3.17,-3.50,-3.50
1.97,1.76,1.97,2.16,2.24,2.20,2.03,2.24,2.24,2.34,2.38,2.42,2.49,2.54,2.76,2.63,2.49,2.34,2.31,2.52,2.22,2.17,2.29,2.11,2.16,2.25,2.28,2.29,2.29,2.35,2.26,2.24,2.02,1.94,1.91,1.96,2.01,2.00,1.93,1.89,1.91,1.99,1.97,2.05,1.61,1.59,1.45,0.94,0.73,1.62,2.65,2.37,1.91,1.90,1.73,1.53,1.45,1.43,1.42,1.28,1.33,1.10,1.17,1.27,1.17,1.07,1.25,1.12,1.16,1.07,1.03,1.00,0.88,1.04,0.99,1.20,1.04,1.00,1.21,1.27,1.29,1.40,1.99,2.34,1.84,0.60,0.11,0.78,0.99,1.36,1.04,0.79,0.93,0.77,1.06,1.12,1.14,1.14,1.18,1.04,1.03,1.14,1.09,1.04,1.06,1.17,1.17,1.07,1.15,1.17,1.21,1.11,0.87,0.99,1.06,-0.31,-1.37,-0.82,0.29,1.28,1.45,1.12,0.47,-0.24,-1.12,-2.44,-3.03,-3.27,-2.87,-3.14,-3.10,-2.94,-3.06,-3.27,-3.30,-3.35,-3.54,-3.41,-3.32,-3.17,-3.30,-3.45,-3.49,-3.54,-3.70,-3.19,-3.50,-3.43,-3.53,-3.53,-3.39,-3.46,-3.43,-3.36,-3.35,-3.44,-3.43,-3.12,-3.45,-3.54
1.78,1.83,1.96,2.10,2.14,2.08,1.96,2.07,2.11,2.30,2.37,2.42,2.58,2.40,2.20,2.20,2.18,2.16,2.23,2.41,2.19,2.26,2.26,2.11,2.25,2.37,2.32,2.20,2.06,2.26,2.31,2.23,2.06,2.00,1.95,1.88,2.01,2.11,2.02,1.95,1.91,1.99,1.95,2.19,1.73,1.68,1.49,1.00,0.66,1.32,2.46,2.34,2.05,2.02,1.76,1.59,1.59,1.49,1.40,1.29,1.31,1.20,1.28,1.31,1.05,1.12,1.39,1.12,1.26,1.17,0.89,0.82,0.94,0.92,0.94,0.89,0.92,0.77,0.95,1.33,1.21,1.40,1.94,2.10,1.66,0.39,0.00,0.78,1.05,1.34,1.10,1.12,1.05,0.99,1.15,1.25,1.21,1.29,1.43,1.27,1.17,1.22,1.20,1.17,1.17,1.23,1.29,1.32,1.26,1.21,1.22,1.14,1.07,1.07,1.23,0.10,-1.30,-1.09,-0.44,0.44,0.35,-0.24,-0.69,-1.07,-1.65,-2.74,-3.14,-3.23,-2.91,-3.14,-3.23,-3.04,-3.09,-3.28,-3.36,-3.46,-3.55,-3.52,-3.52,-3.36,-3.39,-3.45,-3.53,-3.58,-3.57,-3.35,-3.33,-3.32,-3.41,-3.43,-3.35,-3.40,-3.45,-3.36,-3.30,-3.39,-3.48,-3.18,-3.43,-3.48
1.66,1.91,2.02,1.99,1.99,2.02,2.01,2.01,1.97,2.36,2.34,2.24,2.49,2.45,2.53,2.38,2.30,2.47,2.60,2.42,2.46,2.51,2.37,2.32,2.35,2.29,2.22,2.24,2.26,2.19,2.26,2.08,1.88,2.06,2.03,2.06,2.07,1.97,1.91,1.91,1.85,2.06,2.10,2.16,1.78,1.83,1.43,1.09,0.66,1.21,2.32,2.31,2.24,2.18,1.83,1.61,1.50,1.43,1.39,1.22,1.17,1.20,1.29,1.31,0.92,1.05,1.34,1.25,1.20,1.01,0.84,0.77,1.00,0.73,0.84,0.94,1.07,0.69,0.73,0.90,1.11,1.45,1.83,2.52,1.46,0.44,0.21,0.80,1.09,1.25,1.17,1.03,1.14,1.18,1.25,1.09,1.06,1.18,1.33,1.22,1.07,1.14,1.15,1.15,1.18,1.18,1.28,1.28,1.39,1.28,1.17,1.36,1.20,1.22,1.11,0.26,-1.35,-1.62,-1.53,-1.22,-1.47,-1.80,-1.88,-2.10,-2.49,-3.10,-3.23,-3.41,-2.92,-3.15,-3.10,-3.18,-3.22,-3.28,-3.33,-3.32,-3.45,-3.44,-3.66,-3.55,-3.41,-3.30,-3.31,-3.48,-3.65,-3.61,-3.36,-3.19,-3.28,-3.40,-3.40,-3.41,-3.59,-3.35,-3.21,-3.23,-3.30,-3.23,-3.46,-3.41
1.85,2.08,1.95,1.93,2.01,2.01,1.91,2.08,2.23,2.43,2.36,2.40,2.67,2.40,2.35,2.29,2.23,2.25,2.35,2.45,2.28,2.51,2.29,2.05,2.14,2.18,2.18,2.26,2.30,2.29,2.03,2.19,2.05,2.06,2.07,2.12,1.96,1.84,1.80,1.80,1.97,1.99,2.00,2.02,1.70,1.84,1.42,1.21,0.67,1.20,2.38,2.46,2.22,2.13,1.90,1.62,1.46,1.53,1.46,1.23,1.10,1.11,1.29,1.23,0.98,1.11,1.16,1.05,1.17,0.94,0.85,0.88,1.05,0.73,1.04,1.01,0.95,0.68,0.74,1.23,1.07,1.60,2.00,2.12,1.60,0.55,0.03,0.93,0.76,1.22,1.25,1.06,0.99,1.06,1.06,1.01,0.99,1.00,1.10,1.07,1.03,1.09,1.15,1.17,1.15,1.23,1.29,1.28,1.38,1.31,1.27,1.16,1.25,0.94,1.15,0.87,-0.98,-2.08,-2.28,-2.10,-2.21,-2.16,-2.16,-2.47,-2.58,-3.12,-3.24,-3.33,-2.99,-3.19,-3.00,-3.15,-3.40,-3.45,-3.40,-3.43,-3.62,-3.50,-3.67,-3.61,-3.52,-3.40,-3.40,-3.61,-3.72,-3.52,-3.30,-3.19,-3.21,-3.33,-3.45,-3.41,-3.66,-3.39,-3.24,-3.24,-3.18,-3.13,-3.41,-3.54
1.89,2.07,1.90,1.94,1.94,1.89,1.88,2.05,2.24,2.37,2.45,2.52,2.52,2.41,2.49,2.48,2.38,2.49,2.72,2.77,2.55,2.40,2.37,2.05,2.11,2.11,2.11,2.25,2.24,2.07,1.99,2.42,2.26,2.18,2.11,1.96,1.97,2.01,1.90,1.84,1.90,1.94,1.90,2.00,1.59,1.79,1.57,1.34,0.66,1.12,2.23,2.41,2.14,2.08,1.96,1.68,1.53,1.50,1.48,1.40,1.22,1.20,1.37,1.27,1.11,1.16,1.07,1.05,1.10,0.96,0.84,1.12,1.17,1.04,1.06,0.92,0.99,0.73,1.05,1.23,1.23,1.49,2.00,2.28,1.76,0.66,0.05,0.71,0.83,1.18,1.07,0.89,0.89,0.88,0.90,0.93,0.90,0.87,0.93,1.04,1.11,1.15,1.16,1.16,1.14,1.16,1.26,1.26,1.33,1.36,1.33,1.22,1.25,1.09,1.03,0.84,-0.56,-2.09,-2.63,-2.27,-2.02,-1.85,-1.75,-1.90,-2.02,-2.54,-3.19,-3.27,-3.13,-3.09,-2.87,-2.94,-3.24,-3.48,-3.54,-3.58,-3.67,-3.54,-3.58,-3.52,-3.62,-3.66,-3.67,-3.68,-3.57,-3.33,-3.22,-3.31,-3.33,-3.36,-3.48,-3.27,-3.53,-3.39,-3.43,-3.46,-3.32,-3.27,-3.43,-3.65
1.77,1.87,1.93,1.93,1.84,1.79,1.80,2.17,2.13,2.28,2.41,2.48,2.49,2.43,2.36,2.43,2.43,2.58,2.70,2.57,2.40,2.18,2.46,2.05,1.97,2.13,2.29,2.40,2.43,2.22,2.02,2.17,2.12,2.08,2.13,2.14,2.14,2.03,1.88,1.84,1.87,1.96,2.07,1.99,1.64,1.73,1.64,1.31,0.62,0.89,1.72,1.99,1.99,2.08,2.05,1.84,1.68,1.54,1.51,1.55,1.31,1.15,1.42,1.39,1.25,1.25,1.26,1.21,1.22,1.12,1.10,1.18,1.42,1.00,1.15,0.89,1.14,0.88,1.11,1.18,1.39,1.60,2.08,2.19,1.88,0.73,-0.02,0.68,0.82,1.10,1.05,0.89,0.95,0.90,0.80,0.82,0.84,0.90,0.99,0.93,0.92,1.06,1.12,1.10,1.18,1.22,1.29,1.39,1.48,1.27,1.26,1.28,1.29,1.34,1.17,1.06,-0.17,-1.84,-2.58,-2.26,-1.91,-1.55,-1.12,-1.18,-1.32,-2.16,-3.03,-3.35,-3.35,-3.24,-3.08,-3.08,-3.21,-3.41,-3.59,-3.61,-3.70,-3.63,-3.46,-3.39,-3.49,-3.65,-3.63,-3.48,-3.57,-3.37,-3.32,-3.41,-3.49,-3.50,-3.46,-3.23,-3.52,-3.41,-3.49,-3.68,-3.68,-3.46,-3.55,-3.54
1.88,1.74,1.74,1.83,1.89,1.85,1.80,2.11,2.17,2.26,2.29,2.36,2.51,2.54,2.55,2.40,2.35,2.43,2.49,2.43,2.25,2.26,2.24,2.03,2.11,2.06,2.05,2.22,2.22,2.00,2.08,2.10,2.00,2.05,1.95,1.80,1.93,2.00,1.91,1.83,1.65,1.80,2.06,1.95,1.61,1.66,1.54,1.21,0.60,0.73,1.42,1.74,1.78,1.80,1.91,1.85,1.71,1.61,1.51,1.45,1.14,1.10,1.23,1.20,1.14,1.27,1.33,1.23,1.25,1.07,1.10,1.16,1.23,0.83,0.99,1.20,1.20,1.03,1.05,1.23,1.33,1.46,1.96,2.12,1.80,0.45,-0.21,0.72,0.84,1.01,0.87,0.68,0.77,0.83,0.90,0.98,1.00,0.92,0.93,0.95,0.96,1.05,1.03,0.99,1.07,1.09,1.16,1.39,1.28,0.98,1.18,1.25,1.20,1.39,1.16,1.06,-0.22,-1.81,-2.41,-2.39,-2.16,-1.62,-1.09,-0.94,-0.94,-2.03,-3.03,-3.14,-3.39,-3.36,-3.41,-3.45,-3.45,-3.49,-3.65,-3.71,-3.68,-3.75,-3.52,-3.40,-3.40,-3.54,-3.57,-3.44,-3.66,-3.50,-3.35,-3.45,-3.54,-3.49,-3.45,-3.30,-3.36,-3.44,-3.54,-3.63,-3.55,-3.31,-3.49,-3.59
1.76,1.62,1.51,1.72,1.84,1.87,1.87,1.94,2.20,2.22,2.19,2.30,2.46,2.42,2.41,2.22,2.13,2.34,2.52,2.36,2.00,2.06,2.34,2.31,2.19,2.02,1.99,2.05,2.14,2.19,2.16,2.20,2.06,1.99,2.13,1.99,1.95,2.03,1.91,1.74,1.82,1.84,1.89,1.71,1.56,1.61,1.65,1.21,0.66,0.79,1.36,1.62,1.64,1.61,1.76,1.73,1.60,1.54,1.37,1.37,1.17,1.27,1.34,1.21,1.16,1.29,1.26,1.29,1.22,1.03,1.03,1.01,1.11,1.07,1.12,1.06,1.33,0.80,1.17,1.23,1.18,1.46,1.91,2.06,1.64,0.46,-0.05,0.71,0.92,0.99,0.76,0.74,0.78,0.93,1.05,1.04,1.04,1.05,1.05,1.00,0.95,1.06,1.06,0.90,0.99,1.01,1.10,1.20,1.11,1.06,1.00,1.25,1.12,1.14,1.05,0.84,-0.42,-1.85,-2.35,-2.41,-2.21,-1.74,-1.28,-1.02,-1.14,-2.09,-3.17,-2.94,-3.40,-3.37,-3.59,-3.67,-3.61,-3.62,-3.70,-3.72,-3.44,-3.65,-3.65,-3.53,-3.57,-3.67,-3.66,-3.53,-3.75,-3.74,-3.49,-3.39,-3.44,-3.41,-3.09,-3.33,-3.36,-3.39,-3.49,-3.65,-3.68,-3.28,-3.53,-3.49
1.73,1.45,1.68,1.78,1.78,1.77,1.85,2.14,2.18,2.00,2.14,2.31,2.30,2.22,2.28,2.17,2.14,2.36,2.58,2.52,2.14,2.06,2.29,2.17,2.24,2.25,2.24,2.28,2.31,2.20,2.19,2.14,1.93,2.22,1.97,2.01,2.13,2.06,1.87,1.83,1.94,1.87,1.96,1.72,1.54,1.59,1.53,1.20,0.65,0.62,1.21,1.60,1.70,1.71,1.84,1.67,1.43,1.38,1.31,1.46,1.38,1.36,1.39,1.31,1.21,1.27,1.42,1.40,1.27,1.03,1.14,1.00,1.09,1.14,1.21,1.06,1.12,1.10,0.93,1.29,1.26,1.39,1.96,2.13,1.76,0.47,0.07,0.63,0.99,1.12,1.07,1.05,1.09,1.15,1.12,1.06,1.04,1.05,1.10,1.09,0.98,1.01,1.11,0.99,0.92,0.96,1.21,1.12,1.09,1.16,1.00,1.23,1.23,1.11,0.94,0.68,-0.56,-1.75,-2.28,-2.36,-2.21,-1.86,-1.51,-1.42,-1.70,-2.36,-3.10,-3.13,-3.39,-3.41,-3.59,-3.75,-3.70,-3.61,-3.61,-3.59,-3.40,-3.70,-3.65,-3.67,-3.59,-3.57,-3.54,-3.44,-3.71,-3.67,-3.58,-3.39,-3.39,-3.53,-3.13,-3.15,-3.32,-3.35,-3.35,-3.44,-3.61,-3.36,-3.62,-3.50
1.66,1.23,1.45,1.60,1.78,1.97,2.16,2.35,2.22,2.03,2.25,2.37,2.26,2.23,2.37,2.31,2.25,2.49,2.63,2.41,2.28,2.14,2.26,2.30,2.31,2.23,2.25,2.25,2.08,2.13,2.12,2.11,2.11,2.30,2.11,1.99,1.89,1.85,1.85,1.88,1.91,1.93,2.14,1.76,1.49,1.61,1.43,1.16,0.82,0.40,1.07,1.70,1.84,1.76,1.76,1.53,1.26,1.23,1.31,1.46,1.44,1.25,1.09,1.06,1.05,1.15,1.48,1.27,1.15,1.00,1.03,0.90,0.93,0.98,1.20,0.95,0.98,1.04,0.80,1.16,1.20,1.32,1.79,2.05,1.40,0.31,-0.06,0.47,0.83,1.21,1.06,1.11,1.03,0.90,0.92,1.00,1.09,1.01,1.05,1.09,0.99,1.01,1.01,1.07,1.04,1.04,1.22,1.11,1.11,1.00,1.18,1.22,1.10,1.05,0.85,0.63,-0.61,-1.67,-2.12,-2.37,-2.42,-2.27,-2.09,-1.91,-2.16,-2.59,-3.00,-3.21,-3.17,-3.28,-3.49,-3.77,-3.83,-3.65,-3.63,-3.55,-3.39,-3.68,-3.49,-3.61,-3.49,-3.44,-3.65,-3.55,-3.46,-3.40,-3.55,-3.55,-3.59,-3.67,-3.18,-3.10,-3.19,-3.35,-3.50,-3.55,-3.44,-3.40,-3.49,-3.52
1.61,1.37,1.32,1.50,1.59,1.77,2.17,2.53,2.43,2.43,2.51,2.53,2.45,2.31,2.34,2.32,2.18,2.43,2.58,2.42,2.30,2.02,2.29,2.28,2.12,2.08,2.16,2.17,2.17,2.20,2.02,2.28,2.08,2.01,2.03,1.95,2.08,2.01,1.79,1.79,1.90,2.00,1.97,1.64,1.71,1.84,1.68,1.38,0.98,0.39,1.16,1.74,1.89,1.70,1.61,1.51,1.28,1.23,1.27,1.34,1.39,1.18,0.96,0.90,1.06,1.07,1.25,0.99,0.96,1.00,0.88,0.89,0.73,0.76,0.90,0.87,0.92,0.80,0.78,1.07,1.03,1.18,1.60,1.96,1.57,0.42,-0.01,0.50,0.77,1.22,1.07,1.06,1.04,0.94,0.99,1.14,1.22,1.17,1.11,1.10,1.04,0.99,0.99,1.05,1.12,1.18,1.22,1.09,1.15,1.21,1.28,1.21,0.96,1.00,0.95,0.56,-0.57,-1.65,-2.02,-2.39,-2.72,-2.68,-2.63,-2.39,-2.44,-2.69,-2.95,-3.08,-3.06,-3.21,-3.46,-3.72,-3.81,-3.77,-3.85,-3.84,-3.49,-3.71,-3.37,-3.49,-3.50,-3.43,-3.55,-3.75,-3.84,-3.52,-3.58,-3.54,-3.46,-3.59,-3.33,-3.33,-3.21,-3.26,-3.44,-3.58,-3.63,-3.41,-3.43,-3.48
1.71,1.83,1.90,1.94,1.89,2.14,2.51,2.54,2.45,2.25,2.45,2.49,2.42,2.42,2.34,2.28,2.05,2.20,2.42,2.40,2.14,1.90,2.25,2.22,2.07,2.17,2.25,2.18,2.11,2.17,2.20,2.13,2.12,2.05,2.05,1.90,1.99,2.00,1.99,1.93,1.88,1.99,1.68,1.68,1.67,1.80,1.77,1.22,0.69,0.07,1.04,1.50,1.70,1.49,1.68,1.65,1.27,1.28,1.29,1.25,1.25,1.07,1.01,1.04,1.09,1.05,1.05,0.90,0.99,0.96,0.82,0.83,0.73,0.63,0.69,0.78,0.96,0.71,0.72,0.94,1.00,1.16,1.49,1.76,1.37,0.44,0.08,0.55,0.80,1.20,1.12,1.01,0.98,1.05,1.05,1.07,1.14,1.17,1.25,1.23,1.15,1.09,1.14,1.09,0.99,1.22,1.22,0.96,1.14,1.42,1.23,1.31,0.99,1.07,1.04,0.53,-0.57,-1.70,-2.12,-2.41,-2.82,-2.73,-2.73,-2.95,-2.87,-2.87,-3.04,-3.15,-3.19,-3.31,-3.39,-3.58,-3.77,-3.68,-3.71,-3.84,-3.37,-3.94,-3.50,-3.40,-3.41,-3.27,-3.23,-3.41,-3.70,-3.79,-3.49,-3.43,-3.59,-3.61,-3.52,-3.32,-3.44,-3.46,-3.45,-3.55,-3.52,-3.41,-3.49,-3.43
1.82,1.97,2.16,2.18,2.34,2.59,2.65,2.43,2.64,2.41,2.46,2.13,2.01,2.38,2.51,2.37,2.16,2.20,2.26,2.19,2.03,1.94,2.22,2.32,2.26,2.23,2.14,2.06,2.02,2.05,2.26,2.16,2.13,1.80,1.85,1.77,2.00,2.03,2.01,1.93,1.84,1.93,1.72,2.01,1.84,1.78,1.68,1.26,0.66,0.19,1.00,1.44,1.67,1.45,1.76,1.72,1.32,1.31,1.25,1.23,1.17,1.03,1.01,1.09,1.01,1.00,1.00,0.90,0.95,0.84,0.83,0.83,0.80,0.73,0.79,0.61,0.95,0.66,0.69,0.87,1.05,1.28,1.45,1.73,1.31,0.47,0.14,0.56,0.77,1.11,1.06,0.96,0.99,1.10,1.04,1.01,1.05,1.10,1.22,1.22,1.17,1.12,1.21,1.15,1.00,1.15,1.15,0.98,1.16,1.34,1.18,1.34,1.14,1.10,0.84,0.40,-0.69,-1.76,-2.18,-2.30,-2.58,-2.67,-2.64,-3.28,-3.14,-3.35,-3.27,-3.12,-3.14,-3.28,-3.30,-3.45,-3.65,-3.67,-3.92,-4.07,-3.49,-3.93,-3.80,-3.71,-3.57,-3.40,-3.52,-3.61,-3.68,-3.83,-3.63,-3.61,-3.85,-3.71,-3.52,-3.46,-3.55,-3.50,-3.36,-3.48,-3.28,-3.40,-3.61,-3.57
2.42,2.60,2.53,2.58,2.61,2.66,2.71,2.79,2.73,2.55,2.48,2.28,2.23,2.40,2.47,2.20,2.35,2.30,2.32,2.32,2.14,1.99,2.26,2.40,2.35,2.23,2.11,2.08,2.11,2.19,2.34,2.07,2.08,1.88,2.12,1.93,1.96,2.02,1.85,1.70,1.77,1.85,1.78,1.74,1.85,1.71,1.61,1.37,0.74,0.29,0.79,1.42,1.62,1.53,1.77,1.61,1.31,1.27,1.16,1.21,1.16,1.01,0.99,1.03,0.94,0.95,0.98,0.92,0.83,0.79,0.72,0.78,0.73,0.77,0.82,0.40,0.68,0.51,0.63,0.78,0.95,1.15,1.37,1.77,1.34,0.32,0.04,0.51,0.71,1.00,0.93,0.82,0.90,0.99,1.03,1.04,1.01,1.09,1.25,1.22,1.11,0.99,1.06,1.10,1.05,1.09,1.11,1.03,1.14,1.29,1.15,1.27,1.12,1.04,0.68,0.11,-0.89,-1.78,-2.13,-2.27,-2.62,-2.95,-2.87,-3.26,-3.14,-3.28,-3.18,-3.18,-3.10,-3.37,-3.41,-3.44,-3.65,-3.32,-3.72,-3.87,-3.85,-4.18,-3.84,-3.80,-3.79,-3.54,-3.67,-3.46,-3.76,-3.79,-3.61,-3.53,-3.67,-3.62,-3.49,-3.61,-3.59,-3.54,-3.50,-3.45,-3.43,-3.43,-3.65,-3.66
2.58,2.73,2.81,2.82,2.75,2.73,2.88,3.00,2.88,2.65,2.51,2.24,2.17,2.43,2.67,2.28,2.16,2.12,2.46,2.54,2.10,1.99,2.25,2.40,2.32,2.32,2.23,2.12,2.14,2.23,2.18,2.03,1.96,1.83,2.02,2.05,1.91,1.84,1.83,1.78,1.78,1.91,1.99,1.89,1.80,1.60,1.49,1.38,0.76,0.30,0.77,1.38,1.56,1.50,1.70,1.50,1.16,1.16,1.09,1.03,0.98,0.80,0.95,0.98,0.83,0.95,1.04,0.83,0.88,0.78,0.57,0.65,0.88,0.82,0.69,0.47,0.60,0.39,0.62,0.87,0.95,1.16,1.43,1.70,1.43,0.39,-0.08,0.41,0.67,0.84,0.79,0.69,0.66,0.77,0.90,0.99,0.99,1.03,1.22,1.26,1.05,0.88,0.88,0.96,1.03,1.12,1.06,0.92,0.89,1.18,0.94,1.12,0.93,0.77,0.72,0.09,-0.93,-1.76,-2.24,-2.53,-2.78,-3.15,-2.92,-2.97,-3.33,-3.58,-3.37,-3.30,-3.17,-3.44,-3.48,-3.39,-3.77,-3.72,-3.24,-3.84,-3.50,-3.85,-3.75,-3.71,-3.77,-3.65,-3.81,-3.74,-3.87,-3.84,-3.65,-3.53,-3.66,-3.76,-3.53,-3.71,-3.70,-3.66,-3.71,-3.58,-3.67,-3.57,-3.67,-3.68
2.49,2.53,2.75,2.85,2.82,2.76,2.78,2.82,2.63,2.51,2.22,2.02,2.08,2.19,2.01,1.99,2.20,2.25,2.38,2.35,2.02,1.80,2.07,2.42,2.47,2.36,2.18,2.10,2.12,2.16,2.11,2.12,2.00,1.90,1.95,1.93,1.85,1.80,1.80,1.71,1.61,1.66,1.61,1.74,1.64,1.38,1.78,1.31,0.79,0.19,0.55,1.01,1.64,1.56,1.62,1.59,1.26,1.22,1.23,1.11,1.05,0.93,1.01,0.99,0.87,0.94,1.00,0.73,0.88,0.66,0.69,0.73,0.99,0.92,0.67,0.73,0.56,0.30,0.55,0.95,0.90,1.22,1.49,1.62,1.46,0.46,-0.10,0.44,0.77,0.83,0.76,0.72,0.62,0.71,0.89,1.07,1.06,0.94,1.03,1.05,0.92,0.87,0.88,0.90,0.96,1.06,0.92,0.84,0.89,0.99,0.77,0.98,1.03,0.76,0.67,0.15,-0.93,-1.81,-2.24,-2.44,-2.53,-2.99,-2.92,-3.15,-3.15,-3.35,-3.09,-3.22,-3.35,-3.36,-3.35,-3.32,-3.27,-3.23,-2.94,-3.71,-3.48,-3.90,-3.77,-3.59,-3.75,-3.76,-3.65,-3.79,-3.93,-3.90,-3.79,-3.70,-3.81,-4.05,-3.76,-3.77,-3.77,-3.75,-3.76,-3.71,-3.68,-3.68,-3.89,-3.94
2.38,2.43,2.66,2.79,2.77,2.89,2.83,2.54,2.38,2.30,1.94,1.76,1.84,1.95,1.80,1.95,2.01,2.20,2.40,2.34,2.08,2.01,2.02,2.19,2.45,2.23,2.10,2.11,2.13,2.18,2.17,2.01,1.99,1.94,1.83,1.72,1.76,1.85,1.84,1.72,1.76,1.90,1.85,1.99,1.84,1.64,1.64,1.32,0.69,0.24,0.55,1.09,1.54,1.44,1.49,1.70,1.44,1.14,1.06,1.03,0.96,0.85,1.03,0.88,0.82,0.84,0.84,0.84,0.78,0.71,0.68,0.72,0.79,0.89,0.73,0.93,0.50,0.29,0.39,0.87,0.87,1.15,1.44,1.65,1.29,0.36,-0.07,0.52,0.87,0.88,0.72,0.74,0.69,0.72,0.95,1.15,1.05,0.85,0.92,0.89,0.82,0.85,0.93,0.94,0.88,0.99,0.96,0.82,1.05,0.90,0.89,1.05,1.12,0.79,0.69,0.31,-0.86,-2.00,-2.36,-2.30,-2.35,-2.70,-3.06,-3.24,-2.94,-3.28,-3.24,-3.36,-3.52,-3.40,-3.33,-3.41,-3.22,-3.49,-3.30,-3.55,-3.52,-3.66,-3.71,-3.66,-3.76,-3.88,-3.75,-3.77,-3.80,-3.81,-3.85,-3.90,-3.93,-4.11,-3.92,-3.84,-3.81,-3.80,-3.88,-3.65,-3.77,-3.67,-3.83,-4.01
1.99,2.23,2.42,2.49,2.43,2.72,2.65,2.31,2.07,1.70,1.49,1.66,1.94,2.01,1.77,1.90,2.02,2.13,2.29,2.35,2.26,2.18,2.07,2.10,2.29,2.14,2.19,2.08,2.06,2.23,2.19,2.00,1.99,1.87,1.83,1.76,1.85,1.85,1.85,1.70,1.61,1.78,1.89,1.83,1.61,1.45,1.54,1.43,0.77,0.31,0.51,1.16,1.50,1.40,1.46,1.59,1.40,1.17,1.11,1.12,1.04,0.90,0.99,0.87,0.73,0.95,0.69,0.58,0.90,0.79,0.60,0.66,0.82,0.90,0.74,0.92,0.69,0.36,0.44,0.89,0.88,1.14,1.33,1.64,1.17,0.41,0.05,0.52,0.78,0.80,0.67,0.72,0.74,0.77,0.87,0.92,0.84,0.80,0.96,0.90,0.82,0.85,0.80,0.79,0.83,0.95,1.05,0.78,0.82,0.85,0.90,1.00,0.88,0.57,0.47,0.18,-0.72,-1.89,-2.41,-2.17,-2.28,-2.70,-2.72,-3.23,-3.03,-3.30,-3.22,-3.06,-3.15,-3.15,-3.28,-3.75,-3.62,-3.39,-3.53,-3.53,-3.52,-3.41,-3.49,-3.49,-3.45,-3.83,-3.61,-3.63,-3.70,-3.71,-3.81,-3.97,-3.90,-3.97,-3.79,-3.84,-3.92,-3.88,-3.81,-3.68,-3.89,-4.00,-4.07,-4.03
1.51,1.64,1.71,1.88,1.85,1.93,1.84,1.65,1.43,0.94,0.99,1.26,1.39,1.42,1.46,1.77,2.01,2.01,2.16,2.07,1.94,2.03,2.01,2.29,2.29,2.25,2.10,2.07,2.11,2.19,2.29,2.10,1.91,1.84,1.94,1.87,1.89,1.87,1.90,1.83,1.72,1.78,1.88,1.85,1.77,1.72,1.80,1.55,0.94,0.51,0.57,1.06,1.49,1.60,1.74,1.72,1.36,1.10,1.12,1.07,0.95,0.78,0.78,0.72,0.50,0.71,0.69,0.55,0.62,0.63,0.71,0.65,0.67,0.68,0.58,0.69,0.66,0.40,0.46,0.85,0.73,0.93,1.11,1.44,1.09,0.51,0.15,0.50,0.78,0.69,0.65,0.76,0.80,0.89,0.83,0.73,0.78,0.88,0.99,0.89,0.74,0.72,0.67,0.69,0.49,0.62,0.90,0.51,0.35,0.50,0.74,0.80,0.74,0.41,0.50,0.13,-0.74,-1.56,-2.10,-2.04,-1.78,-2.33,-2.54,-3.01,-3.19,-3.27,-3.13,-2.91,-3.06,-3.18,-3.15,-3.49,-3.41,-2.95,-3.45,-3.45,-3.52,-3.49,-3.53,-3.50,-3.37,-3.74,-3.53,-3.62,-3.66,-3.63,-3.71,-3.88,-3.71,-3.79,-3.61,-3.66,-3.76,-3.88,-4.01,-3.89,-3.81,-3.81,-3.84,-3.72
0.56,0.82,0.85,1.01,0.95,0.79,0.65,0.53,0.44,0.05,0.31,0.40,0.40,0.50,0.71,1.03,1.94,1.82,2.03,2.18,2.14,2.12,2.20,2.12,2.18,1.94,1.94,2.08,2.14,2.19,2.14,1.88,1.82,1.84,1.90,1.80,1.66,1.70,1.77,1.78,1.77,1.74,1.74,1.71,1.72,1.65,1.60,1.53,0.85,0.35,0.09,0.94,1.33,1.36,1.37,1.39,1.34,1.16,0.99,0.96,0.85,0.66,0.57,0.50,0.58,0.65,0.73,0.82,0.76,0.68,0.56,0.65,0.56,0.56,0.60,0.51,0.49,0.47,0.47,0.66,0.78,0.85,1.10,1.31,1.00,0.39,0.03,0.40,0.82,0.68,0.63,0.80,0.69,0.76,0.85,0.77,0.72,0.71,0.93,0.92,0.77,0.68,0.66,0.47,-0.08,0.13,0.10,0.04,-0.78,-0.64,-0.27,-0.05,0.04,-0.06,-0.22,-0.49,-0.91,-1.46,-2.07,-2.41,-2.22,-2.70,-2.78,-3.52,-3.48,-3.49,-3.44,-3.44,-3.30,-3.22,-3.23,-3.13,-3.52,-2.94,-3.40,-3.40,-3.48,-3.61,-3.59,-3.52,-3.55,-3.68,-3.65,-3.80,-3.74,-3.61,-3.61,-3.72,-3.66,-3.79,-3.55,-3.79,-4.02,-3.75,-3.87,-3.77,-4.03,-3.89,-3.77,-3.92
-0.47,-0.27,-0.38,-0.28,-0.39,-0.31,-0.41,-0.46,-0.49,-0.77,-0.56,-0.56,-0.48,-0.37,-0.13,0.53,1.42,1.66,2.12,2.22,1.99,1.97,2.31,2.11,2.06,1.87,2.17,2.18,2.30,2.41,2.24,2.02,1.95,1.85,1.71,1.71,1.56,1.61,1.65,1.70,1.74,1.70,1.64,1.68,1.64,1.59,1.61,1.43,0.77,0.26,0.02,0.80,1.36,1.36,1.21,1.29,1.16,1.01,0.94,0.87,0.87,0.83,0.82,0.63,0.69,0.53,0.58,0.71,0.65,0.63,0.30,0.37,0.57,0.65,0.34,0.45,0.49,0.41,0.44,0.47,0.68,0.82,1.01,1.09,0.92,0.11,-0.17,0.39,0.80,0.66,0.51,0.58,0.52,0.62,0.83,0.82,0.76,0.68,0.79,0.80,0.76,0.80,0.65,0.10,-0.63,-0.83,-0.79,-0.88,-1.32,-1.28,-0.88,-0.61,-0.51,-0.74,-0.89,-0.88,-1.01,-1.40,-1.97,-2.50,-2.39,-2.36,-2.73,-3.30,-3.08,-3.19,-3.43,-3.46,-3.35,-3.28,-3.24,-2.95,-3.58,-3.18,-3.36,-3.27,-3.36,-3.59,-3.62,-3.50,-3.68,-3.74,-3.58,-3.71,-3.88,-3.88,-3.72,-3.70,-3.88,-3.67,-3.68,-3.68,-3.66,-3.75,-4.06,-3.81,-4.02,-3.97,-3.81,-3.94
-1.32,-1.12,-1.18,-1.31,-1.47,-1.21,-1.21,-1.02,-0.82,-1.14,-1.21,-1.09,-0.98,-0.89,-0.49,0.36,1.11,1.71,2.17,2.35,2.20,2.07,2.20,1.82,2.20,2.01,1.90,2.03,2.19,2.22,2.07,1.89,1.99,1.95,1.74,1.70,1.73,1.70,1.74,1.72,1.66,1.65,1.70,1.62,1.43,1.38,1.45,1.42,0.94,0.36,-0.17,0.78,1.15,1.17,1.09,1.29,1.17,0.98,0.98,0.92,0.92,0.79,0.51,0.62,0.61,0.66,0.50,0.68,0.72,0.68,0.49,0.44,0.79,0.62,0.41,0.60,0.57,0.29,0.47,0.58,0.80,0.95,1.06,1.05,0.73,0.09,-0.20,0.23,0.76,0.55,0.30,0.41,0.44,0.50,0.73,0.69,0.67,0.82,0.79,0.82,0.61,0.66,0.53,0.28,-0.58,-1.18,-1.26,-1.36,-1.61,-1.38,-1.33,-0.93,-0.67,-0.78,-0.99,-0.99,-1.08,-1.53,-1.89,-2.14,-2.10,-2.36,-2.88,-3.14,-3.18,-3.08,-3.15,-3.19,-3.19,-3.30,-3.28,-3.04,-3.68,-3.28,-3.24,-3.15,-3.23,-3.48,-3.59,-3.55,-3.71,-3.87,-3.61,-3.55,-3.65,-3.72,-3.79,-3.90,-3.70,-3.63,-3.62,-3.70,-3.70,-3.45,-3.77,-3.54,-3.84,-3.98,-3.81,-3.80
-1.48,-1.30,-1.36,-1.36,-1.78,-1.60,-1.50,-1.19,-1.02,-1.33,-1.32,-1.21,-1.18,-0.93,-0.39,0.30,1.21,1.78,2.14,2.24,2.16,2.14,2.20,2.07,2.06,2.17,1.96,2.01,2.17,2.18,1.94,1.83,2.06,2.05,1.97,1.72,1.80,1.68,1.87,1.74,1.54,1.62,1.76,1.60,1.46,1.42,1.42,1.44,0.93,0.30,-0.12,0.67,0.99,1.10,0.95,1.23,1.23,1.05,0.90,0.78,0.73,0.60,0.63,0.88,0.80,0.66,0.50,0.52,0.51,0.50,0.58,0.63,0.53,0.51,0.21,0.25,0.25,0.20,0.15,0.57,0.85,0.84,0.93,1.10,0.50,0.05,-0.32,0.09,0.50,0.47,0.35,0.34,0.31,0.37,0.51,0.57,0.68,0.74,0.66,0.53,0.45,0.36,0.39,-0.22,-0.76,-1.42,-1.62,-1.83,-2.04,-1.79,-1.71,-1.40,-1.04,-1.01,-0.92,-0.88,-1.27,-1.75,-2.04,-2.32,-2.33,-2.45,-2.67,-2.91,-3.28,-3.28,-3.27,-3.17,-3.08,-3.27,-3.31,-3.28,-3.70,-3.23,-3.06,-3.10,-3.17,-3.31,-3.44,-3.43,-3.55,-3.79,-3.72,-3.79,-3.85,-3.81,-3.71,-3.66,-3.67,-3.65,-3.72,-3.72,-3.62,-3.50,-3.50,-3.44,-3.65,-3.83,-3.76,-3.71
-1.51,-1.28,-1.35,-1.51,-1.75,-1.88,-1.53,-1.17,-1.16,-1.38,-1.28,-1.30,-1.16,-0.67,-0.12,0.46,1.45,1.84,2.03,2.06,2.10,2.17,2.22,2.14,2.01,2.11,2.05,2.13,2.07,2.13,2.18,2.17,2.22,2.08,2.06,1.62,1.80,1.76,1.87,1.85,1.68,1.71,1.82,1.76,1.71,1.56,1.51,1.43,1.06,0.37,-0.03,0.39,0.79,1.05,0.85,1.16,1.14,0.93,0.76,0.61,0.57,0.47,0.63,0.87,0.58,0.63,0.55,0.57,0.60,0.45,0.56,0.50,0.63,0.36,0.36,0.37,0.47,0.36,0.21,0.45,0.62,0.83,0.94,0.99,0.68,-0.05,-0.18,0.24,0.53,0.53,0.40,0.44,0.52,0.46,0.45,0.53,0.61,0.68,0.66,0.57,0.26,0.56,0.55,0.26,-0.47,-1.38,-1.32,-1.84,-1.95,-1.67,-1.75,-1.60,-1.21,-1.11,-1.14,-1.11,-1.22,-1.51,-1.91,-2.22,-2.35,-2.27,-2.50,-2.59,-2.99,-3.24,-3.22,-3.10,-3.04,-3.17,-3.19,-3.46,-3.62,-3.32,-3.00,-3.04,-3.12,-3.14,-3.19,-3.23,-3.37,-3.45,-3.50,-3.62,-3.80,-3.85,-3.53,-3.62,-3.49,-3.67,-3.68,-3.66,-3.80,-3.79,-3.70,-3.68,-3.65,-3.66,-3.68,-3.59
-1.23,-0.98,-1.01,-1.08,-1.36,-1.65,-1.38,-1.19,-1.22,-1.31,-1.26,-0.82,-0.94,-0.42,0.18,0.77,1.65,1.91,2.02,2.05,2.16,2.22,2.11,2.02,1.97,1.96,2.19,2.12,2.01,1.99,2.03,2.13,2.07,1.89,1.87,1.64,1.87,1.74,1.84,1.97,1.79,1.85,1.94,1.79,1.72,1.55,1.49,1.43,1.27,0.41,0.16,0.30,0.65,0.89,0.92,1.15,0.85,0.72,0.77,0.65,0.60,0.56,0.62,0.55,0.41,0.56,0.66,0.29,0.36,0.37,0.29,0.35,0.52,0.50,0.15,0.35,0.28,0.04,0.13,0.10,0.20,0.40,0.71,0.85,0.65,0.11,-0.10,0.15,0.49,0.55,0.35,0.46,0.67,0.53,0.46,0.62,0.46,0.08,0.52,0.44,0.36,0.30,0.47,0.30,-0.18,-1.38,-1.36,-1.72,-2.13,-1.89,-1.97,-2.00,-1.48,-1.11,-0.98,-0.84,-0.82,-1.11,-1.75,-1.95,-2.21,-2.27,-2.39,-2.44,-2.77,-3.15,-3.17,-3.00,-3.04,-3.00,-2.95,-3.32,-3.50,-3.41,-3.12,-3.17,-3.21,-3.06,-3.06,-2.99,-3.27,-3.22,-3.31,-3.37,-3.52,-3.67,-3.48,-3.62,-3.65,-3.75,-3.66,-3.58,-3.83,-3.77,-3.89,-3.87,-3.76,-3.68,-3.68,-3.50
-1.02,-0.73,-0.68,-0.76,-0.92,-1.37,-1.16,-1.18,-1.35,-1.31,-0.94,-0.52,-0.46,-0.18,0.31,0.94,1.61,2.10,2.29,2.20,2.20,2.18,2.08,2.06,2.16,2.02,2.20,2.19,2.23,2.08,2.10,2.12,1.91,2.02,1.96,2.12,2.06,1.91,1.84,1.93,1.83,1.85,1.87,1.72,1.61,1.55,1.44,1.44,1.10,0.26,0.21,0.24,0.51,0.68,0.73,1.07,0.94,0.66,0.52,0.46,0.39,0.35,0.45,0.45,0.18,0.24,0.32,0.29,0.05,0.10,0.15,0.23,0.37,0.42,0.08,0.04,0.04,-0.02,0.05,0.24,0.32,0.20,0.49,0.73,0.49,0.09,0.09,0.39,0.69,0.63,0.30,0.29,0.40,0.25,0.16,0.23,0.26,0.20,0.39,0.36,0.34,0.20,0.32,0.36,-0.20,-1.22,-1.57,-1.89,-1.62,-1.41,-1.72,-1.71,-1.37,-1.02,-0.84,-0.76,-0.76,-0.98,-1.67,-1.94,-2.17,-2.18,-2.21,-2.33,-2.78,-3.23,-3.27,-3.05,-2.92,-2.90,-2.85,-2.95,-3.12,-3.28,-2.91,-2.73,-3.00,-3.21,-3.04,-3.22,-3.22,-3.48,-3.39,-3.23,-3.32,-3.62,-3.52,-3.54,-3.67,-3.71,-3.63,-3.53,-3.58,-3.57,-3.70,-3.74,-3.74,-3.76,-3.72,-3.65
-0.79,-0.56,-0.58,-0.74,-0.98,-1.33,-1.06,-1.01,-1.16,-1.18,-0.72,-0.51,-0.41,0.18,0.62,0.96,1.55,2.38,2.55,2.45,2.23,2.14,2.12,2.10,2.26,2.20,2.25,2.20,2.01,1.96,2.05,2.05,2.08,2.16,1.79,1.85,1.73,1.94,1.59,1.97,1.94,2.02,2.06,1.79,1.64,1.64,1.50,1.38,0.96,0.29,-0.01,-0.08,0.24,0.58,0.55,0.84,0.77,0.52,0.50,0.40,0.24,0.18,0.23,0.28,0.00,0.05,0.19,0.24,-0.01,-0.06,0.05,-0.12,0.09,0.16,0.03,0.08,-0.03,-0.23,0.04,-0.16,0.24,0.25,0.25,0.62,0.25,-0.15,-0.05,0.16,0.42,0.49,0.32,0.29,0.20,0.16,0.46,0.46,0.30,0.29,0.23,0.24,0.23,0.26,0.52,0.02,0.00,-1.07,-1.61,-1.72,-1.66,-1.27,-1.64,-1.41,-1.07,-0.88,-0.68,-0.69,-0.74,-0.92,-1.51,-1.93,-2.16,-2.24,-2.14,-2.37,-2.87,-3.22,-3.22,-2.96,-2.83,-2.90,-2.96,-3.04,-3.18,-3.10,-3.09,-3.04,-3.09,-3.19,-2.92,-3.05,-3.26,-3.26,-3.36,-3.36,-3.43,-3.72,-3.49,-3.54,-3.70,-3.68,-3.57,-3.49,-3.52,-3.40,-3.45,-3.54,-3.63,-3.61,-3.35,-3.61
-0.47,-0.51,-0.69,-0.91,-1.07,-1.32,-1.24,-1.17,-1.22,-1.06,-0.62,-0.49,-0.11,0.34,0.56,0.88,1.46,1.97,2.28,2.29,2.26,2.22,2.12,2.18,2.34,2.36,2.35,2.14,1.88,1.93,2.01,2.03,2.05,2.00,1.95,1.90,1.78,1.79,1.51,1.70,1.68,1.73,1.66,1.54,1.57,1.61,1.46,1.33,1.17,0.45,-0.06,-0.29,-0.03,0.36,0.32,0.51,0.40,0.30,0.25,0.09,0.02,0.08,0.10,0.00,-0.03,0.07,0.07,0.29,0.02,-0.01,-0.15,-0.17,-0.10,-0.01,-0.20,-0.26,-0.12,-0.24,-0.17,-0.02,-0.12,0.08,0.15,0.31,0.18,-0.15,0.05,0.41,0.41,0.31,0.16,0.13,0.20,0.16,0.24,0.16,0.03,0.09,0.26,0.44,0.15,0.20,0.21,0.03,0.03,-0.88,-1.32,-1.32,-1.48,-1.36,-1.59,-1.38,-1.03,-0.96,-0.79,-0.68,-0.61,-0.76,-1.27,-1.84,-2.12,-2.46,-2.36,-2.53,-2.90,-3.26,-3.40,-3.22,-3.00,-2.90,-3.04,-2.97,-3.17,-2.96,-2.78,-2.79,-2.97,-3.19,-3.23,-3.30,-3.31,-3.41,-3.41,-3.44,-3.55,-3.72,-3.50,-3.52,-3.59,-3.62,-3.52,-3.41,-3.59,-3.40,-3.54,-3.74,-3.80,-3.67,-3.17,-3.83
-0.71,-0.77,-0.91,-0.97,-1.07,-1.38,-1.47,-1.28,-1.03,-0.79,-0.61,-0.33,-0.02,0.45,0.62,0.87,1.37,1.91,2.38,2.07,2.11,2.20,2.32,2.43,2.45,2.41,2.41,2.19,1.93,2.11,2.12,2.11,2.22,2.13,1.97,1.94,1.73,1.78,1.72,1.84,1.79,1.84,1.82,1.66,1.59,1.66,1.49,1.46,1.10,0.40,0.13,-0.31,-0.17,0.10,0.23,0.19,0.14,0.21,0.04,-0.07,-0.01,-0.08,-0.08,-0.03,-0.16,-0.10,-0.12,-0.21,-0.17,-0.31,-0.37,-0.17,-0.16,-0.02,-0.51,-0.67,-0.26,-0.31,-0.21,-0.13,-0.10,-0.17,0.13,0.58,0.30,-0.07,-0.06,0.03,0.09,0.13,0.09,-0.03,-0.08,0.08,0.04,-0.11,-0.11,-0.06,-0.13,0.20,-0.27,0.00,0.04,0.07,0.02,-0.81,-1.12,-1.22,-1.24,-1.27,-1.43,-1.43,-1.24,-1.09,-0.91,-0.66,-0.56,-0.66,-1.01,-1.72,-2.04,-2.49,-2.55,-2.56,-2.78,-3.10,-3.31,-3.14,-3.05,-2.90,-2.79,-2.49,-3.14,-3.13,-3.10,-3.14,-3.08,-3.21,-3.32,-3.54,-3.41,-3.46,-3.46,-3.48,-3.54,-3.57,-3.52,-3.44,-3.41,-3.46,-3.50,-3.40,-3.46,-3.61,-3.52,-3.55,-3.71,-3.62,-3.58,-3.57
-0.91,-0.97,-0.98,-1.03,-1.23,-1.53,-1.50,-1.13,-0.76,-0.53,-0.32,0.08,0.30,0.47,0.66,0.95,1.32,1.73,2.00,2.10,2.00,2.22,2.35,2.31,2.34,2.46,2.32,2.20,2.01,2.30,2.29,2.23,2.17,2.03,2.03,2.13,1.87,2.06,1.72,1.87,1.99,1.88,1.80,1.80,1.73,1.65,1.48,1.56,1.12,0.35,0.20,-0.52,-0.16,-0.07,0.19,-0.06,-0.10,0.07,-0.05,-0.13,-0.16,-0.32,-0.26,-0.12,-0.28,-0.36,-0.23,-0.32,-0.32,-0.49,-0.49,-0.36,-0.37,-0.28,-0.53,-0.72,-0.52,-0.29,-0.44,-0.23,-0.32,-0.20,-0.06,0.29,0.07,-0.13,-0.23,-0.23,-0.08,-0.05,-0.12,-0.21,-0.22,-0.08,-0.13,-0.16,-0.17,0.04,-0.07,0.21,-0.26,0.15,-0.13,-0.07,0.00,-0.74,-1.09,-1.23,-1.19,-1.16,-1.26,-1.37,-1.30,-1.13,-0.89,-0.53,-0.58,-0.66,-0.74,-1.48,-1.85,-2.49,-2.70,-2.85,-2.99,-3.12,-3.24,-3.22,-2.82,-2.42,-2.81,-2.62,-2.92,-2.92,-3.06,-3.27,-3.13,-3.19,-3.32,-3.31,-3.31,-3.31,-3.33,-3.37,-3.45,-3.54,-3.57,-3.45,-3.48,-3.52,-3.44,-3.45,-3.80,-3.90,-3.68,-3.54,-3.61,-3.57,-3.54,-3.70
-0.93,-0.92,-0.98,-1.13,-1.30,-1.45,-1.35,-0.94,-0.63,-0.32,0.03,0.31,0.50,0.60,0.83,1.05,1.32,1.73,2.12,2.18,2.20,2.34,2.35,2.23,2.35,2.58,2.06,2.00,2.11,2.29,2.32,2.26,2.12,2.03,2.13,2.23,2.06,1.99,1.56,1.74,2.14,2.05,1.89,1.70,1.60,1.76,1.82,1.60,1.20,0.45,0.09,-0.66,-0.13,-0.49,-0.37,-0.32,-0.41,-0.31,-0.24,-0.37,-0.48,-0.48,-0.29,-0.22,-0.43,-0.47,-0.41,-0.39,-0.34,-0.39,-0.49,-0.44,-0.29,-0.36,-0.51,-0.64,-0.43,-0.36,-0.32,-0.18,-0.37,-0.27,-0.08,-0.05,-0.06,-0.07,-0.29,-0.37,-0.16,-0.22,-0.32,-0.22,-0.27,-0.22,-0.26,-0.27,-0.18,0.19,0.03,0.35,-0.23,0.19,-0.36,-0.16,-0.06,-0.66,-1.11,-1.31,-1.35,-1.18,-1.22,-1.30,-1.16,-1.08,-0.92,-0.59,-0.51,-0.54,-0.67,-1.53,-1.80,-2.30,-2.46,-2.59,-2.67,-2.73,-3.12,-3.14,-3.14,-2.49,-2.30,-2.33,-2.46,-2.54,-2.78,-3.15,-3.10,-2.83,-3.28,-3.15,-3.32,-3.44,-3.37,-3.33,-3.54,-3.70,-3.68,-3.68,-3.77,-3.87,-3.71,-3.40,-3.68,-3.65,-3.59,-3.57,-3.55,-3.49,-3.41,-3.57
-0.72,-0.68,-0.98,-1.08,-1.16,-1.38,-1.13,-0.79,-0.47,-0.13,0.15,0.37,0.49,0.76,0.93,1.06,1.28,1.64,2.12,2.08,2.19,2.43,2.36,2.24,2.08,1.89,2.17,1.96,2.07,2.18,2.24,2.32,2.23,2.12,2.22,2.29,2.19,1.90,1.55,1.73,1.97,1.97,1.91,1.68,1.57,1.60,1.48,1.46,0.82,0.35,-0.16,-0.96,-0.53,-0.63,-0.64,-0.62,-0.66,-0.53,-0.52,-0.61,-0.72,-0.64,-0.43,-0.43,-0.64,-0.53,-0.44,-0.57,-0.61,-0.58,-0.64,-0.52,-0.43,-0.51,-0.51,-0.78,-0.47,-0.54,-0.37,-0.37,-0.49,-0.36,-0.32,-0.31,-0.29,-0.33,-0.44,-0.57,-0.37,-0.34,-0.44,-0.26,-0.26,-0.24,-0.26,-0.17,-0.13,0.09,0.09,0.25,-0.31,0.03,-0.29,-0.21,-0.18,-0.74,-1.07,-1.46,-1.51,-1.19,-1.18,-1.23,-1.08,-1.07,-0.82,-0.67,-0.47,-0.48,-0.57,-1.21,-1.76,-2.51,-2.65,-2.59,-2.60,-2.58,-2.97,-3.27,-3.12,-2.79,-2.22,-2.23,-2.24,-2.16,-2.36,-2.81,-2.86,-2.73,-3.18,-3.09,-3.31,-3.58,-3.57,-3.48,-3.85,-3.97,-3.92,-3.83,-3.62,-3.43,-3.50,-3.90,-3.89,-3.66,-3.57,-3.68,-3.76,-3.62,-3.63,-3.75
-0.68,-0.78,-0.98,-1.14,-1.28,-1.38,-1.28,-1.06,-0.31,0.07,0.29,0.52,0.65,0.74,0.89,1.07,1.33,1.76,2.26,2.34,2.29,2.28,2.23,2.34,2.28,2.06,2.22,2.12,2.20,2.20,2.35,2.40,2.22,2.17,2.37,2.45,2.26,2.03,1.76,1.87,1.95,2.08,1.96,1.72,1.61,1.56,1.51,1.50,1.06,0.37,0.07,-0.81,-0.82,-0.58,-0.92,-0.67,-0.66,-0.64,-0.74,-0.83,-0.83,-0.79,-0.67,-0.64,-0.73,-0.61,-0.41,-0.51,-0.66,-0.72,-0.68,-0.49,-0.46,-0.53,-0.31,-0.72,-0.37,-0.48,-0.51,-0.47,-0.57,-0.42,-0.43,-0.44,-0.42,-0.41,-0.47,-0.61,-0.47,-0.32,-0.41,-0.33,-0.31,-0.24,-0.12,0.09,0.04,-0.15,0.20,0.16,-0.18,0.00,-0.01,-0.18,-0.23,-0.72,-0.98,-1.46,-1.51,-1.12,-1.04,-1.07,-1.04,-1.17,-0.78,-0.58,-0.66,-0.62,-0.21,-1.04,-1.46,-2.10,-2.49,-2.39,-2.24,-2.35,-2.85,-3.40,-3.54,-2.82,-2.23,-1.95,-2.07,-2.05,-2.10,-2.64,-2.70,-2.91,-3.01,-2.88,-3.13,-3.36,-3.41,-3.39,-3.54,-3.49,-3.59,-3.67,-3.62,-3.52,-3.57,-3.76,-3.79,-3.65,-3.53,-3.58,-3.67,-3.58,-3.68,-3.87
-0.81,-1.07,-1.04,-1.19,-1.24,-1.14,-1.08,-0.56,-0.20,0.24,0.46,0.63,1.00,0.62,0.83,1.03,1.29,1.73,2.24,2.19,2.32,2.40,2.18,2.23,2.36,2.36,2.31,2.26,2.57,2.54,2.37,2.26,2.26,2.29,2.43,2.54,2.28,2.16,1.89,2.00,1.89,2.07,2.05,1.77,1.71,1.77,1.68,1.57,1.15,0.50,-0.07,-1.11,-0.87,-0.69,-0.73,-0.89,-0.83,-0.67,-0.59,-0.51,-0.33,-0.32,-0.38,-0.43,-0.63,-0.73,-0.63,-0.46,-0.31,-0.46,-0.46,-0.34,-0.27,-0.34,-0.22,-0.58,-0.17,-0.27,-0.38,-0.46,-0.51,-0.42,-0.47,-0.49,-0.41,-0.31,-0.46,-0.53,-0.39,-0.29,-0.28,-0.27,-0.20,-0.29,-0.10,0.25,0.23,-0.01,0.39,0.31,0.15,0.19,0.19,-0.02,-0.15,-0.42,-0.81,-1.17,-1.47,-1.22,-0.92,-1.04,-1.02,-1.16,-0.81,-0.59,-0.39,-0.54,-0.46,-0.78,-1.36,-1.86,-2.23,-2.37,-2.47,-2.79,-2.87,-3.10,-3.58,-3.00,-2.55,-2.04,-2.03,-2.07,-1.93,-2.53,-2.81,-2.92,-2.87,-2.64,-3.00,-3.48,-3.48,-3.23,-3.49,-3.37,-3.27,-3.45,-3.61,-3.53,-3.92,-3.66,-3.58,-3.54,-3.52,-3.53,-3.55,-3.44,-3.52,-3.65
-0.79,-1.14,-1.02,-1.27,-1.32,-1.13,-0.81,-0.15,-0.18,0.19,0.40,0.50,0.79,0.85,0.73,0.85,1.16,1.67,2.16,2.13,2.42,2.52,2.35,2.42,2.47,2.43,2.47,2.34,2.47,2.54,2.48,2.43,2.45,2.22,2.16,2.36,2.25,2.23,1.93,2.12,1.85,1.93,2.00,1.88,1.79,1.70,1.66,1.76,1.34,0.66,-0.20,-0.59,-0.72,-0.83,-0.67,-0.87,-1.22,-0.82,-0.92,-0.88,-0.57,-0.48,-0.47,-0.51,-0.72,-0.78,-0.67,-0.62,-0.53,-0.48,-0.49,-0.39,-0.52,-0.38,-0.46,-0.61,-0.33,-0.37,-0.36,-0.52,-0.44,-0.32,-0.57,-0.58,-0.52,-0.36,-0.47,-0.47,-0.31,-0.31,-0.27,-0.23,-0.07,-0.33,-0.22,0.07,0.11,0.26,0.47,0.31,0.23,0.21,0.24,0.09,-0.08,-0.49,-0.84,-1.18,-1.38,-1.27,-1.13,-0.99,-0.86,-1.28,-1.12,-0.99,-0.54,-0.57,-0.38,-0.62,-1.18,-1.76,-2.17,-2.41,-2.63,-2.86,-2.67,-3.00,-3.41,-3.24,-2.90,-2.53,-2.26,-2.07,-1.89,-2.21,-2.76,-2.86,-2.72,-2.62,-2.50,-2.70,-3.15,-3.12,-3.35,-3.22,-3.28,-3.45,-3.52,-3.36,-3.90,-3.52,-3.43,-3.50,-3.58,-3.57,-3.80,-3.48,-3.50,-3.68
-0.78,-1.03,-1.06,-1.22,-1.04,-0.77,-0.56,-0.07,0.02,0.42,0.57,0.66,0.87,0.83,0.79,0.83,1.23,1.77,2.17,2.29,2.51,2.52,2.42,2.52,2.47,2.49,2.69,2.48,2.55,2.57,2.55,2.37,2.36,2.23,2.14,2.25,2.35,2.34,2.16,2.24,1.97,1.95,1.91,1.91,1.89,1.78,1.84,1.97,1.61,1.22,0.53,-0.02,0.26,0.53,0.45,0.45,0.30,0.26,0.21,-0.03,0.14,0.37,0.20,-0.11,-0.28,-0.21,-0.22,-0.29,-0.32,-0.44,-0.47,-0.39,-0.56,-0.33,-0.18,-0.20,-0.17,-0.29,-0.39,-0.18,-0.13,0.14,-0.16,-0.31,-0.31,-0.08,-0.05,-0.08,0.08,0.10,0.05,-0.02,-0.05,0.09,0.10,-0.06,0.16,0.09,0.44,0.14,-0.29,-0.10,-0.10,-0.03,0.07,-0.31,-0.66,-1.18,-1.52,-1.31,-1.19,-1.26,-0.87,-0.93,-0.96,-0.96,-0.78,-0.56,-0.38,-0.53,-1.03,-1.65,-2.12,-2.47,-2.81,-2.72,-2.60,-3.00,-3.23,-3.41,-3.18,-3.01,-2.65,-2.13,-2.21,-2.26,-2.65,-2.45,-2.44,-2.42,-2.33,-2.31,-2.55,-2.56,-3.04,-3.01,-3.13,-3.30,-3.35,-3.41,-3.72,-3.41,-3.33,-3.48,-3.58,-3.54,-3.97,-3.70,-3.53,-3.59
-1.22,-1.03,-1.13,-1.02,-0.67,-0.46,-0.32,0.08,0.42,0.57,0.42,0.40,0.61,0.74,0.88,1.03,1.39,1.78,2.08,2.28,2.49,2.48,2.28,2.48,2.41,2.32,2.37,2.26,2.42,2.30,2.53,2.36,2.35,2.26,2.20,2.31,2.40,2.24,2.34,2.11,2.00,2.08,1.90,1.82,1.96,1.91,1.85,1.97,1.84,1.70,1.28,0.80,0.67,0.88,0.93,0.94,0.89,0.93,0.77,0.74,0.79,0.66,0.58,0.47,0.30,0.26,0.29,0.58,0.61,0.50,0.60,0.61,0.66,0.40,1.01,0.62,0.96,0.82,0.45,0.66,0.88,1.06,0.77,0.71,0.58,0.77,0.79,0.74,0.98,1.10,1.26,1.18,0.99,1.23,1.25,1.14,1.15,0.88,1.42,1.11,1.06,0.99,0.78,0.45,0.00,-0.17,-0.43,-0.96,-1.26,-1.21,-1.26,-1.43,-1.08,-1.12,-1.35,-1.08,-0.88,-0.59,-0.47,-0.53,-0.86,-1.35,-1.86,-2.41,-2.85,-2.60,-2.79,-2.96,-3.12,-3.53,-3.46,-3.36,-2.97,-2.12,-2.13,-2.55,-2.70,-2.60,-2.32,-2.02,-1.84,-1.93,-2.16,-2.07,-2.47,-2.70,-2.83,-2.92,-3.03,-3.43,-3.50,-3.37,-3.31,-3.28,-3.26,-3.59,-3.85,-3.76,-3.65,-3.65
-1.16,-1.16,-0.92,-0.92,-0.66,-0.42,-0.16,0.19,0.40,0.44,0.47,0.53,0.56,0.63,1.04,1.22,1.56,1.80,1.95,2.12,2.24,2.34,2.03,2.30,2.28,2.13,2.02,1.96,2.25,2.12,2.28,2.00,2.05,2.11,2.34,2.47,2.19,1.83,1.84,1.78,1.73,1.97,1.79,1.66,1.82,1.84,1.76,1.73,1.85,1.97,1.59,1.29,0.94,0.77,0.87,1.03,1.05,1.10,0.89,1.06,0.99,0.90,0.94,0.83,0.63,0.52,0.45,0.30,0.25,0.10,0.36,0.84,0.82,1.00,0.78,0.55,0.57,0.52,0.28,0.58,0.93,0.68,0.62,0.66,0.71,1.16,1.42,1.34,1.37,1.53,1.72,1.79,1.72,1.48,1.64,1.55,1.74,1.48,1.65,1.50,1.40,1.51,1.10,0.61,0.37,-0.28,-0.68,-0.84,-1.09,-1.18,-1.12,-1.14,-0.91,-0.82,-1.21,-1.13,-0.86,-0.61,-0.53,-0.53,-0.67,-1.08,-1.66,-2.23,-2.78,-2.64,-2.83,-2.95,-3.18,-3.72,-3.74,-3.48,-3.23,-2.64,-2.41,-2.42,-2.16,-2.09,-2.10,-1.93,-1.71,-1.72,-1.90,-1.74,-2.07,-2.37,-2.50,-2.51,-2.69,-2.92,-2.92,-2.94,-3.08,-3.18,-3.08,-3.05,-3.40,-3.59,-3.48,-3.33
-1.06,-1.06,-0.84,-0.72,-0.49,-0.33,-0.10,0.15,0.10,0.32,0.42,0.56,0.73,0.87,1.06,1.11,1.10,1.26,1.60,1.90,1.89,2.13,1.79,1.96,2.05,2.03,1.90,1.87,2.10,2.01,1.99,1.78,1.87,1.97,2.06,1.97,1.71,1.53,1.80,1.55,1.29,1.50,1.29,1.40,1.44,1.61,1.60,1.43,1.55,1.74,1.39,0.89,0.66,0.45,0.57,0.84,0.83,0.87,0.80,0.80,0.66,0.52,0.47,0.42,0.40,0.42,0.42,0.45,0.46,0.41,0.39,0.51,0.44,0.92,0.45,0.40,0.76,0.67,0.57,0.53,0.58,0.84,0.80,0.67,0.61,0.92,1.06,0.95,1.07,1.28,1.37,1.27,1.17,1.31,1.71,1.61,1.53,1.64,1.51,1.50,1.44,1.37,1.05,0.52,0.30,-0.06,-0.39,-0.69,-1.24,-1.47,-1.27,-1.43,-1.16,-0.83,-1.31,-0.96,-1.03,-0.68,-0.59,-0.58,-0.62,-1.02,-1.66,-2.10,-2.83,-2.83,-2.86,-2.85,-3.26,-3.68,-3.76,-3.39,-3.08,-3.17,-3.13,-2.94,-2.68,-2.27,-2.14,-1.94,-1.60,-1.62,-1.76,-1.57,-1.78,-2.04,-2.16,-2.14,-2.35,-2.32,-2.22,-2.22,-2.35,-2.62,-2.88,-2.95,-3.04,-3.23,-3.33,-3.26
-1.09,-0.97,-0.91,-0.27,-0.31,-0.15,0.05,0.18,0.24,0.42,0.35,0.53,0.76,0.95,1.20,1.33,1.14,1.33,1.62,1.76,1.87,1.83,1.66,1.74,1.82,1.84,1.83,1.82,1.87,1.87,1.78,1.66,1.67,1.59,1.73,1.77,1.49,1.27,1.38,1.25,1.07,1.21,1.25,1.26,1.21,1.18,1.27,1.29,1.23,1.23,0.99,0.35,0.18,0.14,0.26,0.53,0.42,0.73,0.88,0.66,0.47,0.47,0.41,0.37,0.31,0.19,0.28,0.39,0.31,0.28,0.23,0.18,0.41,0.62,0.49,0.49,0.52,0.09,0.13,0.05,-0.01,0.11,0.28,0.18,0.19,0.55,0.92,1.07,1.09,1.20,1.28,1.15,1.12,1.16,1.11,1.10,1.07,1.21,1.26,1.28,1.18,0.98,0.85,0.60,0.28,-0.03,-0.31,-0.68,-1.18,-1.37,-1.14,-1.40,-1.17,-1.02,-1.40,-0.94,-1.06,-0.74,-0.68,-0.71,-0.69,-1.02,-1.51,-2.02,-2.86,-2.78,-2.88,-2.97,-3.18,-3.26,-3.57,-3.89,-3.61,-3.41,-2.99,-2.74,-2.54,-2.18,-1.98,-1.84,-1.60,-1.59,-1.71,-1.47,-1.59,-1.81,-1.94,-1.93,-1.94,-1.94,-2.12,-2.09,-2.05,-2.22,-2.36,-2.35,-2.42,-2.62,-2.76,-2.74
-1.06,-0.86,-0.53,-0.31,-0.01,0.13,0.30,0.55,0.74,0.61,0.51,0.53,0.71,1.00,1.26,1.33,1.32,1.40,1.49,1.51,1.53,1.80,1.70,1.71,1.61,1.66,1.73,1.71,1.64,1.65,1.64,1.62,1.57,1.34,1.56,1.71,1.44,1.20,1.36,1.33,1.18,1.15,1.05,1.25,1.40,1.22,1.27,1.37,1.22,1.03,0.73,0.36,0.08,0.03,0.15,0.32,0.26,0.46,0.68,0.56,0.46,0.44,0.42,0.41,0.26,0.20,0.35,0.40,0.30,0.25,0.13,0.11,0.45,0.36,0.26,0.15,0.03,-0.12,0.04,0.13,0.02,-0.02,0.02,-0.03,-0.05,0.26,0.66,0.88,0.99,0.95,0.98,0.99,0.74,0.89,0.99,1.05,0.95,0.90,1.07,0.83,1.01,0.94,0.73,0.47,0.26,0.04,-0.24,-0.62,-1.03,-1.32,-1.19,-1.31,-1.16,-1.04,-1.32,-1.07,-0.93,-0.74,-0.78,-0.82,-0.68,-0.82,-1.17,-1.81,-2.74,-2.68,-3.06,-2.92,-2.94,-2.92,-3.19,-3.84,-3.71,-3.59,-3.03,-2.74,-2.47,-2.14,-1.93,-1.85,-1.64,-1.50,-1.65,-1.40,-1.55,-1.91,-2.10,-1.74,-1.55,-1.72,-1.81,-1.94,-2.03,-2.00,-2.08,-1.91,-2.09,-2.22,-2.16,-2.18
-0.96,-0.62,-0.34,-0.28,-0.21,0.07,0.24,0.30,0.32,0.67,0.51,0.56,0.80,1.09,1.26,1.25,1.33,1.40,1.50,1.59,1.72,1.84,1.72,1.84,2.13,1.87,1.57,1.57,1.59,1.43,1.53,1.50,1.46,1.28,1.48,1.56,1.34,1.18,1.27,1.20,1.04,1.03,1.05,0.89,1.01,1.04,1.06,1.00,0.92,0.84,0.63,0.36,0.18,0.16,0.18,0.35,0.40,0.08,0.29,0.39,0.35,0.37,0.41,0.39,0.30,0.26,0.34,0.28,0.15,0.10,0.09,0.20,0.47,0.46,0.35,0.20,0.08,-0.07,-0.01,0.09,-0.21,-0.13,-0.18,-0.17,-0.07,0.23,0.60,0.78,0.85,0.90,0.79,0.82,0.55,0.85,0.94,0.92,0.76,0.69,0.73,0.74,0.77,0.69,0.52,0.34,0.23,0.09,-0.22,-0.59,-0.91,-1.40,-1.47,-1.37,-1.30,-1.04,-1.21,-1.13,-1.01,-0.88,-0.77,-0.67,-0.59,-0.77,-1.31,-1.99,-2.47,-2.68,-3.06,-2.97,-2.78,-2.74,-3.03,-3.66,-3.76,-3.76,-3.17,-2.95,-2.81,-2.40,-2.09,-2.07,-1.74,-1.43,-1.56,-1.55,-1.55,-1.64,-1.76,-1.69,-1.72,-1.64,-1.79,-1.89,-1.81,-1.76,-1.71,-1.60,-1.81,-2.04,-1.83,-1.99
-0.77,-0.37,-0.10,-0.10,0.16,0.26,0.49,0.63,0.61,0.60,0.68,0.71,0.87,1.11,1.26,1.25,1.32,1.43,1.51,1.61,1.67,1.60,1.53,1.65,1.64,1.46,1.36,1.45,1.59,1.45,1.37,1.14,1.25,1.26,1.38,1.40,1.31,1.22,1.22,1.14,1.10,1.07,1.06,0.99,1.10,0.89,0.87,1.07,1.17,1.10,0.87,0.41,0.24,0.21,0.16,0.28,0.51,0.18,0.07,0.21,0.16,0.35,0.40,0.35,0.30,0.30,0.32,0.28,0.20,0.21,0.16,0.32,0.32,0.35,0.28,0.05,0.20,0.03,-0.17,-0.08,-0.41,-0.31,-0.24,-0.18,-0.03,0.30,0.63,0.67,0.67,0.87,0.73,0.63,0.61,0.72,0.85,0.68,0.58,0.62,0.60,0.56,0.60,0.55,0.39,0.30,0.26,0.16,-0.18,-0.64,-0.87,-1.38,-1.65,-1.42,-1.24,-1.17,-1.08,-1.28,-1.11,-0.96,-0.77,-0.53,-0.56,-0.68,-1.31,-1.76,-2.31,-2.50,-2.97,-2.78,-2.54,-2.67,-2.97,-3.43,-3.79,-4.01,-3.36,-3.15,-3.08,-2.72,-2.28,-2.26,-2.08,-1.76,-1.88,-1.99,-2.08,-2.14,-2.17,-2.10,-1.98,-1.81,-1.94,-2.09,-1.75,-1.78,-1.69,-1.57,-1.60,-1.75,-1.79,-1.76
-0.63,-0.17,0.16,0.10,0.46,0.28,0.46,0.51,0.46,0.63,0.73,0.60,0.95,1.11,1.01,1.14,1.56,1.38,1.36,1.48,1.60,1.54,1.49,1.43,1.62,1.60,1.38,1.42,1.54,1.45,1.53,1.22,1.44,1.29,1.27,1.27,1.25,1.22,1.17,1.07,1.07,1.00,1.03,0.93,1.00,0.92,0.93,0.93,0.90,0.93,0.83,0.47,0.20,0.30,0.19,0.04,0.61,0.50,0.10,0.24,0.18,0.18,0.37,0.32,0.26,0.31,0.35,0.36,0.39,0.40,0.21,0.36,0.07,0.24,0.21,-0.11,0.07,0.11,-0.03,-0.10,-0.27,-0.18,-0.21,-0.08,0.03,0.26,0.55,0.52,0.58,0.73,0.58,0.61,0.53,0.52,0.68,0.56,0.62,0.52,0.62,0.42,0.52,0.61,0.40,0.29,0.30,0.20,-0.11,-0.56,-0.88,-1.36,-1.71,-1.61,-1.16,-1.17,-0.91,-1.06,-0.96,-0.83,-0.82,-0.73,-0.82,-0.78,-1.07,-1.61,-2.09,-2.32,-2.95,-3.00,-2.70,-2.73,-2.88,-3.23,-3.67,-4.19,-3.55,-3.31,-3.04,-2.59,-2.36,-2.47,-1.99,-2.39,-2.16,-2.07,-2.13,-2.23,-2.24,-2.26,-2.09,-2.00,-2.17,-2.37,-1.84,-2.07,-2.17,-2.16,-2.03,-1.86,-1.76,-1.88
-0.52,-0.17,0.05,0.18,0.34,0.20,0.29,0.41,0.50,0.55,0.76,0.37,0.73,0.98,1.03,1.07,1.37,1.21,1.15,1.31,1.50,1.53,1.42,1.38,1.54,1.31,1.10,1.17,1.26,1.26,1.25,1.14,1.15,1.20,1.05,1.01,0.99,1.06,1.07,0.90,0.83,0.88,0.94,0.74,0.88,0.98,0.99,1.00,0.99,1.00,0.93,0.57,0.23,0.16,0.26,0.19,0.36,0.16,0.35,0.29,0.04,0.02,0.25,0.37,0.31,0.30,0.31,0.34,0.32,0.21,0.11,0.19,-0.08,0.19,0.23,-0.15,-0.13,0.03,0.10,-0.12,-0.10,0.04,-0.08,0.09,0.15,0.23,0.45,0.46,0.57,0.61,0.47,0.53,0.35,0.44,0.39,0.47,0.58,0.31,0.53,0.47,0.51,0.52,0.31,0.29,0.34,0.15,-0.11,-0.29,-0.57,-1.32,-1.32,-1.40,-1.30,-1.09,-0.86,-1.16,-1.22,-0.99,-0.83,-0.83,-0.99,-0.71,-0.81,-1.40,-1.97,-2.19,-2.79,-3.17,-3.01,-2.82,-2.74,-3.19,-3.54,-4.05,-3.57,-3.31,-3.15,-2.77,-2.51,-2.64,-2.41,-2.42,-2.28,-2.18,-2.27,-2.44,-2.30,-2.22,-2.17,-2.16,-2.30,-2.51,-1.94,-2.13,-2.07,-2.12,-2.19,-1.99,-1.84,-2.14
-0.42,-0.37,-0.03,0.34,0.32,0.24,0.29,0.50,0.52,0.45,0.62,0.40,0.69,1.01,1.16,1.10,1.07,1.07,1.15,1.21,1.31,1.36,1.34,1.45,1.53,1.07,1.03,1.25,1.33,1.23,1.20,1.22,1.21,1.17,1.23,1.17,1.03,1.05,1.04,0.80,0.69,0.88,0.85,0.49,0.72,0.98,1.10,1.14,1.03,0.87,0.76,0.63,0.37,0.18,0.16,0.11,0.00,0.28,0.23,0.34,0.32,0.09,0.13,0.24,0.15,0.19,0.37,0.37,0.13,-0.10,0.03,0.00,-0.10,-0.01,0.07,-0.16,-0.08,-0.10,-0.10,-0.18,-0.08,0.03,0.07,0.24,0.35,0.37,0.42,0.45,0.51,0.58,0.51,0.31,0.28,0.35,0.18,0.28,0.30,0.14,0.41,0.23,0.40,0.34,0.24,0.44,0.50,0.19,-0.06,-0.28,-0.69,-1.14,-1.46,-1.60,-1.18,-0.97,-1.11,-1.06,-1.14,-1.11,-0.76,-0.61,-0.82,-0.66,-0.73,-1.19,-1.90,-2.24,-2.68,-3.03,-2.97,-2.87,-2.78,-3.23,-3.59,-3.90,-3.83,-3.54,-3.31,-3.14,-3.00,-2.79,-2.55,-2.45,-2.41,-2.41,-2.46,-2.56,-2.45,-2.32,-2.33,-2.33,-2.31,-2.40,-2.30,-2.36,-2.21,-2.17,-2.27,-1.99,-2.07,-2.31
-0.20,-0.28,-0.03,0.30,0.36,0.24,0.45,0.51,0.46,0.45,0.56,0.52,0.55,0.95,1.22,1.20,1.22,1.34,1.28,1.22,1.22,1.32,1.44,1.48,1.65,1.23,1.20,1.42,1.43,1.32,1.27,1.18,1.16,1.15,1.21,1.09,0.85,0.98,1.11,1.03,0.89,0.90,0.76,0.30,0.67,0.90,1.15,1.07,0.98,0.85,0.73,0.74,0.52,0.16,0.14,0.09,0.07,0.51,0.08,-0.26,-0.03,0.10,0.14,0.23,0.20,0.14,0.23,0.31,0.14,-0.03,0.15,-0.05,-0.22,-0.12,-0.11,-0.21,-0.01,0.00,-0.15,0.07,0.02,-0.02,0.16,0.41,0.41,0.51,0.50,0.25,0.44,0.44,0.46,0.39,0.16,0.26,0.42,0.25,0.07,0.05,0.25,0.26,0.18,0.21,0.29,0.20,0.16,0.24,0.08,-0.13,-0.37,-0.79,-1.03,-1.40,-1.31,-1.28,-1.28,-1.14,-1.13,-1.14,-0.81,-0.51,-0.69,-0.66,-0.73,-1.06,-1.80,-2.30,-2.72,-2.92,-2.81,-3.06,-2.92,-3.03,-3.55,-3.98,-4.01,-3.71,-3.35,-3.12,-3.14,-2.96,-2.92,-2.68,-2.62,-2.68,-2.67,-2.47,-2.64,-2.65,-2.60,-2.53,-2.47,-2.30,-2.37,-2.46,-2.46,-2.44,-2.51,-2.46,-2.22,-2.42
0.10,0.31,0.41,0.44,0.46,0.45,0.39,0.40,0.51,0.62,0.63,0.60,0.60,0.99,1.15,1.20,1.31,1.16,0.99,1.07,1.03,1.09,1.28,1.21,1.50,1.42,1.38,1.50,1.51,1.42,1.28,1.17,1.09,1.18,1.27,1.14,0.94,1.12,1.14,0.93,0.89,0.87,0.55,0.58,0.90,0.79,1.01,0.84,0.80,0.72,0.62,0.63,0.52,0.31,0.31,0.16,0.03,0.35,0.16,0.00,-0.10,-0.13,0.05,-0.05,-0.12,0.11,0.20,0.15,0.02,-0.28,-0.03,-0.20,-0.12,0.11,-0.22,-0.16,-0.23,-0.13,-0.08,0.03,-0.11,0.04,0.35,0.39,0.34,0.39,0.25,0.09,0.31,0.32,0.19,0.09,0.16,0.28,0.23,0.23,0.15,-0.15,0.14,0.28,0.19,0.10,0.15,0.04,-0.23,-0.17,0.07,-0.10,-0.44,-0.99,-1.13,-1.50,-1.46,-1.41,-1.28,-1.18,-1.24,-1.28,-0.98,-0.58,-0.77,-0.68,-0.66,-0.91,-1.51,-2.02,-2.53,-2.92,-2.86,-2.86,-2.87,-2.83,-3.31,-3.89,-4.02,-3.81,-3.54,-3.22,-3.22,-3.00,-3.04,-2.83,-2.77,-2.86,-2.85,-2.60,-2.81,-2.81,-2.72,-2.70,-2.79,-2.68,-2.69,-2.72,-2.76,-2.74,-2.70,-2.77,-2.47,-2.56
0.31,0.42,0.37,0.37,0.36,0.28,0.40,0.45,0.55,0.62,0.61,0.62,0.84,1.01,1.11,1.18,1.22,1.21,1.03,1.17,1.15,1.31,1.38,1.10,1.20,1.22,1.45,1.54,1.56,1.45,1.29,1.11,1.07,1.09,1.21,1.07,0.84,0.84,0.99,0.87,0.62,0.72,0.79,0.80,0.83,0.74,0.89,0.78,0.60,0.49,0.50,0.55,0.55,0.45,0.42,0.26,0.19,0.28,0.18,0.05,-0.06,-0.01,0.07,-0.01,0.00,0.14,0.25,0.24,0.10,-0.03,-0.07,-0.21,-0.01,0.19,-0.12,-0.49,-0.39,-0.22,-0.05,0.26,0.20,0.10,0.18,0.49,0.63,0.50,0.25,0.07,0.31,0.36,0.23,0.24,0.11,0.36,0.47,0.40,0.32,0.15,0.15,0.28,0.42,0.30,0.25,0.32,0.11,0.02,-0.06,0.00,-0.34,-0.96,-1.21,-1.59,-1.56,-1.38,-1.22,-1.11,-1.17,-1.33,-1.08,-0.63,-0.68,-0.81,-0.53,-0.67,-1.19,-1.83,-2.54,-3.08,-3.00,-3.23,-2.79,-3.04,-3.39,-3.72,-3.84,-3.72,-3.57,-3.33,-3.35,-3.05,-3.04,-2.86,-2.82,-2.94,-2.85,-3.14,-2.99,-2.96,-2.95,-2.86,-2.88,-3.00,-2.99,-2.94,-2.92,-2.96,-2.85,-2.79,-2.77,-2.76
