-53.41,-53.38,-52.77,-53.12,-52.80,-52.86,-53.00,-53.09,-53.20,-53.64,-53.55,-53.17,-53.29,-53.43,-52.80,-53.43,-53.43,-53.46,-53.38,-53.58,-54.37,-54.78,-54.13,-54.31,-53.93,-54.02,-54.05,-53.70,-53.96,-54.58,-55.11,-54.49,-54.25,-54.52,-54.64,-54.49,-54.10,-53.67,-54.22,-54.31,-54.16,-54.08,-53.17,-53.09,-53.46,-53.70,-53.64,-53.23,-52.86,-52.83,-51.50,-50.46,-49.38,-46.33,-41.75,-35.85,-28.54,-21.08,-15.91,-15.85,-21.30,-28.83,-35.02,-38.98,-41.85,-44.18,-46.80,-45.21,-40.66,-40.81,-42.80,-47.42,-49.92,-51.03,-52.26,-53.20,-53.41,-53.20,-53.23,-53.49,-53.17,-53.52,-53.49,-53.06,-53.46,-53.52,-53.38,-54.43,-54.19,-54.73,-54.93,-54.78,-54.70,-54.58,-54.73,-54.52,-53.64,-53.52,-54.55,-54.64,-54.67,-54.22,-54.73,-54.78,-54.58,-54.73,-53.70,-54.02,-54.55,-54.49,-54.19,-53.96,-53.99,-54.19,-54.52,-54.61,-54.90,-54.67,-54.61,-54.46,-54.73,-55.08,-55.02,-54.55,-54.16,-54.46,-54.37,-54.55,-54.90,-54.61,-54.28,-54.25,-54.10,-53.64,-53.15,-53.03,-52.86,-53.12,-53.09,-52.63,-52.37,-52.66,-52.77,-53.23,-52.94,-52.57,-52.26,-52.06,-52.40,-52.57,-52.94,-52.86,-52.49,-52.32,-52.54,-52.46,-52.49,-52.43,-52.26,-52.40
-53.17,-53.20,-52.69,-52.54,-52.43,-52.49,-52.57,-52.60,-52.72,-53.26,-53.41,-53.32,-53.55,-53.84,-52.97,-53.17,-53.46,-53.70,-53.70,-53.75,-54.55,-54.49,-54.10,-54.22,-53.75,-53.90,-54.05,-53.43,-53.78,-54.16,-54.05,-54.37,-54.05,-53.93,-54.08,-54.05,-53.78,-53.38,-53.43,-53.67,-53.87,-53.46,-52.63,-52.63,-52.94,-53.06,-52.94,-52.60,-51.67,-51.20,-48.69,-46.38,-43.04,-37.09,-30.03,-22.33,-15.58,-10.44,-7.59,-7.55,-10.22,-14.90,-20.38,-24.78,-27.90,-31.25,-35.70,-37.66,-37.11,-32.71,-37.66,-42.90,-46.68,-49.38,-50.98,-51.20,-51.45,-51.92,-51.70,-52.32,-52.74,-52.49,-52.43,-52.74,-52.66,-52.74,-52.80,-53.81,-53.58,-54.05,-54.02,-54.22,-54.34,-54.22,-54.10,-54.34,-54.13,-53.70,-54.28,-54.19,-54.19,-54.02,-54.10,-54.40,-54.19,-54.31,-53.46,-54.13,-54.49,-54.28,-53.90,-53.84,-54.28,-54.58,-54.58,-55.29,-54.40,-54.78,-54.81,-54.22,-54.22,-54.70,-54.64,-54.16,-54.37,-54.58,-54.28,-54.16,-54.84,-54.49,-54.19,-54.02,-53.67,-53.09,-52.92,-53.15,-53.12,-53.09,-52.89,-52.94,-52.92,-52.74,-53.03,-53.38,-52.92,-52.66,-52.54,-52.12,-52.12,-52.37,-52.66,-52.72,-52.32,-51.73,-52.26,-52.23,-52.29,-52.15,-51.90,-52.18
-52.83,-52.69,-52.40,-52.09,-52.26,-52.37,-52.37,-52.23,-52.18,-52.92,-53.46,-53.35,-53.09,-53.09,-52.57,-52.66,-53.23,-53.49,-53.55,-53.70,-54.16,-54.43,-53.93,-53.96,-53.49,-53.35,-53.58,-53.23,-53.78,-53.87,-54.25,-54.13,-53.96,-53.78,-53.81,-54.08,-53.87,-52.69,-52.94,-53.00,-53.20,-52.92,-52.43,-52.29,-52.49,-52.43,-51.78,-50.87,-48.77,-47.44,-43.30,-37.47,-31.11,-22.88,-15.80,-10.66,-7.24,-5.00,-3.92,-3.63,-4.24,-6.58,-9.70,-12.11,-13.97,-16.17,-19.11,-22.76,-25.29,-23.14,-24.45,-32.12,-38.53,-41.78,-44.40,-46.30,-47.39,-48.88,-50.08,-50.29,-50.32,-50.32,-51.37,-51.64,-51.78,-51.73,-52.49,-53.03,-52.43,-53.38,-53.20,-53.58,-53.58,-53.64,-53.84,-54.10,-54.16,-53.87,-53.58,-53.78,-53.99,-53.87,-53.90,-54.16,-54.16,-54.28,-53.75,-53.78,-53.84,-53.81,-53.75,-53.99,-54.34,-54.34,-54.49,-54.76,-54.37,-54.46,-54.43,-54.10,-54.34,-54.70,-54.55,-54.43,-54.73,-54.22,-54.13,-54.25,-54.31,-54.22,-53.96,-53.67,-53.38,-53.32,-53.43,-53.23,-52.97,-53.20,-52.83,-52.37,-52.54,-52.94,-52.52,-53.12,-52.57,-52.72,-52.66,-52.18,-52.23,-52.06,-52.23,-51.98,-51.76,-52.15,-52.77,-52.01,-52.52,-52.26,-51.84,-52.26
-52.57,-52.29,-51.81,-51.53,-51.78,-52.06,-52.20,-52.29,-52.72,-52.80,-53.20,-53.20,-52.80,-52.49,-52.49,-52.23,-53.03,-53.46,-53.23,-53.26,-53.20,-54.05,-53.99,-53.99,-53.64,-53.29,-53.23,-53.03,-53.55,-53.75,-53.55,-53.72,-53.58,-53.41,-53.49,-53.52,-53.09,-52.09,-52.46,-52.74,-52.83,-52.52,-52.32,-51.90,-51.64,-51.53,-50.46,-47.99,-44.72,-40.30,-33.06,-24.23,-17.17,-11.16,-7.29,-5.07,-3.45,-2.49,-2.13,-1.80,-1.76,-2.73,-4.35,-5.79,-6.95,-8.30,-9.77,-11.36,-13.29,-12.76,-13.34,-18.58,-24.57,-28.54,-31.75,-35.47,-39.05,-42.15,-44.35,-45.53,-46.83,-48.11,-49.14,-49.97,-50.08,-50.46,-51.20,-51.56,-51.56,-52.37,-52.83,-52.72,-52.92,-52.89,-53.17,-53.41,-53.38,-53.49,-53.49,-53.67,-54.05,-54.19,-53.84,-53.46,-54.64,-54.13,-54.08,-53.35,-53.46,-53.67,-53.67,-53.84,-53.87,-53.90,-54.34,-54.22,-53.96,-54.46,-54.25,-54.28,-53.93,-54.10,-54.13,-54.08,-54.46,-54.05,-54.10,-54.49,-53.81,-54.16,-53.90,-53.61,-53.67,-53.78,-53.49,-53.00,-52.94,-53.12,-52.72,-52.72,-52.77,-52.40,-52.06,-52.86,-52.54,-52.52,-52.29,-52.09,-52.52,-52.06,-52.15,-51.87,-51.87,-52.20,-52.66,-52.15,-52.63,-52.15,-52.04,-52.69
-52.15,-52.15,-52.12,-52.20,-52.09,-51.59,-51.01,-50.65,-52.09,-52.18,-52.54,-52.77,-52.54,-52.60,-52.54,-52.15,-52.80,-53.61,-53.41,-52.77,-53.17,-53.52,-53.46,-53.55,-53.58,-53.38,-53.17,-52.86,-53.41,-53.70,-53.32,-53.43,-53.26,-52.97,-53.12,-53.06,-52.15,-51.98,-51.95,-52.80,-52.77,-52.06,-51.37,-50.68,-49.73,-48.61,-46.58,-41.25,-34.92,-26.79,-18.51,-12.60,-8.85,-5.89,-3.80,-2.56,-1.74,-1.24,-1.11,-0.99,-0.88,-0.87,-1.71,-2.51,-3.27,-3.63,-4.75,-5.48,-6.16,-6.49,-7.13,-9.45,-12.53,-15.06,-17.42,-20.90,-25.25,-28.81,-31.21,-34.33,-37.96,-40.54,-42.68,-44.99,-46.65,-47.86,-48.19,-49.75,-50.21,-50.54,-51.06,-51.48,-51.81,-51.92,-52.26,-52.57,-52.52,-52.32,-52.60,-53.03,-53.26,-53.93,-53.09,-52.80,-53.17,-52.66,-53.55,-53.20,-53.72,-53.90,-53.55,-53.35,-53.38,-53.58,-54.13,-54.31,-53.87,-54.64,-54.08,-54.05,-53.87,-54.08,-53.81,-53.70,-54.05,-54.34,-54.52,-54.08,-54.37,-54.16,-53.78,-53.72,-53.84,-53.67,-53.23,-53.00,-53.23,-53.20,-52.74,-52.52,-52.60,-52.72,-52.54,-52.72,-52.37,-52.37,-52.04,-52.01,-52.54,-51.92,-52.15,-52.09,-51.95,-52.09,-52.43,-51.76,-51.98,-51.78,-51.76,-51.73
-51.12,-51.39,-51.84,-50.81,-50.13,-49.75,-49.09,-48.82,-50.05,-50.79,-51.76,-52.57,-52.43,-52.86,-52.66,-52.20,-52.26,-52.57,-52.72,-52.69,-53.06,-53.38,-53.15,-53.15,-53.26,-53.26,-53.26,-52.54,-52.80,-53.23,-52.97,-52.94,-52.77,-52.66,-52.92,-52.97,-52.15,-52.06,-51.90,-52.35,-52.15,-51.42,-50.02,-48.22,-46.15,-42.36,-36.10,-28.28,-20.28,-14.25,-9.33,-6.16,-4.71,-3.46,-2.10,-1.21,-0.83,-0.67,-0.62,-0.52,-0.32,-0.18,-0.63,-0.98,-1.51,-1.55,-2.14,-2.40,-2.72,-3.27,-3.65,-4.28,-5.52,-6.76,-7.89,-9.96,-12.95,-15.38,-17.25,-20.17,-24.04,-26.85,-29.69,-33.72,-37.79,-40.03,-41.94,-44.74,-46.10,-47.21,-48.14,-49.19,-49.86,-50.40,-51.01,-51.62,-51.64,-51.48,-51.95,-52.23,-52.40,-53.32,-53.46,-52.63,-53.35,-53.43,-53.17,-53.64,-53.49,-53.84,-53.49,-53.29,-53.38,-53.49,-53.96,-54.34,-53.96,-54.28,-54.13,-54.19,-54.02,-53.93,-53.64,-53.81,-54.28,-54.05,-54.02,-53.61,-53.32,-53.41,-52.77,-52.94,-53.20,-53.12,-53.09,-53.00,-53.26,-53.26,-52.69,-52.23,-52.15,-52.09,-51.92,-52.09,-51.84,-52.12,-52.01,-51.95,-51.87,-51.50,-52.01,-52.09,-51.87,-51.81,-51.95,-51.37,-51.84,-51.42,-51.37,-51.56
-50.54,-51.56,-50.98,-49.49,-47.34,-45.30,-43.99,-44.16,-45.75,-48.06,-50.51,-52.26,-52.23,-52.69,-52.66,-52.20,-51.98,-52.37,-52.74,-53.03,-53.41,-53.41,-52.77,-52.37,-52.69,-53.03,-53.00,-52.12,-52.52,-52.94,-52.54,-52.43,-52.37,-52.32,-52.74,-52.72,-52.35,-51.98,-51.50,-50.76,-50.51,-49.19,-46.38,-41.94,-35.89,-29.04,-21.48,-15.46,-10.18,-7.45,-4.90,-3.17,-2.23,-1.66,-0.98,-0.62,-0.51,-0.34,-0.32,-0.27,-0.08,-0.13,-0.37,-0.54,-0.64,-0.73,-0.98,-0.81,-1.14,-1.57,-1.62,-1.71,-2.44,-3.04,-3.41,-4.22,-5.43,-6.59,-7.81,-9.35,-11.68,-13.67,-15.76,-19.43,-23.63,-25.89,-29.52,-33.84,-35.74,-38.42,-41.18,-43.44,-44.94,-46.43,-47.83,-48.88,-49.35,-49.73,-50.48,-51.28,-51.62,-52.15,-52.43,-52.23,-53.15,-52.60,-53.09,-52.60,-53.00,-53.35,-53.61,-53.64,-53.72,-53.93,-54.02,-53.81,-53.81,-53.96,-54.05,-54.08,-54.22,-53.96,-53.35,-53.49,-53.87,-53.75,-53.81,-53.43,-53.58,-53.84,-52.86,-53.15,-53.12,-53.00,-52.97,-52.60,-52.72,-53.06,-52.49,-52.09,-51.78,-51.59,-51.73,-51.98,-51.95,-51.92,-51.81,-51.42,-51.20,-51.95,-51.84,-52.04,-51.73,-51.70,-51.84,-51.28,-51.84,-51.37,-51.45,-51.64
-49.70,-49.94,-48.93,-47.08,-44.01,-40.03,-36.58,-37.43,-40.39,-44.74,-48.98,-51.39,-51.76,-52.32,-52.26,-52.43,-52.37,-51.95,-52.23,-52.29,-52.46,-52.74,-52.26,-52.09,-52.54,-52.37,-52.60,-51.87,-52.26,-52.43,-52.04,-52.06,-52.32,-52.06,-52.20,-52.04,-51.56,-51.39,-49.73,-48.45,-46.50,-42.85,-37.21,-29.92,-22.33,-16.32,-11.23,-7.65,-4.64,-3.75,-2.46,-1.65,-1.01,-0.67,-0.36,-0.22,-0.22,-0.06,-0.17,-0.23,-0.06,-0.08,-0.42,-0.47,-0.38,-0.39,-0.59,-0.37,-0.52,-0.91,-0.92,-0.86,-1.18,-1.31,-1.42,-1.71,-1.99,-2.60,-3.32,-4.00,-4.71,-5.56,-6.56,-8.26,-10.65,-12.43,-15.62,-19.80,-21.46,-24.71,-28.48,-31.46,-34.55,-37.36,-39.83,-42.12,-44.21,-46.05,-47.75,-49.25,-49.92,-50.81,-51.12,-51.39,-51.59,-52.09,-52.52,-52.49,-53.03,-53.61,-53.32,-53.38,-54.05,-54.25,-53.93,-53.75,-53.41,-54.10,-53.49,-53.64,-54.25,-53.96,-53.23,-53.32,-53.67,-53.78,-53.93,-53.64,-53.61,-53.64,-52.77,-53.17,-53.15,-52.74,-52.49,-52.52,-52.49,-52.63,-52.40,-52.04,-51.78,-51.67,-51.90,-52.26,-51.90,-51.87,-51.59,-51.67,-51.95,-51.73,-52.23,-51.73,-51.56,-51.92,-51.98,-51.25,-51.67,-51.23,-51.09,-51.14
-46.93,-46.83,-46.05,-44.26,-41.09,-36.54,-31.62,-31.48,-35.87,-42.15,-47.93,-50.73,-51.95,-52.46,-52.26,-52.35,-52.54,-52.23,-52.04,-52.01,-52.37,-52.40,-52.32,-52.43,-52.74,-51.78,-52.29,-51.73,-51.90,-51.34,-51.25,-51.67,-51.78,-51.53,-51.37,-51.95,-50.24,-49.11,-47.19,-43.68,-38.46,-31.44,-24.06,-17.50,-12.15,-8.58,-5.73,-3.79,-2.19,-1.70,-1.06,-0.77,-0.48,-0.27,-0.08,0.05,0.20,0.30,0.05,-0.02,0.09,0.14,-0.46,-0.22,-0.64,-0.54,-0.57,-0.58,-0.56,-0.88,-0.88,-0.66,-0.77,-0.84,-0.86,-0.92,-0.88,-0.99,-1.40,-1.69,-1.91,-2.27,-2.85,-3.17,-4.13,-5.23,-6.41,-8.25,-9.56,-11.84,-14.81,-17.38,-20.85,-23.65,-26.38,-29.95,-33.72,-37.43,-41.11,-43.85,-45.53,-46.91,-47.88,-48.56,-49.19,-50.43,-51.73,-52.60,-52.54,-53.06,-52.97,-53.41,-53.58,-53.29,-53.61,-54.05,-53.72,-53.64,-53.84,-53.87,-53.96,-53.81,-53.38,-53.70,-53.87,-53.58,-53.67,-53.78,-53.75,-53.12,-52.94,-52.72,-52.72,-52.69,-52.52,-52.26,-52.23,-52.32,-52.49,-52.20,-52.09,-51.92,-51.95,-52.32,-51.56,-51.95,-51.73,-51.73,-51.62,-51.56,-51.62,-51.84,-51.64,-51.53,-51.42,-51.25,-51.56,-50.87,-50.73,-50.87
-45.45,-45.65,-44.57,-42.78,-40.16,-36.24,-31.67,-29.50,-33.60,-40.54,-46.17,-49.70,-51.12,-51.78,-51.70,-51.73,-52.20,-52.37,-51.81,-51.34,-51.90,-52.32,-52.35,-52.52,-52.43,-51.62,-51.90,-51.39,-51.92,-51.50,-51.12,-51.59,-51.98,-51.87,-50.90,-49.86,-47.62,-44.18,-39.49,-32.73,-25.38,-18.81,-13.51,-9.35,-6.35,-4.74,-2.92,-2.04,-1.21,-0.72,-0.46,-0.39,-0.32,-0.07,0.11,0.18,0.42,0.68,0.74,0.62,0.51,0.14,-0.43,-0.18,-0.76,-0.59,-0.67,-0.54,-0.64,-0.87,-0.98,-0.64,-0.42,-0.42,-0.71,-0.84,-0.56,-0.63,-0.92,-0.92,-0.69,-0.62,-1.07,-1.08,-1.35,-1.74,-2.58,-3.10,-3.98,-4.52,-6.01,-7.45,-9.12,-10.65,-12.81,-16.28,-19.96,-24.06,-28.61,-32.59,-36.16,-38.33,-40.12,-41.06,-43.37,-46.80,-50.00,-52.04,-52.40,-53.29,-53.23,-53.58,-53.43,-53.20,-53.03,-53.06,-53.81,-53.90,-54.10,-53.46,-53.87,-53.64,-53.26,-53.99,-53.87,-53.17,-53.26,-53.67,-53.35,-52.57,-52.80,-52.23,-52.43,-52.69,-52.57,-52.15,-51.81,-51.90,-51.87,-51.53,-52.12,-51.76,-51.70,-51.98,-51.48,-51.81,-51.73,-51.81,-51.84,-51.76,-52.01,-51.67,-51.45,-51.87,-51.81,-51.28,-51.50,-50.90,-50.95,-51.09
-44.84,-45.85,-45.18,-43.63,-42.31,-39.34,-34.90,-32.39,-35.56,-41.78,-45.80,-49.06,-50.57,-51.53,-51.45,-51.14,-51.39,-52.01,-51.64,-51.03,-51.25,-51.95,-52.04,-51.39,-51.34,-50.84,-50.57,-50.98,-51.64,-51.37,-50.95,-50.81,-50.38,-50.48,-47.73,-44.30,-39.43,-33.34,-26.63,-20.15,-14.42,-9.96,-6.90,-4.79,-3.32,-2.63,-1.38,-1.11,-0.67,-0.41,-0.27,-0.23,-0.21,0.11,0.46,0.55,0.73,1.09,1.32,1.32,1.37,0.42,-0.27,-0.36,-0.53,-0.43,-0.56,-0.79,-0.68,-0.84,-0.81,-0.64,-0.64,-0.63,-0.63,-0.64,-0.43,-0.39,-0.81,-0.79,-0.82,-0.79,-0.56,-0.77,-0.41,-0.79,-0.78,-1.12,-1.38,-1.64,-2.44,-3.09,-3.59,-4.50,-5.41,-6.86,-8.62,-11.08,-14.45,-18.60,-22.85,-25.25,-26.94,-27.81,-32.28,-41.00,-47.60,-50.65,-51.95,-53.15,-53.00,-53.12,-53.03,-52.83,-52.49,-52.69,-53.38,-52.83,-53.23,-52.77,-53.70,-53.55,-52.77,-53.26,-53.32,-52.94,-53.00,-53.26,-52.66,-52.72,-52.94,-52.15,-52.46,-52.77,-52.66,-52.32,-52.04,-51.70,-51.70,-51.70,-51.92,-51.73,-51.50,-51.67,-51.92,-51.37,-51.45,-51.95,-52.09,-51.98,-51.84,-51.37,-51.28,-51.92,-51.50,-50.87,-51.17,-49.92,-50.43,-50.35
-44.57,-45.50,-45.82,-45.73,-45.68,-43.73,-38.68,-36.16,-38.16,-43.04,-45.53,-48.19,-50.13,-51.23,-51.25,-50.87,-51.01,-51.50,-51.42,-51.37,-51.48,-51.59,-51.48,-50.84,-50.95,-50.70,-50.27,-50.27,-50.79,-50.81,-50.29,-49.57,-47.86,-45.87,-40.77,-34.71,-27.21,-20.40,-14.72,-10.41,-7.41,-5.28,-3.61,-2.24,-1.72,-1.04,-0.63,-0.56,-0.34,-0.24,-0.01,0.25,0.51,0.82,1.05,1.28,1.46,1.55,1.66,1.54,1.65,0.92,0.45,-0.12,-0.06,-0.44,-0.59,-0.63,-0.56,-0.66,-0.91,-0.62,-0.43,-0.63,-0.81,-0.67,-0.42,-0.59,-0.76,-0.63,-0.59,-0.54,-0.33,-0.15,-0.15,-0.06,-0.53,-0.83,-0.73,-0.71,-0.88,-1.18,-1.43,-1.76,-1.95,-2.28,-3.05,-4.17,-5.69,-7.84,-10.00,-11.68,-12.79,-13.79,-19.61,-32.85,-44.40,-49.01,-50.68,-52.26,-52.83,-52.66,-52.57,-52.57,-52.43,-52.60,-53.00,-53.15,-52.92,-52.77,-53.41,-53.49,-53.64,-53.52,-53.20,-52.57,-52.60,-52.89,-52.49,-53.20,-53.06,-52.26,-52.40,-52.69,-52.72,-52.46,-52.04,-51.81,-51.92,-51.53,-51.14,-50.87,-51.20,-51.92,-52.23,-51.48,-51.25,-51.76,-51.95,-51.81,-51.70,-51.25,-51.39,-51.76,-51.06,-50.62,-50.98,-50.13,-50.51,-50.35
-47.01,-48.11,-48.19,-47.31,-48.19,-46.33,-41.57,-39.09,-40.72,-44.96,-45.87,-47.93,-49.92,-51.03,-51.09,-50.65,-50.92,-51.09,-50.84,-50.68,-50.90,-50.90,-50.57,-51.42,-50.24,-50.57,-50.40,-49.94,-49.33,-48.85,-47.99,-45.70,-41.57,-36.43,-29.32,-22.28,-15.71,-10.68,-7.22,-5.18,-3.90,-2.90,-1.91,-1.01,-1.02,-0.53,-0.37,-0.39,-0.29,-0.07,0.39,0.88,1.23,1.48,1.68,1.76,1.67,1.55,1.74,1.49,1.46,1.18,0.05,-0.33,-0.02,-0.51,-0.68,-0.77,-0.61,-0.59,-0.73,-0.62,-0.62,-0.69,-0.78,-0.87,-0.81,-0.83,-0.92,-0.66,-0.41,-0.52,-0.49,-0.44,-0.37,-0.33,-0.42,-0.76,-0.97,-0.83,-0.77,-1.19,-1.13,-1.03,-1.04,-0.93,-1.06,-1.28,-1.84,-2.87,-3.66,-4.45,-5.40,-6.58,-11.10,-23.37,-39.78,-47.19,-49.30,-51.14,-52.29,-52.49,-52.72,-52.83,-52.80,-52.69,-52.77,-53.00,-52.97,-52.97,-53.49,-53.41,-52.57,-52.80,-52.86,-52.97,-52.89,-52.60,-52.77,-52.83,-52.37,-52.18,-52.18,-52.32,-52.46,-52.23,-51.70,-51.50,-51.84,-51.53,-51.12,-51.12,-51.31,-51.31,-51.14,-51.34,-51.28,-51.76,-51.59,-51.70,-51.92,-51.34,-51.20,-51.56,-50.92,-50.54,-50.65,-50.38,-50.48,-50.48
-48.74,-49.46,-49.46,-48.85,-49.38,-47.47,-43.85,-41.66,-42.80,-46.65,-46.50,-48.30,-49.97,-50.92,-50.92,-50.35,-50.32,-50.24,-50.02,-49.81,-49.70,-50.13,-50.90,-50.54,-50.00,-49.86,-49.57,-48.80,-47.34,-45.28,-42.24,-37.00,-30.07,-23.77,-17.53,-12.24,-8.01,-5.29,-3.70,-2.74,-1.98,-1.18,-0.53,-0.32,-0.13,-0.13,-0.31,-0.22,0.07,0.49,1.04,1.36,1.48,1.55,1.57,1.70,1.84,1.72,1.71,1.44,0.87,0.44,-0.27,-0.28,-0.10,-0.41,-0.52,-0.62,-0.81,-0.69,-0.78,-0.74,-0.62,-0.74,-0.86,-0.81,-0.77,-0.68,-0.72,-0.69,-0.69,-0.77,-0.67,-0.44,-0.44,-0.62,-0.44,-0.67,-0.63,-0.61,-0.76,-0.99,-0.82,-0.56,-0.89,-0.83,-0.61,-0.46,-0.59,-1.03,-1.28,-1.17,-1.21,-2.86,-6.13,-14.73,-33.34,-44.40,-48.48,-50.13,-51.12,-52.23,-52.72,-53.03,-53.03,-52.69,-52.66,-52.83,-52.69,-52.57,-53.23,-52.97,-52.54,-52.60,-52.49,-52.18,-51.92,-52.04,-52.37,-52.52,-52.29,-52.15,-52.12,-51.95,-52.26,-52.18,-51.56,-51.20,-51.31,-51.39,-51.62,-51.59,-51.84,-51.95,-51.84,-51.92,-50.92,-51.50,-51.84,-51.98,-51.78,-51.17,-50.87,-51.20,-50.73,-50.51,-50.59,-50.35,-50.32,-50.68
-48.59,-48.85,-48.82,-48.77,-49.59,-47.11,-44.72,-43.58,-44.45,-47.52,-47.16,-48.80,-50.27,-50.76,-50.43,-49.97,-50.40,-50.62,-49.97,-49.65,-49.67,-49.70,-50.02,-50.16,-49.73,-49.01,-47.75,-45.65,-42.54,-38.03,-31.98,-25.03,-18.06,-12.88,-9.17,-6.44,-4.23,-2.78,-1.98,-1.32,-0.68,-0.33,-0.08,-0.20,-0.02,-0.10,0.42,0.37,0.88,1.34,1.38,1.54,1.70,1.79,1.96,1.80,1.73,1.46,1.45,0.88,0.26,-0.01,-0.08,-0.20,-0.17,-0.26,-0.22,-0.38,-0.59,-0.54,-0.59,-0.66,-0.53,-0.69,-0.91,-0.68,-0.66,-0.76,-0.57,-0.61,-0.53,-0.61,-0.54,-0.53,-0.47,-0.51,-0.71,-0.74,-0.79,-0.63,-0.76,-0.81,-0.88,-0.88,-0.78,-0.57,-0.57,-0.54,-0.59,-0.67,-0.71,-0.91,-0.58,-0.92,-3.26,-9.31,-25.57,-40.52,-46.91,-49.38,-50.43,-51.56,-51.98,-52.72,-52.83,-52.52,-52.46,-52.63,-52.26,-52.15,-53.06,-52.80,-52.49,-52.12,-52.01,-52.06,-52.04,-52.18,-52.35,-52.09,-52.04,-52.37,-52.26,-51.76,-52.23,-52.29,-51.70,-51.23,-51.01,-51.23,-51.70,-51.92,-51.70,-51.59,-51.76,-51.62,-51.03,-51.37,-51.06,-50.87,-50.90,-50.87,-51.03,-50.81,-50.43,-50.43,-50.46,-50.24,-50.21,-50.54
-49.11,-49.43,-49.35,-49.30,-49.94,-45.90,-43.89,-44.23,-45.75,-47.75,-47.62,-49.14,-50.16,-50.29,-49.92,-49.62,-49.49,-49.89,-49.67,-49.70,-49.78,-49.51,-49.83,-48.82,-47.62,-46.20,-43.44,-38.85,-33.01,-26.49,-19.94,-13.99,-9.42,-6.43,-4.74,-3.28,-2.21,-1.36,-0.81,-0.56,-0.44,-0.44,-0.05,-0.12,0.40,0.72,0.66,1.16,1.32,1.43,1.55,1.70,1.73,1.65,1.74,1.51,1.56,1.14,0.96,0.46,0.13,-0.18,0.05,-0.17,0.05,0.05,-0.07,-0.16,-0.32,-0.36,-0.49,-0.63,-0.49,-0.57,-0.84,-0.72,-0.66,-0.78,-0.58,-0.48,-0.59,-0.59,-0.54,-0.71,-0.53,-0.46,-0.67,-0.64,-0.71,-0.63,-0.97,-0.93,-0.94,-0.96,-0.84,-0.68,-0.64,-0.77,-0.96,-1.01,-0.91,-0.93,-0.96,-0.98,-1.80,-5.37,-16.62,-35.89,-44.21,-48.80,-50.00,-51.42,-51.76,-52.04,-52.46,-52.43,-52.37,-52.40,-52.12,-52.29,-53.00,-52.80,-52.40,-51.84,-52.12,-52.09,-51.90,-51.98,-51.95,-51.64,-51.48,-51.59,-51.59,-51.06,-51.67,-51.70,-51.59,-51.48,-51.17,-51.12,-51.37,-51.59,-51.20,-50.98,-51.06,-51.31,-51.37,-51.01,-50.76,-51.01,-51.14,-50.92,-50.76,-50.92,-50.29,-50.10,-50.16,-50.08,-49.92,-50.13
-49.41,-49.94,-49.65,-49.73,-49.73,-45.23,-42.59,-43.65,-46.78,-47.93,-47.83,-49.22,-49.73,-49.43,-49.46,-49.49,-49.33,-49.49,-49.38,-49.25,-49.11,-48.66,-48.66,-46.48,-43.97,-39.65,-34.43,-28.21,-21.41,-15.03,-10.30,-6.84,-4.66,-3.28,-2.23,-1.31,-0.84,-0.63,-0.42,-0.24,-0.24,0.00,0.52,0.63,0.95,1.18,1.39,1.67,1.71,1.62,1.53,1.68,1.80,1.45,1.33,1.16,1.14,0.73,0.56,0.04,0.05,-0.20,-0.01,-0.03,0.20,0.07,-0.10,-0.13,-0.20,-0.27,-0.34,-0.43,-0.43,-0.44,-0.63,-0.69,-0.66,-0.78,-0.68,-0.54,-0.57,-0.53,-0.59,-0.71,-0.47,-0.49,-0.32,-0.56,-0.73,-0.64,-0.94,-0.86,-0.84,-0.69,-0.66,-0.77,-0.74,-0.81,-0.92,-0.91,-0.93,-0.92,-0.92,-1.22,-1.32,-3.24,-10.56,-28.65,-41.59,-47.49,-49.46,-50.92,-50.98,-51.56,-52.20,-52.40,-52.40,-52.26,-52.04,-52.29,-52.80,-52.54,-52.09,-51.92,-52.29,-51.78,-51.67,-52.12,-52.40,-52.06,-51.42,-51.62,-51.48,-51.95,-51.53,-51.62,-51.48,-51.28,-51.28,-51.09,-50.92,-50.90,-50.95,-50.87,-50.79,-50.84,-51.06,-51.06,-51.09,-51.53,-51.45,-51.01,-50.87,-50.87,-50.29,-50.16,-50.19,-50.02,-49.70,-50.10
-49.33,-49.83,-49.43,-49.35,-48.88,-45.58,-42.50,-42.78,-47.70,-48.56,-48.64,-49.17,-49.43,-49.19,-48.95,-49.14,-49.09,-48.82,-48.77,-48.56,-47.70,-46.60,-44.91,-40.39,-35.66,-29.09,-22.61,-16.80,-11.65,-7.69,-5.12,-3.46,-2.26,-1.74,-1.04,-0.46,-0.32,-0.26,-0.03,-0.02,0.15,0.44,1.25,1.40,1.48,1.56,1.62,1.84,1.80,1.60,1.53,1.55,1.43,1.11,0.99,0.78,0.55,0.24,0.29,-0.05,-0.07,-0.07,-0.11,0.11,0.30,-0.03,-0.20,-0.03,-0.10,-0.23,-0.11,0.03,-0.11,-0.24,-0.38,-0.54,-0.57,-0.74,-0.73,-0.54,-0.39,-0.41,-0.62,-0.52,-0.24,-0.48,-0.29,-0.69,-0.82,-0.68,-0.67,-0.68,-0.76,-0.54,-0.53,-0.73,-0.73,-0.78,-0.97,-1.03,-0.99,-0.86,-0.74,-0.93,-1.17,-2.22,-6.97,-20.20,-38.42,-46.33,-48.95,-50.48,-51.59,-51.87,-51.92,-52.06,-52.26,-52.20,-51.87,-51.92,-52.54,-52.26,-51.95,-52.26,-52.23,-51.56,-51.78,-51.95,-51.73,-51.62,-51.23,-51.28,-51.92,-51.28,-51.48,-51.67,-51.31,-50.95,-51.03,-50.95,-50.51,-50.65,-51.09,-51.23,-51.01,-50.79,-50.84,-51.28,-51.45,-51.37,-51.23,-50.90,-50.35,-50.84,-50.32,-50.35,-50.29,-50.13,-49.97,-50.65
-49.30,-49.65,-49.49,-48.98,-48.30,-46.22,-43.70,-42.92,-46.75,-48.72,-48.98,-49.17,-49.33,-49.11,-48.85,-48.95,-48.93,-48.43,-47.60,-46.45,-44.45,-41.25,-36.60,-30.01,-23.82,-17.52,-12.26,-8.41,-5.75,-4.22,-2.30,-1.61,-1.11,-0.96,-0.56,-0.33,-0.27,-0.13,0.34,0.87,0.83,0.89,1.42,1.66,1.70,1.74,1.65,1.70,1.70,1.45,1.21,1.07,0.94,0.82,0.66,0.47,0.21,-0.01,0.07,-0.11,-0.12,-0.01,-0.12,0.15,0.40,0.05,-0.20,0.09,0.02,-0.17,0.07,0.34,0.24,0.00,-0.16,-0.33,-0.44,-0.59,-0.63,-0.42,-0.44,-0.42,-0.64,-0.43,-0.26,-0.53,-0.52,-0.76,-0.76,-0.69,-0.67,-0.71,-0.72,-0.68,-0.59,-0.73,-0.73,-0.78,-0.99,-1.02,-1.02,-0.98,-0.87,-0.94,-1.02,-1.33,-4.01,-12.92,-31.29,-43.87,-48.11,-50.02,-50.76,-51.78,-52.01,-51.92,-52.01,-52.06,-51.98,-51.78,-52.18,-52.26,-52.09,-52.04,-51.92,-51.59,-51.73,-51.62,-51.37,-51.20,-51.12,-51.23,-51.20,-51.56,-51.37,-51.34,-51.28,-51.48,-51.53,-51.03,-50.40,-50.70,-51.17,-51.34,-51.09,-50.79,-50.73,-50.90,-51.06,-51.01,-50.90,-50.59,-50.32,-50.62,-49.57,-49.49,-49.89,-49.89,-49.46,-50.38
-49.03,-49.94,-49.75,-49.11,-47.39,-45.75,-44.40,-43.89,-47.49,-48.14,-47.83,-48.22,-48.74,-48.51,-48.66,-48.40,-47.91,-46.91,-44.96,-41.78,-37.38,-31.42,-24.78,-18.49,-13.19,-8.92,-6.13,-4.37,-2.68,-2.21,-1.18,-0.83,-0.53,-0.37,-0.44,-0.33,0.02,0.50,1.00,1.33,1.31,1.44,1.72,1.87,1.84,1.76,1.53,1.44,1.39,1.07,0.66,0.55,0.61,0.51,0.34,0.35,0.08,-0.15,-0.10,-0.38,-0.17,-0.18,-0.11,0.09,0.26,0.18,-0.03,-0.05,-0.01,0.03,0.14,0.24,0.14,0.09,0.13,-0.13,-0.34,-0.42,-0.56,-0.54,-0.46,-0.51,-0.54,-0.53,-0.46,-0.69,-0.53,-0.68,-0.62,-0.71,-0.84,-0.77,-0.64,-0.69,-0.61,-0.68,-0.66,-0.71,-0.87,-0.93,-1.02,-0.99,-0.88,-0.97,-0.99,-1.22,-2.32,-7.90,-23.41,-40.68,-46.33,-49.35,-50.54,-50.98,-51.59,-52.04,-51.98,-51.84,-51.73,-51.39,-51.98,-52.29,-51.92,-51.50,-51.78,-51.59,-51.62,-51.56,-51.14,-50.90,-51.23,-51.34,-51.25,-51.42,-51.50,-50.92,-50.73,-50.84,-50.70,-50.38,-50.35,-50.24,-50.62,-50.90,-50.57,-50.38,-50.59,-50.35,-50.24,-50.46,-50.57,-50.46,-50.32,-50.43,-49.27,-49.46,-49.67,-49.54,-49.35,-49.25
-48.11,-49.27,-48.66,-48.40,-45.85,-44.06,-44.28,-45.13,-46.68,-47.19,-47.11,-47.37,-47.99,-47.91,-47.75,-46.70,-45.38,-42.64,-38.68,-33.42,-26.44,-19.57,-13.73,-9.55,-6.56,-4.28,-2.63,-1.69,-1.28,-0.67,-0.32,-0.24,-0.41,-0.11,0.19,0.55,0.94,1.28,1.64,1.55,1.78,1.78,1.72,1.88,1.95,1.67,1.20,1.03,0.98,0.61,0.24,0.25,0.28,0.18,0.04,0.14,-0.10,-0.37,-0.20,-0.37,-0.23,-0.42,-0.29,-0.01,0.03,0.24,0.30,0.18,0.24,0.25,0.16,0.15,0.19,0.24,0.16,-0.07,-0.20,-0.26,-0.43,-0.43,-0.44,-0.48,-0.34,-0.56,-0.28,-0.68,-0.42,-0.69,-0.51,-0.69,-0.76,-0.72,-0.61,-0.63,-0.62,-0.59,-0.61,-0.64,-0.71,-0.83,-0.94,-0.86,-0.81,-1.01,-1.14,-1.14,-1.38,-4.78,-15.70,-35.29,-44.18,-47.96,-49.54,-50.40,-51.37,-51.90,-51.62,-51.39,-51.42,-51.73,-52.29,-51.73,-51.45,-51.98,-52.01,-51.45,-51.62,-51.39,-50.92,-50.92,-51.17,-51.09,-51.28,-51.12,-51.45,-50.73,-50.76,-50.59,-50.35,-50.19,-49.89,-50.38,-50.51,-50.54,-50.27,-50.24,-50.38,-50.24,-49.81,-50.16,-50.54,-50.43,-50.13,-50.24,-49.65,-49.73,-49.35,-49.30,-49.62,-49.59
-47.93,-49.17,-48.64,-48.25,-44.94,-42.31,-43.13,-46.05,-46.91,-47.16,-47.08,-47.08,-47.19,-46.98,-45.35,-42.73,-39.27,-34.25,-28.12,-21.91,-14.81,-10.22,-7.10,-4.93,-3.48,-2.26,-1.40,-1.02,-0.64,-0.44,0.09,0.21,0.34,0.71,1.00,1.23,1.50,1.73,1.85,1.45,1.73,1.54,1.62,1.71,1.67,1.32,0.85,0.57,0.50,0.26,0.03,0.07,0.05,-0.02,-0.17,-0.23,-0.07,-0.36,-0.21,-0.21,-0.24,-0.29,-0.37,-0.13,0.08,0.16,0.23,0.35,0.47,0.36,0.25,0.32,0.34,0.30,0.40,0.35,-0.10,-0.22,-0.44,-0.37,-0.33,-0.38,-0.34,-0.38,-0.16,-0.47,-0.23,-0.54,-0.66,-0.79,-0.68,-0.69,-0.67,-0.78,-0.69,-0.63,-0.62,-0.64,-0.61,-0.78,-0.99,-0.97,-0.93,-1.06,-1.14,-1.12,-1.11,-2.91,-9.51,-28.02,-41.71,-47.21,-49.06,-49.57,-50.76,-51.45,-51.70,-51.81,-51.81,-51.81,-52.01,-51.70,-51.53,-52.06,-52.01,-51.59,-51.50,-51.17,-51.03,-50.95,-50.81,-50.95,-50.90,-50.87,-51.03,-50.73,-50.87,-50.40,-50.29,-50.51,-50.21,-50.27,-50.54,-50.65,-50.62,-50.35,-50.19,-50.24,-50.19,-50.21,-50.65,-50.19,-49.70,-49.86,-49.59,-49.43,-49.25,-49.19,-49.14,-49.17
-46.83,-48.01,-48.35,-47.73,-45.65,-43.13,-42.47,-45.82,-46.91,-47.03,-46.83,-46.38,-45.48,-43.87,-39.80,-34.80,-29.04,-22.92,-16.93,-11.74,-8.22,-5.68,-3.53,-2.04,-1.42,-0.98,-0.46,-0.34,-0.20,0.08,0.42,0.74,1.05,1.32,1.49,1.64,1.71,1.66,1.78,1.45,1.65,1.43,1.40,1.36,1.12,0.73,0.55,0.30,0.11,0.07,-0.15,-0.07,0.05,-0.24,-0.17,0.00,-0.34,-0.29,0.04,-0.18,-0.24,-0.22,-0.32,-0.17,-0.05,0.04,0.18,0.31,0.39,0.41,0.36,0.41,0.35,0.10,0.19,0.24,0.10,-0.10,-0.28,-0.13,-0.37,-0.44,-0.10,-0.26,-0.18,-0.63,-0.41,-0.47,-0.59,-0.72,-0.78,-0.62,-0.52,-0.71,-0.53,-0.61,-0.66,-0.64,-0.67,-0.84,-1.14,-1.21,-1.07,-1.11,-1.14,-1.18,-1.30,-2.05,-5.63,-19.09,-37.43,-45.80,-47.78,-48.61,-50.10,-51.01,-50.92,-51.12,-51.37,-51.23,-51.50,-51.50,-51.31,-51.64,-52.12,-51.70,-51.12,-51.01,-51.09,-50.76,-50.70,-50.81,-50.38,-50.65,-50.51,-50.68,-50.62,-50.10,-50.08,-50.02,-49.70,-50.13,-50.48,-50.46,-50.10,-49.73,-49.49,-49.59,-49.67,-49.78,-50.19,-49.75,-49.41,-49.46,-49.22,-49.19,-49.03,-48.88,-48.90,-48.95
-46.40,-47.44,-47.91,-46.83,-44.42,-42.59,-43.32,-45.38,-45.90,-45.75,-44.89,-43.11,-40.25,-36.28,-30.07,-23.46,-17.73,-12.84,-8.79,-6.13,-4.05,-2.46,-1.61,-0.89,-0.37,-0.05,0.18,0.31,0.61,0.76,1.27,1.43,1.65,1.64,1.66,1.78,1.78,1.65,1.65,1.57,1.45,1.28,0.95,0.84,0.68,0.35,0.16,0.04,-0.05,-0.03,-0.26,-0.21,-0.05,-0.33,-0.33,-0.39,-0.42,-0.07,-0.15,-0.61,-0.10,-0.18,-0.41,-0.28,0.03,-0.02,0.04,0.35,0.60,0.41,0.26,0.26,0.18,0.36,0.35,0.16,0.09,-0.01,-0.16,-0.11,0.02,-0.17,-0.29,-0.46,-0.51,-0.43,-0.38,-0.58,-0.74,-0.56,-0.66,-0.53,-0.61,-0.66,-0.59,-0.59,-0.68,-0.82,-0.83,-0.84,-1.03,-1.12,-1.04,-1.11,-1.14,-1.01,-1.27,-1.47,-3.13,-11.66,-31.11,-43.06,-46.60,-48.09,-49.86,-50.65,-50.68,-50.81,-50.65,-50.95,-51.92,-51.50,-51.31,-51.48,-51.53,-50.51,-50.08,-50.76,-50.87,-50.70,-50.43,-49.97,-50.08,-50.40,-50.05,-50.32,-50.29,-50.16,-50.24,-50.05,-49.81,-50.19,-50.38,-50.13,-49.81,-49.38,-49.22,-49.46,-49.65,-49.67,-50.00,-49.65,-49.33,-49.30,-49.09,-49.14,-48.56,-48.61,-48.93,-49.01
-46.33,-46.98,-46.65,-44.79,-41.75,-39.89,-42.78,-44.04,-43.80,-42.66,-40.05,-35.80,-30.60,-24.97,-18.73,-13.37,-9.51,-6.79,-4.54,-3.12,-2.16,-1.45,-1.01,-0.42,0.08,0.41,0.79,1.00,1.25,1.49,1.76,1.74,1.88,1.80,1.70,1.80,1.79,1.65,1.46,1.31,0.83,0.68,0.55,0.46,0.31,0.16,0.07,-0.05,-0.13,-0.11,-0.21,-0.29,-0.23,-0.34,-0.52,-0.46,-0.07,0.02,0.05,-0.13,-0.11,-0.11,-0.24,-0.18,-0.02,-0.01,0.03,0.21,0.56,0.55,0.37,0.45,0.45,0.53,0.60,0.31,0.07,-0.06,0.04,-0.02,0.11,-0.16,-0.08,-0.13,-0.13,-0.16,-0.33,-0.12,-0.59,-0.49,-0.47,-0.39,-0.38,-0.49,-0.58,-0.53,-0.59,-0.67,-0.61,-0.79,-0.94,-1.02,-1.08,-1.04,-0.97,-0.83,-1.03,-0.92,-1.59,-6.82,-23.05,-39.56,-45.35,-47.42,-49.51,-50.43,-50.65,-50.76,-50.51,-50.57,-51.17,-51.14,-50.65,-50.98,-51.28,-50.68,-50.95,-51.01,-50.38,-50.05,-49.78,-49.75,-50.24,-50.21,-49.94,-49.83,-50.00,-50.24,-50.24,-50.02,-49.73,-49.46,-49.67,-49.78,-49.35,-49.25,-49.33,-49.38,-49.54,-49.09,-49.33,-49.14,-49.03,-49.03,-49.01,-48.80,-48.35,-48.61,-49.01,-48.95
-45.35,-44.59,-42.71,-39.85,-36.85,-35.66,-40.09,-40.41,-39.14,-36.30,-31.65,-25.53,-19.40,-14.18,-10.08,-7.13,-5.08,-3.58,-2.28,-1.64,-0.61,-0.27,-0.13,0.32,0.71,0.92,1.43,1.73,1.74,1.88,1.94,1.89,1.97,1.97,1.74,1.56,1.49,1.20,1.01,0.53,0.31,0.35,0.28,0.25,0.08,-0.02,-0.01,-0.15,-0.34,-0.20,-0.18,-0.47,-0.41,-0.53,-0.39,-0.53,-0.39,-0.33,-0.36,-0.34,-0.24,0.14,-0.18,-0.48,-0.28,-0.13,-0.06,0.11,0.37,0.47,0.35,0.31,0.34,0.29,0.42,0.42,0.30,0.11,-0.01,-0.01,0.05,-0.16,-0.27,-0.06,-0.07,-0.36,-0.53,-0.52,-0.73,-0.56,-0.67,-0.56,-0.53,-0.52,-0.54,-0.43,-0.49,-0.66,-0.66,-0.88,-0.97,-0.89,-1.03,-1.09,-0.93,-0.94,-0.92,-0.77,-1.06,-3.92,-15.02,-34.39,-43.49,-46.75,-48.72,-50.13,-50.38,-50.59,-50.54,-50.38,-50.62,-50.51,-50.13,-50.79,-50.90,-50.76,-50.48,-50.02,-50.29,-50.40,-50.40,-50.29,-50.08,-50.13,-49.81,-49.49,-49.51,-49.83,-49.83,-49.59,-49.33,-49.22,-49.35,-49.51,-49.22,-49.35,-49.54,-49.49,-49.35,-49.43,-48.85,-48.90,-49.03,-49.09,-49.11,-48.98,-48.64,-48.64,-48.80,-48.61
-41.85,-38.63,-34.92,-31.27,-29.11,-29.80,-35.27,-33.96,-30.77,-26.12,-20.51,-14.87,-10.42,-7.45,-5.35,-3.80,-2.74,-1.86,-0.81,-0.36,0.14,0.30,0.66,1.29,1.71,1.72,1.85,2.17,2.19,2.03,2.03,1.88,1.80,1.83,1.53,0.98,0.78,0.65,0.41,0.07,0.24,0.24,0.10,-0.02,-0.06,0.00,-0.03,-0.20,-0.21,-0.13,-0.15,-0.49,-0.38,-0.69,-0.57,-0.36,-0.23,-0.12,-0.15,-0.22,-0.18,-0.08,-0.03,-0.12,-0.32,-0.44,-0.32,0.07,0.32,0.32,0.40,0.57,0.52,0.37,0.53,0.36,0.30,0.24,0.09,-0.06,-0.01,0.00,-0.06,-0.02,-0.10,-0.21,-0.29,-0.53,-0.32,-0.47,-0.52,-0.46,-0.44,-0.54,-0.54,-0.57,-0.72,-0.72,-0.78,-0.84,-0.91,-1.03,-1.21,-1.12,-0.86,-0.86,-0.88,-0.98,-0.88,-2.41,-8.84,-26.70,-40.84,-45.65,-48.17,-49.65,-50.24,-50.54,-50.40,-50.35,-50.57,-50.46,-49.86,-50.29,-50.16,-49.83,-50.02,-49.94,-50.21,-50.29,-50.05,-50.00,-50.10,-49.75,-49.33,-49.11,-49.38,-49.51,-49.67,-49.35,-49.11,-49.35,-49.35,-49.17,-49.22,-49.17,-49.11,-49.03,-48.90,-49.19,-49.19,-48.69,-48.93,-49.38,-49.22,-48.77,-48.43,-48.53,-48.40,-48.04
-34.73,-29.56,-24.63,-21.00,-19.96,-22.41,-26.37,-24.01,-20.15,-15.77,-11.43,-7.85,-6.09,-4.61,-2.91,-1.76,-1.23,-0.91,-0.31,0.16,0.71,0.83,1.29,1.90,2.19,2.20,2.28,2.61,2.51,2.28,2.13,1.66,1.23,1.12,0.93,0.40,0.14,0.32,0.18,0.05,0.24,0.24,0.31,0.20,-0.07,-0.17,-0.24,-0.48,-0.49,-0.38,-0.31,-0.61,-0.57,-0.57,-0.41,-0.61,-0.36,-0.31,-0.44,-0.26,-0.15,-0.18,-0.11,-0.22,-0.22,-0.43,-0.51,-0.18,0.08,0.16,0.35,0.61,0.63,0.57,0.50,0.46,0.45,0.24,0.13,0.20,0.14,-0.01,0.03,0.03,-0.08,-0.17,-0.37,-0.49,-0.34,-0.47,-0.48,-0.42,-0.46,-0.43,-0.42,-0.62,-0.64,-0.57,-0.67,-0.82,-0.89,-0.94,-1.03,-0.96,-0.91,-1.02,-0.91,-0.84,-0.74,-1.57,-4.71,-17.91,-36.83,-43.68,-47.78,-49.03,-49.78,-50.13,-50.05,-50.29,-50.62,-50.27,-49.81,-49.94,-49.81,-49.70,-49.43,-49.49,-50.02,-50.08,-49.73,-49.67,-49.89,-49.81,-49.30,-49.41,-49.43,-49.62,-49.75,-49.22,-48.93,-49.09,-49.01,-48.95,-48.93,-49.09,-48.93,-48.66,-48.74,-49.19,-49.01,-48.82,-48.77,-48.53,-48.38,-48.51,-47.99,-48.14,-48.01,-47.65
-25.25,-19.64,-15.05,-12.31,-12.08,-14.03,-15.53,-13.50,-10.66,-8.15,-6.08,-4.54,-3.03,-2.32,-1.65,-0.84,-0.28,-0.17,0.44,0.88,1.40,1.71,1.89,2.16,2.36,2.43,2.66,2.85,2.75,2.36,1.97,1.38,0.79,0.51,0.34,0.04,-0.03,-0.03,-0.07,-0.13,-0.07,0.15,0.11,-0.10,-0.29,-0.34,-0.28,-0.32,-0.44,-0.38,-0.36,-0.49,-0.46,-0.49,-0.37,-0.57,-0.17,-0.13,-0.12,-0.24,-0.20,-0.18,-0.17,-0.29,-0.13,-0.11,-0.28,-0.22,-0.05,0.11,0.42,0.65,0.49,0.51,0.61,0.56,0.51,0.47,0.31,0.23,0.39,0.23,0.15,-0.08,0.05,-0.12,-0.29,-0.36,-0.39,-0.39,-0.54,-0.52,-0.39,-0.39,-0.53,-0.54,-0.41,-0.41,-0.48,-0.63,-0.67,-0.59,-0.73,-0.88,-0.81,-0.77,-0.64,-0.74,-0.82,-1.08,-2.55,-10.49,-30.50,-41.38,-46.58,-48.14,-48.95,-49.73,-49.62,-49.94,-50.46,-50.21,-49.97,-50.16,-50.08,-49.30,-49.54,-49.73,-49.62,-49.62,-49.57,-49.73,-49.78,-49.51,-49.54,-49.11,-49.19,-49.06,-49.17,-49.09,-48.85,-48.66,-48.66,-48.82,-48.43,-48.90,-48.80,-48.66,-48.85,-48.95,-48.82,-48.69,-48.66,-48.69,-48.61,-48.40,-47.70,-47.70,-48.27,-48.17
-16.59,-11.94,-9.09,-7.35,-6.56,-7.25,-7.16,-6.62,-5.51,-4.31,-3.32,-2.03,-1.45,-0.78,-0.38,0.07,0.56,0.65,1.26,1.66,1.87,2.10,2.28,2.47,2.75,2.83,2.96,2.91,2.85,2.02,1.40,0.99,0.60,0.24,-0.03,0.10,0.04,-0.08,-0.20,-0.33,0.03,0.05,-0.07,-0.24,-0.43,-0.51,-0.41,-0.34,-0.42,-0.51,-0.48,-0.61,-0.39,-0.57,-0.37,-0.39,-0.03,-0.07,-0.08,-0.28,-0.21,-0.21,-0.13,-0.23,-0.16,-0.08,-0.11,-0.02,0.08,0.10,0.39,0.61,0.47,0.46,0.66,0.56,0.65,0.65,0.44,0.42,0.34,0.24,0.30,-0.02,0.11,0.05,-0.01,-0.16,-0.32,-0.21,-0.54,-0.61,-0.42,-0.43,-0.28,-0.31,-0.28,-0.62,-0.53,-0.53,-0.74,-0.59,-0.71,-0.84,-0.78,-0.71,-0.52,-0.86,-0.83,-0.76,-1.18,-6.03,-22.43,-38.22,-44.72,-47.14,-48.27,-49.41,-49.30,-49.49,-50.08,-50.08,-49.86,-49.81,-49.70,-49.22,-49.06,-49.67,-49.11,-49.25,-49.03,-49.38,-49.67,-49.14,-49.06,-48.66,-48.40,-48.64,-48.90,-48.85,-48.48,-48.38,-48.64,-48.51,-48.27,-48.25,-48.32,-48.53,-48.66,-48.66,-48.72,-48.59,-48.74,-48.45,-48.09,-48.22,-47.73,-47.83,-47.75,-47.11
-11.74,-8.37,-6.32,-5.03,-4.49,-4.11,-3.84,-3.39,-2.60,-1.80,-1.31,-0.52,-0.38,0.15,0.61,0.99,1.33,1.38,1.80,2.29,2.28,2.23,2.52,2.97,3.25,3.33,3.28,3.25,2.81,1.83,1.09,0.66,0.39,0.23,0.10,-0.05,0.03,-0.32,-0.13,0.00,-0.07,-0.06,0.09,0.04,-0.31,-0.44,-0.26,-0.37,-0.42,-0.46,-0.42,-0.54,-0.49,-0.58,-0.18,-0.33,-0.23,-0.22,-0.13,-0.31,-0.16,-0.18,-0.22,-0.20,-0.15,-0.11,-0.13,0.03,0.21,0.23,0.36,0.51,0.52,0.53,0.67,0.55,0.71,0.72,0.56,0.57,0.40,0.44,0.62,0.20,0.20,0.26,0.13,-0.16,-0.17,-0.26,-0.34,-0.37,-0.37,-0.33,-0.37,-0.26,-0.20,-0.44,-0.46,-0.47,-0.63,-0.64,-0.78,-0.87,-0.71,-0.58,-0.67,-0.73,-0.82,-1.04,-0.86,-3.10,-13.67,-33.06,-42.92,-46.33,-47.49,-48.56,-48.85,-49.09,-49.59,-49.67,-49.35,-49.46,-49.25,-49.17,-49.14,-49.22,-48.64,-49.14,-48.95,-49.17,-49.17,-48.59,-48.35,-48.51,-48.40,-48.90,-48.38,-47.96,-47.96,-48.35,-48.72,-48.61,-48.45,-47.78,-47.91,-48.22,-48.40,-48.51,-48.35,-48.22,-48.40,-48.09,-47.75,-47.75,-47.65,-47.55,-47.60,-47.39
-9.44,-6.55,-5.03,-3.88,-2.83,-2.39,-1.76,-1.21,-0.71,-0.28,-0.11,0.18,0.42,0.89,1.25,1.53,1.84,1.72,2.20,2.73,2.79,2.69,2.84,3.31,3.64,3.75,3.81,3.53,3.01,1.87,0.82,0.28,0.16,0.15,-0.17,-0.02,-0.07,-0.07,-0.22,-0.07,0.05,-0.03,-0.11,-0.18,-0.39,-0.44,-0.12,-0.18,-0.43,-0.31,-0.54,-0.36,-0.44,-0.56,-0.13,-0.36,-0.23,-0.20,-0.20,-0.22,-0.18,-0.26,-0.24,-0.20,-0.18,-0.08,0.03,0.15,0.31,0.34,0.40,0.49,0.49,0.62,0.74,0.58,0.71,0.65,0.61,0.76,0.60,0.58,0.72,0.56,0.37,0.29,0.26,-0.12,-0.03,-0.54,-0.48,-0.37,-0.38,-0.53,-0.44,-0.36,-0.32,-0.42,-0.44,-0.52,-0.62,-0.58,-0.52,-0.57,-0.68,-0.78,-0.76,-0.69,-0.79,-0.91,-0.89,-1.61,-7.50,-25.73,-40.09,-45.26,-46.91,-47.99,-48.30,-48.45,-49.09,-49.27,-49.09,-49.51,-49.19,-49.11,-48.80,-48.77,-48.59,-48.95,-48.85,-48.95,-48.98,-48.80,-48.66,-48.40,-48.22,-48.77,-48.35,-47.91,-47.99,-48.27,-48.48,-48.80,-48.61,-47.86,-48.04,-48.17,-48.25,-48.38,-47.96,-47.73,-47.88,-47.49,-47.16,-47.37,-47.57,-47.37,-47.49,-47.19
-8.10,-5.95,-4.24,-2.63,-1.75,-1.59,-0.89,-0.24,0.24,0.56,0.57,0.68,1.03,1.37,1.64,1.93,2.25,2.02,2.49,3.03,3.15,3.02,3.08,3.56,4.20,4.12,3.96,4.15,3.15,1.57,0.60,0.23,-0.02,-0.12,-0.10,-0.06,-0.08,-0.36,-0.20,-0.20,-0.01,-0.12,-0.23,-0.23,-0.26,-0.26,-0.16,-0.21,-0.44,-0.49,-0.41,-0.48,-0.48,-0.38,-0.12,-0.24,-0.15,-0.21,-0.23,-0.27,-0.21,-0.17,-0.22,-0.16,-0.06,0.02,0.13,0.23,0.34,0.40,0.47,0.58,0.60,0.69,0.66,0.66,0.77,0.63,0.74,0.79,0.74,0.63,0.77,0.82,0.65,0.45,0.39,0.07,0.05,-0.27,-0.34,-0.16,-0.42,-0.56,-0.43,-0.34,-0.27,-0.31,-0.31,-0.44,-0.53,-0.59,-0.64,-0.69,-0.71,-0.63,-0.52,-0.46,-0.81,-0.99,-1.06,-1.09,-4.19,-16.89,-36.43,-43.51,-46.12,-47.96,-47.83,-48.09,-48.88,-49.11,-49.09,-49.30,-49.19,-49.09,-48.22,-48.48,-48.51,-48.61,-48.59,-48.95,-48.90,-48.51,-48.59,-48.66,-48.43,-48.04,-48.38,-48.17,-48.19,-48.19,-48.06,-48.09,-47.73,-47.65,-47.99,-47.96,-47.91,-48.06,-47.78,-47.47,-47.55,-47.06,-46.88,-47.19,-47.42,-47.14,-47.24,-47.06
-6.39,-4.60,-3.06,-1.60,-0.91,-0.87,-0.27,0.30,0.77,1.16,1.11,1.37,1.62,1.76,1.97,2.36,2.70,2.60,2.83,3.28,3.56,3.52,3.57,4.15,4.95,4.28,4.20,3.92,2.90,1.51,0.67,0.24,-0.07,-0.02,-0.07,0.11,-0.06,-0.17,-0.20,-0.23,-0.12,-0.23,-0.38,-0.33,-0.27,-0.34,-0.51,-0.53,-0.69,-0.52,-0.37,-0.39,-0.39,-0.36,-0.18,-0.32,-0.20,-0.21,-0.16,-0.28,-0.32,-0.24,-0.18,-0.05,0.16,0.18,0.21,0.25,0.25,0.40,0.44,0.52,0.76,0.72,0.60,0.83,0.76,0.65,0.85,0.78,0.89,0.85,0.93,0.77,0.87,0.65,0.47,0.25,0.24,-0.10,-0.05,-0.11,-0.27,-0.32,-0.31,-0.29,-0.22,-0.21,-0.29,-0.37,-0.34,-0.42,-0.67,-0.78,-0.63,-0.58,-0.62,-0.66,-0.72,-0.56,-0.63,-0.78,-2.31,-9.47,-30.16,-41.18,-45.11,-47.06,-47.29,-47.86,-48.72,-48.90,-48.77,-49.01,-49.03,-48.74,-48.30,-48.40,-48.35,-48.30,-48.30,-48.64,-48.53,-48.27,-48.30,-48.40,-47.99,-48.06,-48.17,-47.67,-47.55,-47.91,-48.09,-47.62,-47.99,-47.55,-47.47,-47.37,-47.47,-47.57,-47.34,-47.34,-47.26,-46.96,-46.80,-46.91,-47.01,-47.01,-46.91,-46.83
-4.54,-2.94,-1.80,-0.82,-0.38,-0.06,0.35,0.83,1.33,1.71,1.66,1.97,2.07,2.14,2.40,2.75,2.88,2.97,3.32,3.73,3.92,4.15,4.47,4.51,4.85,4.42,3.90,3.10,1.87,0.74,0.19,-0.05,-0.22,-0.12,-0.29,-0.33,-0.13,-0.53,-0.32,-0.23,-0.20,-0.34,-0.46,-0.41,-0.47,-0.62,-0.51,-0.59,-0.46,-0.56,-0.39,-0.53,-0.54,-0.48,-0.24,-0.16,-0.17,-0.16,-0.16,-0.28,-0.31,-0.24,-0.20,-0.11,0.10,0.21,0.35,0.44,0.30,0.37,0.46,0.56,0.89,0.74,0.67,0.79,0.61,0.61,0.80,0.78,0.98,0.95,0.94,0.71,0.80,0.77,0.57,0.34,0.29,-0.02,0.02,-0.16,-0.16,-0.24,-0.17,-0.13,-0.07,-0.16,-0.22,-0.21,-0.28,-0.31,-0.58,-0.82,-0.76,-0.68,-0.72,-0.73,-0.64,-0.68,-0.78,-0.82,-1.14,-4.57,-21.99,-37.45,-43.80,-46.45,-47.52,-47.96,-48.61,-48.88,-48.88,-49.03,-48.74,-48.14,-48.32,-48.40,-48.30,-48.11,-48.14,-48.04,-48.09,-47.99,-47.78,-47.96,-47.91,-47.96,-48.11,-47.47,-46.98,-47.37,-47.86,-47.65,-47.65,-47.34,-47.65,-47.47,-47.26,-47.19,-47.06,-47.19,-47.01,-46.60,-46.48,-46.60,-46.65,-46.91,-46.73,-46.38
-2.76,-1.62,-0.91,-0.28,0.15,0.62,0.89,1.34,1.91,2.28,2.31,2.49,2.49,2.58,2.94,3.35,3.09,3.47,3.90,4.68,4.65,4.24,4.50,4.54,4.31,3.31,2.55,1.45,0.58,0.05,-0.05,-0.02,-0.17,-0.17,-0.31,-0.31,-0.28,-0.46,-0.38,-0.47,-0.42,-0.54,-0.57,-0.53,-0.74,-0.78,-0.56,-0.61,-0.44,-0.68,-0.36,-0.62,-0.47,-0.41,-0.37,-0.03,-0.06,-0.13,-0.17,-0.23,-0.24,-0.13,-0.20,-0.22,-0.03,0.11,0.28,0.41,0.40,0.51,0.57,0.60,0.85,0.68,0.63,0.65,0.53,0.52,0.71,0.73,0.92,0.95,0.92,0.79,0.74,0.80,0.57,0.46,0.45,0.13,0.00,0.02,-0.08,-0.16,-0.05,-0.07,-0.12,-0.07,-0.12,-0.24,-0.31,-0.33,-0.42,-0.52,-0.53,-0.66,-0.82,-0.74,-0.54,-0.71,-0.78,-0.71,-0.79,-2.58,-12.59,-32.34,-40.91,-44.89,-46.58,-47.67,-48.43,-48.48,-48.48,-48.77,-48.38,-47.73,-47.88,-47.91,-47.73,-47.86,-47.73,-47.57,-47.78,-47.65,-47.37,-47.57,-47.49,-47.62,-47.65,-47.11,-46.65,-46.88,-47.16,-46.96,-46.88,-47.01,-47.01,-47.16,-46.98,-46.60,-46.55,-46.15,-46.35,-46.68,-46.70,-46.55,-46.38,-46.60,-46.68,-46.15
-1.28,-0.58,-0.06,0.30,0.85,1.26,1.56,1.90,2.34,2.64,2.75,3.02,3.21,3.24,3.34,3.69,4.02,4.53,4.78,4.87,4.72,4.35,3.88,3.49,2.26,1.50,0.73,0.04,-0.15,-0.10,-0.15,-0.17,-0.15,-0.15,-0.21,-0.27,-0.26,-0.47,-0.39,-0.48,-0.49,-0.49,-0.51,-0.58,-0.67,-0.43,-0.43,-0.53,-0.63,-0.66,-0.20,-0.51,-0.34,-0.24,-0.24,0.05,0.09,-0.05,-0.11,-0.10,-0.21,-0.10,-0.07,-0.12,0.07,0.15,0.18,0.29,0.47,0.67,0.62,0.51,0.68,0.65,0.60,0.71,0.65,0.57,0.76,0.84,0.84,0.77,1.05,0.93,1.01,0.89,0.79,0.63,0.71,0.28,0.07,0.19,0.19,-0.05,0.04,-0.07,-0.03,-0.03,0.10,-0.05,-0.16,-0.13,-0.17,-0.37,-0.48,-0.52,-0.64,-0.66,-0.64,-0.61,-0.67,-0.54,-0.63,-1.03,-5.95,-24.92,-37.81,-43.61,-45.43,-46.22,-47.24,-47.78,-47.83,-47.99,-47.83,-47.34,-47.01,-47.08,-47.11,-47.26,-47.21,-47.42,-47.67,-47.55,-47.24,-47.19,-47.24,-47.55,-47.14,-46.70,-46.58,-46.68,-46.65,-46.60,-46.91,-46.60,-46.55,-46.38,-46.40,-46.70,-46.88,-46.58,-46.58,-46.12,-46.20,-46.35,-46.07,-46.43,-46.40,-46.17
-0.17,0.44,0.90,1.11,1.55,1.90,2.13,2.36,2.57,2.71,2.66,2.75,3.09,3.34,3.59,4.28,4.35,4.17,4.44,4.55,4.12,3.26,2.29,1.44,0.53,0.15,0.24,-0.03,-0.24,-0.16,-0.02,-0.07,-0.16,-0.24,-0.47,-0.39,-0.23,-0.44,-0.49,-0.44,-0.47,-0.53,-0.51,-0.53,-0.54,-0.27,-0.48,-0.47,-0.58,-0.54,-0.16,-0.43,-0.27,-0.17,-0.10,0.11,0.03,-0.03,-0.11,-0.05,-0.07,-0.03,-0.07,-0.13,0.10,0.19,0.13,0.28,0.51,0.62,0.53,0.50,0.60,0.63,0.63,0.67,0.71,0.90,0.88,0.87,0.92,0.72,1.09,1.10,1.15,1.10,1.01,0.84,0.82,0.46,0.36,0.29,0.31,0.07,0.16,0.00,0.13,0.07,0.13,-0.02,-0.16,-0.12,-0.21,-0.34,-0.34,-0.34,-0.42,-0.47,-0.57,-0.66,-0.71,-0.87,-0.44,-0.48,-3.22,-15.77,-32.87,-41.68,-45.16,-46.60,-47.49,-47.55,-47.42,-47.60,-47.65,-47.21,-47.39,-47.39,-47.44,-46.98,-47.34,-47.31,-47.39,-47.39,-47.08,-46.80,-47.16,-47.06,-47.11,-46.50,-46.15,-46.10,-46.10,-46.10,-46.48,-46.45,-46.20,-46.10,-46.15,-46.25,-46.40,-46.68,-46.50,-45.80,-46.00,-46.12,-45.65,-45.87,-45.68,-45.53
0.78,1.31,1.61,1.79,2.01,2.16,2.14,2.19,2.54,2.64,2.61,2.64,2.98,3.39,3.66,4.11,4.35,4.18,3.90,3.31,2.46,1.48,0.45,0.25,-0.01,-0.15,-0.08,-0.26,-0.29,-0.12,-0.07,-0.17,-0.17,-0.41,-0.27,-0.39,-0.28,-0.41,-0.39,-0.44,-0.48,-0.49,-0.48,-0.48,-0.47,-0.39,-0.51,-0.43,-0.33,-0.47,-0.22,-0.34,-0.11,0.02,-0.16,-0.02,-0.08,-0.13,-0.13,-0.05,-0.02,-0.06,-0.17,-0.23,-0.07,0.07,0.09,0.14,0.40,0.46,0.41,0.47,0.51,0.52,0.67,0.60,0.65,0.92,0.80,0.76,1.03,0.99,1.04,1.10,1.09,1.26,1.10,1.03,0.92,0.66,0.60,0.46,0.35,0.21,0.40,0.32,0.26,0.24,0.18,-0.03,-0.16,-0.06,-0.13,-0.24,-0.28,-0.36,-0.43,-0.53,-0.47,-0.54,-0.56,-0.68,-0.36,-0.31,-1.81,-8.79,-27.53,-38.96,-43.51,-46.05,-46.96,-46.86,-47.06,-47.42,-47.31,-46.96,-47.03,-47.31,-47.03,-46.58,-46.83,-46.78,-46.73,-46.88,-46.86,-46.55,-46.73,-46.35,-47.06,-46.20,-45.82,-45.92,-46.00,-46.05,-46.33,-46.88,-46.43,-46.27,-46.25,-46.25,-46.27,-46.27,-46.40,-46.07,-45.92,-45.73,-45.50,-45.53,-45.60,-45.85
1.62,1.97,1.96,2.31,2.11,1.91,1.94,2.13,2.36,2.19,1.93,2.46,2.97,3.08,2.90,2.98,3.49,3.06,2.23,1.34,0.80,0.55,-0.21,0.03,0.26,0.36,0.11,-0.13,-0.23,-0.20,-0.21,-0.38,-0.41,-0.56,-0.42,-0.44,-0.24,-0.47,-0.46,-0.52,-0.62,-0.59,-0.52,-0.49,-0.44,-0.43,-0.49,-0.46,-0.41,-0.42,-0.24,-0.27,-0.17,0.15,-0.13,-0.01,-0.03,-0.16,-0.08,-0.05,-0.11,-0.11,-0.01,-0.02,-0.13,-0.08,0.03,0.11,0.29,0.35,0.47,0.53,0.49,0.45,0.62,0.57,0.87,0.78,0.78,0.84,0.99,0.95,1.10,0.95,0.98,1.18,1.28,0.94,1.05,0.82,0.69,0.66,0.52,0.41,0.57,0.53,0.50,0.29,0.18,0.02,-0.11,-0.02,-0.06,-0.10,-0.31,-0.54,-0.57,-0.57,-0.56,-0.48,-0.39,-0.39,-0.23,-0.33,-1.17,-4.50,-20.11,-34.86,-41.89,-44.69,-46.12,-46.73,-46.93,-47.16,-47.06,-46.63,-46.73,-46.60,-46.93,-46.60,-46.60,-46.73,-46.63,-46.58,-46.53,-46.45,-46.20,-45.92,-46.53,-45.80,-45.78,-46.05,-46.10,-45.97,-46.05,-46.33,-46.15,-46.17,-46.12,-45.92,-45.78,-46.30,-46.45,-45.68,-45.53,-45.35,-45.11,-45.30,-45.18,-45.30
2.43,2.49,2.05,2.07,2.02,1.44,1.36,1.85,1.82,1.49,1.61,2.53,2.71,2.47,2.73,2.32,2.07,0.82,0.57,0.39,-0.13,-0.10,-0.03,0.39,0.85,0.74,0.58,0.18,-0.21,-0.41,-0.47,-0.48,-0.47,-0.53,-0.68,-0.46,-0.23,-0.44,-0.56,-0.63,-0.68,-0.59,-0.46,-0.44,-0.46,-0.41,-0.64,-0.43,-0.58,-0.47,-0.33,-0.36,-0.33,-0.01,-0.13,-0.05,-0.15,-0.23,-0.17,-0.16,-0.17,-0.16,-0.11,-0.02,-0.06,-0.21,-0.03,0.26,0.40,0.36,0.35,0.56,0.51,0.36,0.58,0.62,0.96,0.85,0.94,0.89,1.11,1.03,1.06,1.09,0.93,1.10,1.25,0.79,1.06,0.96,0.98,0.88,0.65,0.52,0.55,0.51,0.46,0.31,0.25,0.10,-0.10,0.04,0.09,0.03,-0.23,-0.58,-0.59,-0.51,-0.59,-0.47,-0.37,-0.51,-0.28,-0.41,-0.92,-2.58,-12.14,-29.71,-39.56,-43.73,-45.35,-46.05,-46.43,-46.96,-47.21,-46.70,-46.45,-46.40,-46.20,-46.88,-46.05,-46.35,-46.40,-46.35,-46.25,-46.12,-45.92,-45.68,-46.07,-45.73,-45.73,-45.87,-45.87,-45.75,-45.58,-45.55,-45.90,-46.05,-46.00,-45.87,-45.78,-45.65,-46.07,-45.43,-45.23,-45.06,-44.89,-45.08,-45.16,-44.81
2.55,2.32,2.20,1.72,1.76,1.39,1.18,1.32,1.29,1.37,1.68,2.54,2.70,2.28,2.17,1.31,1.17,0.14,-0.27,-0.11,0.13,0.41,0.67,1.22,1.49,1.12,0.98,0.32,-0.23,-0.33,-0.44,-0.46,-0.44,-0.43,-0.54,-0.47,-0.43,-0.56,-0.59,-0.59,-0.57,-0.44,-0.36,-0.49,-0.52,-0.37,-0.53,-0.27,-0.28,-0.54,-0.34,-0.26,-0.26,-0.10,0.02,0.02,-0.12,-0.23,-0.17,-0.15,-0.17,-0.15,-0.08,0.04,0.05,0.05,0.16,0.25,0.37,0.36,0.24,0.44,0.56,0.62,0.66,0.73,0.78,0.83,0.95,0.84,1.06,1.10,1.06,1.10,1.18,1.21,1.26,0.99,1.09,0.94,1.07,0.96,0.71,0.53,0.55,0.46,0.31,0.37,0.39,0.21,0.03,0.18,0.14,0.03,-0.16,-0.43,-0.48,-0.48,-0.57,-0.52,-0.41,-0.46,-0.42,-0.51,-0.59,-1.32,-6.05,-22.29,-35.66,-41.59,-44.40,-45.48,-46.07,-46.68,-46.83,-46.73,-46.20,-46.43,-46.45,-47.21,-46.00,-46.02,-46.07,-46.30,-46.25,-45.95,-46.00,-45.80,-45.65,-45.85,-45.63,-45.38,-45.50,-45.63,-45.21,-45.11,-45.73,-45.68,-45.48,-45.33,-45.28,-45.30,-45.55,-45.30,-44.89,-44.67,-44.86,-45.16,-44.94,-44.84
2.52,2.24,1.84,1.68,1.51,1.15,1.12,1.49,1.34,1.22,1.71,2.37,2.43,1.94,1.72,1.11,1.16,0.37,0.04,0.44,1.11,1.40,1.14,1.53,1.62,1.04,0.67,0.08,-0.34,-0.31,-0.29,-0.29,-0.42,-0.32,-0.42,-0.56,-0.57,-0.59,-0.57,-0.53,-0.52,-0.52,-0.53,-0.58,-0.66,-0.44,-0.44,-0.43,-0.51,-0.53,-0.36,-0.18,-0.24,-0.17,0.03,0.05,-0.12,-0.10,-0.02,-0.12,-0.10,0.00,-0.03,-0.03,0.07,0.19,0.26,0.34,0.40,0.39,0.29,0.41,0.42,0.55,0.62,0.74,0.84,0.94,0.92,0.80,1.06,1.00,1.11,0.98,1.20,1.22,1.20,0.88,1.09,0.85,1.07,1.04,0.73,0.66,0.67,0.57,0.52,0.53,0.40,0.34,0.24,0.21,0.15,0.21,0.10,-0.24,-0.42,-0.43,-0.52,-0.59,-0.56,-0.39,-0.38,-0.62,-0.61,-0.66,-2.79,-14.09,-30.71,-39.36,-43.37,-44.69,-45.11,-45.73,-45.92,-45.82,-46.35,-46.22,-45.70,-46.58,-45.87,-46.07,-46.10,-46.17,-46.05,-45.78,-45.80,-45.53,-45.50,-45.45,-45.08,-44.72,-44.96,-45.13,-44.77,-44.77,-45.23,-44.99,-44.96,-44.91,-44.89,-45.03,-44.96,-44.69,-44.35,-44.16,-44.28,-44.59,-44.45,-44.04
2.16,1.99,1.72,1.55,1.42,1.11,1.14,1.59,1.33,1.46,2.05,2.41,2.28,1.88,1.66,1.39,1.39,1.01,0.88,1.17,1.56,1.46,1.12,1.03,0.73,0.03,-0.17,-0.33,-0.49,-0.37,-0.31,-0.29,-0.38,-0.38,-0.42,-0.52,-0.47,-0.43,-0.47,-0.54,-0.53,-0.47,-0.43,-0.32,-0.42,-0.41,-0.31,-0.29,-0.34,-0.36,-0.34,-0.13,-0.12,0.09,0.25,0.10,-0.07,-0.02,-0.05,-0.15,-0.10,0.00,0.07,0.18,0.14,0.09,0.15,0.45,0.53,0.44,0.40,0.40,0.49,0.74,0.74,0.65,0.84,0.85,0.87,0.93,1.18,0.92,1.07,0.92,1.09,1.01,1.15,0.79,1.22,0.99,1.18,1.17,0.89,0.76,0.79,0.85,0.76,0.72,0.52,0.36,0.34,0.32,0.40,0.36,0.16,-0.07,-0.26,-0.39,-0.48,-0.46,-0.42,-0.39,-0.28,-0.57,-0.73,-0.37,-1.61,-7.60,-24.47,-36.14,-41.98,-43.70,-44.38,-45.16,-45.45,-45.53,-45.60,-45.40,-45.78,-45.90,-45.70,-45.58,-45.68,-45.65,-45.58,-45.55,-45.45,-45.23,-45.97,-44.84,-44.79,-44.59,-44.47,-44.40,-44.30,-44.45,-44.74,-44.38,-44.67,-44.84,-44.69,-44.57,-44.42,-44.26,-44.09,-43.89,-43.87,-44.01,-43.89,-43.23
1.78,1.54,1.15,0.99,1.01,0.95,1.04,1.36,1.11,1.20,2.13,2.52,2.29,1.93,1.59,1.31,1.28,1.06,0.99,1.16,1.28,0.69,0.16,-0.38,-1.28,-1.32,-0.99,-0.77,-0.58,-0.28,-0.29,-0.48,-0.46,-0.49,-0.48,-0.53,-0.53,-0.59,-0.59,-0.51,-0.47,-0.53,-0.43,-0.22,-0.28,-0.34,-0.17,-0.16,-0.16,-0.21,-0.06,-0.06,-0.01,0.14,0.08,-0.05,-0.03,-0.13,-0.15,-0.17,-0.17,-0.05,0.02,0.15,0.11,-0.08,-0.07,0.29,0.58,0.51,0.36,0.53,0.58,0.74,0.74,1.04,0.84,0.92,0.85,0.98,0.99,0.93,0.92,0.95,1.00,0.95,1.07,0.89,1.01,1.06,1.07,1.20,0.87,0.74,0.85,0.99,0.89,0.79,0.67,0.40,0.41,0.42,0.47,0.26,0.05,0.03,-0.08,-0.31,-0.38,-0.26,-0.37,-0.46,-0.27,-0.64,-0.67,-0.51,-0.94,-3.57,-16.71,-31.52,-39.96,-42.71,-44.06,-44.86,-44.94,-45.11,-45.78,-45.65,-45.43,-45.85,-45.78,-45.68,-45.75,-45.68,-45.60,-45.35,-45.06,-45.30,-45.26,-45.11,-44.99,-44.64,-44.23,-43.99,-44.06,-43.89,-44.45,-43.87,-44.11,-44.47,-44.47,-44.11,-43.97,-43.85,-43.65,-43.49,-43.32,-43.27,-43.25,-42.82
1.44,1.54,1.17,1.11,0.89,0.88,1.05,1.15,1.00,1.15,2.23,2.59,2.31,2.01,1.66,1.38,1.18,0.89,0.66,0.50,0.13,-0.82,-1.75,-2.46,-3.04,-2.46,-1.65,-1.11,-0.63,-0.24,-0.33,-0.42,-0.44,-0.39,-0.53,-0.68,-0.69,-0.74,-0.67,-0.52,-0.53,-0.54,-0.42,-0.28,-0.29,-0.29,-0.17,-0.37,-0.21,-0.06,-0.01,-0.07,0.02,0.05,-0.10,-0.01,-0.01,-0.13,-0.18,-0.11,0.08,0.08,-0.05,0.03,0.18,0.32,0.40,0.44,0.42,0.36,0.36,0.55,0.57,0.60,0.67,0.66,0.84,0.79,0.82,0.88,0.95,0.71,1.09,1.10,0.89,0.94,1.05,1.16,1.01,0.98,0.84,0.89,0.93,0.68,0.92,0.94,1.07,0.95,0.84,0.67,0.52,0.47,0.42,0.32,0.24,0.10,-0.06,-0.24,-0.31,-0.18,-0.38,-0.51,-0.36,-0.66,-0.53,-0.47,-0.83,-1.78,-9.66,-25.83,-37.47,-41.80,-43.51,-44.55,-44.91,-45.03,-45.08,-45.03,-45.43,-44.89,-45.48,-45.26,-45.28,-44.81,-44.69,-44.77,-44.40,-44.62,-44.38,-44.52,-44.26,-44.01,-43.58,-43.51,-43.65,-43.34,-43.94,-43.49,-43.54,-43.94,-44.13,-43.77,-43.65,-43.23,-43.01,-42.90,-42.71,-42.52,-42.85,-42.19
1.36,1.36,1.16,1.15,0.88,0.78,0.92,1.05,0.84,1.25,2.34,2.64,2.31,2.12,1.71,1.39,0.84,0.34,-0.22,-0.83,-1.57,-2.62,-3.50,-3.88,-3.79,-3.44,-2.19,-1.06,-0.62,-0.36,-0.44,-0.32,-0.32,-0.31,-0.51,-0.56,-0.57,-0.63,-0.57,-0.54,-0.67,-0.57,-0.31,-0.28,-0.13,-0.34,-0.07,-0.15,0.00,-0.07,-0.03,0.03,0.04,0.09,0.15,0.19,0.10,0.07,0.00,-0.06,0.04,0.14,0.05,-0.23,-0.08,0.40,0.52,0.42,0.41,0.56,0.52,0.65,0.65,0.61,0.66,0.68,0.83,0.87,0.94,0.76,0.95,0.79,0.96,0.99,0.82,1.03,1.01,1.06,1.15,0.79,0.68,0.96,0.90,0.82,0.96,0.98,1.09,0.94,0.96,0.93,0.65,0.57,0.53,0.41,0.35,0.28,0.07,-0.20,-0.27,-0.18,-0.27,-0.49,-0.39,-0.43,-0.39,-0.47,-0.79,-1.12,-4.96,-19.16,-33.34,-40.32,-42.64,-43.82,-44.38,-44.55,-44.72,-44.94,-44.79,-44.72,-44.96,-44.55,-44.57,-44.64,-44.30,-44.06,-44.33,-43.97,-43.99,-43.85,-43.63,-43.77,-43.42,-43.20,-43.23,-43.01,-43.70,-42.94,-42.82,-42.97,-43.18,-43.34,-43.39,-42.80,-42.47,-42.47,-42.33,-42.05,-42.33,-41.52
1.27,1.20,1.06,0.98,0.67,0.53,0.72,0.98,0.73,1.22,2.23,2.58,2.32,2.16,1.64,0.79,-0.24,-1.08,-1.86,-2.56,-2.99,-3.61,-4.28,-4.30,-4.30,-3.89,-2.36,-0.92,-0.53,-0.51,-0.48,-0.39,-0.22,-0.34,-0.51,-0.54,-0.54,-0.72,-0.59,-0.41,-0.53,-0.44,-0.22,-0.10,-0.20,-0.24,-0.22,-0.07,-0.12,-0.12,0.13,0.02,-0.03,0.15,0.18,0.19,0.11,0.03,-0.10,-0.20,0.04,0.18,-0.02,-0.16,-0.02,0.08,0.20,0.41,0.51,0.45,0.40,0.61,0.67,0.71,0.63,0.62,0.83,0.79,0.83,0.71,0.88,1.09,0.88,0.82,0.95,0.79,1.16,1.00,1.06,0.95,0.90,0.98,1.00,1.01,1.07,1.00,1.16,1.15,1.16,0.95,0.67,0.60,0.61,0.41,0.34,0.37,0.21,-0.03,-0.17,-0.17,-0.20,-0.46,-0.37,-0.38,-0.29,-0.48,-0.62,-0.77,-2.31,-12.15,-27.90,-37.77,-41.55,-43.32,-43.94,-44.06,-44.21,-44.35,-44.23,-44.11,-44.81,-44.69,-44.16,-44.06,-44.01,-43.73,-43.51,-43.46,-43.13,-42.71,-43.01,-43.04,-43.01,-42.90,-42.75,-42.90,-42.78,-42.50,-42.82,-42.92,-42.68,-42.47,-42.47,-42.38,-42.10,-41.94,-41.87,-41.66,-41.27,-40.95
1.18,1.09,0.87,0.84,0.58,0.45,0.66,0.94,0.63,1.21,2.01,2.41,2.32,2.03,1.36,-0.18,-1.56,-2.60,-3.33,-3.81,-4.06,-4.27,-4.47,-4.73,-4.43,-3.76,-2.23,-0.86,-0.48,-0.37,-0.42,-0.36,-0.24,-0.39,-0.41,-0.54,-0.58,-0.71,-0.52,-0.22,-0.31,-0.36,-0.27,-0.20,-0.37,0.02,-0.21,-0.29,-0.02,0.03,0.05,0.03,-0.15,-0.05,0.10,0.21,0.19,0.05,-0.15,-0.12,0.13,0.13,-0.15,-0.26,0.02,0.36,0.26,0.44,0.55,0.46,0.35,0.49,0.49,0.69,0.98,1.01,0.90,0.96,0.74,0.83,0.89,1.05,0.96,0.94,0.98,0.92,1.05,0.87,0.87,0.87,0.92,0.89,0.94,1.05,1.20,1.11,1.21,1.21,1.25,0.92,0.72,0.76,0.68,0.46,0.41,0.35,0.28,0.20,-0.07,-0.18,-0.21,-0.38,-0.37,-0.54,-0.33,-0.47,-0.62,-0.33,-1.08,-6.47,-21.71,-34.35,-40.14,-42.61,-43.68,-43.77,-43.89,-43.87,-43.89,-44.28,-44.50,-44.50,-44.28,-44.16,-44.06,-44.01,-43.87,-43.46,-43.58,-43.04,-43.23,-42.94,-42.99,-42.75,-42.33,-42.36,-42.43,-42.08,-42.40,-42.71,-42.50,-41.98,-42.01,-42.01,-42.05,-41.59,-41.09,-40.77,-40.21,-39.58
1.23,1.00,0.66,0.73,0.60,0.52,0.71,0.85,0.53,1.31,2.00,2.32,2.29,1.84,0.76,-1.36,-2.63,-3.67,-4.28,-4.37,-4.73,-4.37,-4.64,-5.03,-4.66,-3.74,-2.05,-0.71,-0.47,-0.20,-0.33,-0.28,-0.08,-0.53,-0.41,-0.52,-0.46,-0.37,-0.34,-0.23,-0.20,-0.23,0.00,-0.03,-0.12,-0.02,-0.22,-0.06,-0.10,0.02,0.02,-0.03,0.03,0.03,0.18,0.31,0.25,0.19,0.09,0.05,0.20,0.15,-0.06,-0.32,-0.10,0.11,0.40,0.39,0.32,0.40,0.39,0.53,0.51,0.57,0.82,0.65,0.85,0.80,0.89,0.69,0.78,0.87,0.71,0.99,0.92,0.79,0.96,1.00,0.99,0.94,0.93,0.89,1.06,0.89,1.12,1.21,1.15,1.14,1.17,0.94,0.84,0.82,0.80,0.57,0.40,0.39,0.37,0.30,0.08,-0.13,-0.18,-0.28,-0.42,-0.49,-0.36,-0.61,-0.47,-0.06,-0.69,-3.00,-14.97,-29.37,-38.01,-41.41,-42.90,-43.46,-43.70,-43.73,-43.70,-44.30,-43.97,-44.01,-44.09,-43.89,-43.73,-43.63,-43.44,-43.06,-43.51,-42.66,-42.94,-43.01,-42.66,-42.40,-42.50,-42.52,-41.98,-41.78,-41.80,-41.71,-41.57,-41.41,-41.16,-41.06,-40.86,-40.59,-39.96,-39.32,-39.18,-37.68
1.16,1.00,0.66,0.61,0.46,0.42,0.66,0.52,0.58,1.54,2.25,2.43,2.19,1.60,0.19,-2.16,-3.52,-4.17,-4.45,-4.56,-4.53,-4.70,-4.74,-4.74,-4.45,-3.31,-1.69,-0.69,-0.61,-0.28,-0.42,-0.42,-0.37,-0.56,-0.52,-0.47,-0.34,-0.33,-0.23,-0.08,-0.22,-0.41,-0.22,-0.16,-0.18,-0.02,0.10,0.05,-0.07,0.00,0.19,0.10,0.04,0.16,0.41,0.51,0.31,0.18,0.13,0.14,0.19,0.09,0.15,0.02,0.08,0.20,0.40,0.56,0.61,0.44,0.13,0.65,0.78,0.78,0.82,0.51,0.67,0.77,0.95,0.99,1.12,0.89,0.99,1.12,1.09,0.96,1.03,0.99,0.82,1.06,1.04,1.01,1.07,1.07,1.16,0.99,1.04,1.29,1.22,1.10,1.01,0.90,0.83,0.61,0.49,0.49,0.40,0.30,0.18,-0.01,-0.05,-0.17,-0.42,-0.47,-0.27,-0.48,-0.29,-0.17,-0.47,-1.28,-8.56,-23.12,-34.90,-40.18,-42.22,-42.90,-43.20,-43.42,-43.23,-43.75,-43.75,-43.70,-43.49,-43.61,-43.46,-43.15,-43.20,-43.42,-43.49,-42.61,-42.61,-42.75,-42.47,-41.98,-41.89,-42.22,-42.24,-41.61,-41.57,-41.36,-41.11,-40.88,-40.77,-40.61,-40.23,-40.41,-39.58,-37.98,-37.28,-35.66
0.90,0.83,0.66,0.42,0.37,0.50,0.57,0.36,0.83,1.67,2.30,2.51,2.20,1.42,0.07,-2.16,-3.68,-4.40,-4.60,-4.57,-4.45,-4.60,-4.90,-4.90,-4.45,-3.15,-1.55,-0.52,-0.33,-0.28,0.07,-0.46,-0.21,-0.53,-0.36,-0.37,-0.39,-0.41,-0.31,-0.13,-0.20,-0.17,-0.06,0.13,-0.05,-0.10,0.04,-0.03,-0.02,-0.17,-0.02,0.16,0.21,0.28,0.31,0.31,0.25,0.11,0.03,-0.01,-0.03,-0.01,-0.11,-0.01,0.30,0.34,0.25,0.25,0.31,0.31,0.28,0.50,0.56,0.90,0.60,0.73,0.77,0.90,1.04,0.96,1.10,1.01,1.11,1.17,1.21,1.06,1.29,0.92,1.07,0.99,1.16,0.92,1.00,1.20,1.03,0.99,0.95,1.20,1.20,1.11,0.88,0.87,0.94,0.79,0.65,0.55,0.45,0.30,0.14,0.08,-0.01,-0.06,-0.26,-0.42,-0.28,-0.22,-0.44,-0.33,-0.27,-0.67,-4.27,-16.66,-30.37,-38.37,-41.38,-42.50,-42.82,-43.18,-42.94,-43.11,-43.27,-43.44,-43.32,-43.32,-43.34,-43.18,-42.97,-43.06,-42.73,-42.50,-42.29,-42.52,-42.43,-42.15,-42.05,-42.22,-42.12,-41.13,-41.29,-41.29,-41.04,-40.88,-40.77,-40.27,-39.36,-39.29,-38.33,-36.35,-34.84,-33.06
1.01,0.69,0.56,0.34,0.24,0.32,0.55,0.84,0.93,1.64,2.06,2.13,1.88,1.05,-0.88,-2.58,-3.70,-4.32,-4.54,-4.53,-4.62,-4.61,-4.53,-4.31,-3.85,-2.76,-1.14,-0.10,-0.23,-0.27,-0.18,-0.58,-0.10,-0.43,-0.44,-0.48,-0.44,-0.29,-0.10,0.10,0.10,-0.02,0.15,0.13,-0.03,-0.28,-0.06,-0.01,0.13,0.19,0.15,0.19,0.23,0.32,0.45,0.47,0.45,0.51,0.45,0.23,0.26,0.24,0.05,0.19,0.16,0.08,0.10,0.18,0.21,0.46,0.40,0.67,0.60,0.67,0.58,0.63,0.80,0.67,0.72,0.98,1.07,1.05,1.14,1.05,1.04,1.16,1.20,0.90,0.99,0.84,1.04,0.77,0.85,1.23,1.04,1.04,1.09,1.25,1.27,1.07,0.71,0.78,0.77,0.74,0.66,0.56,0.50,0.24,0.09,0.08,-0.08,-0.05,-0.11,-0.28,-0.27,-0.34,-0.71,-0.26,-0.36,-0.47,-2.16,-10.79,-24.90,-36.03,-40.30,-41.78,-42.47,-42.82,-42.73,-42.71,-42.71,-43.32,-43.25,-43.01,-42.97,-42.82,-42.47,-42.38,-42.45,-42.26,-41.91,-42.12,-42.10,-41.94,-41.91,-42.10,-41.71,-41.02,-41.04,-40.70,-40.57,-40.81,-40.72,-40.07,-38.74,-37.81,-36.33,-34.27,-32.45,-30.24
0.77,0.82,0.67,0.65,0.56,0.51,0.57,0.40,1.04,1.68,2.00,1.95,1.59,0.85,-1.55,-3.27,-4.06,-4.64,-4.91,-4.53,-4.37,-4.11,-4.19,-4.65,-4.07,-2.72,-1.22,-0.37,-0.47,-0.33,-0.46,-0.31,-0.29,-0.33,-0.29,-0.36,-0.29,-0.36,-0.36,-0.07,0.00,-0.21,0.08,0.16,0.11,0.14,0.05,0.14,0.18,0.09,0.07,0.14,0.28,0.41,0.51,0.34,0.31,0.62,0.77,0.80,0.94,1.09,0.60,0.07,0.16,0.16,0.09,0.39,0.40,0.45,0.42,0.73,0.67,0.83,0.50,0.77,0.94,1.04,0.89,0.99,0.99,1.06,1.00,1.04,1.12,1.05,1.03,1.28,1.04,1.06,1.05,0.94,0.87,1.12,1.06,1.12,1.07,1.22,1.25,1.20,1.01,0.95,0.76,0.65,0.68,0.60,0.46,0.34,0.16,0.07,-0.01,-0.06,-0.11,-0.37,-0.20,-0.43,-0.67,-0.18,-0.32,-0.17,-1.13,-6.25,-19.19,-32.39,-38.68,-40.77,-41.73,-42.36,-42.22,-42.43,-42.33,-42.78,-42.90,-42.82,-42.61,-42.33,-42.12,-42.10,-42.31,-41.82,-41.91,-41.96,-41.75,-41.61,-41.68,-41.64,-41.50,-41.25,-40.72,-40.39,-40.30,-40.27,-40.21,-38.22,-37.11,-36.12,-34.33,-32.02,-30.07,-26.72
0.73,0.74,0.80,0.71,0.58,0.57,0.76,0.49,1.28,1.74,2.10,1.97,1.31,0.74,-2.05,-3.48,-4.17,-4.62,-4.73,-4.43,-4.54,-4.32,-4.40,-4.33,-3.65,-2.45,-1.16,-0.32,-0.21,-0.22,-0.28,-0.37,-0.39,-0.49,-0.34,-0.36,-0.26,-0.32,-0.22,0.13,-0.10,-0.03,0.29,0.52,0.29,0.36,0.20,0.15,0.09,0.21,0.18,0.08,0.21,0.20,0.20,0.44,0.68,0.96,1.26,1.61,2.03,2.12,1.82,1.31,0.74,0.31,0.32,0.40,0.35,0.47,0.19,0.47,0.67,0.80,0.74,0.79,0.84,0.92,0.80,0.84,1.07,1.06,1.01,0.89,0.92,0.93,1.14,1.10,1.16,1.14,0.90,1.04,1.05,1.14,1.11,1.01,1.09,1.16,1.16,1.06,0.98,1.04,0.92,0.68,0.58,0.53,0.46,0.29,0.07,0.09,0.10,-0.06,-0.11,-0.13,-0.43,-0.57,-0.52,-0.33,-0.21,-0.17,-0.93,-3.33,-13.06,-26.61,-36.26,-39.71,-40.81,-41.78,-41.85,-42.22,-42.31,-42.50,-42.45,-42.33,-42.24,-42.15,-42.03,-41.78,-41.61,-41.55,-41.68,-41.71,-41.55,-41.48,-41.50,-41.52,-41.32,-40.88,-40.66,-40.59,-40.48,-40.21,-39.43,-37.36,-36.16,-34.63,-32.43,-30.07,-27.95,-24.38
0.85,0.72,0.74,0.68,0.46,0.39,0.71,0.62,1.06,1.66,1.94,1.76,1.27,0.25,-2.12,-3.65,-4.15,-4.23,-4.35,-4.62,-4.98,-4.66,-4.43,-4.37,-3.89,-2.37,-0.94,-0.49,-0.42,-0.28,-0.10,-0.10,-0.32,-0.42,-0.39,-0.41,-0.44,-0.44,-0.28,-0.08,-0.06,0.13,0.51,0.46,0.45,0.31,0.37,0.11,0.50,0.36,0.07,0.16,0.52,0.67,0.80,1.16,1.74,2.34,2.41,2.41,2.70,2.67,2.54,2.34,2.02,1.04,0.53,0.69,0.55,0.42,0.50,0.52,0.78,0.68,0.96,0.88,0.65,1.09,0.89,0.93,1.22,1.15,1.03,1.06,0.82,1.06,0.99,1.01,1.27,1.22,0.96,0.94,1.00,1.09,1.09,1.31,1.22,1.15,1.12,0.95,0.82,0.88,0.85,0.77,0.62,0.56,0.55,0.24,0.08,0.23,0.13,0.07,-0.13,-0.26,-0.52,-0.38,-0.59,-0.42,-0.42,-0.36,-0.91,-1.69,-7.43,-20.35,-33.20,-38.14,-40.09,-41.06,-41.43,-42.24,-42.10,-42.31,-42.01,-41.64,-41.68,-41.82,-41.73,-41.66,-41.57,-41.32,-41.43,-41.48,-41.45,-41.32,-41.18,-41.04,-41.02,-40.34,-40.32,-40.25,-40.25,-39.96,-38.66,-37.36,-35.58,-33.42,-31.08,-28.65,-26.08,-22.55
0.98,0.79,0.57,0.44,0.35,0.29,0.29,0.45,1.06,1.34,1.74,1.76,0.93,0.03,-2.58,-3.76,-4.27,-4.40,-4.40,-4.49,-4.75,-4.48,-4.52,-4.62,-3.84,-2.28,-0.77,-0.15,-0.34,-0.27,-0.11,-0.11,-0.01,-0.27,-0.28,-0.17,0.05,0.09,0.16,0.44,0.30,0.20,0.47,0.52,0.66,0.63,0.63,0.49,0.42,0.29,0.29,0.71,1.33,2.02,2.51,2.84,2.93,2.82,2.49,2.14,2.28,2.57,3.03,2.97,3.04,2.54,1.45,0.77,0.65,0.63,0.65,0.71,0.74,0.67,1.01,0.84,1.05,1.06,1.10,0.89,1.14,1.10,1.16,1.26,0.87,1.00,0.98,0.99,0.99,1.06,0.90,1.07,1.12,1.16,1.06,1.22,0.95,0.95,1.01,1.01,0.92,0.87,0.93,0.92,0.66,0.55,0.50,0.29,0.24,0.29,0.24,0.21,0.04,-0.22,-0.37,-0.34,-0.66,-0.29,-0.31,-0.20,-0.78,-1.07,-3.93,-14.57,-28.65,-36.51,-39.20,-40.45,-40.81,-41.98,-41.41,-41.59,-41.57,-41.34,-41.38,-41.41,-41.36,-41.73,-41.80,-40.91,-41.29,-41.27,-41.27,-41.16,-40.88,-40.59,-40.63,-40.03,-40.09,-39.96,-39.85,-39.60,-38.05,-36.94,-34.88,-32.47,-29.86,-27.26,-24.61,-20.72
0.94,0.63,0.42,0.26,0.05,0.03,0.41,0.35,1.20,1.60,1.78,1.71,1.06,-0.28,-2.97,-4.02,-4.27,-4.27,-4.39,-4.60,-4.49,-4.48,-4.53,-4.37,-3.75,-2.30,-0.79,-0.26,-0.43,-0.11,-0.13,-0.17,-0.08,-0.12,0.02,0.00,0.05,0.11,0.21,0.50,0.45,0.42,0.76,0.63,0.77,0.46,0.53,0.69,0.94,1.32,1.82,2.38,2.79,2.90,2.96,2.98,3.03,2.91,2.54,2.01,1.61,2.13,2.63,2.88,3.16,3.07,2.81,1.85,1.33,0.53,0.57,0.60,0.71,0.62,0.89,0.83,0.90,1.09,0.94,0.90,0.90,1.03,1.07,1.10,1.12,1.16,0.96,0.93,1.04,0.96,1.01,0.89,1.09,1.20,0.98,0.93,1.00,0.93,1.01,0.92,0.83,0.82,0.79,0.87,0.82,0.79,0.67,0.53,0.49,0.32,0.29,0.16,-0.06,-0.23,-0.38,-0.54,-0.78,-0.31,-0.22,-0.39,-0.78,-0.77,-1.99,-9.40,-22.66,-34.04,-37.62,-38.92,-40.14,-40.97,-41.02,-41.20,-41.18,-41.13,-41.20,-41.27,-41.32,-41.50,-41.48,-40.93,-41.13,-41.18,-41.09,-40.93,-40.75,-40.39,-40.09,-39.80,-39.91,-39.67,-39.45,-38.98,-36.96,-35.08,-32.99,-30.77,-28.34,-25.67,-22.83,-19.62
0.87,0.53,0.40,0.23,0.10,0.21,0.61,0.78,1.66,1.80,1.84,1.78,0.98,-0.74,-3.00,-3.88,-4.23,-4.39,-4.52,-4.79,-4.52,-4.68,-4.64,-4.40,-3.39,-1.71,-0.38,-0.05,-0.22,-0.12,0.02,0.04,0.13,-0.01,0.20,0.21,0.30,0.47,0.56,0.63,0.61,0.51,0.79,1.21,1.01,1.21,1.72,2.41,2.89,3.08,3.12,3.37,3.69,3.56,3.19,2.93,2.72,2.40,1.90,1.36,1.05,1.71,2.18,2.73,3.39,3.97,3.81,3.41,3.37,2.43,1.36,0.89,0.82,0.69,0.77,0.83,1.15,1.20,1.07,0.95,0.90,0.99,0.84,0.90,1.03,1.23,1.11,0.92,1.17,0.74,1.00,0.94,0.85,1.00,1.05,0.96,1.14,1.07,1.23,1.10,0.94,0.85,0.85,0.98,0.88,0.67,0.56,0.57,0.58,0.41,0.35,0.28,0.14,-0.27,-0.36,-0.53,-0.73,-0.28,-0.21,-0.42,-0.68,-0.36,-0.76,-4.94,-15.77,-29.32,-34.69,-35.45,-37.70,-39.67,-40.48,-40.72,-40.70,-40.45,-40.66,-41.11,-41.22,-41.02,-40.93,-40.95,-40.77,-40.95,-40.72,-40.61,-40.50,-40.00,-39.34,-39.49,-39.47,-39.14,-38.83,-38.05,-35.66,-33.03,-30.18,-28.06,-25.92,-23.53,-21.08,-18.58
0.74,0.63,0.35,0.20,0.21,0.34,0.49,0.78,1.85,2.08,2.07,1.80,0.80,-0.81,-3.08,-3.93,-4.31,-4.48,-4.52,-4.53,-4.60,-4.64,-4.60,-4.32,-3.21,-1.52,-0.28,0.02,-0.03,0.20,0.20,0.28,0.24,0.16,0.29,0.45,0.45,0.39,0.57,0.96,0.88,0.88,1.50,2.12,2.54,3.03,3.27,3.25,3.72,3.66,3.54,3.72,3.39,2.96,2.52,2.14,1.97,1.72,1.37,0.82,0.56,0.88,1.33,1.99,2.45,3.08,3.49,3.89,4.27,4.05,3.10,2.58,1.25,0.87,0.63,0.92,1.00,1.12,1.07,1.12,0.96,0.65,0.77,0.92,1.34,1.16,1.12,0.90,1.10,0.80,1.00,0.99,0.89,0.89,1.07,0.98,1.18,1.07,1.12,1.09,1.09,0.98,0.95,0.92,0.89,0.87,0.77,0.69,0.65,0.71,0.74,0.49,0.46,0.32,0.00,-0.18,-0.42,-0.12,-0.07,-0.36,-0.43,-0.12,-0.37,-2.39,-9.83,-22.68,-30.86,-29.43,-31.95,-37.00,-38.77,-39.89,-40.18,-40.25,-40.36,-40.52,-40.61,-40.61,-40.32,-40.14,-39.96,-40.25,-40.12,-40.14,-40.16,-39.67,-39.14,-39.38,-39.34,-38.77,-37.96,-36.81,-34.73,-31.65,-27.91,-25.15,-22.88,-20.97,-19.53,-17.28
0.57,0.65,0.44,0.26,0.11,0.08,0.29,0.80,1.77,2.10,1.95,1.48,0.49,-1.52,-3.26,-4.05,-4.35,-4.40,-4.35,-4.37,-4.57,-4.43,-4.56,-4.17,-3.12,-1.64,-0.36,0.15,0.08,0.28,0.20,0.30,0.39,0.24,0.26,0.26,0.25,0.44,0.95,1.48,1.77,2.14,3.21,3.58,3.45,3.71,3.89,3.70,3.78,3.50,3.04,3.07,2.78,2.22,1.84,1.57,1.38,1.20,0.83,0.29,0.11,0.47,0.83,1.20,1.85,2.25,2.60,3.21,3.92,4.33,4.30,4.00,3.04,2.08,1.67,1.14,1.27,1.14,1.09,1.06,0.71,0.89,0.94,1.04,0.90,0.98,1.09,1.07,1.10,1.15,1.01,0.95,1.03,1.00,0.83,1.06,1.11,0.90,0.99,1.12,1.09,0.88,0.78,0.67,0.69,0.78,0.57,0.47,0.69,0.83,1.06,1.09,0.74,0.98,0.32,-0.08,-0.39,0.02,-0.16,-0.51,-0.47,-0.20,-0.36,-1.42,-5.91,-16.06,-25.39,-21.70,-23.66,-34.39,-37.75,-39.12,-39.69,-39.96,-39.96,-39.91,-40.03,-40.23,-39.91,-39.91,-39.43,-40.00,-39.94,-39.80,-39.71,-39.47,-39.60,-39.45,-39.18,-38.18,-36.81,-35.37,-33.46,-30.07,-26.44,-23.17,-20.53,-18.79,-17.81,-16.42
0.46,0.60,0.58,0.37,0.13,0.00,0.14,0.84,1.87,2.03,1.71,1.15,0.16,-2.00,-3.36,-4.02,-4.36,-4.43,-4.37,-4.52,-4.30,-4.23,-4.27,-3.85,-2.74,-1.26,-0.11,0.26,0.19,0.23,-0.13,0.25,0.19,0.05,0.41,0.68,0.84,1.38,2.23,2.90,3.40,3.31,3.66,4.16,3.92,3.96,3.70,3.15,3.02,2.79,2.38,2.13,2.02,1.70,1.34,1.21,1.04,0.80,0.49,-0.12,-0.13,0.14,0.36,0.83,1.32,1.61,1.72,2.58,3.46,3.97,4.37,4.43,4.58,3.78,2.87,2.23,1.67,1.31,1.05,0.98,0.85,0.82,0.88,1.20,1.10,1.00,1.26,0.94,0.92,1.14,1.15,1.12,1.15,0.99,0.96,1.09,1.12,0.94,0.99,1.05,0.99,1.01,0.87,0.77,0.73,0.82,0.80,0.67,0.79,0.74,0.77,1.11,1.03,1.49,1.09,0.47,-0.11,0.16,-0.08,-0.36,-0.53,-0.33,-0.51,-1.11,-3.36,-10.55,-20.46,-19.17,-18.05,-31.75,-36.98,-38.98,-39.27,-39.36,-39.54,-39.67,-39.58,-39.32,-39.36,-39.54,-39.20,-39.40,-39.38,-39.43,-39.29,-38.77,-39.34,-38.92,-38.07,-37.04,-35.78,-34.00,-31.54,-28.89,-25.45,-22.58,-19.94,-17.75,-16.74,-15.97
0.56,0.61,0.65,0.37,0.10,0.08,0.26,0.99,1.85,2.02,1.65,1.00,0.10,-2.17,-3.63,-3.88,-4.14,-4.48,-4.57,-4.28,-3.84,-3.76,-3.58,-3.01,-1.83,-0.59,0.16,0.37,0.26,0.24,0.10,0.51,0.58,0.76,1.36,1.89,2.53,3.13,3.39,3.68,4.03,3.85,3.91,4.01,3.62,3.38,3.08,2.58,2.32,1.97,1.72,1.84,1.74,1.32,0.90,0.87,0.85,0.61,0.34,-0.02,-0.02,0.09,0.08,0.40,0.95,1.07,1.46,1.95,2.95,3.37,3.72,4.22,4.94,4.81,4.55,3.82,2.73,1.65,0.90,0.72,1.03,0.95,1.05,1.06,1.06,1.06,1.17,1.05,1.17,1.29,1.10,1.14,1.09,1.09,1.00,1.12,1.14,0.96,1.03,1.12,1.06,0.89,1.00,0.95,0.77,0.74,0.62,0.56,0.77,0.95,0.94,0.90,1.17,1.61,1.97,1.25,0.29,0.25,0.03,-0.34,-0.52,-0.07,0.08,-0.53,-1.78,-6.05,-14.88,-18.17,-15.18,-28.76,-35.16,-38.16,-38.55,-38.55,-38.94,-39.32,-39.25,-39.23,-39.45,-39.20,-39.12,-38.92,-38.72,-38.85,-38.94,-38.35,-38.33,-37.60,-37.15,-35.62,-33.68,-31.89,-29.60,-27.62,-25.43,-22.73,-20.01,-17.73,-16.26,-15.50
0.74,0.60,0.56,0.36,0.15,0.14,0.47,1.32,1.82,2.03,1.67,0.94,0.05,-2.41,-3.50,-3.71,-3.81,-4.11,-4.19,-3.41,-2.91,-2.73,-2.27,-1.50,-0.67,0.07,0.55,0.60,0.57,0.82,0.82,1.50,1.99,2.64,3.19,3.45,3.69,3.90,3.96,3.95,3.90,3.62,3.41,3.39,2.67,2.59,2.47,2.01,1.85,1.64,1.46,1.36,1.26,0.89,0.68,0.74,0.69,0.58,0.36,0.32,0.47,0.39,0.40,0.39,0.74,1.05,1.31,1.77,2.61,3.06,3.27,3.85,4.41,4.85,5.01,4.78,3.89,3.24,1.87,1.29,1.00,1.05,0.98,1.17,1.10,0.82,1.03,0.89,0.85,1.09,1.16,1.27,1.11,1.18,1.14,1.09,1.01,0.95,1.04,1.14,0.99,0.89,0.88,0.80,0.74,0.79,0.65,0.53,0.69,0.73,1.03,1.20,1.04,1.44,1.85,2.00,1.15,0.50,0.37,-0.05,-0.21,-0.15,-0.11,-0.17,-0.69,-3.13,-9.44,-16.97,-13.20,-26.10,-33.88,-37.06,-38.18,-38.59,-38.72,-38.94,-39.25,-38.96,-39.29,-38.96,-38.53,-38.46,-38.83,-39.05,-38.79,-37.98,-36.89,-36.47,-35.56,-33.94,-32.00,-29.86,-27.28,-25.52,-24.35,-22.04,-19.19,-16.83,-15.79,-15.15
0.61,0.62,0.52,0.47,0.39,0.32,0.51,1.55,1.91,1.99,1.57,0.84,-0.10,-2.32,-2.96,-3.27,-3.14,-2.99,-2.81,-2.13,-1.57,-1.11,-0.72,-0.20,0.25,0.74,1.15,1.26,1.40,2.30,2.59,3.08,3.22,3.75,3.98,3.94,3.85,3.76,3.60,3.28,2.91,2.78,2.66,2.46,1.94,2.05,1.78,1.67,1.36,1.27,1.26,1.15,1.01,0.89,0.79,0.77,0.69,0.61,0.49,0.37,0.71,0.79,0.61,0.71,0.79,1.01,1.16,1.42,2.23,2.58,2.93,3.28,3.83,4.49,4.31,4.69,4.58,4.56,3.91,3.14,2.00,1.40,1.26,1.16,1.33,1.16,1.14,0.95,0.98,1.06,1.05,0.87,1.04,1.00,0.98,1.27,1.14,1.00,1.03,1.11,1.09,0.93,0.80,0.89,0.89,0.77,0.65,0.52,0.57,0.79,0.82,0.24,0.83,1.55,1.61,1.62,1.97,1.54,0.80,0.13,0.08,0.14,0.16,0.07,-0.18,-1.32,-5.67,-13.54,-11.69,-22.39,-31.52,-35.47,-37.60,-38.29,-38.29,-38.42,-38.74,-38.68,-38.18,-38.59,-37.92,-38.09,-38.11,-38.18,-38.16,-37.26,-35.91,-34.67,-33.80,-32.08,-30.01,-27.86,-24.54,-23.32,-22.33,-20.12,-17.80,-16.40,-15.71,-14.73
0.61,0.67,0.56,0.53,0.42,0.37,0.76,1.67,1.70,1.70,1.33,0.56,-0.33,-1.71,-2.40,-2.22,-1.80,-1.52,-1.27,-0.63,-0.20,0.41,0.61,0.90,1.26,1.65,2.10,2.55,3.04,3.75,3.90,4.15,4.21,4.05,3.89,3.56,3.19,2.95,2.73,2.40,2.08,1.99,2.06,1.73,1.60,1.56,1.53,1.43,1.23,1.36,1.39,1.25,1.14,0.99,0.87,0.79,0.73,0.65,0.35,0.15,0.41,0.51,0.60,0.93,1.15,0.94,1.14,1.46,1.97,2.26,2.37,2.88,3.34,3.77,4.55,4.56,5.13,4.84,5.13,4.74,3.87,2.76,2.01,1.29,1.33,1.03,1.06,1.10,0.87,1.12,1.12,1.06,1.12,1.21,1.15,1.01,1.17,1.18,1.03,0.99,1.10,1.03,1.14,1.11,0.84,0.82,0.72,0.49,0.63,0.74,0.71,0.65,0.15,0.89,0.79,1.56,2.47,2.05,1.36,0.55,0.23,0.41,0.25,-0.01,-0.16,-0.67,-2.77,-8.76,-10.61,-19.22,-30.12,-35.33,-37.23,-37.51,-37.88,-38.29,-37.98,-37.66,-38.07,-38.01,-37.60,-37.90,-37.90,-37.90,-37.73,-36.35,-35.14,-33.46,-31.33,-29.32,-27.82,-26.21,-22.78,-22.58,-21.40,-19.35,-17.52,-16.52,-15.90,-14.78
0.45,0.52,0.41,0.65,0.76,0.67,0.94,1.53,1.53,1.53,1.16,0.35,-0.49,-0.88,-1.32,-0.84,-0.42,-0.26,0.00,0.79,1.16,1.64,1.93,2.35,2.83,3.16,3.39,3.72,4.22,4.33,3.97,4.28,4.24,3.69,3.25,2.89,2.58,2.30,2.08,1.96,1.72,1.66,1.66,1.48,1.43,1.40,1.31,1.22,1.23,1.46,1.53,1.21,0.98,0.82,0.69,0.67,0.60,0.45,0.21,-0.02,0.05,0.25,0.44,0.71,1.15,1.36,1.25,1.45,2.02,2.18,1.99,2.35,2.72,3.22,3.73,3.75,4.20,4.40,5.04,5.20,5.05,4.61,3.84,2.52,1.84,1.06,1.31,1.26,1.00,0.99,1.18,1.09,0.99,1.00,1.20,1.22,1.20,1.27,1.26,1.22,1.14,1.10,1.14,1.05,0.93,0.83,0.67,0.60,0.60,0.44,0.60,0.31,-0.15,-0.06,-0.53,0.47,2.28,2.06,1.73,0.78,0.47,0.63,0.39,0.14,0.13,-0.16,-1.07,-4.36,-8.34,-15.44,-28.15,-33.70,-35.97,-36.98,-37.34,-37.58,-37.79,-37.83,-37.38,-37.49,-37.40,-37.38,-37.34,-37.30,-37.09,-36.49,-35.14,-33.54,-31.44,-29.09,-26.97,-25.10,-22.04,-22.45,-21.41,-19.70,-18.28,-17.47,-16.63,-15.33
0.77,0.68,0.60,0.51,0.56,0.78,1.12,1.26,1.32,1.21,0.89,0.51,0.24,-0.16,-0.05,0.39,0.74,1.09,1.51,1.99,2.57,3.12,3.39,3.75,4.08,4.28,4.25,4.15,4.24,4.17,3.83,3.56,3.18,2.87,2.42,2.22,2.07,1.84,1.67,1.60,1.42,1.46,1.57,1.78,1.67,1.48,1.27,1.25,1.22,1.38,1.48,1.28,1.07,0.82,0.55,0.40,0.40,0.32,-0.11,-0.23,-0.08,0.00,0.09,0.46,0.85,1.04,1.15,1.73,1.96,2.18,2.12,2.35,2.52,2.93,3.26,3.47,3.62,3.79,4.08,4.57,5.24,5.44,5.26,4.74,3.66,2.08,1.62,1.21,1.03,0.90,1.06,0.98,1.03,1.05,1.12,0.98,1.11,1.15,1.22,1.28,1.18,0.96,1.06,1.11,1.17,1.23,0.83,0.47,0.44,0.41,0.41,0.57,0.50,-0.12,-0.44,-0.32,2.11,2.16,1.82,0.90,0.24,0.23,0.18,-0.05,-0.17,-0.22,-0.39,-1.62,-5.53,-11.95,-25.59,-32.59,-35.68,-36.62,-36.85,-37.17,-37.43,-37.45,-37.02,-37.09,-37.00,-36.58,-36.68,-36.94,-36.83,-36.49,-35.56,-34.06,-31.13,-28.81,-27.10,-24.82,-21.48,-21.13,-20.25,-18.85,-17.64,-17.11,-17.08,-15.65
0.73,0.73,0.51,0.42,0.49,0.68,1.04,1.16,1.34,1.34,1.00,0.69,0.78,0.85,1.50,1.94,2.25,2.58,3.01,3.52,4.00,4.37,4.47,4.48,4.34,4.25,4.27,4.22,4.16,3.78,3.50,2.79,2.30,2.22,2.06,1.85,1.70,1.61,1.56,1.51,1.44,1.53,1.71,1.83,1.61,1.40,1.16,1.22,1.21,1.43,1.36,1.23,0.98,0.67,0.45,0.28,0.20,0.24,0.13,-0.05,-0.05,-0.15,0.02,0.37,0.73,0.84,0.96,1.40,2.05,2.13,2.10,2.07,2.49,2.65,2.95,2.75,3.27,3.39,3.57,3.84,4.58,5.52,5.17,5.34,4.97,3.87,2.93,1.90,1.31,1.22,1.12,1.11,1.23,1.25,1.17,1.20,1.15,1.22,1.43,1.44,1.31,1.23,1.12,1.10,1.22,1.15,0.84,0.71,0.71,0.66,0.51,0.92,0.80,0.42,-0.13,-0.64,1.44,2.03,1.77,1.03,0.45,0.29,0.21,0.09,0.05,0.09,0.05,-0.39,-2.99,-9.06,-22.92,-31.00,-34.13,-35.23,-35.85,-36.54,-36.96,-36.73,-36.41,-36.28,-36.37,-36.73,-36.39,-36.12,-36.14,-35.18,-34.37,-32.85,-30.43,-28.41,-26.61,-23.97,-20.35,-19.00,-18.13,-17.27,-16.74,-16.85,-16.63,-15.53
0.62,1.12,0.78,0.66,0.82,1.14,1.62,2.16,2.23,1.76,1.28,1.26,1.70,2.19,2.73,3.13,3.78,4.29,4.56,4.95,4.85,4.84,4.69,4.53,4.37,4.15,4.04,4.15,3.96,3.28,2.91,2.49,1.97,1.89,1.88,1.70,1.71,1.74,1.61,1.66,1.66,1.64,1.74,1.71,1.61,1.34,1.23,1.20,1.12,1.32,1.25,1.09,0.87,0.50,0.32,0.32,0.40,0.50,0.26,-0.10,-0.11,0.04,0.23,0.57,0.73,0.96,0.96,1.12,1.91,2.16,2.41,2.59,2.66,2.84,2.75,2.73,3.02,3.08,3.34,3.53,3.94,4.57,4.88,5.17,5.44,4.97,4.50,3.59,2.24,1.59,1.36,1.25,1.45,1.44,1.33,1.25,1.22,1.28,1.26,1.28,1.22,1.16,1.15,1.05,1.03,0.88,0.73,0.72,0.55,0.71,0.29,0.80,0.78,0.79,0.67,0.29,1.18,1.74,1.73,1.25,0.58,0.46,0.44,0.25,0.23,0.34,0.57,0.11,-1.18,-6.11,-19.06,-27.70,-31.98,-33.42,-34.11,-35.27,-36.18,-35.87,-36.16,-35.87,-36.18,-35.56,-35.41,-35.25,-34.47,-33.42,-32.00,-30.50,-28.21,-26.42,-24.80,-22.21,-19.14,-17.20,-16.31,-15.87,-15.79,-15.90,-15.47,-14.91
0.85,1.01,0.96,1.06,1.23,1.32,1.32,2.06,2.03,2.26,2.38,2.66,3.44,3.76,4.09,4.53,4.89,4.79,4.47,4.63,4.77,4.77,4.57,4.25,3.96,3.84,3.96,3.97,3.41,2.84,2.59,2.13,1.83,1.77,1.77,1.73,1.77,1.67,1.51,1.65,1.68,1.65,1.67,1.57,1.33,1.10,1.28,1.16,0.85,1.09,1.15,0.94,0.69,0.37,0.24,0.31,0.44,0.41,0.23,0.08,-0.06,0.13,0.34,0.60,0.92,1.12,0.92,1.14,1.78,1.85,2.11,2.67,2.67,2.94,3.00,2.70,3.03,2.90,2.96,3.04,3.34,3.82,4.18,4.67,5.02,5.08,4.90,4.64,3.77,2.83,1.72,1.28,1.29,1.46,1.43,1.07,1.14,1.26,1.21,1.26,1.18,1.07,0.99,0.89,1.00,1.05,0.87,0.71,0.60,0.68,0.57,0.88,0.78,1.15,1.12,0.94,1.00,1.65,1.70,1.09,0.63,0.62,0.69,0.55,0.28,0.29,0.74,0.45,-0.52,-3.45,-12.46,-19.96,-24.99,-28.28,-30.92,-33.40,-35.14,-35.53,-35.00,-35.33,-35.53,-35.60,-35.08,-34.23,-33.32,-31.67,-30.65,-28.80,-26.26,-24.61,-23.54,-21.60,-18.87,-16.76,-15.76,-15.47,-15.44,-15.30,-15.02,-14.37
1.01,1.22,1.16,1.25,1.39,1.55,1.83,2.43,2.77,3.18,3.68,4.08,4.28,4.94,4.82,4.79,4.94,4.85,4.65,4.69,4.20,4.20,4.04,3.73,3.68,3.73,3.79,3.65,3.18,2.66,2.26,2.00,1.79,1.80,1.90,1.82,1.70,1.48,1.33,1.48,1.45,1.43,1.34,1.29,1.11,0.93,1.22,0.98,0.87,0.96,1.01,0.93,0.68,0.41,0.31,0.34,0.40,0.36,0.16,0.07,0.00,0.11,0.29,0.66,0.96,0.95,0.79,1.31,1.77,1.83,2.02,2.34,2.45,2.87,3.01,2.93,3.03,3.15,2.97,2.81,3.31,3.45,3.73,3.84,4.21,4.50,4.99,5.02,4.95,4.55,3.34,2.47,1.83,1.34,1.25,1.28,1.22,1.25,1.14,1.12,1.16,1.06,0.94,0.87,0.93,0.96,0.82,0.73,0.73,0.67,0.60,0.83,0.32,0.84,1.21,1.36,1.10,1.96,1.59,1.27,0.98,0.89,1.00,1.01,1.05,1.10,1.01,0.78,0.45,-1.28,-4.87,-9.06,-12.26,-16.28,-22.46,-29.20,-33.12,-34.57,-34.61,-34.53,-35.06,-35.41,-34.94,-33.82,-32.57,-31.02,-29.78,-27.88,-25.25,-23.39,-22.51,-21.30,-18.81,-16.99,-15.64,-15.09,-15.02,-14.84,-14.70,-13.85
1.49,1.87,1.89,2.17,2.52,2.83,3.18,3.95,3.89,4.29,4.69,4.76,4.62,4.92,4.90,4.71,4.56,4.33,4.09,3.98,3.83,3.89,3.59,3.63,3.49,3.44,3.53,3.39,2.95,2.57,2.02,2.20,1.97,2.00,1.97,1.68,1.61,1.46,1.21,1.29,1.16,1.04,1.03,1.06,1.10,1.12,1.26,0.96,1.04,1.03,1.06,0.98,0.80,0.53,0.31,0.18,0.18,0.34,0.26,0.04,0.07,0.14,0.34,0.58,0.79,0.88,0.89,1.39,1.77,2.02,1.96,2.12,2.26,2.75,2.90,2.88,2.79,3.01,2.84,3.03,3.00,3.09,3.46,3.54,3.71,3.98,4.34,4.94,5.02,4.91,4.82,4.35,3.12,1.95,1.53,1.53,1.53,1.34,1.12,1.04,1.10,1.16,1.04,0.89,0.99,1.07,1.00,0.88,0.74,0.80,0.80,0.82,0.58,0.32,0.51,1.03,1.25,2.05,1.84,1.51,0.94,0.73,0.95,1.11,1.39,1.78,1.55,1.10,0.69,-0.36,-1.41,-2.63,-4.37,-7.14,-12.69,-21.31,-28.89,-32.47,-34.15,-33.76,-34.37,-34.61,-34.41,-33.80,-32.83,-31.58,-29.93,-28.04,-25.10,-22.66,-21.46,-20.43,-18.44,-16.85,-15.36,-14.51,-14.33,-14.27,-13.94,-13.22
2.18,2.67,3.09,3.30,3.64,4.04,4.21,4.51,4.62,4.77,4.79,4.76,4.79,4.87,4.44,4.27,4.10,4.04,4.08,4.07,4.04,3.82,3.58,3.39,3.21,3.32,3.40,3.10,2.73,2.67,2.06,2.16,1.99,1.93,1.79,1.40,1.31,1.21,1.10,1.20,0.99,1.00,1.15,1.10,1.04,1.27,1.31,1.12,0.93,1.04,1.06,0.92,0.72,0.47,0.36,0.26,0.18,0.31,0.29,0.14,0.15,0.19,0.50,0.55,0.58,0.74,0.95,1.46,2.12,2.07,1.99,2.08,2.45,2.46,2.78,2.96,2.59,2.83,2.79,2.81,3.09,3.00,3.24,3.14,3.25,3.33,3.75,4.12,4.42,4.76,4.71,4.84,4.41,3.50,2.64,1.93,1.49,1.42,1.39,1.27,1.06,1.09,1.07,0.93,0.90,0.82,0.66,0.65,0.77,0.69,0.80,0.87,0.84,0.56,-0.07,0.51,0.93,1.77,1.84,1.51,0.88,0.65,0.90,1.06,1.40,2.38,2.26,1.77,0.95,0.47,-0.18,-0.44,-1.14,-2.64,-5.95,-12.62,-22.14,-29.00,-32.16,-33.20,-33.62,-33.70,-33.70,-33.58,-33.12,-32.28,-30.75,-28.78,-25.85,-22.93,-21.04,-19.78,-18.13,-16.60,-15.14,-14.12,-13.72,-13.76,-13.38,-12.76
3.26,3.81,3.90,4.05,4.24,4.33,4.31,4.47,4.54,4.53,4.43,4.37,4.43,4.51,4.18,4.16,3.96,3.82,3.76,3.70,3.56,3.57,3.34,3.16,3.22,3.37,3.26,2.91,2.59,2.38,1.77,1.99,1.64,1.72,1.33,1.09,0.95,0.94,1.01,0.90,0.84,1.11,1.18,1.16,1.05,1.17,1.20,1.14,0.80,0.85,0.87,0.73,0.53,0.44,0.50,0.50,0.36,0.35,0.35,0.34,0.29,0.41,0.57,0.57,0.79,1.00,1.20,1.43,2.14,2.11,2.17,2.10,2.55,2.47,2.45,2.66,2.54,2.90,2.78,2.95,3.31,3.32,3.21,3.38,3.14,3.08,3.25,3.58,3.60,3.79,4.40,4.77,4.96,4.72,4.21,3.59,2.76,2.10,1.54,1.25,1.15,1.11,1.04,0.82,0.78,0.90,0.82,0.73,0.73,0.58,0.80,0.58,0.87,0.52,-0.03,0.02,0.55,1.68,1.74,1.45,0.80,0.63,0.94,0.99,1.50,2.55,2.71,2.36,1.40,0.66,0.26,0.28,-0.08,-0.81,-2.42,-6.47,-13.91,-23.22,-28.59,-31.50,-32.63,-32.81,-32.91,-33.06,-32.93,-32.53,-30.85,-29.09,-26.42,-23.51,-21.33,-19.94,-18.30,-16.71,-15.14,-13.94,-13.38,-13.23,-13.38,-12.92
4.05,4.29,3.96,4.12,4.17,4.04,3.94,4.17,4.38,4.31,4.40,4.28,3.95,4.17,3.90,4.07,3.87,3.72,3.62,3.44,3.52,3.39,3.43,3.26,3.19,3.08,3.03,2.88,2.37,2.14,1.78,1.85,1.56,1.45,1.17,1.23,1.25,1.22,1.14,0.95,0.90,0.94,0.95,0.92,0.94,0.96,1.07,0.92,0.80,0.74,0.73,0.76,0.74,0.69,0.67,0.62,0.58,0.53,0.52,0.58,0.56,0.77,1.00,1.04,0.99,1.10,1.17,1.44,2.08,2.31,2.18,2.20,2.60,2.57,2.55,2.78,2.82,2.79,2.83,3.03,3.34,3.13,3.08,3.24,3.01,3.06,3.00,3.08,3.13,3.20,3.52,3.98,4.51,4.90,4.88,4.74,4.18,3.31,2.18,1.37,1.14,1.11,1.09,0.92,0.85,0.93,0.80,0.77,0.80,0.62,0.85,0.50,0.95,0.83,-0.07,-0.06,0.56,1.56,1.82,1.60,0.95,0.57,0.78,1.01,1.48,2.29,2.81,2.54,1.70,0.78,0.55,0.49,0.25,-0.01,-0.72,-2.87,-6.95,-14.81,-23.10,-28.21,-30.98,-31.79,-31.96,-32.30,-32.06,-31.69,-30.10,-28.59,-26.06,-23.36,-21.61,-19.98,-18.36,-16.69,-15.06,-13.87,-13.23,-12.78,-13.32,-13.44
4.16,3.95,3.72,3.70,3.71,3.71,3.73,3.88,4.20,4.03,4.09,4.02,3.78,4.15,3.92,3.94,3.85,3.78,3.68,3.45,3.39,3.31,3.62,3.38,3.02,2.93,3.00,2.94,2.59,1.91,1.64,1.83,1.26,1.12,1.15,1.03,1.09,1.04,0.89,0.93,0.82,0.87,0.96,0.88,0.83,0.85,1.01,0.76,0.72,0.72,0.72,0.57,0.80,0.89,0.83,0.79,0.76,0.76,0.57,0.53,0.67,0.83,1.21,1.31,1.37,1.31,1.32,1.72,2.30,2.40,2.17,2.36,2.72,2.61,2.75,2.65,2.79,2.85,2.76,2.85,3.09,2.94,2.81,2.95,2.93,2.91,2.98,2.91,2.82,2.98,3.00,3.20,3.63,4.09,4.70,4.81,4.77,4.77,4.00,2.75,1.79,1.29,1.15,0.98,0.83,0.88,0.85,0.94,0.87,0.56,0.82,0.26,0.79,0.74,0.20,0.20,0.49,1.18,1.64,1.61,1.04,0.60,0.77,1.06,1.31,1.96,2.69,2.61,1.83,1.09,0.69,0.50,0.45,0.39,0.02,-0.93,-3.06,-7.52,-15.74,-23.15,-28.15,-30.16,-30.75,-31.13,-30.67,-30.05,-28.87,-27.42,-25.11,-22.61,-20.97,-19.13,-17.08,-15.58,-14.42,-13.41,-12.40,-11.53,-12.53,-12.88
4.04,3.65,3.39,3.28,3.27,3.39,3.60,3.77,3.95,3.84,3.88,3.87,3.89,4.24,3.89,3.72,3.72,3.57,3.45,3.54,3.51,3.50,3.02,3.00,2.95,2.55,2.46,2.57,2.25,2.28,2.10,1.68,1.50,1.62,1.18,1.10,1.10,0.92,0.77,0.80,0.79,0.88,1.00,0.76,0.42,0.63,0.77,0.73,0.52,0.34,-0.72,-1.07,-0.28,0.44,0.83,0.88,0.84,0.84,0.53,0.39,0.52,0.62,0.92,1.26,1.53,1.62,1.64,2.07,2.53,2.53,2.31,2.58,2.73,2.60,2.61,2.66,3.00,3.03,2.85,3.12,3.09,2.63,2.82,2.79,2.94,2.88,2.91,3.00,2.83,2.90,2.82,2.76,3.01,3.27,3.78,4.37,4.79,5.03,4.88,4.30,3.34,2.42,1.74,1.25,1.12,1.00,0.93,1.06,0.80,0.42,0.65,0.45,0.77,0.67,0.35,0.50,0.34,0.84,1.64,1.64,0.99,0.63,0.87,1.07,0.99,1.70,2.53,2.60,2.05,1.31,0.72,0.51,0.58,0.61,0.31,-0.22,-1.21,-3.33,-8.62,-16.37,-23.34,-27.26,-28.76,-29.17,-28.70,-28.08,-26.29,-24.75,-22.80,-20.40,-18.43,-17.20,-14.97,-13.19,-12.15,-11.25,-9.90,-9.19,-10.38,-10.11
3.34,3.32,3.00,3.01,3.02,3.14,3.41,3.75,3.73,3.77,3.73,3.75,3.88,3.96,3.64,3.40,3.40,3.32,3.31,3.34,3.20,3.04,2.47,2.49,2.45,2.54,2.72,2.58,2.18,2.23,1.96,1.71,1.38,1.44,1.31,0.92,0.80,0.79,0.60,0.51,0.57,0.55,0.56,0.46,0.00,0.46,0.19,-0.20,-0.81,-1.09,-3.08,-3.18,-1.85,-0.12,0.84,0.83,0.78,0.67,0.49,0.44,0.34,0.34,0.76,1.01,1.29,1.46,1.62,2.24,2.65,2.72,2.48,2.70,2.67,2.67,2.71,2.79,2.77,2.81,2.85,2.88,2.88,2.66,2.98,2.58,2.65,2.72,2.81,2.95,2.87,2.85,2.87,2.70,2.70,2.98,3.31,3.82,4.41,4.79,4.88,4.65,4.33,4.02,3.38,2.52,1.93,1.38,0.89,0.99,0.80,0.55,0.82,0.66,0.87,0.56,0.62,0.61,0.26,0.90,1.73,1.70,1.12,0.83,0.93,1.06,0.94,1.88,2.46,2.41,2.20,1.44,0.83,0.56,0.57,0.67,0.58,0.15,-0.11,-1.11,-3.98,-9.63,-16.71,-22.13,-24.73,-25.41,-24.68,-23.82,-22.13,-20.14,-18.19,-16.59,-15.32,-13.85,-11.25,-9.75,-8.76,-7.90,-7.29,-7.30,-7.20,-6.52
3.01,2.90,2.75,2.79,3.02,3.18,3.27,3.70,3.54,3.56,3.41,3.45,3.60,3.47,3.31,3.14,3.22,3.16,3.03,2.90,2.79,2.78,2.59,2.43,2.30,2.53,2.79,2.61,2.12,2.03,1.87,1.88,1.40,1.31,1.21,1.12,1.00,0.76,0.53,0.44,0.20,-0.16,-0.39,-0.87,-1.46,-0.89,-1.08,-1.89,-3.14,-2.83,-2.97,-2.79,-1.46,0.29,1.00,0.93,0.74,0.47,0.42,0.39,0.26,0.28,0.73,0.90,1.11,1.10,1.49,1.95,2.43,2.67,2.78,2.81,2.83,2.79,2.77,2.70,2.81,2.93,2.72,2.95,3.01,3.01,2.95,2.75,2.70,2.64,2.60,2.64,2.64,2.81,2.79,2.70,2.75,2.88,3.02,3.20,3.47,3.83,4.16,4.44,4.65,4.75,4.54,3.91,3.02,2.11,1.37,1.03,0.92,0.85,0.89,0.62,0.84,0.63,0.73,0.73,0.58,1.18,1.71,1.87,1.49,0.93,0.90,1.16,1.45,1.84,2.60,2.35,2.16,1.46,0.84,0.40,0.24,0.41,0.61,0.45,-0.02,-0.61,-2.05,-5.04,-9.91,-14.76,-17.84,-18.66,-18.02,-16.96,-14.94,-13.38,-11.98,-10.38,-9.20,-9.06,-7.02,-5.93,-5.35,-4.94,-4.86,-4.39,-4.01,-3.65
3.12,3.09,2.95,2.87,3.04,3.12,3.19,3.66,3.34,3.26,3.21,3.24,3.26,3.26,3.10,2.96,3.02,2.94,2.82,2.73,2.60,2.75,2.60,2.35,2.17,2.22,2.47,2.32,1.88,2.00,1.53,1.46,1.39,0.77,0.61,0.69,0.53,0.09,-0.12,-0.15,-0.74,-1.55,-2.24,-3.81,-4.43,-3.19,-2.13,-2.28,-2.97,-2.40,-1.48,-0.47,0.69,1.34,1.28,1.12,0.84,0.51,0.50,0.37,0.36,0.49,0.82,1.05,1.17,1.16,1.44,1.71,2.24,2.45,2.67,2.79,2.93,2.83,2.88,2.77,3.06,3.00,2.82,2.79,2.88,2.83,2.72,2.69,2.65,2.72,2.55,2.53,2.40,2.51,2.47,2.87,2.88,2.87,2.84,2.76,2.81,3.06,3.25,3.58,4.11,4.67,5.05,4.79,4.40,3.60,2.65,1.87,1.26,0.94,0.93,0.80,0.98,0.87,0.62,0.73,0.88,1.12,1.55,2.00,1.73,0.95,0.66,0.65,1.28,1.17,2.40,2.20,1.80,1.03,0.25,-0.32,-0.54,-0.33,-0.03,-0.28,-0.71,-1.07,-1.61,-3.18,-5.33,-7.80,-9.76,-9.91,-9.76,-8.56,-7.82,-7.07,-6.19,-5.35,-4.98,-4.94,-4.31,-3.62,-3.13,-2.83,-2.73,-2.65,-2.63,-2.33
2.90,2.78,2.70,2.66,2.89,2.97,3.10,3.51,3.15,3.09,3.12,3.04,3.02,3.16,2.97,2.64,2.78,2.75,2.69,2.67,2.57,2.72,2.47,2.14,2.25,2.42,2.53,2.24,1.84,1.79,1.27,1.31,0.56,0.00,-0.41,-0.76,-1.09,-2.47,-3.55,-3.43,-3.27,-2.79,-2.67,-4.00,-4.07,-3.18,-2.10,-1.24,-0.76,-0.21,0.31,0.99,1.77,1.89,1.51,1.26,0.98,0.77,0.69,0.46,0.50,0.57,0.90,1.12,1.31,1.39,1.57,1.71,2.32,2.36,2.45,2.72,3.04,3.03,3.04,3.07,3.13,3.18,2.84,2.67,2.73,2.76,2.55,2.61,2.61,2.71,2.49,2.49,2.37,2.42,2.43,2.69,2.69,2.72,2.82,2.71,2.69,2.89,2.83,2.79,3.21,3.73,4.43,4.71,4.57,4.53,4.20,3.49,2.28,1.36,1.07,1.20,1.26,0.95,0.57,0.40,0.39,0.51,1.07,1.56,1.25,0.61,0.25,-0.42,-0.11,0.20,0.99,0.99,0.57,-0.08,-0.69,-1.11,-1.28,-1.28,-1.21,-1.36,-1.52,-1.40,-1.53,-1.93,-2.54,-3.22,-3.87,-4.30,-4.37,-3.96,-3.88,-3.57,-3.06,-2.78,-2.82,-2.97,-2.78,-2.42,-2.07,-1.86,-1.89,-1.69,-1.90,-1.74
2.87,2.73,2.64,2.69,2.81,2.83,2.93,3.12,2.69,2.84,2.98,3.00,2.91,2.84,2.75,2.43,2.72,2.64,2.64,2.72,2.55,2.67,2.42,1.96,2.41,2.37,2.25,1.89,1.23,0.73,-0.08,-0.59,-1.12,-1.94,-3.05,-4.23,-3.81,-2.92,-2.82,-3.37,-3.58,-3.18,-2.81,-2.14,-1.55,-1.03,-0.57,-0.06,0.29,0.65,1.05,1.89,2.48,2.24,1.79,1.61,1.34,1.10,0.82,0.35,0.42,0.60,0.90,1.11,1.26,1.39,1.57,1.73,2.34,2.37,2.36,2.72,3.03,3.04,3.09,3.20,3.26,3.31,3.06,2.89,2.89,3.00,2.82,2.61,2.51,2.48,2.36,2.35,2.34,2.51,2.43,2.46,2.42,2.43,2.63,2.73,2.78,2.79,2.61,2.55,2.71,2.85,3.41,3.91,3.97,4.33,4.50,4.38,3.51,2.13,1.40,0.95,0.85,0.49,0.15,-0.29,-0.59,-0.56,-0.15,0.15,-0.12,-0.47,-0.46,-1.03,-1.16,-0.93,-0.82,-0.71,-0.88,-1.09,-1.26,-1.32,-1.40,-1.51,-1.66,-1.56,-1.46,-1.38,-1.60,-1.71,-1.71,-1.71,-1.83,-2.24,-2.85,-2.58,-2.19,-1.94,-1.79,-1.75,-1.86,-1.85,-1.64,-1.52,-1.43,-1.31,-1.23,-1.33,-1.45,-1.22
2.88,2.79,2.51,2.73,2.96,2.95,2.87,2.94,2.83,2.78,2.76,2.70,2.70,2.77,2.73,2.70,2.76,2.71,2.82,2.85,2.61,2.70,2.28,1.88,2.13,1.84,1.42,0.62,-0.46,-1.35,-2.18,-2.90,-2.88,-2.91,-3.45,-4.43,-4.22,-3.31,-2.42,-2.00,-1.84,-1.50,-1.37,-1.17,-0.83,-0.17,0.10,0.35,0.45,0.93,1.46,2.32,2.70,2.37,2.07,1.83,1.40,1.07,0.78,0.30,0.28,0.68,0.85,1.01,1.14,1.25,1.53,1.71,2.26,2.46,2.57,2.79,2.84,3.04,3.07,3.09,3.22,2.97,3.06,3.00,3.13,3.08,3.07,2.88,2.61,2.47,2.46,2.38,2.28,2.30,2.22,2.29,2.36,2.25,2.19,2.42,2.59,2.54,2.40,2.25,2.10,2.03,2.28,2.30,2.31,2.67,2.78,3.15,2.77,1.59,0.76,-0.18,-0.34,-0.51,-0.81,-1.03,-1.31,-1.38,-1.32,-1.23,-1.26,-1.32,-1.14,-1.37,-1.42,-1.17,-1.51,-1.51,-1.35,-1.37,-1.33,-1.30,-1.53,-1.84,-1.52,-1.51,-1.47,-1.28,-1.19,-1.18,-1.33,-1.48,-1.33,-1.40,-1.56,-1.52,-1.37,-1.40,-1.53,-1.48,-1.50,-1.24,-1.21,-1.17,-1.08,-0.97,-0.82,-1.08,-1.22,-0.99
2.64,2.55,2.30,2.45,2.60,2.70,2.79,2.85,2.75,2.55,2.77,2.69,2.59,2.72,2.77,2.64,2.87,2.81,2.69,2.57,2.41,2.24,1.57,1.07,1.04,0.46,-0.34,-1.06,-1.48,-2.02,-3.19,-3.61,-3.32,-3.03,-2.65,-2.37,-1.98,-1.75,-1.33,-1.01,-1.03,-0.94,-0.87,-0.48,-0.20,-0.23,0.63,0.40,0.82,1.26,1.77,2.53,2.87,2.60,2.19,1.77,1.40,1.15,0.88,0.44,0.04,0.07,0.37,0.53,0.85,1.01,1.59,1.71,2.29,2.67,2.66,2.88,2.94,3.13,3.09,2.94,3.12,2.98,2.78,3.01,3.09,3.21,3.37,3.14,2.89,2.73,2.55,2.41,2.25,2.06,1.93,1.94,2.03,1.90,1.77,1.65,1.31,1.26,1.32,1.03,0.77,0.62,0.58,0.39,0.20,0.32,0.36,0.66,0.34,-0.17,-0.59,-1.16,-1.21,-1.27,-1.40,-1.38,-1.50,-1.46,-1.37,-1.37,-1.30,-1.19,-1.09,-1.57,-1.32,-1.22,-1.33,-1.36,-1.22,-1.43,-1.35,-1.14,-1.41,-1.69,-1.51,-1.32,-1.23,-1.18,-1.30,-1.42,-1.35,-1.13,-0.99,-1.47,-1.31,-1.56,-1.46,-1.24,-1.32,-1.43,-1.21,-1.14,-1.19,-1.16,-0.99,-0.92,-0.79,-0.84,-1.02,-0.92
2.43,2.36,2.34,2.46,2.52,2.41,2.48,2.70,2.34,2.69,2.52,2.43,2.51,2.55,2.43,2.43,2.32,1.93,1.61,1.43,1.17,0.73,0.09,-0.66,-0.38,-0.78,-1.41,-1.72,-1.69,-1.84,-2.35,-2.23,-2.07,-1.93,-1.35,-1.14,-1.16,-1.22,-0.91,-0.61,-0.63,-0.62,-0.36,0.09,0.11,0.35,0.49,0.94,1.29,1.59,1.93,2.48,3.04,2.71,2.13,1.73,1.55,1.38,1.03,0.69,-0.06,-0.83,-0.68,-0.48,0.08,0.53,1.22,1.73,2.38,2.75,2.61,2.70,3.10,3.13,3.19,2.85,2.95,3.02,2.69,2.90,2.70,3.03,3.12,2.72,2.70,2.55,2.10,1.67,1.49,1.26,1.03,0.76,0.73,0.62,0.61,0.36,-0.27,-0.42,-0.23,-0.48,-0.57,-0.63,-0.79,-0.72,-0.82,-0.93,-0.98,-0.97,-1.11,-1.28,-1.19,-1.32,-1.23,-1.35,-1.38,-1.43,-1.33,-1.23,-1.32,-1.33,-1.18,-1.17,-1.06,-1.28,-1.13,-1.42,-1.01,-0.88,-0.89,-0.96,-1.01,-1.04,-1.11,-1.21,-1.27,-1.06,-1.03,-1.18,-1.19,-1.16,-1.16,-1.17,-1.11,-1.18,-1.12,-1.21,-1.21,-1.06,-0.97,-1.16,-1.02,-1.01,-1.06,-1.03,-0.94,-0.97,-0.81,-0.73,-0.76,-0.68
2.31,2.24,2.18,2.25,2.32,2.28,2.26,2.25,2.28,2.61,2.24,2.28,2.14,1.72,1.42,1.36,1.03,0.65,0.23,-0.18,-0.51,-0.77,-1.18,-1.60,-1.02,-0.93,-1.14,-1.31,-1.36,-1.30,-1.12,-1.08,-1.27,-1.18,-0.93,-0.98,-0.94,-0.88,-0.74,-0.81,-0.76,-0.32,0.04,0.41,0.47,0.73,1.05,0.93,1.44,1.66,1.91,2.58,3.07,2.81,2.22,1.71,1.55,1.46,1.28,1.07,0.25,-1.08,-1.84,-1.83,-1.02,-0.21,0.52,1.28,2.06,2.29,2.60,2.58,2.70,2.90,3.00,2.51,2.38,2.26,2.06,1.91,1.56,1.71,1.65,1.27,1.18,1.14,0.58,0.15,-0.01,-0.11,-0.32,-0.56,-0.59,-0.68,-0.74,-0.73,-0.92,-1.03,-0.94,-1.07,-1.12,-1.01,-1.06,-0.94,-0.96,-1.17,-1.17,-1.23,-1.28,-1.43,-1.31,-1.16,-1.08,-1.22,-1.32,-1.31,-1.18,-1.11,-1.17,-1.24,-1.23,-1.27,-1.13,-1.21,-1.31,-1.28,-0.91,-0.99,-1.08,-1.06,-0.91,-0.89,-1.17,-1.03,-0.99,-1.17,-1.02,-1.02,-1.07,-0.94,-0.87,-1.02,-0.97,-0.94,-0.81,-0.82,-0.83,-0.81,-0.76,-0.83,-0.79,-0.82,-0.74,-0.68,-0.66,-0.73,-0.53,-0.56,-0.47,-0.34
2.06,1.99,1.83,2.08,2.12,2.17,2.11,1.96,1.88,1.83,1.48,1.18,0.96,0.58,-0.21,-0.81,-1.11,-1.12,-1.11,-0.99,-0.87,-0.88,-0.87,-1.03,-0.92,-0.98,-0.97,-0.87,-0.82,-0.83,-0.79,-0.96,-1.11,-1.03,-1.06,-1.06,-0.89,-0.66,-0.62,-0.76,-0.79,-0.49,0.09,0.31,0.57,1.01,1.42,1.31,1.57,1.97,2.12,2.77,3.04,2.82,2.53,2.24,1.97,1.74,1.62,1.32,0.42,-0.91,-2.00,-2.17,-1.91,-1.24,-0.44,0.29,0.77,1.31,1.76,2.14,1.49,1.78,1.76,1.27,0.94,0.74,0.37,0.16,-0.07,0.04,0.03,-0.21,-0.42,-0.38,-0.83,-0.86,-0.87,-0.87,-0.91,-0.93,-0.91,-0.92,-1.02,-0.98,-0.92,-0.93,-0.89,-0.97,-1.07,-1.06,-0.96,-0.92,-0.94,-1.12,-1.16,-1.17,-1.26,-1.21,-1.09,-0.97,-0.98,-1.21,-1.30,-1.23,-0.99,-0.94,-1.14,-1.27,-1.27,-1.18,-1.31,-1.09,-1.35,-1.01,-0.79,-0.88,-1.04,-0.99,-0.78,-0.78,-1.02,-0.93,-0.74,-0.91,-0.84,-0.79,-0.79,-0.63,-0.51,-0.69,-0.44,-0.66,-0.57,-0.54,-0.59,-0.56,-0.39,-0.43,-0.48,-0.58,-0.46,-0.23,-0.18,-0.08,-0.03,0.09,0.11,0.15
1.74,1.76,1.54,1.55,1.56,1.53,1.36,1.04,0.63,0.37,0.09,-0.31,-0.71,-1.03,-1.22,-1.45,-1.67,-1.78,-1.41,-0.87,-0.57,-0.54,-0.59,-0.67,-0.54,-0.79,-0.74,-0.76,-0.79,-0.79,-0.87,-0.92,-0.97,-0.92,-0.87,-1.01,-0.76,-0.56,-0.53,-0.54,-0.49,-0.17,0.34,0.66,0.94,1.23,1.27,1.14,1.49,1.59,1.91,2.78,3.15,3.04,2.72,2.36,2.10,1.87,1.62,1.26,0.36,-0.69,-1.22,-1.42,-1.65,-1.53,-1.06,-0.76,-0.17,0.08,0.24,0.42,-0.08,0.09,-0.07,-0.31,-0.47,-0.72,-0.84,-0.87,-0.84,-0.79,-0.73,-0.73,-0.69,-0.71,-0.88,-0.77,-0.84,-0.91,-0.88,-0.86,-0.86,-0.86,-0.88,-0.97,-0.96,-0.81,-0.77,-0.87,-0.84,-0.88,-0.81,-0.91,-0.89,-0.88,-1.09,-1.23,-1.03,-1.02,-1.06,-1.06,-0.89,-0.97,-0.99,-0.97,-1.02,-0.98,-0.93,-0.96,-0.83,-1.04,-1.03,-0.92,-0.92,-0.88,-0.86,-0.68,-0.62,-0.72,-0.74,-0.58,-0.53,-0.64,-0.47,-0.42,-0.48,-0.37,-0.28,-0.18,-0.10,-0.23,0.11,-0.06,-0.16,-0.22,-0.22,-0.16,0.19,0.32,0.08,0.04,0.19,0.30,0.25,0.32,0.56,0.84,0.79,0.65
1.60,1.65,1.11,0.40,0.47,0.31,0.00,-0.36,-0.64,-0.79,-0.77,-0.86,-0.92,-0.89,-0.91,-1.08,-1.13,-0.89,-0.59,-0.42,-0.47,-0.68,-0.67,-0.64,-0.56,-0.83,-0.67,-0.73,-0.78,-0.73,-0.76,-0.78,-0.96,-1.04,-0.77,-0.91,-0.64,-0.62,-0.54,-0.22,-0.02,0.16,0.74,0.98,1.18,1.26,1.39,0.98,1.62,1.60,1.67,2.70,3.06,3.15,2.75,2.24,2.01,1.99,1.91,1.36,0.24,-0.57,-0.78,-1.12,-1.21,-1.07,-0.93,-0.87,-0.56,-0.71,-0.76,-0.81,-0.89,-0.89,-0.82,-0.84,-0.71,-0.86,-0.72,-0.78,-0.63,-0.86,-0.84,-0.78,-0.74,-0.68,-0.63,-0.62,-0.81,-0.92,-0.79,-0.68,-0.82,-0.88,-0.76,-0.83,-0.89,-0.74,-0.71,-0.78,-0.71,-0.74,-0.62,-0.87,-0.89,-0.84,-0.92,-0.88,-0.91,-0.83,-0.61,-0.69,-0.54,-0.62,-0.63,-0.68,-0.86,-0.96,-0.84,-0.72,-0.72,-0.69,-0.83,-0.72,-0.58,-0.61,-0.61,-0.38,-0.23,-0.26,-0.20,0.00,-0.08,-0.23,-0.03,0.29,0.20,0.40,0.45,0.39,0.52,0.46,0.62,0.52,0.40,0.32,0.34,0.49,0.66,1.06,0.92,0.89,1.03,1.03,0.80,1.00,1.18,1.27,1.20,1.07
1.12,0.93,0.21,-0.38,-0.57,-0.83,-1.04,-1.13,-1.18,-1.11,-0.84,-0.76,-0.67,-0.62,-0.63,-0.74,-0.74,-0.76,-0.63,-0.68,-0.82,-0.82,-0.83,-1.02,-0.92,-0.83,-0.82,-0.84,-0.84,-0.73,-0.71,-0.88,-1.06,-1.40,-0.87,-0.84,-0.48,-0.54,-0.32,0.18,0.44,0.67,1.04,1.23,1.39,1.31,1.43,1.25,1.40,1.44,1.38,2.49,2.97,2.85,2.47,2.16,2.08,1.97,1.73,1.39,0.58,-0.32,-0.71,-1.06,-0.94,-0.82,-0.84,-0.57,-0.53,-0.82,-0.96,-0.62,-1.03,-1.07,-0.76,-0.87,-0.81,-0.61,-0.56,-0.68,-0.42,-0.46,-0.49,-0.57,-0.77,-0.62,-0.67,-0.78,-0.82,-0.79,-0.57,-0.39,-0.64,-0.76,-0.53,-0.49,-0.67,-0.73,-0.51,-0.49,-0.54,-0.68,-0.48,-0.61,-0.67,-0.68,-0.73,-0.46,-0.68,-0.58,-0.53,-0.44,-0.28,-0.34,-0.49,-0.54,-0.43,-0.23,-0.26,-0.51,-0.27,-0.27,-0.18,-0.05,0.03,0.00,0.15,0.34,0.34,0.30,0.47,0.72,0.56,0.56,0.88,0.93,0.92,1.12,1.11,0.95,1.12,1.10,1.15,1.01,0.99,0.99,0.96,0.96,1.12,1.25,1.42,1.34,1.31,1.44,1.29,1.34,1.29,1.36,1.22,1.00
-0.28,-0.74,-1.06,-1.11,-1.18,-1.19,-1.06,-1.01,-1.03,-0.83,-0.59,-0.69,-0.63,-0.58,-0.58,-0.51,-0.56,-0.54,-0.52,-0.66,-0.71,-0.57,-0.56,-0.72,-0.68,-0.92,-0.54,-0.77,-0.88,-0.72,-0.77,-1.06,-1.22,-1.24,-0.76,-0.81,-0.29,-0.27,0.20,0.61,0.84,1.05,1.15,1.31,1.38,1.36,1.22,1.49,1.31,1.34,1.62,2.43,2.90,2.73,2.25,2.18,2.07,1.94,1.87,1.46,0.60,-0.07,-0.17,-0.56,-0.64,-0.81,-0.64,-0.49,-0.53,-0.51,-0.78,-0.69,-0.64,-0.81,-0.59,-0.71,-0.72,-0.51,-0.51,-0.64,-0.38,-0.38,-0.41,-0.47,-0.56,-0.52,-0.53,-0.63,-0.71,-0.67,-0.53,-0.51,-0.54,-0.57,-0.51,-0.34,-0.39,-0.46,-0.20,-0.29,-0.17,-0.33,-0.15,-0.58,-0.43,-0.28,-0.31,-0.21,-0.18,-0.24,-0.10,0.07,0.02,-0.03,-0.05,0.08,0.16,0.13,0.26,0.47,0.19,0.28,0.47,0.94,0.96,0.88,0.98,1.07,1.07,1.14,1.31,1.33,1.10,1.36,1.48,1.43,1.37,1.49,1.48,1.32,1.39,1.37,1.59,1.51,1.50,1.56,1.59,1.45,1.46,1.42,1.50,1.50,1.42,1.38,1.27,1.37,1.36,1.34,1.31,1.22
-1.38,-1.28,-0.87,-1.08,-0.67,-0.52,-0.62,-0.63,-0.51,-0.42,-0.44,-0.82,-0.61,-0.47,-0.52,-0.52,-0.44,-0.31,-0.49,-0.61,-0.61,-0.63,-0.79,-0.78,-0.81,-0.84,-0.74,-0.79,-0.69,-0.77,-0.99,-1.09,-1.22,-0.87,-0.77,-0.74,-0.22,0.05,0.73,1.01,1.07,1.12,1.18,1.37,1.27,1.20,1.14,1.45,1.32,1.27,1.40,2.47,2.98,2.81,2.55,2.37,2.12,1.91,1.71,1.40,0.80,0.02,-0.48,-0.57,-0.72,-0.73,-0.78,-0.54,-0.38,-0.21,-0.58,-0.68,-0.64,-0.69,-0.46,-0.68,-0.68,-0.39,-0.22,-0.38,-0.42,-0.27,-0.27,-0.31,-0.41,-0.38,-0.38,-0.36,-0.36,-0.32,-0.41,-0.39,-0.39,-0.37,-0.27,-0.18,-0.01,0.08,0.20,0.16,0.37,0.24,0.15,-0.22,-0.21,0.11,0.20,0.31,0.14,0.09,0.28,0.79,0.85,0.73,0.72,0.72,0.74,0.87,1.12,1.39,1.23,1.11,1.20,1.55,1.42,1.59,1.74,1.62,1.46,1.56,1.68,1.59,1.38,1.66,1.67,1.66,1.57,1.56,1.55,1.39,1.46,1.51,1.60,1.54,1.44,1.42,1.48,1.45,1.57,1.56,1.51,1.49,1.48,1.45,1.28,1.33,1.29,1.33,1.42,1.39
-0.71,-0.64,-0.57,-0.46,-0.24,-0.61,-0.62,-0.46,-0.36,-0.43,-0.62,-0.84,-0.46,-0.26,-0.37,-0.46,-0.34,-0.34,-0.66,-0.71,-0.64,-0.68,-0.76,-0.82,-0.92,-1.02,-0.96,-0.77,-0.71,-0.87,-0.99,-1.04,-1.12,-0.63,-0.57,-0.42,0.13,0.46,1.04,1.12,1.12,1.07,1.18,1.50,1.27,1.14,1.18,1.22,1.16,1.27,1.42,2.54,2.83,2.76,2.54,2.34,2.02,1.90,1.83,1.40,0.84,0.26,-0.17,-0.47,-0.58,-0.28,-0.23,-0.11,-0.27,-0.43,-0.27,-0.36,-0.33,-0.32,-0.56,-0.46,-0.38,-0.36,-0.53,-0.28,-0.23,0.04,0.16,0.05,-0.17,-0.20,-0.24,-0.12,0.04,0.16,0.14,0.31,0.37,0.32,0.50,0.60,0.65,0.69,1.03,1.11,1.36,1.03,0.95,0.95,1.18,1.51,1.01,1.64,1.55,1.53,1.51,1.59,1.74,1.77,1.66,1.45,1.29,1.42,1.77,1.99,1.77,1.68,1.68,1.70,1.54,1.59,1.74,1.77,1.71,1.62,1.57,1.55,1.51,1.61,1.64,1.64,1.59,1.55,1.55,1.50,1.59,1.64,1.50,1.49,1.50,1.49,1.53,1.73,1.51,1.59,1.53,1.38,1.34,1.57,1.62,1.55,1.50,1.54,1.62,1.62
-0.49,-0.52,-0.53,-0.43,-0.59,-0.81,-0.54,-0.42,-0.51,-0.67,-0.71,-0.67,-0.41,-0.32,-0.33,-0.38,-0.44,-0.58,-0.76,-0.69,-0.63,-0.74,-0.91,-0.89,-0.96,-1.01,-0.98,-0.83,-0.84,-0.79,-0.69,-0.62,-0.48,-0.31,-0.31,-0.06,0.50,0.88,1.05,1.06,1.12,1.11,1.28,1.48,1.28,1.26,1.23,1.38,1.21,1.59,1.53,2.48,2.70,2.65,2.37,2.32,2.14,1.89,1.77,1.33,0.61,0.29,0.19,-0.12,-0.37,-0.41,-0.32,-0.37,-0.28,-0.38,-0.49,0.02,0.00,0.03,-0.11,-0.68,-0.16,0.10,-0.16,0.09,0.29,0.47,0.67,0.44,0.50,0.36,0.40,0.85,1.01,0.87,1.06,1.16,1.17,1.40,1.49,1.64,1.77,1.87,2.07,2.13,2.00,1.82,1.96,1.93,1.84,1.72,1.84,1.83,1.84,1.93,1.82,1.72,1.90,1.95,1.84,1.72,1.61,1.68,1.87,1.85,1.59,1.80,1.64,1.71,1.49,1.54,1.64,1.70,1.78,1.66,1.46,1.53,1.64,1.56,1.60,1.57,1.53,1.53,1.66,1.95,1.61,1.74,1.78,1.61,1.56,1.66,1.76,1.84,1.60,1.65,1.67,1.60,1.54,1.66,1.76,1.73,1.73,1.80,1.85,1.94
-0.34,-0.37,-0.46,-0.53,-0.46,-0.48,-0.53,-0.64,-0.72,-0.61,-0.46,-0.27,-0.49,-0.54,-0.52,-0.53,-0.59,-0.68,-0.83,-0.78,-0.71,-0.83,-1.01,-0.91,-1.02,-1.19,-0.83,-0.86,-0.79,-0.76,-0.82,-0.76,-0.59,-0.41,0.09,0.55,0.68,0.80,1.06,1.22,1.17,1.18,1.28,1.32,1.28,1.34,1.23,1.42,1.23,1.50,1.66,2.46,2.72,2.42,2.32,2.24,2.06,1.82,1.68,1.45,1.12,0.71,0.29,0.18,0.02,0.07,0.11,0.14,0.39,0.24,0.18,0.80,0.49,1.25,1.26,1.33,1.73,1.80,1.27,1.45,1.67,1.96,2.12,1.99,1.88,1.66,1.79,2.10,2.05,2.16,2.14,1.96,2.08,2.08,2.02,2.19,2.19,2.20,2.47,2.54,2.28,2.34,2.14,2.08,2.20,2.14,2.12,1.95,1.83,1.89,1.74,1.66,1.87,1.93,1.84,1.80,1.71,1.70,1.84,1.80,1.61,1.79,1.67,1.78,1.61,1.67,1.82,1.79,1.78,1.76,1.68,1.67,1.78,1.71,1.73,1.73,1.72,1.72,1.83,1.88,1.67,1.78,1.84,1.80,1.77,1.82,1.91,1.80,1.71,1.80,1.87,1.83,1.84,1.94,1.83,1.84,1.85,1.94,2.12,2.19
-0.32,-0.41,-0.48,-0.43,-0.52,-0.53,-0.58,-0.64,-0.69,-0.63,-0.46,-0.47,-0.22,-0.20,-0.26,-0.37,-0.58,-0.69,-0.83,-0.88,-0.74,-0.78,-0.89,-0.82,-0.83,-0.93,-0.51,-0.47,-0.43,-0.62,-0.44,-0.26,-0.37,-0.03,0.39,0.94,1.11,0.94,1.23,1.29,1.11,0.98,1.14,1.33,1.37,1.33,1.15,1.31,1.23,1.34,1.59,2.26,2.60,2.36,2.38,2.31,2.10,1.96,2.03,1.87,1.50,1.42,1.43,1.38,1.48,1.60,1.74,1.93,1.96,1.74,1.89,2.25,2.32,2.73,2.89,3.08,3.63,3.50,2.96,2.79,2.84,2.93,3.04,2.98,2.78,2.67,2.73,2.65,2.53,2.58,2.57,2.43,2.36,2.31,2.40,2.42,2.30,2.57,2.43,2.58,2.46,2.26,2.46,2.12,2.00,2.07,2.13,1.87,2.03,2.00,1.96,1.96,2.01,2.05,1.96,1.82,1.72,1.84,2.00,1.84,1.97,1.93,1.87,1.95,1.91,1.94,2.05,2.05,2.00,2.03,2.05,1.91,1.84,2.08,2.05,1.90,1.87,2.03,2.37,2.34,2.18,2.13,2.06,2.16,2.17,2.01,2.08,1.80,1.76,1.90,2.05,2.03,1.99,2.11,1.94,1.96,2.02,2.08,2.42,2.38
-0.34,-0.43,-0.42,-0.39,-0.68,-0.99,-0.59,-0.64,-0.78,-0.73,-0.64,-0.83,-0.63,-0.79,-0.79,-0.79,-0.89,-0.67,-0.44,-0.61,-0.49,-0.52,-0.59,-0.52,-0.54,-0.48,-0.22,-0.16,-0.06,-0.20,-0.02,0.16,0.16,0.47,0.83,1.16,1.20,1.22,1.10,1.17,1.23,1.23,1.27,1.33,1.32,1.17,1.12,1.28,1.22,1.45,1.39,2.11,2.51,2.47,2.43,2.35,2.13,2.06,2.14,1.97,1.73,2.12,2.78,3.02,3.24,3.46,3.71,3.75,3.66,3.26,3.34,3.20,3.15,3.54,3.63,3.91,3.63,3.81,3.71,3.49,3.68,3.82,3.72,3.70,3.53,3.51,3.46,3.26,2.88,2.69,2.64,2.61,2.57,2.45,2.54,2.53,2.41,2.53,2.42,2.42,2.60,2.54,2.75,2.53,2.35,2.22,2.25,2.20,2.31,2.31,2.29,2.23,2.40,2.49,2.28,2.07,2.02,2.11,2.22,2.10,2.36,2.17,2.19,2.17,2.13,2.20,2.32,2.29,2.17,2.35,2.26,2.03,2.11,2.13,2.29,2.23,2.03,2.08,2.31,2.48,2.51,2.26,2.20,2.18,2.17,2.13,2.28,1.88,1.89,2.06,2.19,2.20,2.12,2.22,2.12,2.12,2.25,2.43,2.53,2.38
-0.08,-0.32,-0.39,-0.42,-0.62,-1.06,-0.66,-0.71,-0.76,-0.71,-0.62,-0.59,-0.31,-0.38,-0.52,-0.51,-0.36,-0.37,0.03,-0.22,-0.16,-0.13,-0.11,-0.06,-0.15,-0.08,0.14,0.26,0.39,0.35,0.50,0.65,0.68,0.84,1.06,1.11,1.05,1.00,1.16,1.28,1.32,1.40,1.44,1.40,1.27,1.18,1.22,1.00,1.09,1.38,1.42,2.28,2.70,2.55,2.45,2.36,2.19,2.11,2.13,1.90,1.88,2.55,3.40,3.83,4.16,4.43,4.35,4.58,4.97,5.04,4.81,4.70,4.77,4.53,4.35,4.09,4.03,4.01,3.88,4.16,4.23,4.35,4.25,4.04,3.85,3.98,4.14,3.87,3.27,2.87,2.81,2.89,2.88,2.89,2.97,2.88,2.90,2.83,2.73,2.78,2.83,2.78,3.02,2.63,2.65,2.49,2.42,2.49,2.61,2.58,2.51,2.48,2.61,2.70,2.57,2.36,2.26,2.25,2.42,2.36,2.40,2.22,2.40,2.35,2.16,2.23,2.47,2.49,2.30,2.26,2.20,2.31,2.24,2.17,2.30,2.43,2.38,2.41,2.42,2.24,2.46,2.31,2.26,2.29,2.23,2.13,2.40,2.10,2.07,2.24,2.30,2.22,2.37,2.47,2.43,2.38,2.36,2.41,2.51,2.41
-0.16,-0.51,-0.52,-0.43,-0.51,-0.76,-0.51,-0.43,-0.47,-0.52,-0.46,-0.15,-0.32,-0.41,-0.29,-0.16,-0.02,0.28,0.19,-0.11,0.15,0.34,0.40,0.42,0.47,0.41,0.68,0.80,0.83,0.73,0.82,0.84,0.88,1.11,1.05,0.87,1.11,0.99,0.87,0.98,1.06,1.27,1.38,1.37,1.34,1.27,1.12,1.05,1.25,1.34,1.48,2.52,2.83,2.71,2.48,2.52,2.43,2.24,2.23,2.06,1.97,2.71,3.63,4.07,4.50,4.87,4.79,4.87,5.35,5.83,5.93,6.23,5.95,5.78,5.66,5.30,5.05,4.99,4.57,4.30,4.30,4.30,4.48,4.35,4.30,4.18,4.12,3.95,3.54,3.38,3.32,3.35,3.43,3.30,3.38,3.19,3.06,2.94,2.94,3.07,2.89,2.81,3.04,2.65,3.01,2.78,2.73,2.76,2.72,2.72,2.72,2.69,2.76,2.77,2.69,2.52,2.34,2.46,2.64,2.37,2.26,2.19,2.20,2.36,2.31,2.25,2.41,2.40,2.42,2.57,2.38,2.23,2.31,2.43,2.51,2.42,2.31,2.51,2.55,2.45,2.58,2.54,2.43,2.38,2.36,2.25,2.43,2.23,2.24,2.36,2.38,2.28,2.49,2.48,2.47,2.53,2.63,2.61,2.38,2.53
-0.10,-0.32,-0.47,-0.49,-0.49,-0.59,-0.06,0.02,-0.12,-0.21,-0.15,0.07,0.19,0.19,0.29,0.28,0.41,0.82,0.51,0.63,0.72,0.90,0.78,0.76,0.96,0.83,0.92,0.99,0.93,0.89,0.98,0.89,0.94,1.06,0.87,0.90,1.16,1.05,1.12,0.92,0.98,1.20,1.18,1.04,1.04,1.05,1.05,1.15,1.39,1.40,1.54,2.67,2.69,2.83,2.63,2.66,2.58,2.32,2.28,2.19,2.12,2.76,3.65,4.11,4.51,4.83,4.98,5.18,5.61,5.91,6.33,6.51,6.63,6.38,6.48,6.30,5.99,5.83,5.62,5.42,5.29,4.83,4.72,4.40,4.42,4.37,4.40,4.22,3.83,3.79,3.82,3.76,3.88,3.84,3.88,3.62,3.52,3.30,3.15,3.13,3.04,2.94,2.98,2.79,2.94,2.79,2.84,2.93,2.83,2.82,2.90,2.81,2.73,2.79,2.73,2.66,2.38,2.73,2.81,2.59,2.54,2.47,2.53,2.48,2.31,2.34,2.60,2.70,2.57,2.71,2.61,2.60,2.43,2.42,2.58,2.61,2.47,2.61,2.82,2.70,2.88,2.85,2.71,2.57,2.53,2.60,2.61,2.35,2.38,2.49,2.38,2.41,2.49,2.59,2.60,2.66,2.76,2.58,2.48,2.70
0.19,0.07,-0.08,-0.10,-0.12,-0.18,0.44,0.30,0.24,0.28,0.32,0.49,0.72,0.74,0.90,1.01,1.04,0.98,1.17,1.21,1.14,0.99,1.04,1.09,0.98,0.84,0.77,0.82,0.80,0.95,0.92,0.79,0.93,1.05,0.88,1.00,1.03,1.03,1.04,0.94,1.18,1.22,1.06,0.94,0.85,0.72,0.69,1.10,1.36,1.42,1.51,2.67,2.82,2.77,2.67,2.66,2.46,2.29,2.24,2.14,2.20,2.85,3.58,4.04,4.51,4.69,4.92,5.20,5.67,5.95,6.21,6.50,6.83,6.56,6.42,6.49,6.52,6.52,6.44,6.19,6.11,5.85,5.63,5.33,5.17,4.95,4.94,4.83,4.43,4.23,4.15,4.10,4.27,4.27,4.14,3.94,4.00,3.84,3.46,3.40,3.38,3.20,3.22,3.04,3.07,2.89,2.95,3.06,3.09,3.00,3.06,2.95,2.76,2.88,2.89,2.88,2.51,2.82,2.85,2.83,2.64,2.64,2.81,2.83,2.61,2.45,2.59,2.76,2.83,2.73,2.96,2.78,2.71,2.66,2.65,2.66,2.61,2.66,2.89,2.88,3.01,2.97,2.85,2.72,2.71,2.95,2.93,2.78,2.63,2.48,2.38,2.63,2.69,2.76,2.75,2.76,2.84,2.83,2.64,2.67
0.72,0.42,0.34,0.35,0.45,0.67,0.90,0.69,0.77,0.83,0.88,0.92,0.98,1.00,1.14,1.25,1.25,1.17,1.00,1.18,1.14,0.98,0.84,0.76,0.63,0.58,0.79,0.83,0.90,0.93,0.76,0.69,1.06,1.29,1.17,1.22,1.11,1.09,1.26,1.01,0.94,1.03,1.07,1.04,0.98,0.96,0.98,0.92,0.88,1.37,1.73,2.85,2.89,2.77,2.54,2.61,2.52,2.25,2.18,2.07,2.23,2.91,3.50,3.92,4.43,4.57,4.77,5.04,5.46,5.77,5.99,6.19,6.51,6.36,6.30,6.50,6.50,6.65,6.57,6.44,6.54,6.50,6.23,6.17,6.07,5.83,5.65,5.39,5.01,4.78,4.57,4.40,4.50,4.49,4.38,4.15,4.12,4.15,3.82,3.78,3.88,3.69,3.72,3.53,3.52,3.25,3.22,3.21,3.25,3.19,3.22,3.19,3.06,3.24,3.15,2.98,2.73,2.97,2.95,2.96,2.87,2.90,2.98,3.00,2.97,2.89,2.83,2.88,2.98,2.98,3.15,2.91,2.93,2.87,2.69,2.69,2.81,2.78,2.95,2.98,3.04,2.96,2.83,2.76,2.69,3.06,2.97,2.72,2.61,2.60,2.40,2.69,2.65,2.78,2.75,2.63,2.63,2.65,2.61,2.65
0.92,0.69,0.60,0.73,0.83,0.83,1.03,1.14,1.18,1.16,1.09,1.04,1.20,1.05,1.15,1.28,1.32,1.21,1.03,1.01,1.25,0.92,0.79,0.87,0.89,0.92,0.94,0.90,0.82,1.11,1.07,1.15,1.49,1.76,1.77,1.76,1.70,1.59,2.02,1.56,1.29,1.29,1.34,1.06,0.82,0.79,0.68,0.74,1.04,1.40,1.97,2.78,3.03,3.01,2.46,2.69,2.48,2.23,2.17,2.08,2.26,2.90,3.49,3.94,4.38,4.55,4.77,4.96,5.46,5.62,5.80,6.00,6.20,6.14,6.31,6.45,6.31,6.57,6.46,6.44,6.71,6.79,6.68,6.64,6.64,6.59,6.45,6.17,5.81,5.56,5.34,5.11,5.10,5.03,5.01,4.69,4.29,4.29,4.28,4.20,4.25,4.27,4.21,4.02,3.94,3.71,3.58,3.40,3.30,3.30,3.40,3.39,3.28,3.40,3.28,3.12,3.01,3.02,3.32,3.13,3.09,3.02,3.08,3.26,3.27,3.04,2.90,2.77,3.01,3.06,3.15,3.13,3.03,2.90,2.77,2.79,2.97,2.88,3.04,3.03,3.15,3.03,2.84,2.95,3.02,2.95,3.00,2.93,2.76,2.70,2.69,2.55,2.63,2.75,2.79,2.70,2.71,2.57,2.59,2.65
1.26,1.03,1.03,1.04,1.07,1.18,1.37,1.43,1.32,1.29,1.31,1.37,1.50,1.12,1.36,1.50,1.37,1.25,1.36,1.11,1.31,1.25,1.14,1.01,0.99,1.20,1.53,1.43,1.48,1.90,2.24,2.00,2.20,2.54,2.65,2.79,2.82,2.78,3.14,2.63,2.40,2.32,2.42,1.97,1.57,1.44,1.25,1.16,1.57,1.99,2.60,3.35,3.62,3.38,2.91,2.82,2.87,2.38,2.16,2.08,2.26,2.93,3.64,4.21,4.61,4.78,4.92,4.92,5.63,5.77,5.70,6.06,6.12,6.13,6.28,6.23,6.28,6.42,6.41,6.37,6.75,6.84,6.85,6.83,6.80,6.87,6.88,6.73,6.45,6.30,6.23,6.04,5.96,5.82,5.70,5.49,5.06,4.85,4.83,4.71,4.53,4.62,4.51,4.35,4.24,4.18,4.00,3.78,3.66,3.63,3.65,3.68,3.58,3.49,3.64,3.34,3.24,3.41,3.57,3.44,3.44,3.47,3.45,3.44,3.40,3.16,3.15,3.30,3.18,3.32,3.28,3.28,3.15,2.98,2.96,3.02,3.12,2.90,3.02,3.03,3.19,3.21,2.97,2.96,2.89,3.00,3.02,2.97,2.84,2.67,2.84,2.66,2.73,2.81,2.82,2.83,2.84,2.72,2.66,2.63
1.62,1.23,1.33,1.31,1.09,1.03,1.37,1.53,1.61,1.55,1.53,1.56,1.59,1.56,1.60,1.73,1.65,1.65,1.90,1.83,1.90,1.89,1.79,1.85,1.93,2.19,2.69,2.81,2.97,3.54,3.64,3.53,3.59,3.54,3.66,4.00,4.08,4.23,4.23,3.77,3.45,3.52,3.69,3.32,3.01,2.87,2.59,2.45,2.63,2.73,3.24,3.47,3.53,3.34,2.87,2.54,2.61,2.46,2.31,2.26,2.32,2.81,3.52,3.98,4.33,4.68,4.71,4.83,5.49,5.71,5.75,5.91,6.07,6.03,6.15,6.03,6.22,6.22,6.34,6.35,6.56,6.58,6.51,6.69,6.66,6.71,6.74,6.63,6.46,6.50,6.61,6.46,6.43,6.34,6.15,6.06,6.11,5.90,5.48,5.22,4.96,4.75,4.77,4.96,4.58,4.37,4.33,4.22,3.98,3.78,3.76,3.69,3.66,3.92,3.68,3.43,3.49,3.45,3.59,3.51,3.54,3.57,3.52,3.47,3.33,3.19,3.21,3.45,3.45,3.56,3.45,3.35,3.30,3.21,3.24,3.32,3.32,3.13,3.15,3.25,3.34,3.34,3.25,3.18,3.03,3.09,3.10,2.98,2.85,2.84,2.98,2.89,2.87,2.89,2.90,2.88,2.78,2.75,2.70,2.61
1.77,1.34,1.57,1.61,1.37,1.26,1.40,1.62,1.83,1.73,1.84,1.97,1.99,2.06,1.60,2.24,2.46,2.52,2.75,2.96,2.91,2.66,2.61,2.88,2.91,3.18,3.90,4.09,4.03,4.54,4.29,4.18,4.42,4.41,4.15,4.25,4.83,5.06,5.13,4.75,4.37,4.56,4.74,4.67,4.54,4.37,4.09,3.81,3.85,4.02,3.98,3.51,3.45,3.03,2.95,3.01,2.85,2.46,2.18,2.01,2.17,2.58,2.95,3.41,4.02,4.44,4.57,4.88,5.48,5.65,5.63,5.89,6.05,5.84,6.13,5.99,6.13,6.31,6.34,6.34,6.38,6.34,6.27,6.53,6.50,6.48,6.49,6.38,6.29,6.27,6.35,6.36,6.41,6.42,6.50,6.34,6.37,6.38,6.33,5.97,5.65,5.35,5.34,5.30,5.19,4.99,4.78,4.37,4.11,3.95,3.71,3.85,3.83,3.88,4.22,3.87,3.58,3.76,3.76,3.75,3.68,3.58,3.56,3.54,3.40,3.30,3.15,3.40,3.60,3.68,3.52,3.41,3.45,3.49,3.43,3.43,3.33,3.15,3.13,3.35,3.52,3.46,3.28,3.24,3.37,3.21,3.24,3.24,3.03,2.97,3.02,3.01,2.91,2.90,2.98,2.95,2.87,2.79,2.84,2.89
1.87,1.65,1.91,1.94,1.82,1.72,1.76,1.90,2.10,2.19,2.40,2.60,2.73,2.64,2.87,3.43,3.47,3.52,3.75,3.96,3.71,3.37,3.40,3.65,3.66,3.97,4.51,4.72,4.90,4.97,4.85,4.99,5.02,5.12,4.95,4.85,5.32,5.69,6.04,5.74,5.54,5.59,5.68,5.61,5.52,5.32,5.05,4.95,4.91,4.67,4.17,3.73,3.49,3.04,2.89,2.87,2.59,2.25,1.91,1.88,1.82,2.24,2.96,3.54,4.07,4.33,4.48,4.97,5.23,5.26,5.60,5.84,6.00,5.91,6.25,6.00,6.28,6.29,6.36,6.19,6.71,6.58,6.51,6.54,6.42,6.36,6.41,6.38,6.31,6.28,6.30,6.40,6.31,6.23,6.71,6.51,6.56,6.50,6.48,6.64,6.43,6.18,6.27,6.13,5.96,6.00,5.68,5.13,4.90,4.85,4.65,4.51,4.41,4.62,4.38,4.08,3.81,3.97,3.96,4.05,3.95,3.76,3.76,3.76,3.60,3.56,3.37,3.58,3.76,3.72,3.58,3.56,3.63,3.66,3.57,3.39,3.53,3.39,3.53,3.65,3.64,3.50,3.31,3.44,3.35,3.20,3.18,3.20,3.12,3.12,3.10,3.06,2.96,2.87,2.89,2.91,2.91,2.91,2.94,2.93
2.13,2.17,2.23,2.25,2.12,2.19,2.37,2.57,2.81,3.01,3.21,3.43,3.58,3.79,3.98,4.22,4.37,4.54,4.67,4.55,4.11,3.89,3.90,4.08,4.30,4.70,5.09,5.32,5.63,5.67,5.75,5.87,5.76,5.89,5.93,5.97,6.13,6.28,6.50,6.23,6.20,6.25,6.21,5.96,5.80,5.62,5.40,5.30,5.26,4.81,4.23,3.65,3.27,2.88,2.78,2.76,2.40,2.18,2.10,2.01,1.96,2.55,3.15,3.47,3.88,4.30,4.61,4.81,5.23,5.35,5.56,5.81,5.84,5.90,6.17,5.96,6.03,6.22,6.21,6.13,6.28,6.17,6.19,6.13,6.14,6.26,6.31,6.25,6.10,6.06,6.28,6.44,6.49,6.25,6.43,6.38,6.28,6.50,6.40,6.51,6.31,6.42,6.38,6.34,6.40,6.34,6.17,5.93,5.69,5.58,5.48,5.17,4.89,5.05,4.61,4.61,4.35,4.27,4.27,4.30,4.16,3.98,4.05,4.02,3.79,3.85,3.73,3.73,3.88,3.79,3.78,3.77,3.63,3.59,3.71,3.47,3.69,3.58,3.66,3.71,3.68,3.65,3.38,3.52,3.34,3.21,3.14,3.08,3.02,3.27,3.39,3.26,3.04,2.93,3.01,3.02,3.00,3.06,3.03,2.95
3.01,2.91,2.76,2.45,2.57,2.88,3.27,3.52,3.68,3.84,4.04,4.42,4.78,4.85,4.79,4.97,4.94,4.97,4.79,4.40,4.27,4.18,3.96,4.20,4.65,5.19,5.61,5.93,6.22,6.27,6.23,6.37,6.34,6.25,6.26,6.28,6.23,6.26,6.41,6.52,6.07,6.35,6.29,6.15,5.84,5.77,5.51,5.12,5.09,4.88,4.25,3.53,3.16,2.77,2.64,2.63,2.52,2.22,2.07,2.08,2.17,2.55,3.00,3.53,3.98,4.18,4.49,4.67,5.11,5.41,5.58,5.76,5.93,6.23,6.14,5.98,6.04,6.11,6.26,6.41,6.43,6.19,6.26,6.38,6.40,6.28,6.17,6.15,6.15,6.13,6.20,6.36,6.38,6.14,6.44,6.38,6.17,6.48,6.33,6.42,6.31,6.26,6.31,6.48,6.48,6.46,6.31,6.21,6.19,6.05,6.04,5.80,5.45,5.54,5.22,5.38,4.98,4.76,4.76,4.65,4.41,4.25,4.30,4.28,3.96,4.02,3.92,3.90,3.96,4.14,4.07,3.78,3.72,3.84,3.66,3.54,3.65,3.64,3.69,3.76,3.76,3.79,3.65,3.59,3.51,3.35,3.28,3.32,3.24,3.30,3.43,3.38,3.22,3.12,3.15,3.28,3.15,3.06,3.08,3.09
3.89,3.78,3.75,3.51,3.25,3.87,4.35,4.34,4.33,4.69,4.87,5.26,5.48,5.40,5.34,5.39,5.53,5.38,5.10,4.78,4.41,4.21,4.12,4.00,4.57,5.31,5.90,6.26,6.42,6.34,6.31,6.34,6.50,6.41,6.41,6.38,6.28,6.27,6.40,6.35,6.00,6.41,6.45,6.37,5.97,5.89,5.67,5.23,4.96,4.74,4.12,3.62,3.20,2.81,2.66,2.63,2.64,2.37,2.26,2.19,2.35,2.75,3.02,3.47,4.02,4.33,4.55,4.76,5.19,5.46,5.65,5.87,5.99,6.34,6.19,6.07,5.98,6.13,6.10,6.10,6.22,6.07,6.19,6.15,6.13,6.29,6.45,6.53,6.41,6.29,6.29,6.14,6.14,6.27,6.21,6.43,6.28,6.41,6.58,6.42,6.36,6.38,6.23,6.13,6.26,6.37,6.36,6.30,6.25,6.26,6.06,5.91,5.66,5.89,5.66,5.76,5.45,5.19,5.16,5.01,4.75,4.62,4.57,4.65,4.11,4.15,4.28,4.10,4.11,4.14,4.12,4.04,3.96,4.07,4.07,3.95,4.01,4.10,4.05,4.03,4.04,3.84,3.87,3.78,3.70,3.52,3.40,3.59,3.60,3.78,3.65,3.44,3.30,3.25,3.01,3.20,3.24,3.14,3.06,3.14
4.54,4.37,4.24,3.85,4.21,4.47,4.64,4.83,4.99,5.67,5.60,5.75,5.85,5.85,5.85,5.83,5.97,5.73,5.52,5.24,4.62,4.18,4.03,4.35,4.71,5.54,6.11,6.26,6.27,6.19,6.31,6.30,6.46,6.38,6.44,6.38,6.26,6.28,6.45,6.34,6.05,6.23,6.30,6.17,6.08,5.87,5.51,5.22,4.91,4.45,4.04,3.76,3.33,2.93,2.81,2.75,2.67,2.49,2.30,2.23,2.37,2.83,3.28,3.72,4.08,4.34,4.50,4.71,5.17,5.55,5.68,5.81,6.21,5.90,5.99,6.14,6.20,6.05,6.10,6.17,6.30,6.11,6.17,6.26,6.17,6.11,6.11,6.17,6.21,6.18,6.28,6.14,5.92,6.29,6.29,6.41,6.14,6.28,6.60,6.29,6.22,6.53,6.38,6.18,6.11,6.15,6.25,6.20,6.11,6.13,5.84,5.85,5.82,6.07,5.90,5.76,5.59,5.35,5.30,5.19,4.99,4.99,5.03,4.97,4.57,4.74,4.70,4.53,4.37,4.41,4.36,4.18,4.35,4.25,4.54,4.50,4.43,4.53,4.64,4.53,4.31,4.03,3.91,3.96,3.88,3.68,3.56,3.76,3.68,3.64,3.70,3.57,3.30,3.31,3.14,3.32,3.34,3.27,3.19,3.24
4.79,4.62,4.58,4.54,4.69,4.95,5.04,5.03,5.26,5.98,5.81,6.11,6.29,6.28,6.25,6.22,6.10,5.73,5.59,5.33,4.65,3.82,3.81,3.87,4.65,5.37,5.88,6.15,6.22,6.29,6.41,6.43,6.40,6.34,6.43,6.37,6.33,6.43,6.46,6.34,6.30,6.22,6.34,5.96,5.75,5.63,5.31,4.99,4.69,4.27,3.98,3.77,3.60,3.07,2.82,2.81,2.71,2.51,2.20,2.18,2.26,2.79,3.35,3.83,4.17,4.30,4.43,4.74,5.29,5.47,5.59,5.71,6.21,6.05,6.11,6.06,6.06,5.96,6.12,6.00,6.08,6.07,6.11,6.13,6.15,6.18,6.21,6.26,6.29,6.34,6.20,6.18,6.07,6.31,6.26,6.19,6.42,6.30,6.44,6.36,6.20,6.30,6.23,6.20,6.11,6.05,6.14,6.17,6.11,6.10,5.80,5.88,6.05,6.21,6.05,5.73,5.47,5.32,5.54,5.66,5.35,5.35,5.39,5.67,5.46,5.24,5.18,5.12,4.99,4.91,4.87,4.78,4.96,4.75,4.84,4.84,4.90,5.08,5.30,5.23,4.56,4.51,4.00,3.88,3.97,4.07,3.98,3.76,3.68,3.66,3.58,3.47,3.35,3.35,3.35,3.44,3.39,3.30,3.38,3.51
4.88,4.71,4.69,4.67,4.70,5.22,5.22,5.26,5.69,6.21,6.15,6.31,6.41,6.40,6.36,6.36,6.05,5.76,5.66,5.32,4.57,3.82,3.52,3.73,4.37,5.06,5.89,6.31,6.41,6.69,6.53,6.23,6.43,6.42,6.33,6.23,6.31,6.43,6.37,6.26,6.20,6.28,6.27,5.93,5.83,5.69,5.29,4.92,4.64,4.28,3.90,3.46,3.30,3.07,2.59,2.59,2.54,2.40,2.19,2.14,2.16,2.76,3.18,3.69,4.14,4.29,4.40,4.70,5.27,5.38,5.48,5.71,6.08,6.25,6.29,5.95,6.11,6.07,6.14,6.02,6.20,6.18,6.08,6.06,6.08,6.13,6.25,6.25,6.17,6.30,6.17,6.11,6.17,6.34,6.10,6.07,6.41,6.26,6.28,6.18,6.17,6.17,6.06,6.05,6.05,6.03,6.13,6.23,6.17,6.13,5.93,5.91,6.02,6.08,5.93,5.51,5.31,5.30,5.56,5.88,5.67,5.38,5.74,5.77,5.71,5.58,5.34,5.53,5.65,5.49,5.34,5.25,5.49,5.15,5.01,5.02,5.41,5.98,6.36,6.25,5.71,5.04,4.44,4.04,3.85,3.77,3.69,3.71,3.69,3.72,3.64,3.47,3.45,3.39,3.43,3.43,3.32,3.21,3.31,3.25
4.95,4.68,4.57,4.54,4.83,5.37,5.42,5.61,6.02,6.40,5.99,6.29,6.38,6.35,6.31,6.30,6.10,6.00,5.78,5.20,4.34,3.53,3.34,3.60,4.18,4.97,5.87,6.33,6.41,6.38,6.38,6.37,6.53,6.45,6.07,6.02,6.13,6.26,6.26,6.12,5.97,6.13,6.11,5.83,5.58,5.25,4.88,4.65,4.47,4.17,3.72,3.27,3.15,2.97,2.67,2.41,2.11,2.07,1.99,2.17,2.19,2.70,3.10,3.59,4.00,4.21,4.36,4.57,5.11,5.33,5.40,5.74,5.81,6.04,6.10,5.82,6.07,6.12,6.04,6.04,6.23,6.21,6.17,6.22,6.18,6.13,6.23,6.22,6.02,6.11,6.08,6.14,6.13,6.22,6.06,6.12,6.33,6.27,6.30,6.03,6.08,6.21,6.17,6.03,6.00,6.07,6.12,6.18,6.04,5.82,5.95,5.88,5.85,5.73,5.85,5.65,5.55,5.55,5.60,5.71,5.69,5.53,5.80,5.98,5.78,5.70,5.69,5.78,5.91,5.83,5.63,5.48,5.77,5.31,5.15,5.33,5.97,6.95,7.99,8.57,7.98,6.06,4.82,4.31,4.16,3.95,3.60,3.72,3.66,3.64,3.58,3.47,3.52,3.44,3.33,3.32,3.38,3.41,3.28,3.25
4.78,4.44,4.42,4.60,5.01,5.25,5.42,5.74,6.21,6.56,6.15,6.41,6.49,6.48,6.48,6.45,6.14,6.22,5.74,5.02,4.01,3.18,3.21,3.26,3.95,4.95,5.75,6.00,6.05,6.14,6.12,6.11,6.14,6.17,6.00,5.90,5.91,6.04,6.07,5.90,5.65,5.71,5.80,5.48,5.32,5.19,4.79,4.54,4.45,4.11,3.65,3.41,3.00,2.79,2.48,2.31,1.97,1.76,2.05,2.02,2.11,2.65,3.15,3.72,3.96,4.05,4.29,4.51,5.03,5.29,5.40,5.73,5.68,5.73,5.88,5.81,5.92,6.00,5.99,6.00,6.03,6.05,6.15,6.26,6.25,6.19,6.23,6.29,6.12,6.10,6.07,6.25,6.29,6.13,6.21,6.17,6.38,6.36,6.36,6.22,6.14,6.14,6.23,6.25,6.23,6.25,6.12,6.05,6.03,5.80,5.83,5.85,5.66,5.70,5.82,5.42,5.19,5.24,5.35,5.52,5.75,5.78,5.77,5.82,5.77,5.69,5.75,5.83,5.89,5.91,5.73,5.69,5.89,5.55,5.51,5.70,6.31,7.68,9.79,11.72,9.83,7.14,5.23,4.42,4.23,4.02,3.66,3.65,3.57,3.50,3.40,3.30,3.47,3.46,3.43,3.37,3.27,3.20,3.30,3.24
4.42,4.21,4.29,4.50,4.70,4.84,5.09,5.51,6.06,6.44,6.22,6.38,6.54,6.53,6.50,6.36,5.89,6.15,5.69,4.92,3.85,3.08,3.08,3.03,3.84,4.84,5.51,5.78,5.88,5.89,5.87,5.71,5.89,6.04,6.00,5.66,5.66,5.63,5.68,5.62,5.23,5.34,5.52,5.29,5.25,5.06,4.70,4.57,4.33,3.92,3.70,3.43,3.00,2.66,2.61,2.41,2.08,1.72,2.02,1.96,1.96,2.48,3.10,3.71,3.98,4.12,4.33,4.55,5.01,5.30,5.55,5.81,5.97,5.67,6.03,5.93,5.95,5.96,6.11,6.02,6.02,5.93,6.12,6.15,6.20,6.25,6.19,6.30,6.36,6.18,6.18,6.21,6.50,6.19,6.26,6.18,6.21,6.21,6.17,6.29,6.20,6.13,6.21,6.25,6.23,6.25,6.18,6.04,6.10,6.08,5.77,5.74,5.80,5.82,5.73,5.45,5.20,5.22,5.37,5.59,5.83,5.82,5.77,5.80,5.70,5.66,5.67,5.74,5.84,5.87,5.66,5.90,6.25,6.06,5.55,5.35,5.85,7.56,10.74,13.59,10.55,7.32,5.34,4.57,4.37,3.98,3.63,3.41,3.37,3.39,3.40,3.44,3.64,3.30,3.30,3.31,3.15,3.02,3.03,3.00
3.89,3.89,4.22,4.47,4.43,4.47,4.74,5.11,5.76,6.26,6.25,6.44,6.52,6.49,6.46,6.29,5.98,6.15,5.82,4.95,3.72,3.04,3.06,3.13,3.84,4.75,5.40,5.75,5.78,5.74,5.71,5.66,5.82,5.83,5.69,5.42,5.48,5.67,5.75,5.53,5.24,5.34,5.46,5.39,5.13,4.68,4.61,4.55,4.25,3.91,3.59,3.27,2.93,2.51,2.64,2.54,2.07,2.20,2.12,1.77,1.94,2.64,3.10,3.63,4.01,4.23,4.47,4.83,5.23,5.37,5.59,5.51,5.93,5.75,5.96,5.89,5.98,5.89,6.04,6.07,6.21,6.14,6.27,6.27,6.18,6.26,6.23,6.21,6.25,5.99,6.08,6.15,6.13,6.15,6.20,6.17,6.00,6.31,6.25,6.12,6.13,6.28,6.28,6.21,6.21,6.13,6.17,6.33,5.92,6.04,6.10,5.81,5.67,5.63,5.65,5.46,5.37,5.35,5.35,5.65,5.78,5.81,5.68,5.88,5.75,5.66,5.73,5.80,5.74,5.60,5.34,5.77,6.05,6.13,5.60,5.45,6.02,7.28,9.89,12.08,9.23,6.73,5.15,4.48,4.31,3.81,3.46,3.14,2.98,3.06,3.22,3.07,3.03,2.84,2.82,2.94,2.95,2.77,2.75,2.87
3.69,3.77,4.05,4.27,4.43,4.82,4.54,5.02,5.75,6.25,6.40,6.52,6.52,6.48,6.49,6.41,6.17,6.17,5.89,4.68,3.58,3.01,2.88,3.12,3.76,4.87,5.42,5.66,5.68,5.68,5.69,5.63,5.62,5.44,5.49,5.18,5.31,5.47,5.46,5.27,5.09,5.11,5.33,5.41,4.88,4.43,4.48,4.30,4.10,3.84,3.46,3.10,2.78,2.35,2.35,2.40,2.14,2.13,1.95,1.76,2.05,2.71,3.12,3.56,4.03,4.30,4.43,4.67,5.02,5.31,5.52,5.69,6.05,5.77,6.03,5.88,5.89,5.73,6.11,5.95,6.02,5.98,5.99,6.02,6.00,6.21,6.42,6.31,6.28,6.20,6.18,6.22,6.35,6.22,6.27,6.33,6.41,6.33,6.33,6.35,6.41,6.40,6.43,6.38,6.20,6.14,6.14,6.15,5.78,5.77,5.84,5.91,5.77,5.60,5.71,5.66,5.49,5.48,5.51,5.74,5.84,5.85,5.53,5.67,5.75,5.66,5.65,5.75,5.71,5.54,5.61,5.70,5.70,5.95,5.76,5.38,5.45,6.23,8.07,8.91,7.08,5.71,4.89,4.34,4.00,3.53,3.16,2.81,2.49,2.35,2.53,2.69,2.69,2.53,2.47,2.64,2.84,2.69,2.52,2.73
3.52,3.57,3.89,4.10,4.27,4.57,4.62,4.98,5.67,6.27,6.50,6.41,6.49,6.48,6.57,6.51,6.27,6.13,5.87,4.63,3.28,2.89,3.04,3.03,3.84,4.64,5.26,5.47,5.56,5.60,5.53,5.49,5.51,5.35,5.53,5.16,5.34,5.39,5.33,5.26,5.17,5.20,5.48,5.37,4.83,4.35,4.23,4.04,3.83,3.68,3.40,3.01,2.66,2.30,2.31,2.34,2.22,2.00,1.95,1.83,2.16,2.69,3.32,3.78,3.96,4.23,4.50,4.71,5.09,5.35,5.55,5.51,5.73,5.60,5.82,5.70,5.96,5.82,6.02,5.78,6.00,6.25,6.25,6.10,6.00,6.19,6.36,6.20,6.25,6.06,6.06,6.07,6.23,6.10,5.80,5.77,6.11,6.17,6.23,6.19,6.23,6.25,6.25,6.34,6.35,6.30,6.18,5.96,5.95,5.68,5.78,5.81,5.76,5.81,5.89,5.83,5.61,5.52,5.75,5.78,6.07,5.80,5.58,5.51,5.46,5.55,5.77,5.84,5.77,5.59,5.90,5.83,5.82,6.04,5.85,5.39,5.25,5.32,6.18,6.21,5.49,4.99,4.72,4.48,4.23,3.70,2.89,2.16,1.72,1.72,2.07,2.28,2.20,2.17,2.19,2.34,2.70,2.66,2.36,2.49
