-25.91,-25.89,-25.76,-25.69,-25.78,-26.10,-26.23,-26.17,-26.19,-26.16,-26.30,-26.62,-26.71,-26.53,-26.60,-26.59,-26.62,-26.60,-26.66,-26.80,-26.78,-26.55,-26.82,-26.78,-27.23,-27.49,-27.33,-27.07,-26.96,-27.07,-27.49,-27.14,-27.63,-27.98,-28.02,-27.80,-27.58,-27.69,-27.80,-27.38,-27.38,-27.73,-27.87,-27.80,-27.67,-27.49,-27.43,-27.65,-27.51,-27.43,-27.40,-27.96,-28.04,-27.67,-27.54,-27.38,-27.47,-27.69,-27.74,-27.67,-27.63,-27.85,-28.17,-27.91,-27.65,-27.60,-27.63,-27.58,-27.60,-27.65,-27.49,-27.29,-27.34,-27.31,-27.51,-27.60,-27.38,-27.27,-27.25,-27.29,-27.87,-27.95,-27.67,-27.65,-27.67,-28.09,-27.60,-27.82,-27.71,-27.80,-27.80,-27.76,-27.84,-27.67,-27.54,-27.49,-27.36,-27.36,-27.36,-27.38,-27.29,-26.89,-27.25,-27.07,-27.09,-27.00,-27.02,-27.09,-27.07,-27.09,-26.95,-26.67,-26.69,-26.98,-27.20,-26.75,-26.48,-26.41,-26.67,-26.59,-26.59,-26.73,-26.69,-26.41,-26.07,-25.87,-25.78,-26.19,-26.21,-26.14,-25.84,-25.41,-24.99,-24.54,-23.04,-20.74,-15.00,-8.23,-2.16,1.60,2.88,2.92,2.13,2.12,1.31,-0.52,-3.97,-10.03,-17.23,-21.96,-23.86,-24.40,-24.64,-24.66,-24.85,-24.55,-24.62,-24.62,-24.45,-24.28
-25.48,-25.66,-25.78,-25.48,-25.22,-25.48,-25.82,-25.82,-25.52,-25.66,-25.89,-25.96,-26.07,-26.23,-26.14,-25.89,-26.12,-26.28,-26.39,-26.44,-26.28,-26.17,-26.62,-26.64,-26.96,-27.14,-27.00,-26.85,-26.82,-26.35,-26.85,-27.22,-27.09,-27.29,-27.65,-27.56,-27.23,-27.47,-27.07,-27.16,-27.04,-27.34,-27.42,-27.34,-27.16,-27.07,-27.18,-27.34,-27.05,-26.93,-26.64,-27.58,-27.45,-27.11,-27.05,-26.85,-27.09,-27.29,-27.31,-27.33,-27.31,-27.40,-27.42,-27.22,-27.31,-27.18,-27.09,-27.16,-27.45,-27.47,-27.05,-27.23,-26.93,-27.04,-27.05,-27.04,-27.05,-26.89,-26.96,-27.22,-27.27,-27.20,-27.43,-27.33,-26.80,-27.23,-27.33,-27.45,-27.07,-27.16,-27.53,-27.38,-27.36,-27.20,-26.96,-27.09,-27.11,-26.93,-27.05,-27.00,-26.78,-26.62,-26.73,-26.78,-26.59,-26.60,-26.57,-26.64,-26.57,-26.59,-26.50,-26.25,-26.35,-26.67,-26.26,-26.41,-26.05,-25.92,-25.80,-25.69,-26.05,-26.28,-26.16,-25.92,-25.57,-25.46,-25.34,-25.55,-25.78,-25.82,-25.43,-24.90,-24.48,-23.66,-21.45,-17.01,-10.94,-4.52,0.61,3.68,4.91,4.94,4.71,4.38,3.06,1.38,-1.53,-6.47,-13.82,-19.98,-23.01,-23.83,-23.69,-23.84,-24.31,-24.24,-24.05,-24.10,-24.28,-24.14
-25.04,-25.38,-25.59,-25.48,-25.31,-25.36,-25.38,-25.27,-25.24,-25.78,-25.46,-25.34,-25.52,-25.66,-25.68,-25.64,-25.76,-25.91,-26.03,-26.12,-25.92,-26.10,-26.21,-26.39,-26.60,-26.53,-26.33,-26.33,-26.48,-26.46,-26.87,-26.48,-26.53,-26.66,-26.78,-26.98,-27.02,-27.09,-26.39,-26.66,-26.71,-26.85,-26.96,-26.80,-26.51,-26.50,-26.75,-26.62,-26.50,-26.44,-26.17,-26.95,-26.80,-26.60,-26.85,-26.89,-26.95,-26.89,-26.93,-26.93,-26.84,-27.05,-26.91,-26.76,-26.95,-26.76,-26.32,-26.75,-26.23,-26.67,-26.46,-26.75,-26.96,-26.64,-26.42,-26.42,-26.44,-26.46,-26.53,-26.64,-26.42,-26.28,-26.75,-26.80,-26.19,-26.78,-26.89,-27.02,-26.50,-26.73,-26.71,-26.82,-26.66,-26.62,-26.66,-26.64,-26.59,-26.44,-26.44,-26.35,-26.17,-26.07,-26.23,-26.50,-26.10,-26.17,-26.00,-26.23,-26.10,-26.16,-26.16,-25.92,-25.96,-26.10,-25.82,-26.05,-25.50,-25.27,-25.29,-25.13,-25.31,-25.41,-25.41,-25.55,-25.64,-25.03,-25.10,-24.92,-25.03,-25.24,-24.99,-24.62,-24.22,-22.99,-20.02,-14.67,-7.07,-1.01,2.78,5.09,6.13,6.02,5.88,5.39,4.30,2.62,-0.01,-4.30,-11.46,-18.17,-21.86,-23.18,-23.35,-23.43,-23.97,-23.69,-23.79,-24.02,-24.05,-23.84
-24.69,-25.08,-24.99,-25.25,-25.04,-25.15,-25.45,-25.29,-24.85,-24.87,-24.83,-24.89,-24.97,-24.92,-25.17,-25.22,-25.32,-25.48,-25.61,-25.71,-25.66,-25.69,-25.75,-25.91,-26.16,-26.07,-25.69,-26.07,-26.07,-26.25,-26.25,-26.19,-26.39,-26.42,-26.26,-26.28,-26.25,-26.30,-26.05,-26.10,-26.35,-26.44,-26.53,-26.41,-26.00,-25.76,-26.05,-25.92,-25.78,-25.94,-26.08,-25.89,-25.96,-26.25,-26.21,-26.14,-26.28,-26.39,-26.48,-26.46,-26.05,-25.85,-25.71,-26.00,-25.78,-26.19,-25.73,-25.84,-25.64,-25.98,-26.23,-26.44,-26.33,-26.07,-25.85,-25.98,-26.01,-26.08,-26.28,-25.96,-26.12,-26.23,-26.35,-26.33,-26.01,-26.44,-26.55,-26.62,-26.35,-26.25,-26.32,-26.23,-26.03,-26.07,-26.10,-26.07,-26.17,-26.21,-26.05,-25.73,-25.50,-25.71,-25.87,-25.54,-25.73,-25.54,-25.45,-25.61,-25.76,-25.89,-25.84,-25.61,-25.57,-25.73,-25.62,-25.36,-24.96,-24.87,-24.97,-24.83,-24.99,-25.13,-24.90,-24.80,-25.04,-24.55,-24.35,-24.66,-24.48,-24.62,-24.43,-24.12,-23.57,-21.98,-18.35,-12.59,-3.84,1.68,4.77,6.33,6.83,6.79,6.71,6.24,5.25,3.57,1.11,-3.18,-10.34,-17.26,-21.13,-22.65,-23.04,-23.21,-23.47,-23.35,-23.64,-23.78,-23.72,-23.74
-24.47,-24.59,-24.76,-24.73,-24.62,-24.73,-24.94,-24.62,-24.99,-24.68,-24.62,-24.75,-24.89,-24.87,-24.94,-24.89,-24.87,-25.06,-25.31,-25.15,-25.15,-25.06,-25.10,-25.29,-25.68,-25.89,-25.62,-25.73,-25.69,-25.64,-25.78,-25.92,-26.01,-26.01,-25.96,-25.89,-25.57,-25.76,-25.85,-25.91,-26.03,-26.16,-26.28,-26.28,-26.01,-25.78,-25.84,-25.82,-25.48,-25.34,-25.66,-25.71,-25.92,-25.73,-25.87,-25.96,-25.92,-25.92,-25.80,-25.45,-25.01,-24.35,-23.52,-23.26,-23.19,-23.91,-24.43,-25.04,-25.20,-25.38,-25.76,-25.89,-25.82,-25.59,-25.31,-25.59,-25.87,-25.62,-25.50,-25.25,-25.52,-25.80,-25.87,-25.61,-25.54,-25.80,-25.78,-26.08,-26.00,-25.91,-25.61,-25.54,-25.61,-25.66,-25.66,-25.68,-25.61,-25.55,-25.64,-25.45,-25.48,-25.43,-25.17,-25.06,-25.13,-25.06,-25.04,-25.04,-25.11,-25.25,-25.24,-25.04,-25.04,-25.24,-25.17,-24.87,-24.52,-24.50,-24.47,-24.47,-24.38,-24.43,-24.14,-24.10,-24.43,-24.16,-23.98,-23.78,-23.48,-24.02,-23.84,-23.21,-22.50,-20.72,-16.69,-10.62,-1.78,3.47,6.06,7.06,7.21,7.09,7.04,6.77,5.86,4.41,1.86,-2.79,-9.77,-17.03,-20.77,-22.21,-22.62,-22.79,-22.94,-22.53,-23.31,-23.02,-22.89,-23.14
-24.02,-24.17,-24.38,-24.38,-24.33,-24.40,-24.54,-24.28,-24.71,-24.48,-24.43,-24.66,-24.76,-24.96,-24.85,-24.82,-24.73,-24.73,-24.94,-24.73,-24.80,-24.73,-24.85,-25.15,-25.48,-25.55,-25.24,-25.46,-25.20,-25.32,-25.41,-25.57,-25.61,-25.54,-25.57,-25.62,-25.39,-25.73,-25.68,-25.82,-25.68,-25.61,-25.76,-25.85,-25.73,-25.43,-25.57,-25.50,-25.11,-24.90,-24.90,-25.32,-25.46,-25.31,-25.54,-25.59,-25.39,-25.17,-24.83,-24.31,-23.13,-21.02,-17.98,-16.18,-16.10,-18.60,-21.41,-23.48,-24.59,-25.01,-25.27,-25.36,-25.34,-25.24,-25.10,-25.20,-25.36,-25.15,-24.85,-24.73,-25.01,-25.15,-25.32,-25.01,-24.85,-24.97,-25.15,-25.41,-25.54,-25.29,-25.01,-24.96,-25.04,-25.06,-25.18,-25.25,-25.11,-24.99,-25.10,-25.15,-24.90,-24.64,-24.69,-24.50,-24.73,-24.68,-24.05,-24.43,-24.31,-24.35,-24.45,-24.31,-24.26,-24.38,-24.47,-24.43,-23.84,-23.86,-23.90,-24.00,-23.84,-23.84,-23.60,-23.48,-23.50,-23.47,-23.14,-23.13,-22.82,-23.40,-22.96,-22.40,-21.76,-19.74,-15.53,-9.15,-0.75,4.45,6.61,7.47,7.58,7.50,7.41,7.12,6.44,4.75,1.95,-2.46,-8.70,-16.19,-20.44,-21.73,-22.10,-22.33,-22.38,-21.76,-22.52,-22.23,-22.31,-22.38
-23.04,-24.07,-24.19,-24.09,-24.02,-24.10,-24.22,-23.79,-24.22,-24.26,-24.14,-24.24,-24.35,-24.40,-24.57,-24.48,-24.41,-24.47,-24.55,-24.52,-24.47,-24.33,-24.62,-24.85,-25.01,-25.25,-24.80,-24.96,-24.94,-25.03,-25.13,-25.27,-25.32,-25.20,-25.11,-25.22,-25.17,-25.24,-25.32,-25.32,-25.24,-25.24,-25.52,-25.52,-25.06,-24.92,-24.85,-25.11,-24.52,-24.73,-24.38,-24.64,-24.82,-24.76,-24.94,-25.03,-24.66,-24.28,-24.14,-23.31,-20.69,-15.44,-8.94,-6.27,-6.04,-10.03,-16.58,-21.03,-23.48,-24.29,-24.50,-24.76,-24.68,-24.57,-24.61,-24.61,-24.57,-24.61,-24.38,-24.28,-24.45,-24.43,-24.59,-24.45,-24.16,-24.16,-24.64,-24.82,-24.66,-24.54,-24.47,-24.57,-24.52,-24.47,-24.50,-24.54,-24.31,-24.16,-24.41,-24.52,-24.38,-23.76,-23.76,-23.95,-24.33,-24.12,-23.64,-23.67,-23.64,-23.84,-23.74,-23.52,-23.59,-23.69,-23.62,-23.38,-22.74,-22.79,-22.82,-23.06,-23.01,-23.01,-22.79,-22.65,-22.53,-22.30,-22.16,-21.81,-22.10,-21.90,-21.63,-21.50,-20.67,-18.59,-14.60,-8.18,-0.21,5.02,6.82,7.60,7.78,7.77,7.58,7.06,6.62,5.04,2.54,-1.74,-8.04,-15.31,-19.66,-20.56,-21.03,-21.26,-21.20,-20.85,-21.33,-21.10,-21.02,-20.88
-23.11,-23.38,-23.48,-23.40,-23.35,-23.52,-23.93,-23.59,-23.83,-24.02,-23.88,-23.55,-24.02,-24.05,-24.29,-24.41,-24.29,-24.10,-24.03,-23.97,-24.07,-24.03,-24.12,-24.33,-24.50,-24.80,-24.52,-24.57,-24.61,-24.55,-24.75,-25.01,-25.04,-24.83,-24.75,-24.69,-24.73,-24.96,-24.87,-24.97,-24.99,-24.80,-24.76,-24.83,-24.52,-24.38,-24.54,-24.38,-24.14,-23.93,-23.59,-23.78,-23.91,-23.90,-23.93,-23.97,-23.59,-23.28,-23.36,-22.28,-18.27,-9.82,-0.91,1.82,2.12,-1.58,-10.53,-18.16,-21.93,-23.09,-23.48,-23.76,-23.72,-23.47,-23.50,-23.71,-23.78,-23.78,-23.54,-23.45,-23.48,-23.52,-23.55,-23.48,-23.28,-23.23,-23.72,-23.83,-23.30,-23.42,-23.57,-23.59,-23.59,-23.40,-23.26,-23.30,-23.23,-23.18,-23.14,-23.06,-23.09,-22.69,-22.55,-22.48,-22.84,-23.01,-22.33,-22.21,-22.08,-22.15,-22.20,-22.26,-22.26,-22.18,-21.90,-21.40,-20.88,-20.44,-20.28,-20.69,-20.75,-20.80,-20.52,-20.26,-19.98,-19.77,-19.68,-19.32,-19.34,-19.13,-19.07,-19.10,-18.27,-16.18,-12.56,-7.03,0.19,5.57,7.04,7.62,7.82,7.91,7.82,7.39,6.93,5.42,3.22,-0.42,-5.99,-12.68,-16.59,-17.56,-18.06,-18.21,-18.13,-18.05,-18.33,-17.95,-17.73,-17.65
-22.57,-22.80,-22.84,-22.75,-22.70,-22.77,-23.31,-23.50,-23.62,-23.60,-23.52,-23.26,-23.54,-23.71,-23.93,-23.93,-23.90,-24.00,-23.57,-23.81,-23.84,-23.67,-23.69,-23.97,-24.19,-24.14,-24.31,-24.31,-24.14,-24.12,-24.29,-24.41,-24.40,-24.36,-24.52,-24.29,-24.02,-24.43,-24.52,-24.40,-24.45,-24.21,-24.02,-24.17,-23.81,-23.52,-23.55,-23.14,-22.48,-21.90,-21.61,-21.75,-21.73,-21.70,-21.66,-21.51,-21.38,-21.35,-21.30,-20.28,-15.89,-5.81,3.12,5.47,5.66,3.23,-4.60,-14.87,-19.76,-21.48,-21.96,-21.85,-21.68,-21.75,-22.03,-22.16,-22.01,-21.90,-21.68,-21.65,-21.46,-21.71,-21.63,-21.31,-21.25,-21.25,-21.61,-21.20,-20.95,-20.85,-21.31,-20.93,-20.98,-20.54,-20.28,-20.42,-20.36,-20.25,-20.08,-19.77,-19.79,-19.35,-19.03,-18.73,-18.91,-19.02,-18.22,-18.08,-17.81,-17.81,-17.86,-17.61,-17.37,-17.29,-17.39,-17.29,-16.27,-15.70,-15.76,-15.84,-15.93,-16.18,-15.84,-15.37,-15.06,-14.79,-14.52,-14.30,-13.85,-13.80,-13.57,-13.08,-12.58,-10.94,-8.11,-4.05,1.33,5.53,7.39,7.80,7.94,8.12,8.11,7.70,7.05,5.94,3.91,1.03,-3.10,-7.83,-10.69,-11.82,-12.30,-12.36,-12.27,-12.33,-12.74,-12.67,-12.72,-12.80
-22.26,-22.57,-22.67,-22.53,-22.40,-22.40,-22.62,-22.80,-23.16,-23.23,-22.84,-22.96,-23.04,-23.33,-23.67,-23.69,-23.54,-23.84,-23.30,-23.50,-23.50,-23.30,-23.28,-23.54,-23.67,-23.50,-23.97,-23.69,-23.81,-23.91,-23.97,-24.14,-24.31,-24.41,-24.47,-24.31,-24.16,-24.14,-24.41,-23.95,-23.67,-23.57,-23.28,-23.36,-23.09,-22.47,-21.66,-20.56,-18.52,-17.18,-16.78,-16.93,-16.79,-16.72,-16.70,-16.52,-16.58,-16.73,-16.44,-15.63,-12.24,-2.83,4.96,6.91,6.83,5.28,-0.19,-10.15,-15.12,-16.90,-17.25,-17.15,-16.84,-16.86,-17.11,-17.31,-17.26,-16.84,-16.90,-17.04,-16.66,-16.78,-16.89,-16.42,-16.39,-16.35,-16.66,-15.96,-15.78,-15.49,-15.92,-15.52,-15.25,-14.55,-14.28,-14.40,-14.09,-13.79,-13.68,-13.45,-13.31,-12.75,-12.24,-12.02,-12.02,-12.02,-10.93,-11.06,-10.71,-10.62,-10.42,-9.98,-9.86,-9.86,-9.58,-9.22,-9.18,-8.84,-9.01,-8.47,-8.90,-9.51,-9.23,-9.02,-8.80,-8.45,-8.16,-7.76,-6.86,-6.31,-6.16,-5.76,-5.17,-3.92,-2.23,0.28,3.68,6.59,7.81,7.83,7.95,8.14,8.04,7.57,7.08,6.33,4.54,2.52,-0.23,-3.19,-5.25,-5.71,-6.17,-6.52,-6.75,-6.85,-6.75,-6.96,-7.05,-7.33
-21.93,-22.31,-22.58,-22.55,-22.33,-22.55,-22.63,-22.60,-22.79,-22.99,-22.85,-22.82,-22.65,-23.19,-23.47,-23.31,-23.08,-23.47,-23.13,-23.13,-23.13,-23.08,-23.01,-22.92,-22.62,-23.06,-23.28,-23.18,-23.28,-23.52,-23.57,-23.48,-23.57,-23.74,-23.60,-23.31,-23.50,-23.43,-23.66,-23.35,-22.99,-22.92,-22.62,-22.13,-21.56,-20.05,-17.61,-14.87,-11.29,-9.02,-8.47,-8.60,-8.52,-8.36,-8.31,-8.30,-8.41,-8.44,-7.98,-6.74,-5.05,0.74,6.25,7.31,7.15,6.62,3.54,-2.51,-6.20,-7.90,-8.41,-8.52,-8.18,-7.89,-8.12,-8.18,-7.89,-7.78,-7.85,-7.82,-7.60,-7.63,-7.67,-7.43,-7.41,-7.45,-7.37,-7.52,-7.05,-6.96,-7.37,-7.08,-6.62,-6.36,-6.31,-6.46,-6.38,-6.08,-5.96,-6.05,-6.15,-5.79,-5.48,-5.48,-5.64,-5.53,-4.66,-4.80,-4.43,-4.59,-4.70,-4.43,-4.51,-4.43,-4.29,-4.33,-3.97,-3.31,-3.57,-2.95,-3.45,-3.78,-3.75,-3.92,-3.74,-3.54,-3.35,-2.64,-1.21,-0.21,0.14,0.19,0.67,1.35,2.42,3.92,5.58,7.14,8.02,7.85,7.81,8.04,7.90,7.53,7.22,6.40,5.15,3.80,2.03,0.30,-0.66,-1.01,-1.38,-1.81,-1.86,-1.62,-1.57,-1.81,-1.74,-2.33
-21.23,-21.53,-21.73,-21.70,-21.70,-22.35,-22.20,-22.16,-22.43,-22.67,-22.30,-22.30,-22.23,-22.65,-23.04,-22.96,-22.57,-22.91,-22.79,-22.82,-22.94,-23.01,-22.99,-22.91,-22.82,-22.92,-22.74,-22.82,-22.91,-22.92,-23.08,-23.30,-23.26,-23.19,-22.87,-23.04,-23.31,-23.11,-22.99,-22.65,-22.31,-22.11,-21.38,-19.94,-17.95,-14.34,-10.09,-6.01,-2.04,0.23,0.76,0.93,1.28,1.44,1.56,1.73,1.69,1.90,2.06,2.30,3.28,5.10,7.44,7.71,7.50,7.01,5.99,3.77,0.97,-1.74,-3.03,-3.22,-3.14,-3.18,-3.26,-3.17,-2.92,-2.69,-2.54,-2.59,-3.14,-2.93,-3.09,-2.99,-3.40,-2.96,-2.99,-2.68,-2.41,-2.45,-2.36,-2.70,-2.63,-2.57,-2.70,-2.91,-2.93,-2.57,-2.18,-2.37,-2.64,-2.41,-2.45,-2.38,-2.64,-2.51,-2.00,-1.77,-1.60,-1.97,-2.52,-2.59,-2.60,-2.60,-2.70,-2.60,-2.23,-2.06,-1.97,-1.97,-2.75,-2.96,-3.09,-2.74,-2.42,-2.18,-1.76,-0.66,1.27,2.75,3.81,3.87,4.12,4.54,5.31,6.18,6.94,7.61,8.11,7.89,7.97,8.19,8.06,7.65,7.09,6.59,5.67,4.85,3.75,2.92,2.57,2.43,1.97,1.47,1.72,1.94,1.57,1.58,1.56,1.33
-21.02,-21.31,-21.41,-21.11,-21.71,-21.80,-21.51,-21.71,-21.88,-21.81,-21.88,-21.83,-21.90,-22.15,-22.43,-22.48,-22.13,-22.30,-22.21,-22.23,-22.35,-22.40,-22.43,-22.65,-22.47,-22.21,-22.40,-22.38,-22.38,-22.55,-22.75,-22.85,-22.82,-22.69,-22.55,-22.62,-22.77,-22.50,-22.16,-21.70,-21.10,-20.16,-18.17,-15.25,-11.35,-5.93,-1.48,1.56,3.30,4.26,4.78,4.78,5.01,5.22,5.08,5.08,5.01,4.94,4.99,5.47,5.68,6.81,7.53,7.54,7.40,6.93,6.33,5.44,3.04,-0.28,-1.91,-2.34,-2.42,-2.33,-2.39,-2.48,-2.29,-1.79,-1.45,-2.06,-2.70,-2.74,-2.69,-2.75,-2.83,-2.87,-2.64,-1.87,-2.20,-2.27,-2.29,-2.60,-2.57,-2.64,-2.68,-2.59,-2.18,-1.67,-1.82,-2.29,-2.36,-2.29,-2.19,-2.27,-2.32,-2.51,-1.90,-1.49,-1.65,-1.77,-2.33,-2.39,-2.43,-2.42,-2.37,-2.16,-1.73,-1.51,-1.63,-1.53,-2.13,-2.09,-2.05,-2.02,-1.83,-1.64,-1.16,0.06,1.80,3.65,5.10,5.66,5.87,6.33,6.76,7.15,7.47,7.68,7.87,7.61,7.50,7.77,7.90,7.64,7.09,6.76,6.26,5.68,5.11,4.58,4.24,4.26,3.80,3.41,3.57,3.55,3.35,3.53,3.42,2.93
-20.77,-20.88,-21.02,-21.05,-21.10,-21.07,-21.16,-21.25,-21.36,-21.33,-21.48,-21.45,-21.63,-21.91,-22.01,-21.86,-21.73,-21.60,-21.41,-21.30,-21.46,-21.66,-21.55,-21.95,-21.98,-21.71,-21.86,-21.95,-21.93,-22.10,-22.38,-22.25,-21.95,-22.06,-22.03,-21.90,-21.68,-21.33,-20.74,-19.77,-18.13,-15.49,-11.73,-7.01,-2.28,1.51,3.43,4.58,5.43,6.02,6.13,5.74,5.71,6.11,6.39,6.48,6.35,6.21,6.21,6.32,6.58,7.36,7.64,7.46,7.61,7.38,7.01,6.11,3.30,0.13,-1.55,-2.20,-2.33,-2.28,-2.45,-2.45,-2.06,-1.65,-1.34,-1.90,-2.56,-2.70,-2.57,-2.60,-2.56,-2.68,-2.10,-1.76,-1.83,-2.20,-2.30,-2.24,-2.52,-2.34,-2.30,-2.39,-2.19,-1.82,-1.77,-2.09,-2.38,-2.00,-1.58,-2.45,-2.28,-2.41,-1.83,-1.46,-1.76,-1.62,-2.22,-2.01,-2.34,-2.41,-2.32,-2.13,-1.69,-1.32,-1.44,-1.62,-1.91,-1.97,-2.37,-2.25,-1.88,-1.74,-1.26,-0.16,1.38,3.43,5.39,6.45,6.71,7.12,7.25,7.34,7.42,7.42,7.47,7.16,6.82,6.86,6.89,6.69,6.43,6.29,6.08,5.87,5.56,5.21,4.97,4.92,4.78,4.64,4.65,4.62,4.59,4.69,4.67,4.30
-20.11,-20.18,-20.38,-20.69,-20.80,-20.90,-20.93,-20.95,-20.97,-21.11,-20.98,-21.05,-21.30,-21.61,-21.78,-21.56,-21.45,-21.70,-21.48,-21.36,-21.53,-21.68,-21.56,-21.75,-21.45,-21.65,-21.71,-21.53,-21.41,-21.58,-21.83,-21.56,-21.13,-21.31,-21.18,-21.05,-20.46,-19.48,-18.17,-15.82,-12.23,-7.86,-3.25,0.70,3.25,4.63,5.33,5.79,6.17,6.21,6.06,6.10,6.22,6.38,6.62,6.61,6.55,6.52,6.44,6.74,6.96,7.42,7.52,7.61,7.42,7.60,7.10,6.25,3.26,0.41,-1.05,-1.74,-1.96,-1.97,-2.18,-2.27,-1.96,-1.44,-0.86,-1.65,-2.33,-2.54,-2.46,-2.54,-2.52,-2.46,-2.01,-1.81,-1.43,-1.91,-2.57,-2.42,-2.52,-2.51,-2.56,-2.46,-2.00,-1.64,-1.63,-1.88,-2.28,-2.47,-2.39,-2.36,-2.24,-2.27,-1.81,-1.57,-1.35,-1.48,-2.20,-2.04,-2.22,-2.47,-2.37,-2.10,-1.78,-1.46,-1.51,-1.67,-2.01,-1.96,-2.15,-1.93,-1.92,-1.86,-1.51,-0.83,0.40,2.31,4.61,6.09,6.54,6.89,7.09,7.22,7.22,7.06,6.85,6.44,6.16,6.06,6.13,6.14,6.10,6.06,5.68,5.66,5.77,5.64,5.52,5.61,5.47,5.43,5.39,5.31,5.31,5.45,5.38,5.22
-19.95,-19.97,-20.20,-20.25,-20.28,-20.54,-20.57,-20.56,-20.57,-20.57,-20.42,-20.59,-20.92,-21.03,-20.98,-20.98,-20.67,-20.97,-20.98,-20.97,-21.03,-21.07,-21.15,-21.35,-21.07,-21.20,-21.25,-21.11,-20.92,-20.98,-21.18,-20.87,-20.51,-20.51,-20.03,-19.50,-18.19,-15.76,-12.70,-8.90,-4.30,-0.37,3.01,4.06,4.29,5.26,5.75,6.13,6.29,6.46,6.46,6.41,6.50,6.60,6.70,6.62,6.73,6.55,6.78,6.94,7.01,7.10,7.49,7.68,7.28,7.30,6.93,5.74,2.86,0.50,-0.81,-1.59,-1.74,-1.77,-2.04,-1.99,-1.63,-1.40,-0.82,-1.58,-2.36,-2.33,-2.48,-2.66,-2.43,-2.30,-1.87,-1.69,-1.20,-1.78,-2.66,-2.54,-2.57,-2.54,-2.36,-2.29,-2.02,-1.60,-1.46,-1.77,-2.09,-2.09,-2.11,-2.23,-2.05,-2.06,-1.57,-1.64,-1.38,-1.21,-2.01,-1.99,-2.14,-2.23,-2.07,-1.96,-1.85,-1.60,-1.39,-1.51,-1.95,-1.86,-1.92,-1.67,-1.69,-1.72,-1.50,-1.14,-0.34,1.33,3.61,5.79,6.35,6.61,6.74,6.92,6.94,6.67,6.29,5.87,5.75,5.72,5.79,5.89,5.92,5.80,5.65,5.65,5.80,5.81,5.81,5.75,5.52,5.58,5.53,5.47,5.60,5.82,5.70,5.50
-19.32,-19.55,-19.98,-20.03,-19.66,-19.74,-19.94,-20.00,-19.92,-19.73,-19.97,-20.20,-20.49,-20.62,-20.38,-20.67,-20.13,-20.31,-20.57,-20.65,-20.52,-20.44,-20.57,-20.77,-20.59,-20.62,-20.54,-20.49,-20.39,-20.20,-20.39,-20.13,-19.69,-19.23,-18.17,-16.36,-13.48,-9.68,-5.07,-0.64,1.94,3.36,4.50,4.88,5.07,5.64,6.02,6.01,6.00,6.08,6.14,6.18,6.22,6.26,6.40,6.35,6.52,6.35,6.55,6.53,6.68,6.48,6.94,7.13,6.89,6.68,6.41,5.12,2.46,0.41,-0.68,-1.44,-1.58,-1.62,-1.96,-1.78,-1.31,-1.21,-0.97,-1.46,-2.16,-2.09,-2.33,-2.46,-2.20,-2.13,-1.87,-1.21,-1.15,-1.65,-2.30,-2.16,-2.32,-2.25,-2.00,-2.04,-1.99,-1.35,-1.11,-1.50,-1.78,-1.90,-1.87,-1.90,-2.02,-2.00,-1.64,-1.12,-1.17,-1.00,-1.43,-1.60,-1.88,-1.86,-1.82,-1.85,-1.77,-1.46,-1.01,-1.05,-1.50,-1.60,-1.65,-1.46,-1.40,-1.50,-1.38,-1.12,-0.53,0.84,2.72,4.61,5.38,5.57,6.07,6.40,6.47,6.41,6.24,5.89,5.84,5.87,5.82,5.87,5.81,5.71,5.75,5.89,5.73,5.74,5.82,5.77,5.51,5.53,5.66,5.70,5.78,5.87,5.72,5.53
-18.65,-18.89,-19.45,-19.55,-19.19,-19.02,-19.18,-19.42,-19.32,-19.16,-19.56,-19.77,-19.94,-20.02,-19.85,-20.08,-19.92,-19.97,-20.05,-20.07,-20.03,-20.18,-20.08,-20.29,-20.15,-20.07,-19.90,-19.77,-19.68,-19.35,-19.27,-18.99,-18.08,-16.58,-14.27,-10.96,-6.58,-2.51,0.22,2.13,3.49,4.35,4.54,4.52,4.44,4.90,5.11,5.14,4.96,4.94,4.99,4.91,4.91,5.04,5.08,5.12,5.16,5.23,5.31,5.35,5.17,5.11,5.68,6.14,6.11,6.03,5.70,4.38,2.05,0.23,-0.62,-1.22,-1.45,-1.48,-1.73,-1.59,-1.06,-0.67,-0.61,-1.02,-1.67,-1.74,-1.92,-2.18,-1.91,-1.96,-1.77,-0.97,-0.88,-1.41,-1.85,-1.90,-1.82,-1.79,-1.53,-1.64,-1.74,-1.27,-0.88,-1.10,-1.54,-1.69,-1.35,-1.16,-1.58,-1.35,-1.64,-1.14,-0.86,-0.68,-1.03,-1.46,-1.53,-1.39,-1.55,-1.54,-1.45,-1.31,-0.90,-0.61,-1.01,-1.38,-1.46,-1.55,-1.32,-1.35,-1.25,-1.05,-0.64,0.24,1.79,3.48,3.98,3.96,4.84,5.67,6.32,6.44,6.15,6.08,6.25,6.06,5.92,5.88,5.78,5.66,5.74,5.87,5.80,5.88,5.87,5.72,5.61,5.79,5.88,5.86,5.85,5.79,5.67,5.78
-18.14,-18.32,-18.89,-18.57,-18.65,-18.70,-18.79,-19.07,-19.31,-18.94,-19.08,-19.32,-19.43,-19.48,-19.42,-19.56,-19.52,-19.34,-19.40,-19.58,-19.52,-19.69,-19.69,-19.77,-19.68,-19.48,-19.26,-19.08,-18.91,-18.36,-17.70,-16.76,-14.51,-11.29,-6.92,-3.45,-1.58,-0.26,1.03,1.71,1.85,1.89,2.12,1.99,2.02,2.55,2.78,2.57,2.23,2.19,2.22,2.09,2.16,2.34,2.23,2.37,2.54,2.86,2.65,2.62,2.46,2.99,4.58,5.52,5.64,5.63,4.91,3.23,1.25,-0.09,-0.81,-1.36,-1.57,-1.50,-1.57,-1.44,-0.83,-0.26,-0.31,-0.81,-1.43,-1.59,-1.73,-2.04,-1.67,-1.92,-1.60,-1.12,-0.72,-1.40,-1.82,-2.00,-1.71,-1.81,-1.55,-1.72,-1.82,-1.36,-0.87,-1.01,-1.46,-1.69,-1.63,-1.46,-1.68,-1.50,-1.79,-1.32,-1.31,-0.72,-1.02,-1.59,-1.78,-1.93,-2.07,-2.04,-1.86,-1.58,-1.21,-0.83,-0.83,-1.30,-1.59,-1.67,-1.40,-1.40,-1.39,-1.26,-1.01,-0.43,0.67,1.78,2.53,2.55,3.87,4.95,5.64,5.94,5.96,5.93,6.00,5.58,5.28,5.51,5.65,5.67,5.78,5.96,5.92,5.93,5.82,5.75,5.87,5.87,6.16,6.21,6.01,5.88,5.97,5.94
-17.65,-18.06,-18.62,-18.06,-18.00,-17.98,-18.06,-18.43,-18.47,-18.22,-18.33,-18.59,-18.87,-19.08,-18.95,-19.07,-18.95,-18.76,-18.78,-19.00,-18.95,-18.84,-19.08,-19.05,-18.91,-18.71,-18.35,-17.92,-17.48,-16.55,-14.91,-12.34,-7.63,-3.10,-0.48,0.15,-0.16,-0.42,-0.47,-0.61,-0.72,-0.57,-0.23,-0.32,-0.06,0.55,0.75,0.15,-0.38,-0.42,-0.39,-0.51,-0.46,-0.42,-0.64,-0.21,0.49,0.63,-0.02,-0.34,-0.07,0.87,3.68,4.99,5.42,5.15,3.97,1.96,0.18,-0.69,-1.27,-1.79,-1.82,-1.59,-1.63,-1.71,-1.11,-0.29,-0.66,-1.31,-1.58,-1.78,-1.79,-1.88,-1.55,-1.95,-1.81,-1.29,-0.88,-1.53,-2.09,-2.25,-1.72,-2.01,-1.96,-1.93,-1.87,-1.38,-1.03,-1.06,-1.36,-1.82,-1.91,-1.92,-1.92,-1.82,-1.97,-1.87,-1.87,-1.10,-1.27,-1.54,-1.72,-1.79,-2.05,-2.06,-1.81,-1.64,-1.58,-1.25,-0.80,-1.34,-1.63,-1.55,-1.50,-1.59,-1.65,-1.57,-1.31,-0.87,-0.23,0.46,1.22,1.52,2.45,3.37,3.71,3.71,4.04,4.59,4.36,3.67,3.43,4.44,5.25,5.68,5.93,6.16,6.00,5.95,5.91,5.97,6.09,6.13,6.39,6.33,6.02,5.99,6.22,6.11
-17.47,-17.78,-18.30,-17.79,-17.62,-17.59,-17.64,-18.00,-18.05,-17.79,-17.68,-17.94,-18.41,-18.78,-18.54,-18.51,-18.49,-18.40,-18.35,-18.44,-18.38,-18.28,-18.22,-18.43,-18.27,-17.89,-17.26,-16.33,-15.20,-12.61,-8.47,-4.04,-0.24,1.95,2.80,1.52,-0.27,-0.95,-1.39,-1.62,-1.69,-1.35,-1.27,-1.24,-0.59,0.01,-0.19,-0.91,-1.38,-1.39,-1.41,-1.49,-1.43,-1.53,-1.65,-0.71,0.19,-0.23,-0.77,-1.12,-1.11,-0.48,1.91,3.16,3.88,3.91,2.98,1.04,-0.81,-1.57,-1.92,-2.18,-2.00,-1.83,-1.92,-1.88,-1.48,-0.63,-0.92,-1.30,-1.60,-1.82,-1.63,-1.78,-1.39,-1.92,-2.01,-1.21,-0.93,-1.20,-1.99,-2.22,-1.65,-1.90,-2.11,-1.86,-1.81,-1.29,-1.03,-0.75,-0.85,-1.55,-1.87,-1.99,-1.92,-2.00,-1.92,-2.09,-1.77,-1.17,-0.92,-1.06,-1.62,-1.77,-1.88,-1.95,-1.45,-1.38,-1.68,-1.25,-0.77,-1.21,-1.22,-1.58,-1.49,-1.58,-1.67,-1.58,-1.36,-1.08,-0.67,-0.12,0.64,1.22,1.77,1.88,1.91,1.78,1.85,2.13,2.13,1.88,1.83,3.08,4.42,5.42,5.93,6.08,6.10,5.99,6.03,6.13,6.17,6.16,6.25,6.15,6.11,6.02,5.95,6.17
-16.87,-16.72,-17.25,-17.64,-17.43,-17.12,-17.17,-17.42,-17.45,-17.50,-17.59,-17.73,-17.89,-18.03,-18.19,-18.08,-18.09,-18.02,-17.95,-18.17,-18.21,-17.64,-17.76,-17.61,-17.12,-16.32,-15.09,-13.05,-9.77,-5.50,-0.88,1.64,3.32,4.06,3.48,1.49,-0.63,-1.34,-1.51,-1.78,-1.67,-1.54,-1.43,-0.90,-0.59,-0.07,-0.39,-1.11,-1.38,-1.36,-1.43,-1.44,-1.29,-1.58,-1.27,-0.21,0.12,-0.82,-1.00,-1.27,-1.27,-1.11,-0.32,0.39,0.86,1.99,1.75,0.51,-0.87,-1.49,-1.68,-1.88,-1.79,-1.77,-1.85,-1.68,-1.06,-0.41,-0.69,-1.00,-1.55,-1.72,-1.72,-1.83,-1.49,-1.79,-1.81,-0.47,-0.93,-0.67,-1.43,-1.81,-1.99,-1.76,-1.87,-1.77,-1.81,-1.20,-0.78,-0.28,-0.36,-1.22,-1.81,-1.96,-1.74,-1.90,-1.85,-1.87,-1.45,-1.07,-0.47,-0.83,-1.43,-1.67,-1.85,-1.67,-1.57,-1.60,-1.65,-1.49,-0.98,-0.59,-0.67,-1.32,-1.25,-1.49,-1.46,-1.24,-1.22,-1.15,-0.80,-0.31,0.34,0.79,0.82,0.44,0.37,0.22,0.14,0.25,0.44,0.75,0.61,1.62,3.24,4.77,5.74,6.07,6.15,6.04,5.96,6.03,6.13,6.03,6.09,6.03,6.04,5.97,5.99,6.11
-16.13,-16.49,-16.81,-16.87,-16.98,-16.97,-16.79,-16.89,-17.09,-17.07,-17.12,-17.32,-17.50,-17.36,-17.72,-17.65,-17.56,-17.50,-17.54,-17.67,-17.54,-17.15,-16.69,-16.02,-14.73,-12.70,-9.86,-6.09,-2.18,1.27,3.10,4.26,5.08,4.78,3.16,0.88,-0.98,-1.68,-1.45,-1.64,-1.49,-1.53,-1.36,-0.57,-0.43,-0.16,-0.47,-1.19,-1.43,-1.35,-1.41,-1.32,-1.19,-1.51,-0.59,-0.09,0.54,-0.80,-1.16,-1.39,-1.17,-1.11,-1.00,-0.97,-0.95,-0.03,0.65,0.15,-0.93,-1.54,-1.79,-1.88,-1.73,-1.76,-1.68,-1.26,-0.85,-0.01,-0.01,-0.92,-1.55,-1.88,-1.50,-1.58,-1.46,-1.76,-1.49,-0.31,-0.43,-0.19,-1.10,-1.59,-1.53,-1.59,-1.60,-1.54,-1.48,-0.92,-0.47,-0.06,-0.28,-1.08,-1.59,-1.72,-1.60,-1.68,-1.57,-1.64,-1.43,-0.86,-0.37,-0.58,-1.06,-1.50,-1.71,-1.55,-1.46,-1.26,-1.29,-1.26,-0.61,-0.27,-0.44,-0.51,-1.05,-1.31,-1.06,-0.82,-0.93,-0.97,-0.69,-0.26,0.27,0.39,0.23,-0.22,-0.29,-0.27,-0.27,-0.26,-0.08,0.34,0.33,0.98,2.47,4.16,5.58,6.31,6.00,6.13,5.81,6.00,6.14,5.96,6.11,6.11,6.06,6.15,6.21,6.15
-15.93,-16.18,-16.44,-16.36,-16.33,-16.38,-16.19,-16.18,-16.50,-16.39,-16.32,-16.58,-17.06,-17.06,-17.11,-16.89,-16.79,-16.70,-16.42,-16.36,-16.18,-15.66,-14.61,-12.59,-9.69,-6.19,-2.52,0.63,2.87,4.44,5.10,5.28,5.51,4.51,2.36,0.28,-0.97,-1.63,-1.38,-1.34,-1.39,-1.22,-1.14,-0.63,0.07,0.13,-0.51,-1.14,-1.34,-1.36,-1.40,-1.26,-1.10,-0.97,-0.13,0.07,0.15,-0.80,-0.73,-1.03,-1.12,-1.17,-1.02,-0.96,-0.78,-0.23,0.15,-0.31,-1.02,-1.30,-1.32,-1.50,-1.45,-1.26,-1.41,-1.07,-0.56,-0.19,-0.49,-1.00,-0.92,-1.12,-1.02,-1.07,-1.34,-0.96,-1.11,-0.18,0.02,0.02,-0.51,-0.93,-1.03,-1.21,-1.12,-1.08,-1.06,-0.46,-0.09,0.22,0.15,-0.47,-0.91,-1.00,-1.11,-1.17,-0.93,-1.15,-1.01,-0.47,-0.18,0.08,-0.03,-0.81,-1.16,-1.15,-0.97,-0.95,-1.01,-0.72,-0.31,-0.36,-0.03,0.06,-0.44,-0.72,-0.72,-0.33,-0.34,-0.34,-0.09,0.33,0.69,0.72,0.81,0.39,0.18,0.06,-0.11,-0.12,0.10,0.44,0.46,1.42,2.19,3.72,5.36,6.20,6.07,5.89,6.15,6.29,6.18,6.07,6.20,6.11,6.22,6.26,6.17,6.07
-15.52,-15.56,-15.58,-15.63,-15.67,-15.61,-15.41,-15.52,-15.69,-15.67,-15.72,-16.04,-16.27,-16.24,-16.45,-16.35,-16.04,-15.69,-15.34,-14.45,-14.46,-12.83,-10.17,-6.74,-2.99,0.20,2.40,4.12,5.05,5.95,6.06,5.87,5.50,3.79,1.56,0.24,-0.26,-0.68,-0.76,-0.61,-0.83,-0.67,-0.43,-0.03,0.60,0.48,-0.12,-0.52,-0.69,-0.77,-0.68,-0.62,-0.82,-0.21,0.03,0.88,0.58,0.02,-0.39,-0.64,-0.66,-0.52,-0.57,-0.67,-0.16,-0.07,0.20,0.18,-0.31,-0.68,-0.91,-0.82,-0.58,-0.42,-0.29,-0.28,-0.18,0.18,0.38,0.20,-0.16,-0.14,0.10,-0.14,-0.08,-0.16,-0.33,0.13,0.53,0.84,0.50,0.27,0.04,-0.08,0.17,0.06,-0.04,0.29,0.76,0.97,1.28,1.15,0.59,0.41,0.43,0.44,0.60,0.53,0.70,0.82,1.01,1.53,1.86,0.87,0.35,0.45,0.80,0.77,0.64,0.67,0.75,0.91,1.47,1.85,1.25,1.28,1.06,1.45,1.50,1.36,1.40,1.53,1.73,1.97,2.26,2.12,1.83,1.55,1.28,1.28,1.50,1.63,1.73,2.54,3.25,4.17,5.28,6.23,6.35,6.08,6.26,6.18,6.14,6.17,6.13,6.02,6.36,6.31,6.21,6.20
-15.03,-15.00,-14.99,-15.08,-15.17,-15.05,-14.87,-15.09,-15.05,-15.12,-15.31,-15.44,-15.47,-15.32,-15.50,-15.34,-14.97,-14.49,-13.70,-12.42,-10.32,-7.28,-3.53,-0.29,1.99,3.63,5.02,5.70,5.99,6.41,6.41,6.33,5.59,3.86,2.20,1.53,1.24,1.17,1.06,1.12,1.00,0.85,1.30,1.77,1.99,1.97,1.73,1.19,0.80,1.04,1.27,1.39,1.30,1.46,1.52,2.14,1.94,1.85,1.55,1.28,1.62,1.44,1.36,1.40,1.58,1.94,2.51,2.02,1.57,1.60,1.51,1.67,1.61,1.68,1.97,2.02,2.29,3.11,3.11,2.69,2.55,2.64,3.06,2.75,2.74,2.54,2.36,2.76,3.23,3.72,3.48,3.00,3.01,3.13,3.30,3.11,3.32,3.17,3.35,3.79,4.03,3.88,3.56,3.40,3.38,3.53,3.72,3.75,3.74,3.68,3.63,4.09,4.64,4.00,3.60,3.52,3.99,4.07,3.94,3.92,3.77,3.78,4.41,4.62,4.56,4.39,3.83,4.30,4.15,4.10,4.23,4.29,4.38,4.51,4.59,4.50,4.36,4.22,3.99,3.88,3.81,3.85,4.15,4.57,4.80,5.30,6.10,6.56,6.20,6.25,6.40,6.15,6.02,6.06,6.20,6.32,6.50,6.56,6.58,6.56
-14.54,-14.45,-14.55,-14.70,-14.75,-14.54,-14.54,-14.55,-14.46,-14.51,-14.72,-14.91,-15.03,-14.52,-14.30,-13.77,-12.61,-11.07,-9.69,-7.35,-3.97,-1.01,1.69,3.69,4.76,5.36,6.16,6.44,6.55,6.62,6.56,6.60,5.93,4.98,4.39,4.10,3.79,3.78,3.97,4.02,4.11,3.79,4.24,4.65,4.87,4.82,4.61,4.42,4.55,4.98,4.92,5.23,5.24,4.90,5.07,5.93,5.43,5.15,5.11,5.43,5.58,5.32,5.42,5.42,5.21,5.43,5.87,5.94,5.79,5.71,5.64,5.73,5.86,6.06,6.24,6.14,6.23,6.33,6.11,6.23,6.31,6.45,6.62,6.75,6.68,6.40,6.18,6.51,6.83,6.58,6.97,6.92,6.91,6.93,6.86,6.74,6.82,6.76,6.91,6.89,6.90,6.99,6.89,6.79,6.74,6.78,6.97,6.90,6.69,6.55,6.33,6.63,7.06,6.73,6.41,6.09,6.59,6.61,6.52,6.47,6.23,6.20,6.62,6.78,6.99,6.65,6.68,6.99,6.79,6.70,6.75,6.63,6.65,6.98,6.90,6.61,6.68,6.52,6.33,6.10,5.94,5.97,6.23,6.37,6.21,6.50,6.84,6.90,6.81,7.02,6.90,6.69,6.54,6.58,6.78,6.73,6.65,6.77,6.90,6.96
-13.86,-13.83,-13.86,-13.97,-14.00,-13.85,-13.74,-13.68,-13.91,-13.98,-13.85,-13.97,-13.91,-13.52,-12.29,-10.40,-8.15,-5.77,-3.45,-0.87,1.35,3.19,4.59,5.58,6.16,6.45,6.60,6.91,7.06,6.94,6.83,6.79,6.56,6.41,6.53,6.50,6.58,6.56,6.75,6.74,6.79,6.94,6.76,6.78,6.99,7.22,7.29,7.09,6.91,7.07,7.54,7.52,7.52,7.26,7.26,7.14,7.55,7.21,6.99,7.20,7.40,7.00,7.26,7.34,7.15,7.10,7.22,7.38,7.49,7.44,7.34,7.44,7.72,7.83,7.62,7.55,7.68,7.32,7.38,7.42,7.70,7.57,7.65,7.57,7.69,7.54,7.47,7.53,7.58,7.68,7.78,7.72,7.71,7.86,7.79,7.55,7.52,7.55,7.68,7.50,7.62,7.88,7.87,7.81,7.70,7.71,7.90,7.74,7.77,7.57,7.46,7.70,7.83,7.56,7.38,7.38,7.70,7.73,7.68,7.61,7.48,7.50,7.63,7.77,7.93,7.61,7.81,7.94,7.70,7.66,7.80,7.71,7.68,7.93,7.81,7.50,7.48,7.48,7.21,7.17,7.29,7.33,7.33,7.54,7.33,7.40,7.47,7.45,7.31,7.18,7.40,6.98,7.00,7.22,7.33,7.42,7.32,7.29,7.44,7.38
-12.99,-13.11,-13.02,-12.90,-13.00,-13.06,-12.56,-12.83,-12.83,-12.71,-12.89,-13.15,-12.45,-11.66,-9.26,-5.58,-1.99,0.48,2.34,3.91,4.90,5.71,6.18,6.58,7.01,7.16,7.07,7.25,7.47,7.32,7.23,7.18,7.33,7.62,7.76,7.76,7.70,7.66,7.57,7.31,7.48,7.70,7.64,7.61,7.64,7.80,7.90,7.79,7.65,7.57,7.78,8.05,7.65,7.83,7.62,7.49,7.79,7.69,7.63,7.70,7.81,7.57,7.70,7.76,7.50,7.48,7.70,7.91,7.91,7.87,7.95,7.99,8.11,8.04,7.96,7.89,7.81,7.52,7.69,7.93,8.02,7.82,7.90,7.91,8.14,7.82,7.71,7.89,7.73,7.81,7.83,7.69,7.95,8.05,8.12,8.08,7.91,7.86,7.96,8.10,8.10,7.89,7.98,8.10,7.95,7.94,8.00,8.02,8.08,8.06,7.99,8.14,8.05,7.94,7.81,8.08,8.25,8.22,8.20,8.27,8.25,8.15,8.20,8.34,8.34,8.23,8.40,8.45,8.30,8.30,8.17,8.19,8.32,8.41,8.40,7.95,8.25,8.12,8.00,8.03,8.25,8.32,8.02,8.29,8.12,8.04,8.19,8.22,8.02,7.85,7.78,7.71,7.79,7.83,7.85,7.88,7.79,7.96,8.05,8.04
-12.10,-12.14,-12.05,-11.95,-11.86,-11.73,-11.76,-11.89,-11.98,-11.84,-11.62,-11.91,-11.53,-10.15,-6.75,-2.13,2.06,4.24,5.53,6.36,6.81,7.22,7.39,7.47,7.79,7.94,7.86,7.81,7.83,7.89,7.93,7.80,7.90,8.20,8.25,8.11,8.16,8.03,7.93,7.65,7.96,8.00,7.95,7.93,8.10,8.40,8.51,8.30,8.20,8.17,8.13,8.41,8.20,8.17,8.07,8.20,8.28,8.31,8.34,8.11,8.25,8.36,8.31,8.24,8.15,8.23,8.32,8.49,8.66,8.64,8.62,8.49,8.51,8.57,8.63,8.48,8.51,8.51,8.41,8.65,8.57,8.67,8.50,8.54,8.57,8.39,8.22,8.49,8.58,8.51,8.24,8.24,8.68,8.78,8.88,8.81,8.71,8.67,8.78,8.73,8.57,8.68,8.80,8.75,8.76,8.86,8.81,8.64,8.76,8.84,8.82,8.81,8.76,8.64,8.54,8.62,8.90,8.84,8.76,8.83,8.78,8.65,8.74,9.03,8.88,8.74,8.78,9.02,8.93,9.12,9.13,9.00,8.87,8.75,8.63,8.80,9.00,8.88,8.99,8.86,8.97,8.99,8.74,8.76,8.68,8.75,8.94,8.99,8.91,8.93,8.57,8.60,8.65,8.68,8.67,8.67,8.72,8.75,8.74,8.80
-11.42,-11.62,-11.40,-10.86,-10.80,-10.67,-10.84,-11.13,-10.99,-10.70,-10.80,-11.13,-10.64,-8.91,-5.68,-1.32,2.86,5.36,6.85,7.50,7.97,8.22,8.38,8.50,8.71,8.97,8.72,8.69,8.50,8.52,8.64,8.55,8.55,8.75,8.73,8.72,8.58,8.76,8.62,8.52,8.52,8.43,8.66,8.65,8.62,8.86,9.01,9.08,9.02,9.14,8.68,9.01,8.74,8.87,8.71,8.86,9.08,9.01,9.09,8.92,8.96,9.08,8.94,8.85,8.93,9.11,9.13,9.24,9.41,9.34,9.33,9.23,9.25,9.34,9.32,9.25,9.44,9.48,9.33,9.52,9.21,9.43,9.18,9.06,9.23,9.31,9.11,9.17,9.23,9.22,9.18,9.20,9.47,9.49,9.50,9.43,9.22,9.32,9.44,9.52,9.40,9.41,9.40,9.20,9.21,9.32,9.32,9.37,9.36,9.60,9.34,9.49,9.32,9.33,9.36,9.30,9.56,9.62,9.50,9.43,9.42,9.41,9.53,9.73,9.61,9.51,9.49,9.73,9.65,9.67,9.69,9.49,9.36,9.41,9.41,9.27,9.53,9.65,9.73,9.81,9.88,9.69,9.41,9.40,9.29,9.36,9.51,9.47,9.41,9.61,9.32,9.18,9.25,9.27,9.25,9.33,9.31,9.44,9.38,9.50
-10.19,-10.09,-9.89,-9.74,-9.71,-9.74,-9.55,-9.79,-9.77,-9.39,-9.47,-9.99,-9.82,-8.31,-5.88,-2.75,0.80,3.90,6.58,7.98,8.75,8.94,9.02,9.37,9.60,9.63,9.42,9.38,9.40,9.22,9.22,9.25,9.25,9.42,9.41,9.33,9.31,9.30,9.29,9.31,9.18,9.14,9.34,9.38,9.18,9.14,9.40,9.48,9.27,9.62,9.50,9.78,9.66,9.43,9.56,9.46,9.60,9.60,9.66,9.78,9.70,9.70,9.62,9.54,9.57,9.66,9.69,9.82,10.05,10.09,10.05,9.88,9.90,9.96,9.98,10.03,10.08,9.97,9.86,10.06,9.85,9.81,9.97,9.85,9.91,10.03,9.83,9.92,9.87,9.97,10.08,10.10,10.19,10.02,10.14,10.11,10.09,10.09,10.10,10.07,10.12,10.17,10.01,9.91,10.00,10.02,10.08,10.22,10.19,10.14,9.90,10.23,10.35,10.38,10.29,10.10,10.13,10.07,10.10,10.14,10.10,10.08,10.18,10.18,10.05,9.97,10.05,10.16,10.05,9.91,9.81,9.77,9.80,9.83,9.87,9.91,10.11,10.05,10.11,10.11,9.90,9.81,9.89,9.78,9.44,9.47,9.75,9.65,9.49,9.68,9.59,9.50,9.58,9.61,9.66,9.79,9.82,9.66,9.59,9.77
-7.86,-8.04,-8.00,-7.64,-7.65,-7.57,-7.18,-7.41,-7.71,-7.74,-8.00,-8.62,-8.54,-7.71,-6.52,-4.95,-2.61,0.37,4.28,7.45,8.96,9.29,9.37,9.65,10.02,10.12,9.90,9.81,9.89,9.80,9.73,9.77,9.80,9.87,10.11,10.22,10.09,10.02,10.14,9.80,9.60,9.65,9.63,9.56,9.38,9.29,9.52,9.54,9.53,9.88,9.89,10.10,10.03,9.78,9.73,9.75,9.83,9.88,10.02,10.12,10.06,9.99,9.91,9.91,9.95,9.87,9.89,10.12,10.28,10.40,10.38,10.19,10.22,10.21,10.20,10.37,10.24,10.07,10.08,10.20,10.26,10.11,10.19,10.34,10.41,10.39,10.13,10.32,10.19,10.47,10.38,10.45,10.49,10.35,10.30,10.17,10.14,10.27,10.23,10.37,10.34,10.31,10.30,10.23,10.19,10.19,10.33,10.38,10.09,10.17,9.99,10.20,10.10,9.98,9.96,9.97,10.26,10.17,10.14,10.17,10.09,10.03,10.18,10.27,10.06,9.97,10.29,10.17,10.05,9.96,9.80,9.80,9.91,9.99,9.98,9.98,10.16,10.29,10.02,10.08,10.06,9.96,9.85,9.75,9.72,9.76,9.77,9.72,9.67,9.65,9.65,9.60,9.63,9.66,9.70,9.72,9.66,9.59,9.59,9.78
-5.72,-5.91,-5.88,-5.52,-5.45,-5.12,-4.59,-5.00,-5.84,-6.40,-7.03,-7.46,-7.41,-6.97,-6.70,-6.46,-5.45,-3.22,1.24,5.96,8.71,9.49,9.68,10.05,10.32,10.17,9.99,9.95,10.01,10.10,10.29,10.33,10.18,10.17,10.52,10.39,10.28,10.21,10.48,10.27,10.17,9.88,9.62,9.51,9.39,9.29,9.33,9.38,9.10,9.24,9.72,10.09,10.26,9.95,9.66,9.69,9.93,9.99,10.13,10.10,10.06,10.01,9.87,9.86,9.92,9.87,9.97,10.10,10.08,10.22,10.16,10.00,10.05,10.10,10.05,10.18,10.14,9.90,9.89,9.91,10.16,10.09,10.01,10.08,10.28,10.41,10.00,10.22,10.11,10.54,10.40,10.42,10.40,10.24,10.21,10.06,9.92,9.90,9.88,10.18,10.27,10.17,10.01,10.01,10.13,10.03,9.90,10.10,10.17,10.19,10.07,10.05,10.03,9.88,9.68,9.75,9.86,9.90,9.97,9.95,9.92,9.93,9.99,10.08,9.98,9.89,10.12,10.07,9.88,9.91,9.77,9.60,9.66,9.73,9.75,9.86,10.05,10.05,10.00,9.80,9.79,9.78,9.66,9.44,8.97,9.24,9.38,9.54,9.68,9.65,9.52,9.36,9.39,9.41,9.43,9.36,9.24,9.30,9.28,9.53
-3.31,-3.83,-4.01,-3.69,-3.56,-3.04,-2.81,-3.50,-4.75,-5.65,-6.31,-6.57,-6.88,-6.69,-6.58,-6.85,-6.59,-5.35,-0.61,4.49,7.86,9.24,9.65,9.76,10.01,10.03,9.87,10.00,10.02,9.89,9.90,10.00,10.03,10.23,10.35,10.02,10.22,10.16,10.16,10.08,9.95,9.56,9.28,9.12,8.84,8.66,8.73,8.74,8.63,8.63,9.38,9.80,9.88,9.70,9.52,9.68,9.85,9.90,9.86,9.81,9.87,9.73,9.54,9.44,9.46,9.59,9.75,9.82,9.80,9.85,9.70,9.58,9.73,9.86,9.75,9.75,9.72,9.63,9.62,9.61,9.83,9.85,9.92,9.83,9.95,10.13,9.77,9.88,10.00,10.27,10.21,10.07,10.02,10.03,10.11,9.88,9.69,9.70,9.81,9.95,9.99,9.99,9.83,9.76,9.79,9.68,9.61,9.70,9.75,10.01,9.81,9.52,9.81,9.87,9.41,9.65,9.76,9.73,9.79,9.67,9.65,9.76,9.82,9.79,9.77,9.68,9.77,9.90,9.71,9.79,9.63,9.63,9.66,9.67,9.75,9.67,9.75,9.90,9.77,9.60,9.62,9.51,9.34,9.30,8.95,9.34,9.29,9.47,9.58,9.49,9.36,9.11,9.12,9.21,9.19,9.11,9.04,9.02,8.90,9.12
-0.90,-1.86,-2.55,-2.63,-2.29,-2.06,-2.25,-3.08,-4.30,-5.33,-5.64,-5.93,-6.50,-6.66,-6.75,-7.05,-6.65,-5.52,-0.91,4.15,7.63,9.02,9.46,9.92,9.91,9.76,9.81,10.00,9.95,9.96,10.01,10.09,10.10,9.88,10.14,10.28,10.37,10.20,9.97,9.81,9.66,9.31,8.93,8.58,8.30,8.36,8.50,8.41,8.58,8.57,9.38,9.53,9.48,9.58,9.46,9.65,9.62,9.70,9.59,9.54,9.58,9.46,9.25,9.11,9.14,9.30,9.47,9.59,9.59,9.59,9.49,9.43,9.49,9.61,9.54,9.50,9.49,9.57,9.58,9.62,9.65,9.69,9.83,9.77,9.83,9.98,9.70,9.79,10.01,10.11,10.02,9.83,9.80,10.06,10.07,9.85,9.73,9.85,9.88,9.75,9.68,9.69,9.72,9.73,9.68,9.59,9.60,9.73,9.85,9.62,9.52,9.63,9.86,9.75,9.23,9.43,9.68,9.62,9.66,9.60,9.56,9.68,9.79,9.78,9.75,9.73,9.76,9.69,9.69,9.67,9.59,9.76,9.75,9.70,9.63,9.41,9.63,9.79,9.52,9.53,9.39,9.23,9.25,9.37,9.05,9.29,9.42,9.34,9.21,9.10,8.90,8.62,8.91,8.87,8.80,8.76,8.77,8.88,8.60,8.69
0.85,-0.67,-1.91,-2.36,-1.97,-2.20,-2.68,-3.35,-4.20,-5.08,-5.19,-5.60,-6.15,-6.48,-6.74,-7.20,-6.85,-4.60,-0.31,4.37,7.64,9.02,9.54,9.79,9.77,9.80,9.66,9.67,9.79,9.89,10.05,10.17,10.06,9.86,10.30,10.19,10.17,10.03,9.87,9.80,9.62,9.33,8.95,8.46,8.17,8.45,8.58,8.43,8.48,8.58,9.48,9.34,9.43,9.53,9.43,9.49,9.46,9.56,9.44,9.39,9.49,9.46,9.22,9.10,9.12,9.20,9.39,9.47,9.43,9.54,9.47,9.46,9.39,9.49,9.58,9.58,9.67,9.68,9.61,9.66,9.54,9.49,9.73,9.66,9.72,9.85,9.66,9.82,10.09,10.08,9.87,9.87,9.79,10.14,10.14,9.88,9.83,9.95,9.83,9.61,9.58,9.67,9.73,9.70,9.61,9.56,9.49,9.56,9.78,9.56,9.43,9.63,9.67,9.70,9.51,9.53,9.58,9.27,9.49,9.43,9.30,9.54,9.73,9.65,9.62,9.62,9.67,9.66,9.69,9.68,9.60,9.58,9.62,9.66,9.53,9.37,9.71,9.60,9.53,9.42,9.33,9.29,9.27,9.19,9.03,8.88,9.04,9.02,8.93,8.86,8.81,8.65,8.72,8.56,8.50,8.47,8.43,8.59,8.41,8.47
2.02,-0.09,-1.81,-2.36,-2.23,-2.68,-3.19,-3.61,-4.01,-4.31,-4.83,-5.40,-5.72,-5.92,-6.13,-6.21,-6.13,-4.13,0.01,4.51,7.68,8.92,9.37,9.70,9.72,9.57,9.68,9.89,9.87,9.89,10.01,9.91,9.79,9.89,10.42,10.20,10.14,10.08,9.96,9.96,9.81,9.41,9.03,8.64,8.25,8.42,8.68,8.47,8.34,8.65,9.28,9.23,9.48,9.38,9.32,9.25,9.30,9.46,9.36,9.25,9.47,9.50,9.21,9.11,9.13,9.14,9.27,9.32,9.34,9.44,9.40,9.32,9.38,9.41,9.50,9.52,9.59,9.54,9.53,9.53,9.46,9.36,9.61,9.67,9.60,9.73,9.60,9.89,9.90,9.99,9.83,9.92,9.91,10.08,10.08,9.82,9.69,9.82,9.68,9.52,9.60,9.61,9.57,9.51,9.44,9.37,9.38,9.43,9.46,9.42,9.43,9.47,9.57,9.51,9.08,9.25,9.34,9.21,9.30,9.34,9.28,9.36,9.39,9.36,9.51,9.46,9.33,9.58,9.56,9.56,9.49,9.54,9.61,9.69,9.67,9.59,9.81,9.68,9.48,9.38,9.33,9.39,9.33,9.12,8.91,8.90,9.02,9.02,9.00,8.88,8.65,8.37,8.65,8.75,8.72,8.69,8.72,8.67,8.55,8.64
3.11,0.61,-1.40,-2.18,-2.41,-2.72,-2.79,-2.77,-2.91,-3.23,-4.21,-4.54,-4.81,-5.04,-4.99,-4.66,-4.12,-2.19,1.52,5.42,8.10,9.11,9.47,9.51,9.52,9.62,9.65,9.77,9.88,9.95,9.96,9.87,9.86,9.92,10.38,10.27,10.24,10.23,10.16,10.06,9.97,9.62,9.15,8.81,8.37,8.31,8.64,8.37,8.49,8.83,9.20,9.25,9.40,9.22,9.15,9.11,9.17,9.30,9.28,9.24,9.38,9.36,9.17,9.11,9.11,9.10,9.14,9.17,9.27,9.37,9.41,9.28,9.23,9.29,9.39,9.32,9.32,9.24,9.30,9.42,9.47,9.63,9.50,9.73,9.49,9.78,9.58,9.91,9.70,9.90,9.80,9.87,9.92,10.05,9.99,9.88,9.65,9.80,9.72,9.66,9.62,9.58,9.51,9.49,9.42,9.36,9.36,9.40,9.50,9.49,9.39,9.37,9.42,9.39,9.20,9.56,9.49,9.40,9.40,9.39,9.44,9.54,9.59,9.66,9.61,9.36,9.38,9.62,9.66,9.58,9.60,9.66,9.72,9.69,9.66,9.72,9.83,9.81,9.39,9.42,9.34,9.34,9.27,9.08,8.88,8.78,8.94,8.99,8.91,8.76,8.56,8.30,8.64,8.51,8.39,8.39,8.50,8.62,8.76,8.90
4.22,1.50,-0.49,-1.93,-2.34,-1.96,-1.08,-0.26,-0.14,-1.14,-2.73,-3.60,-3.99,-3.93,-3.56,-3.25,-2.56,-0.69,2.47,5.63,7.88,9.02,9.31,9.65,9.47,9.59,9.61,9.73,9.80,9.92,10.06,9.88,9.80,9.95,10.14,10.18,10.24,10.20,10.28,10.21,10.20,9.99,9.48,9.02,8.47,8.47,8.58,8.45,8.57,8.88,9.21,9.17,9.25,9.18,9.12,9.14,9.18,9.17,9.19,9.22,9.34,9.27,9.09,9.10,9.09,9.06,9.10,9.13,9.19,9.32,9.39,9.28,9.23,9.27,9.33,9.24,9.44,9.28,9.36,9.39,9.54,9.78,9.58,9.83,9.50,9.67,9.54,9.69,9.92,10.01,9.95,9.89,9.87,10.08,9.98,9.83,9.58,9.65,9.76,9.71,9.50,9.48,9.51,9.47,9.36,9.30,9.31,9.30,9.27,9.23,9.25,9.28,9.33,9.32,9.15,9.43,9.41,9.52,9.51,9.51,9.39,9.41,9.40,9.42,9.63,9.66,9.52,9.51,9.86,9.59,9.80,9.67,9.70,9.68,9.60,9.66,9.76,9.76,9.49,9.43,9.39,9.22,9.11,9.06,8.92,8.73,8.72,8.82,8.85,8.76,8.55,8.36,8.36,8.51,8.55,8.58,8.67,8.63,8.51,8.63
5.40,3.14,0.96,-1.00,-1.40,-0.41,1.29,2.78,3.28,1.91,-0.31,-1.91,-2.63,-2.68,-2.48,-2.61,-1.93,-0.27,2.68,5.88,8.15,8.94,9.09,9.49,9.56,9.57,9.51,9.69,9.83,9.89,10.01,9.92,9.93,10.11,10.05,10.22,10.30,10.23,10.27,10.20,10.21,10.16,9.72,9.11,8.54,8.64,8.64,8.66,8.55,8.88,9.00,9.15,9.21,9.17,9.19,9.17,9.20,9.28,9.27,9.18,9.24,9.23,9.10,9.11,9.25,9.20,9.15,9.32,9.32,9.38,9.36,9.25,9.18,9.19,9.24,9.19,9.53,9.22,9.48,9.22,9.49,9.49,9.59,9.73,9.56,9.68,9.54,9.71,10.17,10.10,10.33,10.02,10.07,10.03,9.80,9.59,9.33,9.58,9.70,9.54,9.38,9.31,9.37,9.37,9.32,9.18,9.18,9.38,9.21,9.14,9.25,9.30,9.38,9.38,9.46,9.41,9.42,9.52,9.54,9.42,9.39,9.34,9.25,9.31,9.43,9.39,9.39,9.48,9.48,9.73,9.76,9.75,9.77,9.70,9.67,9.70,9.75,9.69,9.51,9.42,9.29,9.13,9.14,9.14,8.96,8.83,8.68,8.68,8.72,8.68,8.52,8.33,8.31,8.43,8.34,8.39,8.57,8.56,8.28,8.48
6.60,4.96,2.63,0.67,0.76,2.49,4.64,6.08,6.31,5.07,2.57,0.43,-1.00,-1.77,-2.02,-1.77,-1.31,-0.13,2.58,5.82,8.23,9.04,9.18,9.56,9.38,9.43,9.46,9.58,9.77,9.90,9.89,9.81,10.06,10.23,10.12,10.26,10.33,10.21,10.18,10.13,10.07,10.05,9.75,9.03,8.73,8.57,8.68,8.67,8.74,8.81,9.00,9.28,9.24,9.13,9.22,9.29,9.34,9.37,9.30,9.15,9.30,9.38,9.12,9.05,9.18,9.21,9.29,9.39,9.41,9.33,9.36,9.33,9.32,9.43,9.15,9.23,9.40,9.33,9.36,9.25,9.51,9.44,9.75,9.75,9.59,9.83,9.52,9.80,10.07,10.21,10.50,10.20,10.09,9.89,9.72,9.65,9.40,9.78,9.77,9.60,9.51,9.39,9.28,9.31,9.39,9.25,9.24,9.32,9.23,9.22,9.17,9.40,9.30,9.32,9.50,9.25,9.42,9.51,9.34,9.48,9.41,9.30,9.23,9.21,9.25,9.41,9.56,9.47,9.66,9.51,9.77,9.67,9.78,9.77,9.80,9.81,9.51,9.44,9.40,9.28,9.15,9.19,9.24,9.19,9.03,8.95,8.72,8.64,8.71,8.68,8.50,8.39,8.39,8.46,8.55,8.60,8.63,8.69,8.49,8.74
7.86,6.32,4.98,2.98,3.68,5.29,6.91,8.05,8.33,7.58,5.37,2.60,0.37,-0.95,-1.54,-1.48,-1.11,-0.22,2.53,5.92,8.27,9.24,9.36,9.68,9.38,9.32,9.48,9.63,9.77,9.85,9.78,9.71,9.77,9.98,10.20,10.20,10.23,10.17,10.13,10.11,9.98,9.89,9.77,9.22,8.87,8.71,8.92,8.73,8.80,8.88,9.01,9.14,9.38,9.06,9.19,9.28,9.22,9.33,9.41,9.29,9.17,9.17,9.22,9.18,9.12,9.10,9.17,9.32,9.27,9.29,9.14,9.22,9.31,9.30,9.21,9.33,9.36,9.37,9.32,9.42,9.56,9.67,9.92,9.90,9.77,9.86,9.52,9.81,10.03,10.40,10.51,10.33,10.05,9.81,9.97,9.86,9.73,9.89,9.78,9.72,9.62,9.41,9.27,9.30,9.36,9.29,9.27,9.32,9.21,9.18,9.28,9.34,9.17,9.12,9.30,9.32,9.51,9.56,9.49,9.62,9.43,9.39,9.54,9.52,9.39,9.47,9.70,9.77,9.69,9.73,9.80,9.79,9.87,9.86,9.80,9.61,9.31,9.39,9.18,9.28,9.32,9.29,9.21,9.10,8.99,8.86,8.62,8.68,8.73,8.66,8.57,8.50,8.59,8.60,8.60,8.56,8.57,8.60,8.67,8.93
8.48,7.94,6.71,5.37,6.23,7.39,8.33,9.01,9.15,9.03,7.31,4.67,2.03,0.07,-1.06,-1.15,-0.88,-0.07,2.76,6.25,8.42,9.32,9.49,9.68,9.47,9.41,9.57,9.63,9.69,9.77,9.70,9.73,9.57,9.73,10.03,10.16,10.10,10.08,10.09,9.93,9.79,9.80,9.78,9.41,8.80,8.94,9.19,8.84,8.88,9.09,9.02,9.13,9.31,9.12,9.17,9.11,9.20,9.25,9.27,9.27,9.21,9.09,9.20,9.27,9.02,9.10,9.19,9.30,9.25,9.25,9.25,9.13,9.22,9.24,9.43,9.28,9.36,9.33,9.22,9.54,9.67,9.79,9.63,9.85,9.68,9.78,9.46,9.73,10.08,10.18,10.23,10.16,10.00,9.91,10.05,9.96,9.75,9.85,9.66,9.58,9.52,9.41,9.36,9.37,9.37,9.31,9.39,9.40,9.21,9.21,9.56,9.48,9.28,9.31,9.12,9.50,9.43,9.49,9.46,9.63,9.38,9.32,9.41,9.33,9.28,9.52,9.83,9.97,9.68,9.65,9.82,9.92,9.80,9.70,9.59,9.43,9.37,9.48,9.02,9.19,9.33,9.30,9.17,8.95,8.73,8.76,8.59,8.80,8.71,8.58,8.57,8.59,8.59,8.65,8.47,8.49,8.62,8.62,8.87,9.04
8.72,8.63,7.39,6.85,7.49,8.43,9.11,9.40,9.60,9.38,8.52,6.31,3.37,0.77,-0.63,-0.75,-0.62,0.33,3.05,6.33,8.36,9.15,9.43,9.62,9.49,9.47,9.62,9.65,9.65,9.78,9.71,9.54,9.50,9.66,9.83,9.97,9.93,9.81,9.86,9.81,9.72,9.83,9.73,9.40,8.99,9.03,9.06,9.00,9.14,8.99,9.11,8.97,9.19,9.12,9.12,9.13,9.15,9.14,9.18,9.18,9.27,9.40,9.30,9.20,9.15,9.21,9.22,9.31,9.34,9.30,9.09,9.12,9.28,9.41,9.28,9.29,9.27,9.41,9.22,9.52,9.49,9.57,9.48,9.72,9.57,9.72,9.40,9.66,9.63,9.82,10.01,9.80,9.70,9.79,9.98,9.85,9.58,9.71,9.57,9.46,9.56,9.51,9.41,9.41,9.30,9.34,9.48,9.40,9.30,9.38,9.61,9.57,9.47,9.43,9.27,9.36,9.50,9.57,9.44,9.68,9.48,9.37,9.41,9.46,9.53,9.67,9.69,9.69,9.69,9.50,9.57,9.67,9.72,9.53,9.32,9.37,9.51,9.29,9.30,9.14,9.19,9.22,9.22,9.04,8.77,8.93,8.75,8.93,8.78,8.57,8.50,8.52,8.48,8.58,8.38,8.47,8.68,8.75,8.86,8.86
9.01,8.99,8.06,7.94,8.39,9.03,9.46,9.54,9.73,9.62,9.23,7.57,4.72,1.80,0.33,-0.17,-0.11,0.98,3.57,6.54,8.36,9.04,9.29,9.43,9.47,9.56,9.65,9.68,9.68,9.69,9.65,9.36,9.40,9.49,9.78,9.77,9.81,9.85,9.79,9.72,9.63,9.60,9.75,9.54,9.28,9.19,9.01,9.15,9.18,9.12,9.11,9.11,9.24,9.12,9.13,9.14,9.11,9.12,9.11,9.10,9.20,9.30,9.24,9.22,9.20,9.14,9.28,9.32,9.23,9.27,9.18,9.08,9.18,9.23,9.21,9.34,9.33,9.42,9.51,9.32,9.39,9.39,9.60,9.51,9.69,9.54,9.37,9.58,9.73,9.72,9.56,9.54,9.54,9.53,9.73,9.63,9.61,9.70,9.60,9.50,9.52,9.50,9.41,9.37,9.23,9.28,9.42,9.36,9.36,9.46,9.36,9.42,9.37,9.38,9.32,9.41,9.46,9.47,9.47,9.52,9.39,9.46,9.49,9.47,9.52,9.70,9.79,9.62,9.46,9.48,9.58,9.65,9.65,9.58,9.49,9.42,9.44,9.31,9.09,8.87,9.00,9.06,9.20,9.24,9.10,8.88,8.87,9.03,8.84,8.68,8.56,8.47,8.67,8.68,8.45,8.51,8.75,8.83,8.72,8.67
9.21,9.14,8.39,8.47,8.84,9.34,9.73,9.78,9.90,9.83,9.66,8.29,5.75,3.04,1.41,0.76,0.74,1.85,4.22,6.93,8.60,9.23,9.43,9.41,9.44,9.59,9.54,9.46,9.49,9.49,9.49,9.38,9.62,9.51,9.63,9.65,9.62,9.71,9.79,9.66,9.42,9.40,9.52,9.51,9.23,9.20,9.39,9.30,9.38,9.10,9.06,9.32,9.36,9.24,9.27,9.17,9.13,9.23,9.23,9.28,9.41,9.36,9.24,9.23,9.14,9.21,9.28,9.25,9.27,9.47,9.25,9.04,9.24,9.21,9.15,9.36,9.40,9.18,9.38,9.37,9.19,9.51,9.47,9.60,9.71,9.54,9.27,9.70,9.97,9.70,9.57,9.71,9.67,9.57,9.56,9.70,9.62,9.65,9.68,9.66,9.53,9.52,9.47,9.47,9.40,9.44,9.48,9.34,9.42,9.46,9.27,9.25,9.34,9.48,9.38,9.43,9.42,9.51,9.56,9.44,9.30,9.30,9.38,9.54,9.66,9.60,9.65,9.88,9.77,9.72,9.67,9.66,9.50,9.37,9.34,9.41,9.48,9.51,9.03,9.09,8.96,8.86,8.94,9.00,8.95,8.93,8.91,9.14,8.97,8.82,8.69,8.64,8.93,8.88,8.60,8.62,8.76,8.83,8.76,8.71
9.20,9.11,8.78,8.95,9.25,9.65,9.99,10.00,9.96,9.80,9.71,8.64,6.47,4.09,2.29,1.89,1.79,2.72,4.81,7.22,8.82,9.42,9.67,9.71,9.50,9.46,9.40,9.43,9.57,9.54,9.42,9.23,9.60,9.58,9.65,9.70,9.59,9.51,9.62,9.61,9.44,9.39,9.44,9.56,9.28,9.40,9.33,9.43,9.36,9.36,9.29,9.37,9.23,9.19,9.29,9.27,9.19,9.21,9.23,9.29,9.40,9.51,9.21,8.93,9.18,9.14,9.13,9.29,9.43,9.49,9.46,9.27,9.29,9.27,9.24,9.43,9.32,9.37,9.36,9.41,9.41,9.39,9.47,9.53,9.43,9.65,9.50,9.71,9.89,9.77,9.73,9.73,9.79,9.66,9.62,9.75,9.67,9.56,9.62,9.59,9.48,9.42,9.48,9.46,9.46,9.63,9.56,9.37,9.41,9.39,9.33,9.31,9.52,9.49,9.38,9.39,9.69,9.63,9.59,9.37,9.27,9.32,9.33,9.40,9.59,9.63,9.49,9.71,9.89,9.83,9.49,9.46,9.53,9.46,9.30,9.30,9.38,9.23,9.05,8.88,9.12,9.00,9.04,9.17,9.18,8.96,8.94,9.04,8.94,8.66,8.58,8.76,8.72,8.81,8.54,8.54,8.73,8.90,8.87,8.78
9.20,9.14,9.24,9.48,9.63,9.89,10.17,10.14,9.95,9.88,9.73,8.96,7.30,5.07,3.35,3.00,2.95,3.69,5.52,7.77,9.02,9.47,9.75,9.79,9.71,9.71,9.61,9.60,9.72,9.56,9.47,9.37,9.58,9.73,9.69,9.62,9.65,9.53,9.52,9.68,9.63,9.47,9.47,9.56,9.38,9.50,9.38,9.31,9.53,9.36,9.29,9.38,9.31,9.21,9.25,9.36,9.31,9.33,9.42,9.32,9.29,9.38,9.29,9.19,9.11,9.27,9.36,9.46,9.49,9.30,9.34,9.15,9.13,9.31,9.41,9.43,9.38,9.54,9.39,9.53,9.49,9.57,9.48,9.51,9.27,9.50,9.37,9.33,9.49,9.61,9.59,9.60,9.67,9.70,9.62,9.49,9.46,9.48,9.63,9.52,9.33,9.30,9.40,9.40,9.40,9.46,9.47,9.37,9.28,9.31,9.31,9.42,9.50,9.41,9.36,9.40,9.71,9.62,9.48,9.42,9.27,9.30,9.30,9.36,9.52,9.62,9.58,9.54,9.65,9.78,9.41,9.49,9.41,9.27,9.05,9.06,9.23,9.13,9.22,9.08,9.02,9.00,9.08,9.22,9.20,8.91,8.91,9.08,8.96,8.71,8.59,8.68,8.69,8.78,8.56,8.49,8.69,8.91,8.63,8.69
9.28,9.25,9.50,9.71,9.80,9.96,10.26,10.27,10.17,10.13,10.00,9.37,7.98,6.02,4.42,4.05,3.96,4.75,6.39,8.13,8.95,9.65,10.00,9.82,9.70,9.63,9.57,9.52,9.48,9.40,9.20,9.46,9.61,9.71,9.69,9.61,9.59,9.63,9.60,9.51,9.46,9.44,9.66,9.73,9.57,9.40,9.48,9.42,9.52,9.38,9.43,9.37,9.15,9.06,9.10,9.17,9.17,9.20,9.25,9.30,9.33,9.32,9.29,9.09,9.17,9.14,9.27,9.30,9.20,9.29,9.54,9.36,9.09,9.37,9.36,9.29,9.31,9.32,9.30,9.25,9.40,9.36,9.42,9.62,9.40,9.29,9.29,9.29,9.49,9.36,9.29,9.27,9.39,9.52,9.41,9.46,9.24,9.41,9.37,9.37,9.36,9.30,9.37,9.39,9.30,9.27,9.31,9.37,9.37,9.32,9.31,9.36,9.33,9.37,9.36,9.21,9.48,9.36,9.40,9.44,9.25,9.20,9.30,9.37,9.36,9.37,9.37,9.37,9.49,9.47,9.18,9.22,9.06,9.05,8.96,8.92,9.05,9.10,9.05,8.85,8.86,8.82,8.76,8.83,8.96,9.00,8.99,8.83,8.64,8.69,8.68,8.54,8.66,8.85,8.49,8.49,8.67,8.65,8.25,8.58
9.36,9.20,9.63,9.72,9.88,10.09,10.22,10.26,10.33,10.20,10.11,9.57,8.31,6.79,5.22,5.23,5.03,5.85,7.39,8.65,9.29,9.58,9.69,9.85,9.76,9.66,9.67,9.54,9.25,9.19,9.30,9.41,9.39,9.68,9.66,9.50,9.38,9.34,9.39,9.47,9.46,9.29,9.38,9.41,9.30,9.15,9.46,9.27,9.36,9.05,9.05,9.19,9.08,9.03,9.23,9.29,9.14,9.04,9.06,9.12,9.14,9.09,9.09,9.14,9.00,9.18,9.27,9.17,9.36,9.44,9.30,9.12,9.10,9.19,9.19,9.23,9.29,9.33,9.34,9.50,9.52,9.37,9.43,9.54,9.57,9.17,9.25,9.20,9.23,9.32,9.20,9.19,9.25,9.38,9.36,9.20,9.22,9.32,9.30,9.29,9.22,9.23,9.12,9.12,9.10,9.13,9.19,9.31,9.39,9.28,9.34,9.31,9.32,9.29,9.25,9.04,9.37,9.22,9.39,9.34,9.27,9.31,9.38,9.21,9.14,9.24,9.23,9.23,9.32,9.19,9.12,9.01,9.05,9.02,8.88,8.80,8.77,8.76,8.81,8.82,8.90,8.82,8.95,8.91,8.74,8.86,8.92,8.77,8.66,8.64,8.66,8.69,8.68,8.82,8.72,8.63,8.78,8.86,8.46,8.74
9.44,9.12,9.78,9.73,9.79,10.05,10.26,10.12,10.32,10.28,10.06,9.42,8.37,7.29,6.28,6.32,6.03,6.63,7.71,8.43,9.37,9.54,9.81,9.82,9.88,9.70,9.50,9.33,9.10,9.01,9.11,9.17,9.13,9.31,9.47,9.42,9.39,9.43,9.47,9.41,9.25,9.21,9.50,9.38,9.25,9.43,9.46,9.33,9.09,9.24,9.29,9.21,9.21,9.20,9.09,8.92,9.01,9.13,9.12,9.13,9.12,9.12,8.96,9.00,9.11,9.12,9.09,9.21,9.31,9.42,9.57,9.10,9.24,9.11,9.14,9.21,9.22,9.34,9.22,9.49,9.31,9.20,9.32,9.54,9.33,9.15,9.24,9.06,9.13,9.14,9.13,9.15,9.12,9.10,9.15,8.96,8.90,9.05,9.09,9.02,9.04,9.11,9.17,9.14,9.00,9.03,9.09,9.09,9.10,9.06,9.15,9.13,9.25,9.20,8.96,9.02,9.17,9.11,9.14,9.06,9.06,9.17,9.20,8.96,8.86,9.04,9.05,8.90,9.01,9.01,8.91,8.73,8.93,8.78,8.57,8.59,8.66,8.62,8.64,8.52,8.66,8.62,8.69,8.80,8.84,8.81,8.68,8.72,8.64,8.56,8.47,8.39,8.36,8.12,8.38,8.50,8.62,8.65,8.33,8.80
9.36,9.18,9.54,9.42,9.52,9.82,9.99,10.24,10.22,10.07,9.82,9.11,8.07,7.57,6.92,6.71,6.56,7.05,7.88,8.49,8.99,9.22,9.38,9.48,9.59,9.57,9.44,9.33,9.31,9.30,9.33,8.94,8.82,8.93,9.19,9.22,9.27,9.23,9.18,9.15,9.09,9.02,9.11,8.93,9.05,8.80,9.36,9.28,9.21,9.17,9.00,8.94,9.06,8.91,8.86,9.03,9.00,8.97,8.97,8.87,8.88,8.80,8.84,9.04,8.87,8.72,8.71,8.65,8.84,8.95,8.81,8.86,8.93,9.01,9.03,8.92,9.06,9.09,8.85,9.13,9.08,9.27,9.20,9.21,9.10,8.99,8.82,8.48,8.75,8.66,8.86,8.94,8.82,8.95,9.00,8.75,8.71,8.69,8.71,8.77,8.75,8.72,8.75,8.72,8.60,8.62,8.80,8.77,8.75,8.84,8.75,8.82,8.78,8.84,8.56,8.80,8.91,8.80,8.84,8.76,8.78,8.81,8.85,8.75,8.67,8.73,8.71,8.57,8.69,8.73,8.66,8.56,8.62,8.49,8.37,8.43,8.49,8.40,8.42,8.36,8.36,8.52,8.49,8.64,8.87,8.76,8.58,8.60,8.56,8.66,8.67,8.54,8.52,8.40,8.46,8.64,8.66,8.51,8.38,8.52
9.48,9.36,9.81,9.67,9.44,9.48,9.76,9.88,10.02,9.69,9.30,8.77,8.12,7.82,7.70,7.60,7.41,7.62,8.24,8.86,9.18,9.47,9.49,9.22,9.10,9.08,9.04,8.78,8.39,8.63,8.59,8.43,8.60,8.91,8.81,8.86,8.99,9.01,8.88,8.75,8.78,8.78,8.91,8.95,9.11,8.86,8.99,9.04,9.09,9.23,9.14,8.99,8.96,8.88,8.88,8.81,8.74,8.81,8.84,8.86,8.88,8.83,8.67,8.76,8.80,8.67,8.71,8.72,8.83,8.77,8.74,8.74,8.81,8.75,8.88,8.59,8.88,8.54,8.56,8.63,8.52,8.74,8.59,8.69,8.96,8.72,8.50,8.57,8.60,8.48,8.59,8.63,8.74,8.84,8.64,8.60,8.57,8.65,8.65,8.62,8.69,8.67,8.64,8.60,8.52,8.49,8.64,8.67,8.64,8.72,8.69,8.74,8.62,8.55,8.56,8.68,9.03,8.81,8.87,8.80,8.78,8.74,8.71,8.68,8.69,8.76,8.78,8.68,8.84,8.68,8.87,8.63,8.58,8.57,8.47,8.50,8.63,8.57,8.52,8.73,8.56,8.68,8.64,8.74,8.94,8.91,8.74,8.73,8.67,8.73,8.85,8.88,8.81,8.78,8.96,8.95,8.86,8.77,8.69,8.95
9.43,9.57,9.87,9.71,9.54,9.52,9.61,9.59,9.58,9.37,8.93,8.48,8.32,8.72,8.49,8.37,8.38,8.34,8.43,8.77,8.88,9.06,8.71,8.91,8.92,8.92,8.95,8.94,8.90,8.90,8.93,8.74,8.91,8.66,8.91,8.76,8.59,8.65,8.67,8.68,8.80,8.75,8.84,8.82,8.73,8.74,8.69,8.80,8.60,8.42,8.38,8.41,8.40,8.46,8.77,8.78,8.71,8.85,8.86,8.83,8.85,8.73,8.77,8.77,8.60,8.60,8.67,8.60,8.78,8.76,8.66,8.75,8.92,8.85,8.69,8.52,8.83,8.68,8.66,8.51,8.88,8.67,8.57,8.51,8.56,8.82,8.90,8.82,8.99,8.55,8.49,8.65,8.66,8.97,8.99,8.93,9.01,8.95,8.80,8.88,8.92,8.96,8.84,8.90,8.82,8.73,8.76,8.73,8.66,8.68,8.76,8.83,8.95,9.00,8.90,9.10,9.24,9.19,9.08,9.04,8.93,8.91,8.95,9.02,9.05,9.12,9.21,9.06,9.12,9.01,9.18,8.91,8.97,8.94,8.78,8.80,8.92,8.94,9.06,9.00,8.97,8.94,9.02,9.03,9.00,9.04,9.17,9.13,9.18,9.24,9.33,9.34,9.15,9.41,9.36,9.39,9.32,9.08,8.93,9.34
9.66,9.41,9.90,9.70,9.51,9.57,9.57,9.33,9.29,9.11,8.96,8.87,8.91,9.20,8.93,8.86,8.84,8.83,8.88,9.03,9.02,9.13,9.21,8.96,8.92,8.95,9.05,8.99,8.60,8.78,8.88,8.73,8.78,8.71,8.75,8.83,8.78,8.78,8.78,8.71,8.72,8.72,8.97,9.03,9.08,9.22,9.48,9.39,9.27,9.22,9.31,9.21,9.21,9.23,9.18,9.05,9.08,9.27,9.14,9.03,9.15,9.08,9.03,9.05,9.14,9.13,8.94,9.20,9.23,9.20,9.18,9.08,9.38,9.24,9.34,9.13,9.34,9.38,9.17,9.06,9.29,9.50,9.51,9.17,9.22,9.32,9.17,9.15,9.08,9.11,9.20,9.20,9.39,9.46,9.30,9.39,9.53,9.32,9.30,9.21,9.36,9.60,9.52,9.47,9.46,9.53,9.50,9.39,9.46,9.44,9.39,9.43,9.54,9.49,9.32,9.47,9.59,9.57,9.53,9.53,9.42,9.50,9.60,9.59,9.57,9.57,9.61,9.54,9.39,9.50,9.50,9.41,9.56,9.46,9.27,9.30,9.42,9.41,9.65,9.24,9.47,9.46,9.53,9.47,9.31,9.46,9.66,9.59,9.67,9.72,9.70,9.67,9.57,9.58,9.75,9.75,9.65,9.51,9.40,9.66
9.40,9.33,9.52,9.52,9.50,9.50,9.40,9.40,9.39,9.23,9.30,9.46,9.38,9.43,9.40,9.28,9.30,9.31,9.28,9.25,8.90,9.20,9.37,9.31,9.27,9.29,9.33,9.30,9.19,9.44,9.21,9.47,9.24,9.28,9.19,9.47,9.71,9.56,9.32,9.27,9.18,9.17,9.40,9.51,9.66,9.65,9.69,9.68,9.56,9.69,9.66,9.69,9.76,9.73,9.61,9.63,9.81,9.79,9.66,9.77,9.72,9.73,9.59,9.57,9.61,9.69,9.65,9.57,9.77,9.88,9.85,9.61,9.81,9.61,9.90,9.85,9.82,9.78,9.71,9.78,9.72,9.87,9.80,10.00,9.66,9.78,9.78,9.89,9.57,9.69,9.71,9.80,9.86,9.85,10.02,10.16,10.02,9.92,9.86,9.91,10.01,10.00,10.12,10.14,9.86,9.72,9.75,9.86,10.03,9.98,9.97,9.83,9.83,9.72,9.67,9.99,10.19,9.79,10.03,10.08,10.00,10.07,10.02,9.88,9.83,9.91,9.98,9.95,9.87,9.88,9.86,9.76,9.93,9.96,9.77,9.76,9.90,9.82,9.93,9.77,9.89,9.86,9.91,9.83,9.69,9.78,9.92,9.92,10.01,10.01,9.99,9.98,9.88,9.68,9.92,9.95,9.93,9.93,9.79,9.92
9.63,9.42,9.51,9.47,9.42,9.44,9.62,9.56,9.47,9.44,9.54,9.68,9.73,9.78,9.71,9.76,9.73,9.70,9.65,9.52,9.58,9.70,9.62,9.71,9.67,9.63,9.73,9.79,9.59,9.69,9.66,9.62,9.56,9.53,9.73,9.87,9.90,9.81,9.69,9.61,9.51,9.69,9.91,9.69,9.76,9.70,9.85,10.06,10.06,10.07,10.05,10.05,10.13,10.02,9.88,10.06,10.23,10.11,10.03,10.03,10.01,10.13,10.05,9.83,9.77,10.10,9.99,9.96,9.99,9.91,10.09,9.81,10.18,10.07,9.95,10.08,10.03,10.11,10.09,10.10,10.12,9.93,10.00,10.00,9.99,10.08,9.79,10.07,10.17,10.16,9.79,9.93,10.18,10.14,10.35,10.32,10.30,10.18,10.05,10.12,10.11,10.14,10.33,10.31,10.17,10.12,10.19,10.22,10.13,10.06,10.02,10.13,10.13,10.01,9.97,10.11,10.07,10.09,10.29,10.21,9.93,10.05,10.17,10.08,9.96,9.98,10.06,9.99,10.02,9.88,9.82,9.81,10.00,10.12,10.05,9.96,9.91,9.90,9.99,9.97,9.98,9.95,10.01,10.01,9.96,9.91,10.06,9.91,10.03,10.09,10.02,9.95,9.95,9.87,10.05,9.99,9.97,10.01,9.98,10.09
9.54,9.56,9.54,9.51,9.44,9.52,9.78,9.79,9.62,9.57,9.68,9.85,9.92,10.13,9.93,9.89,9.87,9.85,9.81,9.86,9.87,9.96,9.81,9.99,10.00,9.99,10.17,10.27,9.93,9.85,9.99,9.95,10.06,9.86,10.09,10.13,10.02,9.90,9.86,9.92,9.96,10.08,10.07,9.88,9.92,10.05,10.20,10.22,9.99,9.89,9.89,10.02,10.08,10.00,10.10,10.21,10.23,10.21,10.08,10.07,10.06,10.03,9.91,10.05,10.07,10.14,10.07,10.09,10.24,10.37,10.43,10.03,10.24,10.17,10.09,10.43,10.24,10.17,10.27,10.06,10.24,10.11,10.18,10.18,10.18,10.03,10.14,10.10,10.02,10.19,10.11,10.29,10.10,10.13,10.35,10.13,10.22,10.28,10.29,10.30,10.13,10.05,10.24,10.24,10.21,10.18,10.19,10.30,10.09,9.95,10.23,10.26,10.08,9.81,9.73,10.12,9.97,10.00,10.07,10.32,10.09,10.11,10.13,10.03,9.97,10.01,10.09,9.97,10.01,9.89,9.80,9.98,10.00,10.05,10.08,9.97,9.83,9.90,9.96,9.83,9.92,10.00,10.02,10.00,10.00,10.06,10.14,9.83,9.93,10.00,9.92,9.85,9.92,10.07,10.14,10.01,9.97,10.07,10.06,10.07
9.60,9.68,9.52,9.56,9.65,9.68,9.81,9.80,9.92,9.91,9.96,10.10,10.22,10.24,10.08,10.02,10.03,10.06,10.09,10.12,10.03,10.10,9.89,9.97,10.03,10.08,10.07,10.03,10.01,10.01,10.14,9.99,10.09,9.86,10.09,10.00,9.90,9.88,9.82,9.96,9.88,9.92,9.92,9.99,9.89,10.22,10.11,10.21,10.19,10.18,10.26,10.29,10.18,10.08,10.22,10.27,10.17,10.11,9.96,9.90,9.99,10.06,9.97,10.10,10.05,10.07,9.86,9.96,10.06,10.17,9.93,9.92,10.03,10.11,10.08,10.13,10.16,9.90,9.98,9.95,9.79,9.99,9.85,9.93,10.02,9.89,10.11,9.86,9.99,9.97,10.12,9.93,9.87,10.10,10.08,10.13,10.06,10.05,10.07,10.02,9.93,10.03,10.06,10.09,10.17,10.08,10.07,10.07,9.88,9.96,10.12,10.08,10.14,10.01,9.99,9.97,9.72,10.08,9.93,9.92,9.95,10.03,9.91,9.85,9.90,9.95,9.92,9.95,9.99,9.88,10.01,9.97,9.93,9.92,9.88,9.78,9.77,9.87,9.89,9.83,9.93,9.92,9.98,9.91,9.87,10.06,10.10,9.91,9.97,9.95,9.91,9.92,9.93,10.01,10.05,10.07,10.12,10.17,10.03,9.95
9.56,9.73,9.66,9.66,9.69,9.70,9.78,9.86,9.85,9.76,9.79,9.95,10.03,10.11,9.98,9.98,9.95,10.01,10.11,9.97,10.03,10.08,9.86,9.99,10.02,9.95,9.96,9.96,9.71,9.92,9.91,9.95,9.98,9.83,9.77,9.67,9.78,9.87,9.78,9.79,9.68,9.78,9.79,10.01,9.72,9.97,9.82,10.11,10.20,10.28,10.13,10.17,10.14,10.05,10.13,10.13,9.93,9.87,10.00,10.02,9.92,9.92,9.92,9.93,9.96,9.82,9.65,9.91,10.02,10.17,10.01,10.13,9.86,10.05,9.96,10.02,9.77,10.01,9.79,9.87,10.29,9.95,9.85,9.98,9.86,9.93,9.88,9.86,9.85,9.98,10.06,9.90,10.09,10.08,9.93,9.97,9.96,9.80,9.89,10.07,10.05,10.01,10.06,10.05,9.97,9.83,9.77,9.79,9.79,9.85,9.96,10.03,9.91,9.76,9.96,9.79,10.00,9.86,9.70,9.95,9.95,9.91,9.93,9.86,9.77,9.79,9.78,9.86,9.85,9.95,9.93,9.90,10.00,9.75,9.67,9.82,9.77,9.54,9.76,9.78,9.85,9.92,9.87,9.83,9.91,10.08,9.96,9.87,9.93,9.93,9.86,9.81,9.90,9.70,9.88,10.06,10.11,10.09,10.05,10.01
9.51,9.82,9.81,9.75,9.68,9.67,9.77,9.90,9.73,9.71,9.88,10.01,9.87,9.95,10.02,10.07,9.92,9.89,10.00,9.83,9.95,10.12,10.01,9.95,10.02,10.01,9.89,9.78,9.73,9.83,9.97,9.77,9.86,9.80,9.85,9.87,9.93,9.88,9.72,9.71,9.59,9.48,9.73,9.73,9.53,9.79,9.88,9.99,10.05,10.27,10.18,10.11,10.22,10.22,10.20,10.14,10.02,10.03,10.11,10.06,9.97,9.90,9.82,9.92,9.92,9.72,9.76,9.91,10.10,9.93,9.85,9.68,9.68,9.75,9.87,9.81,9.90,10.12,9.69,10.23,9.80,9.80,10.16,9.92,10.13,9.81,9.99,9.80,9.80,9.89,9.93,9.81,10.10,10.08,9.98,9.86,9.91,9.98,9.99,9.92,10.08,10.12,9.95,9.93,9.99,9.91,9.77,9.78,9.87,9.72,9.70,9.86,9.88,9.77,9.95,9.86,9.91,9.81,9.76,9.92,9.76,9.71,9.73,9.77,9.85,9.88,9.95,9.90,9.85,10.01,9.81,9.95,10.11,9.98,9.85,9.77,9.78,9.86,9.72,9.85,9.79,9.96,9.88,9.73,9.76,9.92,9.93,10.00,10.13,10.05,9.91,9.89,9.98,9.85,10.05,10.08,10.03,10.05,10.12,10.13
9.61,9.89,9.83,9.82,9.73,9.65,9.80,9.83,9.78,9.99,10.10,10.00,9.92,9.91,10.08,10.09,9.81,9.73,9.95,9.88,10.03,10.10,9.96,9.92,9.93,10.00,10.00,9.91,9.92,10.07,9.92,9.63,9.93,9.86,9.83,9.85,9.80,9.70,9.68,9.76,9.66,9.58,9.83,9.89,9.85,10.01,10.01,10.06,10.02,10.06,10.17,10.14,10.16,10.03,9.96,9.99,9.91,9.83,9.88,9.98,10.00,9.97,9.82,9.79,9.85,9.95,9.80,9.95,9.99,9.97,9.75,9.96,9.65,9.79,9.92,9.82,10.02,9.87,9.77,10.41,9.83,9.88,10.00,9.95,10.02,9.78,10.09,9.85,10.02,10.12,9.97,9.86,9.93,10.11,9.83,9.78,9.80,9.89,10.01,10.17,10.24,10.14,10.05,9.93,9.97,9.93,9.73,9.75,9.83,9.81,9.75,9.75,9.87,9.85,9.90,10.09,9.98,9.96,10.07,10.03,10.00,10.03,10.06,9.99,9.90,9.92,10.03,9.96,9.78,9.97,9.90,9.88,9.89,9.82,9.80,9.87,9.90,9.95,10.08,10.08,9.87,9.83,10.06,10.08,9.93,10.01,10.01,10.02,10.08,10.12,10.14,10.13,10.19,10.00,10.16,10.12,10.09,10.16,10.09,10.06
9.61,9.93,9.86,9.87,9.79,9.70,9.87,9.80,9.87,10.14,10.19,10.05,10.07,10.08,10.11,10.09,9.91,9.86,9.99,10.07,10.17,9.97,9.95,10.09,10.06,10.03,10.10,10.06,9.85,10.09,10.00,9.78,9.97,10.05,10.10,10.06,10.02,9.98,9.88,9.91,10.09,9.78,9.81,10.01,10.14,10.29,10.11,10.31,9.98,9.89,10.14,10.02,10.03,9.89,9.88,10.01,9.90,9.88,9.90,9.99,10.20,10.19,10.19,10.11,9.85,9.99,9.92,10.11,10.06,10.00,10.01,10.23,9.81,9.83,9.98,10.08,9.70,10.09,9.88,10.59,9.73,9.86,10.07,10.26,10.26,10.18,10.05,9.87,9.86,9.99,10.12,9.85,10.09,10.22,10.17,10.21,10.02,10.17,10.06,10.28,10.31,10.23,10.21,10.17,10.06,9.92,9.72,9.58,9.73,9.72,9.72,9.87,9.79,9.78,9.97,10.01,9.79,10.01,9.87,9.71,9.79,10.08,10.11,9.98,9.91,9.92,10.02,9.89,9.96,9.91,10.03,9.89,9.89,9.93,9.88,9.75,9.61,9.62,10.00,9.82,9.96,10.20,10.12,9.95,9.89,9.97,10.06,10.06,10.00,10.09,10.11,10.05,10.22,9.99,10.10,9.96,9.95,10.14,10.03,9.99
9.57,9.96,9.91,9.86,9.79,9.77,9.83,9.98,10.03,10.14,10.28,10.33,10.30,10.33,10.34,10.31,10.24,10.17,10.13,10.14,10.32,10.11,10.22,10.27,10.35,10.37,10.32,10.30,10.13,10.39,10.52,10.21,10.31,10.38,10.47,10.38,10.26,10.23,10.28,10.35,10.53,10.33,10.24,10.38,10.44,10.73,10.61,10.67,10.44,9.97,10.02,9.91,9.85,9.76,9.71,9.80,9.83,9.98,10.06,10.03,10.33,10.27,10.32,10.23,10.23,10.19,10.31,10.42,10.06,10.31,10.22,10.18,10.05,9.87,10.08,10.32,10.08,10.39,10.29,10.26,10.17,10.27,10.19,10.20,10.20,10.18,9.95,9.99,10.19,10.35,10.27,10.09,10.19,10.23,10.23,10.28,10.34,10.39,10.31,10.44,10.37,10.12,10.02,10.12,10.10,9.75,9.51,9.67,9.65,9.49,9.62,9.67,9.72,9.77,9.80,9.68,9.69,9.68,9.17,9.22,9.30,9.68,9.97,10.06,10.06,9.91,9.88,10.06,9.93,10.18,10.03,9.96,9.99,10.00,10.07,9.99,9.75,9.86,10.05,9.82,10.21,10.16,10.12,10.13,10.08,10.10,10.18,10.23,10.09,10.29,10.47,10.31,10.34,10.19,10.42,10.22,9.98,10.00,9.80,9.80
9.72,9.71,9.93,9.87,9.70,9.63,9.86,10.18,10.16,10.17,10.22,10.32,10.47,10.45,10.60,10.50,10.35,10.30,10.27,10.20,10.44,10.41,10.42,10.39,10.63,10.67,10.54,10.58,10.56,10.64,11.04,10.53,10.72,10.70,10.63,10.60,10.50,10.43,10.56,10.72,10.77,10.74,10.66,10.77,10.89,11.03,10.85,10.84,10.56,10.05,9.72,9.66,9.69,9.67,9.79,9.90,9.81,9.77,9.73,9.81,9.96,10.03,10.21,10.26,10.54,10.29,10.50,10.62,10.29,10.06,10.09,10.17,10.28,10.21,10.30,10.41,10.59,10.12,10.03,9.98,9.92,9.71,9.86,9.92,10.42,10.33,10.49,10.55,10.59,10.37,10.28,10.21,10.33,10.14,10.08,10.09,10.09,10.19,10.42,10.43,10.33,10.31,10.09,9.75,9.68,9.69,9.61,9.59,9.47,9.46,9.58,9.58,9.58,9.51,9.39,9.38,9.61,9.36,8.74,8.51,8.87,9.70,9.99,9.78,9.70,9.70,9.65,9.99,9.71,9.95,10.11,9.95,9.99,9.97,9.81,9.65,9.59,9.68,9.77,9.82,10.33,10.28,10.26,10.27,10.22,10.20,10.37,10.20,10.06,10.05,10.09,10.14,10.14,10.16,10.26,10.28,10.22,10.09,9.70,10.05
9.90,9.62,9.63,9.79,9.69,9.57,10.01,10.09,10.18,10.31,10.34,10.34,10.49,10.51,10.60,10.53,10.40,10.34,10.34,10.35,10.49,10.54,10.44,10.47,10.73,10.76,10.62,10.63,10.62,10.55,10.94,10.56,10.74,10.66,10.65,10.63,10.53,10.52,10.72,10.96,11.00,10.98,11.02,11.09,11.10,11.14,10.89,10.86,10.38,9.93,9.69,9.65,9.71,9.69,9.83,9.96,9.75,9.73,9.90,9.82,9.82,9.76,9.83,10.09,10.66,10.49,10.72,10.44,10.38,10.09,10.06,10.18,10.93,10.59,10.83,11.07,11.33,10.70,10.39,10.51,10.26,9.66,9.85,10.37,11.26,11.12,11.00,11.03,10.64,10.65,10.61,10.31,9.88,10.03,10.01,10.06,10.11,10.38,10.42,10.52,10.51,10.30,9.93,9.75,9.83,9.75,9.59,9.68,9.68,9.70,9.70,9.66,9.59,9.59,9.58,9.63,9.57,9.17,8.75,8.62,8.93,9.59,10.02,10.05,9.90,9.80,9.92,10.21,10.21,10.28,10.33,10.22,10.48,10.31,10.00,9.79,9.68,9.92,9.65,10.01,10.08,10.17,10.26,10.32,10.34,10.26,10.44,10.27,10.05,9.98,10.07,10.20,10.35,10.32,10.24,10.10,9.95,9.93,9.93,9.96
9.73,9.68,9.82,9.90,9.87,9.83,9.98,10.23,10.31,10.41,10.44,10.38,10.30,10.58,10.41,10.53,10.44,10.37,10.37,10.22,10.55,10.56,10.48,10.43,10.67,10.75,10.59,10.52,10.44,10.39,10.60,10.55,10.53,10.41,10.53,10.55,10.42,10.44,10.72,10.99,10.98,10.99,11.10,11.32,11.17,10.95,10.84,10.71,10.06,9.68,9.54,9.43,9.65,9.72,9.62,9.65,9.65,9.65,9.65,9.67,9.73,9.62,9.81,10.19,10.61,10.53,10.70,10.50,10.08,10.17,10.16,10.40,11.25,11.25,11.34,11.49,11.53,10.83,10.54,10.47,10.14,9.59,9.73,10.69,10.98,11.04,10.70,10.98,10.71,10.49,10.56,10.37,10.30,9.98,10.00,10.08,10.22,10.39,10.45,10.50,10.27,10.07,9.91,9.63,9.54,9.61,9.56,9.53,9.56,9.47,9.62,9.51,9.56,9.34,9.52,9.29,9.46,9.33,9.02,8.99,8.94,9.36,9.83,9.87,9.67,9.58,9.70,9.99,10.12,10.09,10.16,9.90,10.00,9.98,9.86,9.75,9.68,9.81,9.66,9.81,10.10,10.16,10.19,10.12,10.00,10.03,10.29,10.03,10.03,9.95,9.83,9.93,10.10,10.21,10.21,10.05,9.90,9.93,9.85,10.02
9.75,9.72,9.90,9.76,9.61,9.71,9.92,10.19,10.11,10.18,10.34,10.41,10.26,10.24,10.45,10.43,10.35,10.35,10.32,10.13,10.48,10.50,10.44,10.35,10.58,10.58,10.40,10.42,10.35,10.40,10.47,10.49,10.48,10.35,10.52,10.45,10.30,10.31,10.56,10.85,10.84,10.91,11.03,11.25,11.08,10.89,10.78,10.63,10.14,9.81,9.51,9.34,9.53,9.68,9.63,9.63,9.62,9.58,9.65,9.70,9.72,9.73,9.91,10.03,10.29,10.52,10.48,10.35,10.01,9.96,9.78,10.23,11.14,10.86,11.03,11.27,11.34,10.85,10.54,10.48,10.00,9.70,9.69,10.40,10.76,10.83,10.82,11.16,10.82,10.66,10.27,10.27,10.08,9.86,9.73,9.92,10.14,10.35,10.34,10.37,10.29,9.97,9.66,9.58,9.52,9.47,9.52,9.47,9.40,9.38,9.42,9.69,9.56,9.41,9.59,9.27,9.41,9.41,8.72,8.36,8.51,9.28,9.85,9.73,9.48,9.52,9.75,10.01,10.02,9.98,10.14,10.05,10.18,10.16,9.89,9.62,9.49,9.56,9.86,9.93,10.12,10.05,10.22,10.27,9.96,10.00,10.28,9.97,9.78,9.89,10.02,9.91,10.02,10.17,10.09,9.92,9.79,9.79,9.88,9.96
9.59,9.63,9.50,9.48,9.53,9.69,9.99,10.07,10.17,10.22,10.22,10.27,10.30,9.92,10.03,10.28,10.30,10.33,10.42,10.37,10.32,10.35,10.53,10.41,10.40,10.34,10.35,10.51,10.45,10.61,10.49,10.31,10.56,10.41,10.54,10.42,10.32,10.33,10.41,10.72,10.84,10.88,10.95,11.15,11.03,10.87,10.78,10.61,10.18,9.88,9.58,9.42,9.53,9.49,9.53,9.70,9.62,9.65,9.69,9.60,9.75,9.86,10.05,10.00,10.43,10.59,10.59,10.45,10.24,10.01,9.83,10.45,11.05,11.02,11.05,11.22,11.19,10.74,10.43,10.47,10.32,9.79,9.70,10.33,10.81,10.89,10.62,10.88,10.58,10.51,10.26,10.44,10.45,10.02,10.06,10.05,10.12,10.45,10.34,10.37,10.24,10.07,9.96,9.71,9.54,9.56,9.68,9.62,9.50,9.61,9.60,9.88,9.50,9.70,9.60,9.63,9.47,8.84,8.34,8.33,8.46,9.15,9.61,9.66,9.78,9.80,10.10,10.03,10.22,10.19,10.44,10.26,10.18,10.01,9.86,9.75,9.48,9.53,9.75,9.66,10.00,10.12,10.26,10.19,9.96,10.18,10.09,10.00,9.99,10.08,10.05,9.85,9.99,10.29,10.14,9.91,9.80,9.81,9.89,10.05
9.63,9.67,9.69,9.85,9.81,9.67,9.79,9.99,10.18,10.32,10.35,10.33,10.33,10.30,10.40,10.21,10.27,10.42,10.42,10.29,10.38,10.33,10.60,10.61,10.42,10.43,10.53,10.49,10.47,10.54,10.50,10.31,10.53,10.42,10.49,10.45,10.39,10.32,10.39,10.71,10.83,10.87,10.92,11.06,10.94,10.93,10.91,10.69,10.17,9.78,9.68,9.56,9.60,9.67,9.69,9.77,9.67,9.54,9.65,9.77,9.85,9.67,9.75,9.78,10.30,10.42,10.59,10.48,10.23,9.91,9.89,10.14,10.67,10.91,11.14,11.12,10.92,10.71,10.58,10.52,9.93,9.58,9.75,10.17,10.62,10.58,10.40,10.51,10.49,10.62,10.38,10.35,10.02,9.88,9.88,9.79,9.98,10.30,10.51,10.54,10.19,9.95,9.81,9.63,9.66,9.71,9.81,9.79,9.54,9.60,9.73,9.69,9.50,9.53,9.75,9.34,9.42,8.97,8.38,8.13,8.00,8.49,9.20,9.53,9.60,9.62,9.98,10.03,10.19,9.95,10.07,10.30,10.21,10.02,9.92,9.78,9.52,9.52,9.75,9.65,10.00,10.09,10.16,10.20,10.16,10.23,9.96,9.93,9.90,9.97,10.05,9.97,10.03,10.26,10.22,10.06,9.91,9.82,9.69,10.07
9.85,9.54,9.69,9.77,9.71,9.73,10.00,10.31,10.26,10.29,10.35,10.34,10.29,10.37,10.59,10.63,10.53,10.48,10.43,10.33,10.39,10.41,10.55,10.51,10.52,10.55,10.59,10.47,10.29,10.54,10.53,10.44,10.49,10.48,10.47,10.38,10.31,10.29,10.45,10.76,10.85,10.87,10.96,10.97,10.85,10.95,10.87,10.59,10.13,9.75,9.75,9.63,9.59,9.70,9.76,9.80,9.67,9.49,9.53,9.70,9.81,9.72,9.80,9.89,10.31,10.34,10.49,10.18,9.98,9.83,10.02,10.00,10.62,10.86,10.84,11.02,10.87,10.88,10.47,10.33,10.18,9.56,9.79,10.06,10.50,10.59,10.56,10.60,10.41,10.49,10.31,10.22,10.13,9.85,9.95,10.06,9.99,10.22,10.37,10.38,10.18,9.81,9.71,9.69,9.59,9.65,9.68,9.53,9.67,9.75,9.62,9.60,9.43,9.57,9.48,9.59,9.11,8.78,8.34,8.00,7.90,8.30,9.01,9.52,9.69,9.76,9.90,10.07,10.07,9.97,10.12,10.12,10.13,10.03,9.83,9.69,9.62,9.53,9.69,10.00,9.96,10.05,10.13,10.19,10.18,10.21,10.23,9.97,9.82,9.89,10.05,10.08,10.02,10.29,10.34,10.14,9.92,9.87,9.77,9.91
9.71,9.59,9.66,9.73,9.77,9.85,10.10,10.33,10.32,10.43,10.53,10.50,10.42,10.64,10.55,10.48,10.53,10.59,10.53,10.47,10.45,10.71,10.50,10.62,10.65,10.64,10.56,10.35,10.29,10.66,10.71,10.53,10.63,10.42,10.32,10.27,10.31,10.38,10.48,10.67,10.82,10.84,10.98,10.89,10.88,10.87,10.80,10.55,10.06,9.70,9.66,9.62,9.59,9.58,9.66,9.69,9.62,9.58,9.51,9.53,9.75,9.79,9.92,9.93,10.13,10.28,10.42,10.07,9.77,9.93,10.02,9.98,10.62,10.71,10.52,10.65,10.42,10.51,10.28,10.40,9.85,9.58,9.72,9.89,10.33,10.38,10.35,10.48,10.32,10.48,10.41,10.13,10.13,9.85,9.93,10.11,9.99,10.27,10.48,10.47,10.26,9.98,9.91,9.85,9.68,9.71,9.77,9.70,9.58,9.52,9.68,9.75,9.51,9.59,9.48,9.72,9.38,8.72,8.17,7.99,8.03,8.25,8.91,9.50,9.50,9.59,9.86,9.97,9.95,10.11,10.12,10.05,10.11,10.14,10.06,9.90,9.62,9.51,9.61,10.07,10.12,10.05,10.09,10.18,10.09,10.07,10.26,10.00,9.89,9.95,10.03,10.07,9.98,10.31,10.42,10.28,10.06,9.99,10.01,10.00
9.67,9.62,9.73,9.71,9.76,9.87,10.01,10.38,10.35,10.60,10.67,10.65,10.74,10.83,10.72,10.59,10.54,10.59,10.65,10.66,10.84,10.62,10.59,10.58,10.63,10.62,10.47,10.30,10.37,10.59,10.61,10.47,10.47,10.47,10.32,10.23,10.30,10.35,10.40,10.58,10.73,10.82,10.88,10.85,11.03,10.84,10.81,10.73,10.14,9.85,9.63,9.54,9.53,9.57,9.68,9.69,9.63,9.72,9.71,9.54,9.71,9.86,9.89,9.83,10.14,10.30,10.44,10.20,9.97,9.99,10.09,10.05,10.58,10.56,10.53,10.54,10.28,10.32,10.26,10.38,9.91,9.78,9.95,10.02,10.30,10.30,10.30,10.40,10.32,10.28,10.22,10.05,10.07,9.93,9.92,9.92,9.91,10.24,10.52,10.33,10.16,9.97,9.73,9.61,9.53,9.56,9.53,9.56,9.62,9.41,9.57,9.69,9.62,9.59,9.51,9.62,9.33,8.66,8.20,8.00,8.12,8.40,8.91,9.47,9.56,9.61,9.86,9.99,10.10,10.22,10.14,10.00,10.06,10.03,9.96,10.02,9.86,9.77,9.82,10.03,10.19,10.13,10.12,10.18,10.00,9.93,10.06,10.03,9.99,9.95,9.92,10.00,9.89,10.14,10.34,10.32,10.14,10.01,10.02,10.19
9.66,9.58,9.51,9.67,9.81,9.90,10.02,10.50,10.49,10.58,10.54,10.51,10.64,10.59,10.58,10.66,10.59,10.56,10.56,10.55,10.83,10.65,10.53,10.55,10.73,10.67,10.63,10.67,10.53,10.49,10.52,10.47,10.49,10.45,10.39,10.21,10.28,10.33,10.33,10.58,10.70,10.88,10.85,10.83,10.87,10.77,10.73,10.70,10.19,9.91,9.72,9.56,9.47,9.46,9.60,9.71,9.67,9.76,9.81,9.65,9.78,9.95,9.88,9.91,10.10,10.34,10.24,10.08,9.97,9.82,9.89,9.83,10.50,10.43,10.47,10.24,10.19,10.08,10.16,10.14,9.96,9.91,9.92,10.10,10.28,10.14,10.19,10.31,10.17,10.07,10.28,10.17,10.02,9.91,9.83,10.01,9.86,10.03,10.19,10.11,10.13,9.95,9.70,9.50,9.41,9.59,9.54,9.60,9.69,9.34,9.43,9.66,9.50,9.57,9.54,9.72,9.12,8.54,8.21,8.10,7.99,8.16,8.75,9.38,9.73,9.75,10.00,10.07,10.28,10.19,10.12,9.98,9.96,10.00,9.96,9.95,9.95,9.88,10.03,10.09,10.18,10.20,10.17,10.08,9.86,9.96,10.01,9.98,9.91,9.81,9.79,9.89,9.69,9.91,10.14,10.14,9.97,9.86,9.86,10.06
9.63,9.63,9.47,9.70,9.76,9.78,10.07,10.44,10.52,10.61,10.59,10.52,10.47,10.45,10.47,10.49,10.63,10.73,10.61,10.35,10.40,10.19,10.63,10.51,10.55,10.49,10.40,10.33,10.27,10.38,10.26,10.45,10.47,10.37,10.47,10.40,10.47,10.45,10.44,10.59,10.51,10.70,10.86,10.75,10.61,10.74,10.67,10.53,10.20,9.88,9.72,9.63,9.47,9.24,9.41,9.69,9.67,9.68,9.70,9.70,9.83,9.79,9.76,9.85,10.00,10.16,10.26,9.88,9.86,9.67,9.61,9.78,10.48,10.42,10.53,10.55,10.33,10.03,10.26,10.09,9.98,10.10,10.00,10.24,10.16,10.19,10.31,10.41,10.30,10.21,10.27,10.23,10.17,9.89,9.61,9.95,9.85,9.80,9.91,9.99,10.02,9.85,9.77,9.73,9.59,9.69,9.63,9.59,9.66,9.54,9.56,9.48,9.59,9.56,9.40,9.69,9.19,8.67,8.34,8.14,8.03,8.15,8.69,9.30,9.54,9.71,9.93,10.19,10.21,10.13,10.05,10.01,10.05,10.11,10.08,9.88,10.00,9.90,10.12,10.14,10.12,10.07,10.09,10.12,9.83,10.01,10.01,9.89,9.72,9.65,9.68,9.72,9.59,9.78,9.91,9.95,9.98,9.81,9.76,9.81
9.69,9.75,9.69,9.76,9.66,9.68,10.03,10.38,10.51,10.58,10.52,10.40,10.33,10.50,10.21,10.31,10.40,10.50,10.50,10.33,10.37,10.20,10.58,10.39,10.12,10.14,10.26,10.38,10.48,10.17,9.97,10.13,10.19,10.20,10.35,10.32,10.18,10.14,10.39,10.69,10.64,10.80,10.75,10.64,10.75,10.69,10.71,10.49,10.21,9.89,9.68,9.71,9.59,9.44,9.57,9.75,9.72,9.68,9.72,9.72,9.70,9.69,9.77,9.57,9.52,9.58,9.73,9.44,9.70,9.60,9.49,9.56,10.44,10.30,10.38,10.61,10.30,10.10,10.28,10.13,10.20,10.06,10.07,10.06,10.23,10.21,10.16,10.19,10.20,10.26,10.28,10.28,10.19,9.77,9.59,9.59,9.49,9.62,9.59,9.50,9.59,9.70,9.82,9.73,9.68,9.69,9.60,9.73,9.75,9.70,9.66,9.71,9.65,9.61,9.43,9.58,9.23,8.57,8.25,8.03,8.03,8.22,8.60,9.12,9.37,9.52,9.86,10.17,10.14,10.14,10.03,9.96,10.10,10.21,10.06,9.92,10.03,9.86,9.95,10.12,10.07,9.89,9.96,10.24,10.06,10.02,9.97,9.85,9.71,9.62,9.61,9.66,9.62,9.75,9.73,9.70,9.78,9.61,9.78,9.65
9.69,9.71,9.68,9.71,9.65,9.67,9.96,10.34,10.43,10.51,10.43,10.32,10.34,10.61,10.24,10.13,10.10,10.22,10.21,10.03,10.17,10.17,10.10,10.16,10.02,10.00,10.01,10.01,10.01,9.96,9.96,9.83,9.97,9.95,10.07,9.89,9.90,10.10,10.52,10.82,10.56,10.55,10.70,10.65,10.70,10.62,10.67,10.35,10.09,9.83,9.73,9.82,9.70,9.63,9.68,9.62,9.65,9.72,9.70,9.69,9.56,9.63,9.58,9.32,9.27,9.38,9.49,9.44,9.65,9.78,9.58,9.68,10.24,10.24,10.35,10.69,10.31,10.06,10.27,10.07,10.19,10.12,10.06,10.12,10.35,10.26,10.14,10.29,10.32,10.14,10.31,10.20,10.05,9.66,9.56,9.52,9.41,9.31,9.30,9.34,9.40,9.60,9.77,9.67,9.60,9.62,9.60,9.60,9.69,9.63,9.76,9.87,9.61,9.80,9.60,9.56,8.84,8.30,8.16,7.94,8.00,8.27,8.51,9.09,9.38,9.46,9.87,10.22,10.12,10.12,10.05,9.95,10.02,10.12,9.99,9.95,9.97,9.71,9.72,10.06,10.10,10.01,10.01,10.16,10.19,10.08,10.02,9.87,9.72,9.70,9.73,9.60,9.48,9.61,9.54,9.42,9.60,9.53,9.51,9.53
9.46,9.73,9.52,9.68,9.65,9.62,9.81,10.19,10.20,10.28,10.29,10.28,10.31,10.39,10.19,10.00,9.91,10.02,10.10,10.06,10.11,10.14,10.11,10.11,10.10,10.07,9.99,9.85,9.77,9.89,9.87,9.73,9.99,9.83,10.05,9.88,9.95,10.33,10.62,10.69,10.63,10.58,10.72,10.53,10.59,10.55,10.63,10.39,10.12,9.88,9.77,9.75,9.62,9.52,9.58,9.58,9.69,9.82,9.72,9.82,9.81,9.85,9.78,9.40,9.42,9.48,9.39,9.49,9.39,9.70,9.72,9.68,10.12,10.39,10.50,10.45,10.34,10.06,10.28,10.19,10.09,10.03,9.93,10.01,10.27,10.17,10.20,10.35,10.42,10.27,10.20,10.17,10.11,9.91,9.82,9.72,9.63,9.54,9.44,9.36,9.38,9.65,9.85,9.71,9.57,9.44,9.44,9.53,9.37,9.34,9.50,9.76,9.43,9.53,9.44,9.36,8.76,8.33,8.12,8.04,8.17,8.33,8.57,9.24,9.43,9.48,9.81,10.19,10.02,10.06,10.02,10.06,10.08,10.06,10.07,9.92,9.75,9.81,9.76,10.03,10.19,10.18,10.19,10.31,10.28,10.06,10.08,10.05,9.92,9.81,9.81,9.76,9.75,9.87,9.80,9.65,9.62,9.58,9.61,9.58
9.66,9.63,9.70,9.79,9.78,9.66,9.65,9.96,9.70,9.75,9.82,9.90,9.98,9.93,9.86,9.88,9.95,10.14,10.23,10.07,10.02,10.27,10.44,10.20,10.14,10.13,10.14,10.14,10.11,10.19,10.22,10.06,10.42,10.16,10.27,10.14,10.32,10.50,10.52,10.53,10.52,10.48,10.44,10.43,10.54,10.74,10.76,10.50,10.11,9.85,9.72,9.59,9.65,9.61,9.63,9.73,9.83,9.89,9.83,9.96,10.08,10.13,10.11,9.73,9.82,9.77,9.57,9.75,9.60,9.83,9.98,9.88,10.19,10.41,10.56,10.31,10.27,10.22,10.26,10.28,10.05,10.00,9.86,9.98,10.20,10.29,10.27,10.35,10.40,10.40,10.29,10.29,10.02,9.83,9.89,9.90,9.96,9.75,9.39,9.29,9.34,9.47,9.58,9.40,9.31,9.37,9.29,9.38,9.37,9.38,9.41,9.50,9.44,9.30,9.27,9.23,8.87,8.38,8.10,8.15,8.23,8.28,8.69,9.38,9.60,9.52,9.83,10.01,9.95,9.98,9.98,10.08,10.13,10.14,10.26,10.06,9.56,9.93,9.75,9.98,10.21,10.19,10.19,10.31,10.29,9.95,10.09,10.11,10.02,10.02,9.90,10.21,9.98,10.17,10.37,10.30,10.03,9.78,9.85,9.81
9.73,9.86,9.71,9.66,9.62,9.66,9.66,9.49,9.15,9.06,9.14,9.29,9.37,9.37,9.42,9.47,9.63,9.92,10.14,10.22,10.20,10.35,10.55,10.40,10.22,10.31,10.43,10.41,10.37,10.45,10.38,10.59,10.60,10.34,10.38,10.20,10.14,10.20,10.37,10.53,10.50,10.42,10.44,10.53,10.35,10.66,10.67,10.54,10.12,9.96,9.83,9.76,9.70,9.63,9.68,9.72,9.72,9.72,9.78,9.91,10.06,10.17,10.07,9.78,9.95,9.81,9.73,9.90,9.96,10.03,10.00,10.03,10.13,10.40,10.50,10.26,10.29,10.31,10.35,10.37,10.00,9.97,9.85,10.05,10.40,10.42,10.39,10.42,10.24,10.20,10.19,10.33,10.07,9.86,9.91,9.97,9.97,9.77,9.48,9.50,9.66,9.68,9.63,9.53,9.39,9.49,9.63,9.67,9.66,9.52,9.78,9.77,9.83,9.61,9.49,9.37,8.77,8.32,8.16,8.20,8.20,8.27,8.75,9.43,9.85,9.66,9.91,9.93,10.00,10.09,10.06,10.00,10.02,10.08,10.11,10.10,9.82,9.78,9.76,9.93,10.09,10.09,10.07,10.20,10.18,10.05,10.05,10.06,10.00,10.05,10.17,10.33,10.19,10.30,10.40,10.32,10.33,10.16,10.05,10.10
9.71,9.58,9.52,9.77,9.66,9.46,9.36,9.25,8.87,8.58,8.72,8.84,8.81,8.75,8.92,8.82,9.03,9.49,10.01,10.37,10.41,10.42,10.50,10.51,10.38,10.44,10.54,10.50,10.47,10.58,10.40,10.61,10.61,10.27,10.35,10.42,10.32,10.23,10.32,10.37,10.21,10.22,10.37,10.54,10.48,10.58,10.47,10.63,10.26,9.90,9.76,9.77,9.62,9.50,9.56,9.67,9.66,9.61,9.63,9.76,9.83,9.88,9.81,9.56,9.68,9.61,9.66,9.78,9.96,10.07,10.05,9.91,10.23,10.38,10.40,10.35,10.27,10.31,10.30,10.20,9.89,9.77,9.63,10.10,10.39,10.39,10.31,10.39,10.26,10.22,10.20,10.27,10.05,9.90,10.01,9.95,9.78,9.79,9.60,9.47,9.69,9.70,9.60,9.59,9.42,9.51,9.67,9.85,9.67,9.67,9.81,9.81,9.80,9.57,9.53,9.25,8.55,8.28,8.21,8.16,8.20,8.33,8.74,9.39,9.83,9.85,9.99,9.97,10.07,10.29,10.29,10.08,10.07,10.19,9.86,9.89,9.49,9.72,9.76,9.99,10.27,10.30,10.18,10.26,10.24,10.24,10.03,10.19,10.32,10.03,10.23,10.54,10.47,10.39,10.42,10.52,10.48,10.45,10.33,10.34
9.77,9.80,9.67,9.90,9.73,9.41,9.09,8.80,8.33,8.28,8.48,8.59,8.49,8.34,8.39,8.55,8.78,9.37,9.95,10.30,10.43,10.58,10.47,10.39,10.23,10.34,10.37,10.33,10.35,10.30,10.34,10.50,10.51,10.35,10.50,10.50,10.28,10.23,10.33,10.31,10.38,10.62,10.48,10.24,10.34,10.51,10.67,10.53,10.08,9.79,9.87,9.60,9.52,9.37,9.34,9.49,9.52,9.49,9.43,9.51,9.54,9.54,9.57,9.49,9.46,9.54,9.59,9.69,9.86,10.03,9.95,9.85,10.31,10.31,10.35,10.37,10.26,10.28,10.17,10.03,9.92,9.75,9.51,9.97,10.21,10.33,10.22,10.27,10.20,10.11,10.06,10.08,9.92,9.77,9.88,9.90,9.89,9.87,9.68,9.53,9.59,9.60,9.60,9.59,9.34,9.49,9.51,9.72,9.62,9.59,9.62,9.79,9.59,9.38,9.47,9.10,8.52,8.28,8.19,8.19,8.25,8.32,8.69,9.20,9.59,9.80,9.88,10.08,10.03,10.22,10.26,10.10,10.11,10.21,10.08,10.02,9.82,9.60,9.73,9.92,10.11,10.23,10.20,9.97,10.08,9.87,9.98,10.10,10.10,10.09,10.13,10.31,10.30,10.28,10.39,10.63,10.64,10.44,10.37,10.45
9.86,9.81,9.72,9.75,9.50,9.08,8.73,8.60,8.27,8.19,8.32,8.25,8.12,8.12,8.40,8.85,9.03,9.47,9.95,10.28,10.51,10.65,10.59,10.51,10.35,10.35,10.35,10.34,10.33,10.29,10.27,10.39,10.24,10.32,10.63,10.41,10.22,10.22,10.29,10.28,10.31,10.52,10.48,10.45,10.61,10.47,10.61,10.39,9.80,9.61,9.68,9.51,9.53,9.40,9.42,9.54,9.48,9.37,9.34,9.39,9.48,9.48,9.41,9.49,9.42,9.54,9.51,9.71,9.91,10.01,9.95,9.99,10.26,10.37,10.48,10.39,10.27,10.14,10.11,10.07,9.91,9.80,9.59,9.79,10.11,10.19,10.33,10.06,9.86,9.66,9.52,9.51,9.51,9.32,9.43,9.67,9.79,9.81,9.63,9.47,9.50,9.63,9.69,9.67,9.46,9.54,9.39,9.56,9.52,9.37,9.38,9.77,9.65,9.46,9.43,9.20,8.69,8.37,8.24,8.36,8.55,8.54,8.77,9.22,9.57,9.62,9.69,10.00,10.06,10.14,10.26,10.24,10.21,10.19,9.90,9.85,9.77,9.62,9.70,9.70,9.73,9.89,10.02,10.01,10.12,10.16,10.16,10.10,10.05,10.14,10.21,10.26,10.26,10.34,10.49,10.61,10.71,10.44,10.43,10.48
9.85,9.77,9.91,9.60,9.60,9.40,9.19,8.99,8.28,8.36,8.43,8.31,8.33,8.58,8.83,9.00,9.44,9.82,10.17,10.49,10.66,10.62,10.71,10.64,10.51,10.48,10.44,10.39,10.39,10.41,10.33,10.22,10.06,10.34,10.43,10.30,10.34,10.45,10.34,10.26,10.43,10.52,10.50,10.44,10.62,10.64,10.69,10.29,9.73,9.41,9.27,9.42,9.51,9.52,9.54,9.56,9.53,9.49,9.40,9.38,9.46,9.41,9.20,9.37,9.40,9.54,9.49,9.80,10.03,10.07,9.98,9.99,10.23,10.39,10.49,10.43,10.34,10.17,10.16,10.22,9.99,9.89,9.69,10.01,10.16,10.26,10.31,9.86,9.38,9.14,8.95,8.92,8.94,8.80,9.01,9.37,9.68,9.85,9.68,9.39,9.38,9.52,9.58,9.61,9.50,9.53,9.39,9.53,9.30,9.33,9.19,9.62,9.62,9.46,9.29,9.19,8.91,8.68,8.56,8.59,8.82,8.80,8.93,9.40,9.72,9.69,9.86,10.07,10.10,9.97,10.05,10.14,9.99,10.00,9.80,9.60,9.37,9.30,9.20,9.11,9.15,9.41,9.80,10.01,10.10,9.90,9.97,10.14,10.14,10.01,10.08,10.03,10.05,10.23,10.45,10.45,10.62,10.48,10.44,10.49
9.79,9.70,9.86,9.60,9.60,9.42,9.40,9.44,8.84,8.65,8.62,8.64,8.71,8.91,9.32,9.72,9.82,10.01,10.30,10.54,10.61,10.61,10.63,10.48,10.49,10.55,10.38,10.31,10.42,10.52,10.54,10.29,10.24,10.19,10.21,10.27,10.38,10.29,10.29,10.44,10.55,10.67,10.56,10.48,10.78,10.64,10.67,10.38,9.81,9.67,9.56,9.69,9.60,9.57,9.59,9.65,9.70,9.67,9.57,9.52,9.47,9.44,9.28,9.37,9.32,9.58,9.65,9.86,10.09,9.98,9.87,9.88,10.26,10.40,10.32,10.48,10.51,10.18,10.23,10.21,9.91,9.86,9.78,10.13,10.24,10.41,10.23,9.79,9.13,8.76,8.59,8.51,8.41,8.45,8.87,9.41,9.82,10.01,9.80,9.52,9.49,9.59,9.65,9.73,9.59,9.60,9.63,9.67,9.33,9.37,9.38,9.73,9.62,9.44,9.39,9.28,9.20,9.21,9.05,8.93,9.06,9.17,9.36,9.89,9.68,9.68,9.89,10.05,10.05,10.16,10.22,10.09,9.95,9.99,10.00,9.73,9.28,9.19,9.09,9.01,9.00,9.03,9.36,9.92,9.86,9.85,9.98,10.13,10.10,9.90,10.05,9.99,10.02,10.18,10.35,10.33,10.61,10.50,10.38,10.43
9.73,9.75,9.88,9.73,9.60,9.53,9.53,9.54,9.59,9.33,9.21,9.32,9.36,9.43,9.87,10.08,10.09,10.27,10.48,10.56,10.58,10.61,10.61,10.63,10.56,10.53,10.28,10.31,10.48,10.51,10.55,10.30,10.39,10.20,10.13,10.21,10.27,10.19,10.23,10.33,10.45,10.73,10.82,10.65,10.73,10.64,10.78,10.50,10.03,9.88,9.60,9.54,9.72,9.52,9.53,9.60,9.59,9.57,9.57,9.61,9.52,9.42,9.30,9.42,9.44,9.59,9.70,9.81,9.99,9.86,9.92,9.89,10.27,10.38,10.40,10.56,10.47,10.11,10.23,10.13,9.91,9.79,9.83,9.90,10.20,10.41,10.23,9.77,9.13,8.57,8.42,8.29,8.20,8.32,8.84,9.47,9.89,9.98,9.75,9.62,9.61,9.72,9.71,9.86,9.63,9.62,9.60,9.58,9.33,9.27,9.38,9.59,9.52,9.34,9.39,9.47,9.49,9.46,9.37,9.29,9.34,9.34,9.48,9.80,9.85,9.66,9.99,9.95,10.00,10.17,10.12,9.97,9.99,10.12,9.83,9.52,9.29,9.17,9.04,9.04,9.08,9.05,9.19,9.73,9.79,9.85,10.01,10.11,9.90,9.72,9.95,10.09,10.17,10.26,10.35,10.39,10.69,10.60,10.49,10.47
9.81,9.87,9.98,9.93,9.85,9.78,9.75,9.75,9.79,9.63,9.60,9.73,9.79,9.78,9.85,10.11,10.12,10.07,10.16,10.43,10.66,10.61,10.85,10.75,10.53,10.42,10.26,10.33,10.37,10.30,10.35,10.20,10.35,10.31,10.13,10.18,10.10,10.19,10.16,10.17,10.42,10.60,10.63,10.62,10.43,10.42,10.75,10.33,9.71,9.52,9.47,9.37,9.42,9.56,9.61,9.58,9.57,9.50,9.51,9.58,9.47,9.42,9.30,9.23,9.39,9.51,9.56,9.80,9.75,9.87,9.77,9.91,10.22,10.22,10.60,10.47,10.27,10.09,10.18,10.14,10.18,9.78,9.72,9.82,10.07,10.30,10.23,9.66,9.11,8.63,8.57,8.43,8.36,8.51,8.87,9.28,9.66,9.86,9.69,9.63,9.60,9.62,9.62,9.66,9.54,9.40,9.10,9.20,8.94,8.90,8.93,9.15,9.11,9.21,9.19,9.33,9.42,9.40,9.38,9.38,9.39,9.20,9.15,9.34,9.31,9.33,9.67,9.65,9.58,9.73,9.88,9.90,9.93,9.68,9.63,9.38,9.18,9.06,8.90,8.90,8.99,8.91,9.21,9.58,9.69,9.62,9.72,9.89,9.65,9.63,9.83,10.09,10.24,10.30,10.39,10.47,10.63,10.65,10.59,10.49
9.89,9.92,10.02,9.98,9.89,9.93,9.97,9.90,9.77,9.75,9.77,9.83,9.86,9.91,9.98,9.79,10.05,10.13,10.09,10.26,10.43,10.35,10.72,10.59,10.41,10.37,10.18,10.03,9.96,9.99,10.09,10.09,10.29,10.22,10.05,10.06,9.99,10.10,10.06,10.13,10.30,10.34,10.39,10.50,10.33,10.43,10.43,10.16,9.75,9.59,9.57,9.49,9.47,9.65,9.68,9.56,9.57,9.58,9.65,9.67,9.44,9.47,9.47,9.48,9.32,9.23,9.42,9.66,9.77,9.90,9.72,9.69,10.20,10.23,10.40,10.22,10.06,9.96,10.06,10.11,10.11,9.59,9.56,9.80,9.86,10.07,10.09,9.43,8.97,8.64,8.69,8.63,8.56,8.75,8.97,9.15,9.48,9.86,9.85,9.57,9.54,9.76,9.80,9.57,9.69,9.42,8.86,8.78,8.78,8.80,8.68,9.08,9.11,9.08,8.96,9.12,9.25,9.24,9.25,9.29,9.43,9.21,9.15,9.18,9.19,9.05,9.27,9.46,9.29,9.23,9.40,9.48,9.68,9.49,9.34,9.13,8.78,8.85,8.77,8.71,8.83,8.80,9.46,9.54,9.56,9.41,9.36,9.42,9.31,9.66,9.88,10.11,10.31,10.40,10.31,10.40,10.45,10.48,10.41,10.26
9.71,9.88,10.06,9.81,9.70,9.88,9.96,9.89,9.82,9.91,9.99,10.00,9.98,10.05,10.12,9.93,9.85,9.97,9.83,9.81,10.08,10.39,10.40,10.39,10.29,9.97,9.71,9.58,9.48,9.39,9.46,9.72,9.89,9.86,9.82,9.87,9.90,9.91,9.87,9.95,10.06,10.11,10.09,9.95,9.99,10.03,10.19,10.09,9.70,9.68,9.54,9.46,9.42,9.51,9.52,9.53,9.63,9.61,9.61,9.53,9.29,9.33,9.34,9.31,9.18,9.10,9.06,9.38,9.65,9.77,9.82,9.48,9.80,9.86,9.88,9.75,9.69,9.62,9.76,9.86,9.76,9.46,9.49,9.59,9.59,9.80,9.72,9.24,8.84,8.63,8.71,8.66,8.59,8.75,8.99,9.24,9.58,9.87,9.82,9.44,9.23,9.38,9.42,9.17,9.20,9.25,8.67,8.56,8.67,8.83,8.66,9.02,8.95,8.96,9.02,9.11,9.10,8.92,8.87,9.12,9.29,9.11,9.11,9.32,9.12,8.82,8.91,9.12,9.06,8.97,9.08,9.13,9.23,9.40,9.13,8.92,8.67,8.71,8.64,8.56,8.73,8.67,9.17,9.18,9.29,9.24,9.17,9.17,8.99,9.57,9.85,10.02,10.13,10.18,10.22,10.14,10.28,10.38,10.38,10.30
9.71,9.91,10.02,9.82,9.66,9.69,9.75,9.80,9.85,10.02,10.08,10.10,10.07,10.02,9.98,9.86,9.81,9.77,9.73,9.72,9.80,10.01,10.23,10.26,10.01,9.61,9.02,8.78,8.68,8.56,8.60,8.93,9.19,9.39,9.57,9.61,9.68,9.63,9.58,9.59,9.61,9.54,9.37,9.29,9.51,9.47,9.69,9.58,9.31,9.36,9.19,9.38,9.27,9.32,9.56,9.56,9.51,9.66,9.69,9.60,9.44,9.30,9.32,9.25,9.12,9.18,9.03,9.54,9.47,9.56,9.56,9.31,9.30,9.29,9.42,9.18,9.28,9.22,9.21,9.23,9.31,9.42,9.40,9.30,9.27,9.52,9.34,9.12,8.94,8.80,8.82,8.78,8.63,8.69,9.03,9.36,9.68,9.92,9.76,9.44,9.06,8.83,8.93,8.80,8.74,9.13,8.66,8.75,8.64,9.15,8.96,9.02,9.15,9.10,9.08,9.27,9.44,9.47,9.36,9.19,9.36,9.36,9.02,8.88,8.80,8.69,8.77,8.94,9.04,9.04,9.12,9.17,9.02,8.94,8.90,8.65,8.55,8.54,8.51,8.52,8.60,8.46,8.78,8.71,8.90,8.96,8.97,9.19,9.13,9.51,9.97,10.06,10.05,10.21,10.19,10.47,10.56,10.43,10.26,10.17
9.69,9.79,9.66,9.66,9.50,9.46,9.58,9.67,9.69,10.03,9.97,10.08,9.90,9.66,9.60,9.80,9.69,9.70,9.66,9.62,9.65,9.75,9.87,9.77,9.27,8.74,8.46,8.27,8.29,8.25,8.14,8.31,8.71,9.12,9.36,9.37,9.42,9.43,9.40,9.36,9.22,9.13,9.11,9.06,9.18,9.12,9.36,9.22,9.30,9.24,9.38,9.32,9.17,9.19,9.33,9.40,9.51,9.62,9.59,9.54,9.50,9.42,9.32,9.30,9.52,9.48,9.40,9.72,9.70,9.69,9.32,9.05,8.99,9.01,9.05,8.86,8.99,9.09,8.81,8.90,9.04,9.21,9.09,9.01,9.12,9.14,9.08,8.91,8.81,8.75,8.69,8.68,8.74,8.71,8.90,9.39,9.80,10.18,9.99,9.58,9.23,8.91,9.02,8.86,8.58,8.99,8.85,8.84,8.65,8.81,8.77,9.05,8.96,8.72,8.74,8.92,9.03,9.06,9.19,9.24,9.30,9.46,9.20,9.27,9.23,9.21,8.92,8.87,9.06,9.17,9.20,9.24,9.10,8.77,8.60,8.51,8.40,8.41,8.50,8.57,8.49,8.36,8.84,8.72,8.71,8.77,8.85,9.04,8.92,9.22,9.59,9.73,9.78,9.92,10.00,9.97,9.96,9.97,10.06,10.16
9.53,9.63,9.65,9.39,9.40,9.31,9.58,9.61,9.60,10.00,9.88,9.85,9.59,9.36,9.29,9.36,9.28,9.39,9.44,9.48,9.46,9.48,9.61,9.59,9.11,8.73,8.43,8.50,8.49,8.34,8.38,8.65,8.80,9.12,9.27,9.44,9.32,9.30,9.29,9.19,9.01,9.02,9.11,9.03,9.00,8.93,9.25,9.18,9.33,9.33,9.31,9.34,9.27,9.24,9.37,9.31,9.38,9.47,9.50,9.48,9.44,9.42,9.27,9.34,9.41,9.44,9.47,9.68,9.67,9.53,9.10,8.87,8.81,8.92,9.15,9.02,9.00,9.01,8.82,8.91,8.88,8.94,9.04,9.05,9.08,9.05,9.01,8.82,8.76,8.77,8.64,8.51,8.56,8.73,8.84,9.15,9.77,10.19,10.12,9.42,9.39,9.22,9.02,8.87,8.92,9.21,9.03,8.82,8.58,8.86,8.95,9.28,9.15,8.90,9.10,9.39,9.49,9.46,9.25,9.36,9.36,9.40,9.33,9.46,9.24,9.31,9.24,9.10,9.09,9.20,9.34,9.18,9.18,8.94,8.68,8.52,8.41,8.42,8.57,8.58,8.50,8.55,8.74,8.65,8.75,8.85,8.85,9.08,9.31,9.51,9.66,9.75,9.73,9.66,9.78,9.80,9.71,9.72,9.88,9.93
9.33,9.31,9.36,9.54,9.32,9.31,9.47,9.71,9.87,9.87,9.73,9.39,9.34,9.29,9.11,8.92,8.96,9.15,9.23,9.31,9.33,9.28,9.17,8.94,8.64,8.39,8.31,8.29,8.27,8.36,8.55,8.73,8.91,9.11,9.27,9.69,9.19,9.14,9.21,9.05,8.96,9.08,9.13,9.09,9.14,9.01,9.18,9.13,9.38,9.39,9.30,9.33,9.30,9.33,9.24,9.37,9.42,9.36,9.36,9.37,9.42,9.42,9.33,9.50,9.48,9.71,9.21,9.53,9.49,9.50,9.22,9.10,8.85,8.87,9.06,8.94,8.90,9.33,8.94,9.01,9.28,9.33,9.39,9.31,9.34,9.40,9.30,9.01,8.84,8.78,8.75,8.78,8.75,8.86,9.08,9.34,9.90,9.96,9.96,9.56,9.48,9.42,9.28,8.91,8.80,9.36,9.05,8.95,9.19,8.99,9.21,9.41,9.18,9.02,9.32,9.61,9.56,9.43,9.37,9.46,9.40,9.19,9.51,9.54,9.50,9.47,9.43,9.38,9.25,9.23,9.44,9.08,9.00,9.10,8.94,8.64,8.54,8.58,8.58,8.67,8.63,8.56,8.83,8.62,8.50,8.60,8.69,9.02,9.21,9.51,9.60,9.44,9.33,9.65,9.73,9.51,9.43,9.49,9.57,9.49
9.33,9.27,9.22,9.29,9.23,9.08,9.14,9.28,9.44,9.57,9.27,9.15,9.18,9.20,9.09,8.91,8.94,9.02,8.94,9.10,9.20,9.10,8.95,8.86,8.86,8.92,8.62,8.94,9.21,9.18,9.02,9.06,9.29,9.15,9.01,8.99,9.05,9.27,9.30,9.17,9.10,9.15,9.14,9.10,9.21,9.03,9.14,9.38,9.24,9.62,9.34,9.40,9.34,9.33,9.28,9.39,9.53,9.41,9.33,9.39,9.48,9.50,9.36,9.22,9.23,9.39,9.24,9.53,9.78,9.52,9.29,9.04,9.31,9.24,9.04,9.23,9.19,9.53,9.29,9.22,9.29,9.29,9.47,9.53,9.56,9.54,9.43,9.21,9.09,8.91,8.96,9.02,8.95,9.00,9.04,9.30,9.72,9.76,9.85,9.76,9.54,9.42,9.34,8.90,8.59,8.81,8.87,8.87,9.08,8.84,8.99,8.82,8.73,8.96,9.30,9.69,9.83,9.57,9.57,9.47,9.20,9.18,9.39,9.37,9.49,9.54,9.44,9.42,9.34,9.13,9.31,9.12,8.88,9.03,9.02,8.81,8.77,8.80,8.73,8.95,8.87,8.73,8.95,8.81,8.60,8.69,8.95,8.90,9.04,9.31,9.33,9.23,9.22,9.36,9.36,9.11,9.08,9.15,9.18,9.27
9.31,9.28,9.29,9.33,9.48,9.24,9.36,9.29,9.38,9.71,9.70,9.49,9.32,9.29,9.18,9.08,9.03,8.93,8.85,9.02,9.11,9.01,8.88,8.91,8.88,9.01,8.87,8.92,8.84,8.74,8.60,8.54,8.60,8.41,8.33,8.17,8.29,8.80,9.04,9.11,8.99,8.92,8.87,8.88,8.97,8.93,9.08,9.37,9.05,9.44,9.33,9.51,9.23,9.04,9.15,9.34,9.50,9.58,9.49,9.41,9.52,9.51,9.23,9.12,9.19,9.22,9.27,9.47,9.44,9.36,9.31,8.95,9.02,8.96,8.86,9.28,9.31,9.22,9.31,9.14,9.20,9.32,9.36,9.30,9.44,9.39,9.36,9.06,8.99,9.18,9.37,9.48,9.51,9.41,9.28,9.36,9.42,9.39,9.67,9.65,9.75,9.49,9.25,8.97,8.90,8.80,8.91,8.83,8.85,8.86,8.93,8.60,8.48,8.80,9.15,9.43,9.61,9.42,9.24,9.11,9.04,8.95,9.12,9.17,9.15,9.20,9.13,9.11,9.14,8.93,8.99,9.06,8.94,8.82,8.95,8.93,8.81,8.75,8.73,8.62,8.59,8.52,8.50,8.52,8.47,8.43,8.69,8.82,8.81,8.92,8.91,8.85,9.02,9.06,8.96,8.72,8.68,8.83,8.87,9.27
9.33,9.36,9.42,9.43,9.36,9.22,9.39,9.36,9.47,9.69,9.66,9.61,9.70,9.52,9.42,9.36,9.17,9.08,9.15,9.06,9.08,8.97,8.83,8.85,8.84,8.71,8.74,8.63,8.54,8.37,8.25,8.31,8.34,8.00,7.77,8.04,8.00,8.11,8.51,8.52,8.47,8.41,8.48,8.64,8.69,8.73,8.78,8.84,8.87,9.09,9.12,9.23,8.99,8.64,8.78,9.08,9.34,9.53,9.51,9.47,9.47,9.15,8.93,8.92,8.75,8.59,8.51,8.65,8.64,8.67,8.41,8.40,8.50,8.49,8.78,8.84,8.69,8.85,8.72,8.81,8.93,8.99,9.01,9.13,9.23,9.03,9.02,9.09,9.25,9.37,9.20,9.01,9.04,9.00,8.85,8.90,8.88,8.81,9.05,9.00,9.14,8.83,8.88,8.97,8.94,9.00,8.84,8.85,8.86,8.82,8.83,8.65,8.51,8.62,8.82,8.95,9.01,8.97,8.73,8.29,8.57,8.39,8.56,8.66,8.67,8.65,8.60,8.62,8.73,8.67,8.68,8.52,8.57,8.74,8.81,8.77,8.73,8.68,8.67,8.50,8.15,8.12,8.23,8.47,8.50,8.31,8.45,8.50,8.39,8.51,8.57,8.49,8.66,8.75,8.68,8.52,8.47,8.59,8.74,9.04
9.52,9.60,9.59,9.47,9.34,9.41,9.52,9.40,9.53,9.81,9.75,9.69,9.78,9.82,9.81,9.61,9.33,9.29,9.25,8.99,8.97,8.86,8.72,8.69,8.50,8.31,8.41,8.28,8.16,8.15,8.13,8.06,7.88,7.55,7.41,7.72,7.98,8.33,8.31,8.08,8.22,8.30,8.19,8.21,8.29,8.28,8.49,8.41,8.54,8.87,8.72,8.87,8.73,8.57,8.72,9.01,9.22,9.29,9.27,9.17,8.94,8.73,8.55,8.33,8.22,8.13,8.08,8.06,7.98,7.71,7.70,7.33,7.71,8.23,8.50,8.51,8.41,8.82,8.63,8.69,8.84,8.83,8.77,8.75,8.93,9.06,9.12,9.10,9.02,9.08,9.31,9.29,9.09,8.77,8.42,8.54,8.27,8.21,8.47,8.05,8.68,8.52,8.97,8.99,8.80,9.05,8.96,8.87,8.84,8.90,8.68,8.48,8.41,8.32,8.31,8.34,8.28,8.42,8.23,7.86,7.95,7.81,7.98,8.07,8.15,8.20,8.23,8.29,8.22,8.22,8.21,7.99,7.98,8.12,8.32,8.28,8.23,8.48,8.36,8.16,7.90,7.89,7.97,8.11,8.19,8.10,8.21,8.19,8.11,8.25,8.38,8.32,8.48,8.51,8.40,8.43,8.55,8.57,8.52,8.71
9.73,9.85,9.70,9.49,9.48,9.52,9.53,9.46,9.60,9.85,9.96,9.73,9.67,9.75,9.65,9.32,9.08,9.15,9.06,8.80,8.76,8.63,8.54,8.50,8.23,8.06,8.14,8.14,8.08,8.13,8.08,8.02,7.97,7.88,7.85,7.85,8.16,8.31,7.97,8.02,8.03,8.22,8.38,8.32,8.22,8.24,8.42,8.27,8.30,8.72,8.51,8.83,8.63,8.69,8.80,9.02,9.13,9.15,9.02,8.81,8.58,8.31,8.07,7.98,7.99,7.93,7.69,7.65,7.56,7.29,7.08,7.07,7.61,8.25,8.30,8.27,8.36,8.37,8.20,8.43,8.45,8.56,8.57,8.28,8.28,8.42,8.76,8.78,8.67,8.72,8.82,8.91,8.82,8.49,8.16,7.93,7.88,7.95,8.07,7.96,8.62,8.45,8.90,9.04,8.91,9.04,8.96,8.91,8.97,8.93,8.66,8.49,8.43,8.30,8.22,8.19,8.05,8.14,8.03,8.02,7.74,7.63,7.89,7.94,7.98,8.00,8.03,8.14,8.27,8.23,7.86,7.88,7.78,7.96,8.06,8.10,8.27,8.37,8.06,8.02,7.90,7.85,8.03,8.17,8.13,8.03,8.17,8.19,8.23,8.38,8.47,8.41,8.65,8.59,8.37,8.29,8.32,8.29,8.40,8.57
9.79,9.77,9.62,9.48,9.47,9.51,9.54,9.54,9.71,9.88,9.82,9.71,9.58,9.58,9.56,9.49,9.36,9.17,9.06,8.47,8.42,8.43,8.38,8.42,8.40,8.02,8.06,8.13,8.07,8.08,8.03,8.04,8.06,7.94,7.89,7.99,8.24,8.07,8.10,8.11,8.03,8.17,8.14,8.12,8.21,8.16,8.27,8.36,8.40,8.76,8.60,8.92,8.69,8.72,8.84,8.99,9.14,9.15,8.91,8.77,8.64,8.31,8.12,8.12,8.04,7.93,7.76,7.63,7.63,7.33,7.02,7.31,7.73,8.14,8.12,8.11,8.16,8.20,8.12,8.28,8.39,8.28,8.48,8.45,8.45,8.24,8.24,8.27,8.33,8.40,8.47,8.67,8.58,8.20,8.12,8.12,8.04,8.00,7.93,8.10,8.37,8.32,9.04,9.14,9.01,8.95,9.04,9.13,9.05,8.96,8.83,8.81,8.82,8.67,8.51,8.46,8.30,8.31,8.12,8.19,8.00,7.89,8.06,8.00,8.06,8.29,8.37,8.38,8.27,8.06,8.12,8.07,7.71,8.08,8.14,7.93,7.97,8.10,8.12,7.96,8.19,8.05,8.06,8.16,8.14,8.14,8.33,8.34,8.47,8.69,8.85,8.72,9.00,8.60,8.50,8.48,8.42,8.49,8.64,8.40
9.71,9.66,9.44,9.29,9.34,9.51,9.58,9.50,9.70,9.72,9.54,9.63,9.62,9.40,9.49,9.50,9.42,9.48,8.92,8.25,8.19,8.29,8.29,8.32,8.38,8.08,8.22,8.13,8.04,8.11,8.11,8.11,8.07,7.98,7.98,8.10,8.17,8.08,8.15,8.06,8.08,8.16,8.15,8.22,8.33,8.42,8.57,8.33,8.43,8.43,8.69,8.81,8.60,8.68,8.86,8.95,9.01,8.88,8.68,8.72,8.69,8.46,8.40,8.46,8.25,8.02,7.83,7.64,7.60,7.36,7.20,7.46,7.73,8.27,8.19,8.08,7.93,8.02,7.99,8.16,8.17,8.06,8.23,8.14,8.17,8.19,8.27,8.11,8.04,8.29,8.39,8.47,8.51,8.32,8.28,8.22,8.33,8.38,8.49,8.46,8.51,8.60,8.87,8.95,8.81,8.69,8.92,9.03,8.90,8.90,8.92,8.96,9.04,8.92,8.71,8.64,8.43,8.58,8.11,8.30,8.27,8.16,8.21,8.25,8.23,8.28,8.45,8.51,8.15,7.96,8.17,8.21,7.91,8.11,8.19,8.00,7.98,8.06,8.37,8.22,8.42,8.31,8.28,8.29,8.19,8.30,8.50,8.42,8.50,8.76,8.97,8.92,8.71,8.47,8.60,8.63,8.39,8.36,8.42,8.29
9.54,9.36,9.23,9.23,9.27,9.25,9.44,9.33,9.59,9.61,9.48,9.61,9.59,9.40,9.68,9.70,9.56,9.44,9.36,8.74,8.54,8.23,8.08,8.25,8.33,8.11,8.40,8.05,8.05,8.15,8.14,8.06,8.05,8.11,8.12,8.19,8.12,7.99,7.90,7.91,7.89,8.00,8.03,8.15,8.24,8.24,8.31,8.15,8.33,8.11,8.15,8.33,8.23,8.39,8.55,8.60,8.48,8.36,8.27,8.28,8.34,8.31,8.38,8.54,8.31,8.00,7.85,7.72,7.69,7.57,7.57,7.54,7.82,8.23,7.85,8.05,7.97,7.87,7.85,7.94,7.90,7.88,7.99,8.00,8.05,8.07,8.14,8.03,8.02,8.25,8.49,8.65,8.66,8.63,8.67,8.60,8.69,8.67,8.63,8.57,8.63,8.84,8.64,8.56,8.55,8.58,8.67,8.72,8.71,8.73,8.73,8.78,8.87,8.80,8.71,8.62,8.37,8.55,8.19,8.40,8.27,8.12,8.15,8.47,8.63,8.50,8.52,8.46,8.43,8.17,8.30,8.15,7.99,7.99,8.00,7.85,7.73,7.90,8.17,8.24,8.29,8.19,8.28,8.47,8.32,8.38,8.55,8.66,8.73,8.82,8.96,9.17,9.03,9.00,8.92,8.83,8.71,8.47,8.30,8.16
9.86,9.69,9.33,9.42,9.50,9.20,9.44,9.29,9.63,9.72,9.67,9.63,9.48,9.57,9.54,9.57,9.56,9.42,9.30,8.99,8.74,8.55,8.15,8.14,8.39,8.23,8.14,7.80,7.88,8.00,7.99,7.95,7.96,8.02,8.02,8.02,7.95,7.83,7.78,7.60,7.58,7.69,7.99,8.17,8.19,8.12,7.90,7.83,7.66,7.91,7.89,7.98,7.95,7.96,8.12,8.02,8.02,8.02,7.97,7.83,7.94,8.07,8.12,8.21,8.04,7.80,7.86,7.79,7.93,7.83,7.82,7.46,7.74,7.88,7.68,7.91,7.94,7.86,7.79,7.71,7.73,7.55,7.58,7.60,7.78,7.83,7.87,7.89,7.89,8.11,8.41,8.57,8.65,8.59,8.75,8.72,8.77,8.86,8.85,8.85,8.60,8.54,8.54,8.34,8.38,8.48,8.47,8.42,8.51,8.51,8.43,8.52,8.69,8.64,8.57,8.57,8.49,8.67,8.31,8.49,8.45,8.34,8.38,8.60,8.73,8.57,8.65,8.68,8.50,8.37,8.40,8.27,8.24,8.14,7.91,7.73,7.73,7.77,7.99,8.11,8.11,7.94,8.00,8.34,8.31,8.30,8.41,8.67,8.80,8.74,8.76,8.58,8.88,8.97,8.80,8.56,8.55,8.36,8.22,8.02
9.69,9.63,9.29,9.30,9.23,9.05,9.11,8.94,9.27,9.61,9.73,9.62,9.51,9.59,9.29,9.38,9.48,9.49,9.47,9.08,8.84,8.55,8.39,8.54,8.55,8.19,7.79,7.88,7.76,7.89,8.06,7.95,7.79,7.74,7.76,7.74,7.66,7.47,7.53,7.54,7.54,7.77,7.91,8.03,8.08,7.98,7.85,7.83,7.86,7.79,7.64,7.95,7.91,8.05,7.94,7.83,7.90,7.85,7.94,7.90,7.95,8.03,7.90,7.82,7.73,7.62,7.81,7.72,8.04,7.82,7.78,7.42,7.69,7.78,7.88,7.86,7.85,7.91,7.70,7.62,7.61,7.40,7.38,7.42,7.56,7.53,7.58,7.63,7.71,7.90,8.00,8.16,8.41,8.37,8.50,8.58,8.49,8.48,8.75,8.94,8.48,8.25,8.37,8.34,8.22,8.30,8.32,8.16,8.23,8.34,8.33,8.36,8.55,8.63,8.36,8.46,8.27,8.56,8.37,8.56,8.57,8.29,8.32,8.55,8.59,8.54,8.73,8.60,8.50,8.46,8.40,8.40,8.25,8.05,7.81,7.60,7.65,7.61,7.88,8.00,8.10,8.02,8.05,8.51,8.48,8.32,8.30,8.45,8.50,8.38,8.45,8.57,8.64,8.59,8.43,8.24,8.25,8.12,8.05,7.93
9.28,9.46,9.22,9.09,9.03,9.05,9.17,9.36,9.19,9.22,9.31,9.44,9.69,9.30,9.25,9.32,9.36,9.37,9.46,9.10,8.82,8.80,8.63,8.49,8.36,8.08,7.91,8.02,7.83,8.06,7.97,7.86,7.82,7.72,7.66,7.71,7.58,7.40,7.38,7.58,7.55,7.85,7.91,7.98,7.99,7.77,7.62,7.78,7.89,7.70,7.62,7.86,7.60,7.81,7.73,7.83,7.85,7.81,7.66,7.65,7.85,7.98,7.81,7.65,7.63,7.50,7.57,7.65,7.96,7.73,7.64,7.50,7.73,7.79,7.83,7.74,7.83,7.86,7.56,7.53,7.46,7.42,7.28,7.41,7.47,7.32,7.41,7.45,7.55,7.77,7.78,7.87,7.99,7.99,8.06,8.20,7.89,7.72,7.96,8.39,8.10,8.15,8.08,8.22,8.08,8.17,8.27,8.17,8.20,8.32,8.28,8.19,8.34,8.50,8.57,8.83,8.67,8.52,8.47,8.34,8.25,8.27,8.39,8.46,8.41,8.41,8.46,8.58,8.62,8.51,8.48,8.47,8.22,7.94,7.79,7.56,7.28,7.29,7.49,7.78,7.82,7.81,8.03,8.32,8.41,8.12,8.05,8.04,8.03,8.00,8.06,8.04,8.16,8.23,8.17,8.06,8.00,7.99,7.91,7.89
9.15,9.32,8.96,8.88,8.85,8.90,9.14,9.24,9.36,9.18,9.24,9.38,9.18,9.13,9.15,9.24,9.12,9.10,9.28,9.10,8.80,8.82,8.71,8.68,8.47,8.20,8.20,8.14,8.04,8.37,8.05,7.91,7.96,7.95,7.85,7.78,7.73,7.78,7.65,7.58,7.54,7.83,7.98,7.91,7.82,7.72,7.64,7.68,7.63,7.58,7.55,8.03,7.61,7.76,7.83,7.72,7.55,7.60,7.45,7.60,7.73,7.53,7.29,7.38,7.42,7.26,7.44,7.65,7.74,7.81,7.61,7.41,7.53,7.58,7.48,7.46,7.70,7.74,7.52,7.37,7.34,7.47,7.26,7.34,7.45,7.34,7.41,7.45,7.39,7.55,7.73,7.71,7.64,7.60,7.62,7.68,7.36,7.46,7.50,7.87,7.73,7.77,7.82,8.04,7.94,7.95,8.03,8.13,8.14,8.16,8.17,8.12,8.36,8.69,8.71,8.73,8.64,8.78,8.66,8.43,8.14,7.99,8.04,8.13,8.14,8.12,8.11,8.22,8.55,8.38,8.52,8.47,8.31,8.19,7.99,7.69,7.26,7.15,7.31,7.49,7.76,7.83,7.73,8.14,8.47,8.12,7.87,7.78,7.73,7.70,7.71,7.74,7.74,7.88,7.98,7.90,7.74,7.88,7.90,7.87
9.27,9.17,8.85,8.91,8.90,8.91,9.00,9.03,9.33,9.34,9.43,9.47,9.36,9.27,9.08,9.08,8.93,8.99,9.18,9.02,8.86,8.91,8.86,8.83,8.55,8.32,8.34,8.11,8.03,8.39,8.08,7.93,8.17,8.08,7.86,7.78,7.71,7.95,7.88,7.62,7.53,7.81,7.88,7.85,7.83,7.82,7.77,7.62,7.53,7.29,7.47,7.71,7.61,7.70,7.58,7.77,7.58,7.62,7.54,7.58,7.47,7.56,7.42,7.06,7.04,7.23,7.53,7.56,7.76,7.72,7.48,7.54,7.33,7.62,7.46,7.30,7.40,7.63,7.66,7.40,7.32,7.57,7.42,7.46,7.53,7.46,7.42,7.41,7.30,7.30,7.46,7.46,7.48,7.52,7.48,7.55,7.38,7.55,7.63,7.73,7.73,7.78,7.62,7.71,7.49,7.53,7.64,7.87,7.99,7.88,7.89,7.95,8.07,8.51,8.86,8.55,8.65,8.66,8.74,8.64,8.23,7.90,7.83,7.83,7.87,8.00,7.90,7.80,8.22,8.13,8.33,8.39,8.37,8.47,8.19,7.55,7.23,7.28,7.24,7.25,7.41,7.61,7.74,8.03,8.15,7.93,7.87,7.85,7.69,7.58,7.56,7.68,7.62,7.57,7.73,7.73,7.48,7.61,7.82,7.95
9.00,9.02,8.97,8.99,8.93,8.84,8.88,9.06,9.36,9.29,9.22,9.15,9.11,9.03,9.06,8.99,8.99,9.05,9.08,8.96,8.99,9.12,8.90,8.85,8.64,8.40,8.30,8.20,8.23,8.22,8.23,8.20,8.30,8.31,8.16,7.98,7.96,7.98,7.66,7.66,7.47,7.82,7.80,7.90,7.91,7.88,7.77,7.65,7.58,7.39,7.57,7.38,7.47,7.69,7.37,7.46,7.39,7.48,7.38,7.42,7.53,7.29,7.10,7.12,7.10,7.20,7.46,7.65,7.70,7.46,7.36,7.40,7.09,7.39,7.41,7.28,7.41,7.42,7.77,7.44,7.50,7.57,7.33,7.38,7.44,7.40,7.37,7.33,7.34,7.42,7.46,7.42,7.36,7.39,7.33,7.30,7.20,7.42,7.28,7.65,7.65,7.38,7.56,7.45,7.26,7.29,7.56,7.65,7.74,7.88,7.82,7.90,8.13,8.57,8.33,8.43,8.48,8.57,8.63,8.60,8.29,7.95,7.79,7.76,7.76,7.79,7.69,7.70,7.88,7.88,7.95,8.19,8.33,8.33,8.31,7.71,7.47,7.41,7.55,7.63,7.64,7.72,7.83,7.89,7.93,7.91,7.93,7.91,7.77,7.66,7.73,7.66,7.55,7.52,7.57,7.66,7.65,7.79,7.78,7.71
8.82,8.88,8.80,9.00,8.88,8.82,8.95,9.21,9.15,9.19,9.13,9.17,9.24,9.10,8.92,8.97,9.02,9.06,9.04,8.99,9.00,8.94,8.75,8.77,8.73,8.60,8.43,8.34,8.46,8.40,8.31,8.24,8.22,8.13,8.16,8.17,7.88,7.52,7.47,7.80,7.62,7.90,7.93,7.86,7.82,7.77,7.63,7.58,7.65,7.60,7.57,7.29,7.29,7.53,7.24,7.26,7.49,7.46,7.34,7.39,7.40,7.23,7.18,7.15,7.10,7.23,7.34,7.55,7.65,7.62,7.41,7.02,6.96,7.26,7.37,7.38,7.34,7.53,7.41,7.32,7.53,7.47,7.28,7.41,7.44,7.44,7.41,7.39,7.53,7.68,7.72,7.63,7.36,7.22,7.32,7.56,7.40,7.56,7.41,7.37,7.42,7.31,7.50,7.30,7.15,7.12,7.20,7.26,7.42,7.64,7.79,8.00,8.22,8.32,8.14,8.40,8.56,8.47,8.47,8.46,8.32,8.04,7.79,7.74,7.71,7.42,7.46,7.65,7.65,7.58,7.64,7.77,7.94,8.13,8.15,7.61,7.48,7.54,7.60,7.55,7.57,7.70,7.66,7.69,7.81,7.81,7.83,7.87,7.80,7.85,8.06,7.89,7.50,7.29,7.56,7.50,7.54,7.56,7.62,7.73
9.20,9.22,9.08,9.23,9.10,9.02,9.13,9.22,8.91,9.15,9.11,9.18,9.22,9.08,8.88,8.85,9.04,9.06,9.00,8.95,8.82,8.74,8.71,8.56,8.66,8.68,8.51,8.37,8.57,8.64,8.41,8.32,8.36,8.25,8.17,7.98,7.74,7.72,7.90,7.96,7.45,7.70,7.76,7.66,7.61,7.68,7.62,7.54,7.66,7.57,7.40,7.20,7.18,7.41,7.14,7.31,7.30,7.34,7.30,7.33,7.30,7.36,7.32,7.18,7.14,7.21,7.48,7.72,7.65,7.58,7.25,7.07,7.33,7.56,7.39,7.39,7.32,7.44,7.62,7.61,7.50,7.40,7.47,7.64,7.65,7.63,7.53,7.42,7.54,7.73,7.88,7.82,7.76,7.56,7.56,7.61,7.36,7.56,7.64,7.48,7.60,7.31,7.48,7.39,7.32,7.25,7.23,7.31,7.48,7.71,7.76,7.81,8.17,8.22,8.19,8.50,8.56,8.41,8.37,8.38,8.24,8.00,7.78,7.74,7.53,7.41,7.47,7.34,7.28,7.32,7.47,7.68,7.82,7.82,7.99,7.57,7.49,7.54,7.56,7.49,7.44,7.44,7.42,7.63,7.80,7.68,7.68,7.96,7.83,8.02,8.13,7.93,7.61,7.40,7.36,7.50,7.57,7.60,7.74,8.08
9.10,8.93,8.85,8.86,8.68,8.91,9.13,9.18,8.99,9.17,9.09,9.15,9.17,8.99,8.91,8.99,9.09,9.00,8.91,8.94,8.97,8.82,8.56,8.50,8.47,8.45,8.38,8.38,8.60,8.67,8.43,8.31,8.46,8.47,8.25,8.03,7.81,7.61,7.70,7.65,7.26,7.95,7.85,7.53,7.34,7.65,7.77,7.65,7.62,7.45,7.20,7.13,7.23,7.32,7.08,7.33,7.07,7.38,7.22,7.31,7.33,7.38,7.31,7.30,7.36,7.30,7.45,7.66,7.69,7.47,7.29,7.25,7.26,7.33,7.31,7.40,7.15,7.54,7.57,7.63,7.45,7.32,7.57,7.61,7.46,7.40,7.44,7.57,7.58,7.47,7.60,7.68,7.72,7.65,7.44,7.47,7.21,7.47,7.50,7.54,7.45,7.36,7.46,7.42,7.17,7.13,7.25,7.28,7.31,7.52,7.60,7.62,8.03,8.21,8.19,8.46,8.41,8.32,8.29,8.24,8.04,7.81,7.85,7.79,7.50,7.34,7.50,7.24,7.31,7.50,7.64,7.61,7.38,7.55,7.63,7.40,7.50,7.64,7.60,7.54,7.50,7.34,7.39,7.77,7.85,7.73,7.77,8.23,8.28,8.33,8.14,8.02,7.83,7.53,7.55,7.34,7.53,7.78,7.90,8.06
8.94,8.88,9.05,8.83,9.01,9.12,9.27,9.37,9.25,9.30,9.12,9.24,9.18,8.97,8.96,9.04,8.96,8.87,8.82,8.77,8.77,8.92,8.57,8.62,8.54,8.47,8.38,8.41,8.58,8.65,8.36,8.34,8.40,8.38,8.21,8.07,7.90,7.74,7.74,7.79,7.60,7.64,7.65,7.40,7.52,7.69,7.60,7.49,7.52,7.33,7.14,7.25,7.30,7.21,7.20,7.28,7.18,7.33,7.26,7.30,7.39,7.41,7.34,7.37,7.44,7.39,7.42,7.62,7.66,7.48,7.38,7.21,7.33,7.39,7.34,7.29,7.38,7.47,7.50,7.60,7.61,7.53,7.62,7.68,7.54,7.38,7.45,7.62,7.49,7.38,7.60,7.53,7.54,7.86,7.76,7.58,7.22,7.37,7.45,7.48,7.46,7.36,7.55,7.57,7.30,7.18,7.26,7.28,7.30,7.41,7.56,7.63,7.91,8.06,8.15,8.27,8.29,8.19,8.11,7.98,7.77,7.70,7.91,7.60,7.62,7.30,7.16,7.26,7.24,7.34,7.45,7.41,7.47,7.41,7.57,7.55,7.52,7.58,7.58,7.50,7.53,7.48,7.47,7.83,7.89,7.79,7.88,8.23,8.36,8.24,8.27,8.20,7.95,7.71,7.64,7.62,7.52,7.68,7.97,7.96
9.04,9.02,9.03,8.96,9.03,9.17,9.33,9.31,9.08,9.15,9.27,9.31,9.15,8.95,8.91,8.84,8.66,8.68,8.65,8.68,8.90,8.75,8.56,8.55,8.60,8.33,8.19,8.32,8.49,8.65,8.32,8.40,8.32,8.21,8.22,8.12,8.00,7.99,7.89,7.64,7.64,7.48,7.55,7.44,7.32,7.37,7.45,7.41,7.29,7.22,7.20,7.31,7.40,7.28,7.32,7.32,7.52,7.23,7.38,7.33,7.45,7.48,7.40,7.38,7.45,7.42,7.42,7.56,7.58,7.45,7.46,7.28,7.54,7.45,7.52,7.52,7.39,7.42,7.57,7.54,7.47,7.54,7.48,7.47,7.61,7.58,7.50,7.49,7.44,7.46,7.44,7.49,7.40,7.73,7.64,7.69,7.42,7.32,7.33,7.38,7.44,7.23,7.28,7.50,7.48,7.40,7.40,7.39,7.42,7.53,7.68,7.68,7.87,7.96,8.07,8.12,8.17,7.98,7.94,7.97,7.86,7.77,7.64,7.50,7.42,7.30,7.26,7.14,7.18,7.28,7.29,7.32,7.44,7.40,7.41,7.49,7.46,7.45,7.47,7.47,7.38,7.58,7.44,7.64,7.82,7.88,7.93,8.05,8.25,8.20,8.28,8.29,8.02,7.80,7.66,7.74,7.64,7.53,7.85,8.20
9.28,9.19,9.12,9.06,8.87,9.06,9.22,9.13,8.90,8.99,9.36,9.21,8.97,8.81,8.72,8.67,8.38,8.57,8.50,8.48,8.59,8.68,8.54,8.55,8.47,8.00,8.00,8.29,8.51,8.57,8.29,8.39,8.37,8.20,8.17,8.06,8.12,8.14,7.86,7.56,7.46,7.49,7.56,7.62,7.63,7.57,7.45,7.47,7.58,7.47,7.32,7.52,7.56,7.54,7.17,7.50,7.65,7.40,7.36,7.50,7.53,7.50,7.40,7.40,7.48,7.45,7.40,7.46,7.45,7.37,7.41,7.38,7.46,7.49,7.69,7.70,7.55,7.39,7.41,7.45,7.50,7.55,7.48,7.49,7.60,7.66,7.52,7.34,7.41,7.52,7.39,7.37,7.37,7.57,7.48,7.57,7.45,7.37,7.37,7.34,7.44,7.22,7.15,7.37,7.50,7.45,7.48,7.52,7.44,7.55,7.68,7.61,7.72,8.07,7.87,7.73,7.86,7.82,7.89,7.99,7.68,7.45,7.26,7.37,7.55,7.45,7.33,7.25,7.30,7.33,7.26,7.41,7.48,7.46,7.30,7.40,7.45,7.40,7.41,7.48,7.54,7.58,7.60,7.60,7.54,7.54,7.81,7.90,8.22,8.21,8.10,8.04,7.88,7.74,7.63,7.60,7.64,7.76,7.88,8.03
9.29,9.30,9.29,9.11,8.91,9.10,9.23,9.18,9.08,9.06,9.15,8.93,8.90,8.93,8.93,8.85,8.36,8.57,8.46,8.46,8.59,8.64,8.66,8.56,8.42,8.24,8.38,8.52,8.62,8.65,8.49,8.78,8.46,8.21,7.95,7.93,8.11,8.04,7.73,7.52,7.41,7.58,7.49,7.61,7.65,7.63,7.48,7.40,7.41,7.40,7.40,7.46,7.41,7.64,7.56,7.33,7.54,7.57,7.44,7.63,7.70,7.55,7.42,7.49,7.55,7.42,7.32,7.37,7.47,7.45,7.38,7.32,7.28,7.44,7.58,7.58,7.56,7.45,7.48,7.54,7.60,7.58,7.47,7.53,7.56,7.58,7.52,7.41,7.48,7.40,7.38,7.38,7.42,7.42,7.38,7.44,7.46,7.46,7.53,7.34,7.38,7.33,7.29,7.36,7.39,7.33,7.34,7.42,7.28,7.28,7.44,7.58,7.62,7.74,7.71,7.76,7.85,7.78,7.83,7.93,7.52,7.37,7.23,7.42,7.46,7.56,7.44,7.28,7.30,7.37,7.28,7.33,7.54,7.46,7.41,7.58,7.70,7.48,7.29,7.56,7.52,7.71,7.74,7.81,7.87,7.82,7.81,7.91,8.13,8.08,7.89,7.76,7.74,7.69,7.61,7.64,7.68,7.65,8.07,7.94
9.22,9.27,9.24,9.20,9.20,9.22,9.27,9.20,9.11,9.08,8.93,8.92,9.06,9.03,8.78,8.51,8.59,8.50,8.50,8.73,8.76,8.62,8.66,8.56,8.25,8.24,8.30,8.45,8.63,8.64,8.40,8.29,8.29,8.23,8.06,7.88,7.86,7.86,7.64,7.39,7.32,7.48,7.37,7.45,7.61,7.54,7.58,7.57,7.56,7.47,7.34,7.46,7.48,7.38,7.63,7.41,7.50,7.60,7.55,7.37,7.70,7.74,7.45,7.48,7.50,7.34,7.31,7.39,7.61,7.64,7.38,7.22,7.17,7.28,7.46,7.53,7.45,7.50,7.64,7.71,7.63,7.61,7.53,7.58,7.64,7.56,7.50,7.50,7.60,7.42,7.47,7.50,7.58,7.47,7.47,7.48,7.54,7.48,7.58,7.40,7.33,7.38,7.37,7.33,7.34,7.37,7.37,7.31,7.14,7.08,7.16,7.49,7.47,7.56,7.38,7.32,7.47,7.62,7.61,7.55,7.41,7.37,7.16,7.36,7.33,7.49,7.42,7.32,7.34,7.37,7.29,7.10,7.31,7.41,7.50,7.47,7.58,7.70,7.54,7.80,7.41,7.71,7.71,7.81,7.93,7.91,7.85,7.90,8.10,7.98,7.73,7.73,7.90,7.85,7.82,7.86,7.88,7.81,7.95,7.62
9.30,9.15,9.24,9.42,9.36,9.32,9.28,9.15,9.05,8.96,8.86,8.91,8.96,8.88,8.75,8.58,8.41,8.55,8.57,8.63,8.63,8.52,8.54,8.49,8.16,8.17,8.23,8.40,8.56,8.50,8.25,8.21,8.31,8.19,8.08,8.04,8.03,7.78,7.47,7.25,7.13,7.31,7.34,7.23,7.49,7.50,7.66,7.65,7.60,7.46,7.38,7.54,7.47,7.50,7.60,7.36,7.41,7.63,7.47,7.66,7.65,7.57,7.33,7.32,7.42,7.47,7.53,7.53,7.48,7.60,7.25,7.28,7.14,7.22,7.65,7.64,7.44,7.47,7.61,7.74,7.65,7.63,7.65,7.69,7.71,7.66,7.50,7.44,7.61,7.60,7.61,7.52,7.61,7.63,7.68,7.64,7.40,7.40,7.53,7.62,7.61,7.53,7.49,7.55,7.48,7.30,7.24,7.26,7.06,7.12,7.09,7.06,7.39,7.39,7.09,7.22,7.41,7.50,7.54,7.44,7.38,7.38,7.00,7.21,7.38,7.46,7.37,7.36,7.46,7.38,7.31,7.09,7.33,7.47,7.40,7.38,7.54,7.64,7.45,7.69,7.58,7.80,7.85,7.83,7.89,7.94,7.79,7.86,8.00,8.00,7.78,7.69,7.90,7.63,7.74,7.88,7.81,7.74,7.83,7.60
9.53,9.50,9.53,9.49,9.31,9.32,9.25,9.11,8.97,8.85,8.76,8.88,8.75,8.78,8.74,8.54,8.42,8.85,8.56,8.62,8.54,8.47,8.59,8.39,8.19,8.22,8.41,8.50,8.51,8.39,8.21,8.11,8.25,8.06,7.93,7.73,7.73,7.62,7.33,7.17,7.28,7.34,7.41,7.09,7.26,7.49,7.70,7.63,7.57,7.44,7.36,7.52,7.63,7.49,7.55,7.61,7.53,7.72,7.66,7.37,7.60,7.57,7.53,7.50,7.37,7.48,7.61,7.61,7.83,7.57,7.38,7.31,7.21,7.38,7.63,7.41,7.32,7.45,7.69,7.74,7.58,7.53,7.61,7.65,7.60,7.65,7.55,7.32,7.56,7.53,7.46,7.46,7.41,7.42,7.54,7.47,7.53,7.60,7.56,7.81,7.69,7.69,7.77,7.78,7.65,7.31,7.25,7.23,7.00,7.29,7.37,7.17,7.28,7.28,7.15,7.23,7.33,7.36,7.47,7.58,7.36,7.48,6.96,7.16,7.41,7.50,7.42,7.33,7.31,7.23,7.15,7.15,7.25,7.26,7.60,7.60,7.40,7.56,7.56,7.52,7.64,7.79,7.83,7.77,7.70,7.96,7.70,7.78,7.78,7.78,7.96,8.07,7.60,7.63,7.71,7.74,7.64,7.55,7.61,7.57
9.42,9.57,9.53,9.40,9.38,9.38,9.02,8.81,8.84,8.86,8.75,8.86,8.78,8.80,8.62,8.39,8.40,8.71,8.57,8.71,8.63,8.62,8.68,8.47,8.12,8.32,8.60,8.64,8.57,8.39,8.19,8.17,8.07,7.71,7.63,7.52,7.63,7.32,7.15,7.25,7.14,7.01,7.31,7.32,7.09,7.40,7.70,7.61,7.57,7.49,7.44,7.62,7.69,7.45,7.50,7.63,7.61,7.64,7.56,7.37,7.55,7.39,7.46,7.53,7.46,7.60,7.76,7.58,7.48,7.62,7.54,7.37,7.61,7.60,7.56,7.56,7.46,7.62,7.71,7.82,7.54,7.48,7.44,7.48,7.50,7.54,7.46,7.30,7.53,7.65,7.52,7.22,7.48,7.72,7.41,7.49,7.61,7.32,7.62,7.49,7.47,7.68,7.77,7.63,7.41,7.29,7.48,7.34,7.21,7.33,7.33,7.30,7.23,7.38,7.37,7.31,7.31,7.29,7.36,7.71,7.37,7.46,7.06,7.26,7.31,7.41,7.47,7.47,7.52,7.32,7.02,7.17,7.23,7.21,7.39,7.52,7.41,7.55,7.69,7.57,7.52,7.64,7.69,7.60,7.42,7.71,7.71,7.76,7.82,7.71,7.50,7.78,7.73,7.50,7.44,7.53,7.60,7.49,7.47,7.52
9.23,9.36,9.17,9.09,9.15,9.04,8.93,8.72,8.86,9.03,9.01,8.84,9.03,8.85,8.64,8.50,8.46,8.66,8.66,8.69,8.60,8.56,8.68,8.75,8.20,8.62,8.58,8.73,8.74,8.41,8.13,8.12,8.02,7.73,7.55,7.47,7.37,7.23,7.30,7.22,7.00,7.13,7.33,7.25,7.29,7.40,7.66,7.63,7.61,7.56,7.57,7.64,7.56,7.46,7.54,7.58,7.61,7.65,7.55,7.50,7.47,7.23,7.30,7.53,7.61,7.57,7.55,7.52,7.57,7.62,7.53,7.36,7.44,7.45,7.57,7.47,7.40,7.53,7.50,7.50,7.62,7.65,7.58,7.60,7.49,7.38,7.37,7.25,7.29,7.38,7.31,7.16,7.39,7.47,7.29,7.26,7.29,7.28,7.54,7.69,7.70,7.64,7.60,7.65,7.63,7.55,7.63,7.31,7.40,7.40,7.22,7.13,7.23,7.44,7.44,7.33,7.36,7.39,7.26,7.60,7.55,7.26,7.17,7.28,7.46,7.61,7.54,7.44,7.68,7.36,7.13,7.23,7.25,7.31,7.46,7.55,7.46,7.49,7.69,7.73,7.49,7.52,7.60,7.55,7.44,7.50,7.57,7.50,7.47,7.60,7.76,7.86,7.74,7.62,7.55,7.58,7.62,7.60,7.54,7.61
