-11.04,-10.16,-8.34,-6.11,-4.18,-3.12,-2.16,-1.45,-1.20,-1.48,-1.21,-1.12,-0.62,0.18,0.59,0.92,1.04,1.15,1.28,1.41,1.56,1.73,1.84,1.78,1.62,1.51,1.40,1.36,1.50,1.11,0.79,1.02,0.97,0.55,0.60,0.82,0.81,0.95,1.24,1.47,1.34,1.39,1.36,1.51,1.61,1.52,1.39,1.36,1.27,1.46,1.25,1.47,1.42,1.41,1.46,1.58,1.69,1.72,1.69,1.80,2.00,2.18,2.40,2.22,2.01,2.16,2.18,2.20,1.78,1.50,1.61,1.64,1.39,1.39,1.64,1.56,1.57,1.74,1.60,1.55,1.39,1.49,1.51,1.51,1.82,1.92,1.79,1.60,1.60,1.60,1.62,1.64,1.74,1.73,1.58,1.61,1.68,1.47,1.36,1.53,1.71,1.79,1.82,1.50,1.52,1.58,1.58,1.66,1.57,1.55,1.52,1.47,1.50,1.55,1.42,1.39,1.60,1.50,1.33,1.36,1.49,1.45,1.45,1.62,1.55,1.45,1.51,1.46,1.38,1.40,1.41,1.46,1.50,1.38,1.47,1.45,1.18,1.22,1.31,1.29,1.19,1.04,0.85,1.13,1.04,0.96,0.95,0.86,0.93,0.72,0.72,0.64,0.44,0.23,0.27,0.39,0.48,0.53,0.51,0.39
-8.63,-7.68,-6.28,-4.35,-2.68,-1.91,-1.29,-0.49,-0.14,-0.47,-0.37,-0.13,0.19,0.65,1.06,1.35,1.19,1.25,1.40,1.50,1.57,1.79,1.67,1.75,1.72,1.53,1.38,1.40,1.64,1.38,1.25,1.08,0.72,0.49,0.74,1.17,1.20,0.97,1.44,1.47,1.36,1.63,1.55,1.49,1.47,1.39,1.27,1.24,1.20,1.35,1.30,1.29,1.34,1.41,1.50,1.75,1.66,1.53,1.71,1.96,2.22,2.34,2.26,2.29,2.33,2.49,2.11,2.20,1.82,1.55,1.75,1.52,1.39,1.24,1.42,1.66,1.68,1.66,1.50,1.25,1.33,1.50,1.40,1.56,1.64,1.58,1.69,1.64,1.69,1.53,1.62,1.49,1.60,1.63,1.58,1.66,1.64,1.47,1.30,1.41,1.71,1.80,1.69,1.47,1.49,1.63,1.55,1.64,1.62,1.49,1.38,1.36,1.45,1.49,1.53,1.45,1.58,1.63,1.71,1.79,1.74,1.62,1.56,1.56,1.52,1.53,1.42,1.40,1.29,1.38,1.42,1.44,1.46,1.42,1.50,1.45,1.49,1.52,1.35,1.20,1.12,1.00,1.01,1.08,0.91,0.82,0.84,0.90,1.17,0.98,0.82,0.72,0.65,0.50,0.35,0.35,0.53,0.69,0.61,0.32
-7.00,-5.67,-4.50,-3.03,-1.67,-0.88,-0.42,0.10,0.60,0.71,0.66,0.91,1.17,1.20,1.30,1.33,1.30,1.40,1.52,1.58,1.61,1.78,1.67,1.64,1.83,1.84,1.60,1.55,1.73,1.50,1.30,1.25,1.13,0.98,1.03,1.24,1.35,1.29,1.72,1.57,1.47,1.72,1.67,1.50,1.45,1.41,1.34,1.28,1.11,1.30,1.46,1.46,1.30,1.53,1.55,1.63,1.82,1.89,1.86,2.11,2.41,2.29,2.34,2.53,2.54,2.70,2.28,1.91,1.84,1.52,1.78,1.42,1.38,1.44,1.56,1.58,1.63,1.75,1.55,1.36,1.51,1.63,1.68,1.72,1.80,1.51,1.74,1.57,1.83,1.69,1.72,1.67,1.79,1.72,1.47,1.45,1.69,1.78,1.58,1.50,1.72,1.53,1.58,1.38,1.40,1.62,1.49,1.55,1.52,1.39,1.30,1.38,1.40,1.36,1.50,1.36,1.39,1.73,1.50,1.60,1.49,1.49,1.63,1.58,1.49,1.68,1.39,1.28,1.23,1.46,1.50,1.51,1.55,1.51,1.56,1.42,1.36,1.33,1.23,1.17,1.15,1.11,0.87,0.86,0.74,0.65,0.67,0.82,1.02,0.81,0.66,0.64,0.59,0.41,0.19,0.40,0.59,0.60,0.48,0.32
-6.25,-4.64,-3.54,-2.18,-1.03,-0.36,0.03,0.40,0.90,0.96,1.13,1.27,1.40,1.58,1.34,1.29,1.39,1.49,1.58,1.64,1.52,1.74,1.89,1.92,1.88,1.85,1.78,1.67,1.91,1.64,1.66,1.60,1.51,1.49,1.55,1.62,1.57,1.56,1.90,1.74,1.61,1.58,1.51,1.46,1.52,1.50,1.38,1.36,1.18,1.22,1.28,1.35,1.56,1.75,2.01,1.97,1.92,1.95,1.94,2.06,2.37,2.39,2.24,2.69,2.74,2.66,2.08,2.13,1.66,1.57,1.68,1.47,1.49,1.47,1.56,1.69,1.71,1.64,1.52,1.46,1.47,1.55,1.67,1.50,1.77,1.67,1.64,1.51,1.79,1.62,1.71,1.62,1.71,1.62,1.46,1.62,1.77,1.56,1.41,1.66,1.61,1.75,1.38,1.51,1.34,1.52,1.46,1.41,1.40,1.38,1.39,1.47,1.49,1.45,1.49,1.52,1.47,1.89,1.67,1.72,1.63,1.62,1.67,1.57,1.49,1.53,1.57,1.49,1.40,1.55,1.51,1.52,1.50,1.42,1.41,1.31,1.28,1.15,1.18,1.06,0.88,0.86,0.92,0.72,0.76,0.66,0.64,0.71,0.66,0.79,0.51,0.51,0.56,0.48,0.12,0.18,0.29,0.38,0.33,0.20
-6.00,-4.38,-3.23,-1.85,-0.82,-0.19,0.14,0.37,0.76,1.13,1.25,1.33,1.44,1.58,1.35,1.35,1.47,1.50,1.47,1.63,1.52,1.45,1.68,1.75,1.69,1.67,1.71,1.69,1.79,1.69,1.79,1.64,1.66,1.71,1.72,1.77,1.69,1.68,1.74,1.71,1.62,1.55,1.45,1.40,1.45,1.47,1.33,1.22,1.35,1.19,1.31,1.36,1.50,1.71,1.73,1.85,1.86,1.90,2.11,2.25,2.51,2.53,2.34,2.64,2.68,2.64,1.94,1.83,1.60,1.52,1.64,1.56,1.57,1.67,1.88,1.84,1.71,1.83,1.78,1.71,1.58,1.57,1.66,1.50,1.79,1.69,1.74,1.56,1.74,1.77,1.69,1.57,1.55,1.52,1.51,1.58,1.68,1.56,1.34,1.49,1.61,1.74,1.55,1.53,1.80,1.66,1.58,1.44,1.39,1.42,1.44,1.47,1.60,1.63,1.53,1.58,1.49,1.79,1.69,1.63,1.50,1.60,1.60,1.46,1.39,1.34,1.33,1.62,1.44,1.46,1.34,1.30,1.30,1.29,1.29,1.24,1.19,1.11,1.19,1.07,0.95,0.91,0.88,0.85,0.72,0.51,0.56,0.61,0.56,0.76,0.43,0.35,0.45,0.43,0.10,0.20,0.37,0.41,0.37,0.29
-5.68,-4.34,-2.92,-1.51,-0.53,-0.02,0.22,0.77,0.79,1.07,1.20,1.22,1.39,1.39,1.36,1.38,1.47,1.45,1.22,1.33,1.31,1.47,1.68,1.80,1.80,1.69,1.61,1.72,1.85,1.66,1.80,1.74,1.67,1.66,1.55,1.58,1.57,1.78,1.42,1.42,1.57,1.67,1.57,1.45,1.47,1.41,1.39,1.33,1.28,1.35,1.57,1.50,1.42,1.61,1.67,1.75,1.88,1.90,1.97,2.13,2.39,2.52,2.57,2.59,2.39,2.28,1.67,1.71,1.64,1.47,1.53,1.58,1.62,1.80,2.09,1.96,1.78,1.94,1.85,1.82,1.64,1.50,1.68,1.63,1.85,1.63,1.69,1.61,1.73,1.77,1.66,1.61,1.63,1.57,1.47,1.45,1.50,1.49,1.41,1.57,1.66,1.58,1.38,1.41,1.61,1.40,1.42,1.60,1.52,1.49,1.35,1.38,1.51,1.55,1.53,1.49,1.46,1.75,1.57,1.51,1.47,1.61,1.62,1.57,1.49,1.30,1.30,1.39,1.55,1.44,1.44,1.55,1.44,1.30,1.31,1.25,1.17,1.15,1.12,0.93,0.84,0.84,0.88,0.93,0.76,0.65,0.46,0.44,0.60,0.35,0.43,0.33,0.37,0.33,0.24,0.43,0.45,0.40,0.28,0.24
-5.13,-4.01,-2.82,-1.60,-0.66,-0.08,0.24,0.87,0.92,0.97,1.08,1.17,1.25,1.39,1.31,1.27,1.36,1.50,1.36,1.63,1.45,1.51,1.57,1.60,1.60,1.62,1.80,1.80,1.90,1.78,1.84,1.91,1.82,1.60,1.41,1.55,1.69,1.66,1.63,1.46,1.42,1.39,1.35,1.41,1.46,1.28,1.31,1.36,1.41,1.42,1.53,1.62,1.44,1.53,1.67,1.68,1.69,1.80,1.89,1.91,2.11,2.14,2.47,2.45,2.24,1.94,1.53,1.73,1.66,1.55,1.42,1.60,1.74,1.86,2.07,2.06,1.94,1.92,1.72,1.72,1.57,1.51,1.72,1.63,1.73,1.64,1.63,1.62,1.74,1.84,1.67,1.57,1.53,1.49,1.46,1.52,1.60,1.45,1.33,1.64,1.69,1.62,1.40,1.36,1.61,1.60,1.29,1.66,1.41,1.28,1.42,1.56,1.38,1.28,1.45,1.52,1.62,1.74,1.44,1.51,1.44,1.58,1.58,1.57,1.51,1.35,1.44,1.50,1.69,1.66,1.63,1.47,1.29,1.27,1.31,1.29,1.19,1.18,1.07,0.90,0.85,0.85,0.82,0.86,0.81,0.44,0.33,0.48,0.66,0.66,0.45,0.54,0.39,0.28,0.34,0.44,0.30,0.41,0.35,0.29
-4.71,-3.61,-2.74,-1.77,-0.88,-0.29,0.14,0.75,1.01,0.93,0.90,1.09,1.28,1.41,1.29,1.23,1.39,1.58,1.33,1.53,1.49,1.41,1.46,1.50,1.46,1.60,1.88,1.94,1.83,1.90,1.83,1.90,2.02,1.78,1.39,1.49,1.41,1.39,1.31,1.23,1.02,1.15,1.36,1.38,1.40,1.23,1.34,1.28,1.28,1.51,1.51,1.63,1.53,1.61,1.68,1.62,1.55,1.68,1.84,1.68,1.89,1.80,2.18,2.33,2.37,1.80,1.71,1.74,1.68,1.66,1.49,1.60,1.82,1.92,2.01,2.00,1.96,1.92,1.71,1.61,1.58,1.67,1.74,1.52,1.52,1.61,1.50,1.58,1.77,1.85,1.60,1.51,1.39,1.40,1.47,1.55,1.58,1.40,1.31,1.58,1.61,1.51,1.42,1.31,1.62,1.56,1.58,1.56,1.53,1.35,1.24,1.35,1.45,1.44,1.49,1.61,1.73,1.52,1.36,1.50,1.42,1.64,1.60,1.66,1.63,1.49,1.51,1.55,1.71,1.52,1.51,1.40,1.28,1.28,1.35,1.29,1.07,1.19,1.15,1.02,0.86,0.76,0.71,0.74,0.87,0.58,0.41,0.46,0.50,0.35,0.44,0.24,0.17,0.19,0.22,0.27,0.22,0.43,0.34,0.28
-4.67,-3.92,-2.97,-1.99,-1.07,-0.39,-0.04,0.60,0.92,0.84,0.60,0.75,0.81,0.92,1.04,1.01,1.13,1.66,1.67,1.64,1.52,1.39,1.35,1.39,1.40,1.68,1.62,1.82,1.74,1.78,1.56,1.57,1.85,1.52,1.03,0.76,0.67,0.64,0.85,1.08,0.96,1.13,1.40,1.33,1.35,1.24,1.23,1.25,1.38,1.47,1.60,1.75,1.68,1.75,1.78,1.64,1.63,1.72,1.75,1.46,1.77,1.82,2.06,2.33,2.45,1.94,1.97,1.90,1.77,1.67,1.60,1.58,1.63,1.69,1.78,1.82,1.74,1.73,1.69,1.57,1.62,1.67,1.68,1.42,1.64,1.45,1.27,1.52,1.74,1.73,1.47,1.50,1.40,1.40,1.45,1.46,1.42,1.29,1.27,1.45,1.55,1.67,1.57,1.35,1.56,1.39,1.61,1.56,1.50,1.55,1.42,1.57,1.71,1.69,1.61,1.57,1.67,1.56,1.34,1.41,1.63,1.75,1.71,1.72,1.64,1.57,1.60,1.60,1.64,1.66,1.62,1.52,1.31,1.38,1.47,1.33,1.06,1.20,1.14,0.92,0.66,0.64,0.67,0.64,0.80,0.61,0.41,0.51,0.60,0.54,0.58,0.14,0.09,0.04,0.14,0.38,0.38,0.33,0.27,0.35
-4.58,-4.24,-3.43,-2.30,-1.25,-0.49,-0.17,0.44,0.49,0.30,0.23,0.06,0.41,0.45,0.30,0.38,0.82,1.47,1.71,1.74,1.51,1.34,1.28,1.24,1.20,1.44,1.15,1.15,1.45,1.39,1.02,0.77,0.80,0.71,0.56,0.35,0.32,0.29,0.66,0.96,0.92,1.06,1.42,1.39,1.25,1.30,1.14,1.36,1.66,1.67,1.84,1.92,1.85,1.92,1.96,1.83,1.79,1.82,1.90,1.55,1.79,1.88,2.08,2.23,2.19,2.36,2.23,1.92,1.82,1.77,1.78,1.77,1.75,1.61,1.66,1.78,1.82,1.92,1.67,1.82,1.84,1.72,1.46,1.38,1.51,1.63,1.36,1.56,1.57,1.90,1.58,1.55,1.41,1.40,1.51,1.49,1.44,1.27,1.19,1.35,1.50,1.74,1.67,1.55,1.61,1.61,1.56,1.50,1.52,1.61,1.56,1.52,1.51,1.47,1.51,1.74,1.90,1.68,1.77,1.72,1.61,1.74,1.78,1.64,1.51,1.52,1.64,1.66,1.63,1.73,1.52,1.52,1.31,1.38,1.33,1.12,1.06,1.13,0.90,0.90,0.69,0.72,0.72,0.64,0.71,0.45,0.38,0.56,0.54,0.44,0.59,0.39,0.34,0.20,0.13,0.23,0.35,0.23,0.38,0.40
-4.74,-4.38,-3.80,-2.75,-1.51,-0.98,-0.48,-0.09,-0.04,-0.33,-0.71,-0.58,-0.48,-0.48,-0.38,-0.12,0.39,1.11,1.31,1.53,1.42,1.23,1.17,1.15,0.92,0.67,0.75,0.54,0.59,0.81,0.91,0.76,0.54,0.61,0.77,0.65,0.33,0.27,0.49,0.75,0.87,0.98,1.25,1.39,1.15,1.31,1.18,1.50,1.89,2.17,2.16,2.00,2.00,2.17,2.13,1.96,1.83,1.74,1.89,1.64,1.95,2.03,2.31,2.49,2.13,2.11,2.03,1.78,1.86,1.82,1.86,1.72,1.66,1.60,1.52,1.51,1.57,1.77,1.64,1.75,1.71,1.68,1.66,1.40,1.67,1.62,1.45,1.56,1.58,1.79,1.67,1.56,1.53,1.57,1.55,1.63,1.64,1.39,1.29,1.34,1.36,1.58,1.52,1.60,1.58,1.69,1.68,1.45,1.53,1.63,1.58,1.60,1.55,1.46,1.58,1.75,1.69,1.51,1.60,1.79,1.71,1.82,1.72,1.66,1.46,1.42,1.58,1.63,1.52,1.56,1.31,1.47,1.27,1.29,1.18,1.06,1.11,1.08,0.82,0.70,0.50,0.66,0.74,0.67,0.64,0.33,0.40,0.55,0.44,0.35,0.53,0.48,0.51,0.15,0.18,0.38,0.29,0.53,0.27,0.07
-5.23,-4.87,-4.25,-3.26,-1.97,-1.59,-1.40,-0.78,-0.66,-1.06,-1.22,-1.03,-1.16,-1.29,-1.05,-0.52,0.03,0.67,0.82,1.18,1.30,1.19,1.06,0.96,0.69,0.41,0.22,0.24,0.27,0.27,0.29,0.38,0.53,0.13,0.43,0.19,0.08,0.14,0.23,0.43,0.72,1.01,1.22,1.27,1.12,1.25,1.35,1.63,2.07,2.45,2.37,2.24,2.16,2.26,2.24,1.92,1.75,1.74,1.80,1.53,1.90,1.96,2.26,2.07,2.22,1.80,1.92,1.90,1.89,1.46,1.57,1.63,1.80,1.88,1.82,1.74,1.58,1.67,1.68,1.85,1.85,1.90,1.61,1.56,1.64,1.49,1.46,1.57,1.60,1.75,1.55,1.60,1.56,1.66,1.62,1.57,1.53,1.38,1.30,1.34,1.35,1.55,1.33,1.40,1.45,1.49,1.82,1.49,1.53,1.57,1.53,1.60,1.53,1.49,1.53,1.60,1.66,1.67,1.66,1.52,1.55,1.68,1.40,1.47,1.42,1.39,1.42,1.44,1.31,1.42,1.22,1.30,1.12,1.11,1.02,0.91,0.93,1.01,0.74,0.76,0.43,0.63,0.72,0.56,0.34,0.44,0.37,0.46,0.40,0.32,0.30,0.33,0.39,0.20,0.29,0.30,0.12,0.20,0.12,0.03
-5.58,-5.53,-5.09,-4.22,-3.27,-2.91,-2.11,-1.55,-1.25,-1.31,-1.71,-1.55,-1.79,-1.90,-1.64,-1.02,-0.23,0.34,0.45,0.91,1.20,1.19,1.02,0.72,0.40,-0.21,-0.01,-0.01,-0.07,-0.16,-0.17,-0.02,0.01,-0.46,-0.43,-0.43,-0.46,-0.19,-0.07,0.15,0.59,1.01,1.33,1.28,0.93,1.12,1.52,1.82,2.28,2.64,2.60,2.33,2.26,2.25,2.02,1.88,1.82,1.67,1.79,1.71,2.02,2.03,1.89,2.07,2.00,1.97,2.05,1.82,1.77,1.55,1.58,1.62,1.75,1.92,1.80,1.53,1.46,1.68,1.64,1.66,1.74,1.57,1.62,1.55,1.66,1.68,1.67,1.57,1.47,1.73,1.52,1.49,1.40,1.35,1.38,1.49,1.58,1.42,1.33,1.36,1.33,1.49,1.35,1.42,1.55,1.55,1.62,1.60,1.46,1.51,1.57,1.52,1.41,1.50,1.56,1.63,1.68,1.52,1.56,1.63,1.64,1.62,1.53,1.53,1.36,1.17,1.14,1.22,1.20,1.38,1.13,1.01,0.91,0.97,0.85,0.72,0.81,0.91,0.64,0.67,0.55,0.65,0.72,0.63,0.43,0.39,0.14,0.35,0.40,0.25,0.10,0.15,0.27,0.23,0.33,0.27,0.07,0.12,0.08,0.10
-5.92,-5.92,-5.73,-4.97,-4.28,-3.67,-3.08,-2.43,-1.95,-1.78,-2.23,-2.15,-2.42,-2.51,-2.13,-1.40,-0.59,0.04,-0.11,0.20,0.65,0.72,0.64,0.55,0.14,-0.29,-0.36,-0.28,-0.31,-0.48,-0.54,-0.51,-1.01,-1.67,-1.45,-1.26,-1.08,-0.68,-0.46,-0.13,0.48,0.87,1.14,1.33,0.95,1.12,1.39,1.75,2.23,2.43,2.29,2.29,2.36,2.47,2.52,2.24,2.06,1.84,1.91,1.96,1.84,1.94,1.96,2.01,1.94,2.07,1.94,1.85,1.63,1.49,1.50,1.52,1.74,1.95,1.83,1.58,1.61,1.75,1.62,1.66,1.67,1.55,1.57,1.69,1.66,1.82,1.75,1.58,1.63,1.66,1.56,1.39,1.52,1.57,1.56,1.56,1.77,1.77,1.68,1.61,1.44,1.45,1.24,1.15,1.28,1.60,1.39,1.73,1.36,1.62,1.57,1.55,1.41,1.44,1.53,1.62,1.58,1.49,1.52,1.52,1.69,1.51,1.29,1.25,1.18,1.07,1.07,1.06,0.98,0.97,0.87,0.90,0.85,0.92,0.71,0.65,0.77,0.75,0.61,0.70,0.50,0.37,0.43,0.59,0.66,0.35,0.08,0.34,0.38,0.25,0.15,0.15,0.19,0.10,0.20,0.14,0.02,0.10,0.19,0.09
-6.01,-6.05,-6.03,-5.85,-5.48,-4.70,-4.09,-3.57,-3.09,-2.91,-2.90,-2.90,-3.17,-3.18,-2.63,-1.48,-0.71,-0.48,-0.46,-0.31,0.01,0.29,0.40,0.41,-0.07,-0.76,-0.85,-0.63,-0.58,-0.71,-0.83,-1.26,-2.14,-3.00,-2.64,-2.37,-1.78,-1.30,-1.08,-0.67,0.12,0.67,1.12,1.33,1.17,1.25,1.40,2.00,2.45,2.45,2.41,2.54,2.57,2.43,2.33,2.08,1.83,1.95,1.75,1.86,1.78,1.68,1.85,2.18,1.89,1.91,1.86,1.86,1.69,1.60,1.56,1.57,1.74,2.05,1.99,1.66,1.71,1.74,1.61,1.57,1.64,1.58,1.62,1.60,1.75,1.88,1.67,1.66,1.55,1.50,1.47,1.49,1.51,1.39,1.47,1.61,1.68,1.64,1.53,1.46,1.41,1.33,1.29,1.41,1.35,1.63,1.44,1.60,1.39,1.53,1.42,1.62,1.58,1.41,1.47,1.56,1.49,1.44,1.45,1.49,1.46,1.44,1.28,1.23,1.09,1.03,1.06,0.92,0.79,0.95,0.93,0.84,0.77,0.86,0.64,0.69,0.71,0.60,0.63,0.63,0.40,0.29,0.41,0.54,0.48,0.22,0.17,0.33,0.29,0.27,0.24,0.18,0.01,-0.08,0.03,0.04,0.04,0.13,0.25,0.09
-5.99,-6.15,-6.34,-6.42,-6.47,-6.08,-5.54,-5.03,-4.66,-4.41,-4.14,-4.20,-4.49,-4.22,-3.15,-2.27,-1.41,-0.91,-0.86,-0.58,-0.04,0.27,0.44,0.17,-0.31,-0.86,-0.82,-0.71,-0.63,-0.62,-1.08,-2.00,-3.01,-3.74,-3.61,-3.19,-2.32,-1.74,-1.55,-1.08,-0.09,0.69,1.01,1.39,1.01,1.07,1.30,1.95,2.46,2.63,2.64,2.57,2.51,2.39,2.11,1.83,1.63,1.82,1.82,1.73,1.69,1.67,1.72,2.06,1.80,1.69,1.69,1.78,1.74,1.71,1.64,1.63,1.74,1.89,1.79,1.60,1.62,1.72,1.72,1.72,1.61,1.64,1.55,1.45,1.77,1.73,1.46,1.58,1.58,1.62,1.38,1.41,1.28,1.35,1.42,1.57,1.66,1.53,1.38,1.34,1.42,1.38,1.18,1.35,1.19,1.40,1.60,1.53,1.47,1.38,1.36,1.51,1.47,1.45,1.57,1.51,1.35,1.29,1.30,1.31,1.31,1.27,1.03,1.11,0.92,0.87,0.96,0.92,0.84,0.79,0.70,0.75,0.55,0.55,0.53,0.66,0.65,0.56,0.60,0.38,0.45,0.29,0.43,0.48,0.38,0.29,0.38,0.43,0.48,0.27,0.04,0.04,-0.03,-0.12,0.01,0.07,0.13,0.18,0.12,-0.06
-5.84,-6.16,-6.69,-6.88,-7.07,-7.15,-7.04,-6.80,-6.52,-6.27,-6.47,-6.67,-6.61,-5.75,-4.28,-3.50,-2.11,-1.72,-1.43,-0.85,-0.08,0.17,-0.04,-0.12,-0.67,-0.80,-0.61,-0.52,-0.43,-0.29,-1.19,-2.18,-3.23,-4.00,-3.88,-3.40,-2.33,-1.74,-1.57,-0.88,0.04,0.88,1.23,1.27,1.22,1.04,1.51,1.94,2.36,2.62,2.75,2.72,2.55,2.41,2.16,1.86,1.69,1.74,1.92,1.55,1.91,1.78,1.66,1.72,1.63,1.51,1.60,1.77,1.78,1.73,1.67,1.69,1.72,1.64,1.55,1.51,1.53,1.64,1.74,1.69,1.60,1.68,1.50,1.42,1.72,1.64,1.51,1.68,1.61,1.66,1.34,1.41,1.36,1.44,1.45,1.53,1.53,1.38,1.20,1.06,1.17,1.41,1.24,1.22,1.30,1.33,1.53,1.27,1.33,1.31,1.22,1.44,1.35,1.35,1.46,1.34,1.22,1.27,1.27,1.14,1.22,1.12,0.95,1.07,0.88,0.80,0.82,0.77,0.72,0.75,0.76,0.97,0.64,0.49,0.48,0.61,0.54,0.45,0.50,0.28,0.61,0.38,0.44,0.44,0.35,0.32,0.44,0.45,0.35,0.23,0.33,0.39,0.07,0.12,0.04,0.08,0.17,0.13,-0.11,-0.04
-5.80,-6.15,-6.85,-7.24,-7.45,-7.78,-8.15,-8.58,-9.18,-9.60,-10.54,-10.25,-9.61,-8.56,-6.36,-4.81,-3.56,-2.63,-2.04,-1.31,-0.41,-0.37,-0.38,-0.43,-0.88,-0.81,-0.66,-0.51,-0.24,-0.21,-0.93,-1.95,-2.97,-3.91,-4.05,-3.48,-2.34,-1.64,-1.58,-1.24,-0.28,0.70,1.27,1.23,1.08,1.02,1.41,1.89,2.42,2.69,2.81,2.86,2.75,2.62,2.12,1.79,1.72,1.78,1.96,1.72,2.07,1.71,1.61,1.66,1.62,1.51,1.67,1.83,1.88,1.77,1.72,1.75,1.68,1.62,1.60,1.55,1.51,1.56,1.72,1.58,1.67,1.79,1.63,1.46,1.61,1.64,1.42,1.66,1.53,1.60,1.45,1.44,1.50,1.67,1.58,1.46,1.49,1.36,1.28,1.20,1.23,1.40,1.40,1.44,1.39,1.24,1.25,1.28,1.46,1.27,1.02,1.30,1.13,1.22,1.34,1.34,1.24,1.28,1.36,1.18,1.13,1.02,0.96,0.96,0.86,0.75,0.76,0.76,0.74,0.70,0.70,0.81,0.70,0.44,0.43,0.43,0.37,0.33,0.35,0.44,0.65,0.56,0.51,0.44,0.32,0.30,0.40,0.34,0.32,0.17,0.28,0.28,-0.06,-0.12,0.04,0.08,0.02,-0.13,-0.18,0.25
-5.87,-6.16,-6.85,-7.27,-7.71,-8.45,-9.54,-10.90,-12.40,-14.19,-15.28,-15.09,-14.04,-12.24,-9.04,-6.31,-4.68,-3.58,-2.86,-2.16,-1.19,-1.08,-0.83,-0.83,-1.05,-0.90,-0.68,-0.62,-0.46,-0.24,-0.72,-2.14,-3.45,-4.13,-4.28,-3.73,-2.55,-1.71,-1.38,-0.64,-0.24,0.85,1.09,1.20,1.11,1.13,1.41,1.95,2.58,2.92,3.02,3.05,2.96,2.84,2.26,1.77,1.75,1.79,1.99,1.92,2.03,1.73,1.68,1.84,1.84,1.69,1.79,1.90,1.96,1.82,1.73,1.71,1.63,1.66,1.68,1.60,1.50,1.60,1.74,1.68,1.74,1.78,1.72,1.64,1.55,1.66,1.29,1.61,1.57,1.60,1.60,1.47,1.50,1.66,1.62,1.49,1.52,1.28,1.15,1.22,1.25,1.28,1.28,1.44,1.40,1.35,1.15,1.38,1.11,1.39,1.17,1.14,1.04,1.14,1.14,1.09,1.12,1.17,1.12,1.09,1.15,0.93,0.93,0.91,0.82,0.70,0.75,0.72,0.67,0.64,0.56,0.60,0.56,0.41,0.44,0.43,0.63,0.65,0.50,0.50,0.49,0.41,0.58,0.43,0.27,0.24,0.33,0.23,0.18,0.08,0.15,0.17,0.06,-0.03,0.20,0.22,0.13,0.06,0.06,0.19
-5.99,-6.36,-6.96,-7.15,-7.80,-9.08,-10.97,-13.34,-16.35,-19.23,-21.03,-21.20,-19.77,-17.01,-12.33,-8.60,-6.17,-4.70,-3.93,-3.41,-2.54,-1.97,-1.64,-1.39,-1.36,-1.02,-0.54,-0.41,-0.43,-0.39,-1.03,-2.23,-3.04,-3.99,-4.39,-4.12,-3.28,-2.43,-1.86,-0.88,-0.11,0.80,0.85,1.12,1.12,1.15,1.34,1.91,2.60,3.00,3.11,3.07,3.01,2.87,2.36,1.90,1.73,1.69,1.97,1.77,2.01,1.91,1.94,1.92,1.94,1.92,2.00,1.97,1.94,1.79,1.64,1.57,1.52,1.60,1.66,1.53,1.52,1.71,1.71,1.68,1.75,1.57,1.58,1.82,1.61,1.68,1.39,1.61,1.72,1.60,1.57,1.49,1.62,1.60,1.60,1.52,1.56,1.33,1.17,1.20,1.24,1.22,1.24,1.36,1.49,1.49,1.52,1.49,1.33,1.36,1.22,1.34,1.36,1.25,1.22,1.14,1.24,1.20,1.03,1.04,1.09,0.97,0.98,0.88,0.79,0.60,0.72,0.67,0.67,0.65,0.51,0.55,0.41,0.63,0.39,0.33,0.51,0.66,0.61,0.49,0.55,0.41,0.55,0.45,0.22,0.14,0.24,0.25,0.18,0.10,0.08,0.06,0.08,0.13,0.15,0.19,0.19,0.19,0.22,0.29
-6.21,-6.61,-7.22,-7.48,-8.23,-9.64,-12.01,-15.76,-19.73,-23.31,-25.71,-26.42,-25.08,-21.55,-15.64,-11.23,-8.18,-6.19,-5.19,-4.74,-3.95,-3.17,-2.42,-2.00,-1.58,-1.19,-0.78,-0.47,-0.51,-0.49,-1.48,-2.27,-3.06,-3.96,-4.35,-4.05,-3.34,-2.69,-2.29,-1.25,0.02,0.85,0.86,1.00,1.09,1.04,1.25,1.79,2.52,2.93,2.95,2.99,2.96,2.75,2.23,1.85,1.72,1.58,1.91,1.75,2.06,1.91,2.18,2.08,2.14,2.25,2.26,2.14,1.94,1.80,1.68,1.57,1.60,1.64,1.57,1.53,1.57,1.74,1.79,1.83,1.82,1.63,1.62,1.52,1.50,1.47,1.34,1.41,1.77,1.53,1.51,1.53,1.72,1.63,1.56,1.47,1.51,1.41,1.34,1.29,1.29,1.39,1.38,1.30,1.44,1.46,1.66,1.55,1.53,1.41,1.30,1.49,1.50,1.41,1.28,1.27,1.36,1.34,1.18,0.96,0.95,0.92,0.87,0.66,0.67,0.51,0.69,0.69,0.72,0.72,0.59,0.55,0.53,0.69,0.48,0.48,0.58,0.59,0.53,0.45,0.35,0.33,0.64,0.45,0.25,0.10,0.13,0.40,0.35,0.15,0.08,0.07,0.07,0.12,0.17,0.14,0.20,0.14,0.04,0.12
-6.00,-6.34,-7.15,-7.82,-8.95,-10.87,-13.74,-17.76,-22.13,-26.08,-28.96,-29.73,-27.85,-23.60,-17.72,-12.90,-9.65,-7.52,-6.24,-5.60,-4.74,-3.84,-3.43,-3.01,-2.41,-1.76,-1.24,-0.97,-1.00,-1.17,-1.91,-2.79,-3.44,-4.17,-4.60,-4.38,-3.74,-3.05,-2.50,-1.48,0.03,0.69,1.08,1.02,1.17,1.00,1.19,1.66,2.42,2.92,2.80,3.01,2.94,2.54,2.24,1.64,1.82,1.77,1.97,1.88,2.17,2.41,2.48,2.37,2.48,2.41,2.22,2.22,2.07,1.95,1.92,1.74,1.62,1.66,1.63,1.71,1.75,1.77,1.74,1.72,1.66,1.74,1.88,1.73,1.66,1.55,1.46,1.57,1.68,1.64,1.60,1.67,1.64,1.51,1.51,1.50,1.50,1.44,1.41,1.42,1.42,1.51,1.46,1.39,1.52,1.49,1.52,1.55,1.64,1.44,1.41,1.52,1.58,1.46,1.41,1.51,1.57,1.50,1.36,1.23,1.09,1.23,0.85,0.48,0.66,0.56,0.69,0.58,0.63,0.72,0.64,0.49,0.50,0.63,0.58,0.43,0.44,0.44,0.44,0.43,0.39,0.27,0.20,0.17,0.07,0.08,0.23,0.38,0.19,0.17,0.14,0.09,-0.01,-0.06,0.14,0.12,0.18,0.13,0.06,0.03
-6.15,-6.52,-6.93,-7.87,-9.26,-11.23,-14.16,-18.57,-22.75,-26.64,-29.43,-29.86,-27.27,-22.53,-17.53,-13.08,-9.91,-7.82,-6.52,-5.88,-5.04,-4.68,-4.33,-3.82,-3.36,-2.97,-2.47,-1.97,-1.96,-1.90,-2.59,-3.43,-3.79,-4.46,-4.91,-4.83,-4.46,-3.86,-2.90,-1.90,-0.28,0.74,1.18,1.08,1.17,1.06,1.19,1.58,2.31,2.93,2.81,2.94,2.74,2.22,2.17,1.74,1.58,1.82,2.13,2.25,2.69,2.74,2.58,2.66,2.80,2.76,2.54,2.26,2.02,1.90,1.90,1.78,1.60,1.56,1.61,1.73,1.41,1.49,1.72,1.63,1.63,1.61,1.53,1.61,1.42,1.66,1.33,1.30,1.63,1.64,1.56,1.62,1.74,1.41,1.44,1.60,1.62,1.58,1.45,1.44,1.49,1.47,1.45,1.53,1.66,1.49,1.41,1.46,1.58,1.38,1.24,1.34,1.55,1.39,1.39,1.34,1.42,1.44,1.29,1.15,1.12,1.02,0.51,0.53,0.49,0.56,0.48,0.39,0.49,0.58,0.55,0.39,0.32,0.61,0.55,0.35,0.38,0.39,0.32,0.40,0.58,0.40,0.33,0.12,-0.04,-0.01,0.14,0.22,0.02,0.23,0.15,0.01,-0.17,-0.27,-0.13,0.01,0.17,0.13,-0.01,-0.08
-6.17,-6.55,-7.41,-8.26,-9.62,-11.60,-14.22,-18.41,-22.01,-25.32,-27.29,-26.69,-23.47,-19.34,-15.26,-12.20,-9.68,-7.67,-6.39,-5.91,-5.39,-5.00,-5.00,-4.56,-4.28,-4.10,-3.65,-3.03,-2.69,-2.82,-3.30,-4.10,-4.47,-4.87,-5.12,-5.09,-4.97,-4.54,-3.60,-2.42,-0.81,0.67,1.15,1.08,1.08,1.06,1.18,1.51,2.08,2.65,2.71,2.58,2.35,1.97,1.89,1.34,1.45,1.89,2.37,2.66,2.98,3.05,3.01,3.13,3.14,2.89,2.40,2.22,2.29,2.17,1.92,1.68,1.50,1.50,1.60,1.72,1.69,1.77,1.45,1.61,1.66,1.82,1.45,1.53,1.28,1.80,1.51,1.50,1.75,1.74,1.56,1.49,1.41,1.38,1.39,1.61,1.58,1.36,1.33,1.27,1.36,1.49,1.45,1.58,1.57,1.36,1.29,1.30,1.36,1.19,0.92,1.24,1.46,1.23,1.29,1.20,1.27,1.13,0.93,0.82,0.79,0.84,0.53,0.63,0.35,0.51,0.53,0.61,0.53,0.49,0.51,0.40,0.33,0.58,0.46,0.38,0.35,0.29,0.23,0.24,0.28,0.25,0.29,0.03,-0.01,-0.06,0.03,0.27,0.17,-0.08,0.07,-0.04,-0.22,-0.28,-0.32,-0.12,0.14,0.12,-0.01,-0.08
-6.34,-6.63,-7.46,-8.45,-9.96,-12.11,-14.25,-17.59,-20.70,-23.13,-23.81,-21.91,-17.84,-14.96,-12.07,-10.23,-8.90,-7.74,-6.65,-5.76,-5.54,-5.29,-5.12,-4.88,-4.71,-4.56,-4.18,-3.80,-3.41,-3.67,-4.13,-4.72,-4.96,-5.04,-5.08,-5.04,-5.01,-4.78,-4.22,-2.97,-1.51,0.15,0.95,1.00,0.98,0.97,1.00,1.25,1.68,2.03,2.12,2.00,1.96,1.71,1.77,1.28,1.40,1.97,2.31,2.76,3.05,3.13,3.06,3.35,3.42,3.23,2.99,2.59,2.30,2.09,1.99,1.85,1.62,1.69,1.86,1.86,1.40,1.53,1.66,1.62,1.78,1.79,1.41,1.50,1.49,1.47,1.45,1.60,1.72,1.47,1.45,1.51,1.47,1.44,1.34,1.23,1.23,1.07,1.30,1.24,1.23,1.33,1.34,1.52,1.45,1.30,1.17,1.19,1.14,1.13,0.87,1.11,1.09,0.91,1.02,0.88,0.84,0.72,0.63,0.64,0.65,0.58,0.34,0.37,0.28,0.72,0.56,0.69,0.53,0.58,0.56,0.35,0.32,0.37,0.39,0.41,0.45,0.32,0.22,0.24,0.18,0.07,0.23,0.10,0.23,0.15,0.09,0.14,0.18,-0.14,-0.01,-0.16,-0.13,-0.03,-0.13,-0.01,0.18,0.15,0.09,0.10
-6.48,-6.71,-7.33,-8.55,-10.34,-12.40,-13.98,-16.64,-19.37,-20.85,-20.11,-17.25,-13.76,-11.58,-9.60,-8.84,-8.27,-7.22,-6.28,-6.01,-5.56,-5.27,-5.12,-4.88,-4.71,-4.60,-4.39,-4.28,-4.03,-4.05,-4.54,-4.92,-4.97,-4.96,-4.99,-4.97,-4.88,-4.66,-4.51,-3.79,-2.36,-0.31,0.64,0.76,0.80,0.88,1.02,1.25,1.50,1.83,1.91,1.67,1.82,1.41,1.75,1.22,1.19,1.78,2.60,3.02,3.31,3.48,3.37,3.61,3.72,3.55,3.28,2.86,2.52,2.09,1.84,1.88,1.67,1.53,1.63,1.73,1.56,1.80,1.67,1.63,1.92,1.84,1.79,1.90,1.58,1.67,1.53,1.57,1.84,1.71,1.47,1.38,1.52,1.34,1.44,1.46,1.38,1.01,1.14,1.07,1.00,1.08,1.14,1.31,1.31,1.27,1.14,1.17,1.04,1.06,0.93,0.93,0.88,0.84,0.88,0.74,0.74,0.61,0.63,0.69,0.64,0.61,0.56,0.51,0.29,0.46,0.29,0.44,0.22,0.32,0.34,0.27,0.40,0.39,0.24,0.41,0.59,0.40,0.25,0.28,0.22,0.03,0.34,0.19,0.19,0.07,-0.01,0.08,0.27,-0.06,0.24,-0.13,-0.31,-0.18,0.08,0.45,0.38,0.24,0.23,0.34
-6.65,-6.82,-7.53,-8.74,-10.37,-12.13,-13.58,-16.01,-18.24,-18.79,-17.03,-13.82,-11.39,-9.60,-8.23,-7.54,-7.07,-6.48,-6.16,-5.69,-5.21,-5.13,-4.99,-4.78,-4.64,-4.63,-4.46,-4.47,-4.26,-4.22,-4.67,-4.85,-4.88,-4.85,-4.89,-4.95,-4.78,-4.49,-4.68,-4.54,-2.74,-0.41,0.65,0.81,0.85,0.98,1.04,1.12,1.36,1.63,1.63,1.72,1.44,1.17,1.34,1.22,1.18,1.79,2.49,3.16,3.26,3.37,3.34,3.60,3.77,3.69,3.61,3.28,2.71,2.19,1.96,2.02,1.97,1.83,1.73,1.69,1.51,1.66,1.66,1.57,1.78,1.82,1.69,1.77,1.49,1.69,1.58,1.51,1.77,1.47,1.62,1.64,1.68,1.42,1.53,1.36,1.30,1.04,1.23,1.24,1.20,1.25,1.28,1.36,1.39,1.38,1.20,1.19,1.06,1.00,0.85,0.88,1.01,0.84,0.82,0.76,0.66,0.65,0.70,0.60,0.48,0.56,0.55,0.61,0.46,0.54,0.33,0.45,0.49,0.55,0.54,0.55,0.59,0.44,0.27,0.32,0.30,0.38,0.20,0.28,0.28,0.09,0.41,0.12,0.02,0.01,0.13,0.32,0.29,0.10,0.13,-0.04,-0.14,-0.02,0.32,0.41,0.25,0.30,0.43,0.55
-6.73,-6.93,-7.74,-8.74,-9.74,-11.04,-13.25,-15.40,-16.79,-16.55,-14.49,-11.63,-9.86,-8.34,-7.24,-6.85,-6.66,-6.20,-5.96,-5.44,-5.37,-5.17,-4.85,-4.68,-4.71,-4.70,-4.46,-4.55,-4.42,-4.33,-4.70,-4.89,-4.93,-4.78,-4.56,-4.67,-4.55,-4.37,-4.59,-4.43,-2.97,-0.67,0.72,1.08,0.87,0.81,1.12,1.23,1.03,1.24,1.36,1.57,1.42,1.02,1.11,0.80,0.90,1.77,2.42,3.16,3.29,3.36,3.55,3.84,3.88,3.87,3.75,3.37,2.70,2.09,2.00,1.99,1.89,1.75,1.63,1.62,1.66,1.86,1.86,1.72,1.72,1.57,1.67,1.56,1.69,1.69,1.72,1.61,1.97,1.84,1.62,1.56,1.61,1.41,1.45,1.50,1.53,1.40,1.28,1.20,1.46,1.60,1.53,1.53,1.42,1.33,1.36,1.33,1.27,1.19,0.86,0.82,1.00,0.74,0.67,0.76,0.64,0.70,0.69,0.64,0.67,0.70,0.69,0.63,0.67,0.74,0.50,0.58,0.32,0.60,0.70,0.50,0.34,0.29,0.46,0.49,0.37,0.33,0.18,0.41,0.35,0.10,0.32,0.10,0.09,0.02,0.24,0.39,0.25,0.32,0.35,0.20,0.23,0.41,0.54,0.49,0.55,0.39,0.55,0.75
-6.66,-7.00,-7.43,-8.20,-9.36,-10.74,-12.56,-14.31,-14.66,-13.54,-11.81,-10.39,-8.52,-7.31,-6.51,-6.17,-6.08,-5.84,-5.67,-5.37,-5.40,-5.09,-4.88,-4.83,-4.83,-4.78,-4.49,-4.64,-4.59,-4.35,-4.54,-4.85,-4.93,-4.66,-4.34,-4.37,-4.46,-4.20,-4.33,-4.12,-2.81,-0.42,0.87,1.00,0.90,0.88,0.88,1.07,1.14,1.08,1.17,1.25,1.02,1.01,0.79,0.76,0.88,1.85,2.64,3.14,3.38,3.49,3.54,3.69,3.75,3.81,3.41,2.88,2.47,2.05,2.07,2.17,2.08,1.86,1.62,1.77,1.72,1.68,1.69,1.96,2.00,1.83,1.82,1.61,1.86,1.66,1.89,1.77,2.02,1.77,1.78,1.62,1.75,1.68,1.52,1.56,1.77,1.51,1.45,1.52,1.63,1.61,1.58,1.66,1.55,1.38,1.35,1.34,1.28,1.22,1.13,0.96,0.77,0.86,0.55,0.66,0.64,0.69,0.65,0.69,0.77,0.72,0.55,0.44,0.72,0.45,0.49,0.39,0.46,0.63,0.58,0.43,0.38,0.39,0.29,0.28,0.20,0.17,0.08,0.23,0.20,0.07,0.19,0.28,0.24,0.12,0.33,0.48,0.41,0.50,0.40,0.48,0.40,0.45,0.63,0.67,0.58,0.61,0.54,0.66
-6.55,-7.12,-7.63,-8.08,-8.76,-9.74,-10.69,-11.89,-12.42,-11.71,-10.10,-9.13,-7.64,-6.84,-6.30,-5.97,-5.84,-5.62,-5.48,-5.45,-5.42,-5.13,-4.99,-4.97,-4.81,-4.83,-4.62,-4.80,-4.68,-4.47,-4.54,-4.71,-4.85,-4.83,-4.52,-4.47,-4.31,-4.20,-4.13,-4.16,-2.79,-0.71,0.71,0.95,0.77,1.01,1.25,0.97,0.86,1.07,1.06,1.17,0.85,0.90,0.92,0.87,1.08,1.84,2.76,3.13,3.37,3.50,3.60,3.66,3.75,3.78,3.11,2.42,2.33,2.31,2.40,2.29,2.24,2.03,1.80,1.90,1.83,1.77,1.68,2.03,1.79,1.86,1.61,1.58,1.61,1.75,1.78,1.72,1.77,1.62,1.74,1.72,1.72,1.69,1.75,2.09,2.03,1.64,1.66,1.63,1.71,1.75,1.67,1.60,1.42,1.31,1.31,1.24,1.28,1.23,1.29,1.06,0.74,0.69,0.44,0.49,0.51,0.67,0.60,0.50,0.58,0.59,0.40,0.45,0.64,0.40,0.51,0.63,0.59,0.54,0.60,0.46,0.35,0.40,0.27,0.54,0.29,0.55,0.46,0.43,0.35,0.23,0.29,0.41,0.29,0.28,0.51,0.63,0.56,0.65,0.61,0.71,0.63,0.59,0.60,0.58,0.56,0.66,0.70,0.85
-6.78,-7.05,-7.41,-7.90,-8.42,-8.80,-9.43,-10.74,-11.06,-10.23,-9.20,-8.13,-7.04,-6.50,-6.09,-5.81,-5.68,-5.52,-5.42,-5.50,-5.36,-5.20,-5.09,-4.92,-4.72,-4.80,-4.87,-4.87,-4.81,-4.72,-4.76,-4.81,-4.88,-4.79,-4.38,-4.21,-4.10,-4.07,-3.87,-4.16,-3.25,-1.03,0.56,0.84,0.77,1.01,1.19,1.11,0.98,1.12,0.79,1.06,0.81,0.72,0.82,0.98,1.00,1.79,2.77,3.29,3.34,3.54,3.68,3.53,3.59,3.63,2.90,2.29,2.34,2.42,2.57,2.41,2.28,2.01,1.88,1.79,1.74,1.83,1.77,2.05,1.82,1.83,1.82,1.58,1.58,1.75,1.72,1.68,1.86,1.77,1.84,1.82,1.80,1.90,1.96,2.13,2.11,2.14,2.17,1.96,1.97,1.83,1.57,1.51,1.42,1.31,1.33,1.18,0.97,0.82,0.75,0.65,0.64,0.77,0.40,0.45,0.60,0.72,0.48,0.40,0.51,0.53,0.53,0.61,0.58,0.43,0.54,0.60,0.44,0.33,0.49,0.49,0.44,0.41,0.20,0.34,0.28,0.45,0.27,0.40,0.44,0.45,0.60,0.45,0.41,0.34,0.69,0.80,0.75,0.82,0.72,0.75,0.63,0.50,0.49,0.64,0.72,0.81,0.75,0.75
-6.81,-7.08,-7.53,-7.91,-7.85,-8.44,-8.79,-9.61,-9.77,-9.02,-8.45,-7.68,-6.66,-6.30,-5.96,-5.72,-5.71,-5.44,-5.52,-5.50,-5.32,-5.17,-5.12,-4.95,-4.74,-4.74,-5.04,-4.75,-4.83,-4.75,-4.81,-4.97,-4.91,-4.64,-4.28,-4.14,-4.17,-3.83,-3.97,-3.79,-3.14,-1.02,0.51,0.95,0.97,0.91,0.96,1.00,0.93,1.13,0.71,0.97,0.77,0.81,0.96,0.93,1.03,1.69,2.75,3.43,3.38,3.50,3.57,3.53,3.57,3.55,2.80,2.28,2.57,2.59,2.66,2.63,2.48,2.12,1.96,1.68,1.68,1.79,1.77,2.06,1.88,1.80,1.75,1.52,1.66,1.79,1.73,1.69,2.03,1.80,1.79,1.80,1.92,1.92,2.00,2.26,2.08,2.08,2.17,2.14,2.12,1.94,1.72,1.56,1.42,1.12,0.79,0.75,0.61,0.51,0.40,0.33,0.60,0.65,0.44,0.40,0.61,0.63,0.40,0.51,0.60,0.55,0.61,0.56,0.45,0.35,0.67,0.77,0.48,0.37,0.38,0.32,0.30,0.32,0.29,0.46,0.37,0.64,0.38,0.66,0.65,0.72,0.91,0.55,0.55,0.46,0.86,1.00,0.88,0.85,0.55,0.71,0.54,0.48,0.58,0.72,0.72,0.69,0.53,0.58
-6.78,-7.19,-7.74,-8.33,-8.51,-8.33,-8.49,-8.80,-8.77,-8.29,-7.86,-7.30,-6.44,-6.16,-5.85,-5.57,-5.79,-5.44,-5.48,-5.44,-5.46,-5.32,-5.07,-4.93,-4.67,-4.95,-4.91,-4.88,-5.00,-4.95,-4.87,-4.95,-4.96,-4.60,-4.34,-4.16,-3.66,-3.78,-3.49,-3.23,-2.55,-0.82,0.44,0.80,0.90,0.95,0.84,0.70,0.77,0.93,0.75,1.03,0.60,0.80,0.90,0.87,0.98,1.74,2.68,3.22,3.25,3.43,3.50,3.54,3.61,3.44,2.72,2.47,2.81,2.75,3.00,3.02,2.99,2.63,2.23,1.80,1.84,1.85,1.82,1.89,1.91,1.84,1.84,1.72,1.82,1.90,1.67,1.89,1.91,1.71,1.83,2.03,2.18,2.30,2.24,2.33,2.22,2.22,2.23,2.25,2.05,1.88,1.71,1.44,1.19,0.97,0.86,0.85,0.59,0.34,0.24,0.41,0.20,0.28,0.29,0.32,0.41,0.56,0.39,0.50,0.58,0.58,0.56,0.39,0.41,0.20,0.56,0.63,0.46,0.43,0.33,0.35,0.49,0.55,0.45,0.46,0.46,0.70,0.48,0.76,0.71,0.77,0.96,0.79,0.75,0.80,1.04,0.87,0.65,0.67,0.48,0.70,0.50,0.51,0.58,0.56,0.56,0.55,0.38,0.44
-7.13,-7.63,-8.01,-8.31,-8.29,-8.26,-8.36,-8.47,-8.30,-7.78,-7.34,-6.94,-6.27,-5.99,-5.69,-5.35,-5.53,-5.45,-5.36,-5.21,-5.24,-5.27,-5.13,-4.95,-4.85,-5.00,-5.01,-5.15,-5.20,-5.11,-4.99,-5.05,-4.96,-4.31,-3.93,-3.66,-2.95,-2.99,-3.01,-2.84,-1.81,-0.42,0.51,0.84,0.88,0.95,0.93,0.80,0.85,1.02,1.02,1.02,0.80,1.01,1.07,0.88,1.07,1.67,2.58,3.08,3.17,3.32,3.44,3.43,3.48,3.36,2.77,2.62,2.99,3.00,3.31,3.41,3.46,3.22,2.65,2.12,2.00,1.99,1.91,1.82,2.19,1.96,1.97,1.72,1.88,2.07,1.60,1.92,1.94,1.97,2.22,2.57,2.47,2.72,2.63,2.70,2.35,2.42,2.43,2.77,2.60,1.91,1.49,1.18,0.92,0.77,0.60,0.49,0.32,0.40,0.56,0.18,0.13,0.29,0.50,0.37,0.29,0.56,0.37,0.58,0.58,0.54,0.58,0.43,0.49,0.25,0.30,0.51,0.55,0.60,0.41,0.45,0.59,0.63,0.66,0.72,0.82,1.07,0.91,1.20,1.29,1.13,1.03,1.12,0.86,1.09,1.14,0.88,0.75,0.79,0.54,0.59,0.39,0.35,0.41,0.46,0.45,0.53,0.23,0.33
-7.67,-7.94,-8.01,-8.20,-8.24,-8.01,-7.91,-8.00,-7.98,-7.54,-6.94,-6.58,-6.11,-5.79,-5.54,-5.28,-5.15,-5.27,-5.32,-5.20,-5.29,-5.40,-5.27,-5.04,-4.95,-4.80,-5.13,-5.19,-5.09,-5.08,-5.16,-5.23,-4.92,-4.21,-3.50,-3.04,-1.82,-1.77,-1.74,-1.36,-0.51,0.17,0.44,0.64,0.79,0.82,0.97,0.90,0.98,0.91,0.98,0.97,0.92,1.13,1.22,1.07,1.22,1.55,2.51,3.02,3.24,3.35,3.34,3.29,3.34,3.34,2.82,2.57,3.06,3.30,3.57,3.71,3.80,3.62,3.12,2.53,1.90,2.07,1.96,1.94,2.29,2.09,1.97,1.79,2.00,2.06,1.69,1.92,2.13,2.12,2.63,3.08,2.94,3.10,3.10,3.04,2.72,2.76,2.92,3.23,2.94,2.23,1.62,1.18,0.91,0.76,0.58,0.38,0.25,0.38,0.33,0.22,0.28,0.29,0.20,0.32,0.38,0.54,0.17,0.63,0.61,0.41,0.54,0.50,0.49,0.63,0.35,0.79,0.66,0.77,0.72,0.76,0.76,0.80,0.91,1.02,0.98,1.30,1.09,1.24,1.22,1.11,1.18,1.34,1.00,0.84,0.72,0.55,0.58,0.64,0.38,0.48,0.27,0.33,0.46,0.50,0.45,0.39,0.12,0.24
-7.58,-7.87,-7.93,-8.22,-8.09,-7.58,-7.31,-7.35,-7.43,-7.15,-6.65,-6.16,-5.87,-5.72,-5.46,-5.13,-5.13,-5.13,-5.17,-5.25,-5.33,-5.32,-5.13,-4.88,-4.87,-5.09,-5.37,-5.53,-5.50,-5.37,-5.27,-5.20,-4.97,-4.54,-4.24,-2.77,-1.51,-1.25,-1.29,-1.62,-0.82,0.18,0.51,0.55,0.66,0.86,1.07,1.07,1.11,0.84,1.19,1.06,0.95,1.12,1.19,1.20,1.28,1.61,2.35,2.84,3.18,3.36,3.29,3.19,3.24,3.26,2.92,2.66,3.01,3.44,3.86,4.05,4.12,4.00,3.71,3.05,2.13,2.09,2.06,2.18,2.23,2.26,2.00,2.00,2.09,1.88,1.90,2.06,2.20,2.35,3.14,3.65,3.53,3.54,3.55,3.53,3.36,3.38,3.47,3.57,3.17,2.49,1.83,1.35,1.07,0.90,0.69,0.41,0.35,0.25,0.34,0.24,0.29,0.30,0.19,0.28,0.28,0.34,0.33,0.50,0.46,0.50,0.63,0.60,0.60,0.70,0.56,0.72,0.74,0.79,1.04,1.07,1.08,1.12,1.12,1.13,1.15,1.45,1.15,1.30,1.23,1.12,1.07,1.02,1.02,0.91,0.71,0.69,0.63,0.49,0.40,0.39,0.20,0.28,0.35,0.41,0.45,0.14,0.18,0.19
-7.28,-7.76,-7.93,-8.13,-7.68,-7.15,-6.86,-6.85,-6.75,-6.24,-6.12,-5.88,-5.53,-5.35,-5.32,-5.17,-5.11,-5.07,-5.01,-5.03,-5.13,-5.21,-5.17,-5.07,-5.31,-5.15,-5.08,-5.56,-5.53,-5.31,-5.20,-5.07,-4.93,-4.60,-3.87,-2.97,-1.86,-1.25,-1.30,-1.64,-1.11,-0.12,0.53,0.77,0.82,1.04,1.30,1.46,1.35,1.06,1.34,1.07,1.02,1.00,1.18,1.35,1.40,1.83,2.39,2.78,3.02,3.24,3.23,3.14,3.17,3.08,2.89,2.75,3.14,3.63,3.94,4.22,4.26,4.31,4.28,3.71,2.84,2.35,2.29,2.49,2.35,2.20,2.18,2.06,2.26,2.07,2.30,2.22,2.49,2.94,3.73,4.07,3.97,3.90,3.74,3.77,3.71,3.86,3.78,3.68,3.40,2.78,1.90,1.17,0.84,0.75,0.71,0.51,0.39,0.35,0.25,0.23,0.38,0.48,0.37,0.27,0.50,0.50,0.64,0.77,0.59,0.58,0.77,0.76,0.70,0.80,0.85,1.00,1.02,0.97,1.15,1.14,1.19,1.18,1.09,1.08,1.22,1.23,1.03,0.95,1.00,0.97,0.95,0.93,0.70,0.63,0.82,0.65,0.48,0.38,0.23,0.09,0.09,0.06,0.23,0.40,0.34,0.10,0.14,0.23
-7.20,-7.80,-8.08,-7.82,-7.27,-6.84,-6.51,-6.39,-6.27,-5.61,-5.61,-5.50,-5.25,-5.03,-4.92,-4.83,-4.96,-5.09,-5.16,-5.01,-5.00,-5.13,-5.01,-4.97,-5.31,-5.42,-5.46,-5.52,-5.50,-5.56,-5.50,-5.21,-5.03,-4.52,-4.10,-3.82,-3.09,-2.27,-2.04,-2.25,-1.76,-0.52,0.56,1.00,1.06,1.31,1.69,1.89,1.78,1.64,1.41,1.31,1.34,1.22,1.39,1.53,1.58,1.95,2.54,2.94,3.02,3.10,3.00,3.05,3.19,2.95,2.68,2.70,3.37,3.80,4.03,4.17,4.28,4.45,4.64,4.38,3.49,2.99,2.89,2.96,2.82,2.63,2.66,2.68,3.12,2.94,2.99,2.95,3.37,3.73,4.09,4.22,4.18,4.11,3.98,3.91,3.93,3.88,3.69,3.69,3.49,2.87,1.90,1.12,0.81,0.77,0.69,0.48,0.35,0.30,0.25,0.29,0.30,0.38,0.39,0.28,0.56,0.28,0.39,0.61,0.54,0.64,0.71,0.71,0.87,0.77,0.71,0.74,1.02,1.09,1.19,1.15,1.15,1.08,0.92,0.90,1.03,0.93,0.86,0.76,0.92,1.02,1.02,0.84,0.51,0.50,0.95,0.74,0.60,0.54,0.30,0.33,0.39,0.28,0.30,0.32,0.14,-0.04,0.07,0.29
-7.09,-7.71,-8.07,-7.64,-6.89,-6.51,-6.23,-5.99,-5.81,-5.53,-5.28,-5.39,-5.27,-5.15,-5.11,-4.75,-4.97,-4.93,-5.08,-5.08,-5.03,-5.08,-4.97,-5.25,-5.54,-5.49,-5.83,-5.96,-5.72,-5.50,-5.44,-5.20,-5.20,-4.83,-4.55,-4.34,-3.86,-3.37,-3.01,-2.99,-2.13,-0.54,0.66,1.13,1.28,1.55,2.06,2.24,2.39,2.20,1.78,1.79,1.91,1.91,1.75,1.84,2.01,2.16,2.68,3.18,3.22,3.17,3.05,3.07,3.32,3.19,2.80,2.77,3.30,3.74,4.11,4.28,4.37,4.57,4.90,4.75,4.19,3.91,3.92,3.88,3.84,3.85,3.50,3.94,4.18,4.00,3.83,4.04,4.32,4.23,4.25,4.34,4.32,4.38,4.16,4.13,4.03,3.81,3.75,3.61,3.28,2.82,2.07,1.34,1.03,0.87,0.71,0.64,0.56,0.48,0.39,0.30,0.45,0.33,0.28,0.50,0.67,0.74,0.82,0.74,0.69,0.88,0.93,0.86,0.90,0.91,0.91,0.96,1.11,1.19,1.02,0.93,1.03,1.03,0.88,0.84,0.91,0.88,0.79,0.80,0.98,1.03,0.93,0.71,0.40,0.48,0.66,0.55,0.55,0.43,0.13,0.12,0.35,0.02,0.09,0.20,0.17,0.25,0.44,0.20
-6.69,-7.11,-7.41,-7.16,-6.92,-6.46,-6.01,-5.73,-5.52,-5.17,-5.08,-5.25,-5.25,-5.08,-5.03,-4.97,-5.01,-4.93,-4.89,-4.85,-4.87,-5.05,-5.27,-5.03,-5.37,-5.68,-5.88,-5.88,-5.80,-5.62,-5.39,-5.33,-5.39,-4.96,-4.64,-4.46,-4.03,-3.80,-3.48,-3.12,-2.05,-0.31,0.91,1.25,1.51,1.91,2.43,2.64,2.82,2.58,2.39,2.24,2.52,2.62,2.35,2.52,2.75,2.75,3.06,3.43,3.50,3.54,3.47,3.38,3.50,3.49,3.04,2.81,3.22,3.60,4.11,4.36,4.47,4.63,4.91,4.84,4.81,4.72,4.87,4.83,4.84,4.62,4.45,4.78,4.65,4.62,4.48,4.39,4.75,4.38,4.44,4.49,4.32,4.52,4.31,4.31,4.06,3.60,3.56,3.22,2.74,2.35,1.84,1.30,1.03,0.82,0.63,0.60,0.60,0.58,0.38,0.49,0.71,0.69,0.58,0.59,0.76,0.74,0.84,0.86,0.97,1.03,0.96,0.93,0.96,0.82,0.91,0.97,1.09,0.74,0.74,0.74,0.87,0.91,0.88,0.90,0.90,0.81,0.85,0.80,1.02,0.96,0.85,0.70,0.49,0.46,0.37,0.33,0.43,0.37,0.07,-0.01,0.13,0.13,0.29,0.28,0.10,0.09,0.03,0.08
-6.34,-6.42,-6.48,-6.24,-6.11,-5.96,-5.65,-5.24,-5.03,-5.11,-4.95,-5.01,-5.01,-4.91,-4.84,-4.71,-4.87,-4.80,-4.72,-4.74,-4.81,-4.99,-5.24,-5.11,-5.31,-5.71,-5.99,-5.83,-5.60,-5.44,-5.19,-5.07,-5.20,-4.78,-4.51,-4.31,-3.97,-3.71,-3.43,-2.97,-1.83,-0.18,1.01,1.44,1.77,2.43,2.87,3.12,3.13,3.16,3.12,2.84,2.95,3.26,3.23,3.19,3.30,3.32,3.43,3.61,3.72,3.71,3.61,3.63,3.74,3.65,3.16,2.82,3.24,3.52,4.13,4.48,4.64,4.68,4.99,5.01,5.17,5.33,5.45,5.18,5.31,4.99,4.96,4.96,4.95,4.87,4.83,4.48,4.77,4.50,4.69,4.54,4.29,4.47,4.35,4.38,4.10,3.37,3.00,2.55,2.19,1.84,1.49,1.24,1.00,0.79,0.71,0.66,0.63,0.69,0.84,0.95,1.02,0.93,0.87,0.91,0.98,0.87,0.92,0.93,0.95,0.88,0.75,0.71,0.66,0.43,0.64,0.72,0.77,0.72,0.75,0.85,0.76,0.76,0.75,0.72,0.80,0.75,0.96,0.77,0.85,0.79,0.74,0.61,0.35,0.20,0.32,0.20,0.28,0.23,-0.04,-0.21,-0.01,-0.07,-0.01,0.09,0.04,-0.23,-0.07,-0.03
-6.34,-6.04,-5.89,-5.91,-5.68,-5.31,-5.11,-5.11,-5.12,-5.13,-4.99,-5.01,-5.04,-4.97,-4.87,-4.84,-4.70,-4.71,-4.81,-4.85,-4.83,-4.88,-4.92,-5.03,-5.35,-5.76,-6.05,-5.97,-5.71,-5.44,-5.09,-4.83,-4.99,-4.66,-4.47,-4.09,-3.78,-3.58,-3.32,-2.68,-1.30,0.09,0.91,1.66,2.20,2.83,3.26,3.56,3.63,3.73,3.57,3.44,3.31,3.50,3.68,3.69,3.85,3.86,3.80,3.93,3.96,3.88,3.86,3.80,3.86,3.81,3.23,2.92,3.41,3.72,4.28,4.45,4.71,4.89,4.81,5.18,5.33,5.54,5.80,5.36,5.22,4.95,4.99,4.89,5.03,4.81,4.95,4.63,4.70,4.49,4.68,4.37,4.30,4.43,4.28,4.28,4.05,3.23,2.60,2.22,2.08,1.88,1.44,1.25,1.17,1.13,1.08,0.95,1.07,1.29,1.30,1.36,1.17,0.90,1.12,1.25,1.06,0.92,0.79,0.67,0.66,0.61,0.40,0.34,0.50,0.55,0.56,0.74,0.45,0.51,0.63,0.76,0.74,0.75,0.86,0.90,0.81,0.69,0.76,0.55,0.59,0.58,0.56,0.44,0.19,0.17,0.35,0.27,0.18,0.09,-0.04,-0.26,-0.23,-0.34,-0.08,0.07,-0.04,-0.14,0.01,0.13
-6.44,-6.47,-5.95,-5.71,-5.56,-5.46,-5.23,-4.96,-5.21,-5.00,-4.87,-4.89,-4.96,-4.93,-4.83,-4.99,-4.72,-4.70,-4.96,-5.04,-4.76,-4.64,-4.72,-5.04,-5.37,-5.75,-5.89,-5.81,-5.67,-5.48,-5.13,-4.84,-4.85,-4.63,-4.34,-4.13,-3.58,-3.26,-2.74,-1.85,-0.62,0.49,1.19,2.02,2.71,3.34,3.72,3.93,3.94,3.94,3.90,3.75,3.72,3.74,3.87,3.88,3.90,3.99,4.03,4.07,3.99,3.97,4.09,4.04,4.00,3.96,3.32,2.74,3.14,3.38,3.98,4.12,4.37,4.74,4.71,5.10,5.35,5.65,5.61,5.21,4.95,4.50,4.99,4.72,4.76,4.59,4.62,4.39,4.52,4.29,4.39,4.17,4.25,4.23,4.30,4.28,4.12,3.28,2.60,2.31,2.33,2.20,1.69,1.50,1.61,1.72,1.79,1.82,1.80,1.72,1.46,1.38,1.17,1.00,0.96,0.96,0.74,0.60,0.41,0.51,0.46,0.67,0.66,0.54,0.55,0.35,0.45,0.50,0.69,0.55,0.43,0.54,0.63,0.56,0.50,0.60,0.70,0.63,0.65,0.66,0.63,0.66,0.63,0.48,0.22,0.20,0.27,0.28,0.10,0.01,-0.04,-0.29,-0.38,-0.33,-0.16,-0.02,-0.04,-0.21,-0.13,0.04
-6.54,-6.36,-6.13,-5.68,-5.58,-5.56,-5.44,-5.21,-5.37,-5.08,-4.84,-4.84,-4.87,-4.76,-4.68,-4.78,-4.83,-4.88,-4.92,-4.89,-4.79,-4.62,-4.84,-4.96,-5.23,-5.44,-5.49,-5.46,-5.39,-5.25,-5.09,-4.85,-4.70,-4.39,-4.12,-4.07,-3.30,-2.43,-1.43,-0.54,0.15,1.02,1.99,2.81,3.31,3.78,3.93,4.04,4.05,4.22,4.12,4.02,4.11,4.03,4.11,4.05,4.04,3.97,3.97,4.12,4.10,4.07,4.09,4.03,3.99,3.98,3.42,2.74,3.12,3.02,3.86,4.12,4.31,4.68,4.81,5.01,5.31,5.57,5.26,5.03,4.74,4.29,4.50,4.49,4.35,4.42,4.31,4.31,4.38,4.11,4.26,4.20,4.26,4.05,4.13,4.37,4.23,3.56,2.92,2.58,2.72,2.72,2.46,2.36,2.47,2.68,2.83,2.70,2.25,1.67,1.30,1.24,1.01,0.88,0.66,0.67,0.60,0.41,0.43,0.56,0.39,0.45,0.39,0.37,0.41,0.30,0.45,0.56,0.54,0.32,0.49,0.67,0.63,0.54,0.51,0.67,0.87,0.54,0.37,0.58,0.67,0.54,0.56,0.48,0.09,-0.09,0.15,0.17,0.07,-0.01,-0.12,-0.31,-0.23,-0.23,-0.21,-0.14,-0.14,-0.19,-0.16,0.04
-6.47,-6.24,-6.24,-5.88,-5.68,-5.49,-5.27,-5.09,-5.23,-5.13,-4.92,-4.84,-4.89,-4.95,-4.89,-4.63,-4.83,-4.92,-4.81,-4.75,-4.84,-4.75,-4.89,-4.91,-5.11,-5.23,-5.23,-5.20,-5.15,-5.01,-4.83,-4.80,-4.71,-4.14,-4.17,-3.80,-2.88,-1.69,-0.24,0.64,1.08,1.89,2.77,3.53,3.94,3.98,4.02,4.13,4.12,4.51,4.47,4.20,4.25,4.17,4.17,4.18,4.20,4.15,4.17,4.09,4.10,4.34,4.19,3.94,4.15,4.25,3.62,2.81,3.18,3.07,3.93,4.18,4.37,4.74,4.80,4.92,5.19,5.37,5.03,4.95,4.59,4.44,4.29,4.30,4.11,4.57,4.31,4.39,4.29,4.29,4.25,4.17,4.16,3.85,3.98,4.26,4.43,4.00,3.66,3.49,3.65,3.72,3.49,3.41,3.44,3.56,3.43,2.87,2.25,1.67,1.31,1.14,0.98,0.79,0.63,0.58,0.50,0.34,0.22,0.40,0.35,0.34,0.25,0.39,0.53,0.35,0.53,0.54,0.50,0.38,0.29,0.37,0.44,0.46,0.44,0.46,0.56,0.53,0.48,0.49,0.46,0.59,0.54,0.39,0.24,0.08,0.17,0.19,0.12,-0.01,-0.19,-0.39,-0.08,-0.23,-0.16,-0.17,-0.19,-0.16,-0.19,-0.04
-6.66,-6.42,-6.17,-5.91,-5.69,-5.53,-5.35,-5.05,-5.23,-5.24,-5.08,-5.07,-5.16,-5.12,-4.88,-4.67,-4.68,-4.74,-4.67,-4.62,-4.75,-4.75,-4.66,-4.87,-5.03,-5.09,-5.19,-5.13,-5.01,-4.85,-4.45,-4.54,-4.62,-4.13,-4.03,-3.67,-2.60,-1.21,0.34,1.35,1.83,2.52,3.24,3.79,4.07,4.05,4.11,4.24,4.35,4.55,4.69,4.26,4.10,4.10,4.17,4.24,4.23,4.22,4.17,4.06,4.07,4.24,4.24,4.16,4.25,4.18,3.59,2.84,3.23,3.14,3.79,4.17,4.43,4.71,4.94,5.08,5.31,5.21,4.99,4.91,4.65,4.20,4.20,4.04,3.91,4.06,4.17,4.11,4.05,4.06,3.98,3.96,3.96,3.73,3.69,4.35,4.83,4.87,4.81,4.82,4.87,4.76,4.25,3.90,3.78,3.71,3.48,2.88,2.19,1.71,1.35,1.09,0.96,0.81,0.74,0.51,0.44,0.35,0.33,0.44,0.38,0.33,0.22,0.34,0.49,0.35,0.34,0.44,0.51,0.28,0.18,0.53,0.53,0.54,0.55,0.54,0.65,0.82,0.34,0.14,0.51,0.38,0.28,0.29,0.19,0.07,0.22,0.19,0.06,-0.07,-0.27,-0.51,-0.21,-0.23,-0.16,-0.22,-0.31,-0.29,-0.41,-0.02
-7.04,-6.73,-6.30,-6.08,-5.81,-5.60,-5.41,-5.23,-5.21,-5.25,-5.09,-5.08,-5.16,-5.04,-4.70,-4.83,-4.63,-4.60,-4.59,-4.55,-4.59,-4.60,-4.60,-4.80,-4.96,-4.97,-5.09,-5.16,-5.04,-4.83,-4.41,-4.28,-4.33,-3.87,-3.12,-2.82,-1.93,-0.59,0.82,1.90,2.62,3.22,3.65,3.99,4.35,4.31,4.24,4.35,4.61,4.70,4.61,4.37,4.23,4.19,4.12,4.11,4.20,4.23,4.24,4.36,4.44,4.38,4.20,4.17,4.22,4.13,3.56,2.76,3.04,3.35,3.90,4.24,4.41,4.68,5.03,5.11,5.32,5.05,4.83,4.77,4.52,4.41,4.11,3.85,3.80,3.90,4.03,4.05,4.23,3.75,3.91,3.75,3.87,3.78,3.66,4.38,4.96,5.33,5.45,5.43,5.38,5.12,4.43,3.87,3.62,3.54,3.38,2.84,2.12,1.61,1.19,0.95,0.98,0.76,0.60,0.43,0.34,0.23,0.15,0.27,0.28,0.28,0.27,0.30,0.33,0.33,0.33,0.43,0.51,0.39,0.38,0.55,0.38,0.44,0.50,0.45,0.45,0.46,0.41,0.30,0.35,0.34,0.38,0.25,0.06,0.17,0.30,0.10,0.06,-0.06,-0.26,-0.38,-0.42,-0.36,-0.23,-0.31,-0.42,-0.43,-0.52,-0.02
-7.30,-6.88,-6.21,-6.11,-5.89,-5.61,-5.41,-5.27,-5.01,-5.13,-5.07,-4.97,-4.96,-4.89,-4.83,-4.99,-4.79,-4.62,-4.59,-4.63,-4.58,-4.50,-4.79,-4.84,-5.04,-5.11,-5.03,-5.01,-5.05,-4.83,-4.45,-4.12,-3.93,-3.22,-1.77,-1.06,-0.53,0.41,1.62,2.53,3.14,3.65,3.98,4.23,4.34,4.32,4.32,4.34,4.41,4.57,4.43,4.20,4.02,4.11,4.13,4.24,4.34,4.42,4.39,4.28,4.29,4.24,4.03,3.83,3.87,3.83,3.34,2.69,3.10,3.41,3.96,4.12,4.34,4.71,5.02,5.16,5.23,5.03,4.71,4.51,4.42,4.29,4.03,3.66,3.80,3.85,4.11,3.86,4.03,3.78,3.81,3.78,3.86,3.74,3.59,4.28,4.94,5.26,5.29,5.17,5.12,4.96,4.29,3.60,3.50,3.54,3.29,2.63,1.92,1.52,1.13,0.90,1.00,0.71,0.54,0.48,0.45,0.30,0.17,0.23,0.30,0.32,0.30,0.25,0.29,0.39,0.35,0.22,0.40,0.44,0.32,0.46,0.48,0.67,0.70,0.64,0.71,0.60,0.39,0.53,0.24,0.22,0.17,0.17,0.20,0.08,0.15,0.04,-0.04,-0.26,-0.41,-0.44,-0.59,-0.52,-0.36,-0.27,-0.29,-0.36,-0.37,-0.24
-7.18,-6.74,-5.97,-5.89,-5.79,-5.56,-5.29,-5.12,-5.04,-5.28,-5.25,-5.12,-5.01,-4.92,-5.08,-4.95,-4.84,-4.70,-4.60,-4.59,-4.56,-4.55,-4.74,-4.72,-4.83,-4.97,-4.96,-4.91,-4.88,-4.60,-4.14,-3.82,-3.03,-1.74,-0.54,0.69,1.25,1.95,2.84,3.50,3.97,4.30,4.39,4.54,4.32,4.50,4.39,4.17,4.29,4.52,4.51,4.35,4.07,4.03,3.97,4.23,4.44,4.68,4.74,4.54,4.58,4.63,4.77,4.69,3.99,3.57,3.16,2.78,3.41,3.52,3.91,4.23,4.45,4.81,5.09,5.17,5.33,5.11,4.69,4.51,4.36,3.93,4.10,3.91,3.85,3.90,4.13,4.06,4.12,4.10,3.88,3.85,3.73,3.75,3.73,4.09,4.63,5.08,5.16,4.96,5.07,4.83,4.07,3.46,3.38,3.44,3.22,2.63,1.89,1.44,1.15,0.97,0.80,0.66,0.63,0.45,0.58,0.46,0.27,0.24,0.35,0.35,0.27,0.20,0.27,0.35,0.25,0.29,0.50,0.56,0.40,0.60,0.59,0.65,0.65,0.65,0.66,0.55,0.43,0.67,0.24,0.51,0.51,0.27,0.08,0.04,0.25,0.10,0.02,-0.14,-0.33,-0.47,-0.43,-0.49,-0.47,-0.38,-0.32,-0.36,-0.44,-0.22
-6.93,-6.57,-6.01,-5.81,-5.67,-5.42,-5.07,-4.97,-5.24,-5.45,-5.44,-5.29,-5.09,-5.00,-5.21,-4.89,-4.75,-4.66,-4.60,-4.56,-4.55,-4.47,-4.52,-4.80,-4.88,-4.91,-4.92,-4.92,-4.80,-4.38,-4.18,-3.52,-1.92,-0.08,0.46,1.42,2.20,2.86,3.56,4.11,4.35,4.41,4.56,4.61,4.58,4.57,4.32,4.32,4.51,4.56,4.45,4.30,4.18,4.06,3.92,4.35,4.70,4.68,4.64,4.71,4.87,4.77,4.72,4.76,4.09,3.40,2.98,2.74,3.12,3.54,4.09,4.22,4.38,4.59,4.88,4.96,5.08,4.89,4.43,4.36,4.17,3.91,4.26,3.96,3.81,4.17,4.12,3.96,4.22,3.99,3.87,3.61,3.88,3.62,3.68,3.99,4.35,4.68,4.87,4.67,4.77,4.50,3.93,3.43,3.32,3.34,3.01,2.51,1.96,1.44,1.13,0.96,0.72,0.59,0.49,0.28,0.48,0.38,0.29,0.38,0.40,0.38,0.37,0.24,0.18,0.25,0.24,0.33,0.59,0.46,0.43,0.45,0.59,0.61,0.59,0.56,0.61,0.69,0.35,0.63,0.30,0.20,0.22,0.10,-0.02,0.06,0.07,0.13,-0.06,-0.31,-0.56,-0.73,-0.66,-0.43,-0.46,-0.34,-0.16,-0.14,-0.41,-0.09
-6.96,-6.40,-6.08,-5.89,-5.65,-5.31,-5.01,-5.00,-5.20,-5.23,-5.28,-5.28,-5.19,-5.03,-5.09,-4.83,-4.81,-4.70,-4.55,-4.51,-4.43,-4.50,-4.70,-4.56,-4.74,-4.87,-4.67,-4.63,-4.85,-4.42,-4.33,-3.52,-2.50,-0.13,1.24,2.06,2.95,3.67,4.15,4.48,4.57,4.55,4.48,4.52,4.47,4.25,4.50,4.52,4.63,4.85,4.92,4.52,4.22,3.97,3.94,4.30,5.14,5.78,5.73,5.64,5.53,5.36,5.67,5.84,4.82,3.55,3.11,3.06,3.28,3.60,3.96,4.17,4.49,4.70,4.78,5.01,5.03,4.84,4.59,4.24,4.25,3.92,4.59,4.09,3.86,4.06,4.17,3.86,3.88,3.92,3.77,3.53,3.75,3.61,3.79,3.88,4.11,4.23,4.52,4.28,4.24,4.00,3.63,3.31,3.28,3.41,3.17,2.48,1.88,1.49,1.12,0.95,0.84,0.54,0.30,0.25,0.33,0.12,0.33,0.41,0.30,0.19,0.33,0.25,0.14,0.27,0.37,0.40,0.61,0.63,0.63,0.63,0.64,0.49,0.41,0.45,0.60,0.67,0.35,0.56,0.43,0.55,0.48,0.34,0.22,0.10,0.30,0.19,-0.01,-0.13,-0.18,-0.31,-0.59,-0.61,-0.41,-0.32,-0.22,-0.23,-0.52,-0.04
-6.94,-6.34,-5.75,-5.64,-5.50,-5.23,-4.96,-5.24,-5.05,-5.13,-5.13,-5.23,-5.39,-5.19,-4.96,-5.00,-4.85,-4.68,-4.54,-4.42,-4.47,-4.37,-4.89,-4.58,-4.54,-4.67,-4.66,-4.67,-4.88,-4.68,-4.31,-3.78,-2.18,0.08,1.79,2.65,3.30,3.93,4.25,4.41,4.62,4.59,4.64,4.69,4.54,4.34,4.58,4.34,4.59,4.70,4.58,4.56,4.31,3.99,3.88,3.97,4.82,5.82,6.03,5.84,5.74,5.81,5.79,5.51,4.39,3.66,3.28,2.98,3.01,3.40,4.02,4.13,4.52,4.81,4.70,5.15,4.95,4.74,4.28,4.28,4.02,4.17,4.52,4.15,4.11,4.43,4.23,4.04,4.00,3.93,3.83,3.63,3.81,3.73,3.87,4.00,4.28,4.34,4.58,4.34,4.35,4.11,3.74,3.44,3.24,3.43,3.24,2.40,1.80,1.52,1.19,1.11,0.86,0.55,0.38,0.28,0.38,0.15,0.22,0.28,0.22,0.15,0.32,0.29,0.22,0.33,0.48,0.58,0.69,0.70,0.70,0.59,0.58,0.49,0.39,0.41,0.60,0.75,0.43,0.58,0.32,0.41,0.43,0.29,0.18,0.23,0.24,0.30,0.04,-0.08,-0.23,-0.51,-0.71,-0.52,-0.51,-0.39,-0.26,-0.24,-0.29,-0.03
-6.75,-6.55,-5.99,-5.61,-5.27,-4.93,-4.76,-4.95,-5.09,-4.83,-4.91,-5.24,-5.36,-5.09,-5.08,-4.97,-4.91,-4.79,-4.68,-4.70,-4.68,-4.41,-4.56,-4.55,-4.46,-4.49,-4.56,-4.58,-4.62,-4.56,-4.05,-3.53,-1.72,0.76,2.35,3.28,3.93,4.30,4.29,4.20,4.47,4.63,4.59,4.44,4.55,4.24,4.50,4.49,4.71,4.72,4.62,4.47,4.29,3.93,3.85,3.92,4.84,5.87,5.85,5.67,5.72,5.74,5.35,4.78,3.81,3.36,3.19,3.01,3.16,3.34,3.93,4.04,4.41,4.55,4.72,5.02,4.94,4.88,4.72,4.55,4.23,4.16,4.26,3.81,4.05,4.29,4.09,3.80,4.05,3.90,3.80,3.65,3.81,3.69,3.79,3.97,4.41,4.57,4.78,4.56,4.54,4.31,3.73,3.28,3.13,3.24,3.01,2.25,1.73,1.55,1.36,1.29,1.02,0.82,0.63,0.39,0.70,0.44,0.24,0.32,0.37,0.38,0.48,0.39,0.29,0.37,0.45,0.64,0.70,0.80,0.74,0.67,0.69,0.70,0.64,0.56,0.56,0.64,0.45,0.46,0.44,0.59,0.40,0.20,0.20,0.32,0.32,0.04,-0.09,-0.12,-0.17,-0.27,-0.47,-0.57,-0.46,-0.31,-0.33,-0.41,-0.26,-0.21
-6.11,-5.83,-5.68,-5.39,-5.13,-4.95,-4.81,-4.55,-4.70,-4.87,-5.01,-5.01,-4.91,-4.99,-4.96,-5.15,-5.00,-4.79,-4.71,-4.67,-4.49,-4.24,-4.24,-4.55,-4.55,-4.68,-4.60,-4.46,-4.63,-3.96,-3.50,-2.24,0.10,2.29,3.24,3.55,4.12,4.41,4.17,4.17,4.45,4.38,4.41,4.39,4.39,4.49,4.52,4.54,4.61,4.84,4.89,4.67,4.35,3.96,3.68,3.79,4.83,5.87,6.03,6.09,5.99,5.66,4.77,3.66,3.23,3.24,3.47,3.12,3.26,3.25,3.98,4.12,4.37,4.62,4.71,4.97,5.28,4.96,4.77,4.68,4.22,4.04,4.13,3.84,3.90,4.17,3.90,4.05,3.97,3.99,3.97,3.79,3.77,3.80,3.74,4.07,4.48,4.61,4.65,4.26,3.99,3.74,3.28,2.84,2.58,2.72,2.60,1.96,1.55,1.42,1.38,1.27,1.20,1.07,0.93,0.82,0.91,0.79,0.60,0.66,0.76,0.67,0.65,0.65,0.65,0.64,0.58,0.74,0.86,0.98,1.00,0.93,0.93,0.88,0.75,0.60,0.49,0.53,0.53,0.50,0.64,0.58,0.46,0.30,0.23,0.32,0.38,0.07,-0.13,-0.18,-0.21,-0.29,-0.37,-0.51,-0.37,-0.22,-0.33,-0.44,-0.09,-0.09
-6.04,-5.39,-5.23,-5.12,-4.84,-4.63,-4.68,-4.34,-4.83,-4.84,-4.93,-5.16,-5.27,-5.37,-5.21,-5.48,-4.99,-4.70,-4.66,-4.38,-4.41,-4.16,-4.54,-4.52,-4.43,-4.43,-4.41,-4.38,-4.41,-3.78,-2.82,-0.04,1.74,3.02,3.60,3.84,4.07,4.36,4.41,4.31,4.32,4.22,4.48,4.44,4.28,4.56,4.32,4.50,4.54,4.59,4.64,4.57,4.19,4.05,3.99,3.88,4.52,5.49,5.67,5.56,5.66,5.43,4.50,3.56,3.29,3.19,3.24,2.94,3.17,3.19,3.98,4.32,4.55,4.67,4.81,4.94,5.32,5.05,5.18,4.76,4.44,4.19,4.12,3.90,3.87,4.09,3.87,3.91,4.09,3.54,3.52,3.42,3.34,3.26,3.10,3.25,3.75,3.74,3.57,3.30,3.10,2.70,2.23,1.92,1.82,1.99,1.94,1.55,1.30,1.38,1.58,1.45,1.33,1.38,1.22,1.23,1.27,1.17,1.06,1.11,1.02,1.01,0.98,1.04,1.09,1.02,0.96,1.08,1.09,0.97,1.17,1.03,1.09,1.01,0.81,0.66,0.63,0.61,0.66,0.85,0.71,0.51,0.55,0.40,0.15,0.18,0.34,0.07,-0.16,-0.16,-0.14,-0.26,-0.33,-0.43,-0.36,-0.17,-0.22,-0.42,-0.46,-0.17
-5.80,-5.31,-4.84,-4.60,-4.45,-4.39,-4.47,-4.29,-4.67,-4.54,-4.64,-4.95,-5.01,-5.09,-5.16,-5.21,-5.03,-4.80,-4.58,-4.30,-4.46,-3.88,-4.37,-4.37,-4.35,-4.47,-4.52,-4.41,-4.01,-2.48,-0.51,1.69,3.04,3.43,3.62,3.96,4.13,4.61,4.97,4.68,4.52,4.52,4.52,4.83,4.57,4.18,4.57,4.63,4.72,4.87,4.85,4.67,4.51,4.32,4.18,3.87,4.39,5.35,5.35,5.08,4.62,4.22,3.62,3.19,3.06,3.20,3.17,3.08,3.25,3.08,3.67,4.02,4.42,4.55,4.62,5.04,5.18,5.14,4.96,4.55,4.43,4.22,4.25,3.93,3.60,3.99,3.75,3.68,3.50,2.52,2.33,2.35,2.14,2.08,1.79,2.23,2.23,2.00,1.91,1.72,1.75,1.56,1.40,1.42,1.52,1.56,1.55,1.45,1.31,1.41,1.56,1.55,1.41,1.61,1.29,1.44,1.31,1.36,1.22,1.20,1.09,1.18,1.23,1.24,1.17,1.09,1.22,1.23,1.23,1.01,1.15,1.15,1.08,1.08,0.95,0.80,0.76,0.75,0.74,0.91,0.69,0.55,0.64,0.46,0.17,0.19,0.43,0.03,-0.12,-0.11,-0.17,-0.38,-0.52,-0.52,-0.37,-0.33,-0.32,-0.38,-0.49,-0.24
-5.42,-4.92,-4.55,-4.45,-4.43,-4.43,-4.41,-4.34,-4.43,-4.46,-4.76,-5.12,-5.16,-5.16,-5.33,-5.27,-5.11,-4.96,-4.84,-4.56,-4.41,-4.13,-4.22,-4.28,-4.39,-4.38,-4.18,-3.88,-3.12,-0.58,1.39,2.60,3.48,3.43,3.59,4.23,4.58,4.71,4.80,4.59,4.41,4.55,4.51,4.63,4.56,4.22,4.22,4.18,4.58,4.68,4.65,4.55,4.50,4.39,4.18,3.98,4.15,4.35,4.13,4.04,4.03,4.00,4.15,3.72,3.37,3.32,3.13,2.95,3.30,3.20,3.77,3.87,4.10,4.62,4.68,4.98,5.21,5.38,5.08,4.56,4.61,4.39,4.38,4.25,4.06,4.30,4.19,3.92,2.30,1.33,1.14,1.30,1.04,1.08,0.87,1.27,1.09,1.06,1.24,1.36,1.47,1.25,1.29,1.36,1.39,1.42,1.38,1.38,1.35,1.39,1.63,1.41,1.38,1.55,1.27,1.63,1.39,1.39,1.15,1.30,1.30,1.19,1.34,1.44,1.25,1.15,1.24,1.11,1.39,1.19,1.18,1.20,1.07,1.11,1.03,0.82,0.79,0.91,0.76,0.82,0.60,0.60,0.60,0.43,0.22,0.18,0.40,-0.03,-0.14,-0.18,-0.29,-0.49,-0.59,-0.58,-0.48,-0.34,-0.31,-0.42,-0.53,-0.33
-5.13,-4.85,-4.72,-4.58,-4.51,-4.45,-4.20,-4.33,-4.30,-4.38,-4.70,-5.07,-5.24,-5.15,-5.25,-5.03,-5.04,-4.93,-4.62,-4.50,-4.51,-4.09,-4.16,-4.41,-4.37,-4.22,-3.96,-3.01,-1.00,1.33,2.37,3.04,3.24,3.36,3.28,3.83,4.50,4.82,4.95,4.89,4.55,4.69,4.82,4.81,4.55,4.06,4.02,4.25,4.59,4.70,4.80,4.70,4.67,4.68,4.43,4.23,4.31,4.36,4.24,4.18,4.29,4.35,4.38,4.06,3.72,3.19,3.05,2.69,3.23,3.07,3.86,4.10,4.37,4.47,4.39,4.84,5.09,4.84,4.58,4.70,4.43,4.16,4.20,4.12,4.04,4.05,4.04,3.29,1.80,0.87,0.77,1.01,0.80,0.96,0.61,0.79,0.81,0.95,1.14,1.15,1.27,1.41,1.36,1.28,1.44,1.45,1.34,1.34,1.18,1.14,1.38,1.29,1.40,1.49,1.36,1.63,1.39,1.31,1.20,1.27,1.25,1.15,1.28,1.40,1.31,1.19,1.19,1.15,1.34,1.19,1.19,1.15,1.13,1.18,1.14,0.96,0.86,1.00,0.76,0.84,0.67,0.70,0.58,0.40,0.27,0.19,0.24,-0.16,-0.21,-0.27,-0.44,-0.61,-0.57,-0.69,-0.58,-0.47,-0.49,-0.61,-0.56,-0.26
-4.81,-4.81,-4.66,-4.54,-4.50,-4.37,-4.03,-4.07,-4.31,-4.43,-4.59,-4.84,-5.15,-5.20,-5.21,-5.11,-5.07,-4.99,-4.81,-4.56,-4.34,-4.20,-4.09,-4.13,-4.09,-3.84,-2.87,-0.97,0.96,2.24,2.96,3.23,3.28,3.32,3.43,3.90,4.47,4.91,5.17,5.12,4.96,5.10,4.94,4.78,4.41,3.90,3.98,4.16,4.55,4.76,4.69,4.61,4.62,4.44,4.24,4.20,4.29,4.38,4.31,4.15,4.22,4.41,4.52,4.49,4.38,3.65,3.04,2.69,3.16,3.25,3.93,3.85,4.09,4.24,4.54,4.91,5.09,5.01,5.23,4.58,4.50,4.16,4.39,4.18,3.87,3.62,3.80,2.02,1.00,0.25,0.63,0.90,0.90,0.80,0.80,0.85,0.79,0.63,0.91,1.01,1.12,1.22,1.25,1.23,1.38,1.47,1.49,1.46,1.17,1.08,1.25,1.30,1.28,1.11,1.33,1.39,1.22,1.30,1.17,1.44,1.41,1.35,1.35,1.31,1.20,1.15,1.29,1.27,1.28,1.17,1.18,1.14,1.13,1.23,1.24,1.09,0.96,0.96,0.93,0.84,0.86,0.80,0.74,0.55,0.32,0.29,0.29,-0.19,-0.19,-0.28,-0.49,-0.59,-0.49,-0.66,-0.46,-0.48,-0.58,-0.63,-0.51,-0.31
-4.49,-4.54,-4.35,-4.26,-4.21,-4.09,-3.79,-3.99,-4.12,-4.35,-4.52,-4.66,-4.93,-4.97,-5.15,-5.13,-5.00,-4.89,-4.78,-4.39,-4.28,-3.96,-4.04,-4.07,-3.79,-2.84,-1.11,0.90,2.26,3.23,3.44,3.43,3.25,3.28,3.54,4.06,4.74,5.23,5.31,5.18,5.03,4.98,4.91,5.04,4.48,3.68,4.03,4.20,4.63,4.87,4.89,4.77,4.74,4.71,4.54,4.39,4.47,4.56,4.43,4.37,4.49,4.57,4.85,4.90,4.70,4.10,3.19,2.77,3.08,3.26,3.75,3.85,4.09,4.37,4.54,4.50,4.95,4.72,5.11,4.95,4.51,4.26,4.12,4.28,4.32,3.65,3.57,1.58,0.76,0.38,0.70,0.72,0.76,0.88,0.63,0.72,0.70,0.60,0.86,0.93,0.80,1.01,1.20,1.14,1.23,1.40,1.35,1.23,1.18,1.28,1.41,1.11,0.90,1.08,1.04,1.15,1.14,1.35,1.23,1.24,1.30,1.28,1.22,1.24,1.35,1.39,1.34,1.35,1.33,1.25,1.42,1.27,1.25,1.24,1.20,1.20,1.18,1.08,1.18,0.97,1.04,0.85,0.82,0.65,0.38,0.38,0.43,-0.12,-0.18,-0.31,-0.46,-0.47,-0.39,-0.54,-0.37,-0.39,-0.49,-0.53,-0.42,-0.37
-4.46,-4.28,-4.17,-4.16,-4.17,-4.07,-3.82,-4.14,-4.09,-4.17,-4.38,-4.68,-4.91,-4.89,-4.96,-4.99,-4.81,-4.63,-4.55,-4.45,-4.08,-3.71,-3.71,-3.44,-2.61,-1.10,0.67,2.01,2.86,3.57,3.60,3.40,3.37,3.43,3.52,3.96,4.75,5.17,5.10,5.05,5.07,4.97,5.03,4.95,4.54,3.81,4.18,4.28,4.49,4.77,4.77,4.70,4.57,4.44,4.52,4.58,4.55,4.56,4.63,4.68,4.65,4.74,5.05,4.78,4.90,4.47,3.92,2.86,2.89,3.30,3.50,3.93,4.00,3.97,4.19,4.26,4.34,4.58,4.52,4.47,4.47,4.00,4.17,4.41,4.23,3.96,3.26,1.24,0.28,0.18,0.43,0.70,0.84,0.80,0.77,0.79,0.65,0.30,0.13,0.37,0.39,0.71,0.87,0.92,0.93,1.04,1.00,0.82,0.92,0.81,0.75,0.70,0.74,0.72,0.70,0.93,1.12,1.23,0.86,0.98,1.44,1.35,1.33,1.36,1.31,1.38,1.41,1.23,1.39,1.25,1.47,1.28,1.34,1.25,1.18,1.30,1.41,1.30,1.27,1.13,1.15,1.00,0.84,0.60,0.46,0.61,0.35,-0.08,-0.04,-0.23,-0.43,-0.46,-0.43,-0.67,-0.46,-0.48,-0.59,-0.56,-0.33,-0.23
-4.39,-4.12,-3.96,-3.99,-4.04,-4.04,-3.84,-4.01,-4.09,-4.00,-4.08,-4.41,-4.78,-4.89,-4.88,-4.88,-4.81,-4.70,-4.62,-4.56,-3.97,-3.61,-3.26,-2.47,-0.93,0.85,2.11,2.78,3.25,3.66,3.80,3.59,3.61,3.57,3.53,3.88,4.68,5.17,5.17,5.18,4.96,4.89,4.87,4.87,4.64,3.87,4.09,4.25,4.67,4.96,4.90,4.80,4.84,4.91,4.85,4.72,4.72,4.76,4.75,4.82,4.72,4.76,5.02,5.05,5.10,4.71,4.35,3.28,3.28,3.32,3.88,3.85,3.92,4.10,4.17,4.49,4.37,4.56,4.63,4.51,4.35,4.09,4.20,4.49,3.74,3.32,2.11,0.76,0.08,-0.03,0.19,0.38,0.87,0.58,0.75,0.74,0.51,0.22,0.04,0.10,0.27,0.43,0.59,0.79,0.90,1.02,0.95,0.71,0.72,0.70,0.60,0.49,0.56,0.34,0.39,0.46,0.85,0.81,0.66,0.71,1.11,1.30,1.29,1.36,1.39,1.39,1.58,1.52,1.62,1.41,1.46,1.47,1.28,1.27,1.17,1.14,1.30,1.33,1.00,1.20,1.25,1.03,0.88,0.61,0.38,0.48,0.30,0.04,0.14,-0.09,-0.34,-0.34,-0.38,-0.56,-0.33,-0.39,-0.53,-0.56,-0.42,-0.22
-4.26,-4.04,-3.75,-3.78,-3.91,-3.92,-3.80,-3.87,-4.20,-3.97,-4.03,-4.42,-4.63,-4.89,-4.78,-4.76,-4.78,-4.78,-4.70,-4.46,-3.96,-3.52,-2.66,-1.19,0.79,2.18,2.89,3.38,3.50,3.77,3.88,3.75,3.74,3.68,3.56,3.52,4.30,5.25,5.46,5.24,4.90,4.87,5.04,5.01,4.77,3.98,3.98,4.32,4.76,4.82,4.94,4.74,4.75,4.75,4.70,4.76,4.83,4.82,4.71,4.83,4.87,5.05,5.10,4.94,4.95,4.89,4.54,2.92,2.84,3.22,3.47,3.92,3.92,4.36,4.29,4.42,4.31,4.28,4.50,4.36,4.28,4.15,4.30,4.03,3.47,2.07,0.75,-0.03,-0.53,-0.58,-0.39,-0.07,0.28,0.24,0.54,0.80,0.66,0.02,-0.04,0.10,0.17,0.23,0.50,0.65,0.66,0.61,0.46,0.39,0.46,0.60,0.56,0.37,0.63,0.33,0.58,0.59,0.76,0.61,0.85,0.82,0.90,1.14,1.28,1.24,1.22,1.18,1.18,1.41,1.36,1.33,1.46,1.42,1.50,1.40,1.29,1.25,1.25,1.28,0.95,1.35,1.17,0.85,0.85,0.85,0.69,0.46,0.46,0.32,0.23,0.02,-0.14,-0.23,-0.61,-0.58,-0.37,-0.43,-0.59,-0.62,-0.37,-0.19
-4.28,-3.96,-3.69,-3.74,-3.79,-3.74,-3.70,-3.76,-4.00,-3.74,-3.83,-4.29,-4.38,-4.31,-4.34,-4.39,-4.42,-4.50,-4.39,-3.83,-3.88,-2.93,-1.31,0.66,2.14,2.88,3.35,3.73,3.63,3.91,3.96,3.90,3.91,3.85,3.79,3.69,4.31,5.05,5.15,4.91,4.56,4.30,4.48,4.12,4.16,3.72,3.84,4.09,4.64,4.81,4.84,4.63,4.70,4.78,4.80,4.82,4.82,4.83,4.75,4.87,4.97,5.16,5.17,4.94,5.08,5.02,4.70,3.22,3.14,3.49,3.46,3.96,3.94,4.17,4.31,4.42,4.30,4.38,4.15,4.58,4.18,4.35,3.62,3.54,1.95,0.43,-0.26,-0.91,-0.72,-0.44,0.20,0.12,0.25,0.25,0.49,0.50,0.75,0.28,0.10,0.29,0.33,0.29,0.39,0.67,0.74,0.70,0.61,0.39,0.30,0.29,0.40,0.35,0.64,0.35,0.41,0.40,0.55,0.66,0.60,0.63,0.85,1.18,1.28,1.18,1.17,1.25,1.28,1.34,1.52,1.38,1.67,1.39,1.23,1.23,1.20,1.04,0.88,0.87,0.81,1.14,1.09,1.04,0.93,0.84,0.72,0.49,0.58,0.12,0.01,-0.12,-0.27,-0.32,-0.32,-0.52,-0.57,-0.54,-0.46,-0.37,-0.39,-0.33
-4.34,-3.76,-3.61,-3.61,-3.48,-3.37,-3.56,-3.27,-3.32,-3.12,-3.13,-3.44,-3.66,-3.18,-3.01,-2.81,-2.90,-3.13,-3.09,-2.65,-2.82,-1.34,0.67,2.24,3.13,3.52,3.74,3.92,3.94,4.07,4.18,4.15,3.98,3.91,3.84,3.88,4.12,4.42,4.51,4.29,4.05,3.94,4.10,3.94,3.96,3.91,4.03,4.34,4.81,4.92,4.88,4.70,4.75,4.82,4.82,4.87,4.88,4.83,4.88,4.98,5.05,5.11,5.05,5.02,5.19,5.19,4.64,3.44,3.10,3.54,3.53,3.88,3.96,4.10,4.18,4.26,4.09,4.17,4.00,3.99,4.29,4.30,3.01,1.77,0.07,-0.31,-1.00,-0.95,-0.68,0.02,0.34,0.45,0.64,0.50,0.48,0.51,0.60,0.33,0.13,0.04,0.15,0.20,0.51,0.75,0.85,0.79,0.44,0.37,0.29,0.07,0.08,0.19,0.29,0.34,0.27,0.37,0.54,0.56,0.76,0.91,1.09,1.27,1.33,1.33,1.25,1.20,1.34,1.41,1.50,1.27,1.44,1.27,1.22,1.24,1.22,1.11,1.01,1.13,0.95,0.93,1.03,1.03,0.98,0.92,0.87,0.75,0.60,0.27,-0.02,-0.11,-0.17,-0.39,-0.66,-0.62,-0.51,-0.44,-0.38,-0.32,-0.31,-0.31
-4.35,-3.74,-3.57,-3.65,-3.52,-3.31,-3.50,-2.79,-2.78,-2.51,-2.32,-2.37,-2.32,-1.60,-0.80,-0.19,-0.33,-0.72,-0.87,-0.80,-0.54,0.77,2.29,3.10,3.66,4.05,4.11,4.02,4.09,4.19,4.31,4.20,4.19,4.03,3.88,4.00,4.03,4.00,4.12,4.13,4.03,3.78,3.74,3.73,3.86,3.88,4.11,4.47,4.72,4.85,4.76,4.67,4.72,4.76,4.82,4.82,4.81,4.90,4.81,4.81,4.94,5.08,5.04,5.05,5.28,5.14,4.98,3.77,2.87,3.55,3.44,3.78,3.83,4.02,3.97,4.22,4.07,4.19,4.28,4.22,3.68,3.28,1.44,0.22,-0.08,-0.47,-0.64,-0.75,-0.61,-0.26,0.39,0.58,0.58,0.46,0.33,0.03,0.39,0.25,-0.03,-0.21,0.06,0.13,0.43,0.60,0.64,0.67,0.43,0.35,0.35,0.39,0.28,0.34,0.27,0.17,0.30,0.67,0.64,0.70,0.82,0.84,0.93,1.12,1.19,1.20,1.12,0.96,1.06,1.34,1.13,1.20,1.41,1.12,1.23,1.11,0.98,0.90,0.79,0.97,0.95,0.84,0.79,0.70,0.65,0.66,0.67,0.67,1.00,0.40,0.18,0.02,-0.23,-0.46,-0.42,-0.58,-0.49,-0.31,-0.17,-0.21,-0.39,-0.37
-4.33,-4.09,-3.80,-3.73,-3.60,-3.48,-3.53,-2.73,-2.30,-1.64,-1.17,-0.90,-0.34,0.75,1.19,1.73,1.74,1.49,1.34,1.36,1.63,2.45,3.24,3.65,3.90,4.16,4.25,4.11,4.05,4.17,4.39,4.22,4.25,4.11,4.10,4.23,4.16,4.03,4.16,4.32,4.13,3.87,3.74,3.75,4.03,4.22,4.31,4.45,4.72,4.76,4.84,4.91,4.82,4.72,4.74,4.76,4.68,4.64,4.75,4.84,4.91,4.95,4.91,4.83,4.92,5.17,4.80,3.67,2.96,3.36,3.34,3.80,3.74,3.92,4.20,4.19,3.90,3.87,3.93,4.62,3.41,1.51,-0.14,-0.52,0.09,0.04,-0.06,-0.41,-0.28,-0.21,0.07,0.27,0.51,0.75,0.75,0.28,0.14,0.24,-0.08,-0.52,-0.13,-0.18,0.04,0.43,0.29,0.35,0.41,0.18,0.07,0.02,0.09,0.20,0.01,0.66,0.63,1.09,0.87,1.08,1.18,1.07,1.17,1.24,1.42,1.31,0.97,1.03,1.20,0.92,0.95,0.82,1.25,1.22,1.24,1.00,0.82,0.87,0.80,0.64,0.46,0.85,0.61,0.65,0.79,0.72,0.58,0.79,0.80,0.27,0.04,-0.03,-0.18,-0.41,-0.39,-0.57,-0.56,-0.43,-0.23,-0.14,-0.48,-0.39
-4.41,-4.22,-3.97,-3.87,-3.79,-3.71,-3.70,-2.84,-1.99,-1.11,-0.32,0.44,1.25,2.20,2.33,2.84,2.96,2.98,2.95,2.76,2.94,3.41,3.72,3.87,4.00,4.16,4.28,4.28,4.12,4.19,4.42,4.38,4.15,4.07,4.24,4.28,4.19,4.22,4.26,4.22,4.13,4.12,4.06,4.20,4.45,4.51,4.55,4.57,4.64,4.77,4.94,4.95,4.69,4.25,3.87,3.96,4.23,4.12,3.98,4.03,4.15,4.32,4.16,4.44,4.13,4.45,4.23,3.43,2.77,3.30,3.47,3.71,3.86,3.97,4.17,4.49,4.18,4.26,6.24,6.66,3.81,0.58,-0.57,-0.31,0.01,-0.16,-0.21,-0.32,-0.33,-0.13,0.39,0.51,0.46,0.63,0.65,0.39,-0.04,-0.08,-0.11,-0.18,-0.14,-0.21,-0.02,0.23,0.24,0.39,0.45,0.35,0.59,0.27,0.10,0.20,0.17,0.56,0.82,1.04,1.24,1.41,1.19,1.01,0.97,0.92,0.97,1.01,1.01,1.11,1.11,0.93,0.80,0.75,0.92,0.86,1.07,0.87,0.66,0.67,0.65,0.58,0.32,0.51,0.70,0.86,0.81,0.75,0.82,0.84,0.59,-0.06,0.01,-0.06,-0.36,-0.51,-0.69,-0.56,-0.52,-0.44,-0.34,-0.32,-0.41,-0.29
-4.21,-4.38,-4.13,-4.12,-4.14,-4.07,-3.88,-3.05,-1.82,-0.82,0.20,1.09,1.64,2.65,3.16,3.44,3.60,3.66,3.63,3.54,3.91,4.02,3.98,3.93,4.10,4.25,4.26,4.23,4.16,4.25,4.32,4.42,4.20,4.11,4.25,4.24,4.17,4.24,4.25,4.12,4.19,4.24,4.31,4.31,4.47,4.45,4.45,4.57,4.65,4.85,4.89,4.88,4.77,4.54,4.26,4.19,4.39,4.61,4.63,4.61,4.63,4.68,4.51,4.61,4.55,4.26,3.97,3.10,2.58,3.28,3.30,3.48,3.84,3.83,3.91,4.12,4.37,4.54,7.04,5.59,3.38,0.49,-0.28,-0.17,-0.36,-0.29,-0.03,-0.38,-0.08,0.27,0.44,0.70,0.96,1.11,0.60,0.60,0.44,0.32,0.33,0.27,0.17,0.19,0.39,0.59,0.64,0.60,0.50,0.56,0.82,0.40,0.35,0.50,0.66,1.06,1.02,1.13,1.36,1.46,1.20,0.98,1.00,0.96,0.93,0.93,0.92,0.91,0.77,0.84,0.88,0.64,0.63,0.66,0.87,0.84,0.74,0.75,0.67,0.67,0.51,0.53,0.72,0.81,0.98,1.04,0.82,0.75,0.65,-0.03,0.01,0.12,-0.01,-0.19,-0.67,-0.47,-0.46,-0.36,-0.18,-0.17,-0.42,-0.27
-4.26,-4.03,-3.99,-4.12,-4.16,-4.09,-4.04,-3.00,-1.44,-0.54,0.27,1.17,2.08,2.59,3.22,3.73,3.75,3.80,4.03,4.02,4.18,4.28,4.25,4.26,4.19,4.09,4.02,3.97,4.05,4.20,4.20,4.26,4.23,4.13,4.22,4.25,4.22,4.23,4.24,4.25,4.38,4.39,4.47,4.37,4.42,4.55,4.41,4.44,4.57,4.85,4.99,5.01,4.95,4.69,4.44,4.37,4.55,4.69,4.47,4.45,4.63,4.52,4.43,4.49,4.50,4.39,3.97,2.70,2.52,3.04,3.04,3.50,3.50,3.81,3.61,4.11,3.97,4.34,6.01,4.56,3.53,0.58,-0.11,0.04,0.18,-0.18,-0.32,-0.26,-0.03,0.44,0.75,0.98,0.97,1.03,0.64,0.63,0.40,0.38,0.45,0.39,0.39,0.48,0.77,0.95,0.88,1.09,1.19,0.98,0.95,0.87,0.85,1.00,1.24,1.25,1.09,1.11,1.24,1.38,1.07,0.97,0.90,0.72,0.59,0.65,0.80,0.77,0.66,0.71,0.74,0.69,0.72,0.48,0.54,0.65,0.77,0.80,0.54,0.56,0.69,0.72,0.65,0.91,1.12,1.02,0.79,0.74,0.64,0.29,0.34,0.22,-0.01,-0.01,-0.52,-0.48,-0.39,-0.36,-0.33,-0.31,-0.27,-0.22
-4.35,-4.28,-4.25,-4.29,-4.29,-4.14,-3.86,-3.75,-2.41,-1.05,-0.07,0.72,1.77,2.48,3.12,3.63,3.75,3.84,4.02,3.90,3.67,4.11,4.12,4.12,4.02,3.98,3.98,3.92,3.99,4.17,4.20,4.18,4.17,4.12,4.19,4.24,4.28,4.32,4.36,4.41,4.39,4.45,4.52,4.41,4.43,4.52,4.38,4.42,4.54,4.70,4.92,4.98,4.84,4.64,4.55,4.54,4.55,4.58,4.51,4.70,4.85,4.75,4.48,4.49,4.51,4.31,3.81,2.86,2.60,2.82,2.96,3.44,3.61,3.71,3.46,3.79,3.92,4.34,4.32,3.66,3.23,1.28,0.03,0.20,0.32,0.06,-0.04,0.03,0.40,0.53,0.60,0.88,1.00,0.93,0.82,0.75,0.76,0.74,0.60,0.48,0.61,0.79,0.81,0.84,0.98,1.15,1.13,0.98,0.90,0.88,1.01,1.07,0.95,1.13,0.98,1.03,1.19,1.09,0.82,0.66,0.70,0.55,0.43,0.44,0.51,0.81,0.76,0.76,0.71,0.75,0.70,0.75,0.71,0.74,0.80,0.81,0.80,0.85,0.81,0.74,0.95,1.04,0.98,0.77,0.55,0.59,0.28,0.37,0.22,0.02,-0.07,-0.14,-0.41,-0.49,-0.32,-0.31,-0.46,-0.52,-0.34,-0.07
-4.33,-4.51,-4.29,-4.29,-4.24,-4.04,-3.84,-3.53,-2.27,-1.15,-0.22,0.71,1.72,2.57,3.06,3.22,3.20,3.41,3.71,3.59,3.19,3.67,3.81,3.62,3.62,3.71,3.61,3.49,3.68,3.91,4.24,4.20,4.13,4.20,4.16,4.13,4.19,4.34,4.43,4.42,4.38,4.42,4.56,4.49,4.47,4.36,4.32,4.37,4.57,4.70,4.77,4.81,4.70,4.69,4.69,4.65,4.71,4.64,4.54,4.64,4.76,4.71,4.49,4.42,4.45,3.96,3.20,2.40,2.51,2.34,2.74,2.98,3.28,3.54,3.40,3.81,3.77,4.15,3.60,3.69,3.28,1.33,-0.51,0.37,0.76,0.58,0.53,0.64,0.60,0.61,0.60,0.87,0.97,0.90,0.98,1.00,0.82,0.86,0.72,0.60,0.64,0.72,0.76,0.71,0.85,1.06,1.02,0.87,0.95,1.12,1.17,1.13,1.06,1.14,1.01,1.08,1.02,0.91,0.87,0.67,0.59,0.50,0.45,0.50,0.63,0.80,0.77,0.74,0.76,0.81,0.84,0.77,0.75,0.87,1.02,1.00,0.90,0.90,0.84,1.03,1.01,0.98,0.95,0.75,0.43,0.51,0.39,0.29,0.13,0.03,-0.07,-0.23,-0.41,-0.32,-0.16,-0.22,-0.37,-0.31,-0.51,-0.12
-4.43,-4.39,-4.16,-4.20,-4.22,-4.10,-3.87,-3.65,-3.00,-2.15,-1.55,-0.86,0.33,1.35,2.05,2.43,2.33,2.31,2.39,2.19,2.02,2.51,2.46,2.20,2.03,2.14,2.08,1.82,2.03,2.51,3.32,4.12,4.03,4.18,4.00,3.97,4.06,4.25,4.39,4.45,4.51,4.49,4.51,4.58,4.42,4.22,4.30,4.25,4.49,4.62,4.69,4.65,4.58,4.58,4.54,4.44,4.54,4.52,4.34,4.34,4.44,4.58,4.51,4.32,3.84,3.14,2.66,2.17,2.35,2.35,2.42,2.71,2.78,3.05,3.22,3.57,3.38,3.60,3.16,3.22,2.37,0.75,-0.54,0.34,0.69,0.97,0.86,0.93,1.04,1.02,0.86,0.85,1.07,0.96,0.95,1.11,1.02,0.97,0.80,0.66,0.67,0.88,1.00,0.92,0.97,1.06,1.04,0.93,0.76,0.74,0.79,0.86,1.06,1.09,0.92,0.85,0.97,0.61,0.64,0.48,0.34,0.39,0.37,0.29,0.49,0.75,0.70,0.81,0.71,0.76,0.81,0.70,0.77,1.01,1.12,1.00,0.90,0.95,0.85,1.02,1.09,0.91,0.77,0.61,0.29,0.58,0.61,0.39,0.19,0.15,0.12,-0.17,-0.32,-0.13,-0.01,-0.07,-0.16,-0.03,-0.29,0.03
-4.41,-4.29,-4.10,-4.31,-4.39,-4.24,-4.10,-3.91,-3.67,-3.22,-2.99,-2.60,-1.64,-0.57,-0.13,0.18,0.14,0.15,0.04,-0.39,-0.19,-0.22,-0.21,-0.73,-0.69,-0.77,-0.87,-0.81,-0.76,0.09,1.41,2.99,3.44,3.87,3.81,3.80,4.00,4.18,4.30,4.43,4.45,4.54,4.39,4.45,4.31,4.10,4.20,4.23,4.34,4.41,4.52,4.54,4.52,4.51,4.42,4.29,4.39,4.50,4.36,4.29,4.28,4.25,4.20,3.77,2.71,2.41,2.48,2.06,2.30,2.23,2.17,2.60,2.29,2.64,2.54,3.10,2.92,2.96,2.60,2.65,1.58,0.45,-0.16,-0.02,0.30,0.70,0.85,1.02,1.09,0.98,1.02,0.96,1.09,1.11,1.07,1.02,0.96,0.96,0.80,0.79,0.81,0.80,0.91,0.96,0.88,0.93,1.01,0.77,0.74,0.48,0.58,0.67,0.86,0.93,0.69,1.06,0.95,0.50,0.40,0.38,0.51,0.61,0.49,0.37,0.46,0.77,0.63,0.80,0.75,0.77,0.93,0.75,0.71,0.91,1.03,1.00,1.12,0.90,0.84,0.88,1.06,0.96,0.86,0.77,0.40,0.58,0.70,0.61,0.38,0.28,0.37,0.14,-0.19,-0.07,0.07,0.09,0.02,-0.01,0.01,0.27
-4.28,-4.37,-4.10,-4.20,-4.26,-4.26,-4.21,-4.05,-4.05,-3.87,-3.74,-3.57,-3.19,-2.55,-2.22,-2.02,-2.34,-2.56,-2.68,-2.96,-2.87,-2.78,-2.73,-3.00,-3.13,-3.17,-3.04,-3.00,-3.17,-2.18,-0.78,1.38,2.55,3.54,3.56,3.66,3.86,4.09,4.20,4.19,4.38,4.50,4.39,4.43,4.28,4.18,4.13,4.19,4.29,4.42,4.44,4.47,4.49,4.37,4.30,4.20,4.26,4.44,4.34,4.23,4.25,4.04,3.62,2.83,2.23,2.35,2.43,1.95,2.19,2.19,2.18,2.53,2.16,2.54,2.37,2.83,2.89,3.07,3.17,2.37,0.91,0.25,-0.08,0.28,0.55,0.85,0.91,1.13,1.22,0.98,1.25,1.20,1.17,1.08,1.01,0.97,1.00,1.04,0.76,0.77,0.95,0.86,0.90,0.92,0.92,1.03,0.91,0.80,0.80,0.53,0.72,0.74,0.84,1.03,0.92,1.17,1.08,0.81,0.54,0.50,0.50,0.54,0.53,0.44,0.46,0.74,0.67,0.82,0.77,0.75,1.04,0.87,0.80,0.97,1.06,0.97,1.22,1.03,0.87,0.93,1.01,1.01,1.01,0.95,0.60,0.67,0.72,0.61,0.51,0.50,0.58,0.54,0.03,0.07,0.24,0.29,0.17,0.12,0.08,0.09
-4.08,-4.31,-4.09,-4.14,-4.17,-4.14,-4.12,-4.12,-4.12,-4.08,-3.93,-3.93,-4.07,-3.74,-3.76,-3.50,-3.58,-3.65,-3.70,-3.84,-3.88,-3.90,-3.82,-3.88,-3.90,-3.86,-3.76,-3.71,-3.78,-3.70,-2.30,-0.66,1.31,2.64,3.29,3.68,3.93,4.19,4.32,4.28,4.38,4.41,4.39,4.35,4.19,4.37,4.32,4.17,4.31,4.51,4.52,4.43,4.37,4.23,4.22,4.19,4.24,4.44,4.31,4.18,4.07,3.63,2.86,2.25,2.13,2.22,2.03,1.75,2.09,2.25,2.19,2.36,2.30,2.48,2.65,2.95,2.98,3.50,2.78,1.58,0.30,0.07,-0.01,0.48,0.84,0.98,1.17,1.14,1.14,1.22,1.24,1.17,1.31,1.34,1.27,1.20,1.04,1.04,0.93,0.95,1.01,0.95,1.08,1.15,1.08,1.02,0.91,0.76,0.69,0.51,0.60,0.51,0.65,0.86,0.54,0.92,1.03,0.91,0.75,0.65,0.54,0.51,0.61,0.61,0.58,0.86,0.70,0.87,0.84,0.77,0.95,0.97,1.02,1.07,1.02,0.96,1.17,1.13,0.96,0.96,0.93,0.90,0.91,0.88,0.72,0.81,0.79,0.60,0.66,0.84,0.84,0.77,0.38,0.40,0.55,0.56,0.44,0.49,0.28,0.25
-3.90,-4.12,-4.14,-4.26,-4.21,-4.07,-3.97,-4.08,-4.16,-4.17,-4.05,-4.01,-4.13,-4.01,-3.80,-3.90,-3.99,-3.93,-3.83,-3.88,-3.90,-3.88,-3.90,-3.96,-4.00,-3.92,-3.88,-3.95,-4.09,-4.16,-3.82,-2.52,-0.52,1.58,2.75,3.48,3.87,4.18,4.35,4.41,4.54,4.38,4.44,4.28,4.29,4.39,4.54,4.31,4.28,4.48,4.54,4.44,4.36,4.29,4.35,4.32,4.35,4.49,4.43,4.23,3.80,3.05,2.23,1.90,1.99,1.99,1.84,1.89,2.17,2.65,2.40,2.39,2.52,2.57,2.83,3.10,3.67,3.12,1.91,0.53,0.12,0.04,0.02,0.53,0.93,1.29,1.41,1.44,1.36,1.27,1.34,1.33,1.46,1.47,1.40,1.30,1.19,1.24,1.15,1.11,1.09,1.08,1.17,1.12,1.03,1.02,0.96,0.72,0.70,0.74,0.69,0.86,0.87,0.90,0.72,0.85,1.08,1.01,0.92,0.80,0.67,0.70,0.77,0.74,0.67,0.85,0.82,0.91,0.84,0.95,0.93,0.98,1.14,1.14,1.00,1.04,1.12,1.08,1.00,0.92,0.81,0.75,0.75,0.86,0.85,0.92,0.86,0.84,0.96,1.09,1.07,0.92,0.66,0.70,0.79,0.81,0.77,0.67,0.75,0.49
-3.87,-4.09,-4.12,-4.12,-4.10,-4.04,-3.99,-4.07,-4.14,-4.13,-4.10,-4.01,-3.90,-4.00,-3.93,-4.07,-4.16,-4.12,-3.99,-3.95,-4.07,-3.90,-4.00,-3.82,-3.86,-3.88,-3.96,-4.12,-4.08,-4.07,-3.75,-2.87,-1.36,0.59,2.17,2.93,3.47,4.00,4.39,4.59,4.61,4.44,4.63,4.56,4.43,4.44,4.61,4.45,4.35,4.42,4.56,4.47,4.41,4.44,4.49,4.43,4.45,4.52,4.50,4.31,3.57,2.57,1.85,1.74,1.71,1.82,1.95,2.06,2.43,3.10,2.68,2.59,2.64,2.80,2.90,3.56,3.44,2.34,0.93,-0.01,-0.07,-0.07,0.10,0.67,1.27,1.55,1.68,1.63,1.72,1.62,1.58,1.56,1.41,1.34,1.45,1.49,1.35,1.36,1.39,1.27,1.22,1.28,1.14,0.95,0.91,0.88,0.77,0.79,0.84,0.74,0.81,1.08,0.75,1.03,0.92,0.79,0.86,0.85,0.84,0.85,0.79,0.76,0.84,0.88,0.81,0.97,0.93,1.06,0.91,0.98,0.87,0.91,1.07,1.12,1.03,1.15,1.12,1.08,0.95,0.98,0.92,0.82,0.82,0.88,0.91,0.97,0.93,0.88,1.02,1.22,1.18,1.23,1.02,0.98,0.96,1.04,1.34,1.08,0.77,0.75
-4.03,-4.17,-3.92,-3.84,-3.88,-4.00,-4.08,-4.03,-4.04,-4.05,-4.20,-4.13,-3.91,-4.04,-4.01,-4.13,-4.24,-4.24,-4.09,-3.87,-3.82,-3.69,-3.88,-3.93,-3.80,-3.83,-4.05,-4.24,-4.25,-4.13,-3.92,-3.48,-1.49,0.18,1.50,2.58,3.48,3.98,4.20,4.39,4.56,4.61,4.67,4.68,4.72,4.57,4.70,4.47,4.52,4.52,4.56,4.54,4.48,4.55,4.55,4.39,4.47,4.59,4.51,4.19,3.25,2.28,1.74,1.63,1.73,2.00,2.02,2.34,2.65,3.12,2.77,2.81,2.76,2.90,3.34,3.16,2.36,0.96,-0.08,-0.32,-0.33,-0.21,0.27,0.72,1.09,1.64,1.72,1.84,1.94,1.73,1.63,1.62,1.56,1.63,1.62,1.56,1.39,1.31,1.36,1.27,1.20,1.28,1.24,1.06,1.07,0.93,0.79,0.75,0.81,0.79,0.70,1.15,0.80,0.98,1.08,0.98,0.85,0.88,0.95,0.95,0.88,0.88,0.91,0.93,0.86,1.15,1.04,1.23,1.11,1.02,0.87,0.88,0.98,1.02,1.03,1.13,1.14,1.06,0.92,0.96,0.97,1.00,1.01,0.96,1.02,0.79,0.96,1.09,1.17,1.25,1.20,1.13,1.24,1.23,1.11,1.00,1.06,1.20,1.17,1.14
-3.93,-4.12,-4.10,-3.97,-3.88,-3.93,-3.97,-3.86,-4.14,-4.12,-4.24,-4.25,-4.13,-4.12,-4.10,-4.12,-4.07,-4.08,-4.08,-3.95,-3.96,-3.83,-3.84,-3.91,-3.92,-4.00,-4.05,-4.04,-4.08,-3.97,-3.82,-3.61,-1.38,0.43,1.22,2.05,2.92,3.55,4.00,4.26,4.35,4.43,4.63,4.62,4.75,4.58,4.59,4.49,4.62,4.55,4.54,4.58,4.54,4.51,4.50,4.32,4.36,4.56,4.38,3.69,2.60,1.92,1.79,1.52,1.83,1.94,2.12,2.42,2.77,2.99,2.68,2.72,2.78,2.87,3.29,2.34,1.00,0.04,-0.48,-0.08,-0.28,-0.23,0.19,0.66,1.08,1.49,1.53,1.86,2.14,1.97,1.83,1.83,1.85,1.74,1.72,1.61,1.42,1.34,1.33,1.25,1.18,1.14,1.08,1.00,0.96,0.82,0.80,0.92,0.90,0.70,0.37,0.79,0.53,0.95,1.07,1.13,1.06,1.02,1.02,1.06,1.11,1.12,1.11,1.07,1.01,1.23,1.12,1.25,1.18,1.12,1.00,0.96,0.96,0.98,1.12,1.09,1.07,1.09,0.96,0.93,0.88,1.00,1.12,0.97,1.06,1.04,1.13,1.14,1.13,1.15,1.03,1.19,1.35,1.31,1.29,1.29,1.31,1.23,1.25,1.20
-3.99,-3.84,-4.18,-3.99,-3.91,-3.90,-3.91,-3.90,-4.20,-4.10,-4.10,-4.12,-4.12,-4.18,-4.26,-4.09,-3.97,-4.00,-4.03,-4.00,-4.09,-3.95,-3.84,-3.93,-3.88,-4.03,-4.26,-4.29,-4.09,-4.05,-3.83,-3.44,-1.50,0.81,1.53,1.74,2.09,2.63,3.36,3.97,4.18,4.45,4.57,4.68,4.62,4.43,4.58,4.51,4.64,4.61,4.62,4.55,4.45,4.39,4.41,4.34,4.31,4.31,3.91,2.95,2.00,1.66,1.68,1.47,1.88,1.89,2.46,2.70,3.01,3.02,2.72,2.92,2.72,2.53,2.43,1.22,0.02,-0.32,-0.51,-0.27,-0.44,-0.22,0.01,0.46,0.93,1.39,1.50,1.78,1.80,1.73,1.80,1.89,1.89,1.88,1.80,1.74,1.58,1.45,1.29,1.07,1.08,1.15,1.00,0.79,0.74,0.71,0.70,0.80,0.84,0.53,0.18,0.44,0.29,0.85,1.07,1.14,1.11,1.15,1.19,1.25,1.33,1.30,1.25,1.36,1.34,1.29,1.12,1.22,1.27,1.17,1.07,1.02,0.97,1.01,1.12,1.19,0.95,1.17,0.87,0.87,1.01,1.07,1.07,0.92,1.09,1.07,1.11,1.19,1.28,1.33,1.09,1.27,1.22,1.13,1.12,1.23,1.50,1.30,1.17,1.18
-4.07,-4.01,-3.97,-3.96,-4.07,-4.03,-3.86,-3.82,-4.07,-3.92,-3.99,-4.01,-4.04,-4.16,-4.18,-4.04,-4.01,-3.97,-3.91,-3.92,-4.04,-3.93,-3.86,-4.04,-4.00,-3.99,-4.10,-4.10,-3.93,-3.92,-3.83,-3.25,-1.68,0.37,1.25,1.34,1.31,1.84,2.65,3.35,3.91,4.16,4.13,4.23,4.61,4.65,4.56,4.61,4.77,4.75,4.64,4.50,4.41,4.42,4.39,4.36,4.29,3.97,3.20,2.19,1.58,1.52,1.55,1.58,2.08,2.33,2.75,2.99,3.28,3.10,2.98,2.90,2.64,2.23,1.39,0.23,-0.28,-0.49,-0.56,-0.46,-0.43,-0.28,-0.06,0.39,0.86,1.22,1.42,1.72,1.68,1.71,1.85,1.84,1.90,1.97,1.86,1.78,1.68,1.53,1.31,1.12,1.08,1.03,0.98,0.84,0.77,0.75,0.76,0.91,0.96,0.74,0.22,0.43,0.33,0.74,1.06,1.13,1.11,1.27,1.40,1.40,1.38,1.35,1.36,1.52,1.42,1.35,1.17,1.11,1.31,1.28,1.18,1.07,1.06,1.09,0.98,1.07,0.93,1.27,0.97,1.04,1.20,1.15,1.04,0.96,0.92,1.14,1.18,1.28,1.36,1.36,1.24,1.30,1.28,1.19,1.22,1.35,1.31,1.39,1.20,1.09
-3.95,-3.86,-4.07,-3.90,-4.01,-3.96,-3.83,-3.95,-4.20,-3.99,-3.96,-4.10,-4.16,-4.03,-4.04,-4.01,-4.00,-3.96,-3.88,-3.86,-3.95,-4.00,-3.92,-4.10,-4.09,-3.99,-4.16,-4.25,-4.07,-4.00,-3.80,-2.86,-1.71,0.43,1.04,1.30,1.35,1.55,1.91,2.37,3.12,3.98,4.13,4.35,4.72,4.76,4.68,4.63,4.64,4.74,4.69,4.43,4.34,4.47,4.34,4.34,4.32,3.62,2.51,1.69,1.45,1.49,1.58,1.85,2.47,2.78,3.08,3.05,3.23,3.05,2.94,2.68,2.48,1.44,0.41,-0.21,-0.34,-0.53,-0.47,-0.29,-0.49,-0.34,-0.11,0.25,0.90,1.22,1.49,1.68,1.75,1.85,1.85,1.74,1.90,1.92,1.84,1.89,1.84,1.64,1.45,1.30,1.18,1.06,1.04,0.95,0.97,0.86,0.85,0.96,0.95,0.93,0.53,0.70,0.59,0.79,0.97,1.18,1.27,1.39,1.35,1.30,1.34,1.34,1.46,1.40,1.24,1.46,1.18,1.17,1.20,1.20,1.15,1.06,1.02,1.12,0.95,1.12,1.14,1.22,1.09,1.08,1.13,1.14,1.12,1.09,0.91,1.04,1.17,1.24,1.30,1.31,1.08,1.20,1.17,1.13,1.13,1.17,1.34,1.34,1.20,1.09
-3.90,-3.96,-3.84,-3.90,-4.16,-4.08,-3.82,-3.84,-4.00,-3.82,-4.00,-4.08,-3.99,-3.88,-3.97,-4.04,-3.97,-3.97,-3.91,-3.84,-3.91,-3.99,-4.03,-4.07,-4.04,-4.03,-4.04,-4.08,-4.07,-4.01,-3.91,-3.14,-2.29,-0.13,0.85,1.24,1.52,1.68,1.77,1.96,2.57,3.52,4.03,4.49,4.41,4.43,4.42,4.62,4.74,4.61,4.76,4.43,4.28,4.25,4.07,4.23,4.16,3.14,2.01,1.66,1.77,1.72,1.69,2.11,2.87,3.00,3.41,3.13,3.08,2.88,2.81,2.51,1.74,0.49,-0.08,-0.29,-0.43,-0.51,-0.44,-0.41,-0.46,-0.32,-0.07,0.24,0.79,1.06,1.45,1.74,1.78,1.79,1.80,1.71,1.96,1.95,1.75,1.84,1.89,1.72,1.45,1.25,1.13,1.07,0.96,0.88,0.93,0.88,0.74,0.91,0.79,0.87,0.81,0.86,0.93,0.97,1.01,1.28,1.40,1.35,1.24,1.22,1.30,1.31,1.45,1.31,1.27,1.35,1.14,1.34,1.27,1.17,1.17,1.17,1.13,1.18,1.28,1.09,1.28,1.15,1.19,1.09,1.03,1.09,1.15,0.77,0.65,0.92,1.01,1.02,1.13,1.36,1.12,1.28,1.25,1.18,1.12,1.17,1.50,1.29,1.22,1.18
-3.91,-4.00,-3.97,-3.93,-4.07,-3.91,-3.74,-3.84,-4.05,-3.93,-4.04,-3.97,-3.84,-3.83,-3.96,-3.91,-3.87,-3.87,-3.79,-3.79,-3.96,-3.99,-3.92,-3.91,-3.95,-4.03,-3.91,-3.97,-4.07,-3.87,-3.76,-3.39,-2.54,-0.49,0.65,1.17,1.47,1.68,1.62,1.78,2.43,3.07,3.47,4.12,4.48,4.45,4.58,4.52,4.70,4.68,4.71,4.42,4.25,4.19,4.05,4.09,3.75,2.51,1.66,1.77,1.94,2.03,2.03,2.49,3.05,3.10,3.34,3.07,3.04,2.86,2.55,1.86,0.69,0.10,-0.26,-0.38,-0.34,-0.22,-0.31,-0.49,-0.38,-0.32,-0.06,0.29,0.67,1.07,1.44,1.62,1.74,1.77,1.77,1.69,1.89,1.92,1.75,1.72,1.80,1.88,1.66,1.30,1.14,1.07,0.92,0.86,0.86,0.90,0.81,0.93,0.72,0.84,0.75,0.88,1.09,1.09,0.98,1.12,1.23,1.15,1.12,1.19,1.23,1.27,1.42,1.49,1.44,1.23,1.19,1.20,1.18,1.18,1.27,1.14,1.00,1.28,1.24,1.09,1.23,1.44,1.15,0.98,1.03,1.08,1.08,0.92,0.61,0.67,0.77,0.88,1.06,1.28,1.11,1.18,1.19,1.19,1.23,1.31,1.41,1.20,1.19,1.23
-3.95,-4.00,-4.00,-3.86,-3.84,-3.83,-3.74,-3.66,-3.96,-3.96,-4.09,-4.10,-4.10,-4.10,-3.96,-3.78,-3.82,-3.87,-3.79,-3.78,-4.01,-4.12,-3.79,-3.84,-3.88,-3.95,-3.97,-4.09,-4.08,-3.80,-3.66,-3.47,-2.82,-1.35,0.43,1.27,1.56,1.57,1.61,1.74,2.18,2.80,3.00,3.67,4.17,4.22,4.23,4.16,4.64,4.48,4.64,4.58,4.31,4.13,4.10,3.90,3.08,2.07,1.75,1.85,2.05,2.51,2.70,2.95,3.14,3.20,3.23,3.06,3.07,2.71,1.74,0.65,0.15,-0.16,-0.39,-0.57,-0.43,-0.32,-0.34,-0.47,-0.44,-0.24,-0.03,0.23,0.59,1.08,1.33,1.47,1.62,1.72,1.75,1.67,1.74,1.85,1.84,1.78,1.79,1.86,1.78,1.51,1.30,1.25,1.08,0.88,0.86,0.91,0.90,0.86,0.63,0.71,0.58,0.81,1.03,1.08,0.87,0.90,1.06,1.20,1.22,1.20,1.28,1.27,1.29,1.53,1.30,1.15,1.18,1.17,1.20,1.20,1.24,1.15,0.98,1.24,1.00,0.98,1.22,1.36,1.19,1.08,1.04,0.95,0.86,0.64,0.49,0.59,0.67,0.70,0.87,1.20,1.27,1.18,1.12,1.14,1.23,1.27,1.23,1.12,1.12,1.22
-3.96,-3.95,-3.82,-3.90,-3.74,-3.87,-3.97,-3.95,-3.96,-3.80,-4.13,-4.17,-4.10,-4.01,-3.91,-3.74,-3.82,-3.67,-3.61,-3.73,-3.93,-4.01,-3.91,-3.95,-3.87,-3.84,-3.93,-4.01,-3.95,-3.80,-3.69,-3.57,-3.13,-2.16,-0.03,1.17,1.51,1.56,1.71,1.77,2.01,2.46,2.69,3.28,3.71,4.03,4.22,4.15,4.36,4.38,4.32,4.31,4.15,3.96,4.02,3.65,2.59,1.79,1.69,1.97,2.42,2.88,3.14,3.19,3.24,3.30,3.37,3.23,2.99,2.01,0.81,-0.13,-0.02,-0.28,-0.36,-0.47,-0.46,-0.57,-0.49,-0.53,-0.42,-0.19,0.02,0.12,0.55,0.98,1.18,1.39,1.57,1.58,1.64,1.67,1.71,1.77,1.80,1.86,1.82,1.66,1.60,1.53,1.40,1.41,1.25,0.92,0.80,0.82,0.84,0.90,0.69,0.61,0.67,0.65,0.96,1.09,1.00,1.00,1.02,1.13,1.29,1.30,1.20,1.09,1.33,1.27,1.33,1.08,1.15,1.14,1.24,1.19,1.09,1.06,0.96,1.19,1.00,1.03,1.09,1.20,1.06,1.04,1.08,0.88,0.87,0.60,0.46,0.64,0.72,0.70,0.82,0.95,1.33,1.19,1.08,1.09,1.19,1.18,1.23,1.17,1.22,1.33
-4.05,-3.92,-3.73,-3.93,-3.80,-3.92,-4.00,-3.95,-3.88,-3.91,-4.08,-3.95,-3.84,-3.86,-3.99,-3.91,-3.83,-3.79,-3.79,-3.80,-3.86,-3.97,-3.96,-3.87,-3.99,-3.84,-3.87,-3.93,-3.91,-3.78,-3.69,-3.66,-3.22,-2.20,0.01,1.39,1.57,1.69,1.82,1.94,2.24,2.41,2.35,2.81,3.38,3.75,4.02,3.87,4.11,4.06,4.20,4.06,3.98,3.87,3.67,2.86,2.08,1.75,1.73,2.16,2.81,3.34,3.36,3.42,3.50,3.34,3.37,3.18,2.43,1.20,0.18,-0.14,-0.09,-0.21,-0.31,-0.38,-0.41,-0.56,-0.42,-0.46,-0.34,-0.27,-0.04,0.09,0.60,1.01,1.19,1.39,1.58,1.60,1.66,1.72,1.68,1.73,1.79,1.82,1.78,1.56,1.47,1.50,1.38,1.39,1.31,1.12,0.90,0.84,1.02,1.06,0.85,0.84,0.87,0.86,1.12,1.11,1.07,1.04,1.04,1.06,1.07,1.15,1.28,1.25,1.52,1.35,1.20,1.18,1.31,1.33,1.18,1.13,1.13,1.07,1.15,1.39,1.20,1.17,1.23,1.23,1.12,1.12,1.12,0.87,0.91,0.64,0.63,0.69,0.77,0.85,0.96,0.85,1.15,1.07,1.02,1.11,1.18,1.27,1.27,1.33,1.34,1.34
-4.16,-4.01,-3.83,-3.86,-3.96,-3.86,-3.84,-3.93,-3.86,-3.95,-3.97,-3.92,-3.80,-3.76,-3.80,-3.74,-3.78,-3.67,-3.78,-3.87,-3.91,-3.92,-3.87,-3.80,-4.00,-3.83,-3.84,-3.96,-3.92,-3.67,-3.53,-3.54,-2.84,-1.39,0.61,1.74,1.84,1.96,2.03,2.06,2.22,2.34,2.36,2.57,2.74,3.32,3.59,3.61,3.69,3.73,3.91,4.06,3.79,3.60,2.95,2.20,2.05,2.02,2.18,2.83,3.31,3.48,3.55,3.52,3.44,3.47,3.25,2.53,1.68,0.69,-0.03,-0.12,-0.16,-0.31,-0.52,-0.66,-0.68,-0.71,-0.32,-0.34,-0.28,-0.44,-0.13,0.12,0.54,1.08,1.25,1.47,1.57,1.52,1.66,1.63,1.57,1.72,1.83,1.71,1.57,1.51,1.34,1.34,1.39,1.28,1.25,1.27,1.14,1.01,1.04,1.01,0.91,1.04,0.79,1.03,1.08,1.01,0.97,0.96,1.06,1.09,0.98,1.02,1.41,1.34,1.50,1.24,1.40,1.18,1.29,1.38,1.17,0.96,0.91,0.96,1.13,1.18,1.06,1.18,1.12,1.24,1.22,1.23,1.30,1.06,1.17,0.95,0.85,0.75,0.75,0.84,0.92,1.06,1.17,1.09,1.13,1.22,1.14,1.06,1.30,1.33,1.36,1.39
-4.01,-4.05,-3.83,-3.88,-4.01,-3.78,-3.82,-3.92,-3.86,-3.96,-3.78,-3.91,-3.90,-3.71,-3.56,-3.58,-3.75,-3.60,-3.60,-3.65,-3.65,-3.67,-3.86,-3.92,-3.90,-3.78,-3.82,-3.83,-3.66,-3.41,-3.31,-3.04,-1.95,-0.26,1.29,1.94,2.12,2.23,2.23,2.13,2.13,2.22,2.29,2.28,2.36,2.69,2.84,2.81,3.34,3.35,3.34,3.07,2.83,2.47,1.91,1.92,2.08,2.25,2.80,3.36,3.50,3.48,3.42,3.40,3.46,3.17,2.59,1.63,0.91,0.35,-0.12,-0.23,-0.37,-0.39,-0.67,-0.78,-0.82,-0.77,-0.28,-0.37,-0.31,-0.48,-0.08,0.20,0.56,1.18,1.24,1.39,1.51,1.34,1.47,1.57,1.61,1.62,1.67,1.55,1.36,1.38,1.30,1.27,1.38,1.30,1.29,1.30,1.36,1.19,1.18,1.03,0.98,1.13,0.96,1.19,1.14,1.08,1.15,1.25,1.24,1.17,1.14,1.24,1.34,1.14,1.79,1.22,1.36,1.14,1.11,1.11,1.07,1.06,1.06,1.04,1.15,1.06,1.15,1.23,1.18,1.27,1.27,1.22,1.33,1.12,1.24,1.06,0.97,0.86,0.80,0.75,0.77,1.12,1.28,1.20,1.13,1.12,1.01,1.36,1.50,1.50,1.44,1.44
-3.78,-3.78,-3.63,-3.91,-3.90,-3.86,-3.83,-3.84,-3.93,-3.91,-3.80,-3.86,-3.80,-3.66,-3.49,-3.50,-3.54,-3.39,-3.47,-3.65,-3.79,-3.83,-3.95,-4.13,-4.03,-3.93,-3.96,-3.90,-3.60,-3.32,-3.15,-2.39,-1.07,0.59,1.69,1.99,2.08,2.22,2.26,2.30,2.29,2.19,2.11,2.09,2.25,2.48,2.55,2.28,2.36,2.53,2.29,2.16,1.95,1.85,1.94,2.07,2.30,2.87,3.26,3.50,3.67,3.49,3.44,3.41,3.31,2.71,1.90,0.84,0.43,0.10,-0.09,-0.34,-0.34,-0.54,-0.62,-0.78,-0.85,-0.83,-0.59,-0.67,-0.38,-0.28,0.09,0.41,0.75,1.11,1.17,1.38,1.56,1.35,1.44,1.67,1.71,1.61,1.53,1.50,1.36,1.31,1.34,1.31,1.35,1.25,1.29,1.31,1.18,1.15,1.25,1.30,0.93,1.06,1.03,1.11,1.11,1.18,1.14,1.18,1.27,1.31,1.27,1.03,1.29,1.31,1.42,1.08,1.15,1.18,1.12,0.98,1.02,1.03,0.90,0.96,1.02,0.95,1.02,0.95,0.96,1.08,1.14,1.12,1.17,1.01,1.03,1.00,1.00,0.92,0.82,0.84,0.72,1.01,1.15,1.12,1.08,1.20,1.29,1.55,1.44,1.50,1.47,1.31
-3.93,-3.93,-3.84,-3.83,-3.91,-3.83,-3.76,-3.84,-3.96,-3.87,-4.00,-3.82,-3.75,-3.65,-3.56,-3.60,-3.58,-3.45,-3.50,-3.63,-3.74,-3.73,-3.65,-3.74,-3.79,-3.86,-3.95,-4.07,-3.80,-3.44,-3.06,-2.25,-1.02,0.71,1.55,1.80,1.97,2.17,2.18,2.34,2.45,2.25,2.07,2.18,2.24,2.30,2.36,2.18,2.30,2.12,1.82,1.73,1.79,2.02,1.89,2.18,2.76,3.02,3.23,3.49,3.52,3.43,3.37,3.26,3.06,2.03,0.98,0.44,0.30,0.13,-0.24,-0.37,-0.36,-0.19,-0.69,-0.80,-0.71,-0.58,-0.56,-0.64,-0.26,-0.04,0.18,0.44,0.76,1.02,1.31,1.56,1.71,1.52,1.52,1.52,1.57,1.69,1.60,1.44,1.36,1.29,1.30,1.41,1.46,1.36,1.47,1.38,1.35,1.02,1.23,1.29,1.17,1.25,1.29,1.25,1.34,1.24,1.13,1.22,1.28,1.19,1.19,1.14,1.28,1.24,1.30,1.18,1.19,1.13,1.12,0.95,0.95,1.11,1.03,0.97,0.92,0.88,0.90,0.74,0.76,0.91,0.96,0.95,1.04,0.93,1.08,1.14,1.03,0.82,0.75,0.84,0.39,0.63,0.86,1.01,1.13,1.28,1.31,1.45,1.36,1.44,1.49,1.25
-3.87,-3.73,-3.60,-4.03,-3.91,-3.88,-3.86,-3.84,-3.84,-3.84,-3.93,-3.83,-3.73,-3.65,-3.61,-3.52,-3.43,-3.31,-3.54,-3.53,-3.49,-3.56,-3.53,-3.62,-3.76,-3.56,-3.65,-3.73,-3.56,-3.32,-3.19,-2.86,-1.86,-0.13,1.22,1.67,2.01,2.25,2.23,2.33,2.37,2.18,2.05,2.13,2.12,2.28,2.28,2.26,2.34,1.84,1.75,1.61,1.89,1.95,2.17,2.69,2.98,3.06,3.16,3.28,3.40,3.43,3.32,3.19,2.52,1.12,0.60,0.24,0.19,0.15,-0.22,-0.31,-0.36,-0.29,-0.63,-0.44,-0.85,-0.53,-0.58,-0.56,-0.16,0.18,0.32,0.71,0.98,1.28,1.47,1.66,1.71,1.58,1.51,1.50,1.53,1.61,1.57,1.50,1.45,1.33,1.28,1.41,1.47,1.36,1.17,1.18,1.30,1.38,1.29,1.29,1.23,1.01,1.17,1.17,1.33,1.27,1.24,1.33,1.22,1.06,1.14,1.00,1.13,1.23,1.14,1.06,1.12,1.06,1.00,0.86,0.86,1.06,0.97,1.01,0.97,0.90,0.84,0.69,0.75,0.95,0.98,0.90,1.02,0.93,1.31,1.24,1.08,0.90,0.74,0.84,0.77,0.63,0.74,0.91,0.98,1.03,1.12,1.31,1.36,1.38,1.40,1.40
-3.75,-3.76,-3.65,-3.62,-3.88,-3.58,-3.69,-3.75,-3.70,-3.69,-3.67,-3.79,-3.71,-3.67,-3.60,-3.45,-3.41,-3.28,-3.43,-3.47,-3.45,-3.47,-3.58,-3.53,-3.61,-3.65,-3.71,-3.60,-3.57,-3.43,-3.21,-3.05,-2.42,-0.92,0.92,1.73,1.89,2.23,2.36,2.35,2.29,2.06,1.90,2.02,1.95,2.12,2.26,2.25,2.23,1.69,1.78,1.53,1.71,1.85,2.29,2.82,3.02,3.10,3.08,3.02,3.16,3.30,3.12,2.42,1.25,0.50,0.35,0.03,0.22,-0.08,-0.22,-0.42,-0.80,-0.23,-0.63,-0.53,-0.73,-0.53,-0.58,-0.38,0.17,0.44,0.56,0.90,1.17,1.47,1.47,1.53,1.68,1.67,1.58,1.61,1.66,1.67,1.69,1.68,1.71,1.46,1.36,1.56,1.55,1.36,1.33,1.23,1.42,1.18,1.40,1.52,1.30,1.31,1.33,1.41,1.40,1.30,1.38,1.42,1.17,0.95,1.20,1.01,1.00,1.04,1.07,1.09,0.96,0.88,0.77,0.74,0.81,0.95,0.98,0.88,1.04,0.93,0.86,0.77,0.87,1.04,1.12,1.08,1.08,1.08,1.22,1.27,1.18,1.00,0.82,0.87,0.56,0.67,0.81,0.82,0.84,1.11,1.35,1.41,1.45,1.41,1.35,1.38
-3.70,-3.74,-3.66,-3.75,-3.79,-3.78,-3.73,-3.69,-3.79,-3.90,-3.69,-3.90,-3.88,-3.69,-3.53,-3.53,-3.54,-3.44,-3.44,-3.49,-3.50,-3.61,-3.70,-3.63,-3.63,-3.49,-3.56,-3.54,-3.49,-3.39,-3.28,-3.15,-2.70,-1.44,0.24,1.55,1.71,2.16,2.23,2.29,2.39,2.02,1.79,2.02,1.90,1.97,2.16,2.13,2.09,1.79,1.75,1.47,1.78,1.80,2.31,2.62,2.74,2.93,3.05,3.00,3.04,3.10,2.42,1.25,0.58,0.25,0.33,-0.02,0.07,-0.16,-0.37,-0.33,-0.51,-0.49,-0.56,-0.72,-0.80,-0.63,-0.53,-0.14,0.27,0.53,0.72,1.01,1.23,1.35,1.30,1.52,1.51,1.39,1.53,1.61,1.62,1.75,1.75,1.66,1.57,1.39,1.25,1.60,1.38,1.13,1.19,1.13,1.20,1.34,1.24,1.30,1.22,1.31,1.33,1.25,1.31,1.23,1.33,1.50,1.25,0.96,1.22,1.08,1.07,1.14,1.24,1.19,1.02,0.86,0.65,0.61,0.75,0.82,1.14,0.76,1.02,1.07,1.01,1.02,1.15,1.23,1.12,1.06,1.28,1.18,1.23,1.15,0.93,0.76,0.92,0.85,0.60,0.71,0.72,0.71,0.74,0.72,0.98,1.31,1.46,1.42,1.31,1.28
-3.74,-3.74,-3.71,-3.73,-3.62,-3.50,-3.80,-3.90,-3.80,-3.69,-3.61,-3.66,-3.61,-3.54,-3.53,-3.56,-3.47,-3.52,-3.54,-3.54,-3.57,-3.70,-3.78,-3.62,-3.63,-3.54,-3.67,-3.70,-3.57,-3.28,-3.19,-3.15,-2.60,-1.48,0.09,1.74,1.78,2.13,2.31,2.35,2.26,1.97,1.90,1.97,1.89,2.07,2.03,2.02,1.85,1.88,1.88,1.69,1.77,1.78,2.09,2.42,2.66,2.99,3.19,2.96,2.84,2.65,1.66,0.72,0.40,0.08,0.06,-0.06,-0.06,-0.18,-0.39,-0.33,-0.68,-0.61,-0.81,-0.76,-0.69,-0.66,-0.33,-0.02,0.37,0.80,0.70,1.02,1.29,1.38,1.39,1.47,1.44,1.41,1.67,1.72,1.66,1.72,1.67,1.78,1.72,1.45,1.45,1.56,1.63,1.34,1.27,1.17,1.35,1.45,1.42,1.31,1.41,1.51,1.38,1.23,1.27,1.23,1.27,1.46,1.45,1.22,1.31,1.13,1.20,1.22,1.19,1.13,1.06,0.90,0.67,0.60,0.70,0.79,1.08,0.95,1.06,1.19,1.17,1.17,1.22,1.24,1.30,1.38,1.29,1.15,1.27,1.18,1.06,1.01,1.00,0.77,0.67,0.60,0.58,0.54,0.58,0.63,0.81,1.17,1.30,1.23,1.24,1.27
-3.75,-3.70,-3.74,-3.75,-3.54,-3.58,-3.65,-3.62,-3.61,-3.60,-3.47,-3.36,-3.43,-3.48,-3.54,-3.56,-3.40,-3.49,-3.43,-3.60,-3.56,-3.63,-3.73,-3.54,-3.41,-3.52,-3.63,-3.61,-3.36,-3.18,-3.28,-3.19,-2.36,-1.08,0.13,2.01,1.80,2.18,2.13,2.20,2.16,2.13,2.08,1.92,1.95,2.23,2.14,2.07,1.92,2.00,2.05,1.91,1.85,1.74,1.83,2.17,2.52,2.88,2.99,2.75,2.48,1.99,1.00,0.30,0.17,-0.03,-0.02,-0.06,-0.24,-0.34,-0.26,-0.29,-0.59,-0.61,-0.90,-0.76,-0.75,-0.19,-0.23,0.30,0.58,0.69,0.84,1.18,1.31,1.42,1.33,1.49,1.66,1.74,1.84,1.89,1.83,1.78,1.79,1.80,1.74,1.62,1.47,1.67,1.58,1.50,1.42,1.35,1.45,1.35,1.67,1.45,1.29,1.27,1.25,1.22,1.14,1.09,1.09,1.18,1.29,1.33,1.36,1.00,1.23,1.12,1.00,0.93,0.90,0.77,0.69,0.70,0.79,0.86,0.96,1.15,1.19,1.15,1.31,1.33,1.28,1.39,1.55,1.62,1.33,1.34,1.15,1.24,1.25,0.95,0.95,0.81,0.59,0.69,0.69,0.56,0.60,0.74,1.01,1.23,1.20,1.03,1.23,1.22
-3.70,-3.65,-3.79,-3.92,-3.70,-3.75,-3.47,-3.54,-3.57,-3.47,-3.52,-3.43,-3.41,-3.25,-3.25,-3.39,-3.43,-3.40,-3.31,-3.45,-3.47,-3.54,-3.60,-3.48,-3.36,-3.50,-3.69,-3.56,-3.32,-3.06,-2.87,-2.63,-2.07,-0.80,0.66,1.78,1.91,2.06,2.07,2.28,2.23,2.18,2.17,2.16,2.23,2.28,2.25,2.22,2.22,2.19,2.11,2.02,1.96,1.82,1.78,2.13,2.40,2.69,2.70,2.23,1.60,0.90,0.30,0.02,-0.14,-0.18,-0.18,-0.19,-0.12,-0.46,-0.38,-0.52,-0.56,-0.49,-0.58,-0.59,-0.48,-0.12,-0.13,0.38,0.53,0.98,1.36,1.28,1.29,1.62,1.71,1.71,1.66,1.72,1.94,1.91,1.72,1.69,1.63,1.63,1.68,1.57,1.53,1.61,1.72,1.51,1.51,1.53,1.45,1.40,1.50,1.51,1.30,1.36,1.24,1.20,1.13,0.93,0.95,1.14,1.24,1.30,1.19,0.87,1.08,0.95,0.98,0.88,0.82,0.69,0.67,0.91,0.93,1.03,1.03,1.01,1.06,1.29,1.53,1.58,1.52,1.51,1.53,1.55,1.45,1.42,1.38,1.23,1.14,1.04,0.84,0.92,0.61,0.64,0.79,0.71,0.74,0.80,1.03,1.22,1.25,1.24,1.33,1.11
-3.67,-3.60,-3.74,-3.82,-3.65,-3.83,-3.36,-3.52,-3.57,-3.47,-3.37,-3.26,-3.43,-3.37,-3.47,-3.65,-3.66,-3.50,-3.26,-3.31,-3.39,-3.45,-3.49,-3.53,-3.49,-3.48,-3.67,-3.48,-3.37,-3.09,-2.65,-2.05,-0.96,0.48,1.52,1.56,1.78,2.03,2.16,2.20,2.20,2.28,2.22,2.22,2.29,2.18,2.24,2.23,2.22,2.22,2.18,2.11,2.03,1.95,1.78,2.06,2.30,2.51,2.29,1.44,0.70,0.38,0.08,-0.11,-0.07,-0.07,-0.13,-0.19,-0.18,-0.12,-0.33,-0.53,-0.58,-0.36,-0.76,-0.48,-0.43,0.10,0.22,0.54,0.70,1.08,1.24,1.39,1.38,1.52,1.77,1.82,1.83,1.84,1.95,1.92,1.73,1.74,1.75,1.73,1.68,1.73,1.58,1.61,1.57,1.31,1.31,1.28,1.29,1.34,1.34,1.30,1.23,1.19,1.14,1.17,1.07,0.90,0.93,1.09,1.15,1.19,0.95,0.93,0.98,0.93,1.02,0.95,0.90,0.81,0.82,1.11,1.04,1.27,1.12,1.06,1.20,1.44,1.60,1.67,1.66,1.56,1.57,1.67,1.60,1.50,1.47,1.35,1.13,1.09,0.88,0.98,0.70,0.54,0.64,0.76,0.72,0.82,0.92,1.09,1.19,1.08,1.15,0.90
-3.69,-3.54,-3.48,-3.45,-3.49,-3.67,-3.36,-3.52,-3.52,-3.45,-3.48,-3.27,-3.47,-3.36,-3.34,-3.40,-3.44,-3.36,-3.48,-3.44,-3.48,-3.40,-3.48,-3.61,-3.45,-3.44,-3.45,-3.37,-3.53,-3.26,-2.61,-1.71,-0.43,0.81,1.22,1.41,1.58,2.01,2.00,2.22,2.19,2.33,2.23,2.14,2.30,2.34,2.26,2.13,2.18,2.16,2.24,2.01,2.09,1.96,1.82,1.95,2.24,2.28,1.66,0.77,0.28,0.23,0.08,-0.23,-0.16,-0.17,-0.27,-0.26,-0.29,-0.09,-0.46,-0.58,-0.33,-0.58,-0.67,-0.51,-0.12,0.18,0.41,0.70,0.88,1.25,1.50,1.58,1.58,1.64,1.74,1.86,1.91,1.75,1.74,1.89,1.71,1.57,1.53,1.52,1.58,1.46,1.14,1.50,1.42,1.40,1.41,1.36,1.33,1.25,1.45,1.36,1.20,1.19,1.17,1.18,1.17,1.08,1.08,1.06,1.07,1.13,1.01,1.08,0.93,1.07,1.00,0.86,0.77,0.82,0.96,1.08,1.06,1.29,1.28,1.35,1.30,1.51,1.74,1.73,1.49,1.30,1.42,1.75,1.64,1.44,1.41,1.35,1.15,1.07,0.92,0.95,0.79,0.67,0.69,0.64,0.82,0.85,0.86,0.96,1.07,0.95,0.92,0.67
-3.60,-3.60,-3.48,-3.50,-3.61,-3.43,-3.37,-3.61,-3.50,-3.50,-3.62,-3.31,-3.50,-3.36,-3.35,-3.41,-3.36,-3.13,-3.26,-3.23,-3.36,-3.43,-3.54,-3.57,-3.48,-3.53,-3.35,-3.41,-3.63,-3.31,-2.63,-1.73,-0.61,0.49,1.29,1.55,1.57,2.12,1.90,2.06,2.11,2.20,2.09,2.11,2.33,2.35,2.20,2.26,2.28,2.07,2.12,1.91,2.00,1.99,1.96,2.03,2.16,1.91,1.06,0.45,0.15,0.08,0.03,-0.18,-0.23,-0.24,-0.24,-0.41,-0.37,-0.06,-0.32,-0.54,-0.36,-0.54,-0.23,-0.24,-0.16,0.23,0.46,0.76,0.86,1.39,1.51,1.56,1.55,1.63,1.78,1.73,1.71,1.68,1.68,1.74,1.61,1.44,1.39,1.49,1.64,1.51,1.30,1.68,1.40,1.52,1.40,1.33,1.31,1.24,1.45,1.36,1.17,1.20,1.20,1.15,1.22,1.28,1.29,1.25,1.17,1.14,1.31,1.27,0.98,1.00,1.01,1.00,1.02,1.11,1.13,1.00,1.33,1.25,1.33,1.24,1.33,1.50,1.63,1.52,1.27,1.33,1.47,1.53,1.46,1.31,1.36,1.39,1.17,1.15,0.88,0.92,0.93,0.90,0.84,0.85,0.81,1.02,1.06,1.02,1.01,0.87,0.91,0.74
-3.75,-3.88,-3.71,-3.61,-3.57,-3.44,-3.35,-3.66,-3.49,-3.56,-3.60,-3.17,-3.52,-3.36,-3.43,-3.40,-3.34,-3.39,-3.40,-3.62,-3.52,-3.50,-3.52,-3.52,-3.52,-3.53,-3.50,-3.60,-3.58,-3.19,-2.73,-1.99,-0.88,0.39,1.20,1.06,1.18,1.97,1.73,2.03,2.26,2.23,2.14,2.16,2.25,2.30,2.20,2.40,2.39,2.17,2.06,2.01,2.07,1.88,2.01,2.13,1.94,1.39,0.64,0.28,0.12,0.03,-0.02,-0.18,-0.24,-0.29,-0.29,-0.36,-0.26,-0.11,-0.21,-0.48,-0.19,-0.16,-0.08,-0.17,0.08,0.43,0.59,0.81,1.07,1.49,1.45,1.57,1.82,1.89,2.02,1.89,1.79,1.80,1.75,1.71,1.56,1.35,1.34,1.44,1.56,1.38,1.25,1.62,1.47,1.47,1.29,1.38,1.34,1.34,1.33,1.24,1.07,1.09,1.17,1.12,1.14,1.27,1.29,1.33,1.18,1.08,1.34,1.28,1.15,1.18,1.19,1.15,1.23,1.29,1.11,1.25,1.51,1.29,1.55,1.47,1.56,1.58,1.55,1.41,1.17,1.30,1.31,1.31,1.30,1.27,1.36,1.49,1.22,1.17,1.02,1.14,1.01,0.70,0.66,1.03,0.75,0.69,0.70,0.84,1.07,0.96,0.96,0.74
-3.45,-3.48,-3.52,-3.61,-3.67,-3.60,-3.39,-3.35,-3.32,-3.53,-3.49,-3.14,-3.37,-3.30,-3.44,-3.37,-3.30,-3.30,-3.21,-3.23,-3.39,-3.40,-3.48,-3.48,-3.52,-3.69,-3.53,-3.62,-3.43,-3.27,-2.93,-2.34,-1.19,-0.01,0.33,0.06,0.38,1.52,1.90,2.29,2.23,2.20,2.31,2.33,2.30,2.34,2.30,2.23,2.08,2.30,1.91,2.12,1.90,1.86,2.01,2.12,1.78,0.87,0.35,0.20,0.08,0.07,-0.06,-0.27,-0.22,-0.29,-0.32,-0.24,-0.21,-0.17,-0.16,-0.41,-0.14,0.03,0.18,0.09,0.40,0.59,0.77,1.07,1.31,1.46,1.49,1.62,1.97,1.97,1.84,1.79,1.82,1.85,1.82,1.73,1.57,1.47,1.46,1.38,1.42,1.39,1.33,1.67,1.50,1.49,1.29,1.33,1.34,1.28,1.17,1.09,1.01,1.02,1.08,1.08,1.18,1.22,1.06,1.11,1.15,1.18,1.13,1.20,1.18,1.08,1.03,1.14,1.34,1.41,1.30,1.55,1.47,1.55,1.66,1.46,1.45,1.44,1.34,1.28,1.24,1.39,1.18,1.15,1.27,1.28,1.33,1.41,1.18,1.07,0.98,1.18,1.29,1.08,0.90,0.79,0.95,0.77,0.79,0.98,1.08,1.00,1.09,0.87
-3.45,-3.47,-3.54,-3.63,-3.60,-3.45,-3.47,-3.58,-3.30,-3.43,-3.50,-3.31,-3.26,-3.25,-3.35,-3.31,-3.27,-3.31,-3.28,-3.18,-3.50,-3.52,-3.52,-3.58,-3.63,-3.54,-3.35,-3.65,-3.40,-3.49,-3.15,-2.63,-1.69,-1.06,-1.05,-0.90,-0.17,1.20,1.92,2.28,2.28,2.31,2.33,2.33,2.31,2.28,2.20,2.13,2.25,1.95,1.85,2.17,2.00,2.03,1.85,2.01,1.61,0.70,0.23,0.19,0.02,-0.01,-0.06,-0.19,-0.13,-0.24,-0.22,-0.23,-0.18,-0.14,-0.21,-0.28,-0.11,0.13,0.48,0.43,0.72,0.91,1.04,1.28,1.44,1.50,1.63,1.80,2.07,2.01,1.82,1.72,1.71,1.77,1.77,1.68,1.61,1.53,1.60,1.44,1.41,1.36,1.49,1.72,1.38,1.41,1.30,1.19,1.22,1.19,1.09,0.98,0.93,1.02,1.00,0.97,1.20,1.30,1.13,1.17,1.35,1.20,1.15,1.20,1.38,1.31,1.39,1.49,1.42,1.36,1.25,1.20,1.49,1.63,1.62,1.44,1.30,1.27,1.20,1.13,1.25,1.29,1.17,1.09,1.25,1.34,1.25,1.22,1.22,1.14,1.28,1.31,1.18,1.02,1.17,1.03,1.07,0.92,0.82,0.97,1.12,0.96,0.96,0.87
-3.60,-3.70,-3.54,-3.54,-3.47,-3.32,-3.35,-3.27,-3.36,-3.48,-3.41,-3.28,-3.30,-3.31,-3.27,-3.21,-3.21,-3.31,-3.37,-3.32,-3.39,-3.49,-3.52,-3.43,-3.45,-3.57,-3.49,-3.44,-3.21,-3.28,-3.21,-2.82,-2.19,-2.09,-2.18,-1.50,-0.27,1.12,1.74,2.01,2.23,2.37,2.35,2.29,2.35,2.37,2.20,2.17,2.26,1.95,1.95,1.97,2.01,2.05,1.91,1.99,1.25,0.79,0.15,0.08,0.01,-0.08,-0.09,-0.11,-0.08,-0.27,-0.27,-0.27,-0.07,-0.16,-0.26,-0.07,0.09,0.29,0.61,0.46,0.90,1.23,1.27,1.35,1.49,1.72,1.89,1.94,2.08,1.99,1.90,1.82,1.63,1.66,1.73,1.62,1.57,1.46,1.60,1.50,1.47,1.28,1.46,1.56,1.33,1.28,1.22,1.25,1.23,1.35,1.22,1.08,1.09,1.17,1.22,1.18,1.23,1.38,1.39,1.56,1.31,1.24,1.27,1.39,1.53,1.41,1.38,1.51,1.52,1.44,1.30,1.46,1.53,1.62,1.52,1.39,1.29,1.25,1.25,1.18,1.28,0.93,1.08,1.22,1.36,1.44,1.46,1.53,1.52,1.14,1.20,1.34,1.31,1.13,1.22,1.03,1.14,1.07,0.87,0.84,1.06,0.93,0.71,0.63
-3.61,-3.65,-3.54,-3.54,-3.54,-3.48,-3.25,-3.04,-3.44,-3.48,-3.39,-3.34,-3.43,-3.50,-3.31,-3.22,-3.19,-3.19,-3.22,-3.43,-3.26,-3.52,-3.56,-3.44,-3.48,-3.61,-3.56,-3.43,-3.18,-3.15,-3.03,-3.06,-2.72,-2.56,-2.50,-1.79,-0.34,1.12,1.62,1.89,2.11,2.29,2.34,2.28,2.35,2.36,2.26,2.24,2.18,1.99,2.11,1.80,2.05,1.88,1.82,1.47,0.82,0.49,0.08,0.12,0.03,-0.11,-0.32,-0.44,-0.31,-0.31,-0.22,-0.23,-0.03,-0.13,-0.12,0.18,0.24,0.39,0.63,0.51,0.82,1.28,1.40,1.53,1.53,1.86,2.06,1.99,2.01,1.86,1.85,1.83,1.61,1.58,1.71,1.63,1.55,1.44,1.53,1.39,1.44,1.45,1.51,1.47,1.44,1.38,1.23,1.25,1.34,1.42,1.40,1.35,1.35,1.36,1.31,1.24,1.33,1.53,1.34,1.17,1.49,1.41,1.22,1.34,1.47,1.35,1.35,1.51,1.47,1.42,1.38,1.42,1.46,1.47,1.51,1.33,1.28,1.38,1.39,1.36,1.40,1.09,1.08,1.27,1.44,1.39,1.25,1.57,1.47,1.34,1.44,1.51,1.40,1.19,1.13,1.13,1.15,1.12,0.93,0.84,0.88,0.97,0.80,0.63
-3.56,-3.56,-3.52,-3.57,-3.52,-3.35,-3.23,-3.05,-3.37,-3.28,-3.34,-3.39,-3.18,-3.17,-3.31,-3.27,-3.27,-3.15,-3.05,-3.44,-3.22,-3.47,-3.40,-3.39,-3.50,-3.54,-3.49,-3.54,-3.39,-3.10,-3.10,-3.14,-2.99,-2.88,-2.59,-1.78,-0.46,1.04,1.60,1.90,1.99,2.18,2.26,2.24,2.23,2.20,2.14,2.05,1.99,1.82,1.85,1.52,1.71,1.68,1.85,1.40,0.60,0.37,0.12,0.13,-0.13,-0.21,-0.32,-0.51,-0.43,-0.44,-0.33,-0.18,0.20,0.20,0.04,0.29,0.38,0.55,0.69,0.87,0.87,1.36,1.53,1.79,1.57,1.92,2.08,2.12,2.02,1.86,1.86,1.79,1.62,1.61,1.64,1.57,1.58,1.51,1.53,1.25,1.34,1.44,1.44,1.23,1.46,1.44,1.39,1.29,1.33,1.51,1.42,1.41,1.51,1.46,1.31,1.24,1.23,1.50,1.45,1.31,1.45,1.44,1.29,1.45,1.41,1.29,1.31,1.42,1.44,1.44,1.33,1.30,1.41,1.38,1.46,1.28,1.14,1.34,1.39,1.08,1.19,1.38,1.03,1.09,1.39,1.49,1.36,1.34,1.33,1.13,1.15,1.29,1.29,1.17,1.20,1.14,1.15,1.11,1.04,0.95,0.91,1.00,0.92,0.74
-3.60,-3.71,-3.43,-3.56,-3.41,-3.32,-3.31,-3.21,-3.34,-3.34,-3.34,-3.25,-3.17,-3.31,-3.47,-3.32,-3.30,-3.22,-3.17,-3.34,-3.15,-3.31,-3.37,-3.40,-3.49,-3.57,-3.57,-3.48,-3.48,-3.22,-3.39,-3.27,-3.10,-2.97,-2.86,-2.22,-0.82,0.70,1.47,1.72,1.89,2.18,2.16,2.16,2.14,2.13,2.05,2.02,2.07,1.89,1.78,1.46,1.40,1.41,1.35,1.01,0.44,0.35,0.10,-0.04,-0.34,-0.44,-0.54,-0.54,-0.27,-0.22,-0.28,-0.19,0.08,0.01,0.18,0.49,0.56,0.95,1.03,1.04,1.18,1.40,1.62,1.82,1.80,2.22,2.14,2.12,2.01,1.80,1.80,1.85,1.83,1.80,1.74,1.51,1.60,1.53,1.49,1.27,1.38,1.50,1.35,1.36,1.44,1.46,1.71,1.49,1.34,1.34,1.44,1.53,1.52,1.38,1.25,1.29,1.33,1.50,1.39,1.40,1.50,1.52,1.44,1.58,1.53,1.33,1.30,1.38,1.41,1.44,1.06,1.31,1.47,1.44,1.35,1.17,1.11,1.24,1.11,1.04,1.15,1.38,1.15,1.14,1.31,1.36,1.29,1.35,1.38,1.17,1.11,1.18,1.12,1.23,1.34,1.06,1.01,1.14,1.09,1.09,1.07,1.04,0.84,0.60
-3.53,-3.39,-3.47,-3.50,-3.52,-3.47,-3.39,-3.27,-3.36,-3.47,-3.47,-3.32,-3.22,-3.37,-3.45,-3.37,-3.26,-3.06,-3.08,-3.34,-3.14,-3.31,-3.57,-3.39,-3.45,-3.54,-3.53,-3.56,-3.41,-3.27,-3.27,-3.47,-3.32,-3.17,-3.01,-2.43,-1.29,0.15,1.57,1.99,2.12,2.17,1.99,2.14,2.17,2.03,2.00,2.13,2.16,1.99,1.77,1.40,1.35,1.04,0.71,0.50,0.27,0.22,-0.03,-0.09,-0.32,-0.33,-0.41,-0.44,-0.22,-0.14,-0.07,0.09,0.50,0.40,0.22,0.39,0.70,0.87,1.08,1.47,1.31,1.69,1.74,2.02,1.99,2.11,1.97,1.97,1.94,1.80,1.86,1.85,1.80,1.97,1.91,1.74,1.78,1.56,1.44,1.53,1.39,1.80,1.55,1.46,1.34,1.49,1.53,1.49,1.57,1.51,1.55,1.58,1.46,1.39,1.42,1.46,1.50,1.56,1.42,1.45,1.69,1.58,1.50,1.62,1.57,1.39,1.39,1.44,1.40,1.33,1.00,1.22,1.38,1.33,1.33,1.18,1.00,1.17,1.45,1.24,1.30,1.28,1.28,1.14,1.17,1.41,1.25,1.45,1.44,1.27,1.20,1.27,1.09,1.33,1.38,1.23,1.04,0.93,0.91,0.86,0.91,0.85,0.75,0.66
-3.47,-3.35,-3.47,-3.76,-3.53,-3.49,-3.44,-3.28,-3.32,-3.47,-3.45,-3.34,-3.27,-3.34,-3.45,-3.25,-3.28,-3.09,-3.01,-3.23,-3.25,-3.44,-3.45,-3.28,-3.35,-3.37,-3.45,-3.52,-3.28,-3.09,-2.99,-3.26,-3.12,-3.00,-3.00,-2.74,-1.90,-0.42,1.35,1.78,1.72,1.99,1.86,2.08,2.00,1.85,1.97,2.13,2.09,1.95,1.71,1.36,1.11,0.63,0.44,0.07,0.18,0.27,0.01,-0.08,-0.26,-0.09,-0.28,-0.39,-0.01,0.15,0.22,0.27,0.53,0.61,0.27,0.43,1.04,1.08,1.09,1.25,1.41,1.71,1.84,1.88,1.97,1.95,1.99,2.03,2.07,1.91,1.77,1.85,1.96,1.99,2.00,1.83,1.68,1.50,1.47,1.57,1.61,1.64,1.68,1.55,1.57,1.57,1.56,1.42,1.41,1.41,1.46,1.51,1.49,1.44,1.44,1.33,1.45,1.55,1.51,1.40,1.67,1.62,1.52,1.50,1.41,1.36,1.50,1.47,1.35,1.22,1.29,1.24,1.28,1.33,1.30,1.30,1.29,1.24,1.36,1.19,1.29,1.27,1.24,1.22,1.24,1.38,1.18,1.38,1.36,1.27,1.19,1.23,1.30,1.22,1.35,1.46,1.41,1.19,0.91,0.85,0.91,0.90,0.91,1.01
-3.58,-3.58,-3.65,-3.41,-3.50,-3.56,-3.45,-3.28,-3.26,-3.35,-3.35,-3.22,-3.18,-3.26,-3.39,-3.21,-3.25,-2.97,-2.93,-3.12,-3.04,-3.17,-3.21,-3.28,-3.23,-3.32,-3.40,-3.34,-3.18,-2.90,-2.78,-3.22,-3.03,-2.87,-2.88,-2.77,-2.22,-0.90,0.93,1.57,1.55,1.83,1.90,2.03,1.75,1.74,2.00,2.17,2.14,1.97,1.66,1.33,0.88,0.33,0.24,0.01,0.20,0.24,-0.07,-0.07,-0.13,-0.07,-0.26,-0.18,0.18,0.27,0.41,0.54,0.61,0.59,0.43,0.56,1.20,1.40,1.33,1.47,1.73,1.85,1.74,2.01,2.11,2.26,2.28,2.09,1.97,1.86,1.78,1.88,1.85,1.71,1.67,1.57,1.64,1.69,1.34,1.52,1.57,1.71,1.66,1.62,1.63,1.63,1.41,1.35,1.39,1.47,1.58,1.49,1.38,1.44,1.31,1.30,1.45,1.57,1.46,1.38,1.53,1.61,1.56,1.40,1.31,1.36,1.42,1.34,1.14,1.22,1.20,1.02,1.23,1.42,1.45,1.34,1.23,1.33,1.36,1.25,1.31,1.46,1.46,1.40,1.35,1.30,1.20,1.34,1.34,1.23,1.20,1.39,1.60,1.45,1.36,1.35,1.36,1.24,1.01,1.08,1.07,1.04,1.04,1.09
-3.52,-3.54,-3.67,-3.31,-3.32,-3.27,-3.18,-3.14,-3.22,-3.35,-3.28,-3.09,-3.04,-3.13,-3.34,-3.22,-3.08,-2.95,-2.93,-2.97,-2.97,-2.88,-3.06,-2.97,-3.18,-3.28,-3.30,-3.28,-3.18,-2.86,-2.74,-3.09,-2.92,-2.83,-2.88,-2.65,-1.88,-0.49,1.12,1.49,1.74,1.73,1.82,1.85,1.79,1.66,1.78,2.09,2.25,2.00,1.55,1.28,0.86,0.12,0.09,0.08,0.18,0.14,0.03,0.07,-0.09,0.01,-0.11,-0.12,0.13,0.28,0.45,0.70,0.80,0.77,0.70,1.03,1.44,1.47,1.40,1.44,1.62,1.96,2.03,2.17,2.07,2.17,2.22,2.02,1.83,1.79,1.83,1.95,1.99,1.85,1.86,1.71,1.58,1.77,1.55,1.66,1.64,1.69,1.74,1.82,1.82,1.79,1.60,1.51,1.53,1.63,1.66,1.51,1.38,1.41,1.27,1.41,1.42,1.58,1.42,1.40,1.51,1.60,1.53,1.44,1.41,1.42,1.49,1.44,1.27,1.42,1.30,1.24,1.25,1.40,1.44,1.33,1.38,1.45,1.56,1.53,1.41,1.47,1.57,1.50,1.35,1.42,1.33,1.56,1.57,1.31,1.15,1.62,1.68,1.46,1.47,1.45,1.35,1.35,1.03,1.19,1.24,1.20,1.15,1.02
-3.50,-3.50,-3.63,-3.26,-3.44,-3.26,-3.22,-3.36,-3.50,-3.39,-3.15,-3.10,-2.99,-3.04,-3.23,-3.19,-3.13,-2.91,-2.87,-2.95,-2.93,-2.95,-2.93,-2.87,-2.86,-3.09,-3.25,-3.26,-3.17,-2.96,-2.75,-2.75,-2.83,-2.86,-2.84,-2.33,-1.30,-0.01,1.06,1.53,1.66,1.69,1.61,1.64,1.45,1.56,1.72,1.83,1.78,1.56,1.38,1.08,0.48,0.02,0.13,0.06,0.22,0.18,0.25,0.24,-0.07,0.08,0.09,0.04,0.17,0.33,0.50,0.71,1.02,1.06,1.07,1.28,1.68,1.53,1.83,1.61,1.85,2.14,2.31,2.22,1.96,2.12,2.18,1.97,1.80,1.82,1.74,1.69,1.78,1.71,1.67,1.58,1.57,1.72,1.60,1.51,1.75,1.66,1.79,1.88,1.79,1.80,1.71,1.68,1.67,1.66,1.64,1.51,1.40,1.33,1.23,1.41,1.34,1.52,1.51,1.41,1.51,1.60,1.53,1.40,1.38,1.50,1.52,1.50,1.57,1.46,1.36,1.34,1.36,1.40,1.45,1.49,1.51,1.51,1.52,1.56,1.46,1.40,1.49,1.51,1.35,1.73,1.47,1.75,1.88,1.67,1.41,1.51,1.57,1.58,1.53,1.45,1.34,1.51,1.12,1.22,1.36,1.36,1.30,1.18
-3.53,-3.54,-3.58,-3.26,-3.41,-3.40,-3.34,-3.30,-3.32,-3.32,-2.95,-2.97,-3.03,-3.03,-3.06,-3.17,-3.15,-2.79,-2.84,-2.87,-2.82,-2.95,-2.84,-2.81,-2.83,-3.14,-3.30,-3.28,-3.23,-3.12,-2.86,-2.81,-2.88,-2.82,-2.70,-2.19,-1.16,-0.14,0.66,1.39,1.41,1.45,1.38,1.38,0.96,1.33,1.74,1.72,1.58,1.49,1.11,0.60,0.33,0.01,-0.11,0.17,0.37,0.34,0.23,0.29,0.02,0.08,0.19,0.18,0.32,0.58,0.69,0.77,1.15,1.23,1.28,1.31,1.66,1.60,1.97,1.67,1.96,2.29,2.25,2.19,1.95,2.13,2.11,1.92,1.78,1.82,1.88,1.77,1.79,1.80,1.68,1.58,1.62,1.69,1.44,1.39,1.80,1.73,1.69,1.77,1.74,1.73,1.66,1.64,1.61,1.55,1.57,1.57,1.38,1.29,1.09,1.29,1.19,1.42,1.53,1.53,1.53,1.53,1.64,1.74,1.60,1.44,1.57,1.57,1.63,1.52,1.24,1.25,1.44,1.56,1.60,1.67,1.61,1.50,1.46,1.45,1.44,1.47,1.53,1.60,1.56,1.75,1.96,1.89,1.57,1.30,1.50,1.62,1.58,1.69,1.72,1.57,1.35,1.49,1.27,1.20,1.38,1.57,1.52,1.28
-3.48,-3.52,-3.50,-3.34,-3.36,-3.36,-3.23,-3.09,-3.03,-3.13,-3.04,-3.23,-3.09,-2.99,-3.10,-3.15,-2.81,-2.68,-2.82,-2.75,-2.64,-2.70,-2.70,-2.72,-2.84,-3.05,-3.17,-3.13,-3.04,-2.97,-2.83,-2.97,-2.91,-2.60,-2.69,-2.37,-1.50,-0.57,0.32,0.97,0.82,1.06,1.06,0.76,0.37,0.50,0.79,1.03,1.04,0.55,0.04,0.08,-0.14,0.03,0.18,0.02,0.12,0.18,0.13,0.23,0.17,0.27,0.20,0.19,0.54,0.86,0.86,0.95,1.31,1.42,1.35,1.39,1.72,1.75,2.00,1.86,2.11,2.40,2.30,2.33,2.16,2.23,2.05,1.91,1.79,1.80,1.90,1.84,1.79,1.84,1.74,1.66,1.62,1.67,1.45,1.34,1.78,1.84,1.69,1.68,1.67,1.71,1.62,1.51,1.46,1.44,1.56,1.68,1.44,1.33,1.02,1.31,1.07,1.31,1.55,1.44,1.56,1.62,1.50,1.44,1.42,1.45,1.47,1.46,1.47,1.41,1.30,1.30,1.45,1.56,1.64,1.68,1.71,1.60,1.61,1.53,1.58,1.73,1.80,1.67,1.78,1.84,1.99,2.05,1.88,1.53,1.53,1.68,1.67,1.74,1.82,1.73,1.45,1.50,1.38,1.25,1.29,1.57,1.58,1.39
-3.18,-3.28,-3.45,-3.44,-3.47,-3.28,-3.15,-3.01,-2.95,-3.03,-3.05,-3.13,-2.92,-2.90,-2.99,-2.97,-2.75,-2.64,-2.83,-2.75,-2.57,-2.59,-2.65,-2.56,-2.72,-2.96,-3.12,-3.10,-3.05,-3.03,-2.99,-3.26,-2.65,-2.72,-2.55,-2.30,-1.62,-0.69,0.17,0.51,0.13,0.40,0.20,-0.04,-0.56,-0.49,-0.27,0.01,0.01,-0.29,-0.29,0.02,0.17,0.13,0.24,0.23,0.27,0.04,0.20,0.24,0.48,0.45,0.38,0.54,0.86,0.98,0.98,1.22,1.64,1.67,1.46,1.57,1.85,1.94,2.16,2.18,2.24,2.46,2.40,2.40,2.30,2.23,2.03,1.90,1.84,1.77,1.80,1.82,1.74,1.78,1.68,1.60,1.55,1.57,1.53,1.39,1.72,1.83,1.80,1.74,1.49,1.62,1.62,1.51,1.53,1.53,1.56,1.63,1.45,1.44,1.18,1.28,1.06,1.18,1.45,1.28,1.42,1.71,1.68,1.55,1.53,1.57,1.57,1.56,1.50,1.39,1.34,1.45,1.56,1.57,1.62,1.61,1.75,1.83,1.75,1.69,1.72,1.83,1.89,1.94,1.78,1.86,1.75,1.73,1.74,1.61,1.57,1.68,1.73,1.72,1.72,1.71,1.55,1.75,1.49,1.39,1.56,1.67,1.53,1.27
-3.18,-3.52,-3.56,-3.43,-3.58,-3.32,-3.22,-3.18,-3.09,-2.95,-2.99,-3.08,-2.99,-2.92,-2.91,-2.95,-2.97,-2.61,-2.86,-2.82,-2.73,-2.72,-2.60,-2.43,-2.57,-2.78,-2.97,-3.06,-3.08,-3.04,-2.96,-2.92,-2.61,-2.54,-2.33,-2.18,-1.58,-0.85,0.02,0.34,-0.04,-0.03,-0.31,-0.51,-1.11,-1.10,-0.97,-0.63,-0.53,-0.59,-0.32,0.13,0.39,0.35,0.49,0.43,0.41,0.34,0.50,0.65,0.60,0.37,0.28,0.53,0.74,1.03,1.40,1.58,1.75,1.66,1.63,1.67,1.83,2.08,2.31,2.31,2.25,2.40,2.31,2.28,2.30,2.17,2.03,1.91,1.84,1.78,1.75,1.79,1.77,1.77,1.64,1.52,1.45,1.53,1.45,1.51,1.58,1.64,1.67,1.78,1.61,1.52,1.47,1.50,1.58,1.58,1.57,1.50,1.31,1.40,1.23,1.36,1.39,1.28,1.63,1.52,1.52,1.72,1.67,1.63,1.64,1.53,1.60,1.63,1.62,1.52,1.47,1.52,1.66,1.72,1.79,1.80,1.89,1.80,1.82,1.79,1.74,1.80,1.88,2.02,2.01,1.88,1.84,1.77,1.69,1.69,1.68,1.69,1.72,1.72,1.71,1.67,1.41,1.41,1.51,1.62,1.73,1.61,1.51,1.27
-3.10,-3.43,-3.54,-3.45,-3.22,-3.09,-3.25,-3.40,-3.26,-3.04,-3.09,-2.97,-3.10,-2.92,-2.87,-2.99,-2.82,-2.54,-2.57,-2.56,-2.59,-2.52,-2.38,-2.39,-2.47,-2.60,-2.82,-2.84,-2.84,-2.87,-2.74,-2.43,-2.46,-2.18,-2.37,-1.82,-1.21,-0.43,0.14,0.43,0.58,0.37,0.13,-0.57,-0.95,-1.21,-1.15,-0.77,-0.80,-0.88,-0.43,0.18,0.35,0.20,0.46,0.56,0.56,0.39,0.30,0.39,0.37,0.48,0.59,0.85,1.14,1.28,1.36,1.57,1.77,1.74,1.77,1.79,2.06,2.30,2.42,2.36,2.34,2.39,2.41,2.34,2.35,2.20,2.12,1.92,1.82,1.77,1.66,1.72,1.79,1.66,1.71,1.68,1.35,1.49,1.50,1.57,1.73,1.67,1.72,1.80,1.73,1.64,1.46,1.51,1.66,1.40,1.40,1.55,1.35,1.71,1.40,1.34,1.39,1.53,1.66,1.58,1.61,1.72,1.66,1.66,1.69,1.61,1.68,1.64,1.68,1.71,1.68,1.61,1.50,1.39,1.51,1.90,1.97,1.90,1.89,1.78,1.68,1.75,1.80,1.80,1.78,1.82,1.89,1.88,1.75,1.88,1.82,1.68,1.63,1.71,1.79,1.77,1.49,1.52,1.49,1.49,1.61,1.47,1.53,1.40
-3.04,-3.13,-3.15,-3.18,-3.21,-3.08,-3.19,-3.31,-3.26,-3.18,-3.17,-2.79,-3.08,-2.90,-2.91,-2.97,-2.77,-2.36,-2.54,-2.57,-2.59,-2.55,-2.46,-2.43,-2.39,-2.52,-2.66,-2.56,-2.51,-2.57,-2.54,-2.28,-2.01,-1.88,-1.83,-1.35,-0.83,-0.18,0.32,0.49,0.32,-0.03,-0.21,-0.46,-0.58,-0.85,-0.78,-0.61,-0.77,-0.82,-0.28,0.38,0.48,0.41,0.69,0.76,0.66,0.71,0.30,0.70,0.61,0.63,0.66,0.84,1.04,1.34,1.55,1.61,1.72,1.78,1.88,1.97,2.24,2.57,2.20,2.29,2.39,2.53,2.49,2.34,2.16,2.16,2.08,1.80,1.61,1.56,1.60,1.66,1.72,1.80,1.56,1.31,1.60,1.69,1.31,1.46,1.78,1.57,1.67,1.60,1.53,1.58,1.50,1.41,1.40,1.35,1.61,1.51,1.36,1.47,1.40,1.41,1.41,1.61,1.72,1.66,1.63,1.69,1.72,1.78,1.68,1.79,1.83,1.78,1.78,1.77,1.68,1.58,1.69,1.71,1.83,1.60,1.71,1.85,1.85,1.78,1.72,1.71,1.74,1.83,1.60,1.74,1.84,1.79,1.69,1.72,1.83,1.68,1.63,1.68,1.71,1.67,1.60,1.58,1.57,1.52,1.50,1.45,1.63,1.56
-3.10,-3.22,-3.15,-3.19,-3.30,-3.12,-2.86,-3.32,-3.17,-2.92,-2.91,-2.84,-2.93,-2.90,-2.87,-2.81,-2.60,-2.43,-2.48,-2.39,-2.41,-2.39,-2.33,-2.41,-2.68,-2.45,-2.55,-2.37,-2.32,-2.48,-2.48,-2.13,-1.68,-1.34,-0.82,-0.61,-0.17,0.43,0.67,0.55,0.38,0.32,0.45,0.63,-0.01,0.24,0.02,-0.12,-0.19,-0.16,0.27,0.65,0.67,0.72,0.85,0.77,0.97,0.69,0.39,0.88,0.76,0.66,0.88,1.18,1.36,1.57,1.78,1.99,2.17,2.08,2.26,2.28,2.62,2.41,2.40,2.33,2.33,2.33,2.51,2.39,2.26,2.31,2.17,1.88,1.72,1.69,1.71,1.74,1.86,1.73,1.82,1.63,1.64,1.68,1.47,1.52,1.71,1.71,1.64,1.73,1.74,1.66,1.51,1.51,1.68,1.62,1.55,1.38,1.49,1.55,1.42,1.29,1.38,1.53,1.68,1.74,1.74,1.78,1.74,1.89,1.72,1.77,1.89,1.82,1.77,1.77,1.73,1.68,1.73,1.71,1.80,1.85,1.80,1.79,1.83,1.80,1.74,1.78,1.78,1.95,1.68,1.74,1.88,1.83,1.84,1.69,1.74,1.63,1.57,1.64,1.57,1.75,1.68,1.63,1.57,1.55,1.47,1.55,1.63,1.61
