-3.35,-3.41,-3.39,-3.75,-3.69,-3.54,-3.56,-3.69,-3.76,-3.82,-4.03,-3.93,-3.88,-3.97,-4.16,-4.07,-4.25,-4.03,-3.86,-3.96,-4.30,-4.31,-4.21,-4.28,-4.47,-4.49,-4.46,-4.43,-4.31,-4.35,-4.47,-4.14,-4.43,-4.62,-4.51,-4.42,-4.51,-4.67,-4.62,-4.59,-4.68,-4.60,-4.62,-4.63,-4.70,-4.74,-4.68,-4.63,-4.71,-4.68,-4.72,-4.96,-5.07,-4.99,-5.00,-5.03,-4.88,-4.81,-4.97,-5.01,-4.95,-5.00,-5.01,-5.01,-5.17,-4.87,-4.93,-4.97,-4.83,-5.23,-5.45,-5.28,-5.60,-5.77,-5.97,-6.35,-7.01,-7.63,-7.91,-8.12,-8.13,-7.68,-6.52,-6.78,-6.98,-6.86,-6.65,-6.57,-6.73,-7.18,-7.28,-7.49,-7.76,-8.12,-8.23,-7.91,-7.64,-7.68,-7.79,-7.71,-7.60,-7.53,-7.20,-7.35,-7.34,-7.27,-7.19,-7.24,-7.11,-7.00,-7.07,-7.20,-7.24,-7.33,-7.86,-8.27,-9.06,-9.92,-11.23,-11.88,-12.58,-13.59,-14.67,-15.76,-16.95,-17.25,-16.55,-16.55,-15.63,-14.07,-12.14,-10.17,-8.15,-6.07,-4.96,-3.88,-3.19,-2.23,-1.64,-1.43,-1.27,-1.24,-1.12,-0.92,-0.96,-0.86,-0.68,-0.80,-1.34,-3.01,-4.92,-7.85,-11.50,-14.55,-16.55,-20.64,-24.48,-27.05,-27.63,-25.96
-3.25,-3.36,-3.40,-3.44,-3.34,-3.30,-3.44,-3.61,-3.63,-3.63,-3.93,-3.86,-3.83,-4.01,-3.96,-3.96,-4.01,-3.90,-3.78,-3.88,-4.21,-4.21,-4.30,-4.29,-4.38,-4.47,-4.51,-4.54,-4.45,-4.16,-4.26,-4.33,-4.37,-4.54,-4.56,-4.41,-4.41,-4.76,-4.52,-4.72,-4.64,-4.42,-4.49,-4.59,-4.56,-4.66,-4.76,-4.67,-4.83,-4.54,-4.50,-4.84,-4.95,-4.78,-4.76,-4.75,-4.84,-4.75,-4.79,-4.96,-4.91,-4.84,-4.64,-4.79,-5.12,-4.66,-4.76,-4.75,-4.72,-4.97,-5.03,-4.95,-5.04,-5.53,-5.68,-5.69,-6.24,-6.90,-7.20,-7.43,-7.56,-6.78,-5.76,-6.32,-6.61,-6.63,-6.66,-6.51,-6.57,-7.19,-7.53,-8.02,-8.34,-8.62,-8.76,-8.56,-8.22,-8.09,-8.37,-8.41,-8.18,-8.16,-8.05,-8.09,-8.12,-8.05,-7.83,-8.00,-7.83,-7.76,-7.93,-7.93,-7.75,-7.82,-8.27,-8.66,-9.47,-10.59,-11.49,-11.76,-12.52,-13.58,-14.43,-15.35,-16.44,-16.38,-15.70,-15.52,-14.09,-11.94,-9.69,-7.71,-5.96,-4.46,-3.43,-2.96,-2.25,-1.69,-1.30,-0.93,-0.64,-0.54,-0.53,-0.26,-0.32,-0.28,-0.18,-0.27,-0.42,-2.09,-3.92,-6.54,-9.85,-13.06,-14.21,-16.45,-18.86,-20.41,-20.46,-18.89
-3.32,-3.41,-3.40,-3.30,-3.34,-3.34,-3.36,-3.54,-3.44,-3.48,-3.69,-3.62,-3.52,-3.73,-3.73,-3.75,-3.82,-3.78,-3.74,-3.82,-4.08,-4.04,-4.29,-4.22,-4.03,-4.07,-4.22,-4.22,-4.21,-4.14,-4.38,-4.26,-4.21,-4.31,-4.45,-4.47,-4.42,-4.58,-4.41,-4.58,-4.46,-4.33,-4.43,-4.56,-4.49,-4.46,-4.67,-4.54,-4.87,-4.68,-4.47,-4.63,-5.00,-4.79,-4.96,-4.96,-4.87,-4.80,-4.88,-4.95,-4.84,-4.89,-4.64,-4.64,-5.03,-4.55,-4.47,-4.83,-4.66,-4.79,-4.74,-4.85,-5.04,-5.12,-5.21,-5.32,-5.71,-6.30,-6.52,-6.42,-6.32,-6.11,-5.44,-5.96,-6.21,-6.47,-6.46,-6.65,-6.32,-6.86,-7.42,-7.96,-8.31,-8.62,-8.95,-9.12,-8.83,-8.41,-8.44,-8.47,-8.72,-9.32,-9.23,-9.41,-9.27,-9.19,-9.05,-9.25,-8.99,-8.94,-8.98,-8.74,-8.49,-8.54,-8.76,-9.05,-9.99,-10.39,-11.24,-11.19,-11.71,-12.33,-12.72,-13.46,-14.39,-14.18,-14.21,-13.92,-12.21,-9.82,-7.72,-6.01,-4.64,-3.63,-2.90,-2.68,-1.90,-1.44,-1.01,-0.66,-0.44,-0.34,-0.29,0.14,0.08,0.08,0.04,-0.01,-0.01,-1.35,-2.90,-5.31,-8.55,-11.91,-14.12,-13.54,-13.94,-14.24,-13.55,-12.10
-3.35,-3.48,-3.28,-3.31,-3.40,-3.49,-3.53,-3.41,-3.28,-3.61,-3.71,-3.66,-3.57,-3.62,-3.74,-3.69,-3.73,-3.78,-3.76,-3.74,-4.05,-3.90,-4.10,-4.16,-4.09,-4.03,-4.03,-4.07,-3.86,-4.04,-4.12,-4.12,-4.08,-4.14,-4.28,-4.38,-4.38,-4.38,-4.29,-4.29,-4.26,-4.30,-4.41,-4.45,-4.42,-4.46,-4.59,-4.59,-4.60,-4.58,-4.74,-4.63,-4.66,-4.67,-4.62,-4.87,-4.85,-4.68,-4.79,-4.85,-4.70,-4.66,-4.67,-4.51,-4.55,-4.59,-4.55,-4.60,-4.59,-4.55,-4.59,-4.60,-4.72,-4.84,-4.87,-4.91,-5.19,-5.69,-6.00,-5.79,-5.44,-5.36,-4.66,-5.71,-6.09,-6.34,-6.13,-6.23,-6.00,-6.54,-7.04,-7.50,-7.98,-8.22,-8.33,-8.37,-8.38,-8.65,-9.02,-8.99,-9.25,-10.03,-10.42,-10.71,-10.97,-10.62,-10.86,-11.09,-10.91,-10.76,-10.43,-10.02,-9.54,-9.18,-9.18,-9.18,-9.82,-10.03,-10.39,-10.49,-10.91,-11.33,-11.60,-12.08,-12.70,-12.72,-12.49,-12.14,-10.71,-8.37,-6.43,-4.95,-3.92,-3.23,-2.75,-2.64,-1.90,-1.43,-0.83,-0.47,-0.29,-0.16,-0.03,0.43,0.53,0.44,0.30,0.20,0.04,-0.80,-2.14,-4.21,-6.96,-9.78,-11.46,-10.59,-10.25,-9.23,-8.08,-7.31
-3.32,-3.36,-3.45,-3.39,-3.47,-3.52,-3.43,-3.30,-3.12,-3.37,-3.52,-3.49,-3.49,-3.65,-3.82,-3.71,-3.67,-3.78,-3.84,-3.73,-4.12,-4.17,-4.09,-4.08,-4.08,-4.05,-4.01,-3.88,-3.90,-4.09,-4.10,-4.13,-4.17,-4.20,-4.17,-4.22,-4.29,-4.31,-4.29,-4.22,-4.29,-4.30,-4.38,-4.46,-4.55,-4.58,-4.39,-4.64,-4.63,-4.54,-4.67,-4.43,-4.71,-4.67,-4.72,-4.83,-4.81,-4.72,-4.67,-4.68,-4.63,-4.54,-4.52,-4.62,-4.51,-4.64,-4.46,-4.58,-4.64,-4.63,-4.62,-4.56,-4.55,-4.68,-4.58,-4.58,-4.72,-4.58,-4.39,-4.28,-4.07,-3.75,-3.69,-5.11,-5.44,-5.99,-5.76,-5.80,-5.81,-5.97,-6.38,-6.89,-7.13,-7.57,-7.98,-8.37,-8.56,-8.65,-9.18,-9.51,-9.71,-10.46,-11.76,-12.58,-13.15,-13.03,-13.30,-13.79,-13.85,-13.34,-12.59,-11.92,-10.89,-10.03,-9.77,-9.34,-9.64,-9.86,-9.82,-10.05,-10.50,-11.07,-11.46,-11.86,-12.24,-12.11,-11.60,-10.86,-9.47,-7.53,-5.58,-4.21,-3.43,-3.04,-2.77,-2.69,-2.05,-1.54,-0.88,-0.48,-0.19,0.04,0.27,0.64,0.66,0.64,0.56,0.37,-0.01,-0.53,-1.55,-3.17,-5.19,-7.15,-8.40,-7.38,-6.69,-5.53,-4.52,-4.09
-3.41,-3.48,-3.36,-3.43,-3.36,-3.34,-3.43,-3.10,-3.30,-3.36,-3.45,-3.48,-3.45,-3.66,-3.79,-3.69,-3.62,-3.70,-3.78,-3.47,-3.87,-3.97,-3.96,-4.03,-3.97,-3.87,-4.05,-3.86,-3.84,-4.08,-4.10,-4.12,-4.14,-4.14,-4.14,-4.20,-4.29,-4.25,-4.50,-4.39,-4.41,-4.38,-4.41,-4.52,-4.55,-4.43,-4.49,-4.39,-4.56,-4.33,-4.37,-4.59,-4.76,-4.72,-4.81,-4.88,-4.76,-4.66,-4.64,-4.54,-4.55,-4.51,-4.54,-4.70,-4.66,-4.79,-4.49,-4.64,-4.63,-4.70,-4.58,-4.62,-4.55,-4.63,-4.41,-4.26,-4.18,-3.27,-2.24,-2.13,-2.07,-2.00,-2.81,-4.20,-4.66,-5.60,-5.57,-5.50,-5.57,-5.75,-5.89,-6.50,-6.62,-6.89,-7.49,-8.11,-8.55,-8.98,-9.48,-9.79,-9.89,-11.14,-13.14,-14.78,-15.75,-16.44,-16.49,-17.43,-17.51,-16.75,-15.75,-14.37,-12.72,-11.58,-10.79,-9.88,-9.81,-9.95,-10.22,-10.53,-11.16,-11.50,-11.69,-11.97,-12.27,-12.27,-11.84,-11.03,-8.94,-7.15,-5.20,-3.65,-3.15,-3.04,-2.78,-2.75,-2.27,-1.62,-0.95,-0.64,-0.34,0.04,0.48,0.88,0.66,0.70,0.61,0.40,0.09,-0.36,-0.97,-2.14,-3.34,-4.50,-5.19,-4.42,-3.57,-3.13,-3.01,-3.08
-3.37,-3.47,-3.31,-3.43,-3.45,-3.35,-3.35,-3.05,-3.44,-3.50,-3.47,-3.54,-3.61,-3.56,-3.67,-3.63,-3.62,-3.67,-3.62,-3.53,-3.78,-3.90,-3.75,-3.74,-3.87,-3.92,-3.87,-3.87,-3.82,-3.90,-4.01,-4.04,-4.01,-3.97,-4.08,-4.26,-4.37,-4.29,-4.50,-4.33,-4.42,-4.35,-4.25,-4.35,-4.43,-4.52,-4.59,-4.35,-4.38,-4.41,-4.41,-4.47,-4.66,-4.72,-4.72,-4.81,-4.75,-4.58,-4.64,-4.58,-4.51,-4.56,-4.58,-4.63,-4.74,-4.88,-4.50,-4.62,-4.46,-4.55,-4.52,-4.56,-4.52,-4.51,-4.26,-3.96,-3.52,-2.06,-0.54,-0.51,-0.39,-0.83,-1.95,-3.37,-4.34,-5.27,-5.46,-5.45,-5.36,-5.56,-5.65,-6.13,-6.47,-6.69,-7.15,-7.61,-8.26,-9.20,-9.85,-10.02,-10.37,-11.47,-13.76,-16.42,-18.33,-19.18,-20.10,-21.26,-22.84,-22.74,-20.95,-18.36,-15.78,-13.79,-12.24,-10.96,-10.57,-10.76,-11.27,-11.68,-12.71,-13.11,-13.02,-13.15,-13.40,-13.30,-12.86,-11.85,-9.04,-7.11,-5.05,-3.61,-3.10,-2.83,-2.65,-2.74,-2.43,-1.72,-0.97,-0.75,-0.38,0.07,0.53,0.92,0.54,0.51,0.34,0.23,0.28,0.29,-0.44,-1.01,-1.63,-2.14,-2.29,-1.97,-1.44,-1.63,-1.83,-2.09
-3.15,-3.18,-3.10,-3.18,-3.21,-3.09,-3.14,-3.14,-3.37,-3.45,-3.37,-3.36,-3.61,-3.50,-3.56,-3.58,-3.52,-3.43,-3.35,-3.31,-3.48,-3.61,-3.62,-3.63,-3.83,-3.93,-3.70,-3.79,-3.80,-3.74,-3.87,-4.00,-4.00,-4.05,-4.12,-4.21,-4.22,-4.33,-4.56,-4.46,-4.49,-4.43,-4.38,-4.47,-4.45,-4.45,-4.68,-4.50,-4.55,-4.38,-4.50,-4.51,-4.56,-4.64,-4.67,-4.78,-4.79,-4.59,-4.66,-4.74,-4.56,-4.67,-4.63,-4.64,-4.78,-4.84,-4.46,-4.49,-4.33,-4.42,-4.50,-4.46,-4.47,-4.35,-4.09,-3.73,-2.81,-1.01,0.53,0.40,0.63,0.02,-1.02,-2.83,-4.31,-5.09,-5.45,-5.41,-5.32,-5.46,-5.60,-5.73,-6.28,-6.48,-6.80,-7.20,-7.83,-8.76,-9.20,-9.27,-10.02,-11.29,-13.57,-16.45,-18.81,-21.00,-21.88,-23.67,-26.75,-28.17,-26.80,-23.64,-19.87,-16.87,-14.67,-12.92,-12.23,-12.42,-12.59,-13.34,-14.85,-15.34,-14.93,-14.61,-14.43,-14.04,-13.33,-12.11,-9.75,-7.57,-5.83,-4.00,-3.15,-2.83,-2.74,-2.70,-2.24,-1.85,-0.96,-0.63,-0.31,0.04,0.46,0.85,0.59,0.76,0.60,0.44,0.46,0.61,0.45,0.12,-0.16,-0.27,-0.33,-0.27,-0.39,-0.71,-1.17,-1.65
-2.77,-3.14,-3.09,-3.13,-3.12,-2.81,-2.78,-3.01,-3.15,-3.14,-3.15,-3.32,-3.10,-3.12,-3.10,-3.26,-3.43,-3.36,-3.25,-3.22,-3.27,-3.43,-3.53,-3.60,-3.69,-3.67,-3.63,-3.74,-3.80,-3.69,-3.73,-3.87,-3.92,-3.92,-4.08,-4.21,-4.25,-4.33,-4.50,-4.43,-4.51,-4.38,-4.26,-4.47,-4.49,-4.37,-4.59,-4.56,-4.67,-4.41,-4.49,-4.60,-4.54,-4.59,-4.66,-4.72,-4.76,-4.64,-4.67,-4.88,-4.74,-4.67,-4.76,-4.89,-4.92,-4.71,-4.62,-4.38,-4.41,-4.47,-4.47,-4.51,-4.63,-4.46,-4.09,-3.44,-2.00,0.04,1.47,1.50,1.57,1.17,-0.13,-2.18,-4.10,-5.12,-5.50,-5.28,-5.39,-5.41,-5.60,-5.50,-5.95,-6.09,-6.35,-6.89,-7.50,-8.01,-8.20,-8.40,-9.09,-10.20,-11.76,-13.95,-16.13,-18.91,-20.47,-23.40,-27.42,-31.26,-31.49,-28.48,-24.45,-20.92,-17.89,-15.35,-13.91,-14.24,-14.85,-15.95,-17.00,-17.12,-16.16,-15.08,-14.33,-13.62,-12.72,-11.55,-9.30,-6.88,-5.71,-4.13,-3.08,-2.37,-2.02,-1.88,-1.54,-1.11,-0.63,-0.51,-0.31,0.03,0.44,0.79,0.69,0.55,0.50,0.58,0.65,0.67,0.75,0.15,0.49,0.45,0.43,0.60,0.03,-0.21,-0.95,-1.29
-2.79,-3.19,-3.08,-3.03,-3.19,-2.88,-2.52,-2.63,-2.84,-2.92,-2.91,-3.45,-3.22,-3.12,-3.17,-3.30,-3.40,-3.22,-3.12,-3.09,-3.18,-3.31,-3.43,-3.48,-3.45,-3.22,-3.48,-3.62,-3.90,-3.71,-3.66,-3.90,-3.87,-3.75,-4.12,-4.10,-4.24,-4.35,-4.31,-4.31,-4.46,-4.45,-4.33,-4.42,-4.46,-4.45,-4.52,-4.51,-4.64,-4.49,-4.52,-4.60,-4.59,-4.62,-4.59,-4.54,-4.60,-4.64,-4.75,-4.81,-4.83,-4.51,-4.63,-5.04,-5.05,-4.58,-4.59,-4.49,-4.59,-4.51,-4.59,-4.56,-4.38,-4.37,-4.17,-2.99,-0.61,1.58,2.13,2.39,2.33,1.95,0.93,-0.95,-3.71,-4.85,-5.42,-5.31,-5.28,-5.03,-5.42,-5.46,-5.67,-5.87,-5.97,-6.52,-7.15,-7.41,-7.50,-7.80,-8.20,-8.72,-9.62,-10.90,-12.42,-14.70,-16.58,-19.68,-24.94,-30.70,-32.21,-30.39,-26.95,-23.78,-20.72,-17.86,-16.76,-17.50,-17.40,-18.06,-18.05,-18.17,-16.16,-14.36,-13.22,-12.26,-11.26,-10.08,-8.11,-6.08,-5.32,-3.86,-2.75,-1.87,-1.59,-1.54,-1.08,-1.01,-0.52,-0.36,-0.08,0.19,0.46,0.56,0.32,-0.18,-0.02,0.49,0.67,0.56,0.80,0.82,0.97,0.87,0.85,0.85,0.59,-0.04,-0.47,-0.80
-3.05,-3.14,-2.91,-2.68,-2.91,-3.03,-2.78,-3.06,-3.12,-3.01,-3.09,-3.14,-3.13,-2.91,-2.86,-2.92,-2.92,-2.96,-3.06,-3.05,-3.14,-3.15,-3.22,-3.39,-3.31,-3.08,-3.35,-3.27,-3.30,-3.50,-3.67,-3.74,-3.78,-3.70,-3.99,-4.00,-4.07,-4.12,-4.16,-4.28,-4.38,-4.34,-4.26,-4.37,-4.51,-4.49,-4.42,-4.52,-4.64,-4.56,-4.63,-4.62,-4.64,-4.62,-4.45,-4.39,-4.54,-4.72,-4.79,-4.54,-4.42,-4.76,-4.59,-4.78,-4.85,-4.81,-4.67,-4.84,-4.72,-4.56,-4.54,-4.56,-4.67,-4.64,-4.05,-2.22,0.59,2.52,2.64,2.31,2.69,2.58,1.82,0.10,-2.69,-4.72,-5.31,-5.21,-5.15,-5.16,-5.37,-5.29,-5.54,-5.62,-5.76,-6.05,-6.47,-6.88,-7.03,-7.19,-7.43,-7.69,-8.18,-8.69,-9.47,-11.02,-12.34,-15.09,-20.21,-26.25,-28.89,-28.15,-25.57,-23.79,-21.81,-19.40,-18.49,-18.78,-18.44,-18.21,-18.97,-17.79,-15.21,-13.25,-12.01,-10.77,-9.50,-8.33,-6.81,-5.37,-4.64,-3.39,-2.29,-1.49,-1.14,-0.85,-0.54,-0.42,0.04,0.32,0.17,0.28,0.29,-0.01,-0.52,-0.77,-0.39,0.38,0.64,0.69,0.97,1.35,1.31,1.02,0.93,0.91,0.61,0.63,-0.07,-0.47
-2.97,-2.95,-2.78,-2.65,-2.60,-3.14,-2.43,-2.68,-2.96,-2.74,-2.34,-2.38,-2.50,-2.32,-2.13,-2.09,-2.13,-2.48,-2.84,-3.03,-3.06,-2.95,-2.91,-3.18,-3.13,-2.96,-3.52,-3.28,-3.18,-3.43,-3.63,-3.66,-3.82,-3.91,-3.93,-3.92,-4.10,-4.04,-4.12,-4.24,-4.29,-4.17,-4.01,-4.26,-4.67,-4.43,-4.21,-4.58,-4.64,-4.51,-4.47,-4.51,-4.51,-4.52,-4.45,-4.46,-4.66,-4.43,-4.56,-4.81,-4.55,-4.75,-4.38,-4.60,-4.67,-5.04,-4.74,-4.75,-4.68,-4.80,-4.89,-4.83,-4.79,-4.80,-4.22,-2.09,0.90,2.65,3.11,2.99,2.69,2.55,2.18,0.67,-2.45,-4.89,-5.25,-5.13,-5.23,-5.11,-5.19,-5.16,-5.42,-5.52,-5.67,-5.83,-6.11,-6.48,-6.57,-6.43,-6.65,-7.12,-7.15,-7.35,-7.75,-8.73,-9.40,-11.73,-15.25,-20.08,-22.33,-21.70,-20.60,-20.44,-19.61,-18.33,-18.11,-18.24,-17.94,-17.73,-18.16,-17.04,-14.64,-12.36,-10.80,-9.43,-8.22,-7.12,-5.61,-4.31,-3.49,-2.70,-1.91,-1.45,-1.06,-0.56,-0.13,-0.04,0.32,0.53,0.53,0.65,0.61,0.12,-0.66,-0.76,-0.09,0.33,0.75,1.02,1.09,1.40,1.36,1.18,1.23,1.09,0.71,0.92,0.29,0.03
-2.47,-2.78,-3.06,-2.72,-2.29,-2.72,-2.51,-2.48,-2.39,-1.99,-1.71,-1.39,-1.39,-1.30,-1.12,-1.06,-1.27,-1.82,-2.30,-2.55,-2.66,-2.57,-2.37,-2.39,-2.20,-2.37,-2.64,-2.73,-2.66,-2.96,-3.43,-3.48,-3.66,-3.82,-3.93,-4.01,-4.03,-3.93,-3.99,-4.14,-4.24,-4.12,-3.99,-4.22,-4.74,-4.39,-4.25,-4.47,-4.56,-4.42,-4.29,-4.49,-4.55,-4.58,-4.80,-4.78,-4.76,-4.64,-4.54,-4.71,-4.49,-4.81,-4.78,-4.75,-4.79,-5.11,-5.03,-4.99,-5.04,-5.17,-5.13,-5.08,-5.09,-4.99,-4.56,-2.50,0.88,2.75,3.23,3.06,2.88,2.90,2.39,0.53,-2.60,-4.74,-5.29,-4.95,-5.20,-5.16,-5.24,-5.23,-5.32,-5.41,-5.61,-5.67,-5.85,-6.11,-6.07,-6.11,-6.35,-6.44,-6.71,-6.98,-7.08,-7.50,-8.20,-9.86,-12.02,-14.73,-15.53,-15.09,-15.23,-15.56,-15.25,-14.96,-15.18,-15.15,-14.82,-14.60,-15.05,-14.27,-12.27,-10.81,-9.68,-8.56,-7.54,-6.40,-4.70,-3.15,-2.34,-1.92,-1.59,-1.43,-1.15,-0.61,-0.03,0.41,0.60,0.76,0.72,0.56,0.53,0.33,-0.23,-1.03,0.13,0.37,0.97,1.24,1.15,1.35,1.36,1.28,1.38,1.29,1.03,0.98,0.75,0.58
-2.29,-2.30,-2.33,-2.27,-1.88,-1.54,-1.40,-1.48,-1.32,-0.68,-0.57,-0.14,-0.08,-0.07,-0.01,0.03,-0.33,-1.26,-1.88,-2.20,-2.05,-1.39,-0.77,-1.36,-1.07,-1.10,-1.43,-1.50,-1.58,-2.20,-3.14,-3.39,-3.61,-3.48,-3.87,-3.95,-3.82,-3.84,-3.90,-4.04,-4.16,-4.09,-4.20,-4.13,-4.50,-4.37,-4.50,-4.71,-4.78,-4.54,-4.35,-4.50,-4.70,-4.58,-4.43,-4.55,-4.70,-4.55,-4.54,-4.66,-4.72,-4.79,-4.87,-4.92,-4.93,-5.07,-4.93,-4.89,-5.17,-5.40,-5.40,-5.41,-5.25,-5.09,-4.74,-3.09,0.08,2.77,3.34,3.24,2.89,2.72,2.09,0.34,-2.81,-4.38,-5.00,-4.97,-5.09,-5.11,-5.11,-5.21,-5.42,-5.39,-5.37,-5.50,-5.45,-5.56,-5.80,-5.96,-6.12,-6.25,-6.54,-6.69,-6.84,-7.12,-7.90,-8.65,-10.16,-10.81,-10.89,-10.66,-11.04,-11.29,-11.17,-11.32,-11.62,-11.56,-11.36,-11.23,-11.24,-10.83,-10.00,-8.94,-8.31,-7.42,-6.59,-5.72,-4.25,-2.70,-1.86,-1.51,-1.29,-1.21,-1.19,-0.80,0.01,0.66,0.84,1.11,0.92,0.63,0.48,0.48,0.29,-0.19,0.14,0.51,1.17,1.40,1.42,1.56,1.44,1.41,1.49,1.34,1.11,1.13,1.12,0.91
-1.79,-1.36,-1.06,-0.92,-0.72,-0.47,-0.14,-0.04,-0.03,0.46,0.74,1.01,1.02,1.04,1.13,1.03,0.49,-0.87,-1.30,-1.60,-1.59,-0.78,0.35,0.07,0.28,0.07,-0.12,-0.34,-0.68,-1.38,-2.42,-3.18,-3.56,-3.31,-3.57,-3.66,-3.70,-3.92,-4.09,-4.04,-3.97,-4.05,-4.30,-4.21,-4.43,-4.35,-4.21,-4.18,-4.35,-4.49,-4.55,-4.50,-4.58,-4.70,-4.52,-4.50,-4.72,-4.49,-4.58,-4.81,-4.84,-4.80,-4.88,-4.87,-5.07,-5.13,-4.97,-5.04,-5.33,-5.56,-5.52,-5.40,-5.20,-5.00,-4.81,-3.63,-0.47,2.77,3.43,3.23,2.90,2.60,2.18,0.61,-2.51,-4.29,-4.83,-4.81,-5.15,-5.13,-5.05,-5.01,-5.28,-5.45,-5.50,-5.56,-5.48,-5.54,-5.83,-5.84,-5.75,-5.95,-6.20,-6.52,-6.65,-6.89,-7.09,-7.89,-8.13,-8.30,-8.30,-7.87,-8.20,-8.41,-8.44,-8.67,-8.88,-8.83,-8.65,-8.67,-8.84,-8.77,-8.20,-7.72,-7.52,-6.85,-5.91,-4.96,-3.86,-2.39,-1.32,-1.21,-1.49,-1.24,-1.27,-0.81,0.01,0.64,0.96,1.14,1.02,0.67,0.72,0.87,0.85,0.77,1.12,1.24,1.46,1.66,1.77,1.72,1.51,1.62,1.55,1.31,1.20,1.36,1.39,1.18
-0.66,-0.18,0.08,0.30,0.51,0.50,0.90,1.24,1.17,1.29,1.56,1.61,1.67,1.78,1.90,2.01,1.19,-0.32,-1.07,-1.24,-0.93,-0.16,0.79,0.86,0.93,0.79,0.59,0.37,-0.03,-0.81,-1.96,-3.08,-3.53,-3.40,-3.32,-3.54,-3.69,-3.82,-3.93,-3.95,-3.93,-4.14,-4.07,-4.03,-4.58,-4.37,-4.30,-4.28,-4.26,-4.35,-4.43,-4.47,-4.58,-4.66,-4.66,-4.63,-4.62,-4.60,-4.45,-4.79,-4.84,-4.96,-4.74,-4.99,-5.07,-5.19,-5.17,-5.27,-5.40,-5.45,-5.41,-5.28,-5.13,-5.00,-4.80,-3.66,-0.54,2.75,3.46,3.23,3.01,2.70,2.37,0.81,-2.45,-4.33,-4.81,-4.83,-4.97,-4.93,-5.09,-5.16,-5.42,-5.49,-5.56,-5.68,-5.52,-5.57,-5.76,-5.77,-5.79,-5.88,-6.11,-6.12,-6.43,-6.55,-6.12,-6.89,-7.00,-6.81,-6.75,-6.66,-6.75,-6.66,-6.77,-7.00,-7.20,-7.26,-7.13,-7.31,-7.57,-8.15,-8.02,-7.83,-7.71,-6.92,-5.80,-4.56,-3.17,-1.91,-1.35,-1.03,-1.39,-1.19,-0.97,-0.66,-0.14,0.53,1.01,1.09,1.20,0.92,1.07,1.18,1.23,1.33,1.46,1.61,1.75,1.92,1.95,1.86,1.84,1.63,1.51,1.42,1.44,1.52,1.50,1.19
0.53,1.00,1.11,1.23,1.39,1.45,1.71,2.01,1.96,2.03,2.13,2.03,1.89,1.80,1.89,2.02,1.60,0.64,-0.47,-0.98,-0.77,-0.13,0.75,1.07,1.09,1.01,0.85,0.65,0.23,-0.73,-2.14,-3.19,-3.54,-3.53,-3.45,-3.71,-3.74,-3.65,-3.71,-3.82,-3.82,-3.93,-3.88,-3.87,-4.34,-4.33,-4.18,-4.35,-4.37,-4.42,-4.50,-4.45,-4.46,-4.60,-4.54,-4.45,-4.41,-4.49,-4.41,-4.66,-4.64,-4.84,-4.58,-4.93,-5.08,-5.19,-5.19,-5.28,-5.27,-5.29,-5.28,-5.05,-4.88,-4.78,-4.47,-3.36,-0.53,2.74,3.56,3.43,3.28,2.95,2.48,1.07,-1.85,-3.62,-4.28,-4.60,-4.80,-4.91,-5.16,-5.21,-5.41,-5.35,-5.40,-5.54,-5.53,-5.71,-5.85,-5.97,-5.89,-5.57,-5.75,-5.87,-5.99,-6.05,-5.68,-6.09,-5.72,-5.97,-5.81,-5.68,-5.57,-5.71,-5.85,-6.08,-6.39,-6.57,-6.61,-6.84,-7.23,-7.98,-8.23,-8.11,-8.13,-7.09,-5.77,-4.31,-2.90,-1.83,-1.10,-1.01,-1.08,-1.32,-1.05,-0.69,-0.22,0.43,1.04,1.27,1.47,1.36,1.41,1.39,1.38,1.51,1.73,1.58,1.63,1.74,1.86,1.91,1.68,1.61,1.64,1.66,1.58,1.52,1.47,1.20
1.50,1.79,1.82,1.92,1.89,2.12,2.23,2.16,2.19,2.02,2.00,2.08,2.14,2.18,2.28,2.03,1.50,0.81,0.12,-0.44,-0.59,-0.24,0.81,1.02,1.08,1.00,0.85,0.61,0.03,-1.16,-2.39,-3.36,-3.35,-3.50,-3.49,-3.52,-3.61,-3.66,-3.71,-3.88,-4.00,-4.07,-3.83,-4.17,-4.25,-4.28,-4.16,-4.24,-4.35,-4.52,-4.58,-4.47,-4.47,-4.54,-4.49,-4.39,-4.34,-4.33,-4.41,-4.58,-4.59,-4.67,-4.58,-4.74,-4.96,-5.12,-4.99,-4.96,-4.95,-5.07,-5.07,-4.76,-4.56,-4.45,-4.10,-3.13,-0.54,2.81,3.75,3.68,3.61,3.30,2.78,1.73,-0.11,-2.04,-3.40,-4.08,-4.62,-4.93,-5.00,-5.23,-5.39,-5.25,-5.33,-5.48,-5.45,-5.69,-5.83,-5.87,-5.79,-5.41,-5.40,-5.36,-5.52,-5.69,-5.64,-5.97,-5.56,-5.62,-5.41,-5.61,-5.54,-5.71,-5.67,-5.85,-6.11,-6.23,-6.39,-6.69,-7.18,-7.72,-7.96,-8.26,-8.41,-7.16,-5.62,-3.99,-2.65,-2.00,-1.57,-1.35,-1.14,-1.35,-1.07,-0.49,-0.04,0.48,1.08,1.35,1.62,1.74,1.64,1.50,1.41,1.47,1.66,1.46,1.55,1.55,1.78,1.99,1.78,1.67,1.74,1.71,1.63,1.51,1.34,1.45
2.09,2.20,2.08,2.29,2.14,2.20,2.22,1.97,2.01,2.00,1.85,2.05,2.29,2.30,2.34,2.20,1.89,1.33,0.58,-0.04,-0.27,-0.02,0.91,0.97,1.08,1.00,0.77,0.51,-0.06,-1.24,-2.54,-3.36,-3.48,-3.57,-3.40,-3.47,-3.63,-3.70,-3.76,-3.82,-4.00,-4.01,-3.76,-4.05,-4.28,-4.14,-4.08,-4.16,-4.34,-4.45,-4.46,-4.43,-4.43,-4.41,-4.46,-4.46,-4.50,-4.37,-4.35,-4.51,-4.56,-4.52,-4.50,-4.52,-4.68,-4.89,-4.72,-4.64,-4.67,-4.80,-4.85,-4.63,-4.43,-4.29,-3.92,-2.96,-0.52,2.95,3.83,3.73,3.75,3.50,3.32,2.55,1.83,0.08,-1.72,-3.03,-4.08,-4.71,-4.79,-5.17,-5.27,-5.21,-5.29,-5.49,-5.48,-5.68,-5.72,-5.67,-5.52,-5.31,-5.27,-5.15,-5.17,-5.36,-5.39,-5.29,-5.36,-5.27,-5.35,-5.42,-5.48,-5.65,-5.76,-5.79,-5.84,-5.99,-6.20,-6.42,-6.77,-7.42,-7.71,-8.20,-8.37,-7.11,-5.60,-3.97,-3.09,-2.95,-2.70,-2.48,-2.25,-2.07,-1.05,-0.53,-0.09,0.43,1.04,1.60,1.64,1.61,1.64,1.53,1.35,1.31,1.58,1.51,1.45,1.34,1.56,1.78,1.74,1.68,1.75,1.80,1.64,1.47,1.41,1.30
2.25,2.36,2.17,2.40,2.36,2.30,2.25,2.13,1.99,2.07,2.01,2.17,2.41,2.34,2.17,2.29,2.17,1.69,1.00,0.37,0.22,0.59,0.96,1.03,1.11,1.04,0.84,0.61,0.28,-0.78,-2.50,-3.41,-3.48,-3.49,-3.52,-3.61,-3.70,-3.80,-3.93,-4.07,-4.07,-4.07,-3.87,-4.17,-4.24,-4.18,-4.18,-4.31,-4.45,-4.47,-4.50,-4.54,-4.45,-4.35,-4.39,-4.46,-4.51,-4.46,-4.28,-4.38,-4.33,-4.41,-4.38,-4.42,-4.54,-4.63,-4.54,-4.56,-4.67,-4.74,-4.76,-4.60,-4.34,-4.14,-3.69,-2.91,-0.68,2.94,3.68,3.75,3.74,3.48,3.57,3.07,2.81,2.02,0.77,-1.06,-2.73,-4.05,-4.74,-5.16,-5.05,-5.19,-5.24,-5.49,-5.49,-5.58,-5.60,-5.52,-5.42,-5.29,-5.29,-5.21,-4.97,-5.08,-5.09,-5.11,-5.19,-5.15,-5.19,-4.96,-5.07,-5.25,-5.24,-5.52,-5.71,-5.81,-5.88,-5.93,-6.48,-7.22,-7.67,-7.64,-7.83,-6.82,-5.32,-3.83,-3.48,-3.79,-3.82,-3.70,-3.30,-2.43,-1.58,-0.67,-0.01,0.50,1.11,1.64,1.66,1.53,1.58,1.51,1.17,1.20,1.62,1.46,1.28,1.11,1.14,1.36,1.57,1.63,1.82,1.79,1.69,1.62,1.55,1.52
2.30,2.23,2.24,2.46,2.41,2.28,2.19,2.13,2.16,2.09,2.18,2.42,2.64,2.51,2.39,2.42,2.33,1.96,1.41,0.92,0.80,1.15,1.12,1.18,1.12,0.95,0.88,0.88,0.39,-0.53,-2.11,-3.30,-3.30,-3.47,-3.60,-3.62,-3.73,-3.91,-4.04,-4.07,-4.10,-4.08,-4.04,-4.21,-4.26,-4.25,-4.26,-4.39,-4.45,-4.49,-4.55,-4.52,-4.45,-4.37,-4.39,-4.38,-4.29,-4.38,-4.33,-4.26,-4.24,-4.52,-4.52,-4.54,-4.62,-4.59,-4.50,-4.35,-4.50,-4.63,-4.60,-4.46,-4.25,-4.09,-3.78,-3.05,-0.96,2.49,3.72,3.92,3.78,3.61,3.43,3.23,3.17,2.63,2.13,1.23,-0.58,-2.72,-4.31,-5.05,-4.97,-5.11,-5.25,-5.45,-5.41,-5.45,-5.41,-5.36,-5.33,-5.17,-5.15,-5.17,-4.99,-5.03,-4.87,-4.99,-4.81,-4.87,-5.16,-4.80,-4.97,-4.97,-5.09,-5.25,-5.44,-5.61,-5.72,-5.93,-6.30,-6.67,-6.86,-6.77,-6.66,-5.93,-4.35,-3.36,-3.53,-4.03,-4.20,-4.09,-3.32,-2.33,-1.67,-0.78,0.15,0.65,1.07,1.53,1.58,1.52,1.68,1.51,1.18,1.13,1.25,1.09,1.06,0.79,0.64,0.84,1.09,1.14,1.73,1.67,1.63,1.49,1.40,1.61
2.30,2.20,2.26,2.14,2.05,2.08,2.19,2.24,2.14,2.16,2.23,2.41,2.63,2.69,2.59,2.57,2.43,2.24,1.85,1.29,1.23,1.33,1.20,1.08,1.09,1.06,0.98,0.92,0.29,-0.54,-1.87,-2.99,-3.43,-3.44,-3.56,-3.63,-3.69,-3.80,-3.91,-4.07,-3.96,-4.01,-3.93,-4.16,-4.26,-4.29,-4.21,-4.24,-4.29,-4.31,-4.45,-4.20,-4.14,-4.39,-4.46,-4.29,-4.21,-4.24,-4.38,-4.34,-4.26,-4.55,-4.56,-4.39,-4.38,-4.38,-4.45,-4.28,-4.34,-4.38,-4.29,-4.20,-4.09,-4.04,-3.75,-3.05,-0.75,2.74,3.92,4.02,3.69,3.67,3.56,3.52,3.42,2.84,2.86,2.37,1.23,-0.52,-2.74,-4.18,-4.68,-4.95,-5.35,-5.46,-5.33,-5.31,-5.29,-5.25,-5.21,-5.12,-5.11,-5.08,-4.93,-5.03,-4.92,-4.88,-4.67,-4.80,-4.79,-4.67,-4.81,-4.97,-4.88,-4.95,-5.20,-5.36,-5.50,-5.72,-5.84,-5.97,-5.92,-6.13,-5.32,-4.49,-3.53,-3.30,-3.66,-3.82,-3.79,-3.66,-2.82,-2.13,-1.60,-0.92,-0.02,0.46,1.02,1.53,1.61,1.52,1.36,1.40,1.08,0.86,0.79,0.70,0.71,0.35,0.24,0.40,0.59,0.77,1.63,1.66,1.69,1.58,1.49,1.52
2.33,2.29,2.41,2.42,2.34,2.23,2.14,2.11,2.06,2.24,2.35,2.33,2.34,2.64,2.51,2.49,2.43,2.22,1.85,1.58,1.14,1.28,1.13,1.03,1.07,1.07,0.91,0.76,0.45,-0.13,-1.78,-2.75,-3.26,-3.45,-3.52,-3.62,-3.76,-3.88,-3.80,-4.10,-3.86,-4.07,-3.91,-4.09,-4.18,-4.28,-4.17,-4.16,-4.26,-4.29,-4.41,-4.14,-4.13,-4.49,-4.47,-4.39,-4.35,-4.25,-4.22,-4.16,-4.16,-4.34,-4.46,-4.49,-4.46,-4.35,-4.37,-4.39,-4.41,-4.30,-4.22,-4.20,-4.17,-4.01,-3.61,-3.26,-1.11,2.43,3.75,3.90,3.77,3.54,3.61,3.60,3.42,3.14,2.90,3.01,2.47,1.60,-0.41,-2.54,-3.62,-4.71,-5.50,-5.65,-5.37,-5.12,-5.21,-5.25,-5.17,-5.19,-5.19,-4.97,-4.78,-4.96,-4.92,-4.79,-4.84,-4.80,-4.68,-4.79,-4.78,-4.99,-4.99,-4.91,-5.05,-5.23,-5.46,-5.75,-5.84,-5.71,-5.80,-5.77,-5.35,-4.20,-3.66,-3.49,-3.60,-3.44,-3.22,-3.05,-2.46,-1.76,-1.48,-0.87,-0.16,0.33,0.81,1.34,1.66,1.53,1.24,1.20,1.11,1.02,0.76,0.34,0.28,-0.06,0.01,0.23,0.35,0.51,1.30,1.47,1.64,1.56,1.39,1.34
2.36,2.07,2.23,2.30,2.26,2.20,2.12,2.08,2.07,2.31,2.46,2.41,2.30,2.54,2.54,2.47,2.47,2.45,2.22,1.86,1.35,1.34,1.12,1.19,1.22,1.06,0.93,0.92,0.65,0.22,-1.59,-2.90,-3.28,-3.47,-3.57,-3.66,-3.82,-3.90,-3.88,-3.91,-3.92,-4.01,-3.93,-4.05,-4.17,-4.16,-4.10,-4.24,-4.39,-4.38,-4.33,-4.12,-4.28,-4.37,-4.43,-4.38,-4.47,-4.33,-4.33,-4.24,-4.17,-4.31,-4.37,-4.39,-4.33,-4.47,-4.50,-4.55,-4.41,-4.35,-4.43,-4.30,-4.20,-4.03,-3.78,-3.36,-1.22,2.66,3.63,3.60,3.81,3.53,3.59,3.43,3.07,3.14,3.07,3.00,3.05,2.62,1.58,0.02,-1.86,-3.69,-5.04,-5.53,-5.40,-5.17,-5.13,-5.16,-5.09,-5.09,-5.09,-4.85,-4.79,-4.91,-4.83,-4.85,-4.88,-4.71,-4.78,-4.68,-4.64,-4.87,-4.92,-4.95,-5.08,-5.27,-5.46,-5.62,-5.69,-5.84,-5.83,-5.71,-5.45,-4.35,-3.84,-3.10,-3.23,-3.26,-2.87,-2.55,-2.16,-1.48,-1.19,-0.62,0.03,0.32,0.77,1.29,1.49,1.51,1.39,1.23,1.09,0.84,0.50,0.24,-0.01,-0.23,-0.16,0.09,0.15,0.27,0.88,1.25,1.63,1.52,1.36,1.33
2.41,2.12,2.20,2.18,2.09,2.05,2.17,2.23,2.13,2.33,2.48,2.47,2.64,2.82,2.80,2.80,2.55,2.19,1.99,1.86,1.42,1.17,1.08,1.06,1.09,1.15,1.17,0.91,0.80,0.07,-1.64,-2.97,-3.27,-3.40,-3.57,-3.63,-3.76,-3.76,-3.88,-3.71,-3.84,-3.80,-3.75,-4.00,-4.12,-4.12,-4.08,-4.18,-4.35,-4.38,-4.47,-4.37,-4.37,-4.37,-4.49,-4.47,-4.51,-4.03,-4.51,-4.34,-4.24,-4.10,-4.28,-4.21,-4.24,-4.45,-4.24,-4.35,-4.41,-4.24,-4.26,-4.20,-4.12,-3.86,-3.48,-2.81,-0.97,2.24,3.72,3.77,3.93,3.84,3.73,3.56,3.50,3.32,3.06,3.23,2.88,2.87,2.22,2.06,0.40,-1.77,-3.80,-4.91,-5.21,-5.28,-5.12,-5.04,-5.03,-5.15,-5.15,-4.89,-4.88,-4.88,-4.96,-5.01,-4.75,-4.64,-4.67,-4.51,-4.59,-5.01,-4.96,-5.12,-5.25,-5.44,-5.61,-5.60,-5.71,-6.03,-6.00,-6.25,-5.77,-4.46,-4.16,-3.90,-3.73,-3.45,-2.99,-2.51,-2.10,-1.78,-1.24,-0.51,0.34,0.54,1.02,1.42,1.49,1.55,1.52,1.49,1.29,0.91,0.39,0.01,-0.03,-0.01,-0.19,-0.16,0.02,0.34,0.79,1.24,1.71,1.58,1.40,1.38
2.22,2.25,2.19,2.09,1.99,2.00,2.17,2.25,2.17,2.34,2.54,2.60,2.62,2.65,2.72,2.75,2.62,2.33,2.06,1.92,1.49,1.22,1.17,1.28,1.33,1.27,1.19,1.02,0.74,-0.22,-1.82,-2.83,-3.09,-3.31,-3.52,-3.53,-3.66,-3.75,-3.69,-3.90,-3.76,-3.75,-3.69,-3.92,-3.99,-4.04,-4.05,-4.01,-4.12,-4.07,-4.05,-4.10,-4.22,-4.33,-3.95,-4.42,-4.24,-3.90,-4.03,-4.01,-4.05,-4.03,-4.43,-4.45,-4.24,-4.21,-4.22,-4.42,-4.37,-4.31,-4.39,-4.26,-4.24,-4.01,-3.45,-2.30,0.17,2.83,3.72,3.80,3.91,3.72,3.69,3.37,3.37,3.22,3.11,3.18,2.92,3.16,2.70,2.70,2.03,0.72,-1.30,-3.35,-4.41,-4.62,-4.54,-4.71,-4.95,-5.05,-5.13,-5.04,-4.88,-4.92,-4.93,-4.95,-4.74,-4.60,-4.39,-4.34,-4.56,-5.00,-4.96,-5.25,-5.45,-5.79,-6.05,-6.23,-6.44,-6.51,-6.31,-6.19,-5.89,-4.84,-4.87,-4.95,-4.93,-4.31,-3.67,-3.19,-2.69,-2.20,-1.95,-0.68,0.51,0.82,1.25,1.49,1.45,1.55,1.68,1.67,1.31,0.74,0.22,-0.02,-0.01,-0.27,-0.27,-0.34,-0.42,-0.13,0.63,1.14,1.61,1.58,1.49,1.45
2.18,2.28,2.16,2.01,1.99,2.05,2.06,2.22,2.24,2.40,2.62,2.69,2.63,2.77,2.75,2.69,2.65,2.51,2.07,2.03,1.69,1.53,1.39,1.35,1.36,1.22,1.03,0.98,0.66,-0.11,-1.53,-2.41,-2.82,-3.17,-3.44,-3.48,-3.60,-3.66,-3.56,-3.92,-3.86,-3.78,-3.71,-3.91,-3.82,-3.57,-3.63,-3.88,-3.71,-3.44,-3.54,-3.84,-3.86,-4.16,-3.91,-4.04,-3.96,-3.57,-3.90,-4.01,-4.04,-4.10,-4.09,-4.21,-4.33,-4.16,-4.17,-4.34,-4.31,-4.03,-3.96,-4.13,-4.09,-3.87,-3.01,-0.36,2.31,3.83,3.85,3.79,3.87,3.78,3.79,3.38,3.37,3.19,3.38,3.14,3.16,3.10,3.31,3.49,3.01,2.25,1.20,-1.34,-2.57,-2.88,-2.91,-3.52,-4.38,-4.87,-4.97,-4.83,-4.80,-4.87,-4.67,-4.76,-4.79,-4.70,-4.45,-4.22,-4.49,-4.89,-5.03,-5.48,-5.84,-6.24,-6.62,-7.19,-7.72,-7.65,-7.34,-7.34,-7.20,-7.01,-6.61,-6.16,-5.62,-4.89,-4.16,-3.47,-2.83,-2.32,-2.00,-0.71,0.48,0.82,1.27,1.41,1.40,1.60,1.86,1.84,1.23,0.72,0.37,0.12,-0.02,-0.16,-0.58,-0.56,-0.63,-0.54,0.04,1.19,1.41,1.69,1.71,1.58
2.42,2.29,2.12,2.06,2.08,2.11,2.19,2.19,2.33,2.36,2.31,2.52,2.60,2.74,2.63,2.55,2.52,2.42,2.13,1.91,1.63,1.61,1.53,1.38,1.30,1.25,1.09,1.02,0.80,0.45,-0.51,-1.51,-2.34,-2.91,-3.25,-3.47,-3.44,-3.56,-3.47,-3.58,-3.69,-3.66,-3.45,-3.48,-3.37,-3.31,-3.53,-3.71,-3.45,-3.37,-3.44,-3.44,-3.65,-3.84,-4.26,-4.10,-4.43,-3.18,-2.82,-3.40,-3.87,-4.18,-4.18,-4.30,-4.14,-3.91,-3.84,-3.75,-3.54,-3.27,-3.15,-3.43,-3.97,-3.69,-1.43,1.99,3.37,3.88,3.97,3.80,3.91,3.61,3.80,3.57,3.31,3.31,3.42,3.23,3.36,3.57,3.42,3.23,3.38,2.98,2.23,1.22,0.37,-0.12,-1.10,-1.97,-2.86,-3.79,-4.47,-4.62,-4.68,-4.93,-4.85,-4.85,-4.79,-4.87,-4.60,-4.13,-4.43,-4.93,-5.15,-5.76,-6.08,-6.35,-6.70,-7.33,-8.07,-8.34,-8.24,-8.47,-8.16,-7.72,-7.28,-6.61,-6.00,-4.88,-3.83,-3.17,-2.74,-2.28,-1.57,-0.54,0.29,0.74,1.08,1.24,1.35,1.58,1.86,1.88,1.33,0.97,0.76,0.53,0.19,0.08,-0.48,-0.64,-0.66,-0.58,-0.19,0.91,1.62,1.57,1.51,1.55
2.55,2.23,2.06,2.05,2.09,2.18,2.24,2.14,2.33,2.53,2.55,2.55,2.66,2.77,2.88,2.74,2.42,2.12,2.00,1.82,1.72,1.73,1.66,1.46,1.30,1.23,1.20,1.24,1.14,1.06,0.59,-0.28,-1.39,-2.34,-2.90,-3.26,-3.25,-3.31,-3.14,-3.41,-3.49,-3.32,-3.22,-3.25,-2.97,-2.69,-2.68,-2.56,-2.30,-1.90,-2.10,-2.92,-3.45,-3.61,-4.05,-3.90,-3.45,-1.44,-0.83,-2.16,-3.18,-3.76,-3.91,-3.75,-2.65,-2.20,-2.01,-1.45,-1.27,-1.57,-1.81,-1.97,-2.32,-1.35,1.25,3.36,3.77,3.79,3.94,4.05,4.04,3.72,3.71,3.59,3.44,3.19,3.28,3.24,3.50,3.50,3.55,3.54,3.80,3.53,3.34,2.53,1.61,1.17,0.58,-0.03,-0.90,-2.29,-3.53,-4.05,-4.31,-4.62,-4.88,-5.11,-4.87,-4.81,-4.26,-3.39,-3.74,-4.30,-4.72,-5.60,-6.05,-6.34,-6.59,-7.16,-8.00,-8.56,-8.67,-8.81,-8.44,-7.85,-7.01,-5.97,-4.88,-3.73,-2.91,-2.38,-2.01,-1.73,-1.57,-1.06,0.20,0.56,0.81,0.85,1.03,1.44,1.79,1.91,1.56,1.18,1.12,0.93,0.55,0.28,-0.19,-0.19,-0.53,-0.68,-0.33,0.28,1.20,1.56,1.47,1.47
2.35,2.12,1.90,1.88,2.08,2.36,2.36,2.37,2.31,2.35,2.52,2.43,2.70,2.88,2.82,2.52,2.13,1.85,1.83,1.72,1.61,1.66,1.67,1.55,1.41,1.15,1.14,1.30,1.30,1.23,1.06,0.58,-0.29,-1.45,-2.45,-2.90,-3.23,-3.28,-3.08,-3.43,-3.30,-3.34,-3.37,-3.28,-3.18,-2.61,-1.73,-1.44,-1.05,-0.43,-0.16,-0.88,-2.28,-2.72,-3.06,-2.57,-1.91,-0.32,0.74,-0.07,-1.44,-2.81,-2.96,-2.43,-1.21,-0.26,0.19,0.63,0.58,0.17,-0.04,-0.17,0.14,1.46,3.22,4.00,4.04,4.06,3.91,4.05,3.88,3.88,3.59,3.48,3.41,3.61,3.61,3.55,3.67,3.77,3.68,3.86,4.09,3.98,3.80,3.52,2.77,2.14,1.55,1.24,0.39,-1.48,-2.88,-3.43,-3.90,-4.17,-4.49,-4.84,-4.87,-4.87,-4.35,-2.60,-1.99,-2.68,-3.66,-5.25,-6.15,-6.46,-6.70,-7.22,-7.87,-8.23,-8.13,-7.91,-7.43,-6.93,-5.67,-4.41,-3.21,-2.60,-2.15,-1.72,-1.48,-1.46,-1.43,-0.67,0.08,0.43,0.66,0.85,1.23,1.63,1.90,2.07,1.60,1.27,1.25,1.18,0.90,0.61,0.54,0.37,-0.27,-0.43,-0.07,0.48,1.50,1.68,1.66,1.68
2.34,2.24,2.24,2.35,2.34,2.42,2.54,2.41,2.29,2.30,2.39,2.37,2.59,2.64,2.57,2.36,2.07,1.77,1.78,1.68,1.60,1.60,1.63,1.63,1.62,1.33,1.20,1.25,1.27,1.18,0.95,0.67,0.09,-1.02,-2.18,-2.66,-3.00,-3.10,-3.14,-3.00,-3.10,-3.23,-3.23,-3.23,-3.37,-2.84,-1.55,-0.66,0.35,0.79,1.00,0.51,-0.77,-1.30,-1.00,-0.27,0.15,0.96,1.60,1.28,0.55,-0.24,-0.33,-0.13,0.39,1.07,1.42,1.56,1.52,1.44,1.52,1.72,2.47,3.31,3.98,4.17,4.09,4.11,3.86,4.04,3.94,4.02,3.90,3.50,3.90,4.06,4.19,4.32,4.30,4.55,4.54,4.29,4.09,4.09,4.00,3.78,3.42,2.89,2.40,2.08,1.28,-0.66,-2.06,-2.69,-3.08,-3.34,-4.10,-4.38,-4.51,-4.72,-4.28,-2.19,-1.53,-1.32,-3.15,-5.53,-6.35,-6.52,-6.73,-7.00,-7.35,-7.35,-6.85,-6.39,-5.71,-4.92,-4.01,-2.77,-1.95,-1.79,-1.44,-1.17,-1.01,-0.86,-0.80,-0.22,0.33,0.66,0.69,1.02,1.50,1.83,1.96,1.83,1.50,1.30,1.36,1.36,1.23,1.13,1.04,0.67,0.04,-0.08,0.34,1.03,1.67,1.84,1.80,1.84
2.33,2.31,2.14,2.03,2.35,2.47,2.40,2.41,2.40,2.35,2.33,2.28,2.43,2.29,2.16,2.12,2.03,1.84,1.86,1.74,1.79,1.78,1.68,1.64,1.69,1.64,1.27,1.33,1.36,1.30,1.18,0.95,0.53,-0.17,-1.17,-1.96,-2.42,-2.60,-2.88,-3.13,-3.31,-3.09,-2.91,-2.90,-3.05,-2.96,-2.23,-1.24,0.64,1.56,1.57,1.63,1.30,0.82,0.84,1.31,1.57,1.84,2.09,2.14,1.74,1.38,1.25,1.27,1.23,1.47,1.72,1.71,1.84,2.05,2.36,3.07,3.78,3.97,4.22,4.22,4.07,3.98,3.81,4.00,3.97,3.92,3.97,3.71,4.26,4.24,5.11,4.88,4.99,5.10,4.98,4.55,4.37,4.10,4.16,4.25,3.87,3.52,3.26,2.94,2.17,0.76,-0.43,-1.01,-1.71,-2.84,-3.83,-4.17,-4.28,-4.63,-3.86,-1.20,-1.01,-1.20,-3.53,-5.65,-6.23,-6.35,-6.30,-6.30,-6.51,-6.20,-5.41,-4.87,-4.01,-3.14,-2.46,-1.36,-1.30,-1.26,-1.19,-1.02,-0.75,-0.61,-0.52,0.04,0.60,0.61,0.85,1.44,1.83,1.99,1.94,1.51,1.61,1.33,1.50,1.53,1.44,1.38,1.02,0.93,0.48,0.49,0.91,1.40,1.62,1.83,1.75,1.78
2.25,2.33,2.35,2.35,2.29,2.58,2.75,2.71,2.55,2.43,2.40,2.08,2.28,2.12,1.96,1.94,1.84,1.83,1.95,1.83,1.80,1.79,1.67,1.60,1.69,1.55,1.25,1.41,1.34,1.17,1.17,1.03,0.67,0.43,0.17,-0.78,-2.14,-2.87,-2.72,-2.88,-3.15,-2.78,-2.45,-2.45,-2.25,-1.78,-1.54,-1.22,0.60,1.71,1.73,1.90,2.05,1.90,1.72,2.06,2.05,2.14,2.34,2.40,2.09,1.86,1.63,1.53,1.45,1.45,1.62,1.77,2.09,2.55,3.12,3.84,4.25,4.19,4.32,4.35,4.20,4.06,3.92,4.13,3.97,3.83,3.91,3.85,4.18,4.35,5.44,5.19,5.22,5.25,5.09,4.85,4.56,4.26,4.36,4.38,4.19,4.05,3.61,3.48,2.88,2.00,1.28,0.66,-0.28,-1.85,-3.15,-3.54,-3.99,-4.43,-3.36,-1.10,-1.25,-1.74,-3.83,-5.54,-5.53,-5.40,-5.35,-5.32,-5.31,-4.81,-3.95,-3.22,-2.34,-1.92,-1.30,-0.49,-0.67,-0.71,-0.71,-0.54,-0.21,-0.04,-0.01,0.40,0.63,0.70,1.12,1.35,1.49,1.67,1.63,1.27,1.42,1.20,1.39,1.38,1.31,1.30,1.12,1.33,1.09,1.11,1.31,1.53,1.64,1.71,1.69,1.68
2.34,2.25,2.22,2.31,2.36,2.47,2.69,2.62,2.47,2.47,2.45,1.95,2.09,2.02,1.95,2.00,1.85,1.73,2.02,2.01,1.88,1.82,1.78,1.64,1.66,1.58,1.44,1.35,1.23,1.08,1.20,1.25,0.95,0.77,0.75,-0.08,-1.24,-1.82,-2.15,-2.43,-2.52,-2.05,-1.19,-0.77,-0.58,-0.06,0.19,0.10,1.13,1.85,2.19,2.03,2.30,2.28,2.17,2.26,2.31,2.24,2.30,2.39,2.12,1.97,1.72,1.55,1.56,1.56,1.68,2.02,2.60,3.20,3.84,4.28,4.38,4.42,4.41,4.38,4.39,4.15,3.97,4.04,4.13,3.96,3.96,3.69,4.12,4.48,5.32,5.44,5.17,5.14,5.16,4.89,4.51,4.42,4.51,4.54,4.43,4.29,3.99,3.97,3.63,2.93,2.16,1.57,0.71,-0.66,-1.92,-2.79,-3.31,-3.63,-2.81,-1.02,-1.17,-0.97,-3.01,-4.39,-4.45,-4.04,-3.82,-3.49,-3.45,-3.03,-2.18,-1.48,-0.68,-0.58,-0.23,0.28,0.41,0.33,0.22,0.27,0.56,0.70,0.61,0.80,0.90,1.11,1.38,1.52,1.61,1.60,1.53,1.55,1.17,1.56,1.50,1.42,1.45,1.49,1.44,1.69,1.56,1.49,1.60,1.73,1.78,1.69,1.66,1.68
2.41,2.36,2.39,2.58,2.70,2.58,2.70,2.74,2.65,2.60,2.47,2.11,2.03,1.91,1.83,1.92,1.96,2.03,2.17,2.13,1.96,1.82,1.86,1.95,1.55,1.56,1.41,1.20,1.41,1.33,1.08,1.00,0.98,1.04,1.02,0.64,0.24,-0.11,-0.49,-0.78,-0.82,-0.43,0.34,1.00,1.14,1.28,1.57,1.34,1.78,1.92,2.26,2.24,2.34,2.41,2.30,2.23,2.39,2.34,2.33,2.35,2.16,2.05,1.82,1.58,1.56,1.61,1.78,2.43,3.32,3.93,4.31,4.47,4.49,4.50,4.44,4.37,4.37,4.16,4.10,4.05,4.18,3.97,3.93,3.49,4.09,4.45,5.18,5.38,5.18,4.92,4.91,4.80,4.36,4.38,4.56,4.59,4.55,4.31,4.24,4.23,3.96,3.62,3.11,2.51,1.71,0.65,-0.18,-0.78,-1.41,-2.05,-1.40,-0.02,0.15,-0.17,-1.00,-1.97,-2.07,-1.81,-1.45,-1.01,-1.01,-0.67,-0.08,0.13,0.58,0.75,0.92,1.02,1.25,1.12,1.04,1.03,1.09,1.15,1.17,1.11,1.07,1.13,1.27,1.39,1.51,1.47,1.45,1.62,1.47,1.53,1.47,1.60,1.69,1.64,1.46,1.84,1.63,1.69,1.86,1.89,1.79,1.69,1.68,1.77
2.51,2.45,2.47,2.55,2.82,2.71,2.72,2.83,2.87,2.60,2.37,2.25,2.07,1.82,1.74,2.02,2.13,2.22,2.26,2.25,2.16,2.02,1.88,1.77,1.63,1.52,1.49,1.44,1.25,1.24,1.27,1.18,1.06,0.97,0.97,1.04,0.96,1.24,1.17,1.19,1.17,1.36,1.68,1.84,1.82,1.78,1.99,1.94,2.06,2.02,2.43,2.34,2.26,2.36,2.30,2.19,2.31,2.34,2.40,2.41,2.42,2.45,2.22,1.88,1.66,1.69,2.19,3.18,4.04,4.41,4.59,4.56,4.59,4.51,4.52,4.41,4.37,4.29,4.26,4.31,4.18,3.94,3.90,3.43,3.94,4.25,5.21,5.18,5.30,4.97,4.81,4.84,4.32,4.32,4.61,4.62,4.58,4.50,4.39,4.26,4.05,3.84,3.67,3.32,2.75,2.05,1.27,0.72,0.41,0.17,0.45,0.93,1.12,0.65,0.34,0.54,0.10,0.50,0.77,0.93,0.85,1.04,1.29,1.15,1.23,1.49,1.47,1.11,1.29,1.18,1.44,1.33,1.29,1.34,1.25,1.19,1.12,1.24,1.24,1.42,1.47,1.39,1.39,1.50,1.44,1.44,1.38,1.39,1.60,1.77,1.72,1.61,1.45,1.61,1.74,1.79,1.69,1.55,1.72,1.77
2.57,2.51,2.47,2.30,2.66,2.55,2.54,2.55,2.51,2.35,2.05,1.97,1.84,1.77,1.80,1.90,2.06,2.14,2.13,2.16,2.02,1.88,1.94,1.96,1.71,1.89,1.62,1.22,1.07,1.22,1.39,1.34,1.15,1.17,1.18,1.27,1.40,1.58,1.64,1.82,1.95,2.13,2.23,2.11,1.97,2.00,2.08,2.13,2.05,1.99,2.34,2.26,2.22,2.26,2.30,2.19,2.28,2.28,2.31,2.43,2.66,2.87,2.64,2.31,2.19,2.35,3.06,4.02,4.56,4.62,4.68,4.63,4.56,4.55,4.65,4.49,4.48,4.51,4.36,4.49,4.20,3.96,3.92,3.29,3.91,4.00,5.28,5.09,5.26,5.03,4.91,4.88,4.41,4.47,4.68,4.70,4.64,4.62,4.37,4.25,4.24,4.13,3.93,3.56,3.29,2.96,2.24,1.53,1.29,1.09,1.00,1.17,1.33,1.39,1.19,1.12,1.03,1.18,1.55,1.58,1.33,1.35,1.41,1.17,1.08,1.40,1.41,1.18,1.15,1.24,1.50,1.34,1.42,1.36,1.13,1.14,1.15,1.25,1.27,1.22,1.30,1.33,1.36,1.42,1.31,1.12,1.38,1.50,1.53,1.55,1.55,1.39,1.42,1.35,1.58,1.77,1.60,1.40,1.61,1.73
2.59,2.55,2.51,2.39,2.60,2.42,2.45,2.43,2.24,2.28,2.11,1.96,1.86,1.82,1.79,1.85,1.89,2.09,2.05,2.09,2.06,1.95,1.95,1.78,1.82,1.90,1.68,1.33,1.22,1.30,1.35,1.28,1.09,1.30,1.40,1.52,1.66,1.72,1.85,2.01,2.12,2.12,2.20,2.25,2.05,2.08,2.17,2.13,2.00,1.91,2.18,2.20,2.03,2.06,2.18,2.16,2.28,2.20,2.25,2.45,2.74,2.84,2.74,2.74,2.88,3.22,3.86,4.48,4.83,4.75,4.68,4.61,4.50,4.48,4.55,4.50,4.37,4.54,4.37,4.45,4.17,3.92,3.99,3.30,3.93,3.81,5.14,4.98,5.02,4.94,4.78,4.69,4.28,4.50,4.57,4.64,4.67,4.49,4.26,4.19,4.24,4.07,3.92,3.71,3.52,3.30,2.68,2.03,1.74,1.28,1.17,1.35,1.39,1.13,1.30,1.17,1.22,1.13,1.25,1.28,1.09,1.25,1.24,0.97,1.11,1.29,1.18,1.31,1.29,1.40,1.51,1.45,1.52,1.39,1.13,1.12,1.12,1.28,1.28,1.11,1.19,1.36,1.49,1.42,1.13,1.24,1.56,1.56,1.66,1.77,1.73,1.64,1.73,1.74,1.63,1.58,1.57,1.45,1.62,1.88
2.71,2.72,2.60,2.64,2.72,2.62,2.47,2.34,2.30,2.36,2.13,1.91,1.84,1.74,1.63,1.86,1.86,2.00,2.20,2.23,2.09,2.00,2.00,1.84,1.84,1.86,1.77,1.46,1.25,1.22,1.28,1.31,1.14,1.35,1.41,1.51,1.62,1.88,2.01,2.02,2.08,2.06,2.11,2.28,2.16,2.02,2.18,2.08,2.02,1.96,2.18,2.18,2.05,2.02,2.02,2.08,2.18,2.18,2.28,2.60,2.83,2.78,2.81,3.06,3.30,3.81,4.50,4.81,4.80,4.69,4.67,4.49,4.26,4.42,4.52,4.45,4.25,4.38,4.32,4.32,4.19,3.88,3.87,3.48,3.88,3.79,4.78,4.62,4.68,4.74,4.49,4.51,4.24,4.58,4.62,4.62,4.62,4.47,4.36,4.32,4.29,4.15,4.07,3.98,3.85,3.57,3.01,2.66,2.45,1.74,1.36,1.25,1.22,1.20,1.15,1.06,1.17,1.31,1.20,1.12,1.02,1.20,1.27,1.19,1.29,1.44,1.31,1.58,1.41,1.62,1.52,1.55,1.68,1.57,1.35,1.27,1.25,1.50,1.41,1.31,1.39,1.46,1.50,1.45,1.25,1.33,1.45,1.51,1.75,1.82,1.61,1.77,1.86,1.74,1.84,1.85,1.75,1.97,2.18,2.06
2.84,3.01,2.74,2.55,2.59,2.31,2.26,2.39,2.33,2.51,2.18,2.20,2.06,1.83,1.72,1.67,1.68,1.94,2.05,2.09,2.08,2.00,1.95,1.86,1.83,1.74,1.63,1.33,1.15,1.13,1.19,1.34,0.98,0.92,1.27,1.09,1.50,1.82,2.09,2.09,2.13,2.25,2.26,2.24,2.22,2.12,2.19,2.19,2.02,2.01,2.11,2.05,2.34,2.20,2.01,2.05,2.22,2.24,2.30,2.58,2.92,3.00,2.98,3.22,3.80,4.41,4.72,4.81,4.71,4.64,4.67,4.50,4.28,4.45,4.55,4.38,4.24,4.37,4.36,4.38,4.24,3.90,3.74,3.49,4.03,3.87,4.58,4.15,4.29,4.49,4.34,4.34,4.23,4.51,4.71,4.70,4.56,4.48,4.47,4.48,4.32,4.26,4.19,4.06,3.92,3.67,3.31,3.11,2.96,2.39,1.80,1.60,1.44,1.23,1.27,1.08,1.23,1.41,1.38,1.34,1.38,1.53,1.42,1.30,1.49,1.58,1.58,1.96,1.90,1.78,1.86,2.03,2.08,1.99,1.80,1.67,1.73,1.90,1.83,1.75,1.77,1.63,1.56,1.53,1.42,1.38,1.22,1.36,1.68,1.82,1.71,1.64,1.66,1.84,2.08,2.03,1.79,1.79,2.24,2.09
2.87,2.92,2.55,2.65,2.60,2.47,2.55,2.78,2.69,2.40,2.34,2.18,2.06,2.02,2.03,2.13,1.69,1.77,1.82,1.91,1.94,1.84,1.96,1.84,1.69,1.60,1.50,1.39,1.31,1.23,1.22,1.35,1.03,0.84,1.12,1.09,1.23,1.56,2.02,2.14,2.18,2.39,2.43,2.26,2.19,2.29,2.23,2.31,2.02,1.96,2.12,2.07,2.41,2.33,2.24,2.18,2.35,2.39,2.33,2.53,2.96,3.05,3.10,3.63,4.22,4.56,4.64,4.74,4.69,4.68,4.56,4.49,4.36,4.44,4.49,4.34,4.54,4.43,4.45,4.49,4.35,4.35,4.17,3.88,4.15,3.98,4.43,3.97,4.15,4.35,4.35,4.23,4.28,4.45,4.65,4.67,4.65,4.49,4.55,4.52,4.39,4.35,4.29,4.18,3.97,3.66,3.43,3.29,3.13,2.75,2.30,1.95,1.69,1.42,1.35,1.35,1.35,1.39,1.45,1.55,1.57,1.63,1.67,1.79,2.02,2.14,2.18,2.43,2.51,2.48,2.63,2.51,2.45,2.54,2.46,2.31,2.45,2.46,2.47,2.29,1.94,1.74,1.63,1.55,1.40,1.33,1.19,1.38,1.64,1.73,1.66,1.66,1.71,1.82,1.84,1.80,1.77,1.71,1.77,1.84
2.69,2.59,2.43,2.77,2.53,2.48,2.51,2.45,2.33,2.33,2.18,2.11,2.03,2.00,1.97,1.68,1.69,1.68,1.62,1.67,1.74,1.69,1.85,1.88,1.64,1.41,1.38,1.36,1.36,1.30,1.19,1.28,1.00,1.12,1.29,1.11,0.86,1.34,1.92,2.12,2.14,2.24,2.31,2.22,2.14,2.24,2.26,2.28,2.14,1.94,2.08,2.19,2.30,2.31,2.41,2.25,2.45,2.57,2.52,2.57,2.86,3.12,3.61,4.23,4.47,4.61,4.62,4.82,4.78,4.67,4.43,4.43,4.47,4.57,4.47,4.57,4.77,4.51,4.54,4.52,4.50,4.64,4.61,4.42,4.28,4.15,4.31,4.24,4.50,4.54,4.45,4.47,4.63,4.70,4.70,4.68,4.78,4.56,4.65,4.54,4.45,4.38,4.28,4.31,4.12,3.96,3.90,3.71,3.48,3.01,2.66,2.28,1.73,1.31,1.34,1.40,1.33,1.58,1.79,1.66,1.71,1.68,1.68,1.95,2.42,2.82,3.20,3.29,3.06,3.01,3.36,3.08,3.16,3.19,3.08,3.01,2.95,2.95,2.94,2.41,2.05,1.80,1.67,1.52,1.40,1.45,1.36,1.60,1.67,1.72,1.78,1.71,1.69,1.72,1.86,1.92,1.86,1.82,1.73,2.08
2.53,2.48,2.63,2.41,2.49,2.52,2.52,2.52,2.31,2.39,2.41,2.42,2.23,2.03,2.12,1.74,1.77,1.64,1.51,1.53,1.72,1.69,1.75,1.88,1.71,1.36,1.36,1.42,1.39,1.28,1.15,1.17,0.86,1.15,1.41,0.90,0.96,1.64,2.12,2.24,2.18,2.13,2.19,2.13,2.08,2.26,2.30,2.40,2.34,2.00,2.07,2.09,2.28,2.24,2.23,2.23,2.40,2.60,2.68,2.66,2.88,3.41,4.12,4.52,4.57,4.75,4.58,4.64,4.59,4.45,4.29,4.30,4.52,4.69,4.57,4.70,4.68,4.70,4.59,4.51,4.71,4.71,5.08,5.04,4.89,4.68,4.83,4.78,4.82,4.90,4.81,4.83,4.94,4.88,4.84,4.77,4.87,4.69,4.74,4.68,4.57,4.50,4.38,4.44,4.38,4.32,4.29,4.06,3.78,3.23,2.93,2.47,1.73,1.35,1.41,1.34,1.33,1.56,1.75,1.83,1.78,2.09,2.22,2.40,2.81,2.99,3.41,3.59,3.54,3.67,3.59,3.30,3.47,3.52,3.41,3.28,3.10,3.04,2.88,2.48,2.28,2.03,1.80,1.63,1.51,1.57,1.45,1.73,1.72,1.77,1.85,1.69,1.62,1.78,1.82,1.86,1.89,1.77,1.80,2.07
2.47,2.74,2.65,2.64,2.57,2.46,2.39,2.37,2.39,2.52,2.51,2.52,2.34,2.14,2.33,1.99,1.91,1.79,1.66,1.62,1.71,1.69,1.67,1.74,1.47,1.38,1.42,1.47,1.39,1.23,1.17,1.07,0.96,1.11,1.31,1.04,1.47,2.08,2.36,2.31,2.24,2.20,2.20,2.25,2.23,2.39,2.35,2.47,2.31,2.19,2.03,2.13,2.55,2.41,2.29,2.33,2.49,2.63,2.81,2.89,3.23,3.92,4.37,4.56,4.68,4.84,4.81,4.85,4.70,4.49,4.56,4.47,4.61,4.90,4.83,4.91,4.71,4.82,4.70,4.94,4.98,4.99,5.32,5.15,5.18,5.04,4.92,4.80,4.96,5.12,5.03,5.07,5.14,4.94,4.97,4.88,4.90,4.83,4.87,4.72,4.70,4.64,4.58,4.57,4.56,4.49,4.35,4.22,4.05,3.55,2.86,2.30,1.73,1.46,1.42,1.45,1.45,1.52,1.66,1.88,1.85,2.08,2.24,2.45,2.80,3.13,3.65,3.94,3.72,3.73,3.73,3.50,3.36,3.35,3.28,3.19,3.14,2.93,2.80,2.47,2.19,1.90,1.86,1.80,1.57,1.45,1.47,1.72,1.78,1.77,1.73,1.63,1.60,1.80,1.71,1.73,1.79,1.71,1.80,2.07
2.43,2.40,2.42,2.40,2.45,2.49,2.47,2.40,2.45,2.46,2.60,2.53,2.35,2.18,2.12,2.06,2.02,1.97,1.79,1.62,1.63,1.55,1.50,1.51,1.25,1.33,1.39,1.33,1.27,1.24,1.25,0.91,0.95,1.17,1.30,1.23,1.73,2.08,2.20,2.25,2.16,2.08,2.18,2.29,2.36,2.31,2.24,2.63,2.23,2.40,2.18,2.11,2.35,2.23,2.11,2.29,2.48,2.63,2.84,2.93,3.46,4.38,4.59,4.57,4.90,5.11,5.11,5.05,4.89,4.83,4.75,4.75,4.74,5.03,4.83,4.91,4.90,5.10,4.95,5.25,5.04,5.04,5.10,5.08,5.11,5.14,4.96,4.87,4.98,5.07,4.98,4.90,4.88,4.67,4.91,4.83,4.80,4.68,4.80,4.62,4.62,4.59,4.58,4.59,4.55,4.51,4.30,4.15,4.17,3.71,2.84,2.20,1.69,1.45,1.40,1.40,1.49,1.56,1.69,1.88,1.99,2.13,2.25,2.42,2.69,3.04,3.52,3.60,3.61,3.50,3.26,3.07,3.32,3.36,3.19,3.11,3.06,2.74,2.76,2.07,1.96,1.86,1.79,1.69,1.57,1.47,1.53,1.74,1.75,1.73,1.69,1.56,1.66,1.78,1.68,1.71,1.74,1.62,1.69,1.92
2.62,2.59,2.62,2.42,2.53,2.54,2.51,2.62,2.66,2.62,2.60,2.49,2.35,2.23,2.18,2.06,2.05,2.08,1.91,1.72,1.75,1.42,1.38,1.31,1.28,1.34,1.28,1.18,1.18,1.24,1.36,0.93,0.92,1.04,1.45,1.30,1.84,2.05,2.02,2.07,2.05,1.96,2.07,2.12,2.25,2.33,2.48,2.53,2.17,2.39,2.11,2.11,2.29,2.24,2.12,2.22,2.35,2.47,2.63,2.83,3.37,4.19,4.72,4.85,4.96,5.04,5.07,5.10,4.82,4.96,4.87,4.72,4.78,4.77,4.94,4.98,4.90,4.95,5.07,5.14,5.09,4.92,5.15,4.99,5.18,5.02,5.16,5.03,5.12,4.96,4.71,4.89,4.71,4.64,4.77,4.71,4.70,4.50,4.59,4.59,4.61,4.62,4.56,4.57,4.45,4.34,4.13,3.92,3.99,3.73,2.92,2.26,1.60,1.40,1.46,1.27,1.33,1.49,1.66,1.86,1.97,2.08,2.22,2.39,2.58,2.92,3.30,3.40,3.60,3.52,3.28,3.18,3.12,3.13,3.16,3.12,3.00,2.65,2.19,1.88,1.91,1.75,1.63,1.58,1.51,1.35,1.77,1.88,1.71,1.72,1.71,1.49,1.67,1.75,1.69,1.68,1.63,1.53,1.45,1.85
2.63,2.63,2.65,2.48,2.58,2.69,2.72,2.82,2.83,2.88,2.66,2.47,2.37,2.30,2.33,2.18,2.20,2.22,2.05,1.88,1.86,1.60,1.45,1.31,1.22,1.27,1.20,1.13,1.14,1.18,1.30,1.12,1.12,0.85,1.35,1.28,1.69,1.82,1.84,1.85,1.67,1.68,1.90,2.17,2.22,2.22,2.42,2.37,2.26,2.33,2.16,2.19,2.18,2.20,2.05,1.97,1.90,1.97,2.28,2.74,3.52,4.38,4.69,4.78,4.98,4.97,5.08,5.02,4.70,5.04,4.80,4.91,4.48,4.65,4.90,5.09,5.03,5.05,5.12,5.05,4.98,4.99,5.05,4.97,5.04,4.87,4.91,4.88,5.18,4.77,4.69,4.69,4.67,4.55,4.68,4.64,4.50,4.37,4.36,4.51,4.49,4.54,4.47,4.45,4.36,4.18,3.92,3.77,3.91,3.74,3.04,2.26,1.68,1.34,1.27,1.20,1.14,1.29,1.52,1.78,1.80,1.89,2.09,2.24,2.28,2.43,2.86,3.12,3.24,3.29,2.94,2.89,2.69,2.70,2.70,2.63,2.51,2.28,2.02,1.85,1.75,1.66,1.63,1.58,1.56,1.67,1.94,1.99,1.83,1.69,1.61,1.56,1.55,1.58,1.60,1.53,1.51,1.51,1.44,1.92
2.58,2.62,2.63,2.55,2.72,2.80,2.72,2.82,2.92,3.14,2.92,2.62,2.49,2.45,2.23,2.24,2.37,2.29,2.07,1.89,1.77,1.83,1.52,1.39,1.12,1.07,1.15,1.22,1.15,1.18,1.25,1.23,0.93,0.74,0.96,0.90,0.92,1.12,1.47,1.61,1.44,1.41,1.67,2.08,2.13,2.09,2.28,2.24,2.20,2.14,1.95,1.95,1.99,2.03,1.94,1.90,1.94,1.92,2.07,2.65,3.55,4.42,4.69,4.64,4.83,4.70,4.75,4.74,4.70,4.61,4.61,4.59,4.56,4.77,4.85,5.03,5.08,4.90,4.85,4.91,4.83,4.78,4.94,4.84,4.89,4.88,4.98,4.94,4.94,4.83,4.52,4.52,4.50,4.29,4.39,4.59,4.43,4.24,4.23,4.29,4.30,4.48,4.35,4.23,4.20,4.11,3.88,3.81,3.87,3.59,3.07,2.31,1.79,1.24,1.23,1.18,1.27,1.39,1.58,1.74,1.74,1.85,1.91,2.02,2.06,2.03,2.26,2.45,2.72,2.98,2.66,2.63,2.68,2.72,2.69,2.46,2.18,2.09,1.72,1.84,1.73,1.75,1.67,1.68,1.80,1.78,1.84,1.96,2.00,1.75,1.57,1.63,1.64,1.50,1.44,1.45,1.47,1.52,1.69,1.85
2.59,2.60,2.69,2.72,2.84,2.78,2.62,2.88,2.94,3.16,3.02,2.80,2.70,2.68,2.40,2.26,2.29,2.18,2.03,1.94,1.82,1.79,1.62,1.41,1.23,1.23,1.27,1.27,1.29,1.30,1.27,1.14,0.91,0.86,0.90,0.72,0.67,0.77,0.95,1.15,1.39,1.62,1.91,2.08,2.26,2.13,2.12,2.08,2.01,1.94,1.82,1.66,1.85,1.95,2.13,2.22,2.16,2.16,2.18,2.47,3.34,4.11,4.39,4.57,4.63,4.64,4.75,4.76,4.68,4.62,4.41,4.54,4.64,4.82,4.89,4.94,5.19,4.94,4.87,4.45,4.61,4.52,4.89,4.95,4.94,4.85,4.80,4.71,4.77,4.95,4.51,4.41,4.26,4.05,4.17,4.31,4.22,4.09,4.18,4.28,4.30,4.51,4.36,4.15,4.09,4.05,3.92,3.86,3.81,3.43,2.89,2.43,1.78,1.29,1.31,1.08,1.31,1.60,1.58,1.55,1.61,1.80,1.79,1.90,2.14,2.24,2.23,2.25,2.34,2.54,2.24,2.30,2.23,2.19,2.16,2.01,1.90,1.96,1.83,1.75,1.67,1.55,1.72,1.86,1.83,1.77,1.97,1.92,1.91,1.82,1.78,1.77,1.83,1.62,1.51,1.42,1.50,1.64,1.73,1.88
2.57,2.53,2.69,2.78,2.80,2.72,2.71,3.05,2.88,2.90,2.83,2.80,2.86,2.88,2.69,2.48,2.31,2.20,2.08,1.96,1.92,2.11,1.95,1.58,1.29,1.34,1.33,1.18,1.23,1.40,1.27,0.98,1.11,1.02,0.82,0.65,0.53,0.44,0.60,0.90,1.13,1.50,1.88,2.18,2.46,2.14,2.17,2.06,2.06,1.92,1.97,1.85,2.05,2.26,2.37,2.40,2.29,2.16,2.07,2.24,2.75,3.53,4.04,4.20,4.50,4.59,4.84,4.84,4.78,4.65,4.67,4.56,4.59,4.63,4.63,4.75,4.83,4.84,4.91,4.78,4.36,4.13,4.61,4.82,4.80,4.87,4.68,4.48,4.77,4.68,4.29,3.84,4.09,3.90,3.87,4.06,3.83,4.25,4.28,4.34,4.25,4.32,4.25,4.16,4.19,4.10,3.84,3.72,3.73,3.41,2.88,2.47,1.79,1.41,1.33,1.18,1.44,1.72,1.79,1.74,1.73,1.79,1.84,1.77,1.77,1.94,1.99,1.91,2.05,2.13,2.09,2.07,1.97,1.99,2.02,1.91,1.72,1.69,1.69,1.75,1.83,1.68,1.82,1.86,1.84,1.89,1.95,2.12,2.05,2.07,1.95,1.72,1.88,1.86,1.68,1.68,1.79,1.88,1.92,2.29
2.55,2.58,2.74,2.77,2.76,2.76,2.80,2.99,2.86,2.90,2.90,2.90,2.98,2.98,2.72,2.52,2.39,2.28,2.18,2.13,2.11,2.13,2.01,1.89,1.60,1.49,1.56,1.45,1.18,1.34,1.07,1.01,0.98,0.93,1.03,0.63,0.38,0.18,0.14,0.37,0.54,0.88,1.15,1.45,1.71,1.94,2.22,2.17,2.22,2.16,2.41,1.96,1.68,2.00,2.35,2.60,2.62,2.30,2.14,2.16,2.03,2.41,3.23,3.79,4.11,4.67,4.88,4.65,4.59,4.58,4.38,4.49,4.58,4.64,4.55,4.65,4.80,4.75,4.74,4.55,4.45,3.80,4.59,4.92,5.03,4.56,4.61,4.67,4.56,4.51,4.28,3.84,4.32,4.12,4.59,4.78,4.89,5.46,5.36,5.23,4.70,4.45,4.31,4.15,4.11,4.03,3.90,3.81,3.62,3.29,2.92,2.54,2.24,1.78,1.82,1.88,2.02,2.19,2.45,2.52,2.43,2.35,2.29,2.11,2.01,2.06,2.03,2.02,2.23,2.17,2.09,2.14,1.97,1.86,1.91,1.84,1.74,1.95,1.79,1.75,1.89,1.97,2.00,1.96,1.90,2.01,2.19,2.13,2.18,2.24,2.23,2.14,1.95,1.86,1.66,1.60,1.72,1.90,2.01,2.36
2.66,2.72,3.11,2.95,2.88,2.88,2.82,2.90,2.99,2.90,2.93,2.92,2.78,2.86,2.88,2.57,2.51,2.42,2.36,2.35,2.19,2.26,1.82,1.75,1.64,1.53,1.51,1.30,0.92,0.96,1.09,0.91,0.95,0.91,1.00,0.64,0.35,0.22,0.19,0.28,0.33,0.58,0.91,1.03,0.90,1.35,1.63,2.02,2.01,1.88,2.25,2.49,2.37,2.62,2.75,2.68,2.68,2.60,2.52,2.42,2.19,2.11,2.51,2.84,3.29,4.06,4.58,4.62,4.44,4.51,4.50,4.44,4.38,4.47,4.29,4.75,4.74,4.68,4.67,4.52,4.41,4.35,4.47,5.04,4.83,4.76,4.63,4.48,4.45,4.55,4.11,4.12,4.25,4.19,5.47,5.99,6.15,6.23,6.24,6.32,5.31,4.49,4.31,4.26,4.11,3.99,3.96,3.86,3.73,3.35,2.88,2.88,2.94,2.60,2.71,2.71,2.88,2.90,3.17,3.17,3.19,3.22,3.06,2.89,2.86,2.80,2.62,2.55,2.52,2.45,2.25,2.30,2.18,2.00,1.97,1.94,1.94,2.09,1.95,1.91,1.96,1.95,1.97,1.96,1.97,2.14,2.54,2.55,2.66,2.75,2.70,2.45,1.96,2.07,1.83,1.75,1.74,1.84,2.19,2.34
2.72,2.86,3.19,2.99,2.92,3.00,2.95,2.92,2.93,2.95,2.87,2.74,2.77,3.02,2.90,2.86,2.72,2.51,2.31,2.22,2.14,2.20,2.05,1.89,1.75,1.73,1.61,1.35,1.29,1.23,1.15,0.93,0.75,0.61,0.86,0.70,0.38,0.18,0.04,0.07,0.28,0.37,0.46,0.56,0.48,0.41,0.95,1.39,1.74,1.79,2.34,2.49,2.76,2.83,3.04,3.11,3.04,3.08,3.01,2.66,2.26,2.11,1.79,1.79,2.24,2.66,3.46,4.31,4.28,4.61,4.50,4.61,4.54,4.59,4.68,4.52,4.65,4.72,4.64,4.56,4.35,4.80,4.44,4.85,4.68,4.69,4.89,4.50,4.61,4.58,4.24,4.03,3.93,4.03,5.50,6.08,6.40,6.33,6.55,6.39,5.22,4.49,4.32,4.23,4.15,4.06,3.91,3.84,3.83,3.47,3.07,3.47,3.38,3.34,3.38,3.31,3.53,3.43,3.68,3.57,3.61,3.68,3.63,3.41,3.29,3.26,2.99,2.92,2.77,2.60,2.45,2.24,2.18,2.17,2.18,2.19,2.17,2.20,2.06,1.92,1.97,2.00,1.85,1.88,2.11,2.30,2.49,2.68,2.74,2.84,2.90,2.82,2.43,2.20,1.96,2.00,1.84,1.75,2.39,2.36
3.02,2.99,3.16,3.12,3.08,3.05,2.90,2.89,2.95,2.87,2.92,3.01,3.02,2.99,2.98,2.71,2.84,2.90,2.66,2.33,2.22,2.33,2.14,1.78,1.71,1.53,1.46,1.40,1.11,1.19,0.86,1.30,0.96,1.01,1.00,0.63,0.45,0.28,-0.02,-0.07,0.10,0.29,0.28,0.27,0.25,0.24,0.46,0.59,0.71,1.02,1.92,2.39,2.95,3.08,3.08,3.19,3.42,3.55,3.52,3.48,3.25,2.89,2.13,1.71,1.68,1.92,2.55,3.29,3.90,4.42,4.45,4.57,4.44,4.39,4.57,4.63,4.83,4.80,4.50,4.70,4.00,4.50,4.48,4.98,4.91,5.03,4.75,4.69,4.69,4.68,4.47,3.84,4.03,4.38,5.35,6.18,6.29,6.03,6.00,5.82,4.92,4.47,4.36,4.24,4.13,4.03,4.00,3.94,3.69,3.28,3.12,3.55,3.65,3.57,3.75,3.66,3.78,3.72,3.78,3.83,3.85,3.77,3.75,3.54,3.42,3.34,2.99,3.01,3.01,2.81,2.70,2.33,2.20,2.14,2.16,2.14,2.12,2.22,2.08,1.99,2.05,2.02,2.08,2.12,2.24,2.51,2.75,2.93,2.83,2.77,2.78,2.78,2.60,2.29,2.30,2.24,1.97,1.82,2.23,2.14
2.78,2.96,3.34,3.17,3.10,3.12,3.01,2.95,2.80,2.81,2.84,2.84,2.82,2.92,2.90,2.92,3.05,3.10,2.89,2.55,2.26,2.31,2.02,1.95,1.77,1.74,1.68,1.42,1.27,1.19,0.66,0.65,0.69,0.49,0.54,0.54,0.33,0.10,-0.02,-0.09,-0.12,0.01,0.20,0.06,0.30,0.18,0.17,0.38,0.20,0.39,1.03,1.56,2.26,2.77,3.05,3.12,3.23,3.52,3.63,3.53,3.43,3.42,2.95,2.20,1.71,1.68,1.99,2.03,2.39,3.28,3.94,4.18,4.36,4.50,4.68,4.78,4.83,4.72,4.69,4.67,4.22,4.64,4.50,5.09,5.05,4.91,4.92,4.88,5.01,4.72,4.42,3.83,4.29,4.12,5.09,5.89,6.00,5.77,5.73,5.85,4.92,4.42,4.29,4.22,4.15,4.05,4.03,3.87,3.57,3.34,3.32,3.38,3.41,3.44,3.73,3.79,3.97,3.92,3.80,3.93,3.94,3.85,3.80,3.67,3.50,3.34,3.11,3.23,3.12,2.80,2.82,2.29,2.20,2.11,2.12,2.17,2.19,2.31,2.16,2.14,2.23,2.16,2.34,2.42,2.43,2.66,3.05,3.08,2.94,2.86,2.82,2.77,2.72,2.59,2.47,2.35,2.06,1.80,2.00,2.00
3.11,3.10,3.23,3.20,3.20,3.19,3.08,2.98,2.90,3.04,3.08,3.01,2.95,2.92,3.14,2.98,2.89,2.93,3.00,2.94,2.53,2.43,2.07,1.92,1.89,1.82,1.78,1.63,1.25,1.23,1.25,1.03,0.69,0.69,0.75,0.64,0.28,0.03,0.04,-0.01,-0.23,-0.03,0.28,0.13,0.30,0.07,0.54,0.29,0.33,0.45,0.77,0.91,1.29,1.69,2.51,3.17,3.43,3.57,3.61,3.69,3.56,3.49,3.34,2.69,2.11,1.85,1.72,1.64,2.12,2.17,2.71,3.04,3.62,4.25,4.30,4.67,4.57,4.74,4.71,4.35,4.37,4.50,4.59,5.10,4.97,5.19,5.03,5.02,4.90,4.78,4.54,3.99,4.39,4.32,4.83,5.33,5.42,5.46,5.50,5.59,4.99,4.50,4.32,4.13,4.17,4.07,3.94,3.91,3.71,3.49,3.36,3.60,3.59,3.66,3.83,3.85,3.94,4.10,3.87,3.97,4.02,4.03,4.00,3.84,3.60,3.43,3.37,3.38,3.17,2.49,2.70,2.20,2.07,2.07,2.18,2.23,2.29,2.42,2.20,2.25,2.48,2.37,2.54,2.58,2.54,2.86,3.12,2.89,2.84,2.86,2.80,2.71,2.78,2.75,2.46,2.25,2.05,1.88,1.88,1.90
3.16,3.20,3.13,3.11,3.16,3.13,2.93,2.92,2.95,2.83,2.83,2.90,2.87,2.98,2.82,2.75,2.90,2.95,2.88,2.95,2.69,2.66,2.34,2.18,1.90,1.86,1.90,1.67,1.38,1.30,1.06,1.00,0.96,0.60,0.51,0.60,0.55,0.28,0.09,0.04,-0.17,-0.11,0.08,-0.03,0.06,0.06,0.12,0.03,0.14,0.20,0.45,0.58,0.80,1.11,1.77,2.80,3.47,3.61,3.53,3.53,3.61,3.43,3.32,2.94,2.51,2.05,1.74,1.73,1.84,2.23,2.20,2.24,2.72,3.48,4.11,4.56,4.71,4.84,4.76,4.78,4.38,4.39,4.82,5.39,5.16,5.09,5.22,4.97,5.02,4.81,4.47,4.29,4.50,4.15,4.19,4.45,4.57,5.21,5.57,5.92,5.28,4.52,4.39,4.35,4.24,4.04,3.91,3.93,3.88,3.56,3.36,3.47,3.50,3.65,3.88,3.91,3.80,3.99,3.91,4.06,4.06,4.02,4.10,4.03,3.78,3.55,3.37,3.31,3.41,2.65,2.80,2.42,2.02,2.11,2.23,2.13,2.16,2.41,2.14,2.24,2.52,2.49,2.63,2.65,2.70,2.98,3.00,2.83,2.77,2.70,2.66,2.68,2.71,2.51,2.24,2.14,2.13,2.06,1.90,1.96
3.26,3.28,3.11,3.07,3.12,3.11,3.00,2.94,2.96,2.98,2.92,2.87,2.98,3.05,2.76,2.92,2.96,2.93,2.93,2.96,2.81,2.76,2.64,2.28,1.99,2.00,2.06,1.89,1.71,1.61,1.34,1.23,1.14,0.93,0.70,0.61,0.54,0.34,0.13,0.02,-0.13,-0.11,0.15,0.17,0.12,-0.04,0.14,0.19,0.19,0.19,0.38,0.50,0.80,1.01,0.97,1.64,2.83,3.44,3.44,3.50,3.74,3.81,3.71,3.26,3.00,2.75,2.26,1.82,1.95,2.18,2.23,2.22,2.58,2.71,3.28,3.72,4.52,4.67,4.43,4.69,4.29,4.71,4.76,5.17,5.19,5.30,5.04,5.17,5.16,4.97,4.65,4.28,4.18,3.65,3.61,3.67,3.65,4.70,5.36,5.63,4.97,4.55,4.49,4.36,4.32,4.41,4.16,3.88,3.91,3.62,3.55,3.65,3.57,3.84,3.96,4.05,3.75,3.88,4.05,4.06,4.11,4.11,4.11,4.12,3.91,3.59,3.40,3.24,3.46,3.25,3.02,2.58,2.06,2.19,2.35,2.19,2.12,2.31,2.12,2.35,2.51,2.49,2.48,2.54,2.69,2.84,2.71,2.70,2.64,2.62,2.57,2.52,2.47,2.24,2.07,2.02,2.05,2.03,1.97,2.08
3.32,3.19,3.25,3.16,3.13,3.19,3.06,3.01,2.89,2.89,2.89,2.87,2.92,2.90,2.90,2.89,2.94,2.99,2.98,3.00,3.04,2.77,2.68,2.57,2.37,2.09,1.99,2.05,1.92,1.66,1.44,1.30,1.14,1.03,0.84,0.77,0.66,0.51,0.49,0.38,0.07,0.01,-0.03,-0.19,0.03,-0.21,0.10,0.20,0.07,0.04,0.24,0.40,0.66,0.76,0.58,0.66,1.58,2.80,3.35,3.52,3.65,3.66,3.63,3.60,3.36,3.25,2.70,2.33,1.91,2.20,2.05,1.99,2.36,2.70,2.47,3.12,3.59,4.49,4.71,4.58,3.93,4.80,4.54,5.21,5.09,5.17,5.16,5.25,5.49,5.18,4.84,4.55,3.96,3.18,3.30,3.28,3.30,3.60,3.92,4.29,4.32,4.34,4.37,4.29,4.35,4.36,4.19,4.07,3.97,3.62,3.29,3.60,3.53,3.67,3.86,3.91,3.79,3.93,4.12,4.09,4.15,4.04,4.04,3.99,3.80,3.63,3.44,3.11,3.12,3.37,2.92,2.71,2.09,2.14,2.29,2.25,2.18,2.23,2.18,2.54,2.60,2.42,2.33,2.34,2.45,2.68,2.58,2.48,2.52,2.57,2.45,2.23,2.17,2.14,2.05,2.03,1.95,1.90,1.97,2.07
3.29,3.36,3.26,3.20,3.23,3.23,3.22,3.11,3.07,2.98,2.95,2.96,2.96,3.07,2.95,2.93,3.10,3.11,2.96,2.96,3.08,2.90,2.88,2.92,2.81,2.42,2.08,2.09,1.96,1.99,1.80,1.58,1.34,1.31,1.12,0.95,0.80,0.70,0.67,0.48,0.07,-0.01,-0.08,0.01,-0.07,-0.23,-0.11,-0.07,0.08,0.18,0.29,0.17,0.35,0.54,0.49,0.53,0.97,1.72,2.47,3.28,3.63,3.62,3.74,3.63,3.57,3.37,3.11,2.62,2.07,2.03,2.08,2.30,2.20,2.57,2.76,2.98,2.89,3.41,4.23,4.59,3.94,4.67,4.48,5.03,5.35,5.04,5.28,4.95,5.23,5.21,4.24,3.68,3.48,3.12,3.18,3.49,3.35,3.32,3.35,3.32,3.50,4.00,4.29,4.18,4.18,4.32,4.17,3.94,3.90,3.53,3.28,3.46,3.29,3.54,3.48,3.60,3.57,3.68,3.75,3.68,3.75,3.67,3.68,3.79,3.83,3.63,3.14,2.83,2.78,2.76,2.51,2.40,2.01,2.05,2.17,2.14,2.13,2.28,2.24,2.30,2.39,2.24,2.23,2.19,2.28,2.53,2.54,2.40,2.42,2.40,2.20,1.96,1.97,2.03,1.97,2.05,2.03,1.97,2.01,1.97
3.20,3.42,3.28,3.19,3.11,3.08,3.25,3.05,3.17,3.10,3.01,2.98,2.90,2.96,2.84,2.94,2.95,2.96,2.99,2.84,2.84,2.95,3.01,3.05,2.92,2.57,2.24,2.11,2.00,1.96,1.94,1.61,1.62,1.63,1.24,0.90,0.70,0.55,0.39,0.27,0.09,-0.08,-0.13,-0.11,-0.17,-0.36,-0.24,-0.18,-0.18,-0.02,0.09,0.12,0.17,0.18,0.27,0.50,0.77,1.06,1.49,2.28,3.12,3.56,3.63,3.53,3.41,3.18,3.10,2.88,2.78,2.22,1.86,2.22,2.43,2.46,2.42,2.30,2.49,2.39,3.06,4.36,4.18,4.62,4.63,4.95,4.91,4.77,5.10,5.04,4.62,4.28,3.49,3.24,3.54,3.19,3.19,3.24,3.28,3.13,3.18,3.10,3.05,3.24,3.44,3.43,3.30,3.19,3.10,3.02,3.04,3.12,3.14,3.26,3.25,3.18,3.07,3.02,2.82,2.98,2.80,2.81,3.06,3.12,3.56,3.55,3.19,3.05,2.70,2.60,2.47,2.28,2.24,2.05,1.99,1.95,2.02,2.12,2.14,2.20,2.17,2.00,2.08,2.01,1.99,1.85,1.84,2.23,2.07,1.95,2.09,2.09,1.97,1.86,1.95,1.94,1.83,1.90,1.99,2.05,2.11,1.96
3.22,3.37,3.26,3.14,3.06,3.04,3.04,2.96,3.08,3.08,3.02,2.99,2.90,3.04,2.94,2.89,2.78,2.81,2.95,2.92,2.86,2.98,3.06,2.94,2.93,2.81,2.52,2.24,2.11,1.94,2.00,1.82,1.84,1.80,1.51,1.20,0.87,0.54,0.38,0.33,0.13,-0.08,-0.17,0.07,-0.21,-0.11,-0.28,-0.37,-0.17,-0.12,-0.09,-0.17,0.08,0.44,0.49,0.44,0.58,0.82,1.11,1.34,1.91,3.01,3.68,3.56,3.38,3.18,3.26,3.02,2.96,2.48,2.33,1.75,1.82,2.31,2.24,2.19,2.45,2.51,2.51,3.60,3.13,3.40,3.83,3.80,3.56,3.69,4.28,3.98,3.73,3.22,3.13,3.17,3.32,2.99,3.00,3.04,2.90,2.93,2.99,2.82,2.84,2.94,3.04,3.23,3.37,3.38,3.22,3.08,3.05,2.75,2.58,2.75,2.84,2.53,2.51,2.70,2.77,2.87,2.57,2.76,2.99,3.02,3.31,3.22,2.76,2.53,2.43,2.53,2.53,2.45,2.26,2.33,2.07,2.06,1.99,1.90,2.02,2.13,2.02,2.03,2.00,1.80,1.82,1.67,1.56,2.00,1.80,2.01,2.07,2.01,2.02,2.06,1.97,1.99,1.94,1.92,1.91,1.84,1.92,2.03
3.24,3.44,3.30,3.18,3.06,3.00,3.07,2.95,2.99,3.02,2.96,2.90,2.88,2.93,2.90,2.78,2.71,2.77,2.92,2.95,2.94,2.95,2.96,2.83,2.86,2.86,2.69,2.52,2.29,2.07,2.01,1.92,1.89,1.83,1.63,1.34,1.01,0.80,0.67,0.51,0.28,0.23,0.30,0.23,0.03,-0.01,-0.34,-0.39,-0.08,-0.32,-0.23,-0.18,0.03,0.12,-0.01,0.08,0.34,0.45,0.46,0.71,1.12,1.78,2.70,3.18,3.32,3.24,3.13,2.93,3.13,3.01,2.53,2.25,1.90,2.22,2.08,2.05,2.23,2.14,2.31,2.45,2.70,3.14,3.31,3.10,2.89,2.93,3.19,2.88,2.58,2.90,2.82,2.66,2.60,2.60,2.92,2.83,2.90,2.84,2.95,3.02,2.99,2.94,3.06,3.01,3.04,3.01,2.89,2.98,3.17,3.50,3.75,3.72,3.67,3.34,3.48,3.29,3.00,2.89,2.84,2.53,2.65,2.66,2.66,2.54,2.28,2.17,2.24,2.40,2.31,2.40,2.60,2.34,2.26,2.14,1.82,1.67,1.84,1.85,1.77,1.96,1.74,1.64,1.78,1.80,1.73,1.79,1.63,1.86,2.03,2.08,2.12,2.07,1.91,1.84,1.83,1.91,1.88,1.77,1.77,1.86
3.14,3.55,3.42,3.20,3.01,2.98,3.25,3.11,3.02,3.06,2.92,2.76,2.87,2.84,2.96,2.82,2.77,2.82,2.90,2.94,2.96,2.98,2.98,2.94,2.86,2.77,2.83,2.81,2.43,2.33,2.29,2.11,2.05,1.92,1.75,1.51,1.36,1.15,0.85,0.71,0.64,0.48,0.50,0.37,0.32,0.25,-0.23,-0.43,-0.26,-0.24,-0.11,-0.11,-0.03,0.02,-0.01,0.02,0.15,0.35,0.38,0.51,0.91,1.15,1.71,2.54,3.14,3.26,3.35,3.29,3.26,3.40,3.10,2.81,2.51,2.13,2.55,2.48,2.11,2.47,1.94,2.71,2.69,2.89,2.78,3.05,3.43,3.13,3.23,2.80,3.01,2.96,3.19,3.24,3.56,3.92,4.10,3.84,3.79,3.84,3.83,3.92,3.91,3.98,3.99,3.91,3.86,3.92,4.02,4.06,4.15,4.16,4.30,4.34,4.18,4.17,4.11,3.92,3.53,3.68,3.38,2.90,2.63,2.71,2.69,2.47,2.33,2.35,2.43,2.42,2.60,2.39,2.52,2.34,1.99,1.94,1.86,1.78,1.78,1.63,1.68,1.85,1.82,1.80,1.69,1.64,1.71,1.85,1.88,1.97,1.89,1.83,1.83,1.88,2.02,1.84,1.72,1.77,1.85,1.85,1.67,1.67
3.18,3.62,3.43,3.24,3.14,3.18,3.20,3.20,3.12,3.11,2.98,2.83,2.94,3.07,3.11,3.00,2.92,2.87,2.86,2.90,2.99,2.99,3.08,3.07,2.92,2.90,3.02,3.01,2.72,2.71,2.63,2.42,2.19,2.02,1.82,1.63,1.46,1.28,1.14,1.02,0.84,0.66,0.60,0.74,0.25,0.17,-0.11,-0.38,-0.18,-0.14,-0.09,-0.16,-0.09,0.03,-0.04,-0.09,0.02,0.18,0.30,0.38,0.67,0.86,1.01,1.33,2.25,3.16,3.46,3.32,3.05,3.24,3.14,3.04,2.78,2.55,2.74,2.66,2.58,2.77,2.70,3.08,3.38,3.56,3.65,3.81,3.79,3.98,3.68,3.61,3.81,3.98,3.84,3.94,4.02,4.11,4.28,4.41,4.25,4.17,4.30,4.38,4.29,4.35,4.32,4.30,4.38,4.41,4.39,4.45,4.58,4.37,4.37,4.70,4.57,4.54,4.57,4.45,3.93,3.78,3.63,3.30,2.76,2.45,2.37,2.29,2.22,2.31,2.42,2.48,2.30,2.24,2.31,2.09,1.97,1.94,1.91,1.80,1.69,1.91,1.83,1.92,1.99,1.90,1.92,1.90,1.83,2.01,1.84,2.02,1.99,2.02,2.02,1.85,1.61,1.92,1.80,1.80,1.85,1.88,2.01,1.63
3.08,3.52,3.55,3.42,3.30,3.25,3.19,2.99,3.05,3.06,3.02,2.94,2.95,3.05,2.93,3.02,2.96,2.87,2.87,2.87,2.99,2.94,3.13,3.02,2.94,3.07,3.18,3.05,2.89,2.81,2.81,2.57,2.35,2.08,1.83,1.71,1.57,1.40,1.38,1.29,0.93,0.67,0.66,0.77,0.45,0.14,-0.14,-0.29,-0.34,-0.32,-0.19,-0.33,-0.26,-0.16,-0.17,-0.07,0.04,0.09,0.10,0.18,0.40,0.45,0.51,0.77,1.30,2.07,2.88,3.14,2.65,3.12,3.08,2.86,2.88,2.59,2.66,2.69,2.76,2.75,2.95,3.18,3.63,3.80,4.00,4.13,4.05,4.04,4.37,4.07,4.07,4.02,4.12,4.34,4.25,4.25,4.45,4.23,4.45,4.38,4.24,4.28,4.31,4.45,4.55,4.41,4.38,4.54,4.64,4.64,4.62,4.74,4.69,4.74,4.72,4.64,4.87,4.48,4.09,4.15,3.86,3.32,2.77,2.43,2.35,2.29,2.05,1.80,1.97,1.99,1.75,2.02,2.03,1.85,1.88,1.86,1.78,1.61,1.50,1.86,2.08,1.92,1.72,1.68,1.74,1.75,1.80,2.19,2.23,2.03,2.08,2.36,2.46,2.17,1.97,1.66,1.66,1.77,1.85,1.88,1.88,1.55
2.99,3.54,3.46,3.44,3.26,3.04,3.19,3.16,3.02,2.98,2.90,2.87,2.90,3.01,2.92,2.94,2.94,2.90,2.89,2.87,3.01,2.95,3.05,3.10,2.95,2.98,3.08,2.98,2.81,2.71,2.90,2.75,2.49,2.16,1.95,1.82,1.72,1.63,1.61,1.58,1.18,0.77,0.63,0.63,0.61,0.39,0.02,-0.21,-0.23,-0.29,-0.23,-0.34,-0.23,-0.17,-0.17,-0.12,-0.11,0.04,0.13,0.15,0.23,0.20,0.34,0.45,0.85,1.18,2.01,2.88,2.89,3.18,3.16,2.80,2.90,2.60,2.66,2.70,2.75,2.93,2.84,3.42,3.88,4.03,3.98,4.02,4.10,4.03,4.24,4.38,4.19,4.19,4.16,4.22,4.17,4.49,4.59,4.67,4.64,4.70,4.84,4.81,4.68,4.62,4.68,4.71,4.75,4.82,4.84,4.85,4.83,4.88,4.89,4.96,5.01,5.09,5.19,4.64,4.25,4.34,4.18,3.36,2.65,2.37,2.40,2.26,1.97,1.91,1.86,1.78,1.89,1.77,2.03,2.08,2.08,1.88,1.79,1.85,1.79,1.68,1.78,1.94,1.62,1.79,1.88,1.75,1.73,2.18,2.22,2.41,2.52,2.60,2.64,2.46,2.05,1.74,1.66,1.62,1.66,1.75,1.82,1.73
3.02,3.34,3.30,3.34,3.19,2.99,3.02,3.18,3.14,2.93,2.86,2.94,2.92,3.06,2.88,2.94,3.04,3.01,2.89,2.81,3.06,3.04,2.98,3.12,3.00,2.93,2.99,2.94,2.83,2.81,2.88,2.98,2.64,2.41,2.22,1.94,1.78,1.77,1.74,1.58,1.30,1.14,0.85,1.02,0.84,0.66,0.40,0.19,0.02,-0.16,-0.16,-0.33,-0.32,-0.18,-0.23,-0.27,-0.17,-0.08,-0.14,-0.16,0.06,0.15,-0.04,0.24,0.41,0.49,0.98,1.85,2.59,3.26,3.20,3.02,3.30,2.86,3.01,2.90,3.29,2.71,3.04,3.59,4.02,4.18,4.28,4.19,4.43,4.28,4.26,4.36,4.00,4.17,4.49,4.52,4.69,4.75,4.92,4.92,4.85,4.72,4.88,5.03,4.95,4.89,4.87,4.82,4.92,5.04,5.05,5.10,4.99,4.87,4.85,5.05,5.28,5.19,5.26,4.62,4.36,4.34,3.96,2.76,2.26,2.23,2.16,2.01,1.96,2.03,2.01,1.79,1.99,1.75,2.01,1.90,2.06,1.89,1.72,1.79,1.79,1.73,1.73,1.78,1.96,2.00,1.95,1.82,1.78,2.20,2.43,2.57,2.72,2.75,2.65,2.42,1.91,1.91,1.73,1.82,1.92,1.88,1.91,1.78
3.42,3.01,3.05,3.10,3.01,2.96,3.19,3.13,3.10,2.95,3.06,3.18,2.96,3.12,3.05,2.95,2.99,3.04,2.96,2.90,3.10,2.99,2.90,2.87,2.93,3.04,2.98,2.84,2.92,2.86,2.78,2.89,2.82,2.74,2.46,2.17,1.94,1.80,1.74,1.55,1.35,1.30,1.23,1.23,0.91,0.76,0.51,0.43,0.34,0.09,-0.03,-0.28,-0.41,-0.36,-0.32,-0.24,-0.18,-0.22,-0.28,-0.19,-0.06,0.10,0.17,0.34,0.44,0.41,0.49,1.02,1.56,2.43,3.01,3.06,3.14,2.76,2.96,2.96,3.10,2.72,3.14,3.69,4.09,3.99,4.06,4.25,4.37,4.36,4.41,4.45,4.19,4.52,4.63,4.84,4.98,5.05,4.98,5.15,5.10,5.04,5.25,5.47,5.40,5.26,5.26,5.23,5.24,5.32,5.24,5.19,5.19,5.12,5.22,5.18,5.31,5.49,5.28,4.41,4.34,4.09,3.24,2.49,2.24,2.28,2.30,2.14,2.03,2.06,1.83,1.80,1.96,1.96,1.99,2.00,2.03,1.99,1.86,1.73,1.62,1.73,1.95,1.74,1.80,1.67,1.83,1.95,1.85,2.12,2.37,2.52,2.46,2.62,2.75,2.46,1.94,2.01,1.66,1.69,1.92,2.00,2.07,1.83
3.19,3.37,3.22,3.17,3.20,3.19,3.05,3.10,3.07,2.81,2.89,3.05,2.83,2.96,3.02,2.90,2.84,2.90,3.02,3.04,3.02,2.77,2.80,2.80,2.90,2.96,2.86,2.72,2.81,2.72,2.65,2.72,2.88,2.78,2.58,2.45,2.23,1.96,1.84,1.79,1.60,1.44,1.55,1.35,1.15,0.80,0.55,0.51,0.34,0.10,0.07,-0.07,-0.17,-0.33,-0.43,-0.33,-0.23,-0.17,-0.34,-0.33,-0.01,0.01,-0.03,0.12,0.17,0.28,0.28,0.45,0.67,1.19,2.12,3.08,2.89,3.06,2.93,3.06,2.96,3.28,3.65,3.92,4.54,4.25,4.19,4.17,4.48,4.45,4.52,4.52,4.39,4.91,4.99,5.33,5.24,5.18,5.16,5.15,5.04,5.15,5.31,5.31,5.21,5.26,5.26,5.21,5.25,5.30,5.28,5.12,5.12,5.10,5.09,5.24,5.29,4.95,5.18,3.86,3.20,3.07,2.49,2.25,2.17,2.23,2.17,2.12,2.18,2.01,1.99,1.90,1.92,1.94,2.14,1.89,1.78,1.83,1.97,1.97,1.66,1.53,1.97,1.89,1.74,1.86,1.92,1.86,1.91,2.25,2.43,2.49,2.49,2.45,2.37,2.24,1.84,1.78,1.77,1.86,1.99,2.08,2.13,1.95
3.22,3.43,3.14,3.13,3.17,3.16,3.14,3.00,3.08,2.98,2.89,2.86,2.84,2.90,2.86,2.77,2.80,2.88,2.94,2.94,2.71,2.90,2.96,2.99,2.98,2.92,2.87,2.86,2.78,2.72,2.62,2.75,2.76,2.68,2.66,2.63,2.42,2.17,2.08,2.00,1.71,1.64,1.71,1.58,1.35,1.14,0.76,0.58,0.34,0.15,0.24,0.12,-0.12,-0.37,-0.47,-0.42,-0.34,-0.29,-0.36,-0.26,-0.07,-0.19,-0.23,-0.07,0.04,0.18,0.24,0.39,0.53,0.46,0.91,2.03,3.28,3.28,2.93,3.48,3.47,4.00,3.74,3.87,4.36,4.18,4.04,4.30,4.50,4.38,4.56,4.44,4.45,5.03,4.83,5.11,5.12,5.21,5.15,5.08,5.08,5.10,5.32,5.49,5.44,5.50,5.37,5.25,5.43,5.58,5.66,5.67,5.43,5.24,5.22,5.39,5.45,4.82,4.30,2.77,2.70,2.62,2.33,2.14,2.30,2.28,2.08,2.01,2.09,2.06,1.94,1.90,1.82,1.97,2.06,2.08,1.88,1.85,1.90,1.75,1.61,1.64,1.80,1.72,1.74,1.83,1.90,1.89,1.94,2.24,2.13,2.18,2.11,2.07,2.08,1.96,1.72,1.80,1.94,1.95,1.89,1.91,2.03,2.13
3.29,3.18,3.11,3.10,3.08,3.08,3.10,3.13,3.14,3.04,2.96,2.95,2.94,2.98,2.95,2.82,2.77,2.92,3.02,2.84,2.82,3.11,2.92,2.94,2.99,2.90,2.86,2.90,2.84,2.80,2.84,2.71,2.66,2.74,2.75,2.63,2.42,2.37,2.42,2.18,1.74,1.72,1.75,1.78,1.61,1.44,1.02,0.71,0.51,0.45,0.58,0.40,0.07,-0.18,-0.32,-0.36,-0.31,-0.34,-0.48,-0.23,-0.11,-0.36,-0.32,-0.12,-0.07,0.01,0.02,0.28,0.19,0.07,0.23,0.60,1.79,3.23,2.89,3.73,3.36,3.63,3.86,3.77,4.45,4.50,4.76,4.24,4.55,4.55,4.70,4.58,4.76,5.11,4.85,5.16,5.22,5.22,5.23,5.17,4.95,5.01,5.24,5.44,5.56,5.40,5.18,5.28,5.43,5.49,5.50,5.42,5.52,5.54,5.32,5.58,5.32,4.95,4.30,2.75,2.42,2.30,2.34,2.39,2.33,2.35,2.22,2.03,2.16,2.17,2.05,1.97,2.06,2.07,2.07,1.94,1.79,1.91,1.95,1.67,1.52,1.67,1.74,1.82,1.64,1.64,1.80,1.82,1.66,2.14,2.07,1.95,1.90,1.91,1.95,1.88,1.77,1.91,2.02,1.95,1.86,2.02,1.80,1.95
3.25,3.22,3.17,3.16,3.05,2.98,3.18,3.22,3.00,3.01,3.11,3.13,3.02,2.86,2.89,2.75,2.80,3.01,3.14,2.98,3.06,3.22,3.06,3.12,3.06,3.01,2.98,2.92,2.88,2.72,2.74,2.66,2.77,2.74,2.64,2.55,2.47,2.52,2.60,2.33,1.97,1.88,1.83,1.88,1.79,1.42,1.30,1.02,0.75,0.71,0.75,0.55,0.35,0.09,-0.22,-0.33,-0.32,-0.36,-0.51,-0.43,-0.18,-0.19,-0.16,-0.12,-0.28,-0.06,-0.11,0.07,-0.14,0.18,0.08,0.22,0.77,1.85,2.93,2.95,3.37,2.94,3.42,3.83,4.00,4.41,5.91,5.89,5.56,4.68,4.54,4.56,5.10,5.16,4.94,5.10,5.37,5.10,5.05,5.07,4.89,4.68,4.80,4.98,4.99,5.10,5.17,5.21,5.35,5.45,5.61,5.64,5.45,5.26,5.37,5.56,5.24,4.90,3.97,2.57,2.54,2.24,2.35,2.37,2.31,2.41,2.34,2.07,2.09,2.06,1.90,1.95,1.99,1.99,2.01,1.88,1.84,2.00,2.02,1.78,1.68,1.63,1.57,1.75,1.69,1.67,1.72,1.71,1.56,2.05,2.01,1.95,1.91,1.97,2.05,1.90,1.83,1.82,1.92,1.92,1.88,2.07,1.79,1.86
3.25,3.32,3.22,3.14,3.07,3.07,3.17,3.23,3.08,3.11,3.16,3.10,2.98,3.14,2.77,2.74,2.82,3.08,3.25,3.10,3.10,3.23,3.25,3.10,3.07,2.89,2.74,2.75,2.78,2.81,2.59,2.57,2.57,2.57,2.55,2.66,2.65,2.55,2.48,2.26,2.14,2.12,1.96,1.75,1.78,1.36,1.38,1.31,0.97,0.91,0.82,0.59,0.53,0.30,-0.06,-0.17,-0.19,-0.33,-0.49,-0.51,-0.33,-0.27,-0.18,-0.31,-0.41,-0.29,-0.09,-0.06,-0.16,-0.09,-0.19,0.03,0.14,0.50,1.57,1.97,2.81,2.45,2.81,3.57,3.90,4.50,6.67,7.91,6.15,4.22,4.38,4.41,4.91,4.95,4.69,4.91,5.10,4.76,4.70,4.47,4.29,4.28,4.30,4.44,4.52,4.68,4.82,4.78,4.72,4.81,5.10,5.23,5.23,4.98,5.24,5.43,5.37,4.84,3.63,2.81,2.48,2.17,2.35,2.42,2.36,2.34,2.26,2.12,2.03,2.05,1.95,1.82,1.91,1.92,1.97,1.86,1.73,1.75,1.79,1.73,1.73,1.52,1.52,1.62,1.67,1.69,1.74,1.72,1.66,2.00,1.88,2.01,2.00,1.97,2.01,1.89,1.68,1.61,1.75,1.85,1.82,1.82,1.90,1.97
3.26,3.35,3.19,3.16,3.11,3.05,3.08,3.20,3.11,2.98,2.93,2.93,2.99,3.20,2.96,2.93,2.89,2.88,2.93,3.05,3.06,3.23,2.99,2.92,2.77,2.69,2.78,2.88,2.77,2.62,2.76,2.72,2.52,2.57,2.52,2.62,2.49,2.45,2.46,2.19,2.14,2.17,1.99,1.88,1.78,1.46,1.38,1.45,1.18,1.09,0.88,0.66,0.64,0.48,0.18,0.07,0.02,-0.08,-0.28,-0.38,-0.27,-0.19,-0.17,-0.28,-0.36,-0.11,-0.13,-0.04,-0.17,-0.21,-0.17,-0.18,-0.08,0.12,0.51,0.71,1.38,1.99,2.68,3.32,3.59,4.45,4.96,6.10,4.87,4.26,4.35,4.39,4.65,4.49,4.50,4.63,4.58,4.58,4.50,4.25,4.13,4.16,4.18,4.41,4.55,4.65,4.67,4.50,4.52,4.61,4.68,4.82,5.01,4.91,5.09,5.04,5.07,4.84,3.98,2.94,2.49,2.41,2.31,2.43,2.34,2.19,2.18,2.07,1.99,1.95,1.90,1.83,1.82,1.90,1.99,1.85,1.72,1.74,1.80,1.69,1.68,1.57,1.55,1.69,1.69,1.78,1.84,1.74,1.69,1.90,1.85,1.94,1.95,1.86,1.84,1.92,1.50,1.51,1.73,1.83,1.71,1.64,1.78,1.72
3.30,3.32,3.13,3.17,3.12,3.04,3.04,3.05,3.00,2.87,2.82,2.80,2.80,3.06,2.89,2.99,2.96,2.92,2.88,2.92,2.92,2.76,2.94,2.87,2.74,2.68,2.77,2.83,2.72,2.55,2.87,2.78,2.74,2.76,2.55,2.52,2.40,2.41,2.43,2.13,2.08,2.17,2.06,2.16,1.78,1.73,1.63,1.56,1.40,1.30,1.07,0.92,0.84,0.59,0.43,0.32,0.22,0.14,-0.16,-0.31,-0.16,-0.17,-0.24,-0.32,-0.41,-0.14,-0.16,-0.04,-0.23,-0.09,-0.28,-0.31,-0.18,0.15,0.34,0.33,0.65,1.03,2.02,2.46,2.94,2.82,3.19,3.46,2.72,2.82,3.57,4.00,4.41,4.38,4.37,4.54,4.59,4.45,4.44,4.29,4.11,4.06,4.13,4.47,4.51,4.48,4.65,4.52,4.39,4.55,4.70,4.67,4.75,4.92,4.98,4.95,5.21,4.63,3.77,2.69,2.43,2.46,2.30,2.34,2.31,2.17,2.11,2.01,1.97,2.03,1.88,1.85,1.77,1.85,1.84,1.84,1.88,1.92,1.88,1.66,1.60,1.67,1.74,1.79,1.67,1.71,1.77,1.71,1.71,1.84,1.91,1.84,1.79,1.82,1.86,1.92,1.55,1.55,1.75,1.83,1.61,1.62,1.61,1.52
3.44,3.34,3.13,3.11,3.07,3.05,3.08,2.99,2.93,2.80,2.78,2.81,2.81,2.83,2.86,3.02,2.98,2.88,2.88,2.92,2.83,2.55,2.84,2.71,2.65,2.63,2.69,2.72,2.60,2.45,2.55,2.68,2.71,2.62,2.65,2.71,2.52,2.43,2.45,2.31,2.23,2.24,2.24,2.20,2.16,1.91,1.86,1.74,1.57,1.44,1.36,1.28,1.12,0.88,0.66,0.49,0.37,0.30,0.18,0.02,-0.04,-0.19,-0.08,-0.24,-0.34,-0.04,0.06,0.07,-0.03,0.13,-0.19,-0.09,-0.02,0.18,0.23,0.28,-0.09,-0.03,0.64,0.88,1.55,1.46,1.34,0.82,0.76,0.27,1.30,2.83,3.94,4.29,4.17,4.22,4.35,4.34,4.22,4.05,4.07,4.24,4.28,4.41,4.30,4.32,4.61,4.49,4.32,4.51,4.72,4.78,4.87,5.05,4.94,5.17,5.24,4.65,4.07,2.93,2.52,2.48,2.41,2.40,2.26,2.16,2.14,2.05,2.07,2.11,2.03,2.02,1.88,1.99,1.86,1.88,2.00,1.99,1.84,1.73,1.61,1.66,1.86,1.79,1.64,1.53,1.62,1.78,1.74,1.80,1.90,1.85,1.79,1.85,1.97,1.72,1.61,1.50,1.57,1.67,1.55,1.38,1.60,1.46
3.44,3.30,3.13,3.13,3.01,2.99,3.07,2.90,2.96,2.86,2.76,2.75,2.72,2.66,2.82,2.78,2.66,2.62,2.64,2.75,2.83,2.80,2.66,2.80,2.75,2.72,2.76,2.70,2.60,2.51,2.52,2.66,2.81,2.76,2.76,2.65,2.41,2.30,2.35,2.33,2.19,2.03,2.26,2.35,2.29,2.03,2.01,1.92,1.78,1.40,1.44,1.40,1.31,1.15,0.86,0.63,0.56,0.56,0.53,0.38,0.23,-0.02,-0.08,-0.14,-0.22,0.03,0.12,-0.06,0.07,0.32,-0.03,0.04,0.08,0.25,0.14,0.04,-0.34,-0.58,-0.09,0.06,0.48,0.13,0.01,0.08,0.22,-0.61,0.22,1.11,2.98,3.85,3.94,4.11,4.07,3.94,4.09,4.11,4.10,4.19,4.19,4.18,4.18,4.20,4.25,4.23,4.19,4.34,4.69,4.88,4.97,4.91,4.91,5.14,5.19,4.71,4.28,3.22,2.53,2.48,2.37,2.30,2.16,2.05,2.07,2.01,2.16,2.06,2.06,2.06,1.94,1.97,1.86,1.85,1.92,1.90,1.80,1.82,1.75,1.72,1.82,1.79,1.72,1.61,1.67,1.95,1.82,1.64,1.73,1.78,1.78,1.84,1.99,1.84,1.71,1.64,1.56,1.55,1.77,1.63,1.69,1.69
3.29,3.19,3.13,3.23,3.08,2.94,2.96,2.87,2.98,2.82,2.60,2.51,2.51,2.47,2.70,2.65,2.49,2.34,2.42,2.71,2.64,2.42,2.51,2.60,2.60,2.48,2.43,2.35,2.16,2.24,2.13,2.35,2.41,2.43,2.41,2.39,2.26,2.30,2.28,2.13,2.13,2.14,2.20,2.25,2.34,2.23,2.16,1.86,1.90,1.58,1.49,1.49,1.41,1.30,1.12,0.90,0.90,0.93,0.84,0.76,0.63,0.45,0.25,0.10,0.14,0.25,0.29,0.45,0.32,0.67,0.44,0.56,0.58,0.64,0.88,0.45,0.25,0.13,0.10,0.15,0.17,-0.18,0.14,0.24,0.12,-0.27,0.33,0.37,1.47,2.77,3.75,4.00,3.93,3.91,4.03,4.12,4.11,4.18,4.17,4.16,4.26,4.34,4.31,4.24,4.26,4.39,4.59,4.88,4.91,4.89,4.84,5.08,5.23,4.55,4.74,3.43,2.69,2.51,2.51,2.34,2.17,2.18,2.17,2.01,2.06,1.97,2.03,2.08,2.02,1.89,1.79,1.84,1.92,1.91,1.90,1.88,1.79,1.80,1.85,1.77,1.71,1.72,1.79,1.97,1.96,1.58,1.68,1.84,1.91,1.90,1.75,1.69,1.74,1.69,1.60,1.49,1.52,1.68,1.80,1.82
3.20,2.98,2.96,3.20,3.13,3.04,3.05,3.00,2.84,2.68,2.46,2.31,2.26,2.29,2.41,2.53,2.48,2.29,2.20,2.36,2.55,2.18,2.57,2.34,2.25,2.12,2.12,2.22,2.17,2.24,2.36,2.18,2.51,2.51,2.20,2.20,2.33,2.30,2.26,2.17,1.99,2.09,2.22,2.12,2.34,2.41,2.36,1.99,1.83,1.74,1.61,1.62,1.58,1.46,1.31,1.17,1.22,1.25,1.09,1.14,0.98,0.81,0.76,0.54,0.75,0.58,0.64,0.86,0.72,1.01,0.65,0.86,1.25,1.00,1.15,0.92,0.90,0.92,0.64,0.54,0.41,0.33,0.07,0.40,0.19,-0.31,0.13,-0.08,0.44,1.51,2.83,3.84,3.84,3.79,4.05,4.07,4.06,4.12,4.16,4.12,4.24,4.32,4.12,4.12,4.23,4.36,4.56,5.03,4.98,4.88,4.88,4.87,5.09,4.47,4.45,3.30,2.65,2.39,2.49,2.48,2.36,2.35,2.26,2.13,2.00,2.02,2.05,2.11,2.11,1.95,1.92,1.99,2.02,2.08,2.11,2.01,1.75,1.83,1.84,1.79,1.78,1.89,2.03,1.96,1.90,1.75,1.74,1.78,1.91,2.01,1.83,1.84,1.72,1.80,1.83,1.82,1.94,1.90,1.94,1.99
3.11,2.93,2.80,3.17,3.18,3.08,3.01,2.87,2.77,2.69,2.58,2.40,2.28,2.26,2.18,2.18,2.23,2.23,2.14,2.12,2.30,2.02,2.19,1.97,1.94,1.83,1.79,1.86,1.94,2.05,2.11,2.16,2.40,2.54,2.36,2.37,2.25,2.08,2.08,2.12,2.02,2.09,2.07,2.19,2.08,1.99,2.17,2.06,1.97,1.86,1.67,1.63,1.58,1.52,1.44,1.40,1.42,1.31,1.29,1.47,1.36,1.20,1.14,0.97,1.07,0.98,1.13,1.17,1.17,1.45,1.01,1.47,1.66,1.40,1.57,1.38,1.06,0.88,0.79,0.81,0.87,0.72,0.17,0.18,-0.03,-0.21,-0.06,-0.22,-0.09,0.44,1.46,3.20,3.85,3.97,4.07,4.03,4.06,4.17,4.22,4.12,4.10,4.19,4.06,4.02,4.13,4.25,4.37,4.90,4.84,4.85,4.89,4.82,4.87,4.57,4.19,3.19,2.54,2.31,2.52,2.59,2.52,2.49,2.30,2.29,2.08,2.08,2.00,1.94,2.09,2.01,2.07,2.08,2.03,2.03,2.06,1.97,1.73,1.88,1.75,1.72,1.80,1.83,1.75,1.78,2.03,1.78,1.78,1.84,1.99,2.16,1.99,1.92,1.74,1.74,1.78,1.80,2.05,1.92,1.79,1.91
3.18,2.96,2.89,3.13,2.99,2.92,3.00,3.00,2.80,2.78,2.71,2.63,2.49,2.33,2.16,1.88,1.95,2.05,2.06,2.08,2.07,1.97,2.02,1.68,1.67,1.69,1.73,1.75,1.83,1.92,1.97,2.12,2.03,2.00,1.97,2.13,2.13,1.99,1.92,1.97,2.01,2.06,1.96,1.80,2.16,2.11,2.11,2.24,2.07,1.96,1.75,1.73,1.69,1.62,1.57,1.61,1.58,1.36,1.42,1.66,1.61,1.53,1.49,1.29,1.31,1.38,1.52,1.55,1.57,1.79,1.57,1.82,1.85,1.77,1.96,1.80,1.19,0.86,0.71,0.86,0.98,0.43,0.06,-0.13,-0.32,-0.43,-0.36,-0.29,-0.24,-0.04,0.27,1.38,2.47,3.36,3.79,3.81,3.87,3.97,4.11,4.15,4.00,4.04,4.07,4.02,4.05,4.23,4.29,4.67,4.71,4.87,4.82,4.88,4.94,4.57,4.41,3.31,2.59,2.40,2.60,2.64,2.47,2.51,2.39,2.24,2.11,2.17,1.90,1.86,2.07,2.08,2.06,2.03,2.08,2.08,1.83,1.82,1.68,1.97,1.84,1.92,1.94,1.85,1.79,1.63,1.84,2.02,2.11,2.09,2.06,2.05,1.91,1.90,1.80,1.78,1.80,1.82,1.90,2.03,1.80,1.79
3.11,3.05,2.81,3.07,2.81,2.81,2.98,2.78,2.64,2.71,2.71,2.63,2.48,2.30,2.09,1.95,2.01,1.91,1.91,2.01,2.01,1.97,1.97,1.64,1.60,1.71,1.73,1.74,1.84,1.85,2.00,2.26,2.05,2.00,2.09,2.14,1.95,1.92,2.01,1.94,1.91,2.03,1.92,1.96,2.11,2.14,2.29,2.11,2.03,2.01,2.00,1.90,1.88,1.86,1.72,1.66,1.68,1.53,1.44,1.60,1.67,1.57,1.64,1.57,1.64,1.60,1.75,1.71,1.66,1.92,1.91,1.78,1.83,1.94,1.94,1.89,1.27,0.87,0.84,0.81,0.90,0.37,-0.01,-0.34,-0.56,-0.66,-0.57,-0.48,-0.47,-0.33,-0.33,0.03,1.01,1.90,2.29,2.71,3.32,3.49,3.71,4.07,4.03,3.97,3.96,4.02,4.10,4.23,4.29,4.59,4.78,4.81,4.71,4.95,4.92,4.65,4.68,3.66,2.83,2.58,2.62,2.55,2.35,2.30,2.31,2.05,2.02,2.28,1.86,1.89,1.86,1.80,1.85,1.85,1.80,1.95,1.97,2.05,1.86,1.80,1.88,1.92,1.88,1.79,1.80,1.97,1.77,1.82,1.90,1.95,2.00,2.07,1.85,1.94,1.78,1.80,1.95,1.96,1.83,1.91,1.94,1.97
3.14,3.07,3.13,3.18,2.90,2.88,3.01,3.02,2.78,2.71,2.65,2.57,2.42,2.23,2.07,2.08,2.13,1.99,1.91,1.96,2.02,2.03,2.00,1.84,1.75,1.79,1.85,1.90,1.90,1.89,1.92,2.19,2.07,2.02,2.13,2.12,2.03,1.99,2.08,2.06,1.96,2.09,1.99,2.08,1.96,1.90,2.00,1.91,1.85,1.90,2.02,1.97,1.97,1.95,1.79,1.73,1.77,1.63,1.60,1.77,1.85,1.73,1.66,1.71,1.82,1.72,1.88,1.75,1.66,1.88,2.00,1.84,1.91,1.83,2.02,1.77,1.13,0.80,0.87,0.66,0.72,0.53,0.25,-0.11,-0.43,-0.69,-0.62,-0.48,-0.53,-0.56,-0.67,-0.51,0.35,0.86,0.92,1.29,1.89,2.23,2.87,3.73,3.91,3.87,3.84,4.00,4.07,4.11,4.17,4.51,4.69,4.78,4.57,4.83,4.77,4.75,4.88,4.11,3.36,2.96,2.83,2.64,2.33,2.23,2.29,2.00,1.96,2.07,1.90,1.80,1.80,1.80,1.86,1.96,2.00,2.05,2.13,1.88,1.86,1.78,1.84,1.75,1.63,1.73,2.00,1.91,1.90,1.92,1.99,1.90,1.84,2.13,1.96,2.01,1.94,1.85,1.89,2.00,1.91,1.83,1.94,2.11
3.12,2.99,2.96,3.12,2.95,2.96,3.12,3.16,2.86,2.66,2.55,2.58,2.52,2.30,2.16,1.91,2.19,2.07,2.07,2.09,1.99,2.12,2.14,2.00,1.90,1.86,1.94,1.94,1.88,1.90,1.96,1.99,1.96,2.09,2.14,2.03,1.92,1.88,1.83,1.80,1.89,2.02,2.06,2.01,2.01,1.86,2.06,1.86,1.90,1.96,2.05,1.94,1.95,1.97,1.84,1.71,1.73,1.62,1.60,1.83,1.90,1.85,1.74,1.69,1.82,1.82,1.95,1.88,1.83,1.90,1.97,2.00,2.08,1.97,2.19,1.68,1.17,0.95,0.95,0.65,0.70,0.66,0.55,0.35,0.02,-0.06,-0.08,-0.14,-0.34,-0.29,-0.47,-0.36,0.30,0.70,0.76,0.90,1.15,1.46,2.34,3.47,3.84,3.86,3.88,4.02,3.98,4.10,4.13,4.48,4.49,4.75,4.59,4.69,4.71,4.57,4.76,4.26,3.77,3.49,3.32,2.95,2.40,2.22,2.19,2.03,2.07,1.88,1.84,1.72,1.71,1.80,1.90,1.90,1.89,2.01,2.08,1.83,1.85,1.89,1.61,1.40,1.55,1.85,2.01,2.06,1.86,1.79,1.85,1.90,1.99,2.14,1.91,1.97,2.01,1.91,1.80,1.91,1.83,1.78,1.85,2.08
3.12,3.08,2.90,3.12,3.05,2.95,3.00,3.07,2.78,2.77,2.43,2.37,2.37,2.30,2.24,2.26,2.31,2.22,2.28,2.24,2.07,2.16,2.13,1.99,2.02,2.01,1.99,1.90,1.86,2.01,2.06,2.03,2.03,2.06,2.26,2.11,1.88,1.79,1.77,1.79,1.94,2.07,2.05,2.11,2.06,1.74,1.88,1.88,1.86,1.95,2.06,2.08,2.01,2.05,2.01,1.85,1.82,1.82,1.82,1.86,1.80,1.86,1.80,1.80,1.84,1.91,2.02,1.85,1.94,2.02,1.92,1.90,2.11,2.22,2.06,1.63,1.33,1.11,0.98,0.72,0.82,0.88,0.85,0.61,0.33,0.55,0.43,0.18,-0.09,0.17,0.08,0.19,0.61,0.96,1.11,1.17,1.34,1.41,2.03,3.26,3.79,3.85,3.96,4.00,3.99,4.17,4.18,4.48,4.39,4.47,4.62,4.68,4.55,4.39,4.48,4.25,3.88,3.88,3.78,3.08,2.39,2.23,2.26,2.09,2.01,1.94,1.86,1.79,1.75,1.86,1.91,1.91,2.01,1.95,2.06,1.85,1.83,1.84,1.60,1.53,1.71,1.82,1.94,1.95,1.95,1.88,1.91,1.91,1.85,2.02,1.97,2.01,2.01,1.90,1.75,1.80,1.73,1.75,1.82,2.02
3.11,3.10,2.95,2.93,2.90,2.86,2.83,2.78,2.74,2.76,2.47,2.35,2.14,2.02,2.28,2.14,2.36,2.40,2.31,2.18,2.18,2.26,2.19,2.13,2.14,2.18,1.99,1.86,1.96,2.12,2.13,2.01,2.17,1.96,2.22,2.06,1.86,1.79,1.85,1.85,1.88,2.00,1.99,1.99,2.03,1.67,2.07,1.82,1.80,2.01,2.00,1.97,1.94,1.82,1.85,1.80,1.83,1.84,1.78,1.79,1.78,1.84,1.83,1.89,1.94,1.97,1.96,1.86,1.92,1.88,1.91,1.79,2.14,2.07,2.00,1.69,1.40,1.11,0.90,0.81,0.81,0.96,1.01,0.72,0.55,0.69,0.64,0.41,0.32,0.53,0.50,0.60,0.80,1.02,1.22,1.28,1.25,1.13,1.78,3.17,3.69,3.85,3.92,3.96,3.96,4.09,4.18,4.45,4.29,4.31,4.50,4.55,4.48,4.42,4.37,4.17,3.99,3.85,3.85,3.46,2.51,2.20,2.29,1.91,1.97,1.97,2.08,1.91,2.03,2.06,2.01,2.00,1.91,2.14,2.09,1.90,1.83,1.77,1.58,1.57,1.74,1.78,1.88,1.85,1.84,1.90,1.91,1.84,1.82,1.88,1.99,1.96,1.92,1.84,1.75,1.79,1.73,1.85,1.89,1.92
3.01,2.99,2.98,2.92,2.81,2.72,2.71,2.78,2.88,2.81,2.51,2.43,2.36,2.33,2.40,2.22,2.19,2.28,2.19,2.24,2.25,2.01,2.29,2.25,2.16,2.22,2.00,1.91,1.96,1.96,1.97,1.86,2.02,1.90,2.07,1.97,1.73,1.68,1.71,1.69,1.74,1.86,1.90,1.94,1.83,1.71,1.77,1.73,1.51,1.72,1.85,1.72,1.75,1.79,1.89,1.96,1.91,1.74,1.72,1.85,1.84,1.88,1.89,1.89,1.89,1.86,1.90,2.01,1.88,1.83,1.96,1.95,2.12,1.90,1.99,1.84,1.38,1.02,0.87,0.97,0.85,0.92,1.01,0.85,0.80,0.76,0.74,0.65,0.69,0.71,0.74,0.85,0.81,0.92,1.17,1.18,1.06,1.02,1.85,3.26,3.75,3.86,3.86,4.11,4.05,4.09,4.29,4.48,4.30,4.48,4.48,4.50,4.55,4.28,4.25,4.09,3.98,3.90,3.74,3.46,2.75,2.40,2.37,2.00,1.92,1.77,1.90,1.84,1.73,1.80,1.86,1.91,2.12,2.16,2.17,1.84,1.79,1.75,1.63,1.56,1.66,1.71,1.85,1.79,1.73,1.78,1.83,1.85,1.91,1.95,1.92,1.77,1.72,1.79,1.89,1.99,1.77,1.91,2.02,1.95
2.87,2.88,2.94,3.06,2.77,2.76,2.76,2.76,2.84,2.87,2.49,2.43,2.53,2.55,2.40,2.28,2.30,2.29,2.16,2.19,2.25,2.19,2.30,2.01,2.01,2.17,2.12,2.02,1.89,1.84,1.89,1.88,1.89,2.05,2.11,1.88,1.66,1.66,1.67,1.69,1.75,1.83,1.88,1.90,1.78,1.82,1.80,1.86,1.66,1.58,1.96,2.11,2.09,1.90,1.78,1.96,2.02,1.89,1.96,2.07,2.00,1.94,1.94,2.00,1.89,1.92,1.95,1.92,1.99,1.90,2.05,1.88,2.08,1.86,1.80,1.79,1.30,0.97,0.97,1.13,1.02,0.86,0.98,0.87,0.79,0.71,0.70,0.77,0.81,0.76,0.88,0.92,0.77,0.91,1.18,1.12,1.04,1.28,1.89,3.10,3.79,3.92,3.98,4.31,4.34,4.28,4.41,4.39,4.44,4.56,4.47,4.56,4.50,4.29,4.25,4.15,3.99,3.81,3.59,3.32,3.02,2.36,2.43,1.94,1.84,1.63,1.94,1.99,1.84,1.77,1.89,2.05,2.09,2.12,2.02,1.85,1.77,1.82,1.71,1.61,1.72,1.67,1.88,1.94,1.79,1.78,1.83,1.85,1.90,2.01,2.02,1.83,1.75,1.86,1.92,1.99,1.92,1.86,1.99,2.08
2.76,2.78,2.88,2.96,2.70,2.76,2.71,2.60,2.68,2.66,2.48,2.43,2.43,2.49,2.52,2.19,2.14,2.34,2.24,2.22,2.30,2.31,2.29,2.09,2.06,2.16,2.18,2.01,1.96,2.07,2.07,1.99,2.05,2.12,2.23,1.94,1.84,1.83,1.74,1.64,1.64,1.75,1.80,1.79,1.73,1.83,1.67,1.78,1.68,1.78,1.90,1.80,1.96,1.84,1.71,1.73,1.82,1.86,1.99,2.09,2.02,1.96,1.84,1.88,1.86,1.96,1.97,1.95,2.06,1.91,2.06,1.91,2.17,1.89,1.72,1.47,1.20,0.96,1.08,1.13,0.98,0.79,0.84,0.76,0.65,0.64,0.69,0.79,0.85,0.79,0.87,0.86,0.72,0.87,1.19,1.19,1.15,1.38,1.88,2.93,3.83,3.99,4.24,4.42,4.47,4.51,4.58,4.43,4.52,4.61,4.64,4.58,4.48,4.35,4.26,4.43,4.39,3.96,3.71,3.55,2.80,2.55,2.45,2.11,2.02,1.63,1.74,1.82,1.75,1.79,1.90,1.97,2.08,2.25,2.05,1.84,1.80,1.91,1.83,1.74,1.89,1.75,1.90,1.92,1.91,1.95,1.90,1.75,1.88,1.95,2.08,1.97,1.90,1.92,1.85,2.03,1.95,1.91,1.89,1.85
2.92,2.90,2.86,2.78,2.69,2.71,2.60,2.53,2.58,2.53,2.42,2.45,2.39,2.43,2.58,2.41,2.60,2.49,2.53,2.47,2.26,2.17,2.34,2.22,1.94,2.13,2.14,2.00,2.05,2.17,2.05,2.00,2.11,2.01,2.17,1.97,1.92,1.86,1.78,1.83,1.80,1.67,1.64,1.66,1.73,1.96,1.71,1.52,1.35,1.61,1.52,1.63,1.94,1.86,1.69,1.58,1.60,1.82,1.91,1.95,2.00,1.86,1.79,1.86,1.90,1.90,1.91,2.20,2.08,1.96,1.88,1.83,2.02,1.68,1.55,1.38,1.19,0.92,0.96,0.82,0.96,0.86,0.84,0.74,0.51,0.53,0.55,0.70,0.85,0.70,0.71,0.84,0.92,1.04,1.15,1.22,1.25,1.35,1.75,2.89,3.94,4.13,4.43,4.96,4.87,4.82,4.74,4.71,4.43,4.56,4.43,4.20,4.16,4.19,4.07,4.02,4.17,4.26,3.97,3.50,2.90,2.36,2.19,1.91,1.97,1.74,1.68,1.68,1.72,1.75,1.79,1.92,2.06,2.22,2.00,1.82,1.64,1.72,1.86,1.90,1.86,1.72,1.89,1.79,1.88,1.96,1.90,1.74,1.84,1.95,2.09,1.99,1.91,2.09,1.84,2.05,1.97,1.94,2.01,2.13
2.90,2.92,2.84,2.80,2.76,2.80,2.66,2.53,2.55,2.49,2.33,2.43,2.43,2.45,2.48,2.57,2.65,2.68,2.68,2.53,2.40,2.40,2.39,2.16,2.06,1.88,2.03,2.06,2.11,2.16,2.09,2.07,2.09,2.07,2.05,1.89,1.91,1.84,1.79,1.96,1.95,1.79,1.72,1.63,1.66,1.86,1.64,1.55,1.39,1.52,1.56,1.74,1.95,1.95,1.68,1.71,1.86,1.83,1.75,1.88,2.05,1.92,1.63,1.71,2.00,1.94,1.90,2.11,1.99,1.99,1.90,1.90,1.90,1.80,1.56,1.60,1.33,1.07,0.97,0.67,1.04,1.03,0.87,0.65,0.44,0.44,0.53,0.66,0.82,0.69,0.64,0.71,0.82,1.06,1.18,1.20,1.31,1.29,1.51,2.74,3.81,4.17,4.88,5.36,5.36,5.51,5.75,5.35,4.38,4.31,4.15,4.12,4.29,4.20,4.13,4.30,4.32,3.99,3.69,3.44,2.94,2.58,2.13,2.02,1.94,1.77,1.72,1.64,1.75,1.88,1.77,1.85,1.96,2.06,1.96,1.85,1.58,1.50,1.68,1.85,1.77,1.56,1.91,1.91,1.82,1.79,1.82,1.73,1.84,1.82,1.91,2.08,2.16,2.00,1.88,1.89,1.84,1.92,2.06,2.07
2.80,2.77,2.84,2.68,2.82,2.72,2.57,2.59,2.65,2.48,2.42,2.47,2.60,2.55,2.51,2.68,2.72,2.77,2.70,2.65,2.65,2.66,2.65,2.52,2.29,2.40,2.43,2.36,2.46,2.36,2.17,2.19,2.20,2.22,2.16,2.05,1.95,1.95,1.90,1.94,1.89,1.84,1.83,1.74,1.64,1.69,1.50,1.74,1.55,1.50,1.53,1.66,1.94,1.89,1.79,1.69,1.77,1.80,1.58,1.61,1.86,1.85,1.79,1.80,1.91,1.92,1.94,2.00,2.03,2.01,1.84,1.66,1.92,1.61,1.55,1.60,1.15,1.02,0.88,0.80,1.00,1.07,0.75,0.48,0.28,0.56,0.65,0.70,0.64,0.58,0.59,0.64,0.67,0.92,1.17,1.19,1.33,1.42,1.50,2.30,3.69,3.93,4.59,5.12,5.70,5.67,5.93,5.39,4.47,3.61,3.07,3.10,3.84,4.20,4.09,3.93,4.00,4.04,3.86,3.71,2.95,2.71,2.34,2.11,1.96,1.84,1.71,1.56,1.69,1.92,1.73,1.86,1.86,1.91,1.82,1.82,1.58,1.44,1.57,1.73,1.75,1.71,1.95,1.90,1.85,1.80,1.64,1.49,1.96,1.88,2.03,2.20,2.18,1.96,1.86,2.02,1.91,1.84,1.94,2.03
2.93,2.83,2.77,2.84,2.84,3.01,2.94,2.84,2.83,2.87,2.74,2.65,2.69,2.66,2.66,2.70,2.62,2.70,2.69,2.60,2.62,2.66,2.63,2.55,2.31,2.24,2.34,2.39,2.28,2.22,2.18,2.05,2.01,2.13,2.24,2.24,2.01,1.97,2.01,1.99,1.91,1.84,1.83,1.89,1.84,1.64,1.51,1.74,1.44,1.34,1.52,1.79,1.94,1.82,1.68,1.72,1.68,1.66,1.58,1.50,1.55,1.58,1.73,1.95,1.92,2.00,2.02,1.85,2.07,2.01,2.02,1.49,1.50,1.80,1.82,1.24,1.44,1.06,0.97,0.79,1.08,0.86,0.74,0.58,0.49,0.81,0.65,0.37,0.37,0.45,0.51,0.56,0.70,1.03,1.34,1.52,1.62,1.40,1.64,2.41,3.44,3.97,4.59,5.23,5.91,5.36,5.52,4.91,3.98,3.13,2.63,2.69,3.25,3.80,4.11,4.16,4.00,3.83,3.79,3.68,2.71,2.60,2.28,2.08,2.05,1.86,1.69,1.62,1.71,1.83,1.71,1.78,1.75,1.79,1.61,1.66,1.56,1.44,1.60,1.86,1.74,1.84,1.89,1.91,1.91,1.91,1.85,1.66,2.01,2.08,2.12,2.12,2.05,2.00,2.11,2.11,2.01,1.95,1.94,1.96
2.81,2.76,2.70,2.64,2.83,2.92,2.89,2.84,2.78,2.72,2.60,2.62,2.60,2.77,2.82,2.66,2.59,2.65,2.62,2.63,2.65,2.69,2.70,2.39,2.42,2.45,2.46,2.35,2.37,2.28,2.12,2.08,2.12,2.06,2.16,2.24,1.99,1.95,1.96,2.02,2.02,1.91,1.84,1.89,1.96,1.66,1.57,1.71,1.30,1.38,1.44,1.66,1.91,1.78,1.71,1.67,1.63,1.61,1.56,1.53,1.55,1.62,1.73,1.74,1.83,1.88,2.05,1.95,2.24,2.28,1.82,1.38,1.57,1.62,1.82,1.44,1.40,0.84,0.82,0.72,0.95,0.84,0.69,0.76,0.77,0.46,0.13,0.24,0.17,0.13,0.37,0.48,0.61,1.11,1.46,1.55,1.68,1.41,1.19,2.35,3.20,3.72,4.51,5.15,5.53,5.44,5.31,4.97,3.90,3.18,2.93,2.64,2.89,3.46,3.84,4.04,3.97,3.61,3.60,3.40,2.76,2.49,2.37,2.12,2.02,1.88,1.69,1.62,1.66,1.75,1.78,1.66,1.73,1.84,1.53,1.56,1.61,1.53,1.52,1.64,1.90,1.68,1.69,1.78,1.63,1.49,1.69,1.71,1.84,1.96,2.01,1.99,1.91,1.85,1.89,2.08,2.09,2.01,2.02,2.05
2.74,2.74,2.72,2.71,2.86,2.98,2.74,2.71,2.75,2.71,2.71,2.60,2.72,2.93,2.83,2.69,2.81,2.54,2.51,2.65,2.64,2.64,2.62,2.47,2.49,2.58,2.36,2.07,2.22,2.24,2.12,2.16,2.24,2.19,2.26,2.03,1.79,1.90,1.97,2.07,1.92,1.94,1.97,1.85,1.84,1.75,1.56,1.61,1.34,1.45,1.53,1.72,1.83,1.69,1.68,1.69,1.58,1.57,1.66,1.62,1.57,1.66,1.74,1.77,1.80,1.80,1.97,1.79,2.12,2.11,1.52,1.53,1.44,1.68,1.67,1.71,1.23,0.86,0.74,0.58,0.66,0.74,0.54,0.70,0.48,-0.02,-0.04,0.09,-0.04,-0.03,0.29,0.40,0.48,0.92,1.41,1.63,1.62,1.42,1.31,1.91,2.94,3.69,4.35,5.08,5.49,5.12,5.29,4.88,4.09,3.30,2.90,2.60,2.89,3.17,3.30,3.42,3.43,3.32,3.22,2.88,2.53,2.40,2.22,2.06,1.94,1.80,1.68,1.58,1.66,1.83,1.86,1.85,1.88,1.90,1.55,1.49,1.47,1.44,1.64,1.61,1.60,1.68,1.66,1.63,1.69,1.77,1.85,1.78,1.89,1.91,1.95,1.97,1.83,1.89,1.77,1.97,2.06,1.94,1.90,2.20
2.80,2.74,2.68,2.71,2.81,2.71,2.86,2.88,2.75,2.60,2.68,2.88,2.98,2.83,2.68,2.63,2.66,2.40,2.52,2.58,2.62,2.63,2.54,2.41,2.57,2.43,2.26,2.20,2.22,2.19,2.01,1.88,2.02,2.13,2.01,2.28,2.07,1.80,1.91,1.88,1.88,2.00,2.07,1.91,1.80,1.90,1.60,1.56,1.45,1.52,1.67,1.79,1.83,1.60,1.53,1.57,1.56,1.56,1.56,1.53,1.58,1.69,1.67,1.58,1.52,1.58,1.64,1.42,1.57,1.45,1.35,1.41,1.18,1.17,1.41,1.28,1.09,0.70,0.66,0.85,0.77,0.51,0.46,0.43,0.23,0.15,0.06,0.10,-0.01,0.15,0.38,0.14,0.15,0.87,1.49,1.57,1.57,1.36,1.44,1.99,2.89,3.60,4.42,4.70,4.94,4.74,5.18,4.77,4.05,3.67,2.83,2.40,2.58,2.70,2.62,2.66,2.72,2.63,2.62,2.25,2.26,2.22,1.95,1.85,1.85,1.77,1.66,1.62,1.78,1.97,1.90,2.12,1.89,1.66,1.57,1.50,1.40,1.49,1.72,1.64,1.55,1.50,1.56,1.73,1.77,1.62,1.83,1.63,1.74,1.95,2.07,2.01,1.83,1.91,1.90,1.91,1.89,1.80,1.83,2.01
2.84,2.70,2.63,2.70,2.69,2.45,2.86,2.75,2.68,2.72,2.66,2.77,2.86,2.89,2.87,2.71,2.59,2.65,2.70,2.66,2.66,2.70,2.57,2.37,2.47,2.42,2.23,2.35,2.18,2.01,2.05,2.12,2.06,1.90,1.94,2.07,1.78,2.03,1.97,1.75,1.69,1.84,1.85,1.79,1.84,1.79,1.68,1.62,1.50,1.60,1.66,1.74,1.86,1.63,1.60,1.57,1.58,1.52,1.46,1.40,1.45,1.56,1.53,1.47,1.34,1.49,1.58,1.56,1.49,1.19,1.19,0.97,1.30,1.29,1.47,1.49,0.97,0.80,0.66,0.95,0.80,0.91,0.77,0.56,0.38,0.39,0.41,0.55,0.49,0.51,0.55,0.51,0.81,1.25,1.46,1.51,1.60,1.25,1.12,1.82,2.82,3.57,4.18,4.48,4.19,4.30,4.10,4.10,3.80,3.49,2.43,1.94,2.13,2.19,2.07,2.01,2.01,2.17,2.16,1.94,2.09,1.96,1.94,1.84,1.82,1.77,1.67,1.67,1.73,1.90,2.00,1.78,1.66,1.60,1.61,1.56,1.46,1.46,1.42,1.56,1.41,1.44,1.56,1.66,1.64,1.58,1.68,1.57,1.68,1.94,2.08,1.96,1.91,1.90,1.91,1.88,1.82,1.85,1.80,1.91
2.81,2.72,2.77,2.83,2.74,2.41,2.77,2.60,2.53,2.58,2.74,2.80,2.77,2.78,2.58,2.46,2.54,2.52,2.71,2.74,2.65,2.65,2.64,2.47,2.35,2.40,2.34,2.45,2.20,2.03,2.09,2.19,2.17,2.11,2.19,2.02,2.00,2.02,1.86,1.89,1.86,1.88,1.69,1.61,1.74,1.63,1.61,1.53,1.47,1.56,1.55,1.69,1.86,1.63,1.66,1.56,1.52,1.50,1.53,1.36,1.31,1.46,1.40,1.31,1.33,1.41,1.41,1.27,1.18,1.22,1.07,1.04,1.41,1.24,1.24,1.09,0.91,0.77,0.85,0.84,0.66,0.81,0.86,0.76,0.50,0.46,0.76,0.70,0.60,0.63,0.71,0.82,0.85,1.04,1.29,1.41,1.61,1.53,1.29,1.73,2.47,3.02,3.74,3.94,3.78,3.71,3.57,3.75,3.66,3.32,2.26,1.67,1.64,1.56,1.51,1.58,1.46,1.88,1.84,1.97,1.86,1.77,1.96,1.92,1.82,1.71,1.66,1.75,1.79,1.90,1.84,1.71,1.69,1.77,1.64,1.60,1.67,1.67,1.51,1.52,1.60,1.56,1.62,1.64,1.61,1.58,1.67,1.67,1.75,1.86,1.91,1.89,1.94,1.99,1.74,1.74,1.95,1.99,2.02,2.05
2.84,2.82,2.92,2.98,2.84,2.58,2.70,2.63,2.59,2.62,2.63,2.62,2.93,2.86,2.68,2.70,2.83,2.65,2.74,2.63,2.60,2.69,2.60,2.42,2.33,2.30,2.36,2.39,2.18,2.13,2.14,2.16,2.12,2.09,2.18,1.92,1.86,1.84,1.85,1.78,1.69,1.71,1.55,1.53,1.74,1.78,1.66,1.47,1.30,1.41,1.50,1.63,1.80,1.52,1.55,1.47,1.49,1.52,1.62,1.46,1.35,1.41,1.30,1.18,1.20,1.31,1.33,1.23,1.03,1.12,1.01,1.06,1.08,1.07,1.25,0.88,0.96,0.81,0.85,0.92,0.76,0.87,0.91,1.06,0.88,0.55,0.60,0.58,0.55,0.51,0.67,0.92,0.82,1.02,1.33,1.44,1.62,1.58,1.03,1.55,2.07,2.62,3.44,3.71,3.56,3.35,3.54,3.63,3.50,3.24,2.35,1.57,1.30,1.12,1.14,1.35,1.24,1.45,1.58,1.91,1.63,1.67,1.82,1.68,1.57,1.64,1.68,1.62,1.80,1.92,1.89,1.80,1.61,1.74,1.77,1.57,1.41,1.30,1.38,1.52,1.66,1.61,1.57,1.55,1.50,1.56,1.67,1.69,1.78,1.84,1.83,1.84,1.96,1.99,1.79,1.80,2.00,1.99,1.92,1.85
2.86,2.71,2.80,2.77,2.66,2.76,2.72,2.58,2.63,2.63,2.46,2.57,2.77,2.71,2.58,2.55,2.57,2.57,2.52,2.60,2.57,2.48,2.41,2.33,2.26,2.31,2.18,2.24,2.07,2.14,2.16,2.12,2.08,2.11,2.09,1.84,1.79,2.00,1.62,1.68,1.73,1.69,1.58,1.63,1.73,1.60,1.46,1.49,1.33,1.25,1.55,1.63,1.68,1.50,1.49,1.51,1.47,1.46,1.53,1.51,1.53,1.44,1.28,1.15,0.90,0.96,1.07,0.98,1.02,1.07,0.96,0.87,1.09,1.01,1.28,0.93,1.00,0.90,0.86,1.01,0.70,0.86,0.86,0.79,0.86,0.72,0.67,0.55,0.48,0.51,0.61,0.81,0.84,0.92,1.18,1.41,1.64,1.41,1.31,1.88,2.23,2.84,3.52,3.42,3.55,3.36,3.60,3.62,3.53,3.30,2.62,1.72,1.17,1.00,1.01,1.25,1.17,1.13,1.50,1.75,1.47,1.57,1.75,1.66,1.49,1.55,1.62,1.38,1.66,1.60,1.94,1.66,1.62,1.72,1.72,1.55,1.38,1.39,1.60,1.58,1.66,1.60,1.58,1.55,1.45,1.58,1.63,1.64,1.78,1.85,1.78,1.75,1.69,1.84,1.73,1.68,1.86,1.92,1.82,1.79
2.65,2.58,2.65,2.55,2.52,2.78,2.72,2.45,2.58,2.52,2.40,2.52,2.60,2.60,2.64,2.62,2.53,2.47,2.70,2.58,2.51,2.49,2.53,2.35,2.17,2.33,2.13,2.17,2.03,2.11,2.18,2.08,2.06,2.12,2.00,1.79,1.80,1.79,1.53,1.60,1.66,1.69,1.63,1.52,1.45,1.41,1.44,1.60,1.49,1.36,1.41,1.69,1.73,1.56,1.50,1.50,1.42,1.38,1.44,1.55,1.67,1.52,1.34,1.19,0.82,0.90,0.98,0.98,1.09,1.15,0.97,0.87,1.15,1.08,1.11,0.96,1.02,1.02,0.84,0.77,0.64,0.86,0.88,0.84,0.96,0.64,0.45,0.37,0.33,0.45,0.54,0.63,0.72,0.87,1.24,1.51,1.61,1.39,1.28,1.95,2.49,2.88,3.36,3.46,3.55,3.26,3.41,3.42,3.43,3.24,2.74,1.94,1.19,0.92,0.84,1.00,0.93,1.11,1.31,1.53,1.47,1.53,1.62,1.63,1.68,1.73,1.66,1.52,1.80,1.75,1.94,1.86,1.92,1.88,1.74,1.57,1.40,1.49,1.57,1.53,1.62,1.57,1.57,1.64,1.61,1.62,1.72,1.84,1.80,1.66,1.67,2.00,1.77,1.71,1.68,1.79,2.05,2.06,1.96,1.82
2.99,2.62,2.54,2.57,2.60,2.60,2.63,2.64,2.60,2.51,2.41,2.39,2.58,2.60,2.64,2.59,2.57,2.57,2.59,2.59,2.41,2.40,2.35,2.30,2.24,2.09,1.99,2.08,2.07,2.09,2.23,2.09,2.00,2.05,2.03,1.88,1.77,1.61,1.66,1.61,1.52,1.64,1.78,1.66,1.52,1.61,1.71,1.63,1.39,1.63,1.35,1.53,1.74,1.50,1.50,1.45,1.41,1.50,1.51,1.55,1.57,1.49,1.36,1.19,1.03,1.06,1.01,1.08,1.04,1.06,0.98,0.86,1.03,1.03,1.08,1.03,1.02,0.88,0.75,0.64,0.75,0.79,0.80,0.93,1.13,0.66,0.29,0.19,0.24,0.41,0.46,0.51,0.69,0.84,1.23,1.42,1.44,1.38,1.17,1.68,2.26,2.54,2.76,2.98,3.07,2.83,2.86,2.83,2.88,2.89,2.52,1.89,1.27,0.74,0.56,0.56,0.65,0.93,0.92,1.24,1.27,1.20,1.23,1.34,1.44,1.53,1.61,1.41,1.64,1.80,2.08,1.94,1.94,1.90,1.74,1.62,1.55,1.58,1.58,1.55,1.67,1.62,1.52,1.57,1.61,1.67,1.74,1.74,1.73,1.69,1.60,1.75,1.85,1.78,1.75,1.83,1.94,1.90,2.07,2.01
2.96,2.62,2.59,2.58,2.58,2.54,2.46,2.35,2.48,2.49,2.35,2.30,2.68,2.57,2.47,2.57,2.60,2.46,2.36,2.51,2.23,2.19,2.19,2.11,2.07,2.14,2.19,2.09,2.14,1.97,2.16,2.09,1.92,1.91,2.01,1.97,1.77,1.52,1.74,1.56,1.53,1.71,1.73,1.66,1.57,1.55,1.61,1.51,1.29,1.27,1.11,1.53,1.73,1.50,1.41,1.45,1.42,1.49,1.34,1.28,1.35,1.36,1.27,1.15,1.09,1.00,0.93,1.02,1.08,0.93,0.95,0.84,0.85,0.90,1.11,1.06,1.04,0.86,0.72,0.67,0.87,0.90,0.84,0.98,1.18,0.67,0.25,0.14,0.17,0.32,0.37,0.51,0.71,0.86,1.25,1.29,1.25,1.33,1.34,1.57,1.82,2.03,2.16,2.22,2.28,2.30,2.23,2.05,2.09,2.40,2.30,1.77,1.25,0.76,0.50,0.48,0.60,0.66,0.66,0.88,1.28,1.20,1.18,1.41,1.50,1.36,1.42,1.24,1.71,1.75,1.96,1.83,1.78,1.75,1.62,1.52,1.57,1.57,1.68,1.72,1.77,1.73,1.61,1.51,1.52,1.49,1.84,1.88,1.68,1.57,1.66,1.75,1.75,1.73,1.71,1.74,1.90,1.83,1.97,2.07
2.81,2.51,2.62,2.55,2.57,2.59,2.35,2.45,2.39,2.35,2.28,2.37,2.69,2.40,2.36,2.58,2.47,2.23,2.19,2.17,1.97,2.05,2.09,2.05,2.00,1.95,1.82,1.94,1.80,1.92,1.94,1.90,1.86,1.82,1.86,1.94,1.80,1.53,1.75,1.52,1.52,1.71,1.63,1.60,1.66,1.67,1.55,1.47,1.27,1.23,1.35,1.52,1.79,1.64,1.38,1.35,1.42,1.52,1.31,1.27,1.49,1.47,1.29,1.20,1.08,0.96,0.98,0.98,1.14,0.95,0.84,0.92,0.87,0.95,1.07,0.93,1.08,0.91,0.72,0.70,0.97,1.04,0.91,0.98,1.09,0.63,0.29,0.22,0.13,0.25,0.43,0.55,0.75,0.82,1.20,1.31,1.13,1.34,1.47,1.62,1.56,1.60,1.75,1.94,1.85,1.99,1.89,1.60,1.55,1.85,2.06,1.85,1.44,1.01,0.64,0.70,0.67,0.58,0.64,1.03,1.31,1.25,1.27,1.41,1.34,1.27,1.29,1.31,1.72,1.74,1.69,1.68,1.67,1.66,1.58,1.56,1.51,1.40,1.55,1.66,1.68,1.63,1.60,1.68,1.86,1.67,1.72,1.75,1.66,1.47,1.50,1.60,1.73,1.74,1.67,1.63,1.88,1.84,1.82,1.88
2.83,2.53,2.63,2.49,2.42,2.40,2.47,2.68,2.33,2.20,2.22,2.26,2.26,2.07,2.39,2.41,2.19,2.06,2.09,1.97,1.94,1.89,2.02,1.92,1.82,1.79,1.84,2.03,1.63,2.05,1.96,2.00,1.95,1.89,1.80,1.72,1.71,1.58,1.72,1.52,1.41,1.61,1.55,1.51,1.60,1.67,1.66,1.55,1.30,1.30,1.38,1.66,1.78,1.55,1.44,1.23,1.29,1.36,1.34,1.42,1.61,1.51,1.20,1.03,0.92,0.88,0.95,0.91,0.95,0.93,0.80,1.00,1.06,1.09,1.06,0.87,0.95,0.76,0.64,0.72,0.91,1.03,0.95,1.02,1.06,0.65,0.33,0.23,0.09,0.28,0.53,0.48,0.72,0.79,1.11,1.33,1.07,1.31,1.42,1.34,1.36,1.40,1.46,1.31,1.52,1.64,1.68,1.56,1.42,1.50,1.63,1.57,1.52,1.34,0.70,0.08,0.63,0.71,0.61,0.97,1.19,1.18,1.28,1.35,1.15,1.25,1.27,1.35,1.52,1.68,1.69,1.64,1.67,1.71,1.68,1.78,1.66,1.52,1.53,1.63,1.68,1.60,1.49,1.73,1.84,1.80,1.80,1.75,1.67,1.56,1.53,1.66,1.69,1.74,1.74,1.63,1.78,1.74,1.75,1.80
2.93,2.60,2.64,2.42,2.43,2.53,2.49,2.59,2.41,2.39,2.29,2.16,2.13,2.07,1.95,2.03,1.90,1.89,2.03,1.89,1.90,1.83,1.97,1.82,1.75,1.78,1.75,1.69,1.56,1.89,1.72,1.92,2.03,1.91,1.71,1.53,1.51,1.51,1.62,1.44,1.36,1.55,1.56,1.57,1.52,1.58,1.66,1.55,1.31,1.17,1.29,1.40,1.57,1.58,1.49,1.47,1.42,1.41,1.42,1.41,1.62,1.72,1.41,1.01,0.84,0.81,0.77,0.91,1.07,1.09,1.03,1.03,1.01,0.98,0.95,0.98,0.76,0.64,0.66,0.74,0.77,1.09,0.98,1.12,1.14,0.72,0.25,0.07,0.07,0.29,0.40,0.22,0.55,0.91,1.29,1.22,1.15,1.17,1.14,1.02,1.40,1.15,1.25,0.98,1.09,1.30,1.23,1.29,1.23,1.15,1.41,1.46,1.40,1.19,0.90,0.37,0.54,0.72,0.67,0.82,0.90,0.93,1.01,1.08,1.04,1.28,1.12,1.27,1.40,1.63,1.74,1.67,1.68,1.80,1.69,1.44,1.62,1.57,1.40,1.53,1.77,1.79,1.63,1.67,1.64,1.63,1.61,1.61,1.62,1.61,1.62,1.67,1.63,1.66,1.82,1.73,1.72,1.75,1.82,1.82
2.76,2.58,2.72,2.52,2.59,2.55,2.46,2.60,2.66,2.64,2.35,2.09,2.09,2.12,1.71,1.78,1.72,1.79,1.85,1.72,1.85,1.86,1.88,1.79,1.84,1.86,1.78,1.72,1.49,1.77,1.62,1.73,1.88,1.84,1.72,1.58,1.50,1.60,1.42,1.25,1.39,1.60,1.58,1.60,1.52,1.55,1.61,1.50,1.35,1.35,1.24,1.17,1.41,1.57,1.36,1.50,1.30,1.30,1.34,1.22,1.25,1.45,1.24,0.87,0.91,0.90,0.86,1.12,1.07,0.85,0.79,1.01,0.77,0.81,0.91,0.84,0.79,0.58,0.66,0.72,0.91,1.17,1.00,1.11,1.18,0.72,0.19,0.06,0.20,0.38,0.39,0.17,0.48,0.84,1.13,1.17,1.17,1.09,0.88,0.90,1.49,0.98,0.93,0.77,0.72,1.02,1.08,1.17,1.27,1.17,1.19,1.28,1.23,0.98,0.84,0.37,0.45,0.51,0.56,0.75,0.79,0.77,0.82,0.88,1.02,1.19,0.92,1.20,1.45,1.67,1.62,1.53,1.66,1.78,1.57,1.38,1.61,1.47,1.57,1.67,1.82,1.91,1.67,1.67,1.78,1.69,1.63,1.62,1.56,1.68,1.68,1.52,1.53,1.71,1.78,1.58,1.73,1.80,1.71,1.63
2.63,2.80,2.92,2.80,2.53,2.39,2.43,2.59,2.69,2.52,2.18,2.06,2.09,1.91,1.77,1.72,1.89,1.92,1.84,1.84,1.91,1.82,1.72,1.79,1.91,1.94,1.84,1.69,1.53,1.86,1.62,1.57,1.73,1.73,1.68,1.67,1.62,1.47,1.44,1.41,1.56,1.60,1.47,1.47,1.47,1.51,1.50,1.40,1.42,1.49,1.23,1.20,1.35,1.35,1.28,1.40,1.28,1.25,1.40,1.44,1.46,1.28,1.12,1.00,0.92,0.98,0.95,1.06,1.19,1.13,0.69,0.46,0.74,0.76,0.88,0.97,0.71,0.67,0.53,0.72,0.86,0.87,0.80,1.00,1.00,0.60,0.25,0.18,0.17,0.24,0.44,0.50,0.46,0.44,0.95,1.34,1.04,1.18,1.07,1.03,1.25,1.12,0.91,0.84,0.93,0.98,0.86,0.96,1.08,1.00,1.12,1.03,1.13,1.02,0.65,0.44,0.50,0.43,0.46,0.65,0.74,0.74,0.86,0.97,0.97,1.01,0.92,1.15,1.36,1.58,1.73,1.63,1.44,1.45,1.67,1.42,1.68,1.49,1.49,1.56,1.68,1.84,1.60,1.69,1.86,1.80,1.72,1.72,1.62,1.69,1.73,1.66,1.62,1.64,1.64,1.53,1.60,1.53,1.45,1.49
2.78,2.76,2.86,2.57,2.39,2.35,2.45,2.51,2.45,2.31,2.13,2.17,2.14,1.90,1.95,2.09,1.99,1.85,1.90,2.02,1.89,1.60,1.66,1.73,1.96,2.00,1.82,1.73,1.71,2.07,1.82,1.78,1.77,1.90,1.83,1.62,1.52,1.50,1.50,1.45,1.35,1.53,1.53,1.58,1.44,1.45,1.45,1.35,1.40,1.47,1.24,1.20,1.33,1.23,1.25,1.25,1.24,1.35,1.40,1.31,1.36,1.40,1.11,0.93,1.18,1.27,1.14,1.19,1.04,1.18,0.74,0.80,1.06,1.07,0.80,0.71,0.82,0.74,0.74,0.53,0.77,0.67,0.96,1.07,1.06,0.71,0.28,0.20,0.28,0.34,0.48,0.43,0.22,0.18,1.01,1.30,1.15,1.24,1.00,1.02,1.06,0.85,0.63,0.51,0.66,0.77,0.75,0.98,1.13,1.00,1.19,0.93,1.01,1.06,0.93,0.56,0.59,0.53,0.50,0.59,0.67,0.74,0.88,1.04,0.77,0.90,1.00,0.96,1.13,1.18,1.34,1.52,1.50,1.56,1.72,1.41,1.46,1.52,1.47,1.47,1.56,1.63,1.51,1.67,1.78,1.73,1.69,1.77,1.78,1.57,1.69,1.73,1.71,1.69,1.68,1.51,1.47,1.44,1.45,1.55
2.66,2.77,2.86,2.59,2.30,2.26,2.39,2.49,2.28,2.36,2.26,2.39,2.33,2.07,2.11,2.37,2.14,2.07,2.12,2.16,2.22,1.99,1.83,1.75,2.13,2.07,1.96,1.97,1.89,2.17,2.02,1.90,1.94,2.14,1.90,1.68,1.66,1.55,1.53,1.33,1.33,1.64,1.73,1.64,1.51,1.58,1.67,1.44,1.29,1.45,1.24,1.09,1.27,1.12,1.17,1.23,1.24,1.42,1.39,1.31,1.36,1.42,1.14,1.04,1.29,1.28,1.23,1.35,1.29,1.02,0.88,0.76,1.17,0.85,0.88,0.88,0.92,0.67,0.65,0.69,0.74,0.65,0.84,0.98,0.95,0.79,0.55,0.44,0.38,0.24,0.19,0.12,0.04,0.30,0.74,1.00,1.11,1.00,0.92,1.22,1.14,0.70,0.48,0.49,0.54,0.65,0.69,0.74,0.82,0.82,1.03,0.93,0.93,1.09,1.08,0.75,0.66,0.66,0.64,0.61,0.70,0.81,0.90,0.87,0.67,0.84,1.03,0.95,1.24,1.52,1.71,1.71,1.40,1.55,1.53,1.51,1.41,1.61,1.62,1.53,1.61,1.51,1.44,1.64,1.72,1.62,1.62,2.05,1.94,1.89,1.78,1.72,1.73,1.69,1.46,1.41,1.49,1.51,1.49,1.50
2.64,2.64,2.46,2.45,2.33,2.24,2.31,2.42,2.40,2.51,2.36,2.51,2.43,2.24,2.20,2.48,2.45,2.30,2.29,2.34,2.26,2.35,2.20,2.17,2.24,2.28,2.30,2.24,2.05,2.17,2.14,1.97,2.02,2.16,1.90,1.72,1.64,1.63,1.57,1.42,1.49,1.71,1.74,1.61,1.69,1.82,1.69,1.42,1.31,1.33,1.23,1.07,1.11,1.01,1.17,1.22,1.24,1.44,1.36,1.35,1.36,1.40,1.19,1.12,1.18,1.09,1.18,1.40,1.39,1.14,1.09,1.06,1.18,1.28,0.93,0.91,0.75,0.65,0.58,0.74,0.84,0.82,0.98,1.14,1.07,0.86,0.75,0.75,0.63,0.33,0.24,0.25,0.15,0.55,1.02,1.23,1.12,1.13,1.24,1.27,1.22,0.72,0.49,0.43,0.41,0.49,0.51,0.51,0.64,0.76,1.00,1.01,0.95,1.18,1.07,0.92,0.79,0.77,0.70,0.67,0.75,0.82,1.04,1.01,0.79,0.91,1.11,1.24,1.27,1.30,1.45,1.55,1.47,1.56,1.69,1.67,1.51,1.56,1.68,1.64,1.63,1.58,1.35,1.72,1.78,1.60,1.52,1.90,1.85,1.72,1.71,1.62,1.53,1.68,1.51,1.60,1.57,1.58,1.57,1.34
2.60,2.51,2.42,2.53,2.18,2.14,2.28,2.39,2.40,2.47,2.39,2.36,2.35,2.29,2.30,2.51,2.41,2.35,2.31,2.31,2.34,2.22,2.28,2.17,2.58,2.45,2.37,2.31,2.11,2.23,2.20,2.16,2.02,2.09,1.97,1.75,1.74,1.86,1.78,1.47,1.63,1.68,1.73,1.50,1.55,1.64,1.55,1.39,1.24,1.22,1.36,1.23,1.07,1.04,1.23,1.13,1.29,1.46,1.33,1.38,1.35,1.36,1.22,1.19,1.17,1.08,1.19,1.28,1.30,1.22,1.27,1.22,1.38,1.42,1.44,1.07,0.91,0.81,0.74,0.74,0.71,0.91,1.06,1.15,1.14,1.04,0.97,0.92,0.77,0.53,0.40,0.58,0.37,0.58,0.87,1.27,1.22,1.25,1.08,1.24,1.06,0.70,0.40,0.35,0.32,0.37,0.46,0.48,0.61,0.75,1.03,1.07,1.00,1.17,1.22,1.03,0.92,0.81,0.69,0.59,0.60,0.80,0.93,0.91,0.75,0.84,0.82,1.09,1.34,1.35,1.40,1.66,1.63,1.51,1.56,1.60,1.57,1.47,1.53,1.69,1.52,1.72,1.40,1.78,1.94,1.75,1.67,1.68,1.72,1.77,1.68,1.57,1.61,1.77,1.58,1.72,1.68,1.57,1.62,1.36
2.47,2.45,2.43,2.41,2.12,2.08,2.45,2.60,2.35,2.35,2.55,2.52,2.30,2.22,2.34,2.43,2.26,2.46,2.39,2.40,2.41,2.17,2.42,2.19,2.30,2.11,2.14,2.12,2.03,2.16,2.14,2.28,2.13,2.19,2.03,1.83,1.91,2.06,1.91,1.57,1.67,1.75,1.75,1.89,1.77,2.01,1.91,1.57,1.44,1.52,1.55,1.47,1.44,1.13,0.98,1.23,1.44,1.47,1.30,1.41,1.34,1.33,1.20,1.17,1.15,1.20,1.25,1.13,1.18,1.12,1.22,1.15,1.33,1.33,1.60,0.98,0.80,0.76,0.65,0.67,0.67,0.96,1.08,1.11,1.09,1.18,1.19,1.01,0.91,0.77,0.61,0.63,0.45,0.55,0.72,1.24,1.33,1.28,0.92,1.23,0.96,0.66,0.35,0.27,0.28,0.32,0.46,0.56,0.58,0.59,0.91,1.11,0.98,1.00,1.30,1.15,1.04,0.76,0.70,0.98,1.00,0.75,0.90,0.93,0.84,0.80,0.75,0.95,1.24,1.38,1.45,1.75,1.64,1.46,1.39,1.39,1.51,1.47,1.41,1.67,1.51,1.71,1.82,1.74,1.66,1.61,1.62,1.75,1.57,1.78,1.83,1.67,1.66,1.79,1.57,1.64,1.71,1.64,1.62,1.66
2.37,2.39,2.39,2.24,2.17,2.16,2.45,2.48,2.36,2.30,2.30,2.25,2.25,2.17,2.11,2.33,2.47,2.60,2.48,2.51,2.46,2.29,2.47,2.19,2.33,2.22,2.28,2.28,2.23,2.24,2.25,2.28,2.13,2.23,2.01,1.96,2.00,2.02,1.91,1.62,1.60,1.69,1.75,1.79,1.83,1.94,1.82,1.58,1.41,1.41,1.47,1.39,1.25,1.20,1.39,1.13,1.24,1.14,1.11,1.36,1.30,1.27,1.20,1.14,1.15,1.27,1.25,1.08,1.14,1.07,1.09,1.06,1.14,1.28,1.33,0.81,0.69,0.59,0.58,0.65,0.80,0.98,1.00,1.03,1.06,1.17,1.20,1.02,0.96,0.76,0.66,0.63,0.55,0.60,0.86,1.14,1.36,1.18,0.98,1.15,0.91,0.65,0.35,0.17,0.28,0.37,0.39,0.59,0.60,0.46,0.75,1.18,0.91,0.86,1.06,1.01,0.95,0.84,0.75,0.84,0.84,0.66,0.76,0.81,0.75,0.77,0.84,0.88,1.04,1.22,1.33,1.66,1.51,1.41,1.49,1.45,1.49,1.53,1.50,1.51,1.66,1.80,1.88,1.90,1.84,1.73,1.68,1.84,1.73,1.77,1.89,1.86,1.71,1.77,1.57,1.56,1.68,1.79,1.74,1.53
2.36,2.37,2.39,2.26,2.22,2.22,2.34,2.41,2.40,2.41,2.31,2.36,2.31,2.22,2.29,2.52,2.51,2.57,2.45,2.48,2.43,2.31,2.35,2.25,2.35,2.20,2.13,2.18,2.19,2.16,2.26,2.06,2.16,2.08,2.02,2.06,1.94,1.88,1.79,1.60,1.52,1.64,1.75,1.72,1.69,1.80,1.77,1.60,1.40,1.35,1.46,1.45,1.40,1.20,1.07,1.24,1.18,1.25,1.20,1.24,1.40,1.38,1.29,1.38,1.38,1.28,1.19,1.12,1.20,1.14,1.09,1.03,1.11,1.24,1.12,0.85,0.76,0.55,0.63,0.67,0.77,0.87,0.87,0.98,1.04,1.08,1.02,0.91,0.90,0.67,0.66,0.59,0.64,0.79,1.09,1.04,1.23,1.14,1.13,1.09,0.87,0.63,0.30,0.18,0.32,0.45,0.50,0.51,0.59,0.65,0.71,1.01,1.12,0.93,1.11,0.87,0.82,0.82,0.76,0.87,0.85,0.76,0.69,0.87,0.71,0.72,0.80,0.84,0.91,1.04,1.15,1.38,1.41,1.35,1.58,1.60,1.50,1.47,1.50,1.67,1.61,1.62,1.60,1.64,1.71,1.67,1.72,1.88,1.86,1.78,1.74,1.90,1.94,2.00,1.71,1.58,1.73,1.82,1.63,1.49
2.35,2.23,2.28,2.34,2.19,2.20,2.42,2.34,2.29,2.36,2.22,2.18,2.08,2.11,2.17,2.16,2.19,2.46,2.39,2.39,2.34,2.26,2.29,2.33,2.35,2.25,2.09,2.11,2.12,2.05,2.06,2.11,2.22,2.16,2.24,2.01,2.03,1.83,1.61,1.55,1.57,1.73,1.73,1.68,1.60,1.68,1.64,1.52,1.44,1.42,1.45,1.49,1.38,1.12,1.35,1.19,1.02,1.04,1.22,1.56,1.36,1.11,1.12,1.27,1.25,1.27,1.24,1.14,1.18,1.13,1.19,0.98,1.13,1.17,1.25,1.02,0.81,0.55,0.55,0.58,0.58,0.63,0.84,0.98,1.02,1.03,0.87,0.80,0.87,0.64,0.74,0.54,0.61,1.01,1.19,1.07,1.02,1.20,1.13,1.22,1.00,0.59,0.34,0.29,0.20,0.27,0.53,0.53,0.56,0.74,0.76,0.77,0.92,0.86,1.07,0.97,0.98,0.96,0.75,0.82,0.90,0.72,0.63,0.81,0.76,0.70,0.76,0.79,0.82,0.96,1.11,1.24,1.41,1.34,1.57,1.51,1.29,1.31,1.42,1.67,1.72,1.62,1.60,1.64,1.71,1.69,1.78,1.85,1.78,1.68,1.71,1.80,1.60,1.64,1.78,1.75,1.68,1.77,1.57,1.42
2.34,2.33,2.30,2.29,2.41,2.47,2.47,2.14,2.07,2.18,2.03,2.16,1.85,2.17,2.25,2.09,2.40,2.76,2.47,2.37,2.41,2.46,2.47,2.34,2.35,2.34,2.17,2.13,2.13,2.06,2.02,2.26,2.23,2.34,2.01,1.90,1.71,1.83,1.75,1.52,1.66,1.74,1.62,1.44,1.63,1.57,1.56,1.52,1.47,1.38,1.33,1.42,1.30,0.96,1.12,0.96,1.04,1.14,1.17,1.44,1.09,1.01,1.06,1.20,1.31,1.24,1.17,1.28,1.35,1.24,1.29,0.84,0.98,1.24,1.49,0.95,0.79,0.29,0.34,0.38,0.51,0.63,0.81,0.93,1.01,1.06,0.90,0.88,0.96,0.64,0.77,0.74,0.74,1.13,1.27,1.12,1.00,1.06,0.92,1.14,0.96,0.53,0.19,0.17,0.24,0.04,0.15,0.23,0.45,0.87,0.70,0.58,0.91,1.04,1.09,1.02,0.98,0.95,0.74,0.79,0.81,0.72,0.65,0.72,0.81,0.76,0.80,0.82,0.63,0.65,0.79,1.09,1.38,1.33,1.39,1.25,1.12,1.33,1.29,1.46,1.44,1.52,1.58,1.66,1.69,1.73,1.85,1.84,1.75,1.72,1.74,1.82,1.58,1.71,1.75,1.69,1.64,1.75,1.57,1.49
2.13,2.29,2.33,2.31,2.35,2.30,2.18,1.97,2.05,2.11,2.01,2.26,1.90,2.24,2.17,2.02,2.36,2.65,2.35,2.40,2.34,2.33,2.37,2.24,2.18,2.29,2.19,2.13,2.16,2.09,2.11,2.25,2.14,2.25,2.01,1.86,1.69,1.73,1.64,1.52,1.51,1.52,1.57,1.46,1.64,1.62,1.62,1.56,1.42,1.36,1.36,1.36,1.25,0.97,1.02,1.01,1.13,1.15,1.12,1.38,1.25,1.02,1.12,1.15,1.19,1.33,1.36,1.24,1.23,1.41,1.39,1.03,1.30,1.51,1.40,0.96,0.54,0.45,0.49,0.45,0.46,0.64,0.77,0.66,0.81,1.02,0.96,1.00,1.06,1.04,0.91,0.81,1.22,1.28,1.18,1.12,1.25,1.01,1.01,1.00,0.79,0.46,0.22,0.08,0.01,0.06,0.34,0.28,0.24,0.64,0.65,0.69,0.96,1.13,1.18,1.06,0.93,0.86,0.79,0.92,0.81,0.85,0.79,0.87,0.92,0.81,0.72,0.72,0.71,0.85,0.86,0.91,1.09,1.18,1.18,1.04,0.95,1.08,1.11,1.39,1.29,1.44,1.50,1.45,1.50,1.44,1.74,1.85,1.79,1.69,1.68,1.68,1.63,1.79,1.84,1.72,1.67,1.74,1.60,1.51
2.12,2.18,2.22,2.22,2.13,2.07,2.41,2.01,2.08,2.17,2.05,2.08,2.08,2.20,2.11,2.09,2.30,2.55,2.30,2.42,2.45,2.34,2.20,2.02,1.88,2.16,2.12,2.14,2.12,2.05,2.08,2.20,2.14,2.09,2.08,1.80,1.75,1.86,1.56,1.24,1.25,1.36,1.60,1.56,1.62,1.79,1.62,1.47,1.36,1.49,1.52,1.40,1.31,1.08,1.12,1.13,1.28,1.30,1.31,1.39,1.36,1.24,1.38,1.39,1.47,1.45,1.28,1.30,1.39,1.34,1.33,1.11,1.46,1.40,1.40,1.08,0.63,0.43,0.41,0.20,0.44,0.66,0.76,0.88,0.98,1.01,0.98,1.03,1.13,0.98,1.14,1.04,1.15,1.30,1.22,1.13,1.01,1.14,1.12,1.14,1.01,0.59,0.30,0.30,0.29,0.38,0.43,0.32,0.34,0.61,0.70,0.70,0.95,1.18,1.34,1.28,1.09,0.98,0.90,1.12,1.12,0.96,0.80,0.95,0.97,0.84,0.91,1.08,0.93,0.91,1.00,1.12,1.18,1.15,1.15,1.12,0.95,0.92,0.96,1.28,1.30,1.50,1.51,1.30,1.52,1.49,1.62,1.69,1.63,1.46,1.36,1.66,1.68,1.74,1.82,1.78,1.74,1.71,1.55,1.46
