-1.43,-1.96,-2.64,-3.69,-4.37,-5.65,-6.48,-7.12,-7.90,-7.56,-7.43,-7.64,-7.67,-7.72,-8.20,-7.79,-7.94,-8.13,-8.29,-8.23,-7.90,-7.75,-7.94,-7.94,-7.56,-7.18,-6.86,-6.81,-7.34,-8.12,-8.80,-8.56,-8.49,-8.30,-8.02,-8.09,-8.42,-8.58,-8.47,-8.81,-8.58,-8.47,-8.54,-8.45,-8.45,-8.49,-8.45,-8.29,-7.89,-7.20,-5.92,-4.20,-2.87,-2.25,-1.72,-1.15,-0.88,-0.75,-0.66,-0.43,-0.34,-0.56,-0.53,-0.29,-0.18,-0.18,-0.34,-0.36,-0.42,-0.16,-0.13,-0.16,-0.31,-0.24,-0.53,-0.77,-0.97,-1.02,-0.87,-1.12,-1.19,-1.06,-1.41,-2.01,-2.16,-2.16,-2.43,-2.52,-2.84,-3.15,-2.87,-2.59,-2.43,-2.54,-2.51,-2.65,-3.05,-3.52,-4.38,-4.85,-5.54,-6.36,-4.79,-2.42,-0.53,0.69,1.22,0.96,0.84,0.85,0.95,1.08,1.22,1.38,1.09,0.98,1.17,0.55,0.43,0.19,0.12,0.45,0.91,1.11,1.07,1.18,1.07,1.04,1.06,1.08,0.96,0.75,0.56,0.56,0.84,0.28,0.67,0.49,0.19,0.02,0.02,0.10,-0.03,0.03,0.04,0.06,-0.11,-0.47,-0.56,-0.61,-0.36,-0.23,-0.26,0.04,-0.28,-0.02,0.09,0.06,0.02,-0.09
-1.78,-2.41,-3.17,-3.91,-4.42,-5.48,-6.38,-6.93,-7.80,-8.13,-7.65,-7.45,-7.53,-7.69,-8.00,-7.69,-7.69,-8.05,-8.22,-8.00,-7.69,-7.75,-7.87,-7.79,-7.50,-6.90,-6.35,-6.23,-6.58,-7.23,-8.44,-8.44,-8.01,-8.05,-7.98,-7.94,-8.23,-8.26,-7.82,-8.47,-8.37,-8.29,-8.29,-8.22,-8.22,-8.15,-7.96,-7.91,-7.50,-6.23,-4.70,-3.15,-1.95,-1.78,-1.14,-0.47,-0.43,-0.51,-0.53,-0.42,-0.28,-0.46,-0.33,-0.22,-0.11,0.06,-0.26,-0.14,-0.07,-0.08,-0.09,-0.11,-0.13,-0.14,-0.23,-0.29,-0.58,-0.81,-0.63,-0.78,-0.88,-0.90,-0.82,-1.03,-1.78,-2.06,-2.11,-2.75,-2.30,-2.60,-2.68,-2.56,-2.52,-2.51,-2.36,-2.36,-2.50,-2.69,-3.26,-3.50,-3.78,-4.84,-3.99,-2.10,-0.49,0.58,0.98,0.77,0.81,1.03,1.07,1.11,1.38,1.41,1.13,0.88,0.53,0.51,0.39,0.43,0.30,0.53,0.97,1.06,0.84,0.65,0.44,0.32,0.33,0.34,0.20,-0.12,-0.29,-0.03,0.04,-0.21,0.28,0.14,-0.32,-0.32,-0.06,-0.14,-0.04,0.12,0.06,-0.11,-0.34,-0.57,-0.42,-0.44,-0.37,-0.08,0.28,0.23,-0.46,0.25,0.28,0.25,0.30,0.34
-2.11,-3.00,-3.97,-4.51,-5.19,-5.89,-6.44,-6.89,-7.58,-8.24,-7.74,-7.58,-7.60,-7.31,-7.52,-7.54,-7.48,-7.80,-8.08,-7.83,-7.52,-7.82,-7.71,-7.42,-7.18,-6.46,-5.42,-5.09,-5.71,-6.70,-8.20,-8.19,-7.86,-7.64,-7.75,-7.86,-7.80,-7.72,-7.41,-8.04,-8.26,-8.27,-8.15,-7.97,-7.96,-7.86,-7.39,-7.19,-6.82,-5.33,-3.43,-2.60,-1.77,-1.34,-1.07,-0.62,-0.54,-0.47,-0.34,-0.32,-0.16,-0.16,-0.39,0.09,-0.11,-0.11,-0.09,-0.34,-0.09,0.07,-0.01,-0.16,-0.17,-0.02,0.04,-0.19,-0.61,-0.73,-0.53,-0.54,-0.53,-0.46,-0.62,-0.64,-1.24,-1.53,-2.06,-2.55,-2.36,-2.43,-2.66,-2.73,-2.52,-2.30,-2.16,-2.23,-2.46,-2.57,-2.55,-2.61,-3.01,-3.39,-2.97,-1.97,-0.72,0.09,0.56,0.56,0.74,1.00,1.09,1.18,1.34,1.28,1.08,0.86,0.54,0.39,0.14,-0.16,-0.03,0.32,0.56,0.35,-0.08,0.04,-0.27,-0.59,-0.46,-0.31,-0.24,-0.58,-0.75,-0.32,-0.28,-0.69,-0.27,-0.19,-0.38,-0.41,-0.38,-0.34,-0.13,0.07,0.12,-0.02,-0.22,-0.38,-0.27,0.03,-0.03,0.18,0.53,0.67,0.32,0.70,0.80,0.70,0.56,0.55
-2.33,-3.36,-4.56,-5.16,-5.56,-6.15,-6.75,-7.03,-7.48,-7.52,-7.58,-7.65,-7.65,-7.34,-7.63,-7.23,-7.22,-7.53,-7.79,-7.56,-7.19,-7.63,-7.33,-6.81,-6.17,-5.48,-4.84,-4.39,-5.07,-6.73,-7.69,-7.74,-7.69,-7.69,-7.69,-7.64,-7.31,-7.38,-7.24,-7.68,-7.98,-8.16,-8.19,-7.94,-7.74,-7.68,-7.31,-6.73,-5.85,-4.39,-2.88,-1.93,-1.49,-1.19,-0.80,-0.32,-0.21,-0.28,-0.39,-0.46,-0.22,-0.03,-0.09,-0.12,0.15,-0.03,0.02,0.12,0.01,0.04,0.03,-0.12,-0.07,0.13,0.13,-0.03,-0.36,-0.63,-0.57,-0.49,-0.43,-0.48,-0.61,-0.81,-1.07,-1.15,-1.65,-1.99,-2.15,-2.42,-2.36,-2.43,-2.55,-2.42,-2.01,-1.83,-2.10,-2.45,-2.52,-2.16,-2.07,-2.37,-2.33,-1.99,-1.27,-0.48,0.13,0.39,0.46,0.65,0.90,1.00,0.98,0.80,0.54,0.54,0.20,-0.36,-0.31,-0.63,-0.47,-0.33,-0.28,-0.48,-0.82,-0.53,-0.56,-0.83,-0.58,-0.66,-0.48,-0.73,-0.69,-0.27,-0.43,-0.64,-0.18,-0.22,-0.13,-0.08,-0.07,-0.02,0.06,0.19,0.17,0.28,0.23,0.04,0.03,0.44,0.51,0.64,0.71,0.64,0.50,0.48,0.50,0.24,0.12,0.24
-2.59,-3.71,-4.91,-5.77,-6.11,-6.31,-6.58,-6.42,-7.30,-7.50,-7.35,-7.39,-7.68,-7.63,-7.87,-7.19,-6.96,-7.30,-7.57,-7.23,-6.80,-7.26,-6.48,-5.45,-4.78,-4.37,-3.93,-3.34,-4.46,-5.88,-7.05,-7.67,-7.69,-7.54,-7.37,-7.18,-7.04,-7.27,-7.04,-7.58,-7.50,-7.78,-8.01,-7.86,-7.49,-7.15,-6.92,-6.43,-4.68,-3.05,-2.24,-1.50,-1.29,-0.97,-0.73,-0.31,0.01,-0.21,-0.42,-0.23,0.01,0.07,-0.04,-0.02,0.08,-0.07,0.15,0.19,0.08,-0.01,0.18,0.14,0.12,0.10,0.04,-0.02,-0.26,-0.46,-0.32,-0.24,-0.47,-0.47,-0.43,-0.78,-0.90,-0.80,-1.25,-1.77,-1.99,-2.27,-2.22,-2.22,-2.37,-2.54,-2.30,-2.07,-2.24,-2.50,-2.43,-2.15,-1.93,-1.88,-1.50,-1.48,-1.26,-0.48,-0.09,-0.02,-0.09,0.04,0.38,0.45,0.33,0.09,-0.27,-0.04,-0.28,-0.92,-0.64,-0.91,-0.86,-0.69,-0.58,-0.66,-0.71,-0.69,-0.67,-0.67,-0.41,-0.88,-0.77,-0.67,-0.37,-0.18,-0.48,-0.38,0.08,-0.16,-0.24,0.01,0.06,-0.03,0.25,0.85,0.56,0.53,0.43,0.28,0.27,0.51,0.60,0.64,0.72,0.75,0.53,0.60,0.76,1.09,1.22,1.01
-3.19,-4.28,-5.37,-5.64,-6.00,-6.36,-6.62,-6.89,-7.43,-7.49,-7.24,-7.22,-7.69,-7.71,-7.75,-7.33,-6.97,-7.08,-7.53,-7.09,-7.15,-6.57,-5.81,-4.46,-3.44,-3.25,-2.99,-2.82,-3.65,-4.76,-6.20,-7.28,-7.57,-7.31,-7.05,-7.01,-7.07,-7.24,-6.86,-7.53,-7.28,-7.24,-7.56,-7.49,-7.15,-7.05,-6.74,-5.54,-3.63,-2.24,-1.68,-1.07,-1.00,-0.82,-0.44,-0.13,-0.07,-0.26,-0.37,-0.21,-0.09,-0.01,-0.03,-0.09,-0.12,0.02,0.17,0.13,0.06,0.01,0.22,0.22,0.14,0.09,0.03,-0.04,-0.19,-0.27,-0.18,-0.23,-0.47,-0.46,-0.32,-0.61,-0.67,-0.58,-0.78,-1.46,-1.67,-1.93,-1.99,-2.13,-2.43,-2.48,-2.39,-2.34,-2.39,-2.48,-2.46,-2.27,-1.86,-1.78,-1.41,-1.27,-1.20,-1.15,-0.26,-0.59,-0.66,-0.66,-0.13,-0.21,-0.42,-0.52,-0.77,-0.52,-0.77,-1.12,-0.78,-0.92,-1.00,-0.67,-0.48,-0.69,-0.80,-0.53,-0.64,-0.44,-0.43,-0.62,-0.33,-0.51,-0.36,-0.19,-0.38,-0.22,0.34,0.04,-0.09,0.19,0.29,0.40,0.65,0.77,0.53,0.01,-0.09,-0.01,0.08,0.41,0.20,0.46,0.79,0.85,0.76,1.00,0.79,1.12,1.09,0.93
-3.66,-4.08,-5.37,-5.93,-6.28,-6.67,-6.86,-7.11,-7.41,-7.34,-7.15,-7.19,-7.64,-7.39,-7.38,-7.26,-7.19,-7.30,-7.46,-7.31,-6.65,-6.05,-4.83,-3.35,-2.30,-2.13,-2.29,-2.25,-2.74,-3.61,-5.17,-6.58,-7.16,-7.13,-7.12,-7.33,-6.98,-7.30,-7.11,-7.20,-7.42,-7.38,-7.37,-7.45,-7.23,-6.65,-5.92,-4.51,-2.69,-1.62,-1.38,-1.14,-0.92,-0.64,-0.44,-0.32,-0.27,-0.33,-0.34,-0.29,-0.22,-0.06,0.02,-0.11,-0.01,0.12,0.10,0.04,-0.04,0.01,0.04,0.02,0.08,0.10,0.07,-0.07,-0.22,-0.23,-0.22,-0.32,-0.41,-0.43,-0.37,-0.49,-0.53,-0.48,-0.49,-1.06,-1.22,-1.49,-1.62,-1.93,-2.29,-2.28,-2.30,-2.42,-2.43,-2.56,-2.55,-2.24,-2.09,-1.81,-1.49,-1.27,-1.25,-1.00,-0.87,-1.03,-1.15,-1.50,-1.00,-0.96,-1.06,-0.88,-0.75,-0.66,-1.01,-1.01,-0.72,-0.75,-0.85,-0.44,-0.31,-0.48,-0.42,-0.09,-0.24,-0.48,-0.11,-0.46,-0.14,-0.66,-0.48,-0.06,-0.04,-0.03,0.59,0.22,0.15,0.34,0.43,0.46,0.54,0.53,0.46,0.23,0.22,0.45,0.70,0.58,0.50,0.84,0.97,1.00,0.98,1.12,1.02,1.41,1.29,1.23
-4.21,-4.31,-5.20,-5.83,-6.31,-6.80,-6.78,-6.89,-7.15,-7.13,-7.03,-7.12,-7.45,-6.97,-7.20,-7.31,-7.19,-7.15,-7.30,-7.13,-6.28,-5.15,-3.76,-2.51,-1.68,-1.34,-1.81,-1.77,-1.97,-2.57,-4.18,-5.97,-6.90,-6.97,-7.07,-6.71,-6.62,-6.75,-7.37,-7.19,-7.23,-7.09,-6.98,-7.11,-6.77,-5.92,-5.07,-3.21,-2.22,-1.21,-1.19,-1.22,-0.68,-0.37,-0.36,-0.43,-0.43,-0.39,-0.41,-0.33,-0.19,0.02,0.02,0.13,0.20,0.08,0.06,0.01,-0.02,0.02,-0.14,-0.08,0.07,0.07,0.01,-0.08,-0.26,-0.31,-0.23,-0.18,-0.29,-0.36,-0.39,-0.41,-0.46,-0.52,-0.53,-0.81,-0.96,-1.27,-1.45,-1.63,-1.97,-2.05,-2.10,-2.28,-2.43,-2.54,-2.46,-2.15,-1.96,-1.67,-1.51,-1.27,-1.35,-1.46,-0.78,-1.17,-1.76,-1.55,-1.14,-1.20,-1.20,-1.02,-0.90,-0.77,-0.76,-0.78,-0.62,-0.61,-0.61,-0.23,-0.14,-0.18,-0.07,0.08,0.08,0.06,0.10,0.06,-0.06,-0.04,0.14,0.17,0.20,0.46,0.53,0.22,0.13,0.45,0.43,0.40,0.56,0.76,0.85,1.00,0.90,0.84,0.86,0.97,1.12,0.92,1.29,1.22,1.00,1.13,1.47,1.67,1.34,1.33
-4.63,-5.19,-5.46,-5.77,-6.19,-6.73,-6.57,-6.58,-6.94,-7.11,-7.05,-7.37,-7.64,-6.93,-6.96,-6.84,-6.55,-6.61,-6.89,-6.81,-6.01,-4.45,-2.90,-1.86,-1.25,-0.76,-1.19,-1.48,-1.48,-1.82,-3.40,-5.44,-6.80,-7.33,-7.03,-6.88,-6.94,-7.11,-7.33,-7.22,-7.23,-7.20,-7.08,-6.92,-6.31,-5.44,-4.22,-2.34,-1.87,-0.95,-0.95,-0.98,-0.57,-0.36,-0.37,-0.46,-0.51,-0.42,-0.43,-0.33,-0.13,0.09,0.07,0.43,0.13,-0.07,0.04,0.23,0.12,0.08,-0.01,0.06,0.06,0.02,-0.04,-0.01,-0.01,-0.19,-0.21,-0.18,-0.18,-0.33,-0.24,-0.29,-0.28,-0.66,-0.61,-0.83,-1.02,-1.35,-1.35,-1.35,-1.68,-1.81,-1.79,-2.14,-2.42,-2.38,-2.25,-2.06,-1.95,-1.64,-1.41,-1.44,-1.50,-1.46,-0.92,-1.24,-1.63,-1.46,-0.97,-0.95,-0.96,-0.90,-0.85,-0.82,-0.92,-0.95,-0.64,-0.52,-0.37,-0.14,-0.02,0.02,0.01,0.09,0.22,0.06,0.17,-0.03,-0.22,-0.19,0.01,0.18,0.29,0.37,0.27,0.46,0.65,0.74,0.54,0.50,0.76,1.04,1.01,1.19,0.79,0.80,0.98,0.98,1.09,1.13,1.35,1.24,1.18,1.39,1.61,1.57,1.29,1.35
-4.91,-5.57,-5.83,-5.79,-5.95,-6.48,-6.55,-6.51,-6.89,-7.24,-7.12,-6.84,-6.71,-6.36,-6.58,-6.78,-6.55,-6.43,-6.54,-6.47,-5.76,-4.20,-2.51,-1.38,-0.80,-0.21,-0.53,-0.95,-1.03,-1.40,-2.66,-4.56,-6.32,-7.23,-6.98,-7.33,-7.16,-7.27,-7.16,-7.18,-7.16,-6.97,-6.81,-6.57,-5.81,-4.56,-3.37,-1.97,-1.46,-0.87,-0.77,-0.66,-0.61,-0.53,-0.53,-0.64,-0.54,-0.28,-0.21,-0.27,-0.12,0.06,0.22,0.51,0.13,0.01,0.24,0.43,0.02,0.07,0.04,0.08,0.17,0.18,0.03,-0.08,-0.09,-0.19,-0.26,-0.13,-0.28,-0.42,-0.37,-0.44,-0.28,-0.72,-0.56,-1.00,-1.10,-1.20,-0.95,-1.22,-1.35,-1.38,-1.43,-1.90,-2.24,-2.18,-1.95,-1.86,-1.91,-1.64,-1.21,-1.49,-1.48,-1.31,-0.98,-1.10,-1.25,-1.30,-0.87,-0.61,-0.53,-0.58,-0.38,-0.06,-0.19,-0.26,0.20,-0.11,-0.29,-0.23,0.09,0.06,0.01,0.32,0.51,0.18,0.44,0.14,0.20,0.17,0.29,0.45,0.71,0.81,0.60,0.79,0.69,0.97,0.56,0.55,0.81,1.00,1.02,1.19,0.85,0.86,0.90,1.04,1.42,1.12,1.33,1.25,1.27,1.45,1.50,1.49,1.47,1.51
-5.03,-5.52,-5.87,-5.79,-5.42,-6.03,-6.27,-6.46,-6.84,-7.12,-6.77,-6.12,-6.19,-6.46,-6.42,-6.35,-6.40,-6.31,-6.50,-6.30,-5.67,-4.18,-2.33,-1.00,-0.43,0.04,-0.32,-0.61,-0.67,-1.03,-2.25,-4.00,-5.50,-6.73,-7.08,-6.94,-6.90,-7.11,-7.05,-7.07,-7.03,-6.84,-6.61,-6.15,-5.15,-3.52,-2.47,-1.64,-1.21,-0.88,-0.66,-0.54,-0.54,-0.41,-0.44,-0.64,-0.49,-0.27,-0.22,-0.09,0.03,0.08,0.32,0.33,0.29,0.19,0.40,0.34,0.08,0.06,0.08,0.07,0.04,-0.01,0.07,0.13,-0.07,-0.28,-0.27,-0.14,-0.07,-0.36,-0.07,-0.18,-0.22,-0.47,-0.56,-0.96,-0.93,-0.95,-0.68,-0.81,-0.86,-0.90,-0.95,-1.34,-1.81,-1.91,-1.72,-1.57,-1.57,-1.48,-1.06,-1.27,-1.36,-1.20,-0.93,-1.01,-1.21,-1.11,-0.69,-0.38,-0.33,-0.24,0.01,0.13,0.02,-0.12,0.09,-0.01,0.24,0.56,0.61,0.27,0.23,0.74,1.02,0.70,0.74,0.56,0.55,0.39,0.55,0.61,0.81,0.88,0.71,0.93,0.75,0.87,0.71,1.04,1.11,1.06,1.39,1.52,1.23,0.95,0.90,1.13,1.40,1.14,1.35,1.04,1.27,1.64,1.35,1.41,1.52,1.67
-5.16,-5.65,-5.91,-5.80,-5.72,-6.28,-6.13,-6.30,-6.54,-6.70,-6.65,-6.08,-6.01,-6.19,-6.27,-6.20,-6.16,-6.12,-6.50,-6.31,-5.71,-4.07,-1.78,-0.56,-0.02,0.30,-0.48,-0.78,-0.82,-1.25,-2.28,-3.73,-5.33,-6.20,-7.03,-6.81,-6.66,-6.90,-7.03,-7.00,-6.82,-6.59,-6.38,-5.79,-4.37,-2.74,-1.64,-1.11,-1.19,-0.75,-0.38,-0.44,-0.46,-0.42,-0.52,-0.67,-0.58,-0.28,-0.46,-0.38,-0.09,-0.14,0.10,0.23,0.25,0.09,0.06,0.19,0.19,0.10,-0.02,-0.03,0.24,0.24,-0.02,-0.07,-0.04,-0.13,-0.16,-0.18,-0.36,-0.31,-0.26,-0.09,-0.13,-0.43,-0.49,-0.88,-0.73,-0.90,-0.73,-0.67,-0.98,-1.08,-0.80,-1.01,-1.50,-1.73,-1.76,-1.49,-1.26,-1.31,-1.07,-1.12,-1.12,-0.91,-0.85,-0.96,-1.19,-1.08,-0.51,-0.28,-0.28,-0.21,-0.16,-0.03,0.19,0.34,0.49,-0.01,0.48,0.88,0.85,0.49,0.48,0.80,0.96,0.86,0.74,0.66,0.65,0.56,0.61,0.76,0.97,0.91,0.69,0.66,0.75,1.19,1.07,1.20,1.14,1.14,1.44,1.68,1.13,1.07,1.04,1.06,1.18,1.35,1.29,1.11,1.34,1.51,1.38,1.28,1.39,1.55
-5.48,-5.75,-5.83,-5.81,-6.12,-6.51,-6.30,-6.13,-6.23,-6.36,-6.19,-6.09,-6.09,-6.04,-6.11,-6.25,-6.13,-6.07,-6.31,-6.25,-5.45,-3.67,-1.62,-0.62,0.72,0.44,-0.14,-0.51,-0.67,-1.02,-2.09,-3.92,-5.57,-6.03,-6.40,-6.69,-6.61,-6.70,-6.86,-6.86,-6.62,-6.23,-5.83,-5.08,-3.62,-2.30,-1.34,-0.96,-0.98,-0.75,-0.56,-0.44,-0.31,-0.37,-0.49,-0.57,-0.62,-0.46,-0.48,-0.24,-0.06,-0.13,0.23,0.19,0.10,0.15,-0.13,-0.11,0.20,-0.01,-0.03,0.06,0.07,0.13,0.01,-0.17,-0.12,-0.17,-0.37,-0.43,-0.52,-0.43,-0.36,-0.27,-0.14,-0.36,-0.52,-0.71,-0.83,-0.81,-0.67,-0.56,-0.76,-0.85,-0.75,-1.06,-1.40,-1.57,-1.58,-1.39,-1.27,-1.25,-1.30,-0.98,-0.71,-0.54,-0.73,-1.01,-0.92,-0.95,-0.23,-0.08,-0.02,-0.01,-0.03,-0.01,0.29,0.61,0.55,0.66,0.39,1.15,0.91,0.50,0.67,0.81,0.77,0.84,0.86,0.60,0.95,0.86,0.70,1.01,1.02,0.82,0.76,0.75,0.74,1.11,1.27,1.17,1.15,1.40,1.69,1.45,1.28,1.25,1.09,0.95,1.03,1.28,1.33,1.09,1.30,1.52,1.53,1.62,1.38,1.41
-5.25,-5.52,-5.76,-5.84,-5.69,-6.05,-6.16,-6.04,-6.04,-6.34,-6.28,-6.00,-5.97,-6.00,-5.97,-5.97,-6.08,-6.12,-6.25,-6.19,-5.49,-3.86,-1.55,-0.46,0.20,0.33,0.02,-0.49,-0.64,-0.75,-1.65,-3.54,-5.15,-5.91,-5.95,-6.43,-6.42,-6.47,-6.52,-6.55,-6.38,-5.97,-5.45,-3.96,-2.65,-1.76,-1.24,-0.98,-1.00,-0.51,-0.33,-0.66,-0.82,-0.63,-0.46,-0.51,-0.54,-0.33,-0.29,-0.28,-0.23,-0.28,-0.08,-0.02,0.10,0.19,0.08,0.02,0.17,-0.02,-0.08,-0.13,-0.04,-0.04,-0.14,-0.14,-0.24,-0.41,-0.36,-0.19,-0.34,-0.28,-0.33,-0.34,-0.29,-0.47,-0.28,-0.42,-0.48,-0.71,-0.75,-0.63,-0.69,-0.91,-0.90,-0.88,-1.07,-1.27,-1.26,-1.24,-1.36,-1.43,-1.27,-0.92,-1.00,-0.53,-0.51,-1.01,-0.80,-0.52,0.09,0.23,0.27,0.24,0.32,0.39,0.40,0.50,0.59,0.75,0.50,1.19,1.01,0.64,0.71,1.06,1.15,1.02,0.85,0.58,0.85,0.63,0.87,1.00,0.71,0.59,0.74,0.81,0.82,1.17,1.28,0.93,1.02,1.29,1.36,1.27,1.34,1.46,1.02,0.85,0.95,1.07,1.45,1.13,1.41,1.53,1.49,1.71,1.62,1.64
-4.96,-5.17,-5.48,-5.60,-5.46,-6.13,-6.13,-5.99,-6.03,-6.32,-6.48,-5.97,-5.75,-5.67,-5.67,-5.91,-6.07,-6.20,-6.48,-6.58,-5.73,-3.91,-2.13,-0.47,0.43,0.25,-0.14,-0.57,-0.71,-0.63,-1.14,-2.86,-4.54,-5.49,-5.64,-6.08,-5.99,-6.04,-6.05,-5.91,-5.81,-5.48,-4.66,-3.19,-2.24,-1.49,-1.08,-0.83,-0.57,-0.28,-0.49,-0.80,-0.85,-0.61,-0.28,-0.48,-0.64,-0.53,-0.48,-0.46,-0.19,-0.07,-0.12,-0.23,-0.08,0.10,0.10,0.02,0.13,0.09,0.03,-0.03,0.14,0.15,-0.04,-0.04,-0.27,-0.46,-0.23,-0.13,-0.17,-0.18,-0.22,-0.31,-0.22,-0.29,-0.21,-0.46,-0.58,-0.82,-0.69,-0.75,-0.85,-0.91,-0.73,-0.73,-0.93,-1.26,-1.45,-1.36,-1.27,-1.30,-1.26,-1.12,-0.88,-0.57,-0.64,-0.47,-0.68,-0.38,0.09,0.38,0.32,0.15,0.33,0.49,0.48,0.55,0.76,0.70,0.58,1.03,1.00,0.85,0.77,1.02,1.00,0.75,0.71,0.71,0.59,0.67,0.76,0.70,0.40,0.39,0.55,0.67,0.90,1.34,1.18,1.00,1.14,1.25,1.33,1.47,1.34,1.09,0.95,1.01,1.20,1.40,1.44,1.35,1.53,1.55,1.56,1.71,1.72,1.69
-4.91,-5.13,-5.42,-5.41,-5.58,-6.07,-6.11,-5.92,-5.99,-6.21,-6.21,-5.91,-5.84,-5.81,-5.83,-6.04,-5.71,-5.87,-6.05,-6.09,-5.52,-3.82,-1.68,-0.33,0.39,0.45,-0.06,-0.44,-0.56,-0.61,-0.87,-2.06,-3.82,-4.67,-5.08,-5.37,-5.28,-5.16,-5.08,-4.99,-4.96,-4.56,-3.36,-2.09,-1.92,-1.02,-1.10,-0.86,-0.41,-0.24,-0.47,-0.69,-0.66,-0.48,-0.27,-0.47,-0.48,-0.38,-0.42,-0.36,-0.39,-0.07,-0.04,-0.27,-0.16,-0.04,0.01,0.04,-0.01,0.02,0.03,-0.07,0.09,0.18,-0.02,-0.06,-0.23,-0.38,-0.24,-0.24,-0.27,-0.24,-0.32,-0.29,-0.37,-0.14,-0.47,-0.61,-0.44,-0.51,-0.58,-0.81,-0.91,-0.85,-0.64,-0.75,-1.07,-1.35,-1.49,-1.35,-0.97,-0.91,-1.26,-1.32,-1.05,-0.80,-0.73,-0.44,-0.80,-0.66,0.18,0.46,0.32,0.19,0.13,0.19,0.46,0.76,0.77,0.66,0.69,1.08,0.86,0.91,0.84,1.00,0.84,0.72,0.84,0.70,0.66,0.71,0.96,0.79,0.61,0.55,0.55,0.60,0.86,1.38,1.06,1.19,1.22,1.33,1.47,1.42,1.28,1.33,1.20,1.30,1.56,1.68,1.66,1.29,1.41,1.66,1.80,1.80,1.78,1.72
-4.54,-4.89,-5.29,-5.29,-5.57,-5.83,-5.93,-5.88,-5.83,-5.99,-6.27,-5.87,-6.03,-6.31,-5.87,-5.71,-5.79,-5.85,-6.17,-6.09,-5.20,-3.61,-1.67,-0.43,0.25,0.43,0.10,-0.26,-0.36,-0.46,-0.86,-1.35,-2.51,-3.36,-4.13,-4.18,-3.99,-3.97,-3.75,-3.48,-3.80,-3.00,-2.22,-2.04,-1.31,-0.83,-0.86,-0.52,-0.28,-0.44,-0.64,-0.73,-0.76,-0.57,-0.32,-0.42,-0.56,-0.38,-0.36,-0.46,-0.39,-0.08,0.02,-0.23,-0.09,-0.13,-0.06,-0.06,-0.16,-0.13,-0.06,-0.13,-0.03,0.07,-0.07,-0.12,-0.21,-0.32,-0.29,-0.24,-0.24,-0.26,-0.44,-0.39,-0.51,-0.18,-0.48,-0.49,-0.37,-0.41,-0.68,-0.75,-0.78,-0.85,-0.72,-0.82,-1.03,-1.30,-1.35,-1.25,-1.06,-0.88,-1.07,-1.08,-1.08,-0.62,-0.53,-0.49,-0.71,-0.44,0.28,0.40,0.58,0.50,0.29,0.22,0.54,0.86,0.75,0.64,0.56,0.77,0.79,0.71,0.90,1.13,0.96,0.77,0.66,0.59,0.86,0.80,0.77,0.50,0.60,0.60,0.64,0.65,0.77,1.28,1.13,1.31,1.34,1.45,1.52,1.57,1.39,1.30,1.28,1.40,1.63,1.78,1.62,1.42,1.64,1.82,1.90,1.90,1.85,1.66
-4.07,-4.54,-5.07,-5.23,-5.32,-5.54,-5.77,-5.87,-5.92,-5.77,-5.95,-5.65,-5.53,-5.60,-5.28,-5.58,-5.45,-5.48,-5.62,-5.60,-4.91,-3.43,-1.73,-0.38,0.14,0.17,0.06,-0.13,-0.28,-0.21,-0.54,-1.16,-1.68,-2.42,-2.74,-2.99,-3.09,-3.13,-3.04,-2.59,-2.32,-2.15,-1.55,-1.50,-0.81,-0.69,-0.61,-0.46,-0.37,-0.39,-0.44,-0.53,-0.72,-0.68,-0.41,-0.47,-0.54,-0.36,-0.32,-0.53,-0.38,-0.19,-0.14,-0.31,-0.12,-0.22,-0.22,-0.16,-0.21,-0.18,-0.13,-0.17,-0.07,0.01,-0.12,-0.17,-0.27,-0.31,-0.27,-0.18,-0.14,-0.32,-0.49,-0.36,-0.39,-0.29,-0.44,-0.39,-0.47,-0.39,-0.62,-0.64,-0.68,-0.73,-0.71,-0.98,-1.06,-1.20,-1.20,-1.21,-1.16,-0.98,-1.01,-0.80,-0.96,-0.75,-0.56,-0.39,-0.31,-0.43,0.01,0.37,0.44,0.28,0.32,0.41,0.64,0.90,0.96,0.64,0.29,0.45,0.80,0.60,0.91,1.13,0.91,0.90,0.85,0.63,0.87,0.72,0.64,0.44,0.55,0.76,0.84,0.75,0.82,1.19,1.24,1.28,1.40,1.49,1.68,1.75,1.49,1.18,1.35,1.47,1.56,1.64,1.72,1.42,1.88,1.90,1.85,1.84,1.71,1.50
-3.71,-4.29,-4.78,-4.87,-4.93,-5.15,-5.48,-5.79,-5.72,-5.41,-5.40,-5.37,-5.36,-5.41,-5.37,-5.09,-4.84,-4.84,-4.83,-4.76,-4.43,-3.04,-1.48,-0.28,0.14,0.08,0.01,-0.07,-0.21,-0.08,-0.16,-1.06,-1.31,-2.04,-2.19,-2.27,-2.11,-2.23,-2.61,-2.33,-2.41,-1.67,-1.00,-1.17,-0.75,-0.63,-0.53,-0.37,-0.42,-0.47,-0.43,-0.46,-0.57,-0.64,-0.46,-0.58,-0.57,-0.51,-0.37,-0.54,-0.37,-0.28,-0.31,-0.36,-0.21,-0.29,-0.33,-0.21,-0.16,-0.22,-0.22,-0.21,-0.09,-0.08,-0.23,-0.18,-0.31,-0.33,-0.36,-0.24,-0.28,-0.41,-0.43,-0.16,-0.27,-0.34,-0.54,-0.33,-0.59,-0.36,-0.53,-0.56,-0.59,-0.63,-0.67,-1.00,-1.07,-1.12,-1.10,-1.20,-1.20,-1.06,-1.10,-0.91,-0.85,-0.34,-0.29,-0.46,-0.49,0.01,0.43,0.50,0.24,0.27,0.38,0.45,0.61,0.76,0.81,0.74,0.50,0.64,0.77,0.77,0.95,0.97,0.84,1.00,0.92,0.72,0.88,0.86,0.82,0.66,0.61,0.74,0.80,0.84,0.96,1.06,0.90,1.14,1.15,1.53,1.82,1.83,1.56,1.20,1.41,1.40,1.61,1.83,1.77,1.77,2.12,2.06,2.05,2.01,1.84,1.60
-3.40,-4.08,-4.26,-3.78,-3.93,-4.50,-4.87,-4.68,-4.56,-5.01,-4.81,-4.52,-4.55,-4.87,-4.52,-4.37,-4.10,-4.10,-4.05,-3.83,-3.71,-2.48,-1.25,-0.43,0.09,0.33,0.28,0.04,-0.16,-0.11,-0.22,-1.02,-1.45,-1.63,-1.90,-2.19,-2.18,-2.11,-2.28,-2.01,-2.13,-1.50,-0.86,-0.97,-0.83,-0.53,-0.27,-0.34,-0.54,-0.56,-0.49,-0.49,-0.54,-0.59,-0.49,-0.71,-0.63,-0.68,-0.52,-0.61,-0.29,-0.28,-0.26,-0.32,-0.26,-0.19,-0.18,-0.22,-0.26,-0.34,-0.27,-0.08,-0.04,-0.16,-0.21,-0.21,-0.31,-0.36,-0.54,-0.39,-0.33,-0.34,-0.29,-0.23,-0.31,-0.36,-0.48,-0.19,-0.47,-0.43,-0.63,-0.52,-0.48,-0.64,-0.78,-1.02,-1.00,-1.06,-1.12,-1.21,-1.20,-1.12,-1.08,-0.93,-0.73,-0.36,-0.12,-0.19,-0.57,-0.14,0.39,0.50,0.23,0.27,0.38,0.46,0.59,0.64,0.69,0.87,0.82,0.71,0.76,0.93,0.88,0.98,0.96,1.04,0.93,0.80,0.92,0.82,0.76,0.76,0.50,0.69,0.80,1.00,1.39,1.61,1.17,1.41,1.41,1.61,1.82,1.78,1.51,1.30,1.45,1.56,1.74,1.96,2.14,2.00,1.96,2.17,2.06,1.89,1.83,1.68
-3.00,-3.21,-3.54,-3.10,-3.30,-3.78,-4.05,-3.90,-3.78,-4.22,-4.09,-3.76,-3.73,-4.00,-3.54,-3.56,-3.44,-3.41,-3.41,-3.19,-3.13,-2.11,-1.25,-0.34,-0.06,0.12,0.28,0.12,-0.13,0.08,-0.63,-1.22,-1.63,-1.43,-1.74,-2.24,-2.34,-2.16,-2.01,-1.73,-1.97,-1.21,-0.95,-0.97,-0.80,-0.66,-0.34,-0.46,-0.71,-0.61,-0.51,-0.51,-0.61,-0.56,-0.51,-0.80,-0.52,-0.52,-0.61,-0.48,-0.49,-0.51,-0.34,-0.47,-0.29,-0.08,-0.21,-0.14,-0.27,-0.41,-0.29,-0.12,-0.14,-0.31,-0.21,-0.21,-0.33,-0.36,-0.57,-0.43,-0.26,-0.42,-0.24,-0.52,-0.34,-0.48,-0.44,-0.34,-0.33,-0.49,-0.67,-0.53,-0.54,-0.75,-0.86,-1.05,-0.96,-1.01,-1.08,-1.11,-1.10,-1.06,-1.05,-0.90,-0.73,-0.42,0.03,0.04,-0.47,-0.08,0.60,0.32,0.06,0.20,0.39,0.49,0.77,0.92,1.01,1.02,0.65,0.63,0.81,0.75,0.72,1.23,1.02,1.09,0.97,0.80,0.85,0.75,0.77,0.87,0.64,0.86,0.97,1.28,1.52,1.47,1.46,1.52,1.72,1.95,1.97,1.69,1.38,1.41,1.52,1.78,1.85,2.16,2.26,1.82,1.85,2.00,1.96,1.86,1.80,1.77
-2.33,-2.33,-2.46,-2.64,-2.59,-2.70,-3.04,-3.08,-3.18,-3.35,-3.50,-3.34,-3.09,-3.44,-2.99,-3.09,-3.04,-2.96,-3.00,-3.18,-3.05,-1.88,-0.88,-0.29,0.23,0.49,0.40,0.08,-0.39,-0.67,-0.72,-1.50,-1.91,-1.58,-1.76,-2.04,-2.00,-2.00,-2.01,-1.69,-1.45,-0.93,-0.83,-0.92,-0.68,-0.62,-0.52,-0.58,-0.68,-0.59,-0.57,-0.57,-0.56,-0.56,-0.58,-0.75,-0.53,-0.53,-0.53,-0.57,-0.56,-0.51,-0.43,-0.47,-0.23,-0.18,-0.28,-0.24,-0.29,-0.24,-0.26,-0.24,-0.14,-0.23,-0.26,-0.31,-0.41,-0.37,-0.54,-0.39,-0.47,-0.68,-0.59,-0.66,-0.38,-0.57,-0.61,-0.38,-0.67,-0.44,-0.59,-0.46,-0.52,-0.73,-0.64,-0.91,-0.93,-0.92,-0.87,-0.88,-0.90,-0.96,-0.96,-0.78,-0.62,-0.17,0.14,0.15,-0.17,0.23,0.61,0.41,0.15,0.55,0.56,0.75,0.84,0.82,0.90,0.86,0.64,0.60,0.60,0.59,0.65,1.29,1.00,1.11,0.98,0.79,0.80,0.79,0.87,1.00,0.82,0.96,1.07,1.36,1.62,1.69,1.67,1.67,2.03,2.08,1.95,1.75,1.60,1.66,1.72,1.83,1.99,2.18,2.07,1.63,1.96,2.00,1.96,1.88,1.83,1.80
-1.44,-1.74,-1.99,-1.79,-1.82,-2.10,-2.45,-2.74,-2.90,-3.01,-3.19,-3.21,-2.93,-3.15,-2.91,-3.12,-3.03,-2.79,-2.66,-2.65,-2.54,-1.87,-0.87,-0.22,0.34,0.40,-0.01,-0.07,-0.56,-1.01,-1.15,-1.90,-2.00,-1.83,-1.71,-1.82,-1.88,-1.78,-1.82,-1.62,-1.05,-0.85,-0.82,-0.64,-0.44,-0.38,-0.44,-0.61,-0.58,-0.44,-0.57,-0.54,-0.49,-0.67,-0.66,-0.63,-0.52,-0.59,-0.37,-0.54,-0.37,-0.46,-0.34,-0.36,-0.24,-0.17,-0.17,-0.17,-0.39,-0.49,-0.34,-0.21,-0.12,-0.11,-0.13,-0.21,-0.41,-0.47,-0.42,-0.29,-0.33,-0.58,-0.48,-0.64,-0.51,-0.34,-0.39,-0.22,-0.46,-0.21,-0.53,-0.37,-0.33,-0.57,-0.59,-0.78,-0.77,-0.82,-0.78,-0.73,-0.81,-0.87,-0.87,-0.71,-0.37,0.06,0.29,0.32,0.02,0.38,0.48,0.49,0.18,0.71,0.64,0.77,0.98,1.02,1.02,0.90,0.60,0.63,0.49,0.77,0.84,1.25,1.09,1.18,1.06,0.90,0.90,0.91,0.93,1.18,0.85,0.98,1.01,1.35,1.78,2.06,2.12,1.96,2.13,2.09,2.16,1.95,1.75,1.88,1.77,2.12,2.02,2.01,1.90,1.77,2.03,1.92,1.97,2.01,1.96,1.94
-1.32,-1.58,-1.79,-1.55,-1.59,-1.92,-2.14,-2.57,-2.68,-2.97,-3.15,-3.09,-3.00,-2.86,-3.00,-3.19,-3.03,-2.70,-2.51,-2.20,-2.59,-1.60,-1.12,-0.85,-0.58,-0.19,-0.07,-0.63,-1.05,-0.93,-1.57,-1.86,-1.95,-1.76,-1.46,-1.53,-1.81,-1.74,-1.67,-1.24,-0.92,-0.81,-0.83,-0.47,-0.26,-0.37,-0.67,-0.64,-0.47,-0.56,-0.57,-0.54,-0.58,-0.86,-0.53,-0.77,-0.93,-0.66,-0.62,-0.57,-0.24,-0.31,-0.29,-0.28,-0.27,-0.34,-0.37,-0.17,-0.24,-0.42,-0.32,-0.19,-0.19,-0.24,-0.24,-0.23,-0.29,-0.33,-0.64,-0.43,-0.44,-0.37,-0.52,-0.64,-0.51,-0.26,-0.21,-0.33,-0.47,-0.33,-0.47,-0.16,-0.18,-0.52,-0.61,-0.83,-0.96,-0.96,-0.83,-0.80,-0.87,-0.85,-0.78,-0.62,-0.27,0.14,0.46,0.43,0.12,0.14,0.24,0.37,0.41,0.72,0.63,0.85,0.93,0.90,1.01,1.01,0.72,0.71,0.59,0.69,0.95,1.31,1.19,1.24,1.20,1.08,1.06,1.08,1.00,1.27,0.84,1.03,0.93,1.34,1.74,1.94,1.94,1.74,2.07,2.25,2.26,2.00,1.74,1.67,1.75,1.84,2.01,1.95,1.92,2.00,2.06,1.88,2.07,2.08,2.06,2.07
-1.65,-1.72,-1.74,-1.59,-1.51,-1.73,-2.06,-2.28,-2.42,-2.72,-3.01,-3.03,-2.68,-2.83,-2.87,-2.82,-2.73,-2.61,-2.51,-2.61,-2.64,-2.36,-1.90,-1.69,-1.49,-1.14,-0.96,-1.35,-1.60,-1.27,-1.63,-1.87,-1.99,-1.77,-1.50,-1.59,-1.81,-1.69,-1.50,-0.90,-0.80,-0.76,-0.66,-0.52,-0.49,-0.54,-0.76,-0.73,-0.59,-0.68,-0.39,-0.58,-0.83,-0.67,-0.46,-0.92,-0.54,-0.56,-0.56,-0.56,-0.23,-0.32,-0.38,-0.44,-0.17,-0.03,-0.09,-0.04,-0.21,-0.36,-0.22,-0.29,-0.38,-0.19,-0.09,-0.26,-0.49,-0.51,-0.48,-0.38,-0.48,-0.41,-0.49,-0.36,-0.22,-0.29,-0.17,-0.21,-0.49,-0.41,-0.27,-0.13,-0.01,-0.13,-0.09,-0.53,-0.69,-0.88,-0.93,-0.77,-0.83,-0.77,-0.49,-0.31,-0.07,0.30,0.56,0.40,0.20,0.13,0.22,0.29,0.53,0.59,0.58,0.75,0.76,0.71,0.95,1.01,0.77,0.82,0.74,0.81,1.08,1.28,0.93,1.28,1.45,1.25,1.19,1.15,1.03,1.19,0.92,1.17,0.96,1.30,1.61,1.78,1.78,1.69,2.06,2.33,2.24,2.09,1.96,1.89,1.91,1.85,1.94,1.94,1.90,1.97,2.19,2.02,2.16,2.09,2.05,2.03
-1.74,-1.74,-1.76,-1.64,-1.59,-1.73,-2.01,-2.10,-2.30,-2.42,-2.69,-3.04,-2.84,-2.74,-2.79,-2.74,-2.78,-2.75,-2.45,-3.05,-2.97,-2.55,-2.28,-2.09,-1.79,-1.55,-1.59,-1.91,-1.90,-1.78,-1.69,-1.95,-1.90,-1.68,-1.62,-1.78,-1.93,-1.63,-1.16,-0.87,-0.85,-0.85,-0.78,-0.73,-0.75,-0.71,-0.69,-0.72,-0.58,-0.41,-0.36,-0.71,-0.91,-0.69,-0.46,-0.81,-0.82,-0.57,-0.64,-0.56,-0.13,-0.17,-0.22,-0.44,-0.42,-0.21,-0.31,-0.34,-0.24,-0.33,-0.43,-0.38,-0.34,-0.32,-0.24,-0.33,-0.34,-0.32,-0.49,-0.33,-0.38,-0.53,-0.42,-0.41,-0.31,-0.23,-0.54,-0.43,-0.51,-0.57,-0.32,-0.14,-0.04,-0.09,-0.09,-0.51,-0.90,-1.05,-0.88,-0.66,-0.51,-0.28,0.01,0.38,0.54,0.45,0.66,0.58,0.27,0.39,0.46,0.51,0.48,0.66,0.59,0.82,0.90,0.82,1.04,1.07,0.77,0.81,0.82,0.86,0.86,1.22,1.11,1.44,1.17,1.14,1.18,1.17,1.17,0.98,0.91,1.15,1.12,1.31,1.58,1.72,1.72,1.79,2.06,2.18,2.12,2.08,1.92,1.80,1.96,1.84,1.83,1.83,1.88,1.95,1.99,1.80,2.12,2.16,2.03,1.95
-1.79,-1.78,-1.87,-1.77,-1.73,-2.05,-1.99,-2.23,-2.45,-2.72,-3.06,-3.28,-3.00,-2.95,-2.56,-2.36,-2.45,-2.68,-2.73,-2.91,-3.23,-2.82,-2.47,-2.32,-2.07,-1.83,-1.99,-2.07,-1.96,-1.91,-1.81,-2.02,-1.86,-1.55,-1.59,-1.76,-1.78,-1.54,-1.07,-0.85,-0.96,-0.88,-0.66,-0.85,-0.86,-0.64,-0.59,-0.63,-0.59,-0.53,-0.36,-0.48,-0.67,-0.68,-0.52,-0.49,-0.90,-0.69,-0.53,-0.69,-0.37,-0.58,-0.54,-0.66,-0.73,-0.56,-0.44,-0.43,-0.38,-0.37,-0.34,-0.31,-0.27,-0.18,-0.28,-0.38,-0.43,-0.46,-0.48,-0.44,-0.46,-0.32,-0.39,-0.22,-0.34,-0.43,-0.24,-0.19,-0.13,-0.26,-0.04,0.07,0.19,0.20,0.40,0.15,-0.32,-0.67,-0.72,-0.83,-0.71,-0.12,0.63,0.98,0.87,0.71,0.85,0.86,0.37,0.41,0.54,0.80,0.49,0.77,0.67,0.84,0.96,1.00,1.22,1.12,0.85,0.90,0.90,0.69,0.85,1.18,1.12,1.36,1.15,0.97,1.11,1.22,1.06,0.96,0.91,0.92,1.30,1.47,1.64,1.69,1.72,1.88,2.08,2.12,2.03,2.17,2.08,1.96,2.12,2.29,2.24,1.99,1.97,2.02,1.95,2.05,2.14,2.23,2.13,2.06
-1.81,-1.83,-1.96,-1.95,-1.85,-2.06,-2.28,-2.34,-2.42,-2.64,-2.95,-3.06,-2.65,-2.61,-2.29,-2.14,-2.19,-2.34,-2.43,-2.72,-2.96,-2.86,-2.46,-2.19,-2.09,-1.97,-2.15,-1.96,-1.81,-1.73,-1.81,-2.07,-1.97,-1.65,-1.64,-1.77,-1.51,-1.35,-0.98,-0.78,-0.88,-0.90,-0.75,-0.81,-0.75,-0.54,-0.46,-0.49,-0.61,-0.54,-0.58,-0.91,-0.82,-1.00,-0.73,-0.87,-0.59,-0.58,-0.69,-0.76,-0.56,-0.41,-0.36,-0.66,-0.59,-0.44,-0.44,-0.33,-0.27,-0.37,-0.37,-0.41,-0.36,-0.16,-0.42,-0.56,-0.48,-0.66,-0.58,-0.23,-0.34,-0.52,-0.37,-0.23,-0.26,-0.28,-0.18,-0.17,-0.19,-0.13,0.12,0.29,0.39,0.82,0.91,0.86,0.66,0.09,-0.43,-0.80,-0.66,0.08,0.67,0.77,0.76,0.85,1.00,0.96,0.49,0.35,0.45,0.88,0.61,0.80,0.84,0.79,0.88,1.06,1.25,1.15,1.00,0.97,0.74,0.80,1.25,1.20,1.29,1.34,1.17,1.07,1.15,1.15,1.03,1.02,1.14,0.70,1.18,1.45,1.77,1.90,1.88,1.91,2.18,2.12,1.99,2.13,2.18,2.11,1.99,2.12,2.09,1.88,1.99,2.17,2.20,2.07,2.12,2.22,2.19,2.01
-1.69,-1.79,-1.88,-1.93,-1.99,-1.96,-2.34,-2.36,-2.39,-2.45,-2.52,-2.84,-2.65,-2.37,-2.11,-1.76,-1.65,-2.00,-2.29,-2.56,-2.66,-2.55,-2.27,-2.07,-2.04,-1.99,-2.00,-2.00,-1.72,-1.59,-1.71,-2.05,-2.04,-1.74,-1.65,-1.67,-1.57,-1.07,-1.15,-0.59,-0.61,-0.66,-0.69,-0.90,-0.77,-0.62,-0.64,-0.58,-0.76,-0.56,-0.59,-0.62,-0.87,-0.82,-0.61,-0.66,-0.59,-0.52,-0.56,-0.85,-0.72,-0.47,-0.39,-0.62,-0.57,-0.49,-0.57,-0.47,-0.43,-0.52,-0.37,-0.36,-0.36,-0.34,-0.58,-0.85,-0.91,-0.96,-0.71,-0.37,-0.43,-0.51,-0.42,-0.44,-0.37,-0.31,-0.17,-0.21,-0.16,0.10,0.17,0.28,0.27,0.72,0.85,0.86,0.69,0.27,-0.62,-0.88,-0.90,-0.33,0.58,0.87,0.91,0.95,0.86,0.90,0.29,0.46,0.60,0.85,0.85,0.88,1.02,0.91,0.92,1.03,1.23,1.19,1.15,1.02,0.67,0.90,1.18,0.92,1.36,1.22,1.22,1.14,1.12,1.12,1.04,1.00,1.03,0.71,1.25,1.66,1.89,1.96,1.84,1.88,2.20,2.25,2.05,2.01,2.12,2.07,1.89,1.97,2.09,2.09,1.97,2.05,2.19,2.01,2.07,2.23,1.91,1.89
-1.92,-2.10,-2.02,-1.83,-1.72,-1.65,-2.34,-2.55,-2.48,-2.43,-2.55,-2.78,-2.78,-2.46,-2.09,-1.67,-1.31,-1.38,-1.69,-2.16,-2.43,-2.36,-2.20,-2.18,-2.16,-2.05,-1.78,-2.09,-1.86,-1.65,-1.68,-2.05,-2.06,-1.79,-1.87,-1.68,-1.71,-1.39,-1.06,-0.71,-0.64,-0.64,-0.67,-0.78,-0.85,-0.69,-0.47,-0.39,-0.59,-0.71,-0.77,-0.91,-1.14,-0.85,-0.73,-1.06,-0.72,-0.78,-0.68,-0.83,-0.67,-0.52,-0.51,-0.63,-0.64,-0.47,-0.39,-0.43,-0.56,-0.66,-0.63,-0.64,-0.71,-0.75,-0.92,-1.10,-1.25,-1.29,-0.95,-0.42,-0.29,-0.49,-0.44,-0.46,-0.23,0.04,-0.09,-0.17,-0.07,0.19,0.33,0.37,0.35,0.53,0.95,0.97,0.90,0.55,-0.07,-0.62,-0.80,-0.68,-0.24,0.56,1.03,1.02,0.85,0.54,0.38,0.61,0.74,0.82,0.91,0.84,1.04,1.04,1.20,1.33,1.35,1.24,1.17,0.95,0.66,0.79,0.98,0.95,1.24,1.27,1.35,1.15,1.11,1.25,1.29,1.08,0.87,0.91,2.03,1.94,2.08,2.08,2.01,2.03,2.20,2.42,2.12,2.03,2.03,2.00,1.91,1.92,2.11,2.11,1.95,1.89,1.89,1.90,2.16,1.77,1.64,1.77
-2.32,-2.39,-2.13,-1.81,-1.64,-1.69,-2.16,-2.73,-2.93,-2.79,-2.70,-2.70,-2.48,-1.93,-1.51,-1.22,-0.90,-0.71,-0.93,-1.60,-2.04,-2.18,-2.22,-2.27,-2.24,-2.19,-1.86,-1.99,-1.83,-1.79,-1.67,-1.83,-1.88,-1.67,-1.82,-1.57,-1.86,-1.58,-1.16,-0.97,-0.92,-0.80,-0.68,-0.80,-0.96,-0.87,-0.56,-0.48,-0.91,-1.11,-1.08,-0.77,-1.07,-0.92,-0.87,-1.08,-0.85,-0.86,-0.80,-0.85,-0.71,-0.63,-0.64,-0.72,-0.76,-0.63,-0.52,-0.56,-0.71,-0.91,-1.05,-1.12,-1.17,-1.12,-1.14,-1.24,-1.16,-1.14,-0.92,-0.37,-0.33,-0.42,-0.14,-0.26,-0.04,0.18,-0.13,-0.17,-0.17,0.14,0.28,0.51,0.60,0.61,0.96,1.06,0.91,0.70,0.24,-0.49,-0.69,-0.76,-0.61,-0.22,0.37,0.97,0.84,0.65,0.61,0.90,0.61,0.81,0.71,0.87,1.30,1.67,2.05,2.24,2.25,1.72,1.14,0.90,0.70,0.75,1.07,1.12,1.11,1.39,1.42,1.13,1.11,1.23,1.17,1.06,1.18,0.97,2.05,2.34,2.25,2.13,2.00,2.00,2.07,2.02,2.00,2.02,1.89,1.80,1.71,1.62,1.84,1.90,1.74,1.58,1.56,1.66,1.75,1.49,1.51,1.40
-2.19,-2.34,-2.20,-1.91,-1.60,-1.49,-2.10,-2.38,-2.54,-2.63,-2.70,-2.64,-2.29,-1.55,-1.10,-0.85,-0.49,-0.29,-0.62,-1.16,-1.58,-1.82,-2.02,-2.25,-2.28,-2.33,-2.11,-2.14,-1.81,-1.68,-1.65,-1.86,-2.02,-1.90,-2.05,-2.15,-1.76,-1.60,-1.30,-1.12,-0.88,-0.59,-0.53,-0.57,-0.76,-0.90,-0.59,-0.58,-0.90,-0.80,-0.96,-0.93,-1.07,-0.97,-0.90,-1.01,-0.90,-0.98,-0.91,-0.86,-0.95,-0.88,-0.95,-0.93,-0.88,-0.88,-1.00,-1.10,-1.07,-1.10,-1.26,-1.38,-1.34,-1.22,-1.14,-1.01,-1.20,-1.08,-0.83,-0.28,-0.19,-0.23,-0.06,0.15,0.27,0.06,-0.12,-0.06,0.01,0.06,0.33,0.40,0.61,0.66,0.90,1.14,1.07,0.88,0.81,0.14,-0.32,-0.61,-0.78,-0.38,0.22,0.39,0.32,0.40,0.50,0.56,0.50,0.82,0.98,2.11,2.64,3.26,3.71,4.12,4.38,3.00,1.47,0.93,0.74,0.80,1.15,1.09,1.08,1.24,1.24,1.18,1.25,1.22,1.07,1.12,1.31,1.09,2.33,2.40,2.06,2.08,2.06,2.05,2.17,2.18,1.91,1.61,1.40,1.38,1.34,1.19,1.46,1.67,1.45,1.34,1.38,1.40,1.51,1.01,1.28,1.25
-2.07,-2.28,-2.13,-1.73,-1.73,-1.58,-1.88,-1.92,-1.92,-2.18,-2.57,-2.56,-1.95,-1.19,-0.73,-0.51,-0.12,0.03,-0.32,-0.61,-1.16,-1.58,-1.88,-2.37,-2.43,-2.30,-2.22,-2.01,-1.96,-1.95,-1.95,-2.02,-2.20,-2.23,-2.00,-1.69,-1.45,-1.44,-1.44,-1.25,-0.95,-0.62,-0.62,-0.68,-0.78,-0.95,-0.86,-0.91,-0.90,-1.02,-0.95,-1.31,-1.34,-1.17,-1.07,-1.25,-1.07,-1.12,-1.07,-1.15,-1.06,-1.06,-1.12,-0.96,-0.85,-0.91,-1.10,-1.22,-1.11,-1.07,-1.08,-1.19,-1.16,-0.96,-1.08,-0.80,-1.01,-0.90,-0.69,-0.29,-0.16,-0.18,-0.03,0.25,0.33,0.12,-0.07,-0.07,0.20,0.09,0.34,0.34,0.58,0.50,0.86,0.98,0.65,0.82,0.92,0.63,-0.06,-0.44,-0.78,-0.71,0.09,0.59,0.71,0.80,0.72,0.74,0.48,0.82,1.60,3.77,5.56,5.86,6.46,7.09,6.68,4.26,1.97,0.98,0.75,0.90,1.11,1.01,1.13,1.09,1.02,1.22,1.42,1.35,1.22,1.29,1.44,1.27,2.20,2.30,1.97,1.92,1.71,1.67,1.79,1.80,1.90,1.09,0.95,1.25,1.35,1.14,1.31,1.52,1.31,1.35,1.38,1.31,1.50,0.88,0.93,0.93
-1.69,-1.88,-1.87,-1.73,-1.81,-1.65,-1.87,-1.85,-1.81,-2.10,-2.46,-2.32,-1.65,-0.93,-0.53,-0.29,0.27,0.35,0.37,-0.06,-0.77,-1.25,-1.60,-2.25,-2.23,-2.29,-2.11,-2.19,-2.27,-2.22,-2.16,-2.20,-2.25,-2.10,-1.85,-1.81,-1.86,-1.57,-1.19,-1.02,-0.83,-0.90,-1.01,-0.98,-1.02,-1.19,-1.19,-1.17,-1.08,-1.15,-0.98,-1.43,-1.29,-1.16,-1.16,-1.22,-1.08,-0.92,-0.96,-1.14,-0.96,-0.92,-0.95,-0.85,-0.68,-0.58,-0.71,-0.86,-0.77,-0.76,-0.85,-0.91,-0.80,-0.59,-0.76,-0.71,-0.63,-0.53,-0.44,-0.19,-0.18,-0.07,0.07,0.19,0.30,0.43,0.07,0.17,0.30,0.32,0.58,0.53,0.54,0.67,0.86,1.00,0.85,0.77,0.91,0.98,0.23,-0.31,-0.61,-0.61,0.02,0.53,0.61,0.69,0.66,0.61,0.59,0.79,1.63,3.79,6.94,7.66,7.95,8.19,7.06,4.37,2.02,1.07,0.91,0.95,1.09,1.08,1.15,1.15,1.14,1.30,1.42,1.27,1.19,1.36,1.40,1.13,1.92,1.91,1.95,1.75,1.31,1.33,1.57,1.42,1.06,1.12,1.23,1.33,1.30,1.25,1.45,1.51,1.42,1.51,1.45,1.38,1.56,1.14,1.03,1.09
-1.60,-1.74,-1.81,-1.78,-1.81,-1.60,-1.83,-1.91,-1.90,-2.18,-2.23,-1.97,-1.53,-1.05,-0.76,-0.52,0.32,0.64,0.35,-0.14,-0.67,-1.05,-1.36,-1.91,-1.99,-2.24,-2.02,-2.02,-2.01,-2.00,-2.04,-2.15,-2.19,-1.88,-1.82,-2.06,-1.69,-1.44,-1.17,-1.05,-0.93,-0.96,-0.97,-1.02,-1.12,-1.11,-1.10,-1.17,-1.02,-1.01,-0.98,-1.38,-1.08,-1.10,-0.96,-0.93,-0.80,-0.75,-0.86,-0.90,-0.71,-0.61,-0.66,-0.71,-0.61,-0.43,-0.42,-0.56,-0.56,-0.47,-0.61,-0.67,-0.51,-0.48,-0.41,-0.57,-0.31,-0.09,-0.12,0.24,0.22,0.37,0.30,0.39,0.45,0.82,0.37,0.41,0.50,0.67,0.97,0.77,0.75,0.69,0.95,0.98,1.07,1.00,1.18,1.23,0.76,0.07,-0.57,-0.59,-0.04,0.44,0.66,0.59,0.46,0.67,0.53,0.59,1.27,2.13,4.29,5.97,7.10,6.43,5.03,3.14,1.67,1.14,1.02,0.95,1.09,1.18,1.18,1.22,1.35,1.28,1.28,1.03,1.04,1.22,1.17,1.20,1.78,1.66,2.07,1.66,1.46,1.46,1.52,1.61,1.44,1.01,1.02,1.25,1.49,1.58,1.64,1.72,1.66,1.60,1.49,1.47,1.61,1.49,1.39,1.44
-1.30,-1.64,-1.91,-1.88,-2.07,-1.78,-1.91,-1.95,-1.86,-2.09,-2.07,-1.85,-1.49,-1.16,-0.98,-0.83,-0.33,0.10,0.01,-0.46,-0.98,-1.41,-1.82,-2.01,-2.24,-2.13,-2.00,-2.20,-2.36,-2.27,-2.11,-2.10,-2.18,-2.15,-2.19,-2.02,-1.78,-1.73,-1.44,-1.29,-1.24,-1.14,-1.05,-1.02,-1.03,-0.95,-0.96,-1.03,-0.90,-0.86,-0.81,-1.06,-0.91,-0.83,-0.71,-0.66,-0.48,-0.44,-0.58,-0.53,-0.31,-0.18,-0.29,-0.48,-0.61,-0.61,-0.51,-0.47,-0.56,-0.54,-0.57,-0.61,-0.47,-0.34,-0.23,-0.06,0.38,0.56,0.55,0.77,0.81,0.88,0.64,0.64,0.66,0.98,0.80,0.66,0.81,1.07,1.12,0.98,1.03,0.95,1.14,1.08,1.19,1.19,1.27,1.24,0.92,0.08,-0.73,-0.85,-0.46,0.09,0.53,0.65,0.81,0.81,0.53,0.61,1.04,1.25,2.14,3.81,5.23,4.91,3.48,2.08,0.98,0.72,0.86,0.85,1.02,1.13,1.36,1.28,1.39,1.23,1.18,0.93,1.04,1.14,1.04,1.25,1.60,1.60,2.01,1.41,1.19,1.07,1.09,1.30,1.44,1.00,1.09,1.22,1.35,1.60,1.80,1.61,1.58,1.50,1.51,1.58,1.66,1.60,1.40,1.44
-1.24,-1.59,-2.05,-2.07,-2.19,-1.95,-2.04,-2.04,-1.85,-2.10,-2.20,-2.07,-1.78,-1.54,-1.60,-1.86,-1.43,-1.10,-1.00,-0.98,-1.14,-1.26,-1.29,-1.95,-2.22,-2.15,-2.02,-2.16,-2.15,-2.13,-2.14,-2.18,-2.24,-2.10,-2.10,-1.79,-1.86,-1.86,-1.59,-1.53,-1.27,-1.08,-1.02,-0.95,-0.91,-0.82,-0.98,-0.98,-0.88,-0.85,-0.69,-1.01,-0.85,-0.43,-0.17,-0.17,-0.01,0.18,0.06,0.02,0.34,0.46,0.27,0.06,-0.17,-0.37,-0.43,-0.47,-0.57,-0.68,-0.75,-0.82,-0.62,-0.19,0.01,0.65,1.08,0.93,0.92,1.04,1.00,1.03,0.76,0.63,0.65,1.01,1.04,0.82,0.93,1.17,1.18,1.13,1.08,1.18,1.29,1.04,1.18,1.19,1.15,1.11,1.09,0.58,-0.47,-0.85,-0.43,0.09,0.46,0.49,0.49,0.67,0.54,0.61,1.04,1.02,1.34,1.84,2.55,2.71,2.25,1.36,0.71,0.71,0.65,0.56,0.90,0.90,1.35,1.22,1.42,1.29,1.13,0.93,1.13,1.13,0.96,1.23,1.53,1.72,1.79,0.95,0.87,0.96,1.09,1.38,1.47,1.56,1.61,1.67,1.72,1.68,1.57,1.58,1.51,1.56,1.52,1.51,1.57,1.40,1.23,1.23
-1.25,-1.54,-2.02,-2.18,-1.93,-1.86,-2.01,-2.05,-1.91,-1.99,-2.06,-2.23,-2.23,-2.04,-1.83,-1.83,-1.73,-1.59,-1.65,-1.91,-1.96,-1.72,-1.55,-1.59,-1.93,-2.20,-2.29,-2.28,-2.22,-2.10,-2.05,-2.13,-2.23,-2.18,-1.86,-1.87,-2.04,-1.85,-1.59,-1.58,-1.34,-1.17,-1.10,-0.91,-0.86,-0.87,-1.02,-0.98,-1.11,-0.98,-0.86,-1.00,-0.66,0.08,0.55,0.54,0.71,0.97,0.96,0.86,1.12,1.13,0.93,0.92,0.72,0.41,0.06,-0.32,-0.48,-0.66,-0.77,-0.91,-0.76,-0.36,0.03,0.88,1.31,0.95,0.77,1.02,0.93,0.93,0.65,0.46,0.55,1.01,0.96,0.80,0.80,1.06,1.28,1.45,1.27,1.53,1.63,1.20,1.25,1.17,1.13,1.01,1.13,0.79,-0.22,-0.87,-0.67,0.06,0.63,0.56,0.49,0.54,0.64,0.46,0.85,0.51,0.30,0.96,1.41,1.27,1.19,0.77,0.30,0.44,0.70,0.75,0.84,0.96,1.04,0.97,1.22,0.98,1.00,0.90,1.06,0.98,0.84,1.14,1.50,1.68,1.51,0.88,0.81,0.97,1.23,1.45,1.52,1.53,1.52,1.49,1.50,1.47,1.35,1.23,1.25,1.47,1.42,1.27,1.35,1.67,1.27,1.20
-1.03,-1.41,-1.91,-1.91,-1.86,-1.92,-1.95,-1.82,-1.59,-1.83,-1.86,-2.14,-2.37,-2.29,-1.95,-1.65,-1.82,-1.90,-1.85,-1.88,-1.88,-1.72,-1.69,-1.93,-1.41,-1.90,-2.05,-2.36,-2.29,-1.93,-1.82,-1.93,-1.96,-1.95,-1.74,-1.81,-1.82,-1.67,-1.54,-1.59,-1.36,-1.15,-1.10,-0.85,-0.83,-1.05,-0.97,-0.87,-1.06,-1.00,-0.71,-0.68,-0.23,0.65,1.27,1.30,1.39,1.57,1.67,1.60,1.68,1.57,1.36,1.28,1.17,1.00,0.56,0.09,-0.23,-0.57,-0.63,-0.80,-0.64,-0.32,0.07,0.84,1.30,1.12,0.93,1.03,1.01,0.84,0.50,0.38,0.64,1.03,1.17,1.29,1.14,1.25,1.68,2.07,1.94,2.11,2.58,2.31,1.83,1.41,1.24,1.06,1.03,0.75,-0.18,-0.83,-0.67,-0.04,0.28,0.28,0.60,0.75,0.64,0.44,0.82,0.51,0.67,0.58,0.92,0.98,1.04,0.82,0.54,0.77,0.87,0.70,0.76,0.77,0.87,1.04,1.19,1.03,1.13,0.81,0.87,1.00,1.01,1.19,1.57,1.57,1.41,0.98,0.70,1.01,1.38,1.56,1.58,1.30,1.36,1.35,1.34,1.36,1.35,1.38,1.27,1.34,1.31,1.29,1.34,1.41,1.42,1.18
-1.01,-1.44,-1.73,-1.67,-1.68,-1.58,-1.32,-1.25,-1.62,-1.63,-1.91,-1.78,-1.77,-1.73,-1.63,-1.95,-1.93,-1.77,-1.77,-1.74,-1.90,-2.13,-1.57,-1.78,-1.29,-1.77,-1.91,-2.18,-2.25,-1.95,-1.59,-1.54,-1.77,-1.73,-1.50,-1.46,-1.45,-1.51,-1.50,-1.48,-1.31,-1.17,-1.05,-0.81,-1.01,-1.12,-1.01,-0.77,-0.83,-0.95,-0.43,-0.44,0.10,0.90,1.77,1.83,1.67,1.60,1.66,1.62,1.73,1.67,1.27,1.01,1.06,1.18,1.02,0.74,0.37,-0.07,-0.38,-0.62,-0.46,-0.27,0.13,0.80,1.27,1.20,1.07,0.90,0.82,0.64,0.34,0.60,1.14,1.62,2.20,2.46,2.37,2.37,2.71,2.96,3.18,3.28,4.12,3.97,2.95,1.69,1.15,1.04,0.96,0.66,-0.14,-0.59,-0.58,-0.21,0.07,0.12,0.54,0.63,0.61,0.60,0.85,0.65,0.56,0.74,0.45,0.70,1.09,0.66,0.19,0.34,0.63,0.76,0.92,1.06,1.03,1.03,1.01,0.91,0.92,0.72,0.79,1.01,1.14,1.36,1.73,1.79,1.60,0.97,0.67,0.96,1.29,1.41,1.41,1.25,1.20,1.18,1.13,1.15,1.24,1.15,1.01,1.04,0.92,0.97,1.17,1.04,1.33,1.28
-1.25,-1.26,-1.44,-1.60,-1.55,-1.59,-1.59,-1.46,-1.25,-1.57,-1.74,-1.76,-1.85,-1.86,-1.73,-1.90,-1.77,-2.09,-1.83,-1.63,-1.88,-2.07,-1.72,-1.76,-1.67,-1.79,-1.91,-2.11,-2.10,-1.88,-1.67,-1.34,-1.49,-1.50,-1.32,-1.44,-1.39,-1.46,-1.43,-1.38,-1.27,-1.21,-1.11,-0.91,-1.19,-1.07,-1.11,-0.78,-0.90,-0.92,-0.53,-0.32,0.17,0.80,1.60,1.71,1.40,1.44,1.36,1.40,1.63,1.47,1.18,1.17,1.33,1.41,1.44,1.56,1.33,0.82,0.01,-0.57,-0.47,-0.36,-0.12,0.81,1.33,1.03,0.92,0.71,0.71,0.80,0.56,1.04,2.19,2.87,3.52,3.48,3.83,3.73,3.63,3.85,4.34,4.57,5.38,5.19,3.77,1.74,1.00,0.91,0.80,0.53,-0.24,-0.61,-0.64,-0.43,-0.11,0.22,0.56,0.53,0.66,0.48,0.66,0.33,0.50,0.38,0.41,0.64,0.92,0.76,0.25,-0.12,-0.07,0.38,0.71,0.55,0.95,1.02,0.79,0.49,0.45,0.49,0.64,0.70,0.88,1.27,1.61,1.97,1.78,1.17,0.85,0.98,1.20,1.33,1.38,1.18,1.17,1.04,1.11,1.19,1.19,1.13,0.93,0.95,0.93,1.00,1.13,1.20,1.17,1.30
-1.12,-1.06,-1.27,-1.51,-1.54,-1.55,-1.57,-1.55,-1.59,-1.65,-1.72,-1.77,-1.79,-1.79,-1.71,-1.45,-1.59,-1.85,-1.85,-1.79,-1.90,-1.82,-1.39,-1.35,-1.76,-1.71,-1.62,-1.69,-1.73,-1.65,-1.54,-1.26,-1.17,-1.20,-1.32,-1.46,-1.43,-1.43,-1.30,-1.31,-1.26,-1.14,-1.15,-1.08,-1.15,-1.08,-1.08,-0.81,-0.86,-0.82,-0.41,-0.29,-0.08,0.61,1.55,1.56,1.34,1.51,1.61,1.47,1.66,1.74,1.47,1.56,1.84,2.09,2.14,2.28,2.25,1.63,0.65,-0.46,-0.21,-0.14,-0.33,0.85,1.27,0.65,0.84,0.95,0.81,0.77,0.96,1.33,2.96,4.02,4.19,4.13,4.34,4.17,3.85,4.19,4.57,4.94,5.67,5.52,3.77,1.78,0.98,0.87,0.72,0.60,-0.32,-0.64,-0.59,-0.44,-0.14,0.13,0.49,0.45,0.59,0.39,0.46,0.30,0.71,0.28,0.49,0.70,0.77,0.53,0.24,0.13,0.13,0.40,0.81,0.88,0.88,0.87,0.72,0.54,0.34,0.30,0.53,0.74,1.08,1.41,1.46,1.84,1.86,1.36,0.98,1.15,1.29,1.33,1.44,1.14,1.15,1.09,1.15,1.27,1.31,1.18,1.02,1.03,1.06,1.08,1.04,1.07,1.07,1.41
-1.20,-1.16,-1.06,-1.43,-1.45,-1.50,-1.60,-1.65,-1.62,-1.57,-1.76,-1.71,-1.71,-1.81,-1.58,-1.48,-1.50,-1.69,-1.76,-1.81,-1.85,-1.54,-1.29,-1.40,-1.53,-1.35,-1.12,-0.92,-1.03,-1.25,-1.17,-1.16,-1.19,-1.02,-1.06,-1.11,-1.08,-1.20,-1.19,-1.24,-1.21,-1.12,-1.11,-1.02,-1.01,-0.97,-0.82,-0.87,-0.64,-0.83,-0.44,-0.33,-0.08,0.77,1.51,1.28,1.22,1.95,2.36,2.08,2.07,2.24,2.12,1.97,2.13,2.35,2.22,2.40,2.33,2.08,0.74,-0.44,-0.19,-0.18,-0.23,0.80,1.25,0.91,1.23,0.84,0.76,0.54,0.87,1.34,3.13,4.18,4.32,4.38,4.28,4.32,3.86,4.26,4.50,4.98,5.57,5.07,3.57,1.85,0.86,0.82,0.75,0.63,-0.14,-0.44,-0.48,-0.33,0.01,0.17,0.39,0.40,0.49,0.37,0.51,0.30,0.61,0.55,0.70,0.67,0.67,0.43,0.01,0.20,0.48,0.60,0.76,0.84,1.02,0.76,0.92,1.07,0.49,0.48,0.59,0.82,1.04,1.17,1.33,1.78,1.61,1.31,1.12,1.24,1.13,1.11,1.39,1.33,1.24,1.18,1.13,1.31,1.45,1.29,1.25,1.31,1.34,1.11,0.96,1.18,1.31,1.56
-1.05,-1.07,-1.24,-1.29,-1.22,-1.45,-1.73,-1.76,-1.48,-1.41,-1.74,-1.72,-1.68,-1.79,-1.58,-1.54,-1.50,-1.62,-1.60,-1.63,-1.78,-1.65,-1.36,-1.32,-1.29,-0.80,-0.39,-0.24,-0.48,-0.86,-0.90,-1.10,-1.16,-0.92,-0.58,-0.73,-0.71,-0.90,-1.12,-1.19,-1.12,-1.00,-0.92,-0.73,-0.69,-0.77,-0.58,-0.61,-0.37,-0.61,-0.29,-0.31,-0.06,0.75,1.40,1.34,1.55,2.26,2.46,2.12,2.19,2.40,2.28,2.05,2.08,2.45,2.45,2.48,2.69,2.42,0.92,-0.38,-0.23,-0.04,-0.04,0.59,1.14,1.15,1.07,0.88,0.74,0.72,0.88,1.23,2.82,4.16,4.51,4.34,4.54,4.32,3.88,4.32,4.63,5.18,5.54,4.81,3.47,1.83,0.75,0.70,0.75,0.69,0.08,-0.27,-0.38,-0.23,0.12,0.27,0.40,0.49,0.48,0.48,0.56,0.45,0.43,0.70,0.71,0.69,0.70,0.39,0.08,0.30,0.53,0.65,0.86,1.09,1.19,1.22,1.14,1.00,1.04,0.92,0.74,0.71,0.92,1.25,1.51,1.79,1.78,1.49,1.12,1.13,1.09,1.13,1.44,1.53,1.33,1.25,1.23,1.30,1.39,1.38,1.41,1.33,1.13,1.00,1.06,1.27,1.30,1.41
-1.35,-1.20,-1.38,-1.39,-1.27,-1.39,-1.63,-1.71,-1.62,-1.60,-1.83,-1.78,-1.69,-1.82,-1.74,-1.82,-1.68,-1.64,-1.59,-1.59,-1.85,-1.91,-1.25,-1.26,-1.17,-0.56,-0.19,-0.27,-0.54,-0.76,-0.78,-1.11,-1.00,-0.87,-0.57,-0.68,-0.68,-0.91,-1.12,-1.17,-1.12,-1.06,-0.98,-0.76,-0.75,-0.96,-0.52,-0.43,-0.56,-0.59,-0.18,-0.22,-0.09,0.35,1.01,1.00,1.50,2.36,2.55,2.39,2.34,2.49,2.43,2.06,2.13,2.49,2.77,2.70,2.82,2.34,0.80,-0.06,-0.18,0.06,-0.06,0.59,0.85,0.95,1.07,1.00,0.69,0.91,0.80,1.02,2.49,4.06,4.10,4.24,4.35,4.18,3.83,4.07,4.52,4.99,5.35,4.76,3.48,1.74,0.82,0.74,0.86,0.98,0.39,-0.06,-0.37,-0.22,0.25,0.25,0.32,0.40,0.32,0.49,0.54,0.51,0.54,0.58,0.64,0.74,0.71,0.56,0.27,0.25,0.24,0.43,0.84,1.07,1.19,1.06,0.97,1.25,0.98,0.69,0.70,0.63,0.75,1.13,1.42,1.74,1.69,1.11,0.86,1.20,1.22,1.18,1.38,1.45,1.11,1.39,1.27,1.17,1.19,1.23,1.34,1.13,0.88,1.01,1.19,1.08,1.14,1.19
-1.12,-1.26,-1.46,-1.36,-1.11,-1.15,-1.45,-1.76,-1.64,-1.58,-1.76,-1.65,-1.60,-1.88,-1.85,-2.11,-1.76,-1.67,-1.62,-1.62,-1.87,-1.87,-1.27,-1.53,-1.17,-0.73,-0.71,-0.90,-1.02,-0.95,-0.81,-1.14,-1.16,-0.93,-0.92,-0.92,-0.91,-1.03,-1.19,-1.15,-1.06,-1.11,-1.07,-0.76,-0.71,-0.78,-0.67,-0.54,-0.52,-0.48,-0.28,-0.19,0.02,0.27,0.75,0.82,1.42,2.14,2.39,2.37,2.36,2.37,2.29,2.14,2.07,2.48,2.45,2.09,2.30,2.01,1.14,0.01,-0.18,-0.21,-0.16,0.41,0.80,0.81,1.22,0.88,0.72,0.76,0.75,0.88,2.41,3.79,3.91,4.22,4.16,3.81,3.69,3.87,3.97,4.39,4.83,4.28,3.29,1.72,0.93,0.87,0.86,1.18,0.76,0.15,-0.38,-0.19,0.34,0.25,0.23,0.35,0.29,0.46,0.49,0.41,0.53,0.53,0.38,0.79,0.76,0.49,0.30,0.35,0.30,0.41,0.67,0.74,0.85,0.90,0.58,1.17,0.69,0.88,0.77,0.45,0.69,1.13,1.23,1.63,1.66,1.22,1.04,1.12,1.29,1.41,1.41,1.27,1.39,1.18,1.00,1.00,1.03,1.01,1.11,1.13,0.97,1.07,1.11,0.90,1.04,1.19
-1.06,-1.27,-1.31,-1.29,-1.14,-1.16,-1.40,-1.63,-1.51,-1.53,-1.71,-1.62,-1.57,-1.88,-1.86,-2.02,-1.77,-1.69,-1.63,-1.59,-1.79,-1.73,-1.55,-1.51,-1.29,-1.01,-0.96,-1.17,-1.32,-1.07,-0.91,-1.06,-1.29,-1.10,-0.98,-1.07,-0.98,-1.00,-1.10,-1.15,-1.11,-1.06,-0.98,-0.59,-0.57,-0.62,-0.64,-0.53,-0.43,-0.34,-0.21,0.06,0.08,0.13,0.54,0.63,1.25,1.85,1.99,1.97,1.73,1.67,1.68,1.62,1.99,2.34,2.57,2.18,2.17,2.11,1.72,-0.09,-0.28,-0.13,-0.29,0.51,0.77,0.86,1.23,0.92,0.65,0.64,0.40,0.71,2.45,3.43,3.93,3.97,4.30,3.85,3.80,3.77,3.80,4.19,4.52,4.31,3.22,1.73,0.88,1.08,1.36,2.13,2.00,1.09,0.29,0.18,0.37,0.25,0.28,0.40,0.38,0.43,0.51,0.41,0.61,0.66,0.46,0.85,0.54,0.32,0.24,0.28,0.29,0.39,0.60,0.70,0.75,0.97,0.92,1.00,0.69,0.58,0.49,0.39,0.79,1.30,1.38,1.39,1.55,1.34,1.17,1.06,1.07,1.08,1.17,1.36,1.33,1.33,1.06,0.91,0.92,1.00,0.91,1.13,0.92,0.88,0.91,0.86,0.95,1.13
-1.07,-1.35,-1.30,-1.26,-1.17,-1.29,-1.57,-1.64,-1.60,-1.59,-1.74,-1.67,-1.53,-1.81,-1.87,-1.74,-1.67,-1.73,-1.73,-1.67,-1.79,-1.74,-1.57,-1.27,-1.39,-1.26,-1.07,-1.03,-1.05,-0.87,-0.58,-0.96,-1.16,-1.19,-0.85,-0.80,-0.78,-0.80,-0.87,-0.93,-0.97,-0.93,-0.76,-0.44,-0.48,-0.58,-0.62,-0.68,-0.38,-0.38,-0.24,-0.14,-0.04,0.30,0.80,0.75,1.12,1.71,1.96,2.08,2.24,2.43,2.29,2.12,2.14,2.16,2.11,2.22,2.34,2.41,1.75,0.19,-0.24,-0.19,-0.29,0.45,0.79,1.15,1.11,0.85,0.91,0.82,0.70,0.59,2.08,3.42,3.67,4.35,3.66,3.35,3.11,3.20,3.50,3.78,4.18,3.80,3.14,1.92,1.28,2.07,3.17,4.43,5.12,4.15,2.09,0.86,0.58,0.29,0.28,0.41,0.44,0.33,0.44,0.44,0.71,0.60,0.56,0.76,0.37,0.22,0.17,0.22,0.06,0.06,0.43,0.66,0.63,0.66,0.72,0.85,0.56,0.39,0.49,0.55,0.90,1.34,1.53,1.62,1.57,1.35,1.34,1.19,1.07,1.17,1.31,1.11,1.25,1.23,1.03,0.85,0.80,0.86,0.97,1.08,0.71,0.77,0.93,0.90,0.81,0.91
-1.11,-1.40,-1.29,-1.22,-1.16,-1.34,-1.68,-1.71,-1.68,-1.72,-1.78,-1.63,-1.45,-1.73,-1.78,-1.59,-1.53,-1.68,-1.77,-1.64,-1.68,-1.85,-1.39,-1.12,-1.08,-1.07,-1.06,-0.93,-0.77,-0.72,-0.32,-0.44,-0.88,-0.97,-0.78,-0.63,-0.54,-0.64,-0.71,-0.71,-0.82,-0.87,-0.80,-0.61,-0.64,-0.69,-0.71,-0.76,-0.38,-0.59,-0.23,-0.19,-0.28,-0.06,0.56,0.81,1.18,1.80,1.96,2.02,2.28,2.30,2.23,2.18,2.22,2.52,2.59,2.42,2.34,2.48,2.22,0.82,-0.19,-0.18,-0.49,0.43,0.59,1.04,0.92,0.85,0.50,0.55,0.56,0.64,1.84,3.23,3.12,3.84,3.10,2.96,2.84,2.98,3.49,3.80,4.06,3.77,3.11,2.14,2.46,3.99,5.31,6.70,8.10,7.76,4.64,1.85,0.96,0.45,0.30,0.56,0.54,0.48,0.44,0.40,0.58,0.41,0.53,0.70,0.25,0.13,0.19,0.28,0.08,0.14,0.56,0.82,0.77,0.96,0.95,1.07,0.48,0.15,0.25,0.45,0.72,1.12,1.58,1.86,1.64,1.53,1.44,1.22,1.04,1.23,1.40,1.01,1.31,1.19,1.20,1.13,1.02,0.95,0.91,1.08,0.84,0.93,1.12,1.04,0.87,0.98
-1.19,-1.35,-1.31,-1.27,-1.25,-1.40,-1.69,-1.62,-1.57,-1.76,-1.77,-1.59,-1.50,-1.73,-1.62,-1.67,-1.64,-1.73,-1.72,-1.54,-1.58,-1.65,-1.34,-1.07,-1.08,-0.97,-0.75,-0.69,-0.71,-0.53,-0.44,-0.22,-0.88,-0.91,-0.90,-0.78,-0.59,-0.62,-0.66,-0.66,-0.75,-0.68,-0.54,-0.37,-0.46,-0.80,-0.75,-0.48,-0.28,-0.37,-0.23,-0.16,-0.07,0.03,0.39,0.74,1.07,1.57,1.99,2.28,2.47,2.40,2.18,2.08,2.01,2.33,2.53,2.36,2.46,2.65,2.51,1.36,0.02,-0.23,-0.33,0.51,0.81,1.06,0.97,0.92,0.41,0.38,0.53,0.51,2.06,3.56,3.50,3.99,3.69,3.52,3.10,3.52,4.10,4.47,4.69,4.30,3.31,2.83,4.24,6.73,7.60,8.37,9.51,9.65,7.09,3.36,1.29,0.64,0.41,0.65,0.58,0.63,0.55,0.38,0.49,0.40,0.45,0.58,0.01,0.04,0.12,0.15,0.17,0.38,0.76,0.95,0.82,0.80,0.87,1.01,0.32,0.10,0.04,0.34,0.65,1.03,1.45,1.57,1.64,1.40,1.14,1.06,1.18,1.36,1.38,1.18,1.34,1.11,0.88,0.97,0.97,0.82,1.07,1.27,0.77,0.85,1.09,1.17,1.13,1.08
-1.22,-1.30,-1.40,-1.38,-1.34,-1.45,-1.73,-1.65,-1.57,-1.55,-1.62,-1.57,-1.48,-1.64,-1.65,-1.79,-1.73,-1.73,-1.63,-1.41,-1.62,-1.39,-1.25,-1.06,-1.08,-0.91,-0.73,-0.82,-0.95,-0.56,-0.12,-0.64,-0.87,-0.82,-0.77,-0.73,-0.56,-0.75,-0.83,-0.73,-0.90,-0.86,-1.01,-0.42,-0.49,-0.78,-0.54,-0.58,-0.42,-0.66,-0.26,-0.27,-0.22,-0.06,0.24,0.45,0.98,1.66,2.08,2.40,2.43,2.29,2.14,2.07,1.75,1.86,2.43,2.39,2.47,2.68,2.52,1.75,0.22,-0.39,-0.21,0.33,0.54,1.00,1.14,0.88,0.39,0.40,0.63,0.63,2.26,3.72,4.06,3.83,4.23,3.99,3.69,3.99,4.09,4.50,4.58,4.39,3.83,4.28,6.61,9.33,9.88,9.82,10.53,10.40,8.52,4.76,1.64,0.67,0.43,0.56,0.56,0.45,0.43,0.37,0.40,0.37,0.45,0.40,-0.12,-0.06,0.12,0.14,0.27,0.50,0.76,0.91,0.85,0.82,0.85,0.85,0.38,0.13,0.17,0.53,0.81,1.06,1.35,1.44,1.50,1.38,1.17,1.00,1.13,1.28,1.38,1.51,1.28,0.90,0.97,1.02,0.98,1.00,1.02,1.14,1.03,1.04,1.15,1.19,1.07,1.38
-1.15,-1.29,-1.30,-1.39,-1.39,-1.41,-1.57,-1.78,-1.55,-1.54,-1.62,-1.55,-1.40,-1.51,-1.49,-1.63,-1.81,-1.76,-1.58,-1.57,-1.71,-1.34,-1.32,-1.08,-1.06,-1.02,-0.91,-0.96,-1.10,-0.87,-0.42,-0.80,-0.81,-1.00,-0.69,-0.83,-0.67,-0.54,-0.66,-0.69,-0.72,-0.73,-0.90,-0.52,-0.44,-0.69,-0.48,-0.48,-0.43,-0.49,-0.38,-0.34,-0.11,0.18,0.37,0.45,1.04,1.61,1.80,2.19,2.29,1.95,1.45,1.45,1.55,1.80,1.90,2.19,2.24,2.34,2.70,1.72,0.32,-0.07,-0.22,0.08,0.22,1.08,0.98,0.86,0.54,0.53,0.55,0.80,1.75,3.96,4.37,4.17,4.17,4.28,4.42,3.97,4.12,4.35,4.49,4.30,3.99,3.48,7.32,10.91,11.51,11.03,10.77,10.08,8.86,5.70,2.16,0.82,0.48,0.41,0.55,0.43,0.39,0.50,0.40,0.33,0.55,0.39,-0.16,-0.28,0.33,0.38,0.38,0.49,0.75,1.00,0.91,0.98,0.96,1.22,0.85,0.34,0.34,0.72,0.92,1.13,1.47,1.68,1.62,1.39,1.28,1.13,1.08,1.13,1.27,1.49,1.40,1.09,1.14,1.07,0.87,0.79,0.91,1.19,0.95,1.04,1.14,1.13,1.23,1.34
-1.21,-1.11,-1.36,-1.46,-1.39,-1.38,-1.53,-1.59,-1.54,-1.50,-1.54,-1.51,-1.43,-1.55,-1.49,-1.45,-1.38,-1.43,-1.48,-1.39,-1.64,-1.51,-1.49,-1.19,-1.03,-0.85,-0.73,-0.69,-0.69,-0.76,-0.69,-0.86,-0.82,-1.11,-0.83,-0.69,-0.72,-0.76,-0.75,-0.76,-0.71,-0.64,-0.72,-0.48,-0.38,-0.95,-0.67,-0.53,-0.23,-0.34,-0.23,-0.28,-0.29,-0.14,0.13,0.43,0.93,1.53,1.85,1.99,2.06,1.89,1.34,1.22,1.42,1.53,1.72,1.84,2.09,2.24,2.26,1.69,0.41,0.13,-0.16,0.25,0.02,0.97,0.80,0.91,0.71,0.80,0.49,0.72,2.18,3.67,4.54,4.38,3.96,3.87,3.72,3.60,3.84,4.42,4.37,4.22,3.74,3.16,7.32,12.41,13.28,11.73,9.61,7.99,7.21,5.40,2.83,1.18,0.50,0.44,0.56,0.45,0.54,0.49,0.49,0.50,0.69,0.45,-0.14,-0.43,0.35,0.35,0.30,0.40,0.71,1.06,0.92,0.90,0.84,1.08,0.72,0.28,0.38,0.71,0.91,1.06,1.40,1.73,1.72,1.38,1.36,1.14,1.01,1.14,1.39,1.34,1.29,0.92,0.91,0.91,0.91,0.93,1.06,1.13,1.03,1.33,1.42,1.17,1.07,1.09
-1.22,-1.07,-1.24,-1.19,-1.20,-1.45,-1.68,-1.65,-1.45,-1.62,-1.78,-1.67,-1.32,-1.25,-1.25,-1.38,-1.24,-1.22,-1.43,-1.67,-1.82,-1.36,-1.22,-1.16,-1.00,-0.88,-0.83,-0.95,-1.08,-0.77,-0.68,-0.96,-0.83,-0.86,-0.82,-0.75,-0.57,-0.61,-0.80,-0.76,-0.68,-0.77,-0.67,-0.54,-0.41,-0.77,-0.67,-0.49,-0.34,-0.29,-0.22,-0.22,-0.33,-0.12,0.29,0.59,0.95,1.35,1.64,2.07,2.23,1.99,1.63,1.46,1.20,1.34,1.74,1.94,2.20,2.40,2.19,1.61,0.56,0.09,0.13,0.25,0.34,1.02,0.96,1.01,0.76,0.56,0.51,0.59,2.37,3.78,4.30,4.18,3.78,3.68,3.67,3.67,3.93,4.41,4.35,4.35,3.62,2.98,6.11,13.18,14.70,10.93,6.99,5.38,5.21,5.04,3.92,2.11,0.92,0.60,0.58,0.53,0.63,0.39,0.40,0.54,0.64,0.56,-0.08,-0.38,0.14,0.14,0.15,0.37,0.66,0.90,0.88,0.91,0.87,0.90,0.54,0.29,0.23,0.64,0.97,1.11,1.35,1.73,1.92,1.45,1.44,1.28,1.13,1.19,1.35,1.40,1.33,1.07,0.98,1.01,1.03,1.03,1.03,1.19,1.07,1.27,1.36,1.29,1.34,1.34
-0.98,-0.85,-1.05,-1.19,-1.26,-1.39,-1.50,-1.59,-1.44,-1.29,-1.46,-1.55,-1.20,-1.03,-1.05,-1.10,-1.12,-1.31,-1.45,-1.35,-1.63,-1.49,-1.44,-1.17,-1.02,-0.83,-0.75,-0.80,-0.80,-0.67,-0.52,-0.85,-0.90,-0.72,-0.51,-0.56,-0.69,-0.92,-0.80,-0.48,-0.67,-0.58,-0.76,-0.48,-0.51,-0.62,-0.52,-0.44,-0.13,-0.43,-0.41,-0.14,-0.21,-0.14,0.29,0.48,0.71,1.18,1.62,2.03,2.09,1.83,1.64,1.53,1.45,1.52,1.39,1.63,1.75,2.11,2.34,1.94,0.80,0.38,0.02,0.24,0.35,0.91,0.87,0.95,0.55,0.64,0.54,0.53,2.03,3.56,4.16,3.98,3.79,3.05,3.10,3.24,3.42,3.83,3.81,3.90,3.72,3.60,4.74,11.50,12.83,8.80,5.79,5.68,6.40,6.62,6.00,4.36,2.54,1.77,1.57,1.06,0.56,0.59,0.72,0.75,0.35,0.54,0.01,-0.27,0.08,0.10,0.12,0.32,0.61,0.82,0.84,0.96,0.97,0.88,0.60,0.34,0.03,0.44,0.98,1.19,1.24,1.55,1.89,1.34,1.41,1.34,1.28,1.23,1.22,1.20,1.17,1.09,1.09,1.17,1.22,1.18,1.02,1.08,1.07,1.28,1.30,1.15,1.25,1.20
-1.24,-1.00,-1.01,-1.17,-1.30,-1.43,-1.60,-1.54,-1.35,-1.25,-1.27,-1.29,-1.25,-1.32,-0.93,-1.25,-1.07,-1.05,-1.29,-1.30,-1.54,-1.31,-1.24,-1.22,-1.19,-0.87,-0.69,-0.90,-1.05,-0.67,-0.77,-0.78,-0.77,-0.83,-0.86,-0.82,-0.86,-0.88,-0.69,-0.58,-0.72,-0.69,-0.87,-0.61,-0.52,-0.52,-0.36,-0.29,-0.12,-0.41,-0.47,-0.39,-0.36,-0.21,0.30,0.55,0.63,0.91,1.40,1.83,1.62,1.28,1.28,1.34,1.29,1.18,1.50,1.44,1.57,2.20,2.30,1.85,0.72,0.30,-0.18,0.27,0.01,1.18,0.75,0.77,0.50,0.75,0.41,0.41,1.90,3.22,3.59,3.68,4.32,3.99,4.12,3.96,4.09,4.07,4.26,4.03,3.37,1.99,2.58,7.24,8.36,7.17,6.96,7.54,7.94,7.97,7.57,6.52,5.24,4.38,3.60,2.68,1.51,0.85,0.61,0.74,0.30,0.38,-0.13,-0.11,0.19,0.03,0.18,0.29,0.46,0.84,0.84,0.80,0.75,0.65,0.38,0.12,-0.02,0.40,0.87,1.09,1.17,1.33,1.85,1.28,1.34,1.33,1.28,1.27,1.29,1.24,1.18,1.00,1.07,1.19,1.18,1.06,0.98,1.06,1.12,1.30,1.25,1.03,1.13,1.19
-1.05,-1.06,-1.26,-1.31,-1.21,-1.20,-1.41,-1.26,-1.24,-1.40,-1.48,-1.32,-1.07,-1.17,-1.24,-1.35,-1.22,-1.21,-1.30,-1.20,-1.59,-1.46,-1.38,-1.27,-1.20,-1.05,-0.75,-0.63,-0.91,-0.66,-0.73,-0.86,-0.76,-0.90,-0.90,-0.85,-0.81,-0.93,-0.83,-0.59,-0.87,-0.62,-0.81,-0.48,-0.80,-0.58,-0.67,-0.61,-0.33,-0.34,-0.47,-0.38,-0.29,-0.03,0.41,0.40,0.33,0.79,1.34,1.51,1.55,1.51,1.30,1.55,1.46,1.52,1.38,1.68,1.50,2.22,2.43,2.00,0.86,0.19,0.39,0.46,0.19,0.95,0.60,0.91,0.54,0.67,0.50,0.70,1.74,3.01,3.26,3.60,3.46,3.38,2.98,3.20,3.67,3.71,3.86,3.54,3.02,1.94,2.02,4.15,6.37,7.24,7.46,7.79,8.06,8.62,8.82,7.94,7.01,6.77,6.60,5.74,3.80,1.60,0.76,0.67,0.63,0.28,-0.19,-0.06,0.08,0.07,0.18,0.22,0.40,0.76,0.77,0.69,0.72,0.71,0.09,-0.04,0.09,0.49,0.87,1.15,1.31,1.46,1.92,1.42,1.31,1.40,1.39,1.34,1.39,1.53,1.23,1.19,1.06,1.19,1.23,1.06,1.00,1.14,1.11,1.28,1.24,1.06,1.14,1.28
-0.96,-0.91,-0.96,-1.20,-1.30,-1.27,-1.34,-1.30,-1.12,-1.24,-1.38,-1.30,-1.07,-1.27,-1.40,-1.29,-1.22,-1.15,-1.14,-1.34,-1.54,-1.27,-1.35,-1.11,-1.02,-0.91,-0.78,-0.81,-0.87,-0.77,-0.93,-0.83,-0.77,-0.90,-0.75,-0.73,-0.83,-0.87,-0.78,-0.78,-0.95,-0.71,-0.63,-0.67,-0.68,-0.46,-0.77,-0.32,-0.38,-0.22,-0.02,0.08,0.14,0.61,0.86,0.63,0.75,1.17,1.46,1.69,1.63,1.47,1.50,1.24,1.36,1.88,1.74,1.57,1.61,1.97,2.18,1.79,1.04,0.66,0.48,0.22,0.13,1.01,0.67,0.82,0.75,0.58,0.56,0.60,1.57,2.51,2.87,3.53,3.18,3.25,2.81,2.80,3.24,3.32,3.46,3.22,2.89,1.97,2.90,4.56,6.08,7.01,7.18,7.39,7.56,8.31,9.11,8.84,8.03,7.46,7.62,7.66,6.73,4.10,1.77,0.82,0.79,0.30,0.03,0.01,0.10,0.23,0.27,0.24,0.45,0.74,0.74,0.85,0.87,0.60,0.01,-0.13,0.15,0.40,0.92,1.31,1.35,1.51,1.71,1.44,1.34,1.41,1.45,1.28,1.28,1.68,1.15,1.28,0.95,1.15,1.31,1.09,0.96,1.20,1.06,1.23,1.29,1.13,1.11,1.28
-1.14,-1.19,-1.15,-1.24,-1.26,-1.21,-1.25,-1.40,-1.30,-1.27,-1.32,-1.32,-1.22,-1.36,-1.41,-1.12,-1.01,-1.06,-1.15,-1.17,-1.40,-1.21,-1.38,-1.12,-1.02,-0.98,-0.88,-0.90,-1.03,-0.90,-0.77,-0.85,-0.92,-0.80,-0.83,-0.86,-0.82,-0.85,-0.80,-0.67,-0.78,-0.62,-0.77,-0.53,-0.68,-0.56,-0.61,-0.46,-0.36,-0.49,-0.31,-0.12,0.03,0.77,1.00,0.55,0.60,1.06,1.33,1.49,1.51,1.36,1.18,1.04,1.40,1.64,1.49,1.61,1.25,1.75,2.06,1.85,0.82,0.74,0.65,0.24,0.13,0.54,0.80,0.63,0.70,0.59,0.64,0.82,1.55,2.25,3.69,3.52,3.77,3.74,3.25,3.25,3.37,3.75,4.03,3.67,3.19,2.05,3.11,5.15,6.17,6.58,6.44,7.05,7.33,8.04,9.05,9.20,9.08,8.45,8.14,8.14,7.91,6.32,3.83,1.44,0.70,0.34,0.14,0.01,0.10,0.15,0.25,0.23,0.37,0.72,0.70,0.64,0.54,0.50,0.01,-0.19,0.08,0.41,0.88,1.18,1.14,1.27,1.61,1.38,1.39,1.20,1.24,1.14,1.15,1.51,1.15,1.18,0.97,1.07,1.17,1.06,0.98,1.24,1.07,1.19,1.28,1.22,1.22,1.20
-1.22,-1.16,-1.22,-1.22,-1.22,-1.22,-1.16,-1.48,-1.43,-1.26,-1.21,-1.25,-1.20,-1.16,-1.32,-1.26,-1.19,-1.15,-1.17,-1.22,-1.36,-1.27,-1.36,-1.02,-1.00,-0.93,-0.82,-0.86,-0.88,-0.82,-0.68,-0.68,-0.90,-0.76,-0.82,-0.88,-0.72,-0.76,-0.88,-0.67,-0.83,-0.81,-0.83,-0.64,-0.66,-0.54,-0.76,-0.32,-0.39,-0.31,-0.14,-0.12,-0.02,0.67,0.88,0.51,0.63,1.06,1.27,1.20,1.04,1.01,1.12,1.24,1.30,1.29,1.22,1.27,1.24,1.78,1.86,1.30,0.70,0.45,0.70,0.02,0.24,0.50,0.50,0.63,0.40,0.58,0.80,0.85,1.77,2.60,3.86,3.62,3.85,3.90,3.77,3.60,3.63,4.10,4.25,4.03,3.14,3.01,4.07,5.14,5.53,6.06,6.51,7.72,8.05,8.16,8.78,9.21,9.48,8.99,8.57,8.20,8.17,7.33,5.50,2.63,0.97,0.45,0.25,-0.18,-0.09,-0.06,0.22,0.41,0.41,0.49,0.49,0.35,0.50,0.72,0.03,-0.09,0.07,0.45,0.81,0.97,1.04,1.33,1.86,1.55,1.34,1.11,1.15,1.22,1.22,1.28,1.12,1.18,1.11,0.98,1.00,1.09,1.14,1.28,1.09,1.07,1.11,1.19,1.36,1.12
-1.22,-0.97,-1.01,-1.15,-1.30,-1.38,-1.30,-1.41,-1.39,-1.31,-1.40,-1.48,-1.21,-1.15,-1.08,-1.21,-1.17,-1.06,-1.08,-1.31,-1.21,-1.24,-1.32,-1.05,-1.00,-0.98,-0.87,-0.81,-0.76,-0.78,-0.61,-0.63,-0.81,-0.71,-0.88,-1.00,-0.91,-0.92,-0.93,-0.80,-0.92,-0.87,-0.88,-0.48,-0.81,-0.76,-0.73,-0.64,-0.61,-0.41,-0.19,0.08,0.34,0.80,0.86,0.46,0.51,0.97,1.14,1.08,0.81,0.82,0.92,1.12,1.25,1.15,1.15,1.33,1.03,1.58,1.69,1.52,0.45,0.30,0.70,-0.01,0.09,0.44,0.64,0.43,0.67,0.20,0.50,0.38,1.53,2.96,3.81,3.71,3.62,4.04,4.19,3.68,3.38,3.78,4.22,3.96,3.35,3.59,4.38,5.14,5.07,5.66,6.26,8.14,9.83,8.90,7.95,8.67,9.05,8.99,8.60,8.27,8.16,7.91,6.60,4.31,1.92,0.43,-0.28,-0.26,-0.06,0.03,0.09,0.29,0.50,0.60,0.49,0.39,0.54,0.86,0.13,0.12,0.12,0.38,0.76,1.04,1.15,1.30,1.66,1.56,1.42,1.22,1.22,1.23,1.27,1.36,1.11,1.12,0.98,0.96,1.04,1.14,1.14,1.22,1.03,0.91,0.95,1.07,1.30,1.19
-1.07,-0.96,-0.86,-1.10,-1.30,-1.36,-1.45,-1.30,-1.35,-1.30,-1.38,-1.43,-1.19,-1.21,-1.06,-1.12,-1.03,-1.00,-1.12,-1.24,-1.20,-1.07,-1.26,-1.16,-1.02,-0.90,-0.78,-0.76,-0.90,-0.69,-0.61,-0.67,-0.76,-0.71,-0.86,-0.88,-0.81,-0.86,-0.90,-0.85,-0.97,-0.85,-0.73,-0.58,-0.52,-0.57,-0.69,-0.54,-0.43,-0.39,-0.21,-0.03,0.19,0.72,0.96,0.72,0.71,1.02,1.24,1.13,0.86,0.77,0.65,0.96,1.11,1.15,1.25,1.55,1.19,1.41,1.68,1.33,0.46,0.58,0.58,0.22,0.56,0.33,0.49,0.59,0.19,0.49,0.72,0.51,1.56,3.13,3.61,3.32,3.57,3.87,3.85,3.38,3.22,3.66,3.66,3.72,3.71,3.65,3.99,4.70,5.01,5.51,6.40,9.37,10.47,8.91,8.17,8.24,8.39,8.57,8.24,7.89,7.65,7.63,7.22,5.95,3.34,1.24,0.19,-0.08,0.15,0.14,0.04,0.30,0.72,0.90,0.84,0.65,0.70,0.92,0.22,0.18,0.07,0.43,0.92,1.14,1.25,1.53,1.67,1.50,1.27,1.39,1.40,1.30,1.25,1.24,1.36,1.22,1.11,1.20,1.30,1.27,1.17,1.17,1.06,1.03,1.01,1.03,1.19,1.33
-1.00,-1.12,-0.95,-1.10,-1.27,-1.31,-1.38,-1.30,-1.38,-1.25,-1.22,-1.25,-1.11,-1.22,-1.24,-1.15,-1.05,-1.08,-1.20,-1.21,-1.15,-1.14,-1.27,-1.21,-1.10,-0.92,-0.77,-0.82,-1.00,-0.85,-0.77,-0.75,-0.88,-0.78,-0.77,-0.90,-0.90,-0.93,-0.98,-0.83,-0.93,-0.83,-0.69,-0.80,-0.48,-0.69,-0.78,-0.51,-0.38,-0.61,-0.31,-0.12,0.20,0.58,0.81,0.88,0.86,1.04,1.33,1.33,1.07,1.04,0.70,0.85,0.95,1.12,1.31,1.52,1.07,1.29,1.18,1.46,0.80,0.28,0.95,0.43,0.66,0.41,0.37,0.50,0.40,0.23,0.54,0.51,1.49,2.64,3.35,3.49,3.24,3.68,3.78,3.47,3.35,3.46,3.53,3.54,3.67,3.59,3.93,4.82,4.94,5.05,6.37,10.82,12.75,10.34,8.34,7.20,6.91,8.41,8.14,7.48,6.97,7.21,7.31,6.20,5.39,2.63,0.85,-0.07,-0.03,0.09,0.07,0.29,0.58,0.63,0.72,0.87,0.88,0.93,0.13,0.06,0.15,0.49,0.84,1.09,1.35,1.57,1.77,1.56,1.13,1.61,1.66,1.41,1.20,1.12,1.34,1.18,1.07,1.19,1.24,1.12,1.14,1.31,1.20,1.13,1.08,1.02,1.04,1.12
-1.00,-1.14,-0.97,-1.11,-1.29,-1.27,-1.17,-1.16,-1.31,-1.12,-1.12,-1.24,-1.03,-1.27,-1.21,-1.20,-1.11,-1.15,-1.31,-1.32,-1.29,-1.20,-1.19,-0.98,-0.98,-0.92,-0.82,-0.90,-1.05,-0.91,-0.69,-0.88,-0.90,-0.78,-0.73,-0.83,-0.80,-0.83,-0.95,-0.80,-0.73,-0.62,-0.63,-0.56,-0.44,-0.73,-0.63,-0.56,-0.47,-0.52,-0.29,-0.19,0.23,0.63,0.80,0.82,0.82,0.90,1.00,1.14,0.95,0.87,0.69,1.02,0.85,1.03,1.08,1.41,1.06,1.24,1.45,1.28,0.88,0.64,0.67,0.55,0.39,0.41,0.33,0.50,0.44,0.43,0.49,0.56,1.31,2.69,3.31,3.17,3.34,3.29,3.25,3.19,2.88,2.95,3.23,3.37,3.06,3.00,3.96,5.09,5.49,5.10,6.39,11.77,14.12,11.43,8.95,7.72,7.24,7.73,7.30,6.98,7.07,6.98,7.15,6.59,5.89,4.26,1.64,0.43,0.45,0.12,0.13,0.39,0.48,0.55,0.54,0.59,0.76,0.61,0.29,0.28,0.13,0.28,0.79,1.08,1.03,1.40,2.05,1.52,1.40,1.55,1.49,1.22,1.06,1.27,1.27,1.06,1.11,1.29,1.31,1.11,1.08,1.27,1.36,1.27,1.06,0.95,1.20,1.15
-0.83,-0.92,-0.86,-1.06,-1.19,-1.12,-1.06,-1.01,-1.10,-0.87,-1.01,-1.27,-1.01,-1.26,-1.06,-1.20,-1.03,-1.01,-1.31,-1.34,-1.31,-1.17,-1.08,-0.86,-0.86,-0.95,-0.88,-0.85,-0.96,-0.57,-0.59,-0.81,-0.88,-0.86,-0.75,-0.72,-0.69,-0.82,-0.88,-0.67,-0.69,-0.66,-0.71,-0.57,-0.68,-0.68,-0.46,-0.52,-0.34,-0.44,-0.24,-0.28,-0.01,0.58,0.80,0.81,0.95,0.95,0.90,1.15,1.17,1.08,0.84,0.81,0.92,1.06,1.24,1.49,1.06,1.33,1.42,1.61,1.02,0.45,0.70,0.54,0.66,0.67,0.49,0.63,0.32,0.39,0.20,0.55,1.18,2.54,3.00,3.01,3.36,3.28,3.29,3.10,3.38,3.54,3.62,3.66,3.42,3.30,4.36,5.57,5.94,5.39,6.62,11.83,14.32,12.15,9.59,7.61,6.81,7.06,7.01,6.77,6.65,6.63,7.14,6.53,6.07,5.26,3.05,1.39,0.87,0.41,0.22,0.33,0.44,0.63,0.75,0.56,0.95,0.84,0.20,0.09,-0.04,0.23,0.87,1.28,1.25,1.39,1.58,1.47,1.36,1.27,1.27,1.27,1.24,1.29,1.25,1.35,1.11,1.14,1.29,1.24,1.19,1.17,1.19,1.17,1.04,0.96,1.28,1.06
-0.88,-1.14,-0.93,-1.02,-1.15,-1.12,-1.00,-1.08,-0.93,-0.85,-1.08,-1.32,-1.22,-1.26,-1.12,-1.22,-1.06,-1.02,-1.22,-1.24,-1.19,-1.16,-1.15,-0.90,-0.85,-0.93,-0.86,-0.67,-0.82,-0.57,-0.64,-0.67,-0.77,-0.80,-0.75,-0.69,-0.72,-0.86,-0.90,-0.67,-0.73,-0.71,-0.77,-0.69,-0.73,-0.59,-0.53,-0.46,-0.27,-0.49,-0.36,-0.09,0.18,0.64,0.81,0.75,0.75,0.71,0.86,1.11,1.20,1.00,0.55,0.69,0.80,0.91,1.06,1.42,1.01,1.18,1.27,1.50,1.19,0.43,0.56,0.51,0.55,0.35,0.45,0.27,0.32,0.58,0.25,0.50,0.80,1.38,1.60,2.20,2.45,2.52,2.43,2.37,2.42,2.77,3.06,2.69,2.74,3.35,4.59,5.96,5.96,5.65,7.61,12.06,13.61,11.74,9.68,7.49,6.60,7.00,6.76,6.08,6.36,6.28,6.37,6.25,5.50,4.98,4.28,2.43,1.13,0.67,0.61,0.49,0.41,0.56,0.58,0.69,0.60,0.41,0.28,-0.13,-0.22,0.10,0.71,1.09,1.17,1.58,1.73,1.67,1.51,1.38,1.31,1.34,1.33,1.19,1.33,1.38,1.28,1.33,1.41,1.28,0.90,1.08,1.18,1.19,1.24,1.33,1.28,1.14
-0.93,-1.00,-1.00,-1.05,-1.17,-1.16,-0.87,-1.07,-0.95,-0.98,-1.15,-1.29,-1.30,-1.29,-1.29,-1.32,-1.25,-1.19,-1.26,-1.26,-1.17,-1.08,-1.26,-0.95,-0.77,-0.82,-0.77,-0.67,-0.82,-0.61,-0.68,-0.67,-0.83,-0.83,-0.81,-0.77,-0.80,-0.81,-0.78,-0.77,-0.82,-0.80,-0.73,-0.54,-0.64,-0.53,-0.66,-0.52,-0.33,-0.47,-0.24,-0.08,0.02,0.41,0.80,0.76,0.60,0.70,0.91,1.17,1.11,0.79,0.40,0.59,0.75,0.88,0.88,1.36,0.93,1.24,1.22,1.46,1.01,0.53,0.64,0.40,0.44,0.29,0.27,0.28,0.35,0.08,0.17,0.41,0.55,0.64,1.24,1.14,1.13,1.23,1.55,1.69,1.27,1.66,1.95,2.11,2.59,3.47,5.23,6.59,6.38,5.77,7.45,10.76,12.13,11.02,9.15,7.32,6.50,6.84,6.59,5.71,5.79,5.80,5.88,6.25,5.59,4.75,4.54,3.53,1.95,1.01,0.39,0.14,0.29,0.32,0.44,0.43,0.37,0.29,0.13,0.07,0.24,0.53,0.82,1.04,1.18,1.55,1.82,1.66,1.45,1.47,1.36,1.41,1.61,1.20,1.41,1.27,1.11,1.07,1.15,1.15,0.96,1.39,1.08,0.93,0.97,1.06,1.40,0.98
-0.83,-0.97,-0.81,-0.91,-1.03,-1.02,-0.92,-0.97,-0.82,-0.97,-1.19,-1.22,-1.05,-1.10,-1.22,-1.32,-1.14,-1.00,-1.15,-1.34,-1.15,-1.06,-1.26,-0.98,-0.82,-0.83,-0.80,-0.77,-0.96,-0.56,-0.75,-0.67,-0.98,-1.00,-0.92,-0.87,-0.85,-0.78,-0.72,-0.81,-0.96,-0.82,-0.77,-0.51,-0.59,-0.69,-0.78,-0.58,-0.49,-0.51,-0.29,-0.14,0.04,0.50,0.84,0.85,0.77,0.74,0.92,1.13,1.11,0.96,0.58,0.72,0.64,0.69,1.02,1.29,0.87,1.14,1.24,1.41,0.98,0.70,0.70,0.49,0.64,0.59,0.24,0.39,0.19,0.19,0.38,0.50,0.54,0.46,0.60,0.29,0.25,0.45,0.53,0.69,0.44,0.90,1.46,1.83,3.36,4.89,6.50,7.45,6.90,6.20,7.31,9.40,10.29,9.53,8.08,6.75,6.14,6.63,6.51,5.80,5.49,5.10,5.84,5.66,5.47,5.12,4.84,4.65,3.02,1.19,0.27,0.01,-0.01,0.09,0.08,0.28,0.39,0.18,0.02,0.03,0.04,0.17,0.51,0.84,0.97,1.41,1.91,1.66,1.36,1.40,1.39,1.38,1.39,1.14,1.22,1.19,0.98,1.00,1.18,1.19,0.95,1.27,1.02,1.11,1.22,0.98,0.91,1.00
-0.78,-0.96,-0.69,-0.86,-1.15,-1.15,-0.85,-0.95,-0.90,-1.08,-1.21,-1.15,-1.01,-1.17,-0.98,-1.30,-1.34,-1.21,-1.16,-1.21,-1.17,-0.98,-1.11,-1.08,-0.95,-0.91,-0.90,-0.86,-1.01,-0.69,-0.85,-0.76,-0.93,-0.87,-0.88,-0.93,-0.87,-0.82,-0.83,-0.83,-0.98,-0.78,-0.71,-0.44,-0.56,-0.69,-0.69,-0.64,-0.49,-0.53,-0.37,-0.24,-0.17,0.35,0.76,0.79,0.85,0.82,0.91,1.09,1.20,1.07,0.72,0.70,0.79,0.77,0.91,1.08,0.64,1.04,1.29,1.33,1.04,0.63,0.61,0.28,0.51,0.43,0.01,0.22,0.27,0.27,0.09,0.25,0.25,0.13,0.41,0.15,0.09,0.30,0.20,0.32,0.25,0.44,1.36,2.72,3.99,5.88,7.45,7.97,7.14,6.55,7.39,8.27,8.62,8.07,6.79,6.31,6.20,6.17,6.14,5.59,5.07,4.84,5.33,5.51,5.38,5.07,4.85,5.08,4.00,1.97,0.35,-0.36,-0.42,-0.33,-0.57,-0.36,0.04,-0.28,-0.43,0.09,0.30,0.41,0.75,1.07,1.15,1.47,1.77,1.35,1.17,1.30,1.50,1.44,1.14,1.20,1.44,1.14,0.95,0.98,1.13,1.17,1.03,1.09,1.07,1.14,1.14,0.93,0.84,1.08
-0.92,-0.86,-0.83,-0.97,-0.91,-0.67,-0.71,-1.01,-1.05,-1.14,-1.19,-1.15,-1.02,-1.26,-1.36,-1.24,-1.20,-1.22,-1.24,-1.19,-1.26,-1.12,-1.26,-1.20,-0.95,-0.88,-0.93,-0.90,-0.91,-0.71,-0.90,-0.87,-0.88,-0.73,-0.81,-0.88,-0.85,-0.87,-0.95,-0.95,-0.92,-0.81,-0.82,-0.59,-0.64,-0.81,-0.77,-0.62,-0.49,-0.54,-0.41,-0.32,-0.13,0.33,0.66,0.76,0.76,0.77,0.87,0.96,1.15,1.13,0.85,0.56,0.65,0.61,0.69,0.85,0.67,1.14,0.96,1.47,1.04,0.74,0.71,0.51,0.28,0.39,0.18,0.27,0.27,-0.12,-0.02,0.23,0.51,0.19,0.24,-0.09,-0.33,-0.01,-0.19,0.04,0.23,0.79,2.54,3.48,4.45,6.41,8.20,8.65,7.53,6.78,7.56,7.98,8.13,7.97,6.82,6.23,6.06,6.20,6.10,5.82,5.37,5.09,4.82,5.71,5.85,6.03,5.85,5.81,4.70,2.42,0.69,0.22,0.14,-0.09,-0.13,-0.22,-0.02,-0.01,-0.18,0.10,-0.06,0.40,1.22,1.38,1.06,1.35,1.15,1.39,1.19,1.22,1.34,1.38,1.25,1.02,1.40,1.31,1.13,1.13,1.22,1.09,0.97,1.06,1.18,1.12,0.96,0.96,1.04,1.22
-0.82,-0.82,-0.92,-0.85,-0.75,-0.64,-0.56,-1.05,-0.93,-0.88,-1.11,-1.26,-1.02,-1.26,-1.41,-1.43,-1.38,-1.34,-1.31,-1.32,-1.50,-1.39,-1.25,-1.16,-1.19,-1.06,-0.86,-0.85,-1.01,-0.85,-0.86,-0.77,-0.87,-0.81,-0.82,-0.85,-0.85,-0.90,-0.96,-0.92,-0.95,-0.86,-0.80,-0.66,-0.66,-0.82,-0.76,-0.53,-0.48,-0.57,-0.31,-0.31,-0.11,0.24,0.53,0.70,0.76,0.82,0.82,0.95,1.11,1.00,0.93,0.70,0.51,0.74,0.66,0.82,0.82,0.92,1.24,1.34,1.09,1.02,1.01,0.63,0.39,0.46,0.20,0.19,0.24,0.07,0.03,0.17,0.54,0.28,0.66,0.09,-0.08,0.04,-0.03,0.14,0.35,1.56,3.10,4.23,5.21,6.75,8.45,8.34,6.90,6.73,7.39,7.55,7.62,7.46,6.84,6.41,6.04,5.67,5.65,5.28,5.40,5.24,4.98,5.43,5.97,6.89,6.92,6.03,4.29,2.20,0.80,0.28,0.07,-0.08,-0.08,-0.08,0.17,0.39,0.12,0.58,0.34,0.69,1.23,1.20,1.22,1.41,1.63,1.41,1.55,1.41,1.34,1.35,1.28,1.04,1.23,1.17,0.92,0.95,1.15,1.03,1.04,0.93,1.04,1.02,0.97,1.06,0.91,1.12
-0.78,-0.88,-0.91,-1.02,-0.86,-0.62,-0.72,-0.61,-0.88,-0.97,-0.97,-0.97,-1.05,-1.31,-1.36,-1.24,-1.24,-1.39,-1.53,-1.50,-1.27,-1.50,-1.31,-1.16,-1.05,-0.83,-0.69,-0.80,-0.92,-0.85,-0.69,-0.57,-0.85,-0.83,-0.88,-0.87,-0.88,-0.91,-0.87,-0.88,-0.92,-0.82,-0.69,-0.62,-0.66,-0.66,-0.62,-0.48,-0.54,-0.61,-0.38,-0.27,-0.11,0.24,0.55,0.63,0.58,0.64,0.80,1.07,1.18,1.01,1.00,1.01,0.98,0.97,0.90,1.06,0.79,1.13,1.23,1.40,1.34,1.01,0.76,0.66,0.23,0.54,0.20,0.10,0.44,0.27,0.02,0.12,0.43,0.56,0.51,0.28,-0.16,0.17,0.19,0.48,0.87,1.86,3.46,4.55,5.19,5.85,6.68,6.70,5.73,6.20,7.39,7.66,7.63,7.34,7.00,6.47,5.82,5.79,5.74,5.31,5.39,5.01,5.60,5.85,5.92,6.56,6.69,5.91,4.09,2.16,0.85,0.23,0.13,0.20,0.28,0.18,0.55,0.60,0.24,0.61,0.53,0.81,1.28,1.30,1.30,1.33,1.74,1.52,1.53,1.45,1.39,1.41,1.38,1.23,1.14,0.98,0.93,1.06,1.23,1.11,1.15,1.03,1.20,1.18,1.03,1.06,0.81,0.97
-0.97,-0.85,-0.83,-0.95,-0.90,-0.76,-0.64,-0.66,-0.73,-0.53,-0.68,-0.92,-0.81,-0.93,-1.35,-1.20,-1.27,-1.36,-1.34,-1.27,-1.11,-1.22,-1.25,-0.90,-0.82,-0.78,-0.80,-0.96,-1.02,-0.71,-0.76,-0.66,-0.92,-0.88,-0.90,-0.83,-0.87,-0.90,-0.82,-0.85,-0.82,-0.75,-0.76,-0.62,-0.61,-0.61,-0.57,-0.52,-0.59,-0.58,-0.41,-0.34,-0.17,0.19,0.55,0.64,0.56,0.71,0.97,0.97,1.06,1.12,1.33,1.53,1.18,1.29,1.24,1.20,0.85,1.18,1.30,1.35,1.20,0.88,0.70,0.45,0.15,0.35,0.08,0.34,0.10,0.17,0.06,-0.21,-0.13,0.30,0.28,0.03,0.14,0.24,0.33,0.37,0.63,1.64,4.09,5.01,5.38,5.82,6.17,5.30,4.11,5.04,6.59,7.31,7.72,7.38,6.88,6.48,5.80,5.64,5.80,5.37,5.77,5.59,6.08,5.88,5.89,6.09,6.29,5.57,3.66,1.82,0.80,0.39,0.32,0.20,0.28,0.29,0.41,0.41,0.01,0.35,0.43,0.66,1.14,1.29,1.17,1.23,1.52,1.56,1.47,1.42,1.34,1.27,1.35,1.30,1.03,0.86,0.85,1.00,1.19,1.18,1.03,1.11,1.36,1.29,0.96,1.00,0.91,0.97
-0.95,-0.78,-0.62,-0.78,-0.93,-0.87,-0.63,-0.75,-0.86,-0.73,-0.83,-0.98,-0.97,-1.00,-1.24,-1.14,-0.96,-0.90,-1.02,-1.17,-0.96,-1.10,-1.16,-0.93,-0.82,-0.77,-0.72,-0.81,-0.98,-0.77,-0.78,-0.82,-0.88,-0.87,-0.88,-0.86,-0.81,-0.82,-0.85,-0.82,-0.86,-0.67,-0.68,-0.57,-0.57,-0.73,-0.71,-0.46,-0.41,-0.51,-0.38,-0.32,-0.12,0.24,0.56,0.63,0.54,0.71,0.92,0.96,1.07,1.28,1.36,1.49,1.52,1.46,1.42,1.11,0.82,1.23,1.14,1.39,1.15,0.81,0.66,0.43,0.20,0.34,0.10,0.22,-0.19,0.14,0.08,-0.06,-0.09,0.03,0.17,0.39,0.28,0.22,0.46,0.41,0.59,1.51,6.22,9.23,9.05,7.90,6.81,4.58,2.57,3.60,5.99,7.29,7.81,7.71,7.12,6.62,5.99,5.92,6.30,6.25,6.47,6.61,6.48,6.45,6.54,6.33,6.10,5.30,3.50,1.94,1.02,0.39,0.25,0.24,0.37,0.39,0.30,0.35,-0.07,0.04,0.29,0.69,1.17,1.36,1.17,1.28,1.46,1.57,1.31,1.30,1.30,1.22,1.31,1.19,1.00,0.93,0.84,0.88,1.12,1.12,0.82,1.04,1.31,1.20,0.90,1.07,0.96,1.04
-0.92,-0.82,-0.68,-0.82,-0.86,-0.78,-0.67,-0.54,-0.67,-0.61,-0.72,-0.91,-1.03,-1.21,-1.27,-1.26,-1.21,-1.29,-1.45,-1.45,-1.17,-1.35,-1.24,-1.05,-0.96,-0.87,-0.75,-0.78,-1.01,-0.78,-0.61,-0.68,-0.95,-0.88,-0.95,-0.98,-0.81,-0.80,-0.95,-0.98,-0.88,-0.62,-0.73,-0.63,-0.71,-0.71,-0.83,-0.49,-0.39,-0.53,-0.42,-0.27,-0.03,0.23,0.53,0.60,0.51,0.67,0.90,1.07,1.17,1.19,1.09,1.36,1.52,1.58,1.51,1.00,0.74,1.07,1.20,1.41,1.18,0.59,0.63,0.30,0.08,0.18,0.12,0.19,-0.11,-0.01,-0.13,-0.09,-0.11,-0.16,-0.18,0.12,-0.02,0.01,0.24,0.15,0.20,0.63,3.49,7.64,9.82,9.54,7.39,4.26,1.99,2.58,5.38,7.58,8.39,8.30,7.88,7.41,6.30,6.71,6.61,6.51,6.43,6.46,6.96,7.00,6.70,6.65,5.78,4.67,2.88,1.38,0.55,0.04,0.25,0.35,0.23,0.30,0.40,0.44,0.03,-0.18,0.15,0.64,1.01,1.24,1.23,1.61,1.38,1.60,1.35,1.44,1.42,1.18,1.44,1.15,1.02,0.95,0.91,0.95,1.03,1.07,0.90,1.00,1.23,1.24,1.03,1.23,0.95,1.09
-0.92,-0.93,-0.85,-1.02,-0.95,-0.76,-0.73,-0.52,-0.54,-0.56,-0.67,-0.81,-0.90,-1.12,-1.14,-1.07,-1.10,-1.22,-1.39,-1.45,-1.27,-1.12,-1.22,-1.21,-1.20,-1.00,-0.81,-0.76,-0.73,-0.80,-0.77,-0.83,-0.80,-0.93,-0.90,-0.86,-0.87,-0.96,-1.02,-0.97,-0.85,-0.64,-0.83,-0.58,-0.78,-0.57,-0.78,-0.67,-0.52,-0.54,-0.32,-0.26,-0.09,0.12,0.38,0.51,0.44,0.54,0.86,1.08,1.13,1.13,1.09,1.36,1.42,1.39,1.34,0.97,0.77,1.15,1.04,1.35,1.22,0.71,0.66,0.34,0.35,0.34,0.14,0.02,-0.07,0.09,-0.03,-0.03,-0.16,-0.11,0.02,-0.06,0.01,0.02,0.27,0.29,0.40,0.24,0.80,2.75,4.48,5.47,5.22,3.55,1.79,2.72,6.10,8.54,9.13,8.78,8.13,7.32,6.56,7.25,7.14,7.00,6.97,6.97,7.18,7.46,7.13,6.88,5.85,4.25,2.41,1.08,0.48,0.13,0.14,0.13,0.17,0.23,0.34,0.44,0.10,-0.08,0.15,0.55,0.86,1.11,1.35,1.64,1.46,1.62,1.33,1.49,1.50,1.12,1.51,1.19,1.02,0.91,0.88,0.91,0.93,1.13,1.17,0.97,1.08,1.24,1.14,1.12,1.15,1.03
-0.93,-1.06,-1.01,-1.16,-0.97,-0.75,-0.81,-0.81,-0.76,-0.80,-0.80,-0.68,-0.63,-0.85,-0.97,-1.01,-1.06,-1.20,-1.32,-1.31,-1.27,-1.20,-1.19,-1.14,-1.17,-0.83,-0.62,-0.76,-0.83,-0.86,-0.83,-0.90,-0.87,-1.03,-0.77,-0.68,-0.78,-0.92,-0.95,-0.85,-0.72,-0.62,-0.81,-0.57,-0.77,-0.73,-0.81,-0.59,-0.43,-0.44,-0.16,-0.16,0.01,0.30,0.46,0.53,0.46,0.53,0.90,1.19,1.27,1.30,1.27,1.20,1.28,1.36,1.28,1.04,0.88,1.09,1.24,1.55,1.23,0.84,0.69,0.45,0.58,0.44,0.06,0.02,0.06,0.06,-0.03,0.03,-0.04,-0.03,0.02,-0.07,-0.19,-0.21,-0.02,0.07,0.28,0.29,0.14,0.41,1.18,2.29,2.54,1.97,1.42,3.71,8.47,10.53,9.97,9.47,8.75,8.10,7.90,7.45,7.77,7.45,7.52,7.57,7.87,7.95,7.70,6.94,5.67,3.85,2.19,1.12,0.46,0.14,0.06,-0.04,0.14,0.30,0.38,0.39,0.03,0.10,0.34,0.58,0.91,1.15,1.33,1.56,1.58,1.58,1.33,1.39,1.47,1.25,1.46,1.24,1.04,1.09,1.03,0.95,1.17,1.18,1.27,1.08,1.11,1.12,0.91,0.93,1.12,1.14
-1.11,-1.25,-1.40,-1.26,-1.01,-0.87,-0.93,-1.17,-1.21,-1.06,-1.02,-0.78,-0.44,-0.63,-0.83,-1.12,-1.27,-1.35,-1.35,-1.26,-1.30,-0.97,-1.03,-1.00,-0.98,-0.73,-0.76,-1.05,-1.06,-0.82,-0.97,-0.86,-0.88,-0.86,-0.87,-0.85,-0.83,-0.87,-0.87,-0.83,-0.81,-0.64,-0.77,-0.78,-0.68,-0.80,-0.61,-0.52,-0.44,-0.44,-0.13,0.02,0.14,0.48,0.60,0.48,0.46,0.66,0.98,1.23,1.38,1.40,1.36,1.42,1.41,1.53,1.42,1.20,1.07,1.14,1.38,1.82,1.04,0.69,0.77,0.61,0.56,0.39,0.24,-0.07,-0.07,-0.27,-0.11,0.04,0.08,-0.04,-0.14,-0.16,-0.07,-0.11,0.08,0.10,0.07,0.07,0.10,0.18,0.20,0.48,0.81,0.76,1.07,4.61,10.26,12.35,10.96,9.95,9.46,8.67,8.24,7.69,7.70,7.38,7.52,7.82,8.22,8.07,7.63,6.37,5.02,3.07,1.50,0.87,0.33,-0.21,0.06,0.12,0.19,0.24,0.41,0.29,-0.02,0.30,0.53,0.63,1.00,1.27,1.34,1.60,1.60,1.49,1.45,1.55,1.52,1.30,1.42,1.35,1.13,1.25,1.24,1.04,1.19,1.36,1.08,1.04,1.14,1.20,1.17,1.18,1.15,1.13
-1.26,-1.40,-1.83,-1.65,-1.39,-1.22,-1.29,-1.54,-1.60,-1.16,-1.17,-1.02,-0.59,-0.73,-0.93,-1.06,-1.22,-1.25,-1.21,-1.27,-1.27,-1.12,-1.08,-0.92,-1.01,-0.90,-0.85,-0.93,-0.87,-0.69,-0.68,-0.76,-0.61,-0.80,-0.91,-0.98,-0.91,-0.78,-0.68,-0.75,-0.97,-0.92,-0.86,-0.93,-0.51,-0.56,-0.49,-0.61,-0.43,-0.39,-0.12,0.12,0.12,0.33,0.43,0.22,0.23,0.61,0.95,1.11,1.30,1.34,1.33,1.53,1.46,1.61,1.58,1.28,1.20,1.13,1.49,1.60,0.92,0.49,0.70,0.55,0.43,0.20,0.19,-0.04,-0.22,-0.27,-0.09,-0.08,-0.08,-0.13,-0.31,-0.48,-0.23,-0.36,-0.18,-0.23,-0.23,-0.12,0.07,-0.06,-0.28,-0.34,-0.26,0.15,0.87,4.97,11.17,12.93,11.16,9.91,9.39,8.43,7.78,7.47,7.23,7.23,6.97,7.37,7.80,7.15,6.84,6.25,4.81,2.58,0.98,0.54,0.02,-0.63,-0.31,-0.07,-0.13,-0.04,0.12,-0.04,-0.14,0.34,0.48,0.41,0.88,1.31,1.72,1.47,1.52,1.38,1.25,1.40,1.50,1.29,1.44,1.38,1.33,1.40,1.31,1.06,1.03,1.14,1.24,1.19,1.06,1.02,1.08,1.13,0.95,1.27
-1.60,-1.93,-1.96,-2.13,-1.68,-1.44,-1.77,-1.92,-1.92,-1.46,-1.44,-1.29,-0.92,-0.87,-1.06,-1.05,-1.15,-1.16,-1.27,-1.53,-1.40,-1.26,-1.27,-1.21,-1.20,-0.91,-0.72,-0.80,-0.81,-0.57,-0.64,-0.87,-0.93,-0.78,-0.88,-0.92,-0.78,-0.67,-0.72,-0.80,-0.87,-1.10,-1.05,-0.80,-0.43,-0.53,-0.69,-0.75,-0.41,-0.44,-0.17,-0.03,0.06,0.20,0.23,0.12,0.14,0.50,0.84,1.06,1.36,1.39,1.25,1.38,1.47,1.56,1.63,1.39,1.28,1.15,1.78,1.50,1.07,0.25,0.63,0.48,0.39,0.23,-0.01,-0.04,-0.24,-0.21,-0.11,-0.11,-0.19,-0.22,-0.28,-0.48,-0.56,-0.52,-0.44,-0.51,-0.53,-0.47,-0.17,-0.13,-0.47,-0.71,-0.67,-0.24,0.41,3.86,10.20,12.73,10.85,9.60,9.00,8.03,7.70,7.05,7.00,6.82,6.68,6.78,7.09,6.53,6.23,6.07,4.95,2.88,1.23,0.56,0.02,-0.54,-0.37,-0.37,-0.64,-0.42,-0.31,-0.42,-0.39,0.10,0.27,0.13,0.65,1.31,1.79,1.50,1.23,1.12,0.86,1.07,1.50,1.36,1.35,1.35,1.44,1.40,1.18,0.92,0.69,1.02,0.98,1.17,1.29,1.28,1.23,1.22,1.11,1.27
-2.20,-2.46,-2.57,-2.43,-1.87,-1.83,-2.23,-2.20,-2.41,-2.16,-1.96,-1.68,-1.29,-0.93,-1.14,-1.12,-1.10,-1.14,-1.32,-1.46,-1.29,-1.34,-1.31,-1.24,-1.31,-1.19,-0.95,-0.91,-0.98,-0.75,-0.81,-0.78,-0.71,-0.97,-0.88,-0.83,-0.83,-0.93,-0.90,-0.80,-0.96,-1.02,-0.90,-0.77,-0.69,-0.73,-0.87,-0.62,-0.51,-0.51,-0.32,-0.33,-0.16,0.02,0.12,0.24,0.28,0.37,0.63,0.93,1.38,1.60,1.31,1.38,1.61,1.47,1.56,1.47,1.45,1.13,1.42,1.46,1.23,0.40,0.45,0.40,0.30,0.17,-0.02,-0.08,-0.22,-0.19,-0.29,-0.07,-0.13,-0.03,-0.21,-0.56,-0.73,-0.64,-0.59,-0.44,-0.51,-0.44,-0.12,-0.29,-0.80,-0.92,-0.68,-0.27,0.04,1.92,6.73,10.26,9.76,8.97,8.69,7.93,7.20,6.53,6.55,6.03,6.38,6.28,6.45,5.91,5.64,5.37,4.68,3.10,1.47,0.60,0.10,-0.19,-0.12,-0.22,-0.46,-0.57,-0.44,-0.48,-0.42,-0.01,0.18,0.13,0.56,1.11,1.35,1.44,1.01,0.65,0.56,0.97,1.47,1.30,1.66,1.42,1.38,1.45,1.44,1.44,1.91,1.73,1.68,1.53,1.41,1.40,1.49,1.36,1.35,1.31
-2.68,-2.60,-2.79,-2.55,-2.43,-2.30,-2.23,-2.42,-2.72,-2.46,-2.30,-2.02,-1.51,-1.05,-1.12,-1.11,-1.08,-1.19,-1.29,-1.31,-1.27,-1.31,-1.15,-1.30,-1.24,-1.14,-0.92,-0.81,-0.81,-0.71,-0.76,-0.68,-0.83,-1.00,-0.82,-0.76,-0.73,-0.82,-0.82,-0.82,-0.96,-0.83,-0.90,-0.87,-0.80,-0.86,-0.80,-0.62,-0.59,-0.58,-0.32,-0.29,-0.18,-0.13,0.08,0.30,0.27,0.25,0.45,0.75,1.18,1.51,1.33,1.44,1.67,1.53,1.55,1.56,1.49,1.17,1.18,1.41,1.29,0.72,0.39,0.30,0.39,0.09,-0.09,-0.18,-0.14,-0.23,-0.36,-0.19,-0.24,-0.11,-0.19,-0.51,-0.69,-0.53,-0.51,-0.28,-0.53,-0.37,-0.04,-0.26,-0.67,-0.82,-0.56,-0.22,-0.09,0.63,3.41,6.85,7.98,8.03,8.12,7.44,6.38,6.09,5.74,5.29,5.65,5.91,5.87,5.31,4.99,4.74,4.17,2.86,1.41,0.69,0.13,-0.28,-0.16,0.04,-0.02,-0.29,-0.39,-0.41,-0.46,-0.07,0.15,-0.03,0.38,0.96,1.13,1.31,0.95,0.75,0.80,1.15,1.67,1.67,1.80,1.86,1.95,2.09,2.22,2.28,2.30,2.48,2.22,2.11,2.17,2.19,2.13,2.03,1.75,1.66
-2.83,-2.99,-3.00,-2.37,-2.32,-2.28,-2.14,-2.09,-2.15,-2.51,-2.37,-1.92,-1.46,-1.22,-1.11,-1.02,-1.07,-1.19,-1.25,-1.27,-1.24,-1.31,-1.26,-1.45,-1.30,-1.16,-1.01,-0.88,-0.81,-0.75,-0.71,-0.69,-0.80,-0.95,-0.98,-0.88,-0.82,-0.97,-0.97,-0.80,-0.71,-0.72,-0.96,-0.86,-0.71,-0.83,-0.78,-0.61,-0.76,-0.71,-0.42,-0.28,-0.26,-0.13,0.12,0.22,0.17,0.23,0.43,0.72,1.12,1.31,1.28,1.38,1.53,1.55,1.55,1.63,1.39,1.33,1.14,1.40,1.23,0.84,0.45,0.34,0.49,0.13,-0.11,-0.21,-0.13,-0.18,-0.34,-0.38,-0.42,-0.39,-0.34,-0.51,-0.66,-0.58,-0.44,-0.34,-0.46,-0.36,-0.09,-0.18,-0.46,-0.67,-0.63,-0.32,-0.18,0.03,1.73,4.65,6.54,7.21,7.68,6.68,5.80,5.52,5.18,4.75,5.14,5.26,5.22,4.95,4.62,4.32,3.79,2.54,1.30,0.77,0.22,-0.41,-0.13,0.19,-0.13,-0.29,-0.43,-0.52,-0.53,-0.02,0.27,-0.07,0.53,1.13,0.96,1.03,0.93,0.85,1.08,1.50,1.62,1.12,1.73,1.92,2.20,2.54,2.78,2.80,2.47,2.72,2.66,2.66,2.71,2.62,2.62,2.58,2.25,2.00
-2.27,-2.36,-2.47,-2.09,-2.04,-1.96,-2.00,-2.18,-2.05,-2.11,-2.16,-2.11,-1.79,-1.35,-1.20,-1.07,-1.12,-1.12,-1.21,-1.26,-1.26,-1.55,-1.59,-1.45,-1.36,-1.20,-1.08,-1.02,-0.97,-0.83,-0.66,-0.67,-0.83,-0.76,-0.68,-1.00,-0.91,-0.81,-0.87,-0.88,-0.66,-0.53,-0.87,-0.77,-0.93,-0.92,-0.77,-0.76,-0.87,-0.80,-0.57,-0.29,-0.23,-0.19,0.03,0.23,0.18,0.20,0.43,0.84,1.33,1.41,1.34,1.40,1.50,1.45,1.56,1.69,1.41,1.42,1.17,1.56,1.24,0.79,0.48,0.41,0.54,0.17,-0.06,-0.11,-0.26,-0.14,-0.41,-0.39,-0.49,-0.52,-0.46,-0.51,-0.67,-0.58,-0.43,-0.42,-0.47,-0.42,-0.22,-0.23,-0.43,-0.62,-0.73,-0.44,-0.21,-0.14,1.15,3.84,5.93,6.53,6.98,5.99,5.32,4.84,4.72,4.58,4.85,4.59,5.07,5.19,4.98,4.56,3.81,2.47,1.14,0.58,-0.03,-0.27,-0.26,-0.11,-0.27,-0.43,-0.41,-0.44,-0.56,-0.18,0.22,-0.08,0.30,1.30,0.75,0.82,0.58,0.48,0.64,1.06,1.61,1.39,1.95,2.16,2.43,2.74,2.96,2.92,2.48,2.74,2.75,2.74,2.72,2.66,2.90,2.71,2.40,2.09
-1.83,-1.82,-1.82,-2.06,-2.04,-1.88,-1.82,-1.88,-1.97,-1.79,-2.07,-2.00,-1.69,-1.43,-1.25,-1.29,-1.31,-1.19,-1.15,-1.25,-1.51,-1.87,-1.67,-1.35,-1.29,-1.22,-1.16,-1.19,-1.08,-0.81,-0.76,-0.77,-0.91,-0.77,-0.66,-0.77,-0.75,-0.76,-0.92,-1.11,-0.98,-0.57,-0.59,-0.63,-0.66,-0.77,-0.85,-0.53,-0.72,-0.75,-0.61,-0.53,-0.56,-0.36,-0.23,-0.12,0.08,0.19,0.34,0.81,1.34,1.41,1.34,1.52,1.67,1.49,1.55,1.68,1.39,1.42,1.27,1.73,1.25,0.61,0.48,0.32,0.50,0.18,-0.07,-0.17,-0.33,-0.17,-0.41,-0.38,-0.42,-0.44,-0.47,-0.56,-0.63,-0.62,-0.58,-0.51,-0.57,-0.44,-0.19,-0.27,-0.53,-0.67,-0.58,-0.42,-0.46,-0.19,0.98,3.22,5.54,6.15,6.11,5.49,4.83,4.58,4.68,4.92,4.96,5.08,6.00,6.21,6.28,5.66,4.28,2.46,0.95,0.65,-0.09,-0.36,-0.52,-0.17,-0.11,-0.34,-0.41,-0.38,-0.47,-0.36,-0.06,-0.01,0.30,0.87,0.59,0.55,0.51,0.50,0.69,1.28,1.95,1.57,2.01,2.16,2.34,2.58,2.74,2.75,2.54,2.52,2.58,2.69,2.78,2.86,3.11,2.77,2.37,2.07
-1.74,-1.82,-1.72,-1.93,-2.06,-1.91,-1.73,-1.74,-1.82,-1.77,-2.00,-1.92,-1.69,-1.38,-1.02,-0.97,-1.15,-1.15,-1.06,-1.15,-1.58,-1.97,-1.51,-1.41,-1.35,-1.38,-1.39,-1.31,-1.07,-0.81,-0.82,-0.91,-0.83,-1.02,-0.77,-0.93,-0.82,-0.87,-1.00,-1.07,-0.98,-0.80,-0.95,-0.91,-0.90,-0.78,-1.01,-0.80,-0.83,-0.85,-0.77,-0.71,-0.71,-0.41,-0.18,-0.23,-0.17,-0.03,0.03,0.50,1.12,1.28,1.33,1.40,1.47,1.53,1.50,1.61,1.23,1.38,1.23,1.58,1.11,0.56,0.43,0.23,0.39,-0.01,-0.22,-0.26,-0.32,-0.26,-0.44,-0.46,-0.46,-0.51,-0.54,-0.68,-0.69,-0.67,-0.71,-0.69,-0.73,-0.54,-0.29,-0.29,-0.52,-0.75,-0.64,-0.52,-0.66,-0.33,0.70,2.65,5.37,6.77,6.62,6.25,5.11,5.09,5.65,5.78,5.92,6.39,7.26,7.25,7.28,6.60,4.65,2.34,0.65,0.25,-0.06,-0.46,-0.44,-0.33,-0.32,-0.21,-0.34,-0.39,-0.44,-0.26,0.08,-0.34,0.14,0.58,0.55,0.72,0.79,0.66,0.75,1.19,1.62,1.36,1.94,2.26,2.47,2.60,2.63,2.63,2.74,2.62,2.54,2.57,2.70,3.04,3.04,2.78,2.41,2.07
-1.79,-1.97,-1.86,-1.93,-1.91,-1.69,-1.67,-1.79,-1.60,-1.63,-1.78,-1.82,-1.74,-1.49,-1.10,-1.11,-1.01,-1.10,-1.06,-1.15,-1.58,-1.87,-1.44,-1.68,-1.55,-1.50,-1.49,-1.27,-1.03,-0.87,-0.75,-0.91,-0.80,-1.12,-0.93,-0.96,-0.87,-0.85,-0.87,-0.98,-0.97,-0.86,-0.92,-0.80,-0.76,-1.00,-0.62,-0.93,-0.73,-0.93,-0.78,-0.52,-0.51,-0.53,-0.48,-0.36,-0.26,-0.17,0.06,0.48,0.97,1.31,1.44,1.41,1.42,1.57,1.55,1.57,1.27,1.40,1.18,1.42,1.04,0.70,0.46,0.15,0.24,-0.16,-0.24,-0.26,-0.46,-0.46,-0.52,-0.62,-0.67,-0.64,-0.72,-0.88,-0.81,-0.73,-0.69,-0.72,-0.86,-0.75,-0.51,-0.38,-0.47,-0.82,-0.91,-0.76,-0.63,-0.23,0.63,3.13,6.20,8.43,8.29,7.58,6.52,6.82,6.88,6.97,7.02,7.38,8.42,8.73,8.37,7.79,5.95,2.87,0.76,-0.01,-0.46,-0.57,-0.67,-0.39,-0.24,-0.17,-0.19,-0.37,-0.63,-0.57,-0.13,-0.22,0.09,0.37,0.58,0.60,0.65,0.71,0.80,1.09,1.55,1.29,1.77,2.25,2.52,2.60,2.65,2.63,2.74,2.69,2.60,2.42,2.31,2.74,2.71,2.55,2.33,2.05
-1.85,-1.86,-1.62,-1.46,-1.48,-1.45,-1.54,-1.49,-1.10,-1.25,-1.62,-1.44,-1.26,-1.27,-1.29,-0.96,-0.88,-1.10,-1.05,-1.15,-1.49,-1.71,-1.68,-1.63,-1.57,-1.41,-1.39,-1.20,-1.05,-0.90,-0.64,-0.88,-0.98,-0.98,-0.76,-0.82,-0.82,-0.82,-0.90,-1.02,-0.93,-0.83,-1.02,-0.86,-0.78,-0.90,-0.88,-0.93,-0.71,-0.69,-0.81,-0.85,-0.75,-0.59,-0.41,-0.31,-0.33,-0.23,-0.06,0.28,0.79,0.98,1.14,1.36,1.41,1.47,1.49,1.46,1.35,1.34,1.24,1.40,1.07,0.51,0.54,0.18,0.10,-0.13,-0.29,-0.32,-0.53,-0.62,-0.69,-0.80,-0.72,-0.69,-0.72,-0.93,-0.83,-0.81,-0.75,-0.66,-0.80,-0.77,-0.56,-0.46,-0.56,-0.82,-0.82,-0.66,-0.68,-0.26,0.95,4.19,7.55,10.03,9.59,8.04,7.73,8.58,8.24,8.46,8.47,8.75,9.85,10.03,9.81,9.67,7.56,3.31,0.84,-0.11,-0.29,-0.56,-0.57,-0.53,-0.22,-0.37,-0.54,-0.58,-0.56,-0.39,-0.16,-0.27,0.49,0.59,0.34,0.30,0.45,0.61,0.75,0.93,1.52,1.41,1.79,2.07,2.29,2.47,2.58,2.65,2.68,2.64,2.57,2.48,2.33,2.46,2.58,2.42,2.37,2.31
-1.86,-1.63,-1.22,-0.96,-1.07,-1.20,-1.24,-1.14,-1.06,-0.76,-1.15,-1.36,-1.34,-1.19,-1.19,-1.24,-1.14,-1.01,-1.11,-1.14,-1.21,-1.59,-1.45,-1.79,-1.58,-1.41,-1.29,-1.14,-1.03,-0.87,-0.69,-0.83,-1.06,-0.82,-0.73,-0.76,-0.76,-0.82,-0.86,-0.98,-1.00,-0.92,-0.98,-0.78,-0.86,-0.73,-0.85,-0.91,-0.82,-0.96,-0.69,-0.78,-0.71,-0.58,-0.57,-0.52,-0.48,-0.34,-0.12,0.18,0.46,0.56,0.82,1.08,1.02,1.25,1.25,1.34,1.25,1.29,1.38,1.12,0.93,0.35,0.19,0.23,0.07,-0.27,-0.43,-0.38,-0.51,-0.67,-0.81,-0.82,-0.64,-0.64,-0.59,-0.82,-0.85,-0.88,-0.77,-0.68,-0.69,-0.72,-0.59,-0.54,-0.64,-0.72,-0.66,-0.53,-0.69,-0.49,0.96,4.65,8.10,10.80,10.56,9.29,8.80,8.91,9.96,10.21,10.12,10.43,11.16,10.95,10.43,9.99,8.02,4.02,0.93,-0.36,-0.22,-0.87,-0.85,-0.69,-0.46,-0.49,-0.52,-0.59,-0.73,-0.59,-0.24,-0.11,0.55,0.54,0.28,0.27,0.38,0.41,0.54,0.95,1.72,1.62,1.84,2.07,2.23,2.41,2.55,2.71,2.82,2.87,2.76,2.63,2.66,2.70,2.75,2.77,2.75,2.52
-1.48,-1.41,-1.20,-0.95,-0.80,-0.91,-0.96,-1.05,-1.17,-0.75,-0.93,-1.22,-1.16,-1.03,-1.11,-1.15,-1.27,-1.05,-1.21,-1.34,-1.15,-1.00,-1.45,-1.71,-1.65,-1.41,-1.17,-1.01,-0.83,-0.76,-0.85,-0.78,-0.96,-0.87,-0.86,-0.80,-0.71,-0.87,-0.95,-0.97,-0.97,-0.93,-0.85,-0.82,-0.80,-0.61,-0.78,-0.78,-0.82,-0.87,-0.62,-0.56,-0.51,-0.63,-0.52,-0.61,-0.62,-0.39,-0.38,-0.32,-0.06,-0.06,0.10,0.35,0.22,0.55,0.61,0.90,0.82,1.01,1.20,0.81,0.74,0.38,-0.22,-0.11,-0.06,-0.28,-0.33,-0.41,-0.75,-0.83,-0.68,-0.80,-0.67,-0.67,-0.73,-0.91,-0.93,-0.96,-0.82,-0.68,-0.69,-0.73,-0.71,-0.73,-0.78,-0.76,-0.77,-0.59,-0.51,-0.36,0.95,4.76,8.25,11.07,11.96,10.95,9.93,10.12,11.61,11.89,11.83,11.77,11.77,10.82,10.09,9.59,7.56,4.03,0.90,-0.11,-0.41,-0.59,-0.72,-0.81,-0.90,-0.81,-0.66,-0.57,-0.56,-0.36,0.03,-0.09,0.50,0.45,0.39,0.40,0.44,0.50,0.66,1.00,1.51,1.53,1.74,2.06,2.28,2.40,2.64,2.82,2.83,3.00,2.93,2.63,2.70,2.75,2.75,2.75,2.59,2.30
-1.01,-0.88,-0.90,-0.93,-0.66,-0.69,-0.88,-1.10,-1.10,-0.87,-1.00,-1.11,-1.03,-1.05,-1.21,-1.24,-1.19,-1.21,-1.26,-1.27,-1.20,-1.16,-1.32,-1.51,-1.34,-1.16,-1.02,-0.92,-0.72,-0.69,-0.90,-0.88,-0.95,-0.98,-0.97,-0.93,-0.73,-0.98,-1.02,-1.01,-1.05,-0.93,-0.86,-0.91,-0.75,-0.73,-0.66,-0.78,-0.85,-0.97,-0.93,-0.91,-0.80,-0.82,-0.85,-0.71,-0.56,-0.52,-0.56,-0.59,-0.49,-0.49,-0.64,-0.36,-0.33,-0.22,-0.22,0.12,0.23,0.15,0.60,0.48,0.58,0.10,-0.32,-0.26,-0.24,-0.36,-0.36,-0.52,-0.88,-0.96,-0.69,-0.71,-0.69,-0.78,-0.97,-1.02,-1.02,-0.98,-0.83,-0.75,-0.71,-0.77,-0.86,-0.86,-0.87,-0.93,-0.88,-0.58,-0.49,-0.36,0.48,4.17,7.77,10.47,12.09,12.11,10.38,10.12,11.49,11.67,11.75,11.83,11.38,10.40,9.70,8.65,6.04,3.04,1.02,0.18,-0.38,-0.90,-1.03,-0.91,-0.73,-0.64,-0.63,-0.63,-0.57,-0.29,0.01,-0.14,0.10,0.46,0.38,0.46,0.65,0.69,0.72,0.81,0.98,1.18,1.60,1.89,2.08,2.31,2.63,2.81,3.04,3.05,2.88,2.80,3.01,2.78,2.68,2.78,2.77,2.48
-0.90,-1.11,-1.05,-1.02,-0.76,-0.63,-0.85,-1.02,-0.95,-0.80,-1.19,-1.20,-1.02,-1.10,-1.27,-1.17,-1.34,-1.17,-1.25,-1.31,-1.31,-1.29,-1.19,-1.39,-1.38,-1.50,-1.34,-1.16,-1.02,-0.95,-0.97,-0.92,-0.86,-0.95,-1.05,-0.98,-0.78,-0.92,-0.91,-0.92,-0.97,-0.91,-0.86,-0.81,-0.72,-1.05,-0.67,-0.71,-0.78,-0.95,-0.44,-0.81,-0.72,-0.73,-0.78,-0.67,-0.51,-0.42,-0.39,-0.51,-0.56,-0.53,-0.73,-0.71,-0.32,-0.43,-0.49,-0.13,0.07,-0.13,-0.04,-0.27,0.15,-0.17,-0.31,-0.57,-0.58,-0.62,-0.47,-0.56,-0.80,-0.81,-0.58,-0.56,-0.63,-0.76,-0.92,-0.96,-0.92,-0.91,-0.77,-0.78,-0.77,-0.76,-0.78,-0.75,-0.80,-0.86,-0.86,-0.69,-0.71,-0.33,0.48,3.35,7.04,10.12,11.57,12.02,10.62,9.87,10.66,11.30,11.27,11.12,10.95,10.29,9.28,8.12,6.03,3.02,1.04,0.28,-0.29,-0.38,-0.56,-0.83,-0.73,-0.62,-0.63,-0.64,-0.53,-0.29,-0.07,-0.18,-0.03,0.40,0.35,0.49,0.71,0.60,0.51,0.70,0.91,1.11,1.53,1.88,2.03,2.33,2.60,2.89,2.89,2.95,2.93,2.68,2.64,2.77,2.72,2.72,2.68,2.35
-0.78,-0.67,-0.83,-1.06,-0.85,-0.92,-0.81,-0.75,-0.83,-0.88,-1.31,-1.17,-1.01,-1.07,-1.20,-1.25,-1.40,-1.15,-1.21,-1.14,-1.14,-1.10,-0.82,-0.93,-1.12,-1.34,-1.26,-0.96,-0.90,-0.91,-0.90,-0.96,-0.95,-0.97,-0.87,-0.77,-0.80,-0.76,-0.76,-0.90,-0.96,-0.88,-0.83,-0.75,-0.56,-1.02,-0.78,-0.62,-0.75,-0.87,-0.61,-0.90,-0.66,-0.78,-0.75,-0.67,-0.62,-0.56,-0.51,-0.34,-0.14,-0.32,-0.51,-0.36,-0.61,-0.58,-0.38,-0.33,-0.56,-0.64,-0.56,-0.41,-0.44,-0.56,-0.18,-0.61,-0.80,-0.75,-0.49,-0.80,-1.01,-0.87,-0.63,-0.61,-0.56,-0.76,-0.97,-0.92,-0.88,-0.85,-0.86,-0.86,-0.91,-0.88,-0.81,-0.87,-0.96,-0.98,-0.88,-0.68,-0.76,-0.48,0.15,2.58,6.65,10.23,11.41,11.76,11.37,10.03,10.30,10.43,9.57,9.77,10.44,10.01,8.92,7.89,5.96,3.19,0.84,0.10,-0.37,-0.42,-0.75,-0.72,-0.71,-0.72,-0.64,-0.58,-0.56,-0.29,-0.27,-0.21,-0.07,0.25,0.33,0.46,0.58,0.29,0.35,0.86,1.14,1.18,1.46,1.69,1.72,2.17,2.98,2.99,2.99,2.93,2.83,2.77,2.80,2.84,2.87,2.78,2.64,2.40
-0.78,-1.01,-1.07,-0.81,-0.80,-0.63,-0.59,-0.67,-0.80,-0.95,-1.12,-0.97,-0.93,-0.97,-1.08,-1.19,-1.22,-1.21,-1.19,-1.14,-1.21,-1.35,-1.39,-1.35,-1.22,-1.38,-1.03,-0.98,-0.93,-0.86,-0.87,-0.90,-0.95,-1.00,-0.91,-0.62,-0.91,-0.81,-0.77,-1.06,-1.11,-0.91,-0.87,-0.78,-0.57,-0.95,-0.98,-0.87,-0.72,-1.00,-0.77,-0.81,-0.67,-0.63,-0.78,-0.91,-0.75,-0.36,-0.22,-0.31,-0.09,0.32,0.30,0.14,0.15,0.32,0.04,-0.51,-0.52,-0.73,-0.93,-0.69,-0.76,-0.47,-0.71,-0.61,-0.92,-0.62,-0.72,-0.78,-0.73,-0.93,-0.61,-0.67,-0.69,-0.93,-1.05,-1.07,-0.96,-0.80,-0.72,-0.76,-0.86,-0.85,-0.77,-0.82,-0.97,-1.08,-0.96,-0.88,-0.93,-0.71,0.15,2.22,6.08,9.53,11.58,11.84,11.17,9.97,9.53,9.28,8.62,8.78,9.52,9.59,8.90,8.11,6.79,4.76,1.97,0.48,-0.31,-0.67,-0.77,-0.78,-0.69,-0.72,-0.64,-0.47,-0.58,-0.56,-0.44,-0.38,-0.13,0.15,0.22,0.32,0.48,0.29,0.15,0.72,0.93,1.09,1.27,1.40,1.57,2.26,2.71,2.89,3.00,3.02,2.90,2.75,2.99,2.78,2.78,2.84,2.72,2.33
-0.73,-0.88,-0.93,-0.86,-0.69,-0.43,-0.73,-0.88,-0.78,-0.77,-1.07,-0.91,-0.87,-0.95,-0.97,-1.00,-1.02,-1.35,-1.21,-1.24,-1.26,-1.26,-1.27,-1.22,-1.22,-1.22,-1.16,-0.95,-0.73,-0.85,-1.00,-0.95,-0.92,-0.87,-1.05,-0.83,-0.96,-0.90,-0.92,-1.03,-1.05,-1.01,-0.97,-0.87,-0.77,-0.96,-0.98,-1.00,-0.68,-0.97,-0.73,-0.62,-0.61,-0.54,-0.54,-0.72,-0.81,-0.57,-0.27,-0.13,0.03,0.15,0.10,0.15,0.34,0.69,0.74,0.45,0.29,0.25,0.25,-0.11,-0.41,-0.08,-0.57,-0.61,-0.44,-0.44,-0.68,-0.56,-0.38,-0.58,-0.62,-0.91,-0.85,-0.97,-0.97,-0.91,-0.97,-0.97,-0.87,-0.96,-1.06,-1.00,-0.97,-0.98,-0.95,-1.10,-1.06,-0.95,-0.93,-0.88,0.09,2.18,5.78,8.43,11.44,11.57,10.38,9.44,8.93,8.04,6.77,7.02,8.13,8.63,8.39,7.83,7.33,6.22,4.25,2.07,0.39,-0.48,-0.85,-0.81,-0.77,-0.69,-0.52,-0.46,-0.52,-0.85,-0.37,-0.46,-0.04,0.25,0.24,0.25,0.37,0.22,0.48,0.54,0.93,1.19,1.22,1.28,1.53,1.84,2.58,2.77,2.81,2.89,2.99,2.65,2.70,2.62,2.64,2.75,2.74,2.16
-0.58,-0.72,-0.76,-0.66,-0.56,-0.57,-0.62,-0.76,-0.82,-0.75,-0.67,-0.82,-0.96,-0.91,-0.93,-1.03,-0.95,-1.34,-1.34,-1.31,-1.21,-1.16,-1.17,-1.14,-1.26,-1.30,-1.03,-1.11,-1.02,-1.00,-1.00,-0.97,-0.96,-1.05,-1.03,-1.08,-0.88,-0.98,-0.95,-0.90,-1.06,-1.06,-0.98,-0.97,-0.91,-0.98,-1.00,-0.93,-0.77,-0.85,-0.73,-0.59,-0.76,-0.64,-0.53,-0.58,-0.73,-0.64,-0.46,-0.23,0.01,0.09,0.19,0.27,0.28,0.25,0.43,0.44,0.46,0.66,0.66,0.29,-0.02,0.13,0.08,0.28,-0.31,-0.21,-0.57,-0.69,-0.61,-0.81,-0.85,-0.93,-1.00,-1.08,-1.03,-1.02,-1.14,-1.00,-0.93,-0.86,-0.80,-0.91,-0.95,-1.02,-0.98,-0.96,-0.88,-0.92,-1.11,-0.98,0.04,2.12,6.00,7.53,10.09,10.99,10.23,9.13,7.48,5.77,4.28,4.56,5.79,6.55,6.82,6.74,7.20,6.54,5.89,4.16,1.77,0.27,-0.58,-0.78,-0.80,-0.75,-0.52,-0.51,-0.58,-0.69,-0.24,-0.18,0.04,0.23,0.24,0.14,-0.07,0.09,0.29,0.67,0.71,0.91,1.19,1.38,1.55,1.97,2.30,2.42,2.55,2.70,2.81,2.49,2.42,2.43,2.53,2.64,2.62,2.09
-0.49,-0.63,-0.57,-0.32,-0.31,-0.53,-0.61,-0.68,-0.66,-0.59,-0.80,-0.80,-0.81,-0.87,-0.98,-1.01,-0.93,-1.20,-1.48,-1.40,-1.27,-1.21,-1.15,-1.12,-1.11,-1.16,-0.97,-1.00,-1.01,-0.93,-0.87,-0.90,-1.05,-1.26,-1.16,-0.88,-1.05,-0.95,-0.91,-0.96,-1.14,-1.08,-0.96,-0.96,-0.96,-1.00,-1.11,-0.82,-0.78,-0.67,-0.69,-0.76,-0.86,-0.87,-0.75,-0.63,-0.71,-0.76,-0.67,-0.43,-0.24,-0.21,-0.16,-0.22,-0.27,0.01,0.17,0.28,0.07,0.23,0.25,0.02,0.15,0.09,0.22,-0.17,-0.41,-0.42,-0.57,-0.66,-0.72,-0.90,-0.87,-0.81,-0.63,-0.86,-0.91,-0.75,-0.87,-0.93,-0.80,-0.63,-0.63,-0.86,-0.97,-0.85,-0.80,-1.05,-0.98,-0.93,-0.83,-0.57,-0.13,1.73,5.97,7.82,8.51,8.83,8.50,7.04,5.56,3.74,2.43,2.49,3.42,4.15,4.52,5.19,6.13,5.42,5.35,4.59,2.84,1.00,-0.01,-0.56,-0.75,-0.73,-0.81,-0.51,-0.67,-0.63,-0.37,-0.09,-0.16,-0.13,0.04,0.07,0.04,0.34,0.25,0.60,0.67,0.86,1.14,1.22,1.18,1.78,2.02,2.30,2.53,2.62,2.55,2.31,2.33,2.25,2.36,2.58,2.48,2.11
-0.33,-0.39,-0.38,-0.31,-0.32,-0.51,-0.67,-0.61,-0.63,-0.75,-0.68,-0.72,-0.72,-0.90,-0.96,-0.97,-1.03,-1.21,-1.25,-1.38,-1.36,-1.22,-1.14,-1.12,-1.06,-1.19,-1.08,-1.05,-1.10,-0.98,-0.92,-0.92,-0.97,-1.16,-1.25,-0.80,-1.10,-0.93,-0.71,-0.95,-1.08,-1.01,-0.98,-1.01,-0.96,-0.98,-0.98,-0.66,-0.64,-0.56,-0.78,-0.95,-0.96,-0.88,-0.81,-0.77,-0.77,-0.75,-0.87,-0.92,-0.75,-0.58,-0.48,-0.42,-0.38,-0.22,-0.18,-0.22,-0.07,-0.12,-0.04,-0.34,-0.14,-0.02,-0.07,-0.39,-0.48,-0.51,-0.58,-0.72,-0.77,-0.90,-0.68,-0.53,-0.46,-0.47,-0.59,-0.67,-0.87,-0.76,-0.46,-0.39,-0.49,-0.73,-0.78,-0.73,-0.67,-0.80,-0.71,-0.83,-0.68,-0.67,0.14,1.24,4.89,7.83,8.11,7.12,5.73,4.47,3.43,2.06,1.09,0.97,1.39,2.00,2.17,2.86,4.04,3.56,3.28,3.20,2.45,1.15,0.29,-0.27,-0.63,-0.80,-1.05,-0.57,-0.53,-0.71,-0.61,-0.34,-0.23,-0.16,-0.07,-0.04,-0.17,0.18,0.29,0.56,0.86,0.97,1.04,1.18,1.15,1.33,1.52,1.92,2.24,2.30,2.28,2.03,2.06,2.07,2.05,2.14,2.28,2.49
-0.14,-0.11,-0.24,-0.36,-0.37,-0.48,-0.61,-0.47,-0.52,-0.57,-0.41,-0.32,-0.54,-0.44,-0.71,-0.96,-0.91,-1.02,-1.08,-1.25,-1.35,-1.31,-1.21,-1.12,-1.10,-1.14,-1.19,-1.08,-1.00,-1.01,-1.05,-1.01,-1.01,-1.06,-1.02,-0.97,-1.03,-1.00,-0.92,-1.01,-1.14,-1.00,-0.91,-0.91,-0.86,-0.93,-0.88,-0.72,-0.69,-0.68,-1.06,-1.19,-1.12,-1.01,-0.86,-0.90,-0.92,-0.82,-1.00,-1.35,-1.26,-1.16,-1.25,-1.01,-0.90,-0.77,-0.54,-0.48,-0.17,-0.21,-0.17,-0.41,-0.32,-0.31,-0.32,-0.77,-0.31,-0.61,-0.71,-0.68,-0.93,-0.67,-0.32,-0.34,-0.33,-0.38,-0.38,-0.54,-0.62,-0.58,-0.41,-0.19,-0.26,-0.29,-0.29,-0.44,-0.67,-0.83,-0.52,-0.18,-0.37,-0.52,0.17,0.76,4.34,7.47,8.82,7.39,4.98,2.90,1.85,0.97,0.29,0.09,0.23,0.49,0.53,0.93,1.78,1.99,1.45,1.47,1.11,0.54,0.13,-0.28,-0.68,-0.88,-0.87,-0.57,-0.75,-0.85,-0.54,-0.34,-0.17,-0.04,-0.04,-0.23,-0.48,-0.12,0.09,0.45,0.81,0.97,1.01,1.18,1.09,1.04,1.13,1.44,1.73,1.79,1.88,1.61,1.53,1.77,1.88,1.51,1.86,2.03
-0.22,-0.09,-0.18,-0.26,-0.23,-0.46,-0.46,-0.31,-0.31,-0.41,-0.49,-0.32,-0.39,-0.47,-0.63,-0.78,-0.87,-0.92,-1.03,-1.40,-1.57,-1.46,-1.25,-1.08,-1.05,-1.08,-1.30,-1.12,-1.05,-1.12,-1.06,-0.98,-0.98,-0.97,-1.01,-1.22,-1.16,-0.91,-1.00,-0.96,-1.06,-1.08,-1.11,-1.10,-0.98,-0.92,-1.01,-0.95,-0.95,-0.92,-1.06,-1.31,-1.16,-1.20,-1.06,-1.01,-1.03,-1.02,-1.27,-1.57,-1.53,-1.49,-1.53,-1.38,-1.14,-1.00,-0.83,-0.77,-0.43,-0.49,-0.54,-0.57,-0.51,-0.72,-0.43,-1.03,-0.85,-0.61,-0.47,-0.59,-0.86,-0.73,-0.59,-0.57,-0.61,-0.44,-0.56,-0.67,-0.61,-0.51,-0.37,-0.39,-0.56,-0.39,-0.14,-0.27,-0.53,-0.66,-0.49,-0.11,-0.14,-0.48,0.43,0.90,4.17,6.98,8.43,7.55,5.15,2.60,1.11,0.33,-0.07,-0.22,-0.22,-0.14,-0.31,0.04,0.24,0.96,0.51,0.44,0.29,-0.23,-0.42,-0.41,-0.47,-0.43,-0.58,-0.80,-0.43,-0.64,-0.56,-0.31,-0.19,-0.18,-0.21,-0.51,-0.63,-0.02,0.08,0.32,0.63,0.81,0.90,1.11,0.86,0.72,1.00,1.30,1.45,1.44,1.58,1.22,1.20,1.50,1.74,1.62,1.45,1.61
-0.08,-0.18,-0.28,-0.24,-0.21,-0.44,-0.32,-0.24,-0.29,-0.46,-0.61,-0.56,-0.48,-0.63,-0.78,-0.83,-0.85,-0.96,-1.26,-1.35,-1.46,-1.63,-1.55,-1.29,-1.19,-1.35,-1.44,-1.22,-1.22,-1.17,-1.07,-1.00,-1.03,-1.10,-1.12,-1.17,-1.07,-0.98,-1.31,-1.26,-1.24,-1.16,-1.08,-1.05,-1.02,-1.07,-1.02,-0.97,-1.03,-1.15,-0.97,-1.15,-1.07,-1.06,-1.10,-1.05,-1.12,-1.19,-1.46,-1.62,-1.57,-1.54,-1.49,-1.34,-1.12,-0.86,-0.83,-0.80,-0.82,-0.96,-0.75,-0.95,-1.07,-0.82,-0.38,-0.93,-0.92,-0.76,-0.68,-0.47,-0.66,-0.66,-0.62,-0.64,-0.80,-0.78,-0.76,-0.82,-0.80,-0.73,-0.57,-0.38,-0.49,-0.58,-0.37,-0.36,-0.49,-0.34,-0.28,0.02,-0.01,-0.23,0.34,0.75,3.59,6.10,7.24,7.02,4.84,2.39,0.77,-0.03,-0.32,-0.41,-0.48,-0.44,-0.59,-0.56,-0.49,0.18,-0.06,0.04,-0.03,-0.54,-0.72,-0.42,-0.33,-0.41,-0.73,-1.01,-0.71,-1.01,-0.76,-0.47,-0.33,-0.26,-0.23,-0.44,-0.77,-0.19,0.14,0.43,0.64,0.76,0.84,1.02,0.64,0.40,0.72,1.04,0.96,0.97,1.00,1.04,0.96,0.97,1.22,1.46,1.33,1.38
-0.13,-0.02,-0.03,-0.14,-0.32,-0.43,-0.29,-0.31,-0.44,-0.53,-0.56,-0.58,-0.51,-0.72,-0.69,-0.82,-0.98,-0.87,-0.92,-1.24,-1.44,-1.51,-1.57,-1.46,-1.31,-1.31,-1.41,-1.34,-1.20,-1.19,-1.06,-0.97,-1.10,-1.21,-1.14,-1.22,-1.25,-1.17,-1.45,-1.26,-1.27,-1.34,-1.29,-1.16,-1.08,-1.12,-1.06,-0.95,-1.05,-1.08,-1.05,-1.05,-0.87,-0.98,-0.95,-1.01,-1.21,-1.25,-1.31,-1.46,-1.45,-1.48,-1.40,-1.19,-1.14,-0.91,-0.90,-0.87,-0.96,-1.15,-0.90,-1.25,-1.22,-1.00,-0.85,-1.05,-0.90,-0.90,-0.83,-0.72,-0.82,-0.85,-0.68,-0.64,-0.75,-0.68,-0.64,-0.77,-0.81,-0.86,-0.83,-0.56,-0.43,-0.52,-0.48,-0.48,-0.52,-0.38,-0.26,0.08,0.01,-0.23,0.40,0.90,3.14,4.69,5.67,6.20,4.39,1.97,0.48,-0.26,-0.59,-0.66,-0.67,-0.75,-0.56,-0.75,-0.82,-0.58,-0.39,-0.02,-0.02,-0.17,-0.31,-0.53,-0.62,-0.47,-0.33,-0.67,-0.32,-0.75,-0.61,-0.38,-0.28,-0.27,-0.28,-0.09,-0.54,-0.38,-0.03,0.35,0.64,0.77,0.80,0.86,0.41,0.40,0.55,0.59,0.66,1.06,1.09,0.95,0.91,0.96,1.04,1.23,1.11,1.01
0.25,0.33,0.04,-0.14,-0.23,-0.34,-0.43,-0.29,-0.46,-0.47,-0.43,-0.49,-0.53,-0.64,-0.67,-0.90,-1.03,-1.06,-1.20,-1.20,-1.40,-1.40,-1.55,-1.49,-1.29,-1.36,-1.55,-1.39,-1.06,-1.22,-0.97,-0.96,-1.24,-1.32,-1.22,-1.32,-1.38,-1.29,-1.40,-1.32,-1.35,-1.22,-1.11,-1.15,-1.19,-1.16,-1.11,-1.16,-1.29,-1.27,-1.05,-1.11,-1.03,-1.17,-1.00,-1.05,-1.03,-1.10,-1.03,-1.19,-1.31,-1.40,-1.31,-1.17,-1.29,-1.15,-1.14,-1.12,-1.17,-1.36,-1.25,-1.50,-1.30,-1.21,-1.05,-1.29,-1.26,-1.17,-1.17,-1.17,-1.19,-1.15,-0.96,-0.87,-0.81,-0.80,-0.78,-0.86,-0.97,-1.01,-0.91,-0.62,-0.48,-0.47,-0.47,-0.52,-0.54,-0.63,-0.51,-0.18,-0.22,-0.33,0.30,1.00,3.23,3.88,4.25,4.75,3.84,1.88,0.30,-0.43,-0.71,-0.81,-0.81,-0.77,-0.64,-0.56,-0.72,-0.59,-0.39,-0.24,-0.24,-0.61,-0.68,-0.14,0.03,-0.54,0.03,-0.13,-0.07,-0.68,-0.57,-0.33,-0.29,-0.24,-0.26,-0.04,-0.31,-0.38,-0.17,0.09,0.41,0.66,0.46,0.44,0.46,0.24,0.29,0.65,0.63,0.48,0.72,0.66,0.65,0.77,0.86,1.18,1.08,0.80
0.12,0.24,-0.02,-0.16,-0.21,-0.18,-0.01,-0.23,-0.38,-0.39,-0.43,-0.52,-0.56,-0.52,-0.66,-0.81,-0.97,-1.12,-1.16,-1.08,-1.24,-1.51,-1.48,-1.25,-1.19,-1.31,-1.36,-1.22,-1.19,-1.16,-0.97,-1.16,-1.40,-1.45,-1.41,-1.39,-1.43,-1.41,-1.41,-1.46,-1.57,-1.39,-1.41,-1.34,-1.26,-1.29,-1.20,-1.21,-1.38,-1.39,-1.38,-1.02,-1.01,-1.07,-1.17,-1.02,-0.95,-0.85,-0.95,-1.11,-1.21,-1.34,-1.27,-1.30,-1.49,-1.27,-1.32,-1.31,-1.41,-1.58,-1.41,-1.71,-1.41,-1.27,-1.11,-1.57,-1.43,-1.44,-1.45,-1.31,-1.46,-1.27,-1.22,-1.11,-1.03,-1.14,-1.10,-1.10,-1.20,-1.19,-0.98,-0.73,-0.63,-0.57,-0.53,-0.41,-0.41,-0.68,-0.56,-0.38,-0.34,-0.33,0.01,0.75,3.37,4.26,3.77,3.12,2.64,1.83,0.44,-0.49,-0.58,-0.80,-1.10,-0.91,-0.87,-0.97,-1.02,-0.66,-0.57,-0.54,-0.49,-0.66,-0.64,-0.04,-0.03,-0.43,-0.32,-0.19,-0.09,-0.17,-0.07,-0.04,-0.12,-0.01,-0.19,-0.18,-0.19,-0.28,-0.17,0.02,0.22,0.40,0.35,0.41,0.32,0.25,0.20,0.23,0.46,0.53,0.72,0.60,0.48,0.61,0.75,0.98,0.86,0.70
0.08,0.30,-0.06,0.04,-0.09,-0.37,-0.19,-0.33,-0.31,-0.51,-0.43,-0.19,-0.31,-0.49,-0.51,-0.71,-0.93,-1.06,-1.12,-1.07,-1.21,-1.38,-1.44,-1.49,-1.50,-1.50,-1.55,-1.34,-1.31,-1.25,-1.01,-1.20,-1.31,-1.38,-1.44,-1.45,-1.48,-1.48,-1.55,-1.54,-1.59,-1.40,-1.40,-1.27,-1.19,-1.25,-1.31,-1.24,-1.16,-1.11,-1.06,-0.91,-0.78,-1.16,-1.22,-1.34,-1.27,-1.02,-1.22,-1.34,-1.07,-1.12,-1.17,-1.30,-1.55,-1.35,-1.40,-1.36,-1.39,-1.60,-1.40,-1.76,-1.48,-1.22,-1.40,-1.81,-1.54,-1.79,-1.63,-1.41,-1.64,-1.40,-1.35,-1.38,-1.31,-1.44,-1.38,-1.29,-1.39,-1.39,-1.22,-1.12,-1.06,-1.00,-0.82,-0.48,-0.54,-0.67,-0.64,-0.49,-0.32,-0.38,-0.04,0.45,2.72,4.31,3.87,2.42,1.36,1.09,0.49,-0.48,-0.59,-0.69,-0.71,-0.68,-0.68,-0.83,-0.78,-0.61,-0.48,-0.39,-0.38,-0.51,-0.59,-0.31,-0.24,-0.43,-0.49,-0.14,0.25,0.75,1.01,1.00,0.82,0.69,0.23,-0.06,-0.03,-0.11,-0.27,-0.24,-0.07,0.04,0.46,0.33,0.08,-0.09,-0.07,0.10,0.13,0.40,0.58,0.53,0.45,0.60,0.70,0.71,0.49,0.38
0.25,0.24,-0.09,0.10,-0.12,-0.39,-0.16,-0.27,-0.22,-0.32,-0.19,-0.07,-0.22,-0.33,-0.46,-0.73,-0.90,-0.96,-1.02,-1.11,-1.19,-1.21,-1.44,-1.41,-1.35,-1.45,-1.45,-1.34,-1.19,-1.14,-1.08,-1.14,-1.24,-1.30,-1.36,-1.41,-1.50,-1.48,-1.59,-1.62,-1.64,-1.53,-1.50,-1.48,-1.34,-1.40,-1.51,-1.38,-1.34,-1.06,-1.14,-0.88,-1.20,-1.20,-1.12,-1.24,-1.26,-1.30,-1.31,-1.40,-1.40,-1.51,-1.53,-1.54,-1.65,-1.43,-1.32,-1.49,-1.51,-1.72,-1.67,-1.82,-1.73,-1.38,-1.68,-2.06,-1.87,-2.05,-1.78,-1.76,-1.81,-1.67,-1.63,-1.64,-1.49,-1.62,-1.65,-1.48,-1.58,-1.67,-1.50,-1.53,-1.59,-1.46,-1.29,-1.00,-1.20,-0.92,-1.19,-0.88,-0.68,-0.63,-0.16,-0.04,1.00,2.83,3.04,1.73,0.61,0.35,0.14,-0.37,-0.58,-0.69,-1.11,-0.97,-1.02,-0.90,-0.83,-0.67,-0.53,-0.49,-0.42,-0.38,-0.58,-0.56,-0.38,-0.39,-0.31,0.08,0.71,1.47,2.07,2.46,2.54,1.86,1.39,0.56,0.28,0.25,0.28,0.44,0.63,0.48,0.63,0.51,0.18,-0.07,-0.04,0.09,0.04,0.29,0.40,0.44,0.48,0.53,0.51,0.49,0.33,0.02
0.30,0.07,-0.09,0.06,-0.11,-0.23,-0.17,-0.18,-0.26,-0.21,-0.18,-0.14,-0.09,-0.39,-0.27,-0.54,-0.82,-0.86,-0.88,-1.10,-1.02,-1.14,-1.19,-1.12,-1.19,-1.21,-1.19,-1.43,-1.12,-0.98,-1.15,-1.32,-1.25,-1.44,-1.58,-1.53,-1.58,-1.57,-1.50,-1.77,-1.78,-1.87,-1.83,-1.68,-1.58,-1.57,-1.51,-1.46,-1.46,-1.27,-1.21,-1.30,-1.41,-1.38,-1.30,-1.41,-1.46,-1.38,-1.40,-1.43,-1.34,-1.41,-1.57,-1.62,-1.53,-1.35,-1.43,-1.68,-1.69,-1.59,-1.77,-2.19,-2.07,-1.79,-1.86,-2.22,-1.90,-1.79,-1.79,-1.92,-1.87,-1.78,-1.95,-1.78,-1.62,-1.79,-1.88,-1.74,-1.81,-1.91,-1.67,-1.67,-1.88,-1.54,-1.62,-1.48,-1.51,-1.41,-1.60,-1.17,-0.97,-1.03,-0.77,-0.31,0.37,1.34,1.24,0.67,0.04,-0.46,-0.54,-0.78,-0.91,-0.76,-0.93,-0.95,-1.07,-1.10,-0.92,-0.71,-0.66,-0.75,-0.75,-0.68,-0.71,-0.54,-0.46,-0.43,-0.09,0.18,0.92,1.89,2.72,3.50,4.07,3.46,2.07,1.13,0.35,-0.16,-0.16,0.17,0.50,0.58,0.76,0.76,0.65,0.53,0.45,0.39,0.48,0.53,0.50,0.50,0.54,0.34,0.28,0.24,0.18,0.09
0.24,0.18,0.01,0.04,-0.02,-0.16,-0.23,-0.04,-0.11,-0.08,-0.24,-0.33,-0.36,-0.61,-0.52,-0.97,-0.93,-0.91,-1.06,-1.17,-0.97,-1.15,-1.07,-1.10,-1.21,-1.27,-1.38,-1.57,-1.32,-1.19,-1.38,-1.60,-1.73,-1.78,-1.86,-1.87,-1.71,-1.64,-1.72,-1.77,-1.73,-2.05,-1.92,-1.78,-1.83,-1.78,-1.71,-1.71,-1.71,-1.53,-1.34,-1.45,-1.45,-1.15,-1.49,-1.41,-1.45,-1.35,-1.44,-1.48,-1.39,-1.48,-1.74,-1.73,-1.54,-1.50,-1.43,-1.63,-1.71,-1.92,-1.87,-2.29,-2.14,-2.06,-1.88,-2.13,-1.68,-1.76,-1.83,-2.10,-1.90,-1.82,-2.05,-1.97,-1.92,-2.06,-2.01,-1.93,-2.09,-2.00,-1.76,-1.93,-1.96,-1.85,-1.55,-1.32,-1.65,-2.09,-1.74,-1.36,-1.06,-1.21,-0.98,-0.56,-0.22,0.84,0.97,0.48,-0.11,-0.76,-0.86,-0.95,-1.25,-0.86,-0.98,-0.96,-1.14,-1.15,-0.97,-0.72,-0.67,-0.77,-0.88,-0.98,-0.86,-0.57,-0.62,-0.49,-0.07,0.14,1.03,2.20,3.16,4.00,4.91,4.54,3.14,1.82,0.81,0.38,0.39,0.56,0.82,0.87,0.81,0.79,0.67,0.61,0.67,0.67,0.90,0.88,0.81,0.74,0.64,0.53,0.39,0.58,0.56,0.37
0.37,0.34,0.08,0.03,-0.01,-0.19,-0.27,-0.04,-0.12,-0.17,-0.38,-0.51,-0.53,-0.61,-0.86,-0.87,-0.81,-0.97,-1.25,-1.39,-1.19,-1.25,-1.39,-1.36,-1.44,-1.54,-1.73,-1.99,-1.90,-1.55,-1.46,-1.83,-1.85,-1.72,-1.71,-1.82,-1.88,-1.74,-1.95,-1.74,-1.73,-1.95,-1.88,-1.87,-1.91,-1.83,-1.79,-1.83,-1.69,-1.57,-1.39,-1.40,-1.31,-1.21,-1.31,-1.34,-1.20,-1.11,-1.41,-1.55,-1.49,-1.59,-1.68,-1.55,-1.48,-1.48,-1.58,-1.65,-1.79,-1.77,-1.96,-2.32,-2.13,-2.20,-2.30,-1.92,-1.83,-2.04,-1.93,-1.92,-2.04,-2.01,-1.99,-1.85,-1.83,-1.93,-2.01,-2.04,-2.13,-2.13,-1.88,-1.79,-1.72,-1.82,-1.39,-1.08,-1.57,-1.41,-1.90,-1.57,-1.32,-1.07,-0.69,-0.22,-0.11,0.15,0.53,0.55,0.10,-0.58,-0.85,-0.93,-1.07,-0.91,-1.10,-0.91,-0.93,-1.12,-0.98,-0.80,-0.75,-0.73,-0.77,-0.96,-0.86,-0.77,-0.80,-0.49,-0.18,0.10,1.03,2.11,2.96,4.25,5.44,4.72,3.17,1.58,0.48,0.06,0.15,0.48,0.88,0.82,0.82,0.65,0.43,0.29,0.41,0.58,0.70,0.76,0.85,0.92,0.91,0.85,0.82,0.82,0.77,0.65
0.17,-0.02,-0.13,-0.04,-0.02,-0.21,-0.32,-0.21,-0.33,-0.51,-0.62,-0.52,-0.39,-0.51,-0.91,-1.19,-1.12,-1.00,-1.08,-1.39,-1.43,-1.49,-1.57,-1.60,-1.55,-1.71,-2.10,-2.27,-2.06,-1.57,-1.40,-2.01,-1.97,-1.82,-1.88,-1.81,-1.55,-1.62,-1.77,-1.69,-1.86,-1.73,-1.77,-1.65,-1.69,-1.60,-1.63,-1.76,-1.63,-1.58,-1.53,-1.39,-1.25,-1.40,-1.29,-1.39,-1.32,-1.22,-1.55,-1.65,-1.71,-1.83,-2.00,-1.97,-1.69,-1.58,-1.73,-1.78,-1.91,-1.69,-1.99,-2.52,-1.97,-1.92,-2.34,-2.22,-2.07,-2.13,-2.11,-1.87,-2.04,-2.00,-1.93,-2.22,-2.02,-1.91,-1.97,-2.04,-2.30,-2.30,-2.05,-1.87,-1.97,-1.67,-1.54,-1.90,-2.09,-1.96,-1.90,-1.78,-1.49,-1.39,-0.98,-0.52,-0.16,-0.02,0.29,0.33,-0.24,-0.80,-0.95,-0.75,-0.87,-0.81,-1.08,-0.85,-0.92,-1.02,-0.91,-0.88,-0.92,-0.80,-0.71,-0.81,-0.87,-0.85,-0.77,-0.66,-0.22,0.06,0.87,2.00,2.90,4.26,5.28,3.80,2.52,1.22,0.30,-0.11,-0.14,0.02,0.50,0.51,0.58,0.44,0.24,0.18,0.30,0.33,0.35,0.43,0.70,0.97,0.85,0.87,0.93,0.76,0.69,0.84
-0.03,-0.09,-0.17,-0.31,-0.32,-0.41,-0.42,-0.38,-0.44,-0.81,-0.88,-0.62,-0.41,-0.49,-0.81,-1.44,-1.31,-1.03,-1.06,-1.31,-1.35,-1.29,-1.38,-1.55,-1.54,-1.95,-2.30,-2.30,-2.06,-1.58,-1.50,-1.95,-1.85,-1.79,-1.88,-1.81,-1.64,-1.73,-2.00,-1.81,-2.10,-1.71,-1.76,-1.71,-1.87,-1.83,-1.79,-1.83,-1.76,-1.72,-1.67,-1.54,-1.34,-1.39,-1.29,-1.46,-1.46,-1.31,-1.65,-1.91,-1.76,-1.81,-1.92,-1.91,-1.83,-1.79,-1.78,-1.78,-1.91,-2.00,-2.06,-2.30,-2.09,-1.78,-1.85,-2.14,-1.91,-2.01,-2.05,-1.91,-2.13,-1.87,-1.88,-1.97,-1.95,-1.93,-1.88,-1.91,-2.10,-2.05,-1.77,-1.67,-1.68,-1.92,-1.81,-1.64,-2.24,-1.88,-1.76,-1.91,-1.63,-1.43,-0.87,-0.68,-0.68,-0.28,0.15,0.19,-0.24,-0.85,-0.95,-0.67,-0.95,-0.73,-1.03,-0.81,-0.88,-0.87,-0.82,-0.91,-0.93,-0.78,-0.69,-0.75,-0.96,-1.06,-0.81,-0.73,-0.06,0.34,0.74,1.42,2.11,3.44,4.23,2.88,1.71,0.84,0.22,-0.12,-0.24,-0.28,0.12,0.34,0.34,0.24,0.08,-0.07,0.20,0.28,0.24,0.28,0.39,0.50,0.50,0.45,0.51,0.64,0.65,0.67
-0.16,-0.23,-0.22,-0.11,-0.22,-0.38,-0.56,-0.59,-0.43,-0.87,-1.14,-0.87,-0.61,-0.68,-1.14,-1.45,-1.34,-1.17,-1.15,-1.30,-1.55,-1.21,-1.43,-1.55,-2.07,-2.19,-2.36,-2.46,-2.15,-1.62,-1.68,-1.86,-1.76,-1.78,-1.86,-1.88,-1.79,-1.74,-1.72,-1.72,-2.01,-2.01,-1.83,-1.88,-1.93,-1.86,-1.96,-1.91,-1.73,-1.78,-1.71,-1.73,-1.57,-1.46,-1.27,-1.62,-1.46,-1.27,-1.69,-1.95,-1.78,-1.78,-1.99,-2.01,-1.91,-1.79,-1.71,-1.79,-1.81,-1.91,-1.86,-2.07,-1.90,-1.87,-1.87,-2.04,-1.76,-2.10,-1.99,-1.82,-1.90,-1.82,-1.81,-1.92,-2.09,-2.22,-2.18,-2.13,-2.34,-2.41,-1.91,-1.86,-1.71,-1.82,-1.68,-1.82,-2.18,-1.73,-1.78,-1.57,-1.32,-1.21,-1.00,-0.98,-0.98,-0.54,-0.17,-0.19,-0.33,-0.75,-0.85,-0.63,-0.91,-0.87,-0.98,-0.82,-0.77,-0.76,-0.86,-0.91,-0.77,-0.68,-0.56,-0.72,-0.69,-0.85,-0.92,-0.72,-0.42,-0.08,0.58,1.44,1.73,2.53,3.29,2.05,1.03,0.48,0.08,-0.24,-0.32,-0.33,-0.06,0.24,0.28,0.18,0.01,-0.14,-0.72,-0.71,-0.67,-0.44,-0.16,-0.08,0.13,0.32,0.33,0.33,0.40,0.27
-0.32,-0.38,-0.29,-0.36,-0.37,-0.62,-0.91,-0.98,-0.90,-1.03,-1.41,-1.05,-0.83,-1.03,-1.40,-1.41,-1.36,-1.38,-1.35,-1.39,-1.44,-1.35,-1.55,-1.86,-1.76,-2.02,-2.23,-2.20,-1.93,-1.48,-1.77,-1.90,-1.83,-1.73,-1.82,-1.95,-1.92,-1.74,-1.67,-1.81,-1.99,-2.00,-1.85,-1.90,-2.19,-2.16,-2.04,-1.97,-1.85,-1.76,-1.88,-1.93,-2.04,-1.83,-1.53,-1.83,-1.53,-1.41,-1.90,-2.11,-2.01,-1.99,-2.14,-2.10,-1.91,-1.74,-1.71,-1.81,-1.83,-1.96,-1.96,-2.19,-1.86,-1.79,-1.78,-2.14,-1.82,-1.85,-2.02,-1.87,-1.96,-1.87,-1.79,-1.92,-2.01,-2.13,-2.23,-2.24,-2.38,-2.47,-2.07,-1.78,-1.71,-1.71,-1.35,-1.59,-2.01,-1.76,-1.83,-1.34,-1.29,-1.11,-1.12,-1.10,-0.93,-0.66,-0.54,-0.63,-0.61,-0.78,-0.85,-0.51,-0.83,-0.88,-0.97,-0.90,-0.85,-0.86,-0.85,-0.82,-0.83,-0.77,-0.58,-0.68,-0.86,-0.87,-0.82,-0.77,-0.58,-0.24,0.44,1.34,1.39,1.80,2.02,1.12,0.38,0.07,-0.21,-0.54,-0.61,-0.49,-0.52,-0.38,-0.41,-0.42,-0.39,-1.26,-1.10,-0.96,-0.95,-0.85,-0.57,-0.58,-0.43,-0.09,0.03,-0.08,-0.23,-0.19
-0.47,-0.48,-0.48,-0.56,-0.37,-0.81,-1.01,-1.03,-1.00,-0.90,-1.14,-0.97,-1.08,-1.22,-1.24,-1.43,-1.34,-1.51,-1.53,-1.45,-1.50,-1.64,-1.65,-1.65,-1.71,-1.93,-2.27,-2.28,-1.88,-1.65,-1.87,-1.81,-1.81,-1.57,-1.69,-1.87,-1.86,-1.82,-1.85,-1.85,-1.96,-2.00,-1.96,-1.79,-1.91,-1.82,-1.78,-1.82,-1.73,-1.71,-2.00,-2.24,-2.28,-2.09,-1.99,-2.01,-1.86,-1.78,-2.27,-2.55,-2.32,-2.24,-2.19,-2.10,-1.99,-1.83,-1.83,-1.97,-2.04,-2.15,-2.05,-2.32,-1.97,-1.73,-1.82,-2.27,-1.91,-2.05,-2.05,-2.02,-2.05,-1.96,-1.96,-2.01,-2.10,-2.24,-2.28,-2.13,-2.14,-2.39,-2.22,-2.00,-1.96,-1.85,-1.58,-1.35,-1.93,-1.81,-1.74,-1.41,-1.39,-1.15,-1.20,-1.20,-0.96,-0.69,-0.67,-0.81,-0.73,-0.90,-1.00,-0.42,-1.02,-0.63,-0.93,-0.93,-0.78,-0.82,-0.72,-0.61,-0.91,-0.97,-0.62,-0.67,-0.66,-0.87,-1.00,-0.82,-0.62,-0.27,0.46,1.17,0.96,1.03,0.80,0.17,-0.24,-0.38,-0.58,-0.87,-0.85,-0.93,-0.81,-0.43,-0.32,-0.58,-0.86,-1.50,-1.36,-1.26,-1.22,-1.11,-0.85,-1.00,-0.96,-0.80,-0.68,-0.67,-0.64,-0.75
-0.56,-0.57,-0.64,-0.72,-0.37,-0.90,-1.15,-1.27,-1.24,-1.00,-1.20,-0.93,-1.22,-1.40,-1.30,-1.31,-1.20,-1.60,-1.73,-1.68,-1.63,-1.67,-1.67,-1.64,-1.73,-1.95,-2.06,-1.97,-1.81,-1.59,-1.50,-1.79,-1.73,-1.49,-1.65,-1.71,-1.77,-1.90,-1.91,-1.86,-1.96,-2.13,-1.97,-2.01,-1.88,-1.92,-2.02,-2.01,-2.02,-2.11,-2.16,-2.33,-2.68,-2.38,-2.07,-2.32,-2.16,-2.23,-2.48,-2.52,-2.38,-2.37,-2.28,-2.20,-2.10,-1.96,-2.02,-2.22,-2.14,-2.28,-2.14,-2.33,-2.06,-1.83,-2.00,-2.38,-2.11,-2.36,-2.10,-1.99,-2.06,-2.10,-2.16,-2.13,-2.11,-2.27,-2.24,-1.99,-2.13,-2.42,-2.18,-2.13,-2.05,-1.95,-1.87,-1.57,-1.86,-1.79,-1.69,-1.64,-1.49,-1.17,-1.17,-1.29,-1.15,-0.78,-0.64,-0.77,-0.75,-0.95,-1.03,-0.77,-0.90,-0.86,-0.81,-0.86,-0.86,-0.73,-0.78,-0.90,-0.83,-0.98,-0.87,-0.47,-0.80,-0.80,-0.85,-0.77,-0.58,-0.31,0.18,0.60,0.53,0.33,0.09,-0.42,-0.62,-0.57,-0.73,-1.17,-0.83,-1.01,-0.68,-0.42,-0.44,-0.71,-0.90,-1.48,-1.55,-1.45,-1.32,-1.24,-0.96,-1.27,-1.24,-1.14,-1.10,-1.07,-0.86,-0.85
-0.76,-0.72,-0.75,-0.82,-0.57,-1.02,-1.24,-1.41,-1.41,-1.27,-1.60,-1.43,-1.36,-1.29,-1.27,-1.31,-1.17,-1.67,-1.99,-1.93,-1.71,-1.62,-1.72,-1.65,-1.82,-1.91,-1.99,-2.05,-1.88,-1.64,-1.82,-2.05,-1.86,-1.76,-1.81,-1.81,-1.90,-1.88,-1.87,-1.95,-2.15,-2.23,-2.11,-2.09,-1.99,-2.04,-2.07,-2.13,-2.18,-2.14,-2.32,-2.61,-2.56,-2.64,-2.51,-2.42,-2.63,-2.20,-2.64,-2.45,-2.54,-2.54,-2.51,-2.39,-2.23,-2.07,-2.15,-2.28,-2.10,-2.29,-2.30,-2.38,-2.13,-2.01,-2.15,-2.42,-2.24,-2.46,-2.23,-2.05,-2.15,-2.25,-2.24,-2.19,-2.09,-2.19,-2.24,-2.06,-2.24,-2.39,-2.09,-2.05,-1.96,-1.93,-1.77,-1.88,-1.81,-1.81,-1.73,-1.68,-1.38,-0.96,-0.86,-0.95,-0.96,-0.83,-0.75,-0.76,-1.11,-1.01,-0.98,-0.64,-0.88,-0.68,-0.85,-0.92,-1.00,-0.87,-0.82,-0.98,-0.71,-0.75,-0.91,-0.53,-0.85,-0.86,-0.83,-0.80,-0.68,-0.51,-0.39,-0.17,-0.04,-0.12,-0.27,-0.62,-0.78,-0.63,-0.64,-0.73,-0.58,-1.02,-0.88,-0.75,-0.73,-0.71,-0.78,-1.25,-1.48,-1.48,-1.25,-1.05,-0.96,-1.31,-1.35,-1.20,-1.02,-1.15,-1.36,-1.46
-1.15,-1.15,-0.80,-0.56,-0.91,-1.17,-1.19,-1.41,-1.54,-1.58,-1.87,-1.57,-1.27,-1.07,-1.25,-1.60,-1.53,-1.38,-1.72,-1.87,-1.81,-1.73,-1.72,-1.60,-1.96,-1.87,-1.99,-2.10,-1.90,-1.69,-1.88,-2.00,-1.91,-1.63,-1.96,-1.79,-1.85,-1.93,-1.93,-2.10,-2.37,-2.23,-2.20,-2.11,-2.09,-2.11,-2.05,-2.14,-2.18,-2.16,-2.39,-2.72,-2.57,-2.43,-2.60,-2.88,-2.60,-2.14,-2.23,-2.38,-2.69,-2.57,-2.69,-2.66,-2.43,-2.14,-2.06,-2.22,-2.20,-2.22,-2.33,-2.57,-2.20,-2.10,-2.10,-2.32,-2.19,-2.43,-2.33,-2.33,-2.28,-2.29,-2.14,-2.13,-2.07,-2.13,-2.33,-2.28,-2.23,-2.23,-2.07,-2.01,-2.07,-2.06,-1.77,-1.79,-1.95,-1.96,-1.72,-1.48,-0.78,-0.34,-0.23,-0.41,-0.72,-0.80,-0.62,-0.51,-0.96,-0.80,-0.82,-0.61,-1.00,-0.85,-0.87,-0.97,-1.02,-0.90,-0.81,-1.05,-0.77,-0.75,-0.88,-0.62,-0.95,-0.97,-0.96,-0.92,-0.83,-0.86,-0.69,-0.32,-0.66,-0.92,-0.86,-0.92,-1.01,-1.00,-1.30,-0.77,-0.85,-1.26,-1.19,-0.95,-0.91,-0.82,-0.76,-1.10,-1.31,-1.44,-1.34,-0.77,-0.71,-1.31,-1.27,-0.96,-0.88,-1.29,-1.27,-1.48
-1.11,-1.06,-0.87,-0.90,-1.24,-1.03,-1.26,-1.48,-1.59,-1.74,-1.92,-1.59,-1.58,-1.41,-1.46,-1.64,-1.60,-1.51,-1.53,-1.58,-1.81,-1.87,-1.65,-1.65,-2.00,-1.88,-2.04,-2.01,-1.88,-1.83,-1.83,-2.00,-1.90,-1.78,-2.00,-1.83,-1.99,-2.02,-2.11,-2.25,-2.20,-2.19,-2.02,-2.32,-2.16,-2.15,-2.09,-2.11,-2.18,-2.25,-2.52,-2.66,-2.42,-2.32,-2.56,-2.95,-2.51,-2.23,-2.47,-2.18,-2.30,-2.41,-2.47,-2.41,-2.28,-2.06,-2.00,-2.09,-2.13,-2.48,-2.52,-2.47,-2.11,-2.04,-1.97,-2.32,-2.27,-2.34,-2.28,-2.22,-2.18,-2.15,-2.01,-1.97,-1.99,-2.06,-2.24,-2.32,-2.28,-2.28,-2.07,-1.86,-2.13,-2.22,-2.05,-1.87,-1.92,-1.91,-1.83,-1.69,-0.78,0.01,0.32,0.13,-0.38,-0.68,-0.76,-0.57,-0.77,-0.75,-0.71,-0.71,-1.01,-0.85,-0.93,-1.00,-0.95,-0.83,-0.80,-1.06,-0.82,-0.82,-0.97,-0.76,-1.11,-1.11,-0.98,-0.91,-0.81,-0.86,-0.58,-0.53,-0.80,-0.96,-1.05,-1.17,-1.15,-0.90,-1.19,-1.17,-1.08,-1.24,-1.12,-0.86,-0.83,-1.14,-0.80,-1.15,-1.51,-1.55,-1.17,-0.69,-1.27,-1.19,-1.17,-1.20,-1.17,-1.32,-1.21,-1.35
-1.34,-0.97,-0.85,-0.98,-1.14,-1.24,-1.67,-1.53,-1.57,-1.76,-1.81,-1.57,-1.62,-1.57,-1.68,-1.76,-1.65,-1.71,-1.39,-1.53,-1.74,-1.78,-1.81,-1.91,-1.97,-1.86,-2.19,-2.01,-1.92,-1.87,-1.91,-2.13,-1.93,-1.92,-2.06,-2.07,-1.92,-2.01,-2.06,-2.07,-2.27,-2.29,-2.07,-2.06,-2.19,-2.16,-2.15,-2.20,-2.22,-2.28,-2.48,-2.61,-2.50,-2.57,-2.69,-2.99,-2.43,-2.50,-2.54,-2.45,-2.51,-2.46,-2.43,-2.46,-2.22,-2.06,-2.11,-2.05,-2.16,-2.42,-2.34,-2.52,-2.23,-1.93,-2.15,-2.60,-2.54,-2.41,-2.33,-2.32,-2.23,-2.16,-2.15,-2.11,-2.16,-2.29,-2.27,-2.22,-2.23,-2.25,-2.18,-2.02,-2.04,-1.97,-2.02,-2.09,-1.99,-1.77,-1.60,-1.55,-1.15,-0.43,0.06,-0.11,-0.63,-0.81,-0.68,-0.67,-0.87,-0.92,-0.73,-0.69,-0.93,-0.83,-0.96,-0.98,-0.90,-0.87,-0.87,-1.06,-0.77,-0.75,-1.06,-0.98,-1.08,-1.14,-1.14,-1.05,-0.63,-0.67,-0.90,-0.69,-0.83,-0.81,-0.85,-1.07,-1.29,-1.07,-1.16,-1.24,-1.19,-1.10,-1.01,-0.81,-0.72,-1.25,-0.83,-1.06,-1.29,-1.27,-1.15,-0.97,-1.00,-0.87,-0.87,-0.98,-0.92,-1.16,-1.21,-1.35
-1.46,-1.31,-1.29,-1.21,-1.26,-1.71,-1.73,-1.53,-1.65,-1.77,-1.68,-1.40,-1.16,-1.54,-1.76,-1.77,-1.72,-1.74,-1.59,-1.73,-1.93,-1.93,-1.85,-1.86,-1.81,-1.85,-2.22,-2.16,-1.92,-1.90,-2.07,-2.19,-2.10,-2.07,-2.06,-2.04,-2.00,-2.04,-2.07,-2.07,-2.16,-2.30,-2.20,-2.27,-2.23,-2.18,-2.16,-2.33,-2.28,-2.24,-2.38,-2.57,-2.73,-2.77,-2.61,-2.93,-2.55,-2.69,-2.46,-2.52,-2.36,-2.50,-2.59,-2.55,-2.37,-2.24,-2.29,-2.34,-2.24,-2.33,-2.32,-2.45,-2.74,-2.29,-2.30,-2.81,-2.82,-2.46,-2.38,-2.37,-2.15,-2.23,-2.30,-2.37,-2.34,-2.27,-2.41,-2.64,-2.68,-2.73,-2.52,-2.25,-2.24,-1.95,-1.93,-1.97,-2.09,-2.13,-2.01,-1.76,-1.44,-1.07,-0.80,-0.75,-0.80,-0.71,-0.76,-0.80,-0.75,-0.96,-0.76,-0.72,-0.86,-0.81,-0.88,-0.91,-0.90,-1.00,-0.96,-1.07,-0.83,-0.81,-1.07,-0.95,-0.81,-0.91,-1.03,-0.95,-0.71,-0.93,-0.54,-0.57,-0.75,-0.71,-0.67,-0.96,-1.36,-1.32,-1.22,-1.07,-1.27,-1.22,-1.16,-1.19,-0.95,-1.03,-0.81,-0.92,-1.15,-1.20,-1.25,-1.20,-1.17,-1.01,-0.88,-0.88,-0.64,-0.85,-1.05,-1.26
