-0.02,-0.28,-0.43,-1.20,-1.35,-2.00,-2.70,-3.62,-4.79,-5.01,-5.72,-6.13,-6.24,-6.23,-6.38,-6.84,-6.80,-6.70,-6.77,-6.97,-7.08,-6.90,-6.67,-6.93,-7.08,-7.07,-7.01,-6.80,-6.04,-4.71,-3.62,-3.01,-2.66,-2.99,-4.10,-5.36,-6.20,-6.69,-6.85,-6.86,-6.63,-6.63,-6.97,-7.09,-7.01,-7.08,-7.28,-7.24,-7.08,-6.62,-6.78,-6.69,-5.75,-3.97,-2.32,-1.55,-0.98,-0.63,-0.47,-0.32,-0.12,0.07,0.07,0.30,0.46,0.18,0.29,0.71,0.48,0.45,0.50,0.40,0.58,0.55,0.46,0.61,0.66,0.65,0.65,0.46,0.82,0.87,0.69,0.59,0.40,0.45,0.44,0.60,0.34,-0.33,-0.49,-0.57,-0.71,-0.75,-0.85,-1.06,-1.17,-1.19,-1.41,-1.57,-1.57,-1.55,-1.54,-1.51,-1.62,-1.45,-1.22,-1.46,-1.08,-0.46,-0.24,-0.33,-0.31,-0.29,-0.09,0.20,0.81,0.27,0.30,0.29,0.06,0.03,0.14,0.14,0.25,0.08,0.04,-0.17,-0.29,-0.06,-0.01,-0.17,-0.23,-0.07,-0.03,-0.14,-0.08,0.06,0.23,0.38,0.44,0.37,0.32,0.41,0.46,0.58,0.76,0.91,1.12,0.98,0.95,1.04,1.12,1.24,1.47,1.22,1.23,1.36,1.42,1.35
-0.14,-0.47,-1.00,-1.86,-2.00,-2.61,-3.34,-4.05,-5.15,-5.35,-5.87,-6.25,-6.48,-6.50,-6.28,-6.39,-6.63,-6.63,-6.70,-6.93,-7.05,-6.66,-6.67,-6.74,-6.89,-6.84,-6.57,-6.07,-4.95,-2.70,-1.86,-1.81,-1.71,-2.09,-3.15,-4.50,-5.57,-6.28,-6.67,-6.78,-6.54,-6.52,-6.75,-6.93,-6.84,-6.69,-6.82,-7.07,-6.85,-6.44,-6.35,-6.13,-4.88,-2.86,-1.30,-0.77,-0.67,-0.56,-0.37,-0.19,-0.07,0.02,0.13,0.34,0.28,0.46,0.49,0.87,0.56,0.38,0.48,0.33,0.48,0.50,0.65,0.91,0.76,0.55,0.61,0.58,0.66,0.69,0.66,0.79,0.35,0.48,0.59,0.61,0.45,0.10,-0.21,-0.43,-0.61,-0.53,-0.57,-0.96,-1.21,-1.22,-1.38,-1.53,-1.63,-1.57,-1.67,-1.53,-1.62,-1.44,-1.24,-1.50,-1.00,-0.49,-0.59,-0.80,-0.75,-0.64,-0.83,-0.58,0.13,-0.38,-0.33,-0.14,-0.21,-0.21,-0.14,-0.01,0.23,-0.03,0.15,0.09,-0.04,0.12,0.12,-0.04,0.01,0.25,0.25,0.43,0.69,0.39,0.25,0.38,0.40,0.29,0.66,0.80,0.66,0.64,0.80,1.09,1.09,1.14,1.07,1.03,1.18,1.49,1.50,1.51,1.50,1.49,1.47,1.41
-0.38,-0.52,-1.43,-2.33,-2.86,-3.34,-3.84,-4.37,-5.00,-5.48,-5.84,-6.17,-6.47,-6.70,-6.67,-6.54,-6.65,-6.67,-6.65,-6.74,-6.81,-6.35,-6.44,-6.59,-6.62,-6.32,-5.80,-5.04,-3.17,-1.06,-1.17,-1.12,-1.27,-1.44,-2.28,-3.66,-4.72,-5.75,-6.40,-6.51,-6.50,-6.47,-6.67,-6.84,-6.61,-6.32,-6.42,-6.57,-6.59,-6.47,-6.13,-5.25,-3.78,-1.91,-0.78,-0.56,-0.53,-0.46,-0.33,-0.17,-0.02,0.09,0.08,0.43,0.53,0.29,0.61,0.63,0.67,0.51,0.61,0.35,0.30,0.54,0.64,0.67,0.70,0.64,0.63,0.54,0.50,0.72,0.64,0.70,0.55,0.48,0.40,0.37,0.28,0.24,0.10,-0.22,-0.38,-0.58,-0.64,-0.57,-0.81,-1.27,-1.38,-1.40,-1.60,-1.53,-1.77,-1.48,-1.58,-1.26,-1.15,-1.27,-0.88,-0.67,-0.75,-0.87,-0.90,-0.88,-0.87,-0.67,-0.13,-0.27,-0.26,-0.09,-0.01,0.01,0.17,0.27,0.12,0.24,0.33,0.37,0.13,0.32,0.34,0.27,0.33,0.48,0.49,0.64,0.79,0.58,0.35,0.37,0.53,0.79,1.23,1.17,0.93,0.85,0.97,1.14,1.17,1.36,1.38,1.51,1.69,1.74,1.61,1.60,1.44,1.47,1.53,1.47
-0.57,-0.47,-1.40,-2.38,-3.28,-3.82,-4.18,-4.68,-5.36,-5.75,-6.19,-6.42,-6.40,-6.44,-6.70,-6.55,-6.58,-6.65,-6.62,-6.51,-6.39,-6.19,-6.11,-6.40,-6.61,-6.25,-5.31,-3.90,-2.04,-0.53,-0.53,-0.34,-0.61,-0.93,-1.39,-2.36,-3.48,-5.05,-6.00,-6.19,-6.24,-6.36,-6.66,-6.75,-6.46,-6.20,-6.40,-6.66,-6.71,-6.59,-5.81,-4.04,-2.88,-1.38,-0.36,-0.19,-0.19,-0.22,-0.29,-0.11,0.06,0.20,0.37,0.28,0.59,0.38,0.65,0.85,0.69,0.54,0.61,0.37,0.35,0.61,0.71,0.74,0.79,0.74,0.63,0.50,0.49,0.50,0.60,0.54,0.64,0.54,0.60,0.38,0.23,0.10,0.08,-0.12,-0.23,-0.34,-0.39,-0.34,-0.54,-0.81,-0.87,-1.14,-1.26,-1.41,-1.65,-1.48,-1.49,-1.02,-1.03,-0.96,-0.78,-0.66,-0.59,-0.68,-0.78,-0.78,-0.72,-0.41,-0.09,-0.36,-0.14,0.07,0.04,-0.01,0.04,0.07,0.07,0.17,0.29,0.15,0.23,0.44,0.56,0.53,0.53,0.60,0.69,0.79,0.86,0.72,0.65,0.59,0.79,1.19,1.27,1.03,1.00,1.11,1.20,1.25,1.34,1.53,1.64,1.71,1.75,1.92,2.19,1.67,1.57,1.51,1.49,1.60
-0.83,-0.52,-1.57,-2.43,-3.48,-4.22,-4.49,-4.78,-5.42,-5.87,-6.12,-6.30,-6.39,-6.30,-6.46,-6.30,-6.19,-6.30,-6.42,-6.21,-5.91,-6.13,-5.73,-5.87,-6.24,-6.07,-5.00,-3.01,-1.36,-0.11,-0.03,0.07,-0.19,-0.52,-0.81,-1.44,-2.54,-4.45,-5.68,-6.11,-5.96,-6.24,-6.69,-6.73,-6.38,-6.09,-6.31,-6.93,-6.78,-5.96,-5.50,-3.15,-1.72,-0.76,-0.49,-0.42,-0.23,0.02,0.12,0.06,0.12,0.24,0.22,0.40,0.60,0.34,0.59,0.76,0.65,0.49,0.54,0.38,0.41,0.56,0.75,0.76,0.64,0.64,0.61,0.59,0.40,0.39,0.65,0.58,0.59,0.45,0.70,0.32,0.04,0.04,0.13,0.09,-0.07,-0.27,-0.31,-0.26,-0.31,-0.52,-0.71,-0.82,-0.86,-0.91,-1.06,-1.29,-0.93,-0.81,-0.80,-0.83,-0.83,-0.62,-0.51,-0.66,-0.57,-0.47,-0.63,-0.24,0.02,-0.41,0.08,0.03,0.18,0.24,0.30,0.39,0.46,0.48,0.34,0.53,0.75,0.80,0.81,0.77,0.79,0.84,0.90,0.97,1.06,0.93,1.03,0.95,0.93,1.14,1.39,1.39,1.15,1.38,1.50,1.47,1.51,1.75,1.72,1.66,1.79,2.03,2.13,1.92,1.91,1.94,2.03,2.14
-1.36,-1.07,-1.91,-2.79,-3.48,-4.01,-4.35,-4.84,-5.61,-5.75,-5.93,-6.11,-6.16,-6.16,-6.21,-6.05,-5.77,-5.69,-5.95,-5.87,-6.01,-5.95,-5.93,-5.97,-5.92,-5.61,-4.78,-2.61,-0.93,0.23,0.40,0.32,0.07,-0.24,-0.51,-1.11,-2.15,-4.01,-5.53,-6.19,-6.17,-6.23,-6.42,-6.51,-6.34,-6.11,-6.15,-6.46,-6.40,-5.53,-4.18,-2.22,-0.87,-0.32,-0.29,-0.34,-0.18,0.10,0.30,0.23,0.07,0.09,0.09,0.34,0.41,0.45,0.49,0.58,0.51,0.34,0.49,0.37,0.41,0.56,0.71,0.75,0.64,0.64,0.67,0.64,0.46,0.38,0.61,0.59,0.63,0.50,0.85,0.25,-0.04,0.08,0.23,0.17,0.03,-0.09,-0.14,-0.21,-0.23,-0.33,-0.61,-0.56,-0.39,-0.78,-1.00,-0.77,-0.97,-0.54,-0.49,-0.43,-0.46,-0.51,-0.57,-0.62,-0.41,-0.37,-0.54,-0.22,0.10,-0.06,0.25,0.15,0.30,0.67,0.74,0.70,0.80,0.80,0.87,0.85,1.00,1.02,1.17,1.17,1.20,1.20,1.14,1.19,1.33,1.08,1.25,1.22,1.17,1.30,1.56,1.40,1.36,1.52,1.60,1.63,1.73,1.96,1.68,1.68,1.83,1.99,2.02,1.99,2.01,2.02,2.03,2.02
-1.43,-1.35,-1.91,-2.77,-3.48,-4.03,-4.62,-5.13,-5.72,-5.65,-5.60,-5.81,-5.62,-5.65,-5.89,-5.96,-5.84,-5.79,-5.91,-5.79,-6.04,-5.89,-5.77,-5.79,-5.73,-5.40,-4.66,-2.64,-0.67,0.46,0.75,0.60,0.30,-0.06,-0.39,-0.75,-1.67,-3.63,-5.19,-5.97,-6.11,-6.21,-6.35,-6.28,-6.07,-5.93,-6.15,-6.38,-5.89,-4.67,-3.06,-1.24,-0.34,-0.22,-0.18,-0.13,-0.06,0.13,0.25,0.18,0.03,0.07,0.22,0.32,0.34,0.49,0.49,0.50,0.41,0.27,0.37,0.30,0.39,0.53,0.63,0.69,0.69,0.66,0.63,0.58,0.56,0.45,0.53,0.50,0.58,0.58,0.81,0.25,0.13,0.17,0.17,0.13,0.08,0.04,-0.01,-0.07,-0.07,-0.16,-0.36,-0.33,-0.29,-0.46,-0.61,-0.63,-0.85,-0.36,-0.52,-0.18,0.01,-0.13,-0.06,-0.09,-0.36,-0.48,-0.37,-0.02,0.35,0.37,0.38,0.46,0.54,0.92,1.04,1.03,1.01,1.07,1.27,1.36,1.14,1.39,1.18,1.03,1.22,1.40,1.41,1.41,1.57,1.22,1.29,1.45,1.46,1.56,1.74,1.71,1.46,1.64,1.73,1.78,1.85,1.94,1.92,1.90,1.86,1.94,2.06,2.00,2.05,2.24,2.16,2.08
-1.83,-1.50,-1.95,-2.72,-3.47,-4.09,-4.80,-5.17,-5.57,-5.58,-5.36,-5.29,-5.13,-5.19,-5.42,-5.72,-5.72,-5.48,-5.79,-5.44,-5.62,-5.54,-5.37,-5.37,-5.44,-5.28,-4.74,-2.61,-0.46,0.70,0.95,0.80,0.50,0.09,-0.28,-0.58,-1.57,-3.62,-4.95,-5.80,-6.21,-6.08,-6.08,-6.31,-6.08,-5.80,-6.13,-5.97,-5.36,-3.58,-2.04,-0.85,-0.27,-0.03,-0.01,-0.01,0.09,0.20,0.15,0.07,0.02,0.19,0.32,0.46,0.41,0.35,0.49,0.51,0.51,0.32,0.22,0.29,0.41,0.43,0.48,0.58,0.64,0.64,0.51,0.44,0.54,0.58,0.55,0.48,0.45,0.53,0.71,0.29,0.29,0.13,0.04,0.22,0.13,0.09,0.14,0.14,0.14,0.12,-0.03,-0.11,-0.08,-0.14,-0.42,-0.73,-0.58,-0.17,-0.38,-0.11,-0.09,-0.19,-0.27,-0.34,-0.29,-0.34,-0.24,0.37,0.79,0.44,0.56,0.69,0.84,1.01,1.19,1.29,1.34,1.36,1.42,1.50,1.57,1.52,1.55,1.42,1.40,1.41,1.42,1.51,1.67,1.47,1.28,1.56,1.58,1.68,1.88,1.82,1.71,1.94,1.88,1.99,2.11,1.95,2.16,2.22,2.01,2.07,2.17,2.11,2.16,2.39,2.25,2.29
-1.95,-1.63,-2.06,-2.75,-3.39,-3.88,-4.58,-4.75,-5.19,-5.49,-5.46,-5.31,-5.32,-5.33,-5.42,-5.33,-5.24,-5.36,-5.41,-5.20,-5.46,-5.40,-5.15,-5.16,-5.32,-5.19,-4.79,-2.48,-0.29,0.93,1.01,0.74,0.56,0.28,0.12,-0.19,-1.14,-3.35,-4.97,-5.64,-5.95,-5.91,-5.93,-6.20,-5.89,-5.67,-5.81,-5.49,-4.63,-2.50,-1.05,-0.39,-0.26,0.04,0.19,0.12,0.23,0.28,0.08,0.13,0.08,0.20,0.28,0.58,0.34,0.27,0.34,0.51,0.66,0.43,0.33,0.41,0.50,0.48,0.39,0.55,0.80,0.82,0.60,0.39,0.54,0.59,0.66,0.54,0.49,0.48,0.72,0.33,0.22,0.06,0.15,0.24,0.17,0.12,0.29,0.25,0.22,0.29,0.13,-0.02,0.07,0.09,-0.24,-0.61,-0.53,-0.12,0.02,-0.01,0.13,-0.01,-0.29,-0.06,0.06,0.06,0.20,0.48,0.71,0.46,0.69,0.76,1.07,1.09,1.20,1.44,1.58,1.66,1.64,1.44,1.74,1.64,1.64,1.47,1.35,1.36,1.49,1.52,1.33,1.34,1.39,1.44,1.40,1.61,1.72,1.64,1.84,1.79,1.82,2.09,2.19,2.02,1.91,1.89,2.00,2.08,2.17,2.26,2.31,2.28,2.24,2.36
-1.79,-1.73,-2.14,-2.70,-3.09,-3.35,-4.04,-4.33,-4.89,-5.41,-5.46,-5.24,-4.97,-4.88,-5.19,-5.29,-5.16,-5.41,-5.17,-5.27,-5.42,-5.44,-5.24,-5.19,-5.42,-5.20,-4.56,-2.50,-0.57,0.71,1.08,0.80,0.43,0.22,0.03,-0.22,-1.01,-3.00,-4.47,-5.35,-5.67,-5.56,-5.58,-5.91,-5.57,-5.28,-5.35,-4.80,-3.54,-1.57,-0.51,-0.08,-0.13,-0.08,0.14,0.30,0.37,0.20,0.17,0.22,0.15,0.22,0.28,0.53,0.32,0.27,0.50,0.63,0.49,0.49,0.39,0.35,0.54,0.54,0.50,0.67,0.86,0.84,0.50,0.41,0.55,0.54,0.55,0.46,0.61,0.40,0.65,0.33,0.18,0.33,0.38,0.03,0.14,0.25,0.32,0.23,0.17,0.22,0.13,-0.01,-0.02,0.08,-0.11,-0.38,-0.41,-0.12,0.08,0.07,0.04,-0.21,-0.24,0.03,0.14,0.12,0.25,0.61,0.76,0.51,0.77,1.00,1.07,1.12,1.29,1.42,1.57,1.80,1.80,1.36,1.67,1.74,1.79,1.56,1.33,1.29,1.41,1.44,1.23,1.33,1.03,1.45,1.35,1.38,1.40,1.45,1.68,1.62,1.90,2.22,2.18,1.99,2.14,2.14,1.99,2.18,2.36,2.35,2.28,2.22,2.13,2.33
-1.54,-1.69,-2.00,-2.27,-2.38,-2.87,-3.49,-4.18,-4.60,-4.80,-4.85,-4.74,-4.74,-4.95,-5.12,-5.19,-5.16,-5.33,-5.32,-5.39,-5.48,-5.48,-5.35,-5.19,-5.42,-5.13,-4.39,-2.46,-0.68,0.56,0.97,0.90,0.77,0.24,0.13,0.03,-0.81,-2.45,-3.91,-4.84,-5.17,-5.07,-5.01,-5.19,-4.95,-4.66,-4.54,-3.76,-2.36,-0.90,-0.44,-0.37,-0.17,-0.03,0.12,0.29,0.25,0.24,0.34,0.25,0.40,0.33,0.50,0.41,0.34,0.38,0.61,0.65,0.61,0.29,0.34,0.40,0.43,0.49,0.61,0.76,0.74,0.53,0.33,0.48,0.79,0.66,0.63,0.66,0.69,0.50,0.82,0.32,0.20,0.39,0.39,0.09,0.19,0.20,0.24,0.23,0.12,0.02,0.08,0.09,-0.12,-0.14,-0.11,-0.24,-0.26,-0.09,-0.01,-0.08,-0.16,-0.32,-0.37,-0.06,0.07,0.04,0.24,0.59,0.75,0.86,0.96,1.18,1.01,1.38,1.33,1.42,1.47,1.67,1.73,1.36,1.44,1.68,1.69,1.56,1.44,1.39,1.46,1.46,1.36,1.49,1.42,1.45,1.35,1.49,1.47,1.42,1.60,1.91,2.07,2.31,2.22,2.12,2.24,2.11,2.24,2.28,2.40,2.41,2.03,2.33,2.28,2.39
-1.24,-1.43,-1.43,-1.39,-1.76,-2.36,-2.82,-3.18,-3.50,-3.76,-3.91,-4.34,-4.59,-4.87,-5.00,-5.01,-5.07,-5.05,-5.40,-5.35,-5.46,-5.49,-5.20,-5.04,-5.31,-4.97,-4.07,-2.28,-0.62,0.58,1.03,0.91,0.81,0.35,0.27,0.09,-0.44,-1.64,-2.96,-3.76,-4.09,-4.08,-4.01,-4.12,-3.84,-3.61,-3.09,-2.48,-1.49,-0.53,-0.33,-0.22,0.01,0.15,0.17,0.09,-0.01,0.18,0.22,0.07,-0.04,0.22,0.24,0.46,0.39,0.29,0.37,0.50,0.39,0.27,0.17,0.02,0.29,0.48,0.33,0.45,0.58,0.45,0.56,0.60,0.51,0.58,0.38,0.56,0.55,0.48,0.45,0.25,0.07,0.03,0.14,0.23,-0.08,-0.07,0.04,0.20,0.10,-0.16,-0.11,0.04,-0.02,-0.17,-0.27,-0.16,-0.18,-0.12,0.01,-0.16,-0.21,-0.38,-0.42,-0.03,0.09,0.04,0.17,0.48,0.76,0.92,1.28,1.18,1.25,1.11,1.13,1.51,1.40,1.45,1.58,1.34,1.19,1.57,1.53,1.68,1.61,1.58,1.62,1.58,1.42,1.27,1.53,1.39,1.47,1.62,1.57,1.56,1.79,2.13,2.09,2.37,2.40,2.26,2.24,2.34,2.41,2.41,2.43,2.36,2.20,2.42,2.39,2.53
-0.95,-1.05,-1.10,-1.08,-1.34,-1.72,-1.88,-2.05,-2.15,-2.29,-2.86,-3.21,-3.96,-4.47,-4.72,-4.84,-4.84,-4.66,-4.83,-5.07,-5.21,-5.19,-5.13,-5.15,-5.31,-4.47,-3.90,-2.00,-0.14,0.85,1.08,0.92,0.71,0.32,0.20,0.22,-0.13,-0.83,-1.81,-2.47,-2.70,-2.73,-2.64,-3.00,-2.63,-2.11,-1.72,-1.27,-1.02,-0.37,-0.09,-0.17,-0.12,0.17,0.27,0.01,-0.04,-0.02,0.06,0.06,-0.13,-0.02,0.32,0.33,0.29,0.22,0.06,0.10,0.32,0.10,0.15,0.17,0.20,0.34,0.35,0.34,0.41,0.43,0.35,0.40,0.34,0.27,0.33,0.33,0.59,0.43,0.48,0.40,0.03,0.20,0.24,0.24,-0.01,-0.16,-0.11,0.02,0.12,0.08,-0.06,-0.12,-0.02,-0.11,-0.42,-0.08,-0.06,-0.23,0.02,-0.07,-0.12,-0.34,-0.27,0.08,0.19,0.09,0.24,0.64,0.88,0.87,1.06,1.25,1.41,1.39,1.45,1.49,1.57,1.78,1.77,1.42,1.27,1.71,1.83,1.89,1.73,1.79,1.80,1.66,1.50,1.47,1.45,1.55,1.47,1.42,1.51,1.61,1.69,1.89,2.25,2.58,2.48,2.25,2.20,2.36,2.51,2.45,2.36,2.35,2.45,2.52,2.30,2.58
-0.86,-0.86,-0.96,-1.01,-0.88,-1.16,-1.27,-1.25,-1.24,-1.36,-1.85,-2.05,-3.04,-3.90,-4.37,-4.63,-4.58,-4.14,-4.28,-4.35,-4.49,-4.74,-4.74,-4.62,-4.21,-4.17,-3.31,-1.67,-0.09,0.76,0.92,0.80,0.70,0.32,0.19,0.25,0.07,-0.38,-0.96,-1.48,-1.68,-1.68,-1.72,-1.97,-1.64,-1.27,-1.16,-0.71,-0.72,-0.41,-0.18,-0.03,0.18,0.34,0.34,0.14,0.03,0.20,0.37,0.07,-0.13,-0.29,-0.02,0.29,0.17,0.19,0.17,0.20,0.25,0.18,0.18,0.10,0.15,0.20,0.32,0.55,0.45,0.34,0.33,0.38,0.35,0.43,0.25,0.35,0.45,0.43,0.61,0.50,0.20,0.28,0.14,0.04,0.02,-0.06,-0.02,0.04,0.19,0.33,0.34,0.18,0.01,-0.23,-0.47,-0.31,-0.18,-0.18,-0.01,-0.11,-0.03,-0.08,-0.17,0.13,0.28,0.25,0.49,0.90,1.06,1.02,1.09,1.25,1.44,1.30,1.29,1.60,1.73,1.79,1.69,1.47,1.47,1.66,1.83,1.79,1.79,1.91,1.78,1.56,1.56,1.67,1.51,1.72,1.41,1.22,1.38,1.64,1.85,2.02,2.17,2.55,2.33,2.20,2.19,2.13,2.60,2.51,2.47,2.46,2.46,2.58,2.58,2.78
-0.96,-0.76,-0.57,-0.71,-0.63,-1.00,-1.03,-0.92,-0.83,-0.91,-1.16,-1.50,-2.39,-3.35,-3.99,-4.26,-4.41,-4.24,-4.26,-4.12,-4.17,-4.43,-4.03,-3.58,-3.35,-3.40,-2.74,-1.41,-0.16,0.63,0.91,0.72,0.63,0.44,0.23,0.23,0.20,-0.24,-0.68,-0.95,-1.29,-1.31,-1.41,-1.68,-1.24,-0.85,-1.12,-0.62,-0.44,-0.14,0.10,0.12,0.12,0.18,0.27,0.24,0.09,0.04,0.04,-0.02,-0.17,0.07,0.02,0.15,0.22,0.17,0.14,0.28,0.28,0.25,0.20,0.15,0.33,0.44,0.44,0.56,0.43,0.30,0.43,0.40,0.46,0.39,0.23,0.23,0.50,0.41,0.45,0.41,0.15,0.14,0.12,0.14,0.15,-0.02,0.13,0.27,0.32,0.30,0.19,0.08,0.03,-0.18,-0.43,-0.32,-0.36,-0.17,-0.01,0.14,-0.07,0.02,-0.17,0.12,0.40,0.37,0.59,0.91,0.98,1.00,1.07,1.25,1.36,1.30,1.36,1.78,1.80,1.80,1.71,1.47,1.40,1.58,1.88,1.82,1.88,1.84,1.52,1.39,1.51,1.62,1.61,1.63,1.35,1.29,1.50,1.69,1.90,2.23,2.45,2.19,2.25,2.43,2.52,2.45,2.51,2.57,2.62,2.51,2.45,2.59,2.86,2.86
-0.85,-0.76,-0.71,-0.71,-0.68,-0.81,-0.85,-0.77,-0.72,-0.64,-0.87,-1.27,-1.99,-2.79,-3.47,-3.73,-3.60,-3.39,-3.13,-2.91,-2.92,-3.22,-3.05,-2.75,-2.78,-2.36,-2.00,-1.11,-0.08,0.53,0.87,0.81,0.58,0.55,0.25,0.22,0.22,-0.14,-0.62,-0.93,-1.22,-1.43,-1.44,-1.22,-1.57,-0.95,-0.88,-0.64,-0.33,-0.06,0.04,0.10,0.22,0.14,0.10,0.08,0.06,0.03,0.06,-0.09,-0.29,-0.07,0.17,0.19,0.09,0.09,0.07,0.25,0.28,0.32,0.20,0.09,0.33,0.50,0.43,0.49,0.48,0.39,0.34,0.40,0.41,0.30,0.19,0.10,0.28,0.50,0.33,0.23,0.23,0.29,0.15,-0.07,-0.04,-0.08,0.08,0.20,0.17,0.17,0.08,-0.09,-0.04,0.01,-0.21,-0.36,-0.34,-0.31,-0.02,-0.02,-0.19,-0.11,-0.12,0.06,0.43,0.43,0.65,0.82,0.80,0.85,1.07,1.25,1.38,1.50,1.55,1.86,1.89,1.88,1.63,1.31,1.27,1.44,1.72,1.85,2.01,1.80,1.55,1.46,1.47,1.53,1.63,1.58,1.41,1.45,1.56,1.84,2.17,2.43,2.64,2.59,2.54,2.59,2.52,2.37,2.53,2.45,2.54,2.55,2.53,2.64,2.92,2.92
-0.69,-0.80,-0.93,-0.90,-0.71,-0.66,-0.66,-0.64,-0.57,-0.59,-0.80,-0.97,-1.64,-2.46,-2.73,-2.52,-2.59,-2.34,-2.50,-2.56,-2.34,-2.46,-2.42,-2.20,-2.16,-1.77,-1.45,-0.90,0.01,0.61,0.70,0.81,0.81,0.59,0.34,0.14,-0.01,-0.39,-0.87,-1.05,-1.19,-1.17,-1.30,-1.35,-1.27,-0.68,-0.34,-0.33,-0.23,-0.21,-0.07,0.18,0.17,0.04,0.19,0.04,-0.08,0.01,0.13,-0.17,-0.31,-0.17,0.25,0.14,0.04,-0.03,0.07,0.12,0.15,0.23,0.17,0.03,0.12,0.25,0.30,0.48,0.63,0.50,0.38,0.35,0.49,0.41,0.28,0.19,0.19,0.54,0.41,0.25,0.27,0.25,0.02,-0.02,0.12,0.02,0.10,0.18,0.10,0.09,0.15,0.04,-0.02,0.03,-0.18,-0.38,-0.47,-0.11,-0.02,-0.21,-0.28,-0.24,0.08,0.18,0.59,0.79,0.93,0.97,0.87,0.95,1.18,1.29,1.35,1.52,1.73,1.88,1.91,1.96,1.66,1.30,1.27,1.56,2.00,1.91,1.99,1.74,1.64,1.58,1.56,1.56,1.61,1.79,1.52,1.53,1.69,2.00,2.28,2.48,2.68,2.78,2.68,2.54,2.51,2.69,2.98,2.88,2.89,2.65,2.57,2.68,2.78,2.90
-0.67,-0.87,-0.91,-0.96,-0.71,-0.72,-0.76,-0.63,-0.44,-0.72,-0.82,-0.86,-1.45,-2.14,-2.04,-2.45,-2.13,-2.10,-2.23,-2.34,-2.27,-2.28,-2.16,-1.82,-1.87,-1.65,-1.40,-0.92,-0.08,0.72,0.80,0.71,0.72,0.35,0.14,0.02,-0.32,-0.68,-0.87,-1.15,-1.41,-1.22,-1.30,-1.31,-1.35,-0.71,-0.16,-0.06,-0.11,-0.09,0.10,0.28,0.13,0.02,0.08,-0.06,-0.14,-0.07,0.08,-0.23,-0.31,-0.21,0.08,0.02,0.01,-0.16,0.02,0.03,0.04,0.08,0.04,-0.03,0.02,0.17,0.28,0.43,0.60,0.61,0.49,0.35,0.60,0.56,0.38,0.32,0.22,0.48,0.46,0.40,0.12,0.14,0.06,0.09,0.15,0.14,0.24,0.32,0.28,0.23,0.33,0.25,0.02,-0.18,-0.38,-0.28,-0.27,-0.04,-0.19,-0.04,0.08,-0.06,0.10,0.48,0.54,0.60,0.86,1.01,1.01,1.12,1.33,1.39,1.33,1.56,1.88,1.86,2.00,2.01,1.64,1.45,1.44,1.56,1.91,1.79,1.88,1.51,1.55,1.66,1.68,1.62,1.66,1.74,1.44,1.53,1.79,2.00,2.23,2.49,2.70,2.76,2.59,2.41,2.48,2.63,2.60,2.55,2.65,2.55,2.51,2.55,2.63,2.69
-0.75,-0.86,-0.76,-0.86,-0.86,-0.95,-0.92,-0.67,-0.54,-0.68,-1.06,-1.17,-1.50,-2.07,-2.00,-2.20,-2.16,-2.11,-2.22,-2.34,-2.32,-2.24,-2.15,-1.73,-1.93,-1.79,-1.59,-1.17,-0.32,0.23,0.71,0.49,0.27,0.07,-0.18,-0.26,-0.42,-0.73,-1.02,-1.24,-1.35,-1.20,-1.05,-1.12,-1.03,-0.39,0.02,0.06,-0.07,0.02,0.25,0.25,0.09,-0.08,-0.13,-0.21,-0.26,-0.26,-0.16,-0.31,-0.24,-0.17,-0.03,0.02,-0.08,-0.21,-0.09,-0.01,-0.01,-0.01,-0.07,-0.06,0.12,0.29,0.33,0.33,0.40,0.55,0.33,0.32,0.48,0.48,0.38,0.35,0.15,0.43,0.40,0.46,-0.01,0.20,0.14,0.06,0.13,0.15,0.28,0.27,0.34,0.32,0.48,0.50,0.10,-0.29,-0.37,-0.28,-0.31,-0.11,-0.13,0.08,0.14,0.23,0.23,0.46,0.48,0.54,0.81,1.00,1.18,1.29,1.28,1.42,1.53,1.66,1.85,1.92,2.03,1.82,1.55,1.45,1.39,1.51,1.78,1.68,1.71,1.40,1.29,1.44,1.47,1.57,1.72,1.49,1.03,1.36,1.60,1.90,2.23,2.49,2.68,2.72,2.64,2.57,2.59,2.66,2.80,2.96,2.99,2.76,2.63,2.62,2.64,2.63
-0.67,-0.75,-0.76,-0.59,-0.58,-0.63,-0.59,-0.41,-0.67,-0.71,-0.76,-1.01,-1.51,-2.13,-2.06,-2.16,-2.19,-2.20,-2.29,-2.41,-2.33,-2.15,-2.09,-1.87,-2.00,-1.88,-1.69,-1.40,-0.64,-0.31,0.53,0.43,0.24,0.20,-0.12,-0.44,-0.67,-0.91,-1.20,-1.45,-1.32,-1.26,-1.02,-1.05,-0.77,-0.19,0.09,0.10,-0.04,-0.01,0.15,0.13,0.08,-0.14,-0.27,-0.31,-0.37,-0.38,-0.34,-0.37,-0.24,-0.19,0.09,0.09,-0.07,-0.14,-0.07,-0.07,-0.12,-0.08,-0.07,0.06,0.19,0.18,0.25,0.33,0.38,0.33,0.09,0.09,0.35,0.27,0.39,0.34,0.19,0.35,0.38,0.43,0.08,0.28,0.13,0.06,0.22,0.13,0.25,0.20,0.37,0.46,0.56,0.60,0.14,-0.31,-0.28,-0.29,-0.24,-0.12,0.02,0.22,0.14,0.27,0.27,0.66,0.65,0.75,0.92,1.00,1.18,1.24,1.25,1.51,1.66,1.51,1.73,1.96,2.00,1.64,1.50,1.42,1.38,1.52,1.75,1.50,1.52,1.55,1.40,1.73,1.77,1.78,1.88,1.79,1.34,1.57,1.67,1.97,2.28,2.48,2.59,2.77,2.78,2.82,2.82,2.92,3.08,3.13,3.16,2.98,2.76,2.66,2.74,2.86
-0.42,-0.52,-0.56,-0.56,-0.67,-0.75,-0.75,-0.67,-0.81,-0.68,-0.80,-1.14,-1.58,-2.05,-2.10,-2.02,-2.11,-2.18,-2.22,-2.27,-2.28,-2.10,-1.87,-1.81,-2.01,-1.93,-1.65,-1.58,-1.44,-0.83,-0.78,-0.69,-0.61,-0.41,-0.46,-0.64,-0.85,-1.08,-1.26,-1.45,-1.43,-1.14,-0.97,-0.83,-0.59,-0.17,0.10,0.08,0.02,0.03,0.08,0.10,0.04,-0.12,-0.28,-0.36,-0.26,-0.28,-0.28,-0.22,-0.42,-0.53,-0.11,-0.02,-0.06,-0.04,-0.04,0.04,-0.02,-0.12,-0.07,0.08,0.17,0.09,0.08,0.22,0.34,0.35,0.27,0.17,0.38,0.22,0.32,0.27,0.35,0.18,0.25,0.32,0.24,0.25,0.24,0.15,0.27,0.19,0.32,0.38,0.58,0.69,0.76,0.72,0.38,0.06,0.02,-0.07,-0.14,0.02,0.27,0.64,0.63,0.90,0.87,1.08,0.77,0.81,1.03,1.13,1.34,1.52,1.52,1.49,1.60,1.66,1.97,1.90,2.02,1.85,1.47,1.46,1.39,1.52,1.74,1.55,1.63,1.80,1.53,1.90,2.01,1.97,1.96,1.77,1.42,1.68,1.91,2.19,2.43,2.47,2.52,2.81,2.92,2.93,2.95,3.06,3.10,2.90,2.95,2.80,2.72,2.74,2.84,3.05
-0.57,-0.38,-0.51,-0.75,-0.87,-0.88,-0.86,-0.90,-0.81,-1.00,-1.16,-1.44,-1.85,-2.18,-2.25,-1.93,-1.99,-2.01,-1.91,-2.14,-2.20,-1.72,-1.60,-1.65,-1.83,-1.97,-2.01,-1.92,-1.57,-1.57,-1.29,-1.15,-1.19,-0.97,-0.85,-0.88,-0.96,-1.10,-1.26,-1.40,-1.40,-1.01,-0.77,-0.58,-0.49,-0.11,0.22,0.14,0.08,0.20,0.14,0.14,0.02,-0.19,-0.22,-0.36,-0.21,-0.26,-0.13,-0.12,-0.33,-0.39,-0.31,-0.01,0.08,-0.01,-0.07,-0.09,0.03,0.15,0.01,-0.09,0.13,0.29,0.28,0.37,0.39,0.30,0.19,0.14,0.10,0.07,0.27,0.44,0.29,0.12,0.30,0.38,0.09,0.15,0.33,0.35,0.37,0.30,0.54,0.65,0.81,0.95,1.09,1.04,0.84,0.65,0.55,0.38,0.13,0.22,0.40,1.02,1.22,1.50,1.35,1.41,1.04,1.04,1.25,1.40,1.42,1.30,1.33,1.50,1.49,1.68,2.08,1.84,1.79,1.80,1.44,1.33,1.25,1.42,1.73,1.74,1.75,1.75,1.62,1.99,2.07,2.05,2.00,1.78,1.49,1.66,1.96,2.23,2.42,2.60,2.74,2.77,3.02,2.93,2.88,2.98,2.95,2.75,3.00,2.89,2.80,2.86,2.99,3.06
-0.41,-0.17,-0.51,-0.69,-0.85,-0.97,-1.01,-1.07,-1.22,-1.40,-1.39,-1.59,-2.14,-2.36,-2.37,-2.09,-1.92,-1.85,-1.87,-2.04,-1.87,-1.44,-1.36,-1.39,-1.44,-1.65,-1.92,-1.95,-1.91,-1.64,-1.39,-1.39,-1.27,-1.15,-1.05,-1.00,-1.05,-1.19,-1.44,-1.41,-1.21,-0.83,-0.59,-0.43,-0.32,-0.02,0.28,0.22,0.14,0.22,0.06,0.02,-0.07,-0.26,-0.29,-0.38,-0.18,-0.26,0.07,-0.17,-0.13,-0.27,-0.22,0.03,0.10,0.02,-0.09,-0.08,0.03,0.06,-0.07,0.02,0.25,0.25,0.32,0.38,0.38,0.45,0.30,0.24,0.23,-0.07,0.10,0.08,0.23,0.33,0.41,0.53,0.07,0.32,0.30,0.30,0.43,0.41,0.66,0.77,0.97,1.17,1.31,1.33,1.22,1.15,1.07,0.79,0.43,0.22,0.39,0.98,1.35,1.47,1.28,1.57,1.15,1.29,1.25,1.45,1.53,1.46,1.51,1.60,1.52,1.68,1.82,1.80,1.85,1.97,1.40,1.18,1.22,1.45,1.73,1.80,1.77,1.72,1.68,1.99,1.92,1.99,1.96,1.83,1.84,2.02,2.01,2.14,2.29,2.52,2.74,2.84,2.78,2.89,2.83,2.88,2.89,2.90,3.12,2.87,2.81,3.01,3.22,3.17
-0.42,-0.31,-0.44,-0.67,-0.91,-1.10,-1.10,-1.22,-1.49,-1.62,-1.49,-1.58,-2.24,-2.24,-2.30,-2.15,-2.01,-1.95,-1.92,-1.85,-1.27,-0.98,-1.00,-1.32,-1.58,-1.65,-1.78,-2.06,-2.30,-1.76,-1.32,-1.32,-1.27,-1.06,-0.98,-1.10,-1.17,-1.24,-1.48,-1.35,-0.92,-0.67,-0.54,-0.34,-0.12,0.09,0.17,0.12,0.12,0.12,-0.01,-0.06,-0.18,-0.39,-0.21,-0.61,-0.28,-0.06,-0.08,-0.29,-0.03,-0.08,-0.04,0.12,-0.12,-0.18,-0.11,-0.18,-0.13,-0.09,-0.18,-0.13,0.07,0.20,0.14,0.43,0.63,0.64,0.24,0.01,0.37,0.38,0.27,0.25,0.39,0.50,0.74,0.50,0.28,0.45,0.40,0.49,0.41,0.32,0.53,0.64,0.90,1.06,1.30,1.44,1.47,1.56,1.51,1.12,0.46,0.10,0.41,0.77,1.17,1.27,1.14,1.39,1.24,1.31,1.13,1.27,1.38,1.34,1.40,1.58,1.61,1.62,1.75,2.01,1.78,1.83,1.28,1.13,1.35,1.68,1.83,1.79,1.82,1.89,1.75,1.90,1.88,2.01,1.84,1.60,1.67,1.92,2.25,2.13,2.47,2.84,2.95,2.86,2.96,2.59,2.89,2.84,2.87,3.07,3.10,2.81,2.87,3.13,3.25,3.17
-0.56,-0.51,-0.42,-0.54,-0.86,-1.16,-1.12,-1.29,-1.43,-1.55,-1.65,-1.74,-2.07,-2.02,-2.33,-2.30,-2.15,-2.10,-2.09,-1.55,-0.86,-0.39,-0.44,-0.90,-1.39,-1.60,-1.58,-1.67,-2.11,-1.73,-1.65,-1.46,-1.25,-1.05,-1.06,-1.26,-1.35,-1.26,-1.38,-1.21,-0.78,-0.68,-0.58,-0.31,-0.09,0.14,0.22,0.17,0.08,-0.01,-0.04,-0.26,-0.42,-0.44,-0.32,-0.64,-0.29,-0.13,-0.04,-0.08,-0.09,-0.22,-0.21,-0.07,-0.12,0.04,0.13,-0.07,-0.14,-0.02,0.02,-0.13,-0.16,0.17,0.46,0.46,0.23,0.28,0.17,-0.02,-0.03,-0.11,0.03,0.18,0.44,0.49,0.74,0.77,0.17,0.28,0.19,0.49,0.56,0.50,0.79,0.92,1.08,1.12,1.23,1.31,1.49,1.71,1.72,1.34,0.58,0.15,0.40,0.43,0.84,1.22,1.22,1.19,1.15,1.06,1.08,1.17,1.28,1.30,1.39,1.45,1.45,1.68,1.84,2.20,2.05,1.91,1.27,1.29,1.53,1.78,1.79,1.71,1.80,1.84,1.73,1.83,1.92,2.01,1.68,1.52,1.66,1.74,2.29,2.49,2.77,2.89,2.93,2.94,2.87,2.87,2.75,2.83,3.01,3.16,3.17,2.90,2.92,3.00,3.00,2.84
-0.76,-0.47,-0.42,-0.52,-0.82,-1.19,-1.24,-1.30,-1.41,-1.57,-1.77,-1.93,-2.00,-1.97,-2.05,-2.20,-2.30,-2.19,-1.81,-1.44,-0.52,-0.29,-0.18,-0.33,-0.71,-1.06,-1.38,-1.45,-1.76,-1.59,-1.67,-1.46,-1.11,-1.07,-1.25,-1.39,-1.41,-1.38,-1.36,-1.21,-0.90,-0.67,-0.56,-0.39,-0.24,0.08,0.20,0.03,-0.02,-0.03,0.02,-0.27,-0.32,-0.26,-0.27,-0.58,-0.43,-0.17,-0.24,-0.29,-0.03,-0.03,-0.08,-0.16,-0.18,-0.12,-0.11,-0.14,-0.11,-0.14,-0.22,-0.24,-0.26,-0.18,0.02,0.10,0.01,-0.04,-0.18,-0.21,-0.27,-0.28,-0.17,-0.21,0.07,0.28,0.44,0.55,0.24,0.24,0.40,0.61,0.49,0.65,0.92,1.14,1.20,1.14,1.23,1.42,1.63,1.68,1.61,1.45,0.91,0.39,0.30,-0.04,0.20,0.95,1.20,1.18,1.02,1.00,1.13,1.27,1.30,1.36,1.51,1.53,1.60,1.97,2.25,2.45,2.28,2.30,1.74,1.57,1.58,1.79,1.71,1.71,1.89,1.72,1.61,1.83,1.92,1.95,1.53,1.47,1.71,1.77,2.22,2.70,2.74,2.82,2.82,2.76,2.87,2.54,2.64,2.96,3.07,2.96,2.88,2.65,2.55,2.70,2.66,2.52
-0.85,-0.44,-0.48,-0.61,-0.82,-1.22,-1.38,-1.46,-1.68,-1.82,-1.82,-1.68,-1.62,-1.92,-1.96,-2.05,-2.14,-1.99,-1.59,-0.95,-0.31,0.09,0.09,-0.04,-0.31,-0.75,-1.22,-1.40,-1.55,-1.50,-1.65,-1.50,-1.26,-1.22,-1.35,-1.40,-1.39,-1.44,-1.14,-1.19,-0.96,-0.66,-0.43,-0.43,-0.14,0.17,0.23,0.18,-0.01,-0.09,-0.14,-0.26,-0.19,-0.39,-0.32,-0.16,-0.47,-0.18,0.04,-0.18,-0.16,-0.18,-0.09,-0.12,-0.28,-0.23,-0.06,-0.13,-0.34,-0.54,-0.58,-0.54,-0.54,-0.26,-0.17,-0.34,-0.54,-0.54,-0.73,-0.63,-0.37,-0.24,-0.31,-0.02,0.14,0.51,0.79,0.71,0.46,0.46,0.61,0.72,0.90,0.88,0.88,1.24,1.39,1.25,1.28,1.45,1.55,1.63,1.75,1.67,1.20,0.66,0.48,-0.21,-0.24,0.37,0.84,1.22,1.00,1.03,1.18,1.27,1.27,1.36,1.69,2.19,2.60,2.94,3.40,3.47,3.66,3.31,2.57,1.66,1.47,1.64,1.73,1.77,1.82,1.75,1.58,1.82,1.92,1.96,1.41,1.35,1.64,1.85,2.25,2.71,2.81,3.04,2.94,2.77,2.93,2.71,2.63,2.78,2.77,2.71,2.70,2.64,2.57,2.65,2.57,2.48
-0.68,-0.53,-0.59,-0.63,-0.69,-1.12,-1.44,-1.74,-1.83,-1.71,-1.55,-1.59,-1.31,-1.58,-1.81,-2.01,-2.04,-1.73,-1.27,-0.68,-0.04,0.30,0.48,0.48,0.23,-0.41,-1.16,-1.22,-1.54,-1.51,-1.69,-1.65,-1.60,-1.50,-1.36,-1.49,-1.38,-1.35,-0.98,-1.05,-1.02,-0.86,-0.57,-0.42,-0.18,-0.04,0.03,0.07,-0.23,-0.13,-0.26,-0.47,-0.33,-0.33,-0.53,-0.49,-0.37,-0.44,-0.29,-0.37,-0.29,-0.32,-0.23,-0.41,-0.37,-0.28,-0.32,-0.36,-0.36,-0.41,-0.47,-0.57,-0.57,-0.28,-0.19,-0.12,-0.19,-0.24,-0.47,-0.39,-0.52,-0.38,-0.33,0.01,0.34,0.58,0.76,0.85,0.51,0.74,0.70,0.84,0.90,0.96,1.00,1.28,1.34,1.20,1.31,1.28,1.46,1.77,1.83,1.75,1.46,0.97,0.53,0.07,-0.11,-0.01,0.28,1.17,1.04,1.04,1.23,1.20,1.22,1.40,2.00,3.48,4.95,5.45,5.71,6.20,6.38,5.58,3.41,1.67,1.36,1.41,1.53,1.68,1.68,1.57,1.69,1.88,1.69,1.80,1.42,1.45,1.67,1.88,2.41,2.76,2.82,2.98,3.00,2.88,2.66,2.54,2.60,2.63,2.69,2.66,2.40,2.12,2.35,2.47,2.36,2.24
-0.44,-0.42,-0.54,-0.57,-0.48,-0.97,-1.38,-1.51,-1.46,-1.26,-1.05,-0.93,-0.75,-1.02,-1.40,-1.62,-1.62,-1.35,-0.83,-0.62,0.10,0.69,0.92,0.95,0.71,-0.06,-0.80,-1.00,-1.38,-1.50,-1.59,-1.58,-1.60,-1.50,-1.29,-1.49,-1.49,-1.43,-1.20,-1.11,-1.05,-0.96,-0.83,-0.83,-0.59,-0.19,0.08,0.14,-0.08,-0.17,-0.27,-0.29,-0.48,-0.61,-0.66,-0.39,-0.34,-0.44,-0.37,-0.39,-0.44,-0.32,-0.31,-0.42,-0.34,-0.36,-0.41,-0.28,-0.36,-0.53,-0.44,-0.38,-0.32,-0.23,-0.43,-0.42,-0.42,-0.47,-0.49,-0.31,-0.23,-0.26,-0.27,0.15,0.32,0.69,0.91,0.86,0.45,0.86,0.81,0.81,0.92,1.00,1.07,1.17,1.27,1.33,1.31,1.24,1.55,1.82,1.73,1.75,1.88,1.79,1.23,0.35,-0.26,-0.09,0.28,0.97,1.23,1.25,1.18,1.17,1.15,1.38,2.31,4.49,6.85,8.04,8.22,8.41,8.50,6.58,3.57,1.71,1.50,1.50,1.42,1.51,1.62,1.63,1.78,2.01,1.58,1.80,1.27,1.41,1.71,1.94,2.52,2.93,2.74,2.81,2.89,2.65,2.25,2.13,2.30,2.35,2.33,2.28,2.20,2.07,2.26,2.47,2.31,2.25
-0.62,-0.26,-0.21,-0.48,-0.66,-0.51,-1.06,-1.20,-1.01,-0.77,-0.67,-0.68,-0.72,-0.91,-1.27,-1.46,-1.35,-1.15,-0.61,-0.51,0.03,0.72,1.03,1.04,0.95,0.25,-0.36,-0.78,-1.12,-1.38,-1.62,-1.63,-1.51,-1.39,-1.32,-1.41,-1.45,-1.44,-1.34,-1.27,-1.05,-0.87,-0.92,-1.11,-0.81,-0.13,0.18,0.08,-0.21,-0.32,-0.28,-0.28,-0.59,-0.54,-0.49,-0.67,-0.43,-0.58,-0.43,-0.52,-0.53,-0.33,-0.34,-0.33,-0.13,0.12,0.19,0.09,-0.11,-0.27,-0.22,-0.26,-0.26,-0.16,-0.11,-0.17,-0.09,-0.18,-0.29,0.02,0.19,0.35,0.53,0.66,0.77,1.15,1.15,0.98,0.65,1.04,1.09,1.14,1.01,1.13,1.33,1.69,1.62,1.56,1.52,1.73,1.96,1.94,1.94,1.92,1.96,1.94,1.52,0.91,-0.06,0.01,0.28,0.97,1.25,1.15,1.02,1.09,1.17,1.44,2.28,4.19,6.46,7.94,8.48,8.64,8.29,5.53,2.80,1.83,1.60,1.51,1.51,1.52,1.50,1.49,1.53,1.94,1.97,2.03,1.51,1.73,1.92,2.08,2.62,3.04,2.86,2.84,2.64,2.34,2.12,2.03,2.11,2.29,2.26,2.26,2.24,2.11,2.37,2.33,2.23,2.24
-0.69,-0.47,-0.28,-0.38,-0.48,-0.57,-0.76,-0.80,-0.78,-0.77,-0.68,-0.69,-0.62,-0.80,-1.02,-1.21,-1.22,-1.05,-0.59,-0.38,-0.02,0.34,0.71,0.98,1.03,0.51,-0.28,-0.78,-1.24,-1.48,-1.51,-1.58,-1.53,-1.36,-1.35,-1.32,-1.45,-1.53,-1.24,-1.46,-1.20,-1.22,-1.11,-0.91,-0.63,-0.22,0.08,-0.02,-0.41,-0.47,-0.58,-0.33,-0.49,-0.41,-0.48,-0.64,-0.49,-0.38,-0.18,-0.28,-0.33,-0.08,0.12,0.38,0.56,0.88,1.19,1.06,0.63,0.24,0.08,-0.02,-0.08,-0.02,0.08,-0.03,0.17,0.23,-0.02,0.38,0.53,0.86,1.40,1.46,1.30,1.38,1.24,1.06,0.79,1.12,1.13,1.23,1.31,1.31,1.42,1.79,1.77,1.78,1.75,1.82,2.03,2.06,1.92,1.75,1.92,2.31,2.14,1.14,0.12,0.17,-0.07,0.97,1.11,1.12,1.06,1.22,1.42,1.58,1.90,2.95,4.25,5.60,6.85,7.30,6.17,3.86,2.14,1.74,1.60,1.51,1.67,1.74,1.62,1.61,1.77,1.79,1.90,2.33,1.75,1.83,1.96,2.18,2.62,2.92,2.94,2.78,2.46,2.24,2.19,2.19,2.09,2.25,2.19,2.12,2.09,2.14,2.26,2.26,2.36,2.51
-0.39,-0.37,-0.27,-0.23,-0.52,-0.28,-0.42,-0.52,-0.63,-0.75,-0.75,-0.75,-0.69,-0.88,-1.00,-1.07,-1.19,-0.98,-0.59,-0.44,-0.32,-0.31,-0.04,0.51,0.61,0.10,-0.11,-0.95,-1.25,-1.46,-1.41,-1.39,-1.41,-1.35,-1.48,-1.65,-1.26,-1.29,-0.95,-1.32,-1.15,-0.76,-0.49,-0.39,-0.36,-0.23,-0.06,-0.06,-0.21,-0.09,-0.46,-0.46,-0.38,-0.36,-0.14,-0.27,-0.26,0.04,0.41,0.61,0.58,0.70,1.04,1.52,1.61,1.72,1.83,1.64,1.25,0.79,0.49,0.34,0.20,0.22,0.18,0.23,0.28,0.37,0.14,0.80,1.29,1.66,1.72,2.02,1.83,1.63,1.44,1.25,1.03,1.22,1.34,1.28,1.52,1.72,1.64,1.82,2.01,2.02,2.08,2.06,2.14,2.14,2.00,1.80,1.91,2.01,1.63,1.12,0.18,0.33,0.06,0.90,1.03,1.23,1.04,1.55,1.53,1.35,1.67,1.94,2.45,3.60,4.95,5.43,4.17,2.84,1.90,1.50,1.72,1.90,1.99,1.82,1.57,1.56,1.74,1.74,2.08,2.14,1.68,1.97,2.14,2.23,2.49,2.72,2.75,2.54,2.34,2.13,2.11,2.20,2.05,2.18,2.11,2.11,2.17,2.23,2.29,2.23,2.35,2.47
-0.54,-0.56,-0.44,-0.27,-0.46,-0.49,-0.53,-0.48,-0.52,-0.66,-0.66,-0.82,-0.77,-0.87,-0.95,-1.00,-1.15,-0.96,-0.63,-0.63,-0.97,-1.19,-1.05,-0.71,-0.41,-0.54,-0.37,-0.73,-1.22,-1.40,-1.35,-1.27,-1.32,-1.45,-1.54,-1.06,-1.05,-1.00,-0.93,-1.24,-1.29,-1.02,-0.69,-0.36,-0.16,-0.12,-0.06,0.10,-0.03,-0.34,-0.17,-0.22,-0.13,-0.12,0.14,0.19,0.37,0.51,1.08,1.45,1.49,1.57,1.88,2.29,2.29,2.23,2.24,2.06,1.96,1.72,1.51,1.19,0.60,0.46,0.28,0.43,0.34,0.39,0.29,1.00,1.77,2.28,1.97,2.16,1.99,1.82,1.62,1.42,1.18,1.40,1.40,1.41,1.71,1.75,1.71,1.68,1.80,2.11,2.11,2.07,2.25,2.14,1.92,1.75,1.83,2.12,2.06,1.42,0.37,0.43,0.19,0.82,1.15,1.15,0.79,1.57,1.45,1.33,1.53,1.60,1.83,2.46,3.25,3.69,3.18,2.40,1.96,1.67,2.17,2.30,2.23,2.07,1.94,1.85,1.84,1.86,2.03,2.11,1.62,1.75,1.78,2.09,2.60,2.62,2.54,2.19,1.97,1.91,1.96,1.99,1.88,2.20,2.18,2.19,2.20,2.24,2.34,2.19,2.11,2.16
-0.52,-0.47,-0.41,-0.42,-0.41,-0.46,-0.58,-0.57,-0.59,-0.73,-0.67,-1.05,-0.81,-0.76,-0.90,-1.00,-1.08,-1.03,-0.83,-0.76,-0.91,-1.11,-1.15,-0.96,-0.59,-0.71,-0.71,-1.05,-1.57,-1.41,-1.16,-1.29,-1.35,-1.20,-1.01,-1.07,-0.97,-0.83,-0.75,-0.95,-0.97,-0.97,-0.80,-0.51,-0.27,-0.13,-0.07,0.06,-0.02,-0.03,0.19,0.10,0.09,0.17,0.51,0.64,0.74,0.97,1.53,1.95,2.16,2.23,2.42,2.71,2.84,3.01,2.93,2.57,2.53,2.63,2.51,2.13,1.40,0.90,0.69,0.56,0.55,0.61,0.49,0.91,1.66,2.42,2.11,2.08,1.89,1.94,1.75,1.66,1.29,1.47,1.67,1.53,1.71,1.79,1.83,2.06,2.11,2.08,2.22,2.39,2.54,2.45,2.03,1.79,1.99,2.06,1.92,1.53,0.58,0.34,0.15,0.72,1.15,0.91,0.69,1.19,1.11,1.14,1.29,1.40,1.58,1.95,2.24,2.45,2.70,2.45,2.48,2.68,2.92,3.05,2.52,2.34,2.12,1.89,1.96,1.86,1.94,1.90,1.71,1.69,1.62,1.90,2.37,2.40,1.94,2.05,1.80,1.63,1.72,1.90,1.85,2.26,2.29,2.17,2.11,2.18,2.26,2.11,2.03,2.00
-0.56,-0.46,-0.44,-0.52,-0.37,-0.52,-0.63,-0.68,-0.75,-0.86,-0.85,-1.24,-0.90,-0.83,-1.08,-1.34,-1.24,-1.22,-1.08,-0.98,-1.03,-1.11,-1.10,-1.02,-0.80,-0.85,-0.87,-1.11,-1.30,-1.25,-1.05,-1.07,-1.26,-0.93,-0.72,-0.91,-0.63,-0.46,-0.58,-0.66,-0.76,-0.68,-0.56,-0.52,-0.48,-0.38,-0.24,-0.08,0.07,0.12,0.18,0.30,0.25,0.28,0.70,0.75,0.82,1.04,1.62,2.28,2.76,2.76,2.76,3.04,3.32,3.54,3.44,3.04,2.99,3.14,3.13,2.94,2.59,2.28,2.20,1.46,1.03,0.82,0.59,0.67,1.57,2.42,2.25,2.16,1.89,2.13,1.85,1.62,1.35,1.58,2.14,1.95,1.90,2.22,2.58,2.51,2.82,3.00,3.16,3.46,3.61,3.52,2.88,2.09,1.86,1.91,1.71,1.15,0.45,0.28,0.40,0.51,1.13,0.86,0.70,1.31,1.01,0.88,1.13,1.27,1.33,1.61,2.02,2.43,2.99,3.29,3.53,4.06,4.07,4.26,3.47,2.93,2.34,1.90,1.86,1.72,1.80,1.63,1.58,1.55,1.60,2.01,2.39,2.34,2.19,1.88,1.62,1.57,1.74,1.94,2.02,2.43,2.36,2.19,2.06,2.06,2.13,2.09,2.03,2.02
-0.41,-0.43,-0.41,-0.36,-0.46,-0.49,-0.62,-0.68,-0.75,-0.92,-1.00,-1.08,-0.93,-0.92,-1.16,-1.38,-1.19,-1.16,-1.08,-0.98,-1.05,-1.26,-1.30,-0.91,-1.15,-1.11,-0.67,-1.02,-1.32,-1.38,-1.14,-0.91,-0.96,-0.86,-0.91,-0.78,-0.64,-0.66,-0.59,-0.69,-0.75,-0.63,-0.51,-0.46,-0.47,-0.36,-0.14,-0.12,0.07,0.01,0.23,0.30,0.49,0.53,0.58,0.64,0.80,0.96,1.47,2.34,2.99,2.96,2.89,3.24,3.56,3.73,3.96,4.07,4.31,4.78,5.26,5.78,6.09,6.39,6.00,3.78,2.00,0.96,0.59,0.72,1.47,2.36,2.33,2.17,1.89,2.00,1.75,1.46,1.39,1.95,2.89,3.14,3.19,3.42,3.81,3.65,4.02,4.47,4.69,5.04,5.05,5.01,3.94,2.41,1.91,1.90,1.62,1.18,0.58,0.18,0.25,0.46,1.13,0.91,0.72,0.98,0.91,1.15,1.33,1.19,1.41,2.12,2.88,3.62,4.44,4.89,5.17,5.57,6.01,6.23,5.47,4.31,3.02,2.12,1.79,1.57,1.58,1.42,1.28,1.36,1.66,1.97,2.11,2.07,2.06,1.71,1.61,1.69,1.82,1.83,1.80,2.22,2.01,1.79,1.79,1.95,2.09,2.13,1.86,1.96
-0.52,-0.57,-0.49,-0.48,-0.47,-0.38,-0.59,-0.75,-0.73,-0.98,-1.05,-0.91,-0.90,-0.96,-1.07,-1.29,-1.31,-1.25,-1.25,-1.01,-0.93,-1.08,-1.08,-0.98,-0.98,-0.83,-0.93,-1.14,-1.20,-1.08,-0.93,-0.92,-0.95,-0.73,-0.90,-0.48,-0.46,-0.58,-0.46,-0.53,-0.63,-0.57,-0.52,-0.57,-0.56,-0.32,-0.03,-0.11,-0.03,0.02,0.27,0.15,0.41,0.53,0.51,0.58,0.70,0.92,1.51,2.23,2.86,3.07,3.77,5.16,6.18,6.97,7.94,8.68,9.57,10.84,12.25,13.87,15.10,15.20,12.76,8.02,2.95,1.11,0.59,1.12,1.34,2.17,2.02,1.95,1.69,1.72,1.58,1.50,1.47,2.31,3.75,4.43,4.55,4.80,4.95,4.64,4.85,5.16,5.38,5.87,6.04,6.00,4.51,2.41,1.80,1.92,1.61,1.06,0.50,0.33,0.28,0.56,1.04,0.84,0.65,1.01,0.76,0.75,1.23,1.33,1.95,2.96,3.99,5.22,6.44,7.04,7.44,7.78,8.32,8.86,7.70,6.02,4.11,2.51,1.67,1.40,1.24,1.25,1.38,1.19,1.60,2.03,2.20,2.13,2.05,1.82,1.72,1.62,1.67,1.84,1.95,2.09,1.92,1.91,1.95,1.97,2.02,1.92,1.75,1.77
-0.72,-0.78,-0.62,-0.83,-0.36,-0.42,-0.75,-0.96,-0.96,-1.05,-0.93,-1.03,-1.10,-1.06,-1.02,-1.07,-1.22,-1.08,-1.29,-1.32,-1.10,-0.92,-0.85,-0.78,-0.81,-1.15,-1.10,-0.95,-0.88,-0.78,-0.59,-0.52,-0.67,-0.46,-0.39,-0.39,-0.49,-0.47,-0.39,-0.28,-0.24,-0.39,-0.53,-0.49,-0.41,-0.26,0.01,-0.11,-0.08,0.03,0.06,0.17,0.29,0.50,0.61,0.53,0.69,0.96,1.58,2.30,2.80,3.47,5.86,9.39,11.70,13.17,14.69,15.66,16.74,18.41,20.36,22.21,23.47,22.98,18.79,11.03,2.74,1.01,0.64,1.19,1.33,2.07,1.92,1.85,1.51,1.72,1.50,1.52,1.51,2.30,3.91,4.96,5.08,5.35,5.29,4.89,4.94,5.21,5.45,5.93,6.29,6.02,4.20,2.16,1.51,1.61,1.50,1.09,0.61,0.15,0.30,0.40,1.00,0.88,0.61,0.98,0.74,0.79,1.17,1.33,2.05,3.78,5.67,7.13,8.17,8.81,9.34,9.51,9.59,10.26,9.17,7.41,5.22,3.01,1.77,1.57,1.28,1.30,1.28,1.15,1.67,2.30,2.53,2.26,1.97,1.83,1.80,1.72,1.94,2.11,1.94,1.97,1.85,2.19,2.11,1.86,1.92,2.23,1.74,1.72
-0.56,-0.80,-0.53,-0.61,-0.38,-0.49,-0.69,-0.86,-0.96,-1.14,-1.15,-1.06,-1.10,-1.16,-1.06,-1.06,-1.16,-1.20,-1.26,-1.26,-1.17,-1.11,-1.14,-1.16,-0.77,-0.90,-1.03,-0.86,-0.56,-0.41,-0.28,-0.09,-0.07,0.03,0.02,-0.22,-0.37,-0.34,-0.26,-0.16,-0.06,-0.16,-0.37,-0.32,-0.19,-0.23,0.06,-0.06,-0.09,-0.03,-0.04,0.29,0.35,0.51,0.61,0.59,0.84,1.07,1.51,2.26,2.71,3.77,7.63,12.56,15.49,17.12,18.51,19.21,19.88,21.10,22.81,23.93,24.69,23.97,20.36,10.35,2.18,0.82,0.77,0.90,1.29,2.25,1.96,1.69,1.38,1.56,1.46,1.44,1.41,2.42,4.00,5.03,5.25,5.28,5.21,5.01,4.80,5.22,5.59,6.02,6.21,5.71,3.96,2.13,1.39,1.31,1.29,1.02,0.63,0.28,0.22,0.29,0.87,0.87,0.70,1.07,0.95,0.85,1.23,1.74,3.08,5.39,7.70,9.25,10.10,10.59,10.55,10.11,10.03,10.38,9.85,8.30,5.97,3.59,2.31,2.13,1.74,1.41,1.12,1.30,1.82,2.40,2.57,2.35,2.05,1.73,1.75,1.66,1.88,2.05,1.92,2.17,1.86,1.83,1.73,1.69,1.68,1.61,1.78,1.57
-0.46,-0.73,-0.48,-0.39,-0.36,-0.44,-0.47,-0.54,-0.93,-0.77,-1.08,-1.05,-0.97,-1.07,-1.22,-1.15,-1.36,-1.32,-1.21,-1.19,-1.21,-1.20,-1.16,-1.05,-0.86,-1.02,-1.03,-0.80,-0.58,-0.49,-0.28,0.03,-0.01,0.20,0.17,-0.19,-0.33,-0.39,-0.12,0.01,-0.03,-0.06,-0.08,-0.14,-0.29,-0.23,0.08,-0.03,-0.09,-0.14,0.02,0.30,0.29,0.35,0.55,0.77,0.93,1.06,1.46,2.08,2.54,4.02,8.31,13.28,16.16,17.80,19.07,19.63,20.07,20.77,22.10,23.12,23.92,23.50,20.26,9.86,2.49,1.02,0.81,0.80,1.30,2.30,1.80,1.55,1.20,1.29,1.36,1.41,1.34,2.55,4.22,4.98,5.29,5.24,5.15,5.07,4.89,5.21,5.58,6.16,6.17,5.49,3.87,2.16,1.33,1.27,1.18,0.86,0.55,0.19,0.23,0.53,0.98,1.07,0.76,1.13,0.86,0.77,1.13,1.73,4.16,7.48,9.97,11.21,11.52,11.18,10.49,10.43,10.47,10.35,9.46,8.73,6.56,3.99,2.57,2.30,1.97,1.53,1.15,1.29,1.72,2.18,2.43,2.34,2.03,1.84,1.64,1.60,1.75,1.90,1.92,1.95,1.95,1.75,1.52,1.50,1.62,1.49,1.78,1.57
-0.66,-0.64,-0.47,-0.51,-0.43,-0.64,-0.82,-0.77,-0.56,-0.78,-0.95,-1.11,-1.12,-1.11,-1.15,-1.19,-1.24,-1.34,-1.25,-1.15,-1.14,-1.08,-1.08,-1.16,-1.06,-0.85,-1.08,-0.98,-0.69,-0.66,-0.63,-0.28,-0.13,0.01,0.04,-0.34,-0.36,-0.39,-0.13,-0.01,-0.07,-0.02,0.08,-0.02,-0.31,-0.11,0.18,0.13,-0.13,-0.18,-0.04,0.23,0.18,0.38,0.63,0.87,0.92,1.01,1.42,2.17,2.65,4.24,8.74,13.63,16.22,17.84,19.15,19.59,19.97,20.52,21.65,22.69,23.50,23.73,20.45,9.73,2.39,0.95,0.93,0.79,1.40,2.28,1.86,1.90,1.11,1.42,1.33,1.41,1.38,2.37,3.92,4.70,5.12,5.16,5.01,4.87,4.83,4.96,5.30,5.85,5.80,5.25,3.81,2.05,1.23,1.17,1.20,1.07,0.54,0.07,0.29,0.50,0.92,0.92,0.85,0.85,0.95,1.06,1.49,2.43,5.04,8.24,10.38,11.62,12.05,11.37,11.12,11.08,10.31,10.00,10.09,8.92,6.46,3.98,2.57,2.14,1.82,1.68,0.98,1.19,1.51,2.06,2.40,2.30,1.95,1.79,1.53,1.60,1.77,1.84,1.84,1.94,1.90,1.67,1.51,1.47,1.57,1.68,1.49,1.46
-0.42,-0.48,-0.32,-0.58,-0.49,-0.54,-0.61,-0.62,-0.71,-0.77,-0.93,-1.03,-0.98,-0.96,-1.17,-1.30,-1.21,-1.21,-1.16,-1.07,-1.05,-1.11,-1.10,-1.16,-1.10,-0.75,-0.90,-0.86,-0.61,-0.46,-0.44,-0.36,-0.09,-0.13,-0.17,-0.44,-0.32,-0.27,-0.14,-0.11,-0.16,-0.03,0.07,-0.09,-0.12,-0.06,0.24,0.29,-0.08,-0.11,0.06,0.19,0.12,0.35,0.66,0.88,1.04,0.98,1.34,2.11,2.46,4.06,8.83,13.81,16.37,18.01,19.20,19.63,20.01,20.34,21.05,21.72,23.10,23.92,20.75,10.49,3.17,1.06,0.85,0.82,1.42,2.16,1.94,1.91,1.23,1.36,1.39,1.33,1.33,2.30,3.69,4.37,4.81,4.87,4.82,4.62,4.55,4.77,5.11,5.46,5.40,5.01,3.77,2.18,1.36,1.27,1.30,1.09,0.58,0.20,0.28,0.37,0.85,0.82,1.03,1.03,0.90,0.98,1.41,2.36,6.01,9.69,11.65,12.53,12.87,12.70,12.09,10.99,10.88,10.85,10.82,9.15,6.89,4.37,2.77,2.25,1.75,1.42,0.97,1.24,1.64,2.22,2.43,2.26,1.99,1.74,1.63,1.68,1.80,1.84,1.88,2.03,1.89,1.72,1.52,1.46,1.52,1.58,1.42,1.60
-0.51,-0.64,-0.37,-0.54,-0.47,-0.56,-0.71,-0.76,-0.80,-0.66,-0.88,-0.86,-0.80,-0.86,-0.95,-1.16,-1.02,-1.07,-1.05,-0.95,-0.97,-1.08,-1.14,-1.12,-1.19,-0.98,-0.91,-0.75,-0.56,-0.42,-0.24,-0.36,0.01,-0.16,-0.26,-0.36,-0.19,-0.21,-0.09,-0.02,-0.12,-0.16,-0.07,-0.06,-0.09,0.08,0.24,0.20,0.13,-0.12,0.03,0.23,0.25,0.30,0.64,0.87,1.07,1.06,1.35,1.83,2.34,4.09,8.87,14.01,16.41,17.91,19.00,19.61,20.05,20.63,21.70,22.70,23.82,23.72,21.13,11.89,4.65,1.49,0.98,1.02,1.42,2.09,1.92,1.73,1.47,1.24,1.27,1.14,1.08,1.95,3.41,4.13,4.51,4.52,4.59,4.35,4.34,4.62,4.78,5.08,5.21,4.76,3.54,2.23,1.39,1.33,1.42,1.06,0.54,0.14,0.12,0.37,0.82,0.64,0.88,1.09,0.80,1.09,1.66,2.77,7.69,12.04,14.21,14.71,14.18,13.60,13.21,11.62,11.51,11.28,10.64,9.12,6.85,4.36,2.74,2.08,1.58,1.31,1.03,1.02,1.79,2.30,2.40,2.26,2.11,1.97,1.74,1.72,1.75,1.85,1.99,2.13,2.11,1.90,1.62,1.53,1.57,1.53,1.57,1.83
-0.61,-0.44,-0.21,-0.29,-0.28,-0.41,-0.61,-0.80,-0.77,-0.54,-0.77,-0.85,-0.86,-0.91,-0.81,-0.95,-0.90,-0.92,-0.85,-0.75,-0.90,-1.08,-1.10,-0.88,-1.08,-1.03,-0.91,-0.71,-0.59,-0.49,-0.22,-0.27,0.17,-0.12,-0.22,-0.14,-0.07,-0.09,0.01,0.09,-0.03,-0.13,-0.03,0.07,-0.04,0.24,0.28,0.20,0.22,-0.04,-0.03,0.12,0.41,0.37,0.69,0.91,1.03,1.03,1.35,1.77,2.24,4.00,8.78,14.13,16.50,18.00,19.23,19.74,20.37,21.54,22.91,23.72,24.19,23.90,21.44,12.62,6.44,1.95,1.23,1.19,1.30,2.31,1.99,1.69,1.36,1.27,1.22,1.18,0.87,1.88,3.24,3.90,4.47,4.43,4.34,4.09,4.11,4.30,4.41,4.56,4.98,4.59,3.36,2.13,1.35,1.29,1.42,1.07,0.49,0.13,0.15,0.54,0.96,0.75,0.74,1.11,0.77,1.02,1.67,3.24,8.80,13.43,15.75,16.41,15.44,13.72,12.94,12.00,11.80,10.70,9.77,8.63,6.15,3.67,2.29,1.79,1.45,1.24,0.98,1.18,1.61,2.22,2.51,2.40,2.20,2.20,1.74,1.72,1.75,1.79,1.94,2.24,2.20,1.86,1.57,1.49,1.55,1.68,1.66,1.72
-0.51,-0.39,-0.17,-0.42,-0.34,-0.39,-0.59,-0.71,-0.68,-0.77,-0.80,-0.86,-0.92,-0.91,-0.92,-0.98,-0.92,-0.81,-0.68,-0.72,-0.98,-1.10,-0.92,-0.85,-0.92,-0.85,-0.78,-0.68,-0.63,-0.47,-0.02,-0.19,0.04,-0.07,-0.18,-0.07,-0.06,-0.02,0.09,0.08,-0.12,-0.18,0.01,0.03,-0.16,-0.12,0.32,0.29,-0.07,-0.06,0.09,0.02,0.28,0.49,0.75,0.90,1.06,1.13,1.42,1.85,2.35,4.05,8.69,14.16,16.77,17.97,19.18,19.87,20.67,22.18,23.86,24.56,24.61,24.31,21.74,13.04,8.23,3.38,1.40,1.38,1.19,2.49,1.91,1.73,1.51,1.39,1.42,1.31,1.02,1.97,3.31,3.67,4.26,4.37,4.29,4.18,4.17,4.32,4.47,4.65,4.96,4.56,3.40,2.19,1.42,1.39,1.47,1.02,0.41,0.14,0.13,0.56,0.90,0.87,0.70,0.92,0.71,0.93,1.53,2.95,7.80,13.35,16.41,17.37,16.47,13.71,11.91,11.39,11.23,10.40,9.39,8.02,5.66,3.35,2.09,1.83,1.67,1.19,1.14,0.60,1.07,2.03,2.53,2.54,2.40,2.39,1.90,1.85,1.75,1.67,1.83,2.19,2.07,1.73,1.49,1.47,1.56,1.63,1.57,1.71
-0.38,-0.56,-0.38,-0.57,-0.31,-0.24,-0.52,-0.77,-0.81,-0.83,-0.78,-0.82,-0.85,-0.86,-1.06,-1.17,-1.01,-0.85,-0.72,-0.78,-1.07,-1.11,-0.82,-0.97,-0.83,-0.72,-0.78,-0.78,-0.67,-0.49,-0.17,-0.46,-0.51,-0.07,-0.14,-0.14,-0.14,-0.04,0.04,-0.02,-0.16,-0.23,-0.13,-0.02,-0.07,-0.09,0.17,0.24,-0.11,0.04,0.02,0.08,0.27,0.51,0.79,0.87,0.87,0.95,1.30,1.88,2.35,3.80,8.49,14.05,16.68,18.31,19.37,19.85,20.67,22.42,24.35,24.80,24.62,24.25,21.96,12.77,9.19,4.83,1.40,1.47,1.12,2.28,1.86,1.79,1.50,1.41,1.23,1.38,1.25,2.11,3.50,3.87,4.35,4.43,4.44,4.19,4.48,4.70,4.95,5.26,5.15,4.68,3.60,2.30,1.50,1.39,1.52,1.07,0.33,0.13,0.06,0.44,0.81,0.96,0.82,0.74,0.58,0.92,1.31,2.29,6.51,12.87,16.48,16.83,14.27,9.91,8.03,7.69,7.57,8.05,7.37,6.82,4.56,2.66,1.92,1.62,1.23,1.18,0.82,0.72,1.19,1.78,2.40,2.64,2.40,2.22,2.05,1.78,1.63,1.71,1.88,1.99,1.99,1.82,1.58,1.57,1.64,1.56,1.52,1.75
-0.38,-0.53,-0.36,-0.49,-0.37,-0.27,-0.44,-0.72,-0.72,-0.76,-0.82,-0.85,-0.85,-0.90,-1.01,-1.11,-0.91,-0.73,-0.71,-0.77,-0.90,-0.97,-0.78,-0.83,-0.75,-0.72,-0.75,-0.73,-0.62,-0.46,-0.36,-0.33,-0.49,-0.03,0.02,-0.23,-0.27,-0.11,0.01,-0.13,-0.28,-0.18,-0.09,-0.02,0.06,0.13,0.15,0.20,-0.06,0.01,0.08,0.20,0.28,0.34,0.63,0.77,0.76,0.72,1.02,1.72,2.41,3.88,8.39,13.92,16.64,18.22,19.42,19.86,20.63,22.66,24.58,24.93,24.72,24.43,21.65,13.31,10.13,5.92,1.80,1.35,0.98,2.25,1.77,1.62,1.56,1.40,1.30,1.31,1.38,2.11,3.77,4.39,4.92,4.94,4.95,4.55,4.83,5.10,5.24,5.56,5.33,4.96,3.87,2.43,1.60,1.44,1.52,1.17,0.53,0.25,0.07,0.37,0.84,0.95,0.81,0.84,0.64,0.79,1.15,1.86,5.60,12.03,15.19,13.33,10.18,7.77,4.44,4.58,5.07,5.05,5.58,4.80,3.84,2.88,2.25,1.91,1.57,1.19,0.55,0.65,1.13,1.69,2.14,2.26,2.23,2.37,2.08,1.95,1.75,1.74,1.86,2.00,1.92,1.92,1.71,1.61,1.64,1.67,1.56,1.68
-0.47,-0.58,-0.46,-0.48,-0.47,-0.47,-0.56,-0.66,-0.66,-0.71,-0.75,-0.77,-0.80,-0.90,-0.96,-0.77,-0.63,-0.46,-0.42,-0.54,-0.58,-0.66,-0.63,-0.59,-0.71,-0.87,-0.72,-0.53,-0.52,-0.53,-0.37,-0.43,-0.31,-0.21,-0.04,-0.13,-0.09,0.06,0.03,-0.09,-0.07,-0.02,0.01,-0.02,0.06,0.10,0.23,0.07,0.04,0.17,0.15,0.08,0.34,0.55,0.70,0.81,0.90,0.80,0.97,1.63,2.39,3.83,8.13,13.84,16.59,17.93,19.13,19.73,20.46,22.55,24.76,25.15,24.77,24.42,21.77,14.21,10.75,5.81,1.47,1.12,1.18,2.25,1.96,1.38,1.58,1.66,1.41,1.41,1.47,2.13,3.83,4.45,4.97,5.07,5.22,4.78,4.90,4.97,5.07,5.29,5.30,5.14,4.02,2.45,1.58,1.51,1.52,1.20,0.64,0.24,0.13,0.39,0.86,0.88,0.84,1.01,0.69,0.97,1.18,1.74,4.13,8.88,10.27,7.81,5.72,4.92,3.77,4.29,4.12,5.38,5.64,4.64,4.68,3.81,2.88,2.41,1.91,1.38,0.87,0.97,1.61,2.11,2.39,2.48,2.47,2.31,1.83,1.89,1.84,1.72,1.83,2.12,2.07,1.96,1.62,1.52,1.63,1.71,1.57,1.52
-0.58,-0.71,-0.56,-0.53,-0.48,-0.52,-0.58,-0.54,-0.68,-0.71,-0.62,-0.61,-0.68,-0.76,-0.96,-0.56,-0.43,-0.34,-0.21,-0.09,-0.19,-0.49,-0.34,-0.34,-0.42,-0.62,-0.67,-0.57,-0.51,-0.52,-0.44,-0.23,-0.19,-0.17,-0.04,0.19,0.23,0.17,0.14,0.14,0.01,-0.16,0.07,-0.11,-0.12,0.13,0.06,0.09,0.04,-0.01,0.19,0.15,0.12,0.27,0.48,0.69,0.79,0.86,1.11,1.67,2.36,3.65,7.83,13.52,16.43,17.71,18.96,19.81,20.59,22.60,24.92,25.09,24.62,24.33,21.78,13.64,9.70,4.54,1.28,1.24,1.06,2.02,1.72,1.51,1.61,1.58,1.39,1.57,1.47,2.16,3.61,4.36,4.94,5.11,5.18,4.80,4.68,4.92,5.23,5.37,5.32,5.10,3.99,2.42,1.56,1.42,1.42,1.08,0.50,0.20,0.20,0.49,0.85,0.86,0.88,0.91,0.69,1.09,1.18,1.56,2.54,4.77,5.29,4.42,3.99,4.22,4.68,5.56,5.74,6.67,6.63,6.15,6.03,5.23,4.20,3.26,2.35,1.53,0.84,1.44,1.74,2.23,2.48,2.53,2.35,1.89,1.71,1.86,1.86,1.83,1.94,2.20,2.28,2.02,1.63,1.62,1.77,1.77,1.56,1.46
-0.69,-0.77,-0.63,-0.58,-0.48,-0.42,-0.46,-0.47,-0.56,-0.63,-0.62,-0.63,-0.71,-0.77,-0.78,-0.61,-0.37,-0.36,-0.28,-0.07,-0.21,-0.33,-0.12,-0.26,-0.27,-0.46,-0.56,-0.49,-0.49,-0.51,-0.43,-0.13,-0.22,-0.21,-0.08,0.01,0.09,0.06,0.03,0.13,0.06,-0.11,0.08,0.01,-0.09,-0.04,-0.04,0.14,0.18,0.24,0.25,0.37,0.39,0.35,0.48,0.67,0.63,0.66,1.09,1.66,2.19,3.47,7.44,13.17,16.34,17.70,18.96,19.74,20.41,22.41,24.74,25.19,24.63,23.96,21.13,12.14,8.73,4.37,1.52,1.03,1.08,1.80,1.71,1.57,1.67,1.56,1.28,1.33,1.57,1.82,3.43,4.28,5.05,4.89,4.87,4.64,4.61,4.67,5.18,5.35,5.19,4.83,3.68,2.19,1.50,1.42,1.38,1.04,0.54,0.24,0.19,0.46,0.72,0.85,0.87,0.81,0.67,0.96,1.17,1.47,2.13,3.23,4.09,4.83,5.79,6.59,6.96,7.25,7.60,7.78,7.58,7.31,7.12,6.70,5.72,4.57,3.49,2.37,1.71,2.00,2.24,2.43,2.46,2.39,2.18,1.90,2.14,1.80,1.64,1.78,1.97,2.07,2.29,2.07,1.49,1.53,1.83,1.91,1.77,1.72
-0.62,-0.71,-0.67,-0.64,-0.51,-0.41,-0.51,-0.71,-0.48,-0.48,-0.52,-0.59,-0.68,-0.72,-0.80,-0.61,-0.51,-0.46,-0.37,-0.23,-0.28,-0.27,-0.39,-0.41,-0.53,-0.51,-0.38,-0.36,-0.49,-0.56,-0.31,-0.28,-0.36,-0.08,0.15,-0.02,-0.02,-0.17,-0.21,-0.03,-0.17,-0.24,-0.13,0.08,-0.08,-0.09,0.29,0.10,0.06,-0.01,0.22,0.18,0.29,0.40,0.40,0.64,0.79,0.74,1.14,1.79,2.16,3.17,6.73,12.12,15.85,17.74,19.04,19.71,20.58,22.49,24.53,25.02,24.65,23.43,19.80,10.37,8.96,5.14,1.60,0.97,1.14,1.67,1.73,1.47,1.62,1.44,1.27,1.29,1.46,1.80,3.22,4.22,4.83,4.77,4.71,4.49,4.75,4.74,5.04,5.23,5.10,4.68,3.54,2.16,1.46,1.33,1.20,0.92,0.40,0.06,0.22,0.32,0.66,0.77,0.76,0.71,0.86,0.95,1.55,2.40,3.57,5.15,6.43,7.55,8.50,8.88,8.74,8.55,8.16,7.93,7.85,7.57,7.65,7.44,7.23,6.73,5.65,4.43,3.59,3.46,3.32,3.00,2.78,2.71,2.64,2.46,2.09,1.89,1.73,1.77,1.95,2.07,1.95,1.89,1.71,1.44,1.56,1.88,1.84,1.99
-0.48,-0.49,-0.51,-0.53,-0.51,-0.44,-0.46,-0.83,-0.42,-0.54,-0.63,-0.62,-0.59,-0.53,-0.54,-0.63,-0.77,-0.68,-0.46,-0.29,-0.32,-0.06,-0.38,-0.39,-0.38,-0.36,-0.34,-0.43,-0.61,-0.63,-0.51,-0.36,-0.44,-0.22,0.09,-0.17,-0.18,0.06,0.17,0.08,-0.12,-0.19,-0.22,0.01,-0.01,0.09,0.33,0.19,-0.01,0.10,0.29,0.33,0.53,0.63,0.35,0.38,0.72,0.81,1.06,1.69,2.11,3.01,6.15,11.43,16.21,18.39,19.30,19.78,20.52,22.00,24.15,24.53,24.46,22.96,18.61,9.70,8.69,5.11,1.40,1.28,1.24,1.72,1.67,1.51,1.56,1.41,1.38,1.44,1.34,1.79,3.14,3.98,4.74,4.76,4.59,4.38,4.34,4.43,4.77,4.89,4.84,4.35,3.44,2.16,1.42,1.24,1.08,0.85,0.37,0.08,0.30,0.28,0.70,0.77,0.70,0.71,1.17,1.27,2.49,4.41,6.13,7.65,8.68,9.31,9.76,9.79,9.42,9.09,8.24,7.78,7.61,7.71,7.63,7.70,8.24,8.33,7.65,7.00,6.24,5.77,5.18,4.31,3.42,2.87,2.64,2.48,2.16,1.88,1.80,1.78,1.82,1.94,2.03,1.82,1.69,1.71,1.82,1.90,1.86,1.99
-0.54,-0.42,-0.41,-0.53,-0.51,-0.44,-0.51,-0.53,-0.64,-0.82,-0.82,-0.73,-0.64,-0.53,-0.67,-0.61,-0.63,-0.66,-0.58,-0.38,-0.34,-0.34,-0.36,-0.39,-0.34,-0.33,-0.38,-0.37,-0.26,-0.37,-0.29,-0.42,-0.36,-0.47,-0.28,-0.23,-0.16,-0.04,-0.09,-0.18,-0.09,-0.09,-0.04,-0.13,-0.21,-0.31,0.14,0.23,0.20,0.17,0.37,0.37,0.30,0.41,0.50,0.66,0.80,0.75,1.18,1.79,2.06,3.04,6.30,12.01,15.97,17.90,19.24,19.74,20.49,22.02,23.42,24.18,23.80,22.71,19.95,11.61,8.91,5.58,1.61,1.44,1.36,2.01,1.62,1.42,1.71,1.45,1.66,1.44,1.33,1.86,2.95,3.60,4.19,4.31,4.20,4.16,4.06,4.24,4.50,4.48,4.54,4.09,3.35,2.18,1.42,1.20,1.06,0.80,0.46,0.28,0.19,0.22,0.70,0.81,0.86,1.06,1.56,2.34,4.31,6.07,7.60,8.54,9.04,9.40,9.91,10.24,9.88,9.49,8.40,7.89,7.45,7.62,7.60,7.96,8.60,8.95,8.78,8.40,8.19,7.57,7.06,5.89,4.62,3.57,2.94,2.49,1.97,1.86,1.75,1.73,1.84,2.02,2.13,1.79,1.62,1.66,1.77,1.80,1.79,2.00
-0.51,-0.44,-0.23,-0.37,-0.46,-0.52,-0.67,-0.59,-0.63,-0.80,-0.73,-0.59,-0.63,-0.61,-0.87,-0.76,-0.69,-0.61,-0.61,-0.73,-0.59,-0.56,-0.37,-0.54,-0.61,-0.58,-0.57,-0.61,-0.56,-0.39,-0.31,-0.34,-0.23,-0.19,-0.26,-0.38,-0.06,0.12,-0.13,-0.21,-0.13,-0.28,-0.14,-0.27,-0.11,-0.26,0.02,0.01,-0.01,0.15,0.12,0.10,0.18,0.40,0.46,0.59,0.86,1.01,1.45,2.07,2.17,2.99,6.71,12.62,15.94,17.49,19.18,20.02,20.52,21.82,22.76,23.24,23.10,22.48,20.00,12.32,8.77,5.38,1.83,1.44,1.39,1.71,1.62,1.34,1.79,1.51,1.68,1.46,1.30,1.86,2.77,3.42,3.97,4.45,4.28,4.29,4.09,4.06,4.07,4.18,4.41,4.00,3.22,2.20,1.38,1.07,1.01,0.77,0.41,0.39,0.35,0.24,0.69,0.65,0.93,1.56,2.78,4.49,6.22,6.76,7.60,8.30,8.65,9.15,10.02,10.55,10.23,9.75,8.71,7.97,7.54,7.42,7.47,7.98,8.63,9.01,8.97,8.81,8.76,8.10,7.81,6.92,5.75,4.56,3.49,2.69,2.14,2.20,1.86,1.83,2.02,2.14,1.88,1.96,1.77,1.73,1.73,1.75,1.90,1.71
-0.03,-0.04,-0.16,-0.29,-0.43,-0.58,-0.63,-0.47,-0.68,-0.51,-0.43,-0.53,-0.58,-0.41,-0.62,-0.85,-0.77,-0.59,-0.38,-0.18,-0.22,-0.43,-0.56,-0.42,-0.54,-0.62,-0.43,-0.26,-0.42,-0.58,-0.26,-0.52,-0.16,-0.12,-0.02,-0.11,-0.18,-0.08,0.02,0.01,-0.11,-0.18,-0.07,-0.24,-0.16,-0.16,0.15,0.10,0.25,0.08,0.07,0.27,0.37,0.41,0.58,0.72,0.87,1.12,1.67,2.20,2.12,2.82,6.67,12.69,15.94,17.66,19.02,19.61,20.21,21.03,22.06,22.62,22.25,22.25,19.92,11.96,8.72,5.15,1.90,1.64,1.41,1.61,1.25,1.30,1.25,1.27,1.35,1.51,1.47,1.45,2.80,3.72,4.07,4.37,4.12,3.94,4.10,4.10,4.06,4.36,4.41,3.92,3.48,2.45,1.45,1.08,1.08,0.91,0.34,0.20,0.48,0.48,0.81,0.70,1.50,2.68,4.50,6.43,7.10,7.08,7.57,7.96,8.36,9.14,10.02,10.44,10.26,9.86,9.05,8.29,7.82,7.53,7.57,7.87,8.43,8.73,8.68,8.84,8.71,8.06,7.88,7.33,6.55,5.57,4.36,3.04,2.43,2.34,2.12,2.02,2.12,2.16,1.79,1.82,1.75,1.89,1.99,1.97,1.96,1.85
-0.17,-0.18,-0.03,-0.11,-0.21,-0.29,-0.46,-0.43,-0.34,-0.31,-0.37,-0.42,-0.36,-0.34,-0.52,-0.77,-0.59,-0.39,-0.37,-0.36,-0.38,-0.36,-0.51,-0.61,-0.61,-0.36,-0.27,-0.52,-0.61,-0.39,-0.22,-0.24,-0.41,-0.23,-0.28,-0.23,-0.27,-0.19,0.09,0.22,-0.04,-0.16,-0.02,-0.09,-0.13,-0.11,0.15,0.23,0.14,-0.03,-0.18,0.01,0.24,0.41,0.51,0.67,0.88,1.08,1.78,2.39,2.20,2.93,6.71,12.62,16.06,17.55,19.14,19.43,19.71,20.26,21.02,21.24,19.91,19.67,17.67,11.47,8.23,5.33,1.67,1.58,1.49,1.50,1.34,1.13,1.41,1.28,1.17,1.56,1.51,1.84,3.36,3.91,4.51,4.84,4.67,4.45,4.36,4.43,4.37,4.50,4.52,4.24,3.50,2.28,1.46,1.13,0.98,0.92,0.59,0.34,0.35,0.39,1.02,1.14,2.36,4.37,5.64,6.82,7.65,7.65,7.90,7.99,8.54,9.36,9.95,10.16,10.16,9.83,9.24,8.73,8.04,7.77,7.79,7.93,8.29,8.46,8.41,8.57,8.41,7.89,7.55,7.41,6.96,6.32,5.35,3.81,2.66,2.36,2.51,2.24,2.00,2.02,1.94,1.89,1.68,1.82,1.84,1.74,1.88,1.89
-0.04,-0.36,-0.49,-0.44,-0.29,-0.31,-0.54,-0.43,-0.42,-0.48,-0.52,-0.43,-0.28,-0.32,-0.56,-0.78,-0.67,-0.56,-0.49,-0.31,-0.38,-0.42,-0.59,-0.59,-0.68,-0.68,-0.48,-0.39,-0.48,-0.32,-0.38,-0.19,-0.22,-0.33,-0.39,-0.32,-0.06,-0.06,-0.08,0.07,-0.19,-0.27,-0.22,-0.31,-0.39,-0.18,0.10,0.10,0.12,0.09,-0.12,0.04,0.38,0.46,0.61,0.75,0.80,1.02,1.56,1.95,1.99,2.87,6.55,12.45,16.08,17.72,18.90,19.23,19.31,19.46,18.93,18.58,18.30,18.49,17.05,11.22,8.34,5.07,1.74,1.72,1.41,1.53,1.30,1.40,1.41,1.36,1.29,1.24,1.39,1.64,3.22,3.97,4.22,4.70,5.11,4.67,4.29,4.45,4.52,4.71,4.70,4.47,3.56,2.39,1.51,0.92,0.76,0.85,0.53,0.19,0.15,0.32,1.00,1.69,3.57,5.73,6.41,6.71,7.90,8.66,8.74,8.57,8.75,9.39,9.86,9.99,10.11,9.73,9.58,8.95,8.21,8.12,8.06,8.22,8.47,8.58,8.52,8.39,8.17,7.88,7.39,7.47,7.34,6.86,6.04,4.82,3.19,2.64,2.47,2.37,2.23,2.05,1.95,1.80,1.79,1.94,1.92,1.83,2.00,1.86
-0.08,-0.29,-0.24,-0.27,-0.31,-0.28,-0.24,-0.31,-0.29,-0.43,-0.53,-0.39,-0.09,-0.17,-0.42,-0.43,-0.56,-0.59,-0.49,-0.43,-0.36,-0.48,-0.54,-0.33,-0.43,-0.59,-0.53,-0.39,-0.36,-0.41,-0.36,-0.28,-0.21,-0.36,-0.17,-0.19,-0.17,-0.02,0.04,-0.07,-0.29,-0.09,0.01,-0.02,-0.06,-0.02,0.01,0.25,0.12,0.20,0.27,0.28,0.39,0.58,0.67,0.88,1.23,1.55,2.02,2.30,2.18,2.75,6.26,12.57,16.29,17.76,18.62,19.06,19.29,18.84,18.42,18.02,17.95,18.08,16.97,10.82,7.95,4.76,1.89,1.83,1.72,1.28,1.12,1.41,1.44,1.44,1.25,1.29,1.19,1.68,3.08,3.77,4.25,4.56,4.78,4.56,4.23,4.17,4.24,4.62,4.80,4.58,3.55,2.17,1.41,1.19,1.07,0.82,0.37,0.18,0.30,0.41,1.36,2.96,4.99,6.09,6.53,6.54,8.00,9.69,9.14,8.47,8.74,9.53,9.89,9.93,10.29,10.14,10.08,9.53,8.56,8.75,8.62,8.55,8.69,8.82,8.73,8.52,8.20,7.81,7.40,7.52,7.54,7.09,6.35,5.53,3.86,3.04,2.36,2.42,2.52,2.25,1.97,1.88,1.92,1.95,1.90,1.85,1.89,1.74
-0.27,-0.37,-0.24,-0.29,-0.24,-0.08,-0.08,-0.22,-0.43,-0.41,-0.34,-0.38,-0.44,-0.54,-0.51,-0.37,-0.41,-0.59,-0.68,-0.44,-0.54,-0.52,-0.66,-0.51,-0.52,-0.63,-0.56,-0.41,-0.56,-0.53,-0.41,-0.39,-0.39,-0.22,-0.23,-0.21,-0.12,-0.16,-0.19,-0.09,-0.16,-0.22,-0.11,-0.03,-0.18,-0.09,0.04,0.13,0.13,0.03,0.04,0.08,0.28,0.55,0.66,0.69,0.88,1.25,1.73,2.13,2.01,2.68,6.36,12.51,15.91,17.51,18.64,19.07,19.27,18.93,18.26,17.88,17.63,18.03,17.10,10.88,7.83,4.88,1.83,1.61,1.47,1.34,1.18,1.47,1.46,1.25,1.31,1.22,1.44,1.64,2.96,3.98,4.65,4.81,4.74,4.67,4.24,4.29,4.42,4.70,4.57,4.13,3.40,2.06,1.18,0.96,0.92,0.69,0.20,0.04,0.01,0.56,1.94,4.00,5.08,5.97,6.77,6.50,7.87,9.99,9.40,8.49,9.10,9.83,9.95,10.20,10.73,10.69,10.47,9.89,8.73,9.09,8.80,8.71,8.72,8.73,8.71,8.55,8.22,7.49,7.25,7.31,7.33,7.02,6.51,5.89,4.48,3.32,2.58,2.35,2.35,2.30,2.05,2.09,2.01,1.91,1.90,1.94,1.79,1.79
-0.41,-0.48,-0.39,-0.27,-0.24,-0.22,-0.17,-0.42,-0.46,-0.39,-0.37,-0.47,-0.59,-0.43,-0.53,-0.48,-0.53,-0.66,-0.76,-0.69,-0.77,-0.75,-0.82,-0.57,-0.61,-0.63,-0.52,-0.52,-0.49,-0.38,-0.41,-0.34,-0.32,-0.27,-0.24,-0.27,-0.18,-0.18,-0.28,-0.18,-0.19,-0.23,-0.16,-0.31,-0.32,-0.01,-0.17,-0.03,0.08,0.09,0.08,0.15,0.23,0.49,0.66,0.75,0.90,1.03,1.50,1.96,1.88,2.62,6.29,12.36,15.78,17.15,18.22,18.64,18.98,18.70,18.03,17.90,18.20,18.35,17.93,11.02,7.91,5.17,1.82,1.57,1.08,1.02,0.97,1.28,1.13,1.06,1.29,1.23,0.98,1.52,2.74,3.57,3.98,4.20,4.31,4.16,3.92,3.93,4.13,4.44,4.36,3.97,3.13,1.97,1.24,1.01,0.92,0.82,0.70,0.56,0.35,1.06,2.53,4.10,4.96,5.43,6.33,6.58,7.76,9.41,9.06,8.45,9.32,9.95,9.93,10.49,11.22,11.09,10.77,9.95,8.83,9.03,8.97,8.76,8.74,8.74,8.60,8.48,8.34,7.60,7.30,7.05,7.24,7.21,6.78,6.23,5.07,3.69,2.74,2.18,2.09,2.19,2.00,2.03,2.07,1.88,1.90,2.06,1.92,1.94
-0.46,-0.43,-0.34,-0.19,-0.26,-0.44,-0.34,-0.42,-0.32,-0.44,-0.53,-0.51,-0.47,-0.06,-0.19,-0.41,-0.57,-0.67,-0.73,-0.85,-0.83,-0.93,-0.78,-0.47,-0.52,-0.58,-0.52,-0.47,-0.28,-0.39,-0.31,-0.29,-0.27,-0.32,-0.34,-0.36,-0.26,-0.21,-0.18,-0.11,-0.27,-0.24,-0.17,-0.11,-0.36,-0.11,-0.18,-0.13,-0.08,0.07,0.09,0.20,0.34,0.32,0.44,0.61,0.74,0.98,1.39,1.79,1.88,2.51,6.11,12.38,15.86,17.06,18.14,18.78,18.84,18.61,18.35,18.25,18.58,18.83,18.30,11.46,8.11,5.14,1.88,1.53,1.25,1.02,1.28,1.17,0.93,1.24,1.40,1.27,1.01,1.62,2.66,3.34,3.94,4.26,4.17,3.94,3.65,3.65,3.96,4.13,4.23,3.91,3.18,1.91,1.19,1.14,1.08,0.93,0.72,0.51,0.86,2.28,3.91,4.63,4.97,5.22,5.72,6.28,7.80,11.04,9.91,8.81,9.34,9.71,9.75,10.39,11.11,11.06,11.02,10.06,8.78,8.65,8.76,8.60,8.57,8.66,8.71,8.63,8.29,7.58,7.17,7.18,7.22,7.23,7.05,6.51,5.53,4.32,3.08,2.43,2.23,2.12,2.05,1.99,1.90,1.66,1.61,1.83,1.96,1.96
-0.41,-0.36,-0.29,-0.17,-0.24,-0.42,-0.38,-0.34,-0.29,-0.38,-0.37,-0.27,-0.19,0.04,-0.17,-0.47,-0.53,-0.56,-0.71,-0.80,-0.72,-0.75,-0.72,-0.56,-0.51,-0.54,-0.51,-0.47,-0.51,-0.53,-0.13,-0.34,-0.28,-0.32,-0.39,-0.31,-0.14,-0.12,-0.11,-0.02,-0.22,-0.36,-0.14,-0.13,-0.18,0.02,0.01,-0.08,0.04,0.08,0.09,0.09,0.32,0.53,0.58,0.67,0.86,1.13,1.55,1.83,1.94,2.54,5.66,12.17,15.74,17.23,18.30,18.88,19.01,18.49,18.58,18.62,19.06,19.05,18.12,11.56,8.47,5.29,1.88,1.53,1.04,1.27,1.53,1.08,1.07,1.22,1.25,1.14,1.30,1.52,2.12,2.55,3.22,3.44,3.34,3.08,2.96,3.10,3.25,3.41,3.68,3.46,2.57,1.51,1.15,1.20,1.02,0.87,0.66,0.41,1.12,3.14,4.52,4.68,5.17,5.88,5.99,6.50,7.98,11.53,10.45,9.24,9.37,9.50,9.66,10.40,11.00,10.72,10.72,9.69,8.75,8.58,8.62,8.66,8.55,8.60,8.88,8.77,8.17,7.44,7.01,7.28,7.28,7.16,7.00,6.59,6.14,5.21,4.12,3.14,2.49,2.28,2.31,2.07,1.85,1.75,1.71,1.74,1.95,2.03
-0.36,-0.38,-0.31,-0.21,-0.21,-0.29,-0.31,-0.48,-0.41,-0.26,-0.14,-0.16,-0.07,0.08,-0.32,-0.44,-0.54,-0.62,-0.66,-0.73,-0.66,-0.69,-0.78,-0.67,-0.62,-0.57,-0.52,-0.48,-0.44,-0.46,-0.07,-0.34,-0.28,-0.32,-0.22,-0.28,-0.26,-0.18,-0.16,0.03,-0.13,-0.28,-0.01,-0.18,-0.11,-0.09,-0.01,0.04,-0.12,-0.09,0.06,0.15,0.33,0.48,0.54,0.64,0.86,1.19,1.64,1.96,1.85,2.31,5.32,11.76,15.52,17.00,18.56,19.08,18.98,19.14,18.88,19.18,19.33,19.39,18.16,10.73,8.23,5.43,1.66,1.50,1.03,1.25,1.25,1.17,1.19,1.25,1.35,1.31,0.97,1.34,1.84,1.92,2.17,1.99,2.34,2.22,2.25,2.75,2.60,2.81,2.81,2.66,2.17,1.66,1.38,1.15,1.00,0.80,0.69,1.01,2.33,4.52,5.21,4.85,5.52,6.02,6.53,6.84,8.58,12.35,10.98,9.28,9.00,9.11,9.34,9.80,10.32,10.42,10.17,9.08,8.40,8.33,8.38,8.47,8.39,8.42,8.76,8.72,7.90,7.21,7.14,7.09,7.14,7.22,7.12,6.69,6.53,5.80,4.81,3.69,2.95,2.66,2.11,2.02,1.79,1.85,1.89,1.72,1.72,2.08
-0.33,-0.36,-0.27,-0.18,-0.16,-0.19,-0.18,-0.39,-0.47,-0.21,-0.07,-0.14,-0.06,0.19,-0.26,-0.37,-0.52,-0.63,-0.63,-0.64,-0.80,-0.81,-0.86,-0.58,-0.57,-0.58,-0.48,-0.47,-0.44,-0.42,-0.13,-0.33,-0.28,-0.27,-0.07,-0.16,-0.17,-0.17,-0.24,-0.08,0.01,-0.13,0.02,-0.09,-0.13,-0.08,0.07,0.01,-0.22,-0.12,-0.01,0.03,0.24,0.39,0.48,0.64,0.86,1.12,1.39,1.73,1.73,2.29,5.23,11.27,15.11,16.87,18.56,19.04,19.00,19.35,19.27,18.97,19.32,19.22,17.94,12.06,8.40,5.45,1.95,1.75,1.40,1.45,1.23,1.13,1.18,0.86,1.13,1.08,1.08,1.06,1.31,1.33,1.36,1.28,1.36,1.30,1.46,1.60,1.36,1.53,1.60,1.57,1.68,1.34,1.04,1.06,1.01,0.93,0.87,1.61,3.50,5.16,5.47,5.35,5.81,6.48,6.67,7.24,8.83,12.77,11.74,9.61,8.93,8.94,9.09,9.36,9.54,9.82,9.66,8.90,7.97,7.62,7.74,7.96,8.00,8.13,8.52,8.75,8.40,7.40,6.90,7.07,7.14,7.04,6.94,6.91,6.56,5.95,5.54,4.59,3.47,2.70,2.28,1.79,1.72,1.72,1.78,1.84,1.83,2.00
-0.28,-0.29,-0.18,-0.12,-0.11,-0.07,-0.04,-0.12,-0.36,-0.17,-0.01,-0.04,-0.09,0.23,-0.14,-0.29,-0.36,-0.48,-0.61,-0.53,-0.75,-0.73,-0.78,-0.47,-0.53,-0.66,-0.53,-0.37,-0.36,-0.21,-0.12,-0.16,-0.27,-0.21,-0.06,-0.16,-0.14,-0.11,-0.09,0.03,0.07,-0.08,-0.03,-0.13,-0.34,-0.16,0.03,0.02,0.01,-0.08,-0.03,-0.02,0.04,0.34,0.50,0.55,0.90,1.17,1.34,1.75,1.85,2.31,5.08,11.10,14.90,16.71,18.30,19.10,19.25,19.37,19.24,19.05,19.28,19.17,18.05,13.03,10.29,6.63,2.06,1.99,1.38,1.20,1.11,1.06,1.08,0.97,1.11,0.86,0.72,0.88,1.13,1.14,1.20,1.27,1.17,1.29,1.19,1.34,1.19,1.33,1.15,1.17,1.41,1.11,0.86,0.91,0.97,1.19,1.74,3.31,5.10,5.91,5.96,5.75,6.18,6.35,6.88,7.60,9.78,13.50,12.08,9.59,9.03,9.08,9.08,9.14,8.72,9.09,9.43,8.49,7.69,7.25,7.26,7.50,7.64,7.68,7.83,8.06,8.20,7.48,6.83,6.86,7.10,7.16,7.09,7.08,6.88,6.39,5.86,5.16,4.24,3.22,2.40,2.18,1.82,1.75,1.83,1.85,1.91,1.77
-0.31,-0.27,-0.29,-0.28,-0.22,-0.12,-0.06,-0.17,-0.22,-0.16,-0.08,-0.09,-0.21,0.20,-0.06,-0.23,-0.24,-0.32,-0.44,-0.39,-0.49,-0.63,-0.64,-0.46,-0.44,-0.58,-0.52,-0.26,-0.23,-0.27,-0.19,0.08,-0.07,-0.18,-0.16,-0.17,-0.12,-0.07,-0.04,0.03,-0.04,-0.18,-0.14,-0.13,-0.36,-0.19,0.09,0.15,0.14,0.03,-0.13,0.04,0.12,0.25,0.35,0.45,0.74,0.93,1.27,1.84,1.92,2.31,4.97,10.77,14.91,16.56,17.83,18.95,19.16,19.20,19.03,19.14,19.58,19.29,18.02,13.31,10.80,6.98,2.28,1.64,1.31,1.40,1.29,1.02,1.08,0.82,1.02,1.02,0.96,0.72,0.76,0.79,0.98,1.03,0.90,0.86,0.96,0.80,0.96,1.08,0.93,0.96,1.12,0.66,0.33,0.69,1.00,1.51,2.89,4.74,5.92,6.37,6.41,5.95,6.17,6.56,7.12,7.97,11.04,14.14,12.13,9.87,9.60,9.20,8.49,8.54,8.39,8.62,8.56,7.86,7.36,6.85,6.99,7.06,7.15,7.40,7.64,7.93,7.98,7.56,7.16,7.12,7.10,7.29,7.58,7.53,6.92,6.43,6.18,5.87,5.04,3.65,2.36,2.25,1.94,1.82,1.96,2.14,1.95,1.88
-0.03,-0.24,-0.36,-0.21,-0.11,-0.14,-0.13,-0.14,-0.09,-0.08,-0.08,-0.11,-0.13,0.14,-0.09,-0.23,-0.17,-0.17,-0.31,-0.38,-0.47,-0.68,-0.80,-0.53,-0.39,-0.44,-0.47,-0.34,-0.24,-0.32,-0.24,0.08,-0.06,-0.29,-0.26,-0.21,-0.18,-0.11,0.02,0.01,-0.12,-0.33,-0.11,-0.13,-0.21,-0.04,0.12,0.15,0.12,0.12,-0.12,-0.02,0.15,0.25,0.44,0.60,0.85,1.18,1.53,1.96,1.85,2.41,4.75,10.42,15.02,16.67,17.54,18.64,19.08,19.15,19.08,19.18,19.36,19.23,18.05,12.99,10.67,7.12,2.34,1.78,1.44,1.27,0.95,1.27,1.19,0.95,1.02,0.87,1.00,0.86,1.00,1.01,0.77,0.82,0.65,1.03,0.90,0.92,0.82,1.02,1.15,1.15,1.02,0.63,0.44,0.70,1.29,2.54,4.41,5.88,6.41,6.68,6.47,6.51,6.32,6.43,7.05,8.49,11.57,14.06,12.02,10.52,10.07,8.85,7.86,8.10,8.38,8.11,8.38,7.56,6.92,6.37,6.68,6.78,6.76,7.05,7.47,7.61,8.08,7.73,7.41,7.34,7.15,7.18,7.47,7.53,7.45,6.92,6.54,6.18,5.54,4.48,3.30,2.52,1.99,1.71,1.66,1.80,2.13,2.03
0.35,-0.19,-0.06,0.01,0.01,-0.03,-0.07,0.06,0.14,0.01,-0.06,0.03,0.17,0.22,-0.12,-0.18,-0.09,-0.03,-0.18,-0.47,-0.56,-0.69,-0.93,-0.73,-0.53,-0.52,-0.51,-0.41,-0.43,-0.26,-0.34,-0.09,-0.29,-0.51,-0.37,-0.27,-0.19,-0.08,0.02,0.03,-0.22,-0.22,-0.09,0.09,-0.21,-0.22,0.10,0.18,-0.02,-0.06,-0.18,-0.07,0.22,0.38,0.58,0.72,0.92,1.14,1.34,1.74,1.90,2.23,4.68,10.38,14.72,16.34,17.75,18.58,19.12,19.27,19.15,19.24,19.40,19.15,17.22,9.63,9.86,7.09,2.20,1.99,1.45,1.35,1.20,1.11,0.85,0.70,0.84,0.38,0.64,0.61,0.54,0.71,0.80,0.67,0.84,0.96,0.81,0.81,0.69,0.95,0.74,0.56,1.06,1.19,1.23,1.36,1.74,3.44,5.43,6.74,7.36,7.60,6.39,6.24,6.53,7.04,8.59,9.56,11.56,13.42,11.70,10.56,9.87,8.56,7.80,7.73,7.86,7.96,7.66,7.06,6.60,6.26,6.26,6.23,6.32,6.63,6.93,7.23,7.88,7.39,7.50,7.42,7.21,7.22,7.45,7.31,7.30,6.93,6.66,6.29,5.78,5.03,3.65,3.01,2.08,1.86,1.94,1.72,1.64,1.90
-0.03,-0.17,-0.03,-0.11,-0.29,-0.32,0.02,0.06,-0.11,-0.14,-0.04,0.12,0.18,0.12,0.04,-0.12,-0.14,-0.16,-0.17,-0.21,-0.59,-0.58,-0.78,-0.82,-0.61,-0.57,-0.57,-0.41,-0.43,-0.32,-0.51,-0.19,-0.26,-0.37,-0.34,-0.23,-0.13,-0.09,-0.09,-0.06,-0.17,-0.12,-0.14,0.02,-0.27,-0.27,0.14,0.12,0.03,-0.14,-0.19,-0.01,0.14,0.39,0.67,0.77,0.93,1.22,1.49,1.75,1.71,2.06,4.62,10.00,14.48,16.08,17.63,18.47,18.95,18.82,18.72,18.71,19.04,19.01,17.49,10.62,8.74,6.26,1.97,1.89,1.58,1.49,0.98,1.08,1.17,0.93,0.91,0.86,0.88,1.06,0.81,0.84,0.97,0.77,0.80,0.93,0.88,0.93,0.96,1.14,1.08,0.85,0.93,1.19,1.33,2.00,3.71,5.52,7.12,7.91,7.54,7.16,6.29,6.11,6.43,6.54,7.90,9.97,12.06,12.31,11.27,10.77,9.72,8.30,7.81,7.81,7.94,7.88,7.34,6.76,6.47,6.17,6.21,6.29,6.41,6.65,6.94,7.30,7.85,7.28,7.53,7.28,7.15,7.31,7.36,6.86,7.21,6.90,6.74,6.53,6.20,5.79,4.82,3.48,2.19,1.83,2.00,2.00,1.67,1.79
0.01,-0.08,-0.06,-0.12,-0.13,-0.07,-0.11,-0.13,-0.18,-0.17,-0.14,-0.06,0.02,-0.09,-0.32,0.01,0.08,-0.01,-0.07,-0.09,-0.51,-0.69,-0.83,-0.75,-0.61,-0.63,-0.64,-0.48,-0.24,-0.42,-0.42,-0.22,-0.17,-0.06,-0.12,-0.13,-0.09,-0.09,-0.08,-0.01,-0.07,-0.09,-0.09,-0.12,-0.18,-0.21,0.14,0.17,0.15,0.04,-0.08,0.01,0.17,0.39,0.64,0.82,1.00,1.24,1.60,1.86,1.74,2.01,4.47,10.02,14.31,16.05,17.34,18.06,18.43,18.25,18.26,18.56,18.32,18.58,17.86,11.42,8.49,6.06,2.47,2.07,1.66,1.38,1.31,1.34,1.19,0.95,0.87,1.03,0.81,0.87,0.75,0.87,1.03,0.93,0.92,1.01,0.96,0.97,0.86,0.79,0.72,0.64,0.81,1.11,1.55,3.16,5.57,7.31,8.41,8.91,8.76,8.14,7.26,6.45,6.50,6.74,7.55,9.65,10.82,10.92,10.75,10.54,9.56,8.34,7.74,7.53,7.69,7.77,7.15,6.84,6.47,5.95,5.93,6.00,6.36,6.68,6.52,6.86,7.50,7.44,7.60,7.31,7.23,7.26,7.06,6.44,6.39,6.35,6.44,6.40,6.23,6.04,5.58,4.37,3.00,2.28,2.13,2.12,1.99,1.96
0.27,0.09,0.07,0.07,0.04,-0.02,-0.11,-0.36,-0.26,-0.23,-0.16,-0.12,-0.18,-0.24,-0.04,-0.07,0.04,0.06,-0.08,-0.08,-0.57,-0.68,-0.58,-0.64,-0.71,-0.67,-0.53,-0.41,-0.39,-0.54,-0.28,-0.24,-0.27,-0.12,-0.12,-0.14,-0.13,-0.13,-0.06,0.04,-0.19,-0.19,-0.13,-0.14,-0.24,-0.21,-0.02,0.13,0.15,0.13,0.04,0.06,0.18,0.37,0.56,0.81,1.06,1.18,1.36,1.80,1.80,1.96,4.47,10.02,14.12,15.81,17.05,17.68,17.88,17.82,18.54,18.53,18.29,18.08,17.87,11.34,8.24,6.17,2.28,2.00,1.78,1.47,1.36,1.15,1.07,0.72,1.01,0.98,0.70,0.63,0.64,0.60,0.85,0.79,0.64,0.69,0.95,1.03,1.07,0.95,0.79,0.72,0.92,1.02,1.45,3.47,6.38,8.41,9.19,9.12,8.81,8.14,7.39,6.35,6.02,6.06,5.84,6.44,8.39,9.32,9.79,9.49,8.63,7.86,7.37,7.39,7.17,6.90,6.77,6.48,6.30,5.95,5.89,5.91,6.17,6.46,6.33,6.81,7.57,7.15,7.49,7.15,6.84,6.73,6.50,6.03,5.72,5.85,5.54,5.61,5.95,5.92,6.32,5.25,3.65,2.62,2.25,2.09,1.95,1.95
0.20,0.01,-0.07,-0.02,0.03,-0.01,-0.07,-0.18,-0.19,-0.14,-0.11,-0.02,0.04,-0.13,-0.19,-0.12,-0.03,-0.18,-0.43,-0.42,-0.43,-0.67,-0.63,-0.66,-0.71,-0.61,-0.47,-0.42,-0.37,-0.41,-0.12,-0.18,-0.34,-0.24,-0.29,-0.29,-0.22,-0.17,-0.09,0.01,-0.16,-0.23,-0.14,-0.17,-0.22,-0.06,-0.02,0.09,0.10,-0.01,-0.06,0.06,0.13,0.29,0.49,0.70,0.91,0.93,1.19,1.68,1.63,1.90,4.20,9.97,14.18,15.75,16.98,17.53,17.73,18.17,18.67,18.29,18.10,17.98,17.73,11.79,8.25,6.39,2.28,1.91,1.86,1.61,1.45,1.20,1.08,1.02,0.92,0.92,0.77,0.72,0.56,0.63,0.93,1.02,1.12,1.17,1.15,1.09,0.97,0.95,0.92,0.95,0.88,0.74,1.11,3.14,6.67,9.27,9.78,9.28,8.49,7.90,6.38,5.92,5.52,5.10,3.75,3.77,6.24,7.96,8.90,8.71,7.82,7.20,7.01,7.20,6.75,6.40,6.82,6.61,6.09,5.78,5.85,5.94,6.13,6.39,6.40,6.61,7.37,7.04,7.37,7.00,6.59,6.37,6.08,5.87,5.71,5.68,5.23,5.28,5.93,6.25,6.54,5.86,4.19,2.92,2.36,1.99,1.96,1.92
-0.07,-0.12,-0.17,-0.07,-0.01,-0.04,-0.11,-0.21,-0.13,-0.07,-0.14,-0.22,-0.17,-0.16,-0.52,-0.24,-0.27,-0.36,-0.21,0.02,-0.16,-0.41,-0.52,-0.33,-0.33,-0.49,-0.48,-0.36,-0.42,-0.26,-0.08,-0.27,-0.41,-0.19,-0.28,-0.28,-0.17,-0.08,-0.02,0.06,0.02,-0.13,-0.12,-0.18,-0.16,-0.06,0.09,0.10,-0.02,-0.02,-0.06,0.03,0.09,0.28,0.49,0.59,0.79,0.97,1.18,1.41,1.41,1.79,4.10,9.86,13.90,15.57,16.70,17.35,17.55,18.28,18.68,18.19,17.93,17.80,17.33,11.64,8.41,6.13,2.26,1.89,1.56,1.62,1.33,1.00,0.84,0.81,0.90,0.98,0.75,0.74,0.66,0.44,0.56,0.60,0.70,0.86,0.95,0.90,0.71,0.60,0.76,0.76,0.64,0.51,0.82,2.71,6.40,9.78,10.26,9.13,8.15,6.79,5.68,6.07,4.83,3.29,2.19,2.40,5.16,7.46,8.38,7.93,7.21,6.98,6.86,6.86,6.28,6.22,6.33,6.41,5.92,5.54,5.60,5.77,5.97,6.30,6.51,6.66,7.40,7.00,7.13,6.93,6.51,6.11,5.87,5.93,5.80,5.73,5.46,5.60,6.20,6.50,6.66,6.24,4.69,3.10,2.20,1.99,2.09,1.99
-0.42,-0.38,-0.39,-0.37,-0.36,-0.32,-0.26,-0.47,-0.47,-0.46,-0.46,-0.38,-0.31,-0.54,-0.51,-0.56,-0.41,-0.19,-0.03,0.14,0.01,-0.29,-0.53,-0.32,-0.48,-0.63,-0.49,-0.39,-0.43,-0.32,-0.31,-0.63,-0.38,-0.33,-0.36,-0.29,-0.17,-0.08,-0.01,0.07,-0.04,-0.07,-0.13,-0.23,-0.26,-0.24,-0.03,0.13,0.03,0.04,-0.01,-0.01,0.10,0.34,0.50,0.58,0.75,0.92,1.11,1.31,1.35,1.85,4.11,9.54,13.60,15.32,16.53,17.09,17.42,18.13,18.41,18.07,17.69,17.58,17.05,11.52,8.64,5.87,2.20,1.74,1.45,1.34,1.14,0.87,0.76,0.69,0.70,0.79,0.70,0.59,0.58,0.38,0.66,0.74,0.70,0.66,0.84,0.79,0.56,0.58,0.69,0.61,0.58,0.59,0.79,1.95,5.09,9.09,9.66,8.40,7.18,5.96,5.30,5.39,4.26,2.26,1.35,2.06,4.81,7.25,7.83,7.32,6.96,6.71,6.36,6.55,6.07,6.04,6.29,6.04,5.64,5.19,5.32,5.64,5.94,6.35,6.55,6.62,6.93,6.86,6.82,6.81,6.53,6.09,5.88,5.87,5.93,5.88,5.77,5.97,6.55,6.82,6.46,6.21,4.80,3.05,2.06,2.22,2.33,2.06
-1.03,-0.97,-0.92,-0.88,-0.75,-0.61,-0.61,-0.69,-0.82,-0.77,-0.88,-0.96,-0.80,-0.91,-0.90,-0.92,-0.62,-0.39,-0.37,-0.21,0.22,-0.22,-0.29,-0.39,-0.33,-0.44,-0.49,-0.36,-0.38,-0.57,-0.23,-0.46,-0.42,-0.23,-0.39,-0.33,-0.17,-0.09,-0.03,-0.02,-0.17,-0.09,-0.17,-0.22,-0.31,-0.19,-0.09,0.13,0.09,-0.04,-0.04,-0.02,0.09,0.27,0.44,0.53,0.65,0.85,1.00,1.35,1.44,1.75,4.02,9.29,13.34,14.98,16.34,16.86,17.21,17.84,18.25,17.93,17.65,17.40,16.98,11.38,8.21,5.77,2.25,1.83,1.41,1.35,1.06,0.81,0.77,0.80,0.70,0.80,0.49,0.51,0.58,0.40,0.49,0.40,0.53,0.58,0.33,0.46,0.46,0.40,0.65,0.67,0.53,0.45,0.48,1.03,3.12,6.84,7.97,7.01,6.11,5.50,5.82,4.84,4.61,2.49,1.20,1.47,4.00,6.70,7.26,6.79,6.70,6.50,6.07,6.00,6.00,6.15,6.21,5.95,5.33,5.02,5.05,5.29,5.67,6.17,6.54,6.84,6.58,6.66,6.65,6.69,6.55,6.20,6.03,6.20,6.41,6.25,6.03,6.11,6.63,7.24,6.31,5.72,4.36,2.87,2.22,2.53,2.58,2.16
-1.50,-1.46,-1.35,-1.31,-1.17,-1.07,-1.15,-0.96,-1.19,-1.24,-1.25,-1.24,-1.16,-1.01,-1.24,-1.11,-0.71,-0.47,-0.39,-0.26,-0.07,-0.47,-0.53,-0.44,-0.49,-0.62,-0.57,-0.32,-0.26,-0.67,-0.58,-0.43,-0.18,-0.34,-0.31,-0.17,-0.17,-0.16,-0.06,-0.07,-0.31,-0.22,-0.16,-0.12,-0.44,-0.07,0.06,0.10,0.01,-0.03,0.06,-0.04,0.02,0.09,0.32,0.51,0.61,0.77,0.93,1.28,1.33,1.60,3.80,9.21,13.29,14.72,16.06,16.63,16.94,17.53,17.79,17.76,17.53,17.41,17.09,11.50,8.28,5.72,2.29,1.72,1.55,1.42,1.07,0.85,0.60,0.72,0.65,0.72,0.33,0.33,0.41,0.30,0.49,0.29,0.28,0.39,0.32,0.28,0.28,0.34,0.49,0.48,0.39,0.40,0.50,0.88,2.01,4.32,6.29,5.99,6.07,5.74,5.63,4.82,5.29,4.59,2.36,1.86,3.93,6.28,6.97,6.79,6.84,6.63,6.02,5.95,5.95,6.08,5.87,5.74,5.04,4.85,5.05,5.23,5.46,5.97,6.59,6.90,6.45,6.51,6.59,6.65,6.53,6.29,6.37,7.02,7.16,6.86,6.44,6.24,6.48,6.97,6.61,5.14,3.61,2.62,2.30,2.52,2.42,2.11
-1.62,-1.67,-1.59,-1.57,-1.38,-1.27,-1.39,-1.24,-1.29,-1.38,-1.38,-1.26,-1.14,-1.08,-1.22,-1.24,-0.81,-0.52,-0.41,-0.27,-0.14,-0.21,-0.31,-0.31,-0.31,-0.33,-0.34,-0.39,-0.56,-0.67,-0.78,-0.48,-0.27,-0.24,-0.16,-0.09,-0.04,-0.12,-0.06,0.12,-0.07,-0.09,-0.06,-0.07,-0.41,-0.19,0.10,0.14,0.01,0.02,0.04,-0.07,0.10,0.19,0.37,0.59,0.69,0.76,0.86,1.20,1.20,1.50,3.49,8.81,13.03,14.60,16.01,16.56,16.93,17.06,17.56,17.54,17.51,17.55,17.11,11.90,8.40,5.71,2.03,1.69,1.74,1.18,0.97,0.92,0.63,0.61,0.41,0.55,0.20,0.15,0.20,-0.02,0.18,0.22,0.14,0.23,0.20,0.28,0.28,0.33,0.38,0.34,0.35,0.29,0.32,0.54,0.95,2.57,4.52,5.25,6.02,5.65,5.50,5.74,6.21,6.60,4.55,3.22,4.56,6.35,6.92,6.78,6.70,6.45,5.93,6.08,5.82,5.94,5.53,5.36,4.91,4.81,5.12,5.39,5.46,5.87,6.63,6.69,6.39,6.39,6.43,6.45,6.41,6.43,7.01,7.55,7.53,7.42,7.04,6.63,6.56,6.65,5.92,4.38,3.12,2.59,2.62,2.57,2.42,2.34
-1.67,-1.69,-1.63,-1.49,-1.31,-1.26,-1.38,-1.38,-1.24,-1.32,-1.46,-1.38,-1.14,-1.17,-1.26,-1.26,-1.15,-0.81,-0.48,-0.34,-0.13,-0.13,-0.32,-0.23,-0.23,-0.44,-0.61,-0.66,-0.72,-0.57,-0.58,-0.52,-0.48,-0.14,-0.17,-0.18,-0.08,-0.06,0.08,0.17,-0.01,-0.04,-0.18,-0.26,-0.22,-0.32,0.10,0.09,-0.03,-0.03,-0.04,-0.01,0.13,0.30,0.46,0.49,0.58,0.72,0.82,1.03,1.03,1.36,3.30,8.42,12.70,14.52,15.66,16.37,16.98,16.94,17.37,17.42,17.42,17.55,17.07,11.92,8.63,5.72,2.19,1.64,1.68,1.12,1.09,0.90,0.63,0.49,0.44,0.45,0.24,0.24,0.20,0.07,-0.02,-0.04,-0.09,0.07,0.14,0.20,0.22,0.25,0.34,0.39,0.27,0.04,0.27,0.41,0.59,1.61,2.58,3.97,5.16,5.60,5.24,6.04,6.69,8.03,7.86,7.60,7.37,7.28,6.93,6.52,6.40,6.28,6.03,6.15,5.67,5.91,5.47,5.26,4.98,4.90,5.11,5.37,5.52,5.79,6.55,6.53,6.43,6.45,6.41,6.21,6.15,6.58,7.44,7.49,7.26,7.47,7.40,6.91,6.50,6.31,4.74,3.91,3.40,3.14,3.26,3.25,2.86,2.69
-1.54,-1.53,-1.44,-1.36,-1.45,-1.53,-1.43,-1.34,-1.34,-1.31,-1.50,-1.49,-1.29,-1.39,-1.48,-1.38,-1.32,-0.87,-0.43,-0.36,-0.26,-0.23,-0.28,-0.09,-0.26,-0.43,-0.67,-0.91,-0.90,-0.75,-0.63,-0.49,-0.22,0.03,-0.03,-0.14,-0.16,-0.03,0.15,0.12,-0.16,-0.19,-0.18,-0.33,-0.21,-0.07,0.08,0.03,-0.09,0.09,0.10,0.07,0.07,0.19,0.32,0.28,0.30,0.54,0.66,0.81,0.90,1.29,3.42,8.50,12.67,14.34,15.44,16.35,16.96,16.99,17.33,17.21,17.33,17.60,17.24,11.90,8.67,5.75,2.37,1.56,1.61,1.24,1.41,0.97,0.66,0.45,0.40,0.34,0.18,0.23,0.02,-0.08,-0.01,0.01,0.10,0.20,0.14,0.04,0.07,0.32,0.48,0.46,0.40,0.20,0.25,0.37,0.49,0.85,1.25,2.55,4.25,5.31,5.31,6.24,7.68,9.22,10.63,12.09,10.53,8.36,7.13,6.54,6.52,6.33,6.15,6.26,5.73,5.85,5.64,5.42,5.24,5.14,5.22,5.43,5.58,5.85,6.45,6.39,6.38,6.55,6.56,6.21,6.00,6.61,7.21,7.33,7.39,7.28,6.99,6.50,6.01,5.22,4.48,4.09,3.68,3.41,3.66,3.88,2.84,3.04
-1.67,-2.04,-1.88,-1.73,-1.58,-1.46,-1.39,-1.26,-1.40,-1.31,-1.39,-1.35,-1.21,-1.30,-1.44,-1.44,-1.10,-0.64,-0.36,-0.34,-0.37,-0.37,-0.43,-0.28,-0.38,-0.46,-0.57,-0.76,-0.83,-0.82,-0.53,-0.53,-0.43,-0.18,-0.03,-0.09,-0.04,0.10,0.15,0.08,-0.04,-0.29,-0.18,-0.02,-0.04,-0.07,-0.09,-0.23,-0.17,0.12,0.09,0.04,0.10,0.18,0.27,0.17,0.20,0.39,0.45,0.72,0.86,1.17,3.23,8.25,12.53,14.01,15.24,16.26,16.75,16.87,17.39,17.03,17.57,17.57,17.13,11.58,8.14,5.65,2.12,1.58,1.36,1.23,1.14,0.91,0.64,0.51,0.38,0.33,0.07,0.08,-0.08,-0.04,-0.01,-0.14,-0.04,0.10,0.12,0.06,0.04,0.34,0.49,0.40,0.28,0.12,0.27,0.40,0.27,0.46,0.63,1.23,2.87,4.32,5.14,5.89,7.57,9.91,12.93,14.55,12.03,8.85,7.38,6.79,6.75,6.56,6.31,6.41,5.97,5.85,5.89,5.53,5.58,5.44,5.39,5.68,5.88,5.99,6.35,6.32,6.29,6.22,6.17,6.17,6.24,6.46,6.78,6.99,7.26,6.69,5.99,5.54,4.55,4.56,4.06,4.19,4.11,3.75,3.87,4.02,3.43,3.47
-1.71,-1.69,-1.68,-1.53,-1.15,-0.96,-1.01,-1.01,-1.15,-1.22,-1.16,-0.98,-0.86,-0.90,-1.12,-1.12,-0.76,-0.52,-0.39,-0.28,-0.38,-0.52,-0.52,-0.23,-0.41,-0.62,-0.91,-1.16,-1.20,-1.11,-0.63,-0.43,-0.17,-0.16,-0.09,-0.12,-0.07,-0.16,-0.08,0.04,-0.16,-0.24,-0.28,-0.26,-0.33,-0.21,-0.06,0.04,0.01,0.12,0.01,-0.11,-0.06,0.12,0.27,0.24,0.23,0.27,0.40,0.76,0.77,1.02,2.84,7.70,11.94,13.54,14.94,15.83,16.54,16.57,16.85,16.83,17.09,17.06,16.78,11.87,7.90,5.19,1.88,1.60,1.34,1.15,1.02,0.85,0.63,0.43,0.39,0.19,-0.01,-0.09,-0.16,-0.12,-0.08,-0.11,0.01,-0.12,0.01,0.15,0.04,0.19,0.37,0.30,0.19,0.08,0.28,0.44,0.24,0.34,0.39,0.46,1.56,2.68,3.53,4.81,6.81,10.73,15.59,16.79,12.87,8.94,7.57,7.04,6.89,6.78,6.75,6.60,6.28,6.00,6.13,5.78,5.87,5.68,5.54,5.91,6.15,6.26,6.38,6.37,6.22,5.97,5.99,6.02,5.94,5.92,6.16,6.39,6.24,5.40,4.39,3.91,3.85,4.17,3.99,3.87,3.85,3.86,4.05,3.84,3.74,3.60
-1.53,-1.90,-1.71,-1.40,-1.15,-0.98,-0.85,-0.71,-0.77,-0.90,-0.80,-0.58,-0.49,-0.62,-0.75,-0.71,-0.57,-0.54,-0.47,-0.39,-0.56,-0.54,-0.37,-0.28,-0.42,-0.67,-1.01,-1.22,-1.20,-0.91,-0.64,-0.43,-0.22,-0.32,-0.22,-0.18,-0.02,-0.02,-0.03,-0.03,-0.16,-0.11,-0.11,-0.17,-0.19,-0.42,0.01,0.13,0.06,0.02,0.01,-0.08,-0.01,-0.08,0.06,0.28,0.27,0.18,0.27,0.58,0.63,0.92,2.63,7.05,11.19,12.95,14.31,15.29,15.92,15.94,15.68,15.17,15.06,15.31,15.32,11.03,7.62,4.70,1.92,1.56,1.46,1.23,1.12,0.76,0.56,0.46,0.40,-0.01,-0.03,0.03,-0.16,-0.31,-0.21,0.01,0.08,-0.14,-0.13,-0.01,-0.18,-0.04,0.18,0.04,0.08,0.07,0.14,0.33,0.24,0.35,0.30,0.24,0.64,1.20,1.71,2.84,4.89,10.33,16.84,17.89,13.32,9.02,7.74,7.34,7.16,6.89,7.10,6.91,6.66,6.36,6.35,6.15,6.08,5.87,5.84,6.17,6.10,6.26,6.16,6.50,6.20,6.03,6.16,6.33,6.25,5.87,5.86,5.63,4.91,4.30,3.75,3.13,3.13,3.80,4.07,3.97,3.79,3.74,3.79,3.72,3.66,3.65
-1.06,-1.29,-1.38,-0.83,-0.75,-0.81,-0.77,-0.59,-0.75,-0.76,-0.44,-0.27,-0.27,-0.29,-0.53,-0.41,-0.46,-0.54,-0.53,-0.51,-0.57,-0.39,-0.43,-0.32,-0.38,-0.68,-1.00,-1.10,-1.03,-0.92,-0.58,-0.47,-0.41,-0.29,-0.23,-0.29,-0.08,-0.14,-0.26,-0.17,-0.12,-0.08,-0.18,-0.51,-0.33,-0.28,0.03,0.13,0.07,-0.09,-0.02,0.01,-0.01,-0.07,0.06,0.17,0.22,0.19,0.20,0.43,0.54,0.79,2.25,6.08,10.18,12.15,13.36,14.16,14.68,14.26,12.96,12.02,12.24,12.81,12.60,8.63,7.21,4.98,1.96,1.35,1.34,1.08,1.04,0.65,0.50,0.34,0.29,0.06,-0.03,-0.13,-0.14,-0.26,-0.18,-0.04,0.03,-0.04,-0.11,-0.16,-0.31,-0.01,0.27,0.09,0.13,-0.04,0.07,0.20,0.25,0.28,0.22,0.12,0.28,0.27,0.72,0.95,2.14,6.86,13.63,16.11,12.99,9.27,8.04,7.63,7.53,7.29,7.13,7.40,7.08,6.93,6.62,6.44,6.25,6.20,6.18,6.15,6.47,6.65,6.74,6.56,6.51,6.55,6.61,6.63,6.52,5.64,5.19,3.99,3.50,3.02,2.58,2.82,3.22,3.41,3.65,3.71,3.68,3.66,3.43,3.49,3.40,3.52
-1.07,-1.20,-0.97,-0.49,-0.36,-0.41,-0.38,-0.28,-0.42,-0.48,-0.21,-0.18,-0.16,-0.03,-0.33,-0.18,-0.43,-0.47,-0.44,-0.46,-0.49,-0.49,-0.64,-0.36,-0.39,-0.52,-0.69,-0.80,-0.85,-0.82,-0.57,-0.44,-0.46,-0.22,-0.21,-0.52,-0.18,0.02,-0.07,-0.11,-0.12,-0.22,-0.21,-0.29,-0.47,-0.33,-0.08,0.04,-0.01,-0.16,-0.19,-0.09,-0.01,-0.13,0.02,0.22,0.28,0.25,0.32,0.63,0.63,0.66,1.71,4.96,8.96,10.98,12.18,12.72,12.60,11.44,10.00,9.75,10.12,11.30,10.94,7.00,6.56,5.12,1.89,1.20,1.14,1.02,0.91,0.54,0.56,0.41,0.32,0.20,0.03,-0.17,-0.12,-0.27,-0.21,-0.16,-0.07,0.02,-0.04,-0.11,-0.22,-0.07,0.23,0.13,0.13,-0.04,0.09,0.20,0.15,0.19,0.12,0.03,0.15,0.04,0.30,0.25,0.79,2.74,7.15,11.51,11.64,9.44,8.56,8.00,7.80,7.82,7.37,7.49,7.23,7.28,7.01,6.79,6.67,6.65,6.76,6.90,6.91,7.29,7.21,7.23,7.13,7.01,7.12,7.15,6.74,5.87,4.87,3.60,2.88,2.52,2.33,2.63,3.00,3.24,3.56,3.67,3.60,3.66,3.36,3.49,3.34,3.37
-0.71,-0.83,-0.46,-0.49,-0.19,-0.24,-0.33,-0.14,-0.31,-0.08,-0.02,-0.09,-0.02,0.10,-0.24,-0.38,-0.37,-0.26,-0.26,-0.37,-0.53,-0.72,-0.58,-0.43,-0.36,-0.34,-0.37,-0.48,-0.64,-0.72,-0.66,-0.42,-0.43,-0.19,-0.18,-0.22,0.03,-0.01,-0.11,-0.14,-0.16,-0.07,-0.16,-0.44,-0.13,-0.08,-0.09,-0.11,-0.18,-0.12,-0.16,-0.04,-0.01,-0.14,-0.12,0.07,0.33,0.28,0.24,0.58,0.56,0.59,1.23,3.73,7.47,9.24,10.38,10.78,9.92,9.38,9.02,9.32,9.66,10.99,10.85,7.37,6.04,4.71,1.72,1.06,1.14,0.98,0.82,0.58,0.58,0.51,0.29,0.19,0.03,-0.21,-0.17,-0.31,-0.26,-0.23,-0.16,-0.06,-0.14,-0.11,-0.07,-0.16,-0.09,-0.09,-0.07,-0.04,0.18,0.10,0.03,0.15,-0.06,-0.09,-0.01,0.17,0.24,0.19,0.53,0.92,2.52,5.85,8.41,9.04,8.94,8.37,7.87,7.76,7.53,7.56,7.28,7.45,7.26,7.20,7.20,7.07,7.01,7.08,7.14,7.46,7.24,7.24,7.21,7.08,7.07,7.12,6.77,5.86,4.57,3.20,2.43,2.31,2.47,2.63,2.68,3.18,3.55,3.62,3.54,3.66,3.46,3.53,3.42,3.35
-0.18,-0.42,-0.29,-0.19,0.03,-0.04,-0.14,-0.14,-0.16,-0.13,-0.11,-0.01,0.12,0.10,-0.04,-0.21,-0.26,-0.17,-0.08,-0.11,-0.32,-0.59,-0.44,-0.49,-0.42,-0.31,-0.29,-0.32,-0.41,-0.54,-0.44,-0.44,-0.31,-0.41,-0.23,-0.27,-0.11,-0.14,-0.17,-0.16,-0.23,-0.29,-0.29,-0.32,-0.14,-0.24,-0.23,-0.17,-0.19,-0.24,-0.22,-0.18,-0.09,-0.11,-0.06,0.03,0.19,0.06,-0.06,0.30,0.41,0.43,0.63,2.05,4.64,6.29,7.23,7.14,7.21,7.81,8.45,8.87,9.62,10.43,10.35,8.47,6.13,4.06,1.44,0.88,1.22,0.96,0.76,0.50,0.46,0.40,0.25,0.08,-0.04,-0.32,-0.29,-0.38,-0.32,-0.33,-0.23,-0.29,-0.36,-0.26,-0.23,-0.18,-0.29,-0.21,-0.23,-0.17,0.12,0.02,-0.02,0.06,-0.17,-0.37,-0.07,-0.04,0.13,-0.11,0.08,0.25,0.97,2.74,5.60,8.16,8.77,8.30,7.83,7.79,7.55,7.44,7.41,7.56,7.62,7.61,7.60,7.61,7.65,7.56,7.46,7.64,7.52,7.34,7.33,7.24,7.08,6.93,6.54,5.35,4.41,3.19,2.34,2.16,2.35,2.39,2.54,3.16,3.56,3.57,3.46,3.60,3.49,3.44,3.47,3.42
0.02,-0.27,-0.32,-0.12,0.02,0.12,0.03,-0.16,0.01,-0.04,0.01,-0.04,-0.04,-0.08,-0.32,-0.38,-0.34,-0.32,-0.08,-0.06,-0.38,-0.49,-0.49,-0.47,-0.63,-0.49,-0.54,-0.38,-0.33,-0.48,-0.32,-0.52,-0.32,-0.51,-0.52,-0.38,-0.21,-0.16,-0.17,-0.22,-0.32,-0.33,-0.29,-0.34,-0.16,-0.32,0.08,-0.23,-0.01,-0.07,-0.07,-0.17,-0.13,-0.16,-0.08,-0.02,-0.01,-0.06,-0.04,0.08,0.06,0.09,0.25,0.75,1.73,2.86,3.55,3.66,4.35,4.84,5.73,6.41,7.36,7.98,8.17,7.79,6.03,3.25,1.14,0.79,1.01,0.87,0.60,0.24,0.27,0.24,0.15,-0.08,-0.18,-0.31,-0.32,-0.43,-0.39,-0.34,-0.28,-0.36,-0.41,-0.38,-0.43,-0.28,-0.24,-0.13,-0.21,-0.22,-0.04,0.04,-0.06,-0.01,-0.09,-0.57,-0.14,-0.34,-0.19,-0.43,-0.32,0.02,0.41,1.78,4.71,7.39,8.06,8.17,7.82,7.94,7.68,7.79,7.82,7.89,7.98,7.97,7.71,7.41,7.47,7.85,7.65,7.53,7.57,7.32,7.05,7.12,7.16,6.77,6.13,4.85,3.71,2.75,2.13,1.92,2.05,2.18,2.52,3.08,3.46,3.49,3.34,3.48,3.47,3.46,3.47,3.40
-0.22,-0.32,-0.09,0.01,-0.04,0.12,0.04,-0.11,0.03,-0.18,-0.16,-0.02,0.08,-0.02,-0.29,-0.12,-0.03,0.10,0.30,0.15,-0.29,-0.51,-0.56,-0.31,-0.57,-0.80,-0.88,-0.66,-0.53,-0.52,-0.38,-0.54,-0.44,-0.26,-0.34,-0.32,-0.26,-0.21,-0.27,-0.34,-0.33,-0.34,-0.38,-0.41,-0.47,-0.28,0.02,-0.09,-0.09,-0.04,-0.26,-0.42,-0.19,-0.12,-0.02,0.01,-0.04,-0.08,0.02,0.17,-0.03,-0.16,0.15,0.60,1.01,1.41,1.84,2.00,2.24,2.36,2.55,3.02,3.73,4.39,4.87,4.81,4.51,2.42,0.72,0.67,0.71,0.69,0.38,0.13,0.13,0.13,0.08,-0.14,-0.23,-0.34,-0.33,-0.38,-0.44,-0.33,-0.24,-0.26,-0.33,-0.41,-0.33,-0.27,-0.19,-0.17,-0.14,-0.17,-0.06,0.08,-0.01,-0.02,-0.06,-0.62,-0.14,-0.42,-0.18,-0.37,-0.32,-0.21,0.20,1.74,4.44,6.94,7.85,8.02,7.81,7.65,7.47,7.74,7.80,7.76,7.79,8.03,7.97,7.62,7.65,7.58,7.88,7.87,7.57,7.49,7.42,7.28,7.02,6.62,6.26,4.83,3.46,2.41,1.88,1.78,1.85,2.22,2.60,2.93,3.19,3.32,3.29,3.50,3.53,3.57,3.50,3.37
-0.46,-0.27,0.12,0.24,0.09,0.06,0.06,0.08,0.07,0.03,-0.07,-0.13,0.06,0.15,-0.11,-0.18,-0.36,0.12,0.33,0.33,-0.01,-0.59,-0.29,-0.28,-0.59,-0.75,-0.87,-0.77,-0.64,-0.52,-0.37,-0.47,-0.43,-0.09,-0.23,-0.24,-0.24,-0.29,-0.24,-0.22,-0.29,-0.33,-0.33,-0.34,-0.36,-0.14,-0.11,-0.02,0.01,-0.14,-0.08,-0.17,0.02,0.08,0.06,0.07,0.03,-0.04,0.14,0.28,0.01,-0.01,0.46,0.79,0.97,1.30,1.12,1.17,1.52,1.62,1.82,1.73,1.99,2.19,2.30,2.28,2.45,1.64,0.41,0.70,0.67,0.54,0.24,0.12,0.10,0.09,0.13,-0.12,-0.29,-0.41,-0.38,-0.39,-0.48,-0.41,-0.27,-0.24,-0.33,-0.42,-0.31,-0.26,-0.26,-0.34,-0.22,-0.16,0.06,0.01,-0.06,0.02,-0.19,-0.54,-0.03,-0.32,-0.21,-0.44,-0.37,-0.27,0.15,1.99,4.97,7.14,7.56,7.46,7.70,7.66,7.63,7.70,7.72,7.86,7.95,7.97,7.95,7.77,7.64,7.83,8.00,7.89,7.66,7.54,7.37,7.09,6.77,6.47,6.55,5.16,3.47,2.39,1.92,1.80,1.82,2.23,2.62,2.88,3.11,3.30,3.37,3.48,3.48,3.48,3.50,3.46
-0.12,0.02,0.09,0.54,0.48,0.25,0.18,0.20,0.17,0.03,0.12,-0.01,0.13,0.24,0.09,0.06,-0.03,0.17,0.10,0.08,0.06,-0.23,-0.44,-0.14,-0.42,-0.69,-0.58,-0.49,-0.49,-0.48,-0.46,-0.38,-0.37,-0.27,-0.38,-0.29,-0.11,-0.27,-0.34,-0.18,-0.19,-0.32,-0.23,-0.37,-0.28,-0.18,-0.12,-0.22,0.02,0.06,0.04,0.06,0.07,-0.04,0.07,0.08,0.03,0.07,0.14,0.29,0.29,0.24,0.64,0.98,1.01,1.29,1.45,1.62,1.78,1.53,1.33,1.41,1.20,1.28,1.25,1.47,1.58,1.13,0.58,0.72,0.55,0.44,0.14,0.06,0.10,0.02,-0.01,-0.13,-0.34,-0.42,-0.37,-0.37,-0.46,-0.36,-0.24,-0.26,-0.27,-0.32,-0.38,-0.28,-0.12,-0.41,-0.33,-0.12,-0.02,0.01,-0.07,0.07,-0.27,-0.42,-0.01,-0.17,-0.01,-0.26,-0.18,-0.14,0.49,2.63,5.33,6.91,7.23,6.97,7.25,7.63,7.25,7.05,7.18,7.58,7.90,7.95,7.83,7.77,7.87,7.79,8.11,7.90,7.76,7.57,7.32,7.00,6.70,6.52,6.23,5.15,3.40,2.30,1.99,1.82,1.80,2.14,2.42,2.87,3.20,3.25,3.34,3.34,3.43,3.30,3.12,3.13
0.40,0.40,0.46,1.06,0.90,0.63,0.40,0.34,0.33,0.03,0.18,0.10,0.30,0.43,0.29,0.17,0.25,0.29,0.23,0.08,-0.14,-0.46,-0.66,-0.38,-0.32,-0.42,-0.41,-0.42,-0.47,-0.53,-0.54,-0.49,-0.42,-0.39,-0.46,-0.43,-0.06,-0.23,-0.33,-0.24,-0.31,-0.32,-0.24,-0.44,-0.37,-0.21,-0.14,-0.39,-0.21,-0.12,-0.12,-0.14,0.01,0.09,0.13,0.15,0.10,0.12,0.18,0.27,0.28,0.28,0.41,0.70,1.09,1.23,1.31,1.66,1.68,1.38,1.45,1.33,1.51,1.53,1.38,1.36,1.23,1.17,0.51,0.43,0.51,0.35,0.19,0.17,0.01,-0.12,-0.12,-0.07,-0.23,-0.31,-0.31,-0.29,-0.29,-0.26,-0.22,-0.26,-0.28,-0.22,-0.24,-0.18,-0.06,-0.24,-0.32,-0.11,-0.13,0.01,0.10,-0.08,-0.08,-0.41,-0.06,-0.17,0.06,-0.28,-0.29,0.08,0.86,2.77,5.30,6.56,6.91,7.10,6.81,6.77,6.59,6.55,6.81,7.22,7.63,7.89,7.78,7.44,7.46,7.30,7.49,7.61,7.58,7.50,7.26,6.91,6.62,6.41,5.92,4.96,3.43,2.26,1.80,1.78,1.83,2.03,2.52,2.86,3.07,3.26,3.44,3.40,3.35,3.32,3.25,3.24
0.56,0.60,0.67,0.81,0.95,0.85,0.67,0.59,0.49,0.19,0.22,0.30,0.51,0.46,0.24,0.19,0.18,0.27,0.12,-0.03,-0.24,-0.53,-0.57,-0.38,-0.23,-0.73,-0.68,-0.77,-0.98,-0.86,-0.58,-0.58,-0.39,-0.27,-0.42,-0.49,-0.13,-0.22,-0.21,-0.18,-0.31,-0.39,-0.34,-0.34,-0.34,-0.46,-0.18,-0.23,-0.16,-0.08,-0.02,-0.09,-0.08,-0.02,-0.19,-0.09,0.13,0.20,0.29,0.32,0.19,0.23,0.60,0.98,1.24,1.18,1.33,1.19,1.00,1.29,1.39,1.11,1.40,1.39,1.24,1.50,1.40,1.30,0.50,0.51,0.48,0.43,0.24,0.28,0.12,0.01,0.06,0.08,-0.18,-0.16,-0.12,-0.24,-0.16,-0.21,-0.24,-0.11,-0.16,-0.17,-0.17,-0.08,-0.03,-0.06,-0.19,-0.34,-0.27,-0.13,-0.12,-0.08,-0.02,-0.07,0.02,0.07,-0.06,-0.38,-0.36,0.10,0.80,2.49,5.05,6.16,6.76,6.35,6.38,6.51,6.22,6.09,6.37,6.75,7.18,7.50,7.30,6.85,6.76,6.96,7.04,7.22,7.28,7.28,7.07,6.65,6.44,6.22,6.08,5.10,3.59,2.33,1.89,2.08,1.92,2.17,2.45,2.77,3.06,3.16,3.05,3.28,3.28,3.26,3.34,3.44
0.61,0.75,0.93,0.82,0.81,0.66,0.70,0.66,0.46,0.23,0.29,0.53,0.63,0.49,0.24,0.06,0.10,0.23,0.07,-0.09,-0.19,-0.24,-0.26,-0.33,-0.29,-0.68,-0.62,-0.56,-0.82,-0.95,-0.71,-0.51,-0.47,-0.18,-0.16,-0.32,-0.18,-0.23,-0.21,-0.14,-0.32,-0.44,-0.39,-0.43,-0.41,-0.52,-0.21,-0.18,-0.09,-0.14,-0.04,-0.09,-0.02,-0.02,-0.13,0.01,0.07,0.02,-0.01,0.06,0.07,-0.17,-0.09,0.44,0.75,1.14,1.19,1.15,1.28,1.29,0.98,0.72,0.96,1.08,0.92,1.14,1.00,1.03,1.01,0.70,0.38,0.56,0.53,0.44,0.24,0.01,0.12,0.24,0.10,0.25,0.22,-0.02,-0.11,-0.12,-0.02,-0.01,-0.09,0.10,0.10,-0.06,0.06,0.13,-0.14,-0.37,-0.08,-0.14,-0.16,0.07,0.01,-0.24,-0.23,-0.22,-0.22,-0.19,-0.23,-0.02,0.84,2.65,4.80,5.35,5.66,5.65,5.59,5.74,5.78,5.88,6.02,6.31,6.66,6.84,6.70,6.36,6.23,6.63,6.81,6.89,6.97,6.91,6.68,6.37,6.13,6.31,6.06,5.09,3.73,2.39,1.66,2.11,1.80,2.29,2.53,2.66,2.83,3.01,3.18,3.24,3.29,3.32,3.36,3.49
0.41,0.39,0.63,0.93,0.61,0.61,0.66,0.58,0.45,0.37,0.34,0.46,0.65,0.58,0.33,0.18,0.22,0.22,0.03,-0.09,-0.18,-0.32,-0.47,-0.43,-0.59,-0.88,-0.57,-0.52,-0.76,-0.88,-0.76,-0.67,-0.58,-0.53,-0.32,-0.09,-0.21,-0.22,-0.19,-0.38,-0.48,-0.44,-0.48,-0.53,-0.42,-0.41,-0.42,-0.28,-0.12,-0.34,-0.13,-0.22,-0.13,0.01,-0.07,-0.11,-0.04,-0.13,-0.16,-0.17,-0.39,-0.43,-0.18,0.06,0.14,0.02,-0.07,0.12,0.30,0.45,0.84,0.97,1.11,1.52,1.12,1.19,0.92,1.20,0.80,0.58,0.48,0.41,0.44,0.40,0.22,0.10,0.27,0.37,0.29,0.38,0.32,0.18,0.17,0.15,0.19,0.25,0.23,0.29,0.20,-0.08,0.17,0.17,0.12,-0.21,0.01,0.23,0.30,0.15,-0.24,-0.24,-0.07,-0.08,-0.19,-0.23,-0.14,0.14,1.02,2.69,4.51,5.04,5.18,5.19,4.92,4.98,5.31,5.52,5.70,5.93,6.20,6.26,6.04,5.88,5.91,6.11,6.30,6.44,6.50,6.39,6.13,5.94,5.64,5.86,5.40,5.14,4.11,2.70,2.00,2.09,1.85,2.06,2.34,2.53,2.71,2.88,3.13,3.02,3.01,3.11,3.18,3.12
0.48,0.48,0.59,0.74,0.63,0.66,0.51,0.65,0.74,0.51,0.44,0.48,0.61,0.46,0.38,0.41,0.28,0.20,0.09,-0.04,-0.16,-0.24,-0.29,-0.27,-0.38,-0.76,-0.76,-0.63,-0.62,-0.75,-0.81,-0.68,-0.42,-0.24,-0.41,-0.28,-0.21,-0.06,-0.29,-0.58,-0.52,-0.51,-0.57,-0.49,-0.34,-0.28,-0.41,-0.28,-0.19,-0.36,-0.18,-0.28,-0.16,-0.19,-0.18,-0.14,-0.24,-0.39,-0.29,-0.26,-0.38,-0.34,-0.29,-0.12,-0.18,-0.31,-0.38,-0.72,-0.29,-0.23,-0.42,-0.07,0.37,0.61,0.41,0.87,0.98,1.08,0.86,0.48,0.40,0.40,0.37,0.24,0.10,0.13,0.32,0.39,0.43,0.32,0.24,0.18,0.10,0.10,0.27,0.51,0.35,0.20,0.29,0.19,0.27,0.30,0.29,0.27,0.09,0.37,0.27,0.34,-0.19,-0.32,-0.17,0.01,0.22,-0.13,-0.34,0.23,1.24,2.80,4.44,4.83,4.75,4.68,4.51,4.64,4.85,5.14,5.23,5.36,5.67,5.84,5.63,5.43,5.65,5.57,5.70,5.85,5.84,5.70,5.54,5.38,5.39,5.33,5.33,5.28,4.31,2.65,1.51,1.29,1.77,2.08,2.13,2.26,2.57,2.59,2.65,2.60,2.68,2.84,2.95,2.80
0.44,0.44,0.53,0.65,0.74,0.66,0.70,0.66,0.59,0.54,0.40,0.32,0.32,0.38,0.37,0.29,0.28,0.22,0.15,-0.01,-0.14,-0.26,-0.24,-0.14,-0.32,-0.77,-0.73,-0.75,-0.87,-0.90,-0.91,-0.77,-0.38,-0.31,-0.24,-0.61,-0.39,-0.37,-0.46,-0.53,-0.71,-0.66,-0.52,-0.57,-0.49,-0.38,-0.47,-0.49,-0.38,-0.33,-0.36,-0.29,-0.34,-0.43,-0.44,-0.29,-0.32,-0.51,-0.46,-0.34,-0.38,-0.39,-0.32,-0.24,-0.31,-0.49,-0.49,-0.47,-0.52,-0.57,-0.59,-0.21,-0.18,0.18,0.23,0.88,0.75,0.69,0.45,0.23,0.27,0.34,0.33,0.13,0.09,0.10,0.22,0.13,0.12,0.19,0.20,0.22,0.17,0.19,0.32,0.45,0.45,0.51,0.46,0.44,0.33,0.40,0.39,0.41,0.50,0.63,0.63,0.45,-0.03,-0.19,-0.26,-0.28,-0.07,0.02,-0.07,0.43,1.82,3.40,4.61,4.47,4.44,4.52,4.36,4.43,4.41,4.62,4.75,4.81,5.19,5.42,5.51,5.24,5.38,5.22,5.17,5.23,5.11,4.84,4.74,4.94,5.31,5.29,5.19,4.95,4.10,2.74,1.73,1.60,1.61,1.80,1.96,2.07,2.26,2.24,2.16,2.16,2.34,2.63,2.82,2.69
0.37,0.49,0.64,0.74,0.79,0.64,0.71,0.70,0.61,0.46,0.23,0.40,0.67,0.65,0.43,0.27,0.30,0.24,0.15,-0.01,-0.22,-0.36,-0.29,-0.11,-0.26,-0.82,-0.87,-0.68,-0.76,-0.88,-0.87,-0.68,-0.54,-0.63,-0.58,-0.52,-0.75,-0.71,-0.56,-0.59,-0.93,-0.77,-0.52,-0.66,-0.73,-0.62,-0.71,-0.63,-0.46,-0.39,-0.41,-0.43,-0.46,-0.54,-0.44,-0.27,-0.19,-0.43,-0.38,-0.28,-0.33,-0.28,-0.31,-0.43,-0.54,-0.68,-0.52,-0.27,-0.49,-0.57,-0.38,-0.23,0.12,-0.18,0.01,0.10,0.34,0.64,0.30,0.22,0.13,0.02,-0.01,-0.04,0.20,0.18,0.19,0.27,0.18,0.07,0.20,0.27,0.22,0.20,0.19,0.48,0.58,0.44,0.44,0.50,0.81,0.92,0.69,0.63,0.60,0.79,0.92,0.61,0.38,-0.04,-0.16,-0.13,0.14,0.14,0.13,0.77,2.22,4.51,5.59,5.12,5.45,5.15,4.76,4.63,4.36,4.39,4.61,4.72,4.97,5.18,5.10,5.15,4.98,5.08,5.03,4.84,4.69,4.67,4.67,4.69,4.63,4.82,4.95,4.88,4.04,2.46,1.64,1.61,1.75,1.89,1.95,1.99,2.14,2.05,1.92,1.90,2.00,2.24,2.54,2.33
0.48,0.71,0.71,0.60,0.67,0.59,0.50,0.51,0.46,0.27,0.14,0.33,0.59,0.49,0.38,0.23,0.08,0.13,0.22,0.06,-0.17,-0.31,-0.29,-0.19,-0.23,-0.77,-0.81,-0.67,-0.78,-0.86,-0.88,-0.73,-0.51,-0.61,-0.71,-0.52,-0.76,-0.72,-0.67,-0.75,-0.83,-0.73,-0.64,-0.67,-0.64,-0.54,-0.56,-0.51,-0.38,-0.41,-0.49,-0.52,-0.47,-0.46,-0.44,-0.32,-0.32,-0.52,-0.41,-0.29,-0.28,-0.28,-0.36,-0.39,-0.52,-0.68,-0.76,-0.67,-0.28,-0.46,-0.48,-0.49,-0.33,-0.36,-0.39,0.06,0.10,0.23,0.07,-0.02,-0.13,0.08,-0.01,0.04,0.14,0.27,0.49,0.24,0.15,0.03,0.02,0.19,0.18,0.13,0.13,0.37,0.58,0.69,0.41,0.45,0.49,0.53,0.84,0.67,0.49,0.81,0.81,0.76,0.45,0.08,-0.19,-0.06,0.19,0.07,0.02,0.67,2.17,4.69,6.58,6.32,6.83,6.22,5.80,5.51,5.17,5.01,5.15,5.29,5.33,5.43,5.02,5.05,5.02,5.03,5.07,4.97,4.72,4.50,4.34,4.68,4.63,5.37,5.63,5.51,4.58,2.64,1.52,1.46,1.68,1.86,1.91,1.91,2.09,1.96,1.86,1.82,1.82,1.88,1.88,2.13
0.65,0.76,0.63,0.51,0.59,0.72,0.48,0.53,0.54,0.54,0.54,0.54,0.82,0.81,0.59,0.38,0.33,0.30,0.28,0.22,-0.02,-0.19,-0.24,-0.23,-0.26,-0.56,-0.71,-0.61,-0.83,-0.81,-0.83,-0.68,-0.42,-0.47,-0.63,-0.52,-0.51,-0.53,-0.58,-0.77,-0.86,-0.68,-0.54,-0.61,-0.61,-0.47,-0.48,-0.61,-0.51,-0.49,-0.66,-0.58,-0.46,-0.42,-0.53,-0.46,-0.57,-0.61,-0.52,-0.49,-0.46,-0.47,-0.62,-0.72,-0.76,-0.61,-0.52,-0.73,-0.46,-0.61,-0.43,-0.52,-0.51,-0.63,-0.38,-0.09,0.07,-0.22,-0.24,-0.06,-0.22,-0.13,-0.08,-0.13,-0.18,-0.12,0.12,-0.07,-0.14,-0.19,-0.29,-0.27,-0.29,-0.22,-0.27,-0.12,0.10,0.30,0.01,0.49,0.41,0.54,0.50,0.63,0.41,0.90,0.86,0.65,0.51,0.02,-0.23,-0.13,0.12,0.02,-0.16,0.33,1.68,4.34,6.99,7.39,7.50,7.25,7.01,6.67,6.45,6.25,6.17,6.46,6.66,6.60,6.52,6.21,5.91,5.49,5.05,4.87,4.82,4.61,4.51,4.63,5.03,5.96,6.36,6.23,5.21,2.69,1.53,1.50,1.56,1.66,1.74,1.80,1.88,1.80,1.69,1.67,1.75,1.83,1.92,2.05
0.51,0.54,0.59,0.64,0.75,0.80,0.72,0.70,0.71,0.64,0.49,0.61,0.84,0.65,0.40,0.38,0.46,0.34,0.63,0.02,-0.29,-0.24,-0.07,-0.04,-0.26,-0.48,-0.82,-0.57,-0.93,-0.93,-0.88,-0.77,-0.54,-0.49,-0.72,-0.77,-0.52,-0.53,-0.59,-0.54,-0.81,-0.75,-0.76,-0.82,-0.67,-0.61,-0.67,-0.75,-0.66,-0.67,-0.64,-0.75,-0.47,-0.54,-0.61,-0.52,-0.58,-0.67,-0.61,-0.58,-0.62,-0.61,-0.68,-0.80,-0.72,-0.72,-0.78,-0.77,-0.61,-0.73,-0.49,-0.57,-0.49,-0.76,-0.59,-0.58,-0.52,-0.33,-0.31,-0.28,-0.39,-0.47,-0.26,-0.26,-0.29,-0.11,0.06,-0.24,-0.39,-0.39,-0.42,-0.46,-0.66,-0.59,-0.47,-0.28,-0.07,0.03,-0.02,0.24,0.39,0.38,0.30,0.50,0.40,0.67,0.77,0.65,0.34,-0.06,-0.16,-0.01,0.19,0.12,-0.11,0.24,1.28,4.16,7.33,8.23,8.20,8.19,8.05,7.65,7.47,7.60,7.79,8.10,8.63,8.60,8.64,8.97,7.95,7.09,6.54,5.95,5.29,4.91,4.92,5.03,5.67,6.54,6.90,6.60,5.39,2.52,1.31,1.25,1.39,1.52,1.62,1.61,1.83,1.69,1.62,1.58,1.62,1.78,1.86,1.95
0.39,0.48,0.46,0.64,0.82,0.64,0.91,0.80,0.70,0.50,0.33,0.39,0.61,0.46,0.24,0.24,0.40,0.37,-0.04,-0.06,-0.32,-0.43,-0.27,-0.21,-0.41,-0.64,-0.92,-0.62,-1.06,-1.02,-0.97,-0.86,-0.71,-0.69,-0.69,-0.62,-0.62,-0.47,-0.95,-0.76,-0.76,-0.78,-0.90,-0.81,-0.69,-0.77,-0.62,-0.66,-0.72,-0.82,-0.71,-0.76,-0.56,-0.63,-0.67,-0.56,-0.61,-0.76,-0.63,-0.56,-0.62,-0.63,-0.68,-0.75,-0.67,-0.66,-0.77,-0.78,-0.59,-0.58,-0.41,-0.69,-0.67,-0.76,-0.57,-0.73,-0.44,-0.34,-0.29,-0.28,-0.46,-0.42,-0.31,-0.52,-0.46,-0.31,-0.09,-0.31,-0.52,-0.53,-0.57,-0.57,-0.64,-0.68,-0.80,-0.63,-0.38,-0.22,-0.06,-0.07,0.15,0.10,0.13,0.22,0.17,0.30,0.49,0.54,0.23,-0.03,-0.07,0.01,0.19,0.22,0.02,0.23,1.19,3.49,7.33,8.60,9.25,9.04,8.96,8.67,8.56,8.52,8.25,8.63,9.29,9.69,9.63,9.57,8.63,7.58,6.82,6.26,5.86,5.72,5.64,6.09,6.81,7.68,8.00,7.31,5.50,2.54,1.15,0.81,0.98,1.25,1.31,1.11,1.49,1.53,1.35,1.18,1.27,1.69,1.60,1.55
0.12,0.32,0.39,0.49,0.55,0.51,0.75,0.76,0.59,0.44,0.35,0.30,0.46,0.30,0.27,0.33,0.34,0.27,0.23,-0.01,-0.29,-0.34,-0.33,-0.33,-0.42,-0.63,-0.76,-0.69,-0.96,-0.98,-0.91,-0.76,-0.69,-0.69,-0.75,-0.81,-0.72,-0.66,-0.87,-0.75,-0.82,-0.95,-0.93,-0.90,-0.85,-0.80,-0.82,-0.81,-0.78,-1.08,-0.71,-0.77,-0.57,-0.68,-0.73,-0.71,-0.80,-0.83,-0.63,-0.59,-0.63,-0.66,-0.66,-0.62,-0.75,-0.66,-0.66,-0.73,-0.66,-0.68,-0.56,-0.80,-0.72,-0.71,-0.63,-0.72,-0.62,-0.48,-0.49,-0.37,-0.73,-0.59,-0.49,-0.59,-0.58,-0.47,-0.29,-0.39,-0.62,-0.73,-0.69,-0.62,-0.67,-0.57,-0.75,-0.62,-0.56,-0.28,-0.28,-0.29,-0.04,-0.13,-0.02,-0.08,-0.11,0.08,0.13,0.29,0.22,-0.04,-0.09,-0.08,0.10,0.22,-0.14,0.06,0.98,2.36,6.22,8.48,9.72,10.12,10.12,9.98,9.88,9.56,9.04,9.66,10.37,10.11,10.51,10.07,9.11,8.14,7.49,7.09,6.81,7.08,7.31,7.91,8.51,8.96,9.09,8.17,5.52,2.64,1.51,1.06,1.01,1.12,1.25,1.18,1.33,1.31,1.24,1.18,1.27,1.46,1.51,1.33
0.20,0.49,0.48,0.38,0.38,0.56,0.61,0.63,0.49,0.46,0.48,0.38,0.35,0.40,0.41,0.39,0.34,0.20,0.09,-0.09,-0.08,-0.16,-0.33,-0.38,-0.37,-0.49,-0.59,-0.62,-0.77,-0.96,-0.73,-0.64,-0.71,-0.76,-0.90,-1.07,-0.81,-0.80,-0.75,-0.72,-0.96,-0.87,-0.80,-0.97,-1.05,-0.83,-0.66,-0.80,-0.92,-1.03,-0.76,-0.80,-0.91,-0.93,-0.75,-0.87,-0.82,-0.73,-0.58,-0.62,-0.64,-0.72,-0.64,-0.56,-0.86,-0.83,-0.77,-0.77,-0.71,-0.86,-0.76,-0.82,-0.77,-0.91,-0.83,-0.68,-0.59,-0.42,-0.61,-0.66,-0.72,-0.61,-0.66,-0.77,-0.72,-0.63,-0.47,-0.51,-0.71,-0.85,-0.77,-0.71,-0.90,-0.71,-0.67,-0.57,-0.59,-0.41,-0.42,-0.37,-0.23,-0.33,-0.07,-0.23,-0.31,-0.04,-0.01,0.14,0.18,0.01,-0.07,-0.02,0.17,0.18,-0.42,-0.13,0.74,1.42,4.67,7.98,9.80,10.82,11.49,11.50,11.20,11.05,10.80,11.35,11.38,10.48,10.71,9.93,9.65,9.11,8.51,8.34,8.03,8.92,9.39,9.78,10.16,10.03,9.52,8.24,4.80,2.49,2.03,1.51,1.18,1.20,1.09,0.97,1.33,1.38,1.30,1.22,1.13,1.33,1.41,1.27
0.14,0.51,0.45,0.38,0.51,0.76,0.72,0.61,0.40,0.43,0.46,0.41,0.33,0.48,0.46,0.45,0.39,0.20,-0.03,0.04,0.04,-0.19,-0.21,-0.17,-0.27,-0.41,-0.39,-0.59,-0.96,-0.91,-0.77,-0.82,-0.93,-0.95,-1.00,-1.08,-0.92,-0.90,-0.73,-0.80,-1.06,-1.00,-1.05,-1.16,-1.12,-1.05,-1.05,-1.16,-1.24,-1.14,-0.81,-0.76,-0.69,-0.83,-0.91,-0.78,-0.71,-0.62,-0.62,-0.52,-0.62,-0.81,-0.73,-0.73,-0.87,-0.83,-0.90,-0.88,-0.68,-0.91,-0.81,-0.83,-0.91,-1.05,-0.85,-0.62,-0.61,-0.49,-0.62,-0.81,-0.71,-0.61,-0.78,-0.90,-0.80,-0.75,-0.57,-0.63,-0.76,-0.80,-0.86,-0.85,-0.95,-0.76,-0.69,-0.62,-0.69,-0.59,-0.49,-0.43,-0.38,-0.41,-0.22,-0.32,-0.41,-0.17,-0.07,0.06,0.08,0.14,0.10,0.02,0.09,0.06,-0.04,-0.08,0.39,0.81,3.71,7.25,10.16,11.91,12.77,12.89,12.82,13.03,12.73,12.59,11.95,9.93,10.19,10.34,10.28,9.91,9.43,9.41,9.25,10.21,10.71,10.80,10.89,10.61,9.54,7.53,4.05,2.53,1.96,1.90,1.75,1.44,1.23,1.25,1.25,1.33,1.38,1.41,1.39,1.39,1.39,1.24
0.09,0.61,0.44,0.46,0.55,0.55,0.51,0.49,0.58,0.49,0.46,0.53,0.48,0.13,0.35,0.35,0.23,0.10,-0.01,0.04,0.07,-0.14,-0.26,-0.44,-0.64,-0.72,-0.76,-0.85,-0.83,-0.78,-0.80,-0.83,-0.88,-0.93,-0.98,-1.02,-0.98,-0.93,-0.83,-0.82,-1.02,-0.93,-0.92,-1.05,-1.15,-1.11,-1.06,-1.05,-1.00,-1.00,-0.83,-1.07,-0.72,-0.83,-0.68,-0.73,-0.66,-0.54,-0.66,-0.66,-0.64,-0.73,-0.67,-0.64,-0.72,-0.68,-0.80,-0.93,-0.80,-0.96,-0.83,-0.98,-1.07,-1.05,-0.91,-0.82,-0.72,-0.72,-0.66,-0.88,-0.76,-0.75,-0.88,-0.97,-0.83,-0.78,-0.64,-0.73,-0.91,-0.90,-1.01,-1.00,-0.98,-0.82,-0.85,-0.68,-0.88,-0.63,-0.71,-0.61,-0.47,-0.42,-0.58,-0.49,-0.48,-0.33,-0.41,-0.24,-0.09,0.06,0.20,0.04,-0.19,-0.18,-0.14,-0.16,0.32,0.90,3.54,7.82,10.49,11.78,12.61,13.08,13.16,13.28,13.54,13.30,11.86,9.36,8.95,10.18,10.69,10.39,10.12,9.90,10.24,10.59,10.84,10.82,10.51,9.82,8.48,6.09,3.19,2.43,2.39,2.36,2.06,1.55,1.68,1.56,1.52,1.66,1.71,1.61,1.74,1.69,1.56,1.38
0.18,0.46,0.32,0.46,0.46,0.38,0.46,0.39,0.49,0.48,0.53,0.55,0.41,0.02,0.23,0.10,-0.03,-0.06,0.02,-0.04,0.02,-0.23,-0.38,-0.44,-0.53,-0.69,-0.81,-0.82,-1.07,-1.00,-0.96,-0.78,-0.83,-0.96,-1.06,-1.05,-1.01,-0.97,-0.88,-0.88,-1.06,-0.95,-0.93,-1.15,-1.19,-1.11,-1.12,-1.11,-1.16,-1.02,-0.95,-0.98,-0.97,-0.97,-0.73,-0.67,-0.68,-0.90,-0.68,-0.61,-0.75,-0.92,-0.88,-0.71,-0.78,-0.78,-0.76,-1.06,-1.07,-1.08,-1.01,-1.22,-1.22,-1.11,-1.22,-1.10,-0.88,-0.82,-0.78,-1.05,-0.78,-1.03,-1.02,-1.05,-0.91,-0.85,-0.78,-0.85,-1.10,-1.20,-1.17,-1.17,-1.21,-1.07,-1.11,-0.91,-0.97,-0.73,-1.07,-0.80,-0.73,-0.68,-0.86,-0.69,-0.63,-0.44,-0.47,-0.21,-0.03,-0.02,-0.06,-0.31,-0.22,-0.06,-0.03,-0.07,0.30,0.93,3.92,7.60,10.26,11.18,11.66,12.38,12.84,13.12,13.52,13.14,11.12,8.63,8.29,9.67,10.55,10.49,10.42,9.90,10.47,10.77,10.77,10.33,9.59,8.66,7.31,4.89,2.71,2.20,2.12,2.18,2.19,1.92,1.86,1.77,1.84,1.97,1.94,1.62,1.69,1.86,1.84,1.72
0.22,0.14,0.23,0.41,0.39,0.40,0.49,0.66,0.66,0.61,0.46,0.44,0.50,0.17,0.50,0.22,-0.09,-0.16,-0.09,-0.18,-0.16,-0.52,-0.41,-0.38,-0.54,-0.67,-0.72,-1.00,-1.02,-0.90,-1.03,-1.19,-1.06,-1.22,-1.30,-1.16,-1.20,-1.06,-0.91,-1.10,-1.20,-1.16,-1.20,-1.26,-1.20,-1.08,-1.07,-1.16,-1.21,-1.16,-1.24,-1.26,-1.06,-1.16,-1.02,-1.01,-0.93,-0.87,-0.88,-0.91,-0.86,-0.86,-0.90,-0.77,-0.76,-0.96,-1.03,-1.16,-1.14,-1.27,-1.29,-1.39,-1.31,-1.14,-1.17,-0.92,-1.11,-1.00,-0.90,-1.07,-0.95,-1.27,-1.27,-1.07,-0.98,-1.00,-0.93,-0.96,-1.17,-1.32,-1.30,-1.34,-1.34,-1.16,-1.36,-1.19,-0.96,-1.21,-1.31,-1.07,-1.01,-1.01,-1.03,-0.93,-0.77,-0.58,-0.54,-0.34,-0.26,-0.34,-0.19,-0.22,-0.38,-0.04,-0.09,-0.43,0.12,0.86,3.67,7.68,10.26,10.94,11.02,11.47,12.06,12.72,13.02,12.28,10.32,8.13,8.31,9.63,10.26,10.13,10.01,9.63,9.79,9.73,9.48,9.04,8.63,7.61,5.50,3.29,1.94,1.67,1.73,1.84,2.01,2.09,1.88,1.77,1.78,1.86,1.79,1.35,1.46,1.62,1.78,1.84
0.10,0.12,0.34,0.37,0.38,0.37,0.39,0.64,0.79,0.59,0.30,0.20,0.14,-0.11,0.06,-0.06,-0.19,-0.22,-0.27,-0.43,-0.38,-0.77,-0.51,-0.51,-0.73,-0.83,-0.86,-1.02,-1.14,-1.17,-1.30,-1.24,-1.39,-1.38,-1.35,-1.40,-1.36,-1.39,-1.12,-1.20,-1.16,-1.34,-1.29,-1.24,-1.19,-1.08,-1.10,-1.16,-1.19,-1.25,-1.21,-1.40,-1.15,-1.07,-1.14,-1.06,-1.19,-1.06,-1.07,-0.97,-0.92,-0.98,-1.10,-1.15,-1.10,-1.17,-1.14,-1.03,-1.05,-1.49,-1.24,-1.50,-1.38,-1.19,-1.21,-0.92,-0.85,-1.01,-0.87,-1.12,-1.08,-1.11,-1.44,-1.15,-1.06,-1.12,-0.97,-1.08,-1.20,-1.19,-1.27,-1.21,-1.35,-1.20,-1.32,-1.19,-0.97,-1.22,-1.05,-0.82,-0.91,-0.72,-0.93,-0.78,-0.78,-0.54,-0.42,-0.36,-0.23,-0.23,-0.22,-0.18,-0.27,-0.11,-0.07,-0.12,0.20,0.92,3.41,7.32,10.27,11.22,11.08,11.07,11.53,12.06,12.32,11.45,9.67,8.08,8.30,9.57,10.13,9.76,9.77,9.62,9.63,9.31,9.10,8.72,7.90,6.43,4.16,2.26,1.15,1.04,1.17,1.22,1.36,1.68,1.58,1.46,1.33,1.39,1.64,1.00,1.17,1.58,1.69,1.72
0.08,0.22,0.39,0.32,0.35,0.27,0.23,0.46,0.55,0.22,0.07,0.06,0.02,-0.08,-0.32,-0.14,-0.18,-0.19,-0.33,-0.57,-0.59,-0.91,-0.76,-0.73,-0.86,-0.96,-1.00,-1.05,-1.12,-1.27,-1.21,-1.44,-1.41,-1.29,-1.25,-1.29,-1.35,-1.31,-1.12,-1.02,-1.16,-1.34,-1.35,-1.27,-1.16,-1.07,-1.15,-1.25,-1.17,-1.12,-1.03,-1.34,-1.17,-1.03,-0.98,-1.17,-0.96,-1.12,-1.29,-1.21,-1.17,-1.08,-1.11,-1.01,-0.92,-1.21,-1.44,-1.35,-1.31,-1.32,-1.24,-1.50,-1.31,-1.40,-1.16,-0.82,-1.08,-0.91,-0.91,-1.07,-1.07,-1.26,-1.43,-1.16,-1.12,-1.16,-1.00,-1.15,-1.32,-1.24,-1.29,-1.38,-1.63,-1.24,-1.27,-1.24,-0.90,-1.01,-1.17,-1.27,-1.36,-0.73,-0.86,-0.66,-0.75,-0.51,-0.26,-0.11,0.08,0.14,0.17,-0.01,-0.03,0.01,-0.38,0.01,0.29,0.74,2.94,6.66,9.93,11.35,11.27,11.09,11.55,11.66,11.83,11.11,9.10,7.58,8.22,9.68,10.11,9.71,9.95,9.42,9.43,9.34,9.18,8.66,7.46,5.50,2.96,1.74,0.81,0.70,0.84,0.75,0.65,0.98,0.88,0.74,0.67,0.67,0.58,0.23,0.25,0.51,0.71,0.81
0.10,0.04,0.01,0.15,0.37,0.24,0.14,0.24,0.18,-0.16,-0.02,0.10,0.04,-0.13,-0.51,-0.44,-0.28,-0.21,-0.31,-0.61,-0.92,-1.05,-0.86,-0.83,-0.85,-0.92,-1.03,-1.08,-1.01,-1.08,-1.12,-1.48,-1.35,-1.29,-1.25,-1.15,-1.10,-1.17,-1.25,-1.08,-1.40,-1.30,-1.27,-1.19,-1.25,-1.15,-1.22,-1.36,-1.19,-1.05,-1.12,-1.38,-1.25,-1.24,-1.14,-1.32,-1.22,-1.30,-1.45,-1.34,-1.30,-1.22,-1.32,-1.44,-1.30,-1.20,-1.22,-1.21,-1.44,-1.38,-1.26,-1.49,-1.50,-1.22,-1.59,-1.14,-1.06,-1.03,-1.06,-1.17,-1.22,-1.39,-1.35,-1.24,-1.14,-1.06,-1.12,-1.41,-1.44,-1.29,-1.46,-1.34,-1.73,-1.41,-1.16,-1.36,-1.43,-1.36,-1.46,-1.30,-1.32,-0.87,-0.85,-0.81,-0.81,-0.63,-0.22,-0.01,-0.08,-0.09,0.06,-0.01,-0.04,-0.06,-0.47,0.14,0.30,0.48,2.31,5.59,8.94,10.86,11.14,11.22,11.68,11.58,11.49,10.61,8.93,7.38,7.96,9.69,10.33,9.88,9.66,9.34,9.49,9.43,9.49,8.87,7.09,4.82,2.45,1.63,0.95,0.72,0.82,0.77,0.50,0.74,0.61,0.37,0.23,0.20,-0.01,-0.44,-0.24,-0.08,0.13,0.44
0.12,0.09,0.06,-0.04,0.08,0.09,0.04,0.04,0.08,-0.27,0.03,0.06,-0.13,-0.29,-0.34,-0.26,-0.24,-0.24,-0.43,-0.66,-0.51,-0.88,-0.78,-0.82,-0.85,-0.93,-1.07,-1.17,-1.12,-1.10,-1.26,-1.39,-1.39,-1.39,-1.31,-1.22,-1.20,-1.25,-1.36,-1.44,-1.74,-1.31,-1.40,-1.40,-1.50,-1.44,-1.43,-1.41,-1.25,-1.26,-1.40,-1.51,-1.40,-1.41,-1.31,-1.30,-1.43,-1.53,-1.55,-1.50,-1.53,-1.38,-1.34,-1.40,-1.44,-1.48,-1.45,-1.44,-1.45,-1.58,-1.55,-1.67,-1.67,-1.27,-1.40,-1.29,-1.16,-1.14,-1.31,-1.38,-1.44,-1.48,-1.35,-1.30,-1.49,-1.43,-1.27,-1.30,-1.46,-1.65,-1.59,-1.54,-1.90,-1.57,-1.30,-1.55,-1.49,-1.32,-1.40,-1.53,-1.41,-1.15,-1.03,-1.05,-0.91,-0.42,-0.04,0.06,-0.03,-0.11,0.02,-0.08,-0.07,-0.03,-0.33,0.14,0.37,0.44,1.80,4.47,7.64,10.06,10.98,11.64,11.68,11.29,10.93,10.00,9.14,7.80,7.88,9.48,10.03,9.77,9.61,9.52,9.82,9.95,9.98,9.23,6.99,4.32,2.14,1.42,0.96,0.77,0.70,0.63,0.71,0.76,0.53,0.22,0.01,-0.07,-0.32,-0.52,-0.44,-0.24,-0.06,0.14
0.18,0.29,0.23,0.37,0.17,0.22,0.22,0.08,-0.09,-0.18,-0.06,-0.17,-0.33,-0.43,-0.36,-0.32,-0.51,-0.43,-0.43,-0.63,-0.97,-1.01,-0.87,-1.12,-1.35,-1.22,-1.24,-1.39,-1.36,-1.32,-1.53,-1.46,-1.54,-1.48,-1.41,-1.34,-1.29,-1.25,-1.08,-1.20,-1.46,-1.57,-1.48,-1.45,-1.32,-1.26,-1.38,-1.39,-1.32,-1.49,-1.57,-1.53,-1.55,-1.53,-1.34,-1.35,-1.50,-1.64,-1.57,-1.54,-1.63,-1.58,-1.48,-1.43,-1.48,-1.50,-1.45,-1.55,-1.51,-1.51,-1.49,-1.79,-1.60,-1.44,-1.31,-1.38,-1.30,-1.35,-1.36,-1.34,-1.40,-1.48,-1.46,-1.45,-1.71,-1.63,-1.31,-1.30,-1.59,-1.87,-1.69,-1.62,-1.73,-1.49,-1.54,-1.77,-1.68,-1.43,-1.48,-1.49,-1.40,-1.32,-1.20,-0.98,-0.93,-0.61,-0.16,0.02,0.07,-0.01,0.10,-0.06,-0.01,0.13,-0.17,-0.07,0.29,0.48,1.52,3.93,6.98,9.52,11.17,12.47,11.78,11.40,10.78,9.89,8.94,8.02,8.23,9.75,10.26,9.78,9.80,9.96,10.48,10.71,10.50,9.43,6.96,4.07,1.71,0.88,0.40,0.32,0.53,0.45,0.58,0.43,0.23,0.06,-0.06,-0.08,-0.32,-0.44,-0.43,-0.32,-0.17,-0.19
0.12,0.25,0.28,0.25,0.01,0.10,0.18,-0.04,-0.41,-0.26,-0.36,-0.26,-0.38,-0.51,-0.53,-0.67,-0.71,-0.64,-0.62,-0.71,-0.91,-1.07,-0.87,-1.20,-1.20,-1.15,-1.22,-1.35,-1.38,-1.44,-1.72,-1.67,-1.63,-1.46,-1.46,-1.41,-1.46,-1.43,-1.20,-1.35,-1.40,-1.54,-1.48,-1.44,-1.69,-1.49,-1.38,-1.43,-1.41,-1.44,-1.57,-1.49,-1.62,-1.71,-1.46,-1.57,-1.57,-1.57,-1.59,-1.50,-1.65,-1.63,-1.53,-1.43,-1.48,-1.54,-1.50,-1.58,-1.50,-1.54,-1.48,-1.76,-1.46,-1.45,-1.39,-1.26,-1.10,-1.24,-1.27,-1.32,-1.49,-1.45,-1.41,-1.50,-1.49,-1.35,-1.36,-1.53,-1.77,-1.92,-1.51,-1.24,-1.71,-1.36,-1.69,-1.53,-1.54,-1.19,-1.44,-1.39,-1.57,-1.38,-1.20,-0.92,-0.78,-0.56,-0.18,-0.01,0.07,0.03,0.14,0.08,0.09,0.23,-0.03,-0.21,0.09,0.45,1.64,4.15,6.99,9.12,10.99,12.15,11.73,11.02,10.65,9.96,9.02,8.20,8.40,9.77,10.18,9.86,9.89,10.31,11.02,11.25,10.74,9.41,6.74,3.88,1.72,0.97,0.56,0.30,0.40,0.25,0.45,0.27,0.13,0.02,-0.19,-0.32,-0.36,-0.43,-0.34,-0.26,-0.32,-0.22
-0.06,0.10,0.14,-0.18,-0.21,-0.07,0.01,-0.11,-0.24,-0.23,0.07,-0.34,-0.54,-0.56,-0.69,-0.91,-0.77,-0.80,-0.80,-0.77,-0.82,-0.97,-0.82,-1.16,-1.34,-1.26,-1.45,-1.58,-1.55,-1.62,-1.69,-1.62,-1.58,-1.39,-1.35,-1.41,-1.48,-1.41,-1.35,-1.36,-1.40,-1.40,-1.39,-1.32,-1.26,-1.16,-1.27,-1.40,-1.38,-1.35,-1.51,-1.58,-1.51,-1.81,-1.69,-1.68,-1.50,-1.57,-1.72,-1.57,-1.72,-1.59,-1.55,-1.48,-1.51,-1.62,-1.65,-1.67,-1.60,-1.71,-1.57,-1.77,-1.64,-1.38,-1.30,-1.39,-1.25,-1.40,-1.27,-1.45,-1.58,-1.48,-1.49,-1.58,-1.55,-1.49,-1.46,-1.43,-1.59,-1.82,-1.64,-1.44,-1.69,-1.31,-1.76,-1.48,-1.51,-1.22,-1.35,-1.57,-1.59,-1.24,-1.11,-0.98,-0.73,-0.38,-0.07,-0.07,-0.04,0.09,0.12,0.14,0.04,0.13,0.17,0.03,0.22,0.50,1.68,4.31,7.33,9.21,10.14,10.94,10.94,10.75,10.29,9.67,8.57,7.69,8.10,9.44,10.01,10.07,10.10,10.69,11.12,11.15,10.52,9.14,6.52,3.36,1.52,0.70,0.35,0.18,0.28,0.13,0.27,0.25,0.17,0.06,-0.26,-0.46,-0.37,-0.52,-0.41,-0.08,-0.22,-0.08
-0.18,-0.02,-0.11,-0.38,-0.26,-0.33,-0.19,-0.24,-0.36,-0.21,-0.26,-0.57,-0.71,-0.87,-0.95,-0.77,-0.77,-0.85,-0.86,-0.81,-0.83,-0.86,-0.80,-1.08,-1.22,-1.11,-1.15,-1.36,-1.49,-1.45,-1.50,-1.68,-1.45,-1.39,-1.22,-1.30,-1.35,-1.35,-1.31,-1.32,-1.41,-1.45,-1.39,-1.62,-1.29,-1.35,-1.50,-1.46,-1.44,-1.50,-1.50,-1.48,-1.83,-1.87,-1.63,-1.79,-1.76,-1.82,-1.82,-1.73,-1.74,-1.72,-1.81,-1.72,-1.63,-1.68,-1.82,-1.88,-1.72,-1.79,-1.72,-1.82,-1.82,-1.43,-1.48,-1.46,-1.46,-1.59,-1.41,-1.45,-1.44,-1.46,-1.60,-1.69,-1.59,-1.57,-1.51,-1.36,-1.62,-1.83,-1.69,-1.81,-1.88,-1.43,-1.72,-1.65,-1.58,-1.51,-1.48,-1.76,-1.50,-1.10,-1.06,-1.03,-0.80,-0.46,-0.13,-0.13,-0.16,0.13,0.09,0.07,-0.24,-0.09,0.06,-0.02,0.25,0.66,1.58,3.97,7.31,9.59,10.28,10.73,10.64,10.37,10.08,9.50,8.21,6.85,7.14,8.72,9.98,10.50,10.84,11.31,11.17,10.60,9.95,8.20,5.44,2.68,1.06,0.49,0.40,0.35,0.40,0.29,0.39,0.35,0.25,0.10,-0.11,-0.29,-0.24,-0.47,-0.63,-0.39,-0.29,-0.23
-0.17,-0.18,-0.22,-0.19,-0.22,-0.51,-0.36,-0.34,-0.28,-0.19,-0.59,-0.43,-0.62,-0.73,-0.76,-0.75,-0.64,-0.88,-0.82,-0.86,-0.95,-0.91,-0.90,-1.03,-1.16,-1.10,-1.36,-1.60,-1.57,-1.43,-1.57,-1.68,-1.62,-1.32,-1.44,-1.43,-1.53,-1.41,-1.29,-1.40,-1.54,-1.57,-1.55,-1.65,-1.49,-1.51,-1.55,-1.60,-1.55,-1.53,-1.60,-1.67,-1.87,-1.79,-2.05,-1.86,-1.82,-1.67,-1.91,-1.78,-1.78,-1.76,-1.82,-1.79,-1.82,-1.86,-1.97,-2.02,-1.76,-1.83,-1.86,-1.87,-1.83,-1.62,-1.81,-1.45,-1.51,-1.60,-1.58,-1.48,-1.48,-1.64,-1.77,-1.73,-1.60,-1.62,-1.60,-1.53,-1.79,-1.93,-1.65,-1.93,-1.97,-1.54,-1.69,-1.85,-1.59,-1.58,-1.63,-1.63,-1.43,-1.17,-1.14,-1.05,-0.75,-0.46,-0.16,0.04,0.10,0.03,0.06,0.32,-0.06,0.13,-0.01,-0.01,0.17,0.48,1.45,3.72,7.00,9.81,10.61,10.43,10.37,10.05,9.73,9.17,7.76,6.04,5.91,7.85,9.92,10.95,11.92,12.08,11.53,10.49,8.93,6.98,4.22,1.86,0.76,0.38,0.30,0.25,0.25,0.30,0.40,0.35,0.22,0.10,0.12,-0.26,-0.27,-0.36,-0.48,-0.42,-0.18,-0.33
-0.07,0.03,0.03,-0.07,-0.24,-0.39,-0.44,-0.42,-0.37,-0.39,-0.53,-0.62,-0.68,-0.78,-1.01,-1.17,-1.11,-0.86,-0.76,-0.93,-1.10,-1.08,-0.97,-1.01,-1.27,-1.22,-1.51,-1.65,-1.59,-1.51,-1.59,-1.71,-1.65,-1.39,-1.40,-1.29,-1.29,-1.38,-1.40,-1.51,-1.72,-1.55,-1.67,-1.59,-1.67,-1.59,-1.54,-1.65,-1.60,-1.57,-1.72,-1.78,-1.82,-1.96,-1.95,-1.90,-1.91,-1.81,-1.86,-1.82,-2.05,-1.90,-1.78,-1.79,-1.79,-1.74,-1.82,-1.97,-2.00,-1.99,-1.88,-2.06,-1.93,-1.72,-1.77,-1.48,-1.57,-1.62,-1.71,-1.69,-1.69,-1.86,-1.82,-1.68,-1.64,-1.73,-1.73,-1.67,-1.79,-1.92,-1.85,-1.92,-1.83,-1.63,-1.83,-1.91,-1.60,-1.50,-1.50,-1.51,-1.30,-1.16,-1.20,-0.98,-0.58,-0.33,-0.22,-0.21,-0.14,0.08,0.14,0.08,-0.19,-0.09,-0.03,-0.02,0.12,0.50,1.36,3.35,6.63,9.70,10.67,10.41,10.33,10.17,9.66,8.67,6.98,5.12,4.91,7.49,9.70,10.71,11.63,11.62,10.99,10.05,8.08,6.07,3.50,1.45,0.64,0.48,0.35,0.04,0.07,0.03,0.08,0.07,-0.03,-0.11,-0.41,-0.52,-0.23,-0.08,-0.29,-0.47,-0.44,-0.53
-0.27,-0.29,-0.31,-0.29,-0.36,-0.33,-0.43,-0.59,-0.61,-0.56,-0.58,-0.90,-1.06,-1.05,-1.07,-1.19,-1.15,-0.90,-0.73,-0.80,-1.15,-1.24,-0.97,-1.07,-1.43,-1.27,-1.49,-1.50,-1.59,-1.60,-1.46,-1.63,-1.53,-1.43,-1.43,-1.38,-1.59,-1.44,-1.31,-1.50,-1.59,-1.50,-1.58,-1.77,-1.73,-1.63,-1.57,-1.60,-1.59,-1.73,-1.93,-1.90,-1.85,-2.10,-2.13,-1.96,-1.87,-1.76,-1.74,-1.81,-2.05,-2.07,-1.97,-1.92,-2.04,-1.88,-1.73,-1.82,-1.76,-1.87,-1.85,-2.04,-1.88,-1.68,-1.54,-1.40,-1.74,-1.60,-1.81,-1.72,-1.54,-1.71,-1.64,-1.58,-1.62,-1.62,-1.64,-1.65,-1.74,-1.87,-1.92,-1.85,-2.16,-1.88,-1.82,-1.91,-1.59,-1.76,-1.54,-1.57,-1.29,-1.00,-1.05,-0.92,-0.57,-0.47,-0.31,-0.04,-0.13,-0.03,-0.04,0.06,-0.19,-0.04,0.14,0.13,0.13,0.38,1.25,3.35,6.65,9.58,10.24,10.58,10.66,10.61,10.01,8.50,6.30,4.26,4.31,7.14,9.02,9.80,10.41,10.98,10.80,9.57,8.03,5.96,3.28,1.28,0.46,0.43,0.39,-0.14,0.09,-0.13,-0.21,-0.09,0.07,0.20,-0.44,-0.53,-0.49,-0.39,-0.32,-0.58,-0.47,-0.41
-0.42,-0.38,-0.29,-0.24,-0.21,-0.18,-0.47,-0.53,-0.53,-0.62,-0.78,-0.91,-1.15,-1.10,-1.14,-1.20,-1.17,-0.98,-0.85,-1.03,-1.26,-1.26,-1.20,-1.39,-1.35,-1.17,-1.43,-1.48,-1.65,-1.64,-1.53,-1.59,-1.48,-1.63,-1.55,-1.58,-1.32,-1.30,-1.40,-1.49,-1.64,-1.68,-1.68,-1.63,-1.68,-1.55,-1.62,-1.57,-1.58,-1.79,-1.95,-1.88,-1.97,-2.15,-1.97,-2.02,-1.87,-1.82,-1.73,-1.86,-2.04,-2.09,-1.99,-1.86,-1.83,-1.88,-1.91,-1.82,-1.79,-2.05,-1.92,-1.95,-1.95,-1.63,-1.65,-1.44,-1.72,-1.58,-1.69,-1.58,-1.73,-1.71,-1.71,-1.64,-1.65,-1.77,-1.73,-1.63,-1.64,-1.62,-1.73,-1.86,-2.13,-1.74,-1.92,-1.65,-1.78,-1.62,-1.34,-1.34,-1.36,-1.29,-1.16,-0.90,-0.72,-0.52,0.04,-0.26,-0.06,-0.16,-0.03,-0.09,-0.23,0.03,0.01,0.09,0.19,0.37,1.36,3.49,6.91,9.62,9.90,10.60,10.92,10.71,9.90,8.06,5.28,3.48,3.44,6.33,8.69,9.70,10.03,10.33,10.42,9.67,8.58,6.22,3.23,1.23,0.37,0.22,0.15,-0.29,0.04,-0.12,-0.21,-0.16,-0.21,-0.04,-0.41,-0.53,-0.57,-0.57,-0.37,-0.52,-0.44,-0.28
-0.54,-0.49,-0.51,-0.49,-0.47,-0.63,-0.56,-0.57,-0.53,-0.57,-0.72,-0.81,-0.82,-1.05,-1.16,-1.16,-1.11,-0.93,-0.87,-1.05,-1.19,-1.11,-1.17,-1.45,-1.34,-1.21,-1.43,-1.60,-1.60,-1.64,-1.63,-1.57,-1.59,-1.57,-1.48,-1.29,-1.32,-1.41,-1.54,-1.59,-1.53,-1.60,-1.68,-1.60,-1.67,-1.57,-1.58,-1.57,-1.58,-1.73,-1.78,-1.82,-2.06,-2.11,-1.86,-2.02,-2.02,-1.97,-1.67,-1.79,-1.92,-2.07,-2.02,-1.90,-1.92,-2.01,-2.09,-2.05,-1.81,-1.81,-1.87,-1.86,-2.10,-1.87,-1.65,-1.68,-1.99,-1.59,-1.77,-1.63,-1.62,-1.51,-1.64,-1.81,-1.93,-1.92,-1.81,-1.83,-1.83,-2.11,-2.05,-2.10,-2.37,-1.59,-1.95,-1.83,-1.74,-1.50,-1.57,-1.44,-1.26,-1.15,-1.14,-1.07,-0.81,-0.53,-0.07,-0.24,0.23,-0.18,0.02,0.03,-0.07,0.14,0.03,0.02,0.25,0.51,1.55,3.48,6.97,9.65,10.29,10.74,11.03,10.92,9.89,7.58,4.63,2.86,3.80,6.17,8.43,9.78,10.22,10.39,10.48,9.86,8.58,6.21,3.26,1.31,0.45,0.23,0.07,-0.32,-0.07,-0.14,-0.32,-0.32,-0.48,-0.11,-0.38,-0.53,-0.53,-0.52,-0.47,-0.36,-0.39,-0.34
