-0.16,-0.49,-0.71,-0.78,-0.67,-1.10,-1.29,-1.35,-1.63,-3.00,-3.74,-5.28,-6.66,-7.49,-8.19,-8.80,-8.88,-9.12,-9.20,-9.23,-9.37,-9.20,-9.68,-9.86,-9.88,-10.03,-10.13,-9.93,-9.77,-10.09,-10.42,-9.74,-9.50,-9.04,-8.95,-9.02,-9.05,-9.23,-9.04,-9.20,-9.08,-9.32,-9.16,-9.06,-9.06,-9.02,-8.99,-8.99,-9.08,-9.12,-9.06,-9.06,-9.41,-9.50,-9.78,-10.16,-10.47,-10.49,-9.82,-7.82,-4.95,-2.84,-1.82,-0.86,-0.56,-0.66,-0.51,-0.29,-0.41,-0.41,-0.27,-0.14,-0.23,-0.18,-0.22,-0.22,-0.17,-0.07,-0.04,-0.41,-0.43,-0.54,-0.54,-0.73,-0.97,-1.11,-1.39,-1.50,-1.79,-2.25,-2.52,-2.66,-2.52,-2.34,-2.33,-2.56,-2.70,-2.68,-3.10,-3.61,-4.25,-5.42,-6.62,-7.75,-8.76,-8.95,-8.05,-6.28,-4.14,-2.09,-0.49,0.33,0.66,1.00,0.93,1.01,1.53,1.40,1.49,1.58,1.73,1.71,1.40,0.98,0.79,0.60,0.70,0.74,1.02,1.23,1.28,1.30,1.38,1.47,1.64,1.58,1.86,2.05,1.96,1.90,1.97,2.05,2.05,2.08,2.17,2.19,2.13,2.16,2.24,2.09,1.90,1.74,1.44,1.09,1.04,1.14,1.29,1.35,1.24,1.04
-0.12,-0.34,-0.58,-0.80,-0.58,-0.97,-1.21,-0.96,-0.95,-2.18,-3.13,-4.50,-5.77,-6.55,-7.13,-8.00,-8.23,-8.40,-8.63,-8.84,-8.97,-8.77,-9.20,-9.06,-9.11,-9.26,-9.48,-9.53,-9.26,-9.22,-9.23,-9.20,-9.04,-9.13,-9.12,-8.99,-9.04,-9.16,-8.95,-9.05,-9.16,-9.13,-9.12,-9.09,-9.01,-8.87,-8.88,-9.06,-8.92,-8.79,-8.69,-8.97,-9.06,-9.11,-9.08,-9.39,-9.58,-9.16,-7.64,-5.21,-3.08,-1.96,-1.19,-0.73,-0.46,-0.18,-0.21,-0.06,-0.22,-0.29,-0.21,-0.09,-0.11,-0.12,-0.01,0.19,0.09,-0.06,-0.11,-0.31,-0.27,-0.41,-0.48,-0.27,-0.66,-1.12,-1.08,-1.27,-1.45,-1.90,-2.33,-2.43,-2.55,-2.45,-2.33,-2.48,-2.55,-2.47,-2.72,-2.92,-3.23,-3.82,-4.78,-5.89,-7.04,-7.93,-8.11,-7.12,-5.23,-2.86,-0.88,0.25,0.88,1.19,1.07,1.13,1.39,1.39,1.41,1.69,1.72,1.52,1.30,1.07,0.81,0.56,0.63,0.67,1.03,1.25,1.39,1.42,1.49,1.72,1.66,1.88,2.19,2.08,2.00,2.13,2.25,2.19,2.18,2.16,2.09,1.85,1.64,1.73,1.74,1.56,1.12,0.92,0.95,0.86,0.51,0.70,0.84,0.81,0.72,0.56
-0.07,-0.23,-0.38,-0.73,-0.73,-0.90,-1.16,-1.24,-1.06,-1.99,-2.25,-3.15,-4.45,-5.48,-6.65,-7.53,-7.89,-8.05,-8.26,-8.60,-8.62,-8.55,-8.74,-8.52,-8.54,-8.56,-8.58,-8.87,-8.49,-8.00,-8.09,-8.02,-8.01,-7.94,-8.00,-8.26,-8.58,-8.58,-8.83,-8.74,-8.98,-8.98,-8.98,-9.04,-8.90,-8.66,-8.60,-8.80,-8.69,-8.67,-8.63,-8.73,-9.12,-8.87,-8.83,-8.85,-8.52,-7.50,-5.60,-3.43,-1.99,-1.26,-0.97,-0.37,-0.29,-0.33,-0.04,-0.23,-0.08,-0.07,0.03,-0.07,-0.21,-0.01,0.18,0.19,0.02,-0.04,0.01,-0.16,-0.13,-0.06,-0.22,-0.13,-0.62,-0.72,-1.07,-1.16,-1.22,-1.54,-2.05,-2.15,-2.13,-2.20,-2.20,-2.30,-2.45,-2.50,-2.43,-2.39,-2.95,-2.95,-3.32,-4.25,-5.15,-6.36,-7.12,-7.18,-6.05,-3.63,-1.30,0.23,1.08,1.28,1.28,1.39,1.58,1.49,1.57,1.71,1.78,1.62,1.36,1.11,0.80,0.56,0.71,0.65,1.06,1.24,1.47,1.57,1.60,1.67,1.53,1.68,2.03,2.02,1.94,1.73,1.63,1.79,1.73,1.66,1.47,1.14,0.97,0.95,0.92,0.81,0.30,0.17,0.33,0.45,0.23,0.58,0.39,0.35,0.35,0.19
-0.02,-0.06,-0.07,-0.48,-0.57,-0.72,-0.97,-1.20,-1.24,-1.49,-2.13,-2.87,-3.73,-4.66,-6.23,-7.16,-7.63,-7.90,-8.12,-8.36,-8.29,-8.24,-8.22,-8.13,-8.22,-8.30,-8.22,-8.31,-8.54,-8.26,-8.07,-7.52,-7.30,-7.12,-6.98,-7.27,-7.90,-8.00,-8.41,-8.36,-8.63,-8.80,-8.83,-8.79,-8.74,-8.66,-8.58,-8.54,-8.36,-8.60,-8.56,-8.48,-8.52,-8.59,-8.52,-8.38,-7.74,-6.08,-3.99,-2.43,-1.51,-0.87,-0.43,-0.34,-0.13,-0.34,0.09,0.10,-0.06,0.02,0.14,-0.01,-0.12,0.06,0.17,0.20,0.15,0.03,0.07,0.15,0.10,-0.06,-0.06,-0.29,-0.31,-0.17,-0.58,-0.76,-0.76,-1.07,-1.54,-1.81,-1.88,-1.96,-1.95,-2.04,-2.19,-2.32,-2.33,-2.05,-2.42,-2.38,-2.84,-3.23,-3.71,-4.39,-4.93,-5.88,-5.95,-4.00,-1.55,0.22,1.07,1.24,1.25,1.41,1.64,1.44,1.51,1.55,1.72,1.45,1.17,1.04,0.76,0.43,0.74,0.56,0.93,1.06,1.30,1.38,1.35,1.33,1.19,1.30,1.55,1.50,1.42,1.22,0.95,0.87,1.18,0.64,0.51,0.38,0.29,0.27,0.18,0.22,-0.04,-0.06,0.06,0.12,-0.02,-0.12,-0.21,-0.27,-0.22,-0.08
-0.16,0.03,-0.18,-0.34,-0.37,-0.57,-1.03,-1.31,-1.53,-1.87,-2.36,-3.15,-4.07,-4.83,-6.07,-6.93,-7.35,-7.69,-8.01,-7.90,-7.83,-8.27,-8.04,-7.96,-8.05,-8.11,-8.09,-8.08,-8.19,-8.09,-7.76,-7.41,-7.15,-6.62,-6.04,-6.34,-7.37,-7.71,-7.98,-8.12,-8.37,-8.58,-8.66,-8.62,-8.48,-8.34,-8.41,-8.69,-8.55,-8.33,-8.41,-8.31,-8.23,-8.23,-8.23,-7.90,-6.67,-4.67,-2.79,-1.63,-1.03,-0.68,-0.38,-0.28,-0.17,-0.19,0.01,0.19,0.01,0.03,0.19,0.17,0.09,0.08,0.09,0.08,0.04,0.08,0.14,0.30,0.12,0.01,0.12,-0.06,-0.06,-0.07,-0.36,-0.44,-0.59,-0.82,-1.26,-1.51,-1.68,-1.83,-2.01,-2.19,-2.23,-2.19,-2.24,-2.29,-2.33,-2.34,-2.29,-2.63,-2.78,-3.03,-2.92,-4.05,-4.66,-3.62,-1.53,0.18,1.01,1.22,1.15,1.27,1.56,1.14,1.41,1.45,1.56,1.34,1.11,0.88,0.54,0.18,0.37,0.44,0.77,0.93,1.02,0.96,0.91,0.80,0.54,0.72,0.93,0.60,0.67,0.38,0.02,-0.02,0.09,0.19,0.01,-0.03,-0.01,-0.08,-0.26,-0.11,-0.24,-0.24,-0.08,0.01,-0.18,-0.06,0.20,0.35,0.39,0.38
-0.42,-0.28,-0.34,-0.24,-0.39,-0.72,-1.07,-1.46,-1.93,-2.29,-3.12,-4.10,-4.92,-5.54,-6.28,-6.96,-7.24,-7.45,-8.00,-7.69,-7.89,-8.08,-8.12,-8.02,-7.94,-7.91,-7.87,-7.91,-7.93,-7.86,-7.64,-7.34,-7.03,-6.28,-5.31,-5.44,-7.01,-7.63,-7.87,-8.01,-7.97,-8.05,-8.08,-8.05,-8.00,-7.96,-8.08,-8.24,-8.31,-8.02,-7.85,-7.90,-7.78,-7.87,-7.78,-7.05,-5.37,-3.27,-1.86,-1.26,-0.83,-0.59,-0.39,-0.32,-0.21,-0.03,-0.01,0.12,0.03,0.08,0.27,0.25,0.17,0.08,0.08,0.04,-0.01,0.14,0.24,0.15,-0.12,-0.11,0.15,0.06,0.14,0.18,-0.14,-0.32,-0.64,-0.69,-0.92,-1.29,-1.57,-1.72,-1.90,-2.15,-2.19,-2.15,-2.33,-2.51,-2.41,-2.32,-2.37,-2.38,-2.37,-2.43,-2.28,-2.75,-2.93,-2.72,-1.29,0.19,0.91,1.11,1.09,1.12,1.40,1.06,1.33,1.22,1.28,1.20,1.02,0.80,0.46,0.13,0.24,0.07,0.65,0.51,0.66,0.63,0.41,0.09,-0.22,-0.04,0.19,-0.07,0.04,-0.11,-0.28,-0.27,-0.04,0.04,-0.22,-0.23,-0.28,-0.43,-0.44,-0.23,-0.47,-0.34,-0.13,-0.12,-0.18,0.24,0.44,0.49,0.35,0.29
-0.48,-0.21,-0.29,-0.34,-0.56,-1.00,-1.41,-1.62,-2.42,-3.04,-3.99,-5.20,-5.69,-6.01,-6.67,-7.15,-7.41,-7.65,-7.90,-8.02,-7.96,-8.04,-8.08,-7.89,-7.71,-7.74,-7.64,-7.69,-7.97,-7.80,-7.53,-6.97,-6.38,-5.69,-4.78,-4.51,-6.57,-7.60,-7.76,-7.69,-7.76,-7.93,-7.91,-7.83,-7.76,-7.72,-7.96,-8.16,-7.64,-7.74,-7.67,-7.54,-7.67,-7.75,-7.23,-5.95,-4.09,-2.33,-1.39,-0.98,-0.67,-0.49,-0.28,-0.24,-0.07,0.07,0.07,0.12,0.10,0.19,0.24,0.27,0.17,0.08,0.09,0.07,0.03,0.15,0.22,0.01,-0.26,-0.27,-0.01,0.01,0.14,0.29,-0.02,-0.19,-0.47,-0.54,-0.66,-0.92,-1.15,-1.39,-1.68,-1.91,-2.00,-2.14,-2.37,-2.52,-2.59,-2.42,-2.27,-2.36,-2.42,-2.14,-2.20,-1.97,-2.19,-1.99,-1.11,-0.18,0.38,0.65,0.81,0.88,1.25,1.09,1.06,0.92,1.01,0.92,0.71,0.44,0.13,-0.11,-0.14,-0.21,-0.23,-0.18,-0.12,-0.48,-0.57,-0.58,-0.67,-0.61,-0.39,-0.32,-0.37,-0.28,-0.33,-0.37,-0.28,-0.19,-0.42,-0.46,-0.33,-0.13,0.07,0.12,-0.11,-0.03,-0.08,-0.14,0.06,0.54,0.72,0.81,0.74,0.77
-0.44,-0.08,-0.23,-0.47,-0.78,-1.24,-1.67,-1.76,-2.70,-3.86,-4.85,-5.71,-6.28,-6.40,-6.98,-7.53,-7.69,-7.60,-7.72,-7.69,-7.87,-7.76,-7.79,-7.69,-7.43,-7.53,-7.53,-7.52,-7.82,-7.60,-7.09,-6.08,-5.12,-4.54,-3.67,-3.79,-5.97,-7.05,-7.78,-7.74,-7.57,-7.53,-7.54,-7.58,-7.63,-7.60,-7.94,-7.72,-7.63,-7.56,-7.49,-7.54,-7.57,-7.35,-6.51,-4.83,-2.99,-1.71,-1.16,-0.71,-0.48,-0.33,-0.22,0.02,0.07,0.06,0.10,0.17,0.27,0.30,0.19,0.27,0.20,0.01,0.02,0.08,0.03,0.12,0.12,0.03,-0.09,-0.18,-0.12,0.01,-0.03,0.06,-0.08,-0.07,-0.24,-0.44,-0.56,-0.63,-0.76,-1.08,-1.43,-1.68,-1.85,-2.02,-2.27,-2.39,-2.38,-2.23,-2.22,-2.29,-2.38,-2.32,-2.14,-1.97,-1.91,-1.51,-1.34,-1.11,-0.66,-0.22,0.09,0.48,0.97,0.71,0.58,0.56,0.56,0.39,0.19,0.01,-0.22,-0.34,-0.34,-0.43,-0.28,-0.33,-0.44,-0.27,-0.23,-0.39,-0.54,-0.52,-0.37,-0.51,-0.46,-0.34,-0.39,-0.41,-0.28,-0.11,-0.12,0.09,0.17,0.27,0.34,0.29,0.28,0.28,0.08,0.07,0.34,0.81,1.02,1.08,1.00,1.07
-0.61,-0.29,-0.39,-0.72,-1.11,-1.50,-1.82,-2.00,-2.87,-4.24,-5.57,-6.31,-6.97,-7.03,-7.31,-7.42,-7.39,-7.46,-7.57,-7.48,-7.72,-7.58,-7.48,-7.52,-7.35,-7.34,-7.49,-7.33,-7.30,-6.86,-6.15,-4.83,-3.57,-3.35,-2.60,-3.22,-4.96,-6.43,-7.39,-7.48,-7.53,-7.60,-7.52,-7.50,-7.58,-7.65,-7.87,-7.56,-7.60,-7.42,-7.35,-7.43,-7.34,-6.67,-5.40,-3.70,-2.11,-1.25,-0.90,-0.59,-0.38,-0.19,-0.21,0.18,-0.02,-0.06,0.14,0.28,0.30,0.32,0.34,0.34,0.17,-0.02,-0.07,0.18,0.38,0.22,0.06,-0.02,0.06,-0.01,0.03,-0.02,0.03,-0.03,-0.11,-0.02,-0.11,-0.38,-0.51,-0.57,-0.63,-0.87,-1.11,-1.49,-1.73,-1.79,-2.05,-2.28,-2.27,-2.14,-2.10,-2.39,-2.36,-2.32,-2.04,-1.90,-1.50,-1.44,-1.36,-1.21,-1.07,-0.72,-0.44,-0.36,-0.01,0.12,-0.08,-0.08,-0.11,-0.33,-0.34,-0.44,-0.59,-0.56,-0.53,-0.76,-0.51,-0.69,-0.86,-0.78,-0.78,-0.88,-0.83,-0.64,-0.64,-0.46,-0.17,-0.16,-0.36,-0.33,-0.14,0.04,0.24,0.25,0.33,0.54,0.55,0.34,0.37,0.08,0.12,0.07,0.33,0.93,1.14,1.04,0.97,1.08
-0.76,-0.57,-0.68,-1.07,-1.55,-1.85,-2.29,-2.65,-3.45,-4.67,-5.97,-6.96,-6.88,-6.89,-7.27,-7.48,-7.38,-7.53,-7.56,-7.48,-7.63,-7.53,-7.33,-7.33,-7.38,-7.16,-7.39,-7.15,-7.03,-6.11,-4.54,-3.13,-2.39,-2.38,-2.15,-2.51,-4.01,-5.61,-6.58,-7.11,-7.34,-7.38,-7.28,-7.22,-7.33,-7.48,-7.75,-7.49,-7.41,-7.35,-7.35,-7.33,-7.04,-5.89,-4.16,-2.55,-1.49,-0.97,-0.67,-0.54,-0.26,-0.19,-0.01,0.12,-0.01,-0.01,0.24,0.38,0.02,0.08,0.15,0.20,0.19,0.12,0.04,0.15,0.34,0.23,0.02,0.03,-0.04,-0.21,-0.11,-0.11,0.09,0.02,-0.07,-0.01,0.20,-0.06,-0.31,-0.57,-0.54,-0.57,-0.77,-1.21,-1.44,-1.51,-1.85,-2.18,-2.33,-2.16,-2.00,-2.25,-2.10,-2.18,-1.82,-1.76,-1.44,-1.62,-1.45,-1.19,-1.15,-1.07,-0.83,-0.43,-0.09,-0.42,-0.69,-0.63,-0.91,-0.72,-0.73,-0.87,-0.82,-0.62,-0.59,-0.86,-0.58,-0.67,-0.64,-0.61,-0.62,-0.63,-0.41,-0.22,-0.36,-0.26,-0.09,-0.09,-0.36,-0.31,-0.14,0.08,0.45,0.32,0.53,0.76,0.70,0.51,0.59,0.40,0.40,0.45,0.74,1.08,1.13,0.98,1.02,1.13
-0.93,-0.72,-0.85,-1.27,-1.96,-2.42,-3.06,-3.76,-4.39,-5.15,-6.07,-6.58,-6.57,-6.93,-7.16,-7.26,-7.35,-7.53,-7.69,-7.50,-7.53,-7.48,-7.27,-7.16,-7.20,-7.00,-7.00,-6.92,-6.40,-5.04,-3.45,-2.18,-1.35,-1.72,-1.50,-1.91,-2.77,-4.33,-5.76,-6.71,-7.08,-7.16,-7.15,-7.03,-7.15,-7.22,-7.50,-7.39,-7.26,-7.31,-7.38,-7.28,-6.63,-5.09,-3.18,-1.69,-0.97,-0.73,-0.57,-0.27,-0.21,-0.17,0.13,0.01,0.15,0.12,0.48,0.40,0.15,0.06,0.17,0.22,0.17,0.15,0.24,0.32,0.40,0.34,0.03,0.03,0.08,-0.09,0.04,0.22,0.37,0.04,0.45,0.10,0.15,0.35,0.08,-0.37,-0.39,-0.46,-0.66,-0.93,-1.05,-1.26,-1.71,-2.04,-2.27,-2.19,-2.02,-2.01,-1.96,-1.95,-1.68,-1.69,-1.62,-1.77,-1.72,-1.41,-1.34,-1.24,-1.11,-0.93,-0.67,-0.83,-0.86,-0.95,-0.86,-0.87,-0.95,-0.76,-0.58,-0.41,-0.37,-0.59,-0.42,-0.43,-0.36,-0.29,-0.33,-0.33,-0.17,-0.11,-0.14,0.14,0.24,0.15,-0.18,0.01,0.20,0.37,0.72,0.84,0.84,1.00,0.91,0.72,0.67,0.54,0.71,0.65,0.96,1.30,1.07,1.19,1.30,1.47
-1.27,-0.88,-0.81,-1.06,-1.79,-3.17,-3.28,-3.80,-4.67,-5.53,-6.11,-6.38,-6.55,-6.77,-6.93,-6.98,-7.12,-7.24,-7.57,-7.42,-7.34,-7.35,-7.19,-6.93,-6.98,-6.92,-6.74,-6.67,-5.88,-3.99,-2.10,-1.20,-0.78,-1.20,-0.97,-1.43,-2.01,-3.32,-5.05,-6.32,-6.85,-7.01,-7.07,-7.01,-7.24,-7.22,-7.20,-7.38,-7.31,-7.20,-7.15,-6.75,-5.87,-4.20,-2.32,-1.36,-1.00,-0.58,-0.61,-0.53,-0.47,-0.44,-0.13,-0.02,-0.01,0.10,0.04,0.34,0.28,0.13,0.02,0.03,0.24,0.18,-0.06,-0.01,0.17,0.19,0.15,0.08,-0.04,-0.17,-0.19,0.09,0.18,-0.01,0.23,0.08,0.17,0.12,-0.03,-0.14,-0.39,-0.48,-0.52,-0.83,-0.91,-1.00,-1.46,-1.81,-1.92,-2.06,-2.10,-2.01,-2.02,-1.69,-1.64,-1.67,-1.72,-1.85,-1.76,-1.55,-1.41,-1.34,-1.40,-1.25,-1.00,-0.97,-0.72,-0.98,-1.15,-1.03,-0.85,-0.48,-0.37,-0.17,-0.08,-0.29,-0.29,-0.23,-0.18,-0.02,-0.04,0.07,0.09,0.07,0.17,0.25,0.63,0.53,0.30,0.50,0.55,0.60,0.87,1.24,1.02,1.20,1.13,0.91,0.81,0.85,0.86,0.86,1.25,1.47,1.25,1.19,1.39,1.61
-1.69,-1.17,-1.03,-1.31,-1.77,-3.35,-3.93,-4.43,-5.08,-5.80,-6.28,-6.28,-6.42,-6.61,-6.71,-6.77,-6.92,-6.80,-6.89,-7.07,-7.16,-7.07,-6.81,-6.51,-6.25,-6.48,-6.66,-6.17,-5.12,-3.13,-1.29,-0.78,-0.34,-0.87,-0.87,-0.97,-1.49,-2.61,-4.43,-6.00,-6.67,-6.88,-6.89,-7.03,-7.38,-7.20,-7.13,-7.15,-7.26,-7.01,-6.62,-6.23,-5.08,-3.21,-1.71,-1.08,-0.85,-0.72,-0.49,-0.38,-0.43,-0.48,-0.02,0.01,-0.04,0.17,-0.04,0.06,0.22,-0.04,0.02,-0.01,-0.08,-0.02,-0.08,-0.13,0.08,0.13,-0.07,-0.11,-0.23,-0.28,-0.12,-0.07,0.10,0.08,0.04,-0.04,-0.07,-0.07,-0.21,-0.09,-0.12,-0.42,-0.56,-0.83,-0.71,-0.66,-1.08,-1.34,-1.29,-1.36,-1.72,-1.78,-1.67,-1.46,-1.46,-1.54,-1.57,-1.71,-1.50,-1.41,-1.31,-1.24,-1.17,-1.01,-0.81,-0.72,-0.58,-0.53,-0.38,-0.47,-0.47,-0.46,0.02,0.25,0.17,0.09,0.07,0.10,0.24,0.34,0.40,0.45,0.34,0.35,0.49,0.63,0.67,0.67,0.49,0.51,0.79,1.08,1.19,1.08,1.27,1.28,1.17,1.02,0.95,0.91,1.01,0.91,1.22,1.44,1.45,1.51,1.51,1.52
-2.09,-1.73,-1.50,-1.57,-1.90,-3.17,-4.22,-4.87,-5.39,-6.01,-6.31,-6.34,-6.30,-6.43,-6.58,-6.55,-6.88,-6.50,-6.59,-6.57,-6.66,-6.82,-6.57,-6.27,-6.04,-6.23,-6.25,-5.87,-4.75,-2.83,-1.02,-0.51,-0.07,-0.56,-0.64,-0.58,-1.02,-2.14,-4.03,-5.73,-6.48,-6.69,-6.89,-7.11,-7.18,-7.09,-7.19,-7.09,-6.96,-6.85,-6.47,-5.50,-3.93,-2.23,-1.05,-0.68,-0.67,-0.42,-0.33,-0.22,-0.48,-0.54,-0.37,-0.16,-0.06,0.18,0.18,0.09,0.13,-0.02,-0.02,-0.11,-0.16,-0.18,-0.18,-0.06,-0.09,-0.17,-0.08,-0.02,-0.21,-0.17,-0.14,-0.08,-0.02,-0.07,0.10,0.12,0.04,0.09,-0.27,-0.27,-0.02,-0.22,-0.42,-0.48,-0.51,-0.49,-0.58,-0.90,-1.06,-1.02,-1.21,-1.21,-1.31,-1.20,-1.25,-1.27,-1.22,-1.26,-1.31,-1.24,-1.12,-1.10,-0.92,-0.69,-0.59,-0.53,-0.44,-0.31,-0.09,-0.33,-0.41,0.01,0.27,0.37,0.30,0.34,0.53,0.41,0.48,0.60,0.82,0.59,0.39,0.46,0.72,0.88,0.82,0.76,0.48,0.39,0.66,0.90,0.90,0.87,1.11,1.15,1.03,1.03,0.98,0.77,1.15,0.91,1.27,1.51,1.52,1.51,1.63,1.61
-2.28,-2.05,-1.73,-1.69,-2.34,-3.50,-4.42,-5.13,-5.67,-6.12,-6.21,-6.39,-6.43,-6.34,-6.27,-6.34,-6.63,-6.61,-6.63,-6.67,-6.66,-6.58,-6.47,-6.17,-6.21,-6.34,-6.19,-5.71,-4.60,-2.64,-0.73,-0.28,0.04,-0.28,-0.23,-0.31,-0.78,-1.99,-3.91,-5.54,-6.20,-6.58,-6.70,-7.05,-7.03,-6.86,-6.96,-6.82,-6.71,-6.58,-5.81,-4.39,-2.82,-1.45,-0.62,-0.58,-0.67,-0.49,-0.29,-0.26,-0.44,-0.24,-0.36,-0.24,-0.09,0.09,0.09,0.13,0.07,0.06,0.10,0.04,0.07,0.02,-0.08,-0.09,-0.18,-0.21,-0.03,0.04,0.02,-0.06,-0.03,-0.03,0.13,0.02,0.04,0.07,-0.07,-0.14,-0.23,-0.27,-0.08,-0.19,-0.24,-0.34,-0.47,-0.56,-0.64,-0.82,-0.97,-1.01,-1.19,-1.24,-1.12,-0.86,-0.98,-0.81,-0.97,-0.97,-1.26,-1.19,-0.96,-1.10,-0.92,-0.64,-0.54,-0.44,-0.26,0.03,0.12,-0.19,-0.04,0.34,0.34,0.46,0.54,0.56,0.59,0.48,0.77,0.95,1.06,0.64,0.29,0.45,0.72,0.88,1.04,0.95,0.53,0.63,0.86,0.95,0.98,1.14,1.14,1.06,0.98,1.13,1.20,1.08,1.01,1.01,1.42,1.60,1.53,1.45,1.72,1.66
-2.55,-2.34,-2.13,-2.13,-2.78,-3.78,-4.56,-5.17,-5.75,-6.05,-6.24,-6.31,-6.40,-6.36,-6.16,-6.05,-6.11,-6.42,-6.30,-6.17,-6.31,-6.54,-6.54,-6.16,-6.25,-6.27,-6.19,-5.71,-4.52,-2.55,-0.53,-0.12,0.17,-0.08,-0.12,-0.27,-0.76,-1.90,-3.80,-5.56,-6.28,-6.59,-6.75,-6.63,-6.96,-6.85,-6.96,-6.75,-6.50,-6.16,-5.16,-3.37,-1.83,-1.10,-0.59,-0.57,-0.48,-0.29,-0.19,-0.12,-0.49,-0.26,-0.24,-0.28,-0.09,0.07,0.01,0.06,-0.01,-0.01,0.10,0.04,0.06,0.04,-0.11,-0.11,-0.08,-0.04,-0.02,-0.03,-0.09,-0.08,-0.11,-0.07,0.09,0.22,-0.11,-0.16,-0.14,-0.09,-0.29,-0.42,-0.27,-0.34,-0.19,-0.24,-0.43,-0.57,-0.73,-0.96,-0.92,-0.77,-1.02,-1.11,-1.07,-1.00,-0.93,-1.00,-0.96,-1.03,-1.16,-0.98,-0.81,-0.88,-0.83,-0.67,-0.49,-0.29,-0.01,0.22,0.22,0.18,0.33,0.55,0.55,0.63,0.56,0.59,0.69,0.66,0.80,1.00,1.24,0.87,0.63,0.65,0.71,0.84,1.09,1.08,0.54,0.88,0.92,0.98,1.08,1.11,1.20,1.29,1.29,1.38,1.31,1.09,1.08,0.93,1.31,1.61,1.58,1.47,1.79,1.79
-2.56,-2.46,-2.34,-2.33,-2.82,-3.66,-4.43,-4.99,-5.36,-5.81,-6.30,-6.09,-6.12,-6.25,-6.01,-5.77,-6.08,-6.31,-6.51,-6.47,-6.36,-6.46,-6.39,-6.30,-6.13,-6.04,-5.95,-5.65,-4.55,-2.45,-0.43,-0.07,0.41,0.06,-0.28,-0.58,-0.73,-1.51,-3.35,-5.33,-6.23,-6.51,-6.38,-6.67,-6.71,-6.55,-6.69,-6.51,-6.20,-5.65,-4.33,-2.63,-1.50,-1.01,-0.56,-0.51,-0.49,-0.22,-0.26,-0.28,-0.42,-0.24,-0.19,-0.29,-0.08,-0.03,-0.11,-0.13,-0.18,-0.16,-0.01,-0.02,-0.08,-0.09,-0.13,-0.06,-0.01,-0.01,0.03,-0.01,-0.16,-0.14,-0.11,-0.06,-0.06,0.24,-0.07,-0.22,-0.02,-0.09,-0.46,-0.49,-0.31,-0.32,-0.18,-0.31,-0.47,-0.53,-0.64,-0.90,-0.87,-0.67,-0.90,-0.96,-1.12,-1.08,-0.93,-1.15,-1.27,-1.34,-1.03,-0.81,-0.62,-0.57,-0.53,-0.51,-0.37,-0.02,0.23,0.23,0.24,0.30,0.55,0.59,0.72,0.86,0.69,0.61,0.66,0.76,1.15,1.03,1.00,0.66,0.67,0.76,0.79,0.80,0.98,1.13,0.65,1.02,1.00,1.04,1.13,1.20,1.18,1.34,1.33,1.27,1.22,1.22,1.27,1.09,1.52,1.67,1.60,1.52,1.77,1.85
-2.66,-2.61,-2.47,-2.39,-2.72,-3.44,-4.09,-4.60,-5.21,-5.33,-5.79,-5.81,-5.84,-5.88,-5.60,-6.00,-6.03,-6.04,-6.20,-6.32,-6.24,-6.30,-6.23,-6.20,-6.03,-5.89,-5.71,-5.48,-4.60,-2.29,-0.09,-0.13,0.44,-0.01,-0.28,-0.46,-0.52,-1.32,-3.18,-4.92,-5.84,-6.24,-6.34,-6.47,-6.39,-6.31,-6.20,-5.96,-5.56,-4.54,-3.08,-1.88,-1.24,-0.88,-0.57,-0.51,-0.44,-0.31,-0.34,-0.47,-0.42,-0.39,-0.37,-0.39,-0.19,-0.26,-0.31,-0.26,-0.22,-0.23,-0.17,-0.11,-0.12,-0.16,-0.13,-0.08,-0.12,-0.07,-0.01,0.01,-0.12,-0.22,-0.09,0.04,-0.06,0.12,-0.01,-0.18,-0.16,-0.24,-0.51,-0.43,-0.37,-0.23,-0.16,-0.43,-0.48,-0.47,-0.48,-0.71,-0.87,-0.76,-0.75,-0.72,-0.97,-1.03,-1.16,-1.00,-1.07,-1.01,-1.19,-0.86,-0.81,-0.61,-0.43,-0.36,-0.13,0.19,0.37,0.38,0.29,0.30,0.70,0.69,0.90,0.97,0.70,0.75,0.88,0.90,1.17,1.00,0.93,0.81,0.72,0.92,0.86,0.77,1.00,1.24,0.93,1.07,1.07,1.08,1.18,1.24,1.20,1.28,1.30,1.18,1.22,1.31,1.24,0.98,1.36,1.55,1.53,1.47,1.58,1.71
-2.70,-2.74,-2.64,-2.56,-2.86,-3.40,-3.83,-4.01,-4.88,-4.96,-5.54,-5.77,-5.85,-5.95,-5.73,-5.77,-5.85,-5.92,-5.96,-6.04,-6.13,-6.08,-6.09,-6.01,-5.92,-5.87,-5.72,-5.45,-4.62,-2.29,-0.08,0.10,0.15,0.08,-0.23,-0.34,-0.34,-0.95,-2.37,-3.90,-5.09,-5.69,-5.52,-5.64,-5.83,-5.50,-5.42,-5.09,-4.33,-3.22,-2.10,-1.32,-0.90,-0.81,-0.58,-0.48,-0.37,-0.49,-0.42,-0.42,-0.36,-0.48,-0.46,-0.43,-0.28,-0.41,-0.44,-0.24,-0.16,-0.24,-0.28,-0.19,-0.13,-0.18,-0.24,-0.21,-0.22,-0.16,-0.22,-0.19,-0.23,-0.31,-0.18,0.07,-0.07,0.03,-0.02,-0.07,-0.39,-0.32,-0.49,-0.38,-0.37,-0.31,-0.24,-0.47,-0.49,-0.51,-0.41,-0.51,-0.68,-0.67,-0.73,-0.78,-0.90,-0.77,-1.00,-1.02,-1.06,-0.86,-0.90,-0.76,-0.67,-0.41,-0.24,-0.06,0.15,0.28,0.41,0.58,0.49,0.43,0.71,0.84,0.95,0.84,0.70,0.80,0.82,0.85,1.08,1.02,0.97,0.85,0.80,0.77,0.72,0.75,0.81,0.85,0.65,0.74,0.84,1.09,1.19,1.20,1.27,1.31,1.36,1.14,1.19,1.35,1.34,1.22,1.58,1.58,1.52,1.57,1.68,1.52
-2.39,-2.46,-2.59,-2.29,-2.46,-2.65,-2.86,-3.31,-4.04,-4.54,-5.03,-5.27,-5.49,-5.87,-5.65,-5.75,-6.00,-5.96,-5.89,-5.99,-6.04,-5.89,-5.92,-5.99,-5.97,-5.92,-5.80,-5.61,-5.01,-2.46,0.03,0.22,0.22,0.32,0.10,-0.11,-0.24,-0.75,-1.77,-2.86,-3.83,-4.21,-4.26,-4.24,-4.52,-4.46,-4.16,-3.62,-2.87,-2.13,-1.49,-1.01,-0.76,-0.72,-0.56,-0.42,-0.33,-0.66,-0.52,-0.31,-0.27,-0.39,-0.33,-0.41,-0.31,-0.29,-0.38,-0.31,-0.28,-0.36,-0.33,-0.12,-0.07,-0.24,-0.27,-0.22,-0.22,-0.28,-0.37,-0.44,-0.32,-0.38,-0.08,-0.12,-0.12,0.02,-0.07,0.03,-0.28,-0.32,-0.57,-0.46,-0.38,-0.47,-0.42,-0.53,-0.38,-0.44,-0.51,-0.56,-0.69,-0.76,-0.77,-0.82,-0.73,-0.73,-0.88,-0.86,-1.15,-0.88,-1.00,-0.62,-0.61,-0.37,-0.13,0.02,0.24,0.34,0.44,0.72,0.60,0.40,0.63,0.80,0.80,0.81,0.79,0.82,0.76,0.77,0.97,0.90,1.02,1.01,0.63,0.76,0.79,0.79,0.98,1.07,0.61,0.82,0.93,1.19,1.28,1.24,1.28,1.47,1.47,1.36,1.42,1.53,1.58,1.46,1.77,1.92,1.85,1.78,1.82,1.89
-2.06,-1.77,-2.20,-1.81,-1.96,-2.28,-2.41,-2.59,-3.39,-3.92,-4.21,-4.34,-4.50,-4.95,-5.25,-5.45,-5.88,-5.84,-5.68,-5.93,-5.85,-5.71,-5.73,-5.85,-6.12,-6.01,-5.67,-5.44,-4.75,-2.38,-0.29,0.07,0.14,0.12,-0.09,-0.32,-0.44,-0.75,-1.44,-1.97,-2.68,-2.48,-2.91,-3.00,-3.08,-3.14,-2.91,-2.50,-1.95,-1.46,-1.15,-0.85,-0.76,-0.68,-0.47,-0.49,-0.37,-0.59,-0.56,-0.24,-0.49,-0.66,-0.53,-0.49,-0.37,-0.26,-0.37,-0.22,-0.23,-0.42,-0.42,-0.17,-0.17,-0.38,-0.34,-0.32,-0.31,-0.23,-0.31,-0.39,-0.19,-0.39,-0.27,-0.41,-0.13,-0.12,-0.29,-0.18,-0.26,-0.31,-0.58,-0.56,-0.54,-0.51,-0.48,-0.62,-0.38,-0.42,-0.63,-0.72,-0.81,-0.83,-0.85,-0.86,-0.82,-0.77,-0.90,-0.93,-1.17,-1.07,-0.86,-0.61,-0.72,-0.39,-0.16,0.10,0.45,0.69,0.81,0.79,0.56,0.49,0.72,0.59,0.71,1.07,0.79,0.87,0.81,0.72,0.90,0.93,1.09,1.07,0.74,0.98,0.97,1.08,1.08,0.84,0.80,0.96,0.97,1.29,1.38,1.27,1.29,1.62,1.68,1.64,1.60,1.72,1.77,1.42,1.66,1.92,1.85,1.83,1.92,2.06
-1.99,-1.58,-1.74,-1.69,-1.74,-1.85,-1.95,-2.23,-2.87,-3.06,-3.34,-3.48,-3.53,-4.00,-4.55,-4.83,-5.20,-5.28,-5.20,-5.49,-5.68,-5.24,-5.25,-5.19,-5.17,-5.32,-5.25,-4.62,-3.79,-2.33,-0.12,0.27,0.04,-0.08,-0.23,-0.44,-0.43,-0.44,-1.08,-1.46,-1.77,-1.85,-2.13,-2.30,-2.23,-2.07,-2.10,-2.06,-1.63,-1.10,-0.91,-0.71,-0.61,-0.68,-0.39,-0.52,-0.48,-0.59,-0.57,-0.39,-0.53,-0.68,-0.69,-0.62,-0.36,-0.28,-0.37,-0.36,-0.31,-0.26,-0.33,-0.33,-0.21,-0.29,-0.36,-0.39,-0.48,-0.37,-0.47,-0.43,-0.49,-0.61,-0.46,-0.44,-0.41,-0.26,-0.23,-0.18,-0.47,-0.36,-0.48,-0.39,-0.44,-0.54,-0.39,-0.53,-0.46,-0.48,-0.57,-0.73,-0.78,-0.81,-0.86,-0.86,-0.88,-0.76,-0.98,-1.00,-1.05,-0.97,-0.82,-0.59,-0.59,-0.13,-0.01,0.29,0.41,0.41,0.55,0.64,0.53,0.71,0.70,0.70,0.69,1.17,0.79,0.88,0.82,0.74,0.92,1.12,1.13,1.04,0.90,1.08,1.14,1.20,1.19,1.13,1.01,0.66,1.08,1.12,1.28,1.46,1.63,1.82,1.85,1.72,1.62,1.74,1.67,1.33,1.80,1.86,1.79,1.84,2.02,2.18
-1.44,-1.20,-1.50,-1.54,-1.57,-1.63,-1.65,-1.71,-2.33,-2.29,-2.46,-2.75,-2.86,-3.31,-3.65,-4.16,-4.51,-4.62,-4.62,-4.83,-4.99,-4.91,-4.71,-4.29,-4.00,-3.83,-3.74,-3.58,-2.88,-1.62,-0.21,0.06,0.08,-0.14,-0.36,-0.41,-0.37,-0.53,-1.24,-1.35,-1.29,-1.93,-2.10,-2.13,-2.06,-1.85,-1.85,-1.73,-1.30,-0.90,-0.62,-0.52,-0.38,-0.56,-0.27,-0.33,-0.32,-0.76,-0.36,-0.36,-0.37,-0.56,-0.52,-0.44,-0.34,-0.21,-0.22,-0.28,-0.42,-0.44,-0.32,-0.17,-0.09,-0.23,-0.24,-0.28,-0.43,-0.41,-0.28,-0.19,-0.26,-0.44,-0.37,-0.42,-0.21,-0.21,-0.12,-0.03,-0.32,-0.09,-0.51,-0.38,-0.34,-0.46,-0.33,-0.39,-0.32,-0.33,-0.43,-0.58,-0.69,-0.80,-0.87,-0.87,-0.83,-0.82,-1.02,-1.01,-1.03,-0.93,-0.96,-0.47,-0.52,0.06,0.06,0.37,0.56,0.61,0.71,0.70,0.53,0.69,0.79,0.91,0.90,1.40,0.88,0.91,0.87,0.84,1.06,1.24,1.17,1.13,0.91,1.06,1.08,1.22,1.18,1.15,1.17,0.84,1.17,1.15,1.35,1.47,1.64,1.86,1.63,1.86,1.67,1.64,1.57,1.56,1.99,1.86,1.83,1.91,2.07,2.20
-1.08,-1.20,-1.48,-1.55,-1.46,-1.35,-1.39,-1.32,-1.83,-1.77,-1.79,-2.09,-2.29,-2.59,-2.72,-3.40,-3.86,-3.92,-3.79,-3.93,-3.75,-3.63,-3.61,-3.48,-3.30,-3.15,-3.15,-3.19,-2.19,-0.92,-0.26,0.08,0.18,0.01,-0.22,-0.34,-0.44,-0.77,-1.46,-1.44,-1.27,-1.93,-2.24,-2.13,-2.07,-1.99,-1.83,-1.38,-0.91,-0.82,-0.64,-0.51,-0.39,-0.52,-0.19,-0.66,-0.56,-0.54,-0.44,-0.44,-0.31,-0.42,-0.44,-0.36,-0.42,-0.41,-0.43,-0.53,-0.48,-0.46,-0.52,-0.37,-0.21,-0.27,-0.36,-0.31,-0.28,-0.27,-0.48,-0.44,-0.37,-0.28,-0.32,-0.43,-0.31,0.03,0.02,-0.14,-0.22,-0.24,-0.46,-0.31,-0.34,-0.56,-0.37,-0.42,-0.43,-0.41,-0.29,-0.37,-0.61,-0.80,-0.87,-0.92,-0.95,-0.92,-0.92,-1.07,-0.98,-0.96,-0.96,-0.32,-0.31,0.19,0.17,0.45,0.61,0.59,0.70,0.77,0.66,0.71,0.76,0.98,1.23,1.41,0.74,0.93,0.97,0.96,1.18,1.33,1.19,1.28,0.96,1.08,1.07,1.25,1.15,1.03,0.97,0.81,1.40,1.39,1.49,1.67,1.75,1.71,1.89,1.56,1.62,1.67,1.78,1.96,2.11,1.99,1.99,2.01,2.09,2.20
-1.30,-1.30,-1.36,-1.44,-1.39,-1.25,-1.29,-1.21,-1.44,-1.44,-1.48,-1.68,-1.69,-2.20,-2.14,-2.77,-3.26,-3.26,-3.09,-3.04,-3.00,-3.01,-3.00,-2.97,-2.97,-2.95,-2.81,-2.54,-1.67,-0.78,-0.27,-0.02,0.13,0.07,-0.17,-0.43,-0.68,-0.98,-1.57,-1.59,-1.57,-1.92,-2.20,-2.04,-2.05,-1.83,-1.58,-1.24,-0.85,-0.86,-0.58,-0.56,-0.69,-0.53,-0.46,-0.85,-0.49,-0.53,-0.43,-0.42,-0.36,-0.59,-0.76,-0.67,-0.49,-0.26,-0.27,-0.32,-0.43,-0.43,-0.29,-0.33,-0.39,-0.27,-0.21,-0.36,-0.47,-0.29,-0.47,-0.52,-0.37,-0.38,-0.19,0.01,-0.08,-0.18,0.03,0.15,-0.24,-0.38,-0.49,-0.27,-0.22,-0.33,-0.09,-0.21,-0.33,-0.37,-0.23,-0.21,-0.57,-0.81,-0.78,-0.87,-0.93,-0.91,-0.90,-1.07,-0.82,-0.78,-0.76,-0.24,-0.06,0.15,0.23,0.37,0.44,0.43,0.67,0.82,0.70,0.88,1.04,1.35,1.47,1.49,0.60,0.95,1.23,1.22,1.30,1.33,1.17,1.28,1.07,1.18,1.15,1.29,1.17,1.03,0.97,0.92,1.46,1.66,1.77,1.94,2.06,2.07,1.96,1.86,1.83,1.82,1.86,2.06,2.34,2.19,2.14,2.09,2.16,2.24
-1.57,-1.31,-1.29,-1.32,-1.35,-1.32,-1.35,-1.22,-1.22,-1.31,-1.44,-1.54,-1.60,-1.53,-1.63,-1.97,-2.54,-2.99,-2.88,-3.08,-2.93,-2.97,-2.87,-2.86,-2.75,-2.57,-2.64,-2.43,-1.64,-0.97,-0.37,-0.01,0.17,0.08,-0.23,-0.54,-0.87,-1.31,-1.77,-1.73,-1.88,-2.02,-2.07,-1.93,-1.83,-1.53,-1.20,-0.98,-0.69,-0.59,-0.44,-0.63,-0.77,-0.47,-0.56,-0.75,-0.63,-0.57,-0.52,-0.34,-0.17,-0.49,-0.57,-0.62,-0.62,-0.43,-0.51,-0.54,-0.46,-0.56,-0.49,-0.34,-0.42,-0.49,-0.34,-0.29,-0.28,-0.36,-0.39,-0.23,-0.32,-0.48,-0.11,-0.21,-0.34,-0.17,-0.41,-0.17,-0.19,-0.53,-0.33,-0.32,-0.13,-0.21,-0.12,-0.17,-0.31,-0.43,-0.31,-0.22,-0.44,-0.71,-0.88,-0.85,-0.69,-0.90,-0.97,-0.92,-0.67,-0.53,-0.49,-0.06,-0.03,0.22,0.28,0.50,0.66,0.65,0.88,0.98,0.81,0.96,1.20,1.46,1.20,1.45,0.82,1.07,0.97,1.23,1.35,1.30,1.33,1.13,1.12,1.20,1.25,1.34,1.18,1.03,1.00,1.03,1.28,1.75,1.84,2.01,1.99,1.92,2.13,1.86,1.86,1.94,1.97,2.03,2.12,2.09,2.20,2.16,2.28,2.29
-1.53,-1.27,-1.29,-1.31,-1.31,-1.34,-1.26,-1.27,-1.36,-1.46,-1.51,-1.41,-1.36,-1.73,-1.87,-2.13,-2.57,-2.95,-2.92,-2.90,-3.09,-2.93,-2.82,-2.75,-2.69,-2.59,-2.60,-2.51,-1.90,-1.30,-0.90,-0.47,-0.23,-0.26,-0.46,-0.68,-1.01,-1.57,-1.90,-1.87,-1.87,-1.93,-1.74,-1.95,-1.71,-1.14,-0.82,-0.73,-0.64,-0.63,-0.52,-0.32,-0.43,-0.54,-0.47,-0.43,-0.71,-0.61,-0.43,-0.42,-0.19,-0.67,-0.77,-0.69,-0.63,-0.56,-0.52,-0.51,-0.47,-0.51,-0.47,-0.34,-0.36,-0.33,-0.31,-0.28,-0.34,-0.37,-0.31,-0.38,-0.44,-0.42,-0.34,-0.19,-0.26,-0.17,-0.14,-0.04,-0.06,-0.14,-0.21,0.01,0.06,-0.18,-0.19,0.06,-0.13,-0.22,-0.04,-0.17,-0.61,-0.81,-0.78,-0.72,-0.71,-0.82,-0.83,-0.67,-0.62,-0.57,-0.41,0.12,-0.07,0.44,0.43,0.63,0.81,0.91,1.08,1.02,0.85,1.04,1.39,1.33,1.15,1.25,0.74,0.84,0.85,0.91,1.08,1.13,1.01,1.03,1.11,1.18,1.41,1.42,1.30,1.12,1.03,1.12,1.29,1.79,1.89,2.12,2.13,2.09,2.22,2.22,2.19,2.12,1.97,1.94,2.11,2.35,2.20,2.29,2.36,2.34
-1.32,-1.24,-1.25,-1.25,-1.22,-1.26,-1.10,-1.44,-1.57,-1.67,-1.77,-1.64,-1.48,-1.65,-1.99,-2.36,-2.65,-2.86,-2.92,-2.93,-2.95,-2.97,-2.77,-2.64,-2.61,-2.46,-2.48,-2.23,-1.93,-1.63,-1.51,-1.34,-1.22,-1.12,-1.01,-1.11,-1.38,-1.63,-1.97,-1.85,-1.92,-1.87,-1.73,-1.71,-1.51,-1.10,-0.72,-0.61,-0.62,-0.53,-0.53,-0.72,-0.62,-0.73,-0.61,-0.73,-0.52,-0.58,-0.67,-0.54,-0.32,-0.42,-0.58,-0.71,-0.54,-0.48,-0.49,-0.41,-0.36,-0.51,-0.49,-0.39,-0.38,-0.31,-0.38,-0.29,-0.28,-0.43,-0.37,-0.18,-0.42,-0.51,-0.17,-0.18,-0.19,-0.19,-0.07,-0.04,-0.17,-0.12,-0.09,0.06,0.17,0.13,0.17,0.23,0.09,0.06,0.03,-0.17,-0.41,-0.49,-0.61,-0.82,-0.92,-0.92,-0.72,-0.53,-0.57,-0.59,-0.46,0.06,0.13,0.58,0.59,0.58,0.79,0.98,1.08,1.01,0.97,1.20,1.36,1.31,1.61,1.19,0.71,0.71,0.80,0.82,0.97,1.09,1.02,1.03,1.28,1.08,1.29,1.46,1.62,1.39,1.13,1.19,1.47,1.88,1.88,2.07,2.19,2.17,2.06,2.03,2.12,2.08,2.14,2.26,2.35,2.34,2.42,2.36,2.39,2.35
-1.20,-1.11,-1.08,-1.05,-1.06,-1.22,-1.27,-1.49,-1.50,-1.50,-1.62,-1.67,-1.44,-1.83,-2.22,-2.39,-2.52,-2.81,-2.79,-2.99,-2.77,-2.70,-2.69,-2.54,-2.47,-2.46,-2.51,-2.05,-1.91,-1.86,-1.86,-1.85,-1.82,-1.67,-1.39,-1.54,-1.83,-1.81,-1.93,-1.93,-1.87,-1.72,-1.63,-1.69,-1.45,-1.06,-0.78,-0.58,-0.61,-0.49,-0.51,-0.51,-0.80,-0.85,-0.86,-0.61,-0.51,-0.59,-0.63,-0.68,-0.53,-0.53,-0.66,-0.78,-0.63,-0.54,-0.59,-0.48,-0.52,-0.67,-0.57,-0.34,-0.32,-0.34,-0.34,-0.29,-0.36,-0.47,-0.38,-0.24,-0.49,-0.57,-0.24,-0.26,-0.22,-0.14,-0.11,-0.13,-0.24,-0.02,-0.01,0.04,0.04,0.18,0.13,0.03,0.02,0.17,0.20,0.04,-0.23,-0.23,-0.17,-0.32,-0.52,-0.68,-0.67,-0.44,-0.33,-0.11,-0.07,0.23,0.40,0.64,0.66,0.67,0.90,0.95,1.02,1.02,1.06,1.19,1.31,1.47,1.63,1.03,0.85,0.65,1.00,0.95,1.04,1.12,1.02,1.03,1.30,1.22,1.40,1.53,1.58,1.18,0.98,1.22,1.50,2.03,1.92,1.99,2.14,2.14,2.01,2.02,2.11,2.11,2.13,2.24,2.39,2.46,2.53,2.58,2.43,2.40
-1.24,-0.96,-0.85,-0.88,-0.91,-1.03,-1.41,-1.45,-1.48,-1.53,-1.60,-1.83,-1.86,-2.15,-2.47,-2.56,-2.56,-2.87,-2.63,-2.90,-2.66,-2.57,-2.56,-2.43,-2.30,-2.63,-2.69,-2.41,-2.18,-2.11,-2.15,-2.16,-2.00,-1.78,-1.77,-1.74,-1.96,-2.00,-2.00,-1.93,-1.57,-1.46,-1.40,-1.32,-1.21,-0.91,-0.53,-0.37,-0.46,-0.49,-0.47,-0.61,-1.03,-0.98,-0.83,-0.92,-0.69,-0.80,-0.62,-0.67,-0.47,-0.61,-0.67,-0.69,-0.63,-0.46,-0.42,-0.43,-0.57,-0.73,-0.57,-0.34,-0.38,-0.33,-0.29,-0.19,-0.21,-0.37,-0.44,-0.33,-0.47,-0.61,-0.29,-0.41,-0.24,0.07,0.01,-0.11,-0.21,-0.09,0.03,0.02,0.12,0.13,0.19,0.30,0.27,0.18,0.29,0.41,0.24,0.17,0.32,0.25,-0.18,-0.52,-0.44,-0.19,0.23,0.66,0.75,0.63,0.63,0.61,0.70,0.74,0.92,1.00,1.00,1.01,1.09,1.14,1.24,1.55,1.52,1.01,0.81,0.79,0.97,0.93,1.14,1.33,1.30,1.20,1.08,1.30,1.84,1.51,1.63,1.35,1.27,1.39,1.50,2.13,2.06,2.12,2.17,2.18,2.17,2.16,2.19,2.23,2.14,2.19,2.40,2.58,2.68,2.35,2.45,2.64
-1.34,-1.02,-0.82,-0.85,-0.83,-1.05,-1.29,-1.54,-1.74,-1.87,-2.00,-2.10,-2.01,-2.20,-2.41,-2.52,-2.60,-2.86,-2.55,-2.75,-2.56,-2.48,-2.38,-2.09,-2.11,-2.42,-2.61,-2.72,-2.54,-2.37,-2.11,-2.13,-2.11,-1.81,-1.77,-1.86,-1.97,-2.07,-1.95,-1.95,-1.77,-1.55,-1.39,-1.20,-1.08,-0.93,-0.53,-0.37,-0.59,-0.57,-0.71,-0.77,-1.03,-1.05,-0.86,-0.92,-0.77,-0.77,-0.59,-0.66,-0.59,-0.59,-0.61,-0.57,-0.54,-0.43,-0.36,-0.43,-0.52,-0.61,-0.62,-0.49,-0.47,-0.38,-0.36,-0.23,-0.03,-0.11,-0.39,-0.24,-0.51,-0.58,-0.24,-0.33,-0.31,0.10,-0.07,-0.01,-0.24,-0.17,0.02,0.15,0.32,0.24,0.22,0.34,0.22,0.08,0.32,0.30,0.39,0.64,0.74,0.49,-0.09,-0.27,0.22,0.22,0.30,0.86,0.69,0.84,0.60,0.58,0.74,0.72,1.00,1.14,1.14,1.11,1.13,1.14,1.15,1.35,1.27,0.91,0.67,1.17,1.13,1.04,1.27,1.58,1.61,1.44,1.42,1.36,1.75,1.63,1.56,1.25,1.23,1.31,1.42,1.85,2.05,2.30,2.26,2.22,2.22,2.29,2.31,2.35,2.29,2.24,2.34,2.57,2.52,2.37,2.53,2.65
-1.00,-0.86,-0.75,-0.71,-1.00,-1.11,-1.40,-1.60,-1.81,-2.05,-2.28,-2.43,-2.28,-2.33,-2.39,-2.52,-2.75,-2.77,-2.46,-2.63,-2.47,-2.32,-2.04,-1.59,-1.65,-2.14,-2.37,-2.69,-2.45,-2.14,-1.92,-2.02,-2.19,-2.02,-2.05,-2.23,-1.91,-1.99,-1.99,-1.79,-1.60,-1.20,-1.01,-0.90,-0.88,-0.86,-0.47,-0.32,-0.47,-0.36,-0.78,-0.95,-0.92,-1.05,-0.77,-0.81,-0.73,-0.63,-0.57,-0.49,-0.56,-0.51,-0.49,-0.46,-0.49,-0.46,-0.47,-0.58,-0.49,-0.52,-0.62,-0.49,-0.49,-0.44,-0.43,-0.17,-0.16,-0.22,-0.46,-0.13,-0.46,-0.54,-0.37,-0.21,-0.18,-0.11,-0.09,-0.01,-0.12,-0.26,-0.07,0.02,0.27,0.25,0.20,0.39,0.55,0.32,0.64,0.60,0.66,0.92,1.03,0.88,0.28,-0.34,-0.42,0.02,0.43,0.74,0.69,0.82,0.72,0.86,0.77,0.85,1.09,1.08,1.36,1.31,1.19,1.13,1.08,1.20,1.11,0.98,0.85,1.25,1.07,1.13,1.46,1.64,1.55,1.47,1.51,1.38,1.72,1.72,1.73,1.34,1.18,1.23,1.40,1.92,2.16,2.19,2.26,2.18,2.19,2.37,2.33,2.45,2.39,2.35,2.42,2.53,2.48,2.37,2.55,2.53
-1.15,-0.95,-0.78,-0.78,-1.06,-1.30,-1.71,-1.86,-1.92,-2.07,-2.29,-2.55,-2.41,-2.41,-2.43,-2.57,-2.83,-2.74,-2.42,-2.51,-2.37,-2.15,-1.77,-1.20,-1.16,-1.54,-1.95,-2.27,-2.30,-2.28,-2.24,-2.23,-2.24,-2.19,-2.14,-1.86,-1.78,-1.90,-1.63,-1.93,-1.88,-1.57,-1.32,-0.98,-0.76,-0.76,-0.59,-0.51,-0.51,-0.62,-0.64,-1.02,-0.93,-1.03,-0.82,-0.67,-0.63,-0.63,-0.54,-0.47,-0.48,-0.62,-0.64,-0.47,-0.43,-0.53,-0.61,-0.59,-0.44,-0.48,-0.54,-0.37,-0.42,-0.48,-0.69,-0.33,-0.48,-0.54,-0.59,-0.38,-0.71,-0.67,-0.56,-0.36,-0.28,-0.07,-0.11,-0.11,0.01,-0.11,-0.07,-0.02,0.25,0.33,0.27,0.29,0.39,0.55,0.72,0.77,0.97,1.14,1.19,0.97,0.32,-0.24,-0.36,-0.46,-0.03,0.59,0.45,0.59,0.60,0.58,0.71,0.80,1.02,1.15,1.35,1.29,1.27,1.23,1.18,1.38,1.39,1.38,1.12,1.13,0.90,1.14,1.53,1.61,1.49,1.39,1.36,1.42,1.80,1.73,1.60,1.09,1.07,1.25,1.50,1.92,2.39,2.23,2.17,2.25,2.39,2.36,2.17,2.42,2.31,2.39,2.51,2.58,2.60,2.28,2.36,2.36
-1.01,-0.90,-0.82,-0.88,-1.01,-1.34,-1.81,-2.15,-2.25,-2.24,-2.34,-2.60,-2.30,-2.23,-2.34,-2.50,-2.73,-2.84,-2.57,-2.42,-1.96,-1.53,-1.22,-0.81,-0.78,-1.02,-1.60,-2.04,-2.39,-2.37,-2.27,-2.28,-2.24,-2.06,-1.92,-1.86,-2.00,-2.20,-1.81,-1.87,-1.62,-1.74,-1.76,-1.31,-0.91,-0.77,-0.64,-0.62,-0.58,-0.81,-0.64,-1.02,-1.00,-0.96,-0.86,-0.58,-0.53,-0.64,-0.58,-0.53,-0.52,-0.62,-0.72,-0.59,-0.46,-0.47,-0.52,-0.54,-0.47,-0.49,-0.66,-0.62,-0.54,-0.62,-0.85,-0.73,-0.69,-0.71,-0.91,-0.91,-1.21,-0.95,-0.88,-0.78,-0.42,0.20,-0.03,0.10,0.17,0.08,0.22,0.15,0.38,0.55,0.50,0.46,0.63,0.65,0.88,0.92,0.93,1.03,1.08,1.11,0.65,-0.16,-0.67,-0.83,-0.69,-0.19,0.35,0.51,0.65,0.65,0.80,0.56,0.84,1.03,1.25,1.19,1.33,1.61,1.82,1.96,2.02,2.09,1.31,1.00,0.98,1.18,1.42,1.44,1.31,1.30,1.33,1.24,1.56,1.52,1.46,1.00,0.98,1.18,1.58,2.13,1.79,2.12,2.06,2.12,2.24,2.24,2.09,2.13,2.17,2.25,2.40,2.49,2.46,2.03,2.17,2.09
-1.08,-0.97,-0.90,-0.93,-0.88,-1.29,-1.69,-2.13,-2.42,-2.43,-2.33,-2.56,-2.23,-1.99,-2.05,-2.36,-2.63,-3.03,-2.73,-2.34,-1.67,-1.12,-0.90,-0.54,-0.23,-0.56,-1.03,-1.59,-1.92,-2.10,-2.18,-2.24,-2.27,-2.00,-1.97,-2.09,-1.90,-2.07,-1.87,-1.87,-1.73,-1.68,-1.76,-1.68,-1.34,-0.88,-0.64,-0.68,-0.58,-0.75,-0.85,-1.11,-1.00,-1.00,-0.88,-0.58,-0.43,-0.69,-0.69,-0.61,-0.62,-0.68,-0.77,-0.78,-0.64,-0.51,-0.49,-0.59,-0.66,-0.62,-0.85,-0.87,-0.77,-0.88,-1.01,-1.14,-0.97,-1.03,-1.24,-1.30,-1.38,-1.11,-0.92,-0.80,-0.33,0.45,0.15,0.19,0.24,0.19,0.41,0.30,0.40,0.43,0.67,0.50,0.79,0.77,1.08,1.12,1.06,1.14,1.13,1.09,0.91,0.25,-0.38,-0.77,-1.14,-0.92,-0.27,0.34,0.77,0.63,0.38,0.60,0.77,0.92,1.09,1.31,1.86,2.60,3.14,3.43,3.71,3.72,2.00,0.97,1.04,1.07,1.29,1.19,1.08,1.11,1.08,1.06,1.36,1.28,1.36,0.91,1.18,1.50,1.82,2.30,2.19,2.14,2.00,2.17,2.31,2.24,2.13,1.85,1.94,2.06,2.11,2.09,2.06,1.94,2.06,2.00
-0.88,-0.90,-0.91,-0.76,-0.87,-1.05,-1.46,-1.87,-2.20,-2.38,-2.15,-2.20,-2.00,-1.74,-1.68,-1.92,-2.19,-2.65,-2.59,-2.16,-1.39,-0.81,-0.58,0.01,0.39,0.10,-0.48,-1.10,-1.79,-2.23,-2.33,-2.28,-2.27,-2.23,-2.32,-2.19,-2.00,-2.19,-2.02,-2.16,-2.10,-1.91,-1.82,-1.86,-1.63,-0.96,-0.64,-0.73,-0.67,-0.83,-0.83,-1.00,-0.98,-0.97,-0.85,-0.73,-0.57,-0.71,-0.82,-0.67,-0.67,-0.87,-0.98,-1.02,-1.01,-0.93,-0.86,-0.85,-0.92,-0.95,-1.05,-1.11,-1.08,-1.20,-1.30,-1.36,-1.21,-1.29,-1.27,-1.32,-1.20,-1.08,-0.77,-0.51,-0.16,0.45,0.29,0.18,0.35,0.29,0.35,0.40,0.46,0.44,0.70,0.54,0.90,0.88,1.01,1.13,1.00,0.90,0.98,1.22,1.34,1.02,0.25,-0.48,-0.69,-0.86,-0.56,0.04,0.72,0.65,0.63,0.53,0.64,0.95,1.33,1.82,3.40,5.04,5.63,5.93,6.61,6.06,3.20,1.40,0.92,0.88,1.12,0.95,0.91,0.96,0.93,1.03,1.19,0.93,1.25,1.02,1.15,1.36,1.72,2.19,2.28,2.25,2.25,2.23,2.03,1.72,1.52,1.53,1.53,1.56,1.62,1.68,1.74,1.96,1.94,1.94
-0.93,-0.92,-0.95,-0.88,-0.83,-0.93,-1.27,-1.58,-1.78,-1.97,-1.82,-1.69,-1.58,-1.46,-1.43,-1.57,-1.86,-2.30,-2.25,-1.86,-1.15,-0.42,-0.02,0.18,0.67,0.59,-0.29,-0.88,-1.38,-1.82,-2.18,-2.38,-2.37,-2.27,-2.38,-2.11,-2.09,-2.25,-2.13,-2.16,-2.13,-2.02,-1.87,-1.81,-1.65,-1.08,-0.80,-0.69,-0.75,-1.00,-0.80,-1.03,-1.02,-1.03,-0.92,-0.95,-0.88,-0.95,-1.00,-1.01,-0.93,-1.06,-1.17,-1.19,-1.19,-1.17,-1.12,-0.98,-0.93,-1.05,-1.12,-1.22,-1.16,-1.11,-1.21,-1.22,-1.06,-1.00,-1.07,-0.98,-0.92,-0.90,-0.68,-0.31,0.14,0.45,0.50,0.49,0.51,0.37,0.33,0.44,0.58,0.67,0.71,0.60,1.03,0.92,0.91,1.06,1.07,1.11,1.24,1.44,1.52,1.39,0.90,-0.01,-0.76,-0.68,-0.62,-0.01,0.75,0.72,0.72,0.56,0.51,0.67,1.60,2.81,5.46,7.73,8.20,8.38,8.71,6.91,4.02,1.55,0.95,0.86,0.95,0.82,0.95,1.00,0.92,1.11,1.24,1.20,1.53,1.09,1.25,1.53,1.94,2.47,2.63,2.37,2.02,1.89,1.73,1.55,1.46,1.49,1.42,1.56,1.50,1.42,1.55,1.61,1.75,1.66
-1.14,-1.08,-0.93,-1.11,-0.80,-1.02,-1.22,-1.32,-1.43,-1.44,-1.38,-1.51,-1.45,-1.32,-1.26,-1.32,-1.92,-1.91,-1.73,-1.57,-1.11,-0.41,0.09,0.58,0.82,0.37,-0.01,-0.64,-1.25,-1.63,-1.87,-2.14,-2.30,-2.37,-2.23,-2.25,-2.24,-2.22,-2.20,-2.10,-2.01,-2.07,-2.05,-1.76,-1.44,-1.14,-1.03,-0.85,-1.07,-1.24,-1.08,-1.17,-1.12,-1.22,-1.20,-1.17,-1.15,-1.19,-1.01,-1.12,-1.08,-1.06,-1.21,-1.15,-0.92,-0.82,-0.76,-0.52,-0.44,-0.68,-0.82,-0.83,-0.78,-0.80,-0.91,-0.92,-0.91,-0.71,-0.78,-0.69,-0.48,-0.49,-0.29,0.23,0.54,0.72,0.70,0.70,0.63,0.49,0.54,0.71,0.82,0.97,0.91,0.80,1.19,1.02,1.13,1.13,1.19,1.25,1.22,1.29,1.42,1.41,1.28,0.79,-0.22,-0.81,-0.53,-0.06,0.70,0.54,0.50,0.63,0.98,0.80,1.39,2.52,5.35,6.89,7.52,8.48,8.27,6.02,3.28,0.91,0.84,0.77,0.97,0.91,1.07,1.09,1.02,1.20,1.38,1.42,1.45,1.03,1.39,1.78,2.16,2.47,2.34,2.03,1.68,1.49,1.49,1.47,1.27,1.28,1.19,1.45,1.49,1.39,1.42,1.80,1.68,1.63
-1.06,-1.08,-0.86,-0.76,-0.75,-0.91,-1.05,-1.10,-1.12,-1.35,-1.58,-1.62,-1.65,-1.59,-1.43,-1.25,-1.54,-1.51,-1.27,-1.39,-1.46,-1.10,-0.86,-0.76,-0.01,-0.04,-0.51,-1.02,-1.38,-1.50,-1.68,-2.06,-2.13,-2.23,-2.22,-2.24,-2.19,-2.10,-2.13,-2.10,-1.92,-2.01,-2.11,-1.76,-1.41,-1.35,-1.26,-1.10,-1.22,-1.34,-1.17,-1.08,-1.07,-1.20,-1.15,-1.24,-1.16,-0.96,-0.68,-0.63,-0.58,-0.61,-0.80,-0.71,-0.44,-0.27,-0.09,0.19,0.29,-0.14,-0.41,-0.51,-0.61,-0.71,-0.77,-0.77,-0.80,-0.49,-0.42,-0.47,-0.09,0.12,0.28,0.77,0.92,1.03,0.97,0.93,0.86,0.72,0.75,1.06,1.06,1.06,1.20,1.15,1.35,1.33,1.41,1.19,1.22,1.31,1.23,1.27,1.36,1.39,1.31,0.91,0.07,-0.64,-0.44,-0.16,0.58,0.58,0.41,0.54,0.93,0.71,0.93,1.40,1.79,2.90,4.78,5.88,5.05,2.94,1.60,0.72,0.93,0.93,1.13,1.03,1.09,1.25,1.28,1.23,1.30,1.31,1.23,1.12,1.39,1.75,2.05,2.14,2.06,1.55,1.39,1.24,1.27,1.30,1.22,1.29,1.22,1.34,1.30,1.31,1.55,1.83,1.86,1.53
-1.00,-1.11,-1.03,-0.81,-0.66,-0.67,-0.64,-0.72,-1.16,-1.34,-1.51,-1.60,-1.59,-1.55,-1.62,-1.77,-1.83,-1.72,-1.57,-1.59,-1.77,-1.78,-1.54,-1.46,-1.14,-1.08,-1.03,-1.43,-1.79,-1.90,-1.93,-2.13,-2.30,-2.29,-2.18,-2.14,-2.02,-2.02,-1.99,-1.92,-1.83,-1.90,-1.92,-1.64,-1.63,-1.44,-1.41,-1.24,-1.14,-1.20,-1.05,-0.96,-0.95,-0.91,-0.82,-0.90,-0.78,-0.63,-0.43,-0.23,0.02,0.12,0.04,0.18,0.40,0.55,0.75,0.93,1.07,0.60,0.24,0.19,-0.08,-0.34,-0.49,-0.63,-0.62,-0.38,-0.23,-0.19,0.07,0.75,0.77,1.08,1.18,1.20,1.38,1.15,1.04,0.91,0.95,1.03,1.06,1.03,1.36,1.41,1.55,1.53,1.50,1.30,1.24,1.34,1.34,1.40,1.44,1.47,1.33,0.86,0.09,-0.57,-0.23,0.10,0.66,0.60,0.41,0.81,1.02,0.75,1.03,1.12,1.24,1.82,3.24,4.12,3.29,1.90,1.03,0.75,0.75,0.84,0.97,1.04,1.18,1.28,1.28,1.23,1.20,1.38,1.25,1.12,1.18,1.51,1.74,1.86,1.89,1.42,1.22,1.13,1.09,1.17,1.30,1.22,1.19,1.45,1.52,1.60,1.64,1.51,1.84,1.51
-1.24,-1.24,-0.92,-0.88,-0.77,-0.80,-0.90,-0.98,-1.06,-1.38,-1.50,-1.45,-1.51,-1.67,-1.72,-1.76,-1.64,-1.76,-1.78,-1.73,-1.76,-1.77,-1.62,-1.82,-1.86,-1.73,-1.72,-2.00,-2.20,-2.19,-2.20,-2.07,-2.39,-2.36,-2.13,-2.09,-1.95,-1.96,-1.86,-1.78,-1.73,-1.69,-1.59,-1.43,-1.62,-1.17,-1.36,-1.22,-1.12,-1.07,-1.01,-0.80,-0.88,-0.72,-0.77,-0.63,-0.56,-0.47,-0.17,0.24,0.77,1.01,0.90,0.98,1.18,1.35,1.61,1.67,1.71,1.31,1.02,1.08,0.66,-0.08,-0.47,-0.37,-0.46,-0.43,-0.08,-0.11,0.30,1.11,1.28,1.63,1.20,1.44,1.42,1.07,1.17,1.03,1.02,1.00,1.14,1.17,1.44,1.47,1.55,1.45,1.47,1.29,1.28,1.42,1.45,1.38,1.39,1.34,1.12,0.72,-0.03,-0.62,-0.18,-0.07,0.54,0.34,0.49,0.64,0.67,0.77,0.96,1.00,0.93,1.17,1.71,2.18,1.85,0.81,0.70,0.87,0.92,0.80,0.96,0.97,1.02,1.12,1.24,1.34,1.31,1.24,1.12,0.95,0.90,1.34,1.72,1.82,1.67,1.39,1.27,1.08,1.18,1.38,1.42,1.39,1.36,1.56,1.63,1.64,1.67,1.72,1.67,1.60
-1.05,-1.00,-0.72,-0.95,-0.92,-0.92,-1.01,-1.12,-1.15,-1.48,-1.64,-1.68,-1.67,-1.71,-1.78,-1.60,-1.41,-1.76,-1.90,-1.91,-1.92,-1.86,-1.63,-1.91,-2.06,-1.96,-1.92,-2.14,-2.27,-2.19,-2.10,-1.96,-2.09,-2.07,-2.04,-2.05,-1.92,-1.92,-1.81,-1.68,-1.60,-1.45,-1.34,-1.34,-1.38,-1.22,-1.12,-0.97,-0.90,-0.85,-0.76,-0.73,-0.87,-0.75,-0.62,-0.47,-0.33,-0.31,0.12,0.63,1.24,1.74,1.58,1.46,1.72,1.95,2.03,2.07,1.96,1.62,1.39,1.25,1.14,0.48,-0.36,-0.16,-0.26,-0.12,-0.01,0.14,0.59,1.11,1.52,1.74,1.36,1.44,1.45,1.20,1.15,0.98,0.88,1.15,1.38,1.49,1.72,1.68,1.74,1.77,1.80,1.78,2.01,2.35,2.06,1.57,1.30,1.18,1.04,0.67,-0.09,-0.57,-0.21,-0.26,0.35,0.23,0.65,0.46,0.60,0.75,0.91,0.86,0.92,1.00,1.24,1.50,1.33,0.85,0.76,0.69,0.56,0.90,0.88,0.96,1.06,1.07,1.23,1.40,1.25,1.07,1.20,0.98,0.82,1.45,1.83,1.74,1.55,1.36,1.33,1.15,1.34,1.45,1.40,1.44,1.42,1.58,1.63,1.58,1.56,1.71,1.69,1.69
-1.02,-1.00,-0.78,-0.78,-0.82,-0.90,-1.00,-1.10,-1.21,-1.35,-1.64,-1.62,-1.62,-1.69,-1.49,-1.48,-1.43,-1.68,-1.73,-1.79,-1.95,-1.81,-1.72,-1.92,-2.06,-2.18,-2.06,-2.02,-2.04,-2.00,-1.91,-1.88,-1.90,-1.71,-1.81,-1.78,-1.71,-1.74,-1.67,-1.46,-1.35,-1.35,-1.24,-1.21,-1.24,-1.11,-0.95,-0.93,-0.77,-0.88,-0.64,-0.66,-0.71,-0.69,-0.53,-0.31,-0.16,0.06,0.56,1.11,1.67,2.17,2.16,1.95,1.99,2.00,1.85,1.90,1.80,1.40,1.25,1.28,1.06,0.69,0.08,0.14,-0.01,-0.01,0.07,0.13,0.46,1.01,1.73,1.50,1.47,1.24,1.01,0.93,0.98,0.95,1.17,1.71,2.09,2.42,2.68,2.55,2.72,2.86,3.00,3.25,3.69,3.99,3.34,2.24,1.33,1.09,1.09,0.70,-0.01,-0.59,-0.32,-0.17,0.38,0.18,0.50,0.56,0.65,0.67,0.70,0.74,1.01,1.22,1.34,1.33,0.97,0.51,0.55,0.50,0.48,0.96,0.75,1.03,1.06,1.09,1.09,1.15,1.36,1.20,1.04,0.97,0.85,1.44,1.69,1.62,1.61,1.45,1.33,1.22,1.27,1.35,1.42,1.57,1.60,1.68,1.68,1.52,1.45,1.60,1.66,1.77
-0.88,-0.97,-0.80,-0.77,-0.73,-0.86,-1.03,-1.14,-1.15,-1.07,-1.50,-1.62,-1.59,-1.60,-1.43,-1.46,-1.50,-1.58,-1.57,-1.60,-1.83,-1.88,-1.74,-1.78,-2.04,-2.16,-2.04,-1.93,-1.95,-1.87,-1.76,-1.73,-1.76,-1.54,-1.50,-1.45,-1.39,-1.38,-1.36,-1.30,-1.24,-1.12,-1.03,-1.03,-1.02,-0.90,-0.85,-0.81,-0.62,-0.72,-0.62,-0.64,-0.46,-0.47,-0.29,-0.12,0.17,0.33,0.63,1.30,1.88,2.02,2.01,1.85,1.74,1.94,1.84,1.68,1.66,1.39,1.23,1.34,1.28,1.47,1.44,1.03,0.35,0.01,-0.04,-0.11,0.33,1.03,1.71,1.35,1.40,1.08,0.82,0.87,0.96,1.14,1.83,3.17,3.72,4.00,4.09,3.92,3.84,4.04,4.37,4.58,5.07,5.33,4.51,2.84,1.39,1.00,1.00,0.64,0.02,-0.59,-0.34,-0.17,0.30,0.28,0.37,0.60,0.56,0.58,0.71,0.72,0.84,0.86,0.90,0.91,0.80,0.63,0.56,0.55,0.37,0.63,0.95,1.06,0.92,0.93,0.93,1.01,1.12,0.67,0.80,0.80,0.90,1.41,1.68,1.69,1.62,1.45,1.27,1.18,1.24,1.30,1.42,1.66,1.55,1.52,1.38,1.25,1.20,1.33,1.44,1.46
-1.14,-0.96,-0.96,-0.88,-0.90,-0.91,-0.95,-1.05,-1.26,-1.16,-1.39,-1.62,-1.72,-1.64,-1.53,-1.71,-1.63,-1.65,-1.63,-1.69,-1.93,-2.02,-1.62,-1.77,-1.99,-1.93,-1.83,-1.88,-1.96,-1.78,-1.49,-1.48,-1.41,-1.25,-1.21,-1.17,-1.14,-1.19,-1.26,-1.27,-1.22,-1.11,-1.03,-1.10,-1.00,-1.14,-0.78,-0.68,-0.75,-0.78,-0.49,-0.67,-0.51,-0.38,-0.16,-0.04,0.24,0.37,0.63,1.22,1.84,2.00,1.71,1.51,1.51,1.69,1.51,1.47,1.79,1.47,1.39,1.77,2.25,2.55,2.36,2.34,1.07,-0.03,-0.22,-0.01,0.25,1.19,1.35,1.17,1.38,1.28,0.64,0.80,0.76,1.33,2.40,4.05,4.76,4.90,4.92,4.77,4.37,4.57,4.87,5.10,5.53,5.92,4.97,3.00,1.35,0.87,0.91,0.58,-0.09,-0.67,-0.43,-0.17,0.22,0.30,0.37,0.48,0.45,0.49,0.61,0.76,0.69,0.61,0.63,0.74,0.84,0.72,0.49,0.25,0.10,0.63,0.58,0.60,0.64,0.58,0.66,0.98,1.08,0.88,1.03,0.46,0.67,1.39,1.71,1.73,1.66,1.35,1.06,1.23,1.30,1.23,1.23,1.35,1.29,1.33,1.12,1.06,1.12,1.13,1.11,1.07
-0.95,-0.93,-0.75,-0.82,-0.77,-0.80,-0.96,-1.14,-1.25,-1.19,-1.27,-1.50,-1.76,-1.83,-1.65,-1.88,-1.63,-1.65,-1.67,-1.73,-2.06,-2.02,-1.65,-1.92,-1.86,-1.69,-1.73,-1.85,-1.83,-1.58,-1.26,-1.25,-1.22,-0.76,-0.83,-0.85,-1.05,-1.19,-1.29,-1.25,-1.03,-1.02,-1.07,-0.96,-0.76,-1.00,-0.86,-0.82,-0.81,-0.75,-0.59,-0.68,-0.43,-0.23,-0.19,-0.17,0.04,0.18,0.63,1.33,1.77,1.74,1.57,1.69,1.95,2.34,2.14,2.17,2.52,2.29,2.24,2.31,2.63,2.65,2.47,2.41,1.18,0.10,-0.04,0.03,0.14,0.95,1.17,1.25,1.38,1.14,0.55,0.77,0.84,1.47,2.70,4.05,4.75,4.90,4.97,4.70,4.48,4.77,5.14,5.37,5.56,5.87,4.77,2.89,1.31,0.76,0.88,0.59,-0.17,-0.72,-0.47,-0.13,0.23,0.27,0.30,0.38,0.34,0.51,0.65,0.60,0.51,0.60,0.65,0.79,0.85,0.50,0.14,-0.02,-0.17,0.70,0.41,0.59,0.53,0.34,0.51,0.65,0.43,0.59,0.71,0.55,1.22,1.44,1.72,1.85,1.62,1.31,1.31,1.00,0.98,1.08,1.14,1.13,1.29,1.44,1.25,1.14,1.13,1.15,1.01,1.07
-0.86,-0.88,-0.71,-0.86,-0.81,-0.75,-0.81,-1.02,-1.24,-1.21,-1.32,-1.50,-1.74,-1.90,-1.67,-1.78,-1.63,-1.65,-1.65,-1.68,-1.93,-1.92,-1.91,-1.96,-1.83,-1.67,-1.64,-1.64,-1.62,-1.46,-1.22,-1.07,-0.91,-0.47,-0.34,-0.68,-0.97,-1.10,-1.15,-1.12,-0.92,-0.71,-0.76,-0.62,-0.61,-0.76,-0.75,-0.72,-0.75,-0.72,-0.62,-0.57,-0.38,-0.44,-0.28,-0.21,-0.04,0.08,0.35,0.92,1.42,1.60,1.50,1.85,2.55,2.83,2.55,2.47,2.59,2.45,2.48,2.54,2.68,2.68,2.42,2.51,1.03,0.13,0.07,0.12,0.22,0.96,1.08,1.14,1.25,1.06,0.66,0.74,0.87,1.39,2.76,4.34,4.72,4.62,4.84,4.65,4.67,5.08,5.32,5.56,5.51,5.57,4.52,2.83,1.44,0.85,0.84,0.61,-0.03,-0.49,-0.33,-0.09,0.33,0.41,0.43,0.43,0.34,0.59,0.55,0.50,0.45,0.53,0.65,0.82,0.81,0.41,-0.01,0.19,0.39,0.59,0.65,0.75,0.66,0.64,0.66,0.79,0.98,0.88,0.66,0.48,1.19,1.34,1.39,1.44,1.47,1.58,1.27,1.15,1.04,1.07,1.23,1.41,1.41,1.46,1.33,1.12,1.09,1.24,1.18,1.12
-0.90,-0.83,-0.81,-0.83,-0.77,-0.76,-0.87,-0.98,-1.24,-1.27,-1.39,-1.48,-1.59,-1.69,-1.50,-1.57,-1.62,-1.71,-1.73,-1.74,-1.87,-1.85,-1.91,-1.81,-1.96,-1.83,-1.60,-1.43,-1.35,-1.31,-0.95,-0.87,-0.48,-0.49,-0.28,-0.52,-0.80,-0.92,-0.98,-0.91,-0.66,-0.51,-0.53,-0.47,-0.62,-0.61,-0.69,-0.82,-0.59,-0.71,-0.64,-0.68,-0.59,-0.42,-0.23,-0.09,0.04,0.28,0.56,1.02,1.64,2.05,2.20,2.37,2.69,2.71,2.53,2.54,2.68,2.54,2.28,2.58,2.80,2.87,2.69,2.70,1.45,0.37,0.20,-0.02,0.67,1.08,1.45,1.24,1.23,1.30,0.88,1.07,1.09,1.42,2.59,3.88,4.58,4.59,4.61,4.49,4.47,4.71,4.98,5.23,5.33,5.19,4.44,2.90,1.44,0.90,0.82,0.63,0.12,-0.36,-0.21,-0.12,0.34,0.49,0.56,0.48,0.48,0.59,0.43,0.48,0.40,0.41,0.55,0.55,0.54,0.39,-0.08,0.25,0.40,0.64,0.77,0.88,0.81,0.87,0.93,1.00,0.97,0.86,0.90,0.51,1.24,1.39,1.45,1.53,1.60,1.47,1.17,1.09,1.03,1.00,1.11,1.35,1.38,1.44,1.07,1.07,1.22,1.25,1.24,0.95
-0.97,-0.93,-0.82,-0.80,-0.76,-0.80,-0.96,-1.02,-1.24,-1.38,-1.41,-1.39,-1.39,-1.46,-1.38,-1.43,-1.50,-1.65,-1.73,-1.67,-1.78,-1.88,-1.72,-1.55,-1.68,-1.58,-1.51,-1.39,-1.15,-1.06,-0.56,-0.46,-0.33,-0.31,-0.44,-0.62,-0.68,-0.81,-0.83,-0.66,-0.57,-0.68,-0.77,-0.80,-0.80,-0.76,-0.80,-0.88,-0.54,-0.77,-0.42,-0.56,-0.73,-0.66,-0.48,-0.16,0.04,0.34,0.60,0.96,1.55,1.61,1.67,2.18,2.46,2.66,2.49,2.55,2.58,2.66,2.65,2.96,2.69,2.66,2.43,2.47,1.71,0.17,-0.03,-0.18,0.43,0.97,1.30,1.28,1.11,1.22,0.70,0.97,0.80,1.13,2.12,3.55,4.43,4.43,4.43,4.45,4.26,4.56,4.78,4.90,5.01,4.96,4.24,2.72,1.23,0.72,0.81,0.72,0.18,-0.38,-0.17,0.02,0.37,0.40,0.50,0.35,0.55,0.56,0.43,0.45,0.43,0.46,0.56,0.54,0.64,0.56,0.12,0.53,0.56,0.90,0.69,0.84,0.85,0.90,0.85,1.01,1.20,0.77,0.90,0.59,1.08,1.34,1.39,1.56,1.69,1.35,1.30,1.24,1.20,1.15,1.19,1.27,1.18,1.38,1.12,1.09,1.25,1.33,1.09,0.92
-1.07,-1.06,-0.97,-0.91,-0.87,-0.83,-0.87,-0.92,-1.24,-1.35,-1.43,-1.46,-1.48,-1.48,-1.36,-1.46,-1.55,-1.69,-1.72,-1.58,-1.76,-1.78,-1.64,-1.58,-1.69,-1.54,-1.44,-1.40,-1.26,-1.08,-0.85,-0.49,-0.75,-0.64,-0.86,-0.88,-0.71,-0.73,-0.81,-0.71,-0.66,-0.69,-0.67,-0.68,-0.69,-0.86,-0.93,-0.69,-0.54,-0.57,-0.48,-0.48,-0.43,-0.52,-0.54,-0.22,0.01,0.20,0.46,0.87,1.50,1.55,1.75,2.53,2.62,2.68,2.48,2.28,2.46,2.62,2.55,2.68,2.54,2.45,2.23,2.23,1.85,0.34,-0.01,0.04,0.30,0.80,1.33,1.50,1.22,1.04,0.77,0.51,1.04,0.96,2.03,3.14,4.18,4.28,3.98,4.18,3.80,3.93,4.59,4.94,4.87,4.87,3.94,2.46,1.23,0.76,0.77,0.72,0.24,-0.42,-0.27,0.08,0.34,0.30,0.40,0.35,0.49,0.48,0.40,0.41,0.45,0.49,0.51,0.54,0.64,0.53,0.10,0.28,0.49,0.85,0.63,0.79,0.79,0.77,0.72,0.85,0.88,0.55,1.12,0.27,0.98,1.20,1.47,1.69,1.61,1.29,1.19,1.04,0.98,1.12,1.19,1.13,1.30,1.41,0.95,0.93,1.18,1.33,1.23,1.01
-1.06,-1.06,-1.14,-1.06,-0.90,-0.77,-0.83,-1.08,-1.08,-1.07,-1.27,-1.49,-1.54,-1.54,-1.38,-1.53,-1.55,-1.68,-1.76,-1.65,-1.91,-1.60,-1.68,-1.59,-1.82,-1.59,-1.27,-1.34,-1.44,-1.14,-0.66,-0.90,-1.01,-0.80,-0.75,-0.78,-0.72,-0.93,-1.01,-0.87,-0.91,-0.88,-0.90,-0.51,-0.59,-0.83,-0.68,-0.80,-0.56,-0.80,-0.56,-0.67,-0.58,-0.52,-0.53,-0.37,-0.16,0.06,0.28,0.74,1.30,1.39,1.60,2.20,2.22,2.19,2.41,2.25,2.37,2.39,2.23,2.40,2.08,1.99,2.09,2.14,2.14,0.93,0.15,0.09,0.09,0.81,1.49,1.13,1.01,0.97,0.63,0.63,0.93,1.15,1.89,3.01,3.87,4.10,3.73,3.73,4.05,4.38,5.15,6.00,5.67,4.84,3.71,2.36,1.25,0.77,0.66,0.61,0.15,-0.53,-0.38,-0.21,0.15,0.24,0.25,0.35,0.43,0.41,0.44,0.38,0.34,0.41,0.44,0.50,0.55,0.39,0.09,0.17,0.32,0.70,0.64,0.71,0.82,0.95,0.80,0.82,0.82,0.43,0.86,0.07,1.11,1.25,1.52,1.73,1.69,1.52,1.20,0.95,1.17,1.18,1.15,1.23,1.14,1.28,1.15,1.00,1.11,1.33,1.22,1.25
-0.92,-0.95,-0.97,-1.02,-0.96,-0.77,-0.66,-1.16,-0.86,-1.08,-1.21,-1.29,-1.40,-1.46,-1.26,-1.54,-1.69,-1.81,-1.83,-1.81,-1.92,-1.53,-1.78,-1.68,-1.65,-1.53,-1.43,-1.43,-1.48,-1.40,-0.81,-1.01,-1.02,-1.10,-0.71,-0.90,-0.77,-0.62,-0.72,-0.75,-0.67,-0.64,-0.87,-0.69,-0.57,-0.80,-0.63,-0.66,-0.67,-0.66,-0.52,-0.56,-0.33,-0.23,-0.37,-0.27,-0.03,0.12,0.22,0.54,1.18,1.49,1.56,2.06,2.47,2.43,2.36,2.31,2.19,2.14,2.52,2.24,2.23,1.80,2.14,2.33,2.39,1.44,0.12,0.08,0.08,0.88,1.45,1.39,0.91,1.00,0.63,0.74,0.90,1.13,1.95,2.88,3.67,3.87,3.77,3.72,5.56,6.71,7.42,8.51,8.02,5.65,3.72,2.40,1.33,0.86,0.82,0.66,-0.02,-0.59,-0.43,-0.33,0.10,0.27,0.18,0.19,0.48,0.44,0.44,0.32,0.34,0.39,0.50,0.54,0.40,0.24,0.19,0.18,0.29,0.75,0.72,0.60,0.72,0.77,0.72,0.84,0.82,0.51,0.85,-0.12,0.80,1.29,1.52,1.63,1.67,1.58,1.30,1.08,1.13,1.07,0.98,1.00,1.04,1.44,1.14,1.06,1.13,1.24,1.36,1.41
-1.01,-0.75,-0.97,-1.07,-0.95,-0.82,-0.86,-0.76,-1.05,-1.25,-1.29,-1.26,-1.30,-1.51,-1.55,-1.51,-1.40,-1.48,-1.65,-1.67,-1.71,-1.64,-1.72,-1.65,-1.60,-1.41,-1.22,-1.16,-1.14,-1.01,-0.82,-1.17,-1.07,-1.25,-0.86,-0.77,-0.67,-0.72,-0.91,-0.88,-0.78,-0.80,-0.81,-0.62,-0.58,-1.05,-0.75,-0.68,-0.49,-0.47,-0.39,-0.44,-0.59,-0.46,-0.41,-0.23,-0.03,-0.03,0.10,0.59,1.29,1.61,1.62,1.95,2.36,2.29,2.24,2.19,2.29,2.26,2.16,2.20,2.20,2.05,1.89,2.08,2.37,1.83,0.18,0.15,0.07,1.12,1.23,1.20,1.13,1.20,0.95,0.76,0.90,1.17,1.75,2.83,3.52,3.86,3.97,5.05,8.30,9.33,9.13,9.46,9.70,7.09,4.34,2.57,1.36,0.92,0.88,0.77,0.28,-0.33,-0.37,-0.39,0.08,0.22,0.25,0.32,0.50,0.48,0.39,0.32,0.43,0.38,0.48,0.45,0.17,0.01,0.09,0.06,0.24,0.59,0.53,0.43,0.56,0.63,0.61,0.72,0.72,0.44,0.71,-0.14,0.43,1.29,1.50,1.63,1.78,1.61,1.38,0.95,0.91,0.96,1.09,1.28,1.41,1.41,1.22,1.29,1.33,1.29,1.42,1.22
-1.01,-0.83,-0.71,-0.81,-0.90,-0.97,-1.06,-0.98,-0.87,-1.11,-1.24,-1.20,-1.19,-1.29,-1.36,-1.48,-1.36,-1.32,-1.51,-1.79,-1.79,-1.34,-1.34,-1.41,-1.49,-1.41,-1.35,-1.40,-1.39,-1.07,-0.75,-1.03,-0.91,-0.82,-0.81,-0.78,-0.61,-0.61,-0.80,-0.82,-0.73,-0.72,-0.83,-0.77,-0.56,-0.86,-0.63,-0.61,-0.46,-0.52,-0.42,-0.37,-0.44,-0.37,-0.16,0.04,0.09,0.02,0.08,0.56,1.23,1.49,1.56,1.83,1.99,1.94,2.18,2.37,2.39,2.33,1.85,2.03,2.28,2.25,2.06,2.26,2.66,2.24,0.46,0.01,-0.01,0.84,1.38,1.22,1.45,1.25,0.86,0.97,0.76,1.15,2.26,3.55,4.19,4.82,5.08,7.12,10.51,10.74,9.95,9.89,9.91,7.88,5.11,2.92,1.45,0.93,0.91,0.80,0.33,-0.21,-0.26,-0.31,0.10,0.18,0.27,0.37,0.48,0.48,0.39,0.37,0.39,0.33,0.30,0.24,0.04,-0.18,-0.14,0.02,0.20,0.50,0.34,0.41,0.39,0.58,0.64,0.72,0.74,0.44,0.53,0.02,0.50,1.39,1.60,1.64,1.74,1.58,1.18,1.00,0.91,1.00,1.17,1.34,1.28,1.36,1.27,1.22,1.28,1.39,1.51,1.25
-0.61,-0.77,-0.75,-0.85,-0.92,-0.92,-0.83,-0.96,-1.11,-0.81,-0.95,-1.36,-1.39,-0.95,-1.26,-1.27,-1.25,-1.30,-1.34,-1.35,-1.45,-1.32,-1.51,-1.27,-1.35,-1.35,-1.11,-0.97,-1.07,-0.90,-0.76,-0.93,-0.92,-0.76,-0.57,-0.63,-0.66,-0.81,-0.88,-0.73,-0.76,-0.61,-0.75,-0.58,-0.58,-0.62,-0.53,-0.71,-0.46,-0.63,-0.59,-0.22,-0.24,-0.32,-0.24,-0.14,0.01,0.17,0.22,0.59,1.34,1.51,1.60,1.99,2.35,2.36,2.18,1.91,2.00,2.07,1.86,2.11,2.24,2.51,2.33,2.76,2.14,2.09,0.67,0.10,-0.12,0.80,1.28,1.02,1.25,0.90,0.75,0.86,1.08,0.91,2.34,3.78,4.43,4.76,5.10,7.64,12.58,12.39,10.59,9.95,9.57,7.72,5.10,2.95,1.60,0.98,0.88,0.76,0.15,-0.28,-0.09,-0.04,0.23,0.32,0.38,0.58,0.37,0.43,0.33,0.39,0.39,0.38,0.32,0.20,-0.07,-0.31,-0.16,0.14,0.28,0.49,0.38,0.59,0.45,0.60,0.64,0.67,0.67,0.37,0.41,0.02,0.75,1.44,1.57,1.57,1.57,1.39,1.12,1.01,1.04,1.13,1.25,1.34,1.28,1.22,1.17,1.23,1.29,1.31,1.40,1.04
-1.11,-0.85,-0.76,-0.78,-0.90,-1.01,-1.01,-1.10,-0.88,-0.87,-1.02,-1.19,-1.20,-1.21,-1.15,-1.49,-1.20,-0.95,-1.01,-1.12,-1.27,-1.26,-1.32,-1.20,-1.32,-1.25,-1.16,-1.29,-1.27,-0.88,-0.85,-0.86,-0.92,-0.85,-0.82,-0.72,-0.67,-0.67,-0.61,-0.72,-0.87,-0.69,-0.92,-0.80,-0.75,-0.63,-0.51,-0.49,-0.51,-0.73,-0.73,-0.63,-0.44,-0.33,-0.27,-0.12,-0.02,-0.03,0.13,0.70,1.23,1.28,1.51,1.96,2.28,2.30,2.28,1.89,1.75,1.80,1.78,1.69,1.91,1.96,1.89,2.37,2.33,2.20,0.45,0.02,-0.31,0.72,1.02,0.92,1.39,1.09,0.65,0.65,1.24,1.22,2.24,3.90,4.61,4.92,5.09,7.79,13.64,13.52,10.66,7.98,7.81,7.04,4.89,2.89,1.67,1.11,0.91,0.76,0.29,-0.16,-0.11,-0.14,0.24,0.40,0.24,0.33,0.18,0.41,0.22,0.44,0.51,0.41,0.48,0.20,-0.27,-0.29,0.04,0.25,0.34,0.35,0.33,0.69,0.63,0.76,0.70,0.67,0.69,0.32,0.30,-0.01,0.85,1.41,1.53,1.46,1.41,1.38,1.19,1.02,1.12,1.18,1.23,1.30,1.27,1.25,1.13,1.19,1.24,1.27,1.38,1.22
-0.90,-0.98,-1.06,-0.87,-0.71,-0.76,-0.97,-1.05,-0.92,-1.06,-1.19,-1.16,-1.00,-1.05,-1.30,-1.41,-1.16,-1.10,-1.14,-0.91,-1.12,-1.08,-1.31,-1.16,-1.29,-1.31,-1.11,-1.10,-1.24,-0.88,-0.87,-0.98,-0.87,-0.96,-0.96,-0.81,-0.59,-0.69,-0.77,-0.64,-0.85,-0.69,-0.96,-0.81,-0.88,-0.71,-0.73,-0.76,-0.62,-0.62,-0.76,-0.73,-0.51,-0.42,-0.37,-0.19,-0.17,-0.14,0.03,0.30,0.90,1.20,1.28,1.80,1.95,2.05,1.95,1.90,1.38,1.49,1.38,1.67,1.67,2.12,1.96,2.19,2.71,2.43,0.43,0.08,-0.03,0.66,1.12,1.14,1.20,1.22,0.84,0.79,1.07,1.03,1.99,3.54,4.47,4.76,4.98,6.74,13.16,12.18,6.77,4.03,4.70,5.33,4.64,3.04,1.63,0.91,0.75,0.71,0.22,-0.36,-0.29,-0.14,0.02,0.15,0.06,0.24,0.25,0.22,0.08,0.35,0.39,0.35,0.33,0.06,-0.29,-0.23,0.09,0.20,0.49,0.46,0.40,0.69,0.66,0.87,0.84,0.79,0.71,0.24,0.30,0.09,0.87,1.40,1.55,1.49,1.45,1.51,1.19,1.14,1.13,1.19,1.27,1.30,1.25,1.25,1.09,1.11,1.20,1.29,1.44,1.22
-0.77,-0.86,-1.00,-0.96,-0.81,-0.69,-0.76,-0.76,-0.83,-1.00,-1.21,-1.20,-0.95,-1.11,-1.34,-1.29,-1.16,-1.05,-1.01,-1.01,-1.10,-0.85,-0.98,-1.00,-1.08,-1.10,-1.05,-1.05,-1.11,-1.03,-1.02,-0.97,-0.96,-0.97,-0.81,-0.72,-0.71,-0.69,-0.61,-0.59,-0.88,-0.86,-0.87,-0.80,-0.80,-0.59,-0.68,-0.53,-0.69,-0.44,-0.39,-0.28,-0.26,-0.22,-0.24,-0.21,-0.13,-0.06,0.18,0.63,1.13,1.11,1.38,1.53,1.78,2.13,1.96,1.80,1.68,1.45,1.27,1.62,2.02,2.09,1.99,2.16,2.46,2.48,0.71,0.24,0.15,0.85,1.06,1.02,1.02,1.02,0.80,0.79,0.91,0.91,1.78,3.05,4.25,4.61,4.67,5.11,8.36,6.78,5.23,5.25,6.06,5.88,4.87,3.24,1.75,1.01,0.77,0.77,0.40,-0.26,-0.21,-0.02,0.12,0.15,0.30,0.18,0.17,0.12,0.25,0.39,0.22,0.33,0.41,0.15,-0.18,-0.22,0.02,0.22,0.49,0.53,0.58,0.84,0.76,0.84,0.81,0.77,0.59,0.04,0.34,0.08,0.95,1.30,1.47,1.46,1.51,1.58,1.12,1.18,1.04,1.20,1.33,1.25,1.23,1.30,1.18,1.09,1.11,1.24,1.33,1.17
-0.88,-0.93,-0.92,-0.90,-0.80,-0.64,-0.59,-0.73,-0.95,-1.07,-1.20,-1.21,-1.06,-1.25,-1.31,-1.16,-1.06,-1.05,-1.03,-0.91,-1.06,-0.81,-1.16,-1.14,-1.14,-1.16,-1.08,-1.03,-1.14,-1.03,-0.88,-0.97,-0.92,-0.76,-0.73,-0.78,-0.62,-0.61,-0.75,-0.64,-0.64,-0.75,-0.83,-0.62,-0.83,-0.61,-0.68,-0.67,-0.63,-0.71,-0.72,-0.58,-0.38,-0.22,-0.14,-0.09,-0.09,-0.02,0.23,0.59,1.07,1.15,1.24,1.55,1.97,2.26,1.79,1.68,1.42,1.39,1.49,1.88,1.62,2.03,1.57,2.17,2.42,2.14,0.88,0.13,0.33,0.74,1.07,1.11,0.85,0.90,0.86,0.91,1.11,0.88,1.78,3.43,4.06,4.38,4.57,4.18,4.90,5.43,6.37,7.63,8.48,8.29,7.08,5.01,2.88,1.53,0.98,0.70,0.17,-0.37,-0.27,-0.02,-0.01,-0.09,0.13,0.23,-0.11,0.23,0.23,0.27,0.24,0.24,0.30,0.01,-0.28,-0.17,-0.07,0.09,0.34,0.58,0.53,0.86,0.71,0.72,0.67,0.70,0.58,0.08,0.30,-0.01,0.96,1.15,1.30,1.39,1.41,1.46,1.11,1.07,1.00,1.15,1.24,1.15,1.20,1.46,1.34,1.15,1.11,1.20,1.33,1.15
-1.01,-0.95,-0.90,-0.81,-0.73,-0.69,-0.64,-0.96,-1.07,-1.07,-1.19,-1.31,-1.20,-1.17,-1.35,-1.32,-1.22,-1.15,-1.10,-1.11,-1.15,-0.98,-1.35,-1.21,-1.22,-1.21,-1.05,-0.98,-1.10,-1.00,-0.92,-0.75,-0.92,-0.80,-0.85,-0.92,-0.71,-0.59,-0.73,-0.76,-0.78,-0.72,-0.87,-0.86,-0.87,-0.56,-0.93,-0.63,-0.56,-0.56,-0.53,-0.49,-0.49,-0.43,-0.33,-0.27,-0.19,-0.02,0.35,0.77,1.07,1.17,1.44,1.41,1.56,1.52,1.42,1.15,1.15,1.23,1.06,1.38,1.42,1.52,1.56,1.95,2.42,2.19,0.97,0.17,0.49,0.79,0.97,0.82,0.87,0.43,0.66,0.53,0.84,1.09,1.75,2.64,3.47,4.02,4.02,4.69,5.96,5.57,6.45,7.70,8.75,9.00,7.89,6.81,5.40,3.28,1.60,0.81,0.23,-0.27,-0.32,-0.28,-0.24,-0.02,-0.04,0.13,-0.07,0.03,0.13,0.13,0.15,0.17,0.08,-0.11,-0.23,-0.18,0.01,0.15,0.39,0.51,0.40,0.75,0.59,0.61,0.56,0.49,0.38,0.09,0.14,0.12,0.97,1.11,1.28,1.35,1.34,1.33,1.13,0.92,0.97,1.03,1.06,1.08,1.22,1.49,1.33,1.14,1.12,1.28,1.44,1.11
-1.10,-0.91,-0.76,-0.67,-0.76,-0.92,-0.90,-0.95,-0.95,-0.98,-1.19,-1.38,-1.29,-1.15,-1.15,-1.25,-1.20,-1.08,-1.08,-1.22,-1.12,-1.15,-1.44,-1.25,-1.29,-1.29,-1.14,-1.06,-0.98,-1.03,-0.97,-0.88,-0.80,-0.78,-0.93,-1.03,-0.88,-0.81,-0.87,-0.83,-0.72,-0.66,-0.73,-0.71,-1.02,-0.83,-0.98,-0.92,-0.78,-0.57,-0.54,-0.42,-0.33,-0.42,-0.36,-0.23,-0.17,0.09,0.53,0.88,0.81,0.91,1.35,1.25,1.27,1.36,1.20,1.19,1.07,1.40,1.28,1.56,1.14,1.47,1.46,1.90,2.00,1.95,1.20,0.60,0.77,0.49,0.82,0.58,0.51,0.53,0.53,0.61,0.71,0.97,1.91,2.62,3.34,3.73,4.49,5.79,6.94,7.17,7.71,7.90,8.67,9.10,8.30,7.56,7.55,5.94,2.80,0.86,0.18,-0.29,-0.18,0.07,-0.26,0.02,-0.17,-0.07,-0.03,-0.13,-0.13,0.10,0.32,0.25,0.01,-0.22,-0.33,-0.21,0.08,0.09,0.34,0.55,0.39,0.64,0.50,0.61,0.64,0.54,0.33,-0.01,0.04,0.17,0.82,1.19,1.38,1.31,1.34,1.55,1.17,0.90,0.91,1.00,1.07,1.11,1.20,1.40,1.18,0.98,1.04,1.31,1.45,1.08
-0.98,-0.91,-0.63,-0.57,-0.71,-0.93,-0.95,-0.80,-0.81,-0.90,-1.05,-1.17,-1.19,-1.20,-1.07,-1.12,-1.12,-1.15,-1.22,-1.22,-1.14,-1.10,-1.39,-1.35,-1.30,-1.24,-1.10,-1.03,-1.16,-1.03,-0.91,-0.82,-0.72,-0.81,-0.96,-0.90,-0.71,-0.73,-0.90,-0.85,-0.82,-0.64,-0.68,-0.76,-0.77,-0.63,-0.80,-0.75,-0.71,-0.62,-0.41,-0.51,-0.56,-0.43,-0.12,0.08,0.15,0.55,0.92,1.01,0.98,1.04,1.19,1.35,1.36,1.47,1.24,1.36,1.22,1.23,1.28,1.41,1.15,1.47,1.12,1.72,2.29,1.75,1.08,0.79,0.37,0.71,0.91,0.50,0.70,0.80,0.53,0.63,0.88,1.00,1.69,2.30,3.12,3.86,5.19,5.52,5.61,5.65,6.90,7.53,8.50,9.17,8.68,7.94,7.83,7.13,4.29,1.41,0.41,-0.29,-0.61,-0.39,-0.06,0.04,-0.03,-0.06,-0.08,-0.02,0.06,0.27,0.29,0.34,0.09,-0.11,-0.09,-0.04,0.10,0.09,0.09,0.61,0.30,0.49,0.41,0.66,0.59,0.37,0.23,-0.12,0.20,0.06,0.77,1.31,1.45,1.45,1.45,1.36,1.40,1.08,1.12,1.17,1.24,1.31,1.24,1.29,1.12,1.06,1.11,1.24,1.42,1.19
-0.80,-0.93,-0.67,-0.56,-0.62,-0.75,-0.82,-0.90,-0.95,-0.96,-1.02,-1.11,-1.19,-1.19,-1.17,-1.06,-1.12,-1.27,-1.35,-1.29,-1.31,-1.24,-1.41,-1.35,-1.32,-1.22,-1.05,-1.00,-1.12,-1.08,-0.98,-0.83,-0.87,-0.83,-0.81,-0.96,-0.83,-0.77,-0.91,-0.76,-0.80,-0.73,-0.67,-0.83,-0.64,-0.80,-0.80,-0.63,-0.71,-0.82,-0.53,-0.47,-0.36,-0.29,-0.19,0.10,0.35,0.67,1.08,1.22,1.15,1.18,1.12,1.28,1.35,1.39,1.33,1.42,1.14,1.07,0.88,1.45,1.04,1.49,1.49,1.80,2.43,1.79,0.79,0.55,0.64,0.50,0.63,0.41,0.69,0.75,0.63,0.82,0.82,1.09,1.75,2.64,3.73,4.24,4.71,4.87,5.12,5.80,6.84,7.76,8.43,9.13,9.02,8.37,8.05,7.44,4.82,1.64,0.48,-0.13,-0.26,-0.13,0.07,-0.08,-0.01,0.07,-0.11,0.08,0.08,0.15,0.15,0.12,-0.02,-0.16,-0.22,-0.19,0.04,0.24,0.15,0.39,0.17,0.29,0.41,0.55,0.44,0.25,0.19,-0.09,0.10,0.08,0.76,1.36,1.57,1.58,1.47,1.28,1.24,1.14,1.06,1.17,1.20,1.09,1.11,1.35,1.30,1.13,1.06,1.17,1.28,1.06
-0.64,-0.77,-0.61,-0.56,-0.56,-0.59,-0.75,-0.92,-1.05,-1.00,-0.98,-1.11,-1.21,-1.15,-1.14,-0.98,-1.02,-1.25,-1.46,-1.46,-1.49,-1.38,-1.30,-1.19,-1.29,-1.25,-1.06,-1.05,-1.12,-1.06,-0.90,-0.95,-0.95,-0.81,-0.72,-0.85,-0.76,-0.69,-0.85,-0.71,-0.59,-0.63,-0.64,-0.69,-0.71,-0.72,-0.71,-0.67,-0.78,-0.77,-0.58,-0.56,-0.43,-0.27,-0.27,-0.06,0.33,0.58,0.84,1.03,1.08,1.09,1.19,1.29,1.19,1.28,1.00,1.15,1.07,1.07,1.06,1.09,1.04,1.39,1.09,1.84,1.94,1.75,1.11,0.45,0.65,0.79,0.65,0.66,0.69,0.70,0.48,0.45,1.06,0.93,2.01,3.23,3.94,4.25,4.76,4.83,4.88,5.74,7.42,8.91,8.86,9.18,9.01,8.25,8.11,7.53,4.84,1.61,0.44,-0.11,-0.29,-0.34,-0.11,-0.31,-0.18,0.15,-0.11,0.02,-0.13,0.02,0.04,-0.09,-0.07,-0.08,-0.23,-0.17,-0.02,-0.01,0.09,0.19,0.07,0.13,0.09,0.15,0.12,0.09,0.14,-0.02,0.34,0.18,0.88,1.51,1.57,1.44,1.42,1.50,1.25,0.98,1.02,1.18,1.24,1.20,1.36,1.31,1.31,1.22,1.11,1.11,1.31,1.14
-0.47,-0.52,-0.47,-0.52,-0.57,-0.54,-0.64,-0.78,-0.93,-0.81,-0.85,-1.05,-1.11,-1.02,-0.96,-0.85,-0.80,-1.03,-1.41,-1.54,-1.46,-1.41,-1.27,-1.11,-1.24,-1.34,-1.17,-1.01,-1.07,-0.83,-0.82,-0.88,-1.01,-0.97,-0.85,-0.80,-0.71,-0.69,-0.73,-0.64,-0.57,-0.68,-0.82,-0.82,-0.83,-0.85,-0.63,-0.72,-0.62,-0.72,-0.61,-0.69,-0.56,-0.27,-0.24,-0.08,0.30,0.55,0.79,1.12,1.30,1.14,1.08,1.19,1.24,1.42,1.28,1.18,1.01,1.12,1.04,1.13,0.96,1.27,1.28,1.78,2.02,1.96,0.91,0.72,0.56,0.60,0.27,0.51,0.79,0.79,0.74,0.51,0.81,1.11,1.97,2.99,3.85,4.20,4.54,5.07,5.03,6.28,8.72,9.10,8.36,8.72,8.75,8.37,8.15,7.60,5.43,2.24,0.48,-0.38,-0.39,-0.18,-0.12,-0.32,-0.11,-0.02,-0.23,-0.17,-0.07,-0.01,-0.09,-0.28,-0.31,-0.29,-0.27,-0.07,0.08,-0.02,0.24,0.32,0.17,0.14,-0.12,0.09,0.24,0.20,0.15,-0.13,0.34,-0.01,0.74,1.24,1.46,1.39,1.38,1.72,1.27,1.15,0.95,0.98,1.11,1.12,1.24,1.19,1.22,1.20,1.15,1.15,1.41,1.01
-0.67,-0.81,-0.61,-0.58,-0.63,-0.67,-0.61,-0.86,-0.85,-0.80,-0.91,-1.16,-1.17,-0.88,-0.82,-0.77,-0.68,-0.86,-1.24,-1.39,-1.39,-1.46,-1.40,-1.17,-1.19,-1.34,-1.22,-0.92,-0.97,-0.83,-0.90,-0.82,-0.85,-0.90,-0.92,-0.83,-0.71,-0.73,-0.78,-0.68,-0.62,-0.68,-0.88,-0.83,-0.87,-0.77,-0.68,-0.64,-0.56,-0.75,-0.73,-0.61,-0.53,-0.36,-0.26,-0.08,0.22,0.44,0.74,1.12,1.36,1.13,1.09,1.08,1.27,1.36,1.20,1.06,0.72,0.82,0.86,1.00,1.07,1.38,1.18,1.69,1.95,1.57,1.02,0.50,0.40,0.72,0.23,0.37,0.64,0.56,0.44,0.51,0.84,0.77,1.46,2.69,3.36,4.42,5.19,5.14,5.12,6.74,8.81,9.17,8.13,8.15,8.22,7.44,7.21,7.28,5.40,2.14,0.59,-0.09,-0.31,-0.37,-0.11,-0.32,-0.39,-0.29,-0.23,-0.16,-0.16,-0.04,-0.19,-0.18,-0.04,-0.11,-0.29,-0.34,-0.22,0.07,0.14,0.15,0.17,0.25,-0.06,0.13,0.28,0.20,0.22,0.03,0.32,0.09,0.80,1.33,1.34,1.24,1.34,1.41,1.55,0.98,0.97,1.13,1.19,1.14,1.06,1.20,1.08,1.08,1.29,1.55,1.53,1.15
-0.82,-0.82,-0.73,-0.56,-0.56,-0.69,-0.66,-0.82,-0.83,-0.90,-1.00,-1.11,-1.15,-0.93,-0.81,-0.82,-0.67,-0.75,-1.10,-1.26,-1.30,-1.41,-1.54,-1.25,-1.15,-1.21,-1.14,-1.00,-1.00,-0.85,-0.86,-0.78,-0.75,-0.90,-0.95,-0.83,-0.71,-0.67,-0.64,-0.64,-0.72,-0.77,-0.91,-0.64,-0.73,-0.58,-0.75,-0.63,-0.56,-0.75,-0.69,-0.59,-0.46,-0.37,-0.17,0.04,0.13,0.40,0.81,1.14,1.20,1.02,0.88,1.00,1.30,1.40,1.07,1.04,0.71,0.91,0.82,1.04,0.92,1.33,1.34,1.84,1.94,1.51,1.07,0.50,0.54,0.25,0.29,0.44,0.55,0.55,0.55,0.51,0.76,1.08,1.64,2.33,3.22,4.54,6.02,5.96,5.44,7.46,8.57,8.64,7.99,7.63,7.39,6.56,6.52,6.89,5.47,2.76,0.87,-0.03,-0.18,-0.26,-0.14,0.14,-0.08,-0.21,0.12,0.04,0.08,0.13,0.04,-0.12,-0.17,-0.27,-0.34,-0.13,0.01,0.20,0.25,0.18,0.32,0.43,0.39,0.46,0.50,0.61,0.67,0.04,0.19,0.12,0.80,1.39,1.51,1.53,1.63,1.53,1.50,1.12,0.95,0.97,1.07,1.09,0.95,1.12,1.03,0.92,0.93,1.18,1.61,1.28
-0.66,-0.82,-0.62,-0.41,-0.39,-0.48,-0.46,-0.64,-0.56,-0.78,-0.96,-0.92,-0.81,-0.76,-0.86,-0.76,-0.56,-0.64,-1.02,-1.27,-1.30,-1.36,-1.57,-1.35,-1.24,-1.24,-1.15,-1.07,-1.14,-0.80,-0.82,-0.72,-0.91,-1.08,-1.00,-0.85,-0.69,-0.64,-0.62,-0.57,-0.80,-0.78,-0.92,-0.58,-0.75,-0.66,-0.80,-0.62,-0.64,-0.76,-0.72,-0.64,-0.42,-0.29,-0.14,0.04,0.18,0.41,0.66,0.96,1.02,1.08,0.88,1.12,1.22,1.39,1.25,1.00,0.69,0.90,1.00,1.27,1.00,1.36,1.39,1.60,1.96,1.69,0.85,0.58,0.46,0.53,0.46,0.41,0.40,0.58,0.58,0.40,0.82,1.15,1.60,2.07,4.32,5.82,7.23,5.84,5.80,8.20,8.66,7.90,7.25,6.97,6.85,6.35,6.25,6.35,5.31,3.16,0.98,0.03,-0.29,-0.29,-0.09,-0.19,-0.16,-0.33,-0.22,-0.02,-0.11,0.17,0.02,-0.19,-0.22,-0.21,-0.22,-0.18,-0.11,0.27,0.20,0.08,0.43,0.37,0.10,0.14,0.24,0.29,0.35,-0.01,0.22,0.18,0.70,1.23,1.44,1.46,1.47,1.34,1.30,1.01,0.91,1.00,1.13,1.14,0.85,1.15,0.93,0.93,1.08,1.14,1.30,1.23
-0.86,-1.10,-0.66,-0.57,-0.80,-0.93,-0.66,-0.64,-0.62,-0.86,-0.95,-0.81,-0.77,-0.72,-0.59,-0.69,-0.78,-0.97,-1.21,-1.20,-1.40,-1.30,-1.41,-1.45,-1.30,-1.31,-1.29,-1.08,-1.21,-0.88,-0.86,-0.73,-0.85,-0.91,-0.88,-0.85,-0.71,-0.68,-0.77,-0.72,-0.78,-0.69,-0.78,-0.52,-0.73,-0.71,-0.67,-0.66,-0.62,-0.75,-0.69,-0.66,-0.57,-0.38,-0.16,0.08,0.27,0.39,0.63,0.87,0.96,1.08,1.00,1.12,1.40,1.40,1.11,0.87,0.54,0.87,0.87,0.92,1.14,1.40,1.34,1.55,2.03,1.56,0.86,0.50,0.64,0.61,0.25,0.29,0.30,0.38,0.37,0.53,0.90,1.15,1.52,3.10,5.81,7.91,8.43,6.79,6.92,8.57,7.95,6.98,6.69,6.54,6.30,6.01,5.95,5.96,5.33,3.32,0.88,-0.27,-0.26,-0.33,-0.44,-0.13,-0.04,-0.39,-0.08,-0.07,-0.18,-0.26,-0.28,-0.47,-0.48,-0.46,-0.54,-0.39,-0.34,-0.07,0.24,0.04,0.12,0.39,0.23,0.24,0.23,0.23,0.44,0.04,-0.16,-0.17,0.56,1.30,1.66,1.53,1.27,1.57,1.42,0.95,0.77,0.91,1.09,1.13,1.02,1.17,1.00,0.95,1.08,1.27,1.23,1.18
-1.02,-0.88,-0.61,-0.44,-0.49,-0.61,-0.62,-0.59,-0.59,-0.80,-0.90,-0.85,-0.71,-0.62,-0.53,-0.48,-0.59,-0.83,-1.01,-1.08,-1.32,-1.30,-1.45,-1.39,-1.30,-1.34,-1.32,-1.12,-1.11,-0.91,-0.93,-0.81,-0.78,-0.67,-0.72,-0.75,-0.66,-0.68,-0.77,-0.76,-0.77,-0.62,-0.75,-0.63,-0.66,-0.76,-0.69,-0.64,-0.63,-0.71,-0.63,-0.67,-0.53,-0.36,-0.22,-0.02,0.17,0.40,0.61,0.74,0.97,1.06,1.07,1.06,1.34,1.28,1.06,0.84,0.65,0.92,0.66,0.91,0.96,1.31,1.29,1.50,1.72,1.71,0.96,0.67,0.66,0.09,0.24,0.41,0.55,0.43,0.55,0.81,0.70,0.91,1.91,3.88,7.07,8.78,8.36,6.83,6.94,7.74,6.92,6.17,6.01,6.11,6.10,5.85,5.67,5.59,4.80,2.60,0.58,-0.12,-0.19,-0.19,-0.21,-0.12,-0.12,-0.31,-0.14,-0.24,-0.16,-0.14,-0.07,-0.13,-0.23,-0.17,-0.06,-0.12,-0.07,0.13,0.23,0.18,0.53,0.56,0.33,0.39,0.43,0.33,0.43,0.07,-0.06,-0.09,0.55,1.20,1.52,1.60,1.58,1.52,1.35,1.11,1.03,1.08,1.14,1.17,1.08,1.09,1.18,1.09,1.09,1.38,1.39,1.33
-0.63,-0.82,-0.77,-0.48,-0.31,-0.36,-0.51,-0.61,-0.64,-0.73,-0.86,-0.88,-0.63,-0.58,-0.34,-0.49,-0.57,-0.69,-0.93,-1.05,-1.50,-1.48,-1.35,-1.35,-1.48,-1.43,-1.15,-0.98,-1.14,-0.98,-0.98,-0.87,-0.92,-0.75,-0.69,-0.67,-0.62,-0.66,-0.71,-0.67,-0.80,-0.63,-0.62,-0.66,-0.75,-0.82,-0.73,-0.57,-0.56,-0.73,-0.53,-0.66,-0.56,-0.39,-0.18,0.13,0.19,0.33,0.51,0.79,1.03,0.93,0.98,1.13,1.15,1.20,1.11,0.93,0.67,0.60,0.53,0.60,0.77,1.23,1.47,1.61,1.63,1.69,0.95,0.45,0.58,0.23,0.20,0.32,0.49,0.24,0.37,0.53,0.61,0.77,1.49,3.34,6.85,8.40,7.68,7.22,7.14,6.85,6.31,6.11,5.77,5.61,5.56,5.36,5.39,5.16,3.96,1.84,0.35,-0.41,-0.39,-0.21,-0.28,-0.38,-0.28,-0.43,-0.26,-0.16,-0.26,-0.29,-0.33,-0.46,-0.46,-0.31,-0.21,-0.22,-0.16,-0.12,0.15,0.22,0.30,0.50,0.35,0.33,0.29,0.20,0.37,-0.06,0.28,0.06,0.90,1.28,1.34,1.38,1.51,1.52,1.11,0.97,0.85,0.88,1.01,1.00,1.11,1.13,1.15,1.11,1.12,1.31,1.29,1.24
-0.62,-0.83,-0.77,-0.49,-0.34,-0.38,-0.47,-0.47,-0.61,-0.68,-0.69,-0.71,-0.73,-0.62,-0.54,-0.37,-0.52,-0.91,-1.22,-1.27,-1.26,-1.53,-1.41,-1.39,-1.43,-1.22,-1.02,-1.03,-1.06,-0.98,-0.90,-0.77,-0.90,-0.77,-0.83,-0.76,-0.69,-0.72,-0.72,-0.76,-0.78,-0.69,-0.66,-0.73,-0.81,-0.71,-0.66,-0.58,-0.58,-0.71,-0.64,-0.68,-0.57,-0.46,-0.24,-0.01,-0.02,0.17,0.53,0.80,1.00,0.93,0.93,1.08,1.24,1.22,1.08,1.03,0.60,0.55,0.55,0.93,0.86,1.27,1.31,1.77,1.73,1.86,0.77,0.45,0.76,0.43,0.27,0.30,0.56,0.59,0.23,0.59,0.58,0.51,0.50,1.56,3.85,6.37,6.79,6.76,6.66,6.40,5.93,5.82,5.59,5.39,5.37,5.16,5.05,4.51,2.81,0.97,0.17,-0.26,-0.42,-0.07,-0.53,-0.42,-0.12,-0.14,-0.14,-0.22,-0.18,-0.14,-0.22,-0.34,-0.32,-0.14,-0.09,-0.09,-0.09,-0.18,0.06,0.01,0.03,0.30,0.22,0.27,0.34,0.22,0.22,-0.18,0.25,0.15,0.96,1.24,1.27,1.34,1.46,1.44,1.36,1.00,0.87,0.96,1.02,0.98,1.09,1.19,1.27,1.25,1.23,1.30,1.29,1.22
-0.91,-0.80,-0.59,-0.37,-0.36,-0.46,-0.46,-0.43,-0.61,-0.54,-0.63,-0.76,-0.67,-0.49,-0.66,-0.53,-0.66,-0.83,-0.98,-1.07,-1.10,-1.22,-1.30,-1.06,-1.08,-1.16,-1.16,-1.17,-1.10,-0.82,-0.91,-0.91,-0.91,-0.87,-0.91,-0.80,-0.77,-0.80,-0.77,-0.80,-0.78,-0.77,-0.95,-0.85,-0.77,-0.72,-0.61,-0.66,-0.67,-0.59,-0.67,-0.76,-0.64,-0.47,-0.28,-0.08,0.09,0.37,0.61,0.58,0.77,0.88,0.98,1.15,1.23,1.24,0.93,0.84,0.43,0.55,0.55,0.80,0.77,1.25,1.13,1.80,1.61,1.63,0.77,0.55,0.39,0.35,0.34,0.07,0.23,0.40,0.12,0.09,0.51,0.34,0.12,0.27,1.44,4.45,6.23,6.85,6.93,6.45,5.77,5.38,5.15,5.09,5.05,4.95,4.83,4.11,2.53,0.87,0.14,-0.41,-0.63,-0.26,-0.42,-0.36,-0.28,-0.29,-0.36,-0.44,-0.27,-0.06,-0.22,-0.49,-0.48,-0.29,-0.23,-0.24,-0.34,-0.23,-0.29,-0.19,-0.13,0.06,-0.03,0.09,0.27,0.10,0.03,-0.19,0.06,0.29,0.97,1.18,1.27,1.39,1.38,1.45,1.46,1.06,0.88,0.97,1.08,1.00,1.06,1.13,1.36,1.30,1.07,1.22,1.42,1.25
-0.78,-0.67,-0.36,-0.24,-0.36,-0.44,-0.28,-0.44,-0.75,-0.80,-0.77,-0.69,-0.63,-0.64,-0.62,-0.52,-0.51,-0.63,-0.80,-0.88,-0.97,-1.11,-1.22,-1.11,-1.26,-1.36,-1.20,-1.03,-1.11,-0.92,-0.92,-1.07,-0.93,-0.93,-0.90,-0.78,-0.72,-0.76,-0.81,-0.78,-0.85,-0.78,-0.98,-0.78,-0.77,-0.83,-0.75,-0.59,-0.51,-0.56,-0.62,-0.69,-0.61,-0.42,-0.19,0.02,0.24,0.53,0.53,0.54,0.81,0.98,1.02,0.97,1.06,1.24,1.04,0.92,0.72,0.66,0.45,0.71,0.63,1.18,1.07,1.61,1.57,1.51,0.74,0.51,0.28,0.55,0.34,0.34,0.24,0.37,0.32,0.14,0.48,0.24,0.32,0.37,1.18,3.96,6.59,7.46,7.46,6.62,5.78,5.37,5.12,5.02,4.95,4.88,4.89,4.48,2.76,0.82,0.12,-0.38,-0.64,-0.42,-0.39,-0.48,-0.31,-0.31,-0.33,-0.33,-0.41,-0.17,-0.21,-0.38,-0.47,-0.62,-0.69,-0.53,-0.57,-0.47,-0.57,-0.44,-0.43,-0.29,-0.28,-0.21,-0.06,-0.06,-0.06,-0.06,-0.13,0.48,0.98,1.24,1.40,1.44,1.24,1.42,1.42,1.14,0.95,0.98,1.12,1.11,1.02,1.03,1.23,1.12,0.86,1.24,1.45,1.33
-0.54,-0.58,-0.33,-0.18,-0.24,-0.34,-0.26,-0.31,-0.53,-0.57,-0.64,-0.72,-0.75,-0.68,-0.49,-0.63,-0.59,-0.71,-0.97,-1.07,-0.82,-1.32,-1.34,-1.25,-1.24,-1.22,-1.08,-0.98,-1.08,-0.98,-0.72,-0.87,-1.01,-0.81,-0.85,-0.81,-0.66,-0.72,-0.85,-0.85,-0.81,-0.76,-0.90,-0.77,-0.88,-0.78,-0.85,-0.62,-0.56,-0.69,-0.71,-0.62,-0.47,-0.39,-0.21,0.01,0.24,0.53,0.56,0.77,1.01,0.92,0.91,1.01,1.01,1.18,1.23,1.13,1.18,0.95,0.88,1.02,0.76,1.18,1.25,1.46,1.46,1.44,0.72,0.51,0.25,0.53,0.18,0.24,0.37,0.48,0.30,0.33,0.33,0.41,0.71,0.77,1.97,6.08,8.41,8.40,7.57,6.59,5.93,5.70,5.65,5.61,5.42,5.23,5.29,4.72,2.82,0.81,-0.01,-0.47,-0.51,-0.51,-0.49,-0.44,-0.39,-0.37,-0.38,-0.29,-0.47,-0.42,-0.52,-0.64,-0.59,-0.61,-0.61,-0.52,-0.57,-0.51,-0.61,-0.42,-0.47,-0.41,-0.27,-0.18,-0.09,-0.02,-0.03,0.19,-0.16,0.79,1.14,1.36,1.49,1.47,1.41,1.35,1.33,1.12,1.03,1.06,1.12,1.28,1.06,1.01,1.09,1.11,1.03,1.47,1.38,1.45
-0.38,-0.46,-0.27,-0.27,-0.29,-0.29,-0.36,-0.31,-0.52,-0.56,-0.69,-0.73,-0.67,-0.69,-0.53,-0.42,-0.49,-0.64,-0.81,-1.00,-1.03,-1.19,-1.34,-1.35,-1.46,-1.43,-1.17,-0.96,-0.88,-0.88,-0.97,-1.02,-0.75,-0.76,-0.83,-0.73,-0.67,-0.80,-0.85,-0.77,-0.82,-0.76,-0.86,-0.72,-1.00,-0.73,-0.83,-0.77,-0.72,-0.72,-0.66,-0.66,-0.48,-0.43,-0.29,0.01,0.25,0.49,0.61,0.81,0.95,0.86,0.88,1.17,1.22,1.51,1.53,1.51,1.67,1.61,1.17,1.18,1.04,1.30,1.24,1.45,1.60,1.51,0.79,0.30,0.34,0.59,0.34,0.32,0.41,0.41,0.45,0.48,0.38,0.41,0.74,0.77,3.11,7.12,9.22,8.95,7.87,6.91,6.45,6.28,6.17,6.20,6.21,6.06,5.96,5.40,3.35,0.77,0.01,-0.48,-0.47,-0.54,-0.47,-0.33,-0.53,-0.44,-0.44,-0.43,-0.46,-0.41,-0.49,-0.67,-0.59,-0.46,-0.51,-0.47,-0.47,-0.36,-0.58,-0.28,-0.33,-0.28,-0.06,0.02,-0.01,0.13,0.07,0.34,0.07,0.88,1.14,1.38,1.50,1.40,1.61,1.34,1.17,1.00,0.92,0.97,1.03,1.14,1.13,1.07,1.08,1.09,1.13,1.31,1.25,1.28
-0.22,-0.28,-0.12,-0.27,-0.32,-0.32,-0.41,-0.53,-0.59,-0.67,-0.77,-0.67,-0.44,-0.53,-0.51,-0.54,-0.48,-0.57,-0.77,-0.93,-1.07,-1.27,-1.36,-1.27,-1.53,-1.24,-0.95,-1.03,-1.03,-0.97,-0.90,-1.10,-0.90,-0.87,-0.64,-0.57,-0.59,-0.72,-0.76,-0.68,-0.66,-0.63,-0.96,-0.78,-0.96,-0.87,-0.90,-0.72,-0.66,-0.71,-0.62,-0.66,-0.48,-0.36,-0.22,0.08,0.38,0.54,0.63,0.85,0.95,0.92,0.81,1.13,1.34,1.51,1.42,1.41,1.62,1.72,1.29,1.25,1.13,1.47,1.30,1.50,1.72,1.58,0.67,0.43,0.51,0.55,0.41,0.37,0.35,0.32,0.41,0.43,0.39,0.43,0.53,0.65,4.50,9.37,10.19,9.03,8.03,7.58,7.29,6.93,6.65,6.66,6.86,6.75,6.37,5.51,3.41,0.91,-0.04,-0.53,-0.29,-0.37,-0.52,-0.51,-0.53,-0.32,-0.49,-0.46,-0.48,-0.34,-0.37,-0.57,-0.59,-0.51,-0.44,-0.52,-0.39,-0.31,-0.34,-0.09,-0.18,-0.12,0.12,0.22,0.18,0.29,0.22,0.33,0.24,0.82,1.08,1.33,1.45,1.30,1.49,1.42,1.12,1.06,1.00,0.92,1.06,1.11,1.13,1.08,1.06,0.96,0.81,1.03,1.14,1.18
-0.16,-0.16,-0.17,-0.18,-0.29,-0.42,-0.46,-0.58,-0.52,-0.64,-0.82,-0.67,-0.28,-0.34,-0.39,-0.59,-0.59,-0.67,-0.82,-0.95,-1.02,-1.10,-1.38,-1.26,-1.34,-1.22,-1.21,-1.34,-1.27,-0.98,-1.02,-0.91,-1.00,-0.88,-0.83,-0.76,-0.62,-0.61,-0.71,-0.71,-0.68,-0.68,-0.93,-1.01,-0.87,-0.96,-0.76,-0.68,-0.64,-0.77,-0.68,-0.57,-0.46,-0.29,-0.11,0.06,0.34,0.54,0.60,0.81,0.85,0.91,0.64,1.09,1.47,1.69,1.49,1.49,1.79,1.63,1.23,1.50,1.20,1.50,1.46,1.85,1.94,1.50,0.64,0.59,0.55,0.44,0.43,0.43,0.41,0.18,0.20,0.40,0.55,0.55,0.63,0.53,3.97,9.57,10.35,9.11,8.25,7.79,7.38,7.02,6.78,6.76,6.98,7.07,6.76,5.46,3.18,1.08,-0.17,-0.57,-0.46,-0.46,-0.49,-0.43,-0.53,-0.31,-0.46,-0.39,-0.42,-0.43,-0.57,-0.51,-0.33,-0.53,-0.32,-0.32,-0.17,-0.19,-0.12,0.04,-0.09,-0.04,0.20,0.40,0.41,0.41,0.43,0.46,0.37,0.90,1.24,1.41,1.45,1.35,1.49,1.44,1.07,1.04,1.07,1.03,1.04,1.13,0.98,1.02,1.17,1.15,0.92,1.22,1.12,1.08
-0.17,-0.14,-0.36,-0.34,-0.41,-0.56,-0.64,-0.47,-0.51,-0.64,-0.85,-0.71,-0.39,-0.46,-0.44,-0.53,-0.59,-0.62,-0.71,-0.92,-1.07,-1.14,-1.27,-1.08,-1.27,-1.22,-1.12,-1.14,-1.05,-0.92,-0.86,-0.69,-0.67,-0.68,-0.83,-0.88,-0.87,-0.73,-0.58,-0.62,-0.76,-0.86,-0.83,-1.06,-0.67,-0.59,-0.54,-0.73,-0.75,-0.72,-0.61,-0.49,-0.51,-0.39,-0.21,-0.09,0.13,0.41,0.53,0.63,0.67,0.88,0.55,1.02,1.41,1.72,1.58,1.46,1.80,1.53,1.29,1.45,1.17,1.49,1.30,1.75,1.97,1.29,0.71,0.50,0.61,0.56,0.53,0.45,0.37,0.27,0.22,0.20,0.43,0.50,0.51,0.44,2.64,7.13,8.58,8.30,7.91,7.52,7.07,7.00,7.09,7.21,7.39,7.29,7.04,5.57,2.96,0.67,-0.28,-0.51,-0.44,-0.41,-0.52,-0.44,-0.37,-0.41,-0.48,-0.41,-0.33,-0.43,-0.59,-0.43,-0.28,-0.62,-0.39,-0.27,-0.28,-0.09,-0.01,0.01,-0.12,0.04,0.25,0.41,0.54,0.37,0.55,0.67,0.54,1.01,1.28,1.45,1.55,1.40,1.38,1.40,1.18,1.15,1.15,1.04,1.03,1.08,0.98,1.04,1.03,0.96,0.98,1.07,0.98,1.19
-0.26,-0.36,-0.46,-0.39,-0.36,-0.53,-0.77,-0.57,-0.81,-0.88,-0.93,-0.86,-0.81,-0.90,-0.68,-0.76,-0.67,-0.61,-0.81,-1.14,-1.10,-1.20,-1.40,-1.34,-1.39,-1.15,-0.97,-1.01,-1.00,-0.93,-0.93,-1.03,-0.87,-0.75,-0.77,-0.80,-0.68,-0.57,-0.63,-0.71,-0.64,-0.92,-0.95,-0.96,-0.57,-0.67,-0.67,-0.76,-0.73,-0.72,-0.56,-0.54,-0.43,-0.39,-0.31,-0.13,0.06,0.25,0.40,0.56,0.59,0.85,0.51,0.96,1.34,1.44,1.56,1.45,1.71,1.46,1.58,1.42,1.13,1.47,1.27,1.61,1.89,1.31,0.59,0.60,0.58,0.50,0.50,0.41,0.32,0.19,0.17,0.25,0.32,0.43,0.35,0.30,1.63,4.82,6.94,7.53,7.30,6.79,6.37,6.25,6.55,7.16,7.49,7.20,6.73,5.26,2.63,0.43,-0.28,-0.61,-0.51,-0.48,-0.33,-0.58,-0.48,-0.52,-0.42,-0.41,-0.32,-0.33,-0.48,-0.43,-0.33,-0.57,-0.37,-0.36,-0.57,-0.24,-0.06,-0.06,-0.04,0.12,0.20,0.30,0.54,0.27,0.56,0.46,0.45,1.03,1.23,1.36,1.58,1.44,1.44,1.30,1.20,0.98,0.84,0.92,0.90,1.00,0.93,1.01,1.08,1.07,1.00,1.17,1.11,1.23
-0.54,-0.42,-0.59,-0.75,-0.68,-0.71,-0.85,-0.92,-1.06,-1.24,-1.16,-1.15,-1.25,-1.30,-1.11,-1.10,-0.78,-0.69,-0.95,-1.19,-1.01,-1.17,-1.36,-1.31,-1.43,-1.40,-1.27,-1.15,-1.10,-0.96,-0.91,-0.90,-0.71,-0.96,-0.76,-0.73,-0.61,-0.68,-0.75,-0.62,-0.69,-0.83,-0.86,-0.97,-0.83,-0.82,-0.85,-0.63,-0.57,-0.66,-0.62,-0.73,-0.52,-0.39,-0.28,-0.04,0.14,0.19,0.30,0.48,0.49,0.84,0.50,0.90,1.39,1.29,1.47,1.47,1.72,1.40,1.34,1.46,1.20,1.50,1.31,1.68,1.72,1.23,0.69,0.67,0.66,0.56,0.41,0.44,0.43,0.29,0.14,0.02,0.10,0.22,0.07,0.20,1.28,3.97,6.17,6.69,6.51,6.17,5.78,5.49,5.63,6.53,7.14,6.66,6.08,4.72,2.20,0.53,-0.23,-0.67,-0.42,-0.63,-0.33,-0.51,-0.46,-0.63,-0.51,-0.49,-0.38,-0.36,-0.49,-0.44,-0.33,-0.38,-0.19,-0.33,-0.44,-0.38,-0.17,-0.08,0.06,0.04,0.07,0.34,0.49,0.23,0.66,0.39,0.43,0.76,1.07,1.29,1.41,1.27,1.47,1.20,1.09,1.03,0.98,1.06,1.23,1.42,1.08,0.92,0.87,0.91,1.15,1.30,1.27,1.22
-1.20,-1.39,-1.48,-1.17,-1.11,-1.06,-1.00,-1.05,-1.16,-1.53,-1.40,-1.36,-1.51,-1.62,-1.50,-1.31,-1.03,-0.92,-0.97,-1.10,-1.08,-1.05,-1.22,-1.41,-1.44,-1.39,-1.16,-1.00,-0.97,-0.96,-1.06,-0.93,-1.01,-1.00,-0.86,-0.75,-0.63,-0.62,-0.67,-0.68,-0.67,-0.73,-0.93,-1.02,-0.82,-0.90,-0.72,-0.64,-0.72,-0.73,-0.61,-0.63,-0.53,-0.51,-0.28,0.03,0.20,0.19,0.19,0.28,0.35,0.80,0.54,0.86,1.38,1.42,1.47,1.49,1.62,1.46,1.31,1.46,1.29,1.49,1.42,1.55,1.75,1.23,0.75,0.58,0.75,0.54,0.44,0.34,0.23,0.25,0.10,-0.08,-0.04,0.17,0.03,0.02,0.96,3.66,5.68,6.08,5.81,5.42,4.99,4.78,4.96,5.59,6.17,5.91,5.38,4.20,2.02,0.53,-0.27,-0.43,-0.47,-0.66,-0.58,-0.61,-0.57,-0.81,-0.72,-0.63,-0.48,-0.46,-0.56,-0.48,-0.42,-0.42,-0.27,-0.33,-0.26,-0.37,-0.29,-0.26,-0.23,-0.18,-0.08,0.12,0.23,-0.09,0.49,0.45,0.54,0.87,1.08,1.22,1.40,1.45,1.49,1.39,1.14,1.13,1.15,0.96,1.01,1.00,1.13,1.06,0.98,1.07,1.07,1.19,1.28,1.23
-1.62,-1.64,-1.68,-1.30,-1.45,-1.58,-1.51,-1.48,-1.58,-2.01,-1.71,-1.55,-1.74,-1.95,-1.69,-1.48,-1.32,-1.16,-1.10,-1.15,-1.12,-0.96,-1.21,-1.45,-1.36,-1.22,-1.15,-1.16,-1.21,-1.20,-1.27,-1.17,-1.11,-1.00,-0.97,-0.83,-0.67,-0.83,-1.00,-0.83,-0.61,-0.64,-1.00,-1.08,-0.90,-0.93,-0.73,-0.61,-0.85,-0.81,-0.68,-0.58,-0.49,-0.48,-0.28,-0.04,0.07,0.10,0.14,0.22,0.34,0.69,0.48,0.90,1.28,1.46,1.52,1.57,1.45,1.55,1.30,1.47,1.33,1.47,1.46,1.40,1.85,1.58,0.84,0.53,0.75,0.59,0.45,0.27,0.12,0.15,-0.01,-0.08,-0.19,0.02,0.10,0.04,0.91,3.71,5.60,5.66,5.31,5.03,4.69,4.52,4.75,5.26,5.64,5.46,4.78,3.81,2.01,0.40,-0.27,-0.36,-0.56,-0.68,-0.54,-0.83,-0.81,-0.82,-0.82,-0.67,-0.53,-0.47,-0.57,-0.71,-0.52,-0.53,-0.42,-0.37,-0.44,-0.46,-0.53,-0.53,-0.54,-0.29,-0.04,-0.03,0.29,0.08,0.38,0.27,0.51,0.87,1.12,1.31,1.46,1.15,1.33,0.95,0.95,1.02,0.97,0.84,1.17,1.01,1.03,1.07,1.13,1.23,0.97,1.25,1.19,1.17
-1.99,-2.06,-1.85,-1.45,-1.76,-1.96,-1.93,-1.86,-1.81,-2.10,-2.13,-2.11,-2.09,-2.06,-1.99,-1.62,-1.44,-1.27,-1.21,-1.19,-1.07,-1.07,-1.19,-1.32,-1.17,-1.08,-1.15,-1.29,-1.38,-1.41,-1.29,-1.14,-1.03,-0.91,-0.80,-1.00,-0.78,-0.73,-0.80,-0.71,-0.46,-0.46,-0.92,-0.77,-1.01,-1.08,-0.85,-0.68,-0.91,-0.86,-0.73,-0.52,-0.53,-0.58,-0.33,-0.11,-0.07,-0.03,0.18,0.34,0.46,0.63,0.33,0.96,1.30,1.35,1.52,1.68,1.46,1.57,1.25,1.60,1.45,1.50,1.55,1.42,1.78,1.80,0.85,0.59,0.63,0.65,0.27,0.23,0.17,0.07,-0.06,-0.11,-0.26,-0.06,0.06,-0.14,0.75,3.81,6.01,6.21,5.71,5.24,4.91,4.75,4.99,5.46,5.56,5.18,4.54,3.60,1.92,0.41,-0.27,-0.47,-0.68,-0.62,-0.43,-0.80,-0.81,-0.68,-0.78,-0.68,-0.54,-0.47,-0.48,-0.76,-0.75,-0.69,-0.61,-0.71,-0.68,-0.68,-0.67,-0.57,-0.56,-0.37,-0.11,-0.21,-0.12,-0.07,0.07,0.10,0.48,0.75,0.88,1.07,1.29,1.18,1.38,1.06,0.95,1.00,1.04,1.14,1.28,1.19,1.29,1.38,1.45,1.58,1.28,1.60,1.44,1.33
-2.29,-2.20,-1.99,-2.04,-2.09,-2.20,-2.14,-1.91,-2.06,-2.05,-2.24,-2.25,-2.06,-1.90,-1.82,-1.78,-1.71,-1.45,-1.21,-1.10,-1.11,-1.21,-1.03,-1.15,-0.98,-0.95,-1.19,-1.45,-1.57,-1.50,-1.27,-1.05,-1.02,-0.88,-0.80,-0.81,-0.59,-0.63,-0.78,-0.85,-0.67,-0.42,-0.77,-0.87,-0.77,-0.76,-0.92,-0.58,-0.90,-0.80,-0.64,-0.68,-0.76,-0.67,-0.52,-0.33,-0.18,-0.11,0.09,0.29,0.41,0.59,0.24,0.90,1.39,1.36,1.53,1.67,1.50,1.64,1.29,1.69,1.44,1.44,1.62,1.46,1.86,1.71,0.66,0.40,0.38,0.54,0.23,0.18,0.15,0.10,-0.08,-0.17,-0.13,-0.17,-0.17,-0.34,0.69,4.29,7.38,7.86,7.26,6.85,6.51,6.23,6.54,7.32,7.23,6.20,5.35,3.99,1.79,0.28,-0.46,-0.54,-0.81,-0.49,-0.46,-0.62,-0.69,-0.77,-0.72,-0.59,-0.58,-0.54,-0.53,-0.78,-0.86,-0.76,-0.75,-0.57,-0.69,-0.75,-0.69,-0.56,-0.64,-0.64,-0.47,-0.51,-0.32,-0.12,-0.09,-0.06,0.43,0.64,0.80,1.22,1.47,1.29,1.23,1.00,0.87,1.06,1.34,1.29,1.35,1.33,1.47,1.71,1.95,2.09,1.92,2.01,1.94,1.78
-2.27,-2.30,-2.23,-2.25,-2.19,-2.00,-1.82,-1.91,-2.24,-2.14,-2.34,-2.22,-2.01,-1.85,-1.71,-1.76,-1.60,-1.45,-1.26,-1.11,-1.10,-1.16,-0.91,-1.20,-0.98,-0.97,-1.32,-1.62,-1.59,-1.32,-1.16,-1.12,-0.95,-1.08,-0.83,-0.87,-0.76,-0.80,-0.87,-0.92,-0.83,-0.73,-1.01,-0.97,-0.81,-0.86,-1.00,-0.85,-0.86,-0.88,-0.77,-0.82,-0.82,-0.72,-0.52,-0.41,-0.29,-0.28,-0.27,-0.08,0.15,0.41,0.17,0.71,1.30,1.45,1.46,1.49,1.39,1.57,1.31,1.53,1.25,1.34,1.56,1.39,1.92,1.46,0.67,0.33,0.27,0.46,0.37,0.20,0.03,0.06,-0.13,-0.24,-0.16,-0.21,-0.24,-0.34,0.97,5.07,8.92,9.51,8.96,9.00,8.83,8.67,9.12,10.09,9.53,8.17,7.12,4.71,1.50,0.08,-0.54,-0.57,-0.57,-0.52,-0.52,-0.66,-0.66,-0.82,-0.66,-0.47,-0.54,-0.59,-0.59,-0.81,-0.62,-0.59,-0.56,-0.71,-0.73,-0.51,-0.56,-0.51,-0.53,-0.54,-0.34,-0.56,-0.14,-0.19,-0.04,-0.02,0.43,0.66,0.70,1.01,1.27,1.02,1.06,0.87,0.77,1.00,1.35,1.22,1.57,1.66,1.80,2.09,2.43,2.57,2.43,2.41,2.45,2.34
-2.14,-2.36,-2.27,-2.24,-2.13,-1.71,-1.62,-1.86,-1.86,-2.16,-2.07,-1.97,-1.81,-1.68,-1.78,-1.81,-1.96,-1.78,-1.44,-1.25,-1.30,-1.17,-0.98,-1.34,-1.14,-1.17,-1.48,-1.65,-1.54,-1.30,-1.10,-1.12,-0.85,-1.21,-1.03,-0.98,-0.80,-0.81,-0.80,-0.80,-0.85,-0.88,-1.02,-0.87,-0.73,-1.03,-0.64,-0.88,-0.71,-0.78,-0.75,-0.72,-0.80,-0.81,-0.67,-0.48,-0.39,-0.51,-0.46,-0.22,-0.13,0.10,0.15,0.66,1.23,1.42,1.38,1.40,1.35,1.41,1.44,1.50,1.34,1.46,1.56,1.39,1.84,1.36,0.81,0.43,0.27,0.41,0.33,0.10,-0.02,-0.04,-0.21,-0.32,-0.26,-0.16,-0.19,-0.23,1.15,5.45,9.37,10.54,10.47,10.49,10.65,10.77,11.26,11.68,10.32,9.23,8.31,4.65,1.03,0.09,-0.34,-0.52,-0.57,-0.72,-0.62,-0.82,-0.77,-0.72,-0.71,-0.71,-0.69,-0.62,-0.73,-0.83,-0.80,-0.58,-0.67,-0.72,-0.48,-0.33,-0.32,-0.37,-0.56,-0.66,-0.38,-0.24,-0.19,-0.48,0.03,0.10,0.28,0.58,0.77,0.97,1.04,0.88,0.95,0.93,0.87,0.97,1.25,1.17,1.61,1.89,2.16,2.43,2.70,2.84,2.68,2.75,2.86,2.77
-2.14,-2.18,-1.99,-1.99,-1.88,-1.57,-1.55,-1.67,-1.43,-1.79,-1.82,-1.73,-1.46,-1.36,-1.58,-1.49,-1.43,-1.45,-1.29,-1.25,-1.39,-1.36,-1.21,-1.27,-1.20,-1.31,-1.63,-1.74,-1.72,-1.49,-1.05,-1.02,-0.91,-1.03,-0.91,-0.83,-0.81,-0.82,-0.85,-0.76,-0.76,-0.97,-1.01,-1.05,-1.06,-0.92,-0.78,-0.88,-0.86,-0.77,-0.88,-0.95,-0.92,-0.86,-0.62,-0.56,-0.49,-0.43,-0.34,-0.21,-0.09,0.06,-0.04,0.61,1.20,1.35,1.34,1.36,1.39,1.46,1.50,1.57,1.56,1.60,1.61,1.57,1.82,1.34,0.76,0.41,0.27,0.34,0.15,-0.03,0.01,-0.08,-0.31,-0.39,-0.32,-0.24,-0.31,-0.18,0.95,4.94,9.14,11.22,11.52,11.16,11.58,11.93,12.06,11.90,10.23,9.29,8.23,4.12,0.76,-0.06,-0.36,-0.64,-0.76,-0.85,-0.72,-0.83,-0.81,-0.68,-0.67,-0.59,-0.57,-0.58,-0.43,-0.63,-0.57,-0.51,-0.68,-0.68,-0.41,-0.58,-0.58,-0.47,-0.46,-0.42,-0.21,-0.29,0.10,-0.13,-0.01,0.09,0.29,0.60,0.76,0.80,0.93,0.91,1.02,0.97,0.87,0.88,1.15,1.24,1.49,1.91,2.30,2.58,2.71,2.84,2.86,2.94,3.05,2.96
-2.05,-1.95,-1.72,-1.63,-1.58,-1.48,-1.40,-1.39,-1.32,-1.31,-1.54,-1.59,-1.41,-1.24,-1.29,-1.36,-1.43,-1.24,-1.29,-1.27,-1.26,-1.44,-1.22,-1.44,-1.22,-1.45,-1.73,-1.83,-1.79,-1.53,-1.07,-0.93,-0.92,-0.80,-0.86,-0.80,-0.81,-0.83,-0.75,-0.71,-0.82,-0.91,-0.98,-0.96,-0.93,-0.72,-0.86,-0.86,-0.78,-0.86,-0.62,-0.80,-0.90,-0.87,-0.72,-0.57,-0.53,-0.53,-0.29,-0.14,-0.14,-0.06,-0.08,0.56,1.04,1.38,1.36,1.35,1.42,1.72,1.60,1.44,1.44,1.51,1.52,1.53,1.73,1.18,0.75,0.50,0.37,0.30,0.09,-0.09,-0.09,-0.14,-0.21,-0.34,-0.38,-0.38,-0.48,-0.34,0.44,3.69,8.50,11.31,11.63,11.37,11.73,12.14,11.94,11.23,9.62,8.81,7.85,4.11,0.65,-0.18,-0.49,-0.71,-0.63,-0.78,-0.80,-0.98,-0.90,-0.83,-0.97,-0.88,-0.66,-0.66,-0.54,-1.06,-0.62,-0.91,-0.71,-0.78,-0.54,-0.52,-0.52,-0.53,-0.56,-0.47,-0.23,-0.21,-0.06,-0.17,-0.08,-0.04,0.18,0.40,0.51,0.67,1.02,0.96,0.90,0.91,0.84,0.81,1.00,1.14,1.46,1.99,2.45,2.71,2.89,2.93,2.90,3.06,3.31,3.30
-1.81,-1.72,-1.57,-1.43,-1.29,-1.27,-1.27,-1.29,-1.35,-1.34,-1.27,-1.32,-1.22,-1.07,-1.03,-0.91,-0.80,-0.78,-1.02,-1.08,-1.00,-1.10,-1.32,-1.25,-1.24,-1.53,-1.68,-1.77,-1.63,-1.38,-1.17,-0.92,-0.92,-0.81,-0.96,-0.86,-0.71,-0.77,-0.78,-0.73,-0.83,-0.95,-0.93,-0.97,-0.81,-0.73,-0.88,-0.88,-0.77,-0.76,-0.59,-0.63,-0.77,-0.85,-0.72,-0.68,-0.54,-0.43,-0.46,-0.38,-0.13,-0.01,-0.16,0.37,0.86,1.38,1.44,1.42,1.42,1.79,1.56,1.46,1.35,1.47,1.28,1.25,1.67,1.24,0.82,0.46,0.25,0.17,0.06,-0.11,-0.14,-0.17,-0.17,-0.34,-0.47,-0.51,-0.46,-0.38,0.08,2.82,7.53,10.67,11.46,11.76,11.88,11.99,11.77,10.69,9.34,8.66,7.78,4.23,0.61,-0.27,-0.38,-0.67,-0.77,-0.77,-0.77,-0.83,-0.88,-0.81,-0.78,-0.81,-0.81,-0.81,-0.66,-0.86,-0.68,-0.63,-0.54,-0.81,-0.86,-0.67,-0.47,-0.46,-0.53,-0.39,-0.22,-0.29,-0.18,-0.08,-0.07,-0.11,0.02,0.25,0.39,0.59,0.81,0.75,0.65,0.77,0.90,0.80,0.92,0.91,1.33,1.94,2.37,2.60,2.78,2.72,2.84,2.92,2.94,2.99
-1.39,-1.27,-1.20,-1.11,-0.97,-1.03,-1.12,-1.19,-1.17,-1.20,-0.95,-1.01,-0.85,-0.73,-0.76,-0.68,-0.71,-0.59,-0.71,-0.90,-1.07,-1.20,-1.22,-0.97,-0.88,-1.31,-1.58,-1.62,-1.34,-1.08,-1.10,-1.02,-0.98,-0.95,-0.93,-0.97,-0.67,-0.83,-0.92,-0.81,-0.88,-1.00,-1.01,-1.00,-0.82,-0.82,-0.77,-0.83,-0.88,-0.90,-0.87,-0.92,-0.93,-1.05,-0.96,-0.69,-0.56,-0.56,-0.51,-0.46,-0.33,-0.37,-0.56,0.12,0.96,1.31,1.45,1.53,1.44,1.53,1.51,1.58,1.49,1.52,1.42,1.35,1.56,1.29,0.76,0.23,0.12,0.04,-0.01,-0.04,-0.13,-0.24,-0.34,-0.52,-0.62,-0.46,-0.33,-0.28,0.23,2.84,7.18,10.42,11.61,11.78,11.56,11.43,11.26,10.52,9.40,8.76,7.82,3.85,0.58,-0.27,-0.41,-0.61,-0.68,-0.73,-0.71,-0.82,-0.85,-0.69,-0.59,-0.77,-1.00,-0.92,-0.76,-0.83,-0.71,-0.95,-0.97,-1.01,-0.93,-0.77,-0.63,-0.52,-0.43,-0.42,-0.32,-0.27,-0.43,-0.16,-0.09,-0.02,0.13,0.27,0.34,0.41,0.48,0.51,0.59,0.72,0.77,0.75,1.12,1.09,1.34,1.88,2.36,2.65,2.99,2.81,2.76,2.96,3.07,3.04
-1.39,-1.26,-1.05,-0.86,-0.95,-0.77,-0.78,-0.86,-0.88,-0.81,-0.87,-0.88,-0.59,-0.54,-0.71,-0.67,-0.86,-0.62,-0.78,-0.96,-1.11,-1.29,-1.30,-1.17,-0.83,-1.38,-1.58,-1.68,-1.58,-1.32,-1.12,-1.06,-0.95,-0.93,-1.01,-1.05,-0.72,-0.87,-0.91,-0.82,-0.81,-0.85,-0.90,-0.91,-0.81,-1.10,-0.81,-0.75,-0.85,-0.83,-0.68,-0.90,-0.91,-0.91,-0.88,-0.67,-0.53,-0.52,-0.48,-0.37,-0.16,-0.24,-0.53,-0.07,0.59,0.91,1.06,1.25,1.31,1.51,1.15,1.50,1.44,1.39,1.41,1.20,1.24,1.08,0.64,0.25,0.18,0.17,0.01,-0.07,-0.22,-0.29,-0.36,-0.41,-0.47,-0.32,-0.41,-0.39,0.34,3.26,7.13,9.91,11.59,11.79,11.54,11.28,10.85,10.32,9.66,8.91,8.13,3.74,0.53,-0.24,-0.48,-0.42,-0.64,-0.56,-0.59,-0.61,-0.72,-0.66,-0.61,-0.85,-0.86,-0.58,-0.42,-0.88,-0.83,-0.66,-0.75,-1.07,-1.00,-0.81,-0.67,-0.61,-0.62,-0.53,-0.49,-0.33,-0.48,-0.18,-0.13,-0.02,0.19,0.24,0.15,0.32,0.51,0.61,0.65,0.75,0.84,0.71,0.96,1.07,1.29,1.85,2.43,2.63,2.69,2.80,2.77,2.84,2.98,2.99
-1.00,-0.73,-0.66,-1.10,-0.90,-0.73,-0.59,-0.64,-0.78,-0.76,-0.91,-0.86,-0.57,-0.51,-0.63,-0.75,-0.83,-0.59,-0.86,-0.90,-0.95,-1.12,-1.12,-1.02,-0.88,-0.85,-1.17,-1.03,-1.03,-1.06,-1.03,-1.07,-0.97,-0.88,-0.91,-0.82,-0.73,-0.73,-0.80,-0.82,-0.82,-0.76,-0.80,-0.86,-0.75,-1.11,-0.91,-0.76,-0.81,-0.67,-0.63,-0.91,-0.83,-0.93,-0.81,-0.64,-0.59,-0.58,-0.63,-0.61,-0.48,-0.46,-0.57,-0.32,0.07,0.32,0.53,0.81,0.91,1.12,0.84,1.09,1.13,1.27,1.19,1.01,1.03,0.87,0.60,0.13,0.12,0.10,0.10,-0.09,-0.21,-0.37,-0.41,-0.42,-0.36,-0.19,-0.32,-0.37,0.33,3.29,6.88,8.97,10.78,11.55,11.15,10.65,10.50,10.20,9.72,9.03,8.43,3.52,0.55,-0.21,-0.29,-0.51,-0.68,-0.57,-0.66,-0.72,-0.71,-0.58,-0.59,-0.86,-0.87,-0.71,-0.59,-1.07,-0.96,-0.87,-0.91,-1.03,-1.02,-0.92,-0.78,-0.67,-0.75,-0.56,-0.71,-0.52,-0.39,-0.19,-0.13,-0.09,0.07,0.12,0.07,0.48,0.65,0.60,0.59,0.65,0.75,0.85,1.30,1.24,1.47,1.91,2.37,2.68,2.78,2.80,2.82,2.87,2.98,3.17
-0.88,-0.75,-0.56,-0.54,-0.53,-0.59,-0.57,-0.63,-0.69,-0.62,-0.71,-0.73,-0.59,-0.42,-0.42,-0.58,-0.53,-0.62,-0.82,-0.76,-0.92,-1.25,-1.35,-1.30,-0.95,-0.72,-0.78,-0.93,-0.92,-1.02,-1.15,-1.03,-0.91,-0.98,-0.87,-0.66,-0.67,-0.69,-0.73,-0.88,-0.92,-0.87,-0.88,-0.83,-0.75,-1.06,-1.03,-1.05,-0.83,-0.76,-0.57,-0.83,-0.87,-0.76,-0.64,-0.68,-0.63,-0.44,-0.44,-0.51,-0.57,-0.66,-0.44,-0.27,-0.14,0.19,0.04,0.13,-0.06,0.04,0.34,0.75,0.77,0.92,0.80,0.79,0.92,0.80,0.33,0.03,0.12,-0.18,0.07,-0.18,-0.29,-0.48,-0.43,-0.49,-0.39,-0.16,-0.19,-0.24,0.40,3.30,6.98,8.77,10.09,11.12,10.34,9.05,9.11,9.85,10.02,10.41,9.50,4.34,1.41,-0.01,-0.47,-0.78,-0.78,-0.69,-0.66,-0.62,-0.69,-0.73,-0.75,-0.87,-0.86,-0.68,-0.52,-1.01,-1.08,-1.01,-0.86,-1.00,-1.08,-1.03,-0.93,-0.82,-0.85,-0.80,-0.81,-0.63,-0.37,-0.29,-0.19,-0.03,0.09,0.12,0.06,0.34,0.43,0.46,0.50,0.58,0.63,0.85,0.95,1.11,1.52,2.03,2.39,2.68,2.90,2.76,2.77,2.94,3.11,3.25
-0.75,-0.63,-0.43,-0.36,-0.29,-0.34,-0.43,-0.48,-0.52,-0.57,-0.66,-0.56,-0.44,-0.33,-0.27,-0.28,-0.32,-0.62,-0.56,-0.62,-0.88,-1.15,-1.25,-1.19,-0.96,-0.87,-0.92,-0.98,-0.83,-0.98,-1.17,-1.05,-0.81,-0.53,-0.87,-0.58,-0.61,-0.59,-0.73,-0.77,-0.80,-0.92,-1.01,-0.91,-0.80,-1.00,-0.97,-1.02,-0.75,-0.77,-0.69,-0.76,-0.72,-0.64,-0.48,-0.41,-0.56,-0.59,-0.46,-0.33,-0.48,-0.69,-0.63,-0.47,-0.16,0.08,0.17,-0.17,-0.43,-0.29,-0.33,0.09,0.03,0.07,-0.16,0.07,0.28,0.53,-0.02,0.03,0.07,-0.17,-0.23,-0.44,-0.36,-0.51,-0.44,-0.58,-0.64,-0.52,-0.48,-0.42,0.37,3.06,6.50,8.82,10.19,9.90,8.36,5.94,7.36,9.80,10.13,10.27,9.49,5.18,1.30,-0.13,-0.56,-0.66,-0.66,-0.58,-0.61,-0.80,-0.90,-0.85,-0.82,-0.81,-0.83,-0.76,-0.47,-0.95,-0.98,-1.00,-0.96,-0.96,-0.98,-1.00,-0.93,-0.87,-0.92,-1.05,-0.76,-0.75,-0.38,-0.34,-0.27,-0.06,0.09,0.19,0.32,0.29,0.63,0.64,0.46,0.46,0.76,0.61,1.12,1.13,1.38,1.92,2.42,2.59,2.74,2.69,2.75,2.95,3.17,3.24
-0.58,-0.53,-0.43,-0.34,-0.16,-0.33,-0.07,-0.19,-0.39,-0.42,-0.53,-0.63,-0.48,-0.28,-0.23,-0.26,-0.18,-0.43,-0.32,-0.52,-0.76,-1.03,-1.21,-1.11,-1.11,-1.08,-0.95,-1.17,-1.14,-1.07,-1.11,-1.02,-0.69,-0.63,-0.67,-0.76,-0.61,-0.75,-0.78,-0.59,-0.68,-0.85,-1.00,-1.06,-0.90,-0.95,-1.03,-0.90,-0.78,-0.77,-0.76,-0.71,-0.85,-0.72,-0.51,-0.39,-0.46,-0.46,-0.43,-0.34,-0.36,-0.49,-0.46,-0.39,-0.41,-0.41,-0.28,-0.08,-0.27,-0.16,-0.23,-0.04,-0.04,-0.37,-0.13,-0.03,-0.02,0.27,-0.06,-0.34,-0.18,-0.44,-0.39,-0.44,-0.56,-0.67,-0.62,-0.83,-0.77,-0.52,-0.53,-0.51,0.41,2.99,6.21,8.57,9.57,8.82,7.55,3.73,3.80,7.53,9.97,9.49,9.23,5.14,1.47,-0.21,-0.56,-0.71,-0.88,-0.97,-0.86,-0.81,-0.95,-0.97,-0.76,-0.78,-0.82,-0.95,-0.59,-0.90,-1.02,-0.87,-1.05,-1.01,-0.93,-0.95,-0.87,-0.80,-0.88,-0.91,-0.64,-0.81,-0.54,-0.41,-0.29,-0.17,-0.23,-0.04,0.23,0.38,0.35,0.35,0.40,0.49,0.70,0.76,0.91,1.06,1.30,1.78,2.34,2.51,2.63,2.64,2.74,2.90,3.01,3.19
-0.42,-0.36,-0.23,-0.03,0.06,-0.17,-0.02,-0.06,-0.07,-0.17,-0.52,-0.41,-0.29,-0.18,-0.19,-0.18,-0.03,-0.31,-0.39,-0.51,-0.71,-0.98,-1.16,-1.10,-1.17,-1.19,-0.91,-1.00,-1.12,-1.11,-1.08,-1.02,-0.93,-0.93,-1.02,-0.54,-0.81,-0.75,-0.68,-0.62,-0.83,-0.91,-0.95,-1.05,-1.00,-1.03,-1.19,-0.87,-0.85,-0.76,-0.67,-0.72,-0.90,-0.82,-0.63,-0.38,-0.27,-0.28,-0.27,-0.21,-0.23,-0.34,-0.28,-0.06,0.03,0.25,0.48,0.70,0.39,0.17,-0.14,-0.42,-0.32,-0.66,-0.36,-0.12,-0.31,-0.26,-0.33,-0.46,-0.42,-0.57,-0.47,-0.53,-0.43,-0.62,-0.57,-0.61,-0.72,-0.68,-0.46,-0.19,0.80,3.73,7.20,9.14,10.21,9.62,7.62,2.99,2.02,4.84,9.06,9.93,9.77,6.09,1.84,-0.08,-0.32,-0.62,-0.75,-0.88,-0.86,-0.81,-0.90,-0.91,-0.87,-0.85,-0.82,-1.03,-0.72,-0.86,-0.98,-0.83,-0.93,-1.02,-0.98,-1.01,-0.92,-0.77,-0.81,-0.80,-0.72,-0.71,-0.64,-0.56,-0.36,-0.14,-0.14,0.08,-0.08,0.23,0.29,0.41,0.53,0.55,0.66,0.80,0.88,1.15,1.50,1.84,2.26,2.54,2.74,2.74,2.72,2.83,2.94,3.07
-0.12,0.03,0.14,0.17,0.18,0.09,-0.04,0.06,0.04,-0.19,-0.33,-0.38,-0.28,-0.23,-0.21,-0.19,-0.29,-0.57,-0.47,-0.57,-0.69,-0.90,-1.07,-1.14,-1.25,-1.36,-1.05,-1.03,-1.27,-1.26,-1.14,-0.97,-0.85,-0.90,-0.93,-0.66,-0.81,-0.76,-0.73,-0.75,-0.91,-0.96,-1.06,-1.14,-1.06,-1.05,-1.01,-0.80,-0.82,-0.67,-0.75,-0.78,-0.81,-0.75,-0.66,-0.41,-0.28,-0.33,-0.26,-0.17,-0.06,-0.04,-0.06,0.18,0.24,0.54,0.69,0.76,0.85,0.58,0.49,0.46,0.35,0.02,0.01,-0.28,-0.33,-0.34,-0.39,-0.46,-0.34,-0.52,-0.56,-0.56,-0.52,-0.59,-0.52,-0.52,-0.57,-0.61,-0.56,-0.23,1.08,4.49,8.38,10.30,11.14,10.98,8.84,3.11,1.40,3.29,8.95,10.13,10.08,6.99,2.35,0.02,-0.52,-0.76,-0.83,-0.88,-0.88,-0.88,-0.87,-0.85,-1.00,-0.93,-0.83,-1.05,-0.81,-0.87,-0.86,-0.77,-0.78,-0.88,-0.87,-0.83,-0.95,-0.82,-0.75,-0.80,-0.80,-0.75,-0.61,-0.51,-0.39,-0.26,-0.32,0.04,-0.12,0.17,0.35,0.45,0.53,0.56,0.55,0.61,0.77,1.14,1.53,1.85,2.19,2.59,2.77,2.82,2.75,2.71,3.10,3.12
0.25,0.50,0.44,0.29,0.32,0.30,0.08,0.17,0.09,-0.01,-0.01,-0.07,-0.09,-0.03,-0.07,-0.18,-0.31,-0.38,-0.43,-0.54,-0.67,-0.90,-1.10,-1.20,-1.29,-1.43,-1.25,-1.19,-1.29,-1.26,-1.19,-1.05,-0.90,-0.87,-0.87,-0.91,-0.81,-0.92,-0.96,-0.92,-0.97,-1.05,-1.06,-1.07,-1.06,-1.01,-0.97,-0.88,-0.97,-0.73,-0.90,-0.85,-0.76,-0.67,-0.66,-0.42,-0.34,-0.43,-0.34,-0.26,-0.01,0.07,-0.07,0.19,0.44,0.74,0.92,0.64,0.80,0.60,0.56,0.41,0.66,0.44,0.53,0.22,0.34,-0.03,-0.09,-0.19,-0.41,-0.53,-0.37,-0.24,-0.37,-0.48,-0.41,-0.53,-0.61,-0.57,-0.57,-0.24,1.40,5.47,10.10,12.46,13.47,12.85,9.40,3.24,1.22,3.83,9.33,10.37,10.32,6.77,2.41,0.02,-0.52,-0.82,-0.90,-0.92,-1.00,-1.05,-0.97,-0.88,-1.00,-0.95,-0.95,-1.01,-0.86,-0.98,-0.86,-0.69,-0.71,-0.82,-0.80,-0.63,-0.69,-0.83,-0.81,-0.90,-0.83,-0.86,-0.66,-0.38,-0.27,-0.34,-0.44,-0.23,-0.19,0.04,0.32,0.39,0.34,0.44,0.50,0.55,0.81,1.08,1.34,1.62,2.06,2.46,2.57,2.69,2.74,2.66,2.95,3.10
0.50,0.65,0.59,0.46,0.40,0.40,0.35,0.18,0.08,0.02,-0.09,0.03,0.02,-0.04,-0.23,-0.28,-0.26,-0.57,-0.34,-0.59,-0.95,-1.03,-1.07,-1.15,-1.27,-1.43,-1.60,-1.49,-1.45,-1.39,-1.29,-1.15,-1.00,-0.93,-1.06,-1.14,-1.00,-0.98,-1.07,-1.15,-1.30,-1.36,-1.31,-1.25,-1.15,-1.03,-1.12,-1.06,-1.01,-0.92,-0.90,-0.91,-0.76,-0.77,-0.75,-0.39,-0.38,-0.47,-0.39,-0.36,-0.29,-0.34,-0.46,-0.24,0.07,0.39,0.60,0.50,0.53,0.61,0.54,0.59,0.86,0.43,0.41,-0.07,0.12,0.19,0.29,-0.01,-0.22,-0.23,-0.14,-0.21,-0.24,-0.09,-0.17,-0.32,-0.36,-0.37,-0.38,-0.12,1.50,5.50,10.27,13.18,14.05,12.96,8.54,2.71,1.58,4.71,9.83,10.77,9.80,5.58,1.92,0.01,-0.51,-0.69,-0.86,-0.92,-0.87,-0.95,-1.02,-0.88,-0.98,-0.85,-0.93,-0.87,-0.78,-0.97,-0.93,-0.90,-0.81,-0.76,-0.83,-0.88,-0.85,-0.98,-0.76,-0.57,-0.82,-0.83,-0.69,-0.46,-0.34,-0.59,-0.53,-0.32,-0.17,-0.03,0.15,0.23,0.12,0.24,0.46,0.51,0.88,1.11,1.17,1.45,2.11,2.37,2.36,2.53,2.84,2.78,2.93,2.87
0.45,0.40,0.37,0.38,0.39,0.41,0.48,0.19,0.09,-0.02,-0.19,-0.23,-0.16,-0.13,-0.31,-0.32,-0.23,-0.34,-0.86,-0.71,-0.86,-1.14,-1.11,-1.07,-1.38,-1.57,-1.88,-1.71,-1.69,-1.48,-1.34,-1.26,-1.15,-1.10,-1.16,-1.12,-1.06,-0.96,-1.32,-1.19,-1.11,-1.15,-1.17,-1.02,-0.97,-1.15,-1.08,-0.98,-1.03,-1.10,-0.87,-0.91,-0.83,-0.87,-0.81,-0.49,-0.53,-0.58,-0.51,-0.44,-0.52,-0.71,-0.80,-0.68,-0.48,-0.24,-0.02,0.10,0.30,0.30,0.25,0.48,0.48,0.43,0.56,0.23,0.55,0.40,0.35,0.30,-0.12,-0.08,-0.11,-0.26,-0.18,-0.12,-0.14,-0.16,-0.17,-0.32,-0.24,0.20,1.68,4.96,8.72,11.09,11.31,9.57,6.01,2.11,1.66,4.69,8.75,8.83,7.60,4.15,1.44,0.07,-0.42,-0.61,-0.82,-0.90,-0.78,-0.80,-0.95,-0.88,-0.92,-0.83,-0.85,-0.71,-0.68,-0.72,-0.90,-0.95,-0.81,-0.77,-0.90,-0.96,-0.85,-1.16,-0.81,-0.77,-0.75,-0.78,-0.83,-0.72,-0.46,-0.48,-0.58,-0.37,-0.09,0.07,0.10,0.09,0.09,0.28,0.33,0.34,0.66,0.98,1.07,1.47,2.17,2.28,2.35,2.46,2.60,2.74,2.65,2.65
0.23,0.23,0.30,0.39,0.35,0.32,0.39,0.23,0.13,0.04,-0.09,-0.38,-0.19,-0.14,-0.11,-0.03,-0.09,-0.37,-0.61,-0.75,-0.88,-0.97,-0.96,-1.03,-1.26,-1.53,-1.62,-1.65,-1.71,-1.50,-1.30,-1.22,-1.16,-1.10,-1.12,-0.98,-1.05,-1.10,-1.35,-0.98,-0.91,-1.11,-1.26,-1.17,-1.10,-1.10,-1.00,-0.92,-0.91,-1.05,-0.88,-0.92,-0.87,-0.91,-0.85,-0.78,-0.80,-0.86,-0.72,-0.58,-0.62,-0.86,-0.90,-0.76,-0.85,-0.78,-0.63,-0.64,-0.61,-0.59,-0.46,-0.16,-0.17,0.10,0.07,0.03,0.29,0.34,0.35,0.28,-0.12,-0.24,-0.26,-0.22,-0.16,-0.04,-0.02,-0.03,0.03,-0.04,-0.07,0.40,1.71,4.36,7.22,8.87,8.57,7.22,4.38,1.64,1.27,3.84,7.05,6.68,5.73,3.25,1.12,-0.01,-0.42,-0.59,-0.82,-0.88,-0.78,-0.76,-0.83,-0.92,-0.80,-0.90,-0.95,-0.68,-0.81,-0.83,-0.81,-0.78,-0.66,-0.68,-1.01,-0.92,-0.80,-0.85,-0.47,-0.66,-0.73,-0.78,-0.80,-0.77,-0.69,-0.39,-0.53,-0.34,-0.14,0.06,0.09,0.04,0.14,0.38,0.27,0.53,0.84,0.95,0.96,1.40,1.79,1.89,2.09,2.33,2.41,2.54,2.55,2.52
0.37,0.53,0.53,0.37,0.27,0.33,0.40,0.17,0.08,0.13,0.02,-0.32,-0.19,0.01,0.02,-0.08,-0.19,-0.34,-0.68,-0.87,-0.87,-0.87,-0.90,-0.98,-1.06,-1.10,-1.46,-1.60,-1.64,-1.65,-1.25,-1.12,-1.11,-1.07,-1.05,-0.93,-1.05,-1.12,-1.20,-0.96,-1.08,-1.07,-1.06,-1.15,-1.19,-1.05,-0.92,-1.00,-1.19,-1.20,-1.01,-0.96,-1.06,-1.19,-1.10,-1.01,-0.95,-1.00,-0.92,-0.87,-0.87,-1.08,-1.06,-0.83,-1.03,-1.00,-0.98,-1.24,-1.27,-1.19,-0.90,-0.63,-0.62,-0.34,-0.33,-0.17,-0.03,0.13,0.09,-0.06,-0.19,-0.43,-0.44,-0.39,-0.23,-0.17,-0.06,-0.04,-0.03,0.04,0.13,0.46,1.56,3.97,6.67,7.87,7.37,6.10,3.66,1.36,1.14,3.23,5.95,5.89,4.88,2.82,1.00,-0.02,-0.47,-0.56,-0.77,-0.87,-0.69,-0.64,-0.73,-0.87,-0.63,-0.88,-0.91,-0.66,-0.69,-1.00,-0.97,-0.71,-0.56,-0.57,-0.78,-0.88,-0.54,-0.61,-0.56,-0.81,-0.80,-0.80,-0.81,-0.76,-0.82,-0.54,-0.52,-0.27,-0.19,-0.08,0.04,0.10,0.06,-0.06,0.33,0.49,0.69,1.02,1.13,1.18,1.53,1.71,1.89,2.13,2.23,2.22,2.33,2.33
0.24,0.48,0.38,0.24,0.24,0.34,0.37,0.06,0.03,0.09,0.01,-0.24,-0.21,0.07,-0.01,-0.09,-0.23,-0.38,-0.52,-0.59,-0.73,-0.98,-1.01,-0.95,-0.83,-0.87,-1.20,-1.35,-1.54,-1.46,-1.31,-1.22,-1.17,-1.08,-1.03,-1.03,-1.16,-1.17,-1.22,-1.15,-1.35,-1.25,-1.35,-1.36,-1.32,-1.29,-1.19,-1.30,-1.51,-1.46,-1.19,-0.87,-0.96,-1.16,-1.24,-0.82,-0.86,-0.96,-1.12,-1.02,-1.00,-1.27,-1.27,-1.16,-1.20,-1.00,-1.14,-1.36,-1.16,-1.16,-0.98,-0.72,-0.73,-0.63,-0.44,-0.33,-0.24,-0.16,-0.26,-0.39,-0.42,-0.56,-0.57,-0.47,-0.34,-0.38,-0.24,-0.08,-0.01,0.14,0.32,0.53,1.50,3.86,6.35,7.53,6.85,5.63,3.41,1.29,1.31,3.13,5.47,5.60,4.52,2.69,1.09,0.19,-0.28,-0.42,-0.61,-0.86,-0.75,-0.63,-0.66,-0.77,-0.98,-0.92,-1.08,-0.76,-0.76,-1.14,-1.12,-0.81,-0.62,-0.59,-0.85,-0.93,-0.64,-0.73,-0.77,-0.86,-0.86,-0.87,-0.91,-0.80,-0.90,-0.75,-0.54,-0.31,-0.18,-0.12,-0.02,0.07,0.06,0.03,0.41,0.66,0.69,0.76,1.01,1.22,1.20,1.33,1.58,1.90,2.22,2.06,2.03,1.99
0.15,0.35,0.25,0.27,0.20,0.14,0.23,-0.04,-0.03,0.02,-0.04,-0.09,-0.03,-0.11,-0.04,-0.07,-0.23,-0.39,-0.49,-0.62,-0.68,-0.90,-0.97,-1.01,-0.98,-0.98,-1.35,-1.45,-1.34,-1.30,-1.10,-1.20,-1.14,-1.03,-1.07,-1.16,-1.27,-1.26,-1.45,-1.21,-1.40,-1.32,-1.43,-1.40,-1.31,-1.31,-1.35,-1.32,-1.27,-1.20,-1.15,-1.17,-0.92,-1.07,-1.00,-0.85,-0.91,-0.87,-1.10,-1.07,-0.88,-1.12,-1.20,-1.14,-1.25,-1.10,-1.25,-1.32,-1.12,-1.14,-1.07,-0.77,-0.71,-0.77,-0.59,-0.72,-0.52,-0.54,-0.57,-0.69,-0.72,-0.66,-0.64,-0.53,-0.44,-0.47,-0.32,-0.14,-0.07,0.08,0.27,0.40,1.33,3.79,6.02,7.26,6.39,5.78,3.31,1.23,1.18,3.02,5.14,5.17,4.57,2.89,1.25,0.33,-0.04,-0.17,-0.43,-0.73,-0.69,-0.54,-0.46,-0.67,-0.80,-0.82,-0.80,-0.68,-0.63,-0.73,-0.72,-0.66,-0.71,-0.78,-1.05,-0.77,-0.66,-0.85,-0.92,-0.95,-0.87,-0.90,-0.96,-0.83,-0.86,-0.76,-0.53,-0.33,-0.31,-0.34,-0.29,-0.14,0.14,0.20,0.30,0.44,0.49,0.53,0.90,1.12,1.03,1.09,1.34,1.62,1.99,1.97,1.84,1.64
0.12,0.06,0.03,0.24,0.15,0.06,0.27,0.09,0.19,0.03,-0.06,0.01,0.08,0.06,-0.04,-0.11,-0.24,-0.38,-0.48,-0.72,-0.63,-0.72,-0.95,-1.03,-1.06,-1.19,-1.31,-1.27,-1.25,-1.15,-1.11,-1.05,-1.00,-1.08,-1.20,-1.19,-1.25,-1.34,-1.49,-1.25,-1.40,-1.39,-1.45,-1.53,-1.45,-1.43,-1.40,-1.30,-1.34,-1.12,-1.24,-1.27,-1.35,-1.07,-0.96,-0.75,-0.77,-1.12,-1.07,-0.97,-0.92,-1.22,-1.22,-1.02,-1.11,-1.05,-1.14,-1.25,-1.31,-1.19,-1.14,-0.98,-0.92,-0.92,-0.82,-1.05,-0.88,-0.87,-0.82,-0.96,-0.86,-0.81,-0.77,-0.72,-0.53,-0.46,-0.43,-0.33,-0.31,-0.31,-0.13,0.08,1.12,3.75,6.07,7.04,6.29,5.65,2.88,1.18,0.80,2.99,4.89,5.32,4.52,2.75,1.25,0.51,0.20,-0.22,-0.66,-0.71,-0.63,-0.48,-0.52,-0.95,-0.95,-0.83,-0.88,-0.67,-0.54,-0.69,-0.73,-0.66,-0.76,-0.88,-1.06,-0.77,-0.67,-0.93,-0.96,-0.97,-0.86,-0.71,-0.85,-0.87,-0.52,-0.58,-0.58,-0.37,-0.16,0.03,0.10,-0.12,0.10,0.07,0.18,0.34,0.50,0.56,0.74,0.88,0.97,1.02,1.11,1.28,1.47,1.63,1.63,1.46
0.02,-0.17,-0.09,0.15,0.17,0.23,0.35,0.15,0.02,-0.01,-0.17,-0.13,0.19,0.08,0.37,0.10,-0.27,-0.37,-0.37,-0.69,-0.58,-0.75,-0.86,-0.90,-1.05,-1.08,-0.97,-1.26,-1.05,-1.02,-1.22,-1.27,-0.96,-1.16,-1.38,-1.30,-1.32,-1.49,-1.39,-1.50,-1.50,-1.53,-1.60,-1.68,-1.64,-1.54,-1.43,-1.35,-1.32,-1.21,-1.41,-1.59,-1.30,-1.34,-1.20,-1.00,-1.05,-1.10,-1.21,-1.07,-0.88,-0.93,-1.05,-1.16,-1.12,-0.97,-1.20,-1.34,-1.19,-1.19,-1.38,-1.19,-1.24,-1.27,-1.15,-1.19,-1.25,-1.03,-0.90,-1.02,-0.95,-0.97,-0.97,-0.86,-0.71,-0.63,-0.68,-0.59,-0.44,-0.44,-0.46,-0.14,1.41,4.34,6.30,6.85,6.33,5.17,2.48,1.11,0.61,2.81,4.81,5.44,4.51,2.41,0.87,0.22,-0.13,-0.46,-0.75,-0.83,-0.88,-0.67,-0.42,-0.92,-1.01,-1.03,-0.88,-0.77,-0.78,-0.93,-1.05,-0.93,-0.86,-0.77,-1.01,-0.95,-0.73,-0.97,-0.88,-0.81,-0.80,-0.68,-0.77,-0.83,-0.69,-0.51,-0.77,-0.91,-0.63,-0.27,-0.12,-0.08,-0.03,-0.02,0.12,0.28,0.39,0.41,0.59,0.74,0.84,0.88,0.85,0.90,1.17,1.17,1.19,1.27
0.07,0.06,-0.01,0.10,0.23,0.32,0.29,0.18,0.19,0.10,-0.09,-0.13,0.01,0.02,0.15,-0.06,-0.24,-0.32,-0.44,-0.81,-0.66,-0.97,-0.88,-0.86,-1.05,-1.07,-1.10,-1.34,-1.26,-1.26,-1.30,-1.40,-1.41,-1.45,-1.67,-1.72,-1.48,-1.53,-1.63,-1.63,-1.48,-1.64,-1.73,-1.74,-1.74,-1.69,-1.62,-1.54,-1.46,-1.50,-1.49,-1.64,-1.41,-1.27,-1.39,-1.07,-1.14,-1.20,-1.21,-0.90,-0.73,-0.98,-1.30,-1.34,-1.20,-1.03,-1.08,-1.26,-1.30,-1.51,-1.38,-1.40,-1.40,-1.44,-1.35,-1.35,-1.17,-1.16,-0.96,-1.17,-1.21,-1.07,-1.20,-1.11,-1.07,-1.02,-0.91,-0.75,-0.52,-0.31,-0.16,0.30,2.28,5.43,7.07,7.45,6.75,5.40,2.00,1.04,0.90,2.96,5.33,6.13,5.01,2.63,0.98,0.12,-0.34,-0.56,-0.87,-0.80,-0.81,-0.85,-0.90,-0.87,-1.07,-1.06,-0.96,-0.85,-0.86,-0.98,-1.11,-1.11,-0.87,-0.68,-1.01,-0.98,-0.73,-0.93,-0.80,-0.63,-0.75,-0.96,-0.80,-0.78,-1.06,-0.73,-0.75,-0.56,-0.22,-0.07,-0.11,-0.13,-0.17,-0.13,-0.07,0.02,0.07,0.08,0.35,0.56,0.58,0.54,0.80,0.82,0.70,0.86,1.07,1.19
-0.01,0.09,0.13,0.15,0.24,0.22,0.14,0.14,0.22,0.12,-0.03,-0.07,0.03,0.14,0.09,0.03,-0.09,-0.29,-0.66,-1.05,-0.86,-1.12,-1.08,-1.02,-1.08,-1.19,-1.39,-1.55,-1.55,-1.51,-1.29,-1.46,-1.38,-1.32,-1.41,-1.54,-1.59,-1.58,-1.72,-1.46,-1.46,-1.72,-1.86,-1.74,-1.73,-1.74,-1.74,-1.71,-1.57,-1.62,-1.50,-1.62,-1.43,-1.26,-1.29,-1.15,-0.96,-1.15,-1.25,-0.90,-0.82,-0.93,-1.07,-1.10,-0.95,-1.01,-1.26,-1.38,-1.43,-1.44,-1.53,-1.46,-1.50,-1.48,-1.55,-1.41,-1.35,-1.32,-1.26,-1.29,-1.36,-1.34,-1.27,-1.19,-1.22,-1.16,-1.06,-0.95,-0.37,0.71,1.61,2.30,4.45,7.50,8.49,8.55,7.48,5.46,1.39,0.70,1.51,5.03,6.93,7.14,5.36,2.51,0.69,-0.03,-0.39,-0.54,-0.76,-0.72,-0.67,-0.72,-1.02,-0.90,-0.80,-0.96,-0.88,-0.85,-0.88,-0.91,-0.96,-1.01,-0.78,-0.73,-0.90,-0.85,-0.72,-0.92,-0.83,-0.76,-0.95,-0.85,-0.80,-0.81,-0.90,-0.88,-0.81,-0.59,-0.26,-0.04,-0.08,-0.14,-0.19,-0.26,-0.26,-0.19,-0.09,-0.02,0.10,0.19,0.28,0.44,0.61,0.76,0.80,0.75,0.75,0.90
-0.12,-0.16,-0.11,0.10,0.23,0.13,0.04,0.04,0.03,-0.04,-0.04,0.03,0.14,0.20,-0.12,-0.13,-0.17,-0.28,-0.57,-0.91,-0.95,-1.06,-1.12,-1.19,-1.12,-1.22,-1.48,-1.55,-1.43,-1.38,-1.22,-1.59,-1.48,-1.40,-1.49,-1.57,-1.55,-1.50,-1.51,-1.44,-1.55,-1.58,-1.71,-1.59,-1.65,-1.67,-1.73,-1.76,-1.65,-1.72,-1.72,-1.69,-1.51,-1.44,-1.32,-1.21,-1.07,-1.08,-1.14,-0.90,-0.92,-1.03,-1.17,-1.31,-1.19,-1.01,-1.17,-1.30,-1.49,-1.44,-1.62,-1.68,-1.60,-1.45,-1.88,-1.71,-1.45,-1.41,-1.41,-1.25,-1.39,-1.51,-1.25,-1.31,-1.27,-1.19,-1.11,-0.69,1.03,3.92,5.78,6.76,7.99,9.63,10.49,9.73,8.08,5.28,1.24,0.96,3.53,6.58,8.00,8.10,5.94,2.64,0.48,-0.23,-0.44,-0.54,-0.73,-0.86,-0.87,-0.80,-1.00,-0.83,-0.78,-0.81,-0.73,-0.80,-0.88,-0.87,-0.85,-0.85,-0.72,-0.69,-0.75,-0.76,-0.85,-0.96,-0.96,-0.73,-0.63,-0.95,-0.87,-0.98,-0.68,-0.71,-0.63,-0.49,-0.43,-0.31,-0.12,0.06,-0.04,-0.21,-0.27,-0.09,0.13,0.18,-0.01,-0.06,0.14,0.43,0.44,0.64,0.79,0.60,0.56,0.93
-0.31,-0.23,-0.06,-0.23,-0.06,0.09,0.13,0.08,0.06,-0.08,0.03,0.08,0.09,0.09,-0.01,0.07,-0.13,-0.32,-0.57,-0.82,-0.85,-0.83,-1.14,-1.14,-1.07,-1.24,-1.44,-1.46,-1.39,-1.32,-1.38,-1.63,-1.50,-1.51,-1.55,-1.59,-1.58,-1.60,-1.82,-1.73,-1.96,-1.63,-1.78,-1.67,-1.85,-1.87,-1.87,-1.87,-1.83,-1.95,-1.93,-1.86,-1.72,-1.59,-1.27,-1.22,-1.08,-1.02,-1.20,-0.91,-0.93,-1.11,-1.16,-1.24,-1.22,-1.15,-1.31,-1.45,-1.64,-1.76,-1.74,-1.69,-1.73,-1.72,-1.92,-1.83,-1.39,-1.44,-1.46,-1.35,-1.76,-1.74,-1.48,-1.40,-1.44,-1.22,-0.86,-0.36,1.88,5.57,7.78,8.48,8.84,9.25,10.27,9.99,8.76,5.59,1.46,1.06,3.48,6.11,7.91,8.30,6.50,3.20,0.59,-0.39,-0.66,-0.75,-0.81,-0.93,-0.93,-0.93,-0.97,-0.87,-0.80,-0.68,-0.67,-0.73,-0.77,-0.80,-0.83,-0.77,-0.73,-0.77,-0.76,-0.91,-0.73,-0.66,-0.82,-0.90,-0.76,-0.81,-0.82,-0.83,-0.63,-0.47,-0.34,-0.27,-0.32,-0.27,0.04,0.32,0.28,0.14,0.03,0.02,0.27,0.18,0.04,0.08,0.24,0.37,0.34,0.59,0.70,0.64,0.51,0.69
-0.16,-0.08,-0.02,-0.01,0.24,0.45,0.44,0.28,0.27,0.22,0.09,0.04,0.06,0.04,0.06,0.02,-0.26,-0.43,-0.62,-0.87,-1.07,-1.05,-1.22,-1.08,-1.41,-1.46,-1.48,-1.60,-1.63,-1.48,-1.60,-1.69,-1.64,-1.64,-1.67,-1.62,-1.59,-1.65,-1.62,-1.41,-1.81,-1.91,-1.92,-1.87,-1.72,-1.67,-1.92,-1.99,-1.87,-1.97,-1.91,-1.91,-1.83,-1.62,-1.20,-1.24,-0.96,-1.05,-1.24,-0.87,-0.85,-1.00,-1.08,-1.25,-1.29,-1.29,-1.44,-1.57,-1.62,-1.65,-1.60,-1.64,-1.63,-1.91,-1.71,-1.78,-1.38,-1.74,-1.65,-1.51,-1.78,-1.73,-1.57,-1.50,-1.50,-1.38,-1.07,-0.61,0.64,3.30,6.13,7.31,7.80,8.49,8.86,9.12,8.04,4.99,1.53,0.51,1.66,3.65,5.71,7.00,6.04,3.20,0.63,-0.46,-0.73,-0.85,-0.82,-0.90,-0.87,-0.98,-0.97,-0.98,-0.75,-0.61,-0.72,-0.69,-0.54,-0.62,-0.64,-0.73,-0.53,-0.68,-0.77,-0.86,-0.76,-0.68,-0.77,-0.86,-0.72,-0.68,-0.80,-0.63,-0.61,-0.36,-0.16,-0.17,-0.13,0.03,0.25,0.39,0.49,0.50,0.49,0.69,0.79,0.80,0.60,0.37,0.25,0.35,0.66,0.86,0.92,0.80,0.65,0.54
-0.11,-0.02,-0.01,-0.06,0.15,0.22,0.19,0.08,-0.06,0.06,-0.07,0.09,0.09,0.02,0.01,-0.21,-0.47,-0.67,-0.83,-1.02,-1.21,-1.21,-1.25,-1.35,-1.32,-1.45,-1.50,-1.54,-1.57,-1.53,-1.72,-1.85,-1.79,-1.74,-1.76,-1.74,-1.78,-1.76,-1.65,-1.71,-1.81,-1.86,-1.81,-1.87,-2.01,-1.91,-1.87,-1.96,-1.97,-1.86,-1.88,-1.83,-1.73,-1.64,-1.40,-1.29,-0.98,-1.10,-1.22,-0.92,-0.82,-0.92,-1.07,-1.29,-1.36,-1.36,-1.49,-1.54,-1.55,-1.72,-1.68,-1.72,-1.59,-1.82,-1.65,-1.77,-1.43,-1.51,-1.68,-1.60,-1.83,-1.78,-1.65,-1.58,-1.45,-1.22,-1.19,-1.05,-0.41,0.64,2.36,3.41,3.61,4.58,5.25,5.79,5.35,3.16,1.09,-0.01,0.02,0.92,2.62,4.30,4.18,2.34,0.44,-0.57,-0.80,-0.78,-0.75,-0.75,-0.87,-0.87,-0.96,-1.03,-0.92,-0.77,-0.72,-0.59,-0.47,-0.61,-0.56,-0.71,-0.58,-0.57,-0.73,-0.87,-0.75,-0.64,-0.73,-0.78,-0.76,-0.76,-0.86,-0.67,-0.61,-0.38,-0.18,-0.21,-0.11,0.12,0.14,0.25,0.27,0.25,0.37,0.49,0.80,0.85,0.85,0.71,0.53,0.75,0.93,1.13,1.23,1.11,0.84,1.01
-0.18,-0.04,0.03,-0.13,0.08,0.08,0.13,0.08,-0.09,-0.11,-0.04,-0.08,-0.13,-0.12,-0.12,-0.38,-0.61,-0.92,-1.03,-1.14,-1.25,-1.27,-1.30,-1.38,-1.38,-1.46,-1.71,-1.83,-1.71,-1.71,-1.90,-1.82,-1.81,-1.76,-1.76,-1.86,-1.88,-1.86,-1.82,-1.78,-1.82,-1.81,-1.97,-1.65,-1.81,-1.73,-1.68,-1.79,-1.81,-1.72,-1.91,-1.90,-1.72,-1.77,-1.53,-1.39,-1.15,-1.17,-1.35,-1.08,-0.97,-1.06,-1.20,-1.36,-1.43,-1.44,-1.55,-1.64,-1.63,-1.86,-1.88,-1.95,-1.79,-1.87,-1.71,-1.82,-1.53,-1.67,-1.71,-1.78,-1.92,-1.88,-1.79,-1.67,-1.53,-1.36,-1.34,-1.27,-0.96,-0.77,-0.16,0.25,0.50,1.23,1.71,2.12,2.03,0.90,0.24,-0.66,-0.83,-0.59,0.24,1.36,1.68,0.98,-0.02,-0.77,-0.91,-0.82,-0.80,-0.71,-0.98,-0.72,-1.01,-1.06,-0.95,-0.86,-0.67,-0.56,-0.73,-0.72,-0.76,-0.72,-0.51,-0.52,-0.77,-0.85,-0.76,-0.64,-0.63,-0.68,-0.76,-0.95,-0.88,-0.77,-0.63,-0.47,-0.41,-0.38,0.02,0.20,0.45,0.41,0.46,0.67,0.79,0.71,0.93,1.02,1.07,1.01,0.76,1.11,1.02,1.15,1.35,1.42,1.27,1.25
-0.18,0.01,0.03,-0.14,0.07,0.02,0.04,0.01,-0.06,-0.09,-0.16,-0.17,-0.38,-0.52,-0.47,-0.51,-0.59,-1.10,-1.19,-1.21,-1.25,-1.24,-1.34,-1.50,-1.36,-1.43,-1.57,-1.64,-1.67,-1.65,-1.63,-1.93,-1.78,-1.68,-1.76,-1.78,-1.85,-1.93,-1.88,-1.74,-1.91,-1.95,-2.06,-1.90,-1.73,-1.85,-1.92,-1.90,-1.87,-1.90,-1.85,-1.73,-1.96,-2.01,-1.41,-1.41,-1.16,-1.39,-1.38,-1.10,-1.12,-1.21,-1.39,-1.53,-1.53,-1.57,-1.79,-1.90,-1.81,-1.97,-2.04,-2.14,-2.02,-1.99,-1.88,-1.97,-1.68,-1.93,-1.74,-1.69,-1.93,-2.00,-1.93,-1.83,-1.71,-1.49,-1.34,-1.24,-1.21,-1.29,-0.96,-0.98,-0.73,-0.27,-0.19,0.02,-0.12,-0.54,-0.57,-1.10,-1.17,-1.00,-0.77,-0.51,-0.22,-0.23,-0.63,-0.91,-0.97,-0.86,-0.91,-0.98,-1.07,-1.02,-1.02,-1.02,-0.96,-0.86,-0.80,-0.78,-0.73,-0.82,-1.03,-0.67,-0.69,-0.53,-0.69,-0.86,-0.78,-0.67,-0.76,-0.90,-0.90,-1.02,-0.83,-0.67,-0.57,-0.47,-0.34,-0.26,-0.12,0.02,0.20,0.35,0.58,0.84,0.77,0.93,1.03,1.08,1.13,1.14,0.95,1.08,1.00,1.09,1.31,1.41,1.44,1.47
0.10,0.12,0.02,-0.04,0.03,0.03,-0.02,-0.08,-0.11,-0.16,-0.51,-0.31,-0.44,-0.44,-0.43,-0.66,-0.85,-1.29,-1.31,-1.32,-1.30,-1.29,-1.45,-1.57,-1.44,-1.48,-1.74,-1.99,-1.93,-1.71,-1.90,-2.07,-2.00,-1.86,-1.96,-1.83,-1.95,-1.97,-1.85,-1.86,-2.06,-2.13,-2.15,-1.99,-1.92,-1.97,-1.88,-1.95,-1.95,-1.87,-1.91,-1.86,-1.78,-1.72,-1.86,-1.29,-1.50,-1.17,-1.29,-1.17,-1.20,-1.31,-1.49,-1.55,-1.57,-1.74,-2.06,-2.14,-1.93,-2.09,-2.19,-2.16,-2.10,-2.09,-2.04,-2.05,-1.79,-2.02,-1.76,-1.65,-1.96,-2.10,-2.04,-1.96,-1.90,-1.77,-1.48,-1.24,-1.27,-1.32,-1.19,-1.31,-1.17,-0.77,-0.75,-0.67,-0.78,-0.96,-1.02,-1.15,-1.19,-1.15,-1.01,-1.00,-0.88,-0.77,-0.88,-0.83,-0.81,-0.75,-0.80,-0.92,-1.27,-0.83,-0.90,-1.00,-1.02,-0.91,-0.81,-0.86,-0.51,-0.59,-0.92,-0.73,-0.71,-0.61,-0.68,-0.83,-0.82,-0.71,-0.92,-1.21,-1.22,-0.98,-0.80,-0.77,-0.72,-0.49,-0.36,-0.53,-0.27,-0.27,-0.13,0.07,0.25,0.43,0.30,0.66,0.88,0.88,0.87,0.96,0.95,1.08,1.07,1.02,1.00,1.07,1.27,1.30
-0.12,0.02,0.14,0.08,-0.01,0.08,-0.08,-0.28,-0.39,-0.43,-0.49,-0.53,-0.57,-0.62,-0.85,-1.20,-1.40,-1.22,-1.39,-1.44,-1.46,-1.55,-1.55,-1.45,-1.54,-1.60,-1.85,-2.10,-2.00,-1.77,-1.97,-2.19,-1.99,-1.78,-1.93,-1.87,-1.87,-1.86,-1.82,-1.97,-2.18,-2.19,-2.16,-2.04,-2.06,-2.05,-1.85,-1.97,-1.97,-1.86,-1.95,-1.99,-1.90,-1.96,-1.85,-1.67,-1.78,-1.60,-1.51,-1.49,-1.72,-1.54,-1.57,-1.74,-1.85,-1.86,-1.99,-2.18,-2.14,-2.16,-2.27,-2.27,-2.11,-2.15,-2.07,-2.04,-1.85,-2.02,-1.85,-1.95,-2.06,-2.20,-2.09,-1.92,-1.92,-1.96,-1.83,-1.54,-1.39,-1.27,-1.49,-1.57,-1.39,-1.10,-1.03,-1.06,-1.16,-1.34,-1.27,-1.29,-1.16,-1.26,-1.11,-0.96,-0.96,-0.86,-0.88,-0.81,-0.86,-0.66,-0.95,-0.95,-1.16,-0.93,-0.96,-1.06,-1.10,-0.93,-0.73,-0.77,-0.46,-0.61,-0.87,-0.75,-0.69,-0.67,-0.75,-0.81,-0.82,-0.85,-0.87,-0.82,-0.98,-0.98,-0.83,-0.82,-0.80,-0.68,-0.76,-0.49,-0.44,-0.51,-0.32,-0.14,-0.08,-0.03,-0.13,0.09,0.41,0.53,0.41,0.46,0.40,0.17,0.14,0.24,0.30,0.34,0.61,0.66
-0.12,-0.08,-0.01,0.04,-0.08,-0.11,-0.24,-0.56,-0.73,-0.64,-0.56,-0.88,-0.90,-0.83,-0.95,-1.22,-1.39,-1.31,-1.34,-1.38,-1.63,-1.71,-1.46,-1.41,-1.60,-1.69,-1.96,-2.02,-2.02,-2.01,-1.97,-2.14,-1.91,-1.68,-1.97,-1.91,-2.02,-1.95,-1.90,-2.00,-2.05,-2.24,-1.99,-2.27,-2.09,-2.15,-1.95,-1.97,-2.00,-2.07,-2.19,-2.18,-2.13,-2.18,-2.04,-1.91,-1.91,-1.69,-1.79,-1.71,-1.86,-1.81,-1.88,-1.91,-1.95,-1.92,-1.99,-2.11,-2.11,-2.38,-2.43,-2.32,-2.05,-2.16,-1.97,-2.19,-1.96,-2.00,-2.01,-2.00,-2.11,-2.23,-1.97,-1.81,-1.71,-1.71,-1.86,-1.92,-1.83,-1.77,-1.79,-1.49,-1.53,-1.50,-1.51,-1.19,-1.57,-1.71,-1.53,-1.64,-1.27,-1.35,-1.48,-1.21,-1.08,-1.16,-1.22,-1.05,-1.12,-0.68,-0.95,-0.85,-1.08,-0.95,-1.02,-1.03,-0.97,-0.83,-0.64,-0.64,-0.48,-0.66,-0.98,-0.77,-0.77,-0.78,-0.83,-0.86,-0.86,-0.95,-0.83,-0.97,-0.95,-0.95,-0.92,-1.00,-1.00,-0.82,-0.82,-0.63,-0.75,-0.73,-0.52,-0.29,-0.29,-0.29,-0.29,-0.27,-0.02,0.18,0.22,0.17,-0.27,-0.39,-0.59,-0.62,-0.32,-0.12,0.15,0.29
-0.23,-0.17,0.08,0.18,0.06,0.01,-0.47,-0.66,-0.68,-0.69,-0.85,-1.01,-0.90,-0.91,-1.10,-1.32,-1.48,-1.44,-1.43,-1.54,-1.72,-1.69,-1.59,-1.71,-1.71,-1.65,-2.07,-1.99,-2.07,-2.11,-2.07,-2.13,-1.93,-1.93,-1.95,-2.23,-2.05,-2.05,-2.13,-2.07,-2.13,-2.30,-2.14,-2.09,-2.20,-2.20,-2.01,-2.00,-2.10,-2.23,-2.32,-2.29,-2.30,-2.32,-2.15,-2.13,-1.82,-1.96,-2.00,-1.74,-1.88,-1.96,-2.07,-2.11,-2.07,-2.01,-1.97,-1.93,-2.11,-2.37,-2.22,-2.32,-2.32,-2.09,-2.09,-2.32,-1.97,-2.16,-1.99,-1.96,-2.07,-2.06,-2.04,-1.91,-1.83,-1.82,-1.79,-1.74,-1.68,-1.69,-1.92,-1.85,-1.95,-1.59,-1.68,-1.41,-1.72,-1.67,-1.53,-1.58,-1.50,-1.51,-1.48,-1.34,-1.29,-1.11,-1.06,-0.97,-1.08,-0.90,-0.96,-0.96,-0.95,-0.76,-0.87,-0.90,-0.86,-0.83,-0.69,-0.68,-0.43,-0.53,-0.98,-0.88,-0.81,-0.88,-0.96,-0.97,-0.90,-0.86,-1.06,-1.07,-0.97,-0.85,-0.91,-1.05,-1.01,-0.83,-0.92,-0.82,-0.90,-0.87,-0.76,-0.59,-0.48,-0.66,-0.32,-0.26,-0.04,0.08,-0.27,-0.18,-0.37,-0.57,-0.82,-0.96,-0.66,-0.56,-0.33,-0.08
-0.41,-0.41,-0.31,-0.22,-0.23,-0.46,-0.73,-0.87,-0.86,-0.86,-0.93,-0.91,-0.61,-1.02,-1.30,-1.48,-1.59,-1.50,-1.58,-1.60,-1.83,-1.83,-1.81,-2.01,-1.74,-1.76,-2.00,-2.06,-2.05,-2.15,-2.22,-2.20,-2.11,-2.13,-2.00,-2.16,-2.05,-2.10,-2.04,-1.95,-2.09,-2.24,-2.10,-2.22,-2.11,-1.99,-1.93,-2.11,-2.15,-2.18,-2.25,-2.36,-2.47,-2.47,-2.25,-2.33,-2.07,-2.24,-1.95,-1.77,-1.87,-2.23,-2.30,-2.24,-2.23,-2.16,-2.19,-2.18,-2.07,-2.28,-2.20,-2.10,-2.28,-2.18,-2.13,-2.28,-2.32,-2.14,-2.23,-2.05,-2.07,-2.28,-2.24,-2.18,-2.07,-1.99,-2.09,-2.25,-2.19,-2.22,-1.96,-2.06,-2.09,-1.63,-1.83,-1.73,-1.85,-1.87,-1.76,-1.69,-1.57,-1.62,-1.69,-1.45,-1.22,-1.03,-1.24,-0.95,-0.83,-0.87,-0.95,-1.01,-0.88,-0.62,-0.68,-0.80,-0.83,-0.92,-0.81,-0.85,-0.47,-0.49,-0.82,-0.92,-0.82,-0.72,-0.76,-0.88,-1.01,-1.12,-0.76,-0.71,-0.98,-0.88,-0.80,-0.96,-1.06,-0.87,-0.97,-0.82,-0.90,-0.91,-0.92,-0.97,-0.73,-0.78,-0.61,-0.48,-0.43,-0.46,-0.78,-0.48,-0.77,-0.93,-1.03,-1.08,-0.88,-0.90,-0.87,-0.72
