-45.79,-46.32,-46.37,-46.34,-46.34,-46.04,-45.94,-46.12,-46.32,-46.42,-46.75,-46.90,-46.98,-47.11,-47.36,-47.11,-46.90,-46.98,-47.29,-47.65,-48.01,-48.01,-47.70,-48.35,-48.56,-48.51,-48.56,-48.51,-48.06,-48.67,-49.47,-48.48,-49.36,-49.52,-49.66,-49.79,-49.49,-49.31,-49.58,-49.93,-49.87,-49.63,-49.87,-50.14,-50.39,-50.44,-50.28,-50.31,-50.36,-50.25,-50.23,-50.58,-50.88,-50.20,-49.95,-50.23,-50.44,-50.33,-50.47,-50.14,-49.71,-50.20,-50.50,-50.23,-50.47,-50.69,-50.42,-50.47,-50.55,-50.31,-50.25,-50.69,-49.95,-49.95,-50.64,-50.97,-50.77,-50.03,-49.66,-49.85,-49.82,-50.97,-50.12,-49.98,-50.36,-50.61,-50.28,-50.97,-50.25,-50.55,-50.58,-50.12,-49.71,-49.52,-49.74,-49.98,-49.71,-49.41,-49.79,-49.79,-49.74,-49.44,-49.82,-49.28,-49.31,-50.03,-49.63,-49.39,-49.39,-49.66,-49.68,-49.52,-49.63,-49.63,-50.33,-50.44,-49.98,-49.58,-50.17,-49.93,-49.33,-49.41,-49.60,-49.23,-48.91,-48.70,-48.56,-49.12,-49.04,-48.80,-48.72,-48.12,-47.36,-47.54,-47.16,-48.12,-47.18,-47.29,-47.29,-46.95,-46.52,-45.79,-44.60,-42.03,-39.48,-36.13,-31.57,-26.41,-24.75,-31.12,-38.07,-42.92,-44.75,-44.70,-45.17,-44.95,-45.27,-45.72,-45.97,-45.99
-45.69,-46.29,-46.07,-45.99,-46.09,-45.97,-45.89,-45.97,-46.07,-46.24,-46.60,-46.67,-46.88,-47.18,-46.90,-46.90,-47.11,-47.03,-47.11,-47.52,-47.93,-47.83,-47.83,-48.12,-48.14,-48.04,-48.12,-48.27,-48.27,-48.12,-48.46,-49.07,-48.46,-48.77,-49.09,-49.07,-49.15,-49.12,-49.04,-49.25,-49.66,-49.15,-49.36,-49.87,-49.93,-50.03,-50.20,-50.17,-50.44,-49.82,-49.90,-50.53,-50.94,-49.90,-49.60,-49.93,-50.28,-50.23,-50.66,-50.69,-50.42,-51.19,-50.47,-50.91,-51.36,-50.91,-50.06,-50.69,-50.47,-50.66,-50.36,-50.99,-50.20,-50.33,-50.17,-50.42,-50.91,-50.20,-49.87,-50.42,-50.06,-50.09,-50.14,-49.55,-50.03,-50.69,-49.90,-50.12,-50.33,-49.71,-49.85,-49.74,-49.82,-49.44,-49.47,-49.85,-49.47,-49.28,-49.95,-49.98,-49.71,-49.44,-50.09,-49.55,-49.49,-49.95,-49.63,-49.44,-49.25,-49.44,-49.41,-49.15,-49.28,-49.76,-49.98,-50.17,-49.04,-49.09,-49.20,-48.96,-48.72,-48.80,-49.17,-49.23,-48.80,-48.70,-48.35,-48.67,-48.64,-48.43,-48.33,-47.78,-47.21,-47.18,-46.98,-47.75,-47.03,-46.67,-46.67,-46.32,-45.10,-43.02,-40.67,-36.34,-32.43,-28.37,-23.91,-20.03,-18.24,-24.76,-34.25,-41.01,-43.44,-43.95,-45.05,-44.90,-44.87,-45.22,-45.59,-45.89
-45.57,-45.82,-45.82,-45.74,-45.84,-45.64,-45.44,-45.57,-45.54,-45.67,-46.14,-46.32,-46.34,-46.55,-46.37,-46.14,-46.55,-46.75,-46.93,-47.31,-47.75,-48.09,-47.78,-48.01,-48.25,-48.01,-47.52,-47.88,-48.38,-47.80,-48.77,-48.80,-48.64,-48.54,-48.67,-48.96,-49.23,-48.88,-49.15,-49.09,-49.23,-49.01,-49.09,-49.52,-49.60,-49.60,-50.06,-50.06,-50.28,-49.93,-49.47,-49.87,-50.69,-49.60,-49.66,-50.01,-50.17,-50.20,-50.36,-50.20,-49.71,-50.25,-50.36,-50.31,-50.66,-50.03,-49.60,-50.31,-49.87,-50.53,-49.95,-50.69,-50.17,-49.76,-49.93,-50.12,-50.17,-49.95,-49.82,-49.66,-49.23,-49.47,-49.82,-49.87,-49.12,-50.01,-49.95,-49.95,-49.41,-49.58,-49.82,-49.36,-49.76,-49.79,-49.23,-49.04,-48.91,-48.75,-48.96,-49.28,-49.71,-49.41,-49.63,-49.76,-49.74,-49.79,-49.55,-49.41,-49.09,-49.09,-49.23,-49.36,-49.47,-49.49,-49.63,-49.60,-48.96,-48.77,-49.33,-48.80,-48.67,-48.85,-48.85,-48.80,-48.70,-48.25,-48.20,-48.43,-48.04,-47.83,-47.65,-47.34,-47.08,-46.98,-46.85,-47.44,-46.39,-46.45,-45.37,-43.59,-41.20,-37.81,-33.52,-27.74,-22.85,-18.44,-15.03,-12.86,-11.85,-17.29,-26.87,-35.11,-40.63,-43.30,-44.12,-44.14,-44.78,-45.12,-45.32,-45.77
-45.34,-45.19,-45.42,-45.74,-45.69,-45.39,-45.19,-45.37,-46.22,-45.87,-46.34,-46.39,-45.97,-46.04,-46.04,-45.52,-46.07,-46.57,-46.72,-46.93,-47.13,-47.44,-47.18,-47.44,-47.73,-48.01,-48.20,-47.49,-47.60,-48.20,-48.30,-48.56,-48.59,-48.43,-48.62,-48.96,-48.83,-48.72,-49.23,-49.04,-49.07,-49.09,-49.41,-49.74,-49.74,-49.76,-50.20,-49.85,-49.98,-50.25,-49.82,-50.01,-50.53,-50.06,-49.87,-49.93,-49.98,-49.79,-49.79,-50.06,-49.82,-49.90,-49.93,-50.47,-50.55,-50.28,-49.90,-50.55,-50.03,-50.28,-49.63,-50.14,-50.03,-49.79,-49.79,-49.74,-49.74,-49.90,-49.85,-49.68,-49.47,-49.90,-49.98,-49.95,-49.60,-49.49,-49.68,-50.01,-49.60,-49.47,-49.31,-49.23,-49.60,-49.52,-49.41,-48.93,-48.59,-49.23,-49.31,-49.15,-49.23,-49.41,-49.66,-49.25,-49.76,-49.28,-49.44,-49.31,-49.15,-49.20,-49.28,-49.33,-49.20,-49.09,-49.49,-49.20,-48.48,-48.64,-49.23,-48.48,-48.14,-48.46,-48.59,-48.43,-48.67,-48.83,-47.42,-48.35,-48.01,-47.73,-47.26,-47.06,-47.08,-47.00,-46.78,-46.42,-45.82,-44.97,-43.23,-40.51,-35.88,-29.52,-22.80,-18.03,-12.86,-9.15,-7.12,-6.28,-6.62,-10.37,-17.50,-26.17,-35.01,-41.61,-43.44,-43.68,-44.46,-44.95,-45.22,-45.74
-45.22,-45.17,-45.47,-45.69,-45.89,-45.57,-45.00,-45.17,-45.99,-45.87,-46.07,-46.17,-45.89,-46.37,-46.19,-45.67,-45.97,-46.72,-47.03,-46.57,-46.37,-46.95,-47.13,-47.60,-48.01,-48.01,-47.88,-47.88,-47.73,-48.12,-48.20,-48.30,-48.33,-48.27,-48.51,-48.96,-48.48,-48.83,-48.96,-48.75,-49.01,-49.04,-49.55,-49.74,-49.41,-49.58,-49.93,-49.66,-49.95,-49.20,-49.76,-49.71,-50.14,-49.66,-49.82,-49.90,-49.85,-49.74,-49.49,-49.49,-49.55,-49.76,-50.14,-50.25,-50.42,-50.53,-49.85,-50.17,-49.85,-50.25,-49.66,-49.74,-49.82,-49.82,-49.66,-49.74,-49.98,-49.58,-49.36,-49.58,-49.68,-50.01,-49.95,-49.82,-49.55,-49.63,-49.47,-49.98,-49.47,-49.23,-49.25,-49.31,-49.55,-49.49,-49.58,-49.28,-48.56,-48.70,-49.23,-49.25,-49.36,-49.33,-48.75,-48.35,-49.01,-48.35,-49.33,-48.93,-48.83,-49.04,-49.01,-48.67,-48.43,-48.75,-49.41,-49.09,-48.27,-48.72,-48.96,-48.67,-47.83,-47.99,-48.06,-47.83,-47.83,-48.04,-47.42,-47.73,-47.16,-46.80,-47.00,-47.06,-47.03,-46.85,-46.29,-45.54,-44.78,-42.94,-39.72,-35.17,-28.41,-20.60,-13.37,-7.71,-4.13,-2.33,-1.48,-1.67,-3.03,-5.35,-9.44,-17.26,-26.96,-36.09,-41.61,-42.36,-43.25,-43.92,-44.63,-45.42
-45.52,-44.92,-45.62,-45.67,-45.67,-45.42,-44.87,-45.27,-45.67,-45.69,-45.64,-45.74,-45.89,-46.67,-46.65,-46.17,-45.92,-46.17,-46.75,-46.70,-47.18,-47.49,-46.95,-46.93,-47.47,-47.80,-47.65,-47.80,-47.34,-47.83,-48.04,-48.01,-47.96,-48.04,-48.41,-48.75,-48.88,-48.64,-48.93,-48.85,-48.75,-48.70,-49.12,-49.12,-48.88,-49.68,-49.76,-50.25,-50.39,-49.25,-49.68,-49.71,-49.95,-50.20,-49.95,-49.79,-49.87,-49.76,-49.47,-49.25,-49.36,-49.82,-50.17,-50.06,-50.58,-50.17,-49.90,-50.17,-49.47,-50.12,-49.66,-49.90,-50.01,-49.98,-49.68,-49.52,-49.85,-49.47,-49.01,-49.36,-49.44,-49.74,-49.66,-49.58,-49.36,-49.68,-49.71,-49.85,-49.25,-49.04,-48.93,-49.09,-49.17,-49.25,-49.55,-49.36,-48.77,-48.64,-48.96,-49.25,-49.01,-49.28,-49.60,-48.96,-48.85,-48.56,-49.25,-49.49,-48.46,-48.20,-48.25,-48.30,-48.27,-48.59,-49.09,-48.72,-48.20,-48.62,-48.96,-48.80,-48.06,-47.96,-47.80,-47.75,-47.91,-47.73,-47.34,-47.47,-46.60,-46.93,-46.47,-46.32,-46.37,-46.14,-45.42,-44.12,-42.05,-38.68,-33.02,-26.59,-19.02,-11.46,-5.13,-0.86,1.29,2.26,2.16,1.29,-0.08,-2.48,-4.50,-10.08,-18.57,-28.48,-37.06,-40.92,-42.68,-43.21,-44.12,-45.05
-45.32,-45.00,-45.94,-45.67,-45.49,-45.64,-45.15,-45.12,-45.72,-45.64,-45.44,-45.52,-45.97,-46.27,-46.67,-46.22,-45.77,-45.87,-45.99,-46.67,-46.95,-47.34,-47.18,-46.90,-47.16,-47.65,-47.62,-47.44,-47.34,-47.70,-47.88,-47.93,-47.80,-47.88,-48.41,-48.38,-49.12,-48.35,-49.01,-48.77,-48.70,-48.59,-48.70,-49.07,-49.31,-49.41,-50.03,-49.60,-49.55,-49.58,-49.60,-49.74,-50.03,-50.20,-49.87,-49.52,-49.44,-49.47,-49.68,-49.71,-49.47,-49.90,-49.98,-49.98,-50.47,-49.95,-49.90,-50.03,-49.39,-49.76,-49.66,-49.93,-49.90,-49.82,-49.47,-49.15,-49.44,-49.49,-49.17,-49.17,-49.36,-49.36,-49.49,-49.58,-49.36,-49.39,-49.90,-49.47,-49.25,-49.09,-49.12,-48.99,-48.99,-49.17,-49.41,-49.31,-48.91,-48.80,-49.23,-49.49,-49.12,-48.77,-49.15,-48.41,-49.23,-48.62,-49.39,-47.75,-47.78,-47.93,-48.67,-48.41,-48.27,-48.80,-48.64,-47.88,-47.93,-48.41,-48.70,-48.38,-48.14,-47.83,-47.52,-47.34,-47.31,-47.26,-46.85,-46.75,-46.55,-46.39,-46.17,-46.14,-45.87,-45.37,-43.97,-40.97,-36.93,-31.14,-23.60,-16.38,-9.55,-3.76,0.50,2.83,3.78,4.19,3.88,3.19,2.01,-0.06,-2.00,-5.16,-11.62,-20.57,-30.57,-38.62,-41.87,-42.54,-43.59,-44.51
-45.34,-45.54,-45.84,-45.69,-45.47,-45.69,-45.74,-45.49,-45.87,-45.72,-45.42,-45.67,-46.02,-46.02,-46.02,-46.34,-46.39,-46.27,-46.72,-46.22,-46.60,-46.90,-46.80,-46.72,-46.98,-47.34,-47.91,-47.31,-47.60,-47.67,-47.88,-48.12,-48.14,-48.12,-48.30,-47.57,-48.48,-48.38,-48.88,-48.46,-48.96,-48.99,-48.35,-48.48,-49.23,-49.33,-49.98,-49.47,-49.63,-49.60,-49.52,-49.79,-49.87,-49.66,-49.55,-49.33,-49.01,-49.23,-49.71,-49.87,-49.58,-49.74,-49.60,-49.90,-50.09,-49.52,-49.55,-49.25,-49.36,-49.66,-49.71,-49.71,-49.36,-49.31,-49.20,-49.23,-49.55,-49.31,-49.31,-49.15,-49.52,-49.09,-49.52,-49.49,-49.23,-49.15,-49.74,-49.04,-49.04,-48.96,-49.25,-48.88,-48.85,-49.12,-49.20,-49.09,-48.96,-48.96,-49.01,-49.07,-49.20,-49.12,-49.28,-48.80,-49.07,-48.43,-49.12,-48.35,-48.12,-48.27,-48.46,-48.33,-48.43,-48.75,-48.64,-47.91,-47.70,-48.35,-47.86,-47.99,-47.86,-47.47,-47.16,-46.93,-46.88,-46.70,-46.34,-46.22,-46.42,-45.82,-45.22,-45.67,-45.29,-43.68,-41.01,-36.66,-29.67,-21.45,-13.48,-6.89,-1.97,1.51,3.77,4.89,5.25,5.32,4.97,4.48,3.61,2.20,0.20,-2.38,-6.36,-13.55,-23.60,-34.56,-40.53,-42.10,-43.25,-43.88
-45.00,-45.59,-45.54,-45.44,-45.44,-45.54,-45.89,-45.97,-45.89,-45.52,-45.27,-45.69,-45.67,-46.04,-46.22,-46.12,-45.99,-46.09,-46.27,-45.97,-46.67,-46.65,-46.57,-46.93,-47.13,-47.00,-47.75,-47.26,-47.60,-47.44,-47.80,-48.17,-47.91,-47.96,-48.67,-48.38,-48.46,-48.46,-48.72,-48.48,-48.80,-48.91,-48.56,-48.77,-49.07,-48.96,-49.82,-49.52,-49.71,-49.47,-49.58,-49.79,-49.79,-49.36,-49.17,-49.04,-48.93,-49.36,-49.52,-49.55,-49.41,-49.41,-49.25,-49.74,-50.09,-48.62,-48.93,-48.85,-49.09,-49.85,-49.60,-49.63,-49.41,-49.39,-49.68,-49.82,-49.66,-48.88,-48.85,-49.20,-49.25,-49.31,-49.31,-48.77,-49.01,-49.15,-49.58,-48.85,-48.41,-48.48,-48.77,-48.56,-48.67,-48.88,-48.91,-48.99,-49.12,-49.01,-48.88,-48.91,-49.01,-48.72,-48.85,-49.04,-48.91,-48.72,-48.91,-48.46,-47.39,-47.78,-48.22,-47.91,-47.67,-47.88,-48.25,-48.20,-47.42,-48.01,-47.65,-47.88,-47.24,-47.13,-46.85,-46.95,-46.70,-46.02,-45.89,-46.02,-45.89,-44.58,-44.51,-43.30,-41.56,-38.60,-33.85,-27.56,-20.15,-11.24,-4.35,0.12,2.77,4.42,5.45,5.94,6.11,5.85,5.66,5.42,4.80,3.66,2.16,-0.34,-3.30,-8.47,-17.14,-28.70,-38.40,-41.68,-43.02,-43.47
-44.87,-45.34,-45.42,-45.29,-45.24,-45.42,-45.39,-45.44,-45.47,-45.64,-46.02,-46.29,-45.92,-46.09,-46.22,-46.09,-45.99,-46.37,-45.99,-45.82,-46.52,-46.88,-46.95,-47.36,-47.42,-47.11,-47.13,-46.93,-47.44,-47.47,-47.49,-47.80,-48.20,-48.91,-48.67,-48.93,-48.30,-48.59,-48.67,-48.43,-48.96,-49.01,-48.54,-49.25,-49.49,-49.31,-49.76,-49.66,-49.58,-49.39,-49.49,-49.66,-49.85,-49.66,-49.25,-48.91,-48.96,-49.49,-49.63,-49.95,-49.36,-48.99,-49.36,-49.85,-50.03,-49.55,-49.07,-49.04,-49.55,-49.74,-49.20,-48.93,-48.83,-49.09,-49.58,-49.71,-49.20,-48.33,-48.70,-49.15,-49.09,-49.49,-49.58,-49.36,-49.33,-48.67,-49.17,-49.07,-48.38,-48.59,-48.64,-48.64,-48.56,-48.59,-48.59,-49.01,-49.09,-48.80,-48.96,-49.12,-48.85,-48.51,-48.72,-48.70,-48.35,-48.80,-48.35,-48.35,-47.60,-47.96,-48.09,-48.01,-47.99,-47.93,-47.49,-47.03,-47.39,-47.75,-47.60,-47.11,-46.34,-47.03,-46.70,-46.93,-46.24,-45.32,-45.34,-45.29,-44.83,-42.68,-42.03,-39.41,-35.59,-29.67,-22.94,-16.19,-9.40,-3.03,1.78,4.03,4.91,5.74,6.22,6.33,6.61,6.28,6.16,6.09,5.57,4.67,3.68,1.64,-0.85,-4.72,-11.50,-21.75,-34.07,-40.56,-42.29,-43.21
-44.80,-45.02,-45.34,-45.37,-44.87,-44.92,-45.05,-45.39,-45.69,-45.87,-46.02,-45.94,-45.57,-45.84,-45.92,-45.77,-45.77,-46.27,-46.17,-45.92,-46.22,-46.95,-47.42,-47.16,-47.03,-47.21,-47.83,-47.39,-47.39,-47.83,-48.06,-47.93,-47.80,-48.41,-47.83,-48.33,-47.83,-48.22,-48.25,-48.22,-48.80,-49.01,-48.51,-49.12,-49.66,-49.66,-49.58,-49.63,-49.55,-49.39,-49.33,-49.49,-49.79,-49.76,-49.58,-49.49,-49.25,-49.41,-49.90,-49.49,-48.77,-48.96,-48.85,-48.43,-49.68,-48.93,-48.70,-49.09,-49.36,-50.06,-49.82,-49.20,-49.25,-49.07,-49.04,-49.52,-49.55,-49.12,-48.85,-49.12,-48.43,-48.54,-49.33,-49.23,-48.70,-48.83,-49.31,-49.04,-48.30,-48.54,-48.93,-49.25,-48.64,-48.70,-48.67,-48.51,-48.35,-48.35,-48.67,-48.91,-48.80,-48.75,-48.72,-48.04,-47.83,-48.41,-47.93,-48.04,-47.96,-47.80,-47.91,-47.86,-47.44,-47.47,-47.26,-46.85,-47.00,-47.18,-47.26,-46.55,-46.34,-47.13,-46.24,-46.12,-45.29,-44.53,-44.07,-43.47,-42.45,-39.86,-37.25,-32.85,-26.50,-18.57,-11.32,-5.67,-1.10,2.72,4.78,5.57,6.06,6.43,6.59,6.74,6.98,6.84,6.59,6.56,6.11,5.39,4.56,3.11,0.80,-2.19,-6.97,-15.02,-27.16,-37.17,-40.92,-42.40
-44.31,-44.60,-44.92,-45.02,-44.48,-45.15,-44.85,-45.42,-45.69,-45.47,-45.42,-45.69,-45.77,-45.92,-45.89,-45.64,-45.52,-45.82,-46.24,-46.07,-46.09,-46.50,-46.72,-46.62,-47.21,-47.16,-47.31,-46.95,-47.11,-47.54,-47.86,-47.91,-47.62,-47.93,-47.70,-48.22,-47.78,-47.54,-47.83,-47.96,-48.25,-48.67,-48.56,-48.64,-49.31,-49.28,-49.07,-49.36,-49.41,-49.12,-49.23,-49.31,-49.49,-49.44,-49.01,-48.77,-48.93,-49.31,-49.07,-49.01,-48.22,-48.88,-48.99,-48.80,-49.33,-49.20,-49.07,-48.91,-48.99,-49.68,-49.93,-49.66,-49.33,-49.09,-48.88,-48.83,-49.09,-48.99,-48.64,-48.91,-48.70,-48.80,-48.93,-48.83,-47.99,-48.67,-49.23,-49.09,-48.48,-49.09,-48.91,-48.51,-48.33,-48.46,-48.77,-48.59,-47.88,-47.91,-48.27,-48.38,-48.41,-48.06,-47.99,-47.75,-47.73,-47.99,-47.78,-47.47,-47.62,-47.16,-47.65,-47.24,-46.83,-46.95,-46.80,-46.52,-46.50,-46.22,-45.99,-45.72,-45.10,-45.82,-45.77,-45.34,-44.53,-42.80,-41.17,-39.88,-37.42,-33.99,-29.02,-22.63,-15.14,-7.86,-2.30,1.27,3.47,5.09,5.96,6.30,6.66,6.98,7.04,7.00,7.06,7.24,6.93,6.94,6.59,6.00,5.38,4.42,2.28,-0.21,-3.67,-9.78,-19.47,-32.15,-38.16,-41.20
-43.90,-44.68,-44.95,-44.29,-44.53,-44.87,-44.75,-45.24,-45.57,-45.07,-44.83,-45.52,-45.59,-45.72,-45.82,-45.69,-45.57,-45.67,-45.99,-45.82,-45.69,-45.99,-46.39,-46.62,-46.02,-46.80,-47.00,-46.70,-46.70,-46.93,-47.13,-47.47,-47.44,-47.42,-47.31,-48.09,-47.91,-47.60,-47.86,-47.91,-47.91,-48.46,-48.46,-48.46,-49.17,-49.36,-48.99,-49.17,-49.07,-48.70,-48.54,-49.01,-49.74,-49.52,-48.83,-48.99,-49.39,-48.91,-48.67,-49.28,-48.01,-48.41,-49.07,-48.72,-48.99,-48.93,-49.09,-48.93,-48.64,-48.85,-48.96,-49.04,-48.88,-48.75,-48.72,-48.72,-48.93,-48.91,-48.56,-48.48,-48.20,-48.62,-48.80,-48.67,-48.06,-48.48,-49.15,-48.38,-48.09,-48.22,-48.99,-48.75,-47.88,-47.99,-48.38,-48.27,-48.41,-48.72,-48.38,-48.06,-48.30,-48.01,-48.01,-47.88,-47.49,-47.47,-47.24,-46.83,-47.11,-46.65,-47.00,-46.34,-46.65,-46.75,-46.45,-46.24,-46.14,-46.19,-45.77,-45.47,-44.51,-44.90,-44.26,-43.73,-42.61,-40.44,-37.25,-33.12,-28.35,-23.21,-17.00,-10.62,-4.49,0.01,2.98,4.72,5.67,6.17,6.46,6.92,6.81,7.22,7.45,7.46,7.41,7.50,7.26,7.33,6.94,6.56,6.14,5.22,3.42,1.36,-1.35,-5.58,-12.55,-24.40,-34.91,-39.95
-43.78,-44.19,-44.51,-44.68,-44.75,-44.78,-45.00,-45.02,-45.27,-45.62,-44.80,-45.69,-45.54,-45.57,-45.67,-45.54,-45.67,-45.34,-45.42,-45.44,-45.57,-45.99,-46.52,-46.60,-46.22,-46.80,-46.42,-46.17,-46.19,-46.52,-46.98,-47.13,-47.34,-47.39,-47.39,-47.31,-47.83,-47.96,-48.17,-48.04,-47.88,-48.43,-48.25,-48.48,-48.88,-48.80,-49.12,-49.47,-49.23,-48.75,-48.91,-49.17,-49.44,-49.04,-48.14,-48.30,-48.56,-48.72,-48.46,-49.49,-48.72,-48.72,-48.64,-49.44,-49.33,-48.83,-48.77,-48.91,-48.43,-48.56,-48.80,-49.12,-48.75,-48.43,-48.51,-48.70,-49.25,-48.70,-48.33,-48.30,-48.06,-48.51,-48.62,-48.77,-48.72,-48.56,-48.85,-48.80,-48.20,-48.06,-47.99,-48.22,-48.33,-48.17,-48.22,-48.20,-48.06,-47.70,-47.60,-48.01,-48.01,-47.67,-47.73,-47.36,-47.62,-46.83,-46.60,-46.32,-46.85,-46.45,-46.29,-45.77,-46.39,-46.62,-46.42,-45.84,-45.47,-45.62,-45.22,-44.65,-43.04,-42.78,-42.00,-40.31,-36.78,-32.37,-27.63,-21.90,-15.46,-9.77,-4.63,-0.36,2.78,4.57,5.54,6.15,6.58,6.86,6.93,7.23,7.12,7.38,7.44,7.40,7.44,7.50,7.49,7.20,7.10,6.94,6.50,5.66,4.19,2.64,0.45,-2.63,-7.83,-16.52,-28.74,-37.38
-44.17,-44.24,-44.29,-44.58,-44.85,-44.70,-44.63,-44.73,-45.12,-46.04,-45.12,-45.94,-45.97,-45.94,-45.99,-45.52,-45.57,-45.69,-45.64,-45.77,-45.99,-46.14,-46.45,-46.45,-46.02,-46.45,-46.34,-45.99,-46.02,-46.32,-46.55,-46.55,-47.21,-47.11,-47.65,-47.03,-47.49,-47.73,-48.09,-48.09,-47.44,-47.86,-47.65,-48.22,-48.25,-48.41,-48.88,-49.09,-48.59,-48.41,-48.64,-48.75,-49.01,-48.96,-48.09,-48.04,-48.56,-48.56,-48.48,-48.48,-48.14,-48.35,-48.59,-48.75,-48.91,-48.56,-48.64,-48.72,-48.46,-48.56,-48.51,-48.64,-48.20,-47.99,-48.27,-48.43,-48.96,-48.64,-48.14,-48.09,-47.91,-47.96,-48.48,-48.56,-47.99,-48.38,-48.35,-48.04,-47.86,-47.70,-48.04,-48.30,-48.33,-47.99,-47.75,-47.65,-47.52,-47.44,-47.78,-47.67,-47.16,-47.21,-47.18,-47.18,-47.16,-46.45,-46.34,-46.19,-46.17,-46.37,-46.29,-45.74,-45.94,-46.24,-46.02,-45.10,-44.36,-44.36,-43.78,-42.19,-40.11,-38.68,-35.52,-31.14,-25.66,-19.34,-12.93,-7.26,-2.84,0.41,3.08,4.83,5.77,6.56,6.67,6.63,6.82,7.15,7.37,7.29,7.38,7.56,7.66,7.62,7.52,7.49,7.42,7.32,7.47,7.30,6.97,6.44,4.92,3.92,2.14,-0.56,-4.39,-10.17,-21.03,-32.29
-43.68,-43.92,-44.26,-44.56,-44.65,-44.58,-44.46,-44.56,-45.10,-45.54,-44.95,-45.69,-45.84,-45.64,-45.47,-44.85,-44.97,-45.62,-45.77,-45.57,-45.57,-46.07,-46.75,-46.47,-46.27,-46.50,-46.39,-46.09,-46.12,-46.50,-46.55,-46.42,-47.26,-46.70,-47.34,-47.49,-47.34,-47.11,-47.65,-48.12,-47.67,-48.25,-47.75,-48.06,-49.20,-48.51,-48.99,-48.70,-48.22,-48.20,-48.41,-48.14,-48.38,-48.93,-48.27,-48.17,-48.01,-48.09,-48.17,-47.99,-48.27,-48.04,-48.30,-48.46,-48.20,-48.41,-48.59,-48.62,-48.38,-48.20,-48.41,-48.64,-48.12,-47.70,-47.96,-47.96,-48.09,-48.43,-47.93,-47.70,-47.65,-47.83,-48.27,-47.88,-47.47,-48.30,-48.12,-47.67,-47.34,-46.83,-47.39,-47.96,-47.75,-47.83,-48.04,-47.65,-47.36,-47.31,-47.80,-48.06,-47.44,-47.31,-47.42,-46.80,-46.67,-46.60,-45.69,-46.09,-45.97,-45.87,-46.07,-45.57,-45.39,-45.29,-45.12,-44.12,-43.16,-42.47,-40.60,-37.25,-33.68,-29.81,-23.84,-17.42,-11.23,-6.04,-1.77,1.27,3.22,4.83,5.78,6.50,6.46,6.83,6.93,6.94,7.04,7.32,7.52,7.46,7.57,7.77,7.87,7.86,7.81,7.74,7.62,7.62,7.83,7.60,7.17,6.79,6.25,5.26,3.63,1.25,-1.64,-5.87,-13.39,-24.71
-43.44,-43.56,-44.22,-44.63,-44.46,-44.53,-44.58,-44.65,-44.83,-45.19,-44.26,-45.17,-45.64,-45.44,-45.64,-46.12,-45.19,-45.10,-45.57,-45.62,-45.37,-45.89,-46.24,-46.17,-46.32,-46.45,-46.29,-46.02,-46.09,-46.62,-47.00,-46.93,-47.18,-46.95,-47.08,-47.36,-47.39,-47.06,-47.24,-47.83,-47.54,-48.38,-47.31,-48.20,-48.35,-48.06,-48.27,-48.06,-48.01,-48.01,-47.93,-47.96,-48.30,-48.56,-48.01,-47.93,-47.80,-48.04,-48.09,-48.06,-48.06,-47.83,-48.17,-48.33,-47.78,-48.33,-48.14,-48.38,-48.17,-48.04,-48.33,-48.56,-48.12,-47.70,-47.83,-47.65,-47.60,-47.78,-47.52,-47.42,-47.29,-47.75,-47.88,-47.29,-47.42,-47.99,-47.75,-47.06,-47.52,-47.06,-47.29,-47.36,-47.29,-47.49,-47.54,-47.39,-47.26,-47.29,-47.39,-47.65,-47.39,-46.83,-47.03,-46.80,-46.72,-45.99,-45.87,-46.19,-45.84,-46.17,-45.05,-44.43,-43.88,-44.12,-43.61,-42.17,-40.31,-37.66,-33.28,-27.45,-21.33,-15.56,-9.89,-4.79,-0.69,1.89,3.79,5.04,5.77,6.31,6.73,6.85,6.92,7.08,7.18,7.32,7.58,7.66,7.56,7.73,7.82,7.89,7.95,7.97,7.97,7.83,7.55,7.71,7.78,7.60,7.38,7.07,6.56,5.66,4.55,2.72,0.25,-2.92,-7.54,-16.70
-43.40,-43.49,-44.24,-44.60,-44.53,-44.60,-44.41,-44.29,-45.07,-45.22,-44.80,-44.90,-45.17,-45.29,-45.44,-45.22,-45.27,-45.10,-45.17,-45.34,-45.37,-45.67,-45.89,-45.87,-46.14,-46.19,-46.17,-46.04,-45.89,-46.19,-46.72,-46.67,-46.37,-46.62,-46.60,-46.60,-47.31,-47.36,-47.00,-47.47,-47.16,-47.75,-46.67,-47.54,-48.20,-47.99,-47.83,-47.99,-47.93,-47.75,-47.44,-47.49,-47.99,-48.01,-47.67,-47.67,-47.78,-47.65,-47.62,-48.17,-47.75,-47.75,-47.96,-47.91,-47.86,-48.27,-47.78,-47.93,-47.96,-48.14,-48.09,-48.01,-47.65,-47.34,-47.54,-47.39,-47.47,-47.31,-46.85,-47.08,-47.08,-47.62,-47.24,-47.03,-47.39,-47.44,-47.75,-46.95,-47.49,-47.29,-47.36,-47.26,-46.93,-47.00,-46.98,-47.08,-47.00,-46.95,-46.88,-47.06,-46.98,-46.62,-46.75,-46.27,-46.22,-46.42,-46.32,-45.34,-45.12,-44.70,-44.05,-43.66,-42.97,-41.54,-39.39,-36.32,-32.27,-26.85,-20.20,-13.31,-7.26,-2.88,0.39,2.58,4.37,5.22,5.89,6.45,6.71,6.85,7.07,7.22,7.22,7.44,7.48,7.36,7.55,7.73,7.69,7.80,8.16,7.98,8.07,8.07,8.02,7.91,7.79,7.78,7.87,7.69,7.45,7.21,6.90,5.95,5.19,3.74,1.92,-0.48,-4.03,-10.13
-43.25,-43.54,-44.29,-44.56,-44.70,-44.73,-44.43,-44.00,-44.31,-44.39,-44.87,-45.49,-45.77,-45.57,-45.54,-45.49,-44.90,-44.53,-44.70,-45.15,-45.37,-45.32,-45.84,-45.72,-45.84,-46.04,-46.17,-46.24,-46.04,-45.79,-46.67,-46.47,-47.11,-46.52,-46.52,-46.80,-47.00,-46.83,-46.72,-47.29,-47.03,-47.86,-47.21,-47.86,-48.09,-47.78,-47.83,-47.91,-47.91,-47.88,-47.75,-47.60,-47.65,-47.80,-47.70,-47.65,-47.88,-47.52,-47.67,-48.27,-47.67,-47.52,-47.80,-47.62,-47.73,-47.91,-47.80,-47.73,-47.78,-47.91,-47.80,-47.60,-47.16,-46.72,-46.88,-47.03,-47.16,-47.29,-46.70,-46.98,-46.88,-47.36,-46.90,-46.83,-47.34,-47.29,-48.04,-47.54,-47.18,-47.16,-47.00,-47.16,-46.70,-46.75,-46.95,-46.80,-46.57,-46.50,-46.55,-46.60,-46.45,-46.45,-46.45,-45.89,-45.29,-45.62,-45.64,-44.68,-43.78,-43.28,-42.50,-41.29,-39.61,-36.78,-32.19,-26.14,-19.02,-11.73,-5.46,-0.81,2.06,3.65,4.84,5.32,6.10,6.26,6.50,6.90,7.18,7.26,7.44,7.48,7.46,7.48,7.36,7.57,7.79,7.90,7.93,8.03,8.40,8.21,8.33,8.19,8.10,8.05,8.00,7.99,8.04,7.77,7.56,7.38,7.10,6.73,6.13,5.15,3.43,1.29,-1.38,-5.54
-43.09,-43.42,-44.09,-44.43,-44.43,-44.43,-44.41,-44.29,-44.97,-44.53,-44.26,-44.90,-45.57,-45.44,-45.87,-45.54,-44.95,-44.73,-44.92,-45.22,-45.32,-45.17,-45.59,-45.49,-45.69,-45.87,-45.82,-45.62,-45.84,-45.89,-46.39,-46.39,-46.72,-46.02,-46.07,-46.45,-46.65,-46.78,-47.13,-47.75,-47.54,-48.06,-47.16,-48.01,-47.96,-47.73,-47.75,-47.75,-47.88,-47.86,-47.75,-47.83,-47.86,-48.12,-47.88,-47.62,-47.62,-47.54,-48.09,-48.20,-47.47,-47.26,-47.86,-47.62,-47.31,-47.18,-47.54,-47.83,-47.73,-47.52,-47.52,-47.39,-47.11,-46.80,-46.62,-46.78,-46.88,-47.21,-47.16,-47.34,-46.80,-47.11,-46.93,-46.85,-47.13,-47.31,-47.60,-47.52,-46.80,-47.13,-46.80,-46.83,-46.45,-46.52,-46.83,-46.60,-46.24,-46.17,-46.32,-46.34,-46.34,-46.42,-46.24,-45.72,-44.87,-44.56,-44.19,-43.09,-42.50,-41.20,-38.35,-34.62,-30.49,-23.91,-16.21,-8.87,-2.90,0.79,2.96,4.61,5.57,5.97,6.16,6.39,6.85,6.84,6.82,7.23,7.61,7.70,7.68,7.57,7.62,7.74,7.55,7.90,8.22,8.37,8.36,8.46,8.75,8.59,8.43,8.24,8.17,8.06,7.96,8.08,8.15,7.93,7.72,7.57,7.46,7.21,6.63,5.85,4.31,2.47,0.30,-2.52
-43.18,-43.30,-43.83,-44.00,-44.05,-44.07,-44.05,-43.80,-44.53,-44.58,-44.22,-44.51,-45.22,-45.19,-45.84,-45.17,-45.10,-45.15,-45.17,-45.07,-45.15,-45.17,-45.27,-45.54,-46.07,-46.07,-45.67,-45.62,-45.74,-45.19,-46.24,-46.12,-46.37,-46.47,-46.50,-46.78,-46.85,-46.78,-47.13,-47.54,-47.18,-47.57,-47.16,-47.78,-47.29,-47.47,-47.52,-47.49,-47.67,-47.65,-47.44,-47.57,-47.93,-48.30,-47.78,-47.54,-47.24,-46.98,-47.49,-47.52,-47.13,-47.60,-47.70,-47.57,-47.60,-47.34,-47.39,-47.47,-47.57,-47.44,-47.24,-47.24,-47.18,-46.83,-46.72,-47.13,-46.98,-47.26,-46.72,-46.85,-47.44,-47.03,-46.34,-46.85,-46.75,-47.08,-46.75,-47.11,-46.24,-46.72,-46.83,-46.50,-46.12,-46.12,-46.47,-46.22,-45.97,-45.67,-45.89,-46.09,-46.09,-45.99,-45.49,-44.95,-44.02,-43.09,-42.03,-39.81,-37.77,-34.48,-28.57,-20.72,-13.06,-6.74,-1.78,1.60,3.84,4.89,5.52,6.26,6.68,6.74,6.71,6.96,7.41,7.47,7.34,7.53,7.76,7.81,7.78,7.76,7.86,8.13,7.82,8.30,8.47,8.41,8.42,8.46,8.42,8.56,8.28,8.33,8.24,8.06,7.93,7.97,8.19,8.12,7.85,7.73,7.65,7.30,7.00,6.44,5.57,4.15,2.20,-0.09
-43.13,-43.30,-44.07,-44.07,-43.92,-43.97,-44.12,-43.97,-44.29,-44.48,-44.46,-44.63,-45.05,-44.97,-45.47,-44.90,-44.95,-44.95,-44.65,-44.73,-44.65,-44.65,-45.44,-46.04,-45.97,-45.49,-45.32,-45.62,-45.57,-45.72,-45.72,-46.34,-46.47,-46.50,-46.60,-46.75,-46.72,-46.45,-46.45,-47.39,-46.78,-46.93,-46.85,-47.29,-47.03,-47.26,-47.29,-47.42,-47.60,-47.49,-47.54,-47.39,-47.54,-47.99,-47.54,-47.60,-47.70,-46.98,-47.21,-46.98,-47.11,-47.65,-47.60,-47.29,-46.98,-47.06,-47.13,-47.06,-47.11,-46.95,-46.83,-47.08,-47.03,-46.70,-46.85,-46.98,-47.24,-47.21,-46.29,-46.50,-46.55,-46.70,-46.52,-46.32,-46.93,-46.57,-46.52,-46.70,-46.24,-46.34,-46.19,-46.29,-45.84,-45.72,-46.24,-45.82,-45.54,-44.97,-45.24,-45.37,-45.12,-44.80,-44.17,-43.37,-41.54,-39.50,-36.89,-31.92,-25.61,-18.62,-11.35,-5.21,-0.71,1.96,4.03,5.53,6.09,6.18,6.31,6.67,7.08,6.89,7.23,7.28,7.56,7.80,7.77,7.66,7.66,7.77,7.91,8.00,8.11,8.45,8.16,8.47,8.39,8.50,8.64,8.60,8.55,8.73,8.51,8.52,8.34,8.22,8.19,8.12,8.08,8.21,7.93,7.85,7.77,7.50,7.33,6.92,6.24,5.18,3.74,1.80
-42.64,-43.02,-43.85,-43.66,-43.42,-43.52,-43.83,-43.54,-43.95,-44.36,-44.36,-44.58,-45.19,-44.78,-44.97,-44.90,-44.78,-44.78,-44.92,-45.07,-44.78,-44.90,-45.19,-45.00,-45.19,-45.54,-45.69,-45.84,-45.32,-45.79,-46.14,-46.09,-45.94,-46.17,-46.29,-46.27,-46.39,-46.42,-46.65,-47.16,-46.60,-46.78,-46.62,-47.03,-47.34,-47.29,-47.11,-47.44,-47.67,-47.26,-47.26,-47.06,-47.21,-47.65,-47.18,-47.13,-46.90,-47.08,-46.45,-46.98,-46.83,-46.42,-47.13,-46.75,-46.75,-46.24,-46.67,-46.90,-46.90,-47.03,-47.03,-46.98,-46.70,-46.45,-46.45,-46.75,-46.70,-46.45,-45.99,-46.65,-46.09,-46.80,-45.99,-46.52,-46.42,-45.39,-46.78,-45.89,-45.74,-45.69,-45.89,-46.24,-45.32,-45.27,-45.49,-45.44,-45.12,-44.56,-44.41,-43.92,-43.42,-42.76,-41.47,-39.21,-35.26,-30.13,-23.50,-16.08,-8.94,-3.80,0.35,3.12,4.71,5.51,6.15,6.61,6.70,6.66,6.74,7.06,7.28,7.26,7.50,7.44,7.44,7.83,7.78,7.91,7.99,7.99,8.12,8.33,8.33,8.68,8.40,8.54,8.42,8.60,8.69,8.71,8.84,8.74,8.52,8.55,8.24,8.17,8.27,8.21,8.13,8.15,7.99,7.98,7.96,7.88,7.57,7.30,6.75,6.03,4.96,3.29
-42.21,-42.59,-43.42,-43.59,-43.42,-43.42,-43.73,-43.47,-43.71,-44.17,-44.26,-44.34,-45.10,-44.70,-44.78,-44.78,-44.70,-44.48,-44.19,-44.51,-44.87,-44.97,-45.12,-44.87,-45.00,-45.12,-44.78,-45.07,-45.87,-45.32,-45.99,-45.99,-45.84,-45.79,-45.92,-46.09,-46.34,-46.62,-46.60,-46.65,-46.29,-46.60,-46.47,-46.85,-47.00,-46.93,-46.90,-47.00,-47.16,-47.13,-46.78,-46.70,-46.88,-47.52,-47.06,-47.54,-47.39,-46.98,-46.60,-46.78,-46.29,-46.29,-47.13,-46.45,-46.75,-46.88,-46.85,-47.00,-46.62,-46.62,-46.65,-46.52,-46.60,-46.24,-46.22,-46.42,-46.72,-46.67,-46.12,-45.72,-45.92,-45.92,-46.07,-45.34,-46.22,-44.92,-46.19,-45.27,-45.59,-45.82,-45.19,-45.34,-45.52,-45.34,-44.85,-44.56,-43.66,-43.23,-42.80,-41.68,-40.17,-38.05,-34.17,-28.24,-21.35,-14.16,-7.28,-1.97,1.85,3.78,4.92,5.92,6.37,6.62,6.90,7.02,7.17,7.06,7.18,7.58,7.57,7.52,7.55,7.78,7.71,8.17,8.17,8.28,8.42,8.37,8.47,8.67,8.60,8.74,8.48,8.66,8.56,8.65,8.66,8.65,8.71,8.64,8.50,8.49,8.22,8.25,8.38,8.30,8.11,7.81,8.11,8.17,8.16,8.10,7.77,7.58,7.25,6.69,5.79,4.47
-42.29,-42.83,-43.25,-43.23,-43.06,-43.04,-43.33,-43.25,-43.56,-43.92,-44.26,-44.46,-44.56,-44.60,-44.97,-44.78,-44.46,-44.19,-43.90,-43.78,-44.39,-44.60,-45.00,-45.32,-45.37,-45.24,-45.00,-44.87,-45.54,-45.10,-45.97,-45.87,-45.62,-45.67,-45.89,-46.17,-46.42,-46.50,-46.09,-46.50,-45.99,-46.39,-46.17,-46.29,-46.47,-46.55,-46.67,-46.83,-46.95,-46.83,-46.60,-46.65,-46.80,-47.03,-46.88,-46.90,-46.14,-46.07,-46.32,-46.32,-46.09,-45.59,-46.42,-46.22,-46.32,-46.34,-46.17,-46.42,-46.02,-45.99,-46.45,-46.32,-46.09,-45.64,-45.79,-45.92,-46.39,-45.97,-45.42,-45.59,-45.62,-45.42,-44.90,-45.62,-45.10,-45.27,-46.02,-45.62,-45.29,-45.69,-45.72,-45.00,-44.41,-44.46,-43.78,-43.02,-41.52,-40.67,-39.75,-36.93,-32.39,-26.59,-19.31,-11.62,-4.97,-0.17,2.77,4.37,5.31,5.86,6.26,6.55,6.89,6.91,7.01,7.40,7.52,7.24,7.46,7.80,7.65,7.70,7.88,8.02,8.16,8.57,8.47,8.42,8.71,8.78,8.76,8.81,8.75,8.64,8.58,8.68,8.73,8.65,8.65,8.64,8.57,8.62,8.48,8.60,8.43,8.31,8.25,8.27,8.23,8.11,8.21,8.24,8.21,8.12,8.02,7.74,7.58,7.09,6.41,5.43
-42.43,-42.68,-43.02,-43.13,-43.04,-42.94,-42.99,-42.99,-43.21,-43.59,-43.95,-44.36,-44.75,-44.48,-44.65,-44.53,-44.29,-44.26,-44.26,-43.85,-44.09,-44.22,-44.48,-44.65,-44.92,-45.22,-45.05,-44.75,-45.12,-45.00,-45.59,-45.49,-45.24,-45.44,-45.64,-45.72,-46.14,-46.04,-46.02,-46.52,-45.89,-46.45,-46.22,-46.27,-46.65,-46.72,-46.75,-47.06,-47.06,-46.47,-46.27,-46.67,-46.57,-47.29,-46.57,-47.24,-46.29,-46.50,-46.42,-46.04,-45.79,-46.34,-46.47,-46.52,-46.34,-46.27,-46.34,-45.84,-45.47,-45.99,-46.19,-46.12,-46.04,-45.67,-46.32,-46.09,-45.92,-45.29,-45.77,-45.97,-45.52,-45.57,-45.22,-45.69,-45.32,-43.83,-46.65,-46.04,-44.68,-44.85,-44.41,-43.83,-43.35,-42.87,-41.91,-40.69,-38.05,-34.68,-30.91,-24.99,-17.17,-9.15,-2.55,1.62,3.97,5.23,5.65,6.07,6.28,6.45,6.69,6.88,7.31,7.17,7.18,7.48,7.63,7.53,7.77,8.07,8.11,8.19,8.38,8.33,8.16,8.43,8.52,8.75,8.72,8.71,8.75,8.76,8.82,8.95,8.76,8.65,8.85,8.69,8.76,8.72,8.62,8.69,8.62,8.69,8.41,8.23,8.28,8.38,8.39,7.93,8.15,8.15,8.10,8.15,8.24,7.91,7.87,7.45,6.99,6.22
-42.36,-42.45,-42.76,-43.16,-43.40,-43.30,-43.30,-43.44,-43.16,-43.18,-43.54,-43.95,-44.48,-44.63,-44.68,-44.70,-44.39,-43.92,-43.97,-43.80,-44.17,-44.24,-44.43,-44.41,-44.56,-45.10,-45.05,-44.68,-45.07,-45.00,-45.12,-45.15,-45.12,-45.29,-45.24,-44.97,-45.49,-45.72,-45.92,-46.09,-45.52,-46.04,-45.92,-46.22,-46.62,-46.60,-46.52,-46.47,-46.14,-46.07,-46.27,-46.07,-45.87,-46.88,-46.50,-46.34,-45.94,-45.59,-45.52,-45.54,-45.87,-46.04,-45.97,-45.59,-45.54,-45.89,-45.97,-45.92,-45.67,-45.49,-45.59,-45.62,-45.59,-45.27,-45.57,-45.54,-45.52,-45.44,-45.52,-45.54,-44.78,-45.94,-44.92,-44.22,-44.24,-44.56,-45.19,-44.17,-43.76,-44.19,-43.88,-43.06,-41.47,-40.60,-38.60,-35.52,-29.07,-20.28,-12.94,-5.67,-0.13,2.80,4.57,5.43,5.81,6.24,6.37,6.59,6.88,7.01,6.93,7.34,7.57,7.36,7.44,7.54,7.74,7.80,8.08,8.40,8.49,8.51,8.62,8.66,8.69,8.86,8.78,8.78,8.94,8.93,9.00,9.10,9.10,9.08,8.96,9.01,8.77,8.77,8.85,8.69,8.51,8.56,8.66,8.64,8.49,8.50,8.49,8.47,8.51,8.48,8.38,8.23,8.06,8.13,8.39,8.07,8.02,7.68,7.37,6.78
-42.17,-42.31,-42.54,-42.78,-42.97,-42.94,-42.97,-43.49,-43.40,-43.44,-43.83,-43.85,-44.12,-43.97,-44.29,-44.48,-44.26,-43.71,-43.40,-43.59,-43.80,-43.88,-44.07,-44.22,-44.41,-44.80,-44.78,-44.36,-44.87,-44.78,-44.90,-45.15,-45.34,-45.37,-45.15,-44.87,-45.12,-45.64,-45.59,-46.27,-45.49,-45.74,-45.62,-45.82,-46.32,-46.34,-46.09,-46.17,-46.19,-46.19,-46.55,-45.74,-45.72,-46.17,-46.62,-46.57,-45.69,-45.44,-45.69,-45.97,-45.87,-45.54,-45.62,-45.67,-45.87,-46.02,-45.62,-45.69,-45.74,-45.52,-45.57,-45.24,-44.90,-44.87,-45.37,-45.07,-45.10,-45.37,-45.07,-44.78,-44.51,-44.83,-44.63,-44.48,-44.36,-44.78,-44.70,-43.40,-42.85,-42.90,-41.36,-39.57,-37.68,-34.54,-28.76,-20.47,-10.03,-1.58,2.43,4.25,5.04,5.54,6.20,6.47,6.41,6.59,7.01,7.21,7.29,7.23,7.34,7.66,7.66,7.49,7.56,7.85,7.97,8.05,8.29,8.54,8.62,8.60,8.60,8.78,8.99,9.13,9.12,9.14,9.25,9.30,9.28,9.09,8.85,8.85,8.94,8.80,8.69,8.69,8.73,8.55,8.33,8.36,8.54,8.54,8.63,8.63,8.59,8.55,8.49,8.59,8.49,8.48,8.38,8.42,8.54,8.37,8.24,7.69,7.44,7.06
-41.89,-42.07,-42.21,-42.12,-42.00,-42.68,-42.68,-43.23,-43.21,-43.35,-44.02,-43.68,-43.66,-43.16,-43.47,-43.61,-43.54,-43.78,-43.33,-43.44,-43.68,-43.61,-43.83,-44.00,-43.92,-44.22,-44.31,-44.26,-44.46,-44.34,-44.83,-45.19,-45.42,-45.22,-44.68,-45.02,-45.37,-45.77,-45.17,-45.32,-45.84,-45.39,-45.44,-45.44,-45.47,-45.62,-45.49,-45.32,-45.84,-45.94,-45.82,-45.47,-45.87,-45.92,-45.64,-46.34,-45.44,-45.74,-45.74,-45.64,-45.24,-44.90,-45.32,-45.39,-45.15,-45.12,-45.02,-45.22,-45.47,-45.49,-45.17,-44.83,-44.80,-44.58,-44.95,-44.43,-44.51,-45.00,-44.65,-44.29,-44.46,-44.56,-43.88,-44.00,-44.00,-43.33,-43.80,-41.33,-41.13,-39.52,-37.53,-33.48,-26.51,-17.29,-7.98,-1.24,2.75,4.85,5.70,6.28,6.30,6.22,6.54,6.88,7.10,7.20,7.33,7.64,7.58,7.41,7.63,7.99,7.89,7.83,7.89,8.17,8.24,8.31,8.49,8.66,8.74,8.72,8.64,8.84,9.10,9.17,9.20,9.00,9.08,9.14,9.23,9.13,8.90,8.86,8.95,8.72,8.50,8.59,8.54,8.40,8.38,8.40,8.38,8.47,8.63,8.52,8.57,8.60,8.54,8.49,8.37,8.40,8.28,8.31,8.43,8.29,8.36,7.82,7.49,7.07
-41.70,-41.87,-42.19,-42.52,-42.68,-42.90,-42.66,-42.43,-42.64,-43.06,-43.28,-43.30,-43.25,-43.06,-43.21,-43.28,-43.21,-43.40,-43.23,-43.28,-43.49,-43.56,-43.76,-43.85,-43.54,-43.73,-44.14,-44.39,-44.26,-44.26,-44.63,-44.95,-44.85,-44.51,-44.39,-44.70,-44.70,-45.12,-44.29,-44.83,-45.29,-45.52,-45.22,-45.49,-45.47,-45.10,-45.54,-46.04,-46.17,-45.89,-45.19,-45.17,-45.44,-45.69,-45.00,-45.64,-45.47,-45.72,-45.44,-45.34,-44.90,-44.34,-45.12,-45.02,-44.65,-44.65,-44.60,-44.85,-44.92,-44.70,-44.48,-44.41,-44.39,-44.09,-44.00,-44.19,-44.34,-44.51,-44.75,-44.53,-44.39,-44.00,-43.28,-43.18,-42.47,-41.89,-41.26,-38.38,-36.38,-31.94,-23.81,-14.36,-5.85,-0.49,2.92,4.72,5.70,6.25,6.55,6.84,6.93,6.99,7.20,7.38,7.34,7.48,7.68,7.63,7.94,7.71,7.88,8.43,8.20,8.25,8.33,8.34,8.45,8.51,8.73,8.84,8.83,8.81,8.87,9.09,9.14,9.08,9.20,9.22,9.15,9.02,9.17,9.05,8.86,8.78,8.37,8.42,8.48,8.30,8.20,8.12,8.17,8.19,8.08,8.36,8.58,8.55,8.67,8.74,8.60,8.37,8.31,8.36,8.30,8.39,8.41,8.19,8.14,7.97,7.73,7.50
-41.77,-41.96,-42.12,-42.14,-42.07,-42.64,-42.03,-42.45,-42.80,-43.04,-43.35,-42.97,-43.09,-43.06,-43.11,-43.23,-43.25,-43.04,-42.83,-42.94,-43.09,-43.47,-43.78,-43.71,-43.40,-43.64,-44.34,-44.05,-44.02,-44.05,-44.09,-44.36,-44.63,-44.24,-43.59,-44.43,-44.43,-44.75,-44.78,-45.12,-44.70,-44.95,-45.10,-45.29,-45.52,-45.29,-45.17,-45.62,-45.54,-45.15,-45.34,-44.85,-45.32,-45.64,-44.97,-45.15,-44.83,-44.95,-44.87,-44.97,-44.60,-44.34,-44.68,-44.68,-44.34,-44.29,-44.26,-44.36,-44.34,-44.09,-44.14,-44.31,-44.14,-43.68,-43.30,-43.78,-44.07,-43.90,-43.85,-43.83,-43.66,-42.36,-41.84,-41.24,-39.97,-38.14,-35.59,-29.54,-21.00,-11.98,-4.56,0.45,3.84,5.11,5.89,6.37,6.65,6.96,7.04,7.24,7.33,7.28,7.26,7.46,7.61,7.56,7.65,7.74,7.91,8.11,8.04,8.60,8.77,8.65,8.49,8.47,8.58,8.56,8.83,9.00,8.93,8.93,9.09,9.21,9.21,9.15,9.13,9.20,9.05,8.88,8.91,8.91,8.83,8.71,8.56,8.21,8.29,8.15,8.29,8.15,8.11,8.05,7.91,8.08,8.38,8.68,8.82,8.81,8.67,8.45,8.45,8.38,8.36,8.41,8.41,8.31,8.10,7.94,7.78,7.55
-41.82,-41.91,-42.07,-42.36,-42.24,-41.91,-42.07,-42.26,-42.57,-42.85,-42.99,-42.73,-43.06,-42.97,-43.06,-43.35,-43.35,-42.83,-42.54,-42.66,-42.85,-43.21,-43.64,-43.68,-43.30,-43.49,-43.85,-43.92,-43.54,-43.78,-44.02,-44.34,-44.78,-44.53,-43.92,-44.29,-44.51,-44.31,-44.19,-44.92,-44.48,-44.73,-44.48,-44.60,-45.29,-45.39,-45.17,-45.52,-45.34,-44.83,-45.05,-45.00,-45.47,-45.62,-44.78,-44.95,-44.31,-44.24,-44.51,-44.70,-44.43,-44.39,-44.39,-44.39,-44.05,-43.90,-44.05,-44.19,-44.14,-43.85,-43.92,-43.97,-44.14,-43.47,-43.21,-42.71,-43.47,-43.11,-43.11,-42.36,-41.54,-40.58,-38.81,-37.15,-33.70,-27.27,-18.33,-9.72,-3.23,1.22,4.11,5.47,6.25,6.21,6.48,6.86,7.34,7.57,7.61,7.73,7.62,7.53,7.50,7.62,7.78,7.83,7.96,8.07,8.24,8.31,8.42,8.54,8.66,8.85,8.67,8.71,8.82,8.68,8.99,9.18,9.11,9.09,9.09,9.04,9.10,9.11,9.06,9.02,8.82,8.81,8.72,8.66,8.62,8.49,8.22,8.20,8.23,8.10,8.08,8.06,8.00,7.86,7.69,7.71,7.93,8.36,8.65,8.74,8.74,8.71,8.46,8.51,8.43,8.41,8.41,8.33,8.17,7.87,7.61,7.52
-41.45,-41.40,-41.63,-41.94,-41.36,-41.87,-41.87,-42.17,-42.52,-42.71,-42.90,-42.61,-42.90,-42.80,-43.02,-43.40,-43.23,-42.68,-42.52,-42.66,-42.80,-42.78,-42.90,-43.42,-43.80,-43.76,-43.80,-43.47,-43.37,-43.28,-43.61,-44.14,-44.36,-44.34,-44.46,-44.02,-43.40,-43.56,-44.34,-44.78,-44.73,-45.05,-44.65,-44.41,-44.68,-44.78,-45.12,-45.29,-45.12,-44.85,-45.17,-44.78,-45.32,-45.15,-44.12,-44.60,-44.22,-43.80,-44.14,-44.48,-44.02,-43.88,-44.00,-44.02,-43.97,-44.09,-44.07,-43.83,-43.66,-43.56,-43.59,-43.35,-43.42,-42.76,-42.54,-41.73,-42.47,-41.87,-41.98,-40.35,-38.40,-36.07,-31.34,-24.31,-15.84,-8.23,-1.85,2.40,4.50,5.52,6.02,6.35,6.62,6.71,6.91,7.22,7.69,7.86,7.60,7.72,7.82,7.77,7.73,7.87,8.03,8.15,8.39,8.45,8.37,8.64,8.40,8.57,8.74,8.78,8.74,8.88,9.15,9.03,9.14,9.18,9.08,9.05,9.02,8.91,8.81,8.72,8.85,8.75,8.57,8.63,8.55,8.46,8.37,8.23,8.05,8.05,7.79,8.07,7.86,7.87,7.83,7.78,7.76,7.63,7.82,8.17,8.42,8.59,8.78,8.83,8.40,8.69,8.46,8.38,8.33,8.23,8.06,7.94,7.60,7.48
-41.29,-41.01,-41.26,-41.87,-41.45,-41.73,-41.91,-42.07,-42.33,-42.64,-42.99,-42.64,-42.83,-42.73,-42.80,-43.09,-42.78,-42.71,-42.50,-42.66,-42.66,-42.50,-42.64,-42.92,-43.04,-42.97,-43.54,-42.97,-43.23,-43.37,-43.68,-44.02,-43.85,-43.61,-43.92,-44.43,-43.80,-43.76,-43.88,-44.53,-44.07,-44.43,-44.53,-44.09,-44.05,-44.17,-44.41,-44.65,-44.34,-44.75,-44.90,-44.26,-44.63,-45.05,-44.31,-44.31,-43.90,-43.49,-43.68,-43.80,-43.52,-43.35,-43.64,-43.76,-43.56,-43.56,-43.66,-43.61,-43.37,-43.13,-43.04,-42.90,-42.59,-41.73,-41.10,-40.44,-40.83,-39.28,-38.44,-35.46,-29.67,-21.73,-13.31,-5.89,-0.08,3.37,5.03,5.93,6.25,6.43,6.44,6.77,6.88,7.23,7.33,7.47,7.70,7.82,7.74,7.95,7.99,7.94,7.97,8.04,8.28,8.52,8.62,8.67,8.67,8.72,8.72,8.87,9.06,8.84,8.80,8.92,8.96,8.96,9.08,9.04,9.00,9.03,8.93,8.76,8.60,8.48,8.43,8.52,8.47,8.43,8.32,8.23,8.16,8.11,8.06,8.05,7.94,8.07,7.88,7.72,7.64,7.57,7.49,7.47,7.24,7.90,8.24,8.47,8.72,8.88,8.73,8.64,8.38,8.31,8.31,8.20,8.05,7.93,7.62,7.55
-40.99,-40.94,-41.15,-41.66,-41.87,-41.47,-41.75,-41.98,-42.12,-42.59,-42.76,-42.71,-42.90,-42.73,-42.52,-42.50,-42.33,-42.43,-42.47,-42.31,-42.40,-42.45,-42.36,-42.59,-42.19,-42.83,-43.04,-42.76,-43.21,-43.44,-43.35,-43.49,-43.68,-43.47,-43.66,-44.46,-44.19,-43.80,-43.90,-44.26,-44.00,-44.00,-43.85,-43.76,-44.22,-44.24,-44.22,-44.70,-44.07,-44.36,-44.00,-43.92,-43.92,-44.78,-44.14,-43.73,-43.37,-43.56,-43.64,-43.30,-43.06,-43.06,-43.42,-43.52,-43.44,-43.30,-43.16,-43.28,-43.16,-42.71,-42.61,-42.26,-41.73,-40.60,-39.39,-38.46,-37.34,-33.30,-28.13,-20.15,-11.68,-4.45,1.00,4.22,5.70,6.16,6.26,6.38,6.70,6.63,6.81,7.21,7.20,7.41,7.71,7.89,7.97,8.14,8.16,8.37,8.47,8.48,8.43,8.45,8.54,8.63,8.73,8.74,8.78,8.93,9.04,9.04,9.24,8.97,8.78,8.68,8.80,8.87,8.83,8.78,8.72,8.65,8.55,8.41,8.49,8.57,8.30,8.36,8.45,8.28,8.13,8.14,8.04,7.94,8.00,8.07,7.89,7.87,7.66,7.69,7.65,7.53,7.45,7.40,7.33,7.64,8.19,8.43,8.51,8.65,8.75,8.68,8.51,8.43,8.33,8.24,8.15,7.94,7.70,7.83
-40.63,-40.74,-40.78,-41.40,-41.47,-41.04,-41.26,-41.54,-41.77,-42.36,-42.33,-42.24,-42.54,-42.54,-42.38,-42.40,-42.24,-42.38,-42.31,-42.21,-42.12,-42.29,-42.61,-42.43,-42.68,-42.59,-42.52,-42.66,-43.09,-43.11,-43.06,-43.33,-43.40,-43.61,-43.49,-43.66,-43.76,-43.95,-44.00,-43.92,-44.02,-44.14,-43.78,-43.68,-44.26,-44.07,-43.95,-44.17,-44.07,-44.00,-43.28,-43.83,-43.76,-44.22,-43.90,-43.66,-43.35,-43.28,-43.52,-43.56,-43.23,-43.13,-43.35,-43.21,-43.16,-43.25,-42.90,-42.71,-42.29,-41.70,-41.52,-40.60,-39.77,-38.49,-36.15,-32.33,-26.00,-17.54,-10.13,-3.28,1.99,4.63,5.79,6.16,6.28,6.59,6.50,6.73,7.02,7.14,7.33,7.50,7.49,7.57,7.85,8.11,8.23,8.47,8.46,8.51,8.62,8.66,8.69,8.77,8.87,8.87,8.76,8.84,8.99,9.01,9.08,9.14,9.36,8.96,8.73,8.92,8.76,8.88,8.82,8.68,8.47,8.50,8.45,8.22,8.37,8.43,8.37,8.17,8.39,8.14,8.12,8.16,8.04,7.90,7.95,8.00,7.86,7.82,7.64,7.80,7.64,7.54,7.55,7.49,7.32,7.57,8.19,8.41,8.63,8.88,8.96,8.86,8.71,8.38,8.17,8.10,8.08,8.10,7.86,8.06
-40.51,-40.60,-40.56,-41.36,-41.06,-40.81,-40.97,-41.06,-41.17,-41.89,-42.10,-41.38,-41.77,-42.07,-42.03,-42.36,-42.12,-41.68,-41.75,-41.82,-41.75,-41.59,-41.59,-41.80,-42.21,-41.91,-42.17,-42.71,-42.80,-42.29,-42.21,-42.68,-42.47,-42.85,-42.64,-42.97,-43.11,-43.37,-43.59,-43.59,-43.59,-43.54,-43.49,-43.66,-43.88,-43.97,-43.59,-43.47,-44.14,-43.44,-43.13,-43.42,-43.23,-43.66,-43.59,-43.47,-43.18,-42.85,-43.09,-43.40,-43.06,-42.80,-42.92,-42.68,-42.26,-42.14,-42.00,-41.68,-41.17,-40.04,-39.04,-37.42,-35.38,-30.93,-24.17,-16.13,-8.15,-1.30,2.74,4.72,6.02,6.18,6.66,6.69,6.78,7.04,6.92,7.32,7.42,7.49,7.65,7.76,7.88,7.87,8.05,8.36,8.60,8.65,8.64,8.69,8.81,8.99,9.04,8.94,9.03,9.13,9.02,9.00,9.19,9.21,9.09,9.09,9.13,9.09,8.90,8.90,8.90,8.60,8.56,8.68,8.60,8.60,8.48,8.22,8.21,8.16,8.37,8.29,8.33,8.14,8.14,8.05,7.98,7.90,7.82,7.86,7.82,7.79,7.61,7.78,7.58,7.47,7.45,7.39,7.54,7.47,8.05,8.41,8.56,8.58,8.59,8.80,8.48,8.36,8.24,8.14,8.10,8.07,8.05,8.05
-40.35,-40.47,-40.69,-41.15,-41.04,-40.99,-41.10,-41.10,-41.13,-41.59,-41.70,-41.10,-41.26,-41.63,-41.75,-41.84,-41.75,-41.36,-41.94,-41.94,-41.29,-40.97,-41.38,-41.59,-41.80,-41.56,-41.96,-42.00,-42.31,-42.26,-42.10,-42.45,-42.36,-42.36,-41.82,-42.92,-42.26,-42.80,-42.92,-43.06,-43.25,-43.35,-43.40,-43.37,-43.23,-43.42,-43.35,-43.37,-44.00,-43.18,-43.13,-42.92,-43.02,-43.28,-42.99,-43.02,-42.80,-42.47,-42.59,-42.68,-42.21,-41.96,-42.17,-42.05,-41.49,-40.99,-40.53,-40.02,-39.21,-37.30,-34.23,-28.81,-22.35,-14.15,-6.19,0.02,3.83,5.50,5.72,6.30,6.75,6.51,6.91,7.32,7.40,7.52,7.37,7.76,7.69,7.74,7.80,8.00,8.33,8.24,8.52,8.72,8.75,8.80,8.86,8.85,8.99,9.06,9.14,9.11,9.06,9.12,9.11,9.11,9.21,9.10,8.97,9.05,9.08,8.77,8.75,8.69,8.23,8.56,8.47,8.47,8.40,8.39,8.37,8.25,8.24,8.17,7.95,8.07,8.12,8.00,8.02,7.90,7.86,7.79,7.71,7.72,7.60,7.61,7.41,7.69,7.62,7.54,7.42,7.31,7.32,7.17,7.77,8.03,8.29,8.49,8.54,8.73,8.36,8.54,8.37,8.28,8.47,8.40,8.36,8.29
-39.99,-40.26,-40.53,-40.67,-40.72,-40.88,-41.10,-41.17,-41.06,-41.17,-41.66,-41.08,-41.38,-41.89,-41.68,-41.24,-41.75,-41.43,-41.22,-41.47,-41.38,-40.99,-41.47,-42.03,-41.40,-41.47,-41.75,-41.80,-41.73,-41.75,-41.82,-42.05,-41.98,-42.14,-42.00,-42.59,-42.36,-42.78,-42.83,-42.87,-43.09,-43.40,-43.47,-43.16,-42.92,-42.83,-43.23,-43.18,-43.33,-43.18,-42.78,-42.43,-42.99,-43.02,-42.66,-42.87,-42.78,-42.14,-42.05,-42.12,-41.66,-41.33,-41.54,-41.38,-40.47,-39.39,-38.31,-36.57,-33.08,-27.80,-20.67,-12.18,-4.59,1.39,4.72,5.87,6.15,6.73,6.44,6.76,6.96,7.08,7.28,7.68,7.60,7.76,7.54,7.89,7.86,8.06,8.02,8.36,8.65,8.55,8.88,8.97,8.87,8.99,9.19,9.13,9.17,9.21,9.25,9.29,9.23,9.11,9.04,9.12,9.23,9.10,8.86,8.76,8.69,8.42,8.46,8.51,8.46,8.28,8.23,8.23,8.12,8.15,8.15,8.12,8.16,8.03,7.87,7.94,8.15,8.11,8.13,7.96,7.87,7.76,7.65,7.61,7.39,7.47,7.39,7.58,7.60,7.48,7.34,7.22,7.20,6.99,7.36,7.73,8.11,8.29,8.30,8.46,8.34,8.27,8.14,8.17,8.34,8.41,8.42,8.25
-39.97,-40.11,-39.97,-40.26,-40.08,-40.53,-40.60,-40.51,-41.06,-40.76,-41.47,-41.29,-41.24,-41.20,-40.97,-41.43,-41.47,-41.08,-41.29,-41.45,-41.22,-41.04,-41.29,-41.43,-41.45,-41.36,-41.63,-42.05,-42.03,-41.80,-41.80,-41.91,-42.05,-42.00,-42.45,-42.64,-42.40,-42.71,-42.59,-42.54,-42.68,-43.02,-43.21,-42.85,-42.68,-42.97,-42.87,-42.68,-42.90,-42.76,-42.43,-42.17,-42.54,-42.64,-42.50,-42.24,-42.40,-42.00,-41.56,-41.29,-40.67,-40.33,-40.44,-39.72,-38.03,-35.46,-31.14,-25.31,-18.30,-10.33,-2.82,2.35,4.72,5.89,6.68,6.54,6.48,6.82,6.94,7.01,7.26,7.42,7.76,7.70,7.58,7.78,7.76,7.98,8.27,8.27,8.38,8.54,8.71,8.69,9.13,9.14,9.20,9.06,9.34,9.31,9.17,9.17,9.19,9.10,9.01,8.90,8.82,8.81,8.81,8.77,8.67,8.63,8.46,8.41,8.11,8.37,7.99,8.11,8.12,8.20,8.12,8.11,8.03,7.93,8.02,7.99,7.82,7.97,8.08,7.81,7.94,7.69,7.66,7.61,7.55,7.57,7.47,7.56,7.44,7.56,7.54,7.36,7.22,7.17,7.22,7.04,7.06,7.46,7.89,8.17,8.33,8.42,8.33,8.13,8.08,8.17,8.37,8.56,8.46,8.20
-39.72,-39.55,-39.81,-40.22,-40.31,-40.56,-40.74,-40.63,-40.40,-40.97,-41.26,-41.10,-41.17,-41.24,-40.92,-41.22,-41.29,-40.97,-40.81,-40.83,-40.92,-40.99,-41.26,-41.38,-41.15,-41.33,-41.75,-41.89,-41.80,-41.63,-41.59,-41.98,-41.94,-41.84,-42.05,-42.31,-41.77,-42.29,-42.50,-42.50,-42.45,-42.47,-42.64,-42.47,-42.36,-42.92,-42.26,-42.38,-42.92,-42.38,-42.33,-42.29,-42.21,-42.26,-42.45,-41.80,-41.75,-41.29,-40.94,-40.35,-39.28,-38.79,-37.99,-35.44,-30.78,-23.98,-15.60,-7.24,-1.11,3.30,5.03,5.85,6.29,6.54,6.96,6.75,7.02,7.17,7.38,7.39,7.57,7.63,7.85,7.91,7.76,8.07,8.08,8.28,8.81,8.55,8.73,8.60,8.80,8.83,9.21,9.21,9.34,9.11,9.30,9.22,9.03,8.95,8.94,8.84,8.68,8.54,8.57,8.59,8.45,8.43,8.54,8.40,8.31,8.33,8.30,8.25,8.17,8.23,8.20,8.10,8.11,8.05,8.00,7.90,7.81,7.97,7.81,7.96,7.96,7.85,7.91,7.70,7.56,7.54,7.58,7.66,7.61,7.62,7.33,7.45,7.42,7.32,7.21,7.12,7.02,6.79,6.91,7.15,7.68,8.10,8.22,8.27,8.05,7.96,8.06,8.21,8.25,8.22,8.28,8.13
-39.70,-39.72,-39.59,-40.67,-40.44,-39.97,-39.84,-40.22,-40.65,-40.99,-41.26,-40.74,-40.74,-41.13,-40.81,-40.99,-41.04,-40.65,-40.72,-40.92,-40.90,-41.04,-41.13,-40.99,-41.40,-41.29,-41.61,-41.73,-41.61,-41.49,-41.45,-41.89,-41.66,-41.47,-41.56,-41.91,-41.49,-42.03,-42.50,-42.66,-42.36,-42.03,-42.07,-42.05,-42.12,-42.50,-42.00,-42.21,-42.57,-42.12,-41.87,-41.75,-41.59,-42.00,-41.87,-41.20,-40.78,-40.29,-39.43,-38.44,-36.72,-34.09,-29.77,-22.97,-14.51,-6.03,0.60,4.32,5.38,6.03,6.28,6.24,6.63,6.96,7.18,7.42,7.41,7.57,7.71,7.57,7.68,7.80,7.99,8.31,8.32,8.52,8.43,8.62,8.86,8.68,8.90,8.84,9.03,8.94,9.13,9.21,9.18,9.08,9.21,8.99,8.93,8.87,8.78,8.66,8.50,8.49,8.49,8.36,8.20,8.22,8.34,8.27,8.22,8.06,8.19,8.12,8.13,8.11,8.00,7.95,8.12,7.97,7.86,7.77,7.64,7.85,7.81,7.82,7.61,7.42,7.88,7.38,7.38,7.38,7.45,7.48,7.23,7.48,7.30,7.21,7.26,7.33,7.25,7.07,6.86,6.62,6.84,6.99,7.49,7.89,8.04,8.12,8.21,8.07,8.17,8.23,8.19,8.15,8.46,8.28
-39.26,-39.72,-39.17,-39.37,-39.75,-39.72,-39.72,-39.95,-40.06,-40.60,-40.58,-40.04,-40.20,-40.83,-40.42,-40.33,-40.63,-40.22,-40.08,-40.31,-40.60,-40.78,-40.72,-40.60,-41.01,-40.97,-41.20,-41.31,-41.33,-41.40,-41.47,-41.40,-41.40,-41.45,-41.20,-41.80,-41.66,-41.91,-42.17,-42.31,-42.03,-41.77,-41.82,-41.45,-41.73,-41.91,-41.59,-41.52,-42.05,-41.56,-41.29,-41.15,-41.13,-41.63,-40.90,-40.02,-39.15,-37.75,-35.63,-32.69,-28.02,-21.25,-12.89,-4.56,1.49,4.48,5.65,6.37,6.51,6.53,6.59,6.76,7.16,7.44,7.65,7.69,7.91,7.74,7.80,7.83,7.98,8.00,8.55,8.68,8.78,8.74,8.76,8.74,8.96,8.95,9.15,9.04,9.17,9.00,9.20,9.18,9.09,8.95,9.02,8.82,8.78,8.60,8.56,8.49,8.40,8.40,8.24,8.14,8.20,8.11,8.13,8.14,8.17,7.97,8.13,7.91,7.94,8.07,7.86,7.90,7.87,7.86,8.02,7.93,7.66,7.66,7.57,7.61,7.72,7.49,7.54,7.49,7.48,7.33,7.37,7.40,7.15,7.60,7.34,7.34,7.45,7.39,7.22,7.09,7.00,6.77,6.79,6.91,7.26,7.74,8.04,8.02,8.41,8.25,8.17,8.15,8.20,8.34,8.50,8.45
-39.52,-39.39,-38.77,-39.39,-39.81,-39.77,-39.72,-39.86,-39.46,-40.11,-40.31,-39.86,-39.93,-40.49,-39.97,-39.77,-40.15,-40.15,-39.95,-39.86,-40.17,-40.60,-40.42,-40.31,-40.92,-40.67,-40.74,-40.94,-41.06,-41.13,-41.15,-41.01,-40.90,-41.33,-40.60,-41.43,-41.49,-41.54,-41.54,-41.82,-41.75,-41.40,-41.59,-41.04,-41.13,-41.08,-40.97,-41.13,-41.36,-40.90,-41.01,-40.29,-40.04,-40.22,-38.99,-37.36,-35.21,-31.47,-25.98,-18.78,-10.16,-2.54,2.46,5.03,5.94,6.50,6.73,6.98,7.07,7.14,7.20,7.38,7.49,7.66,7.82,7.78,7.95,8.16,7.97,8.17,8.45,8.52,8.77,8.80,8.80,8.73,9.00,8.90,9.03,9.24,9.40,9.22,9.19,9.03,9.05,9.06,9.02,8.82,8.76,8.63,8.69,8.46,8.42,8.43,8.29,8.23,8.17,8.11,8.12,8.05,8.05,8.10,8.15,8.06,8.08,7.96,8.06,8.08,7.88,8.02,7.87,7.81,7.88,7.79,7.64,7.62,7.68,7.53,7.52,7.39,7.37,7.65,7.39,7.28,7.45,7.49,7.33,7.48,7.18,7.71,7.44,7.34,7.25,7.09,6.90,6.70,6.73,6.88,7.21,7.66,7.96,8.02,8.38,8.30,8.12,8.05,8.17,8.48,8.46,8.45
-39.12,-39.17,-38.90,-38.90,-39.26,-39.59,-39.88,-40.11,-39.43,-39.75,-39.93,-39.59,-39.63,-40.22,-39.97,-40.11,-40.08,-39.81,-39.39,-39.39,-40.02,-40.17,-40.17,-40.15,-40.74,-40.51,-40.49,-40.67,-40.81,-40.76,-40.51,-40.90,-40.85,-40.90,-40.44,-40.83,-41.06,-41.01,-40.92,-41.15,-41.29,-41.01,-41.13,-40.74,-40.99,-41.08,-40.94,-40.85,-40.88,-40.63,-40.24,-38.92,-37.86,-37.30,-34.84,-30.38,-24.89,-17.11,-8.37,-1.30,3.32,5.40,6.10,6.48,6.58,6.79,6.83,7.12,7.41,7.46,7.41,7.45,7.65,7.83,7.96,8.33,8.40,8.43,8.43,8.55,8.62,8.75,9.00,8.90,8.78,9.06,9.17,9.04,8.96,9.22,9.31,9.06,9.00,8.87,8.93,8.75,8.75,8.58,8.54,8.41,8.55,8.45,8.39,8.37,8.19,8.15,8.19,8.06,7.98,8.03,8.10,8.10,8.15,7.97,8.00,7.89,7.83,7.95,7.76,7.80,7.80,7.66,7.63,7.64,7.63,7.61,7.47,7.52,7.57,7.63,7.39,7.58,7.62,7.48,7.34,7.37,7.48,7.47,7.31,7.44,7.26,7.36,7.24,7.04,6.94,6.71,6.76,6.94,7.22,7.49,7.69,7.87,8.24,8.12,8.08,8.08,8.28,8.68,8.68,8.45
-38.62,-38.57,-38.62,-38.75,-38.97,-39.19,-39.37,-39.48,-39.30,-39.28,-39.46,-39.32,-39.50,-40.15,-39.75,-40.15,-39.93,-39.50,-39.04,-39.10,-39.88,-39.81,-39.97,-40.15,-39.99,-40.02,-40.35,-40.42,-40.38,-40.49,-40.20,-40.53,-41.08,-40.56,-40.20,-40.31,-40.72,-40.97,-40.76,-40.63,-40.76,-40.76,-40.53,-40.85,-40.78,-40.51,-40.51,-39.88,-39.77,-39.52,-38.20,-36.15,-33.42,-29.98,-23.74,-15.26,-6.44,0.34,4.00,5.58,6.15,6.54,6.89,6.94,7.12,7.33,7.29,7.37,7.49,7.53,7.61,7.68,7.79,7.90,8.40,8.59,8.41,8.59,8.71,8.62,8.72,8.75,9.09,9.00,9.13,9.23,9.18,9.08,9.04,9.14,8.93,8.77,8.86,8.67,8.62,8.48,8.55,8.43,8.45,8.34,8.31,8.27,8.16,8.24,8.17,8.05,8.04,7.98,7.97,8.06,8.00,8.05,8.03,7.95,8.05,7.78,7.76,7.89,7.72,7.72,7.79,7.71,7.69,7.57,7.44,7.46,7.44,7.44,7.32,7.53,7.39,7.40,7.56,7.57,7.48,7.45,7.53,7.55,7.24,7.50,7.53,7.45,7.18,7.07,7.10,6.79,6.77,6.78,7.00,7.28,7.44,7.52,8.08,7.90,8.00,8.06,8.29,8.72,8.64,8.54
-38.35,-38.22,-38.66,-38.68,-38.92,-38.99,-38.81,-38.75,-38.95,-38.90,-39.30,-39.23,-39.23,-39.86,-39.26,-39.68,-39.61,-39.37,-39.19,-39.26,-39.57,-39.59,-39.66,-40.02,-39.63,-39.72,-39.95,-40.13,-40.33,-40.38,-39.99,-40.26,-40.47,-39.90,-39.97,-40.83,-40.76,-40.63,-40.38,-40.38,-40.81,-40.72,-40.20,-39.84,-39.32,-38.81,-38.88,-38.29,-37.53,-35.88,-33.16,-28.11,-21.48,-13.34,-4.72,1.34,4.49,5.82,6.43,6.93,7.17,7.12,7.09,7.28,7.65,7.82,7.55,7.64,7.79,7.78,7.93,8.06,8.07,8.24,8.46,8.63,8.65,8.55,8.86,8.78,8.95,8.92,9.17,9.23,9.13,8.97,8.93,8.91,9.03,8.76,8.47,8.57,8.54,8.46,8.42,8.38,8.41,8.29,8.31,8.24,8.23,8.16,8.08,8.14,8.13,8.10,8.03,7.96,8.03,8.04,7.93,7.89,7.90,7.87,8.02,7.66,7.66,7.73,7.68,7.65,7.66,7.63,7.60,7.60,7.61,7.52,7.34,7.47,7.24,7.48,7.65,7.63,7.64,7.40,7.48,7.65,7.50,7.53,7.28,7.48,7.00,7.13,7.06,6.82,6.70,6.83,6.86,6.83,6.74,6.96,7.24,7.42,7.96,7.74,7.85,7.93,8.16,8.54,8.51,8.58
-38.20,-37.92,-38.35,-38.42,-38.64,-38.73,-38.68,-38.66,-38.66,-38.62,-39.04,-39.12,-39.01,-39.32,-39.19,-39.32,-39.52,-39.23,-39.06,-39.17,-39.19,-39.10,-38.95,-39.52,-39.52,-39.84,-39.66,-39.46,-39.75,-39.93,-39.84,-40.06,-40.38,-40.40,-40.13,-40.20,-39.99,-40.06,-40.15,-39.84,-39.77,-40.17,-39.63,-39.06,-38.46,-37.47,-37.19,-35.34,-31.88,-27.11,-20.31,-11.24,-3.23,1.95,4.36,5.36,6.26,6.83,7.06,7.30,7.39,7.49,7.52,7.49,7.65,7.62,7.54,7.74,7.88,8.07,8.23,8.31,8.45,8.49,8.60,8.84,8.75,9.01,9.12,9.05,9.21,8.82,9.11,9.09,8.77,8.85,8.76,8.72,8.67,8.48,8.34,8.33,8.22,8.24,8.24,8.34,8.33,8.21,8.22,8.16,8.08,8.04,8.10,8.02,7.97,8.10,8.06,7.96,7.91,7.83,7.87,7.76,7.87,7.70,7.71,7.55,7.61,7.65,7.68,7.54,7.54,7.62,7.61,7.54,7.57,7.60,7.44,7.52,7.39,7.58,7.55,7.57,7.58,7.48,7.58,7.77,7.79,7.70,7.40,7.42,7.52,7.34,7.12,6.96,6.84,6.69,6.52,6.81,6.56,6.74,7.14,7.40,7.66,7.53,7.69,7.89,8.21,8.54,8.60,8.59
-38.09,-38.07,-37.94,-38.12,-38.22,-38.38,-38.53,-38.75,-38.71,-38.55,-38.66,-38.84,-38.95,-39.15,-39.17,-39.06,-39.32,-39.15,-38.75,-38.68,-38.97,-38.86,-38.77,-39.04,-39.08,-39.57,-39.55,-39.39,-39.57,-39.59,-40.08,-39.99,-39.88,-39.84,-40.04,-39.99,-39.43,-39.35,-39.46,-39.28,-39.08,-39.01,-38.40,-37.19,-36.81,-33.02,-30.99,-26.50,-18.51,-9.25,-1.34,3.10,4.83,5.47,5.95,6.40,6.91,7.37,7.65,7.68,7.65,7.73,7.72,7.77,7.72,7.96,8.13,8.37,8.40,8.52,8.55,8.67,8.54,8.73,8.76,8.84,8.92,9.19,9.15,8.91,8.88,8.84,8.75,8.62,8.62,8.67,8.42,8.31,8.22,8.14,8.06,8.16,8.19,8.08,7.96,8.27,8.23,8.16,8.30,8.16,7.96,7.96,7.96,7.87,7.79,7.88,7.93,7.85,7.80,7.71,7.78,7.72,7.74,7.52,7.46,7.41,7.63,7.63,7.62,7.54,7.62,7.69,7.71,7.63,7.61,7.63,7.55,7.46,7.58,7.57,7.50,7.76,7.54,7.41,7.46,7.49,7.45,7.41,7.22,7.39,7.26,7.13,6.97,6.92,6.88,6.63,6.62,6.68,6.50,6.50,6.83,7.32,7.62,7.39,7.54,7.78,8.14,8.45,8.41,8.66
-38.05,-38.18,-37.75,-38.03,-38.12,-38.18,-38.42,-38.64,-38.66,-38.53,-38.44,-38.44,-38.60,-38.99,-38.66,-38.86,-39.06,-38.95,-38.46,-38.16,-38.81,-38.71,-38.49,-38.77,-38.88,-39.19,-39.26,-39.21,-39.23,-39.10,-39.37,-39.41,-39.19,-39.30,-39.08,-39.50,-39.30,-39.04,-38.77,-38.25,-37.68,-36.83,-35.63,-32.53,-30.09,-24.03,-16.93,-7.45,-0.43,3.23,4.89,5.94,6.51,6.43,6.58,6.84,7.21,7.64,7.78,7.74,7.79,7.93,7.97,7.90,8.13,8.21,8.47,8.57,8.38,8.43,8.64,8.84,8.74,8.87,9.13,9.08,9.04,9.15,9.15,8.66,8.68,8.59,8.60,8.51,8.46,8.40,8.31,8.17,8.33,8.02,7.99,8.03,8.13,8.03,8.07,8.19,8.10,8.05,8.08,7.97,7.96,7.86,7.81,7.88,7.66,7.69,7.74,7.78,7.85,7.66,7.74,7.74,7.69,7.53,7.56,7.24,7.61,7.54,7.53,7.61,7.70,7.62,7.66,7.63,7.56,7.60,7.46,7.49,7.72,7.50,7.44,7.39,7.28,7.34,7.33,7.22,7.22,7.38,7.17,7.44,7.13,7.10,7.00,6.93,6.83,6.63,6.71,6.51,6.36,6.63,6.92,7.08,7.41,7.69,7.55,7.97,8.46,8.56,8.34,8.50
-37.83,-37.49,-37.34,-37.92,-38.09,-38.03,-38.18,-38.49,-37.90,-37.94,-38.14,-38.12,-38.07,-38.42,-38.46,-38.57,-38.57,-38.53,-38.42,-38.27,-38.38,-38.44,-38.09,-38.40,-38.64,-38.73,-38.44,-38.60,-39.23,-38.62,-38.68,-39.04,-39.19,-38.75,-38.68,-38.81,-38.40,-37.88,-37.19,-35.96,-34.45,-32.17,-28.52,-22.53,-14.00,-4.75,1.08,3.69,5.35,5.91,6.33,6.69,6.89,6.89,7.06,7.20,7.39,7.72,7.77,7.77,7.96,8.13,8.31,8.25,8.36,8.57,8.67,8.57,8.71,8.75,8.67,8.91,9.09,8.71,8.93,9.00,8.88,8.67,8.69,8.24,8.46,8.30,8.60,8.43,8.32,8.21,8.23,8.12,8.00,7.90,7.78,7.89,7.97,8.04,7.97,7.97,8.10,8.11,8.13,8.02,7.99,7.86,7.86,7.77,7.64,7.70,7.74,7.77,7.71,7.53,7.69,7.71,7.76,7.65,7.63,7.26,7.68,7.60,7.70,7.68,7.69,7.57,7.60,7.49,7.41,7.44,7.40,7.57,7.55,7.54,7.45,7.22,7.32,7.28,7.24,7.22,7.17,7.26,7.08,7.42,7.24,7.17,7.05,6.92,6.82,6.75,6.56,6.48,6.25,6.47,6.86,7.15,7.36,7.44,7.40,7.80,8.13,8.19,8.23,8.76
-37.47,-37.00,-37.02,-37.62,-37.75,-37.53,-37.42,-37.42,-37.25,-37.77,-38.01,-37.92,-37.86,-38.16,-38.27,-37.90,-38.09,-38.22,-37.99,-37.75,-38.22,-37.83,-37.96,-38.66,-38.38,-38.27,-38.20,-38.64,-39.57,-38.64,-38.38,-38.20,-39.26,-38.31,-37.75,-37.70,-37.19,-35.92,-33.99,-31.03,-26.80,-20.23,-10.36,-2.92,1.96,4.43,5.35,5.70,6.13,6.44,6.78,6.93,7.18,7.22,7.25,7.39,7.72,7.95,7.90,8.10,8.39,8.55,8.59,8.47,8.66,8.84,9.06,8.96,9.20,9.18,9.06,8.80,8.97,8.90,8.75,8.81,8.52,8.73,8.37,8.11,8.23,8.11,8.32,8.23,8.22,7.87,8.34,8.08,8.06,7.98,7.85,7.79,7.85,7.99,7.94,8.02,8.11,7.98,7.99,7.80,7.93,7.68,7.73,7.83,7.66,7.65,7.71,7.73,7.69,7.60,7.66,7.65,7.68,7.63,7.62,7.50,7.80,7.78,7.71,7.68,7.68,7.62,7.61,7.50,7.42,7.39,7.32,7.55,7.48,7.73,7.49,7.37,7.40,7.31,7.21,7.24,7.37,7.47,7.29,7.24,7.22,7.26,7.17,7.04,6.90,6.81,6.81,6.71,6.61,6.56,6.68,6.96,7.22,7.39,7.42,7.70,8.02,8.19,8.23,8.99
-36.95,-36.74,-36.95,-37.49,-37.17,-36.76,-37.15,-36.57,-37.15,-37.45,-37.64,-37.66,-37.58,-37.73,-38.07,-38.01,-37.79,-37.68,-37.64,-37.64,-37.81,-37.88,-37.45,-37.88,-38.12,-37.96,-37.94,-38.18,-38.33,-38.18,-37.86,-37.94,-37.90,-36.76,-36.09,-35.23,-33.06,-29.92,-25.41,-18.13,-9.01,-1.45,3.16,5.08,6.06,6.30,6.60,6.83,6.84,7.05,7.39,7.53,7.63,7.52,7.58,7.80,7.97,8.22,8.30,8.37,8.77,8.88,8.77,8.99,9.10,9.00,9.15,9.00,9.11,9.02,8.94,9.05,8.91,8.78,8.83,8.54,8.49,8.40,8.12,8.06,8.38,8.20,8.42,7.98,8.20,7.95,8.20,7.72,7.68,7.99,7.70,7.74,7.73,7.83,7.89,7.95,7.90,7.82,7.90,7.79,7.70,7.61,7.74,7.85,7.72,7.68,7.71,7.71,7.71,7.71,7.70,7.70,7.81,7.68,7.68,7.62,7.72,7.74,7.54,7.63,7.66,7.66,7.60,7.41,7.37,7.42,7.33,7.44,7.48,7.64,7.41,7.40,7.40,7.40,7.36,7.34,7.44,7.46,7.31,7.44,7.38,7.37,7.26,7.13,7.01,6.97,6.86,6.67,6.53,6.50,6.71,7.05,7.14,7.25,7.26,7.66,7.90,7.88,8.11,8.48
-36.15,-36.45,-36.26,-36.57,-36.83,-37.02,-37.40,-37.40,-36.98,-37.38,-37.47,-37.32,-37.49,-38.01,-37.58,-37.19,-37.40,-37.21,-36.89,-37.10,-37.17,-37.15,-36.81,-38.14,-38.20,-38.07,-37.86,-37.88,-38.51,-37.83,-37.12,-36.26,-36.19,-34.56,-32.04,-29.04,-23.57,-15.78,-7.45,-0.85,3.10,5.17,5.93,6.24,6.67,6.97,6.96,6.96,7.01,7.38,7.54,7.62,7.82,7.96,8.06,8.32,8.49,8.59,8.73,8.87,9.04,8.99,8.88,8.91,9.19,9.20,9.36,9.19,8.90,8.87,8.94,8.88,8.66,8.47,8.51,8.51,8.23,8.19,8.17,7.98,7.90,7.80,8.23,7.89,8.14,7.95,7.76,7.89,7.56,7.83,7.78,7.90,7.74,7.87,7.70,7.95,7.80,7.70,7.69,7.62,7.70,7.63,7.64,7.60,7.58,7.64,7.60,7.55,7.56,7.60,7.66,7.69,7.83,7.56,7.54,7.60,7.56,7.66,7.52,7.61,7.56,7.58,7.46,7.33,7.37,7.40,7.33,7.34,7.45,7.47,7.31,7.36,7.47,7.40,7.40,7.38,7.34,7.42,7.26,7.52,7.39,7.41,7.32,7.14,6.94,6.85,6.60,6.67,6.39,6.32,6.59,6.93,6.97,7.22,7.20,7.49,7.85,7.97,7.90,8.06
-36.51,-36.13,-36.45,-36.93,-36.83,-36.53,-36.70,-36.91,-36.76,-37.10,-37.04,-36.89,-37.25,-37.47,-37.00,-37.55,-37.40,-37.23,-37.12,-36.64,-36.42,-36.87,-38.09,-37.73,-37.00,-36.85,-36.81,-36.57,-36.55,-35.98,-34.95,-33.28,-31.36,-27.60,-21.63,-13.64,-5.76,-0.08,3.23,5.09,5.92,6.23,6.48,6.92,6.90,7.16,7.37,7.48,7.49,7.62,7.71,7.99,8.19,8.19,8.21,8.30,8.46,8.66,8.71,8.71,8.92,9.08,9.12,9.10,8.90,8.91,8.91,8.71,8.62,8.64,8.37,8.38,8.20,7.88,7.87,7.97,7.89,7.82,7.94,7.68,7.93,7.82,8.16,7.76,8.00,7.96,7.85,7.82,7.60,7.57,7.61,7.69,7.68,7.82,7.69,7.66,7.61,7.54,7.65,7.63,7.53,7.42,7.66,7.74,7.61,7.55,7.62,7.65,7.49,7.52,7.71,7.77,7.81,7.66,7.61,7.66,7.46,7.73,7.50,7.47,7.46,7.46,7.45,7.41,7.44,7.45,7.31,7.34,7.39,7.40,7.46,7.38,7.52,7.37,7.44,7.45,7.26,7.45,7.44,7.39,7.31,7.46,7.38,7.13,6.88,6.76,6.73,6.69,6.52,6.46,6.68,6.99,6.97,7.22,7.05,7.47,7.85,7.81,7.65,7.87
-36.32,-36.45,-35.96,-36.07,-36.26,-36.32,-36.36,-36.76,-36.34,-36.47,-36.45,-36.30,-36.34,-36.72,-37.10,-37.04,-36.64,-36.34,-36.36,-36.66,-36.66,-36.40,-36.74,-36.53,-36.13,-35.84,-35.48,-34.82,-33.91,-32.19,-29.79,-25.75,-19.92,-11.85,-4.60,0.45,3.47,4.95,5.85,6.65,6.88,6.97,7.10,6.96,7.31,7.57,7.68,7.56,7.48,7.85,8.17,8.17,8.36,8.39,8.56,8.55,8.62,8.94,8.91,8.95,9.05,8.96,8.88,8.86,8.88,8.80,8.95,8.50,8.52,8.38,8.11,8.06,8.06,7.77,7.86,8.02,7.76,7.95,8.02,7.76,7.74,7.83,7.83,7.82,7.72,7.95,7.62,7.71,7.76,7.60,7.76,7.62,7.63,7.57,7.48,7.70,7.68,7.45,7.50,7.61,7.58,7.56,7.68,7.61,7.64,7.73,7.70,7.60,7.58,7.65,7.71,7.81,7.77,7.58,7.58,7.46,7.44,7.79,7.57,7.46,7.49,7.53,7.54,7.38,7.34,7.44,7.34,7.36,7.37,7.38,7.57,7.46,7.44,7.36,7.49,7.48,7.29,7.34,7.32,7.37,7.30,7.47,7.36,7.17,6.98,6.78,6.88,6.73,6.54,6.52,6.66,6.82,6.86,6.93,6.96,7.25,7.61,7.77,7.62,7.94
-35.75,-35.59,-36.17,-36.24,-35.96,-35.84,-36.15,-36.15,-35.98,-36.17,-36.34,-36.59,-36.95,-36.70,-37.06,-36.83,-36.64,-36.38,-36.17,-36.40,-36.49,-35.80,-36.15,-36.09,-35.32,-34.45,-33.16,-31.18,-28.83,-24.68,-17.97,-9.61,-3.13,1.02,3.37,5.24,6.37,6.61,6.66,7.00,7.18,7.09,7.25,7.33,7.50,7.69,7.78,7.98,7.91,8.00,8.39,8.54,8.60,8.67,8.80,8.90,9.01,9.11,8.95,8.83,8.93,8.92,8.77,8.80,8.62,8.59,8.59,8.37,8.24,8.23,8.02,7.82,7.73,7.73,7.80,7.68,7.62,7.65,7.74,7.60,7.80,7.69,8.02,7.83,7.55,7.60,7.45,7.41,7.50,7.42,7.23,7.54,7.41,7.50,7.52,7.71,7.44,7.37,7.46,7.48,7.50,7.47,7.58,7.63,7.45,7.37,7.38,7.45,7.58,7.61,7.56,7.41,7.50,7.31,7.34,7.50,7.46,7.71,7.50,7.56,7.52,7.50,7.48,7.37,7.33,7.38,7.32,7.38,7.53,7.52,7.49,7.47,7.39,7.45,7.53,7.46,7.32,7.32,7.16,7.53,7.23,7.38,7.34,7.24,7.07,6.81,6.90,6.71,6.50,6.47,6.58,6.73,6.89,6.84,6.94,7.08,7.49,7.91,7.83,7.99
-35.63,-35.63,-35.88,-35.86,-35.92,-35.92,-35.42,-35.50,-35.84,-35.88,-36.03,-35.94,-35.52,-36.17,-36.49,-36.03,-35.92,-35.57,-35.05,-35.34,-35.26,-34.84,-34.54,-33.40,-31.47,-29.15,-26.23,-21.76,-15.32,-8.33,-2.51,1.27,3.91,5.37,6.11,6.62,6.97,7.23,7.38,7.41,7.31,7.29,7.64,7.64,7.81,8.03,8.23,8.19,8.15,8.21,8.42,8.64,8.68,8.73,8.73,8.77,8.99,9.00,8.82,8.80,8.77,8.81,8.66,8.34,8.30,8.33,8.24,7.99,8.03,7.95,8.07,7.97,7.85,7.82,7.96,7.88,7.85,7.95,7.94,7.77,7.70,7.65,7.78,7.70,7.97,7.70,7.58,7.49,7.41,7.57,7.30,7.36,7.49,7.33,7.49,7.69,7.52,7.64,7.74,7.63,7.63,7.72,7.80,7.70,7.48,7.48,7.46,7.41,7.47,7.41,7.37,7.48,7.57,7.53,7.52,7.32,7.30,7.45,7.56,7.41,7.53,7.44,7.41,7.39,7.31,7.37,7.46,7.52,7.62,7.58,7.46,7.42,7.45,7.53,7.49,7.34,7.26,7.38,7.18,7.53,7.16,7.29,7.28,7.17,7.05,6.90,6.96,6.69,6.56,6.53,6.52,6.61,6.90,6.90,7.06,6.98,7.30,7.82,7.69,7.80
-35.40,-35.26,-35.09,-35.38,-35.65,-35.55,-35.17,-34.95,-35.23,-35.50,-35.50,-35.34,-35.23,-35.57,-35.82,-35.55,-35.34,-34.88,-34.33,-34.11,-33.48,-32.57,-31.39,-28.61,-23.79,-17.48,-11.39,-6.32,-1.71,1.75,4.24,5.51,6.16,6.76,7.15,7.24,7.38,7.52,7.70,7.97,8.00,8.04,7.96,8.21,8.41,8.43,8.32,8.43,8.37,8.48,8.59,8.80,8.91,8.95,8.85,8.74,8.75,8.69,8.64,8.59,8.50,8.56,8.37,8.12,8.11,8.12,8.04,8.07,7.95,7.93,7.83,7.70,7.78,7.61,7.94,7.78,7.58,7.53,7.78,7.65,7.72,7.50,7.72,7.45,7.38,7.55,7.49,7.46,7.45,7.42,7.37,7.36,7.42,7.30,7.36,7.58,7.57,7.69,7.82,7.77,7.54,7.53,7.71,7.60,7.46,7.40,7.37,7.47,7.44,7.20,7.29,7.52,7.60,7.49,7.37,7.54,7.25,7.37,7.47,7.50,7.53,7.58,7.57,7.56,7.54,7.55,7.64,7.56,7.62,7.62,7.36,7.54,7.54,7.45,7.29,7.17,7.21,7.30,7.08,7.37,7.23,7.29,7.18,7.08,7.02,6.96,7.05,6.81,6.73,6.66,6.52,6.51,6.94,7.08,7.23,6.96,7.16,7.63,7.49,7.57
-34.80,-34.25,-34.56,-35.01,-35.05,-34.76,-34.62,-34.54,-34.78,-34.84,-34.70,-34.58,-34.56,-34.66,-34.78,-34.80,-34.33,-33.44,-32.63,-32.00,-30.17,-27.38,-23.60,-17.25,-10.03,-4.05,-0.13,2.29,4.30,5.42,6.61,7.02,7.00,7.33,7.58,7.56,7.52,7.69,8.02,8.32,8.39,8.37,8.31,8.33,8.49,8.74,8.64,8.93,8.78,8.67,8.75,8.87,8.94,8.80,8.56,8.43,8.50,8.54,8.36,8.24,8.21,8.12,8.02,8.03,8.02,7.89,7.88,7.93,7.74,7.77,7.74,7.74,7.49,7.73,7.48,7.78,7.78,7.72,7.72,7.65,7.66,7.33,7.56,7.64,7.64,7.70,7.31,7.47,7.49,7.55,7.56,7.33,7.48,7.46,7.46,7.78,7.48,7.65,7.76,7.62,7.58,7.52,7.54,7.56,7.52,7.46,7.42,7.41,7.34,7.29,7.38,7.45,7.55,7.49,7.24,7.61,7.47,7.61,7.72,7.38,7.49,7.68,7.63,7.58,7.61,7.57,7.62,7.70,7.64,7.61,7.45,7.50,7.54,7.42,7.32,7.29,7.30,7.33,7.20,7.56,7.37,7.29,7.18,7.08,6.99,6.92,7.06,6.96,6.84,6.68,6.50,6.53,7.00,7.18,7.18,6.99,7.13,7.53,7.55,7.48
-34.37,-33.81,-34.15,-34.54,-34.58,-34.39,-34.50,-34.01,-34.23,-34.19,-34.27,-34.21,-33.68,-34.15,-33.81,-33.38,-32.47,-30.74,-28.65,-26.73,-22.47,-16.69,-10.33,-4.45,0.48,3.44,4.81,5.61,6.16,6.59,7.16,7.50,7.17,7.54,7.69,7.62,7.87,8.23,8.50,8.65,8.39,8.54,8.74,8.83,8.65,8.67,8.69,8.75,8.51,8.58,8.67,8.68,8.59,8.37,8.30,8.27,8.23,8.25,8.08,8.06,7.99,8.03,8.08,7.83,7.74,7.61,7.81,7.85,7.74,7.55,7.63,7.72,7.55,7.68,7.70,7.26,7.37,7.73,7.32,7.25,7.45,7.25,7.28,7.31,7.12,7.52,7.33,7.33,7.21,7.32,7.29,7.26,7.46,7.72,7.46,7.54,7.56,7.52,7.49,7.53,7.41,7.34,7.38,7.36,7.29,7.26,7.25,7.30,7.36,7.36,7.41,7.47,7.47,7.34,7.47,7.46,7.52,7.65,7.50,7.40,7.63,7.65,7.55,7.49,7.58,7.72,7.60,7.44,7.40,7.50,7.44,7.39,7.39,7.29,7.34,7.36,7.32,7.44,7.36,7.54,7.29,7.17,7.10,7.09,7.07,6.97,6.85,6.92,6.73,6.53,6.44,6.52,6.81,6.92,6.99,6.88,6.97,7.34,7.56,7.52
-33.93,-33.38,-33.60,-33.75,-34.01,-34.31,-34.17,-33.50,-33.62,-33.62,-33.56,-33.26,-32.63,-32.92,-31.43,-30.24,-27.96,-24.54,-20.31,-15.35,-9.68,-3.99,0.22,3.00,5.04,6.18,6.60,6.82,6.90,7.32,7.45,7.53,7.53,7.85,8.19,8.32,8.56,8.80,8.90,9.00,9.02,8.96,9.01,8.96,9.04,8.87,8.90,8.67,8.46,8.48,8.40,8.43,8.42,8.22,8.19,8.14,8.03,8.06,7.95,7.93,7.91,7.86,7.79,7.74,7.56,7.74,7.86,7.72,7.73,7.56,7.60,7.78,7.33,7.58,7.37,7.39,7.44,7.54,7.42,7.57,7.44,7.48,7.73,7.78,7.71,7.50,7.50,7.63,7.41,7.40,7.34,7.46,7.60,7.63,7.56,7.52,7.45,7.54,7.54,7.54,7.50,7.36,7.34,7.41,7.58,7.56,7.34,7.36,7.37,7.25,7.29,7.58,7.83,7.25,7.18,7.64,7.66,7.76,7.54,7.57,7.77,7.58,7.48,7.53,7.66,7.70,7.57,7.68,7.60,7.62,7.56,7.56,7.37,7.33,7.31,7.23,7.33,7.60,7.34,7.65,7.41,7.40,7.41,7.21,6.99,7.07,6.88,6.91,6.78,6.71,6.68,6.74,7.01,6.91,7.02,6.79,6.75,7.13,7.55,7.63
-33.12,-32.81,-33.38,-33.22,-33.26,-33.77,-33.77,-33.22,-32.96,-32.53,-32.08,-31.49,-30.57,-29.56,-26.67,-23.72,-19.15,-13.73,-8.42,-3.52,0.63,3.37,4.96,5.82,6.53,7.07,7.28,7.23,7.23,7.41,7.65,7.72,8.10,8.37,8.68,8.78,8.90,9.08,9.20,9.33,9.31,9.23,9.14,9.17,9.03,8.94,8.93,8.51,8.28,8.21,8.15,8.15,8.04,7.91,7.93,7.98,8.04,7.94,7.79,7.81,7.83,7.87,7.83,7.70,7.53,7.62,7.71,7.47,7.45,7.49,7.37,7.40,7.21,7.47,7.30,7.18,7.28,7.12,7.23,7.39,7.22,7.34,7.44,7.36,7.41,7.23,7.54,7.42,7.37,7.34,7.37,7.28,7.28,7.46,7.57,7.65,7.38,7.52,7.45,7.40,7.44,7.41,7.31,7.30,7.23,7.17,7.26,7.30,7.34,7.54,7.45,7.46,7.55,7.40,7.42,7.50,7.69,7.58,7.50,7.55,7.63,7.50,7.40,7.46,7.46,7.38,7.58,7.81,7.49,7.46,7.52,7.41,7.29,7.20,7.10,7.18,7.36,7.24,7.21,7.38,7.28,7.30,7.33,7.30,7.15,6.89,6.85,6.94,6.84,6.68,6.63,6.76,6.97,6.93,7.12,6.90,6.73,6.96,7.56,7.74
-32.45,-32.45,-32.98,-32.77,-32.59,-32.87,-33.04,-32.45,-31.67,-30.41,-28.98,-27.47,-25.48,-22.77,-17.78,-12.83,-7.52,-2.66,0.97,3.50,5.17,6.08,6.59,6.91,7.22,7.50,7.57,7.45,7.44,7.80,8.05,8.25,8.49,8.71,9.01,8.96,9.00,9.14,9.30,9.53,9.49,9.39,9.13,9.10,8.84,8.74,8.55,8.19,7.77,7.79,7.90,7.82,7.83,7.79,7.77,7.82,7.80,7.78,7.60,7.69,7.88,7.78,7.70,7.56,7.41,7.52,7.61,7.60,7.42,7.56,7.30,7.39,7.17,7.42,7.20,7.46,7.21,7.34,7.40,7.68,7.12,7.33,7.53,7.50,7.38,7.48,7.53,7.30,7.42,7.30,7.32,7.41,7.22,7.33,7.33,7.42,7.38,7.40,7.54,7.61,7.50,7.30,7.12,7.24,7.24,7.26,7.41,7.37,7.42,7.46,7.53,7.48,7.56,7.18,7.50,7.29,7.41,7.58,7.50,7.23,7.29,7.50,7.48,7.41,7.40,7.38,7.53,7.63,7.63,7.45,7.56,7.66,7.29,7.29,7.33,7.36,7.48,7.28,7.40,7.50,7.39,7.52,7.40,7.24,7.13,7.00,6.86,6.90,6.78,6.69,6.54,6.45,6.76,6.89,6.99,6.81,6.79,7.09,7.42,7.60
-31.92,-31.43,-31.14,-30.93,-30.89,-30.89,-30.74,-30.09,-28.70,-26.08,-22.92,-19.61,-16.01,-11.76,-6.40,-1.97,1.57,3.99,5.38,6.22,6.65,7.10,7.33,7.40,7.64,7.87,7.91,7.88,7.87,8.41,8.46,8.68,8.66,8.88,9.14,9.05,9.08,9.22,9.33,9.36,9.21,8.99,8.78,8.74,8.54,8.31,8.13,7.90,7.69,7.73,7.74,7.73,7.79,7.79,7.71,7.63,7.76,7.80,7.61,7.63,7.65,7.70,7.55,7.39,7.44,7.40,7.50,7.46,7.34,7.38,7.26,7.25,7.12,7.29,7.05,7.36,7.36,7.28,7.16,7.49,7.13,7.32,7.30,7.23,7.38,7.36,7.14,7.14,7.13,7.37,7.24,7.23,7.52,7.39,7.46,7.70,7.49,7.40,7.44,7.48,7.60,7.33,7.18,7.42,7.42,7.25,7.22,7.23,7.21,7.28,7.32,7.53,7.47,7.07,7.15,7.23,7.26,7.40,7.36,7.55,7.50,7.46,7.38,7.42,7.53,7.45,7.47,7.56,7.68,7.54,7.55,7.33,7.22,7.37,7.52,7.50,7.41,7.31,7.24,7.39,7.37,7.23,7.24,7.23,7.16,7.17,7.07,7.17,6.73,6.69,6.73,6.54,6.74,6.86,7.01,6.91,6.76,6.84,7.31,7.52
-30.26,-29.17,-27.54,-26.30,-25.78,-25.96,-26.01,-25.11,-22.80,-18.44,-13.65,-9.27,-5.11,-0.97,2.23,4.24,5.54,6.43,6.98,7.25,7.23,7.60,7.70,7.68,7.97,8.21,8.22,8.27,8.31,8.74,8.91,9.00,8.93,9.10,9.14,9.10,9.22,9.27,9.14,9.13,9.00,8.78,8.39,8.32,8.29,8.14,7.98,7.80,7.60,7.54,7.41,7.48,7.70,7.72,7.72,7.73,7.74,7.74,7.49,7.56,7.72,7.70,7.48,7.41,7.24,7.12,7.45,7.46,7.23,7.18,7.18,7.14,7.08,7.28,7.13,7.24,7.48,7.22,7.46,7.53,7.39,7.34,7.28,7.31,7.64,7.26,7.46,7.48,7.24,7.29,7.20,7.24,7.15,7.18,7.41,7.45,7.52,7.42,7.57,7.49,7.46,7.49,7.46,7.41,7.29,7.32,7.37,7.18,7.25,7.34,7.29,7.46,7.58,7.30,7.42,7.18,7.26,7.29,7.49,7.45,7.39,7.32,7.41,7.46,7.45,7.64,7.65,7.69,7.62,7.36,7.61,7.45,7.48,7.40,7.47,7.61,7.60,7.70,7.49,7.41,7.61,7.55,7.29,7.17,7.28,7.36,7.39,7.26,7.08,6.93,6.71,6.52,6.85,6.89,7.07,7.08,6.99,7.00,7.34,7.31
-26.91,-24.40,-20.93,-17.42,-16.38,-17.37,-17.62,-16.55,-13.51,-8.52,-3.57,0.15,2.57,4.63,5.84,6.35,6.78,7.21,7.53,7.69,7.46,7.95,7.95,8.05,8.37,8.57,8.56,8.55,8.60,8.90,9.04,9.05,9.03,9.11,9.08,9.03,9.05,8.99,8.82,8.76,8.65,8.42,8.04,8.12,7.95,8.05,7.74,7.63,7.55,7.55,7.53,7.52,7.64,7.66,7.63,7.66,7.63,7.52,7.42,7.46,7.49,7.49,7.49,7.26,7.28,7.21,7.24,7.23,7.23,7.29,7.13,7.24,7.32,7.41,7.36,7.30,7.29,7.46,7.36,7.33,7.24,7.37,7.50,7.34,7.26,7.26,7.38,7.24,7.23,7.18,7.31,7.41,7.20,7.21,7.47,7.60,7.44,7.56,7.65,7.56,7.62,7.66,7.44,7.30,7.34,7.32,7.32,7.38,7.40,7.32,7.37,7.44,7.32,7.15,7.29,7.20,7.53,7.55,7.44,7.41,7.58,7.61,7.62,7.57,7.45,7.46,7.60,7.66,7.74,7.62,7.58,7.53,7.63,7.62,7.60,7.54,7.39,7.40,7.49,7.83,7.57,7.64,7.45,7.25,7.26,7.09,7.10,7.09,6.79,6.79,6.83,6.66,7.00,7.00,7.02,6.82,6.73,6.92,6.98,7.24
-20.54,-16.56,-11.22,-7.24,-5.68,-6.12,-7.13,-6.50,-2.87,0.43,3.08,4.84,5.72,6.55,6.79,7.10,7.18,7.33,7.63,7.81,8.02,8.36,8.31,8.42,8.73,8.90,8.85,8.81,8.78,8.93,8.90,8.94,8.85,8.74,8.69,8.73,8.69,8.57,8.45,8.30,8.19,8.00,7.61,8.11,7.71,7.69,7.53,7.56,7.44,7.44,7.53,7.53,7.53,7.53,7.48,7.50,7.50,7.38,7.24,7.21,7.40,7.23,7.23,7.22,7.26,7.13,7.25,7.20,7.15,7.33,7.29,7.12,7.22,7.37,7.36,7.16,7.13,7.25,7.41,7.36,7.13,6.96,7.31,7.33,7.15,7.37,7.58,7.41,7.46,7.28,7.37,7.37,7.42,7.24,7.32,7.61,7.37,7.38,7.48,7.49,7.52,7.39,7.18,7.25,7.30,7.18,7.14,7.28,7.36,7.38,7.40,7.34,7.37,7.15,7.36,7.09,7.61,7.53,7.56,7.45,7.45,7.49,7.55,7.47,7.41,7.57,7.48,7.72,7.69,7.64,7.81,7.73,7.62,7.57,7.49,7.44,7.54,7.50,7.39,7.76,7.44,7.56,7.55,7.46,7.38,7.08,7.16,6.98,6.92,6.83,6.73,6.67,6.78,6.86,6.94,6.92,6.83,6.76,6.76,7.12
-10.97,-6.39,-2.38,0.20,1.41,1.55,1.17,1.89,3.68,5.14,6.10,6.60,6.79,7.08,7.45,7.46,7.54,7.64,7.83,8.27,8.52,8.80,8.62,8.63,8.92,9.01,8.95,9.02,8.94,8.93,8.88,8.84,8.58,8.46,8.34,8.36,8.39,8.23,8.00,7.95,7.81,7.74,7.50,7.79,7.48,7.47,7.45,7.47,7.33,7.36,7.46,7.44,7.36,7.39,7.48,7.40,7.29,7.28,7.23,7.29,7.36,7.25,7.39,7.39,7.31,7.20,7.16,7.30,7.17,7.02,7.04,7.15,7.20,7.38,7.25,7.18,7.56,7.25,7.33,7.29,7.26,7.22,7.40,7.37,7.28,7.24,7.16,7.31,7.29,7.36,7.30,7.33,7.53,7.47,7.36,7.60,7.54,7.58,7.64,7.54,7.42,7.37,7.36,7.34,7.17,7.02,7.15,7.28,7.40,7.30,7.32,7.66,7.48,7.36,7.42,7.10,7.47,7.64,7.60,7.48,7.48,7.54,7.60,7.56,7.52,7.60,7.60,7.65,7.61,7.53,7.65,7.72,7.60,7.58,7.56,7.49,7.50,7.45,7.62,7.63,7.48,7.50,7.53,7.36,7.08,7.02,7.28,7.18,6.99,6.96,6.98,6.86,6.81,7.00,6.99,6.96,6.86,6.70,6.63,6.90
-2.36,0.46,2.80,4.05,4.68,5.14,5.54,5.77,6.81,7.12,7.21,7.31,7.37,7.33,7.50,7.80,8.06,8.22,8.34,8.63,8.71,8.91,8.85,8.85,9.00,9.05,9.08,9.10,8.88,8.77,8.73,8.50,8.29,8.25,8.12,7.96,8.02,7.96,7.72,7.77,7.63,7.54,7.46,7.52,7.40,7.42,7.30,7.39,7.23,7.26,7.29,7.31,7.36,7.29,7.28,7.32,7.24,7.21,7.23,7.13,7.24,7.26,7.20,7.16,7.33,7.31,7.33,7.30,7.16,7.07,6.94,7.17,7.08,7.36,7.13,7.12,6.97,7.29,7.14,7.32,7.39,7.23,7.34,7.40,7.56,7.50,7.52,7.58,7.40,7.48,7.41,7.50,7.53,7.40,7.34,7.57,7.45,7.41,7.47,7.46,7.38,7.37,7.53,7.47,7.28,7.31,7.34,7.18,7.21,7.25,7.20,7.38,7.55,7.40,7.48,7.34,7.53,7.54,7.44,7.56,7.58,7.65,7.72,7.72,7.76,7.78,7.80,7.77,7.81,7.64,7.57,7.65,7.57,7.45,7.47,7.52,7.50,7.68,7.44,7.62,7.54,7.65,7.60,7.44,7.38,7.30,7.33,7.28,7.21,7.20,7.16,6.98,6.81,7.00,7.06,6.99,6.86,6.74,6.76,6.77
2.71,4.10,5.12,5.75,5.99,6.23,6.93,7.00,7.20,7.50,7.56,7.55,7.78,7.78,7.95,8.17,8.46,8.66,8.80,8.96,8.87,8.82,8.94,9.02,8.94,8.92,8.92,8.73,8.33,8.40,8.36,8.04,8.03,7.96,7.83,7.69,7.72,7.69,7.54,7.57,7.48,7.31,7.28,7.24,7.16,7.30,7.28,7.32,7.16,7.28,7.42,7.31,7.25,7.38,7.28,7.18,7.25,7.28,7.26,7.14,7.28,7.25,7.20,7.31,7.13,7.15,7.23,7.26,7.22,6.93,7.02,7.23,6.88,7.38,7.23,7.26,7.21,7.40,7.30,7.45,7.37,7.33,7.40,7.47,7.68,7.47,7.47,7.26,7.36,7.57,7.34,7.38,7.29,7.48,7.54,7.61,7.57,7.45,7.61,7.56,7.48,7.55,7.46,7.40,7.36,7.31,7.39,7.34,7.30,7.45,7.60,7.66,7.60,7.29,7.41,7.37,7.46,7.78,7.58,7.68,7.52,7.58,7.76,7.72,7.69,7.58,7.64,7.69,7.78,7.61,7.60,7.72,7.70,7.48,7.40,7.49,7.42,7.71,7.41,7.60,7.63,7.66,7.53,7.34,7.38,7.40,7.24,7.23,7.07,7.08,7.16,7.00,6.76,6.97,7.02,7.01,6.91,6.70,6.71,6.71
5.19,5.75,6.14,6.36,6.61,6.93,7.23,7.63,7.89,8.00,8.00,8.05,8.19,8.22,8.28,8.73,9.00,8.95,8.85,8.97,8.97,9.06,8.97,8.77,8.62,8.49,8.42,8.24,7.90,8.05,7.99,7.82,7.60,7.73,7.63,7.49,7.47,7.38,7.30,7.31,7.25,7.17,7.05,7.12,7.04,7.15,7.25,7.24,7.12,7.22,7.34,7.21,7.10,7.24,7.23,7.10,7.12,7.20,7.32,7.29,7.21,7.16,7.12,7.07,7.15,7.20,7.25,7.31,7.20,7.25,7.17,7.30,6.93,7.32,7.28,7.37,7.00,7.48,7.41,7.17,7.47,7.39,7.41,7.33,7.49,7.45,7.55,7.54,7.34,7.39,7.18,7.14,7.33,7.29,7.44,7.71,7.46,7.44,7.39,7.28,7.38,7.44,7.47,7.42,7.39,7.41,7.41,7.44,7.50,7.55,7.70,7.60,7.50,7.61,7.39,7.42,7.49,7.72,7.58,7.53,7.57,7.56,7.50,7.56,7.62,7.44,7.66,7.56,7.83,7.62,7.66,7.57,7.53,7.46,7.39,7.41,7.45,7.58,7.48,7.66,7.50,7.55,7.48,7.32,7.28,7.26,7.24,7.18,7.10,7.12,7.14,6.94,6.79,6.90,7.06,7.08,6.97,6.85,6.75,6.60
6.29,6.81,7.04,7.06,7.16,7.40,7.68,8.04,8.27,8.45,8.50,8.48,8.50,8.86,8.76,8.92,8.96,8.91,8.81,8.76,8.82,8.76,8.47,8.54,8.36,8.16,8.00,7.80,7.80,7.96,7.60,7.74,7.40,7.50,7.40,7.22,7.15,7.17,7.21,7.12,7.09,7.02,6.81,7.14,7.08,7.07,7.13,7.12,7.01,7.04,7.18,7.17,7.22,7.24,7.18,7.16,7.10,7.16,7.24,7.10,7.22,7.29,7.20,7.12,7.14,7.06,7.32,7.33,7.32,7.40,7.30,7.25,7.12,7.28,7.29,7.28,7.16,7.41,7.62,7.46,7.49,7.48,7.48,7.40,7.46,7.40,7.49,7.45,7.44,7.47,7.48,7.32,7.52,7.40,7.32,7.47,7.42,7.41,7.53,7.57,7.60,7.63,7.53,7.45,7.44,7.48,7.61,7.48,7.53,7.44,7.62,7.68,7.45,7.47,7.48,7.61,7.50,7.66,7.61,7.64,7.54,7.54,7.52,7.52,7.64,7.37,7.52,7.50,7.70,7.45,7.52,7.58,7.55,7.52,7.54,7.60,7.52,7.47,7.49,7.78,7.55,7.62,7.56,7.28,7.24,7.41,7.32,7.21,7.15,7.17,7.17,7.00,6.88,7.00,7.17,7.12,6.93,6.99,6.76,6.55
6.74,7.62,7.66,7.53,7.56,7.77,8.03,8.40,8.47,8.75,8.83,8.78,8.90,8.95,8.76,9.01,9.10,8.97,8.86,8.94,8.63,8.20,8.13,8.15,8.12,7.91,7.70,7.60,7.62,7.64,7.40,7.46,7.28,7.37,7.30,7.07,6.99,7.10,7.10,6.92,6.96,6.94,6.74,6.96,7.01,6.88,6.98,7.20,7.04,7.08,7.13,7.08,7.18,7.21,7.17,7.12,7.07,7.25,7.22,7.01,7.24,7.24,7.32,7.18,7.16,7.12,7.52,7.41,7.40,7.28,7.29,7.30,7.20,7.45,7.40,7.29,7.18,7.41,7.52,7.45,7.15,7.32,7.46,7.34,7.50,7.41,7.66,7.53,7.39,7.26,7.34,7.45,7.53,7.44,7.44,7.41,7.34,7.40,7.47,7.46,7.45,7.42,7.40,7.41,7.44,7.47,7.45,7.50,7.57,7.33,7.52,7.53,7.47,7.44,7.44,7.45,7.44,7.57,7.53,7.69,7.63,7.57,7.60,7.53,7.49,7.33,7.56,7.49,7.70,7.61,7.53,7.42,7.39,7.39,7.47,7.62,7.52,7.44,7.55,7.72,7.63,7.70,7.60,7.31,7.32,7.52,7.34,7.26,7.21,7.15,7.08,7.05,6.84,7.06,7.21,7.12,6.94,7.06,6.77,6.69
7.16,7.82,7.85,7.91,8.19,8.43,8.56,8.81,8.78,8.97,9.01,8.94,9.01,9.03,8.88,8.94,8.81,8.56,8.40,8.40,8.17,7.95,7.82,7.65,7.69,7.55,7.37,7.33,7.32,7.47,7.44,7.15,7.09,7.13,7.07,7.02,6.94,6.99,6.94,6.71,6.81,6.90,6.82,6.94,6.92,6.79,6.97,7.28,7.12,7.12,7.05,7.02,7.01,7.01,7.07,7.00,6.98,7.25,7.23,7.00,7.10,7.20,7.40,7.22,7.10,7.21,7.44,7.25,7.25,7.16,7.17,7.38,7.31,7.47,7.33,7.37,6.99,7.28,7.33,7.21,7.32,7.38,7.37,7.40,7.49,7.28,7.49,7.57,7.53,7.36,7.50,7.58,7.47,7.37,7.44,7.46,7.34,7.40,7.33,7.30,7.45,7.50,7.46,7.41,7.37,7.39,7.38,7.42,7.46,7.32,7.41,7.44,7.47,7.42,7.37,7.34,7.40,7.46,7.37,7.54,7.63,7.55,7.39,7.33,7.50,7.32,7.45,7.60,7.71,7.52,7.52,7.40,7.36,7.38,7.41,7.49,7.45,7.47,7.49,7.65,7.72,7.73,7.54,7.28,7.39,7.44,7.36,7.24,7.21,7.17,7.07,7.01,6.78,6.98,7.13,7.09,7.00,7.09,6.81,6.75
7.44,8.02,8.28,8.48,8.71,8.86,8.94,8.94,9.04,9.03,8.99,8.87,8.63,8.37,8.40,8.40,8.23,8.02,7.90,7.88,7.65,7.70,7.57,7.36,7.32,7.33,7.26,7.23,7.26,6.93,7.12,6.99,7.01,7.06,7.08,7.00,6.93,6.93,6.89,6.74,6.68,6.59,6.75,7.01,6.81,6.91,7.07,7.20,7.06,7.06,7.01,6.99,6.86,6.73,6.84,7.01,7.09,7.20,7.20,7.09,7.18,7.25,7.36,7.29,7.16,7.32,7.42,7.25,7.28,7.29,7.13,7.23,7.22,7.45,7.25,7.39,7.26,7.10,7.38,7.15,7.37,7.45,7.52,7.45,7.26,7.33,7.41,7.42,7.41,7.39,7.53,7.62,7.53,7.38,7.47,7.58,7.45,7.39,7.48,7.44,7.50,7.48,7.45,7.57,7.55,7.55,7.47,7.45,7.33,7.24,7.39,7.49,7.53,7.55,7.44,7.36,7.26,7.44,7.53,7.58,7.58,7.50,7.41,7.41,7.40,7.37,7.48,7.54,7.62,7.50,7.57,7.45,7.47,7.53,7.47,7.56,7.66,7.52,7.60,7.65,7.66,7.64,7.52,7.38,7.48,7.39,7.45,7.29,7.15,7.16,7.23,7.01,6.89,7.07,7.13,7.08,6.99,6.83,6.56,6.47
7.50,8.39,8.76,8.86,8.95,9.04,9.05,8.99,9.13,8.92,8.75,8.57,8.34,8.19,7.94,8.10,7.96,7.74,7.61,7.58,7.42,7.37,7.44,7.31,7.16,7.28,7.31,7.21,7.17,6.93,6.96,6.94,6.92,7.00,6.91,6.89,6.89,6.85,6.78,6.73,6.69,6.69,6.67,6.91,6.75,6.91,6.97,7.16,6.89,7.02,6.91,6.86,6.79,6.68,6.86,7.15,7.18,7.20,7.24,7.14,7.31,7.41,7.41,7.28,7.33,7.32,7.32,7.23,7.25,7.26,7.14,7.25,7.20,7.37,7.32,7.46,7.23,7.26,7.46,7.25,7.61,7.34,7.41,7.39,7.32,7.45,7.44,7.55,7.46,7.56,7.58,7.56,7.60,7.57,7.46,7.42,7.45,7.50,7.54,7.41,7.42,7.47,7.44,7.44,7.36,7.45,7.41,7.40,7.34,7.20,7.44,7.53,7.57,7.34,7.38,7.41,7.25,7.44,7.42,7.52,7.62,7.62,7.57,7.48,7.39,7.30,7.45,7.53,7.53,7.61,7.57,7.42,7.50,7.58,7.48,7.57,7.79,7.60,7.56,7.60,7.55,7.53,7.52,7.50,7.52,7.41,7.50,7.40,7.24,7.15,7.10,7.04,6.98,7.07,7.18,7.12,6.93,7.07,6.74,6.52
7.56,8.31,8.64,8.86,9.02,9.05,9.00,8.90,8.87,8.62,8.31,8.11,8.00,7.86,7.66,7.69,7.55,7.33,7.29,7.50,7.48,7.26,7.23,7.34,7.41,7.36,7.16,6.97,6.88,6.81,6.79,6.78,6.62,6.82,6.86,6.77,6.86,6.81,6.70,6.79,6.70,6.65,6.78,6.82,6.71,6.79,6.79,7.01,6.66,6.86,6.89,6.88,6.86,6.91,7.10,7.22,7.20,7.23,7.25,7.23,7.37,7.48,7.37,7.29,7.25,7.29,7.42,7.17,7.25,7.25,7.26,7.28,7.15,7.17,7.28,7.54,7.24,7.28,7.47,7.48,7.56,7.32,7.54,7.57,7.47,7.41,7.50,7.63,7.54,7.71,7.64,7.52,7.56,7.47,7.57,7.72,7.56,7.47,7.56,7.42,7.42,7.53,7.46,7.47,7.33,7.26,7.33,7.42,7.41,7.30,7.42,7.63,7.66,7.34,7.33,7.52,7.37,7.55,7.50,7.42,7.47,7.55,7.65,7.65,7.41,7.29,7.44,7.71,7.58,7.64,7.65,7.55,7.61,7.66,7.52,7.55,7.62,7.62,7.40,7.54,7.55,7.54,7.47,7.30,7.44,7.39,7.40,7.26,7.22,7.25,7.14,7.17,6.83,7.01,7.15,7.12,7.12,7.05,6.59,6.59
7.15,7.82,8.16,8.59,8.83,8.81,8.63,8.43,8.29,8.07,7.85,7.68,7.60,7.56,7.36,7.17,7.24,7.16,7.14,7.29,7.15,7.18,7.34,7.15,7.10,7.07,6.92,6.81,6.90,6.89,6.53,6.88,6.88,6.88,6.92,6.74,6.82,6.91,6.81,6.67,6.56,6.60,6.67,6.84,6.82,6.73,6.83,6.85,6.65,6.89,6.99,7.02,7.04,7.00,7.13,7.22,7.29,7.28,7.17,7.34,7.41,7.48,7.37,7.33,7.16,7.28,7.25,7.09,7.22,7.21,7.25,7.32,7.29,7.33,7.42,7.56,7.33,7.18,7.45,7.65,7.50,7.33,7.57,7.49,7.58,7.41,7.50,7.69,7.63,7.62,7.53,7.47,7.48,7.47,7.54,7.56,7.42,7.41,7.55,7.44,7.38,7.56,7.66,7.66,7.44,7.29,7.25,7.32,7.44,7.38,7.32,7.52,7.66,7.36,7.50,7.47,7.48,7.58,7.60,7.54,7.54,7.61,7.71,7.69,7.45,7.33,7.60,7.69,7.66,7.73,7.74,7.74,7.77,7.79,7.71,7.63,7.60,7.55,7.45,7.58,7.49,7.48,7.52,7.39,7.61,7.33,7.37,7.31,7.23,7.26,7.32,7.16,6.82,6.96,7.04,6.94,6.96,6.96,6.88,6.91
6.88,7.29,7.60,8.08,8.46,8.34,7.90,7.81,7.71,7.56,7.46,7.33,7.25,7.28,7.04,7.01,7.15,7.13,7.08,7.10,7.00,7.23,7.24,7.20,7.15,7.12,6.99,6.85,6.84,6.89,6.88,6.52,6.73,6.99,6.85,6.90,6.90,6.85,6.81,6.74,6.69,6.65,6.54,6.74,6.81,6.96,6.88,6.82,6.75,7.02,7.05,7.13,7.23,7.08,7.05,7.20,7.26,7.23,7.13,7.28,7.37,7.30,7.32,7.23,7.14,7.02,7.17,7.05,7.21,7.18,7.24,7.44,7.47,7.47,7.56,7.57,7.42,7.28,7.44,7.53,7.53,7.52,7.64,7.55,7.58,7.46,7.46,7.54,7.54,7.49,7.62,7.63,7.48,7.31,7.45,7.58,7.56,7.54,7.58,7.47,7.39,7.49,7.61,7.73,7.53,7.36,7.32,7.39,7.48,7.42,7.47,7.45,7.69,7.31,7.50,7.45,7.60,7.69,7.71,7.70,7.73,7.78,7.76,7.64,7.49,7.36,7.65,7.55,7.73,7.85,7.79,7.78,7.76,7.71,7.74,7.76,7.57,7.54,7.32,7.55,7.54,7.55,7.63,7.45,7.55,7.25,7.32,7.41,7.44,7.34,7.24,7.39,7.04,7.02,7.18,7.15,6.84,6.91,6.92,6.94
6.70,7.18,7.28,7.73,7.81,7.61,7.40,7.41,7.41,7.36,7.25,7.15,7.05,6.99,6.85,6.92,6.98,7.01,7.02,7.00,6.89,7.10,7.13,7.04,6.86,6.85,6.85,6.76,6.73,6.89,6.74,6.74,6.71,6.85,6.76,6.81,6.69,6.67,6.73,6.66,6.58,6.63,6.66,6.97,6.60,6.82,6.81,6.88,6.77,7.16,7.09,7.13,7.17,7.07,7.08,7.13,7.12,7.08,7.04,7.18,7.25,7.22,7.28,7.16,7.10,6.88,7.20,7.04,7.08,7.13,7.16,7.44,7.26,7.40,7.58,7.58,7.55,7.39,7.54,7.41,7.46,7.48,7.49,7.60,7.53,7.56,7.45,7.40,7.42,7.38,7.40,7.44,7.41,7.29,7.34,7.55,7.53,7.42,7.44,7.41,7.45,7.50,7.52,7.61,7.47,7.38,7.45,7.45,7.45,7.38,7.50,7.53,7.73,7.56,7.55,7.49,7.56,7.68,7.76,7.71,7.69,7.74,7.71,7.66,7.66,7.57,7.52,7.49,7.72,7.78,7.81,7.66,7.55,7.54,7.55,7.85,7.48,7.64,7.50,7.63,7.61,7.58,7.65,7.45,7.54,7.38,7.26,7.18,7.12,7.13,7.26,7.33,7.12,7.13,7.14,7.09,7.29,6.92,6.84,6.90
6.31,6.59,6.93,7.33,7.28,6.98,6.90,7.29,7.06,7.12,7.18,7.08,6.93,6.84,6.67,6.67,6.75,6.75,6.77,6.83,6.76,6.93,6.96,6.79,6.79,6.68,6.78,6.83,6.73,6.85,6.69,6.90,6.74,6.65,6.68,6.81,6.77,6.82,6.83,6.70,6.66,6.68,6.56,6.63,6.65,6.73,6.98,6.96,6.78,6.97,6.99,7.09,7.08,6.92,6.97,7.05,7.12,7.08,6.97,7.13,7.20,7.30,7.25,7.05,7.04,6.94,7.21,7.02,7.15,7.23,7.18,7.37,7.34,7.36,7.53,7.40,7.42,7.39,7.36,7.31,7.23,7.25,7.37,7.52,7.47,7.42,7.37,7.31,7.37,7.38,7.38,7.45,7.54,7.45,7.29,7.44,7.47,7.44,7.48,7.53,7.56,7.54,7.49,7.60,7.44,7.33,7.37,7.40,7.50,7.46,7.50,7.50,7.58,7.56,7.55,7.49,7.53,7.61,7.77,7.70,7.55,7.64,7.66,7.60,7.69,7.88,7.53,7.52,7.63,7.70,7.74,7.57,7.46,7.57,7.48,7.65,7.24,7.73,7.58,7.60,7.66,7.65,7.52,7.17,7.37,7.22,7.16,7.28,7.39,7.33,7.22,7.26,7.37,7.23,7.10,7.17,7.22,6.96,6.84,6.96
6.40,6.60,6.94,6.89,6.82,6.67,6.59,6.65,6.53,6.60,6.83,6.86,6.73,6.60,6.41,6.69,6.62,6.50,6.53,6.65,6.62,6.81,6.71,6.67,6.77,6.76,6.76,6.70,6.60,6.50,6.55,6.82,6.56,6.74,6.73,6.76,6.78,6.88,6.85,6.60,6.50,6.74,6.67,6.90,6.66,7.02,7.02,7.00,6.73,6.84,7.08,7.18,7.14,6.85,6.85,6.97,7.08,7.20,7.09,7.07,7.15,7.28,7.26,7.13,7.12,7.14,7.22,7.13,7.28,7.39,7.32,7.42,7.38,7.41,7.57,7.30,7.32,7.36,7.40,7.37,7.38,7.28,7.41,7.47,7.40,7.31,7.40,7.50,7.42,7.37,7.31,7.38,7.48,7.52,7.44,7.47,7.44,7.42,7.53,7.61,7.60,7.52,7.62,7.63,7.49,7.40,7.44,7.40,7.47,7.45,7.45,7.52,7.55,7.36,7.48,7.54,7.60,7.65,7.80,7.81,7.61,7.61,7.69,7.55,7.42,7.80,7.65,7.86,7.80,7.73,7.66,7.53,7.49,7.65,7.65,7.70,7.55,7.49,7.53,7.66,7.83,7.91,7.79,7.36,7.50,7.17,7.21,7.30,7.29,7.29,7.29,7.22,7.26,7.17,7.02,7.05,7.14,7.04,6.88,6.92
6.33,6.53,6.68,6.68,6.67,6.56,6.48,6.52,6.31,6.59,6.69,6.56,6.52,6.60,6.44,6.84,6.60,6.48,6.56,6.61,6.61,6.85,6.65,6.74,6.76,6.70,6.65,6.61,6.54,6.48,6.59,6.77,6.62,6.78,6.85,6.71,6.73,6.81,6.88,6.85,6.85,6.84,6.66,6.99,6.70,7.10,6.97,7.01,6.66,6.96,7.01,7.04,6.97,6.88,7.04,7.10,7.07,7.18,7.14,7.07,7.18,7.31,7.34,7.33,7.24,7.26,7.28,7.37,7.38,7.49,7.33,7.42,7.28,7.48,7.57,7.34,7.28,7.37,7.52,7.29,7.49,7.56,7.60,7.49,7.57,7.39,7.50,7.48,7.42,7.37,7.48,7.36,7.36,7.48,7.48,7.52,7.46,7.50,7.60,7.54,7.57,7.48,7.61,7.65,7.52,7.55,7.58,7.54,7.52,7.48,7.40,7.60,7.68,7.50,7.57,7.57,7.58,7.64,7.69,7.78,7.77,7.58,7.70,7.62,7.54,7.55,7.60,7.81,7.77,7.57,7.58,7.63,7.61,7.60,7.52,7.65,7.57,7.55,7.64,7.63,7.61,7.56,7.49,7.52,7.48,7.29,7.28,7.39,7.38,7.24,7.18,7.16,7.12,7.16,7.17,7.10,7.13,7.20,6.96,6.86
6.35,6.32,6.48,6.47,6.54,6.40,6.37,6.60,6.52,6.41,6.45,6.47,6.63,6.77,6.46,6.70,6.48,6.56,6.76,6.83,6.75,6.90,6.73,6.84,6.88,6.63,6.62,6.70,6.68,6.71,6.85,6.77,6.73,6.88,6.81,6.82,6.91,7.09,7.08,6.92,6.88,6.91,6.96,7.06,6.99,7.15,6.97,6.99,6.89,7.04,7.05,7.02,6.98,6.94,7.06,7.18,7.25,7.22,7.20,7.28,7.31,7.30,7.24,7.25,7.17,7.21,7.44,7.50,7.44,7.50,7.20,7.40,7.37,7.50,7.42,7.42,7.32,7.49,7.50,7.30,7.49,7.69,7.60,7.58,7.65,7.58,7.54,7.49,7.55,7.53,7.56,7.46,7.39,7.46,7.52,7.58,7.56,7.57,7.61,7.50,7.52,7.50,7.53,7.72,7.60,7.55,7.49,7.68,7.64,7.68,7.50,7.65,7.79,7.66,7.61,7.50,7.52,7.60,7.61,7.64,7.74,7.69,7.76,7.76,7.52,7.68,7.74,7.85,7.89,7.72,7.64,7.71,7.62,7.53,7.42,7.61,7.69,7.57,7.58,7.74,7.79,7.76,7.91,7.70,7.54,7.36,7.44,7.60,7.64,7.57,7.38,7.14,7.16,7.21,7.22,7.24,7.21,7.26,7.04,6.93
6.25,6.31,6.46,6.54,6.54,6.44,6.46,6.55,6.30,6.26,6.29,6.41,6.50,6.48,6.58,7.20,6.61,6.58,6.94,7.05,6.76,6.77,6.77,6.79,6.97,6.75,6.70,6.69,6.69,6.82,6.93,6.78,6.68,6.88,6.90,6.96,7.00,6.90,6.90,6.90,6.86,6.90,6.86,7.04,6.91,7.07,6.94,7.28,7.08,7.21,7.05,7.06,7.04,6.88,7.09,7.34,7.38,7.32,7.24,7.25,7.29,7.30,7.23,7.30,7.15,7.22,7.47,7.48,7.36,7.36,7.08,7.24,7.36,7.41,7.28,7.40,7.39,7.44,7.48,7.44,7.54,7.65,7.65,7.62,7.66,7.69,7.49,7.50,7.56,7.52,7.46,7.38,7.30,7.44,7.61,7.61,7.56,7.53,7.58,7.54,7.50,7.60,7.60,7.86,7.64,7.54,7.50,7.64,7.61,7.70,7.55,7.63,7.78,7.53,7.50,7.46,7.55,7.56,7.52,7.58,7.69,7.70,7.65,7.73,7.49,7.57,7.68,7.89,7.87,7.80,7.79,7.69,7.55,7.53,7.47,7.87,7.58,7.55,7.60,7.72,7.71,7.63,8.00,7.52,7.55,7.42,7.41,7.50,7.57,7.65,7.54,7.32,7.26,7.24,7.14,7.17,7.20,7.26,7.09,7.00
6.13,6.26,6.41,6.45,6.35,6.37,6.39,6.39,6.43,6.26,6.26,6.44,6.48,6.40,6.48,6.86,6.52,6.70,6.85,6.82,6.71,6.79,6.79,6.78,6.94,6.91,6.71,6.60,6.68,6.86,6.98,6.79,6.71,6.85,6.92,7.05,7.01,6.94,6.94,6.92,6.91,6.88,6.79,6.83,6.84,7.12,7.21,7.20,7.15,7.34,7.10,7.04,7.14,7.08,7.12,7.23,7.31,7.25,7.17,7.18,7.20,7.29,7.26,7.26,7.17,7.34,7.46,7.44,7.31,7.25,7.09,7.14,7.25,7.31,7.25,7.38,7.41,7.23,7.40,7.45,7.45,7.50,7.72,7.57,7.64,7.63,7.52,7.49,7.48,7.54,7.50,7.29,7.21,7.42,7.58,7.57,7.52,7.52,7.60,7.55,7.47,7.58,7.58,7.80,7.58,7.53,7.63,7.61,7.63,7.56,7.52,7.45,7.57,7.41,7.44,7.60,7.61,7.57,7.63,7.70,7.73,7.65,7.78,7.78,7.47,7.61,7.97,7.88,8.02,8.07,7.97,7.89,7.70,7.63,7.62,7.72,7.73,7.77,7.68,7.73,7.80,7.65,7.90,7.65,7.63,7.61,7.58,7.56,7.48,7.45,7.50,7.44,7.33,7.26,7.21,7.08,7.16,7.33,7.21,7.05
6.20,6.28,6.45,6.39,6.25,6.43,6.52,6.47,6.50,6.38,6.31,6.44,6.51,6.46,6.39,6.53,6.55,6.63,6.73,6.84,6.92,6.86,6.70,6.75,6.91,6.90,6.68,6.63,6.69,6.79,6.85,6.71,6.78,6.86,6.86,6.93,6.83,6.84,6.79,6.76,6.84,6.90,6.97,7.02,6.83,7.24,6.96,6.97,6.83,7.01,7.06,7.23,7.20,7.16,7.24,7.23,7.08,7.08,7.21,7.25,7.26,7.26,7.26,7.20,7.17,7.30,7.41,7.38,7.26,7.17,7.16,7.32,7.26,7.31,7.32,7.32,7.39,7.28,7.42,7.36,7.36,7.45,7.64,7.56,7.58,7.63,7.65,7.61,7.57,7.64,7.61,7.40,7.32,7.44,7.52,7.50,7.49,7.52,7.61,7.52,7.38,7.50,7.54,7.60,7.64,7.47,7.47,7.54,7.62,7.45,7.61,7.46,7.60,7.42,7.39,7.58,7.62,7.50,7.60,7.81,7.71,7.66,7.77,7.69,7.50,7.78,7.94,7.83,7.68,7.68,7.81,7.87,7.70,7.61,7.80,7.69,7.82,7.82,7.69,7.64,7.65,7.50,7.68,7.55,7.55,7.57,7.62,7.61,7.45,7.32,7.41,7.36,7.33,7.38,7.37,7.22,7.24,7.46,7.33,7.13
6.40,6.44,6.55,6.53,6.32,6.39,6.46,6.43,6.37,6.59,6.36,6.41,6.44,6.44,6.45,6.30,6.33,6.61,6.76,6.81,6.74,6.52,6.56,6.67,6.74,6.69,6.74,6.69,6.63,6.66,6.67,6.71,6.90,6.96,6.83,6.77,6.70,6.82,6.90,6.86,6.83,6.90,6.96,6.99,6.76,7.14,6.93,7.02,6.99,6.98,7.08,7.18,7.23,7.25,7.18,7.14,7.17,7.17,7.18,7.22,7.20,7.16,7.13,7.21,7.14,7.26,7.42,7.26,7.48,7.33,7.14,7.31,7.17,7.42,7.34,7.25,7.36,7.41,7.53,7.45,7.48,7.63,7.71,7.66,7.61,7.68,7.71,7.69,7.62,7.56,7.58,7.52,7.46,7.46,7.47,7.46,7.48,7.56,7.65,7.54,7.42,7.49,7.55,7.62,7.69,7.62,7.39,7.42,7.54,7.57,7.61,7.77,7.69,7.47,7.42,7.54,7.53,7.54,7.66,7.73,7.76,7.52,7.85,7.80,7.81,7.70,7.76,7.97,7.87,7.72,7.78,7.86,7.79,7.69,7.58,7.71,7.63,7.68,7.76,7.79,7.80,7.80,7.82,7.63,7.58,7.54,7.52,7.49,7.34,7.47,7.39,7.33,7.34,7.39,7.30,7.06,7.05,7.34,7.38,7.20
6.46,6.43,6.48,6.63,6.45,6.25,6.29,6.33,6.29,6.62,6.41,6.62,6.56,6.47,6.60,6.58,6.41,6.67,6.74,6.79,6.91,6.84,6.47,6.70,6.81,6.75,6.83,6.76,6.77,6.85,6.81,6.83,6.89,6.89,6.90,6.78,6.85,6.91,6.94,6.92,6.92,6.98,7.00,6.97,6.99,7.05,7.00,6.94,7.22,7.24,7.38,7.25,7.10,7.17,7.20,7.32,7.44,7.40,7.28,7.21,7.26,7.24,7.25,7.17,7.13,7.33,7.42,7.34,7.41,7.45,7.30,7.40,7.31,7.54,7.45,7.36,7.48,7.38,7.47,7.57,7.50,7.61,7.77,7.74,7.60,7.70,7.58,7.65,7.54,7.47,7.63,7.58,7.55,7.53,7.45,7.47,7.50,7.53,7.62,7.63,7.53,7.53,7.53,7.63,7.56,7.69,7.45,7.42,7.60,7.68,7.60,7.72,7.66,7.57,7.60,7.71,7.65,7.40,7.36,7.61,7.78,7.64,7.72,7.72,7.66,7.48,7.61,7.99,7.96,7.72,7.76,7.85,7.86,7.98,7.77,7.81,7.68,7.64,7.74,7.89,8.03,8.02,7.91,7.76,7.69,7.60,7.54,7.45,7.32,7.81,7.55,7.40,7.36,7.25,7.09,7.10,7.30,7.25,7.18,7.21
6.40,6.47,6.51,6.56,6.59,6.31,6.30,6.37,6.37,6.60,6.41,6.74,6.65,6.55,6.70,6.71,6.58,6.73,6.90,6.81,6.61,6.63,6.63,6.68,6.98,6.85,6.89,6.84,6.79,6.83,6.84,6.78,6.84,6.79,6.92,6.86,6.89,6.82,6.85,6.94,7.02,7.07,7.01,6.88,6.93,7.17,6.92,6.91,6.90,7.05,6.98,7.18,6.97,7.01,7.07,7.15,7.32,7.41,7.17,7.08,7.30,7.22,7.18,7.21,7.28,7.41,7.50,7.53,7.44,7.46,7.29,7.38,7.30,7.54,7.41,7.34,7.50,7.30,7.41,7.33,7.44,7.48,7.65,7.69,7.66,7.76,7.44,7.53,7.50,7.48,7.70,7.69,7.56,7.48,7.42,7.49,7.53,7.42,7.61,7.70,7.56,7.62,7.61,7.65,7.57,7.69,7.48,7.65,7.78,7.81,7.77,7.73,7.77,7.74,7.57,7.64,7.71,7.65,7.71,7.65,7.95,7.85,7.79,7.72,7.88,7.81,7.70,7.77,7.77,7.71,7.77,7.80,7.90,7.76,7.80,7.81,7.69,7.66,7.77,7.88,7.93,7.86,7.74,7.68,7.71,7.60,7.48,7.55,7.34,7.63,7.61,7.37,7.18,7.20,7.33,7.01,7.24,7.34,7.23,7.16
6.32,6.56,6.62,6.63,6.45,6.33,6.38,6.44,6.48,6.62,6.46,6.69,6.59,6.51,6.59,6.73,6.63,6.69,6.85,6.78,6.66,6.65,6.66,6.69,6.85,6.79,6.78,6.67,6.65,6.83,6.92,6.76,7.06,6.94,6.89,6.90,6.77,6.89,6.94,6.99,7.06,7.05,6.99,6.97,7.02,7.14,7.04,7.06,7.04,7.06,7.31,7.29,7.16,7.08,7.14,7.22,7.26,7.31,7.20,7.21,7.31,7.24,7.29,7.30,7.61,7.49,7.55,7.48,7.55,7.68,7.39,7.48,7.22,7.55,7.54,7.37,7.44,7.42,7.47,7.45,7.55,7.62,7.61,7.58,7.65,7.64,7.50,7.66,7.61,7.62,7.68,7.60,7.56,7.54,7.57,7.68,7.65,7.57,7.64,7.55,7.64,7.69,7.81,7.65,7.49,7.41,7.74,7.56,7.91,7.88,7.83,7.80,7.87,7.65,7.66,7.77,7.73,7.71,7.73,7.93,7.97,7.91,7.61,7.78,7.88,7.82,7.76,7.68,7.80,7.87,7.68,7.72,7.85,7.82,7.80,7.78,7.69,7.68,7.81,7.87,7.70,7.81,7.73,7.76,7.81,7.68,7.42,7.60,7.42,7.42,7.42,7.42,7.40,7.40,7.34,7.30,7.24,7.24,7.23,7.18
6.51,6.66,6.70,6.40,6.54,6.28,6.36,6.51,6.58,6.68,6.60,6.62,6.58,6.47,6.45,6.65,6.58,6.77,6.79,6.78,6.82,6.84,6.84,6.97,6.91,6.89,6.88,6.96,6.93,6.97,7.01,6.89,6.92,6.99,7.07,6.99,6.97,7.10,7.04,6.96,6.93,6.96,6.98,7.00,6.93,7.04,6.93,7.13,7.15,7.10,7.22,7.07,7.12,7.05,7.29,7.24,7.28,7.45,7.31,7.20,7.32,7.25,7.07,7.20,7.29,7.54,7.62,7.45,7.50,7.50,7.40,7.31,7.24,7.23,7.36,7.36,7.22,7.31,7.57,7.47,7.45,7.58,7.58,7.63,7.63,7.61,7.64,7.66,7.55,7.68,7.71,7.49,7.44,7.55,7.56,7.52,7.57,7.69,7.57,7.54,7.61,7.85,7.73,7.63,7.68,7.64,7.79,7.71,7.85,7.76,7.61,7.71,7.85,7.83,7.70,7.63,7.62,7.62,7.69,7.76,7.76,7.65,7.69,7.74,7.81,7.73,7.72,7.72,7.74,7.85,7.77,7.78,7.73,7.93,7.76,7.69,7.62,7.64,7.80,7.85,7.68,7.95,7.94,7.90,7.77,7.58,7.49,7.40,7.76,7.63,7.40,7.31,7.39,7.53,7.48,7.37,7.24,7.13,7.13,7.25
6.43,6.53,6.68,6.67,6.77,6.47,6.62,6.65,6.59,6.68,6.61,6.53,6.65,6.52,6.48,6.71,6.63,6.70,6.77,6.83,6.82,6.82,6.90,6.81,6.89,6.69,6.77,7.08,6.98,6.98,7.10,6.94,6.86,6.97,6.90,7.24,7.16,6.97,7.04,6.92,6.88,6.92,6.93,6.97,7.00,7.12,6.94,6.96,7.15,7.21,7.15,7.17,7.37,7.37,7.47,7.38,7.33,7.42,7.26,7.22,7.45,7.46,7.30,7.22,7.33,7.47,7.57,7.48,7.44,7.23,7.49,7.53,7.15,7.52,7.48,7.25,7.44,7.44,7.54,7.45,7.73,7.62,7.64,7.68,7.71,7.66,7.62,7.63,7.77,7.86,7.64,7.53,7.56,7.62,7.70,7.64,7.66,7.70,7.58,7.82,7.71,7.81,7.72,7.79,7.71,7.70,7.69,7.88,7.89,7.83,7.80,7.69,7.82,7.83,7.76,7.78,7.71,7.47,7.64,7.87,7.72,7.63,7.61,7.64,7.73,7.65,7.64,7.71,7.78,7.83,7.79,7.77,7.72,7.91,7.65,7.66,7.62,7.61,7.76,7.80,7.66,7.93,7.88,7.83,7.88,7.83,7.64,7.90,7.63,7.63,7.50,7.36,7.37,7.57,7.47,7.30,7.28,7.28,7.17,7.08
6.58,6.60,6.58,6.50,6.67,6.32,6.38,6.43,6.47,6.54,6.56,6.58,6.61,6.59,6.65,6.76,6.70,6.65,6.77,6.89,6.88,6.79,6.77,6.96,6.98,6.79,6.94,7.12,7.14,7.08,7.01,7.01,7.10,7.09,7.04,7.17,7.08,7.06,7.10,7.02,6.98,6.91,6.92,7.08,7.14,7.10,7.12,6.97,6.99,7.20,7.07,7.18,7.40,7.22,7.47,7.45,7.48,7.50,7.46,7.49,7.47,7.42,7.36,7.29,7.22,7.34,7.39,7.29,7.45,7.45,7.34,7.54,7.42,7.57,7.29,7.28,7.28,7.32,7.69,7.33,7.56,7.60,7.73,7.60,7.65,7.57,7.57,7.68,7.71,7.65,7.66,7.61,7.56,7.65,7.69,7.76,7.86,7.71,7.69,7.77,7.56,7.81,7.88,7.95,7.57,7.66,7.64,7.60,7.63,7.66,7.58,7.66,7.78,7.73,7.62,7.66,7.70,7.60,7.87,7.90,7.86,7.76,7.70,7.71,7.74,7.71,7.72,7.80,7.89,7.89,7.70,7.70,7.76,7.91,7.69,7.72,7.82,7.79,7.74,7.76,7.85,7.90,7.88,7.94,7.82,7.61,7.53,7.62,7.55,7.56,7.52,7.38,7.29,7.33,7.28,7.24,7.26,7.32,7.28,7.01
6.62,6.73,6.73,6.62,6.82,6.52,6.66,6.71,6.79,6.90,6.73,6.73,6.63,6.68,6.71,6.68,6.74,6.74,6.78,6.89,6.93,6.81,6.78,7.01,7.08,6.99,7.05,6.96,6.83,6.88,6.89,6.90,7.07,7.02,7.08,6.76,6.99,6.98,6.83,7.02,6.99,6.84,6.92,7.12,7.13,7.14,7.23,7.20,6.98,7.23,7.23,7.30,7.30,7.09,7.39,7.45,7.44,7.46,7.55,7.49,7.39,7.50,7.41,7.18,7.21,7.14,7.38,7.38,7.50,7.49,7.20,7.50,7.18,7.14,7.52,7.50,7.30,7.36,7.57,7.26,7.46,7.54,7.57,7.41,7.45,7.55,7.63,7.56,7.48,7.49,7.65,7.72,7.66,7.61,7.54,7.68,7.73,7.64,7.77,7.77,7.52,7.79,7.63,7.73,7.57,7.58,7.70,7.64,7.49,7.65,7.56,7.49,7.74,7.74,7.56,7.62,7.74,7.69,7.90,7.70,7.85,7.80,7.74,7.81,7.81,7.72,7.71,7.79,7.89,7.86,7.66,7.78,7.82,7.78,7.68,7.68,7.65,7.63,7.77,7.81,7.64,7.93,7.90,7.85,7.85,7.82,7.69,7.70,7.55,7.55,7.52,7.41,7.33,7.30,7.26,7.25,7.22,7.22,7.28,7.22
6.65,6.83,6.90,6.82,6.68,6.51,6.69,6.67,6.63,6.65,6.66,6.63,6.52,6.50,6.67,6.89,6.91,6.75,6.86,6.93,6.97,6.93,6.96,7.17,7.28,6.94,6.98,7.13,7.00,7.05,6.97,6.91,7.07,7.04,7.17,7.08,7.30,6.96,7.07,6.99,6.91,6.85,6.96,7.13,7.18,7.32,7.18,7.37,7.22,7.40,7.46,7.41,7.30,7.10,7.33,7.30,7.29,7.42,7.50,7.48,7.48,7.47,7.45,7.48,7.33,7.30,7.40,7.29,7.21,7.31,7.34,7.53,7.22,7.31,7.44,7.40,7.40,7.55,7.46,7.37,7.41,7.34,7.58,7.63,7.71,7.77,7.86,7.79,7.57,7.63,7.64,7.63,7.71,7.56,7.52,7.77,7.86,7.54,7.41,7.61,7.73,7.82,7.54,7.63,7.53,7.42,7.53,7.50,7.63,7.72,7.72,7.73,7.78,7.79,7.62,7.53,7.69,7.68,7.93,7.48,7.90,7.82,7.78,7.78,7.76,7.68,7.64,7.64,7.72,7.87,7.73,7.83,7.88,7.85,7.82,7.78,7.66,7.64,7.96,7.87,7.85,7.87,7.87,7.87,7.80,7.65,7.70,7.61,7.60,7.61,7.62,7.52,7.40,7.37,7.33,7.29,7.21,7.18,7.23,7.29
6.78,6.88,6.98,6.90,6.56,6.51,6.58,6.55,6.58,6.63,6.66,6.83,6.53,6.40,6.52,6.69,6.74,6.77,7.02,7.01,7.04,7.02,7.06,7.17,7.23,6.92,7.01,7.37,7.10,6.99,7.08,7.14,7.14,7.12,7.01,7.29,7.26,7.12,7.16,7.02,7.08,7.16,7.18,7.17,7.17,7.22,7.14,7.33,7.28,7.41,7.39,7.40,7.47,7.28,7.41,7.32,7.30,7.36,7.50,7.54,7.52,7.49,7.42,7.38,7.38,7.47,7.44,7.41,7.46,7.38,7.38,7.31,7.30,7.33,7.49,7.34,7.56,7.44,7.26,7.39,7.57,7.61,7.64,7.48,7.56,7.73,7.73,7.73,7.65,7.61,7.66,7.62,7.53,7.46,7.53,7.69,7.73,7.77,7.71,7.81,7.64,7.49,7.71,7.66,7.50,7.47,7.58,7.44,7.53,7.68,7.65,7.78,7.83,7.77,7.63,7.54,7.63,7.56,7.97,7.55,7.94,7.85,7.79,7.73,7.70,7.68,7.73,7.72,7.58,7.93,7.89,7.91,7.69,7.61,7.81,7.87,7.74,7.79,7.89,7.94,7.95,7.85,7.81,7.82,7.86,7.83,7.63,7.58,7.64,7.66,7.63,7.58,7.46,7.44,7.31,7.23,7.24,7.24,7.08,7.25
6.93,6.94,7.01,6.94,6.68,6.61,6.48,6.68,6.82,6.75,6.58,6.88,6.62,6.50,6.59,6.68,6.70,6.86,6.92,6.96,6.88,6.97,7.02,7.02,7.10,6.97,7.01,7.32,7.05,7.02,7.13,7.14,7.12,7.16,7.31,7.26,7.42,7.17,7.06,7.00,7.12,7.16,7.16,7.20,7.22,7.17,7.23,7.17,7.05,7.25,7.24,7.33,7.45,7.29,7.40,7.25,7.26,7.32,7.45,7.49,7.46,7.46,7.41,7.42,7.48,7.44,7.50,7.50,7.41,7.46,7.36,7.28,7.34,7.36,7.34,7.61,7.54,7.44,7.44,7.46,7.46,7.45,7.65,7.41,7.31,7.56,7.77,7.77,7.61,7.49,7.45,7.41,7.44,7.38,7.42,7.62,7.65,7.56,7.49,7.83,7.58,7.64,7.58,7.63,7.50,7.45,7.44,7.37,7.58,7.60,7.54,7.60,7.71,7.76,7.64,7.53,7.60,7.42,7.80,7.71,7.82,7.79,7.76,7.81,7.86,7.74,7.69,7.82,7.76,7.93,7.87,7.78,7.79,7.86,7.76,7.77,7.90,7.89,7.82,7.74,8.05,8.02,7.97,7.89,7.83,7.88,7.62,7.71,7.68,7.62,7.57,7.54,7.56,7.54,7.41,7.28,7.23,7.32,7.24,7.14
7.09,7.01,7.04,7.00,6.89,6.82,6.67,6.84,6.94,6.91,6.82,6.90,6.62,6.70,6.77,6.71,6.74,7.07,7.01,6.82,6.81,6.90,7.01,7.09,7.16,7.04,7.05,7.23,7.07,7.14,7.12,7.12,7.14,7.16,7.26,7.17,7.47,7.16,7.22,7.25,7.10,7.16,7.13,7.06,7.12,7.10,7.00,7.06,6.92,7.30,7.34,7.29,7.28,7.15,7.32,7.24,7.38,7.47,7.47,7.49,7.49,7.48,7.44,7.34,7.42,7.52,7.54,7.40,7.37,7.41,7.24,7.48,7.34,7.23,7.42,7.32,7.48,7.48,7.53,7.46,7.54,7.61,7.61,7.54,7.57,7.55,7.62,7.56,7.50,7.48,7.41,7.52,7.72,7.69,7.50,7.50,7.57,7.48,7.41,7.76,7.62,7.85,7.56,7.58,7.45,7.46,7.46,7.49,7.60,7.52,7.52,7.56,7.68,7.80,7.69,7.53,7.58,7.48,7.72,7.70,7.71,7.64,7.73,7.79,7.85,7.82,7.79,7.90,7.66,7.80,7.79,8.00,7.77,7.83,7.98,7.95,7.86,7.87,7.82,7.87,7.97,7.90,7.87,7.83,7.79,7.86,7.68,7.71,7.63,7.50,7.50,7.62,7.62,7.56,7.29,7.13,7.20,7.39,7.30,7.40
7.17,7.13,7.07,7.06,7.06,6.96,6.96,6.81,6.97,7.00,6.84,6.98,6.59,6.71,6.82,6.91,7.00,6.92,6.70,6.83,6.86,6.94,7.05,7.14,7.18,7.17,7.21,7.25,7.12,7.28,7.21,7.22,7.24,7.18,7.23,7.28,7.38,7.22,7.18,7.07,6.91,7.09,7.15,7.14,7.13,7.09,7.16,7.22,6.98,7.47,7.44,7.37,7.36,7.26,7.37,7.40,7.56,7.58,7.55,7.58,7.56,7.54,7.53,7.44,7.47,7.55,7.62,7.40,7.29,7.44,7.36,7.40,7.28,7.36,7.55,7.31,7.37,7.47,7.46,7.48,7.58,7.53,7.57,7.52,7.58,7.66,7.72,7.76,7.63,7.54,7.53,7.52,7.60,7.54,7.46,7.62,7.74,7.79,7.74,7.66,7.54,7.70,7.61,7.60,7.62,7.48,7.58,7.55,7.52,7.54,7.61,7.60,7.68,7.82,7.77,7.68,7.66,7.57,7.93,7.77,7.74,7.73,7.76,7.76,7.77,7.78,7.74,7.64,7.71,7.79,7.94,7.97,7.80,7.83,7.90,7.85,7.77,7.78,7.87,7.95,7.93,7.93,7.88,7.80,7.78,7.88,7.66,7.60,7.54,7.50,7.47,7.53,7.48,7.49,7.37,7.28,7.29,7.28,7.18,7.29
7.00,7.20,7.08,6.93,6.89,6.88,6.94,6.82,7.07,7.00,6.82,6.94,6.89,6.79,7.02,7.10,7.08,7.23,7.32,7.02,6.94,7.02,7.29,7.47,7.39,7.23,7.22,7.18,7.18,7.40,7.36,7.34,7.28,7.22,7.30,7.32,7.24,7.23,7.25,7.15,7.20,7.01,7.01,7.10,7.05,7.14,7.46,7.40,7.37,7.44,7.46,7.36,7.36,7.32,7.42,7.41,7.49,7.58,7.61,7.54,7.53,7.58,7.60,7.61,7.56,7.53,7.63,7.38,7.39,7.44,7.33,7.42,7.36,7.58,7.58,7.31,7.40,7.45,7.48,7.47,7.56,7.42,7.48,7.54,7.73,7.74,7.72,7.77,7.64,7.60,7.66,7.64,7.68,7.63,7.55,7.66,7.76,7.81,7.85,7.72,7.58,7.63,7.68,7.66,7.65,7.47,7.69,7.56,7.62,7.64,7.61,7.61,7.68,7.77,7.79,7.78,7.65,7.65,7.90,8.03,7.86,7.94,8.07,7.89,7.70,7.66,7.62,7.89,7.98,7.83,8.19,8.19,8.02,7.91,7.89,7.88,7.91,7.70,7.79,7.96,7.91,7.95,7.93,7.85,7.87,7.77,7.57,7.76,7.69,7.49,7.62,7.56,7.37,7.54,7.55,7.41,7.38,7.26,7.22,7.12
7.38,7.31,7.08,7.01,7.08,7.06,6.89,6.98,7.12,7.10,6.96,6.88,7.05,6.93,7.12,7.06,7.07,7.26,7.30,7.25,7.14,7.30,7.34,7.29,7.22,7.06,6.94,7.13,7.31,7.42,7.42,7.38,7.33,7.34,7.40,7.34,7.28,7.18,7.30,7.06,7.08,7.13,7.26,7.24,7.17,7.28,7.34,7.26,7.18,7.50,7.38,7.45,7.47,7.29,7.58,7.46,7.61,7.71,7.62,7.46,7.52,7.61,7.56,7.53,7.53,7.53,7.63,7.40,7.56,7.42,7.29,7.44,7.34,7.55,7.57,7.31,7.46,7.48,7.56,7.54,7.71,7.52,7.54,7.62,7.87,7.80,7.69,7.73,7.66,7.66,7.65,7.62,7.74,7.61,7.60,7.72,7.82,7.79,7.80,7.76,7.66,7.77,7.80,7.77,7.69,7.52,7.74,7.69,7.73,7.69,7.61,7.72,7.86,7.83,7.69,7.71,7.70,7.89,7.95,7.95,7.96,7.83,7.87,7.83,7.73,7.76,7.74,7.87,8.14,8.02,8.14,8.04,8.07,7.98,7.81,7.80,7.96,7.81,7.83,7.95,7.96,7.90,7.83,7.81,7.98,7.76,7.40,7.44,7.57,7.54,7.33,7.50,7.29,7.36,7.46,7.46,7.33,7.33,7.33,7.15
7.16,7.34,7.07,6.94,6.92,6.93,6.94,6.96,7.21,7.25,7.09,6.91,6.93,6.98,7.13,7.08,7.14,7.30,7.34,7.32,7.25,7.08,7.20,7.32,7.36,7.37,7.21,7.26,7.23,7.26,7.44,7.52,7.50,7.46,7.40,7.38,7.36,7.21,7.26,7.15,6.96,7.08,7.29,7.26,7.22,7.30,7.37,7.30,7.18,7.30,7.44,7.53,7.72,7.54,7.72,7.63,7.79,7.69,7.61,7.55,7.53,7.56,7.54,7.45,7.44,7.53,7.64,7.49,7.63,7.39,7.40,7.32,7.41,7.53,7.71,7.34,7.48,7.52,7.63,7.50,7.69,7.50,7.58,7.63,7.76,7.74,7.70,7.73,7.68,7.65,7.64,7.61,7.77,7.56,7.66,7.81,7.89,7.73,7.78,7.86,7.64,7.86,7.91,7.79,7.71,7.69,7.74,7.74,7.65,7.71,7.77,7.81,7.99,7.94,7.76,7.80,7.90,7.93,7.79,7.80,7.80,7.71,7.86,7.96,7.82,7.79,7.89,7.88,7.94,7.97,8.03,7.93,7.91,7.91,7.78,7.69,7.78,7.87,7.89,7.91,7.96,7.99,7.99,7.89,7.83,7.68,7.55,7.61,7.61,7.46,7.52,7.49,7.41,7.36,7.37,7.42,7.46,7.30,7.28,7.23
7.06,7.37,7.15,7.08,6.99,6.86,6.91,7.12,7.15,7.04,7.04,7.17,7.18,6.93,7.22,7.17,7.17,7.25,7.31,7.31,7.21,7.07,7.14,7.29,7.29,7.15,7.23,7.21,7.26,7.33,7.60,7.48,7.47,7.42,7.33,7.39,7.45,7.39,7.30,7.25,7.15,7.33,7.44,7.36,7.29,7.24,7.29,7.41,7.38,7.49,7.58,7.53,7.81,7.68,7.76,7.54,7.82,7.66,7.47,7.47,7.50,7.55,7.60,7.50,7.42,7.55,7.55,7.47,7.53,7.32,7.40,7.22,7.47,7.55,7.71,7.29,7.48,7.50,7.62,7.37,7.65,7.49,7.60,7.64,7.61,7.69,7.66,7.69,7.70,7.71,7.73,7.71,7.82,7.69,7.69,7.85,7.83,7.66,7.81,7.98,7.76,7.74,7.93,7.85,7.64,7.76,7.79,7.71,7.69,7.78,7.74,7.66,7.76,7.74,7.86,7.87,7.89,7.58,7.79,7.73,7.94,7.89,7.79,7.85,7.93,7.94,7.79,7.96,7.86,8.06,7.97,7.91,7.83,7.82,7.88,7.73,7.70,7.71,7.73,7.88,7.96,7.95,7.95,8.06,7.90,7.91,7.72,7.68,7.70,7.52,7.62,7.61,7.52,7.49,7.47,7.37,7.44,7.22,7.18,7.18
7.31,7.36,7.18,7.13,6.98,6.93,7.17,7.41,7.17,7.05,7.13,7.16,7.00,6.90,7.14,7.10,7.10,7.17,7.33,7.40,7.32,7.29,7.33,7.50,7.40,7.24,7.38,7.40,7.26,7.52,7.48,7.57,7.57,7.49,7.40,7.46,7.54,7.48,7.49,7.24,7.26,7.48,7.49,7.33,7.31,7.36,7.34,7.42,7.36,7.44,7.57,7.50,7.33,7.39,7.66,7.60,7.70,7.40,7.41,7.53,7.55,7.42,7.44,7.45,7.42,7.57,7.58,7.41,7.31,7.42,7.23,7.25,7.28,7.30,7.44,7.21,7.49,7.52,7.68,7.38,7.65,7.58,7.64,7.73,7.72,7.72,7.70,7.70,7.78,7.81,7.79,7.73,7.80,7.81,7.66,7.77,7.86,7.78,7.91,7.89,8.00,7.58,7.81,7.98,7.83,7.73,7.73,7.76,7.78,7.73,7.65,7.66,7.66,7.66,7.64,7.64,7.72,7.79,7.65,7.53,7.71,7.80,7.77,7.79,7.82,7.89,7.70,7.83,7.87,8.05,7.98,7.87,7.82,7.88,8.02,7.87,7.78,7.73,7.72,7.91,8.04,7.95,7.76,7.64,7.63,7.78,7.63,7.53,7.60,7.48,7.57,7.63,7.60,7.61,7.62,7.39,7.25,7.20,7.25,7.16
7.54,7.39,7.21,7.15,7.08,7.10,7.23,7.37,7.39,7.26,7.25,7.24,7.22,7.46,7.21,7.16,7.16,7.28,7.42,7.41,7.46,7.45,7.45,7.53,7.37,7.29,7.41,7.24,7.30,7.72,7.48,7.18,7.53,7.50,7.36,7.47,7.50,7.39,7.68,7.15,7.07,7.34,7.49,7.33,7.30,7.32,7.41,7.49,7.34,7.38,7.49,7.38,7.54,7.42,7.57,7.46,7.53,7.40,7.55,7.49,7.49,7.55,7.39,7.29,7.34,7.45,7.50,7.39,7.45,7.54,7.34,7.55,7.25,7.25,7.41,7.24,7.56,7.54,7.80,7.53,7.45,7.61,7.62,7.80,7.95,7.85,7.82,7.88,7.79,7.77,7.76,7.68,7.80,7.85,7.87,7.77,7.89,7.88,7.85,7.96,7.99,7.74,7.70,7.71,7.72,7.62,7.65,7.76,7.79,7.73,7.63,7.56,7.54,7.68,7.60,7.73,7.73,7.73,7.74,7.69,7.68,7.68,7.71,7.83,7.83,7.82,7.80,7.62,7.87,8.00,7.98,7.85,7.87,8.04,7.98,7.74,7.73,7.90,7.74,7.63,7.86,8.05,7.94,7.95,7.98,7.80,7.56,7.50,7.63,7.52,7.52,7.62,7.63,7.64,7.64,7.42,7.32,7.16,7.20,7.31
7.40,7.52,7.23,7.20,7.23,7.20,7.17,7.32,7.41,7.33,7.26,7.16,7.12,7.20,7.44,7.23,7.30,7.38,7.34,7.33,7.41,7.45,7.34,7.52,7.40,7.30,7.40,7.38,7.45,7.68,7.42,7.47,7.69,7.68,7.46,7.32,7.48,7.52,7.55,7.07,7.14,7.32,7.46,7.32,7.29,7.32,7.40,7.48,7.37,7.36,7.41,7.36,7.38,7.34,7.39,7.40,7.65,7.41,7.40,7.24,7.36,7.50,7.40,7.39,7.50,7.57,7.66,7.54,7.39,7.33,7.28,7.38,7.28,7.46,7.48,7.24,7.57,7.50,7.94,7.58,7.56,7.76,7.62,7.74,7.87,7.78,7.77,7.82,7.85,7.89,7.83,7.70,7.74,7.71,7.71,7.73,7.79,7.79,7.80,7.94,7.76,7.73,7.79,7.72,7.57,7.56,7.74,7.87,7.94,7.81,7.54,7.62,7.66,7.73,7.69,7.68,7.64,7.76,7.86,7.80,7.64,7.65,7.73,7.78,7.88,7.78,7.82,7.65,7.89,8.02,7.95,7.86,8.03,8.15,7.74,7.95,7.73,7.76,7.80,7.83,7.86,7.93,7.98,7.94,7.88,7.76,7.58,7.48,7.53,7.58,7.61,7.63,7.57,7.55,7.64,7.47,7.13,7.02,7.09,7.06
7.24,7.41,7.05,7.21,7.22,7.13,7.15,7.37,7.46,7.33,7.28,7.26,7.23,7.20,7.28,7.31,7.55,7.58,7.49,7.52,7.45,7.34,7.28,7.56,7.54,7.42,7.40,7.41,7.40,7.49,7.40,7.58,7.45,7.53,7.54,7.50,7.47,7.28,7.24,7.33,7.49,7.38,7.40,7.24,7.39,7.45,7.39,7.39,7.39,7.41,7.42,7.41,7.32,7.58,7.47,7.52,7.61,7.56,7.45,7.44,7.47,7.50,7.53,7.48,7.56,7.65,7.55,7.58,7.68,7.50,7.33,7.47,7.33,7.61,7.72,7.73,7.57,7.65,7.79,7.77,7.73,7.71,7.77,7.66,7.69,7.74,7.73,7.77,7.74,7.69,7.73,7.63,7.69,7.56,7.78,7.91,7.90,7.83,7.77,7.88,7.76,7.90,7.83,7.85,7.94,7.77,7.76,7.81,7.77,7.66,7.48,7.62,7.77,7.73,7.72,7.61,7.71,7.63,7.72,7.74,7.68,7.69,7.77,7.69,7.83,7.73,7.72,7.86,7.96,7.86,7.89,7.80,7.68,8.00,7.96,7.85,7.77,7.91,7.71,7.64,7.82,7.89,7.94,7.87,7.79,7.61,7.52,7.50,7.38,7.56,7.73,7.70,7.57,7.46,7.47,7.34,7.21,7.08,7.05,7.10
7.44,7.41,7.17,7.38,7.20,7.06,7.18,7.45,7.54,7.33,7.36,7.45,7.37,7.13,7.20,7.34,7.52,7.53,7.54,7.58,7.45,7.29,7.37,7.54,7.63,7.53,7.42,7.44,7.50,7.55,7.55,7.61,7.58,7.63,7.63,7.54,7.45,7.52,7.54,7.40,7.21,7.30,7.53,7.48,7.49,7.50,7.41,7.30,7.32,7.44,7.36,7.38,7.48,7.65,7.54,7.65,7.56,7.64,7.48,7.48,7.62,7.66,7.58,7.46,7.48,7.58,7.72,7.77,7.55,7.46,7.50,7.30,7.68,7.80,7.61,7.56,7.44,7.57,7.82,7.71,7.71,7.57,7.86,7.85,7.88,8.00,7.89,7.80,7.87,7.83,7.78,7.81,7.80,7.76,7.78,7.86,7.79,7.91,7.87,7.71,7.78,7.93,7.80,7.73,7.80,7.62,7.61,7.76,7.78,7.79,7.61,7.53,7.70,7.85,7.83,7.69,7.80,7.61,7.68,7.72,7.70,7.78,7.86,7.79,7.79,7.73,7.79,7.89,7.88,7.96,7.96,7.86,7.82,7.91,8.06,7.82,7.80,7.93,7.78,7.68,7.82,7.93,7.98,8.04,7.94,7.64,7.50,7.65,7.63,7.58,7.63,7.63,7.64,7.64,7.39,7.49,7.23,7.07,7.09,7.25
7.64,7.46,7.21,7.23,7.13,7.22,7.36,7.46,7.55,7.42,7.52,7.60,7.46,7.30,7.58,7.64,7.66,7.66,7.65,7.66,7.78,7.34,7.42,7.73,7.61,7.53,7.54,7.55,7.54,7.54,7.62,7.53,7.62,7.68,7.62,7.56,7.49,7.42,7.50,7.40,7.42,7.71,7.60,7.53,7.41,7.45,7.45,7.33,7.32,7.47,7.33,7.39,7.54,7.57,7.57,7.72,7.66,7.61,7.60,7.57,7.63,7.71,7.63,7.46,7.47,7.54,7.62,7.76,7.63,7.63,7.44,7.62,7.62,7.53,7.58,7.52,7.63,7.76,7.63,7.70,7.70,7.63,7.87,7.93,7.86,7.80,7.76,7.77,7.74,7.80,7.96,7.81,7.80,7.79,7.61,7.69,7.80,7.79,7.64,7.66,7.70,7.85,7.80,7.89,7.83,7.74,7.72,7.69,7.64,7.72,7.62,7.57,7.81,7.86,7.83,7.77,7.87,7.73,7.77,7.79,7.71,7.82,8.04,7.96,7.77,7.78,7.89,7.83,7.89,8.03,8.00,7.85,7.85,7.95,8.03,7.73,7.85,7.96,7.87,7.80,7.95,7.99,8.08,8.21,8.05,7.80,7.72,7.93,7.85,7.69,7.55,7.63,7.68,7.46,7.52,7.48,7.33,7.20,7.18,7.23
7.60,7.48,7.41,7.38,7.32,7.41,7.47,7.56,7.70,7.52,7.62,7.62,7.54,7.55,7.74,7.68,7.63,7.64,7.64,7.69,7.66,7.54,7.50,7.63,7.54,7.65,7.68,7.55,7.42,7.47,7.61,7.58,7.62,7.72,7.65,7.69,7.69,7.57,7.69,7.66,7.60,7.47,7.70,7.68,7.55,7.40,7.42,7.47,7.49,7.56,7.50,7.53,7.50,7.60,7.66,7.60,7.65,7.57,7.57,7.56,7.64,7.65,7.56,7.50,7.57,7.62,7.63,7.65,7.55,7.57,7.52,7.48,7.74,7.62,7.83,7.48,7.66,7.64,7.73,7.62,7.69,7.76,7.80,7.85,7.87,7.73,7.66,7.77,7.73,7.66,7.83,7.87,7.72,8.04,7.72,7.72,7.83,7.85,7.65,7.74,7.82,7.86,7.89,7.97,7.79,7.68,7.76,7.76,7.77,7.81,7.76,7.79,7.90,7.86,7.78,7.78,7.95,7.81,7.77,7.78,7.78,7.94,8.07,7.85,7.88,7.85,7.57,7.95,7.97,7.99,8.02,7.88,8.07,7.97,8.14,8.06,7.98,8.02,7.99,7.94,8.04,8.12,8.07,8.14,7.94,7.65,7.57,7.78,8.02,7.87,7.71,7.65,7.64,7.37,7.45,7.54,7.37,7.26,7.32,7.24
7.60,7.53,7.41,7.41,7.37,7.40,7.56,7.66,7.56,7.46,7.41,7.56,7.63,7.66,7.71,7.61,7.57,7.61,7.66,7.69,7.69,7.81,7.62,7.47,7.53,7.49,7.61,7.72,7.64,7.63,7.61,7.73,7.62,7.72,7.64,7.73,7.70,7.60,7.72,7.66,7.79,7.61,7.58,7.61,7.63,7.52,7.49,7.40,7.24,7.30,7.52,7.64,7.60,7.58,7.78,7.46,7.57,7.54,7.52,7.56,7.65,7.63,7.48,7.53,7.61,7.65,7.71,7.63,7.58,7.64,7.66,7.55,7.95,7.66,7.83,7.66,7.73,7.74,7.93,7.78,7.66,7.81,7.76,7.77,7.88,7.85,7.79,7.87,7.94,7.87,7.81,7.80,7.65,7.97,7.81,7.91,7.89,8.06,7.76,7.81,7.88,7.76,7.76,7.89,7.86,7.78,7.81,7.83,7.90,7.97,7.94,7.96,7.86,7.95,7.80,7.80,7.95,7.81,7.78,7.89,7.90,7.97,8.00,7.88,7.78,7.89,7.87,7.82,7.95,8.05,8.00,7.87,7.94,8.03,8.07,8.07,7.91,7.91,7.98,7.98,7.98,8.20,8.00,8.06,8.06,7.85,7.61,7.65,7.97,7.86,7.70,7.62,7.65,7.53,7.44,7.49,7.40,7.31,7.48,7.42
7.61,7.55,7.48,7.41,7.41,7.50,7.73,7.78,7.62,7.56,7.76,7.71,7.70,7.74,7.73,7.58,7.64,7.63,7.62,7.64,7.72,7.73,7.61,7.68,7.60,7.38,7.52,7.62,7.69,7.82,7.61,7.72,7.61,7.73,7.66,7.70,7.72,7.73,7.73,7.64,7.62,7.61,7.68,7.77,7.77,7.65,7.58,7.55,7.55,7.52,7.50,7.69,7.69,7.36,7.57,7.54,7.70,7.41,7.60,7.60,7.66,7.65,7.49,7.50,7.55,7.64,7.71,7.62,7.69,7.81,7.77,7.65,7.82,7.60,7.78,7.81,7.72,7.79,7.76,7.65,7.70,7.66,7.66,7.74,7.86,7.83,7.81,7.85,7.91,7.97,7.80,7.79,7.65,7.99,7.64,7.89,7.96,7.98,7.73,7.79,7.97,7.85,7.74,7.83,7.89,7.86,7.86,7.89,7.88,7.97,7.90,8.02,7.88,8.00,7.89,7.74,7.91,7.98,8.00,8.08,8.07,8.10,7.93,7.95,8.02,8.10,7.89,7.89,8.07,8.16,8.11,8.08,8.05,7.99,7.91,7.85,7.80,7.78,7.81,7.87,7.99,7.96,7.89,8.00,7.98,7.77,7.62,7.64,8.05,7.91,7.77,7.72,7.60,7.57,7.49,7.42,7.40,7.48,7.64,7.25
7.56,7.63,7.57,7.32,7.42,7.55,7.66,7.68,7.63,7.53,7.57,7.45,7.52,7.62,7.61,7.49,7.88,7.70,7.69,7.77,7.81,7.78,7.79,7.90,7.85,7.80,7.71,7.74,7.90,8.04,8.05,7.95,7.89,7.96,7.78,7.76,7.80,7.79,7.73,7.68,7.64,7.65,7.65,7.69,7.66,7.47,7.45,7.38,7.32,7.42,7.46,7.44,7.37,7.31,7.57,7.26,7.71,7.38,7.49,7.39,7.66,7.66,7.57,7.57,7.57,7.62,7.60,7.53,7.71,7.89,7.68,7.63,7.64,7.60,7.76,7.80,7.64,7.70,7.70,7.66,7.85,7.70,7.69,7.76,7.78,7.74,7.81,7.90,7.83,7.85,7.83,7.80,7.68,7.90,7.68,7.74,7.98,7.82,7.70,7.80,8.02,8.04,7.94,7.91,7.90,7.78,7.74,7.99,7.88,7.99,7.77,8.14,7.99,7.96,7.95,7.90,7.89,7.89,7.91,7.96,7.93,7.98,7.99,7.96,7.86,8.06,7.97,7.88,8.00,8.14,8.10,8.00,8.29,7.91,7.93,7.93,8.07,8.10,7.86,7.86,8.10,8.06,7.99,8.07,8.10,7.90,7.82,7.89,8.02,7.89,7.78,7.83,7.65,7.53,7.52,7.50,7.46,7.40,7.39,7.39
7.70,7.69,7.48,7.25,7.41,7.55,7.70,7.74,7.70,7.66,7.53,7.50,7.73,7.86,7.71,7.53,7.99,7.80,7.91,7.97,7.95,7.94,7.96,7.96,7.88,7.89,7.72,7.62,7.68,7.83,7.89,7.80,7.66,7.76,7.69,7.77,7.62,7.57,7.64,7.70,7.78,7.61,7.56,7.56,7.64,7.56,7.60,7.47,7.31,7.41,7.54,7.44,7.38,7.26,7.33,7.38,7.64,7.53,7.66,7.60,7.73,7.71,7.64,7.78,7.65,7.54,7.56,7.49,7.65,7.79,7.55,7.60,7.62,7.63,7.73,7.80,7.66,7.65,7.88,7.80,7.96,7.85,7.74,7.74,7.80,7.76,7.82,8.00,7.90,7.80,7.81,7.77,7.72,7.79,7.78,7.66,7.93,7.83,7.83,7.97,7.95,7.99,7.98,7.96,8.03,7.97,7.83,8.04,8.02,7.94,7.77,7.97,8.07,7.98,7.94,7.80,7.81,7.95,8.00,7.95,7.91,8.02,7.99,7.95,7.89,7.98,7.91,7.85,7.90,8.00,8.08,7.73,7.97,7.87,8.05,7.97,8.02,8.21,8.08,7.98,7.94,8.06,7.98,8.03,8.08,7.88,7.87,7.99,7.94,7.81,7.72,7.76,7.88,7.86,7.66,7.45,7.36,7.32,7.22,6.99
7.81,7.66,7.54,7.47,7.52,7.68,7.93,7.87,7.74,7.63,7.54,7.64,7.82,7.82,7.66,7.54,7.47,7.65,7.89,7.98,7.95,7.94,8.00,8.03,7.82,7.77,7.66,7.63,7.77,7.90,7.79,7.76,7.78,7.81,8.08,7.94,7.65,7.57,7.63,7.65,7.61,7.48,7.60,7.41,7.57,7.57,7.66,7.54,7.37,7.42,7.48,7.45,7.53,7.50,7.57,7.26,7.64,7.71,7.71,8.05,7.91,7.71,7.63,7.60,7.53,7.57,7.65,7.64,7.60,7.61,7.62,7.61,7.56,7.63,7.73,7.90,7.82,7.66,7.99,7.81,7.96,7.94,7.78,7.79,7.89,7.89,7.86,7.95,8.04,7.97,7.77,7.88,7.79,7.96,7.65,7.71,7.93,7.91,7.94,8.15,7.97,8.00,7.99,7.91,8.06,8.06,7.87,8.02,7.89,7.95,7.71,7.86,7.86,7.94,7.96,7.81,7.80,7.95,8.12,8.12,7.95,7.98,7.77,7.91,8.02,8.02,7.87,7.81,7.91,7.90,8.16,8.06,7.96,8.03,8.00,7.85,7.88,8.07,7.93,7.97,8.02,8.17,8.13,8.07,8.03,7.82,7.88,7.93,7.91,7.81,7.73,7.77,7.58,7.45,7.55,7.44,7.14,7.36,7.04,6.61
8.05,7.73,7.61,7.69,7.80,7.78,7.96,7.94,7.74,7.56,7.64,7.62,7.62,7.78,7.79,7.66,7.73,7.94,8.12,8.02,7.78,7.80,8.10,8.13,7.79,7.79,7.71,7.79,7.91,7.89,7.71,7.56,7.85,7.65,7.85,7.66,7.61,7.80,7.77,7.57,7.61,7.57,7.62,7.32,7.47,7.41,7.65,7.62,7.53,7.53,7.47,7.53,7.60,7.41,7.57,7.45,7.77,7.94,7.80,7.85,7.88,7.65,7.57,7.79,7.73,7.81,7.99,7.83,7.71,7.68,7.87,7.65,7.68,7.89,7.97,7.98,7.93,7.70,7.94,7.93,8.00,7.98,7.89,7.89,7.87,7.97,8.02,7.88,7.99,8.05,7.87,8.20,7.76,7.97,7.90,7.79,8.10,8.00,7.90,8.02,7.90,8.07,8.17,8.06,8.03,7.91,7.95,8.04,7.70,8.03,7.88,7.76,7.86,7.94,7.85,7.87,7.93,7.96,8.03,8.14,8.07,8.07,7.72,7.94,7.99,7.99,7.95,7.87,7.80,7.96,7.88,7.99,8.11,7.91,7.97,7.80,7.68,8.04,7.89,7.93,7.98,8.11,8.17,8.12,7.96,7.90,7.97,7.96,7.86,7.71,7.68,7.93,7.41,7.33,7.42,7.33,6.99,7.12,6.74,6.51
8.07,7.90,7.86,7.86,7.80,7.79,7.97,8.13,7.91,7.74,7.80,7.53,7.64,7.85,7.72,7.56,7.68,7.91,7.82,7.94,7.85,7.90,8.12,7.98,7.78,8.05,7.86,7.88,7.90,7.91,7.85,7.78,7.88,7.70,7.78,7.87,7.91,7.86,7.76,7.74,7.73,7.57,7.56,7.68,7.58,7.39,7.74,7.61,7.62,7.70,7.68,7.73,7.71,7.55,7.66,7.62,7.85,7.93,8.00,8.04,7.97,7.90,7.82,7.95,7.88,8.02,8.20,7.95,7.77,7.82,7.86,7.82,7.82,8.02,7.96,8.03,7.73,8.05,8.21,8.30,8.08,7.97,7.99,7.98,7.97,8.04,8.03,7.91,7.99,8.13,7.99,7.88,8.19,8.25,8.17,8.21,8.40,8.14,8.10,8.15,8.08,8.05,7.96,7.93,7.97,7.87,7.98,8.00,7.85,7.91,8.03,7.88,7.93,8.05,7.96,7.93,8.02,7.98,7.91,8.08,8.15,8.23,7.95,8.03,7.96,7.87,7.83,7.85,7.97,8.07,7.86,7.96,7.94,7.86,7.86,7.79,7.76,8.10,7.91,8.02,7.95,8.06,8.17,8.13,7.87,8.03,7.98,7.91,7.98,7.95,7.63,7.56,7.52,7.41,7.44,7.39,6.89,6.90,6.59,6.52
8.05,7.82,7.80,7.76,7.64,7.63,7.76,7.98,7.98,7.96,7.90,7.63,7.97,7.83,7.68,7.65,7.78,7.89,7.99,8.11,7.91,7.94,8.06,7.90,7.80,7.99,7.98,7.85,7.91,7.97,7.96,7.95,7.88,7.89,7.78,7.90,7.95,7.81,7.66,7.68,7.77,7.76,7.87,7.80,7.70,7.57,7.82,7.46,7.56,7.77,7.83,7.86,7.77,7.71,7.76,7.77,8.12,7.97,8.06,8.03,7.99,7.93,7.86,7.89,7.91,8.05,8.06,7.90,7.83,7.81,7.89,7.91,7.94,8.08,7.83,7.96,7.79,8.04,8.03,7.93,8.04,8.04,7.99,7.98,8.05,8.05,7.98,7.99,7.86,7.79,7.85,7.98,7.83,8.27,7.77,7.94,8.08,8.07,7.94,8.03,8.12,8.07,8.02,8.10,8.17,8.15,7.98,7.89,7.98,7.88,7.90,7.83,7.90,8.04,8.06,7.97,7.99,8.00,7.83,8.08,8.13,8.08,7.98,8.04,8.06,8.02,8.05,8.02,7.82,7.85,8.37,8.19,8.13,8.12,8.06,7.98,7.95,8.08,7.95,8.13,7.99,8.10,8.27,8.21,7.93,7.99,7.99,7.87,7.81,7.85,7.71,7.70,7.56,7.60,7.62,7.48,6.92,6.90,6.68,6.53
