-47.70,-47.39,-47.16,-47.29,-45.63,-43.01,-41.71,-42.17,-43.92,-46.50,-47.03,-47.34,-47.55,-47.73,-47.93,-47.96,-48.40,-49.22,-49.38,-49.27,-49.67,-49.62,-48.69,-49.30,-49.30,-49.51,-49.67,-49.38,-49.11,-49.75,-50.16,-49.78,-49.73,-49.73,-49.97,-50.08,-50.10,-50.35,-50.05,-50.95,-50.13,-50.87,-50.79,-50.65,-50.48,-50.46,-50.76,-50.92,-50.54,-50.70,-50.68,-51.14,-51.64,-51.17,-51.20,-51.53,-50.84,-50.59,-50.98,-51.17,-51.20,-51.20,-51.12,-50.68,-50.98,-51.09,-50.68,-51.06,-51.37,-51.67,-51.45,-50.73,-50.92,-50.73,-51.01,-51.48,-51.31,-50.87,-50.76,-50.79,-50.84,-50.81,-50.76,-50.40,-50.62,-50.65,-50.57,-51.20,-51.37,-51.56,-51.81,-51.67,-51.39,-51.17,-51.25,-51.45,-51.28,-51.09,-51.14,-50.98,-50.38,-50.48,-50.81,-51.14,-51.37,-51.42,-51.20,-50.98,-50.79,-50.68,-50.48,-50.62,-50.92,-50.59,-50.21,-50.00,-47.60,-47.11,-47.83,-48.85,-49.27,-49.41,-49.51,-49.54,-49.25,-49.19,-49.41,-50.13,-50.05,-49.46,-49.43,-49.54,-49.27,-49.22,-48.64,-49.06,-48.74,-48.56,-48.82,-49.01,-48.90,-48.93,-48.82,-48.90,-48.22,-47.86,-47.83,-47.73,-47.96,-48.19,-48.27,-48.22,-48.22,-48.25,-47.08,-46.86,-46.83,-46.88,-46.98,-46.75
-47.52,-47.29,-46.91,-46.68,-44.45,-42.26,-41.16,-42.01,-44.91,-46.43,-47.44,-48.06,-48.22,-48.17,-48.04,-47.83,-48.40,-49.25,-49.59,-49.35,-49.46,-49.38,-49.03,-49.22,-49.19,-49.22,-49.41,-49.38,-48.90,-49.43,-49.43,-49.94,-49.41,-49.62,-49.75,-49.65,-49.89,-50.21,-49.86,-50.48,-50.16,-50.59,-50.65,-50.68,-50.40,-50.24,-50.73,-51.17,-50.79,-50.29,-50.90,-51.17,-51.03,-50.95,-50.79,-50.57,-50.57,-50.65,-50.87,-51.14,-51.14,-51.23,-51.50,-51.31,-51.12,-51.31,-50.76,-51.34,-51.25,-51.39,-50.98,-50.81,-50.62,-50.70,-50.98,-51.23,-51.01,-50.43,-50.65,-51.17,-50.54,-49.97,-50.29,-50.48,-50.59,-50.70,-50.65,-51.14,-51.42,-51.06,-51.31,-51.23,-51.17,-51.20,-51.23,-51.23,-50.95,-50.84,-51.37,-50.98,-50.32,-50.48,-50.84,-50.98,-51.20,-51.14,-50.95,-50.62,-50.54,-50.29,-50.21,-50.35,-50.38,-50.27,-49.33,-48.51,-47.06,-47.62,-48.53,-48.61,-48.85,-49.30,-49.43,-49.17,-48.95,-48.98,-49.46,-49.75,-49.70,-49.33,-49.43,-49.19,-48.74,-48.82,-48.25,-48.53,-48.59,-48.64,-48.93,-48.95,-48.72,-48.64,-48.66,-48.74,-48.09,-47.88,-47.93,-47.75,-47.83,-48.01,-48.27,-48.11,-47.60,-47.14,-47.03,-47.21,-46.91,-46.73,-46.75,-46.78
-47.29,-47.34,-46.91,-46.40,-43.61,-42.08,-41.75,-42.47,-46.05,-47.21,-47.47,-47.73,-48.19,-48.59,-48.09,-47.75,-48.43,-49.06,-49.33,-49.22,-49.25,-49.27,-49.35,-49.22,-49.30,-49.25,-49.09,-49.46,-49.70,-49.17,-49.75,-49.97,-49.51,-49.43,-49.49,-49.67,-50.19,-50.08,-49.92,-50.13,-50.21,-50.29,-50.35,-50.40,-50.21,-50.24,-50.73,-50.76,-50.95,-49.86,-50.21,-50.79,-50.59,-51.01,-50.79,-50.92,-50.87,-50.68,-50.51,-50.54,-50.84,-50.81,-50.84,-51.14,-51.06,-50.70,-50.27,-51.50,-50.79,-51.06,-50.76,-50.90,-50.65,-50.16,-50.32,-50.57,-50.43,-50.46,-50.54,-50.51,-50.35,-49.94,-50.40,-50.27,-50.13,-50.21,-50.38,-50.81,-50.32,-50.92,-51.06,-50.68,-50.62,-50.76,-50.65,-50.59,-50.65,-50.73,-50.70,-50.46,-50.48,-49.78,-50.40,-50.35,-50.48,-50.68,-50.48,-50.35,-50.21,-49.97,-50.02,-50.02,-49.89,-49.62,-48.48,-47.21,-47.19,-47.75,-49.22,-48.69,-49.01,-49.22,-48.95,-49.06,-49.41,-48.93,-49.41,-49.51,-49.14,-49.17,-49.22,-48.74,-48.48,-48.53,-48.22,-48.32,-48.09,-48.30,-48.43,-48.48,-48.53,-48.45,-48.11,-48.51,-48.04,-48.09,-48.14,-47.93,-47.65,-47.31,-47.47,-47.57,-47.52,-47.29,-47.34,-47.24,-47.42,-46.96,-46.53,-46.75
-46.91,-47.14,-46.70,-45.78,-42.59,-40.88,-41.61,-43.46,-46.40,-46.83,-47.11,-47.37,-47.62,-47.80,-48.06,-47.47,-48.17,-48.90,-48.93,-48.69,-48.98,-49.11,-48.72,-48.88,-49.11,-49.14,-48.88,-48.48,-49.27,-49.25,-49.38,-49.54,-49.65,-49.49,-49.25,-49.46,-49.89,-49.49,-49.59,-50.08,-50.10,-50.08,-50.19,-50.21,-50.19,-50.29,-50.48,-50.46,-50.51,-50.19,-50.46,-50.46,-50.57,-50.40,-50.43,-50.48,-50.35,-50.24,-50.43,-50.51,-50.32,-50.10,-50.02,-50.92,-50.46,-50.46,-50.13,-50.65,-50.48,-50.98,-50.62,-50.84,-50.57,-50.19,-50.08,-50.10,-50.08,-50.13,-50.57,-50.32,-50.10,-50.13,-49.86,-50.24,-50.19,-50.27,-50.10,-50.46,-50.46,-51.01,-50.81,-50.73,-51.01,-50.76,-50.59,-50.51,-50.48,-50.70,-50.51,-50.38,-50.00,-49.62,-50.29,-49.57,-50.40,-50.05,-50.35,-50.02,-49.92,-49.92,-49.86,-49.59,-49.27,-48.72,-47.70,-47.31,-47.62,-48.66,-49.01,-48.74,-49.14,-49.14,-48.80,-48.98,-49.38,-49.06,-49.54,-49.49,-49.22,-49.22,-48.95,-48.61,-48.64,-48.64,-47.93,-48.27,-48.19,-48.19,-48.14,-48.27,-48.40,-48.38,-48.35,-48.30,-48.11,-48.06,-48.09,-48.01,-47.78,-46.88,-47.11,-47.21,-47.11,-47.08,-47.31,-47.08,-47.19,-46.96,-46.88,-46.93
-46.75,-46.38,-46.45,-44.35,-41.71,-40.36,-41.45,-44.77,-46.07,-46.78,-46.96,-47.16,-47.52,-47.70,-47.83,-47.31,-47.67,-48.53,-48.85,-48.40,-48.51,-49.30,-48.61,-48.66,-48.90,-48.82,-48.77,-48.51,-48.88,-49.06,-49.41,-49.22,-49.33,-49.46,-49.33,-49.46,-49.57,-49.03,-49.38,-49.89,-49.78,-49.78,-50.02,-50.02,-49.78,-50.00,-50.10,-49.97,-49.59,-49.83,-50.13,-50.00,-50.62,-50.27,-50.13,-50.19,-50.08,-49.97,-50.00,-50.05,-50.02,-50.13,-50.16,-50.62,-50.40,-50.51,-50.21,-50.57,-50.51,-50.87,-50.62,-50.48,-50.19,-50.05,-50.05,-50.16,-50.08,-49.89,-50.05,-50.16,-50.32,-50.24,-50.00,-50.16,-50.29,-50.19,-50.16,-50.79,-50.38,-50.43,-50.62,-50.46,-50.87,-50.81,-50.43,-50.35,-50.35,-50.27,-50.32,-50.38,-50.02,-49.73,-49.83,-49.54,-49.67,-49.92,-50.38,-49.78,-49.67,-49.67,-49.51,-48.90,-48.19,-47.65,-47.47,-48.01,-48.30,-49.46,-48.85,-49.03,-49.30,-49.06,-48.64,-48.59,-48.80,-48.98,-49.33,-49.33,-49.09,-49.14,-48.88,-48.59,-48.85,-48.66,-47.80,-48.30,-48.14,-48.17,-47.93,-47.99,-47.96,-47.75,-47.75,-48.09,-47.34,-47.65,-47.91,-47.88,-47.78,-46.65,-47.01,-47.08,-46.88,-46.80,-47.03,-46.60,-46.75,-46.58,-46.50,-46.48
-46.50,-46.58,-46.15,-43.25,-41.43,-41.00,-41.82,-45.01,-45.90,-46.48,-46.83,-47.06,-47.44,-47.70,-47.67,-47.29,-47.37,-47.78,-48.25,-48.09,-48.06,-48.88,-48.48,-48.48,-48.59,-48.35,-48.66,-47.96,-48.38,-48.93,-49.14,-49.03,-48.90,-49.03,-49.25,-49.43,-49.54,-49.17,-49.78,-49.75,-49.59,-49.59,-49.89,-50.13,-50.24,-50.40,-50.05,-50.13,-49.97,-49.30,-49.62,-49.73,-50.24,-50.02,-49.92,-50.08,-49.83,-49.33,-49.14,-49.25,-49.54,-49.59,-49.78,-50.40,-50.51,-50.43,-50.40,-50.92,-50.57,-50.84,-50.70,-50.38,-49.97,-50.00,-50.10,-50.19,-50.27,-50.13,-49.94,-50.10,-50.43,-50.43,-50.24,-50.00,-50.02,-50.02,-50.24,-50.87,-50.40,-50.16,-50.21,-50.19,-50.57,-50.38,-50.27,-50.51,-50.51,-50.40,-50.35,-50.32,-49.89,-49.70,-50.21,-49.70,-49.70,-49.49,-50.51,-50.43,-49.59,-49.14,-48.95,-48.09,-47.16,-47.16,-47.78,-48.35,-48.69,-48.93,-49.09,-48.93,-49.03,-48.53,-48.51,-48.77,-48.88,-49.22,-48.90,-48.80,-48.53,-48.90,-48.27,-48.48,-48.61,-48.32,-48.09,-48.09,-47.73,-47.93,-47.80,-47.67,-47.60,-47.60,-47.73,-47.93,-47.03,-47.57,-47.67,-47.42,-46.98,-46.35,-46.80,-47.08,-46.86,-46.70,-46.63,-46.15,-46.60,-46.15,-46.17,-46.35
-46.35,-46.17,-45.45,-42.68,-41.52,-42.24,-42.73,-44.94,-46.12,-46.53,-46.80,-47.16,-47.44,-46.88,-47.57,-47.03,-46.98,-47.73,-47.52,-48.22,-48.53,-48.38,-48.32,-48.40,-48.32,-47.93,-48.27,-47.80,-48.27,-48.80,-48.85,-48.88,-48.82,-48.66,-48.77,-48.85,-49.25,-48.93,-49.41,-49.83,-49.83,-49.81,-49.62,-49.62,-49.81,-49.83,-50.08,-49.70,-49.33,-49.51,-49.19,-49.49,-49.46,-49.30,-49.01,-49.03,-48.95,-48.40,-48.30,-48.14,-47.62,-47.75,-48.82,-50.05,-50.27,-50.21,-50.08,-50.68,-50.46,-50.54,-50.68,-50.32,-49.81,-49.70,-49.89,-50.08,-50.32,-50.32,-50.02,-50.08,-50.29,-50.29,-50.32,-49.94,-49.78,-49.97,-50.16,-50.46,-50.43,-49.78,-49.92,-49.92,-49.97,-49.94,-50.10,-50.24,-50.08,-50.05,-50.19,-49.94,-49.70,-49.41,-49.81,-49.83,-50.40,-49.41,-49.92,-49.19,-48.64,-48.30,-48.22,-47.26,-47.03,-47.73,-48.14,-48.48,-48.48,-48.48,-49.33,-48.66,-48.85,-48.35,-48.53,-48.69,-48.56,-48.61,-48.80,-48.69,-48.51,-48.51,-48.22,-48.40,-48.14,-47.96,-47.99,-47.75,-47.26,-47.44,-47.88,-47.49,-47.42,-47.49,-47.44,-47.70,-47.21,-47.73,-47.60,-47.29,-47.08,-46.91,-47.14,-46.78,-46.78,-46.60,-46.20,-46.25,-46.43,-45.82,-45.92,-46.00
-46.05,-45.33,-43.58,-41.57,-40.72,-42.10,-44.09,-45.21,-46.35,-46.78,-46.88,-47.34,-47.78,-47.29,-47.44,-47.49,-47.67,-48.17,-47.67,-47.73,-47.93,-48.06,-47.99,-48.04,-48.19,-48.09,-48.11,-47.83,-48.40,-48.64,-48.66,-48.72,-48.77,-48.66,-48.56,-48.82,-49.46,-48.74,-48.93,-49.27,-49.41,-49.41,-49.25,-49.22,-49.46,-49.35,-50.05,-49.22,-49.22,-49.33,-48.66,-48.01,-47.49,-47.24,-47.06,-47.01,-46.86,-46.53,-46.27,-45.16,-42.71,-43.13,-46.70,-49.22,-49.67,-49.70,-49.62,-49.97,-50.21,-50.05,-50.38,-49.97,-49.38,-49.22,-49.38,-49.86,-50.19,-49.94,-49.59,-49.81,-50.13,-49.97,-50.27,-49.73,-49.81,-50.08,-50.16,-50.10,-50.13,-49.43,-49.86,-49.65,-49.51,-49.75,-50.02,-49.83,-49.51,-49.75,-49.97,-49.81,-49.62,-49.25,-49.86,-49.46,-49.89,-49.27,-49.06,-48.85,-48.88,-48.35,-47.26,-46.55,-47.42,-48.38,-48.61,-48.64,-48.27,-49.38,-49.11,-48.74,-48.74,-48.53,-48.64,-48.48,-48.22,-48.30,-48.51,-48.53,-48.35,-48.43,-48.19,-48.06,-48.22,-47.80,-47.19,-47.26,-47.01,-47.11,-47.83,-47.47,-47.47,-47.26,-47.03,-47.19,-47.03,-47.29,-47.29,-47.19,-47.11,-47.19,-46.75,-46.12,-46.45,-46.25,-46.07,-46.45,-46.05,-45.70,-45.78,-45.85
-45.53,-44.64,-42.08,-40.81,-40.86,-41.59,-44.67,-45.75,-46.48,-46.68,-46.65,-47.24,-47.42,-47.49,-47.57,-47.75,-47.83,-47.86,-47.67,-47.75,-47.86,-47.88,-47.73,-47.67,-48.06,-47.99,-48.32,-47.62,-48.14,-48.25,-48.51,-48.51,-48.25,-48.45,-48.51,-48.66,-48.98,-48.72,-48.85,-49.14,-49.33,-49.06,-48.93,-49.33,-49.38,-49.33,-49.75,-49.09,-49.27,-48.85,-47.99,-46.43,-45.03,-44.45,-44.33,-44.47,-44.45,-44.09,-43.44,-40.68,-36.05,-37.04,-42.33,-47.52,-49.25,-48.90,-49.81,-49.65,-49.89,-50.02,-49.97,-49.57,-49.19,-49.35,-49.43,-49.51,-49.73,-49.49,-49.22,-49.59,-49.81,-50.00,-50.21,-49.38,-49.65,-50.13,-50.32,-49.97,-49.62,-49.43,-49.83,-49.35,-49.43,-49.59,-49.75,-49.57,-49.51,-49.78,-49.75,-49.57,-49.38,-48.80,-49.46,-49.41,-49.75,-48.88,-48.77,-48.04,-47.73,-46.86,-46.40,-46.27,-47.31,-48.19,-48.69,-49.03,-48.45,-49.11,-48.88,-48.85,-48.43,-48.59,-48.64,-48.30,-48.19,-48.17,-48.04,-48.48,-48.14,-47.96,-47.75,-47.75,-47.52,-47.08,-46.75,-46.80,-47.37,-47.24,-47.26,-47.47,-47.42,-47.08,-46.88,-46.98,-46.65,-46.96,-47.14,-46.91,-46.86,-47.06,-46.45,-47.01,-46.43,-46.17,-46.25,-46.15,-45.80,-45.80,-45.68,-45.70
-45.28,-43.89,-41.32,-40.36,-41.71,-42.68,-44.30,-45.78,-46.68,-47.06,-47.08,-46.78,-47.19,-47.16,-47.47,-47.55,-47.37,-47.47,-47.39,-47.49,-47.60,-47.75,-47.49,-47.29,-47.83,-47.29,-48.11,-47.57,-47.93,-48.09,-48.17,-48.22,-48.11,-48.74,-48.51,-48.48,-48.61,-48.64,-48.61,-48.85,-48.93,-48.88,-48.98,-49.41,-49.35,-49.27,-49.43,-48.95,-49.30,-48.72,-48.11,-46.35,-44.30,-43.23,-42.75,-42.73,-43.11,-42.90,-41.96,-38.42,-32.37,-33.58,-37.40,-45.63,-49.11,-49.33,-49.73,-49.67,-49.81,-50.00,-49.94,-49.81,-49.01,-49.03,-49.70,-50.00,-49.59,-48.98,-49.59,-49.57,-49.51,-49.67,-50.16,-49.38,-49.62,-49.86,-49.73,-49.57,-49.33,-49.46,-49.62,-49.25,-49.51,-49.46,-49.22,-49.51,-49.67,-49.59,-49.46,-49.27,-49.17,-48.88,-49.17,-49.25,-49.51,-48.64,-48.45,-47.65,-47.37,-46.27,-46.91,-47.70,-48.22,-48.19,-47.96,-48.09,-48.40,-48.51,-48.93,-48.27,-48.40,-48.35,-48.25,-48.06,-48.04,-47.78,-47.67,-48.11,-47.83,-47.24,-47.34,-47.39,-47.29,-46.75,-46.50,-46.83,-47.08,-47.21,-47.34,-47.24,-47.01,-46.80,-46.96,-47.16,-46.65,-46.86,-47.16,-46.80,-46.75,-46.98,-46.75,-46.96,-46.53,-46.30,-46.10,-45.87,-46.10,-45.73,-45.43,-45.28
-45.01,-42.90,-41.04,-40.41,-41.71,-44.50,-44.74,-45.30,-46.27,-47.06,-47.19,-47.26,-47.31,-47.11,-46.93,-46.91,-46.91,-46.98,-47.06,-47.29,-47.34,-47.57,-47.44,-46.83,-47.75,-47.62,-47.65,-47.75,-48.19,-48.51,-48.30,-48.11,-48.32,-48.30,-47.96,-48.01,-48.22,-48.38,-48.43,-48.74,-48.88,-48.77,-48.90,-49.19,-49.30,-49.14,-49.22,-48.85,-49.30,-48.93,-48.82,-47.73,-46.27,-45.21,-44.45,-43.99,-43.77,-43.70,-43.23,-41.48,-37.11,-32.59,-38.14,-45.43,-48.53,-49.03,-49.14,-49.41,-49.59,-49.67,-49.86,-49.67,-49.22,-48.95,-49.14,-49.51,-49.38,-49.03,-49.33,-49.19,-49.17,-49.51,-49.73,-49.25,-48.80,-49.51,-49.57,-49.22,-49.25,-49.30,-49.70,-49.43,-49.62,-49.46,-49.25,-49.27,-49.25,-49.01,-49.01,-49.11,-49.01,-49.11,-48.95,-48.74,-49.11,-48.43,-48.04,-46.98,-46.53,-46.25,-47.70,-47.96,-47.91,-48.04,-48.30,-48.32,-47.88,-48.11,-48.27,-47.62,-48.14,-48.01,-47.91,-47.62,-47.49,-47.39,-47.44,-47.62,-47.39,-47.08,-47.21,-46.88,-46.86,-46.48,-46.58,-46.96,-46.93,-46.60,-46.91,-47.01,-46.75,-46.80,-46.93,-46.96,-46.83,-46.75,-46.98,-46.68,-46.60,-46.73,-46.73,-46.58,-46.00,-46.00,-45.95,-45.68,-45.30,-45.33,-45.03,-44.91
-44.30,-41.73,-40.66,-41.45,-42.75,-44.50,-44.59,-45.40,-46.27,-46.73,-46.60,-47.01,-46.80,-46.63,-46.48,-46.33,-46.43,-46.50,-46.65,-47.24,-47.49,-47.57,-47.44,-46.88,-47.49,-47.42,-47.11,-47.31,-47.70,-48.09,-48.17,-48.19,-48.40,-48.09,-47.96,-48.11,-48.14,-48.27,-48.38,-48.56,-48.74,-48.72,-48.77,-48.95,-49.27,-48.95,-49.03,-48.90,-49.01,-48.43,-48.35,-48.30,-48.17,-47.83,-47.47,-47.65,-47.70,-47.03,-46.55,-45.78,-44.13,-40.61,-40.32,-45.75,-48.35,-48.77,-49.27,-49.17,-49.14,-49.30,-49.54,-49.38,-49.09,-48.93,-49.14,-49.17,-48.80,-48.90,-48.93,-48.64,-49.14,-48.95,-49.33,-48.95,-48.72,-49.25,-49.43,-49.65,-49.06,-49.86,-49.70,-49.54,-49.19,-49.14,-49.22,-48.95,-48.88,-48.90,-48.85,-48.90,-48.72,-48.19,-48.09,-48.48,-48.77,-48.17,-47.37,-46.00,-45.75,-46.63,-47.86,-47.65,-47.83,-48.06,-48.30,-48.14,-47.80,-48.11,-48.17,-47.88,-47.93,-47.60,-47.83,-47.47,-47.16,-47.06,-47.19,-47.26,-46.98,-47.31,-47.14,-46.45,-46.68,-46.40,-46.50,-46.73,-46.68,-46.68,-46.65,-46.48,-45.92,-46.10,-46.22,-46.38,-46.73,-46.55,-46.50,-46.38,-46.33,-46.45,-46.63,-46.17,-46.10,-45.82,-45.60,-45.53,-45.58,-45.78,-44.69,-44.77
-43.63,-41.16,-39.74,-40.77,-43.89,-44.67,-44.64,-45.30,-46.07,-46.40,-46.53,-46.48,-46.35,-46.30,-46.33,-46.22,-46.17,-46.33,-46.48,-46.75,-46.93,-47.19,-47.24,-46.50,-46.80,-46.80,-47.19,-46.91,-47.26,-47.78,-47.75,-47.65,-48.14,-48.06,-48.04,-48.25,-48.17,-48.14,-48.11,-48.25,-48.43,-48.56,-48.82,-48.77,-49.30,-48.82,-48.88,-48.85,-48.69,-48.30,-48.09,-48.38,-48.77,-48.66,-48.35,-48.51,-48.74,-47.62,-47.44,-47.70,-46.35,-44.04,-41.11,-45.73,-48.17,-48.85,-49.75,-49.41,-48.61,-48.72,-48.77,-48.80,-48.88,-48.88,-48.88,-49.09,-49.17,-48.95,-48.98,-48.69,-49.03,-49.19,-49.51,-48.72,-48.61,-48.82,-49.27,-48.90,-48.90,-48.98,-49.81,-48.85,-48.85,-48.72,-48.88,-48.72,-48.61,-49.06,-48.95,-48.77,-48.66,-47.93,-48.14,-48.22,-48.06,-47.52,-46.15,-45.78,-46.15,-47.14,-47.57,-47.55,-48.14,-47.91,-47.73,-47.83,-47.78,-48.11,-48.30,-47.96,-47.57,-47.42,-47.03,-47.26,-47.21,-47.29,-47.16,-46.70,-46.60,-46.98,-46.98,-46.30,-46.68,-46.10,-46.12,-46.25,-46.20,-46.38,-46.00,-45.92,-45.80,-46.10,-46.17,-46.20,-46.30,-46.48,-46.38,-46.25,-46.07,-46.25,-46.27,-45.80,-45.97,-45.80,-45.80,-45.68,-45.33,-45.21,-44.89,-44.38
-41.78,-40.27,-40.07,-40.88,-43.56,-44.23,-44.38,-44.89,-45.73,-46.22,-46.30,-46.17,-46.12,-46.35,-46.43,-46.22,-46.60,-46.38,-46.58,-46.38,-46.22,-46.55,-46.96,-47.11,-46.91,-46.83,-46.86,-46.75,-46.96,-47.47,-47.75,-47.62,-47.47,-47.80,-47.91,-47.96,-48.06,-48.01,-47.93,-47.99,-48.11,-48.22,-48.66,-48.38,-48.38,-48.35,-48.53,-48.53,-48.56,-47.96,-48.09,-48.51,-48.72,-48.66,-48.40,-48.74,-48.80,-47.80,-47.83,-47.65,-47.01,-44.47,-42.38,-45.03,-47.99,-48.66,-48.53,-48.72,-48.56,-48.43,-48.56,-48.80,-48.35,-48.19,-48.59,-48.85,-49.03,-48.45,-48.30,-48.45,-48.61,-48.59,-48.90,-48.22,-48.85,-48.38,-48.74,-48.98,-48.40,-48.56,-48.95,-48.53,-48.72,-48.45,-48.40,-48.19,-48.06,-47.91,-47.99,-48.51,-48.19,-47.57,-47.75,-47.42,-47.37,-46.10,-45.53,-46.27,-46.58,-47.49,-47.57,-47.49,-48.11,-47.91,-47.78,-47.67,-47.49,-47.62,-47.80,-47.60,-47.08,-47.03,-47.01,-46.86,-47.14,-46.91,-46.86,-46.96,-46.45,-46.78,-46.83,-46.22,-46.02,-45.60,-45.82,-45.87,-45.87,-46.10,-45.92,-45.65,-46.07,-45.97,-46.17,-46.33,-46.20,-46.15,-45.87,-46.12,-46.02,-45.75,-45.55,-45.55,-45.58,-45.80,-45.80,-45.38,-44.99,-44.86,-44.99,-44.59
-40.88,-39.58,-40.34,-41.48,-43.58,-44.04,-44.23,-44.77,-45.58,-46.25,-45.90,-45.90,-46.05,-46.15,-46.17,-46.05,-45.60,-46.40,-46.58,-46.65,-46.78,-46.78,-46.73,-47.06,-46.58,-46.88,-47.16,-46.78,-46.63,-47.06,-47.49,-47.55,-47.26,-47.39,-47.83,-47.60,-47.65,-47.86,-48.06,-48.06,-47.75,-47.78,-47.83,-48.38,-47.96,-47.88,-47.91,-48.04,-47.86,-47.55,-48.01,-48.59,-48.74,-48.77,-48.59,-48.61,-49.03,-48.30,-47.99,-47.78,-46.98,-43.94,-42.73,-44.59,-47.88,-48.48,-48.32,-48.35,-48.48,-48.45,-48.25,-48.38,-48.11,-47.80,-48.09,-48.27,-48.30,-47.96,-47.93,-48.14,-48.17,-48.25,-48.32,-48.25,-48.17,-48.27,-48.48,-48.45,-48.40,-47.96,-48.25,-48.11,-48.53,-48.17,-47.93,-47.75,-47.83,-47.93,-48.14,-48.06,-47.47,-47.55,-47.65,-47.31,-46.86,-45.01,-46.12,-46.00,-46.98,-47.75,-47.83,-47.47,-47.60,-48.04,-48.04,-47.44,-47.03,-47.21,-47.34,-47.31,-46.83,-47.11,-46.80,-46.60,-46.73,-46.30,-46.22,-46.38,-46.40,-46.50,-46.17,-45.85,-45.33,-45.18,-45.55,-45.70,-45.82,-46.00,-45.85,-45.53,-45.82,-45.82,-45.75,-45.78,-45.75,-45.45,-45.50,-45.80,-45.43,-45.26,-45.38,-45.58,-45.73,-45.63,-45.43,-45.28,-45.06,-44.77,-45.06,-44.62
-40.27,-39.18,-40.75,-42.61,-43.56,-44.06,-44.33,-44.81,-45.50,-45.97,-45.63,-45.75,-45.97,-45.80,-45.28,-45.48,-45.26,-45.55,-45.82,-46.10,-46.33,-46.40,-46.60,-46.63,-46.50,-46.88,-46.93,-46.58,-46.35,-46.70,-47.24,-47.26,-47.67,-47.26,-47.62,-47.31,-47.11,-47.06,-47.42,-47.86,-47.73,-47.73,-47.67,-47.75,-48.14,-48.09,-48.06,-47.86,-47.57,-47.60,-47.86,-48.25,-48.61,-48.64,-48.43,-48.56,-48.38,-47.93,-47.55,-47.65,-46.83,-43.27,-42.24,-44.86,-47.44,-47.88,-48.17,-48.22,-48.06,-47.93,-47.83,-48.01,-47.86,-47.55,-47.67,-47.75,-47.78,-47.65,-47.62,-47.75,-47.93,-47.99,-48.14,-47.86,-47.80,-48.09,-48.30,-47.99,-48.06,-47.75,-47.88,-47.80,-48.22,-47.86,-47.93,-48.01,-47.70,-47.65,-48.19,-48.56,-47.93,-47.24,-47.19,-46.07,-45.38,-45.95,-45.78,-46.83,-47.44,-47.57,-47.73,-47.34,-46.83,-47.39,-47.55,-47.03,-46.93,-47.26,-47.26,-47.21,-46.73,-46.63,-46.65,-46.33,-46.58,-46.33,-46.33,-46.35,-46.07,-45.78,-45.63,-45.28,-44.91,-44.38,-45.18,-45.60,-45.70,-45.75,-45.53,-45.58,-45.68,-45.68,-45.53,-45.58,-45.45,-45.23,-45.38,-45.28,-44.96,-44.99,-45.13,-45.26,-45.48,-45.50,-45.55,-45.48,-45.06,-44.64,-44.91,-44.62
-40.14,-39.89,-40.63,-43.23,-43.73,-44.01,-44.26,-44.69,-45.40,-45.45,-45.60,-45.85,-45.97,-45.92,-45.68,-45.40,-45.21,-45.33,-45.70,-45.87,-45.95,-46.25,-46.48,-46.30,-46.68,-46.75,-46.68,-46.35,-46.12,-46.43,-47.01,-47.11,-47.62,-47.29,-47.01,-46.88,-46.88,-47.01,-47.44,-47.73,-47.37,-47.55,-47.49,-47.99,-47.96,-47.49,-47.80,-47.67,-47.37,-47.24,-47.14,-47.29,-47.88,-48.09,-47.75,-47.62,-47.57,-47.03,-47.16,-47.49,-46.10,-42.66,-41.80,-44.69,-46.91,-47.57,-47.75,-47.99,-47.62,-47.37,-47.70,-47.88,-47.42,-47.11,-47.31,-47.39,-47.47,-47.37,-47.29,-47.31,-47.57,-47.55,-47.67,-47.08,-47.49,-47.80,-47.93,-47.37,-47.75,-47.65,-47.75,-47.37,-47.62,-47.67,-47.65,-47.73,-47.62,-47.57,-47.93,-48.30,-47.57,-46.75,-46.27,-44.86,-45.85,-45.90,-46.38,-47.39,-46.38,-47.11,-47.21,-46.48,-46.65,-47.31,-47.14,-46.80,-46.98,-47.24,-47.08,-46.98,-46.73,-46.40,-46.48,-46.07,-46.38,-45.95,-46.07,-46.20,-45.95,-45.82,-45.53,-45.58,-45.21,-45.16,-45.35,-45.38,-45.40,-45.40,-45.45,-45.63,-45.50,-45.21,-45.33,-45.35,-45.21,-45.11,-45.43,-45.01,-44.89,-45.08,-45.01,-44.96,-45.53,-45.21,-45.01,-44.91,-44.69,-44.47,-44.69,-44.81
-39.20,-40.39,-40.70,-42.94,-43.82,-43.92,-43.87,-44.18,-45.23,-45.90,-45.60,-45.33,-45.48,-45.73,-45.63,-45.40,-45.33,-45.63,-45.80,-45.78,-45.82,-46.05,-46.20,-46.02,-46.63,-46.48,-46.48,-46.35,-45.92,-46.07,-46.60,-46.58,-47.14,-46.93,-46.98,-46.88,-46.93,-47.01,-47.14,-47.42,-47.62,-47.96,-47.52,-47.86,-47.67,-47.26,-47.39,-47.29,-47.06,-46.83,-46.60,-46.93,-47.60,-47.52,-47.16,-46.91,-47.16,-46.73,-46.86,-47.14,-45.95,-42.22,-41.52,-44.52,-46.55,-47.55,-47.52,-47.62,-47.39,-47.19,-47.60,-47.55,-46.75,-46.55,-46.93,-47.14,-47.19,-47.11,-47.03,-46.83,-47.06,-47.19,-47.08,-46.73,-47.16,-47.42,-47.67,-47.37,-47.52,-47.47,-47.49,-47.55,-47.49,-47.62,-47.65,-47.52,-47.55,-47.42,-47.55,-47.83,-47.31,-46.20,-45.03,-44.67,-45.75,-46.86,-47.26,-47.52,-47.16,-47.37,-46.91,-46.60,-47.34,-47.26,-46.70,-46.50,-46.68,-46.78,-46.63,-46.63,-46.50,-46.55,-46.35,-46.15,-46.25,-45.65,-45.87,-45.92,-45.48,-45.23,-45.33,-45.28,-45.08,-44.96,-44.86,-45.16,-45.26,-45.26,-45.38,-45.38,-44.72,-44.67,-44.99,-45.01,-44.91,-44.91,-44.86,-45.26,-44.84,-44.72,-44.59,-44.62,-44.79,-44.57,-44.35,-44.67,-44.62,-44.47,-44.47,-44.96
-38.85,-40.14,-41.85,-42.68,-43.51,-43.82,-43.80,-43.89,-44.74,-45.33,-45.75,-45.85,-45.68,-45.48,-45.43,-45.16,-45.03,-45.30,-45.60,-45.68,-45.75,-45.40,-45.97,-45.82,-46.22,-46.10,-45.97,-46.00,-45.90,-46.00,-46.53,-46.75,-46.53,-46.35,-46.55,-46.55,-46.75,-46.80,-46.63,-47.11,-47.60,-47.21,-46.65,-47.42,-47.52,-46.88,-47.11,-46.91,-46.78,-46.73,-46.35,-46.58,-47.31,-47.26,-46.98,-46.88,-46.98,-46.65,-46.40,-46.68,-45.78,-41.82,-41.34,-44.35,-46.40,-47.11,-47.19,-47.16,-47.14,-47.01,-47.08,-46.98,-46.35,-46.10,-46.50,-46.78,-46.86,-46.86,-46.80,-46.68,-46.83,-47.11,-46.80,-46.55,-46.93,-47.21,-47.57,-47.47,-47.19,-47.16,-47.24,-47.49,-47.42,-47.39,-47.34,-47.34,-47.29,-47.16,-47.01,-46.88,-46.48,-45.40,-44.72,-45.30,-46.07,-46.63,-46.35,-46.65,-46.91,-46.05,-46.70,-46.98,-46.58,-46.55,-46.78,-46.58,-46.50,-46.68,-46.68,-46.35,-45.92,-46.38,-46.25,-46.20,-46.07,-45.40,-45.58,-45.48,-45.16,-45.08,-45.03,-45.18,-44.91,-44.81,-45.01,-44.72,-44.74,-44.96,-45.16,-45.28,-44.91,-44.52,-44.86,-44.69,-44.74,-44.69,-44.42,-44.96,-44.52,-44.52,-44.40,-44.28,-44.30,-44.45,-43.75,-43.46,-43.87,-44.26,-44.13,-44.55
-39.58,-40.21,-43.04,-42.97,-43.37,-43.58,-43.73,-44.18,-44.64,-44.79,-44.79,-44.89,-45.18,-45.48,-45.33,-45.11,-44.81,-45.13,-45.43,-45.38,-45.55,-45.03,-45.68,-45.70,-45.87,-45.87,-45.65,-45.65,-45.95,-45.87,-46.07,-46.40,-46.30,-45.63,-45.85,-45.95,-46.07,-46.48,-46.65,-46.98,-47.06,-47.34,-46.83,-47.11,-47.26,-46.86,-46.88,-46.60,-46.33,-46.20,-45.90,-45.87,-46.70,-47.03,-46.70,-46.58,-46.35,-45.85,-45.63,-46.02,-44.59,-41.20,-41.22,-44.06,-46.33,-46.48,-46.55,-46.86,-46.80,-46.65,-46.75,-46.75,-46.43,-46.07,-46.05,-46.48,-46.60,-46.53,-46.65,-46.78,-46.86,-46.96,-46.53,-46.12,-46.20,-46.75,-47.16,-46.83,-46.58,-46.75,-47.16,-46.93,-46.88,-46.88,-46.78,-46.93,-46.73,-46.58,-46.33,-45.97,-45.16,-44.35,-44.79,-45.82,-46.22,-46.33,-46.45,-46.65,-47.08,-46.53,-47.21,-46.65,-46.78,-46.43,-46.60,-46.40,-45.87,-45.82,-46.17,-46.00,-45.65,-46.22,-45.78,-45.97,-45.65,-45.23,-45.38,-45.21,-45.01,-44.96,-44.89,-45.23,-45.01,-44.62,-45.08,-44.52,-44.55,-44.64,-44.57,-44.55,-44.50,-44.45,-44.38,-44.42,-44.57,-44.52,-44.33,-44.28,-44.01,-44.13,-44.06,-43.99,-43.92,-43.82,-43.51,-43.61,-43.80,-43.87,-43.85,-43.94
-39.12,-39.94,-42.33,-42.99,-43.27,-43.44,-43.49,-43.49,-44.42,-44.30,-44.26,-44.23,-44.52,-45.38,-45.21,-44.64,-44.69,-44.94,-45.11,-44.79,-45.08,-45.35,-45.13,-45.48,-45.70,-45.38,-45.18,-45.43,-45.21,-45.23,-45.90,-46.38,-45.92,-45.68,-45.80,-45.90,-45.82,-46.02,-46.53,-46.80,-46.80,-46.96,-46.83,-46.86,-46.70,-46.63,-46.43,-45.97,-45.43,-45.11,-44.94,-44.89,-45.53,-46.07,-45.78,-45.35,-44.67,-44.01,-44.09,-44.33,-42.97,-40.36,-40.70,-44.13,-46.20,-46.30,-46.45,-46.70,-46.58,-46.33,-46.60,-46.83,-46.33,-45.90,-46.10,-46.30,-46.45,-46.48,-46.02,-45.97,-46.45,-46.40,-46.05,-45.73,-45.63,-45.82,-46.40,-46.15,-45.75,-46.38,-47.03,-46.58,-46.27,-46.38,-46.48,-46.43,-46.17,-45.85,-45.53,-44.96,-43.99,-43.92,-45.06,-45.90,-46.33,-46.33,-46.38,-46.07,-46.50,-46.15,-46.80,-46.33,-46.45,-46.25,-46.38,-46.10,-45.55,-45.45,-45.48,-45.28,-45.43,-45.70,-45.33,-45.87,-45.23,-45.18,-45.40,-45.01,-44.69,-44.67,-44.84,-45.11,-44.91,-44.16,-45.01,-44.42,-44.16,-44.16,-44.38,-44.35,-43.85,-43.75,-44.21,-44.18,-44.40,-44.38,-44.09,-43.92,-43.58,-43.70,-43.80,-43.77,-43.77,-43.85,-43.77,-43.87,-43.46,-43.46,-43.87,-43.75
-38.46,-41.13,-42.24,-42.71,-43.11,-43.44,-43.56,-43.23,-44.06,-44.57,-44.42,-44.01,-43.99,-45.01,-44.77,-44.11,-44.26,-44.52,-44.42,-44.23,-44.77,-44.89,-44.81,-45.13,-45.50,-45.43,-45.03,-44.96,-45.06,-45.33,-45.48,-46.05,-45.87,-45.85,-45.78,-45.68,-45.87,-46.05,-45.80,-46.45,-46.55,-46.58,-46.53,-46.30,-46.22,-46.22,-46.00,-45.26,-44.16,-43.18,-42.80,-43.04,-43.51,-43.73,-43.39,-42.29,-40.95,-40.25,-40.05,-39.65,-39.60,-38.11,-39.34,-43.99,-45.70,-45.70,-45.85,-46.00,-45.92,-45.95,-46.33,-46.33,-45.70,-45.26,-45.38,-45.87,-45.95,-45.78,-45.53,-45.70,-46.10,-45.60,-45.43,-45.50,-45.48,-45.80,-45.92,-45.92,-45.73,-46.15,-46.48,-46.17,-46.00,-46.05,-46.33,-46.22,-45.90,-45.45,-44.62,-43.87,-43.65,-44.42,-45.58,-46.15,-46.35,-46.17,-46.15,-45.70,-45.75,-45.58,-46.58,-45.82,-46.02,-45.80,-45.45,-45.38,-45.35,-45.28,-45.40,-45.48,-45.26,-45.26,-45.08,-45.35,-45.06,-44.84,-45.06,-44.72,-44.47,-44.62,-44.77,-44.69,-44.45,-43.87,-44.40,-44.28,-44.13,-44.13,-44.23,-44.18,-43.92,-43.75,-44.26,-44.45,-44.42,-44.33,-44.11,-43.61,-43.51,-43.61,-43.68,-43.63,-43.70,-43.92,-43.73,-43.61,-43.23,-43.20,-43.37,-43.61
-38.31,-41.48,-42.54,-42.85,-42.71,-42.99,-43.75,-43.27,-44.18,-44.40,-44.16,-43.85,-43.92,-44.45,-44.23,-44.04,-43.87,-44.11,-44.64,-44.35,-44.59,-44.94,-44.96,-44.94,-44.69,-44.59,-44.99,-45.35,-44.77,-45.23,-45.50,-45.65,-45.80,-45.70,-45.63,-45.65,-45.90,-45.97,-45.48,-45.97,-46.10,-46.15,-46.17,-45.90,-45.92,-45.97,-45.85,-45.16,-43.27,-40.93,-39.94,-40.23,-41.00,-40.45,-38.44,-34.92,-31.46,-30.20,-28.93,-29.48,-29.93,-30.79,-36.16,-42.36,-45.21,-45.18,-45.50,-45.63,-45.63,-45.92,-46.17,-45.85,-45.35,-45.35,-45.50,-45.65,-45.75,-45.78,-45.45,-45.18,-45.40,-45.58,-45.33,-45.30,-45.23,-45.08,-46.00,-45.53,-45.26,-45.63,-45.92,-46.00,-45.55,-45.53,-45.85,-46.07,-45.70,-44.91,-43.54,-43.37,-44.13,-44.84,-45.60,-46.00,-45.97,-45.48,-45.75,-45.68,-45.68,-45.43,-46.17,-45.68,-45.85,-45.23,-45.48,-45.23,-44.79,-44.94,-45.18,-45.06,-44.99,-45.30,-45.18,-45.28,-45.26,-44.79,-44.74,-44.38,-44.55,-44.79,-44.59,-44.23,-43.92,-43.68,-43.68,-43.97,-43.99,-43.99,-44.04,-43.85,-43.51,-43.68,-44.21,-43.87,-43.75,-43.73,-43.54,-43.20,-43.32,-43.51,-43.65,-43.51,-43.46,-43.63,-43.44,-43.44,-43.39,-43.08,-43.13,-43.30
-38.14,-41.16,-42.45,-42.82,-42.66,-42.68,-43.51,-42.87,-43.92,-44.04,-43.70,-43.51,-43.85,-43.77,-43.80,-44.11,-44.09,-44.09,-44.42,-44.11,-44.50,-44.81,-44.84,-44.57,-44.55,-44.72,-44.79,-44.89,-44.74,-44.67,-45.16,-45.30,-45.55,-45.40,-45.26,-45.40,-45.55,-45.50,-45.50,-45.45,-45.65,-45.63,-45.55,-45.40,-45.35,-45.45,-45.55,-45.18,-43.54,-41.11,-39.71,-39.43,-39.40,-38.11,-34.37,-25.97,-16.72,-13.14,-11.45,-11.79,-12.37,-18.93,-30.75,-40.12,-44.84,-45.78,-45.65,-45.38,-45.58,-45.82,-45.70,-45.85,-45.92,-45.43,-45.13,-45.45,-45.63,-45.53,-45.70,-45.75,-45.28,-44.94,-45.68,-45.50,-45.11,-44.55,-45.78,-45.18,-45.55,-45.60,-45.60,-45.78,-45.63,-45.33,-45.23,-45.23,-44.52,-43.58,-42.90,-43.85,-44.69,-44.84,-45.11,-45.26,-45.30,-44.77,-45.28,-45.43,-45.53,-45.33,-45.55,-45.23,-45.16,-44.69,-45.30,-45.03,-44.79,-44.99,-44.91,-44.74,-44.94,-44.96,-44.59,-44.74,-44.67,-44.01,-44.11,-43.94,-44.04,-44.16,-44.06,-43.82,-43.49,-43.13,-43.18,-43.49,-43.54,-43.61,-43.77,-43.77,-43.63,-43.65,-43.87,-43.70,-43.58,-43.15,-42.85,-43.01,-43.23,-43.51,-43.37,-43.27,-43.32,-43.39,-43.32,-43.37,-43.18,-42.90,-42.75,-42.64
-39.65,-41.41,-42.22,-42.40,-42.45,-42.59,-42.85,-42.22,-43.01,-43.54,-43.46,-43.18,-43.13,-43.39,-43.56,-43.80,-43.89,-43.99,-44.38,-43.73,-43.70,-44.40,-44.35,-44.40,-44.30,-44.23,-44.47,-44.52,-44.81,-44.26,-45.11,-44.96,-45.08,-45.06,-45.06,-45.23,-45.33,-45.48,-45.43,-45.28,-45.40,-44.96,-44.47,-43.99,-43.73,-44.09,-44.81,-44.96,-44.50,-43.82,-42.36,-42.01,-41.38,-40.86,-37.43,-23.15,-6.97,-2.53,-1.80,-2.81,-3.88,-9.82,-24.75,-37.38,-43.34,-44.64,-44.84,-44.96,-44.91,-45.11,-45.65,-45.75,-45.38,-45.11,-44.89,-45.48,-45.68,-45.43,-45.08,-44.86,-45.16,-44.62,-45.35,-45.26,-44.52,-45.03,-45.43,-44.86,-45.16,-45.01,-45.70,-45.18,-45.08,-45.18,-44.72,-44.33,-43.06,-42.78,-43.70,-44.74,-44.72,-44.52,-44.72,-44.84,-44.81,-44.69,-45.01,-44.96,-44.86,-44.72,-45.01,-45.08,-44.69,-44.67,-45.03,-44.57,-44.55,-44.45,-44.16,-44.04,-44.18,-44.47,-44.35,-44.01,-43.75,-42.94,-43.56,-43.46,-43.15,-43.15,-43.27,-43.18,-42.78,-42.38,-42.85,-43.01,-43.23,-43.27,-43.39,-43.58,-43.65,-43.37,-43.39,-43.06,-43.13,-43.01,-42.94,-43.01,-43.23,-43.51,-43.01,-42.97,-43.04,-43.11,-43.20,-42.90,-42.59,-42.45,-42.08,-41.52
-40.61,-41.13,-42.01,-42.33,-42.38,-42.59,-42.47,-41.91,-42.43,-42.92,-43.06,-42.87,-42.82,-42.92,-43.04,-43.15,-43.37,-43.63,-43.85,-43.85,-43.51,-44.06,-44.23,-43.87,-44.11,-44.72,-44.55,-44.35,-44.23,-44.13,-44.72,-44.52,-44.62,-44.74,-44.81,-44.99,-45.13,-45.53,-45.28,-45.23,-44.91,-43.73,-42.64,-42.10,-41.34,-41.52,-42.90,-43.94,-44.04,-44.01,-43.37,-43.63,-43.54,-43.23,-38.96,-26.05,-6.11,-0.49,0.13,-0.56,-1.61,-4.18,-15.32,-31.09,-40.72,-43.99,-45.01,-44.72,-44.47,-44.89,-45.23,-45.26,-45.21,-45.03,-45.23,-45.23,-45.06,-44.91,-44.94,-44.99,-44.81,-44.81,-45.01,-45.06,-44.77,-44.26,-45.33,-45.18,-44.50,-44.72,-44.42,-45.06,-45.08,-44.35,-44.09,-42.61,-42.47,-43.08,-44.04,-44.64,-44.13,-43.97,-44.28,-44.18,-44.45,-44.64,-44.40,-44.38,-44.26,-44.13,-44.40,-44.57,-44.18,-44.38,-44.26,-43.94,-43.46,-43.08,-42.92,-42.80,-42.94,-43.13,-42.97,-42.59,-41.98,-41.66,-41.11,-40.77,-41.66,-42.19,-42.59,-42.64,-42.22,-42.36,-42.64,-42.64,-43.04,-42.97,-42.94,-43.11,-43.27,-43.23,-43.01,-42.85,-42.99,-43.11,-43.01,-42.82,-42.97,-43.20,-43.01,-42.97,-42.92,-42.97,-43.04,-42.43,-42.08,-41.59,-40.86,-40.21
-40.36,-40.36,-41.32,-42.05,-42.31,-42.45,-42.45,-41.96,-42.38,-42.61,-42.47,-42.47,-42.52,-42.19,-42.19,-42.54,-42.68,-42.61,-43.25,-43.44,-43.58,-43.75,-43.85,-43.46,-43.65,-44.64,-44.30,-44.16,-43.63,-44.04,-44.40,-44.28,-44.28,-44.42,-44.45,-44.33,-44.52,-44.79,-44.84,-44.57,-43.39,-41.96,-40.41,-40.05,-39.60,-39.87,-40.86,-41.82,-42.64,-42.78,-43.27,-42.99,-43.73,-42.80,-38.88,-25.38,-5.73,-0.01,0.85,0.24,-0.68,-1.94,-7.09,-21.99,-36.81,-43.01,-44.40,-44.67,-44.52,-44.72,-44.94,-44.79,-44.84,-44.50,-44.33,-44.67,-44.69,-44.55,-44.55,-44.64,-44.67,-44.62,-44.99,-43.70,-43.68,-44.09,-45.01,-44.21,-44.28,-44.81,-44.77,-44.81,-43.99,-43.87,-43.04,-41.78,-41.96,-43.30,-44.38,-44.55,-44.23,-44.38,-44.45,-44.11,-43.92,-43.70,-43.51,-43.56,-43.56,-43.68,-43.49,-43.04,-43.13,-43.20,-42.90,-42.61,-41.98,-41.20,-40.75,-40.54,-40.48,-40.41,-39.80,-38.55,-37.83,-36.43,-35.47,-35.93,-37.43,-39.29,-41.06,-41.96,-41.87,-41.64,-42.05,-42.24,-42.50,-42.59,-42.73,-42.75,-42.94,-43.06,-42.75,-42.57,-42.82,-42.94,-42.75,-42.54,-42.45,-42.29,-42.90,-42.66,-42.64,-42.64,-42.17,-41.48,-40.75,-39.76,-39.32,-39.16
-39.51,-39.78,-40.50,-41.18,-41.50,-41.89,-41.61,-41.82,-41.98,-42.10,-41.91,-41.43,-41.71,-41.73,-41.75,-42.01,-42.10,-41.87,-42.36,-42.52,-43.42,-43.18,-43.11,-43.30,-43.58,-44.23,-43.70,-43.65,-43.39,-43.73,-44.11,-44.18,-44.11,-44.21,-44.16,-43.80,-44.01,-44.45,-44.40,-44.01,-42.05,-39.96,-39.09,-38.83,-38.22,-38.05,-38.74,-39.54,-40.27,-40.63,-41.50,-41.73,-41.96,-42.05,-38.98,-24.06,-5.02,0.44,1.04,0.58,-0.07,-0.91,-4.53,-18.00,-34.13,-42.33,-43.92,-44.16,-43.89,-44.16,-44.86,-44.59,-44.16,-43.75,-44.01,-44.04,-44.23,-44.38,-44.16,-44.30,-44.16,-43.85,-44.06,-43.97,-43.61,-43.80,-44.30,-43.92,-43.97,-43.97,-43.82,-43.80,-43.34,-42.08,-40.57,-41.50,-42.57,-43.23,-43.63,-43.82,-43.56,-43.39,-43.42,-43.42,-43.08,-42.54,-42.59,-42.17,-41.87,-42.12,-41.32,-40.84,-40.93,-40.61,-39.98,-39.09,-38.03,-36.70,-35.78,-34.92,-33.72,-32.63,-31.42,-29.30,-27.48,-25.39,-23.90,-24.04,-29.35,-35.68,-39.49,-40.61,-40.88,-41.43,-41.48,-41.61,-42.19,-42.59,-42.80,-42.78,-42.73,-42.73,-42.57,-42.38,-42.57,-42.75,-42.61,-42.38,-42.50,-42.47,-42.50,-42.29,-41.94,-41.52,-41.22,-41.00,-39.40,-38.85,-38.57,-38.70
-38.98,-39.49,-40.27,-40.79,-41.04,-41.48,-41.38,-41.75,-41.87,-42.10,-42.29,-41.11,-40.59,-40.95,-41.18,-41.27,-41.38,-41.57,-41.91,-41.91,-42.66,-42.54,-42.47,-42.82,-43.27,-43.77,-43.46,-43.08,-43.25,-43.25,-43.70,-43.89,-44.06,-44.04,-43.68,-43.75,-43.58,-44.21,-44.06,-42.66,-41.52,-39.36,-38.72,-38.09,-37.34,-37.17,-37.11,-36.70,-36.47,-36.75,-38.29,-38.96,-40.68,-41.00,-37.38,-21.66,-4.45,0.58,1.11,0.57,0.15,-0.56,-4.65,-20.04,-35.76,-41.98,-43.04,-43.32,-43.61,-43.77,-44.01,-43.89,-43.85,-43.49,-43.70,-43.58,-43.87,-43.85,-43.63,-43.39,-43.61,-43.68,-43.82,-43.77,-43.65,-43.15,-43.89,-43.37,-43.65,-43.56,-43.42,-42.73,-41.52,-40.75,-40.59,-41.80,-42.26,-42.17,-42.19,-42.43,-42.43,-42.45,-42.05,-41.25,-40.70,-40.45,-40.03,-39.12,-38.57,-37.66,-36.49,-35.66,-34.84,-33.82,-32.18,-30.24,-28.02,-25.96,-24.16,-22.36,-20.59,-18.98,-17.34,-15.44,-13.82,-12.63,-11.65,-12.59,-19.27,-28.76,-35.78,-39.01,-40.21,-40.72,-41.59,-42.05,-42.17,-42.33,-42.57,-42.61,-42.52,-42.43,-42.43,-42.36,-42.29,-42.57,-42.47,-42.29,-42.10,-41.87,-42.05,-41.34,-40.95,-40.48,-39.80,-39.34,-38.44,-38.72,-39.20,-39.56
-38.79,-39.38,-39.85,-40.21,-40.41,-40.52,-40.88,-41.22,-41.38,-41.38,-41.20,-40.91,-40.52,-40.84,-40.95,-40.81,-40.59,-40.68,-41.18,-41.22,-41.64,-41.87,-42.08,-42.29,-42.54,-43.13,-43.49,-42.75,-42.92,-42.87,-43.42,-43.61,-43.46,-43.51,-43.42,-43.30,-43.08,-43.42,-43.54,-42.38,-40.43,-38.59,-37.98,-37.45,-36.45,-35.70,-35.45,-35.10,-34.63,-34.61,-35.87,-36.26,-38.59,-38.74,-35.45,-19.56,-3.74,0.74,1.10,0.47,0.03,-0.68,-5.00,-21.28,-36.87,-41.29,-42.40,-42.92,-43.06,-43.20,-43.27,-43.13,-43.15,-43.20,-43.11,-43.39,-43.42,-43.18,-43.06,-43.01,-42.97,-43.08,-43.39,-43.25,-43.23,-42.47,-42.54,-42.33,-42.80,-41.75,-41.48,-40.32,-38.96,-39.91,-40.50,-41.00,-40.95,-40.86,-40.00,-39.94,-39.67,-38.83,-37.90,-36.87,-35.89,-34.96,-33.52,-31.81,-30.22,-28.17,-26.33,-24.32,-22.71,-20.76,-18.77,-16.66,-14.58,-12.69,-11.13,-9.97,-9.02,-8.07,-7.18,-6.44,-5.79,-5.65,-5.55,-6.41,-10.95,-20.46,-30.22,-36.39,-38.74,-39.85,-41.29,-41.13,-41.55,-41.80,-41.89,-42.08,-42.17,-42.10,-42.01,-42.03,-42.24,-42.19,-42.15,-42.01,-41.61,-41.22,-41.02,-40.00,-39.69,-39.18,-38.72,-38.77,-38.55,-39.27,-39.60,-39.83
-38.35,-38.48,-38.74,-39.18,-39.67,-40.23,-40.00,-40.32,-40.52,-40.66,-41.11,-40.84,-40.45,-40.50,-40.48,-40.36,-40.14,-39.67,-39.94,-40.09,-40.39,-40.95,-41.34,-41.45,-41.64,-42.38,-42.82,-42.43,-42.19,-42.61,-42.97,-43.06,-43.06,-43.06,-43.15,-43.25,-42.90,-42.57,-43.08,-42.75,-40.97,-38.96,-37.45,-37.02,-36.85,-36.16,-35.43,-34.88,-34.55,-34.71,-35.06,-35.00,-36.47,-36.81,-32.77,-17.62,-3.21,0.85,1.21,0.58,0.08,-0.59,-5.40,-21.45,-36.60,-40.50,-41.64,-42.29,-42.26,-42.40,-42.57,-42.47,-42.36,-42.40,-42.45,-42.45,-42.47,-42.26,-42.29,-42.17,-42.43,-41.75,-41.89,-42.17,-41.71,-40.75,-40.77,-40.66,-41.29,-39.32,-38.70,-36.37,-36.58,-37.66,-37.15,-36.96,-36.45,-35.41,-33.88,-32.51,-30.58,-28.91,-26.97,-24.70,-22.36,-19.93,-17.88,-15.53,-13.26,-11.68,-10.08,-8.73,-7.84,-7.21,-6.19,-5.85,-5.14,-4.56,-4.18,-4.09,-3.98,-3.81,-3.65,-3.41,-3.37,-3.40,-3.80,-4.05,-6.45,-12.91,-22.80,-31.85,-36.83,-38.85,-40.07,-40.97,-41.22,-41.75,-41.73,-41.66,-41.71,-41.85,-41.89,-42.05,-42.40,-41.87,-41.61,-41.43,-41.04,-40.39,-39.69,-38.72,-38.48,-38.53,-38.74,-39.01,-39.18,-39.78,-40.45,-40.72
-38.68,-38.61,-38.81,-39.25,-39.14,-39.71,-39.69,-39.85,-40.41,-40.86,-40.52,-40.21,-40.14,-40.09,-40.00,-39.91,-39.76,-38.83,-39.01,-39.16,-39.32,-39.83,-40.07,-39.96,-40.54,-41.48,-41.91,-41.89,-41.45,-42.03,-42.47,-42.71,-43.04,-42.97,-42.80,-42.75,-42.92,-42.59,-42.31,-42.50,-41.29,-39.56,-38.07,-37.15,-36.92,-36.79,-36.16,-35.58,-35.35,-34.86,-34.82,-35.20,-35.29,-34.61,-30.83,-15.94,-3.05,0.95,1.28,0.74,0.23,-0.72,-5.77,-21.73,-36.81,-40.48,-41.29,-41.61,-41.57,-41.66,-41.96,-41.98,-41.59,-41.50,-41.50,-40.84,-41.32,-41.27,-41.13,-40.45,-40.27,-39.60,-39.20,-39.14,-38.24,-37.30,-36.89,-35.97,-35.56,-33.34,-30.62,-29.13,-27.93,-26.74,-24.82,-23.10,-21.12,-18.74,-16.45,-14.39,-12.39,-10.76,-9.38,-8.47,-7.48,-6.28,-5.55,-4.66,-3.94,-3.83,-3.61,-3.17,-3.36,-3.35,-3.05,-3.01,-2.94,-2.69,-2.64,-2.78,-2.94,-3.04,-2.97,-2.77,-2.88,-2.91,-3.23,-3.22,-4.39,-7.65,-15.05,-24.78,-32.79,-37.36,-39.65,-40.14,-40.59,-41.22,-41.73,-41.61,-41.82,-42.01,-41.87,-41.87,-42.10,-41.45,-40.79,-40.27,-39.71,-39.01,-38.68,-37.88,-38.22,-38.55,-38.96,-39.63,-39.94,-40.63,-40.66,-40.52
-38.16,-38.05,-38.22,-38.77,-38.05,-39.07,-39.20,-39.34,-39.67,-40.12,-40.16,-39.69,-39.69,-39.76,-39.83,-39.80,-39.54,-38.61,-38.79,-38.83,-38.92,-38.98,-39.01,-39.09,-39.78,-40.68,-41.00,-40.93,-40.77,-41.45,-42.29,-42.85,-42.97,-42.45,-42.19,-41.82,-41.55,-41.55,-41.94,-42.19,-41.50,-40.45,-39.23,-38.11,-37.38,-37.06,-36.87,-36.62,-36.62,-36.47,-36.22,-35.97,-35.78,-34.11,-30.05,-14.42,-2.77,0.87,1.12,0.63,0.15,-0.82,-6.29,-22.19,-36.77,-39.94,-40.57,-40.52,-40.25,-40.09,-40.32,-40.12,-39.20,-38.90,-39.03,-37.96,-37.98,-37.68,-36.37,-35.06,-34.06,-32.61,-31.02,-29.15,-26.92,-24.96,-22.56,-20.48,-19.17,-16.54,-14.58,-13.26,-11.76,-10.96,-9.66,-8.79,-7.70,-6.32,-5.55,-4.69,-4.17,-4.02,-3.62,-3.39,-3.36,-3.22,-3.14,-2.97,-2.69,-2.74,-2.70,-2.67,-2.87,-3.14,-3.06,-2.79,-2.62,-2.50,-2.42,-2.55,-2.56,-2.55,-2.54,-2.45,-2.60,-2.74,-2.79,-3.08,-3.44,-4.89,-8.94,-17.03,-26.40,-33.92,-38.03,-39.16,-40.21,-40.97,-41.11,-41.00,-41.32,-41.41,-41.18,-41.02,-40.77,-40.43,-39.45,-38.59,-38.05,-37.83,-38.11,-37.75,-38.66,-38.94,-39.51,-40.32,-40.18,-40.77,-40.59,-40.52
-37.68,-37.70,-38.05,-38.46,-37.75,-38.61,-38.79,-38.83,-39.01,-39.25,-39.96,-39.58,-39.38,-39.51,-39.69,-39.69,-39.45,-39.09,-38.94,-38.66,-38.61,-38.50,-38.22,-38.31,-38.61,-39.60,-39.78,-39.45,-39.67,-40.48,-41.29,-41.73,-41.78,-41.50,-41.06,-41.16,-40.84,-39.87,-40.18,-40.50,-40.30,-40.07,-39.87,-38.94,-37.85,-37.45,-37.17,-37.11,-37.04,-38.24,-37.73,-36.94,-36.56,-35.39,-30.58,-13.66,-2.27,0.99,1.18,0.72,0.34,-0.46,-6.15,-21.56,-35.20,-37.60,-37.75,-37.51,-36.79,-35.99,-35.53,-34.59,-32.85,-31.27,-30.01,-28.01,-26.38,-24.32,-21.94,-19.91,-18.21,-16.62,-14.70,-13.37,-11.32,-9.96,-8.56,-7.73,-7.02,-5.52,-5.19,-4.82,-4.00,-4.03,-3.76,-3.66,-3.12,-2.83,-2.56,-2.27,-2.36,-2.51,-2.64,-2.87,-2.77,-2.63,-2.83,-2.82,-2.62,-2.49,-2.33,-2.47,-2.56,-2.78,-2.95,-2.74,-2.53,-2.24,-2.16,-2.16,-2.19,-2.39,-2.35,-2.18,-2.51,-2.60,-2.70,-2.85,-2.86,-3.40,-5.36,-10.55,-18.85,-28.13,-34.82,-38.11,-39.85,-40.07,-40.70,-40.79,-40.72,-40.70,-40.57,-40.09,-39.56,-39.05,-37.81,-37.36,-37.36,-37.60,-38.29,-38.33,-39.09,-39.56,-40.03,-40.39,-40.21,-40.52,-40.54,-40.63
-37.90,-37.70,-37.83,-38.22,-37.90,-38.20,-38.42,-38.46,-38.59,-39.09,-39.74,-39.45,-39.32,-39.34,-39.40,-39.36,-39.07,-38.88,-38.74,-38.53,-38.68,-38.77,-38.33,-37.85,-37.96,-38.33,-38.57,-38.83,-38.46,-38.94,-39.63,-40.14,-40.79,-40.77,-41.04,-40.12,-39.34,-39.18,-39.67,-39.29,-39.05,-39.09,-39.25,-38.83,-38.01,-37.73,-37.15,-36.56,-36.60,-38.74,-37.53,-36.89,-36.54,-35.87,-30.69,-13.14,-1.95,1.25,1.27,0.79,0.68,0.04,-4.78,-18.43,-29.93,-30.24,-28.59,-26.87,-24.94,-22.97,-21.40,-19.59,-17.38,-15.52,-14.06,-12.50,-11.30,-9.65,-7.99,-6.78,-5.77,-5.12,-4.30,-4.15,-3.43,-3.18,-2.86,-3.12,-3.04,-2.59,-2.81,-2.87,-2.68,-2.97,-2.70,-2.65,-2.49,-2.54,-2.32,-2.28,-2.14,-2.26,-2.62,-2.79,-2.78,-2.69,-2.60,-2.56,-2.53,-2.50,-2.39,-2.67,-2.44,-2.58,-2.55,-2.51,-2.32,-2.09,-2.02,-1.94,-1.94,-2.13,-2.14,-2.02,-2.30,-2.41,-2.53,-2.13,-2.32,-2.53,-3.57,-6.64,-13.29,-22.87,-32.16,-37.32,-38.98,-39.49,-40.39,-40.05,-39.58,-39.34,-38.88,-38.05,-38.09,-37.47,-37.06,-37.38,-37.90,-38.42,-39.14,-39.40,-39.63,-39.91,-40.03,-40.05,-40.21,-40.36,-40.50,-40.48
-37.68,-37.70,-37.64,-38.01,-37.60,-37.83,-37.96,-38.03,-38.31,-39.14,-39.51,-39.01,-39.03,-39.07,-39.05,-39.18,-39.23,-38.81,-38.90,-38.68,-38.50,-38.68,-38.77,-38.20,-37.98,-38.03,-37.17,-37.62,-37.85,-38.07,-38.40,-38.88,-39.65,-40.14,-40.16,-38.85,-38.27,-38.42,-38.72,-38.59,-38.37,-38.42,-38.35,-38.22,-37.92,-37.04,-36.81,-36.20,-35.99,-36.94,-35.53,-34.35,-34.49,-33.68,-28.70,-11.98,-1.50,1.31,1.31,0.85,0.73,0.29,-2.86,-10.93,-16.40,-14.99,-12.97,-11.33,-10.03,-8.50,-7.16,-5.97,-4.77,-4.05,-3.55,-3.21,-3.14,-2.87,-2.40,-2.31,-2.40,-2.19,-2.17,-2.33,-2.30,-2.45,-2.31,-2.49,-2.53,-2.54,-2.70,-2.73,-2.78,-2.77,-2.68,-2.40,-2.40,-2.62,-2.44,-2.50,-2.45,-2.47,-2.55,-2.62,-2.74,-2.63,-2.47,-2.50,-2.49,-2.58,-2.58,-2.55,-2.67,-2.54,-2.39,-2.21,-2.21,-2.05,-1.98,-1.99,-2.02,-1.99,-1.91,-1.91,-1.95,-1.85,-1.66,-1.16,-1.41,-1.69,-2.19,-5.33,-12.53,-22.66,-31.93,-36.81,-38.50,-38.79,-39.27,-38.63,-38.18,-37.66,-37.04,-36.77,-37.26,-37.30,-37.38,-38.09,-38.63,-38.96,-39.51,-39.34,-39.60,-40.05,-40.39,-40.25,-39.74,-39.98,-40.27,-39.98
-37.26,-37.45,-37.62,-37.94,-37.30,-37.66,-37.66,-37.77,-38.27,-38.85,-39.07,-38.44,-38.22,-38.33,-38.57,-38.79,-38.81,-38.22,-38.35,-38.31,-38.16,-38.11,-37.88,-37.09,-36.94,-37.40,-36.89,-37.13,-36.94,-37.02,-37.45,-37.81,-38.46,-38.57,-38.68,-37.38,-37.06,-37.09,-37.04,-37.00,-36.85,-36.22,-35.68,-35.37,-34.77,-34.04,-33.40,-32.61,-31.42,-30.10,-28.21,-25.73,-24.40,-22.83,-18.81,-7.84,-0.67,1.37,1.34,0.78,0.49,0.36,-1.13,-3.49,-4.20,-3.23,-2.33,-2.12,-2.28,-2.05,-1.84,-1.72,-1.72,-1.85,-1.93,-1.90,-1.98,-1.90,-1.84,-1.86,-2.18,-2.17,-1.99,-2.08,-2.14,-2.41,-2.36,-2.44,-2.46,-2.45,-2.58,-2.72,-2.60,-2.69,-2.64,-2.40,-2.36,-2.50,-2.39,-2.50,-2.55,-2.36,-2.28,-2.39,-2.49,-2.40,-2.35,-2.44,-2.41,-2.42,-2.45,-2.37,-2.22,-2.39,-2.02,-1.80,-1.83,-1.48,-1.35,-1.28,-1.02,-0.82,-0.69,-0.67,-0.78,-0.66,-0.31,0.21,0.05,-0.49,-1.08,-5.11,-14.45,-25.29,-32.63,-36.12,-37.64,-37.32,-37.36,-36.66,-36.58,-36.66,-36.77,-36.98,-37.45,-37.49,-38.03,-38.59,-38.90,-38.85,-38.66,-38.90,-39.56,-39.87,-39.78,-39.45,-39.14,-39.36,-39.83,-39.32
-36.98,-37.00,-37.49,-37.75,-37.32,-37.77,-37.81,-37.81,-38.20,-38.37,-38.79,-38.18,-38.05,-38.20,-38.20,-38.07,-38.31,-37.38,-37.66,-37.83,-37.51,-37.11,-36.92,-36.94,-37.23,-36.58,-36.35,-36.03,-35.78,-35.56,-35.53,-35.93,-36.12,-34.96,-35.10,-34.19,-33.14,-32.77,-32.59,-32.08,-31.23,-29.82,-28.08,-26.15,-24.21,-22.75,-21.08,-19.49,-17.66,-15.80,-13.85,-11.79,-10.01,-8.73,-6.62,-2.79,-0.13,0.80,0.66,0.14,0.14,0.28,-0.22,-0.67,-0.78,-0.82,-0.69,-0.92,-1.12,-1.16,-1.37,-1.42,-1.43,-1.50,-1.84,-1.94,-2.12,-2.10,-2.08,-2.10,-2.09,-2.39,-2.10,-1.95,-2.27,-2.33,-2.22,-2.41,-2.50,-2.23,-2.37,-2.62,-2.41,-2.53,-2.44,-2.32,-2.32,-2.30,-2.33,-2.35,-2.22,-2.09,-2.13,-2.17,-2.07,-1.95,-1.89,-1.80,-1.71,-1.61,-1.45,-1.23,-1.08,-1.09,-0.86,-0.43,0.15,0.11,0.18,0.25,0.50,0.60,0.52,0.50,0.49,0.47,0.46,1.01,1.00,0.32,-0.36,-4.30,-13.99,-24.80,-31.54,-34.45,-35.72,-35.58,-35.53,-35.51,-35.53,-36.05,-36.77,-37.34,-37.70,-37.26,-37.00,-36.70,-37.04,-37.21,-36.73,-37.23,-37.66,-38.01,-38.66,-38.94,-38.57,-38.48,-38.88,-38.85
-36.92,-36.89,-37.09,-37.21,-37.11,-37.62,-37.85,-37.77,-37.73,-38.31,-38.35,-37.75,-37.38,-37.36,-37.53,-37.64,-37.32,-36.54,-36.20,-36.12,-35.93,-35.58,-35.41,-35.64,-35.18,-34.02,-33.70,-33.05,-32.20,-31.48,-30.98,-30.56,-29.88,-28.43,-26.90,-24.82,-23.14,-21.94,-20.76,-19.36,-17.75,-16.05,-14.30,-12.44,-10.73,-9.48,-8.15,-6.87,-5.19,-4.17,-3.14,-2.22,-1.51,-1.18,-0.91,-0.78,-0.64,-0.63,-0.82,-0.77,-0.39,-0.20,-0.42,-0.63,-0.71,-0.73,-0.92,-1.26,-1.32,-1.32,-1.47,-1.70,-1.75,-1.55,-1.61,-2.08,-2.30,-2.32,-2.14,-2.32,-2.03,-2.30,-2.13,-2.00,-2.32,-2.18,-2.16,-2.18,-2.44,-2.22,-2.35,-2.32,-2.09,-2.08,-1.94,-1.84,-1.75,-1.70,-1.59,-1.42,-1.28,-1.19,-1.12,-1.02,-0.76,-0.57,-0.42,-0.17,-0.13,0.08,0.31,0.13,0.21,0.35,0.44,0.71,1.39,1.17,1.12,0.99,1.23,1.37,1.23,1.33,1.51,1.40,1.55,1.94,1.77,1.32,0.46,-2.90,-10.82,-20.37,-27.77,-31.67,-33.12,-33.78,-34.17,-34.92,-35.29,-35.99,-36.58,-36.92,-37.06,-36.47,-35.00,-34.21,-34.47,-34.53,-33.92,-34.11,-35.29,-35.56,-36.03,-36.56,-37.06,-37.85,-38.29,-38.35
-36.98,-37.09,-36.68,-37.13,-36.94,-37.34,-37.47,-37.28,-37.26,-37.53,-37.64,-36.92,-36.47,-36.14,-35.70,-35.87,-35.14,-34.17,-33.74,-33.60,-33.06,-32.10,-31.67,-30.54,-29.80,-28.81,-27.37,-26.03,-24.21,-22.28,-20.76,-19.06,-17.62,-15.82,-14.09,-12.08,-10.95,-9.99,-8.85,-7.71,-6.60,-5.52,-4.52,-3.76,-3.17,-2.76,-2.22,-1.80,-0.84,-0.72,-0.64,-0.37,-0.29,-0.10,-0.33,-0.76,-1.31,-1.57,-1.52,-1.41,-1.04,-0.87,-1.14,-1.36,-1.37,-1.30,-1.32,-1.65,-1.74,-1.76,-1.80,-1.95,-1.97,-1.84,-1.81,-2.10,-2.24,-2.37,-2.04,-2.19,-1.97,-2.07,-2.03,-2.04,-2.00,-1.94,-1.83,-1.89,-1.85,-1.52,-1.62,-1.33,-1.12,-1.18,-0.77,-0.68,-0.51,-0.41,-0.10,0.08,0.09,0.18,0.32,0.45,0.66,0.69,0.71,0.92,1.03,1.22,1.40,1.66,1.40,1.46,1.48,1.76,2.08,2.17,2.07,2.17,2.06,1.83,1.85,1.96,1.79,1.61,1.67,1.61,2.00,1.54,0.67,-1.91,-7.16,-15.00,-23.48,-29.17,-30.86,-31.73,-32.91,-34.04,-34.94,-35.47,-35.51,-35.02,-34.17,-32.85,-32.24,-31.73,-31.58,-30.94,-30.14,-31.02,-32.51,-32.61,-33.22,-33.80,-34.25,-35.37,-36.07,-37.02
-36.56,-36.28,-36.35,-36.70,-36.37,-36.68,-36.66,-36.07,-35.74,-36.10,-35.56,-34.11,-32.99,-32.16,-31.29,-31.17,-29.56,-28.48,-27.68,-26.60,-25.10,-23.56,-21.74,-20.22,-18.36,-16.83,-15.43,-14.08,-12.34,-10.73,-9.68,-8.33,-7.32,-6.00,-5.27,-4.10,-3.63,-3.30,-3.04,-2.68,-2.37,-2.07,-1.76,-1.76,-1.72,-1.52,-1.12,-0.82,-0.47,-0.67,-0.64,-0.86,-0.97,-0.78,-1.06,-1.22,-1.50,-1.50,-1.31,-1.57,-1.48,-1.30,-1.55,-1.72,-1.89,-1.83,-1.66,-1.78,-1.79,-1.66,-1.72,-1.85,-1.72,-1.65,-1.85,-2.02,-2.03,-2.13,-2.00,-1.79,-1.52,-1.48,-1.57,-1.41,-1.38,-1.14,-0.87,-1.02,-0.62,0.00,0.16,0.21,0.28,0.25,0.77,0.87,0.90,0.95,1.37,1.49,1.42,1.59,1.77,1.91,2.03,1.99,2.00,2.17,2.28,2.49,2.76,2.94,2.76,2.49,2.36,2.51,2.32,2.40,2.35,2.45,2.45,2.38,2.40,2.29,2.00,1.84,1.94,1.93,1.71,1.34,0.71,-1.66,-6.44,-13.97,-22.50,-28.41,-29.88,-29.63,-30.43,-31.77,-32.77,-33.16,-32.67,-31.44,-30.07,-28.76,-28.94,-28.56,-27.88,-26.74,-26.26,-27.88,-30.24,-30.07,-29.86,-30.45,-31.95,-33.82,-35.08,-35.51
-36.41,-35.87,-35.91,-35.74,-35.72,-35.68,-35.18,-34.29,-33.46,-31.98,-29.95,-27.15,-24.96,-23.61,-22.51,-22.01,-19.96,-17.73,-16.26,-15.03,-13.50,-11.82,-10.38,-9.17,-8.14,-7.29,-6.39,-5.47,-4.52,-3.76,-3.36,-2.79,-2.64,-2.22,-2.44,-1.65,-1.56,-1.57,-1.70,-1.72,-1.60,-1.42,-1.36,-1.56,-1.50,-1.48,-1.35,-1.09,-1.11,-1.42,-1.16,-1.50,-1.56,-1.32,-1.56,-1.57,-1.57,-1.64,-1.53,-1.65,-1.69,-1.66,-1.71,-1.79,-1.91,-1.74,-1.60,-1.76,-1.76,-1.75,-1.60,-1.78,-1.35,-1.08,-1.52,-1.35,-1.27,-1.19,-0.84,-0.46,0.02,0.04,0.10,0.00,0.23,0.53,0.67,0.78,1.10,1.50,1.94,1.78,1.74,1.61,1.96,2.14,2.08,2.12,2.41,2.57,2.53,2.73,2.93,2.94,2.96,2.98,3.04,3.13,3.13,3.22,3.40,3.26,3.07,2.98,2.53,2.53,2.61,2.63,2.42,2.55,2.52,2.06,1.77,1.60,1.33,1.32,1.40,1.46,0.98,0.76,0.26,-1.93,-8.15,-17.19,-25.08,-28.76,-28.81,-26.88,-25.83,-26.88,-28.35,-28.94,-28.24,-26.90,-25.83,-25.39,-25.27,-24.45,-23.27,-22.21,-22.29,-24.42,-27.24,-27.08,-26.67,-27.42,-29.28,-31.13,-33.06,-34.04
-35.62,-35.66,-34.59,-33.88,-33.42,-32.22,-30.54,-28.93,-27.42,-24.49,-20.20,-16.65,-13.96,-12.31,-11.75,-10.95,-9.44,-8.17,-7.25,-6.39,-5.47,-4.79,-3.93,-3.22,-3.09,-2.99,-2.59,-2.18,-1.90,-1.79,-1.74,-1.40,-1.75,-1.75,-1.95,-1.33,-1.21,-1.36,-1.50,-1.55,-1.59,-1.53,-1.45,-1.53,-1.64,-1.71,-1.61,-1.47,-1.40,-1.83,-1.47,-1.57,-1.75,-1.66,-1.71,-1.64,-1.56,-1.55,-1.45,-1.52,-1.66,-1.61,-1.47,-1.43,-1.32,-1.01,-1.01,-1.03,-1.01,-0.84,-0.69,-0.57,-0.01,0.37,0.28,0.44,0.69,0.85,0.96,1.40,1.89,1.71,1.85,1.45,1.76,1.91,1.85,1.96,2.23,2.31,2.77,2.75,2.70,2.45,2.69,2.85,2.81,2.72,2.75,2.91,3.13,3.30,3.43,3.34,3.27,3.33,3.45,3.50,3.33,3.21,3.28,3.10,2.77,2.49,2.14,1.89,1.84,1.94,1.80,1.76,1.66,1.53,1.53,1.46,1.27,1.10,1.00,1.07,0.72,0.46,0.18,-2.04,-9.09,-19.08,-26.24,-27.71,-26.42,-23.70,-21.20,-21.65,-23.03,-23.54,-22.98,-22.13,-21.73,-21.70,-21.40,-20.02,-18.63,-17.97,-18.66,-20.84,-23.48,-23.25,-23.51,-24.75,-26.74,-29.00,-30.77,-31.91
-34.21,-33.16,-31.95,-29.75,-28.02,-25.89,-23.15,-20.09,-17.11,-14.34,-10.85,-8.04,-6.19,-5.12,-4.62,-4.44,-3.87,-3.35,-2.83,-2.42,-2.24,-2.23,-1.89,-1.69,-1.66,-1.83,-1.60,-1.37,-1.41,-1.55,-1.59,-1.36,-1.61,-1.81,-1.76,-1.52,-1.27,-1.35,-1.45,-1.50,-1.57,-1.57,-1.45,-1.40,-1.61,-1.57,-1.42,-1.56,-1.30,-1.35,-1.30,-1.26,-1.14,-1.45,-1.40,-1.33,-1.03,-0.99,-1.04,-0.89,-0.69,-0.52,-0.37,-0.11,0.37,0.71,0.80,1.05,1.10,1.27,1.53,1.66,2.10,2.32,2.28,2.14,2.13,2.30,2.38,2.73,2.97,2.79,2.81,2.49,2.55,2.66,2.82,2.70,2.88,2.79,3.03,3.04,2.94,2.69,2.95,3.03,2.90,2.57,2.61,2.53,2.76,3.10,3.16,2.96,2.73,2.73,2.78,2.67,2.47,2.24,2.29,2.46,2.19,1.80,1.59,1.51,1.87,1.83,1.74,1.60,1.60,1.53,1.36,1.31,1.26,1.04,1.06,0.92,0.82,0.45,0.10,-1.64,-8.10,-16.97,-23.65,-25.48,-23.94,-21.50,-18.57,-17.16,-17.99,-18.17,-17.69,-17.61,-18.08,-17.66,-17.55,-16.16,-14.94,-14.81,-15.76,-17.42,-19.65,-19.69,-20.53,-22.13,-24.18,-26.24,-28.04,-29.47
-29.09,-26.88,-24.61,-22.26,-19.64,-16.62,-13.69,-11.22,-8.74,-7.43,-5.28,-3.58,-2.67,-2.36,-2.41,-2.53,-2.07,-1.88,-1.67,-1.61,-1.85,-1.78,-1.76,-1.65,-1.55,-1.64,-1.56,-1.41,-1.42,-1.52,-1.56,-1.60,-1.56,-1.60,-1.72,-1.50,-1.43,-1.46,-1.52,-1.60,-1.61,-1.52,-1.45,-1.46,-1.31,-1.36,-1.17,-1.23,-0.66,-0.61,-0.61,-0.72,-0.29,-0.17,-0.02,0.19,0.49,0.77,0.89,1.04,1.17,1.31,1.48,1.67,2.07,2.37,2.66,2.94,2.93,2.90,3.14,3.40,3.73,3.77,3.62,3.39,2.88,3.03,3.04,3.19,2.96,2.71,2.72,2.59,2.51,2.67,2.69,2.42,2.64,2.64,2.67,2.60,2.55,2.32,2.51,2.48,2.36,2.14,2.19,1.93,2.16,2.63,2.66,2.23,1.74,1.66,1.71,1.57,1.56,1.50,1.49,1.74,1.88,1.77,1.56,1.21,1.64,1.54,1.51,1.53,1.34,1.17,1.09,1.18,1.20,0.96,1.00,0.88,0.68,0.30,-0.12,-1.27,-5.77,-13.56,-20.95,-23.51,-21.43,-19.36,-17.20,-14.52,-13.81,-13.42,-13.53,-14.03,-14.36,-13.91,-14.16,-13.17,-12.44,-12.60,-13.56,-14.91,-16.37,-16.74,-18.02,-19.70,-21.50,-23.27,-25.45,-27.35
-21.31,-18.58,-15.62,-13.16,-10.81,-8.80,-7.20,-5.76,-4.19,-3.70,-2.95,-2.30,-1.86,-1.67,-2.09,-1.99,-1.71,-1.65,-1.59,-1.61,-1.88,-1.85,-1.90,-1.64,-1.59,-1.46,-1.61,-1.70,-1.56,-1.50,-1.57,-1.70,-1.78,-1.64,-1.55,-1.30,-1.22,-1.37,-1.53,-1.46,-1.31,-1.14,-0.74,-0.69,-0.53,-0.66,-0.56,-0.51,0.42,0.87,0.99,1.16,1.33,1.37,1.55,1.96,2.12,2.32,2.65,2.73,2.88,2.98,2.84,3.06,3.59,3.89,4.08,4.04,3.92,3.84,3.95,4.17,4.21,4.10,3.84,3.02,2.82,2.89,3.08,2.72,2.51,2.18,2.22,2.17,2.22,2.29,2.23,2.00,1.99,2.03,1.88,1.84,1.80,1.78,1.80,1.85,1.84,1.56,1.55,1.65,1.97,2.26,2.35,1.85,1.28,1.14,1.21,1.23,1.22,1.32,1.31,1.43,1.67,1.79,1.56,1.17,1.51,1.55,1.42,1.39,1.21,1.20,1.17,1.11,0.96,0.77,0.76,0.79,0.56,0.30,0.26,-0.73,-4.45,-11.32,-17.55,-19.73,-18.85,-17.78,-16.91,-14.25,-11.40,-10.13,-10.37,-11.02,-11.36,-11.46,-11.12,-10.88,-10.68,-10.88,-11.75,-13.03,-13.79,-14.40,-15.96,-17.70,-19.36,-21.12,-23.41,-25.67
-13.10,-10.86,-8.44,-7.01,-5.63,-4.60,-3.89,-3.24,-2.56,-2.30,-2.31,-2.18,-1.88,-1.69,-1.84,-1.79,-1.75,-1.66,-1.56,-1.48,-1.53,-1.64,-1.69,-1.36,-1.40,-1.43,-1.41,-1.43,-1.38,-1.23,-1.24,-1.06,-1.07,-1.07,-0.89,-0.51,-0.36,-0.29,-0.39,-0.39,-0.12,0.37,0.88,0.82,0.99,1.12,1.22,0.92,1.68,1.95,2.25,2.51,2.53,2.79,3.37,3.50,3.53,3.64,3.81,4.11,4.23,4.20,4.14,4.04,4.10,4.07,4.15,4.16,4.17,4.34,4.05,4.02,3.95,3.77,3.81,3.45,2.63,2.28,2.49,2.19,1.76,1.64,1.60,1.70,1.68,1.62,1.71,1.57,1.67,1.72,1.66,1.74,1.83,1.82,1.84,1.90,1.87,1.62,1.70,1.73,1.93,2.08,2.20,1.91,1.55,1.49,1.56,1.60,1.62,1.71,1.82,1.83,1.79,1.80,1.54,1.11,1.25,1.27,1.12,1.11,1.05,1.12,1.04,0.99,0.99,0.83,0.77,0.82,0.68,0.40,0.32,-0.47,-3.44,-9.34,-14.66,-16.49,-16.02,-15.61,-15.40,-13.60,-10.54,-8.76,-8.59,-9.15,-9.44,-9.23,-9.27,-9.26,-9.42,-9.80,-10.34,-11.02,-11.98,-12.82,-14.33,-16.19,-17.99,-19.81,-22.11,-24.19
-7.10,-5.75,-4.37,-3.79,-3.31,-2.92,-2.55,-2.16,-2.08,-2.12,-2.08,-1.88,-1.62,-1.52,-1.64,-1.71,-1.62,-1.35,-1.21,-1.21,-1.08,-1.01,-1.01,-0.78,-0.89,-1.03,-0.78,-0.52,-0.43,-0.18,-0.24,0.26,0.35,0.55,0.60,1.16,1.42,1.45,1.45,1.50,1.59,1.82,2.31,2.22,2.20,2.34,2.46,1.74,1.88,2.57,2.66,2.75,2.82,3.24,3.78,3.92,4.00,4.09,4.11,4.16,4.23,4.15,3.90,3.69,3.68,3.83,3.97,4.05,3.73,3.58,3.43,3.08,2.93,2.67,2.78,2.64,1.90,1.89,1.88,1.71,1.80,1.74,1.68,1.51,1.60,1.64,1.55,1.44,1.29,1.45,1.37,1.25,1.56,1.49,1.74,1.83,1.65,1.44,1.48,1.54,1.89,2.25,2.38,2.32,2.14,2.11,2.12,2.05,1.96,1.90,1.88,1.99,1.84,1.45,1.27,0.84,1.06,0.96,1.00,0.95,0.85,0.92,0.82,0.80,0.89,0.84,0.78,0.62,0.62,0.49,0.40,-0.26,-2.56,-7.55,-12.14,-13.93,-13.69,-13.31,-13.19,-12.05,-10.21,-8.41,-7.80,-7.90,-8.18,-8.36,-8.45,-8.85,-9.34,-9.65,-9.97,-10.46,-11.02,-11.53,-13.14,-14.99,-16.88,-18.82,-21.10,-22.55
-3.89,-3.10,-2.54,-2.36,-2.35,-2.17,-1.79,-1.48,-1.55,-1.79,-1.61,-1.18,-0.83,-0.81,-1.04,-0.94,-0.79,-0.51,-0.24,-0.16,-0.08,0.18,0.42,0.46,0.35,0.29,0.69,1.04,1.07,1.50,1.40,2.00,1.91,2.05,2.03,2.48,2.60,2.57,2.58,2.73,2.83,2.76,2.89,2.88,2.67,2.59,2.61,2.46,2.23,2.41,2.42,2.55,2.61,2.70,3.25,3.57,3.66,3.75,3.79,3.69,3.49,3.31,3.03,2.98,2.64,2.71,2.85,2.79,2.41,2.22,2.24,1.97,1.74,1.93,2.36,2.29,1.90,1.70,1.82,1.66,1.61,1.32,1.56,1.36,1.77,1.48,1.38,1.06,1.16,1.36,1.32,1.25,1.36,1.37,1.64,1.56,1.48,1.33,1.36,1.34,1.55,2.11,2.31,1.99,1.55,1.23,1.10,0.88,0.65,0.58,0.55,1.01,1.37,1.22,1.09,0.79,0.96,0.96,1.01,0.88,0.90,0.98,0.77,0.69,0.77,0.67,0.68,0.60,0.58,0.51,0.52,0.19,-1.59,-5.64,-9.22,-11.06,-12.04,-12.41,-11.88,-11.48,-10.51,-8.79,-7.84,-7.62,-7.73,-7.99,-7.96,-9.05,-9.44,-9.62,-9.62,-9.59,-9.90,-10.85,-12.30,-13.96,-15.82,-17.81,-19.53,-20.64
-2.32,-1.76,-1.51,-1.55,-1.59,-1.36,-0.89,-0.71,-0.71,-0.83,-0.62,-0.13,0.25,0.19,0.24,0.31,0.50,0.71,1.04,1.39,1.48,1.46,1.84,1.78,1.88,1.85,2.11,2.45,2.52,2.66,2.53,2.90,3.13,2.93,2.87,3.03,3.15,3.22,3.15,3.01,3.08,3.06,3.04,2.66,2.60,2.38,2.84,2.53,1.90,1.96,2.23,2.32,2.25,2.31,2.77,2.95,2.75,2.42,2.35,2.45,2.35,2.45,2.57,2.58,2.53,2.47,2.52,2.16,2.01,2.08,2.00,1.96,1.80,1.90,2.08,1.76,1.43,1.42,1.37,1.32,1.39,1.31,1.34,1.34,1.36,1.49,1.40,0.96,1.14,1.04,1.09,0.90,1.18,1.40,1.43,1.57,1.33,1.21,1.09,1.09,1.27,1.88,2.06,1.12,-0.05,-0.69,-0.87,-0.94,-1.04,-1.04,-0.96,-0.31,0.63,1.49,1.09,0.76,0.92,0.83,0.88,0.87,0.83,0.88,0.65,0.56,0.56,0.44,0.40,0.39,0.66,0.35,0.44,0.42,-0.84,-3.87,-6.80,-8.88,-10.41,-11.26,-10.93,-10.71,-10.35,-9.22,-8.10,-7.39,-7.33,-8.01,-9.19,-9.35,-9.48,-8.84,-8.37,-8.65,-8.99,-10.00,-11.63,-12.85,-14.25,-16.09,-17.89,-19.01
-1.11,-0.62,-0.36,-0.28,-0.16,-0.02,0.08,0.37,0.50,0.50,0.88,1.31,1.45,1.53,1.53,1.82,1.93,2.02,2.29,2.64,2.59,2.66,3.07,3.15,2.89,2.90,3.18,3.25,3.18,3.46,3.22,3.44,3.13,2.66,2.85,2.70,2.84,2.78,2.65,2.49,2.10,2.28,2.22,2.22,1.94,2.18,2.25,2.08,1.94,1.71,1.76,1.78,2.00,2.22,2.45,2.07,1.77,1.80,1.84,1.95,1.99,2.00,1.83,1.84,1.88,2.17,2.61,2.79,2.69,2.73,2.20,2.54,2.22,2.28,2.31,2.30,1.71,1.38,1.38,1.59,1.42,0.94,1.20,1.45,1.40,1.28,1.22,1.12,1.01,0.96,0.99,0.96,1.28,1.33,1.36,1.26,1.23,1.18,1.05,1.11,1.12,1.73,1.72,0.37,-0.97,-1.55,-1.70,-1.72,-1.79,-1.83,-1.71,-1.03,0.24,1.44,0.93,0.63,0.98,0.65,0.78,0.82,0.68,0.69,0.51,0.47,0.47,0.44,0.51,0.29,0.57,0.32,0.30,0.42,-0.31,-2.95,-6.04,-8.36,-9.66,-10.07,-9.68,-9.99,-9.56,-8.88,-7.92,-7.51,-7.75,-8.27,-10.07,-10.54,-9.68,-8.55,-7.96,-8.06,-8.61,-10.01,-11.23,-12.36,-13.42,-14.72,-16.45,-17.62
0.37,1.03,1.36,1.33,1.12,1.07,1.37,1.59,1.76,1.91,1.96,2.08,2.32,2.42,2.58,2.72,2.79,2.82,2.85,2.89,2.94,3.13,3.31,3.13,2.88,2.81,2.79,2.72,2.57,2.24,2.67,2.79,2.90,2.71,2.57,1.99,1.87,1.45,0.87,0.73,0.69,0.96,1.61,1.67,1.61,1.84,2.03,1.78,1.60,1.39,1.73,1.94,1.99,2.06,2.29,2.31,2.37,2.58,2.63,2.73,2.87,2.78,2.60,2.60,2.48,2.53,2.66,2.70,2.61,2.61,2.82,2.30,2.51,2.18,2.01,1.87,1.46,0.98,1.20,1.15,1.36,0.87,1.29,1.07,1.28,1.38,1.16,1.07,0.88,0.88,0.79,0.83,0.95,1.03,1.23,1.07,1.16,1.14,1.25,1.16,1.26,1.76,1.71,0.51,-0.94,-1.67,-1.85,-2.07,-2.10,-1.97,-1.86,-1.02,0.37,1.34,0.98,0.73,0.90,0.65,0.73,0.73,0.83,0.74,0.67,0.66,0.56,0.45,0.44,0.41,0.31,0.55,0.37,0.58,0.13,-2.36,-5.71,-8.30,-9.54,-9.61,-8.80,-9.56,-9.31,-8.95,-8.19,-7.92,-8.36,-9.06,-9.82,-8.83,-8.10,-7.65,-7.56,-7.80,-8.32,-10.03,-10.82,-11.58,-12.20,-13.10,-14.99,-16.11
2.20,2.52,2.61,2.34,1.97,1.88,2.19,2.37,2.53,2.29,2.25,2.45,2.65,2.72,2.58,2.85,2.89,2.87,2.77,2.69,2.91,3.13,3.06,3.38,3.10,2.71,2.35,1.96,1.71,1.64,2.05,2.08,2.30,1.74,1.20,1.06,0.88,0.67,0.72,0.73,0.69,1.09,1.06,1.38,1.03,1.54,1.62,1.73,1.39,1.27,1.68,1.80,1.97,2.05,2.45,2.72,2.71,2.69,2.65,2.72,2.73,2.58,2.19,2.12,2.32,2.22,2.36,2.02,0.93,0.14,-0.13,-0.23,-0.03,0.69,1.11,1.79,1.45,1.14,1.17,1.11,1.16,1.07,1.27,0.98,1.07,1.38,1.32,1.06,0.89,1.01,0.95,0.87,0.99,1.04,1.09,0.99,1.15,0.94,1.14,0.93,1.15,1.68,1.73,0.65,-0.86,-1.81,-2.05,-2.16,-2.19,-2.12,-2.04,-1.26,0.07,1.29,1.04,0.76,0.89,0.69,0.76,0.73,0.89,0.77,0.83,0.83,0.68,0.52,0.40,0.61,0.40,0.83,0.47,0.67,0.21,-1.66,-4.66,-7.84,-9.68,-9.24,-8.29,-8.81,-9.10,-8.92,-8.36,-7.59,-7.48,-8.54,-8.65,-7.74,-7.48,-7.43,-7.41,-7.63,-8.50,-9.99,-10.38,-11.03,-11.97,-13.06,-14.12,-15.80
2.93,3.45,3.25,2.83,2.51,2.40,2.53,2.75,2.84,2.52,2.25,2.35,2.65,2.64,2.20,2.32,2.59,2.73,2.66,2.55,2.66,2.79,2.98,2.60,1.99,1.34,1.10,1.11,0.98,1.21,1.34,1.20,1.93,1.84,1.49,1.61,1.88,1.80,1.46,1.42,1.73,1.73,1.66,1.78,1.49,1.55,1.70,1.48,1.17,1.37,1.56,1.49,1.62,1.95,2.54,2.49,1.70,1.18,0.96,0.77,0.82,1.25,2.01,2.37,2.19,1.88,1.67,0.30,-0.82,-0.97,-0.73,-1.01,-0.97,-1.16,-0.69,1.68,1.28,1.14,1.05,1.00,1.06,0.95,1.07,1.26,1.18,1.14,0.99,1.10,0.74,1.01,0.90,0.84,0.88,1.00,1.05,1.26,1.23,1.05,1.22,1.09,1.28,1.73,1.73,0.58,-0.94,-1.84,-2.04,-2.00,-2.09,-2.10,-1.93,-1.30,0.05,1.31,1.17,0.79,0.88,0.77,0.82,0.79,0.79,0.71,0.78,0.82,0.82,0.74,0.60,0.77,0.74,0.82,0.53,0.68,0.30,-1.12,-3.71,-6.66,-8.56,-8.61,-7.60,-8.01,-8.73,-8.59,-7.82,-6.72,-6.35,-7.36,-7.55,-6.99,-7.17,-7.43,-7.58,-7.81,-8.65,-9.65,-10.20,-10.73,-11.49,-12.53,-13.78,-14.40
2.94,3.22,3.00,2.57,2.49,2.53,2.25,2.25,2.10,2.03,1.95,1.90,1.99,2.18,2.02,2.17,2.38,2.57,2.64,2.60,2.58,2.53,2.55,2.53,1.84,1.49,1.64,1.78,1.76,1.64,2.18,1.87,2.13,1.84,1.90,1.82,1.54,1.22,0.99,0.99,1.23,1.46,1.83,1.44,1.42,1.48,1.49,1.32,1.21,1.01,1.29,1.56,1.39,1.65,1.99,0.99,-0.36,-0.81,-1.01,-1.19,-1.08,-0.93,-0.18,1.14,1.73,1.78,1.37,0.02,-1.07,-1.30,-1.46,-1.31,-1.18,-1.04,0.29,1.85,1.18,1.00,0.88,0.74,1.03,0.88,0.82,0.96,0.73,1.00,0.93,0.62,0.77,0.87,0.82,0.96,1.01,0.85,0.83,0.78,0.92,0.88,0.87,0.82,0.89,1.33,1.60,0.55,-1.03,-1.85,-2.05,-2.10,-2.17,-2.10,-1.79,-1.33,-0.07,1.32,1.25,0.94,0.76,0.89,0.82,0.89,0.78,0.68,0.84,0.90,0.87,0.82,0.62,0.84,0.79,0.60,0.67,0.83,0.55,-0.73,-2.85,-5.16,-6.87,-7.51,-7.17,-7.28,-8.32,-8.32,-7.71,-6.53,-5.93,-6.75,-6.82,-6.83,-7.06,-7.37,-7.65,-8.04,-8.83,-9.40,-9.79,-10.07,-10.73,-11.88,-12.92,-13.87
2.43,2.49,2.69,2.71,2.58,2.30,1.97,1.95,1.97,2.02,2.06,2.05,2.02,2.10,1.95,1.94,1.93,2.12,2.29,2.05,2.08,2.48,2.35,2.34,2.02,1.85,1.61,1.28,1.44,1.57,1.88,2.11,1.96,1.70,1.46,1.10,0.76,0.53,0.50,0.52,0.45,0.95,1.62,1.12,0.98,1.03,1.51,1.27,0.99,1.06,1.42,1.55,1.56,1.87,2.05,0.80,-0.76,-1.27,-1.40,-1.28,-1.26,-1.13,0.00,1.45,1.74,1.59,1.21,-0.01,-1.43,-1.48,-1.75,-1.60,-1.13,-1.17,-0.15,1.67,1.05,1.14,0.50,0.77,0.94,0.99,1.12,0.92,0.55,0.84,0.96,0.76,0.80,0.68,0.84,0.94,0.74,0.89,0.93,0.92,1.01,0.92,1.03,0.94,1.06,1.46,1.74,0.78,-0.84,-1.74,-2.09,-2.22,-2.10,-2.08,-1.79,-1.18,0.03,1.27,1.18,0.94,0.89,0.84,0.84,0.98,0.79,0.80,1.00,0.98,0.96,1.01,0.83,0.94,0.87,0.68,0.78,0.96,0.71,-0.13,-1.85,-4.20,-6.13,-6.78,-6.98,-7.01,-8.55,-8.59,-8.36,-7.07,-5.84,-6.35,-6.41,-6.79,-7.16,-7.39,-7.62,-8.07,-8.98,-9.35,-9.56,-9.84,-10.58,-11.65,-12.57,-13.28
2.20,2.42,2.35,2.40,2.35,2.10,1.78,1.65,1.80,1.68,1.70,1.80,1.84,2.01,1.78,1.89,1.84,1.95,2.12,1.94,1.83,2.37,2.24,2.18,1.54,1.16,1.06,0.90,0.87,1.11,1.25,1.60,1.87,1.25,0.34,-0.03,-0.10,-0.23,-0.44,-0.52,-0.12,0.61,1.59,0.93,0.94,0.99,1.06,1.07,1.15,1.25,1.37,1.43,1.56,1.67,1.57,0.45,-1.04,-1.55,-1.56,-1.64,-1.59,-1.19,0.02,1.22,1.68,1.44,0.94,-0.16,-1.35,-1.38,-1.60,-1.67,-1.48,-1.38,0.31,1.82,0.89,0.90,0.77,0.95,0.84,0.74,0.83,0.87,0.63,0.80,0.99,0.69,0.73,0.61,0.92,1.07,0.88,0.76,0.72,0.89,0.83,0.84,0.76,0.87,0.82,1.15,1.53,0.82,-0.76,-1.86,-2.09,-2.00,-1.91,-1.78,-1.46,-0.91,0.11,1.10,1.33,1.14,1.16,1.01,1.21,1.23,1.12,1.16,1.26,1.27,1.36,1.49,1.32,1.29,1.42,1.26,1.07,1.11,0.92,0.40,-1.40,-4.06,-6.04,-6.63,-6.76,-7.28,-9.45,-9.62,-9.16,-7.33,-5.67,-6.07,-6.36,-7.24,-7.44,-7.44,-7.54,-8.04,-9.19,-9.38,-9.55,-9.84,-10.61,-11.72,-12.56,-13.22
2.05,2.16,2.06,1.94,1.91,1.89,1.62,1.55,1.67,1.65,1.55,1.59,1.85,2.02,1.61,1.79,1.79,1.84,2.01,1.89,1.84,2.32,2.13,1.53,0.58,0.05,0.02,0.09,0.13,0.31,0.50,1.48,1.66,1.22,-0.02,-0.52,-0.63,-0.69,-0.71,-0.81,-0.49,0.68,1.45,0.88,1.00,0.98,0.95,1.03,1.00,1.10,1.26,1.42,1.49,1.82,1.68,0.30,-1.30,-1.60,-1.35,-1.57,-1.61,-0.88,0.23,1.28,1.61,1.38,0.98,-0.41,-1.40,-1.69,-1.64,-1.71,-1.41,-1.17,-0.10,1.74,0.88,0.93,0.79,0.73,1.00,0.79,0.74,0.92,0.93,0.95,0.71,0.78,0.83,0.92,0.88,0.93,1.00,0.92,0.94,1.06,0.89,0.88,0.95,1.01,1.20,1.42,1.73,1.17,0.00,-0.62,-0.53,-0.31,-0.22,-0.05,0.26,0.50,0.93,1.68,1.83,1.48,1.53,1.74,1.99,1.77,1.71,1.88,2.07,2.22,2.30,2.28,2.17,2.05,2.05,1.94,1.65,1.54,1.45,0.58,-1.66,-4.19,-5.73,-6.40,-6.94,-7.66,-9.83,-10.68,-9.42,-6.93,-5.31,-5.89,-6.13,-7.70,-7.60,-7.39,-7.39,-7.74,-8.76,-8.95,-9.05,-9.30,-10.20,-11.53,-12.40,-13.09
2.11,2.08,1.78,1.60,1.65,1.72,1.49,1.39,1.42,1.53,1.53,1.46,1.54,1.85,1.44,1.59,1.74,1.83,1.84,1.78,1.67,2.34,1.85,1.55,0.52,-0.11,-0.17,-0.33,-0.32,-0.20,0.34,1.25,1.46,1.00,0.05,-0.51,-0.74,-0.67,-0.56,-0.78,-0.42,0.82,1.34,1.11,0.87,1.01,1.04,1.00,1.06,1.05,1.12,1.39,1.49,1.90,1.83,0.36,-1.30,-1.78,-1.64,-1.75,-1.61,-0.91,0.44,1.66,1.72,1.64,1.11,-0.27,-1.59,-1.53,-1.66,-1.72,-1.52,-1.17,-0.10,1.56,1.15,0.76,1.25,0.85,1.28,1.07,1.04,1.00,1.21,1.21,1.16,1.06,1.03,1.06,0.85,1.01,0.96,0.77,1.09,1.05,1.26,1.29,1.34,1.37,1.56,1.45,1.54,1.66,1.59,1.51,1.74,2.01,1.99,2.00,2.29,2.55,2.34,2.30,2.48,2.73,2.88,2.70,3.13,2.88,2.71,2.97,3.15,3.16,3.26,3.28,2.95,2.73,2.58,2.45,1.96,2.00,1.72,0.39,-2.30,-4.57,-5.43,-6.21,-7.39,-7.71,-9.09,-10.44,-8.97,-6.32,-4.82,-5.39,-5.37,-7.51,-7.28,-6.99,-6.97,-7.22,-7.84,-8.10,-8.27,-8.80,-9.83,-11.05,-12.07,-13.48
1.67,1.82,1.57,1.49,1.49,1.40,1.18,1.38,1.51,1.38,1.29,1.34,1.40,1.78,1.46,1.55,1.67,1.80,1.89,1.79,1.74,2.25,1.80,1.48,0.49,-0.21,-0.24,-0.28,-0.38,0.08,0.77,1.48,1.49,0.68,-0.13,-0.51,-0.76,-0.83,-0.81,-0.93,-0.41,0.67,1.20,0.94,0.72,0.89,0.94,1.00,1.07,1.10,1.05,1.26,1.36,1.67,1.67,0.25,-1.38,-1.90,-1.80,-1.52,-1.52,-1.22,0.26,1.66,1.65,1.51,1.03,-0.22,-1.55,-1.60,-1.52,-1.69,-1.24,-0.61,0.13,1.46,1.53,0.85,1.06,1.20,1.11,1.09,1.10,1.10,1.49,1.21,1.38,1.43,1.45,1.42,1.48,1.50,1.82,1.68,2.01,1.76,2.08,2.18,2.49,2.53,2.47,2.76,3.01,3.34,3.49,3.54,3.68,3.76,3.95,4.22,4.53,4.62,4.47,4.28,4.24,4.44,4.22,4.01,4.04,3.60,3.56,3.64,3.59,3.40,3.34,3.27,2.94,2.79,2.65,2.53,2.24,2.05,1.17,-0.77,-3.62,-5.45,-5.76,-6.44,-7.44,-7.51,-8.11,-8.84,-7.69,-5.51,-4.17,-4.57,-4.68,-6.89,-6.47,-6.29,-6.56,-6.91,-7.40,-7.54,-7.92,-8.97,-10.10,-11.19,-12.71,-15.14
1.10,1.40,1.40,1.33,1.31,1.29,1.17,1.15,1.31,1.15,1.03,1.10,1.29,1.61,1.37,1.38,1.43,1.56,1.65,1.57,1.89,2.24,1.72,1.23,0.30,-0.28,-0.33,-0.41,-0.51,-0.21,0.46,1.23,1.25,0.45,-0.41,-0.82,-0.99,-0.98,-1.01,-1.16,-0.49,0.45,1.14,0.69,0.63,0.69,0.89,0.99,0.96,0.93,0.92,1.06,1.18,1.48,1.48,0.41,-1.06,-1.67,-1.55,-1.38,-1.28,-0.73,0.20,1.36,1.51,1.23,0.78,-0.03,-0.52,-0.31,-0.36,0.04,0.18,0.50,0.78,1.51,1.42,1.32,1.36,1.25,1.84,1.64,1.70,1.67,1.77,1.91,2.25,2.57,2.40,2.91,2.89,3.00,3.32,3.47,3.40,3.43,3.68,3.78,4.23,4.37,4.36,4.44,4.72,4.95,5.12,5.20,5.05,4.94,4.97,5.04,5.19,5.01,4.78,4.45,4.56,4.51,4.12,3.82,3.72,3.53,3.52,3.52,3.41,3.10,2.97,3.18,3.15,2.76,2.66,2.32,1.87,1.64,0.51,-2.41,-5.31,-6.49,-6.59,-7.28,-7.58,-7.56,-7.52,-7.06,-5.79,-4.19,-3.30,-3.67,-4.19,-5.67,-5.56,-5.83,-6.28,-6.67,-7.37,-7.50,-8.03,-9.47,-10.92,-12.37,-14.76,-17.33
0.80,1.20,1.29,1.21,1.21,1.25,1.14,0.96,1.18,1.09,0.96,0.99,1.12,1.33,1.18,1.25,1.40,1.44,1.38,1.51,1.74,2.28,1.67,1.05,0.11,-0.41,-0.47,-0.62,-0.48,-0.10,0.42,1.14,0.79,0.08,-0.72,-0.98,-1.08,-1.19,-1.27,-1.22,-0.49,0.56,1.31,0.67,0.65,0.65,1.05,1.06,0.95,1.00,1.10,1.22,1.43,1.50,1.37,0.63,-0.20,-0.21,0.25,0.47,0.39,0.78,1.15,1.61,1.71,1.53,1.68,2.01,1.76,1.50,2.00,1.83,2.38,2.52,2.20,2.63,2.53,2.79,3.21,3.57,3.22,3.76,3.41,3.92,3.52,3.63,4.03,4.09,4.23,4.50,4.60,4.40,4.50,4.21,4.29,4.29,4.31,4.31,4.50,4.29,4.35,4.70,4.98,5.11,5.23,5.13,4.82,4.70,4.75,4.70,4.67,4.72,4.67,4.40,4.17,4.47,4.11,3.94,3.49,3.41,3.37,3.16,3.00,2.78,2.55,2.61,2.78,2.60,2.23,2.19,1.66,1.44,0.05,-3.36,-6.68,-7.66,-7.12,-7.50,-7.62,-6.86,-6.43,-5.97,-4.78,-3.54,-2.95,-3.14,-3.31,-4.18,-4.77,-5.27,-5.71,-6.28,-7.16,-7.41,-8.32,-10.11,-11.91,-13.69,-16.40,-18.87
0.77,1.14,1.20,1.16,1.16,1.15,1.11,0.88,1.06,1.01,0.90,0.94,1.09,1.25,1.14,1.21,1.40,1.37,1.21,1.51,1.66,1.96,1.40,0.80,0.02,-0.51,-0.63,-0.62,-0.48,-0.03,0.50,1.21,0.52,-0.02,-0.89,-1.22,-1.21,-1.38,-1.53,-1.26,-0.43,0.61,1.20,0.79,0.74,0.62,0.94,1.38,1.32,1.22,1.40,1.54,1.90,2.12,2.16,2.14,1.93,1.89,2.26,2.60,2.78,2.98,2.84,3.20,3.32,3.47,4.16,4.48,4.45,4.34,4.56,4.84,5.02,4.91,4.83,4.75,4.51,4.40,4.28,4.35,4.14,4.35,4.38,4.34,4.22,4.18,4.37,4.25,4.15,4.37,4.22,4.07,4.04,4.17,4.02,3.88,3.91,3.64,3.90,3.73,3.78,4.20,4.56,4.71,4.85,4.83,4.71,4.67,4.58,4.51,4.44,4.34,3.95,4.05,3.97,4.08,3.50,3.39,3.08,2.91,3.00,2.95,2.67,2.49,2.51,2.58,2.63,2.55,2.30,1.95,1.94,1.62,0.42,-2.70,-6.39,-7.82,-7.14,-7.48,-7.77,-6.43,-6.28,-5.99,-5.29,-4.14,-3.10,-2.92,-3.22,-3.46,-4.10,-4.73,-5.69,-6.94,-7.60,-7.17,-8.34,-10.58,-12.55,-14.06,-16.34,-18.41
0.85,1.17,1.11,1.12,1.14,1.15,1.22,0.87,0.96,1.00,1.00,1.05,1.15,1.37,1.15,1.22,1.32,1.27,1.21,1.39,1.62,1.54,0.95,0.71,0.13,-0.41,-0.51,-0.33,-0.21,0.24,0.71,1.10,0.42,-0.08,-0.62,-0.62,-0.39,-0.49,-0.61,-0.28,0.28,0.65,1.00,0.72,0.77,0.62,0.98,1.60,2.02,1.84,2.46,2.97,3.08,3.27,3.73,4.30,4.55,4.64,4.88,5.15,5.62,5.88,5.67,5.76,5.83,5.95,6.27,6.21,5.77,5.93,5.62,5.82,5.55,5.51,5.47,5.01,4.64,4.53,4.35,4.31,4.03,4.18,4.00,3.95,3.83,3.82,3.78,3.58,3.68,3.57,3.57,3.35,3.45,3.32,3.16,3.15,3.34,3.40,3.54,3.44,3.41,3.92,4.35,4.51,4.68,4.74,4.58,4.42,4.35,4.29,4.20,4.17,4.10,3.75,3.54,3.75,3.37,3.15,3.00,2.83,2.73,2.63,2.54,2.43,2.31,2.22,2.10,2.25,2.16,1.90,1.66,1.38,0.40,-1.74,-4.99,-7.02,-6.63,-6.63,-7.40,-6.56,-6.23,-6.66,-6.39,-5.12,-3.54,-2.74,-2.92,-3.17,-3.98,-4.94,-6.17,-7.41,-7.71,-7.41,-8.88,-10.66,-12.05,-13.28,-15.36,-16.82
0.83,1.22,1.14,1.17,1.21,1.11,1.04,1.04,1.09,1.14,1.18,1.21,1.21,1.37,1.17,1.33,1.39,1.34,1.36,1.42,1.56,1.65,1.21,0.98,0.61,0.30,0.29,0.46,0.61,0.94,1.17,1.21,0.61,0.50,0.34,0.58,0.79,0.63,0.47,0.65,0.96,0.95,1.04,0.87,1.07,0.92,1.21,2.26,3.27,2.95,3.57,4.28,4.53,4.78,5.10,5.25,5.42,5.73,5.89,6.04,6.14,5.96,5.84,5.71,5.84,5.85,5.95,6.11,5.85,5.93,5.62,5.83,5.29,5.42,5.34,4.91,4.41,4.37,3.83,3.82,3.52,3.44,3.50,3.57,3.69,3.72,3.51,3.70,3.65,3.57,3.46,3.40,3.44,3.50,3.45,3.47,3.45,3.49,3.44,3.14,3.32,3.84,4.16,4.36,4.38,4.12,3.87,3.90,4.03,3.77,3.52,3.60,3.58,3.39,3.25,3.21,3.07,2.77,2.79,2.63,2.31,2.16,1.99,1.84,1.79,1.68,1.62,1.97,1.80,1.66,1.67,1.46,0.63,-1.35,-4.07,-6.05,-6.39,-6.12,-7.07,-6.90,-6.79,-7.39,-7.12,-5.73,-3.93,-2.79,-2.40,-2.51,-3.92,-5.03,-5.88,-6.89,-7.59,-7.18,-8.91,-10.52,-11.51,-12.20,-13.32,-14.60
0.87,1.25,1.23,1.20,1.07,0.92,0.76,0.95,1.04,1.10,1.06,0.99,1.14,1.28,1.22,1.38,1.42,1.37,1.40,1.48,1.46,1.76,1.67,1.45,1.33,1.22,1.16,1.28,1.39,1.59,1.45,1.36,1.17,1.16,1.11,1.23,1.25,1.00,0.89,1.09,1.22,0.90,0.69,0.51,0.79,0.58,0.85,2.25,3.32,3.03,3.65,4.38,4.58,4.71,4.97,5.10,5.26,5.54,5.55,5.56,5.59,5.48,5.26,5.18,5.38,5.38,5.48,5.58,5.25,5.30,5.33,5.23,5.08,5.11,4.61,4.76,4.31,4.11,3.71,3.89,3.35,3.24,3.51,3.52,3.52,3.45,3.53,3.54,3.45,3.21,3.27,3.08,2.91,2.87,3.01,2.94,2.97,2.95,2.94,2.95,3.14,3.59,3.94,3.90,3.72,3.54,3.39,3.37,3.43,3.37,3.33,3.49,3.09,3.20,2.96,3.06,2.76,2.20,1.62,1.25,1.12,1.05,1.00,1.00,0.83,0.61,0.69,0.82,0.62,0.74,0.84,1.12,0.92,-1.01,-4.06,-6.35,-6.83,-6.87,-7.50,-7.59,-7.58,-8.03,-7.18,-5.22,-3.18,-2.09,-2.10,-2.53,-3.26,-4.37,-5.51,-6.31,-6.93,-7.32,-9.26,-10.66,-11.42,-11.94,-12.59,-12.62
0.96,1.10,1.09,1.03,0.85,0.73,0.90,0.73,0.98,1.05,0.95,0.87,0.98,1.28,1.21,1.26,1.32,1.34,1.34,1.33,1.28,1.48,1.57,1.78,1.88,1.77,1.61,1.59,1.65,1.74,1.49,1.37,1.49,1.34,1.37,1.45,1.33,1.07,0.96,1.03,0.98,0.61,0.32,0.25,0.58,0.18,0.52,1.95,2.96,2.79,3.43,4.03,4.29,4.48,4.69,4.94,5.09,5.19,5.23,5.19,5.17,5.02,4.88,5.06,5.22,5.02,4.98,5.02,5.03,5.29,5.05,5.08,4.92,4.79,4.60,4.56,4.30,3.79,3.54,3.58,3.12,3.06,3.08,3.24,3.09,3.20,3.38,3.30,3.16,3.10,2.95,2.84,2.61,2.58,2.58,2.64,2.77,2.91,2.83,2.66,2.97,3.07,3.15,3.22,3.19,2.83,2.24,2.31,2.45,2.13,1.91,1.95,1.72,1.71,1.57,1.44,0.24,0.03,-0.83,-0.94,-0.69,-0.66,-0.74,-0.91,-1.38,-1.89,-1.74,-1.66,-1.37,-0.93,0.13,1.10,1.01,-0.87,-3.43,-5.81,-7.71,-8.40,-9.90,-9.51,-8.77,-7.28,-6.21,-4.89,-3.04,-1.74,-2.02,-2.23,-3.44,-4.69,-5.56,-6.11,-6.31,-7.26,-9.65,-11.13,-11.36,-10.96,-10.93,-10.51
1.25,1.40,1.51,1.43,1.22,1.06,1.07,1.11,1.28,1.01,0.88,0.95,0.98,1.32,1.07,1.21,1.37,1.36,1.15,1.05,1.14,1.37,1.31,1.66,1.85,1.73,1.54,1.45,1.45,1.56,1.51,1.31,1.21,1.16,1.20,1.20,1.06,0.85,0.72,0.69,0.57,0.44,0.19,0.34,0.45,0.18,0.40,1.76,2.69,2.71,3.37,3.87,4.09,4.24,4.48,4.72,4.79,4.79,4.75,4.83,4.79,4.48,4.25,4.53,4.51,4.47,4.50,4.42,4.48,4.53,4.61,4.51,4.53,4.53,4.16,4.09,3.82,3.69,3.37,3.18,3.03,2.64,2.95,2.88,2.54,3.00,2.90,2.87,2.51,2.70,2.55,2.18,2.31,2.17,2.10,1.73,1.60,1.53,1.71,1.61,1.25,1.18,1.33,1.04,0.53,0.31,0.09,0.13,0.58,0.30,-0.22,-0.15,-0.72,-0.59,-1.11,-1.32,-1.43,-1.99,-2.40,-2.64,-2.45,-2.44,-2.47,-2.23,-1.97,-1.93,-1.66,-0.94,-1.03,-0.93,0.30,1.12,1.01,-1.08,-4.69,-7.45,-7.81,-7.67,-7.65,-8.36,-7.66,-6.04,-4.77,-3.90,-3.05,-2.10,-2.37,-2.37,-3.48,-4.75,-5.67,-6.05,-5.89,-7.21,-9.31,-10.66,-10.55,-9.48,-9.10,-7.95
1.64,1.48,1.39,1.15,0.98,0.90,0.74,0.46,0.74,0.67,0.69,0.83,0.74,0.83,0.85,0.74,0.87,0.87,0.72,0.78,1.04,1.14,1.11,1.17,1.45,1.43,1.26,1.27,1.18,1.46,1.45,1.33,1.06,1.04,1.03,1.00,0.94,0.71,0.52,0.55,0.31,0.25,0.31,0.32,0.23,0.29,0.37,1.61,2.60,2.64,3.20,3.60,3.85,4.01,4.12,4.20,4.18,4.33,4.41,4.48,4.36,4.16,3.97,4.15,4.45,4.40,4.27,4.24,4.11,3.66,3.75,3.73,3.90,3.77,3.54,3.18,3.41,3.28,3.00,2.60,2.25,2.08,1.57,1.33,1.10,0.90,1.31,0.95,0.50,0.20,0.29,1.11,0.39,0.34,0.55,0.23,0.13,-0.49,-0.72,-1.07,-1.31,-1.35,-1.37,-1.28,-1.13,-1.08,-0.88,-0.64,-1.03,-1.50,-1.45,-1.21,-0.88,-0.76,-0.76,-0.63,-0.48,-0.48,-0.47,-0.20,0.07,-0.07,-0.17,-0.15,-0.22,-0.41,-0.54,-0.23,-0.11,-0.27,0.84,1.48,1.40,-0.69,-5.04,-8.43,-7.63,-6.13,-5.26,-5.79,-6.16,-5.20,-3.77,-2.88,-2.59,-1.76,-2.02,-1.88,-2.72,-3.74,-4.62,-5.35,-5.18,-6.17,-7.85,-8.69,-8.51,-7.82,-7.07,-5.63
1.27,1.51,1.29,1.14,1.09,1.00,0.85,0.47,0.78,0.61,0.50,0.60,0.66,0.62,0.68,0.61,0.69,0.80,0.85,0.93,0.87,0.83,0.92,1.00,1.25,1.34,1.28,1.21,1.12,1.45,1.36,1.37,1.11,1.03,1.07,1.06,1.04,0.82,0.53,0.57,0.37,0.28,0.34,0.31,0.19,0.16,0.63,1.61,2.46,2.52,3.03,3.40,3.69,3.85,3.83,3.77,3.65,3.59,3.62,3.62,3.45,3.40,3.12,3.04,3.07,2.83,2.53,2.79,2.43,2.07,1.83,1.96,2.20,1.82,1.42,1.16,1.34,1.29,1.20,1.65,1.16,-0.17,-1.24,-1.67,-1.66,-1.76,-1.66,-1.36,-2.04,-1.84,-1.42,-1.60,-1.60,-1.56,-1.08,-0.56,-0.73,-0.72,-0.53,-0.42,-0.28,-0.05,0.16,0.07,-0.13,-0.21,-0.11,0.19,0.07,-0.03,0.14,0.28,0.09,-0.03,-0.03,0.05,0.24,0.29,0.25,0.25,0.23,0.18,0.15,0.11,0.04,-0.08,-0.12,-0.06,0.07,0.13,0.83,1.42,1.51,0.13,-3.57,-6.78,-5.79,-4.32,-3.72,-4.19,-4.94,-3.89,-2.58,-2.04,-2.05,-1.33,-1.48,-1.43,-1.79,-2.53,-3.45,-4.23,-4.22,-4.53,-5.28,-5.89,-6.00,-5.59,-4.77,-3.50
1.27,1.23,1.15,0.96,0.78,0.74,0.84,0.69,0.90,0.46,0.31,0.53,0.57,0.68,0.85,0.60,0.62,0.69,0.76,0.98,0.88,0.84,1.00,1.14,1.04,1.07,1.17,1.07,1.00,1.31,1.17,1.10,0.90,0.90,0.95,0.92,0.87,0.67,0.45,0.52,0.39,0.21,0.20,0.37,0.13,0.02,0.78,1.88,2.51,2.49,3.06,3.37,3.00,2.65,2.57,2.47,2.05,1.33,1.01,1.07,0.95,0.79,0.60,0.84,0.04,-0.01,-0.05,0.31,-0.02,-0.62,-0.53,-0.49,-0.21,-0.03,-0.64,-0.57,-0.62,-0.61,-0.37,-0.28,-0.57,-1.48,-0.98,-0.78,-0.39,-0.48,-0.15,-0.20,-0.26,-0.16,0.16,0.08,0.04,0.14,0.08,0.02,0.14,0.16,0.25,0.41,0.37,0.21,0.18,0.11,0.13,0.10,-0.02,0.04,-0.02,0.15,0.26,0.26,0.11,0.23,0.40,0.23,0.09,-0.06,-0.01,0.13,0.21,0.31,0.30,0.11,-0.10,-0.27,-0.24,0.04,0.25,0.05,0.45,1.83,1.90,0.96,-1.11,-3.24,-3.12,-2.09,-1.64,-2.23,-2.46,-2.12,-1.31,-0.96,-1.37,-0.82,-0.81,-1.03,-1.32,-1.70,-2.14,-2.49,-2.63,-2.56,-2.82,-3.39,-3.67,-3.23,-2.64,-1.89
1.26,0.88,1.04,0.90,0.77,0.76,0.72,0.69,0.84,0.44,0.26,0.40,0.53,0.82,0.82,0.89,0.92,0.95,0.99,0.83,0.72,1.07,1.20,1.07,1.01,1.11,1.12,0.98,0.98,1.18,1.06,1.01,0.88,0.89,0.78,0.79,0.63,0.41,0.44,0.50,0.39,0.14,0.09,0.31,-0.01,0.14,0.69,1.93,2.49,2.49,3.16,2.76,1.60,0.95,0.87,0.77,0.25,-0.24,-0.29,-0.27,-0.27,-0.16,-0.21,-0.32,-0.66,-0.64,-0.37,-0.06,-0.11,-0.36,-0.02,-0.11,0.09,0.20,0.15,0.49,0.15,0.18,0.32,0.53,0.74,0.16,0.37,0.05,0.28,0.36,0.40,0.32,0.09,0.19,0.18,0.11,0.23,0.19,0.40,0.36,0.37,0.36,0.24,0.20,0.23,0.35,0.26,-0.13,-0.15,0.18,-0.07,-0.42,-0.38,-0.11,-0.31,0.13,-0.17,0.15,0.23,0.07,0.07,0.11,0.15,0.10,0.14,0.09,0.07,0.13,0.08,-0.15,-0.17,-0.06,0.21,0.19,0.80,2.06,2.13,1.71,0.89,-0.31,-0.64,-0.17,-0.01,-0.33,-0.61,-0.46,-0.15,-0.03,-0.29,-0.21,-0.08,-0.28,-0.46,-0.53,-0.58,-0.79,-1.12,-1.04,-0.87,-1.18,-1.57,-1.26,-1.09,-0.78
1.32,1.26,1.17,0.99,0.88,0.89,0.94,0.77,0.90,0.73,0.61,0.65,0.74,0.78,0.80,0.74,0.72,0.78,0.79,0.74,1.12,1.09,0.92,1.06,1.18,1.10,1.01,1.01,1.01,1.09,0.95,0.99,0.82,0.74,0.63,0.71,0.63,0.51,0.52,0.45,0.35,0.14,0.07,0.23,0.00,0.14,0.61,1.89,2.34,2.43,2.73,1.78,0.65,0.21,0.20,0.13,-0.08,-0.11,-0.05,-0.07,0.16,0.34,0.20,0.24,0.20,0.23,0.47,0.41,0.34,0.31,0.44,0.30,0.35,0.34,0.32,0.49,0.29,0.65,0.40,0.68,0.47,0.02,0.24,0.21,0.35,0.23,0.26,0.32,0.10,0.05,0.11,-0.01,0.15,-0.06,0.02,0.32,-0.16,-0.10,0.21,0.13,0.20,0.29,0.08,-0.10,-0.08,0.08,0.09,-0.03,-0.11,0.04,0.09,0.13,-0.13,0.00,0.18,0.21,0.35,0.21,0.16,0.14,0.39,0.49,0.42,0.32,0.11,0.19,0.19,0.26,0.46,0.68,1.00,2.10,2.41,2.22,1.89,1.32,0.88,0.95,1.07,1.00,0.68,0.66,0.73,0.73,0.71,0.61,0.61,0.58,0.51,0.58,0.69,0.49,0.00,0.00,0.28,0.24,-0.05,0.11,0.20,0.34
1.14,1.20,1.12,0.92,0.74,0.73,0.78,0.71,0.89,0.69,0.63,0.71,0.69,0.79,0.56,0.74,0.76,0.84,0.89,0.69,1.01,1.01,0.99,1.09,1.10,0.98,0.85,0.89,1.12,1.20,1.05,0.98,0.66,0.79,0.57,0.65,0.67,0.55,0.44,0.34,0.16,0.04,-0.01,0.14,0.16,0.04,0.50,1.78,2.18,2.18,1.87,0.95,0.51,0.36,0.28,0.28,0.21,0.23,0.24,0.23,0.39,0.42,0.20,0.19,0.13,0.21,0.36,0.21,0.35,0.26,0.26,0.18,0.36,0.45,0.23,0.34,0.20,0.55,0.49,0.26,0.21,0.19,0.31,0.14,0.29,0.24,0.44,0.35,0.05,0.00,0.24,0.10,0.30,0.10,0.14,0.08,0.08,0.13,0.25,0.21,0.21,0.20,0.09,-0.02,-0.07,-0.05,-0.13,-0.11,0.09,0.29,0.41,0.45,0.47,0.23,0.49,0.62,0.77,0.69,0.65,0.73,1.04,1.14,1.11,1.23,1.36,1.18,0.93,1.12,1.39,1.46,1.66,2.46,2.72,2.63,2.47,2.22,2.20,2.07,2.35,2.05,1.73,1.71,1.73,1.59,1.29,1.40,1.43,1.48,1.46,1.43,1.40,1.21,0.95,0.93,1.01,1.04,1.01,1.06,1.22,1.26
1.07,1.07,0.93,0.83,0.69,0.65,0.77,0.84,0.83,0.72,0.68,0.67,0.69,0.93,0.85,0.89,0.73,0.72,0.88,0.99,1.00,0.99,0.84,0.99,1.14,1.20,1.18,1.11,1.16,1.20,0.98,1.09,0.52,0.79,0.72,0.60,0.53,0.52,0.47,0.31,0.23,0.13,-0.06,0.10,0.29,0.19,0.46,1.62,1.96,1.59,1.01,0.46,0.34,0.20,0.21,0.20,0.08,0.25,0.30,0.02,0.00,0.11,0.10,0.03,0.00,0.09,0.26,0.32,0.30,0.11,0.09,-0.01,0.19,0.29,0.31,0.24,0.02,0.26,0.16,0.26,0.31,0.31,0.19,0.14,0.47,0.36,0.34,0.35,0.13,0.14,0.23,0.18,0.44,0.41,0.40,0.47,0.57,0.76,0.68,0.68,0.76,0.76,0.80,0.83,0.88,0.84,0.73,0.78,1.01,1.27,1.39,1.27,1.32,1.27,1.32,1.39,1.72,1.87,1.78,2.03,2.20,2.29,2.51,2.76,2.95,2.69,2.53,2.58,2.87,2.43,2.42,2.78,2.85,2.79,2.79,2.71,2.90,2.94,3.03,2.75,2.47,2.47,2.47,2.25,1.89,2.03,2.07,2.16,2.14,2.06,1.93,1.72,1.66,1.65,1.67,1.74,1.85,1.82,1.73,1.62
1.03,0.96,0.85,0.68,0.68,0.77,0.76,0.87,0.94,0.79,0.68,0.67,0.74,0.99,0.78,0.85,0.99,1.06,1.04,1.01,0.98,0.95,1.11,1.18,1.07,1.07,1.12,1.11,1.16,1.27,0.93,1.17,0.89,1.03,0.76,0.72,0.72,0.58,0.44,0.32,0.16,0.18,0.14,0.16,0.16,0.42,0.51,1.71,1.71,1.04,0.49,0.30,0.08,-0.05,0.07,0.13,0.04,0.14,0.20,-0.01,0.00,0.14,0.14,0.18,0.08,0.20,0.40,0.40,0.42,0.41,0.14,0.26,0.45,0.58,0.60,0.84,0.40,0.65,0.73,0.89,1.04,1.04,0.92,0.95,0.99,1.23,1.54,1.39,1.31,1.49,1.55,1.40,1.83,1.73,1.56,1.60,1.66,1.64,1.73,1.84,1.76,1.67,1.77,1.93,2.14,2.17,1.95,2.26,2.48,2.72,2.87,2.75,2.89,2.89,2.52,2.61,3.02,3.58,3.89,4.04,4.27,4.42,4.60,4.84,4.88,4.81,4.49,4.56,4.44,3.90,3.63,3.33,3.14,3.02,2.89,2.94,3.24,3.33,3.27,3.12,2.96,2.84,2.75,2.63,2.53,2.42,2.45,2.45,2.45,2.42,2.35,2.28,2.12,2.07,2.06,2.13,2.24,2.17,2.13,2.03
0.94,0.79,1.05,0.66,0.71,0.92,0.84,0.93,1.18,0.89,0.65,0.61,0.79,1.09,0.89,1.15,1.32,1.31,1.15,1.01,1.06,0.96,1.21,1.40,1.25,1.32,1.43,1.40,1.34,1.16,1.12,1.28,1.06,1.05,0.90,1.05,1.04,0.76,0.65,0.58,0.30,0.28,0.25,0.16,0.10,0.42,0.50,1.74,1.38,0.76,0.39,0.44,0.31,0.18,0.31,0.45,0.46,0.46,0.50,0.50,0.65,0.85,0.82,0.77,0.94,1.05,1.27,1.16,1.20,1.15,0.94,1.27,1.56,1.68,1.60,1.97,1.62,1.73,1.95,1.83,2.31,2.03,2.41,2.13,2.14,2.48,2.67,2.79,2.83,3.12,3.33,3.43,3.47,3.33,3.28,3.37,3.39,3.68,3.79,3.78,3.83,3.56,3.34,3.46,3.76,4.02,3.83,4.11,4.37,4.38,4.78,4.68,4.91,4.79,4.02,4.03,4.07,4.88,5.52,5.71,5.89,6.10,6.18,6.23,6.27,6.34,5.98,5.88,5.46,5.04,4.71,4.09,3.52,3.21,2.96,2.97,3.49,3.43,3.45,3.41,3.26,3.10,3.01,2.98,2.85,2.59,2.72,2.64,2.64,2.71,2.54,2.60,2.53,2.53,2.48,2.49,2.52,2.32,2.45,2.35
1.07,0.92,1.22,0.83,0.82,0.98,0.96,0.88,1.29,0.88,0.60,0.58,0.83,1.26,1.18,1.42,1.46,1.40,1.33,1.34,1.34,1.20,1.54,1.74,1.59,1.37,1.29,1.34,1.42,1.46,1.51,1.36,1.12,1.14,1.20,1.26,1.32,1.11,0.82,0.69,0.58,0.51,0.35,0.24,0.15,0.44,0.82,1.71,1.31,0.83,0.89,1.12,1.06,1.06,1.34,1.50,1.50,1.59,1.70,1.76,1.85,2.07,1.96,1.88,2.29,2.57,2.73,2.76,2.81,2.88,2.77,2.94,3.30,3.18,3.18,3.66,3.53,3.57,3.71,3.83,4.24,4.10,4.12,3.95,4.01,3.72,3.97,4.78,5.10,5.34,5.65,5.63,5.33,5.13,5.16,5.24,5.32,5.41,5.51,5.52,5.32,4.83,4.33,4.33,4.91,5.29,5.12,5.34,5.34,5.42,5.82,5.88,5.70,5.54,5.35,4.62,4.28,4.87,5.83,6.27,6.48,6.65,6.63,6.64,6.72,6.66,6.54,6.34,5.90,5.52,5.09,4.47,3.64,3.06,2.97,2.98,3.56,3.49,3.47,3.52,3.44,3.35,3.32,3.27,3.09,2.81,2.84,2.79,2.90,3.06,2.88,2.73,2.45,2.57,2.63,2.61,2.77,2.90,2.87,2.67
1.00,1.10,1.05,0.95,0.94,1.01,1.07,0.99,1.33,0.95,0.74,0.77,1.03,1.42,1.54,1.51,1.53,1.50,1.61,1.80,1.80,1.95,1.94,2.30,1.85,1.64,1.70,1.76,1.76,1.71,1.60,1.60,1.37,1.39,1.50,1.62,1.68,1.66,1.40,1.09,1.07,0.98,0.79,0.49,0.50,0.78,1.36,1.91,1.80,1.73,2.11,2.31,2.42,2.69,2.98,3.10,3.20,3.28,3.28,3.38,3.37,3.60,3.53,3.59,3.85,4.07,4.34,4.37,4.53,4.75,4.62,4.27,4.57,4.53,4.41,4.79,4.76,4.75,4.92,4.63,4.81,4.67,4.81,4.57,4.55,4.34,4.25,5.58,6.36,6.59,6.54,6.37,6.27,6.19,6.18,6.25,6.28,6.20,6.03,5.95,5.87,5.24,4.49,4.51,5.18,5.75,5.56,5.62,5.56,5.71,5.75,6.13,6.08,5.96,5.82,4.20,3.95,4.54,5.59,6.25,6.54,6.71,6.72,6.74,6.54,6.52,6.52,6.42,5.99,5.51,4.94,4.36,3.66,3.06,2.91,3.02,3.56,3.59,3.49,3.46,3.49,3.52,3.47,3.31,3.20,2.85,3.00,3.12,3.03,2.91,2.88,2.93,2.75,2.83,2.72,2.54,2.77,2.76,3.06,3.09
0.80,1.11,1.05,1.17,1.18,1.25,1.42,1.59,1.65,1.31,1.27,1.39,1.57,1.94,1.96,2.00,2.11,2.22,2.30,2.32,2.35,2.40,2.59,2.77,2.57,2.40,2.45,2.59,2.66,2.64,2.65,2.46,2.18,2.48,2.36,2.52,2.65,2.55,2.34,2.29,2.36,2.07,1.56,1.15,1.06,1.49,1.88,2.22,2.24,2.76,3.32,3.45,3.71,3.98,4.18,4.28,4.31,4.36,4.29,4.34,4.31,4.36,4.17,4.20,4.37,4.35,4.56,4.62,4.42,4.25,4.02,4.25,4.35,4.03,4.25,4.18,4.79,4.69,4.36,4.30,4.23,3.97,3.96,3.75,3.78,3.77,3.71,5.15,6.54,6.87,6.76,6.74,6.45,6.20,6.31,6.36,6.35,6.22,6.08,5.96,5.68,4.75,3.70,3.66,4.40,5.76,5.61,5.63,5.55,5.73,5.53,5.75,5.91,5.65,5.17,3.38,3.22,4.12,5.33,5.99,6.20,6.36,6.40,6.45,6.18,6.15,6.13,6.10,5.78,5.26,4.77,4.25,3.68,3.19,3.02,3.01,3.46,3.58,3.63,3.58,3.45,3.41,3.49,3.54,3.41,3.13,3.27,3.35,3.20,2.98,3.18,3.14,3.19,3.20,3.24,3.14,2.76,2.83,3.02,3.13
1.67,1.88,1.95,1.82,1.76,1.85,2.00,2.03,2.38,1.88,2.10,2.34,2.47,2.79,2.64,2.76,2.90,3.09,3.16,3.13,3.15,3.04,3.30,3.47,3.32,3.22,3.35,3.68,3.97,3.91,3.66,3.70,3.13,3.00,3.10,3.07,2.94,2.90,3.24,3.76,3.79,3.24,2.77,1.89,1.89,1.96,2.10,2.26,2.41,3.39,3.94,3.89,3.96,3.90,4.07,4.24,4.11,4.07,4.14,4.16,4.20,3.97,3.28,3.04,3.10,3.14,3.20,3.22,2.93,2.57,2.28,2.72,2.79,2.38,2.85,2.65,3.49,3.75,3.62,3.58,3.16,2.89,2.93,2.93,3.10,3.30,3.24,4.74,6.46,6.82,6.63,6.63,6.27,6.02,5.99,6.02,5.90,5.73,5.80,5.81,5.35,4.22,3.07,3.01,3.65,5.03,4.68,4.33,4.35,4.51,4.29,4.41,4.64,4.64,4.37,2.82,2.54,3.50,4.88,5.58,5.76,5.93,5.97,6.12,6.03,5.83,5.66,5.54,5.49,5.05,4.75,4.22,3.44,2.93,2.96,3.02,3.51,3.57,3.65,3.69,3.51,3.37,3.38,3.43,3.51,3.31,3.30,3.15,3.10,3.35,3.28,3.43,3.40,3.26,3.10,2.98,2.83,2.78,3.04,3.13
2.54,2.49,2.78,3.03,2.88,2.78,2.90,3.04,3.03,2.81,2.95,3.15,3.33,3.49,3.41,3.47,3.57,3.81,3.92,3.88,3.91,3.71,4.09,4.08,4.01,3.88,3.97,4.16,4.28,4.35,4.00,4.11,3.63,3.45,3.73,3.77,3.30,3.08,3.65,4.36,4.43,4.03,3.60,2.65,2.22,2.20,2.18,2.43,2.63,3.50,3.95,3.78,3.47,3.15,3.20,3.44,3.40,3.38,3.44,3.51,3.65,3.24,2.29,1.87,1.87,1.95,2.02,1.93,1.90,1.78,1.61,1.78,1.82,1.66,1.95,1.95,2.37,3.34,3.13,2.82,2.82,2.43,2.52,2.59,2.66,2.85,2.98,4.62,6.23,6.67,6.38,6.23,5.80,5.60,5.53,5.55,5.51,5.38,5.27,5.26,5.02,3.87,2.71,2.63,3.04,4.23,3.50,3.02,3.07,3.35,3.13,3.08,3.34,3.60,3.95,2.63,2.08,2.95,4.42,5.29,5.54,5.75,5.84,5.90,5.75,5.71,5.42,5.32,5.17,4.90,4.58,4.09,3.46,2.95,2.71,2.79,3.39,3.70,3.62,3.69,3.65,3.60,3.65,3.51,3.41,3.46,3.62,3.66,3.51,3.24,3.22,3.38,3.30,3.24,3.16,3.01,2.95,2.89,2.98,3.01
3.43,3.71,3.83,4.04,3.98,3.82,3.60,3.41,3.34,3.13,3.40,3.50,3.53,3.72,3.75,3.94,3.84,4.01,4.09,4.00,3.97,3.81,4.07,3.88,3.73,3.60,3.64,3.82,3.97,3.90,3.69,3.70,2.98,2.71,2.49,2.65,2.51,2.79,3.47,4.11,4.50,4.37,3.98,2.61,2.01,2.13,2.18,2.46,2.63,3.37,3.81,3.54,3.10,2.77,2.81,2.91,2.84,2.85,2.90,3.01,3.27,2.73,1.85,1.46,1.49,1.38,1.61,1.50,1.53,1.50,1.46,1.40,1.42,1.61,1.48,1.62,1.78,3.18,3.09,2.90,3.03,2.78,2.67,2.66,2.53,2.63,2.75,4.23,5.78,6.25,6.06,5.88,5.41,5.30,5.24,5.26,5.30,5.16,4.98,4.95,4.83,3.71,2.34,2.23,2.69,3.79,3.02,2.41,2.40,2.66,2.60,2.49,2.67,2.89,3.59,2.77,1.96,2.63,4.20,5.19,5.44,5.59,5.59,5.53,5.29,5.39,5.16,5.18,4.72,4.63,4.41,3.96,3.43,2.87,2.76,2.88,3.62,3.72,3.82,3.92,3.84,3.76,3.76,3.41,3.35,3.24,3.28,3.40,3.43,3.44,3.47,3.28,3.22,3.20,3.18,3.08,3.20,3.00,3.02,3.13
4.00,3.94,4.17,4.43,4.48,4.28,4.00,3.82,3.57,3.64,3.53,3.26,3.24,3.52,3.46,3.82,3.53,3.60,3.63,3.52,3.41,3.41,3.53,3.47,3.31,3.07,3.07,3.25,3.43,3.54,3.49,3.19,2.42,2.07,2.25,2.31,2.41,2.65,3.43,4.31,4.56,4.40,3.76,2.31,1.85,1.79,1.93,2.13,2.46,3.52,3.75,3.43,3.08,2.79,2.90,2.90,2.63,2.58,2.59,2.76,3.08,2.57,1.62,1.26,1.25,1.00,1.31,1.25,1.27,1.28,1.21,1.06,0.96,1.38,1.11,1.32,1.50,2.72,3.15,3.06,3.28,3.06,2.89,2.82,2.55,2.55,2.60,3.97,5.65,6.14,5.97,5.65,5.34,5.19,5.06,5.08,5.08,4.95,4.77,4.63,4.49,3.53,2.12,1.97,2.43,3.54,2.67,2.17,1.91,1.99,1.97,2.01,2.14,2.55,3.14,2.79,1.96,2.37,3.88,4.99,5.34,5.42,5.35,5.42,5.39,5.24,5.13,4.99,4.71,4.44,4.29,3.97,3.33,2.82,2.90,2.59,3.63,3.79,3.85,3.84,3.89,3.84,3.51,3.45,3.39,3.30,3.38,3.41,3.39,3.51,3.35,3.50,3.35,3.24,3.24,3.21,3.38,3.12,3.15,3.20
4.22,4.08,4.30,3.96,4.09,3.97,3.79,3.72,3.35,2.81,2.96,2.93,3.04,3.38,3.41,3.53,3.45,3.33,3.18,3.02,2.93,3.06,3.09,3.15,3.00,2.75,2.72,2.85,3.02,3.14,3.12,2.85,2.20,1.94,2.07,2.14,2.26,2.67,3.57,4.31,4.48,4.17,3.30,2.36,1.80,1.90,1.74,2.11,2.59,3.43,3.82,3.39,2.93,2.88,3.08,2.96,2.79,2.75,2.64,2.81,2.89,2.42,1.48,0.96,1.11,0.93,1.06,1.03,1.10,1.15,1.00,0.92,0.80,1.07,0.80,1.16,1.45,2.46,2.77,2.69,2.82,2.45,2.42,2.53,2.45,2.45,2.53,3.96,5.59,6.10,5.92,5.51,5.24,4.98,4.83,4.83,4.71,4.67,4.58,4.36,4.21,3.35,2.02,1.94,2.25,3.41,2.47,2.17,1.62,1.57,1.56,1.67,1.66,2.45,2.87,2.55,1.85,2.11,3.54,4.71,4.98,5.11,4.99,5.01,4.95,4.94,4.82,4.75,4.51,4.16,4.03,3.79,3.26,2.94,2.69,2.75,3.43,3.82,3.85,3.76,3.73,3.81,3.82,3.60,3.43,3.33,3.46,3.66,3.77,3.78,3.45,3.46,3.49,3.35,3.22,3.28,3.39,3.26,3.26,3.27
4.09,3.91,3.82,3.85,3.92,3.79,3.66,3.52,3.16,2.81,2.77,2.58,2.58,2.77,2.89,3.40,2.93,2.75,2.76,2.76,2.71,2.72,2.63,2.78,2.64,2.65,2.64,2.66,2.81,3.02,3.01,2.96,2.85,2.47,2.38,2.32,2.29,2.79,3.92,4.76,4.76,4.34,3.37,1.99,1.61,1.73,1.64,2.18,2.45,3.31,3.47,3.38,2.91,2.61,2.70,2.69,2.57,2.58,2.63,2.61,2.54,2.35,1.48,0.72,0.87,0.77,0.89,0.85,0.95,0.94,0.85,0.61,0.82,0.89,0.49,1.00,1.43,2.28,2.34,2.02,1.59,1.34,1.39,1.65,1.78,2.14,2.24,3.70,5.25,5.87,5.75,5.31,4.92,4.58,4.51,4.51,4.37,4.31,4.28,4.11,4.00,3.24,1.90,1.71,2.10,3.34,2.48,2.06,1.39,1.32,1.43,1.57,1.36,2.22,2.61,2.46,1.87,2.06,3.41,4.51,4.62,4.81,4.72,5.04,4.69,4.74,4.50,4.50,4.34,4.20,4.16,3.89,3.33,2.94,2.93,2.76,3.41,3.71,3.94,4.05,4.02,3.95,3.83,3.72,3.57,3.53,3.59,3.72,3.85,3.71,3.71,3.50,3.59,3.56,3.24,3.24,3.28,3.39,3.38,3.43
3.89,3.76,3.53,3.64,3.58,3.37,3.19,3.13,3.16,2.60,2.38,2.43,2.71,2.94,2.97,3.31,2.76,2.70,2.67,2.72,2.73,2.49,2.47,2.76,2.61,2.63,2.59,2.51,2.76,3.16,3.21,3.15,2.98,2.72,2.35,2.42,2.48,3.00,3.91,4.62,4.58,3.98,3.13,2.02,1.65,1.55,1.94,2.00,2.23,2.78,3.01,2.90,2.34,2.06,2.03,1.95,1.89,1.93,2.05,2.24,2.42,2.32,1.53,0.56,0.51,0.52,0.78,0.77,0.77,0.79,0.79,0.46,0.69,0.83,0.42,0.93,1.29,2.12,2.13,1.51,0.71,0.47,0.57,0.55,0.93,1.83,1.97,3.57,5.23,5.81,5.63,5.11,4.64,4.35,4.22,4.23,4.16,3.98,3.92,3.88,3.76,3.13,1.79,1.45,1.84,3.16,2.38,1.91,1.16,1.15,1.06,1.25,1.25,1.99,2.20,2.08,1.54,1.74,3.14,4.27,4.43,4.37,4.50,4.99,4.68,4.62,4.50,4.55,4.42,4.12,3.95,3.62,3.07,3.02,2.82,2.73,3.16,3.73,3.95,3.97,3.96,3.91,3.85,3.92,3.77,3.70,3.79,3.88,3.79,3.68,3.85,3.69,3.72,3.70,3.40,3.38,3.26,3.54,3.54,3.46
3.60,3.58,3.34,3.19,3.25,2.97,2.78,2.95,3.27,2.84,2.75,2.72,2.83,2.91,2.83,3.15,3.09,2.88,2.59,2.53,2.58,2.57,2.66,2.59,2.49,2.41,2.40,2.45,2.75,3.15,3.26,3.10,2.77,2.64,2.46,2.46,2.51,3.01,3.92,4.57,4.62,4.04,2.98,2.02,1.65,1.48,2.00,1.61,1.61,2.13,2.76,2.23,1.87,1.73,1.37,1.06,0.77,0.67,0.98,1.73,2.42,2.22,1.59,0.52,0.66,0.68,0.84,0.83,0.79,0.82,0.61,0.46,0.57,0.92,0.57,0.93,1.17,2.19,1.99,1.33,0.52,0.18,0.29,0.05,0.69,1.65,2.05,3.68,5.32,5.83,5.66,5.23,4.70,4.42,4.23,4.16,4.15,3.91,3.89,3.94,3.77,3.14,1.74,1.27,1.61,2.94,2.45,1.93,1.17,1.05,0.93,1.12,1.15,1.82,1.96,1.88,1.49,1.56,2.72,3.91,4.17,4.49,4.47,4.92,4.63,4.62,4.50,4.38,4.34,4.21,4.01,3.82,3.46,2.81,2.90,2.72,3.18,3.71,3.98,4.08,4.08,3.94,3.82,3.90,3.81,3.79,3.92,4.00,3.88,3.89,3.94,3.81,3.81,3.83,3.65,3.73,3.38,3.66,3.72,3.57
3.13,3.18,2.98,2.94,2.97,2.75,2.67,2.87,3.13,2.96,2.87,2.73,2.78,2.89,2.84,2.93,2.81,2.83,2.79,2.71,2.66,2.69,2.54,2.64,2.54,2.41,2.54,2.60,2.69,2.88,3.03,2.91,2.54,2.46,2.57,2.45,2.47,2.97,3.95,4.62,4.63,4.02,2.89,1.94,1.38,1.44,1.48,1.65,1.64,1.50,2.13,2.32,2.05,1.42,0.96,0.85,0.73,0.72,0.88,1.60,2.36,1.97,1.38,0.67,0.71,0.73,0.67,0.77,0.95,0.92,0.50,0.32,0.72,0.92,0.66,0.80,1.28,2.17,1.90,1.40,0.37,0.20,0.24,0.18,0.77,1.50,2.08,3.52,5.12,5.65,5.63,5.22,4.69,4.42,4.25,4.17,4.14,3.96,3.90,3.89,3.81,3.27,1.77,1.09,1.57,2.82,2.43,1.82,1.17,0.82,0.72,0.92,0.89,1.51,1.54,1.74,1.59,1.38,2.29,3.59,3.83,3.77,3.89,4.34,4.44,4.31,4.47,4.51,4.31,4.02,3.81,3.66,3.35,2.76,2.85,2.75,3.08,3.56,3.79,3.96,4.12,3.98,3.88,3.90,3.75,3.77,3.91,3.98,3.91,3.96,4.02,3.87,3.89,4.02,3.75,3.50,3.47,3.59,3.57,3.50
2.93,2.98,2.84,2.95,2.72,2.59,2.69,2.88,2.94,2.89,2.75,2.69,2.75,2.88,2.95,3.00,3.08,3.01,2.88,2.65,2.57,2.66,2.29,2.51,2.85,2.53,2.66,2.64,2.63,2.72,2.73,2.65,2.03,2.17,2.36,2.38,2.52,2.97,3.96,4.62,4.55,3.96,2.94,1.91,1.32,1.26,1.39,1.45,1.50,1.51,1.79,1.93,1.79,1.77,1.32,1.00,0.87,0.63,0.78,1.66,2.32,1.84,0.93,0.50,0.52,0.76,0.68,0.67,0.71,0.94,0.66,0.60,0.87,0.77,0.72,0.74,1.43,2.03,1.93,1.61,0.30,0.16,0.21,0.30,0.65,1.45,1.94,3.28,4.92,5.38,5.37,5.01,4.47,4.20,4.04,3.98,3.88,3.71,3.66,3.62,3.65,3.16,1.91,1.18,1.73,2.53,2.53,1.85,1.20,0.99,0.85,0.94,1.01,1.60,1.90,1.89,1.40,1.27,2.20,3.12,3.43,3.44,2.72,3.25,4.11,4.24,4.29,4.35,4.15,3.92,3.84,3.69,3.53,2.94,2.72,2.83,3.03,3.33,3.57,3.73,3.84,3.65,3.73,3.72,3.65,3.68,3.84,3.96,3.94,4.01,3.98,3.98,3.98,3.88,3.66,3.66,3.57,3.73,3.85,3.81
2.93,2.93,2.83,2.79,2.61,2.43,2.61,2.81,2.71,2.61,2.37,2.49,2.67,2.83,2.87,2.83,3.15,2.89,2.93,2.77,2.59,2.59,2.38,2.65,2.79,2.34,2.59,2.64,2.65,2.59,2.48,2.43,1.79,1.97,2.18,2.28,2.54,2.97,3.91,4.41,4.15,3.52,2.60,1.65,1.28,1.31,1.23,1.28,1.29,1.26,1.53,1.85,1.70,1.87,1.61,1.32,0.92,0.83,1.11,1.59,2.47,2.22,0.63,0.18,0.46,0.50,0.55,0.80,0.90,0.88,0.65,0.58,0.76,0.69,0.80,0.76,1.36,2.00,1.94,1.50,0.55,0.29,0.19,0.44,0.76,1.44,1.88,3.14,4.61,5.16,5.27,5.02,4.43,4.01,3.88,3.81,3.60,3.51,3.49,3.33,3.39,2.95,1.76,0.93,1.11,2.38,2.29,2.01,1.25,0.96,1.04,0.99,1.04,1.64,1.64,1.74,1.64,1.39,2.12,2.84,3.06,2.71,2.17,2.84,3.79,4.05,4.17,4.34,4.17,3.82,3.71,3.64,3.47,2.94,2.77,2.81,3.07,3.31,3.40,3.37,3.28,3.04,3.24,3.28,3.37,3.54,3.77,3.92,4.21,4.09,4.15,4.07,4.00,4.07,3.89,3.59,3.59,3.79,3.84,3.64
2.65,2.77,2.69,2.43,2.28,2.29,2.43,2.53,2.47,2.31,2.08,2.36,2.66,2.79,2.78,2.84,3.08,2.93,2.93,2.82,2.79,2.88,2.75,2.59,2.77,2.51,2.61,2.47,2.42,2.40,2.34,2.31,1.93,2.05,2.08,2.17,2.47,3.06,3.92,4.25,4.00,3.33,2.38,1.57,1.25,1.20,1.23,1.09,1.28,1.04,1.49,1.85,1.83,1.96,1.62,1.49,1.21,1.04,1.16,1.65,2.38,1.85,0.13,-0.48,0.05,0.05,0.66,1.03,1.14,1.22,0.76,0.65,0.63,0.92,0.93,0.96,1.43,2.19,1.84,1.45,0.67,0.35,0.28,0.63,1.07,1.43,1.77,3.15,4.68,5.24,5.27,5.02,4.42,3.98,3.89,3.79,3.66,3.58,3.45,3.19,3.37,3.15,2.05,1.04,1.38,2.64,2.48,2.03,1.28,0.83,0.93,1.17,1.12,1.40,1.78,1.87,1.62,1.46,2.06,2.95,3.10,2.77,2.28,2.77,3.39,3.84,4.15,4.31,4.24,3.98,3.82,3.73,3.47,2.96,2.82,2.79,3.01,3.08,2.96,2.75,2.61,2.54,2.82,3.02,2.98,3.12,3.57,4.08,4.23,4.07,4.08,4.16,4.11,3.96,3.87,3.66,3.77,3.73,3.72,3.90
2.60,2.61,2.61,2.23,2.07,2.20,2.20,2.35,2.48,2.26,2.14,2.32,2.67,2.83,2.81,2.85,3.02,2.90,3.03,3.00,2.96,3.02,2.97,2.66,2.85,2.83,2.53,2.46,2.41,2.36,2.31,2.14,2.00,2.13,2.03,2.14,2.45,3.20,4.07,4.36,4.12,3.43,2.40,1.50,1.12,0.98,1.09,0.92,1.36,1.06,1.36,1.50,1.79,1.95,1.87,1.76,1.53,1.33,1.32,1.82,2.36,1.76,0.31,-0.61,-0.29,0.18,0.73,0.99,0.98,1.20,0.82,0.80,0.65,0.93,0.95,1.10,1.56,2.31,1.91,1.54,0.58,0.74,0.74,0.88,1.21,1.55,1.90,3.22,4.87,5.31,5.13,4.88,4.28,3.96,3.92,3.73,3.62,3.59,3.54,3.34,3.32,3.22,1.74,0.62,1.16,2.73,2.53,1.96,1.28,0.78,0.89,1.06,1.00,1.36,1.48,1.67,1.66,1.27,1.85,2.20,2.23,1.83,1.64,1.99,2.55,3.25,4.03,4.41,4.29,4.01,3.76,3.76,3.45,2.91,2.79,2.81,2.83,2.70,2.43,2.25,2.23,2.41,2.64,2.87,2.76,2.83,3.52,4.36,4.44,4.29,4.03,3.87,3.87,3.95,3.98,3.73,3.72,3.64,3.52,3.77
2.58,2.48,2.36,2.38,2.24,2.59,2.42,2.40,2.49,2.38,2.30,2.26,2.59,2.82,2.88,2.85,2.94,2.75,2.97,2.98,2.96,3.01,2.96,2.78,2.75,2.54,2.75,2.81,2.54,2.38,2.25,1.90,1.79,2.16,2.31,2.11,2.57,3.20,4.25,4.56,4.27,3.57,2.46,1.50,1.12,0.90,0.96,0.77,1.10,0.88,1.21,1.40,1.80,1.93,1.83,1.74,1.51,1.33,1.39,1.89,2.32,1.99,0.98,-0.11,0.09,0.45,0.73,1.01,1.03,1.00,1.06,1.10,0.96,1.15,1.00,1.25,1.50,2.22,1.88,1.60,1.00,1.00,0.94,1.03,1.38,1.60,2.05,3.20,4.75,5.35,5.18,4.95,4.50,3.98,3.81,3.83,3.66,3.39,3.53,3.37,3.21,3.06,2.03,1.05,1.57,3.37,2.72,2.12,1.20,0.73,0.80,0.87,0.72,1.16,1.62,1.65,1.37,1.14,1.74,1.88,1.77,1.29,1.31,1.43,2.13,3.18,3.97,4.40,4.35,3.97,3.71,3.70,3.57,2.89,2.71,2.70,2.65,2.52,2.34,2.24,2.37,2.54,2.54,2.55,2.72,3.07,3.54,4.28,4.24,4.54,4.16,3.75,3.79,3.88,3.79,3.64,3.47,3.32,3.21,3.34
2.36,2.25,2.17,2.12,2.26,2.14,2.12,2.24,2.32,2.31,2.32,2.32,2.41,2.69,2.83,2.79,2.83,2.60,2.95,2.95,2.93,2.98,3.02,2.98,2.93,2.63,2.78,2.65,2.57,2.54,2.46,2.41,2.38,2.17,2.18,2.40,2.55,3.30,4.22,4.62,4.47,3.69,2.52,1.61,1.17,0.95,1.06,0.83,1.20,0.93,1.14,1.18,1.66,1.78,1.74,1.89,1.78,1.59,1.59,2.10,2.52,1.97,0.90,-0.03,-0.47,-0.48,0.49,1.14,1.14,1.25,1.11,1.34,1.36,1.62,1.42,1.43,1.72,2.20,2.06,1.89,1.18,1.27,1.10,1.34,1.48,1.77,2.05,3.16,4.44,4.98,5.06,4.89,4.43,4.03,3.71,3.51,3.57,3.31,3.30,3.22,2.94,2.79,1.66,0.80,1.55,3.06,2.97,2.01,1.37,1.00,0.96,1.18,1.06,1.53,1.72,1.59,1.46,1.05,1.78,1.96,1.74,1.54,1.42,1.64,2.28,3.35,4.20,4.47,4.41,4.12,3.83,3.78,3.76,2.98,2.64,2.58,2.53,2.49,2.45,2.31,2.26,2.38,2.47,2.72,2.98,3.33,3.89,4.25,4.17,4.23,4.04,3.73,3.62,3.59,3.32,3.24,3.07,2.88,2.81,2.95
2.13,1.97,1.88,1.91,2.19,1.97,2.16,2.37,2.46,2.38,2.40,2.32,2.36,2.51,2.61,2.69,2.84,2.75,2.97,2.90,2.93,2.98,3.00,3.10,3.01,2.59,2.88,2.76,2.69,2.63,2.38,2.20,2.34,2.30,2.22,2.36,2.54,3.16,4.10,4.53,4.41,3.58,2.45,1.62,1.16,0.99,1.16,0.98,1.25,1.05,1.17,1.20,1.44,1.53,1.65,1.84,1.76,1.76,1.77,2.01,2.23,1.74,0.79,-0.02,-0.07,-0.05,0.41,1.01,1.09,1.07,1.20,1.51,1.76,1.88,1.68,2.03,1.97,2.25,1.95,1.88,1.33,1.43,1.39,1.57,1.66,1.65,1.77,2.78,4.09,4.98,5.12,4.95,4.67,4.05,3.56,3.44,3.45,3.38,3.19,3.12,2.90,2.89,1.88,0.84,1.28,3.08,2.65,2.07,1.68,1.66,1.57,1.57,1.62,1.96,2.02,1.80,1.72,1.05,1.71,2.32,2.03,2.02,2.01,2.53,3.03,3.79,4.44,4.60,4.44,4.36,4.00,4.00,3.73,3.01,2.64,2.51,2.48,2.65,3.07,3.12,2.69,2.76,2.90,3.20,3.41,3.56,4.12,4.42,4.31,4.05,3.79,3.54,3.33,3.10,2.84,2.73,2.63,2.51,2.42,2.53
1.94,1.82,1.65,1.60,1.93,1.82,2.05,2.29,2.37,2.40,2.57,2.59,2.59,2.63,2.78,2.89,3.01,3.06,2.89,2.83,2.98,3.00,2.94,3.10,3.18,2.64,2.96,2.70,2.67,2.73,2.73,2.65,2.51,2.40,2.23,2.66,2.69,3.08,4.15,4.38,4.03,3.21,2.30,1.61,1.16,0.95,1.11,1.05,1.06,1.15,1.44,1.23,1.49,1.65,1.90,1.93,1.89,1.89,1.88,2.07,2.01,1.25,0.31,-0.07,-0.01,0.14,0.41,0.60,0.73,1.25,1.31,1.59,1.72,2.31,2.11,2.19,2.25,2.47,2.12,2.06,1.72,1.78,1.64,1.57,1.56,1.32,1.64,2.71,4.17,5.04,5.03,4.82,4.38,3.75,3.57,3.68,3.78,3.45,3.19,3.07,3.10,2.87,1.90,1.00,1.07,2.63,3.12,2.66,2.60,2.43,2.42,2.54,2.54,2.46,2.30,2.06,1.80,1.07,1.61,2.52,2.95,3.31,3.37,3.72,3.98,4.33,4.63,4.61,4.48,4.41,4.21,3.98,3.71,3.03,2.60,2.45,2.47,2.72,3.27,3.69,3.37,3.45,3.39,3.60,3.76,3.62,4.00,4.42,4.38,4.24,3.95,3.49,3.03,2.64,2.47,2.37,2.23,2.11,2.02,2.06
1.71,1.76,1.51,1.36,1.59,1.55,1.90,2.18,2.31,2.34,2.28,2.34,2.06,2.37,2.65,2.83,3.07,3.03,2.91,2.82,2.93,3.01,3.03,3.12,3.20,2.66,2.84,2.51,2.40,2.36,2.57,2.77,2.66,2.49,2.36,2.38,2.51,3.26,4.15,4.38,3.87,3.07,2.29,1.53,1.04,0.95,1.14,1.06,1.04,1.22,1.46,1.28,1.67,1.88,2.13,1.90,1.84,1.80,1.85,1.94,1.46,0.40,-0.39,-0.56,-0.51,-0.16,-0.02,-0.12,0.40,1.15,1.38,1.67,1.83,2.25,2.17,2.48,2.28,2.31,2.06,2.16,1.83,2.08,1.76,1.48,1.65,1.03,1.17,2.61,4.12,4.96,4.98,4.57,4.08,3.64,3.45,3.43,3.49,3.25,3.30,3.15,2.98,2.85,2.05,0.88,0.98,2.20,2.96,2.67,2.67,2.84,2.76,2.85,2.91,2.81,2.61,2.28,1.70,0.95,1.53,2.36,3.53,4.25,4.53,4.60,4.56,4.60,4.74,4.70,4.50,4.50,4.04,3.83,3.77,3.12,2.72,2.60,2.70,3.10,3.62,4.12,4.03,3.84,3.94,4.01,4.02,4.04,4.25,4.31,4.35,4.38,4.10,3.41,2.81,2.34,2.03,1.91,1.73,1.42,1.36,1.21
1.43,1.51,1.34,1.18,1.28,1.22,1.56,1.80,1.95,2.11,2.28,2.12,1.94,2.11,2.23,2.37,2.61,2.87,2.76,2.55,2.54,2.73,2.93,3.00,2.97,2.41,2.53,2.08,1.95,2.03,2.19,2.32,2.43,2.32,1.88,2.13,2.19,2.55,3.51,3.95,3.60,2.85,2.05,1.46,1.15,1.06,1.17,0.95,1.03,1.21,1.23,1.56,1.84,1.94,1.99,1.78,1.74,1.55,1.60,1.42,0.51,-0.44,-0.73,-0.52,-0.58,-0.46,-0.62,-0.91,-0.24,0.62,0.87,1.40,1.84,2.08,2.16,2.19,2.01,2.30,1.95,1.94,1.45,1.49,1.55,1.14,0.72,0.69,1.05,2.30,3.76,4.54,4.60,4.29,3.89,3.39,3.24,3.16,3.27,3.07,3.00,3.01,2.91,2.76,1.87,0.80,0.99,1.97,2.69,2.79,2.63,2.64,2.63,2.84,2.87,2.61,2.45,2.22,1.66,0.82,1.27,2.24,3.39,4.03,4.48,4.64,4.65,4.70,4.75,4.72,4.64,4.54,3.98,3.83,3.76,3.49,2.98,2.67,2.79,3.30,4.09,4.57,4.44,4.20,4.23,4.34,4.33,4.33,4.51,4.43,4.41,4.33,3.92,3.12,2.63,2.06,1.42,1.05,0.89,0.77,1.01,1.06
1.25,1.21,1.07,1.05,1.15,1.00,1.27,1.48,1.67,1.87,1.90,1.53,1.50,1.54,1.56,1.77,2.11,2.23,2.12,1.89,1.79,2.11,2.35,2.51,2.61,1.97,1.90,1.57,1.55,1.66,1.61,1.78,2.08,2.08,2.00,2.26,1.96,1.91,2.63,3.06,2.72,2.38,1.91,1.31,1.03,1.03,0.99,0.88,1.12,1.34,1.42,1.74,2.03,2.01,1.95,1.80,1.82,1.54,1.61,1.26,0.29,-0.76,-1.23,-0.86,-0.71,-0.56,-0.39,-0.49,-0.52,-0.44,-0.17,0.98,1.57,1.89,1.73,1.61,1.65,1.22,0.89,0.94,0.78,0.65,0.67,0.77,0.79,0.74,1.10,1.94,3.22,4.25,4.41,4.23,3.91,3.34,3.10,3.01,3.16,2.94,2.83,3.01,2.83,2.79,2.07,1.01,1.15,1.90,2.59,2.59,2.37,2.37,2.31,2.41,2.57,2.45,2.25,2.11,1.79,0.93,1.03,2.34,3.31,3.70,3.95,4.17,4.35,4.58,4.67,4.44,4.49,4.54,4.08,3.96,3.73,3.24,2.93,2.84,2.89,3.38,4.56,4.90,4.64,4.30,4.29,4.40,4.41,4.45,4.51,4.45,4.42,4.23,3.75,2.94,2.46,1.77,0.99,0.32,-0.03,0.15,0.88,1.06
0.92,1.01,0.99,1.05,1.14,1.00,1.17,1.39,1.49,1.46,1.36,1.14,1.34,1.23,1.17,1.29,1.53,1.67,1.48,1.40,1.65,1.93,1.88,1.90,1.95,1.46,1.22,1.17,1.14,1.28,1.27,1.42,1.64,1.66,1.66,1.76,1.82,1.55,2.25,2.30,2.12,1.99,1.59,1.31,1.21,1.04,1.05,0.94,1.22,1.39,1.61,1.77,2.10,2.10,2.20,1.90,1.91,1.77,1.70,1.33,0.09,-1.57,-1.86,-1.02,-0.79,-0.15,0.34,-0.12,-0.46,-0.73,-0.41,0.60,1.36,1.50,1.03,0.62,-0.05,-0.67,-0.98,-0.78,-0.63,-0.64,-0.08,0.02,0.25,0.47,0.77,1.33,2.24,3.34,4.11,4.21,3.90,3.53,3.30,3.21,3.21,2.98,2.98,3.01,2.78,2.79,2.25,0.99,1.03,1.84,2.47,2.31,2.13,2.14,2.14,2.06,2.14,2.29,2.22,2.08,1.76,1.11,1.03,2.36,3.28,3.51,3.64,4.01,4.24,4.33,4.44,4.38,4.50,4.23,3.88,4.12,3.95,3.37,2.93,2.87,3.01,3.51,4.91,5.12,4.91,4.37,4.29,4.50,4.47,4.58,4.43,4.29,4.25,4.12,3.63,2.85,2.16,1.68,1.11,0.46,-0.08,-0.31,-0.05,0.42
1.10,1.16,1.06,0.92,0.88,0.92,0.99,1.42,1.25,1.04,0.96,0.88,1.18,1.10,1.14,1.15,1.18,1.36,1.42,1.15,1.31,1.27,1.31,1.25,1.03,0.89,0.93,0.89,0.72,1.09,1.20,1.16,1.22,1.36,1.36,1.26,1.56,1.32,1.68,1.95,1.73,1.66,1.70,1.57,1.21,1.03,1.21,1.07,1.15,1.15,1.56,1.74,2.26,2.12,2.28,2.01,2.00,2.05,1.76,1.43,0.31,-1.04,-0.98,-0.62,-0.92,-0.03,0.84,0.34,0.18,0.02,0.14,0.31,1.12,0.71,-0.13,-0.67,-1.40,-1.62,-1.33,-1.35,-1.17,-1.12,-0.79,-0.57,-0.16,0.42,0.88,1.23,1.96,3.02,3.95,4.25,3.81,3.50,3.31,3.20,3.25,3.14,3.06,3.02,2.73,2.75,2.13,0.98,0.84,1.66,2.36,2.22,2.06,1.95,2.00,2.01,1.95,2.05,2.02,1.83,1.53,0.82,0.96,2.20,2.82,3.39,3.70,3.96,4.09,4.10,4.27,4.17,4.35,4.11,4.10,4.01,3.77,3.26,2.81,2.67,2.79,3.07,4.50,4.99,4.90,4.51,4.40,4.58,4.58,4.63,4.34,4.41,4.36,4.03,3.51,2.93,2.13,1.70,1.18,0.61,0.18,-0.03,0.05,0.52
1.15,1.36,1.38,1.36,1.23,1.01,0.95,1.33,1.09,0.93,0.88,0.83,1.00,1.07,1.15,1.20,1.16,1.07,1.28,1.14,1.20,1.05,1.00,0.94,0.58,0.18,0.56,0.60,0.58,0.85,1.05,1.00,1.04,1.27,1.36,1.27,1.49,1.29,1.64,1.77,1.61,1.61,1.74,1.61,1.27,1.12,1.16,1.00,0.79,1.38,1.78,1.91,2.38,2.11,2.22,2.17,2.20,2.46,2.19,1.90,1.62,1.12,0.62,-0.01,-0.52,0.04,0.93,0.89,0.88,0.95,0.92,0.57,0.85,0.04,-0.87,-1.21,-1.48,-1.40,-1.35,-1.02,-0.88,-0.84,-0.66,-0.28,0.04,0.40,0.74,1.20,2.13,3.28,4.07,4.22,3.81,3.46,3.30,3.13,3.12,3.06,2.94,2.84,2.58,2.72,2.06,0.99,0.84,1.46,2.13,2.13,1.95,1.76,1.74,1.88,1.95,2.00,1.96,1.65,1.51,0.61,0.78,1.83,2.79,3.28,3.64,3.89,4.00,4.05,4.22,4.33,4.27,4.09,3.94,3.65,3.50,3.18,2.73,2.52,2.55,2.79,3.91,4.62,4.67,4.55,4.55,4.54,4.31,4.53,4.44,4.36,4.22,4.02,3.75,2.81,2.32,1.93,1.46,0.94,0.49,0.00,0.47,0.96
1.17,0.99,1.01,1.03,1.04,1.06,1.03,1.25,1.16,1.10,1.10,1.11,1.23,1.18,1.17,1.32,1.15,0.89,1.22,1.03,1.16,1.00,0.90,0.67,0.26,0.00,0.19,0.26,0.45,0.66,0.78,0.93,1.01,1.10,1.20,1.28,1.46,1.36,1.76,1.83,1.60,1.70,1.72,1.56,1.27,1.01,0.96,0.90,0.72,1.16,1.40,1.42,2.00,2.32,1.99,2.08,2.24,2.70,2.51,2.24,1.99,1.49,0.96,0.60,0.40,0.50,0.79,1.00,1.14,1.36,1.33,0.96,0.41,-0.22,-0.64,-0.68,-0.89,-0.71,-1.16,-0.83,-0.82,-0.76,-0.66,-0.31,-0.02,0.18,0.55,1.04,1.80,3.07,4.04,4.09,3.81,3.50,3.35,3.19,2.98,2.73,2.76,2.64,2.54,2.64,2.01,1.01,0.89,1.45,1.99,1.91,1.72,1.62,1.59,1.74,1.89,1.73,1.80,1.84,1.33,0.80,0.69,1.15,2.24,2.88,3.13,3.51,3.85,3.94,4.09,4.05,4.22,3.91,3.76,3.46,3.38,3.10,2.63,2.45,2.51,2.69,3.51,4.30,4.51,4.49,4.49,4.54,4.51,4.28,4.42,4.47,4.21,3.78,3.59,3.16,2.88,2.37,1.79,1.34,1.00,0.49,1.05,1.55
1.15,1.09,1.10,1.01,0.96,0.89,0.77,1.09,0.96,1.15,1.40,1.65,1.82,1.43,1.26,1.38,1.14,0.90,1.06,0.93,0.87,0.88,0.66,0.40,0.15,0.07,0.24,0.18,0.62,0.55,0.61,0.69,0.77,0.78,0.84,1.11,1.28,1.33,1.71,1.88,1.62,1.78,1.66,1.55,1.45,1.05,0.69,1.03,0.95,1.04,1.37,1.45,1.93,2.12,2.17,1.95,2.31,2.70,1.99,1.50,1.46,1.36,1.31,1.05,0.60,0.56,0.77,0.82,1.25,1.51,1.48,1.11,-0.05,-0.27,-0.29,-0.18,-0.33,-0.28,-0.54,-0.72,-0.87,-0.99,-1.06,-0.77,-0.61,-0.24,0.37,0.78,1.07,1.97,3.24,3.87,3.76,3.49,3.24,3.09,2.88,2.54,2.64,2.58,2.65,2.47,1.96,1.12,0.84,1.36,2.08,1.83,1.57,1.70,1.66,1.65,1.74,1.60,1.61,1.78,1.29,0.53,0.84,0.96,1.73,2.28,2.61,3.15,3.62,3.64,3.85,4.11,3.95,3.82,3.62,3.40,3.35,3.13,2.63,2.54,2.64,2.41,3.09,4.01,4.36,4.38,4.43,4.51,4.68,4.45,4.34,4.18,3.94,3.62,3.54,3.07,3.06,2.60,1.93,1.59,1.49,1.39,1.83,2.28
1.18,1.22,1.11,1.05,0.94,0.87,1.01,1.46,1.26,1.42,1.74,1.97,1.90,1.71,1.27,1.33,1.18,1.00,1.04,0.99,0.93,0.79,0.47,0.32,0.18,0.14,0.37,0.42,0.60,0.73,0.76,0.66,0.65,0.84,1.07,1.14,1.06,1.27,1.51,1.83,1.59,1.78,1.65,1.49,1.33,0.87,0.50,0.56,0.35,0.42,0.92,1.15,1.37,1.78,1.95,1.67,1.46,1.57,1.11,1.44,1.49,1.09,1.01,1.00,0.52,0.26,0.87,1.07,1.48,1.73,1.53,1.15,-0.17,-0.31,-0.37,-0.02,0.04,-0.10,0.02,-0.32,-0.68,-1.03,-1.14,-0.91,-0.93,-0.29,0.39,0.52,0.49,0.76,1.99,3.46,3.63,3.16,2.73,2.53,2.32,2.29,2.37,2.46,2.49,2.40,2.07,1.25,0.71,0.98,1.71,1.72,1.49,1.43,1.43,1.46,1.51,1.53,1.59,1.48,1.43,0.65,0.45,0.56,1.05,1.56,2.05,2.53,2.94,3.24,3.32,3.63,3.47,3.56,3.30,3.06,3.07,3.01,2.70,2.79,2.70,2.54,3.07,3.92,4.47,4.53,4.48,4.72,4.64,4.40,4.28,4.16,3.91,3.58,3.39,3.02,2.96,2.73,2.20,1.88,1.87,2.10,2.43,2.77
1.17,1.03,1.03,1.01,0.89,0.88,1.11,1.25,1.10,1.21,1.45,1.76,2.02,2.05,1.42,1.53,1.22,1.06,1.20,1.12,1.11,0.80,0.52,0.37,0.25,0.31,0.50,0.52,0.57,0.82,0.68,0.60,0.76,0.74,0.80,0.98,1.04,1.22,1.42,1.72,1.46,1.70,1.48,1.38,1.14,0.55,0.11,0.11,0.19,0.26,0.74,0.80,1.11,1.31,1.25,1.18,0.88,0.89,0.68,0.65,0.68,0.77,0.78,0.74,0.46,0.32,1.06,1.37,1.55,1.23,0.73,0.76,0.21,0.00,-0.15,0.41,0.42,0.39,0.44,0.19,-0.34,-0.64,-0.81,-0.73,-0.52,0.34,0.84,0.52,-0.06,0.08,1.53,2.95,3.13,2.29,1.74,1.45,1.22,1.26,1.62,1.99,2.06,2.37,1.88,1.22,0.66,0.96,1.62,1.54,1.39,1.43,1.26,1.36,1.32,1.31,1.37,1.54,1.21,0.72,0.36,0.53,0.68,0.79,1.11,1.55,1.87,2.42,2.46,2.59,2.82,2.94,2.72,2.48,2.53,2.69,2.57,2.70,2.51,2.59,2.78,3.50,4.27,4.58,4.60,4.70,4.51,4.28,4.25,4.17,3.85,3.54,3.31,3.07,2.89,2.83,2.79,2.46,2.45,2.53,2.89,3.22
0.96,0.95,1.07,1.10,1.00,0.99,1.10,1.09,1.27,1.39,1.44,1.46,1.49,1.44,1.11,1.27,1.15,1.16,1.29,1.20,1.01,0.82,0.56,0.45,0.40,0.46,0.57,0.60,0.78,1.01,0.60,0.73,0.82,0.88,0.92,0.98,1.07,1.15,1.45,1.43,1.40,1.67,1.38,1.38,1.23,0.72,0.29,0.36,0.71,0.73,0.92,0.74,1.05,1.18,0.99,0.93,0.73,0.94,0.88,1.12,1.32,1.28,1.17,1.11,1.16,1.18,1.29,1.34,0.65,0.41,0.78,0.69,0.88,0.85,0.61,0.55,0.93,1.16,1.22,0.89,0.25,-0.03,-0.24,-0.34,0.18,0.98,1.28,0.79,-0.17,0.10,1.93,2.67,2.31,1.09,0.52,0.26,0.23,0.41,0.68,1.07,1.22,2.02,1.89,1.33,0.76,0.82,1.31,1.39,1.29,1.28,1.06,1.14,1.22,1.34,1.06,1.26,1.48,0.83,0.40,0.62,0.65,0.55,0.68,0.80,1.09,1.59,1.72,1.83,2.24,2.25,2.13,2.18,2.42,2.69,2.70,2.51,2.53,2.63,2.91,3.49,4.08,4.38,4.54,4.67,4.51,4.31,4.21,4.09,3.83,3.60,3.43,3.16,2.82,2.76,3.09,2.78,2.96,3.14,3.34,3.50
0.85,1.04,1.25,1.34,1.20,1.12,1.09,1.12,1.31,1.17,1.05,1.05,1.12,1.15,1.12,1.45,1.44,1.33,1.28,1.17,0.92,0.72,0.42,0.55,0.62,0.68,0.74,0.79,0.96,1.05,0.71,0.83,0.60,0.68,0.89,1.06,1.12,1.05,1.26,1.33,1.44,1.78,1.65,1.55,1.40,1.12,0.79,0.74,1.00,1.05,0.99,0.92,1.01,0.95,1.03,1.14,0.79,1.06,1.26,1.37,1.32,1.22,1.07,1.06,1.17,1.21,1.20,1.27,1.09,0.35,0.19,0.79,1.31,1.10,1.07,0.98,1.39,1.54,1.56,1.46,0.92,0.74,0.71,0.73,1.09,1.71,1.57,1.37,1.16,1.26,2.71,2.63,1.99,0.80,0.45,0.29,0.46,0.28,0.14,0.47,0.82,1.83,1.49,1.56,1.23,0.98,1.34,1.42,1.25,1.37,1.21,1.21,1.39,1.42,1.25,1.06,1.39,0.90,0.47,0.63,0.68,0.58,0.69,0.62,0.83,1.18,1.53,1.76,1.99,1.95,1.82,1.88,2.05,2.23,2.55,2.45,2.60,2.45,2.57,3.02,3.73,4.33,4.23,4.42,4.36,4.16,4.03,3.92,3.71,3.69,3.57,3.31,3.00,2.83,3.26,3.37,3.35,3.39,3.43,3.56
1.22,1.22,1.12,1.11,1.10,1.04,1.04,1.14,1.03,0.68,0.69,0.82,0.95,1.04,0.87,1.00,1.16,1.37,1.31,0.94,0.67,0.52,0.39,0.60,0.69,0.76,0.83,0.98,1.21,1.16,1.07,1.05,0.82,0.78,0.85,0.87,0.74,0.71,1.18,1.31,1.22,1.59,1.57,1.64,1.28,0.99,0.88,0.82,0.85,0.93,0.95,0.89,1.12,1.03,1.00,1.20,0.83,1.15,1.22,1.25,1.25,1.22,1.14,1.12,1.15,1.10,1.16,1.23,1.05,0.74,1.00,1.85,2.48,2.60,1.80,1.57,2.17,1.91,2.10,1.78,1.55,1.72,1.82,1.78,2.01,2.10,2.02,2.14,2.55,3.15,3.16,2.42,1.85,1.18,0.95,0.16,0.23,0.35,0.36,0.55,1.36,2.06,1.93,1.64,1.27,1.32,1.71,1.64,1.31,1.39,1.37,1.22,1.37,1.39,1.48,1.40,1.49,1.03,0.61,0.63,0.67,0.58,0.68,0.71,0.80,1.09,1.48,1.66,1.62,1.62,1.51,1.64,2.05,1.87,2.19,2.11,2.42,2.46,2.57,2.90,3.41,3.85,3.54,3.84,3.96,3.81,3.66,3.68,3.45,3.37,3.41,3.22,3.20,3.47,3.63,3.79,3.81,3.69,3.63,3.78
1.21,0.98,1.00,1.14,0.80,0.78,0.99,1.10,0.88,0.51,0.62,0.74,0.83,0.87,0.85,1.09,1.06,1.37,1.48,1.21,0.94,0.66,0.74,0.49,0.45,0.67,0.93,1.15,1.42,1.31,1.20,1.16,0.99,0.94,0.94,0.88,0.72,0.68,0.90,0.73,0.76,1.29,1.34,1.66,1.23,0.80,0.77,0.83,0.78,0.84,0.89,0.87,1.36,1.18,0.83,1.04,0.80,1.15,1.15,1.04,0.98,0.99,1.15,1.20,1.18,1.11,0.98,1.28,1.32,1.40,1.87,2.72,3.07,3.41,3.26,3.12,2.89,2.63,2.55,2.38,2.24,2.05,2.19,2.49,2.52,2.38,2.36,2.61,3.31,3.84,3.69,3.31,2.02,1.29,0.68,0.41,0.50,0.51,0.44,0.72,1.31,2.05,2.03,1.90,1.49,1.62,1.90,1.73,1.61,1.62,1.62,1.48,1.57,1.59,1.55,1.53,1.67,1.27,0.82,0.74,0.73,0.61,0.69,0.72,0.85,1.18,1.46,1.45,1.74,1.80,1.60,1.49,1.67,1.85,2.10,2.14,2.26,2.37,2.46,2.59,2.79,2.95,2.71,3.15,3.44,3.38,3.18,3.25,3.56,3.50,3.59,3.52,3.37,3.39,3.53,3.54,3.75,3.81,3.73,3.76
1.07,0.93,0.88,0.85,0.74,0.90,1.18,1.27,1.03,0.78,0.71,0.79,0.88,0.98,1.06,1.23,1.10,1.53,1.71,1.48,1.10,0.98,0.95,0.58,0.61,0.89,1.15,1.37,1.46,1.36,1.17,1.25,1.14,1.06,1.07,1.03,0.79,0.66,0.85,0.82,0.65,0.95,1.22,1.10,0.92,0.80,0.74,0.78,0.88,0.84,0.77,0.92,1.29,0.99,0.79,0.83,0.72,1.00,0.98,0.94,0.95,0.99,1.16,1.16,0.99,0.82,0.82,1.06,1.06,1.26,1.83,2.69,3.35,3.50,3.82,3.54,3.33,3.04,2.72,2.60,2.34,2.08,2.22,2.38,2.38,2.34,2.40,2.59,3.12,3.90,3.94,3.25,1.99,1.48,0.90,0.41,0.24,0.53,0.53,0.71,1.32,2.14,2.22,2.16,1.83,1.90,2.14,2.00,1.95,1.94,1.84,1.84,1.84,1.72,1.48,1.40,1.64,1.40,1.00,0.85,0.85,0.73,0.63,0.84,0.93,1.06,1.38,1.39,1.42,1.67,1.77,1.62,1.62,1.94,2.14,2.08,2.02,2.03,2.08,2.10,2.11,2.08,2.00,2.49,2.84,2.71,2.35,2.36,2.85,2.81,2.94,3.02,3.03,3.24,3.20,3.33,3.30,3.35,3.46,3.33
1.00,0.95,0.93,0.77,0.66,0.68,0.83,0.92,0.88,0.87,0.88,1.07,1.33,1.43,1.37,1.42,1.40,1.79,1.84,1.71,1.56,1.23,1.15,0.92,1.04,0.83,1.09,1.53,1.61,1.51,1.32,1.36,1.20,1.05,1.16,1.11,0.89,0.76,0.74,0.57,0.50,0.68,0.83,0.80,0.57,0.61,0.56,0.41,0.29,0.31,0.57,0.65,0.80,0.58,0.85,0.68,0.63,0.74,0.66,0.80,0.82,0.83,0.89,0.87,0.79,0.68,0.76,0.87,0.78,1.05,1.56,2.22,2.89,2.89,3.37,3.07,2.91,2.78,2.63,2.51,2.16,1.93,1.95,1.99,2.14,2.16,2.17,2.32,2.55,2.93,2.77,2.22,1.21,1.03,0.72,0.44,0.24,0.36,0.47,0.84,1.18,1.80,2.03,2.10,1.89,1.82,2.00,1.91,1.85,1.97,1.89,1.95,1.78,1.56,1.32,1.33,1.45,1.14,0.87,0.83,0.72,0.77,0.78,0.93,1.14,0.93,1.12,1.09,1.17,1.37,1.43,1.39,1.33,1.54,1.70,1.60,1.54,1.54,1.59,1.62,1.70,1.72,1.64,1.82,1.99,2.07,1.93,1.55,2.06,2.19,2.29,2.37,2.35,2.53,2.51,2.75,2.63,2.45,2.77,2.72
0.94,1.00,1.05,0.84,0.62,0.63,0.96,1.18,1.10,0.87,1.15,1.50,1.79,1.80,1.67,1.71,1.76,1.97,1.96,1.90,1.79,1.54,1.48,0.77,0.85,0.80,1.16,1.54,1.64,1.59,1.66,1.20,1.12,0.96,1.10,1.03,0.85,0.76,0.65,0.46,0.34,0.35,0.52,0.46,0.49,0.51,0.49,0.40,0.26,0.35,0.53,0.36,0.26,0.26,0.49,0.56,0.60,0.47,0.47,0.61,0.46,0.44,0.50,0.58,0.68,0.68,0.72,0.72,0.58,0.76,0.93,1.18,1.71,1.77,1.87,1.64,1.53,1.42,1.51,1.66,1.59,1.40,1.23,1.07,1.05,1.10,1.23,1.33,1.27,1.40,1.28,1.10,0.66,0.49,0.28,0.24,0.24,0.21,0.26,0.51,0.89,1.43,1.64,1.72,1.59,1.45,1.50,1.38,1.32,1.53,1.57,1.50,1.26,1.25,1.00,0.83,0.66,0.58,0.62,0.73,0.89,0.78,0.80,0.80,0.82,0.83,0.79,0.83,0.94,1.06,1.04,1.05,1.09,1.17,1.18,1.04,1.05,1.15,1.21,1.28,1.55,1.56,1.37,1.53,1.54,1.37,1.36,1.12,1.43,1.64,1.78,1.79,1.62,1.60,1.66,1.83,1.76,1.62,2.06,1.87
0.92,1.04,0.96,0.74,0.57,0.67,0.98,1.06,0.98,1.11,1.40,1.76,1.89,1.93,2.00,2.03,2.02,2.08,2.06,2.08,2.07,1.93,1.71,0.93,0.89,0.90,1.18,1.57,1.78,1.76,1.73,1.23,1.20,0.99,1.03,0.83,0.68,0.63,0.60,0.56,0.31,0.25,0.39,0.32,0.44,0.50,0.56,0.53,0.30,0.18,0.34,0.30,0.28,0.46,0.55,0.51,0.42,0.45,0.58,0.73,0.53,0.28,0.40,0.60,0.68,0.71,0.68,0.58,0.45,0.53,0.42,0.37,0.58,0.96,0.60,0.37,0.28,0.05,0.05,0.42,0.55,0.42,0.28,0.07,-0.01,-0.10,-0.02,0.08,-0.07,0.09,0.11,0.00,-0.15,-0.20,-0.31,-0.39,-0.08,-0.06,0.03,0.09,0.57,1.11,1.20,1.17,1.11,1.03,1.05,0.95,0.82,0.87,0.82,0.68,0.57,0.47,0.62,0.63,0.60,0.55,0.56,0.68,0.82,0.63,0.45,0.73,0.67,0.68,0.61,0.66,0.83,0.89,0.74,0.72,0.78,1.04,1.03,0.89,0.96,1.01,0.89,0.99,1.46,1.55,1.33,1.31,1.34,1.27,1.26,1.28,1.26,1.26,1.39,1.46,1.16,1.05,1.14,1.21,1.16,1.07,1.39,1.37
1.18,0.95,0.63,0.46,0.42,0.56,0.82,0.85,0.89,1.10,1.26,1.65,1.91,2.16,2.30,2.35,2.57,2.18,2.10,2.20,2.25,2.11,1.87,1.28,1.06,1.03,1.17,1.44,1.72,1.84,1.64,1.51,1.17,1.14,1.28,0.76,0.58,0.53,0.55,0.69,0.42,0.29,0.47,0.49,0.44,0.62,0.46,0.36,0.32,0.29,0.34,0.28,0.24,0.39,0.30,0.49,0.26,0.56,0.66,0.58,0.39,0.42,0.51,0.68,0.79,0.77,0.69,0.58,0.50,0.58,0.41,0.25,0.19,0.68,0.20,-0.08,-0.28,-0.53,-0.72,-0.46,-0.27,-0.32,-0.39,-0.53,-0.56,-0.72,-0.91,-0.81,-0.81,-0.57,-0.43,-0.63,-0.82,-0.82,-0.77,-0.87,-0.54,-0.46,-0.12,0.10,0.32,0.71,0.69,0.66,0.68,0.60,0.60,0.66,0.63,0.56,0.31,0.21,0.40,0.44,0.65,0.29,0.15,0.39,0.42,0.31,0.67,0.66,0.45,0.60,0.58,0.50,0.42,0.51,0.73,0.79,0.45,0.50,0.36,0.69,0.76,0.71,0.90,1.16,1.11,1.11,0.88,1.11,0.96,0.96,1.09,1.06,1.11,1.12,1.15,1.06,1.07,1.28,1.12,1.03,1.00,1.01,1.03,1.04,1.51,1.06
0.94,0.71,0.47,0.28,0.13,0.28,0.60,0.63,0.68,0.90,1.10,1.57,1.78,2.07,2.25,2.17,1.97,2.10,2.19,2.17,2.08,2.06,2.00,1.51,1.29,1.16,1.18,1.36,1.62,1.73,1.55,1.45,1.33,1.25,1.20,0.77,0.56,0.40,0.47,0.66,0.52,0.42,0.62,0.51,0.42,0.67,0.53,0.49,0.40,0.34,0.39,0.44,0.41,0.41,0.42,0.42,0.32,0.55,0.47,0.46,0.45,0.65,0.56,0.55,0.60,0.60,0.71,0.74,0.63,0.50,0.41,0.24,0.30,0.46,0.24,-0.13,-0.41,-0.52,-0.63,-0.61,-0.42,-0.48,-0.51,-0.67,-0.73,-0.88,-1.17,-1.16,-0.97,-0.71,-0.58,-0.57,-0.87,-0.94,-0.82,-0.68,-0.59,-0.53,-0.13,0.09,0.10,0.36,0.50,0.57,0.62,0.47,0.46,0.47,0.45,0.60,0.13,0.15,0.20,0.28,0.44,0.29,0.13,0.28,0.47,0.49,0.71,0.63,0.47,0.52,0.47,0.35,0.25,0.35,0.57,0.61,0.36,0.55,0.47,0.55,0.65,0.72,0.76,0.89,1.09,1.15,0.79,0.99,0.96,0.92,0.99,0.96,0.78,0.73,0.80,0.90,0.87,0.94,1.06,1.09,1.05,1.04,1.00,0.77,1.29,0.96
0.94,0.71,0.37,0.08,-0.02,0.07,0.25,0.18,0.28,0.62,0.96,1.31,1.29,1.73,1.96,1.89,2.05,2.20,2.35,2.22,2.03,2.11,2.17,1.72,1.48,1.36,1.23,1.42,1.61,1.59,1.48,1.33,1.40,1.40,1.33,0.93,0.55,0.51,0.42,0.35,0.56,0.56,0.53,0.31,0.29,0.56,0.57,0.57,0.47,0.35,0.34,0.37,0.36,0.23,0.28,0.34,0.34,0.73,0.52,0.40,0.45,0.47,0.40,0.44,0.63,0.67,0.51,0.51,0.62,0.56,0.30,-0.02,0.18,0.29,0.13,-0.12,-0.56,-0.48,-0.33,-0.38,-0.41,-0.61,-0.48,-0.54,-0.79,-0.96,-1.11,-1.24,-1.11,-0.72,-0.81,-0.61,-1.07,-0.79,-0.66,-0.68,-0.26,-0.07,-0.15,0.10,0.05,0.34,0.52,0.40,0.35,0.26,0.52,0.58,0.31,0.65,0.37,0.23,0.26,0.30,0.46,0.40,0.32,0.32,0.40,0.63,0.60,0.74,0.52,0.60,0.51,0.31,0.19,0.25,0.44,0.47,0.56,0.50,0.83,0.79,0.99,0.98,0.89,1.15,1.15,0.98,0.85,1.01,1.00,0.92,0.96,1.07,0.62,0.74,0.73,0.71,0.90,0.84,0.67,0.61,0.69,0.72,0.57,0.44,0.93,0.79
0.61,0.52,0.37,0.11,-0.16,-0.21,-0.07,-0.37,-0.13,0.37,0.77,0.88,0.92,1.37,1.56,1.67,1.84,1.97,1.84,2.07,2.20,2.25,2.30,2.07,1.48,1.53,1.27,1.43,1.50,1.45,1.42,1.44,1.48,1.43,1.25,1.03,0.93,0.72,0.47,0.34,0.29,0.37,0.23,0.40,0.16,0.45,0.40,0.46,0.52,0.45,0.34,0.29,0.30,0.36,0.42,0.44,0.31,0.72,0.44,0.60,0.53,0.57,0.74,0.61,0.63,0.88,0.92,0.76,0.71,0.68,0.45,0.23,0.44,-0.02,-0.15,-0.21,-0.84,-0.68,-0.79,-0.42,-0.32,-0.39,-0.23,-0.32,-0.72,-0.92,-0.87,-1.01,-1.14,-0.84,-0.88,-0.96,-0.69,-0.33,-0.46,-0.24,0.18,0.10,0.23,0.03,0.02,0.24,0.36,0.25,0.10,0.11,0.37,0.34,0.16,0.16,0.11,0.24,0.34,0.37,0.46,0.45,0.47,0.49,0.39,0.60,0.45,0.78,0.68,0.74,0.76,0.44,0.23,0.34,0.35,0.51,0.50,0.39,0.67,0.85,0.96,1.01,1.05,1.23,1.15,0.98,1.00,1.03,0.94,0.82,0.89,0.95,0.79,0.79,0.82,0.78,0.87,0.78,0.66,0.71,0.77,0.78,0.56,0.37,0.60,0.57
0.44,0.35,0.25,0.08,-0.16,-0.36,-0.43,-0.43,-0.11,0.31,0.58,0.52,0.69,0.85,1.03,1.18,1.34,1.37,1.39,1.93,2.17,2.42,2.40,1.87,1.91,1.60,1.27,1.25,1.38,1.39,1.38,1.43,1.50,1.60,1.37,1.27,0.93,0.63,0.37,0.20,0.11,0.02,0.20,0.28,0.35,0.44,0.35,0.42,0.56,0.52,0.37,0.34,0.39,0.44,0.53,0.49,0.44,0.67,0.49,0.77,0.60,0.56,0.79,0.79,0.79,0.83,0.78,0.73,0.74,0.67,0.51,0.34,0.44,0.09,-0.21,-0.31,-0.69,-0.48,-0.67,-0.61,-0.53,-0.76,-0.81,-0.64,-0.69,-0.79,-0.78,-0.88,-1.03,-0.87,-0.86,-0.69,-0.62,-0.23,-0.23,-0.28,0.09,0.11,0.11,-0.06,-0.11,0.14,0.42,0.41,0.30,0.47,0.46,0.13,0.32,0.25,0.14,0.19,0.35,0.36,0.41,0.40,0.47,0.61,0.50,0.56,0.69,0.55,0.67,0.72,0.76,0.63,0.50,0.49,0.46,0.63,0.79,0.58,0.62,0.83,0.96,1.03,1.12,1.12,1.18,1.21,1.21,1.09,0.90,0.77,0.88,0.72,0.65,0.60,0.63,0.72,0.78,0.71,0.65,0.63,0.69,0.77,0.77,0.51,0.46,0.53
