-41.18,-41.16,-40.84,-41.20,-40.79,-41.45,-41.68,-41.59,-41.64,-41.22,-41.18,-41.27,-41.50,-41.68,-41.96,-41.75,-41.73,-41.22,-40.57,-40.00,-39.67,-39.34,-38.77,-39.09,-38.83,-39.01,-39.34,-39.12,-38.37,-37.23,-37.02,-36.85,-37.83,-38.24,-32.71,-21.12,-10.14,-4.50,-1.94,-1.78,-1.53,-1.76,-3.85,-10.86,-22.87,-34.33,-40.16,-42.24,-41.89,-41.73,-41.41,-40.93,-41.29,-40.30,-39.12,-38.63,-37.83,-36.83,-36.45,-36.01,-34.96,-34.15,-33.58,-32.18,-31.19,-29.13,-27.21,-25.71,-24.54,-23.39,-22.53,-21.12,-20.14,-18.27,-16.85,-15.99,-14.70,-13.34,-12.37,-11.74,-11.20,-10.31,-9.30,-9.15,-8.27,-7.93,-7.52,-7.07,-6.66,-6.43,-6.33,-5.80,-5.61,-5.57,-5.36,-5.16,-5.10,-5.16,-5.24,-5.23,-4.98,-4.91,-5.33,-4.86,-5.15,-5.03,-5.29,-5.73,-9.05,-17.81,-29.82,-38.74,-42.17,-44.30,-45.40,-45.33,-45.16,-45.78,-44.89,-44.52,-44.52,-44.62,-44.18,-43.30,-42.80,-41.87,-41.66,-42.10,-42.87,-42.94,-43.56,-44.30,-44.55,-44.94,-44.77,-45.68,-45.08,-44.79,-44.79,-44.64,-44.40,-44.79,-44.81,-44.69,-44.74,-44.74,-44.52,-44.30,-44.09,-43.99,-44.04,-44.09,-44.04,-43.77,-44.16,-44.09,-44.13,-44.18,-44.23,-44.23
-40.70,-40.93,-40.68,-40.54,-40.34,-40.91,-41.18,-40.97,-41.36,-41.38,-41.20,-41.02,-41.22,-41.55,-41.18,-41.06,-41.18,-40.66,-40.27,-40.09,-39.60,-39.32,-38.74,-38.70,-38.37,-38.35,-38.50,-38.40,-38.18,-36.28,-35.60,-35.20,-35.60,-35.33,-30.33,-19.96,-9.44,-4.03,-1.88,-1.86,-1.31,-1.48,-3.53,-10.15,-21.18,-31.48,-36.05,-37.34,-36.30,-35.58,-35.16,-33.98,-33.84,-32.47,-30.64,-29.45,-28.67,-27.17,-25.71,-24.28,-22.65,-21.65,-20.51,-18.55,-17.50,-15.97,-14.34,-13.17,-12.34,-11.48,-10.88,-10.31,-9.61,-9.10,-8.61,-8.15,-7.65,-7.20,-6.97,-6.74,-6.19,-5.80,-5.27,-5.12,-4.99,-4.83,-4.65,-5.02,-4.45,-4.62,-4.66,-4.45,-4.41,-4.31,-4.26,-4.17,-4.17,-4.37,-4.35,-4.54,-4.41,-4.30,-4.68,-4.45,-4.58,-4.68,-4.81,-5.20,-8.48,-17.28,-29.33,-38.42,-42.36,-44.11,-44.57,-45.13,-44.74,-45.35,-43.94,-43.49,-43.56,-43.08,-42.36,-41.98,-41.78,-41.55,-41.75,-42.26,-43.44,-43.75,-44.11,-44.33,-44.42,-44.55,-43.94,-44.69,-44.55,-44.67,-44.55,-44.11,-44.11,-44.62,-44.06,-44.16,-44.45,-44.42,-44.16,-43.97,-44.45,-43.94,-43.97,-44.06,-43.89,-43.54,-44.21,-43.85,-43.56,-43.56,-43.77,-43.85
-40.23,-40.48,-40.14,-40.14,-40.16,-40.50,-40.77,-40.72,-40.70,-41.20,-40.97,-40.86,-40.88,-40.88,-40.88,-40.70,-40.75,-40.32,-39.96,-40.12,-39.43,-39.23,-38.50,-38.20,-37.90,-37.73,-37.81,-37.73,-37.51,-36.54,-35.20,-33.40,-32.77,-32.12,-27.61,-18.24,-8.39,-3.36,-1.43,-1.81,-1.43,-1.33,-3.08,-8.48,-17.08,-24.57,-27.06,-27.44,-26.37,-24.49,-23.83,-22.36,-21.10,-19.43,-17.86,-16.45,-15.00,-13.65,-12.60,-11.68,-10.89,-10.61,-10.11,-9.58,-9.37,-8.63,-7.96,-7.45,-6.84,-6.45,-6.24,-6.08,-5.99,-5.52,-5.12,-5.08,-5.02,-4.82,-4.86,-4.85,-4.60,-4.47,-4.18,-4.31,-4.22,-4.27,-4.23,-4.44,-4.03,-4.09,-4.03,-4.03,-3.98,-4.00,-4.06,-3.92,-3.88,-4.10,-4.06,-3.96,-4.14,-4.31,-4.10,-4.17,-4.37,-4.49,-4.40,-4.99,-8.03,-16.68,-28.61,-37.77,-41.98,-43.75,-44.33,-44.55,-44.01,-44.47,-43.54,-42.90,-42.40,-41.66,-41.09,-41.20,-41.73,-41.91,-42.47,-42.43,-43.97,-44.26,-44.23,-44.21,-44.18,-44.04,-43.89,-44.57,-44.38,-44.40,-44.18,-43.87,-43.94,-44.28,-44.01,-44.30,-44.38,-44.28,-44.04,-43.92,-44.30,-43.87,-43.99,-43.97,-43.70,-43.58,-44.04,-43.58,-43.39,-43.39,-43.37,-43.34
-39.74,-39.69,-39.23,-39.43,-39.49,-39.91,-40.45,-40.50,-40.50,-40.57,-40.70,-40.39,-39.78,-39.43,-39.98,-39.58,-39.65,-39.60,-39.23,-38.90,-38.50,-38.22,-37.23,-36.62,-36.47,-36.22,-35.58,-35.18,-34.35,-32.93,-31.63,-29.45,-27.84,-26.54,-22.73,-15.06,-6.66,-2.91,-1.30,-1.57,-1.66,-1.47,-2.51,-6.05,-10.82,-14.34,-15.55,-15.12,-13.79,-12.10,-11.72,-10.75,-9.96,-9.17,-8.81,-8.26,-7.82,-7.29,-6.75,-6.56,-6.28,-5.95,-5.92,-5.92,-5.84,-5.40,-5.23,-5.03,-4.75,-4.79,-4.78,-4.81,-4.79,-4.49,-4.27,-4.33,-4.24,-4.10,-4.26,-4.20,-4.27,-4.35,-4.03,-4.17,-4.03,-4.03,-3.92,-3.93,-4.07,-3.90,-3.80,-3.59,-3.89,-3.79,-3.67,-3.50,-3.50,-3.94,-3.84,-3.65,-3.67,-4.00,-4.06,-3.83,-4.09,-4.06,-4.15,-4.74,-7.40,-15.71,-27.59,-36.81,-41.13,-43.30,-44.16,-43.85,-43.32,-43.97,-42.52,-41.80,-41.36,-41.27,-41.18,-41.16,-41.66,-42.54,-43.15,-44.26,-44.62,-44.47,-44.21,-44.09,-43.92,-43.68,-43.94,-44.40,-43.80,-43.89,-43.87,-43.68,-43.56,-43.54,-43.61,-44.33,-43.97,-43.85,-43.82,-43.87,-43.87,-43.37,-43.70,-43.32,-42.97,-43.30,-44.06,-43.37,-43.58,-43.63,-43.54,-43.51
-39.27,-38.37,-38.61,-38.48,-38.85,-39.38,-39.76,-39.71,-39.89,-39.91,-39.51,-38.70,-37.73,-37.26,-37.15,-36.68,-36.51,-36.54,-36.30,-35.60,-34.86,-34.17,-32.81,-31.11,-30.29,-29.69,-28.39,-27.50,-25.97,-24.42,-23.24,-21.45,-19.49,-17.81,-15.35,-10.76,-5.14,-2.62,-1.78,-1.61,-1.74,-1.95,-2.24,-3.59,-5.61,-6.59,-6.80,-7.69,-6.82,-6.16,-6.27,-6.20,-5.80,-5.49,-5.36,-5.19,-4.96,-4.83,-4.69,-4.56,-4.64,-4.53,-4.70,-4.62,-4.65,-4.73,-4.65,-4.65,-4.40,-4.47,-4.49,-4.47,-4.33,-4.20,-4.18,-4.26,-4.17,-4.02,-4.07,-4.01,-4.17,-4.23,-3.79,-4.00,-3.87,-3.74,-3.79,-3.94,-3.79,-3.72,-3.59,-3.45,-3.62,-3.55,-3.44,-3.43,-3.45,-3.46,-3.52,-3.62,-3.74,-3.54,-3.49,-3.33,-3.14,-3.14,-3.52,-3.85,-6.51,-14.40,-26.40,-35.89,-40.32,-42.73,-43.56,-43.18,-42.57,-42.45,-41.16,-40.86,-40.86,-41.41,-41.64,-41.82,-42.57,-43.37,-43.63,-44.40,-44.38,-44.45,-44.09,-43.87,-43.58,-43.42,-43.63,-43.63,-43.15,-43.32,-43.20,-43.23,-43.46,-43.49,-43.23,-43.51,-43.75,-43.46,-43.46,-43.63,-43.49,-42.75,-43.23,-42.90,-42.73,-43.04,-43.63,-43.01,-43.23,-43.08,-42.75,-42.50
-38.16,-37.68,-37.55,-37.02,-36.56,-36.26,-36.14,-36.41,-36.28,-35.95,-35.14,-33.96,-32.91,-32.34,-31.46,-30.94,-30.27,-29.30,-28.19,-27.70,-25.90,-25.29,-23.61,-21.93,-20.46,-19.22,-18.33,-17.27,-16.16,-15.26,-14.18,-12.87,-11.48,-10.11,-8.74,-6.99,-4.43,-2.67,-2.54,-2.18,-2.03,-2.39,-2.72,-3.17,-3.88,-4.30,-4.48,-4.94,-4.61,-4.19,-4.23,-4.43,-4.61,-4.58,-4.39,-4.41,-4.40,-4.28,-4.18,-4.13,-4.30,-4.23,-4.44,-4.30,-4.39,-4.79,-4.45,-4.49,-4.40,-4.31,-4.23,-4.36,-4.18,-4.03,-4.10,-4.14,-4.00,-3.92,-4.07,-4.03,-4.20,-4.13,-3.65,-3.70,-3.70,-3.45,-3.70,-3.76,-3.55,-3.37,-3.33,-2.95,-3.00,-3.12,-3.08,-2.94,-2.81,-2.74,-2.78,-2.81,-2.78,-2.86,-2.64,-2.42,-2.74,-2.10,-2.45,-2.78,-5.53,-13.20,-25.62,-35.43,-39.87,-41.96,-42.40,-41.87,-41.18,-40.72,-40.45,-40.43,-41.18,-41.82,-42.17,-42.71,-43.20,-43.27,-43.54,-43.89,-43.49,-43.56,-43.15,-43.13,-43.06,-42.87,-42.71,-42.52,-42.36,-42.45,-42.03,-42.26,-42.61,-42.71,-42.82,-43.06,-43.08,-43.18,-43.34,-43.18,-42.80,-42.68,-42.82,-42.68,-42.59,-42.71,-42.85,-42.54,-42.50,-42.38,-42.45,-42.31
-34.82,-34.80,-33.56,-32.69,-31.87,-30.92,-30.24,-29.93,-29.32,-28.69,-27.66,-26.24,-25.10,-24.06,-23.07,-21.93,-20.66,-19.49,-18.47,-17.17,-16.52,-15.30,-14.40,-13.38,-12.33,-11.52,-10.73,-10.21,-9.41,-8.59,-7.73,-6.89,-6.23,-5.76,-5.40,-4.94,-3.75,-3.65,-3.33,-2.76,-2.64,-2.63,-2.76,-3.08,-3.44,-3.79,-4.02,-4.28,-3.92,-3.80,-3.96,-4.01,-4.20,-4.31,-4.28,-4.36,-4.33,-4.09,-4.13,-4.20,-4.14,-4.13,-4.28,-4.22,-4.28,-4.70,-4.33,-4.26,-4.20,-4.14,-4.00,-4.18,-4.00,-3.80,-3.79,-3.72,-3.52,-3.53,-3.76,-3.75,-3.81,-3.65,-3.22,-3.09,-3.14,-2.79,-3.18,-2.95,-2.65,-2.40,-2.49,-2.19,-2.22,-2.27,-2.07,-1.93,-1.89,-1.86,-1.88,-1.78,-1.79,-1.61,-1.59,-1.60,-1.88,-1.36,-1.64,-1.81,-4.68,-12.81,-25.43,-34.98,-39.12,-40.75,-40.72,-39.69,-39.87,-40.21,-40.59,-41.04,-42.10,-42.38,-42.40,-42.52,-42.57,-42.45,-42.50,-42.57,-42.59,-42.85,-42.57,-42.64,-42.03,-41.29,-41.04,-41.20,-41.11,-40.91,-40.48,-40.59,-40.81,-41.11,-41.57,-42.22,-42.24,-42.73,-42.75,-42.64,-42.52,-42.17,-42.43,-42.05,-42.22,-42.38,-42.33,-42.05,-42.12,-42.10,-42.15,-41.73
-28.30,-27.48,-26.01,-24.96,-24.11,-23.25,-22.46,-21.45,-20.67,-20.07,-19.13,-17.62,-16.37,-15.41,-14.05,-13.47,-13.03,-12.02,-11.23,-10.46,-10.34,-9.56,-8.80,-8.11,-7.41,-7.07,-6.15,-6.28,-5.85,-5.14,-4.68,-4.32,-3.93,-3.74,-3.98,-3.87,-3.32,-3.63,-3.53,-3.27,-3.00,-3.04,-3.33,-3.58,-3.63,-3.93,-4.15,-4.37,-4.13,-3.90,-4.05,-4.10,-4.20,-4.19,-4.24,-4.39,-4.26,-3.94,-4.14,-4.35,-3.96,-3.92,-4.20,-4.06,-4.02,-4.33,-4.18,-4.06,-3.79,-3.80,-3.70,-3.61,-3.45,-3.26,-3.14,-2.99,-2.82,-2.77,-2.81,-2.72,-2.65,-2.54,-2.19,-2.14,-1.99,-1.75,-2.14,-1.72,-1.41,-1.26,-1.40,-1.19,-1.33,-1.32,-1.09,-1.06,-1.02,-0.98,-1.08,-1.13,-0.99,-0.69,-0.64,-0.72,-0.96,-0.76,-0.91,-1.24,-3.65,-11.03,-23.17,-32.85,-37.38,-39.18,-39.38,-38.92,-40.07,-40.84,-41.11,-42.08,-42.59,-42.66,-42.05,-41.32,-40.88,-40.68,-40.57,-40.97,-41.36,-41.52,-41.45,-41.00,-40.07,-39.09,-38.90,-39.45,-39.12,-38.53,-38.44,-38.35,-38.70,-39.01,-39.29,-40.00,-40.75,-41.80,-41.87,-42.03,-42.24,-42.05,-41.38,-41.89,-42.12,-42.29,-42.15,-41.64,-41.91,-41.94,-41.80,-41.25
-20.67,-19.86,-18.35,-17.06,-16.20,-15.49,-14.87,-13.66,-13.03,-12.57,-11.91,-10.89,-10.25,-9.48,-9.12,-8.88,-8.69,-8.22,-7.12,-6.86,-6.62,-6.28,-5.75,-5.28,-5.06,-4.78,-4.10,-4.13,-4.09,-3.83,-3.92,-3.88,-3.59,-3.72,-3.66,-3.79,-3.48,-3.68,-3.63,-3.63,-3.59,-3.58,-3.75,-3.92,-3.89,-3.81,-4.20,-4.27,-4.20,-3.94,-4.02,-4.19,-4.20,-4.07,-4.03,-4.11,-3.94,-3.74,-3.93,-4.07,-3.71,-3.53,-3.94,-3.57,-3.40,-3.68,-3.40,-3.33,-3.05,-2.91,-2.82,-2.53,-2.41,-2.32,-2.21,-2.16,-1.93,-1.75,-1.67,-1.32,-1.32,-1.33,-1.07,-1.08,-0.67,-0.78,-0.96,-0.58,-0.58,-0.39,-0.47,-0.16,-0.36,-0.43,-0.34,-0.31,-0.28,-0.26,-0.39,-0.52,-0.38,-0.22,-0.13,-0.16,-0.39,-0.41,-0.54,-0.72,-2.76,-8.77,-18.32,-28.17,-34.37,-37.40,-39.14,-40.05,-41.06,-41.61,-41.78,-41.96,-42.03,-42.24,-41.13,-39.69,-38.55,-37.73,-37.60,-38.37,-39.09,-39.58,-39.29,-38.53,-37.19,-36.26,-36.18,-36.37,-36.03,-35.68,-35.39,-35.80,-36.47,-36.43,-36.45,-37.28,-38.81,-40.57,-41.16,-41.78,-42.05,-41.78,-41.87,-41.91,-41.85,-41.96,-41.82,-41.36,-41.66,-41.61,-41.45,-40.84
-14.10,-13.59,-12.52,-11.29,-10.41,-9.83,-9.42,-8.97,-8.84,-8.54,-7.97,-7.88,-7.35,-6.74,-6.31,-6.09,-5.96,-5.69,-5.24,-4.96,-4.75,-4.52,-4.22,-3.96,-4.02,-3.71,-3.57,-3.44,-3.77,-3.74,-3.68,-3.77,-3.76,-3.98,-3.89,-3.84,-3.74,-3.81,-3.66,-3.59,-3.59,-3.67,-3.87,-3.96,-4.03,-3.89,-4.02,-3.92,-3.94,-3.76,-3.77,-4.01,-3.85,-3.65,-3.53,-3.31,-3.14,-3.08,-3.06,-2.96,-2.78,-2.79,-2.81,-2.55,-2.35,-2.28,-2.00,-1.91,-1.72,-1.55,-1.60,-1.38,-1.04,-0.87,-0.74,-0.67,-0.63,-0.48,-0.39,-0.28,-0.07,-0.28,-0.07,-0.08,0.37,0.37,0.07,0.34,0.42,0.57,0.37,0.44,0.47,0.25,0.34,0.36,0.20,0.14,0.13,0.08,0.08,0.08,0.02,-0.13,-0.20,-0.51,-0.61,-0.72,-2.49,-7.26,-15.08,-25.43,-33.70,-38.27,-40.14,-40.66,-41.41,-41.41,-42.12,-41.87,-41.45,-41.13,-39.56,-37.77,-35.68,-34.00,-33.66,-34.49,-35.64,-36.75,-35.49,-34.61,-33.52,-33.01,-33.20,-33.18,-32.16,-31.73,-31.13,-33.01,-33.50,-33.34,-33.68,-34.90,-36.81,-39.01,-40.07,-41.06,-41.41,-41.32,-41.85,-41.98,-41.48,-41.59,-41.66,-41.59,-41.61,-41.22,-41.04,-40.39
-9.52,-9.19,-8.66,-8.00,-7.41,-7.05,-6.78,-6.45,-6.48,-6.58,-6.28,-6.03,-5.44,-5.16,-4.86,-4.71,-4.78,-4.43,-4.45,-3.98,-3.90,-3.80,-3.59,-3.62,-3.70,-3.65,-3.19,-3.59,-3.74,-3.72,-3.71,-3.71,-3.66,-3.80,-3.85,-3.93,-3.70,-3.59,-3.50,-3.49,-3.46,-3.49,-3.65,-3.61,-3.53,-3.55,-3.33,-3.22,-3.26,-3.01,-2.97,-3.21,-3.00,-2.64,-2.39,-2.04,-1.81,-1.88,-1.61,-1.53,-1.23,-1.70,-1.59,-1.36,-1.31,-1.17,-0.98,-0.69,-0.38,-0.53,-0.44,-0.23,-0.18,-0.13,0.13,0.29,0.26,0.46,0.58,0.78,0.83,0.88,1.14,0.74,1.12,1.12,0.98,1.04,1.12,1.26,0.76,0.60,0.41,0.35,0.51,0.56,0.25,0.04,0.13,0.25,0.23,0.16,-0.15,-0.37,-0.36,-0.78,-0.83,-1.07,-2.70,-7.33,-16.17,-27.12,-35.23,-39.27,-40.52,-40.86,-41.32,-41.18,-41.34,-40.34,-39.38,-39.09,-37.32,-35.29,-32.65,-30.16,-29.15,-29.92,-31.33,-32.55,-31.15,-30.35,-29.92,-29.77,-29.56,-28.45,-27.06,-27.15,-26.70,-29.50,-30.54,-30.50,-31.08,-32.63,-34.71,-36.87,-38.31,-39.83,-40.36,-40.52,-41.06,-41.34,-41.11,-40.86,-40.57,-40.63,-41.06,-40.79,-40.52,-39.89
-6.72,-6.47,-6.08,-5.85,-5.91,-5.67,-5.36,-5.03,-5.02,-5.22,-5.06,-4.71,-4.37,-4.35,-4.22,-4.02,-4.13,-3.89,-3.97,-3.57,-3.41,-3.44,-3.30,-3.26,-3.31,-3.55,-3.46,-3.54,-3.67,-3.72,-3.77,-3.80,-3.59,-3.35,-3.12,-3.55,-3.18,-2.91,-2.95,-2.83,-2.65,-2.65,-2.70,-2.55,-2.37,-2.17,-1.88,-1.78,-1.84,-1.35,-1.26,-1.52,-1.45,-1.07,-0.81,-0.69,-0.54,-0.39,-0.24,-0.16,-0.26,-0.57,-0.42,-0.28,-0.01,-0.16,-0.05,0.34,0.63,0.50,0.39,0.35,0.49,0.68,0.63,0.51,0.71,0.93,1.05,1.26,1.18,1.26,1.39,1.33,1.25,1.39,1.49,1.22,0.99,1.09,0.66,0.66,0.53,0.58,0.55,0.47,0.05,-0.31,-0.29,-0.27,-0.24,-0.32,-0.62,-0.66,-0.64,-1.17,-1.07,-1.45,-3.17,-8.56,-19.93,-30.67,-36.79,-39.71,-40.70,-40.41,-39.91,-39.47,-38.68,-38.37,-37.64,-36.56,-35.12,-33.12,-30.41,-26.92,-24.82,-25.25,-26.49,-27.32,-26.24,-26.06,-26.03,-25.76,-24.90,-23.61,-22.68,-22.56,-23.29,-25.90,-26.92,-27.24,-28.12,-29.88,-32.26,-34.35,-36.20,-38.09,-39.14,-39.74,-40.32,-40.48,-40.36,-40.25,-40.09,-40.41,-41.09,-40.48,-39.87,-39.05
-5.11,-5.02,-4.93,-4.62,-4.73,-4.70,-4.32,-4.31,-4.33,-4.28,-4.20,-4.06,-3.90,-3.85,-3.76,-3.59,-3.52,-3.24,-3.33,-3.21,-3.03,-2.87,-2.77,-2.76,-2.83,-2.99,-2.78,-2.94,-2.87,-2.60,-2.50,-2.62,-2.53,-2.27,-1.91,-2.12,-1.83,-1.51,-1.59,-1.46,-1.09,-0.97,-0.98,-0.86,-1.04,-0.66,-0.22,0.07,-0.18,0.07,0.29,0.13,-0.03,0.02,0.09,0.21,0.35,0.21,0.46,0.20,0.40,0.07,-0.16,0.08,0.41,0.21,0.40,0.31,0.52,0.44,0.53,0.42,0.47,0.56,0.50,0.58,0.72,0.77,0.89,1.21,1.18,1.14,1.20,1.16,0.95,0.96,0.76,0.55,0.77,0.37,0.37,0.13,-0.05,-0.28,-0.44,-0.27,-0.33,-0.44,-0.51,-0.69,-0.76,-0.84,-1.12,-1.16,-0.93,-1.76,-1.41,-1.75,-3.55,-9.84,-23.17,-32.85,-37.32,-39.47,-39.65,-38.77,-38.11,-37.26,-36.03,-35.35,-34.33,-33.30,-32.39,-30.65,-28.01,-24.54,-21.84,-21.05,-21.60,-21.86,-21.17,-21.86,-21.94,-21.28,-20.32,-19.36,-18.73,-19.01,-20.15,-21.91,-23.14,-24.01,-25.36,-27.33,-29.78,-32.32,-33.62,-36.03,-37.75,-38.94,-39.65,-39.80,-39.69,-40.16,-40.05,-40.09,-40.41,-40.07,-39.78,-39.07
-4.07,-4.07,-4.07,-3.89,-4.01,-3.77,-3.68,-3.66,-3.68,-3.67,-3.77,-3.65,-3.37,-3.17,-3.01,-3.00,-3.19,-2.82,-2.64,-2.32,-2.09,-2.18,-2.24,-1.98,-2.12,-2.00,-1.83,-1.72,-1.69,-1.62,-1.50,-1.17,-1.02,-0.71,-0.71,-0.56,-0.31,0.02,0.09,0.09,0.36,0.60,0.67,0.68,0.62,0.96,1.00,1.15,1.15,1.40,1.48,1.11,0.90,0.77,0.51,0.62,0.68,0.65,0.68,0.44,0.32,0.05,-0.03,0.24,0.29,0.13,0.49,0.55,0.60,0.52,0.41,0.26,0.46,0.67,0.49,0.28,0.19,0.42,0.66,0.65,0.42,0.21,0.30,0.14,0.18,0.03,-0.26,-0.29,0.23,0.09,-0.10,-0.41,-0.51,-0.47,-0.32,-0.41,-0.47,-0.39,-0.51,-0.77,-0.79,-0.67,-0.92,-1.26,-1.38,-1.93,-1.80,-2.02,-3.68,-10.28,-24.32,-32.97,-37.13,-38.37,-37.70,-36.70,-35.70,-34.11,-32.49,-31.75,-30.41,-29.71,-29.26,-27.44,-25.01,-22.31,-19.62,-17.59,-16.77,-17.00,-17.52,-17.95,-18.19,-17.33,-16.71,-16.09,-16.05,-16.71,-17.45,-18.77,-20.51,-21.56,-23.00,-24.97,-27.44,-30.05,-32.20,-34.04,-35.87,-37.40,-38.50,-39.16,-39.36,-40.05,-39.74,-39.71,-39.89,-39.38,-39.03,-38.24
-3.31,-3.28,-3.22,-2.99,-3.35,-3.30,-3.06,-2.90,-2.82,-2.76,-3.06,-2.91,-2.47,-2.10,-1.90,-1.78,-2.12,-1.95,-1.57,-1.24,-1.18,-1.17,-0.69,-1.01,-1.03,-1.14,-0.97,-0.72,-0.61,-0.57,-0.41,-0.05,0.34,0.78,0.57,0.60,0.67,0.89,1.04,1.12,1.23,1.22,1.33,1.55,1.42,1.34,1.34,1.49,1.59,1.55,1.43,1.17,0.95,0.71,0.40,0.57,0.44,0.29,0.41,0.20,0.16,-0.03,-0.13,-0.26,-0.33,-0.29,0.08,0.20,0.14,0.14,0.14,0.00,0.09,0.34,0.18,-0.07,0.03,0.10,0.35,0.09,-0.23,-0.57,-0.33,-0.36,-0.28,-0.07,-0.43,-0.12,0.19,-0.06,-0.31,-0.56,-0.57,-0.57,-0.57,-0.59,-0.64,-0.66,-0.78,-0.91,-0.96,-1.08,-1.11,-1.22,-1.59,-1.99,-1.93,-2.30,-3.76,-9.79,-24.11,-32.37,-36.39,-36.51,-35.58,-34.23,-32.04,-29.80,-28.26,-27.46,-26.33,-26.24,-25.45,-23.94,-22.04,-20.43,-18.58,-16.06,-14.00,-13.85,-14.52,-14.57,-14.51,-14.37,-13.91,-13.85,-14.34,-14.97,-15.41,-16.49,-18.41,-19.61,-21.07,-23.09,-25.48,-27.86,-30.24,-32.30,-34.13,-35.91,-37.34,-38.16,-38.98,-39.56,-39.34,-39.47,-39.34,-38.63,-38.35,-37.75
-2.44,-2.47,-2.49,-2.04,-2.10,-2.19,-2.05,-1.80,-1.62,-1.37,-1.80,-1.60,-1.28,-0.98,-0.69,-0.43,-0.58,-0.34,-0.20,-0.10,-0.16,-0.32,0.05,-0.06,-0.12,-0.31,-0.26,-0.16,-0.02,0.21,0.49,0.72,1.15,1.42,1.54,1.42,1.21,1.26,1.34,1.26,1.26,1.21,1.34,1.55,1.44,1.67,1.42,1.48,1.43,1.33,1.15,0.76,0.31,-0.02,-0.18,0.05,0.09,0.04,0.28,-0.12,-0.02,-0.32,-0.71,-0.66,-0.63,-0.57,-0.44,-0.28,-0.24,-0.21,-0.22,-0.28,-0.27,-0.18,-0.18,-0.16,-0.03,0.13,0.53,0.19,-0.17,-0.31,-0.22,-0.15,-0.17,0.03,-0.44,0.13,0.11,-0.27,-0.39,-0.89,-0.58,-0.67,-0.77,-0.73,-0.74,-0.74,-0.83,-1.02,-1.01,-0.94,-1.21,-1.47,-1.71,-1.91,-1.94,-2.13,-3.44,-9.29,-23.60,-31.63,-34.86,-34.23,-33.03,-31.00,-28.02,-25.18,-23.41,-23.03,-22.55,-22.60,-21.60,-20.58,-19.00,-17.97,-16.91,-14.81,-12.57,-11.89,-12.01,-11.84,-11.95,-12.01,-11.82,-12.05,-12.75,-13.45,-14.02,-14.90,-16.79,-18.13,-19.75,-22.03,-24.44,-26.56,-29.02,-31.13,-32.53,-34.65,-36.39,-37.26,-38.37,-38.94,-39.23,-39.18,-38.77,-38.16,-37.85,-37.34
-1.36,-1.35,-1.35,-0.92,-0.76,-0.69,-0.66,-0.52,-0.24,-0.18,-0.59,-0.37,0.00,0.28,0.40,0.45,0.19,0.28,0.49,0.61,0.51,0.31,0.36,0.39,0.51,0.37,0.26,0.21,0.23,0.40,0.56,0.92,1.16,1.18,1.29,1.25,1.20,1.16,1.00,0.87,0.88,1.11,1.23,1.28,1.07,0.88,0.65,0.40,0.31,0.30,0.26,0.34,0.16,-0.21,-0.16,-0.05,-0.01,-0.32,-0.03,-0.61,-0.29,-0.56,-0.69,-0.88,-0.57,-0.69,-0.63,-0.54,-0.49,-0.39,-0.39,-0.32,-0.24,-0.28,-0.32,-0.27,-0.13,0.14,0.53,0.08,-0.11,-0.26,-0.38,-0.26,-0.07,-0.13,-0.22,0.24,0.00,-0.34,-0.42,-0.94,-0.66,-0.79,-0.84,-0.82,-0.94,-0.96,-1.02,-1.27,-1.18,-0.97,-1.23,-1.59,-1.67,-1.79,-2.10,-2.22,-3.37,-8.47,-22.76,-30.90,-32.67,-32.26,-30.18,-27.66,-24.70,-21.20,-18.95,-19.30,-19.17,-19.35,-18.39,-17.53,-16.62,-15.91,-15.41,-14.12,-12.24,-10.82,-10.13,-10.24,-10.71,-11.08,-11.16,-11.82,-12.30,-12.60,-13.16,-13.96,-15.47,-16.85,-18.76,-21.33,-23.71,-25.64,-27.81,-29.39,-31.33,-33.82,-35.25,-36.14,-38.03,-38.44,-38.68,-38.79,-38.50,-37.90,-37.26,-36.62
-0.18,-0.13,-0.07,0.39,0.30,0.34,0.41,0.47,0.58,0.62,0.41,0.45,0.35,0.32,0.71,0.50,0.39,0.46,0.49,0.55,0.65,0.46,0.56,0.46,0.50,0.44,0.36,0.31,0.31,0.30,0.37,0.45,0.82,1.09,1.01,0.68,0.58,0.62,0.56,0.52,0.57,0.34,0.49,0.24,0.18,0.00,-0.01,-0.13,-0.20,-0.23,-0.16,0.08,-0.03,-0.42,-0.33,-0.20,-0.18,-0.52,-0.20,-0.66,-0.56,-0.74,-0.72,-0.89,-0.62,-0.78,-0.78,-0.63,-0.62,-0.52,-0.47,-0.37,-0.21,-0.29,-0.46,-0.46,-0.29,0.03,0.42,-0.05,-0.15,-0.54,-0.66,-0.51,-0.29,-0.72,-0.91,-0.62,-0.37,-0.61,-0.54,-1.14,-0.96,-0.84,-0.97,-1.06,-1.06,-1.08,-1.16,-1.16,-1.04,-1.07,-1.27,-1.45,-1.70,-1.78,-1.79,-1.86,-3.04,-8.25,-22.01,-29.62,-30.46,-30.75,-27.79,-24.51,-21.53,-18.21,-16.11,-16.39,-16.13,-16.32,-15.77,-15.44,-15.09,-14.39,-13.97,-13.13,-11.81,-10.62,-9.93,-10.15,-10.65,-11.20,-11.53,-11.84,-11.81,-11.88,-12.34,-13.04,-14.24,-15.94,-18.03,-20.66,-22.78,-24.33,-25.85,-27.75,-29.92,-32.49,-33.94,-35.16,-37.06,-37.92,-38.09,-38.40,-38.18,-37.40,-36.54,-36.20
0.74,0.62,0.57,1.15,0.95,0.74,0.65,0.62,0.63,0.50,0.51,0.30,0.23,0.42,0.57,0.15,-0.06,0.10,0.16,0.16,0.41,0.24,0.42,0.40,0.29,0.13,0.07,-0.03,-0.16,0.16,0.36,0.55,0.72,0.34,0.24,0.16,-0.01,-0.07,0.00,0.03,0.24,0.29,0.15,0.10,-0.08,-0.05,-0.02,-0.12,-0.16,-0.10,-0.07,-0.13,-0.23,-0.43,-0.58,-0.59,-0.53,-0.77,-0.34,-0.57,-0.62,-0.88,-0.92,-0.93,-0.83,-0.89,-0.98,-0.71,-0.66,-0.64,-0.64,-0.58,-0.51,-0.61,-0.61,-0.42,-0.42,-0.11,0.50,-0.06,-0.37,-1.26,-1.38,-1.43,-1.50,-1.97,-2.49,-2.21,-1.03,-0.82,-0.73,-1.33,-1.19,-1.01,-1.04,-1.16,-1.07,-1.18,-1.33,-1.26,-1.24,-1.33,-1.31,-1.41,-1.81,-1.70,-1.79,-1.31,-3.45,-7.14,-20.01,-26.85,-28.19,-27.42,-25.01,-22.01,-19.14,-16.45,-14.63,-14.08,-13.65,-13.66,-13.91,-14.02,-14.02,-13.38,-12.97,-12.40,-11.28,-10.14,-9.82,-9.94,-10.86,-12.21,-12.28,-11.94,-11.23,-10.92,-11.19,-11.98,-13.90,-15.94,-17.55,-19.67,-21.33,-22.55,-24.09,-26.58,-29.09,-31.36,-33.20,-34.90,-36.37,-37.28,-37.51,-37.66,-37.60,-37.19,-36.58,-36.54
1.16,0.72,0.44,0.78,0.68,0.49,0.36,0.40,0.99,0.90,0.71,0.52,0.28,0.02,0.02,-0.24,-0.48,-0.39,-0.28,-0.23,0.11,0.08,0.20,0.34,0.40,0.25,-0.01,-0.29,-0.49,-0.22,-0.03,0.11,0.18,0.07,0.04,0.19,0.23,0.10,0.20,0.24,0.19,0.08,-0.01,-0.01,0.04,0.05,-0.05,-0.21,-0.17,-0.03,-0.13,-0.38,-0.49,-0.53,-0.71,-0.92,-0.76,-0.96,-0.72,-0.71,-0.64,-0.98,-0.89,-1.12,-1.03,-0.93,-0.94,-0.83,-0.78,-0.74,-0.83,-0.78,-0.78,-0.77,-0.44,-0.44,-0.37,-0.15,0.13,-0.61,-1.17,-2.86,-3.03,-3.28,-3.33,-3.49,-3.61,-3.22,-1.43,-0.76,-0.83,-1.31,-1.31,-1.24,-1.14,-1.18,-1.13,-1.30,-1.36,-1.36,-1.43,-1.43,-1.40,-1.52,-1.83,-1.64,-1.84,-1.59,-3.33,-6.76,-18.70,-24.78,-24.54,-22.65,-20.94,-19.19,-17.50,-15.88,-14.22,-13.00,-12.65,-12.56,-13.00,-12.69,-13.01,-12.71,-12.27,-12.10,-11.09,-10.06,-10.13,-10.38,-12.05,-12.66,-12.50,-11.65,-10.86,-10.34,-10.35,-11.56,-14.00,-15.70,-16.40,-18.11,-19.56,-21.04,-23.12,-25.83,-28.61,-30.56,-32.49,-34.37,-35.99,-36.92,-37.45,-37.38,-37.17,-36.83,-36.30,-35.20
1.03,0.73,0.36,0.61,0.53,0.34,0.21,0.16,0.40,0.51,0.57,0.41,0.05,-0.31,-0.34,-0.59,-0.68,-0.61,-0.49,-0.43,-0.07,0.09,0.29,0.31,0.19,-0.06,-0.26,-0.34,-0.46,-0.16,-0.22,0.35,0.36,0.40,0.25,0.14,0.08,0.04,0.21,0.03,-0.07,-0.17,-0.23,-0.08,-0.21,-0.29,-0.57,-0.83,-0.87,-0.89,-1.04,-0.92,-0.61,-0.89,-0.92,-1.11,-0.72,-0.84,-0.89,-0.84,-0.92,-1.13,-1.04,-1.08,-1.11,-0.87,-0.93,-0.94,-0.84,-0.74,-0.91,-1.03,-0.88,-0.82,-0.77,-0.63,-0.37,-0.01,0.09,-0.47,-1.37,-3.13,-3.31,-3.44,-3.52,-3.85,-4.01,-3.53,-1.47,-0.98,-0.71,-1.24,-1.32,-1.22,-1.24,-1.23,-1.23,-1.38,-1.27,-1.36,-1.42,-1.36,-1.46,-1.57,-1.84,-1.66,-1.66,-1.72,-3.17,-6.08,-16.88,-22.55,-22.24,-19.99,-17.84,-16.79,-16.52,-15.87,-14.30,-12.82,-12.26,-12.30,-12.39,-12.21,-12.14,-12.14,-11.68,-11.85,-10.90,-10.00,-10.17,-10.69,-12.52,-11.89,-11.52,-10.51,-10.17,-10.06,-10.38,-11.56,-13.26,-14.66,-15.41,-16.89,-18.54,-20.27,-22.31,-25.06,-27.62,-29.75,-31.91,-34.02,-35.80,-36.98,-37.15,-37.02,-36.43,-36.20,-35.99,-34.51
0.73,0.39,0.45,0.34,0.25,0.16,0.09,-0.07,-0.06,0.13,0.16,0.07,-0.13,-0.39,-0.41,-0.66,-0.69,-0.58,-0.38,-0.22,-0.11,0.03,0.00,-0.13,-0.21,-0.32,-0.43,-0.47,-0.46,-0.47,-0.27,0.10,-0.02,0.04,-0.05,-0.43,-0.72,-0.76,-0.92,-1.13,-0.76,-0.53,-0.52,-0.48,-0.91,-1.22,-1.74,-2.14,-2.31,-2.47,-2.53,-1.95,-0.81,-1.08,-1.06,-1.17,-0.78,-1.03,-0.84,-1.16,-1.19,-1.13,-1.26,-1.02,-0.83,-0.86,-0.94,-0.84,-0.87,-0.96,-0.96,-0.92,-0.88,-0.77,-0.61,-0.69,-0.39,-0.10,-0.23,-0.47,-1.42,-3.23,-3.58,-3.74,-3.59,-3.66,-4.01,-3.65,-1.83,-1.26,-0.51,-1.07,-1.09,-1.11,-1.16,-1.17,-1.24,-1.35,-1.23,-1.36,-1.41,-1.32,-1.48,-1.65,-1.75,-1.66,-1.72,-1.75,-2.76,-5.16,-15.00,-21.25,-21.83,-19.08,-16.83,-15.80,-15.56,-15.44,-14.76,-13.29,-12.14,-12.34,-12.49,-12.05,-11.55,-11.81,-11.40,-11.36,-10.56,-9.93,-10.04,-10.68,-11.84,-10.68,-10.24,-9.70,-9.58,-9.82,-10.54,-11.75,-13.16,-14.18,-15.03,-16.22,-17.78,-19.24,-20.99,-23.58,-26.01,-28.67,-31.29,-33.58,-35.45,-36.51,-36.37,-36.56,-35.97,-35.66,-35.12,-33.62
0.82,0.37,0.34,0.26,-0.05,-0.28,-0.23,-0.34,-0.20,0.05,0.02,-0.21,-0.33,-0.58,-0.66,-0.78,-0.78,-0.82,-0.78,-0.33,-0.22,-0.26,-0.26,-0.42,-0.58,-0.54,-0.48,-0.67,-0.72,-0.42,-0.41,-0.07,-0.32,-0.56,-1.12,-1.85,-2.31,-2.41,-2.47,-2.60,-1.81,-1.09,-0.83,-0.86,-1.37,-2.10,-2.88,-3.44,-3.59,-3.55,-3.50,-3.08,-1.79,-1.38,-1.12,-1.09,-0.88,-0.96,-0.86,-0.88,-1.04,-1.30,-1.24,-1.24,-1.32,-1.30,-1.02,-0.88,-1.07,-1.19,-1.14,-0.98,-0.71,-0.71,-0.72,-0.56,-0.51,-0.34,-0.10,-0.26,-1.71,-3.36,-3.57,-3.50,-3.63,-3.76,-4.07,-3.83,-1.90,-0.99,-0.87,-1.16,-1.01,-1.24,-1.17,-1.19,-1.31,-1.28,-1.18,-1.31,-1.38,-1.36,-1.50,-1.61,-1.67,-1.71,-1.67,-1.70,-2.21,-4.61,-12.78,-19.16,-19.88,-17.72,-16.26,-15.41,-14.97,-15.03,-14.64,-13.16,-11.59,-11.35,-11.82,-11.23,-10.54,-11.40,-11.16,-10.73,-10.61,-10.25,-10.00,-10.44,-10.51,-9.62,-9.56,-9.30,-9.31,-9.76,-10.83,-11.98,-12.59,-13.13,-14.51,-15.93,-17.13,-18.28,-19.86,-22.01,-24.35,-27.37,-29.93,-32.53,-34.63,-35.72,-35.78,-36.35,-35.49,-34.92,-34.29,-32.79
0.65,0.28,0.19,0.03,-0.28,-0.59,-0.62,-0.56,-0.36,-0.08,-0.08,-0.37,-0.62,-0.92,-1.24,-1.55,-1.57,-1.55,-1.57,-0.69,-0.03,-0.21,-0.24,-0.34,-0.57,-0.71,-0.76,-0.99,-0.89,-0.53,-0.32,-0.36,-0.34,-0.93,-2.14,-3.10,-3.39,-3.46,-3.37,-3.39,-2.79,-1.51,-1.06,-0.91,-1.35,-2.31,-3.31,-3.88,-3.90,-3.75,-3.65,-3.32,-2.27,-1.40,-1.32,-1.32,-0.91,-1.24,-1.19,-1.48,-0.96,-1.08,-1.19,-1.27,-1.11,-1.19,-1.19,-1.09,-1.11,-1.16,-1.14,-1.07,-0.99,-0.93,-0.98,-0.92,-0.61,-0.48,-0.29,-0.27,-1.27,-3.37,-3.97,-4.06,-4.03,-3.72,-3.87,-3.85,-2.18,-0.97,-0.73,-1.32,-1.21,-1.27,-1.06,-1.11,-1.40,-1.38,-1.16,-1.23,-1.24,-1.26,-1.43,-1.52,-1.66,-1.70,-1.57,-1.78,-1.97,-4.18,-10.41,-16.69,-17.25,-16.43,-15.79,-15.00,-14.51,-13.91,-12.85,-11.59,-10.62,-10.37,-10.37,-10.44,-10.14,-10.34,-10.49,-10.54,-10.38,-9.62,-9.29,-9.55,-9.13,-9.01,-9.24,-9.19,-9.20,-9.75,-10.98,-12.07,-12.52,-12.79,-14.19,-15.24,-16.31,-17.25,-18.39,-20.04,-22.19,-25.69,-28.81,-31.54,-33.76,-35.16,-35.56,-36.03,-34.67,-34.35,-34.08,-32.55
0.50,0.20,-0.10,-0.38,-0.73,-1.04,-1.09,-0.94,-0.62,-0.32,-0.32,-0.59,-0.73,-1.26,-1.75,-2.05,-2.22,-2.23,-1.99,-1.21,-0.82,-0.57,-0.56,-0.68,-0.76,-0.74,-0.72,-0.83,-1.02,-0.68,-0.36,-0.71,-0.54,-1.02,-2.47,-3.63,-3.79,-3.68,-3.70,-3.40,-3.03,-1.55,-1.03,-0.96,-1.27,-2.26,-3.50,-4.13,-4.02,-3.90,-3.90,-3.55,-2.54,-1.48,-1.41,-1.57,-1.03,-1.16,-1.09,-1.23,-1.02,-1.09,-1.28,-1.53,-1.43,-1.41,-1.28,-1.19,-1.17,-1.13,-1.27,-1.37,-1.23,-1.02,-1.01,-0.93,-0.59,-0.56,-0.11,-0.44,-1.26,-3.70,-4.01,-3.94,-3.88,-3.59,-3.83,-3.77,-2.44,-0.97,-0.81,-1.01,-1.07,-1.23,-1.16,-1.14,-1.32,-1.28,-1.03,-1.16,-1.24,-1.14,-1.32,-1.50,-1.46,-1.50,-1.62,-1.84,-2.00,-3.46,-7.67,-14.96,-16.34,-16.45,-15.52,-14.63,-14.10,-12.66,-10.81,-9.87,-9.76,-9.54,-9.44,-9.63,-9.63,-9.76,-10.28,-11.00,-11.19,-10.17,-9.13,-8.77,-8.69,-9.10,-9.12,-9.40,-9.40,-10.00,-11.15,-12.08,-12.44,-12.78,-13.73,-15.08,-15.79,-16.82,-18.16,-19.67,-21.61,-24.21,-27.71,-30.75,-33.01,-34.37,-35.12,-35.39,-33.94,-34.08,-33.80,-32.16
0.39,0.31,-0.24,-0.79,-1.30,-1.70,-1.65,-1.48,-0.92,-0.52,-0.46,-0.67,-0.88,-1.46,-2.08,-2.51,-2.67,-2.63,-2.46,-1.35,-0.67,-0.63,-0.67,-0.89,-1.06,-0.94,-0.79,-0.71,-1.04,-0.82,-0.37,-0.72,-0.51,-0.83,-2.23,-3.49,-3.90,-3.90,-3.72,-3.48,-2.63,-1.40,-0.76,-0.66,-1.18,-2.10,-3.26,-4.09,-4.06,-3.93,-3.84,-3.40,-2.23,-1.41,-1.35,-1.41,-0.93,-1.19,-1.11,-1.33,-1.12,-1.13,-1.21,-1.41,-1.23,-1.17,-1.21,-1.19,-0.98,-0.99,-1.17,-1.07,-1.04,-1.06,-1.02,-0.82,-0.36,-0.22,-0.16,-0.06,-1.43,-3.27,-3.74,-3.75,-3.84,-3.84,-3.39,-3.55,-2.32,-1.17,-0.51,-0.94,-1.09,-1.16,-0.91,-0.97,-1.02,-1.11,-0.99,-1.02,-1.04,-0.97,-1.06,-1.11,-1.07,-1.27,-1.40,-1.47,-1.88,-2.69,-5.61,-13.25,-16.26,-16.96,-16.14,-15.23,-14.69,-13.22,-10.89,-9.31,-9.16,-9.37,-9.09,-9.30,-9.52,-10.10,-10.51,-12.07,-12.57,-10.88,-8.94,-8.41,-8.92,-9.37,-9.59,-9.63,-9.70,-10.38,-11.32,-11.89,-12.27,-12.87,-13.50,-15.20,-15.94,-16.97,-18.25,-19.65,-21.13,-23.05,-25.99,-29.63,-32.49,-33.98,-34.59,-35.33,-33.78,-33.74,-33.10,-31.52
0.29,0.18,-0.51,-1.16,-1.66,-2.10,-2.07,-1.85,-1.31,-0.91,-0.81,-1.03,-1.70,-2.03,-2.42,-2.70,-2.72,-2.60,-2.81,-1.84,-0.87,-0.74,-0.76,-0.89,-1.02,-1.01,-0.96,-0.86,-0.81,-0.89,-0.49,-0.52,-0.38,-0.81,-2.21,-3.45,-3.80,-4.00,-3.68,-3.75,-2.60,-1.26,-0.56,-0.67,-1.02,-1.93,-3.33,-4.07,-3.97,-4.10,-3.79,-3.41,-2.23,-1.45,-1.80,-1.61,-1.37,-1.16,-1.16,-1.47,-1.23,-1.41,-1.38,-1.41,-1.43,-1.41,-1.22,-1.06,-0.94,-0.91,-0.87,-0.82,-0.91,-0.92,-0.89,-0.84,-0.42,-0.17,-0.29,-0.23,-1.24,-2.62,-2.92,-2.51,-2.82,-2.74,-2.62,-2.19,-1.30,-0.62,-0.69,-0.66,-0.77,-0.97,-0.61,-0.62,-0.83,-0.84,-0.47,-0.37,-0.48,-0.56,-0.58,-0.59,-0.77,-0.86,-0.86,-0.86,-1.22,-2.18,-4.99,-11.45,-15.44,-16.80,-16.43,-15.65,-15.05,-13.85,-11.63,-9.72,-9.26,-9.54,-9.30,-9.33,-10.15,-10.13,-12.27,-13.91,-13.70,-11.35,-8.61,-7.89,-8.76,-9.03,-9.54,-9.84,-9.66,-10.49,-11.08,-11.45,-12.11,-12.88,-13.35,-15.12,-16.09,-16.97,-18.14,-19.41,-20.58,-22.36,-25.34,-28.80,-31.54,-33.42,-34.53,-34.47,-33.36,-33.34,-32.73,-31.23
0.24,-0.11,-0.89,-1.50,-1.76,-2.07,-2.00,-2.09,-1.56,-1.11,-1.13,-1.41,-1.53,-2.23,-2.64,-2.83,-2.87,-2.73,-2.64,-1.97,-1.13,-0.97,-0.84,-0.89,-1.01,-0.92,-1.04,-1.04,-0.81,-0.96,-0.62,-0.49,-0.57,-1.14,-2.50,-3.83,-3.80,-3.75,-3.83,-3.75,-3.08,-1.38,-0.72,-0.78,-1.30,-2.39,-3.55,-4.11,-4.15,-4.07,-3.83,-3.57,-2.19,-1.18,-1.43,-1.48,-1.52,-1.27,-1.24,-1.14,-0.96,-1.36,-1.42,-1.37,-1.28,-1.18,-1.14,-1.08,-0.87,-0.72,-0.72,-0.78,-0.91,-0.79,-0.74,-0.68,-0.37,-0.32,-0.29,-0.39,-0.51,-1.03,-0.67,-0.51,-0.43,-0.48,-0.71,-0.23,0.02,0.30,0.14,0.34,-0.02,0.10,0.32,0.46,0.25,0.34,0.47,0.36,0.25,0.34,0.53,0.37,-0.13,-0.33,-0.22,-0.28,-0.57,-1.69,-4.58,-10.21,-14.34,-16.16,-15.47,-15.09,-14.73,-13.97,-12.28,-10.76,-10.07,-9.73,-9.55,-9.65,-10.81,-11.13,-11.86,-13.75,-14.33,-11.35,-8.50,-8.08,-8.97,-9.59,-9.66,-9.96,-10.03,-10.41,-10.51,-10.76,-11.53,-12.39,-13.03,-14.45,-15.68,-16.80,-17.94,-19.08,-20.51,-22.55,-25.01,-27.86,-30.52,-32.37,-33.30,-33.86,-32.28,-32.45,-32.00,-30.86
0.25,-0.13,-0.93,-1.64,-1.89,-1.89,-1.93,-2.28,-1.86,-1.27,-1.14,-1.14,-1.45,-2.07,-2.65,-2.95,-3.04,-2.99,-2.70,-1.91,-1.04,-0.87,-0.79,-0.79,-0.99,-1.01,-1.09,-1.12,-0.88,-0.96,-0.59,-0.56,-0.82,-1.41,-2.55,-3.50,-3.84,-3.89,-3.52,-3.70,-3.05,-1.38,-0.64,-0.91,-1.52,-2.60,-3.49,-3.37,-3.52,-3.67,-2.97,-2.99,-2.44,-1.24,-1.47,-1.19,-1.06,-0.84,-0.86,-0.91,-0.64,-0.79,-1.13,-1.14,-0.91,-0.81,-0.73,-0.64,-0.46,-0.23,-0.15,-0.03,0.00,0.03,0.13,0.29,0.41,0.52,0.53,0.80,0.88,0.80,1.28,1.31,1.55,1.71,1.51,1.21,1.74,1.53,1.85,1.74,1.44,1.70,1.61,1.53,1.34,1.27,1.27,1.16,1.03,1.07,1.01,0.67,0.14,-0.29,-0.36,-0.29,-0.32,-1.17,-4.17,-9.35,-13.47,-15.41,-14.73,-14.60,-14.06,-13.84,-12.82,-11.86,-11.30,-10.65,-10.20,-10.14,-11.18,-10.62,-13.06,-12.75,-12.43,-9.89,-7.41,-6.70,-7.86,-9.69,-9.86,-9.42,-9.79,-9.93,-9.70,-9.82,-10.68,-11.81,-12.68,-13.88,-15.30,-17.14,-18.71,-20.19,-21.74,-23.60,-25.39,-27.91,-30.31,-31.75,-32.22,-32.26,-32.28,-30.75,-29.92,-29.20
0.09,-0.27,-1.01,-1.67,-1.85,-1.62,-2.08,-2.28,-1.84,-1.27,-1.28,-1.60,-1.99,-2.26,-2.70,-3.05,-3.17,-3.26,-2.76,-2.13,-1.33,-0.92,-0.77,-0.76,-1.02,-1.16,-0.99,-1.14,-0.77,-0.68,-0.43,-0.47,-0.78,-1.43,-2.49,-3.00,-3.17,-3.10,-3.14,-2.86,-2.27,-1.51,-0.82,-0.88,-1.42,-1.78,-1.76,-1.52,-1.52,-1.74,-1.56,-1.56,-0.84,-0.64,-0.56,-0.46,0.09,0.21,0.24,0.09,0.42,0.51,0.18,0.16,0.40,0.61,0.80,0.92,1.03,1.09,1.09,1.16,1.17,1.32,1.57,1.71,1.88,1.95,1.95,2.38,2.53,2.54,2.93,2.87,2.88,2.57,2.58,2.28,2.34,2.65,2.38,2.37,1.95,2.00,1.97,1.76,1.60,1.45,1.55,1.64,1.46,1.16,0.88,0.62,0.25,-0.08,-0.31,-0.12,0.08,-1.01,-3.70,-8.72,-12.66,-14.34,-14.45,-14.69,-13.38,-13.14,-12.98,-12.75,-12.63,-12.05,-10.88,-10.39,-10.71,-9.79,-11.69,-10.35,-9.91,-8.01,-6.51,-6.25,-7.35,-8.98,-9.56,-9.09,-9.35,-9.26,-9.16,-9.62,-10.83,-12.01,-12.90,-14.58,-16.37,-18.77,-21.07,-22.87,-24.26,-25.75,-26.81,-28.43,-29.69,-30.09,-29.77,-29.35,-29.04,-28.52,-27.81,-26.15
-0.07,-0.36,-0.86,-1.41,-1.69,-1.94,-2.08,-1.81,-1.47,-1.26,-1.32,-1.97,-2.19,-2.51,-2.79,-2.94,-2.97,-3.12,-2.81,-2.17,-1.55,-1.12,-0.87,-0.82,-0.99,-0.96,-0.68,-0.86,-0.79,-0.43,-0.21,-0.43,-0.57,-0.63,-1.26,-1.37,-1.36,-1.24,-1.61,-1.30,-1.16,-0.78,-0.07,0.16,-0.06,-0.07,0.15,0.35,0.36,0.41,0.68,0.85,0.73,0.82,1.01,1.29,1.33,1.46,1.36,1.25,1.45,1.42,1.12,1.10,1.39,1.61,1.68,1.74,1.84,1.91,1.91,1.99,2.01,2.06,2.26,2.48,2.73,2.64,2.75,3.08,3.16,3.14,3.57,3.28,3.32,3.21,2.89,2.70,2.71,2.84,2.53,2.53,2.05,1.84,1.66,1.50,1.18,1.21,1.20,1.11,1.01,0.83,0.40,-0.13,-0.59,-0.76,-0.42,-0.06,0.04,-0.46,-2.27,-6.28,-11.16,-12.55,-12.94,-14.52,-13.28,-12.56,-12.97,-13.16,-13.47,-12.97,-11.19,-10.51,-11.16,-10.15,-9.97,-9.23,-8.80,-6.86,-5.71,-5.68,-6.43,-7.41,-8.08,-8.62,-9.26,-8.94,-9.03,-9.44,-10.73,-12.18,-13.66,-16.16,-18.85,-21.46,-23.80,-25.53,-26.79,-27.84,-28.43,-28.37,-28.34,-27.39,-25.57,-23.65,-22.92,-22.41,-21.36,-19.98
-0.16,-0.41,-0.91,-1.56,-1.83,-2.19,-1.79,-1.53,-1.27,-1.09,-1.47,-2.12,-2.27,-2.45,-2.60,-2.64,-2.59,-2.63,-2.39,-1.67,-1.22,-1.04,-0.96,-0.84,-0.66,-0.47,-0.34,-0.41,-0.12,0.10,0.45,0.40,0.32,0.72,0.58,0.62,0.73,0.89,1.00,1.27,1.48,1.77,2.20,2.47,2.36,2.32,2.55,2.67,2.69,2.60,2.58,2.67,2.23,2.05,2.19,2.03,2.03,2.16,2.23,2.01,1.93,1.82,1.60,1.62,1.90,2.03,2.02,2.01,2.06,2.07,1.94,1.93,1.90,1.95,2.02,2.24,2.34,2.28,2.57,3.13,3.13,3.08,3.37,3.00,3.12,3.02,2.63,2.35,2.63,2.52,2.20,1.93,1.61,1.32,1.28,1.21,1.23,1.18,1.18,1.00,0.84,0.85,0.50,0.02,-0.34,-0.68,-0.57,-0.23,-0.33,-0.29,-1.26,-3.10,-6.62,-11.05,-12.24,-13.19,-13.44,-13.59,-13.35,-13.04,-13.45,-12.95,-11.13,-10.73,-11.76,-10.44,-9.59,-9.49,-9.30,-7.09,-5.84,-5.47,-5.65,-6.43,-7.58,-8.63,-9.48,-9.38,-9.40,-10.14,-11.40,-13.03,-15.21,-18.03,-20.40,-22.78,-24.83,-26.38,-27.59,-28.45,-28.28,-26.90,-25.55,-22.83,-19.61,-17.05,-15.84,-14.96,-14.24,-13.26
-0.28,-0.41,-0.72,-1.16,-1.13,-1.36,-1.35,-1.24,-1.09,-0.98,-1.23,-1.70,-1.65,-1.65,-1.72,-1.85,-1.99,-2.00,-1.55,-1.17,-1.13,-1.11,-0.98,-0.92,-0.49,-0.12,0.31,0.31,0.61,0.90,1.36,1.60,1.78,2.36,2.34,2.75,2.65,2.95,3.25,3.16,2.97,3.22,3.35,3.28,3.20,3.21,3.33,3.16,3.19,2.96,2.98,3.01,2.72,2.45,2.42,2.18,2.05,1.89,1.97,1.90,1.74,1.59,1.37,1.54,1.79,1.73,1.66,1.68,1.79,1.79,1.68,1.60,1.56,1.64,1.68,1.96,2.03,2.06,2.18,2.85,3.07,2.82,2.94,3.03,2.94,2.72,2.41,1.94,2.18,2.30,2.05,1.68,1.16,0.98,0.82,0.58,0.69,0.71,0.52,0.34,0.36,0.34,0.24,-0.18,-0.59,-0.67,-0.62,-0.38,-0.39,-0.36,-1.09,-1.78,-4.49,-11.63,-13.94,-14.34,-15.68,-15.38,-14.48,-13.76,-13.37,-12.30,-11.13,-11.18,-11.43,-10.49,-9.72,-10.38,-10.25,-8.11,-6.32,-5.33,-5.36,-6.12,-7.32,-9.16,-10.08,-9.33,-9.42,-10.00,-12.11,-14.18,-15.85,-18.27,-19.99,-21.74,-23.51,-24.80,-26.12,-27.06,-25.73,-23.46,-20.48,-16.62,-13.03,-10.46,-9.29,-8.52,-8.01,-7.41
-0.41,-0.36,-0.43,-0.82,-0.66,-0.58,-0.63,-0.79,-0.84,-0.71,-0.78,-0.94,-0.79,-0.77,-0.86,-0.98,-1.31,-1.48,-1.11,-1.08,-1.30,-1.35,-1.14,-0.87,-0.63,-0.51,0.11,0.58,1.09,1.78,2.32,2.53,2.61,2.95,3.31,3.46,3.51,3.68,3.71,3.56,3.45,3.47,3.47,3.45,3.41,3.28,3.19,3.15,3.09,2.83,3.01,2.65,2.52,2.19,2.23,1.99,1.83,1.65,1.64,1.74,1.64,1.39,1.18,1.26,1.40,1.45,1.43,1.37,1.43,1.46,1.37,1.38,1.44,1.42,1.36,1.77,1.79,1.79,1.94,2.36,2.59,2.36,2.25,2.45,2.51,2.29,1.88,1.57,1.72,1.84,1.65,1.33,0.76,0.71,0.51,0.32,0.35,0.32,0.08,0.00,0.07,-0.01,-0.16,-0.52,-0.79,-0.84,-0.79,-0.51,-0.22,-0.15,-0.69,-1.43,-4.40,-11.03,-13.81,-15.26,-16.32,-15.55,-15.43,-15.03,-13.32,-11.68,-11.25,-11.35,-11.28,-11.10,-10.11,-10.46,-10.62,-8.61,-6.27,-5.02,-5.12,-5.85,-7.09,-9.10,-9.96,-9.23,-9.35,-10.46,-12.56,-13.78,-14.58,-16.39,-18.10,-18.39,-19.83,-21.50,-23.00,-23.60,-22.06,-18.10,-13.85,-10.21,-7.24,-5.24,-4.57,-4.33,-3.89,-3.53
-0.52,-0.46,-0.18,-0.36,-0.15,-0.03,0.00,-0.22,-0.48,-0.44,-0.47,-0.46,-0.52,-0.56,-0.64,-0.83,-1.09,-1.51,-1.32,-1.16,-1.35,-1.52,-1.26,-0.87,-0.73,-0.77,-0.05,0.56,0.83,1.54,2.36,2.54,2.48,2.84,3.04,3.24,3.14,3.15,3.10,2.96,3.04,3.01,2.81,2.81,2.87,2.76,2.96,2.95,2.83,2.72,2.94,2.34,2.42,2.01,2.02,1.76,1.60,1.54,1.38,1.38,1.45,1.32,1.05,0.98,1.11,1.25,1.32,1.21,1.09,1.12,1.04,1.05,1.15,1.12,0.94,1.33,1.43,1.54,1.77,1.91,1.94,1.87,1.79,1.72,1.83,1.90,1.39,1.22,1.49,1.42,1.04,0.76,0.18,-0.08,-0.15,-0.34,-0.52,-0.49,-0.54,-0.79,-0.79,-0.71,-0.94,-1.09,-0.83,-0.64,-0.62,-0.51,-0.37,-0.11,-0.49,-1.08,-3.67,-9.58,-12.20,-15.11,-15.29,-14.54,-14.09,-13.14,-11.85,-11.10,-10.83,-10.95,-11.72,-11.94,-11.40,-10.04,-10.82,-8.58,-5.76,-4.60,-4.89,-5.71,-6.91,-8.55,-9.62,-8.77,-9.61,-11.23,-13.17,-14.09,-14.30,-14.78,-15.80,-16.54,-18.00,-19.16,-19.69,-19.20,-17.13,-12.31,-8.14,-5.33,-3.54,-2.53,-2.19,-2.22,-2.05,-1.75
-0.43,-0.43,-0.13,-0.22,-0.10,-0.02,-0.02,-0.13,-0.33,-0.47,-0.43,-0.46,-0.68,-0.67,-0.57,-0.73,-1.14,-1.21,-1.30,-1.31,-1.30,-1.33,-1.32,-1.12,-1.21,-0.91,-0.16,0.58,0.68,1.34,2.19,2.41,2.47,2.67,2.88,3.00,3.00,2.87,2.69,2.57,2.52,2.57,2.46,2.40,2.51,2.45,2.60,2.72,2.59,2.31,2.73,2.11,2.16,1.78,1.76,1.46,1.29,1.21,1.05,0.96,1.11,1.10,0.88,0.79,0.90,0.98,0.96,0.88,0.82,0.85,0.74,0.60,0.56,0.55,0.56,0.71,0.80,1.05,1.11,1.12,1.16,1.01,1.05,0.94,0.67,0.74,0.50,0.34,0.57,0.51,0.02,-0.61,-1.13,-1.80,-2.12,-2.05,-2.16,-1.89,-2.04,-2.35,-2.18,-2.33,-2.72,-2.41,-1.56,-0.81,-0.44,-0.22,0.08,-0.07,-0.26,-1.08,-3.06,-7.74,-11.59,-16.52,-16.37,-14.82,-14.08,-13.16,-11.71,-10.98,-11.46,-12.21,-12.52,-12.69,-12.81,-10.17,-10.35,-8.07,-5.19,-4.31,-4.68,-5.49,-6.91,-8.69,-9.35,-8.34,-9.89,-12.20,-13.53,-13.91,-13.88,-13.87,-14.10,-14.08,-14.58,-15.79,-16.02,-14.46,-11.68,-7.56,-4.78,-3.04,-2.07,-1.57,-1.35,-1.19,-1.30,-0.99
-0.36,-0.41,-0.31,-0.46,-0.24,-0.18,-0.23,-0.38,-0.53,-0.59,-0.57,-0.73,-0.68,-0.67,-0.81,-0.96,-1.09,-1.16,-1.26,-1.21,-1.33,-1.51,-1.35,-1.19,-1.38,-1.02,-0.02,0.13,0.47,1.34,2.05,2.17,2.18,2.23,2.40,2.51,2.49,2.26,2.11,2.01,1.96,2.12,2.17,1.99,1.91,1.90,2.00,2.07,2.03,2.01,2.19,1.70,1.49,1.28,1.39,0.99,0.79,0.77,0.63,0.45,0.49,0.39,0.16,0.05,0.02,-0.01,-0.10,-0.15,-0.16,-0.18,-0.22,-0.27,-0.34,-0.54,-0.47,-0.69,-0.63,-0.49,-0.84,-0.63,-0.73,-0.81,-0.83,-1.03,-1.22,-1.45,-1.16,-1.35,-1.18,-1.32,-1.85,-2.68,-2.92,-3.12,-3.23,-3.15,-3.09,-3.05,-3.04,-3.17,-3.01,-2.74,-2.73,-2.42,-1.47,-0.54,-0.31,-0.15,0.19,0.16,-0.22,-1.12,-2.91,-7.39,-9.80,-15.46,-16.39,-16.34,-15.79,-15.33,-14.25,-12.31,-11.49,-11.98,-11.74,-11.35,-11.75,-8.88,-8.27,-6.76,-4.77,-4.11,-4.20,-4.91,-6.66,-8.77,-8.95,-8.29,-10.14,-12.62,-13.03,-12.81,-12.49,-12.02,-11.61,-11.36,-11.35,-11.12,-10.62,-9.30,-6.78,-4.26,-2.90,-2.16,-1.55,-1.14,-1.01,-0.78,-0.43,-0.34
-0.28,-0.33,-0.43,-0.47,-0.18,-0.07,-0.07,-0.27,-0.57,-0.53,-0.62,-0.69,-0.54,-0.54,-0.73,-0.72,-1.18,-1.36,-1.51,-1.46,-1.33,-1.35,-1.40,-1.16,-1.35,-0.84,-0.11,0.32,0.82,1.38,1.78,1.80,1.57,1.83,1.87,1.82,1.84,1.64,1.53,1.37,1.22,1.15,1.20,1.15,0.84,0.80,0.99,0.87,0.62,0.88,0.62,0.18,-0.02,-0.08,0.20,0.04,-0.03,-0.10,-0.38,-0.81,-0.82,-0.98,-1.55,-1.88,-2.03,-2.10,-1.97,-1.81,-1.81,-1.84,-1.52,-1.31,-1.61,-1.79,-1.91,-2.23,-2.17,-2.00,-2.51,-2.04,-2.24,-2.22,-2.07,-2.19,-2.09,-2.10,-2.18,-2.27,-2.00,-1.91,-2.12,-2.47,-2.67,-2.58,-2.54,-2.65,-2.53,-2.63,-2.62,-2.64,-2.53,-2.31,-2.04,-1.42,-0.76,-0.39,-0.18,0.10,0.24,-0.10,-0.11,-1.04,-3.10,-7.73,-9.62,-13.75,-15.85,-16.71,-17.22,-17.17,-17.30,-14.97,-11.59,-10.27,-10.52,-10.22,-9.76,-7.55,-6.23,-5.87,-4.36,-3.71,-3.66,-4.33,-6.07,-7.85,-7.93,-7.92,-9.48,-11.40,-11.61,-11.00,-10.17,-9.37,-8.76,-8.11,-7.55,-6.89,-6.19,-5.33,-4.27,-3.12,-2.51,-2.09,-1.60,-1.09,-0.64,-0.27,0.14,0.15
-0.29,-0.36,-0.44,-0.29,-0.16,-0.18,-0.24,-0.42,-0.68,-0.67,-0.91,-0.87,-0.89,-0.91,-0.94,-1.09,-1.30,-1.37,-1.40,-1.42,-1.35,-1.30,-1.48,-1.21,-1.17,-0.74,0.03,0.47,0.85,1.17,1.25,1.05,0.74,0.93,0.71,0.41,0.20,0.11,-0.11,-0.34,-0.56,-0.72,-0.78,-0.76,-0.88,-1.03,-0.82,-0.92,-1.24,-1.04,-1.48,-1.86,-2.05,-1.94,-1.60,-1.43,-1.35,-1.65,-1.97,-2.18,-2.02,-2.10,-2.72,-3.17,-3.23,-3.09,-2.76,-2.46,-2.36,-2.21,-1.90,-1.74,-2.26,-2.19,-2.10,-2.24,-2.44,-2.08,-2.17,-1.97,-1.85,-1.80,-1.57,-1.56,-1.53,-1.50,-1.90,-1.84,-1.66,-1.53,-1.30,-1.30,-1.61,-1.79,-1.76,-1.83,-1.99,-2.03,-2.02,-2.05,-2.05,-2.00,-1.69,-1.02,-0.62,-0.39,-0.02,0.21,0.07,-0.29,-0.15,-0.91,-3.08,-6.70,-7.69,-12.47,-13.93,-15.68,-17.22,-17.75,-17.55,-15.15,-10.98,-8.30,-8.23,-8.25,-7.90,-7.18,-4.93,-4.75,-3.80,-3.28,-3.15,-3.90,-5.33,-6.41,-6.51,-6.94,-7.81,-8.98,-9.27,-8.77,-7.81,-6.78,-6.05,-5.44,-4.82,-4.26,-3.74,-3.31,-2.95,-2.62,-2.58,-2.24,-1.52,-0.77,-0.21,0.37,1.37,1.28
-0.57,-0.64,-0.62,-0.67,-0.42,-0.22,-0.28,-0.43,-0.46,-0.34,-0.91,-0.77,-0.89,-1.03,-0.89,-1.17,-1.46,-1.55,-1.51,-1.45,-1.41,-1.36,-1.45,-1.24,-1.27,-0.58,-0.02,0.58,0.68,0.65,0.68,0.04,-0.54,-0.61,-0.76,-1.17,-1.53,-1.74,-1.98,-2.17,-2.33,-2.45,-2.55,-2.58,-2.37,-2.36,-2.28,-2.27,-2.31,-2.13,-2.63,-2.79,-3.04,-2.74,-2.51,-2.30,-2.16,-2.35,-2.54,-2.41,-2.18,-2.16,-2.41,-2.58,-2.45,-2.27,-2.23,-2.14,-2.07,-2.07,-1.99,-1.80,-1.89,-1.75,-1.61,-1.53,-1.69,-1.61,-1.61,-1.69,-1.56,-1.33,-1.37,-1.50,-1.52,-1.64,-1.72,-1.71,-1.45,-1.61,-1.38,-1.40,-1.71,-1.72,-1.56,-1.57,-1.86,-2.02,-1.89,-1.95,-2.09,-1.91,-1.59,-1.17,-0.51,-0.11,-0.03,0.04,-0.31,-0.83,-0.84,-1.61,-3.83,-5.72,-6.58,-9.61,-11.22,-11.46,-13.04,-14.18,-14.70,-12.88,-9.12,-6.83,-7.02,-7.06,-6.07,-5.75,-4.01,-3.58,-3.18,-2.60,-2.53,-3.40,-4.52,-5.12,-5.44,-5.80,-6.13,-6.67,-6.87,-6.66,-5.91,-4.94,-4.28,-3.67,-3.30,-3.10,-3.03,-2.79,-2.49,-2.50,-2.40,-2.04,-1.28,-0.47,0.05,0.39,1.20,1.21
-0.66,-0.51,-0.39,-0.56,-0.39,-0.41,-0.52,-0.68,-0.82,-0.88,-1.04,-0.98,-1.06,-1.17,-1.02,-1.18,-1.31,-1.37,-1.43,-1.47,-1.57,-1.69,-1.45,-1.28,-1.23,-0.64,-0.05,0.32,0.30,0.20,0.04,-0.91,-1.59,-1.75,-1.94,-2.33,-2.53,-2.64,-2.74,-2.73,-2.69,-2.65,-2.60,-2.64,-2.51,-2.31,-2.32,-2.17,-2.14,-2.13,-2.51,-2.53,-2.60,-2.42,-2.23,-1.93,-1.74,-1.64,-1.62,-1.71,-1.74,-1.76,-1.89,-1.98,-1.88,-1.88,-2.00,-1.89,-1.70,-1.55,-1.62,-1.74,-1.78,-1.62,-1.66,-1.42,-1.52,-1.67,-1.67,-1.85,-1.76,-1.51,-1.57,-1.51,-1.62,-1.60,-1.88,-1.90,-1.33,-1.51,-1.42,-1.47,-1.72,-1.62,-1.56,-1.53,-1.72,-1.93,-1.93,-1.93,-1.99,-1.65,-1.38,-1.02,-0.18,0.23,0.14,0.00,-0.59,-1.26,-1.27,-1.66,-2.58,-3.24,-3.27,-4.17,-4.87,-4.79,-5.44,-6.90,-6.78,-5.59,-4.74,-4.54,-4.86,-4.98,-3.77,-3.83,-3.58,-2.45,-2.40,-2.28,-2.42,-3.13,-3.67,-3.89,-4.43,-4.35,-4.57,-4.89,-4.90,-4.74,-4.24,-3.67,-3.37,-2.73,-2.67,-2.76,-2.81,-2.62,-2.31,-2.12,-2.19,-1.89,-1.31,-0.81,-0.34,0.40,1.43,1.29
-0.73,-0.77,-0.68,-1.03,-0.61,-0.43,-0.52,-0.71,-0.86,-0.83,-1.06,-0.96,-1.02,-1.16,-1.04,-1.27,-1.23,-1.47,-1.69,-1.69,-1.60,-1.79,-1.76,-1.28,-1.41,-0.72,-0.15,-0.10,-0.16,-0.27,-0.69,-1.28,-1.95,-1.94,-2.09,-2.17,-2.23,-2.26,-2.31,-2.28,-2.24,-2.09,-1.90,-2.04,-2.08,-2.08,-1.93,-1.79,-1.88,-1.84,-1.90,-1.89,-1.97,-1.88,-1.65,-1.61,-1.75,-1.66,-1.55,-1.74,-1.81,-1.78,-1.84,-1.86,-1.83,-1.86,-1.98,-1.81,-1.88,-1.72,-1.71,-1.75,-1.61,-1.51,-1.66,-1.65,-1.41,-1.56,-1.47,-1.55,-1.45,-1.40,-1.31,-1.30,-1.35,-1.32,-1.42,-1.52,-1.32,-1.42,-1.33,-1.28,-1.42,-1.40,-1.32,-1.23,-1.47,-1.48,-1.61,-1.51,-1.53,-1.17,-0.99,-0.56,0.23,0.52,0.37,0.07,-0.48,-0.94,-1.01,-0.91,-1.35,-1.61,-1.51,-1.83,-1.99,-1.80,-2.13,-2.46,-2.59,-2.28,-2.18,-2.35,-2.36,-2.28,-2.24,-2.00,-2.56,-2.36,-2.45,-2.32,-2.27,-2.42,-2.55,-2.67,-2.94,-2.83,-2.79,-3.18,-2.97,-2.92,-2.76,-2.59,-2.56,-2.23,-2.40,-2.28,-2.30,-2.27,-2.09,-1.93,-1.81,-1.65,-1.41,-0.94,-0.23,0.63,1.32,1.12
-0.66,-0.94,-0.63,-0.81,-0.61,-0.61,-0.72,-0.79,-0.74,-0.89,-1.13,-1.02,-1.02,-1.16,-1.04,-1.09,-0.98,-1.42,-1.66,-1.60,-1.48,-1.56,-1.71,-1.38,-1.55,-0.74,-0.34,-0.34,-0.57,-0.92,-1.36,-1.53,-1.97,-1.79,-1.61,-1.60,-1.64,-1.64,-1.64,-1.78,-1.99,-1.98,-1.89,-2.07,-1.97,-1.98,-1.75,-1.80,-1.89,-1.94,-1.69,-1.97,-1.98,-1.99,-1.84,-1.69,-1.76,-1.61,-1.43,-1.65,-1.75,-1.75,-1.85,-1.84,-1.70,-1.64,-1.71,-1.51,-1.45,-1.47,-1.66,-1.60,-1.23,-1.41,-1.62,-1.50,-1.30,-1.36,-1.33,-1.21,-0.97,-1.01,-0.97,-0.97,-1.04,-1.11,-1.16,-1.17,-0.82,-0.64,-0.62,-0.47,-0.74,-0.73,-0.31,-0.38,-0.54,-0.59,-0.71,-0.62,-0.66,-0.41,-0.17,0.31,0.67,0.69,0.57,0.52,0.50,0.23,0.25,0.40,0.10,-0.29,-0.31,-0.67,-0.49,-0.23,-0.49,-0.61,-0.81,-0.82,-0.83,-0.93,-1.04,-1.21,-1.08,-1.14,-1.55,-1.66,-1.43,-1.71,-1.78,-1.65,-1.53,-1.55,-1.70,-1.70,-1.94,-1.78,-1.60,-1.62,-1.72,-1.70,-1.59,-1.66,-1.89,-1.50,-1.51,-1.56,-1.50,-1.47,-0.98,-1.12,-1.01,-0.68,-0.12,0.66,1.10,1.05
-0.61,-0.46,-0.54,-0.64,-0.61,-0.52,-0.51,-0.69,-0.89,-0.81,-1.11,-1.02,-0.94,-1.06,-0.93,-1.13,-1.16,-1.47,-1.45,-1.32,-1.43,-1.43,-1.55,-1.36,-1.30,-0.64,-0.49,-0.68,-1.04,-1.46,-1.62,-1.78,-1.83,-1.60,-1.37,-1.55,-1.71,-1.66,-1.56,-1.70,-1.93,-1.90,-1.75,-1.70,-1.86,-2.04,-1.69,-1.60,-1.61,-1.65,-1.59,-1.71,-1.76,-1.75,-1.53,-1.35,-1.45,-1.43,-1.28,-1.16,-1.06,-1.21,-1.43,-1.38,-1.04,-0.87,-0.96,-0.77,-0.63,-0.66,-0.91,-0.74,-0.73,-0.76,-0.83,-0.84,-0.44,-0.52,-0.71,-0.48,-0.44,-0.21,0.07,0.05,-0.21,-0.23,-0.13,-0.02,0.28,0.35,0.45,0.73,0.62,0.55,0.99,1.01,0.83,0.85,0.82,0.78,0.92,0.90,0.99,1.23,1.28,1.11,1.04,1.40,1.66,1.40,1.55,1.60,1.23,0.72,0.57,0.47,0.58,0.79,0.56,0.46,0.30,0.34,0.21,0.10,0.03,-0.23,-0.21,0.05,-0.21,-0.41,-0.59,-0.43,-0.67,-0.72,-0.54,-0.47,-0.58,-0.76,-0.62,-0.76,-0.78,-0.81,-0.77,-0.69,-0.63,-0.59,-0.76,-0.56,-0.56,-0.68,-0.82,-0.86,-0.48,-0.63,-0.42,-0.15,0.20,0.72,1.23,1.04
-0.58,-0.58,-0.51,-0.66,-0.59,-0.43,-0.46,-0.69,-0.71,-0.54,-0.83,-0.92,-0.92,-1.01,-0.92,-1.03,-1.17,-1.35,-1.31,-1.28,-1.50,-1.56,-1.48,-1.24,-1.11,-0.54,-0.54,-0.97,-1.32,-1.43,-1.38,-1.62,-1.61,-1.24,-1.18,-1.21,-1.36,-1.47,-1.41,-1.40,-1.55,-1.51,-1.26,-1.23,-1.32,-1.40,-1.14,-0.99,-1.13,-0.97,-0.71,-1.11,-1.07,-1.03,-0.87,-0.43,-0.34,-0.37,-0.23,-0.15,0.00,0.03,-0.21,-0.23,0.08,0.44,0.39,0.62,0.66,0.40,0.10,0.34,0.52,0.68,0.65,0.77,0.50,0.58,0.52,0.76,0.68,0.93,1.31,1.28,1.23,1.17,1.32,1.55,1.51,1.44,1.40,1.96,1.97,2.29,2.52,2.78,2.65,2.83,2.84,2.72,2.87,2.73,2.55,2.41,2.08,1.56,1.38,1.72,1.99,1.97,1.93,1.90,1.59,1.21,1.15,1.09,0.84,1.22,1.01,1.05,0.72,0.61,0.65,0.71,0.53,0.13,0.23,0.21,0.18,0.24,-0.10,-0.02,-0.20,-0.37,-0.43,-0.34,-0.18,-0.05,0.10,-0.13,-0.18,-0.13,0.26,0.76,1.33,1.90,1.21,0.72,0.39,0.10,-0.12,-0.23,-0.22,-0.24,0.02,0.39,0.69,0.94,1.18,1.27
-0.11,-0.07,0.00,-0.33,-0.31,-0.26,-0.28,-0.26,-0.12,-0.07,-0.32,-0.53,-0.68,-0.82,-0.83,-0.73,-0.84,-0.97,-1.04,-1.08,-1.22,-1.53,-1.36,-1.13,-0.97,-0.62,-0.66,-0.89,-0.99,-0.87,-0.61,-0.76,-0.92,-0.54,-0.46,-0.46,-0.43,-0.47,-0.42,-0.29,-0.28,-0.36,-0.31,-0.18,-0.16,-0.12,0.08,0.07,0.14,0.32,0.50,0.37,0.26,0.37,0.49,0.84,1.00,1.06,1.22,1.11,1.07,1.16,1.07,1.10,1.37,2.05,2.28,2.28,2.07,2.08,2.01,2.24,2.38,2.41,2.53,2.97,2.34,2.20,2.01,2.65,2.78,2.75,3.30,3.03,3.13,3.12,3.35,3.52,3.54,3.08,2.77,3.06,3.45,3.95,4.47,4.41,4.44,4.56,4.43,4.33,4.30,4.16,4.07,3.65,2.75,1.82,1.45,1.65,1.99,2.17,2.10,2.00,1.68,1.31,1.54,1.40,1.14,1.51,1.28,1.36,1.11,0.94,0.99,1.00,0.74,0.44,0.50,0.53,0.45,0.44,0.26,0.28,0.42,0.42,0.45,0.52,0.57,0.65,0.72,0.28,0.47,0.92,1.62,3.31,5.55,6.33,4.17,2.18,1.06,0.69,0.60,0.49,0.45,0.28,0.31,0.60,0.90,1.09,1.04,1.43
0.49,0.47,0.50,0.31,0.20,0.24,0.29,0.24,0.32,0.47,0.35,0.08,-0.15,-0.23,-0.32,-0.29,-0.29,-0.34,-0.47,-0.53,-0.53,-0.97,-0.97,-0.86,-0.59,-0.52,-0.47,-0.32,-0.16,0.05,0.61,0.88,0.53,0.77,1.00,0.98,1.01,0.98,0.96,1.06,1.06,0.99,1.28,1.77,1.54,1.72,1.72,2.00,2.01,1.80,1.91,2.14,2.30,2.41,2.52,2.66,2.57,2.48,2.61,2.59,2.35,2.14,2.20,2.42,3.14,4.41,4.56,4.41,4.12,4.16,4.18,4.18,4.09,4.29,4.14,4.51,4.24,3.63,2.78,3.81,3.96,4.07,4.36,4.22,4.42,4.04,4.33,4.49,4.77,4.00,2.76,2.81,3.68,4.54,5.15,5.18,5.08,4.97,5.08,4.89,4.62,4.42,4.27,3.81,2.95,2.00,1.45,1.65,2.08,2.22,2.29,2.17,1.76,1.53,1.73,1.60,1.37,1.73,1.55,1.46,1.27,1.17,1.22,1.23,1.04,0.69,0.57,0.79,0.78,0.72,0.44,0.53,0.50,0.61,0.77,0.78,0.72,0.82,0.62,0.65,0.92,1.55,2.53,5.63,9.81,11.00,6.46,3.19,1.67,0.92,0.65,0.83,0.93,0.68,0.57,0.69,0.94,1.18,1.45,1.77
1.09,0.94,0.87,0.84,0.84,0.84,0.90,1.05,0.85,0.98,1.04,0.82,0.57,0.58,0.37,0.39,0.44,0.57,0.55,0.39,0.40,0.09,-0.13,-0.31,-0.28,-0.17,0.25,0.61,0.77,1.06,1.32,1.71,1.67,1.88,2.25,2.03,1.84,1.83,1.76,1.68,1.77,1.82,2.05,2.47,2.48,2.52,2.28,2.34,2.30,2.02,2.36,2.35,2.24,2.57,2.54,2.54,2.54,2.54,2.60,2.36,2.24,2.25,1.88,2.08,3.51,4.97,5.01,4.82,4.72,4.67,4.36,4.43,4.36,4.36,4.34,4.53,4.47,3.85,1.89,2.89,4.17,4.18,4.40,4.40,4.36,4.37,4.42,4.35,4.49,4.12,1.76,1.61,2.91,4.09,4.77,4.81,4.84,4.76,4.85,4.72,4.34,4.12,3.81,3.31,2.69,1.78,1.18,1.43,2.00,2.29,2.29,2.24,2.01,1.77,1.93,1.65,1.48,1.80,1.68,1.61,1.57,1.54,1.49,1.42,1.20,0.95,0.89,0.90,0.71,0.88,0.72,0.72,0.65,0.84,0.94,0.94,1.03,0.92,0.87,0.72,0.98,1.36,2.60,6.06,10.02,10.75,6.79,3.33,1.88,1.01,0.71,0.99,0.88,0.78,0.85,1.04,1.18,1.40,2.19,2.25
1.77,1.37,1.40,1.40,1.48,1.40,1.34,1.82,1.55,1.48,1.51,1.37,1.15,1.09,0.77,1.06,1.12,1.32,1.59,1.71,1.46,1.32,0.69,0.35,0.05,0.04,0.51,0.93,1.04,1.51,1.82,1.77,1.67,1.99,1.97,2.02,2.08,2.02,2.02,2.05,1.85,1.65,2.00,1.96,2.12,1.89,1.93,1.20,1.31,0.92,1.09,0.53,0.58,1.51,1.79,1.79,1.67,1.42,1.32,1.17,1.20,1.33,1.15,1.55,3.32,5.03,5.10,5.05,4.65,4.54,4.55,4.56,4.24,4.29,4.43,4.02,4.14,3.33,1.04,2.41,4.03,3.97,3.77,3.64,3.54,3.35,3.50,3.69,3.79,3.40,1.17,0.96,2.10,3.56,4.22,4.33,4.70,4.64,4.48,4.23,4.09,3.85,3.47,3.02,2.35,1.48,1.06,1.29,1.89,2.41,2.29,2.32,2.17,1.85,2.07,1.72,1.65,1.95,1.78,1.80,1.80,1.78,1.59,1.40,1.26,1.11,1.01,1.01,1.01,1.07,0.94,0.89,0.78,0.93,1.00,0.96,0.95,0.89,0.80,1.28,1.05,1.44,2.11,3.59,5.30,5.73,4.77,2.75,1.70,0.92,0.74,1.16,1.36,1.04,0.87,1.05,1.44,1.87,2.28,2.42
2.11,1.65,1.79,1.89,1.91,1.79,1.71,2.07,1.90,1.83,1.57,1.32,1.15,0.92,0.82,1.17,1.29,1.50,1.97,2.43,2.25,2.32,1.32,0.45,0.11,0.20,0.69,1.04,1.14,1.76,1.83,1.42,1.00,1.18,1.20,1.26,1.25,1.28,1.25,0.74,-0.10,-0.49,-0.24,-0.31,-0.46,-0.63,-0.47,-0.41,-0.53,-0.51,-0.37,-0.49,-0.33,0.55,1.15,1.10,1.01,1.18,1.25,1.05,1.04,1.11,1.03,1.45,2.94,4.56,4.75,4.38,4.29,4.05,4.11,3.98,3.81,3.65,3.98,3.65,3.58,2.65,0.58,1.94,3.21,2.76,2.45,2.07,1.94,1.65,1.77,2.77,2.19,2.55,0.71,0.52,1.72,3.25,3.88,4.10,4.22,4.24,4.31,4.10,3.79,3.52,3.38,2.95,2.22,1.28,0.93,1.21,1.79,2.38,2.24,2.32,2.07,1.93,2.07,1.84,1.82,2.07,1.83,1.79,1.83,1.67,1.46,1.34,1.32,1.22,1.01,0.98,1.16,1.17,0.99,0.94,0.78,0.79,0.85,0.94,1.01,1.04,1.05,1.20,0.88,1.10,1.46,2.01,2.37,2.17,2.40,1.78,1.17,0.96,1.09,1.36,1.68,1.50,1.12,1.31,1.71,1.99,2.14,2.71
1.84,1.78,1.77,1.91,1.94,1.80,1.78,2.08,1.66,1.59,1.26,0.84,0.68,0.76,0.65,0.95,0.84,1.26,2.07,2.63,2.57,2.26,1.29,0.56,0.18,0.35,0.80,0.98,0.95,1.44,1.29,0.89,0.62,0.93,0.93,0.80,1.01,0.94,0.76,0.51,-0.20,-0.82,-0.82,-0.97,-0.82,-0.81,-0.88,-0.84,-0.71,-0.87,-0.77,-0.77,-0.63,0.41,0.89,0.85,0.76,0.72,0.89,0.76,0.72,0.79,0.46,0.73,2.37,4.58,4.58,4.18,4.02,3.94,3.71,3.70,3.65,3.56,3.71,3.30,3.41,2.13,0.32,1.80,2.32,2.36,1.50,0.88,0.67,0.63,0.36,2.02,0.90,2.05,0.24,0.08,1.27,3.02,3.73,3.83,3.88,4.04,4.03,3.91,3.50,3.10,3.02,2.65,1.90,1.00,0.67,0.93,1.60,2.35,2.19,2.38,2.14,1.95,1.96,1.79,1.84,2.01,1.73,1.90,1.79,1.65,1.49,1.43,1.49,1.37,1.07,1.05,1.12,0.99,0.83,0.79,0.88,0.89,0.89,0.90,0.92,0.95,0.92,1.26,1.03,1.32,1.50,1.42,1.28,1.34,0.95,1.20,0.84,0.94,1.18,1.23,1.38,1.20,1.37,1.17,1.18,1.67,2.30,2.57
1.59,1.74,1.68,1.60,1.51,1.42,1.43,1.60,1.34,1.29,1.18,0.93,0.66,0.61,0.28,0.49,0.51,1.00,1.91,2.57,2.35,1.89,0.95,0.40,0.29,0.31,0.47,0.85,1.31,1.39,1.04,0.95,0.21,0.40,0.45,0.74,1.01,0.93,0.66,0.20,-0.64,-1.14,-1.01,-1.09,-1.23,-1.22,-1.04,-1.14,-1.02,-0.89,-0.78,-1.06,-1.14,-0.34,0.35,0.68,0.87,0.82,0.80,0.87,0.94,0.78,0.30,0.85,2.46,4.12,4.03,3.94,3.75,3.50,3.60,3.44,3.39,3.37,3.26,3.16,2.83,2.07,0.09,2.22,1.67,2.55,1.25,0.35,0.29,0.07,0.19,1.26,0.74,1.60,0.19,-0.01,1.15,2.79,3.51,3.65,3.69,3.63,3.60,3.43,3.33,2.93,2.88,2.55,1.85,1.10,0.66,0.74,1.50,2.34,2.40,2.60,2.31,2.08,1.78,1.84,1.77,2.01,1.66,1.91,1.79,1.77,1.68,1.57,1.54,1.43,1.18,1.29,1.18,1.10,0.80,0.89,1.06,1.01,0.98,1.00,0.99,0.93,0.77,1.28,1.17,1.44,1.44,1.33,1.23,1.06,0.79,0.90,0.74,0.92,1.14,1.21,1.37,1.21,1.34,1.20,1.34,1.89,2.38,2.94
1.25,1.15,1.04,1.03,0.87,0.78,1.01,1.14,1.36,1.05,0.82,0.50,0.08,0.37,0.18,0.49,0.63,1.10,1.90,2.47,2.16,1.65,1.00,0.30,0.10,0.16,0.50,1.03,1.38,1.25,1.17,0.95,0.26,0.35,0.47,0.98,0.85,0.36,0.11,-0.16,-0.69,-1.04,-1.13,-1.23,-1.31,-1.61,-1.06,-1.22,-1.19,-1.21,-1.18,-1.27,-1.11,-0.22,0.57,0.73,0.56,0.50,0.40,0.39,0.74,0.63,0.29,0.83,2.23,4.04,4.07,4.27,3.53,3.49,3.19,3.21,3.37,3.28,2.91,2.85,2.72,1.76,-0.37,1.91,1.29,2.83,0.92,0.11,0.13,-0.05,-0.12,0.49,0.41,0.79,0.18,-0.11,0.84,2.71,3.30,3.49,3.41,3.31,3.18,3.15,2.95,2.76,2.67,2.54,2.10,1.25,0.63,0.61,1.25,2.31,2.87,3.00,2.65,2.40,1.93,2.02,1.89,2.10,1.84,1.78,1.77,1.76,1.77,1.61,1.46,1.40,1.28,1.50,1.25,1.37,0.95,1.06,1.15,1.07,1.10,1.20,1.22,1.04,1.04,1.28,1.27,1.31,1.23,1.11,1.04,0.98,0.92,0.74,0.73,1.05,1.22,1.21,1.49,1.32,1.45,1.25,1.23,1.71,2.38,2.60
1.03,1.12,1.00,0.96,0.83,0.73,0.88,1.09,1.16,1.07,0.89,0.67,0.55,0.67,0.36,0.40,0.71,1.06,1.59,2.37,2.36,1.67,0.89,0.16,0.07,0.18,0.42,0.84,1.04,0.76,0.89,0.53,0.29,0.35,0.07,0.19,0.53,0.61,0.36,0.00,-0.59,-1.32,-1.31,-1.52,-1.38,-1.80,-1.41,-1.38,-1.33,-1.28,-1.36,-1.37,-1.18,-0.13,0.20,0.20,0.02,-0.44,-0.63,-0.61,-0.03,0.30,0.24,0.49,2.03,3.73,4.09,4.38,3.62,3.24,3.19,2.95,3.03,3.15,2.55,2.61,2.28,1.77,-0.41,1.44,1.21,2.05,1.05,-0.03,-0.10,-0.18,-0.21,0.31,0.55,0.45,0.09,-0.15,0.88,2.73,3.07,3.20,3.19,3.10,3.02,3.08,2.89,2.78,2.59,2.49,2.13,1.33,0.80,0.72,1.26,2.65,4.00,4.85,4.03,2.79,2.24,1.99,2.07,2.06,2.10,1.87,1.67,1.55,1.59,1.55,1.51,1.46,1.32,1.55,1.29,1.36,1.12,1.09,1.15,1.12,1.16,1.26,1.28,1.22,1.27,1.31,1.07,1.14,1.27,1.17,1.03,1.05,0.85,0.85,0.78,0.83,0.87,0.93,1.31,1.18,1.42,1.32,1.34,1.78,2.35,2.69
1.15,1.37,0.72,0.63,0.80,0.88,0.80,0.68,0.65,0.65,0.77,0.74,0.52,0.60,0.46,0.71,0.62,1.09,1.97,2.47,2.46,1.43,0.68,0.24,-0.22,-0.10,0.32,0.67,1.05,0.85,0.72,0.49,0.19,-0.37,-0.64,-0.76,-0.49,-0.18,0.09,0.19,-0.44,-1.30,-1.26,-1.23,-1.16,-1.51,-1.27,-1.16,-1.28,-1.41,-1.42,-1.38,-1.08,-0.18,-0.29,-0.49,-0.74,-1.26,-1.23,-1.24,-0.79,-0.28,0.15,0.79,2.23,3.58,3.85,4.12,3.53,3.00,2.63,2.63,2.58,2.83,2.47,2.58,2.55,2.02,-0.49,1.17,1.17,1.85,0.83,-0.36,-0.39,-0.66,-0.44,0.13,0.68,0.26,-0.17,-0.07,1.14,2.60,2.98,2.96,2.96,2.97,2.84,2.82,2.78,2.73,2.61,2.45,2.16,1.42,0.85,0.94,1.57,3.21,5.77,7.26,5.52,3.07,2.36,2.12,2.08,2.00,2.03,1.78,1.66,1.45,1.39,1.48,1.57,1.53,1.32,1.55,1.36,1.27,1.20,0.98,1.20,1.15,1.17,1.18,1.14,1.26,1.36,1.36,1.03,1.07,1.27,1.26,1.12,1.01,0.85,0.95,0.92,0.72,0.66,0.84,0.95,1.03,1.16,1.36,1.38,1.50,2.29,2.73
0.84,0.60,0.45,0.71,0.89,0.99,1.12,0.99,1.06,0.87,0.83,0.72,0.34,0.31,0.49,0.55,0.76,1.49,2.34,2.55,2.48,1.44,0.61,0.05,-0.13,-0.06,0.14,0.29,0.39,0.44,0.50,0.19,-0.81,-0.88,-1.06,-1.12,-1.01,-0.49,0.03,-0.08,-0.66,-1.32,-1.50,-1.43,-1.43,-1.48,-1.23,-1.32,-1.41,-1.35,-1.51,-1.62,-1.12,-0.34,0.10,-0.11,-0.89,-1.40,-1.46,-1.46,-0.98,-0.41,0.00,0.45,2.00,3.70,3.70,3.84,3.22,3.12,2.59,2.51,2.49,2.30,2.32,2.46,1.94,1.59,-0.77,0.45,1.07,1.72,0.45,-0.27,-0.56,-0.41,-0.59,0.11,0.25,0.16,-0.26,0.03,0.98,2.55,2.69,2.82,2.98,2.79,2.81,2.69,2.60,2.71,2.76,2.53,2.03,1.36,0.71,0.72,1.59,3.35,5.34,5.58,4.58,2.55,2.20,2.03,2.03,1.96,1.88,1.74,1.67,1.60,1.48,1.49,1.61,1.56,1.40,1.54,1.39,1.44,1.17,1.05,1.16,1.12,1.12,1.10,1.09,1.27,1.42,1.28,1.20,1.20,1.20,1.20,1.16,1.00,0.96,1.01,1.04,0.69,0.46,0.60,0.87,1.04,1.26,1.31,1.39,1.74,2.45,2.76
0.83,0.89,0.57,0.50,0.65,0.78,0.65,0.66,0.79,0.77,0.77,0.71,0.52,0.58,0.62,0.41,0.89,1.70,2.34,2.63,2.46,1.25,0.57,-0.01,-0.29,-0.16,0.21,0.42,0.32,0.26,-0.06,-0.10,-0.39,-0.81,-1.21,-1.06,-0.49,-0.29,-0.12,0.28,-0.42,-1.57,-1.46,-1.43,-1.41,-1.24,-1.23,-1.22,-1.30,-1.36,-1.72,-1.65,-1.03,-0.59,-0.17,-0.08,-0.92,-1.47,-1.35,-1.35,-0.93,-0.56,-0.16,0.31,2.35,3.89,3.83,4.03,3.53,2.85,2.53,2.36,2.53,2.35,2.51,2.28,2.31,1.59,-0.83,1.09,1.42,1.79,0.60,-0.27,-0.79,-0.63,-0.43,0.07,0.04,0.00,-0.28,0.23,1.26,2.01,1.62,1.71,2.29,2.69,2.75,2.65,2.66,2.47,2.54,2.51,1.93,1.21,0.56,0.53,1.38,2.36,2.94,2.47,2.38,2.03,2.05,2.11,2.05,1.91,1.84,1.79,1.73,1.65,1.65,1.64,1.66,1.67,1.53,1.56,1.45,1.76,1.31,1.32,1.17,1.22,1.26,1.15,1.21,1.42,1.45,1.33,1.34,1.32,1.20,1.12,1.07,1.03,0.93,1.03,0.83,0.42,0.20,0.29,0.49,0.80,1.22,1.10,1.18,1.73,2.35,2.53
0.74,0.93,0.76,0.60,0.53,0.60,0.73,0.73,0.93,0.68,0.50,0.45,0.31,0.58,0.16,0.46,0.69,1.37,2.26,2.55,2.58,1.59,0.50,-0.03,-0.27,-0.24,0.00,0.13,0.03,0.30,-0.26,0.23,-0.07,-0.47,-0.96,-0.98,-0.28,-0.15,-0.41,-0.11,-0.71,-1.56,-1.42,-1.52,-1.50,-1.47,-1.66,-1.53,-1.40,-1.40,-1.35,-1.24,-0.98,-0.46,-0.12,-0.10,-0.86,-1.60,-1.27,-1.14,-1.02,-0.34,-0.20,-0.03,1.96,3.62,3.58,3.88,3.27,2.70,2.25,2.10,2.25,2.32,1.74,1.94,1.68,1.26,-0.77,0.61,1.21,1.70,0.31,-0.46,-0.51,-0.44,-0.67,0.14,0.15,0.30,-0.34,-0.16,1.37,1.46,0.71,0.71,1.95,2.59,2.59,2.52,2.60,2.38,2.20,2.17,1.91,1.44,0.96,1.04,1.55,2.01,2.35,1.85,1.72,1.76,1.88,1.80,1.73,1.78,1.84,1.59,1.59,1.67,1.66,1.73,1.79,1.70,1.66,1.76,1.54,1.83,1.38,1.51,1.33,1.36,1.39,1.28,1.21,1.43,1.40,1.42,1.34,1.26,1.20,1.07,1.00,1.04,0.87,0.90,0.62,0.19,-0.02,0.05,0.08,0.45,0.90,0.80,0.82,1.25,1.84,2.07
0.99,0.92,0.77,0.56,0.49,0.65,0.85,0.58,0.84,0.49,0.28,0.41,0.49,0.30,0.32,0.46,0.58,1.18,2.05,2.31,2.16,1.29,0.16,-0.16,-0.38,-0.46,-0.20,0.05,-0.05,0.13,-0.18,-0.21,-0.15,-0.47,-0.74,-0.62,-0.20,-0.21,-0.42,-0.58,-1.50,-1.52,-1.57,-1.41,-1.45,-1.56,-1.50,-1.45,-1.57,-1.64,-1.51,-1.13,-0.81,-0.26,-0.01,-0.20,-0.84,-1.53,-1.23,-0.94,-0.96,-0.38,-0.17,-0.02,1.76,3.40,3.21,3.44,2.94,2.42,2.26,2.11,2.03,2.05,1.66,1.85,1.71,0.96,-0.54,0.94,1.39,1.53,0.28,-0.31,-0.76,-0.37,-0.39,0.25,0.00,-0.05,-0.32,0.11,0.92,1.04,1.07,1.03,1.51,2.24,2.82,2.79,2.60,2.28,2.22,2.17,1.85,1.22,0.77,1.04,1.49,1.44,1.27,1.55,1.38,1.14,1.32,1.43,1.56,1.51,1.42,1.33,1.50,1.82,1.91,1.93,1.97,1.87,1.76,1.77,1.46,1.70,1.39,1.65,1.40,1.23,1.29,1.33,1.28,1.32,1.23,1.26,1.18,1.18,1.16,1.12,1.06,1.04,0.88,0.78,0.49,0.10,-0.10,-0.07,0.07,0.26,0.46,0.40,0.30,0.45,0.89,1.12
1.31,1.03,0.74,0.62,0.71,0.89,0.92,0.57,0.76,0.57,0.37,0.36,0.47,0.36,0.32,0.53,0.58,1.26,2.36,2.40,2.22,1.27,0.09,-0.46,-0.51,-0.44,-0.27,-0.07,-0.22,0.10,-0.06,0.07,-0.01,-0.06,-0.28,-0.29,-0.13,-0.21,-0.37,-0.66,-1.93,-1.86,-1.51,-1.59,-1.52,-1.47,-1.52,-1.59,-1.38,-1.37,-1.26,-0.97,-0.79,-0.39,-0.28,-0.33,-0.67,-1.33,-1.24,-0.84,-0.68,-0.51,-0.34,0.23,1.68,3.14,3.08,3.37,2.82,2.42,2.03,1.82,1.89,2.06,1.80,1.80,1.66,1.11,-1.17,-0.27,1.38,1.46,0.46,0.05,-0.61,-0.47,-0.82,-0.10,0.03,-0.18,-0.27,0.18,0.83,1.31,0.72,0.30,0.41,0.93,2.05,2.46,2.43,2.46,2.51,2.30,1.77,1.06,0.67,1.00,1.49,1.57,1.68,1.15,0.96,0.72,1.03,0.98,1.26,1.27,1.22,1.09,1.48,1.99,2.05,2.02,2.07,1.90,1.73,1.80,1.38,1.54,1.70,1.64,1.53,1.42,1.42,1.46,1.48,1.40,1.23,1.34,1.17,1.17,1.21,1.15,1.03,0.90,0.88,0.82,0.29,-0.05,-0.12,-0.06,0.07,0.05,-0.02,-0.15,-0.26,-0.28,-0.03,0.09
1.22,1.11,0.89,0.84,0.88,0.89,0.90,0.71,0.62,0.58,0.34,0.07,0.08,0.51,0.36,0.60,0.63,1.33,2.46,2.42,2.46,1.37,0.07,-0.28,-0.42,-0.52,-0.39,-0.16,-0.29,-0.13,0.00,0.11,-0.02,-0.02,-0.15,-0.26,-0.36,-0.36,-0.28,-0.71,-1.65,-1.79,-1.40,-1.37,-1.43,-1.50,-1.28,-1.47,-1.46,-1.31,-1.22,-0.92,-0.68,-0.31,-0.05,-0.01,-0.44,-1.12,-1.08,-0.87,-0.69,-0.34,-0.20,0.11,1.72,3.25,3.37,3.49,3.16,2.48,2.16,1.91,2.05,1.99,1.77,1.70,1.43,0.94,-0.56,-0.12,1.94,1.49,0.76,0.05,-0.61,-0.22,-0.02,0.23,0.13,-0.39,0.24,0.58,0.60,0.29,-0.58,-0.69,-0.66,0.10,1.78,2.55,2.67,2.61,2.42,2.20,1.80,1.22,0.77,1.06,1.50,1.38,1.68,0.92,0.57,0.55,0.56,0.52,1.09,1.10,1.37,1.51,1.76,1.89,1.95,1.88,1.78,1.79,1.82,1.70,1.39,1.62,1.62,1.50,1.40,1.21,1.15,1.26,1.36,1.37,1.57,1.50,1.23,1.15,1.17,1.00,0.77,0.82,1.04,0.99,0.35,-0.08,-0.20,-0.13,-0.03,-0.32,-0.49,-0.56,-0.56,-0.56,-0.51,-0.36
1.14,1.00,0.96,1.03,0.96,0.78,0.72,0.65,0.57,0.55,0.37,0.09,0.04,0.52,0.41,0.55,0.57,1.21,2.30,2.49,2.64,1.49,0.19,-0.39,-0.66,-0.71,-0.53,-0.38,-0.48,-0.32,-0.10,-0.15,-0.21,-0.05,0.09,0.07,-0.06,-0.02,-0.06,-0.72,-1.56,-1.65,-1.46,-1.26,-1.50,-1.35,-1.19,-1.27,-1.21,-0.99,-1.04,-0.68,-0.32,-0.15,0.03,0.21,-0.17,-0.84,-0.84,-0.83,-0.66,-0.17,-0.22,0.45,1.67,3.09,3.38,3.40,3.06,2.17,2.07,1.65,1.80,1.59,1.55,1.65,1.72,0.88,-0.83,-0.38,1.66,1.83,1.51,0.55,-0.22,0.13,0.08,0.32,0.44,-0.11,0.37,0.46,-0.18,-0.13,-0.33,-0.62,-0.78,-0.32,1.54,2.54,2.78,2.79,2.61,2.46,1.95,1.11,0.50,0.79,1.27,1.17,1.65,0.96,0.45,0.21,0.44,0.25,0.92,1.15,1.59,1.95,2.17,2.10,1.96,1.87,1.83,1.88,1.85,1.72,1.49,1.40,1.51,1.37,1.37,1.15,1.01,1.09,1.22,1.36,1.45,1.38,1.38,1.38,1.32,0.98,0.65,0.79,1.10,1.20,0.74,0.15,-0.22,-0.21,-0.11,-0.52,-0.78,-0.71,-0.61,-0.71,-0.81,-0.76
1.21,0.99,0.99,1.09,0.99,0.71,0.56,0.40,0.47,0.52,0.37,0.19,0.24,0.47,0.40,0.55,0.65,1.21,2.20,2.82,2.91,1.62,0.19,-0.42,-0.66,-0.71,-0.59,-0.47,-0.49,-0.42,-0.29,-0.10,0.07,0.18,0.26,0.18,0.20,0.28,-0.11,-1.03,-1.98,-1.72,-1.47,-1.19,-1.30,-1.26,-1.23,-1.23,-0.92,-0.73,-0.57,-0.27,0.03,0.21,0.40,0.28,-0.29,-0.76,-0.77,-0.76,-0.44,-0.07,-0.10,0.40,1.51,3.03,3.24,3.52,2.91,2.57,2.01,1.80,1.80,1.76,1.82,1.91,1.85,1.09,-0.41,-0.03,1.20,1.45,1.28,0.66,0.45,0.11,0.67,0.74,0.79,-0.01,0.00,0.65,0.07,-0.27,-0.02,-0.17,-0.29,0.37,1.93,2.77,2.91,2.77,2.69,2.55,2.19,1.36,0.63,1.00,1.51,1.44,1.64,0.90,0.36,0.52,0.74,0.39,1.28,1.76,2.32,2.40,2.32,2.29,1.96,1.71,1.72,1.66,1.43,1.31,1.45,1.33,1.16,0.99,0.78,0.55,0.49,0.47,0.46,0.71,0.87,1.07,1.26,1.37,1.38,1.15,0.78,0.68,1.25,1.38,0.99,0.46,0.07,-0.15,-0.33,-0.62,-0.78,-0.68,-0.62,-0.72,-0.83,-1.12
1.11,1.06,1.01,1.00,0.90,0.78,0.74,0.40,0.47,0.51,0.37,0.21,0.34,0.56,0.51,0.63,0.74,1.25,2.16,2.83,2.96,1.50,0.36,-0.24,-0.63,-0.71,-0.56,-0.46,-0.58,-0.47,-0.03,0.02,0.14,0.31,0.47,0.45,0.41,0.20,-0.51,-1.47,-1.90,-2.12,-1.94,-1.31,-1.35,-1.16,-1.17,-1.21,-0.94,-0.59,-0.41,0.03,0.25,0.26,0.52,0.50,-0.24,-0.79,-0.81,-0.91,-0.76,-0.24,-0.12,0.11,1.33,3.21,3.16,3.51,2.85,2.35,1.95,1.66,1.73,1.76,1.93,1.71,1.56,1.07,-1.09,0.09,1.07,1.83,1.57,1.48,1.46,1.39,1.44,1.51,1.48,0.89,-0.10,-0.01,0.39,1.42,1.90,1.50,2.00,2.75,3.16,3.26,3.07,2.93,2.73,2.34,2.06,1.46,0.67,0.66,1.12,1.71,2.03,1.65,0.82,0.68,1.17,1.34,1.60,2.40,2.60,2.36,2.26,2.14,1.74,1.57,1.54,1.17,0.76,0.55,0.77,0.37,0.09,-0.05,-0.44,-0.56,-0.39,-0.27,-0.23,0.08,0.63,0.47,0.89,1.04,1.11,1.03,0.83,0.88,1.36,1.29,0.72,0.16,-0.11,-0.29,-0.79,-0.79,-0.83,-0.73,-0.54,-0.52,-0.82,-0.91
0.98,0.96,0.89,0.76,0.82,1.01,0.94,0.63,0.56,0.51,0.44,0.34,0.34,0.42,0.50,0.61,0.73,1.23,1.97,2.38,2.61,1.38,0.55,-0.22,-0.62,-0.76,-0.71,-0.57,-0.56,-0.33,0.31,0.36,0.37,0.47,0.56,0.39,0.23,-0.18,-1.09,-1.98,-2.27,-2.42,-2.53,-1.80,-1.52,-1.22,-1.03,-1.11,-0.82,-0.49,-0.28,0.16,0.31,0.37,0.49,0.28,-0.32,-0.84,-0.89,-0.83,-0.68,-0.27,-0.21,0.16,1.72,2.98,2.85,3.21,2.49,2.19,1.80,1.73,1.72,1.73,1.89,1.79,1.56,1.04,-0.78,-0.08,0.83,1.73,1.54,1.64,1.91,1.97,2.02,1.64,1.82,1.11,-0.07,-0.31,0.45,1.89,3.07,3.26,3.25,3.21,3.06,3.02,2.82,2.75,2.66,2.35,2.05,1.31,0.63,0.83,1.21,1.95,2.36,2.18,1.99,1.61,2.22,2.32,2.36,3.10,3.08,2.94,2.40,1.83,1.38,1.11,0.84,0.41,0.16,0.02,-0.33,-0.37,-1.12,-1.67,-1.97,-1.74,-1.04,-0.47,-0.24,0.26,0.65,0.73,0.76,0.66,0.98,1.09,0.85,1.01,1.23,1.15,0.61,0.24,-0.02,-0.36,-0.76,-0.63,-0.54,-0.58,-0.67,-0.76,-0.94,-0.83
0.98,0.79,0.82,0.52,0.46,0.66,0.55,0.50,0.42,0.34,0.25,0.18,0.16,-0.15,0.02,0.35,0.55,0.99,1.60,1.70,1.76,1.03,0.39,-0.24,-0.57,-0.73,-0.76,-0.57,-0.39,-0.23,0.42,0.66,0.68,0.60,0.47,0.26,-0.06,-0.83,-1.80,-2.32,-2.87,-2.72,-2.50,-2.08,-1.94,-2.09,-1.45,-0.97,-0.58,-0.38,-0.34,0.10,0.30,0.16,-0.12,-0.52,-0.76,-1.01,-1.04,-0.66,-0.49,-0.20,-0.23,0.05,1.49,2.90,2.89,3.03,2.34,1.71,1.61,1.55,1.60,1.61,1.49,1.74,1.31,0.67,-0.86,-0.11,1.01,1.96,1.90,1.55,1.62,1.50,1.72,1.44,1.43,1.05,0.08,-0.43,0.11,1.38,2.52,2.98,3.12,3.00,2.96,2.90,2.67,2.72,2.76,2.34,1.74,1.06,0.71,0.78,0.94,1.96,2.52,2.76,2.41,2.24,2.43,2.58,3.24,3.58,3.56,3.33,2.66,2.17,1.66,1.04,0.30,-0.44,-0.52,-0.36,-0.74,-0.47,-0.69,-1.13,-2.14,-2.40,-1.17,0.02,0.04,0.31,0.45,0.13,0.34,0.58,0.72,0.80,0.85,0.90,1.12,0.98,0.73,0.46,0.08,-0.37,-0.34,-0.47,-0.59,-0.66,-0.57,-0.51,-0.82,-0.77
0.56,0.55,0.46,0.30,0.02,-0.20,0.00,0.13,0.00,-0.10,-0.23,-0.29,-0.17,-0.49,-0.49,-0.06,0.05,0.41,0.99,0.82,0.80,0.37,0.08,-0.20,-0.48,-0.66,-0.61,-0.44,-0.33,-0.24,0.47,0.77,0.82,0.56,0.45,0.34,-0.27,-1.99,-3.26,-2.59,-2.63,-2.33,-2.28,-2.60,-2.21,-2.50,-1.95,-1.14,-0.58,-0.56,-0.64,-0.57,-0.77,-1.01,-1.16,-1.28,-1.40,-1.46,-1.27,-0.92,-0.58,-0.37,-0.59,-0.32,1.03,2.41,2.67,2.96,2.49,2.00,1.60,1.67,1.72,1.60,1.50,1.39,1.14,0.92,-0.89,-0.12,1.04,1.50,1.32,1.34,1.45,1.42,1.82,1.15,1.38,0.93,-0.36,-0.69,0.03,1.61,2.12,2.48,2.54,2.83,2.95,2.97,2.79,2.64,2.53,2.37,2.00,1.21,0.67,0.85,1.16,1.85,2.37,2.52,2.17,2.20,2.84,3.06,3.54,3.54,3.34,2.98,2.48,2.02,1.72,1.12,-0.20,-1.59,-1.70,-0.78,-0.78,-0.17,-0.79,-1.78,-1.47,-1.22,-0.58,0.18,0.05,-0.29,-0.10,-0.11,-0.02,0.37,0.65,0.83,0.98,1.04,1.23,1.16,0.96,0.47,-0.06,-0.36,-0.44,-0.37,-0.51,-0.61,-0.63,-0.64,-0.67,-0.76
0.02,0.08,-0.01,-0.01,-0.20,-0.46,-0.26,-0.16,-0.42,-0.66,-0.76,-0.69,-0.59,-0.71,-0.63,-0.21,-0.20,-0.07,0.26,0.14,0.39,0.15,-0.15,-0.29,-0.48,-0.58,-0.44,-0.28,-0.31,-0.17,0.51,0.87,0.92,0.71,0.60,0.37,-0.31,-1.88,-3.12,-2.67,-2.32,-1.86,-1.83,-2.26,-1.94,-1.81,-1.65,-1.16,-1.02,-1.12,-1.55,-1.93,-2.23,-2.33,-2.37,-2.33,-2.05,-1.86,-1.80,-1.31,-0.68,-0.49,-0.69,-0.72,0.09,1.94,2.53,3.03,2.48,2.11,1.89,1.57,1.55,1.61,1.50,1.46,1.59,0.83,-0.66,-0.05,0.84,1.16,1.37,1.31,1.06,0.95,1.29,0.82,1.01,1.10,-0.27,-0.48,-0.02,1.26,2.23,2.54,2.57,2.66,2.91,2.77,2.42,2.53,2.48,2.08,1.66,1.06,0.63,0.62,0.85,1.74,2.49,2.65,2.41,2.11,2.78,2.37,3.24,3.22,2.96,2.83,2.36,1.95,1.51,0.87,0.09,-0.84,-1.81,-2.02,-0.82,-1.59,-1.47,-1.41,-0.46,-1.02,-1.78,-1.52,-1.19,-0.89,-0.83,-0.51,-0.33,0.11,0.55,0.85,1.04,1.04,1.12,1.28,1.03,0.62,0.31,0.07,-0.46,-0.26,-0.38,-0.56,-0.57,-0.38,-0.49,-0.78
-0.31,-0.36,-0.39,-0.39,-0.36,-0.39,-0.63,-0.58,-0.63,-0.82,-0.86,-0.88,-1.06,-0.89,-0.62,-0.26,-0.28,-0.27,-0.07,-0.05,0.05,0.14,-0.13,-0.42,-0.54,-0.59,-0.41,-0.10,-0.21,0.07,0.80,1.10,1.10,1.06,0.99,0.85,0.44,-0.29,-1.23,-1.97,-1.80,-1.37,-1.38,-1.27,-1.32,-1.09,-1.02,-1.02,-1.19,-1.64,-2.33,-2.85,-3.05,-2.99,-2.72,-2.36,-1.98,-1.64,-1.40,-1.27,-0.91,-0.39,-0.27,-0.34,0.72,2.34,2.55,2.85,2.40,1.97,1.70,1.67,1.33,1.51,1.39,1.21,1.66,0.76,-0.58,-0.20,0.92,1.18,0.89,0.88,1.03,1.06,1.14,0.71,0.84,0.60,-0.46,-0.47,0.07,1.48,2.03,2.37,2.58,2.63,2.75,2.75,2.66,2.69,2.58,2.41,2.01,1.27,0.63,0.50,0.98,1.88,2.58,2.82,2.24,2.35,3.00,2.89,3.06,3.31,2.97,2.57,2.02,1.71,1.39,0.84,-0.02,-1.17,-1.69,-1.45,-1.47,-2.26,-1.55,-1.28,-0.72,-1.02,-1.21,-1.03,-1.31,-0.82,-0.48,-0.34,-0.17,0.28,0.80,1.11,1.10,1.16,1.65,1.66,1.57,1.34,1.01,0.63,-0.01,0.00,-0.29,-0.56,-0.58,-0.49,-0.77,-0.83
-0.52,-0.54,-0.61,-0.72,-0.62,-0.34,-0.26,-0.48,-0.67,-0.68,-0.86,-0.96,-0.68,-1.03,-0.62,-0.54,-0.44,-0.28,-0.12,0.03,0.14,0.19,0.04,-0.18,-0.46,-0.64,-0.47,-0.11,-0.13,0.18,1.11,1.43,1.23,1.33,1.36,1.36,1.05,0.60,-0.10,-1.01,-1.21,-1.27,-1.30,-0.62,-0.61,-0.59,-0.32,-0.63,-1.23,-1.90,-2.39,-2.58,-2.56,-2.64,-2.51,-2.05,-1.75,-1.67,-1.62,-1.47,-1.02,-0.38,-0.26,-0.01,0.85,2.45,2.77,3.10,2.75,2.24,1.57,1.76,1.43,1.61,1.28,1.20,1.14,0.71,-0.91,-0.03,1.15,1.04,0.95,0.77,1.12,0.99,0.95,0.73,0.65,0.53,-0.26,-0.42,0.36,1.62,2.18,2.38,2.47,2.64,2.76,2.82,2.58,2.51,2.49,2.26,1.95,1.29,0.71,0.66,0.87,1.80,2.58,2.46,2.60,2.57,2.82,2.60,2.81,3.10,2.71,2.60,2.19,2.00,1.61,0.88,-0.18,-1.37,-0.93,-0.77,-0.53,-0.54,-0.43,-1.07,-1.06,-1.42,-1.47,-1.03,-1.02,-0.43,-0.12,-0.03,0.21,0.53,0.88,1.14,1.26,1.50,1.93,1.97,1.94,1.80,1.51,1.06,0.37,0.15,-0.17,-0.42,-0.52,-0.53,-0.59,-0.56
-0.49,-0.34,-0.64,-0.46,-0.28,-0.38,-0.51,-0.57,-0.49,-0.58,-0.73,-0.86,-0.87,-0.94,-0.53,-0.52,-0.61,-0.52,-0.27,0.03,-0.02,-0.05,-0.05,-0.36,-0.63,-0.62,-0.38,-0.27,-0.43,-0.07,0.92,1.40,1.17,1.25,0.94,0.73,0.46,0.04,-0.43,-0.82,-1.13,-1.40,-1.08,-0.21,-0.15,-0.15,0.23,-0.28,-1.86,-2.23,-1.99,-2.03,-2.08,-2.27,-2.40,-2.21,-2.09,-2.18,-2.16,-1.76,-1.01,-0.43,-0.72,-0.73,0.04,1.84,2.55,3.25,2.96,2.20,1.76,1.48,1.10,1.18,1.51,1.15,1.05,0.99,-0.68,-0.12,0.73,0.71,0.74,0.47,0.93,0.68,0.90,0.52,0.39,0.39,-0.47,-0.54,0.08,1.33,1.91,2.25,2.42,2.43,2.36,2.43,2.38,2.30,2.35,2.36,1.99,1.20,0.73,0.82,0.96,1.83,2.52,2.70,2.30,2.57,2.94,2.64,2.65,2.81,2.57,2.36,2.25,1.97,1.65,1.09,0.24,-0.33,-0.20,0.26,0.52,0.51,0.55,0.18,-0.08,-0.27,-0.24,0.03,0.18,0.07,0.10,0.09,0.32,0.36,0.66,0.98,1.07,1.78,2.22,2.05,1.91,1.88,1.73,1.17,0.42,0.05,-0.16,-0.33,-0.48,-0.58,-0.48,-0.48
-0.39,-0.31,-0.62,-0.41,-0.22,-0.32,-0.61,-0.49,-0.57,-0.79,-0.94,-0.76,-0.42,-0.81,-0.79,-0.52,-0.31,-0.34,-0.33,0.10,-0.06,-0.22,-0.32,-0.76,-0.84,-0.69,-0.58,-0.57,-0.54,-0.26,0.55,1.22,0.95,0.73,0.08,-0.22,-0.33,-0.64,-0.97,-1.08,-1.03,-1.08,-0.54,-0.29,0.05,-0.06,0.10,-0.43,-1.89,-1.78,-1.43,-1.55,-1.78,-1.97,-2.23,-2.46,-2.46,-2.28,-2.12,-1.81,-1.02,-0.69,-1.60,-1.88,-1.13,1.09,2.40,2.83,2.43,1.78,1.33,1.09,1.04,1.25,1.61,1.42,1.29,0.95,-0.72,-0.12,0.67,0.67,0.51,0.44,0.73,0.60,0.50,0.15,-0.28,-0.39,-0.69,-0.67,-0.26,0.62,1.48,2.17,2.34,2.31,2.22,2.05,2.00,1.94,1.94,1.88,1.60,1.20,0.85,0.88,1.15,1.89,2.59,2.53,2.25,2.41,2.59,2.61,2.90,2.85,2.78,2.55,2.02,1.66,1.37,0.84,0.47,0.55,0.71,1.05,1.23,0.93,0.85,0.79,0.55,0.29,0.29,0.49,0.61,0.61,0.44,0.21,0.37,0.46,0.65,0.92,1.14,1.67,2.23,2.14,2.03,1.96,1.72,1.23,0.62,0.16,0.05,-0.15,-0.44,-0.54,-0.51,-0.52
-0.34,-0.29,-0.46,-0.43,-0.46,-0.53,-0.57,-0.57,-0.72,-0.87,-0.84,-0.72,-0.72,-0.88,-0.69,-0.77,-0.77,-0.69,-0.53,-0.32,-0.57,-0.34,-0.63,-0.72,-0.94,-0.93,-0.79,-0.82,-0.67,-0.29,0.40,1.11,0.71,0.29,-0.46,-0.47,-0.43,-0.57,-0.74,-0.86,-0.53,-0.47,-0.28,-0.46,0.03,-0.68,-0.72,-0.83,-1.19,-1.08,-1.14,-1.14,-1.06,-1.16,-1.61,-2.05,-2.16,-2.08,-1.94,-1.62,-0.82,-0.71,-1.61,-1.56,-1.30,0.69,1.21,0.90,0.36,0.00,-0.18,-0.05,0.16,1.01,1.38,0.93,0.94,0.41,-0.36,-0.05,-0.02,0.14,0.32,0.04,0.37,0.24,-0.18,-0.24,-0.68,-0.88,-0.66,-0.67,-0.91,-0.71,0.26,1.20,1.49,1.40,1.15,1.06,1.14,1.31,1.32,1.10,0.99,0.94,0.83,0.89,1.00,1.88,2.51,2.45,2.34,2.38,2.29,2.61,2.78,2.72,2.67,2.18,1.68,1.38,1.12,0.83,0.56,0.65,0.92,1.16,1.18,1.00,0.95,1.10,1.06,0.92,0.87,0.90,0.85,0.90,0.87,0.66,0.50,0.55,0.78,1.09,1.37,1.79,2.40,2.36,2.22,2.03,1.73,1.31,0.93,0.32,0.23,-0.02,-0.38,-0.33,-0.59,-0.51
-0.16,-0.18,-0.27,-0.28,-0.39,-0.52,-0.51,-0.43,-0.67,-0.71,-0.73,-0.79,-0.78,-0.77,-0.67,-0.79,-0.72,-0.53,-0.39,-0.38,-0.22,-0.58,-0.58,-0.69,-0.77,-0.84,-0.76,-0.56,-0.46,0.05,0.80,0.82,0.40,-0.13,-0.69,-0.57,-0.34,-0.34,-0.38,-0.38,-0.28,-0.20,-0.41,-0.15,-0.15,-1.60,-1.02,-0.68,-0.62,-0.82,-1.06,-0.67,-0.33,-0.48,-0.98,-1.30,-1.28,-1.24,-1.12,-0.74,-0.22,-0.46,-1.38,-1.06,-0.93,-0.32,0.31,-0.72,-1.07,-1.17,-1.27,-0.99,-0.61,-0.03,0.84,-0.18,-0.07,-0.47,-0.68,-0.46,-0.31,-0.17,-0.05,-0.29,-0.22,-0.24,-0.58,-0.79,-1.04,-1.12,-1.22,-1.08,-1.08,-0.64,-0.22,0.35,0.67,0.68,0.66,0.66,0.53,0.71,1.04,0.94,0.78,0.76,0.69,0.69,0.76,1.64,2.36,2.40,2.45,2.29,2.31,2.43,2.37,2.25,2.38,2.06,1.71,1.45,1.18,1.07,1.04,1.09,1.09,1.25,1.34,1.42,1.55,1.60,1.50,1.40,1.44,1.48,1.40,1.54,1.45,1.38,1.07,0.90,1.07,1.38,1.44,1.82,2.35,2.58,2.30,1.97,1.78,1.43,0.92,0.51,0.36,0.08,-0.29,-0.22,-0.54,-0.53
0.10,-0.05,-0.22,-0.23,-0.33,-0.47,-0.48,-0.46,-0.66,-0.64,-0.83,-0.87,-0.67,-1.06,-0.84,-0.97,-0.79,-0.73,-0.74,-0.56,-0.63,-0.86,-0.96,-1.03,-0.92,-0.81,-0.53,-0.26,-0.39,-0.18,0.95,0.45,-0.06,-0.49,-0.49,-0.33,-0.39,-0.44,-0.36,-0.43,-0.32,-0.22,-0.46,-0.22,-0.47,-1.52,-0.42,-0.02,-0.13,-0.43,-0.47,0.09,0.23,-0.16,-0.43,-0.34,-0.24,-0.08,0.29,0.51,0.61,0.29,-0.12,0.16,0.56,0.74,0.52,-1.03,-1.57,-1.42,-1.24,-0.91,-0.52,-0.42,0.52,-0.58,-0.81,-0.49,-0.86,-0.41,-0.38,-0.51,-0.28,-0.36,-0.22,-0.41,-0.57,-0.84,-1.14,-0.89,-0.97,-1.11,-1.06,-0.48,-0.12,0.25,0.09,-0.07,0.03,0.26,0.47,0.57,0.79,0.83,0.68,0.85,0.92,1.00,1.17,1.87,2.75,2.85,2.82,2.36,2.60,2.65,2.41,2.45,2.58,2.26,1.60,1.42,1.62,1.77,2.05,2.01,1.93,1.93,2.11,2.02,2.30,2.14,1.96,1.94,2.01,2.07,1.91,2.02,1.93,1.93,1.72,1.43,1.42,1.65,1.57,1.87,2.23,2.42,2.24,1.89,1.79,1.62,0.92,0.78,0.65,0.30,-0.13,-0.37,-0.32,-0.47
0.03,-0.18,-0.32,-0.34,-0.37,-0.46,-0.58,-0.57,-0.59,-0.52,-0.79,-0.93,-0.86,-1.21,-0.88,-0.83,-0.77,-0.69,-0.69,-0.77,-0.72,-0.74,-0.77,-0.88,-0.89,-0.96,-0.76,-0.42,-0.32,-0.01,0.39,-0.02,-0.32,-0.48,-0.86,-0.71,-0.61,-0.53,-0.46,-0.46,-0.20,-0.22,-0.58,-0.61,-0.77,-0.46,0.24,0.63,0.80,0.72,0.85,1.03,0.79,0.21,0.07,0.29,0.44,0.80,1.05,0.89,0.80,0.77,0.76,1.09,1.28,1.66,0.49,-1.12,-1.43,-1.38,-1.37,-0.84,-0.69,-0.72,-0.38,-0.67,-0.76,-0.66,-0.82,-0.53,-0.57,-0.68,-0.44,-0.47,-0.49,-0.64,-0.67,-0.91,-0.84,-0.63,-0.74,-0.83,-0.79,-0.57,-0.31,0.13,0.24,0.16,0.18,0.35,0.62,0.79,1.07,1.29,1.38,1.51,1.38,1.77,1.89,2.12,2.64,2.60,2.61,2.32,2.31,2.48,2.35,2.47,2.52,2.12,1.61,1.62,1.99,2.30,2.64,2.41,2.43,2.31,2.51,2.43,2.45,2.35,2.25,2.20,2.16,2.11,2.13,2.07,1.97,1.94,1.72,1.40,1.39,1.68,1.67,1.94,2.18,2.19,1.99,1.77,1.67,1.71,1.06,0.85,0.68,0.40,0.03,-0.21,-0.24,-0.31
-0.21,-0.41,-0.39,-0.54,-0.57,-0.59,-0.73,-0.64,-0.58,-0.53,-0.77,-1.01,-1.02,-1.06,-0.88,-0.88,-0.82,-0.78,-0.87,-0.97,-0.82,-1.04,-0.98,-0.91,-1.04,-0.87,-0.43,-0.32,-0.57,-0.32,-0.33,-0.54,-0.99,-0.57,-0.56,-0.43,-0.47,-0.69,-0.69,-0.47,-0.32,-0.28,-0.63,-0.66,-0.51,-0.06,0.49,1.10,1.71,1.74,1.72,1.65,1.25,0.67,0.55,0.55,0.49,0.77,0.88,0.60,0.58,0.94,1.15,1.31,1.04,1.26,0.08,-1.21,-1.36,-1.18,-1.23,-0.84,-0.73,-0.86,-0.68,-0.82,-0.77,-0.58,-0.81,-0.34,-0.54,-0.83,-0.48,-0.76,-0.43,-0.62,-0.62,-0.84,-0.98,-0.78,-0.88,-0.76,-0.67,-0.63,-0.56,-0.26,0.05,0.31,0.53,0.61,0.65,0.90,1.17,1.17,1.26,1.38,1.22,1.65,1.79,1.91,2.35,2.47,2.51,2.45,2.37,2.35,2.16,2.22,2.03,1.72,1.56,1.76,2.06,2.14,2.25,2.03,2.11,1.97,2.12,2.11,2.01,1.91,1.88,1.85,1.76,1.74,1.82,1.74,1.78,1.60,1.32,1.14,1.16,1.37,1.36,1.51,1.72,1.97,1.79,1.37,1.26,1.27,0.87,0.67,0.51,0.34,0.11,0.19,0.07,-0.22
-0.03,-0.41,-0.42,-0.63,-0.76,-0.79,-0.77,-0.77,-0.69,-0.67,-0.89,-1.01,-0.89,-0.91,-1.11,-0.99,-0.93,-0.92,-1.01,-1.08,-0.92,-0.96,-0.99,-0.76,-0.99,-0.89,-0.83,-0.91,-0.64,-0.44,-0.48,-0.76,-0.89,-1.01,-0.99,-1.11,-1.21,-1.21,-1.21,-1.08,-0.86,-0.69,-0.51,-0.79,-0.32,-0.67,-0.08,0.78,1.37,1.46,1.31,1.38,1.03,0.61,0.52,0.49,0.37,0.35,0.35,0.26,0.51,0.90,0.77,0.65,0.04,-0.01,-0.69,-1.35,-1.35,-1.31,-1.35,-1.01,-0.76,-0.87,-0.86,-0.64,-0.53,-0.66,-0.79,-0.66,-0.84,-1.02,-0.71,-0.91,-0.48,-0.61,-0.73,-0.77,-1.01,-0.87,-0.99,-0.87,-0.77,-0.84,-0.59,-0.24,-0.02,-0.03,-0.01,0.11,0.40,0.74,0.72,0.37,0.24,0.25,0.02,0.42,0.60,0.55,1.20,1.32,1.21,1.16,1.32,1.33,1.21,1.25,1.21,1.04,0.85,0.99,1.22,1.16,1.12,0.92,1.03,0.83,1.11,1.01,0.95,0.93,0.93,0.96,0.99,1.05,0.88,0.98,1.09,1.06,0.94,0.89,0.82,0.72,0.78,0.85,0.96,1.34,1.43,1.09,0.85,0.45,0.65,0.60,0.32,0.16,0.40,0.79,0.67,-0.03
0.11,-0.38,-0.47,-0.43,-0.64,-0.84,-0.81,-0.81,-0.81,-0.87,-1.07,-1.11,-0.98,-0.94,-1.35,-1.22,-1.04,-1.02,-0.99,-0.91,-1.02,-1.04,-0.94,-0.87,-1.16,-1.04,-0.96,-1.09,-1.11,-0.88,-0.98,-0.97,-0.88,-0.97,-1.12,-1.56,-1.70,-1.60,-1.60,-1.56,-1.37,-1.17,-0.69,-1.13,-0.73,-1.40,-0.82,-0.68,-0.32,-0.21,-0.26,-0.34,-0.58,-0.66,-0.58,-0.46,-0.46,-0.56,-0.58,-0.63,-0.42,-0.23,-0.42,-0.57,-1.01,-0.99,-1.24,-1.22,-1.17,-1.30,-1.23,-1.13,-0.87,-1.07,-0.84,-0.74,-0.49,-1.03,-0.88,-0.88,-0.89,-0.99,-0.87,-0.91,-0.69,-0.71,-0.68,-0.67,-0.94,-0.86,-1.11,-0.89,-0.74,-0.78,-0.74,-0.67,-0.66,-0.71,-0.71,-0.77,-0.83,-0.76,-0.96,-1.26,-1.13,-1.09,-1.01,-0.31,-0.42,-0.52,-0.22,0.09,-0.11,-0.20,0.23,0.18,0.02,0.14,0.23,0.15,0.03,0.04,0.18,0.16,0.16,-0.03,-0.17,-0.34,0.04,-0.01,-0.16,-0.02,0.11,0.13,0.11,0.00,-0.16,-0.01,-0.06,0.15,0.31,0.25,0.10,0.10,0.20,0.26,0.35,0.62,0.77,0.80,1.06,0.69,0.49,0.55,0.45,0.20,0.19,0.32,0.55,0.28
-0.13,-0.37,-0.43,-0.28,-0.47,-0.72,-0.84,-0.73,-0.74,-0.94,-1.04,-1.12,-1.13,-1.04,-1.32,-1.11,-1.07,-1.14,-1.14,-1.04,-1.21,-1.11,-1.01,-0.93,-1.04,-1.06,-0.96,-0.93,-0.94,-0.71,-0.61,-1.13,-1.26,-1.21,-1.27,-1.45,-1.53,-1.74,-1.93,-1.83,-1.71,-1.78,-1.85,-1.86,-2.21,-2.17,-2.02,-2.27,-2.36,-2.36,-2.42,-2.46,-2.51,-2.39,-2.09,-1.83,-1.76,-1.70,-1.41,-1.45,-1.33,-1.14,-1.27,-1.24,-1.45,-1.36,-1.28,-1.13,-1.18,-1.33,-1.18,-0.97,-0.91,-1.08,-0.81,-0.92,-0.82,-1.09,-0.96,-0.87,-0.87,-0.88,-0.84,-0.64,-0.87,-0.91,-0.87,-0.81,-1.01,-0.93,-1.03,-0.79,-0.74,-0.87,-0.91,-0.92,-1.14,-1.41,-1.45,-1.65,-1.86,-1.89,-2.07,-2.19,-2.13,-1.64,-0.96,-0.37,-0.59,-0.89,-0.84,-0.64,-0.33,-0.76,-0.34,-0.44,-0.53,-0.37,-0.23,-0.32,-0.48,-0.52,-0.39,-0.29,-0.31,-0.36,-0.67,-0.77,-0.48,-0.49,-0.63,-0.48,-0.32,-0.32,-0.33,-0.47,-0.46,-0.53,-0.82,-0.66,-0.42,-0.29,-0.21,-0.16,-0.24,-0.24,0.05,0.20,0.28,0.40,0.36,0.56,0.49,0.39,0.40,0.32,0.10,0.34,0.24,0.35
-0.08,-0.13,-0.20,-0.48,-0.53,-0.57,-0.71,-0.89,-0.71,-0.92,-0.91,-0.91,-1.03,-1.08,-1.22,-0.98,-0.99,-1.12,-1.12,-1.08,-1.24,-0.89,-1.03,-1.01,-1.12,-1.06,-0.93,-0.92,-0.89,-0.69,-0.82,-1.16,-1.04,-1.18,-1.06,-1.31,-1.47,-1.61,-1.66,-1.65,-1.91,-2.04,-1.90,-1.94,-2.49,-2.45,-2.39,-2.56,-2.79,-2.65,-2.90,-2.99,-3.05,-3.01,-2.82,-2.46,-2.22,-2.09,-1.74,-1.62,-1.52,-1.37,-1.59,-1.43,-1.41,-1.47,-1.23,-1.13,-1.28,-1.36,-1.26,-0.99,-1.14,-1.11,-0.97,-0.91,-0.99,-0.94,-1.03,-0.76,-1.03,-0.93,-0.86,-0.54,-0.72,-0.84,-0.96,-0.97,-1.06,-1.02,-1.11,-0.83,-0.87,-0.98,-0.91,-0.98,-1.41,-1.70,-1.66,-1.72,-1.88,-1.98,-2.16,-2.33,-2.30,-1.59,-0.72,-0.34,-0.59,-1.09,-1.01,-0.99,-0.46,-1.03,-0.54,-0.68,-0.81,-0.69,-0.54,-0.63,-0.81,-0.78,-0.69,-0.71,-0.67,-0.64,-0.77,-0.89,-0.71,-0.77,-0.72,-0.71,-0.67,-0.61,-0.54,-0.41,-0.51,-0.59,-0.77,-0.84,-0.62,-0.47,-0.59,-0.72,-0.41,-0.44,-0.20,-0.12,-0.21,-0.11,0.23,0.31,0.31,0.37,0.37,0.35,0.41,0.44,0.35,0.24
-0.02,-0.37,-0.41,-0.33,-0.41,-0.57,-0.73,-0.82,-0.97,-1.07,-0.93,-0.82,-0.84,-1.02,-1.19,-1.13,-1.03,-1.11,-1.11,-1.04,-1.13,-0.77,-0.89,-1.01,-1.08,-1.09,-0.96,-0.86,-0.81,-0.62,-0.77,-1.09,-1.01,-1.02,-0.81,-1.16,-1.23,-1.24,-1.38,-1.62,-1.99,-2.19,-2.27,-2.33,-2.24,-2.68,-2.90,-2.68,-2.82,-2.72,-2.86,-2.91,-2.85,-2.73,-2.67,-2.41,-2.12,-1.97,-1.72,-1.64,-1.65,-1.56,-1.62,-1.48,-1.37,-1.32,-1.18,-1.06,-1.22,-1.11,-1.24,-1.07,-1.07,-1.12,-1.11,-0.96,-0.84,-0.99,-1.01,-1.01,-1.13,-1.02,-1.01,-0.76,-0.89,-0.82,-0.93,-0.98,-0.94,-0.88,-0.92,-0.93,-0.96,-0.93,-1.07,-1.07,-1.35,-1.64,-1.65,-1.69,-1.72,-1.81,-2.00,-2.26,-2.18,-1.46,-0.57,-0.34,-0.54,-0.87,-1.09,-1.17,-0.74,-1.30,-0.78,-1.01,-1.04,-0.96,-0.83,-0.89,-0.98,-0.87,-0.86,-1.01,-0.97,-0.92,-0.92,-1.06,-1.02,-0.96,-0.84,-0.82,-0.86,-0.93,-0.97,-0.71,-1.04,-0.82,-0.87,-0.97,-0.87,-0.68,-0.63,-0.68,-0.53,-0.63,-0.51,-0.23,-0.05,-0.07,-0.18,-0.05,-0.05,-0.08,0.00,0.23,0.44,0.40,0.26,0.14
-0.13,-0.18,-0.52,-0.32,-0.34,-0.52,-0.72,-0.92,-1.21,-0.97,-0.82,-0.81,-0.87,-0.99,-1.16,-1.26,-1.18,-1.23,-1.12,-0.98,-1.01,-0.79,-0.96,-1.07,-1.03,-0.96,-0.84,-0.84,-0.88,-0.82,-0.93,-0.87,-0.98,-0.89,-0.79,-0.93,-1.07,-1.18,-1.33,-1.69,-2.23,-2.42,-2.68,-2.86,-2.41,-2.51,-2.82,-2.88,-2.72,-2.87,-2.70,-2.88,-2.95,-2.73,-2.54,-2.27,-1.99,-1.71,-1.50,-1.56,-1.53,-1.43,-1.48,-1.38,-1.41,-1.32,-1.21,-1.17,-1.16,-0.92,-1.21,-1.01,-1.02,-1.04,-1.03,-1.07,-0.67,-1.01,-1.02,-1.27,-1.22,-1.02,-1.14,-0.99,-1.09,-0.93,-0.96,-1.06,-0.98,-0.93,-1.02,-1.06,-0.97,-0.98,-1.17,-1.17,-1.37,-1.61,-1.59,-1.66,-1.75,-1.80,-1.91,-2.00,-1.75,-0.98,-0.37,-0.28,-0.49,-0.92,-1.12,-1.12,-0.96,-1.32,-1.11,-1.31,-1.17,-0.98,-0.92,-0.94,-1.02,-0.96,-0.96,-0.98,-1.03,-0.88,-0.91,-0.88,-1.08,-1.13,-0.96,-0.82,-0.78,-0.76,-0.84,-0.63,-0.98,-1.04,-1.08,-1.14,-0.91,-0.62,-0.68,-0.93,-1.12,-1.23,-1.17,-0.82,-0.41,-0.33,-0.33,-0.18,-0.16,-0.22,-0.21,-0.02,0.29,0.24,0.24,0.21
-0.15,-0.31,-0.36,-0.36,-0.52,-0.51,-0.52,-0.84,-1.12,-1.21,-1.33,-1.28,-1.18,-1.14,-1.13,-1.21,-1.18,-1.24,-1.08,-0.92,-1.01,-0.83,-1.07,-1.12,-0.94,-0.79,-0.79,-0.88,-0.96,-0.99,-1.02,-0.99,-1.17,-1.08,-0.74,-1.09,-1.22,-1.23,-1.23,-1.48,-1.97,-2.16,-2.33,-2.47,-2.47,-2.91,-2.95,-2.96,-2.92,-2.73,-2.64,-2.56,-2.51,-2.55,-2.39,-1.98,-1.72,-1.56,-1.40,-1.40,-1.37,-1.38,-1.42,-1.35,-1.38,-1.37,-1.30,-1.28,-1.13,-0.99,-1.40,-0.98,-1.17,-1.03,-1.01,-1.16,-0.88,-1.06,-1.23,-1.19,-1.40,-1.18,-1.19,-1.18,-1.16,-1.03,-1.11,-1.11,-1.13,-1.11,-1.17,-1.11,-1.07,-1.16,-1.21,-1.26,-1.42,-1.47,-1.52,-1.66,-1.64,-1.79,-1.91,-1.60,-1.40,-0.61,-0.42,-0.21,-0.64,-1.27,-1.40,-1.13,-1.16,-1.33,-1.32,-1.32,-1.22,-1.17,-1.18,-1.13,-1.11,-1.09,-1.11,-1.13,-1.22,-0.88,-0.99,-0.93,-1.04,-1.06,-0.92,-0.89,-0.92,-0.86,-0.99,-0.92,-1.01,-1.08,-0.94,-1.19,-1.21,-0.88,-0.79,-0.94,-1.09,-1.11,-1.11,-1.02,-0.74,-0.37,-0.23,-0.08,-0.29,-0.39,-0.27,-0.05,0.07,-0.01,0.04,0.18
-0.07,-0.31,-0.23,-0.54,-0.48,-0.53,-0.67,-0.78,-1.13,-0.97,-1.04,-1.02,-0.89,-0.81,-0.88,-1.12,-1.16,-1.30,-1.08,-0.88,-0.99,-0.82,-0.96,-1.09,-0.88,-0.68,-0.74,-0.87,-0.96,-0.96,-0.72,-1.02,-1.11,-1.02,-0.87,-1.14,-1.14,-1.09,-1.22,-1.59,-2.00,-2.18,-2.24,-2.36,-2.42,-2.50,-2.26,-2.40,-2.13,-2.13,-2.03,-1.78,-1.78,-1.81,-1.64,-1.37,-1.24,-1.26,-1.27,-1.32,-1.35,-1.33,-1.32,-1.30,-1.33,-1.28,-1.32,-1.14,-1.08,-1.07,-1.48,-1.07,-1.32,-1.11,-1.13,-1.23,-1.08,-1.21,-1.37,-1.04,-1.47,-1.32,-1.30,-1.36,-1.16,-1.06,-1.16,-1.13,-1.17,-1.02,-1.06,-0.99,-1.13,-1.23,-1.17,-1.18,-1.33,-1.43,-1.50,-1.65,-1.60,-1.70,-1.72,-0.98,-1.22,-0.51,-0.63,-0.34,-0.92,-1.37,-1.64,-1.26,-1.37,-1.35,-1.52,-1.45,-1.30,-1.40,-1.43,-1.28,-1.19,-1.16,-1.21,-1.23,-1.30,-1.08,-1.12,-1.07,-0.98,-0.96,-1.02,-1.04,-0.99,-0.96,-1.08,-1.13,-1.12,-1.21,-1.32,-1.37,-1.30,-1.13,-0.99,-1.08,-1.13,-1.16,-1.17,-1.01,-0.67,-0.48,-0.38,-0.21,-0.39,-0.53,-0.41,-0.22,-0.12,-0.17,-0.21,-0.07
0.00,-0.24,-0.34,-0.32,-0.28,-0.43,-0.54,-0.57,-0.81,-0.83,-0.98,-1.08,-1.11,-0.97,-0.67,-0.67,-0.83,-1.12,-0.99,-0.81,-0.87,-0.83,-0.81,-0.99,-0.79,-0.56,-0.67,-0.88,-0.97,-0.88,-0.67,-0.83,-0.96,-0.91,-0.82,-0.83,-0.93,-0.92,-0.93,-0.97,-1.01,-1.19,-1.43,-1.71,-2.12,-2.16,-1.70,-1.50,-1.52,-1.13,-1.02,-0.74,-0.81,-1.09,-1.09,-1.02,-1.06,-1.14,-1.31,-1.41,-1.35,-1.33,-1.32,-1.26,-1.38,-1.43,-1.37,-1.21,-1.14,-1.23,-1.40,-1.17,-1.33,-1.09,-1.37,-1.27,-1.17,-1.26,-1.36,-1.21,-1.50,-1.33,-1.38,-1.31,-1.13,-1.04,-1.18,-1.23,-1.16,-1.02,-1.03,-0.99,-1.17,-1.23,-1.13,-1.18,-1.32,-1.46,-1.52,-1.65,-1.65,-1.53,-1.41,-0.69,-1.08,-0.47,-0.78,-0.61,-1.14,-1.48,-1.56,-1.42,-1.60,-1.41,-1.59,-1.60,-1.47,-1.43,-1.43,-1.46,-1.46,-1.18,-1.28,-1.24,-1.56,-1.32,-1.27,-1.17,-1.21,-1.17,-1.03,-0.99,-1.11,-1.08,-1.22,-1.22,-1.26,-1.22,-1.19,-1.23,-1.24,-1.18,-1.12,-1.18,-1.50,-1.38,-1.21,-0.94,-0.63,-0.63,-0.56,-0.42,-0.52,-0.61,-0.52,-0.62,-0.36,-0.31,-0.31,-0.22
0.02,-0.16,-0.26,-0.23,-0.31,-0.39,-0.53,-0.71,-0.78,-0.79,-0.99,-1.06,-0.98,-0.87,-0.78,-0.58,-0.72,-0.97,-0.99,-0.92,-0.91,-0.82,-0.69,-0.67,-0.61,-0.51,-0.73,-0.89,-0.86,-0.74,-0.66,-0.78,-0.94,-0.61,-0.44,-0.37,-0.46,-0.29,-0.24,-0.42,-0.56,-0.72,-0.94,-1.01,-1.50,-1.42,-0.82,-0.66,-0.69,-0.74,-0.81,-0.46,-0.49,-0.63,-0.71,-0.77,-0.99,-1.19,-1.23,-1.21,-1.24,-1.35,-1.33,-1.50,-1.52,-1.60,-1.46,-1.35,-1.27,-1.35,-1.43,-1.30,-1.32,-1.18,-1.36,-1.27,-1.33,-1.42,-1.50,-1.38,-1.57,-1.47,-1.37,-1.19,-1.11,-1.11,-1.26,-1.35,-1.24,-1.17,-1.18,-1.18,-1.27,-1.23,-1.19,-1.23,-1.27,-1.43,-1.51,-1.55,-1.53,-1.37,-1.13,-0.88,-1.04,-0.58,-0.88,-0.74,-1.24,-1.50,-1.51,-1.70,-1.74,-1.74,-1.74,-1.51,-1.55,-1.62,-1.52,-1.56,-1.56,-1.35,-1.52,-1.42,-1.69,-1.47,-1.46,-1.38,-1.38,-1.21,-0.98,-1.02,-1.21,-1.02,-1.18,-1.16,-1.30,-1.26,-1.33,-1.37,-1.38,-1.45,-1.42,-1.23,-1.59,-1.52,-1.32,-1.07,-0.76,-0.88,-0.86,-0.69,-0.67,-0.72,-0.66,-0.81,-0.58,-0.49,-0.34,-0.23
0.13,-0.02,-0.01,-0.18,-0.24,-0.28,-0.41,-0.61,-0.79,-0.76,-0.83,-0.87,-0.87,-0.82,-0.67,-0.73,-1.01,-1.23,-1.06,-0.78,-0.66,-0.67,-0.59,-0.52,-0.58,-0.62,-0.81,-0.84,-0.74,-0.64,-0.57,-0.72,-0.68,-0.46,-0.20,-0.08,-0.20,0.08,0.26,0.09,-0.03,0.03,-0.12,-0.31,-0.86,-0.71,-0.43,-0.16,-0.36,-0.51,-0.34,-0.10,-0.32,-0.31,-0.22,-0.21,-0.43,-0.73,-0.81,-0.89,-1.16,-1.31,-1.45,-1.70,-1.76,-1.51,-1.56,-1.30,-1.30,-1.19,-1.46,-1.40,-1.45,-1.27,-1.12,-1.14,-1.28,-1.50,-1.56,-1.45,-1.56,-1.47,-1.28,-1.02,-1.03,-1.17,-1.35,-1.33,-1.31,-1.21,-1.16,-1.13,-1.16,-1.14,-1.17,-1.17,-1.17,-1.40,-1.45,-1.32,-1.38,-1.28,-1.03,-0.94,-0.92,-0.77,-0.89,-0.81,-1.27,-1.48,-1.38,-1.42,-1.62,-1.70,-1.86,-1.85,-1.71,-1.66,-1.71,-1.70,-1.59,-1.50,-1.71,-1.38,-1.65,-1.27,-1.35,-1.47,-1.51,-1.41,-1.24,-1.22,-1.22,-1.18,-1.46,-1.45,-1.31,-1.32,-1.37,-1.37,-1.37,-1.41,-1.40,-1.48,-1.61,-1.51,-1.40,-1.32,-1.07,-1.01,-1.09,-0.96,-0.83,-0.82,-0.87,-0.72,-0.63,-0.57,-0.51,-0.49
0.28,0.08,0.16,-0.07,-0.11,-0.17,-0.23,-0.37,-0.56,-0.51,-0.79,-0.87,-0.87,-0.76,-0.61,-0.77,-1.07,-1.08,-0.87,-0.54,-0.39,-0.52,-0.48,-0.46,-0.62,-0.63,-0.68,-0.78,-0.74,-0.57,-0.41,-0.44,-0.32,-0.22,-0.01,0.14,0.10,0.23,0.32,0.24,0.15,0.16,0.14,-0.23,-0.78,-0.49,-0.05,0.05,-0.21,-0.27,0.02,0.13,0.18,0.16,0.19,0.29,0.07,-0.27,-0.42,-0.48,-0.72,-1.21,-1.33,-1.47,-1.60,-1.33,-1.50,-1.33,-1.19,-1.32,-1.55,-1.46,-1.41,-1.16,-1.14,-1.12,-1.17,-1.38,-1.46,-1.45,-1.57,-1.47,-1.37,-1.04,-1.04,-1.14,-1.33,-1.23,-1.35,-1.24,-1.11,-1.06,-1.08,-1.03,-1.06,-1.08,-1.08,-1.23,-1.30,-1.28,-1.32,-1.22,-1.16,-1.09,-0.89,-0.93,-0.98,-0.84,-1.23,-1.33,-1.45,-1.26,-1.72,-1.84,-1.93,-1.88,-1.93,-1.93,-1.80,-1.80,-1.67,-1.40,-1.78,-1.70,-1.89,-1.67,-1.59,-1.59,-1.61,-1.62,-1.51,-1.24,-1.19,-1.50,-1.52,-1.48,-1.42,-1.42,-1.42,-1.46,-1.50,-1.41,-1.26,-1.47,-1.52,-1.46,-1.41,-1.45,-1.40,-0.96,-1.01,-0.99,-0.98,-0.98,-0.89,-0.69,-0.79,-0.76,-0.61,-0.49
0.31,0.15,0.30,0.00,0.03,-0.06,-0.12,-0.27,-0.44,-0.52,-0.57,-0.74,-0.81,-0.73,-0.67,-0.64,-0.74,-0.93,-0.79,-0.63,-0.48,-0.33,-0.43,-0.43,-0.44,-0.48,-0.59,-0.61,-0.53,-0.31,-0.12,-0.22,-0.28,0.00,0.10,0.29,0.26,0.35,0.24,0.21,0.26,0.28,0.34,0.10,-0.62,-0.37,-0.10,-0.11,-0.01,0.21,0.42,0.50,0.19,0.25,0.42,0.14,-0.23,-0.18,-0.10,-0.23,-0.57,-1.14,-1.59,-1.69,-1.71,-1.56,-1.45,-1.35,-1.30,-1.38,-1.43,-1.65,-1.57,-1.35,-1.37,-1.35,-1.30,-1.56,-1.47,-1.45,-1.69,-1.59,-1.45,-1.19,-1.13,-1.02,-1.21,-1.23,-1.37,-1.32,-1.18,-1.16,-1.19,-1.06,-0.98,-0.98,-0.98,-1.11,-1.18,-1.19,-1.27,-1.22,-1.27,-1.27,-1.12,-0.98,-0.93,-0.99,-1.22,-1.35,-1.47,-1.04,-1.43,-1.60,-1.56,-1.52,-1.71,-1.90,-1.79,-1.69,-1.60,-1.51,-1.76,-1.80,-1.97,-1.98,-1.67,-1.52,-1.59,-1.65,-1.52,-1.31,-1.24,-1.22,-1.59,-1.55,-1.50,-1.52,-1.59,-1.60,-1.55,-1.43,-1.43,-1.50,-1.51,-1.50,-1.42,-1.35,-1.46,-1.01,-1.08,-1.03,-0.91,-0.88,-0.93,-0.82,-0.57,-0.67,-0.78,-0.73
0.44,0.49,0.42,0.24,0.19,0.18,0.03,-0.16,-0.31,-0.46,-0.46,-0.61,-0.67,-0.68,-0.67,-0.67,-0.63,-0.84,-0.54,-0.53,-0.68,-0.62,-0.62,-0.46,-0.38,-0.59,-0.51,-0.62,-0.54,-0.33,-0.27,-0.28,-0.49,-0.24,-0.11,0.28,0.24,0.30,0.14,0.15,0.21,0.20,0.21,0.02,-0.29,-0.13,0.02,0.18,0.18,0.29,0.32,0.21,0.23,0.03,-0.08,-0.22,-0.48,-0.63,-0.74,-0.79,-0.73,-0.98,-1.46,-1.57,-1.72,-1.72,-1.41,-1.47,-1.48,-1.61,-1.37,-1.75,-1.69,-1.46,-1.32,-1.31,-1.43,-1.62,-1.55,-1.59,-1.59,-1.38,-1.18,-1.01,-1.08,-0.94,-1.19,-1.30,-1.30,-1.22,-1.06,-0.93,-1.01,-1.04,-0.91,-0.89,-1.07,-1.21,-1.18,-1.13,-1.19,-1.33,-1.45,-1.30,-1.38,-1.12,-1.21,-0.88,-0.98,-1.22,-1.27,-0.97,-1.33,-1.50,-1.69,-1.78,-1.83,-1.79,-1.72,-1.94,-1.81,-1.83,-2.14,-1.99,-2.19,-2.07,-1.84,-1.70,-1.69,-1.65,-1.60,-1.69,-1.57,-1.43,-1.48,-1.62,-1.59,-1.57,-1.61,-1.59,-1.51,-1.55,-1.53,-1.70,-1.69,-1.67,-1.56,-1.27,-1.27,-1.14,-1.08,-1.04,-1.07,-1.09,-0.79,-0.78,-0.74,-0.71,-0.68,-0.63
0.14,0.24,0.49,0.41,0.23,0.31,0.19,0.07,-0.01,-0.23,-0.49,-0.52,-0.57,-0.59,-0.64,-0.78,-0.96,-0.74,-0.68,-0.69,-0.63,-0.52,-0.44,-0.47,-0.44,-0.72,-0.59,-0.61,-0.44,-0.29,-0.38,-0.56,-0.91,-0.74,-0.64,-0.05,0.20,0.26,0.14,0.07,0.05,0.05,-0.16,-0.51,-0.46,-0.20,-0.07,0.23,0.37,0.11,0.30,0.19,0.08,-0.31,-0.58,-0.74,-0.92,-1.02,-1.26,-1.45,-1.35,-1.47,-1.71,-1.74,-1.62,-1.71,-1.48,-1.45,-1.43,-1.65,-1.72,-1.52,-1.59,-1.56,-1.56,-1.53,-1.47,-1.45,-1.40,-1.57,-1.51,-1.38,-1.19,-1.11,-1.06,-1.06,-1.16,-1.31,-1.35,-1.18,-1.01,-0.92,-0.98,-1.03,-0.86,-0.78,-0.99,-1.07,-0.99,-1.12,-1.19,-1.01,-1.22,-1.18,-1.32,-1.24,-1.30,-0.98,-1.12,-1.28,-1.60,-1.11,-1.57,-1.67,-1.60,-1.65,-1.72,-1.76,-1.64,-1.65,-1.75,-1.74,-1.88,-1.79,-1.84,-1.95,-1.89,-1.86,-1.78,-1.61,-1.57,-1.66,-1.79,-1.62,-1.59,-1.66,-1.74,-1.71,-1.70,-1.67,-1.59,-1.74,-1.43,-1.69,-1.72,-1.75,-1.84,-1.53,-1.43,-1.22,-1.17,-1.16,-1.02,-0.87,-0.94,-0.74,-0.86,-0.87,-0.69,-0.58
-0.15,0.05,0.20,-0.10,0.36,0.21,0.20,0.19,0.11,-0.10,-0.28,-0.48,-0.47,-0.48,-0.64,-0.81,-0.89,-0.58,-0.69,-0.54,-0.44,-0.51,-0.42,-0.39,-0.43,-0.72,-0.68,-0.39,-0.21,-0.49,-0.94,-1.30,-1.60,-1.14,-1.27,-0.49,-0.10,0.05,-0.07,-0.39,-0.54,-0.56,-0.59,-0.68,-0.62,-0.22,-0.07,0.35,0.29,0.39,0.39,0.25,0.13,-0.21,-0.48,-0.69,-0.88,-0.97,-1.01,-1.26,-1.42,-1.51,-1.83,-1.65,-1.60,-1.52,-1.47,-1.38,-1.43,-1.52,-1.56,-1.36,-1.31,-1.42,-1.65,-1.33,-1.35,-1.28,-1.22,-1.17,-1.30,-1.21,-1.23,-1.17,-1.07,-1.09,-1.18,-1.36,-1.33,-1.18,-1.19,-1.17,-1.11,-1.08,-0.98,-0.94,-1.01,-0.99,-1.06,-1.22,-1.30,-1.11,-1.07,-1.13,-1.33,-1.48,-1.51,-1.30,-1.31,-1.24,-1.66,-1.37,-1.30,-1.52,-1.79,-1.80,-1.84,-1.97,-1.79,-1.71,-1.88,-1.67,-1.93,-1.79,-1.76,-1.88,-1.90,-1.86,-1.85,-1.79,-1.69,-1.69,-1.84,-1.56,-1.67,-1.69,-1.84,-1.90,-1.85,-1.86,-1.78,-1.75,-1.52,-1.70,-1.70,-1.66,-1.79,-1.64,-1.27,-1.31,-1.27,-1.16,-1.02,-0.98,-0.93,-0.88,-0.96,-1.03,-0.97,-0.81
-0.26,-0.27,-0.37,-0.41,0.00,0.32,0.24,0.24,0.30,0.23,0.02,-0.32,-0.24,-0.32,-0.56,-0.72,-0.72,-0.71,-0.62,-0.57,-0.48,-0.44,-0.59,-0.72,-0.76,-0.69,-0.51,-0.38,-0.57,-0.92,-1.37,-1.84,-1.98,-1.71,-1.36,-0.79,-0.89,-0.76,-0.87,-1.19,-1.35,-1.17,-0.82,-0.58,-0.41,0.00,-0.03,0.39,0.18,0.34,0.67,0.50,0.20,-0.10,-0.26,-0.41,-0.72,-0.92,-1.16,-1.51,-1.57,-1.52,-1.50,-1.45,-1.57,-1.40,-1.56,-1.51,-1.60,-1.48,-1.56,-1.71,-1.62,-1.62,-1.70,-1.40,-1.07,-0.92,-1.02,-1.23,-1.12,-1.11,-1.22,-1.18,-1.19,-1.23,-1.19,-1.22,-1.14,-1.07,-1.07,-1.14,-1.08,-0.99,-1.04,-0.97,-0.97,-1.13,-1.06,-1.22,-1.35,-1.35,-1.30,-1.36,-1.47,-1.32,-1.37,-1.17,-1.32,-1.35,-1.26,-1.16,-1.50,-1.57,-1.62,-1.75,-1.80,-1.86,-1.61,-1.66,-1.84,-1.59,-1.72,-1.78,-1.89,-1.93,-1.98,-1.90,-1.86,-1.98,-1.80,-1.89,-1.80,-1.60,-1.80,-1.78,-1.83,-1.93,-1.85,-1.66,-2.00,-1.78,-1.76,-1.74,-1.66,-1.65,-1.75,-1.51,-1.38,-1.38,-1.38,-1.33,-1.24,-1.21,-0.96,-0.99,-1.13,-1.12,-0.99,-1.09
-0.47,-0.56,-0.67,-0.57,0.03,0.03,0.18,0.07,-0.08,0.08,0.04,0.07,-0.02,-0.15,-0.39,-0.67,-0.79,-0.82,-0.64,-0.59,-0.56,-0.72,-1.07,-1.23,-0.99,-0.92,-0.77,-1.01,-1.26,-1.56,-1.93,-2.17,-2.19,-1.91,-1.61,-1.12,-1.78,-1.64,-1.70,-1.66,-1.57,-1.30,-0.82,-0.46,-0.15,0.23,0.18,0.57,0.28,0.45,0.67,0.44,0.10,-0.01,-0.02,0.04,-0.10,-0.43,-0.76,-1.09,-1.37,-1.38,-1.38,-1.46,-1.41,-1.31,-1.37,-1.45,-1.48,-1.45,-1.42,-1.32,-1.37,-1.35,-1.57,-1.27,-1.17,-0.83,-1.02,-1.16,-1.23,-1.22,-1.23,-1.16,-1.41,-1.41,-1.26,-1.33,-1.24,-1.18,-1.12,-1.14,-1.18,-1.07,-1.12,-1.06,-0.92,-1.31,-1.33,-0.96,-1.35,-1.48,-1.40,-1.37,-1.72,-1.53,-1.50,-1.28,-1.48,-1.33,-1.45,-1.22,-1.51,-1.71,-1.64,-1.61,-1.72,-1.90,-1.67,-1.75,-1.88,-1.70,-1.75,-1.80,-1.91,-1.89,-2.00,-1.99,-1.83,-1.99,-1.98,-2.03,-1.81,-1.79,-2.08,-2.03,-1.88,-1.90,-1.95,-1.72,-1.86,-1.80,-1.74,-1.67,-1.70,-1.76,-1.72,-1.66,-1.48,-1.28,-1.26,-1.31,-1.28,-1.26,-1.17,-1.17,-1.18,-1.16,-1.04,-1.22
-0.49,-0.36,-0.22,-0.12,0.00,0.25,0.05,0.09,0.23,0.20,0.14,0.25,0.04,-0.13,-0.33,-0.57,-0.84,-0.89,-0.94,-0.96,-1.06,-1.43,-1.95,-2.10,-1.78,-1.89,-1.53,-1.75,-2.09,-2.23,-2.40,-2.55,-2.41,-2.35,-2.13,-2.17,-2.64,-2.49,-2.24,-1.94,-1.80,-1.56,-0.94,-0.34,-0.13,0.28,0.40,0.62,0.51,0.68,0.66,0.53,0.11,-0.11,-0.02,0.19,-0.13,-0.37,-0.69,-1.17,-1.38,-1.45,-1.41,-1.33,-1.45,-1.51,-1.37,-1.27,-1.40,-1.37,-1.65,-1.33,-1.67,-1.37,-1.65,-1.09,-1.07,-1.07,-0.97,-1.32,-1.26,-1.30,-1.26,-1.13,-1.24,-1.14,-1.03,-1.23,-1.42,-1.18,-1.03,-0.99,-0.96,-1.09,-1.17,-1.17,-1.16,-1.30,-1.21,-1.03,-1.31,-1.42,-1.47,-1.40,-1.45,-1.56,-1.33,-1.13,-1.26,-1.30,-1.38,-1.33,-1.36,-1.47,-1.65,-1.69,-1.57,-1.80,-1.71,-1.71,-1.86,-1.81,-1.79,-1.80,-1.93,-1.93,-2.03,-2.09,-1.93,-2.05,-2.23,-2.03,-1.97,-1.93,-1.99,-1.98,-2.02,-2.09,-2.05,-1.97,-1.93,-1.98,-1.86,-1.85,-1.86,-1.79,-1.66,-1.57,-1.64,-1.56,-1.46,-1.38,-1.30,-1.27,-1.18,-1.19,-1.19,-1.17,-1.22,-1.24
-0.64,-0.26,-0.01,0.04,0.25,0.18,-0.03,0.18,0.29,0.03,-0.27,-0.20,-0.13,-0.32,-0.37,-0.39,-0.86,-1.27,-1.38,-1.46,-1.69,-2.24,-2.72,-2.58,-2.27,-2.65,-2.24,-2.22,-2.49,-2.74,-2.82,-2.79,-2.76,-2.72,-3.35,-3.05,-3.31,-2.91,-2.40,-2.22,-2.13,-2.04,-1.36,-0.57,-0.22,0.25,0.41,0.58,0.62,0.66,0.60,0.46,0.16,-0.27,-0.24,-0.12,-0.43,-0.67,-0.87,-1.19,-1.36,-1.43,-1.47,-1.36,-1.45,-1.36,-1.33,-1.21,-1.32,-1.30,-1.24,-1.03,-1.26,-1.24,-1.47,-1.13,-0.87,-0.93,-1.22,-1.18,-1.07,-1.09,-1.08,-1.30,-1.18,-1.02,-0.86,-1.09,-1.17,-1.14,-1.14,-0.98,-0.92,-1.07,-1.23,-1.18,-1.12,-1.12,-1.18,-1.16,-1.12,-1.31,-1.45,-1.50,-1.26,-1.35,-1.21,-1.37,-1.23,-1.30,-1.40,-1.22,-1.33,-1.59,-1.69,-1.67,-1.62,-1.75,-1.69,-2.03,-1.89,-1.80,-1.76,-1.79,-1.86,-1.95,-2.07,-2.16,-2.14,-2.16,-2.16,-1.94,-2.02,-1.81,-1.95,-2.07,-2.22,-2.30,-1.88,-2.17,-2.08,-2.03,-2.04,-1.89,-1.81,-1.93,-1.84,-1.74,-1.57,-1.62,-1.61,-1.41,-1.22,-1.41,-1.21,-1.12,-1.21,-1.31,-1.24,-1.28
-0.72,-0.39,-0.18,0.07,0.31,0.11,0.11,0.14,-0.01,-0.16,-0.05,-0.10,-0.13,-0.52,-0.48,-0.54,-1.11,-1.45,-1.56,-1.64,-2.04,-2.60,-2.90,-2.77,-2.59,-3.01,-2.67,-2.60,-2.77,-2.76,-2.68,-2.70,-2.83,-3.09,-3.33,-2.94,-2.95,-2.59,-2.32,-2.28,-2.07,-1.84,-1.56,-1.02,-0.24,0.31,0.44,0.63,0.51,0.50,0.39,0.13,-0.06,-0.38,-0.52,-0.69,-0.94,-1.06,-1.13,-1.38,-1.43,-1.33,-1.36,-1.35,-1.42,-1.35,-1.42,-1.38,-1.19,-1.30,-1.27,-1.46,-1.47,-1.42,-1.24,-0.94,-0.98,-1.26,-1.19,-1.13,-1.43,-1.36,-1.31,-1.53,-1.28,-1.09,-1.01,-1.22,-1.41,-1.27,-1.03,-0.99,-1.06,-1.19,-1.28,-1.24,-1.19,-1.22,-1.11,-1.18,-1.08,-1.41,-1.23,-1.36,-1.12,-1.27,-1.17,-1.26,-1.24,-1.48,-1.46,-1.27,-1.33,-1.55,-1.62,-1.62,-1.75,-1.86,-1.74,-2.13,-1.86,-1.74,-1.76,-1.84,-1.84,-1.93,-2.03,-2.08,-2.12,-1.98,-2.00,-2.10,-2.18,-1.93,-1.86,-1.98,-2.05,-2.08,-2.02,-1.93,-2.23,-2.19,-2.14,-2.00,-1.90,-2.04,-1.89,-1.76,-1.62,-1.51,-1.51,-1.45,-1.19,-1.45,-1.31,-1.21,-1.28,-1.50,-1.55,-1.46
-0.49,-0.56,-0.43,-0.21,0.00,-0.18,-0.18,-0.23,-0.33,-0.39,-0.33,-0.24,-0.63,-0.73,-0.78,-1.06,-1.46,-1.80,-1.85,-2.26,-2.41,-2.55,-2.73,-2.73,-2.62,-2.79,-2.69,-2.70,-2.90,-2.81,-2.76,-2.79,-2.81,-2.85,-2.95,-2.40,-2.44,-2.09,-1.93,-1.84,-1.88,-1.94,-1.78,-1.12,-0.12,0.44,0.44,0.55,0.32,0.35,0.29,-0.13,-0.49,-0.66,-0.89,-1.16,-1.30,-1.27,-1.26,-1.56,-1.51,-1.26,-1.38,-1.37,-1.33,-1.41,-1.46,-1.46,-1.40,-1.28,-1.13,-1.31,-1.41,-1.28,-1.31,-1.37,-1.28,-1.50,-1.41,-1.32,-1.60,-1.45,-1.32,-1.50,-1.42,-1.33,-1.14,-1.28,-1.36,-1.08,-0.97,-1.02,-1.08,-1.22,-1.27,-1.33,-1.30,-1.28,-1.11,-1.17,-1.08,-1.30,-1.28,-1.23,-1.19,-1.32,-1.07,-1.06,-1.24,-1.45,-1.37,-1.31,-1.42,-1.57,-1.71,-1.70,-1.71,-1.89,-1.86,-1.90,-1.88,-1.84,-1.76,-1.81,-1.94,-2.04,-2.14,-2.21,-2.00,-2.00,-2.33,-2.21,-2.14,-1.83,-1.84,-1.97,-1.98,-2.08,-2.24,-2.16,-2.16,-2.09,-1.91,-1.79,-1.81,-2.04,-1.83,-1.69,-1.71,-1.59,-1.48,-1.60,-1.38,-1.43,-1.26,-1.32,-1.55,-1.53,-1.50,-1.61
-1.04,-0.94,-1.01,-0.99,-0.88,-1.03,-1.07,-0.99,-0.87,-0.86,-0.94,-0.93,-1.28,-1.13,-1.14,-1.33,-1.67,-2.18,-2.12,-2.37,-2.30,-2.23,-2.23,-2.23,-2.19,-2.18,-2.27,-2.35,-2.54,-2.51,-2.33,-2.32,-2.33,-2.24,-2.39,-2.27,-2.17,-1.99,-1.78,-1.57,-1.56,-1.41,-1.23,-0.71,0.10,0.47,0.42,0.53,0.37,0.34,0.36,-0.12,-0.58,-0.72,-0.98,-1.22,-1.27,-1.18,-1.21,-1.45,-1.45,-1.35,-1.43,-1.38,-1.32,-1.35,-1.32,-1.35,-1.32,-1.40,-1.45,-1.45,-1.53,-1.55,-1.37,-1.33,-1.40,-1.53,-1.42,-1.37,-1.41,-1.33,-1.13,-1.24,-1.21,-1.12,-1.07,-1.22,-1.28,-1.11,-0.96,-0.84,-0.84,-0.98,-1.03,-1.30,-1.38,-1.43,-1.43,-1.08,-1.30,-1.22,-1.08,-1.07,-0.87,-1.12,-0.99,-0.84,-1.13,-1.26,-1.18,-1.19,-1.36,-1.56,-1.67,-1.61,-1.46,-1.74,-1.81,-1.91,-1.97,-1.99,-1.83,-1.86,-2.00,-2.03,-2.03,-2.26,-2.13,-2.21,-2.02,-2.17,-2.08,-2.07,-2.10,-2.16,-2.26,-2.39,-2.21,-2.16,-2.14,-2.07,-2.03,-1.94,-1.84,-2.02,-1.84,-1.79,-1.70,-1.70,-1.69,-1.61,-1.50,-1.65,-1.71,-1.60,-1.43,-1.48,-1.40,-1.37
-1.88,-1.90,-1.98,-2.03,-2.00,-2.03,-2.07,-1.98,-1.74,-1.67,-1.84,-1.86,-2.09,-1.89,-1.66,-1.78,-1.91,-1.66,-1.84,-1.89,-1.51,-1.32,-1.66,-1.97,-1.78,-1.46,-1.59,-1.86,-2.00,-2.02,-1.89,-1.94,-1.90,-1.80,-1.99,-1.99,-1.89,-1.75,-1.76,-1.57,-1.33,-0.94,-0.54,-0.07,0.40,0.56,0.46,0.61,0.55,0.60,0.53,0.31,-0.24,-0.36,-0.74,-1.06,-1.17,-1.12,-1.18,-1.26,-1.27,-1.35,-1.38,-1.26,-1.28,-1.27,-1.24,-1.26,-1.35,-1.37,-1.61,-1.48,-1.55,-1.47,-1.18,-1.35,-1.37,-1.42,-1.32,-1.35,-1.52,-1.42,-1.03,-1.07,-1.07,-1.06,-1.01,-1.04,-1.06,-0.91,-0.74,-0.61,-0.64,-0.96,-1.01,-1.07,-1.22,-1.16,-1.18,-1.09,-1.30,-0.98,-0.87,-0.97,-0.82,-0.97,-0.94,-0.84,-1.08,-1.18,-1.18,-1.22,-1.36,-1.52,-1.53,-1.43,-1.22,-1.60,-1.64,-1.83,-1.79,-1.91,-1.93,-2.16,-2.22,-2.12,-2.27,-2.30,-2.16,-2.02,-2.04,-2.14,-2.12,-2.12,-2.18,-2.30,-2.41,-2.28,-2.09,-2.03,-2.05,-2.03,-2.04,-2.08,-1.98,-1.98,-1.97,-1.91,-1.70,-1.60,-1.71,-1.51,-1.57,-1.62,-1.67,-1.61,-1.55,-1.72,-1.55,-1.50
-2.64,-2.72,-2.88,-2.68,-2.50,-2.77,-2.74,-2.81,-2.59,-2.56,-2.70,-2.72,-2.56,-2.28,-1.98,-2.03,-2.05,-1.72,-1.51,-1.47,-1.32,-1.35,-1.21,-1.07,-1.03,-0.88,-1.17,-1.74,-1.86,-1.70,-1.71,-1.72,-1.55,-1.46,-1.59,-1.66,-1.69,-1.67,-1.64,-1.26,-1.30,-0.91,-0.05,0.46,0.55,0.60,0.67,0.78,0.89,0.80,0.65,0.62,-0.11,-0.42,-0.83,-1.18,-1.18,-1.22,-1.22,-1.27,-1.28,-1.32,-1.33,-1.24,-1.30,-1.32,-1.27,-1.26,-1.36,-1.37,-1.51,-1.37,-1.42,-1.35,-1.41,-1.43,-1.21,-1.08,-1.17,-1.47,-1.66,-1.46,-1.13,-0.93,-0.81,-0.92,-0.94,-1.01,-0.91,-0.72,-0.61,-0.49,-0.66,-0.96,-0.97,-1.02,-1.13,-1.03,-1.18,-1.12,-1.23,-0.93,-0.71,-0.88,-0.97,-0.94,-0.81,-0.86,-1.03,-1.18,-1.24,-1.24,-1.35,-1.53,-1.56,-1.46,-1.26,-1.65,-1.48,-1.53,-1.85,-2.05,-1.86,-1.74,-1.84,-1.94,-1.99,-1.95,-1.90,-1.95,-1.88,-2.03,-2.04,-2.05,-2.14,-2.31,-2.46,-2.14,-2.09,-1.98,-1.91,-1.93,-1.91,-1.91,-1.99,-1.93,-2.00,-1.80,-1.57,-1.64,-1.99,-1.48,-1.57,-1.52,-1.53,-1.51,-1.42,-1.57,-1.65,-1.64
-2.85,-3.28,-3.26,-3.12,-3.13,-3.24,-3.17,-3.05,-2.95,-3.01,-3.15,-3.10,-2.64,-2.30,-2.03,-1.91,-1.78,-1.56,-1.41,-1.32,-1.21,-1.28,-1.32,-1.24,-1.04,-1.01,-1.55,-1.97,-1.80,-1.51,-1.50,-1.53,-1.56,-1.51,-1.43,-1.62,-1.76,-1.75,-1.23,-1.32,-1.40,-0.86,0.19,0.65,0.71,0.82,0.85,0.92,0.66,1.05,0.80,0.47,-0.03,-0.79,-1.31,-1.24,-1.17,-1.27,-1.30,-1.37,-1.41,-1.36,-1.36,-1.33,-1.41,-1.46,-1.35,-1.31,-1.26,-1.31,-1.43,-1.32,-1.41,-1.41,-1.45,-1.22,-0.98,-1.01,-1.11,-1.46,-1.55,-1.43,-1.14,-0.98,-0.81,-0.83,-0.97,-1.06,-0.91,-0.68,-0.66,-0.61,-0.62,-0.92,-0.96,-0.97,-1.07,-1.08,-1.11,-1.27,-1.19,-0.84,-0.67,-0.76,-0.84,-0.88,-0.76,-0.89,-0.99,-1.11,-1.21,-1.13,-1.12,-1.36,-1.47,-1.52,-1.26,-1.53,-1.47,-1.65,-1.69,-2.04,-2.04,-1.80,-1.81,-1.98,-2.07,-2.14,-2.00,-1.78,-1.89,-1.86,-1.98,-2.07,-2.16,-2.35,-2.39,-2.03,-2.10,-1.98,-1.89,-1.97,-1.97,-1.90,-2.08,-2.02,-1.91,-1.69,-1.57,-1.62,-1.69,-1.43,-1.57,-1.53,-1.51,-1.57,-1.61,-1.65,-1.69,-1.62
-2.86,-3.24,-3.03,-2.91,-2.99,-3.06,-3.04,-3.30,-3.05,-2.95,-2.95,-2.86,-2.39,-2.10,-1.85,-1.65,-1.48,-1.37,-1.45,-1.40,-1.38,-1.47,-1.50,-1.36,-1.16,-1.23,-1.50,-1.51,-1.70,-1.52,-1.50,-1.78,-1.99,-1.83,-1.64,-1.80,-1.88,-1.75,-1.16,-1.45,-1.33,-0.44,0.32,0.57,0.69,0.68,0.62,0.90,0.71,0.57,0.51,0.28,-0.37,-1.16,-1.71,-1.48,-1.23,-1.37,-1.42,-1.24,-1.21,-1.28,-1.33,-1.36,-1.43,-1.55,-1.42,-1.22,-1.07,-1.21,-1.40,-1.43,-1.41,-1.38,-1.16,-0.99,-0.86,-0.92,-1.06,-1.19,-1.28,-1.11,-0.98,-0.96,-0.84,-0.79,-0.92,-1.06,-0.99,-0.81,-0.82,-0.79,-0.64,-0.78,-0.78,-0.74,-0.84,-1.02,-0.92,-1.13,-1.17,-0.77,-0.64,-0.57,-0.63,-0.81,-0.87,-0.98,-1.07,-1.01,-1.12,-1.14,-1.03,-1.28,-1.36,-1.46,-1.50,-1.71,-1.62,-1.83,-1.78,-1.95,-1.91,-1.72,-1.80,-1.98,-2.08,-2.07,-1.97,-1.86,-1.95,-1.94,-2.00,-2.12,-2.19,-2.32,-2.28,-2.05,-2.17,-1.98,-1.91,-2.07,-2.19,-2.09,-2.28,-2.05,-1.97,-1.86,-1.83,-1.88,-1.80,-1.86,-1.75,-1.75,-1.72,-1.62,-1.62,-1.65,-1.65,-1.62
-2.64,-2.70,-2.49,-2.62,-2.70,-2.74,-2.95,-2.56,-2.72,-2.45,-2.26,-2.16,-1.83,-1.79,-1.52,-1.48,-1.41,-1.35,-1.50,-1.59,-1.30,-1.24,-1.48,-1.50,-1.41,-1.47,-1.65,-1.61,-1.59,-1.56,-1.69,-1.95,-1.98,-1.80,-1.78,-1.83,-1.72,-1.62,-1.33,-1.57,-1.14,0.08,0.63,0.62,0.73,0.69,0.47,0.69,0.58,0.40,0.07,-0.22,-0.99,-1.42,-1.75,-1.43,-1.38,-1.45,-1.38,-1.31,-1.22,-1.13,-1.22,-1.31,-1.37,-1.50,-1.35,-1.03,-0.89,-1.17,-1.30,-1.43,-1.16,-1.13,-0.93,-0.98,-0.88,-0.84,-1.03,-1.07,-1.02,-0.84,-0.91,-0.92,-0.76,-0.78,-0.93,-1.04,-1.03,-0.93,-0.89,-0.82,-0.79,-0.76,-0.59,-0.46,-0.59,-0.83,-0.84,-0.71,-1.08,-0.82,-0.59,-0.48,-0.68,-0.84,-0.88,-0.88,-1.01,-1.03,-0.97,-1.01,-0.99,-1.35,-1.26,-1.31,-1.32,-1.37,-1.41,-1.60,-1.48,-1.71,-1.79,-1.66,-1.76,-1.88,-2.02,-1.84,-1.71,-1.79,-1.93,-1.98,-2.02,-2.04,-2.05,-2.13,-2.07,-2.05,-2.22,-1.97,-1.93,-1.98,-1.93,-1.98,-2.16,-2.03,-1.90,-1.88,-1.99,-2.14,-1.93,-1.88,-1.78,-1.81,-1.85,-1.66,-1.66,-1.61,-1.60,-1.67
-2.00,-2.03,-2.08,-2.08,-2.03,-2.10,-2.21,-1.81,-1.91,-1.95,-1.75,-1.48,-1.46,-1.37,-1.17,-1.31,-1.35,-1.35,-1.46,-1.69,-1.31,-1.28,-1.36,-1.38,-1.43,-1.50,-1.52,-1.78,-1.75,-1.76,-1.72,-1.65,-1.71,-1.70,-1.70,-1.74,-1.59,-1.47,-1.56,-1.61,-0.99,0.14,0.68,0.63,0.60,0.47,0.29,0.39,0.39,0.23,-0.05,-0.15,-0.88,-1.13,-1.21,-1.35,-1.51,-1.30,-1.19,-1.12,-1.08,-1.19,-1.36,-1.42,-1.36,-1.31,-1.28,-1.09,-1.06,-1.04,-1.23,-1.16,-0.93,-0.96,-0.92,-1.02,-0.98,-0.97,-1.09,-1.09,-0.98,-0.91,-0.94,-0.89,-0.71,-0.78,-1.01,-1.06,-0.99,-0.91,-0.82,-0.77,-0.79,-0.79,-0.58,-0.28,-0.43,-0.62,-0.56,-0.57,-0.94,-0.77,-0.76,-0.76,-0.83,-0.83,-0.84,-0.87,-1.07,-1.14,-1.03,-1.11,-1.11,-1.23,-1.59,-1.31,-1.01,-1.43,-1.53,-1.60,-1.46,-1.66,-1.89,-1.79,-1.81,-1.86,-1.89,-1.79,-1.70,-1.64,-1.90,-2.03,-1.95,-1.86,-1.81,-1.80,-1.84,-1.72,-1.76,-1.71,-1.80,-1.93,-1.97,-1.89,-1.99,-2.00,-1.97,-2.00,-2.07,-1.98,-1.93,-1.69,-1.74,-1.83,-1.83,-1.72,-1.90,-1.75,-1.65,-1.71
-1.40,-1.60,-1.83,-1.62,-1.48,-1.48,-1.47,-1.24,-1.27,-1.23,-1.28,-1.28,-1.14,-1.03,-0.96,-0.99,-1.12,-1.21,-1.23,-1.46,-1.47,-1.36,-1.37,-1.41,-1.60,-1.67,-1.64,-2.00,-1.84,-1.89,-2.04,-1.99,-1.78,-1.79,-1.95,-2.02,-1.85,-1.50,-1.74,-1.38,-0.92,-0.02,0.55,0.63,0.61,0.55,0.44,0.41,0.37,0.34,0.08,-0.21,-0.59,-1.07,-1.36,-1.28,-1.32,-1.24,-0.96,-0.99,-1.01,-1.06,-1.55,-1.78,-1.50,-1.35,-1.17,-1.04,-1.07,-1.11,-1.23,-0.97,-0.88,-0.88,-0.93,-0.97,-0.99,-0.83,-0.96,-1.01,-1.06,-0.87,-0.82,-0.79,-0.64,-0.71,-0.93,-0.96,-0.89,-0.88,-0.77,-0.72,-0.64,-0.52,-0.36,-0.05,-0.10,-0.31,-0.18,-0.23,-0.76,-0.87,-0.79,-0.77,-0.82,-0.81,-0.74,-1.02,-1.28,-1.24,-1.17,-1.04,-1.19,-1.23,-1.33,-1.19,-1.22,-1.37,-1.47,-1.51,-1.56,-1.76,-1.97,-1.98,-1.95,-1.79,-1.93,-1.99,-1.88,-1.71,-1.93,-2.08,-1.94,-1.78,-1.86,-1.75,-1.84,-1.83,-2.08,-1.98,-1.84,-1.88,-1.94,-1.85,-1.94,-2.05,-1.99,-1.93,-1.97,-1.86,-2.03,-1.75,-1.74,-1.83,-1.79,-1.90,-1.98,-1.85,-1.67,-1.70
-1.45,-1.48,-1.52,-1.32,-1.21,-1.16,-1.12,-1.02,-0.98,-0.94,-1.04,-1.12,-1.08,-0.97,-1.21,-0.96,-1.09,-1.13,-1.03,-1.14,-1.61,-1.48,-1.53,-1.50,-1.65,-1.74,-1.78,-1.98,-2.07,-1.79,-1.93,-1.99,-1.97,-1.79,-1.72,-1.69,-1.51,-1.38,-1.43,-1.24,-0.77,0.05,0.56,0.63,0.69,0.69,0.58,0.53,0.51,0.45,0.23,0.07,-0.08,-0.57,-1.01,-1.14,-1.06,-0.96,-1.11,-1.13,-1.18,-1.18,-1.27,-1.43,-1.30,-1.09,-1.08,-0.79,-0.97,-1.06,-1.04,-0.91,-0.66,-0.68,-0.42,-0.62,-0.71,-0.64,-0.68,-0.93,-0.91,-0.72,-0.68,-0.72,-0.68,-0.71,-0.84,-0.93,-0.96,-0.91,-0.71,-0.56,-0.53,-0.32,0.04,0.34,0.36,0.07,0.00,0.11,-0.32,-0.42,-0.34,-0.52,-0.54,-0.67,-0.82,-0.89,-1.06,-1.33,-1.43,-1.23,-1.17,-1.35,-1.57,-1.30,-1.42,-1.47,-1.47,-1.65,-1.70,-1.79,-1.98,-2.00,-1.94,-1.69,-2.04,-2.05,-1.94,-1.98,-2.00,-1.94,-1.88,-1.95,-2.03,-2.10,-2.18,-2.13,-1.94,-1.91,-1.91,-1.91,-1.94,-1.88,-1.90,-2.03,-2.05,-1.98,-1.94,-1.91,-2.08,-1.95,-1.83,-1.78,-1.78,-1.95,-1.97,-2.00,-2.02,-1.98
-1.61,-1.37,-1.07,-1.02,-1.12,-1.16,-1.04,-0.97,-1.03,-0.97,-1.07,-1.14,-1.01,-0.69,-0.63,-0.66,-0.76,-0.87,-1.08,-1.40,-1.71,-1.78,-1.72,-1.64,-1.64,-1.71,-1.89,-2.08,-2.13,-1.88,-1.88,-1.97,-2.03,-1.90,-1.76,-1.70,-1.64,-1.37,-1.28,-1.08,-0.69,0.00,0.62,0.63,0.72,0.73,0.66,0.71,0.76,0.57,0.36,0.20,0.14,-0.37,-0.57,-0.76,-0.84,-0.68,-0.89,-1.19,-1.30,-1.30,-1.26,-1.09,-0.93,-1.02,-1.04,-0.79,-0.82,-0.96,-0.88,-0.57,-0.62,-0.52,-0.10,-0.61,-0.49,-0.59,-0.64,-0.82,-0.82,-0.57,-0.66,-0.74,-0.68,-0.66,-0.67,-0.64,-0.61,-0.67,-0.57,-0.32,-0.36,-0.46,0.23,0.69,0.42,0.07,0.15,0.18,0.00,0.14,-0.07,-0.36,-0.29,-0.61,-0.79,-0.88,-1.04,-1.12,-1.19,-1.14,-1.17,-1.19,-1.57,-1.31,-1.33,-1.56,-1.59,-1.74,-1.78,-1.83,-2.00,-1.97,-1.84,-1.83,-2.03,-1.90,-1.85,-2.04,-2.02,-1.97,-2.07,-2.09,-1.99,-2.10,-1.98,-2.10,-2.03,-1.91,-1.90,-1.90,-1.81,-1.88,-1.94,-2.04,-2.10,-2.05,-2.05,-1.94,-1.81,-1.88,-1.93,-1.99,-2.12,-1.85,-1.85,-1.94,-1.99,-1.94
-1.24,-1.12,-1.17,-1.07,-1.28,-1.21,-0.97,-0.87,-0.97,-0.91,-0.94,-0.88,-0.74,-0.67,-0.47,-0.63,-0.77,-0.96,-1.19,-1.41,-1.47,-1.80,-1.78,-1.80,-1.71,-1.76,-2.00,-2.16,-2.04,-1.89,-2.03,-2.09,-1.91,-1.79,-1.74,-1.64,-1.40,-1.11,-1.14,-1.09,-0.98,-0.13,0.63,0.76,0.88,0.92,0.85,0.84,0.87,0.68,0.46,0.23,0.23,-0.26,-0.23,-0.29,-0.66,-0.72,-0.97,-1.21,-1.26,-1.21,-1.21,-1.16,-1.02,-0.88,-0.78,-0.69,-0.77,-0.71,-0.77,-0.53,-0.41,-0.38,-0.29,-0.38,-0.56,-0.53,-0.54,-0.61,-0.73,-0.59,-0.46,-0.42,-0.37,-0.31,-0.41,-0.44,-0.44,-0.54,-0.43,-0.29,-0.10,-0.06,0.28,0.60,0.42,0.26,0.13,0.32,0.36,0.23,0.23,-0.21,-0.56,-0.77,-0.86,-0.94,-1.06,-1.11,-1.19,-1.21,-1.17,-0.99,-1.37,-1.24,-1.31,-1.48,-1.56,-1.64,-1.71,-1.84,-2.05,-1.97,-1.89,-2.03,-2.04,-2.04,-2.00,-2.00,-2.07,-2.04,-1.95,-2.00,-1.79,-2.08,-2.00,-2.05,-2.05,-1.90,-1.84,-1.95,-1.86,-1.91,-1.95,-2.07,-2.12,-1.98,-1.91,-1.90,-1.81,-1.86,-1.88,-1.79,-1.84,-1.69,-1.83,-1.94,-1.89,-1.74
-1.36,-1.46,-1.19,-0.99,-1.22,-1.02,-0.78,-0.64,-0.56,-0.71,-0.69,-0.64,-0.59,-0.46,-0.34,-0.54,-0.74,-0.77,-0.91,-1.23,-1.47,-1.52,-1.70,-1.65,-1.72,-1.84,-1.97,-2.07,-1.98,-1.97,-2.13,-2.12,-1.88,-1.81,-1.78,-1.65,-1.32,-1.13,-1.46,-1.08,-0.53,0.04,0.68,0.95,0.99,0.96,0.85,0.72,0.72,0.67,0.30,0.21,0.11,-0.10,-0.20,-0.17,-0.52,-0.72,-0.87,-1.03,-1.13,-1.13,-1.13,-1.08,-1.03,-0.86,-0.67,-0.69,-0.48,-0.54,-0.66,-0.41,-0.39,-0.71,-0.42,-0.43,-0.47,-0.29,-0.46,-0.49,-0.47,-0.28,-0.36,-0.42,-0.31,-0.22,-0.29,-0.29,-0.24,-0.37,-0.43,-0.02,0.13,0.09,0.30,0.47,0.36,0.13,0.08,0.35,0.39,0.15,0.21,0.04,-0.23,-0.46,-0.64,-0.82,-0.96,-1.13,-1.27,-1.16,-1.14,-0.93,-1.23,-1.33,-1.35,-1.41,-1.52,-1.62,-1.64,-1.71,-2.00,-1.93,-2.03,-1.83,-1.90,-2.02,-1.95,-1.86,-1.91,-2.02,-2.00,-1.86,-1.71,-1.89,-2.02,-2.03,-2.02,-1.95,-1.89,-2.08,-2.10,-1.97,-1.95,-2.07,-2.14,-1.93,-1.61,-1.79,-1.93,-1.88,-1.84,-1.90,-1.76,-1.85,-1.78,-1.86,-1.93,-1.72
-1.23,-1.16,-0.97,-0.97,-0.97,-0.79,-0.76,-0.66,-0.34,-0.54,-0.57,-0.63,-0.52,-0.32,-0.23,-0.47,-0.51,-0.67,-0.89,-1.14,-1.51,-1.78,-1.98,-1.80,-1.88,-1.83,-1.86,-1.99,-2.09,-2.13,-2.12,-2.03,-1.91,-1.80,-1.74,-1.52,-1.14,-1.01,-1.21,-1.04,-0.77,0.31,0.93,0.79,0.93,0.80,0.66,0.56,0.56,0.53,0.04,0.04,-0.10,-0.18,-0.39,-0.39,-0.61,-0.72,-0.88,-0.98,-0.98,-1.01,-1.02,-0.89,-0.84,-0.78,-0.58,-0.63,-0.64,-0.62,-0.66,-0.51,-0.53,-0.59,-0.51,-0.62,-0.57,-0.62,-0.51,-0.46,-0.39,-0.36,-0.43,-0.38,-0.41,-0.38,-0.41,-0.56,-0.62,-0.62,-0.52,-0.18,0.02,0.13,0.36,0.31,0.04,0.20,0.10,0.42,0.37,0.45,0.50,0.08,-0.17,-0.24,-0.47,-0.74,-0.94,-1.14,-1.32,-1.08,-1.12,-0.97,-1.24,-1.47,-1.27,-1.38,-1.59,-1.70,-1.67,-1.61,-1.80,-1.72,-1.86,-1.69,-1.85,-1.93,-2.02,-1.94,-1.84,-1.99,-2.05,-1.91,-1.67,-1.84,-1.93,-1.95,-1.93,-1.95,-2.00,-2.12,-2.21,-1.95,-2.00,-2.24,-2.31,-2.08,-1.69,-1.75,-1.80,-1.85,-1.88,-1.83,-1.81,-1.76,-1.75,-1.78,-1.89,-1.93
-0.93,-0.79,-0.66,-0.64,-0.71,-0.58,-0.69,-0.76,-0.58,-0.59,-0.66,-0.57,-0.49,-0.32,-0.11,-0.43,-0.38,-0.51,-0.91,-1.35,-1.53,-1.74,-1.95,-1.89,-1.75,-1.83,-1.88,-1.98,-2.18,-2.17,-2.07,-1.98,-1.89,-1.64,-1.76,-1.62,-1.28,-1.07,-0.96,-0.84,-0.63,0.51,0.84,0.76,0.76,0.73,0.60,0.35,0.30,0.35,0.07,-0.08,-0.12,-0.52,-0.67,-0.78,-0.88,-0.76,-0.99,-1.02,-0.89,-0.87,-0.87,-0.69,-0.66,-0.68,-0.57,-0.59,-0.52,-0.44,-0.57,-0.53,-0.38,-0.41,-0.24,-0.52,-0.47,-0.39,-0.32,-0.52,-0.61,-0.58,-0.46,-0.24,-0.20,-0.31,-0.36,-0.41,-0.46,-0.31,-0.17,0.08,0.04,0.29,0.62,0.50,0.30,0.34,0.10,0.24,0.44,0.35,0.47,0.31,0.03,-0.13,-0.33,-0.66,-0.91,-1.09,-1.31,-1.02,-1.09,-0.93,-1.23,-1.47,-1.17,-1.28,-1.40,-1.27,-1.31,-1.43,-1.86,-1.66,-1.90,-1.80,-1.81,-1.98,-1.84,-1.72,-1.80,-1.81,-1.86,-1.83,-1.74,-1.91,-1.94,-1.90,-1.88,-1.86,-1.97,-1.99,-1.97,-1.86,-1.85,-1.94,-2.05,-2.16,-1.79,-1.80,-1.85,-1.84,-1.83,-1.93,-1.85,-1.69,-1.70,-1.79,-1.75,-2.07
-0.71,-0.59,-0.51,-0.49,-0.61,-0.58,-0.62,-0.56,-0.48,-0.67,-0.63,-0.48,-0.42,-0.15,0.09,-0.31,-0.29,-0.29,-0.92,-1.41,-1.43,-1.53,-1.69,-1.76,-2.03,-2.13,-1.90,-1.85,-2.00,-1.98,-1.97,-2.08,-1.64,-1.50,-1.78,-1.75,-1.41,-1.04,-0.77,-0.57,-0.15,0.74,0.66,0.72,0.62,0.49,0.42,0.23,0.08,0.04,-0.18,-0.46,-0.46,-0.77,-1.07,-1.06,-0.94,-0.82,-0.89,-0.93,-0.83,-0.79,-0.78,-0.63,-0.61,-0.62,-0.58,-0.58,-0.41,-0.47,-0.59,-0.54,-0.39,-0.36,-0.26,-0.49,-0.32,-0.36,-0.32,-0.52,-0.64,-0.56,-0.63,-0.46,-0.31,-0.34,-0.33,-0.33,-0.28,-0.16,-0.11,0.15,0.08,0.28,0.39,0.35,0.21,0.26,0.15,0.08,0.39,0.20,0.34,0.37,0.15,-0.05,-0.31,-0.67,-0.87,-1.04,-1.30,-0.96,-0.99,-0.86,-1.18,-1.37,-1.16,-1.18,-1.31,-1.21,-1.22,-1.42,-1.69,-1.46,-1.42,-1.38,-1.67,-1.85,-1.81,-1.74,-1.83,-1.80,-1.72,-1.71,-1.76,-1.91,-1.93,-1.91,-1.95,-1.84,-1.71,-1.91,-2.04,-2.10,-2.08,-2.08,-2.23,-2.26,-1.78,-1.78,-1.79,-1.74,-1.84,-2.04,-1.86,-1.72,-1.71,-1.81,-1.88,-1.89
-0.66,-0.56,-0.48,-0.52,-0.56,-0.59,-0.58,-0.54,-0.49,-0.41,-0.53,-0.38,-0.15,0.14,0.26,0.02,0.07,-0.08,-0.66,-0.96,-1.06,-1.31,-1.46,-1.62,-1.76,-1.64,-1.65,-1.74,-1.71,-1.64,-1.75,-1.80,-1.46,-1.47,-1.59,-1.55,-1.28,-0.97,-0.76,-0.47,0.10,0.83,0.73,0.62,0.57,0.41,0.20,0.11,0.00,-0.29,-0.67,-1.07,-1.16,-1.21,-1.14,-1.07,-0.66,-0.69,-0.83,-0.94,-0.69,-0.73,-0.82,-0.64,-0.56,-0.61,-0.66,-0.67,-0.53,-0.61,-0.68,-0.57,-0.52,-0.33,-0.47,-0.54,-0.32,-0.41,-0.41,-0.49,-0.56,-0.43,-0.59,-0.57,-0.46,-0.42,-0.38,-0.43,-0.46,-0.39,-0.22,0.10,0.04,0.19,0.19,-0.03,-0.07,-0.01,0.16,0.10,0.30,0.21,0.24,0.14,-0.03,-0.15,-0.43,-0.82,-0.96,-1.07,-1.41,-0.92,-0.76,-0.94,-1.12,-1.26,-1.35,-1.33,-1.21,-1.12,-1.33,-1.57,-1.66,-1.46,-1.33,-1.41,-1.53,-1.72,-1.80,-1.78,-1.80,-1.86,-1.86,-1.78,-1.76,-1.76,-1.70,-1.72,-1.93,-2.03,-1.48,-1.75,-1.84,-1.79,-1.78,-1.89,-2.05,-2.02,-1.72,-1.74,-1.76,-1.62,-1.89,-1.95,-1.85,-1.78,-1.74,-1.78,-2.02,-1.94
-0.64,-0.57,-0.44,-0.49,-0.44,-0.51,-0.57,-0.53,-0.41,-0.27,-0.31,0.02,0.15,0.32,0.31,0.09,0.29,0.19,-0.20,-0.47,-0.83,-1.32,-1.47,-1.64,-1.62,-1.70,-1.81,-2.03,-2.05,-1.95,-2.07,-1.85,-1.70,-1.46,-1.45,-1.45,-1.27,-1.07,-0.91,-0.59,-0.03,0.69,0.65,0.36,0.30,0.23,0.18,0.00,-0.23,-0.51,-0.82,-0.97,-1.09,-1.27,-1.42,-1.19,-0.97,-1.04,-0.77,-1.01,-0.83,-0.62,-0.73,-0.57,-0.48,-0.63,-0.73,-0.79,-0.68,-0.51,-0.72,-0.67,-0.64,-0.44,-0.52,-0.59,-0.43,-0.51,-0.44,-0.41,-0.48,-0.47,-0.53,-0.57,-0.46,-0.44,-0.52,-0.57,-0.59,-0.53,-0.26,-0.02,0.03,0.09,0.15,-0.13,-0.08,-0.15,0.11,0.24,0.32,0.21,0.07,0.00,-0.12,-0.37,-0.53,-0.57,-0.64,-1.08,-1.30,-1.07,-0.92,-1.02,-1.40,-1.56,-1.53,-1.35,-1.24,-1.37,-1.30,-1.36,-1.69,-1.55,-1.43,-1.53,-1.67,-1.76,-1.83,-1.75,-1.76,-1.84,-2.02,-1.86,-1.88,-1.86,-1.84,-1.85,-1.74,-1.81,-1.94,-1.90,-1.91,-1.83,-1.75,-1.88,-2.10,-1.90,-1.66,-1.71,-1.83,-1.66,-1.70,-1.78,-1.75,-1.71,-1.71,-1.78,-1.75,-1.94
-0.64,-0.59,-0.34,-0.18,-0.31,-0.44,-0.52,-0.46,-0.38,-0.32,-0.16,0.05,0.20,0.45,0.50,0.24,0.02,0.47,-0.37,-0.67,-1.02,-1.46,-1.56,-1.55,-1.70,-1.79,-1.85,-1.90,-1.90,-1.95,-1.99,-1.86,-1.66,-1.40,-1.12,-1.19,-1.23,-1.18,-0.99,-0.63,-0.07,0.57,0.50,0.26,0.08,0.07,0.09,-0.27,-0.58,-0.67,-0.82,-0.99,-1.04,-1.18,-1.21,-1.12,-0.83,-0.71,-0.67,-0.89,-0.83,-0.68,-0.82,-0.78,-0.72,-0.73,-0.67,-0.74,-0.89,-0.62,-0.76,-0.79,-0.79,-0.69,-0.49,-0.62,-0.56,-0.71,-0.46,-0.32,-0.46,-0.58,-0.57,-0.54,-0.43,-0.44,-0.67,-0.71,-0.56,-0.43,-0.24,-0.20,0.02,0.05,0.05,0.04,0.00,-0.03,0.13,0.45,0.37,0.21,0.16,0.08,-0.10,-0.27,-0.47,-0.77,-0.87,-0.98,-1.30,-0.96,-0.71,-1.09,-1.13,-1.32,-1.47,-1.37,-1.22,-1.28,-1.32,-1.41,-1.69,-1.61,-1.59,-1.62,-1.80,-1.91,-1.86,-1.78,-1.78,-1.86,-1.84,-1.85,-1.81,-1.95,-2.04,-1.89,-1.85,-1.95,-1.90,-1.83,-1.78,-1.79,-1.79,-1.85,-2.14,-1.99,-1.70,-1.69,-1.88,-1.74,-1.67,-1.67,-1.52,-1.50,-1.65,-1.75,-1.84,-1.97
-0.52,-0.56,-0.31,-0.12,-0.28,-0.48,-0.44,-0.42,-0.39,-0.27,-0.15,-0.03,0.11,0.49,0.67,0.46,0.07,0.10,-0.41,-0.62,-0.98,-1.38,-1.42,-1.24,-1.67,-1.65,-1.80,-1.66,-1.64,-1.76,-1.78,-1.80,-1.61,-1.33,-1.46,-1.32,-0.98,-0.83,-0.76,-0.47,0.20,0.68,0.68,0.40,-0.13,-0.22,-0.18,-0.56,-0.76,-0.72,-0.92,-1.18,-1.23,-1.46,-1.30,-1.04,-0.77,-0.68,-0.71,-1.02,-1.03,-0.89,-0.83,-0.78,-0.81,-0.84,-0.89,-0.98,-0.97,-0.81,-0.74,-0.78,-0.74,-0.62,-0.64,-0.59,-0.71,-0.74,-0.48,-0.49,-0.53,-0.59,-0.44,-0.47,-0.52,-0.48,-0.73,-0.91,-0.66,-0.54,-0.27,-0.13,-0.07,0.21,0.19,-0.16,-0.08,-0.06,0.08,0.30,0.34,0.35,0.25,0.05,-0.10,-0.20,-0.16,-0.64,-0.79,-0.84,-1.09,-1.04,-0.77,-1.06,-1.22,-1.28,-1.33,-1.35,-1.31,-1.19,-1.41,-1.42,-1.71,-1.62,-1.71,-1.71,-1.72,-1.84,-1.86,-1.69,-1.67,-2.04,-1.72,-1.80,-1.70,-1.79,-2.00,-1.90,-1.85,-1.90,-1.91,-1.84,-1.78,-1.78,-1.85,-1.84,-1.94,-1.94,-1.85,-1.78,-1.84,-1.64,-1.84,-1.88,-1.75,-1.61,-1.67,-1.88,-1.93,-1.97
-0.34,-0.31,-0.17,-0.11,-0.15,-0.20,-0.24,-0.37,-0.17,-0.01,-0.12,0.11,0.35,0.77,1.04,0.87,0.39,0.72,0.18,-0.23,-0.73,-1.13,-1.19,-1.11,-1.33,-1.56,-1.75,-1.60,-1.64,-1.72,-1.75,-1.71,-1.55,-1.27,-1.27,-1.12,-0.72,-0.54,-0.61,-0.31,0.37,0.53,0.41,0.15,-0.63,-0.59,-0.49,-0.68,-0.77,-0.79,-1.03,-1.27,-1.33,-1.51,-1.35,-1.18,-0.82,-0.66,-0.71,-0.68,-0.86,-0.76,-0.91,-0.89,-0.74,-0.71,-0.76,-0.88,-1.01,-0.83,-0.78,-0.79,-0.73,-0.51,-0.62,-0.49,-0.68,-0.64,-0.59,-0.53,-0.72,-0.84,-0.67,-0.58,-0.68,-0.58,-0.63,-0.83,-0.52,-0.36,-0.21,-0.02,0.16,0.13,-0.36,-0.24,-0.05,-0.20,0.13,0.29,0.37,0.42,0.36,0.10,-0.27,-0.37,-0.24,-0.51,-0.83,-0.72,-1.13,-1.01,-0.81,-1.08,-1.23,-1.31,-1.32,-1.32,-1.43,-1.27,-1.47,-1.33,-1.67,-1.56,-1.67,-1.69,-1.62,-1.76,-1.85,-1.33,-1.71,-1.56,-1.70,-1.72,-1.74,-1.85,-1.99,-1.95,-1.85,-1.80,-1.97,-1.91,-1.89,-1.91,-1.90,-2.04,-1.90,-1.64,-1.56,-1.72,-1.81,-1.66,-1.69,-1.76,-1.80,-1.70,-1.53,-1.81,-1.91,-1.93
-0.03,-0.21,-0.11,-0.05,-0.10,-0.07,-0.07,-0.06,0.19,0.20,0.09,0.39,0.83,1.01,1.21,1.00,0.55,0.77,0.30,0.00,-0.79,-1.04,-0.99,-1.35,-1.26,-1.56,-1.59,-1.69,-1.72,-1.78,-1.80,-1.67,-1.36,-1.21,-1.08,-0.84,-0.54,-0.46,-0.43,-0.21,0.04,0.08,-0.12,-0.48,-0.69,-0.67,-0.63,-0.71,-0.83,-0.92,-1.11,-1.27,-1.41,-1.46,-1.30,-1.11,-0.78,-0.72,-0.64,-0.79,-0.93,-0.94,-0.78,-0.76,-0.71,-0.73,-0.83,-0.89,-0.91,-0.77,-0.81,-0.71,-0.69,-0.51,-0.54,-0.57,-0.68,-0.78,-0.81,-0.89,-0.81,-0.69,-0.81,-0.79,-0.73,-0.71,-0.66,-0.77,-0.79,-0.59,-0.33,0.03,-0.26,0.02,-0.47,-0.43,-0.12,-0.13,0.34,0.52,0.53,0.41,0.40,0.36,-0.03,-0.18,-0.23,-0.39,-0.52,-0.74,-1.12,-0.91,-0.79,-1.03,-1.21,-1.23,-1.24,-1.28,-1.48,-1.36,-1.35,-1.52,-1.62,-1.40,-1.33,-1.48,-1.67,-1.79,-1.86,-1.66,-1.56,-1.50,-1.74,-1.72,-1.75,-1.85,-1.88,-1.94,-1.88,-1.62,-1.91,-1.97,-1.89,-1.90,-1.86,-2.04,-2.04,-1.99,-1.95,-1.94,-1.95,-1.85,-1.85,-1.86,-1.84,-1.80,-1.50,-1.61,-1.85,-1.88
