-2.69,-2.94,-3.01,-3.12,-3.19,-2.24,-1.21,-0.46,-0.05,-0.36,0.19,0.24,-0.39,-1.53,-2.79,-3.22,-3.63,-3.75,-3.76,-3.89,-4.14,-3.98,-3.45,-2.50,-1.59,-1.19,-0.97,-0.78,-0.93,-0.81,-0.94,-0.81,-0.92,-1.30,-1.47,-1.36,-1.32,-1.59,-1.27,-1.40,-1.45,-1.42,-1.42,-1.31,-1.28,-1.26,-1.17,-1.09,-1.02,-1.14,-1.04,-1.06,-1.17,-1.06,-0.83,-0.54,-0.54,-0.71,-0.74,-0.67,-0.59,-0.49,-0.51,-0.62,-0.48,-0.56,0.07,-0.06,-0.34,-0.15,-0.82,-1.09,-1.42,-1.72,-1.62,-1.45,-1.26,-1.03,-0.99,-0.86,-0.76,-0.72,-0.53,-0.53,-0.13,0.10,0.23,0.21,0.78,0.73,0.49,0.87,1.03,1.36,1.66,1.78,1.96,2.08,2.06,1.80,1.83,2.36,2.23,2.32,2.34,2.30,2.25,2.41,2.22,1.89,1.79,1.80,1.79,1.84,1.61,1.36,1.20,1.22,1.09,0.89,0.80,0.51,0.16,0.21,0.18,-0.17,-0.17,-0.18,-0.21,0.18,-0.10,-1.13,-2.91,-6.53,-12.59,-22.92,-33.12,-38.63,-40.75,-41.61,-42.03,-42.08,-41.91,-41.22,-40.32,-39.80,-39.58,-38.96,-37.49,-37.51,-36.49,-35.58,-34.73,-32.85,-30.86,-29.41,-27.05,-24.47,-22.58,-21.93
-2.92,-3.30,-3.50,-3.58,-3.43,-2.50,-1.40,-0.57,-0.16,-0.36,0.05,0.24,-0.22,-1.41,-3.06,-3.46,-3.72,-3.92,-4.02,-4.09,-4.31,-4.10,-3.41,-2.50,-1.55,-1.17,-1.09,-0.92,-1.14,-0.71,-0.81,-0.93,-0.99,-0.89,-1.02,-1.19,-1.32,-1.59,-1.14,-1.36,-1.28,-1.38,-1.40,-1.32,-1.32,-1.36,-1.27,-1.17,-0.84,-0.94,-1.22,-1.24,-1.16,-0.96,-0.83,-0.51,-0.86,-0.92,-0.84,-1.06,-0.91,-0.63,-0.67,-0.66,-0.23,-0.59,0.13,-0.20,-0.53,-0.53,-0.57,-0.67,-0.48,-0.77,-0.71,-0.51,-0.28,-0.02,-0.15,-0.06,0.21,0.08,0.53,1.18,1.06,1.39,1.60,1.80,2.23,2.17,2.11,2.43,2.54,2.66,2.73,2.79,2.85,2.69,2.40,2.25,2.43,2.47,2.18,2.07,2.07,1.95,2.02,2.19,1.83,1.65,1.55,1.37,1.39,1.43,1.22,0.96,0.92,0.50,1.07,0.93,0.44,0.03,-0.11,-0.01,-0.02,-0.17,-0.24,-0.33,-0.16,0.25,0.08,-0.71,-2.53,-6.21,-12.08,-22.56,-32.53,-37.85,-39.74,-40.68,-41.20,-40.84,-40.68,-39.60,-38.53,-37.96,-37.49,-36.51,-35.23,-34.65,-33.98,-33.03,-31.81,-30.60,-28.39,-27.28,-25.06,-22.65,-20.63,-19.43
-3.21,-3.59,-3.90,-3.84,-3.50,-2.76,-1.66,-0.43,0.35,-0.21,-0.16,-0.08,-0.56,-1.76,-3.00,-3.54,-3.88,-4.10,-4.23,-4.31,-4.65,-4.26,-3.19,-2.33,-1.60,-1.09,-0.88,-0.77,-0.92,-0.92,-1.04,-0.98,-0.94,-0.94,-1.13,-1.37,-1.43,-1.53,-1.06,-1.14,-1.11,-1.33,-1.41,-1.33,-1.35,-1.40,-1.27,-1.23,-1.18,-0.92,-1.32,-1.06,-0.92,-0.84,-0.97,-1.06,-1.08,-0.89,-0.76,-0.78,-0.69,-0.73,-0.64,-0.59,-0.56,-0.48,-0.12,-0.51,-0.01,-0.11,-0.16,-0.11,-0.02,0.25,0.53,0.72,1.14,1.54,1.31,1.22,1.93,2.10,2.24,2.72,2.70,2.75,2.88,2.70,3.02,3.12,3.45,3.34,3.28,3.04,2.77,2.71,2.65,2.42,2.23,2.18,1.84,2.23,2.02,1.54,1.68,1.66,1.72,1.77,1.36,1.36,1.28,1.18,1.22,1.07,0.95,0.71,0.69,0.52,0.74,0.63,0.26,-0.15,-0.21,-0.11,-0.31,-0.52,-0.62,-0.58,-0.17,0.20,0.15,-0.39,-2.14,-5.87,-11.78,-21.56,-32.10,-37.58,-39.34,-40.00,-40.14,-39.54,-39.18,-37.94,-36.60,-35.89,-34.96,-33.50,-32.53,-31.52,-30.86,-29.45,-28.06,-27.23,-26.35,-25.24,-23.71,-21.40,-19.13,-17.34
-3.52,-3.88,-4.18,-3.83,-3.43,-2.65,-1.61,-0.43,0.21,-0.32,-0.44,-0.51,-0.98,-2.04,-3.04,-3.70,-3.98,-4.18,-4.26,-4.22,-4.69,-4.19,-3.31,-2.51,-1.84,-1.26,-0.92,-1.04,-1.13,-0.93,-0.94,-0.91,-0.92,-0.96,-1.04,-1.19,-1.21,-1.28,-1.18,-1.21,-1.19,-1.36,-1.46,-1.41,-1.31,-1.24,-1.18,-1.46,-1.35,-1.19,-1.17,-1.14,-0.72,-0.64,-0.72,-0.77,-0.47,-0.41,-0.56,-0.53,-0.59,-0.42,-0.02,0.26,0.05,-0.15,0.23,0.32,0.52,0.92,0.79,1.09,1.37,1.72,2.17,2.51,2.82,3.00,2.93,3.00,3.28,3.27,3.28,3.38,3.28,3.31,3.20,3.12,3.32,3.20,3.26,3.04,2.97,2.96,2.82,2.71,2.64,2.28,1.94,1.90,1.61,1.64,1.28,1.28,1.36,1.34,1.34,1.25,1.06,1.11,1.06,1.10,1.10,0.84,0.67,0.60,0.55,0.49,0.58,0.63,0.31,-0.16,-0.29,-0.23,-0.41,-0.62,-0.82,-0.73,-0.31,0.10,0.19,-0.22,-1.99,-5.65,-11.43,-20.51,-31.62,-37.36,-38.68,-39.20,-39.07,-38.14,-37.60,-35.53,-33.44,-32.39,-31.04,-29.63,-28.96,-28.02,-27.37,-26.40,-25.32,-24.16,-23.14,-22.38,-21.13,-20.19,-18.38,-15.88
-3.67,-3.96,-4.43,-3.88,-3.59,-2.86,-1.50,-0.57,-0.33,-0.34,-0.38,-0.37,-0.72,-2.10,-3.17,-3.89,-4.07,-4.13,-4.27,-4.01,-4.10,-4.37,-3.37,-2.23,-1.52,-1.08,-0.77,-1.08,-0.78,-0.92,-0.93,-1.04,-1.04,-0.96,-0.98,-1.12,-1.07,-1.17,-1.38,-1.48,-1.36,-1.37,-1.37,-1.41,-1.45,-1.41,-1.42,-1.38,-1.13,-0.91,-1.02,-0.39,-0.31,-0.22,-0.36,-0.32,-0.16,-0.06,0.10,0.21,0.21,0.68,0.94,1.56,1.44,1.38,1.40,1.54,1.71,2.08,1.90,2.38,2.90,3.18,3.44,3.49,3.51,3.65,3.59,3.69,3.64,3.45,3.58,3.51,3.30,3.56,3.35,3.14,3.35,3.35,3.27,2.95,2.71,2.64,2.37,2.17,2.00,1.66,1.50,1.34,1.18,1.20,1.01,1.00,1.18,1.07,1.25,0.98,0.96,0.96,0.88,0.95,0.99,0.74,0.55,0.52,0.53,0.57,0.52,0.50,0.13,-0.36,-0.26,-0.12,-0.41,-0.66,-1.11,-0.58,-0.51,-0.03,0.35,-0.20,-2.00,-5.36,-10.81,-19.06,-30.54,-36.51,-37.51,-37.62,-37.09,-36.10,-34.94,-33.10,-30.45,-27.97,-26.21,-25.22,-24.78,-24.18,-24.14,-23.51,-22.46,-21.36,-20.20,-19.57,-18.87,-18.49,-17.34,-15.33
-3.81,-4.18,-4.18,-3.94,-3.55,-2.81,-1.59,-0.66,-0.46,-0.22,-0.32,-0.47,-0.53,-2.08,-3.31,-4.02,-4.15,-4.13,-4.33,-3.98,-4.17,-3.89,-3.15,-2.44,-1.70,-1.19,-1.28,-1.14,-0.84,-1.02,-0.92,-0.99,-1.03,-0.98,-1.12,-1.32,-1.31,-1.38,-1.47,-1.41,-1.09,-1.07,-1.01,-1.01,-1.12,-1.12,-1.24,-0.78,-0.76,-0.51,-0.51,-0.02,0.15,0.34,0.55,0.83,1.07,1.25,1.51,1.67,1.67,2.13,2.46,2.78,2.66,2.78,2.63,2.38,2.38,2.82,2.84,3.20,3.52,3.70,3.77,3.71,3.71,3.72,3.59,3.59,3.60,3.27,3.46,3.25,3.37,3.40,3.18,3.06,3.01,3.12,2.90,2.73,2.58,2.48,2.20,1.93,1.67,1.43,1.32,1.15,1.07,1.06,0.90,0.72,0.74,1.22,1.32,0.88,1.05,1.07,0.72,0.85,0.95,0.66,0.52,0.46,0.52,0.53,0.46,0.36,0.09,-0.18,-0.02,-0.11,-0.59,-0.88,-0.96,-0.77,-0.52,-0.15,0.13,-0.51,-1.95,-4.78,-9.63,-17.00,-28.15,-34.77,-36.20,-36.28,-35.41,-33.96,-32.45,-31.04,-28.39,-25.18,-22.83,-21.38,-20.63,-20.48,-21.30,-20.54,-19.91,-19.14,-18.11,-17.55,-17.19,-16.99,-16.20,-14.57
-3.49,-4.18,-3.90,-3.96,-3.93,-3.19,-1.61,-0.73,-0.52,-0.28,-0.37,-0.82,-1.12,-2.44,-3.48,-4.10,-4.49,-4.56,-4.05,-3.83,-3.98,-3.93,-3.33,-2.50,-1.71,-1.11,-1.01,-0.94,-0.97,-0.96,-0.74,-0.72,-0.78,-0.83,-1.08,-1.19,-1.41,-1.32,-1.21,-0.93,-0.72,-0.83,-0.76,-0.58,-0.74,-0.82,-0.74,-0.26,0.32,0.53,0.44,0.84,1.36,1.56,1.80,1.89,1.97,2.20,2.34,2.41,2.48,2.83,3.21,3.12,3.07,3.08,3.03,2.58,2.55,3.06,3.25,3.43,3.50,3.63,3.59,3.59,3.70,3.58,3.40,3.20,3.32,3.08,3.08,2.96,3.04,2.95,2.83,2.93,2.88,2.79,2.52,2.52,2.26,2.18,2.03,1.83,1.60,1.29,1.16,1.16,1.10,1.11,0.88,0.74,0.95,0.90,1.16,0.98,0.89,0.87,0.60,0.73,0.71,0.40,0.36,0.45,0.37,0.25,0.20,0.18,0.03,-0.18,-0.22,-0.38,-0.59,-0.72,-0.91,-1.08,-0.84,-0.11,0.26,-0.27,-1.80,-4.23,-8.12,-14.58,-24.19,-32.20,-34.73,-35.16,-33.98,-32.10,-30.20,-28.21,-25.18,-22.41,-20.17,-18.55,-17.62,-17.52,-18.27,-18.11,-17.97,-17.44,-16.66,-16.32,-15.88,-15.55,-14.70,-13.47
-3.88,-4.14,-4.05,-4.03,-3.98,-3.37,-1.67,-0.79,-0.56,-0.52,-0.62,-0.97,-1.80,-3.19,-3.53,-3.80,-3.97,-3.84,-3.65,-3.75,-3.90,-3.53,-2.92,-2.18,-1.56,-1.22,-0.63,-0.73,-0.72,-0.62,-0.48,-0.41,-0.39,-0.31,-0.39,-0.63,-1.06,-0.71,-0.53,-0.53,-0.41,-0.11,0.11,0.21,0.31,0.57,0.61,1.06,1.54,1.79,1.91,2.10,2.34,2.48,2.58,2.59,2.54,2.53,2.38,2.40,2.52,2.71,2.85,2.77,2.72,2.65,2.78,2.60,2.73,3.02,3.06,3.24,3.43,3.57,3.45,3.32,3.34,3.34,3.21,2.94,3.00,2.94,2.73,2.91,2.66,2.73,2.66,2.82,2.89,2.55,2.26,2.18,1.91,1.84,1.76,1.64,1.39,1.10,0.95,0.92,0.89,0.93,0.62,0.58,0.74,0.79,0.74,0.66,0.87,0.83,0.68,0.62,0.52,0.35,0.40,0.58,0.24,0.00,-0.10,-0.12,-0.18,-0.42,-0.57,-0.63,-0.63,-0.73,-1.07,-1.19,-1.02,-0.49,0.20,-0.03,-1.14,-3.27,-6.60,-11.74,-19.67,-28.98,-32.69,-33.32,-32.12,-30.16,-27.82,-25.11,-22.21,-19.98,-18.11,-17.06,-16.65,-16.42,-16.51,-16.09,-16.17,-15.84,-15.40,-15.33,-14.75,-14.16,-13.37,-12.56
-3.94,-4.07,-4.10,-4.06,-3.84,-3.22,-1.83,-0.89,-0.62,-0.64,-0.87,-1.27,-1.81,-2.24,-3.00,-3.50,-3.61,-3.46,-3.01,-2.83,-2.94,-2.51,-1.94,-1.56,-1.32,-1.14,-0.64,-0.41,-0.16,-0.05,-0.21,-0.05,0.31,0.20,0.29,0.26,0.35,0.16,0.68,0.74,0.84,1.11,1.42,1.60,1.56,2.05,1.94,2.02,2.13,2.32,2.36,2.47,2.51,2.53,2.55,2.60,2.64,2.34,2.08,2.12,2.26,2.30,2.31,2.49,2.23,2.38,2.64,2.69,2.67,2.69,2.71,2.88,3.08,3.18,3.15,3.10,3.15,3.20,3.07,3.07,3.12,2.79,2.79,2.89,3.06,2.91,2.75,2.79,2.72,2.41,2.10,1.80,1.66,1.59,1.48,1.38,1.23,1.04,0.99,0.98,0.80,0.88,0.60,0.47,0.41,0.50,0.77,0.66,0.87,0.69,0.42,0.42,0.34,0.16,0.08,0.02,-0.07,-0.24,0.05,-0.26,-0.21,-0.62,-0.71,-0.73,-0.72,-0.81,-1.11,-1.30,-1.28,-0.62,0.40,0.07,-0.84,-2.68,-5.72,-10.25,-16.68,-25.55,-29.78,-29.97,-29.19,-27.48,-25.01,-22.24,-20.11,-17.94,-16.63,-15.85,-15.41,-15.23,-14.82,-14.51,-14.52,-14.18,-14.03,-14.19,-13.79,-12.97,-12.49,-12.01
-3.66,-3.89,-3.96,-3.89,-3.63,-2.94,-1.88,-0.96,-0.86,-0.97,-0.81,-0.64,-1.11,-1.85,-2.35,-2.60,-2.68,-2.62,-2.02,-1.65,-1.57,-1.33,-0.92,-0.74,-0.86,-0.41,-0.24,0.50,0.63,0.68,0.56,0.67,1.27,1.40,1.64,1.44,1.31,1.29,1.56,1.72,1.79,1.85,1.93,2.07,2.01,2.30,2.32,2.23,2.17,2.19,2.06,2.01,2.07,2.07,2.10,2.11,1.97,1.79,1.59,1.53,1.79,1.95,2.16,2.11,2.06,2.24,2.30,2.17,2.16,2.34,2.65,2.81,3.01,3.28,3.27,3.10,3.16,3.13,2.93,2.98,3.02,2.67,2.34,2.58,2.72,2.79,2.75,2.58,2.59,2.57,2.10,1.65,1.43,1.39,1.32,1.26,1.17,0.99,0.99,0.95,0.68,0.76,0.45,0.16,0.29,0.31,0.68,0.53,0.56,0.34,0.28,0.18,-0.01,-0.11,0.00,0.15,0.08,-0.11,0.14,0.10,0.00,-0.58,-0.64,-0.68,-0.73,-0.81,-1.03,-1.38,-1.27,-0.68,0.55,0.26,-0.63,-2.19,-4.66,-8.70,-15.12,-23.66,-27.82,-26.13,-25.32,-23.97,-21.94,-19.93,-18.54,-16.80,-15.88,-14.99,-14.45,-14.16,-13.75,-13.60,-13.50,-12.95,-12.81,-13.04,-12.88,-12.17,-11.92,-11.68
-3.27,-3.54,-3.58,-3.43,-3.13,-2.51,-1.52,-0.67,-0.33,-0.43,-0.53,-0.43,-0.37,-0.81,-1.11,-1.30,-1.48,-1.46,-0.92,-0.49,-0.41,-0.31,-0.01,0.29,0.21,0.53,0.93,1.26,1.66,1.88,2.06,2.20,2.14,2.24,2.29,2.14,1.93,1.90,1.99,1.99,1.96,1.95,1.93,1.95,1.93,1.89,1.94,1.89,1.90,1.91,2.02,1.80,1.65,1.67,1.88,1.88,1.50,1.45,1.37,1.40,1.54,1.61,1.70,1.89,2.02,1.91,2.16,2.24,2.35,2.47,2.67,2.85,2.85,2.87,2.89,2.90,3.03,3.14,2.95,2.93,2.84,2.76,2.54,2.36,2.95,2.53,2.42,2.06,2.08,2.34,2.14,1.61,1.49,1.42,1.29,1.28,0.98,0.67,0.58,0.41,0.36,0.42,0.16,-0.07,0.31,0.30,0.67,0.36,0.28,0.24,0.13,0.00,-0.12,-0.16,-0.02,0.05,-0.07,-0.10,0.24,0.29,-0.27,-0.46,-0.46,-0.43,-0.57,-0.73,-0.99,-1.38,-1.11,-0.68,0.57,0.24,-0.56,-2.09,-4.19,-7.81,-14.05,-21.36,-24.54,-24.71,-22.65,-20.69,-19.25,-18.10,-17.20,-16.45,-15.50,-14.61,-14.08,-13.59,-13.10,-13.03,-13.23,-12.94,-12.66,-12.57,-12.65,-11.99,-11.51,-11.48
-2.83,-2.96,-2.91,-2.58,-1.80,-2.13,-1.13,-0.34,-0.39,-0.59,0.09,0.10,0.39,0.26,0.15,0.13,0.00,0.04,0.36,0.80,0.79,0.89,1.42,1.70,1.87,1.54,2.22,2.49,2.51,2.48,2.34,2.14,2.16,2.23,2.41,2.03,1.76,1.72,1.78,1.68,1.64,1.72,1.72,1.68,1.64,1.71,1.67,1.50,1.51,1.56,1.71,1.54,1.42,1.40,1.45,1.49,1.38,1.60,1.44,1.71,1.66,1.70,2.24,2.22,2.22,2.05,2.22,2.16,2.26,2.59,2.76,2.94,2.97,2.93,2.88,2.72,2.69,2.73,2.70,2.61,2.38,2.19,2.10,2.06,2.03,2.18,2.18,2.46,2.00,1.94,1.60,1.32,1.25,1.20,1.12,1.12,0.73,0.52,0.47,0.20,0.25,0.29,0.09,0.00,0.29,0.26,0.53,0.13,0.09,0.03,-0.15,-0.16,-0.16,-0.16,-0.05,0.00,-0.12,-0.20,-0.11,-0.10,-0.38,-0.46,-0.46,-0.28,-0.26,-0.39,-0.84,-1.37,-1.11,-0.66,0.49,0.35,-0.39,-1.78,-3.61,-7.01,-12.62,-19.20,-23.20,-23.46,-20.89,-18.54,-16.82,-16.13,-16.23,-15.96,-15.24,-14.69,-14.05,-13.32,-12.72,-12.65,-12.92,-12.59,-12.34,-12.28,-12.04,-11.52,-11.63,-11.72
-1.80,-1.84,-1.78,-1.55,-0.78,-1.24,-0.76,-0.15,0.21,0.39,1.06,1.16,1.59,1.61,1.49,1.51,1.67,1.85,2.12,2.45,2.47,2.69,3.34,3.26,3.10,2.57,2.48,2.47,2.47,2.49,2.48,2.26,2.02,1.87,1.90,1.57,1.45,1.39,1.39,1.32,1.32,1.45,1.38,1.39,1.14,1.49,1.51,1.65,1.57,1.46,1.43,1.25,1.18,1.33,1.31,1.18,1.03,1.17,1.34,1.42,1.76,1.93,1.94,2.12,2.19,2.05,2.11,1.88,2.08,2.25,2.36,2.55,2.55,2.58,2.58,2.37,2.28,2.26,2.29,2.45,2.28,1.89,1.79,1.67,1.76,1.74,1.48,2.11,1.62,1.49,1.43,1.32,1.25,1.23,1.00,0.83,0.61,0.55,0.53,0.37,0.34,0.23,-0.10,-0.20,0.07,0.04,0.05,-0.20,-0.21,-0.44,-0.58,-0.52,-0.48,-0.47,-0.39,-0.42,-0.56,-0.61,-0.63,-0.61,-0.73,-0.59,-0.16,-0.17,-0.20,-0.17,-0.62,-1.24,-1.24,-0.72,0.47,0.66,-0.24,-1.21,-3.15,-6.51,-11.45,-17.55,-22.29,-22.11,-19.96,-17.70,-16.59,-16.06,-15.64,-15.82,-15.62,-14.76,-13.76,-12.82,-12.20,-12.15,-12.15,-11.98,-11.89,-11.91,-11.91,-11.52,-11.84,-11.88
-0.42,-0.34,-0.15,0.21,0.49,0.66,0.83,1.12,1.39,1.56,2.03,2.43,2.98,3.08,2.96,3.00,3.16,3.50,3.59,3.79,3.78,3.56,3.56,3.37,3.18,2.81,2.77,2.47,2.37,2.32,2.11,2.10,2.02,1.61,1.40,1.22,1.33,1.25,1.15,1.15,1.18,1.20,1.15,1.46,1.28,1.44,1.14,1.22,1.26,1.42,1.39,1.23,1.25,1.36,1.46,1.45,1.14,1.12,1.42,1.34,1.49,1.62,1.65,1.77,1.88,1.97,2.05,1.71,1.67,1.95,2.08,2.23,2.41,2.46,2.42,2.16,1.90,2.00,2.01,2.03,1.74,1.64,1.61,1.56,1.62,1.67,1.93,1.78,1.83,1.68,1.48,1.50,1.36,1.12,1.00,0.99,0.76,0.61,0.41,0.02,-0.11,-0.05,-0.26,-0.49,-0.39,-0.42,-0.48,-0.74,-0.99,-1.27,-1.48,-1.43,-1.36,-1.59,-1.59,-1.55,-1.84,-2.12,-2.32,-2.31,-1.57,-0.86,-0.32,-0.03,-0.01,-0.20,-0.61,-1.11,-1.36,-0.87,0.62,0.39,-0.13,-0.84,-2.81,-5.97,-10.41,-15.73,-20.20,-20.35,-18.52,-17.10,-16.63,-16.19,-15.40,-14.55,-14.87,-14.21,-13.00,-11.88,-11.33,-11.33,-11.03,-11.29,-11.29,-11.45,-11.52,-11.03,-10.90,-11.40
1.12,1.21,1.36,1.80,1.90,2.02,2.29,2.61,2.85,2.88,3.12,3.53,3.90,3.95,3.85,4.16,3.94,3.66,3.63,3.84,3.77,3.41,3.57,3.34,3.30,2.97,2.87,2.55,2.28,2.11,1.76,1.74,1.90,1.57,1.36,1.17,1.17,1.04,0.92,0.94,0.99,1.14,1.16,1.38,1.28,1.44,1.23,1.15,1.23,1.31,1.07,0.96,1.03,1.10,1.28,1.32,1.00,1.14,1.20,1.20,1.00,1.16,1.38,1.54,1.64,1.77,1.94,1.64,1.44,1.65,1.80,1.99,2.17,2.17,2.02,1.90,1.94,2.10,2.05,1.93,1.90,1.56,1.49,1.60,1.54,1.64,1.60,1.55,1.66,1.74,1.59,1.62,1.28,0.94,0.51,0.35,0.46,0.24,-0.23,-0.48,-0.58,-0.86,-1.23,-1.62,-1.98,-1.79,-2.31,-2.21,-2.76,-3.12,-3.22,-3.14,-2.95,-3.40,-3.30,-3.21,-3.53,-3.62,-3.58,-3.21,-1.95,-0.52,-0.07,-0.01,-0.26,-0.49,-0.82,-1.27,-1.59,-1.19,0.35,0.57,0.40,-0.56,-2.09,-5.08,-9.34,-14.09,-18.02,-18.10,-17.10,-16.60,-16.06,-15.36,-14.55,-13.76,-13.04,-12.95,-11.91,-10.90,-10.49,-10.42,-9.94,-10.37,-10.44,-10.76,-10.86,-10.37,-10.68,-11.45
2.57,2.79,2.77,3.30,3.18,3.19,3.32,3.59,3.88,3.98,4.03,4.16,4.07,4.07,4.25,4.17,3.96,3.88,3.95,4.11,4.02,3.57,3.54,3.30,3.21,3.03,2.91,2.63,2.24,1.95,1.65,1.61,1.61,1.56,1.45,1.27,1.03,0.96,1.06,0.99,0.87,0.92,1.23,1.26,0.93,1.03,1.12,1.16,1.09,1.07,1.14,1.17,1.09,0.90,0.95,1.12,0.96,0.89,0.78,0.85,0.89,0.87,1.28,1.37,1.40,1.56,1.62,1.40,1.43,1.62,1.71,1.91,2.03,1.94,1.84,1.77,1.73,1.80,1.70,1.59,1.71,1.38,1.37,1.49,1.54,1.46,1.27,1.25,1.38,1.51,1.07,0.95,0.58,0.24,-0.07,-0.41,-0.87,-1.60,-2.26,-2.58,-2.47,-2.45,-3.00,-3.40,-3.94,-4.27,-4.19,-4.66,-5.20,-4.90,-5.00,-4.66,-4.31,-4.32,-3.93,-3.90,-4.00,-3.61,-3.21,-2.59,-1.33,-0.02,0.05,0.16,-0.15,-0.39,-0.76,-1.14,-1.36,-1.08,0.26,0.51,0.66,-0.39,-1.56,-4.23,-8.23,-12.84,-16.40,-16.63,-16.32,-16.36,-15.64,-14.81,-14.00,-13.04,-11.95,-11.42,-10.61,-10.07,-9.72,-9.45,-9.24,-9.33,-9.51,-10.07,-10.27,-10.22,-10.93,-11.65
3.57,3.64,3.60,3.79,3.85,3.88,3.91,4.00,4.22,4.16,4.04,4.11,4.17,4.11,3.97,3.96,3.66,3.64,3.65,3.76,3.79,3.47,3.39,3.30,3.13,3.03,2.83,2.53,2.20,1.88,1.65,1.57,1.46,1.37,1.27,1.04,1.04,0.85,0.76,0.99,1.00,1.14,1.31,1.05,1.28,1.36,1.23,1.16,1.03,0.82,0.79,0.93,0.95,0.87,0.90,1.03,0.90,0.85,0.78,0.67,0.83,1.04,1.27,1.23,1.33,1.46,1.37,1.16,1.28,1.56,1.64,1.74,1.85,1.70,1.62,1.65,1.57,1.60,1.31,1.46,1.27,1.06,1.03,0.89,1.06,0.98,0.51,0.55,0.58,0.32,0.03,-0.48,-1.02,-1.72,-2.49,-3.49,-4.44,-5.12,-5.49,-5.76,-5.79,-5.68,-5.83,-5.79,-5.39,-4.86,-4.43,-4.62,-4.27,-3.94,-3.83,-3.26,-3.08,-2.92,-2.72,-2.81,-2.92,-2.69,-2.05,-1.28,-0.42,0.09,0.28,0.36,0.07,-0.24,-0.67,-1.26,-1.64,-0.99,0.31,0.41,1.06,-0.47,-1.59,-3.50,-6.66,-10.73,-14.34,-15.80,-15.73,-16.13,-15.40,-14.64,-13.84,-12.78,-11.45,-10.34,-9.83,-9.20,-8.98,-9.13,-9.16,-9.38,-9.42,-9.68,-10.06,-10.51,-11.09,-12.17
3.89,3.91,3.87,3.81,3.96,3.94,3.91,4.00,4.18,4.07,4.09,4.12,4.08,3.92,3.70,3.64,3.40,3.57,3.62,3.53,3.47,3.32,3.32,3.39,3.02,2.88,2.67,2.42,2.11,1.72,1.73,1.38,1.28,1.12,0.80,0.79,0.93,0.79,0.58,0.83,0.98,0.78,1.16,1.06,0.92,0.90,0.93,0.94,0.92,0.77,0.69,0.79,0.80,0.71,0.80,0.83,0.67,0.77,0.84,0.69,0.69,1.03,1.00,1.07,1.15,1.18,1.15,1.12,1.15,1.28,1.42,1.39,1.40,1.33,1.17,1.26,1.28,1.21,0.78,0.83,0.34,-0.20,-0.44,-0.83,-0.87,-0.84,-1.52,-1.32,-1.83,-2.27,-2.47,-3.10,-3.53,-4.02,-4.36,-4.98,-4.85,-4.78,-4.71,-4.68,-4.52,-3.94,-3.83,-3.63,-3.52,-3.22,-3.13,-3.24,-3.09,-2.96,-3.00,-2.62,-2.90,-2.77,-2.60,-2.32,-2.36,-2.23,-1.36,-0.41,0.09,0.15,0.72,0.47,0.34,-0.11,-0.56,-1.12,-1.47,-0.97,0.10,0.62,1.07,-0.13,-0.83,-2.31,-4.70,-7.75,-10.85,-13.28,-14.66,-15.64,-15.30,-14.69,-13.87,-12.85,-11.55,-10.17,-9.56,-9.10,-8.91,-8.94,-9.26,-9.40,-9.99,-10.44,-10.52,-10.68,-11.51,-13.22
3.77,3.87,3.76,4.00,3.98,3.77,3.73,3.97,3.81,3.84,3.69,3.59,3.60,3.68,3.58,3.49,3.27,3.46,3.53,3.39,3.34,3.15,3.08,3.27,2.89,2.58,2.48,2.35,1.90,1.36,1.50,1.29,1.12,0.89,0.96,0.98,0.83,0.66,0.46,0.40,0.58,0.50,0.74,0.74,0.71,0.79,0.74,0.77,0.82,0.77,0.71,0.66,0.66,0.65,0.68,0.62,0.24,0.36,0.68,0.69,0.56,0.76,0.74,0.87,0.76,0.73,0.78,0.78,0.72,0.60,0.61,0.42,0.20,0.20,0.04,-0.21,-0.46,-0.74,-1.17,-1.55,-1.90,-2.51,-2.76,-3.09,-3.01,-2.64,-3.19,-2.74,-3.13,-3.23,-3.27,-3.54,-3.75,-3.61,-3.36,-3.53,-2.97,-2.74,-2.82,-2.78,-2.62,-2.42,-2.42,-2.40,-2.45,-2.21,-2.62,-2.14,-2.07,-1.79,-1.91,-1.94,-1.85,-1.98,-2.08,-2.07,-1.91,-1.67,-1.19,-0.32,0.34,0.47,0.92,0.56,0.35,-0.10,-0.43,-1.13,-1.60,-1.14,-0.17,0.72,1.00,0.18,-0.26,-1.57,-3.17,-4.57,-6.63,-10.06,-13.54,-14.99,-15.32,-14.63,-13.84,-12.92,-11.71,-10.51,-9.84,-9.30,-9.19,-9.24,-9.22,-9.31,-10.18,-10.86,-10.88,-10.96,-11.84,-13.60
3.66,3.64,3.38,3.70,3.85,3.63,3.38,3.64,3.81,3.82,3.68,3.65,3.66,3.53,3.50,3.35,3.18,3.27,3.28,3.13,3.27,2.88,2.78,2.88,2.75,2.47,2.16,1.84,1.66,1.49,1.36,1.11,0.95,0.94,0.67,0.52,0.69,0.78,0.60,0.57,0.47,0.42,0.45,0.53,0.68,0.95,0.90,0.69,0.67,0.73,0.65,0.52,0.58,0.57,0.56,0.53,-0.02,-0.10,0.32,0.39,0.28,0.23,0.39,0.00,-0.34,-0.37,-0.51,-0.94,-1.27,-1.47,-1.76,-2.08,-2.26,-2.27,-2.33,-2.60,-2.95,-3.13,-3.37,-3.50,-3.58,-3.44,-3.43,-3.53,-2.78,-2.31,-2.62,-2.12,-1.78,-1.89,-1.94,-1.95,-2.10,-1.90,-1.88,-2.00,-1.81,-1.67,-1.83,-1.90,-1.93,-2.07,-2.12,-2.14,-1.94,-1.81,-2.14,-1.76,-1.88,-1.90,-2.08,-1.86,-2.04,-2.14,-2.16,-2.05,-1.91,-1.80,-1.31,-0.23,0.67,0.78,0.85,0.68,0.19,-0.01,-0.33,-1.13,-1.61,-1.22,-0.22,0.72,0.77,0.29,-0.21,-1.16,-1.84,-2.65,-4.27,-7.22,-11.52,-14.42,-14.45,-14.13,-13.73,-13.00,-11.98,-11.16,-10.44,-9.63,-9.47,-9.40,-9.26,-9.30,-10.00,-11.35,-11.82,-11.51,-11.30,-12.63
3.45,3.49,3.02,3.32,3.43,3.35,3.24,3.21,3.38,3.45,3.31,3.34,3.50,3.32,3.22,3.09,2.90,2.91,2.95,2.85,2.96,2.65,2.84,2.87,2.53,2.20,1.97,1.74,1.44,1.28,1.11,0.78,0.89,0.95,0.88,0.71,0.69,0.69,0.45,0.62,0.66,0.36,0.02,0.46,0.39,0.73,0.72,0.45,0.36,0.42,0.28,0.08,0.14,-0.13,-0.11,0.08,-0.20,-0.51,-0.78,-0.88,-1.07,-1.50,-1.42,-2.21,-2.79,-2.72,-2.94,-3.40,-4.02,-4.41,-4.49,-4.40,-3.96,-3.46,-3.22,-2.97,-2.82,-2.46,-1.66,-1.69,-1.66,-1.52,-1.85,-1.90,-1.57,-1.61,-1.47,-1.40,-1.21,-1.48,-1.89,-1.76,-1.72,-1.66,-1.83,-1.80,-1.66,-1.64,-1.70,-1.79,-1.85,-1.91,-2.04,-2.16,-2.03,-1.95,-2.09,-2.13,-2.14,-2.08,-2.32,-1.71,-1.97,-1.71,-1.90,-1.83,-1.70,-1.57,-0.97,0.07,0.90,1.03,1.15,0.83,0.35,0.29,-0.29,-0.97,-1.41,-1.27,-0.37,0.63,0.63,0.30,-0.08,-0.92,-1.30,-1.90,-3.67,-6.64,-9.97,-13.01,-13.93,-13.63,-13.47,-13.19,-12.53,-11.58,-10.62,-9.94,-9.51,-9.29,-9.17,-9.09,-9.58,-10.89,-11.03,-10.76,-10.92,-11.49
3.26,3.40,3.28,3.01,3.07,3.07,2.88,3.12,3.02,3.08,2.93,2.87,3.07,3.00,2.88,2.76,2.59,2.57,2.64,2.61,2.45,2.60,2.66,2.60,2.35,2.08,1.88,1.67,1.48,1.39,1.31,1.10,0.95,0.76,0.78,0.76,0.63,0.57,0.24,0.15,0.18,0.05,-0.34,-0.06,-0.44,-0.31,-0.33,-0.64,-0.82,-0.92,-1.19,-1.50,-1.53,-1.84,-1.80,-1.24,-1.23,-1.36,-2.51,-3.06,-3.70,-3.74,-3.79,-3.89,-3.40,-2.82,-2.54,-2.36,-2.41,-2.26,-2.07,-1.99,-1.84,-1.66,-1.55,-1.66,-1.60,-1.74,-1.30,-1.22,-1.28,-1.27,-1.62,-1.62,-1.41,-1.53,-1.55,-1.41,-1.47,-1.41,-1.72,-1.69,-1.75,-1.66,-1.76,-1.71,-1.65,-1.84,-1.85,-1.89,-1.91,-1.90,-2.12,-2.23,-2.13,-1.93,-2.07,-2.26,-2.09,-2.09,-2.21,-1.86,-1.88,-1.84,-1.81,-1.84,-1.97,-1.69,-0.96,0.09,1.06,1.03,1.26,0.85,0.55,0.47,-0.24,-0.87,-1.32,-1.31,-0.57,0.25,0.28,0.16,-0.27,-0.83,-1.24,-1.61,-2.86,-5.53,-8.94,-11.32,-11.91,-12.26,-12.53,-12.28,-11.65,-10.85,-9.93,-9.68,-9.05,-8.73,-8.52,-8.30,-8.58,-9.56,-9.51,-9.40,-9.51,-9.62
3.14,3.04,3.02,2.98,2.82,2.65,2.61,2.83,2.78,2.91,2.82,2.59,2.60,2.76,2.69,2.43,2.43,2.45,2.32,2.19,2.22,2.20,2.26,2.57,2.45,2.00,1.61,1.29,1.25,1.31,1.14,0.67,0.78,0.49,0.23,0.03,-0.33,-0.67,-0.89,-0.99,-1.30,-1.55,-1.85,-2.05,-2.58,-2.65,-2.69,-2.94,-3.09,-3.08,-3.26,-3.48,-3.32,-3.26,-2.83,-2.28,-2.31,-1.95,-2.69,-2.54,-2.17,-2.08,-1.93,-1.65,-1.67,-1.83,-1.71,-1.70,-1.89,-1.90,-1.85,-1.80,-1.71,-1.65,-1.47,-1.36,-1.35,-1.64,-1.37,-1.18,-1.55,-1.61,-1.65,-1.64,-1.31,-1.43,-1.36,-1.32,-1.41,-1.52,-1.76,-1.72,-1.67,-1.69,-1.76,-1.71,-1.80,-1.81,-1.71,-1.88,-2.00,-2.04,-2.21,-2.24,-2.12,-1.95,-2.00,-2.05,-1.78,-1.65,-1.81,-1.72,-1.72,-1.79,-1.72,-2.02,-2.37,-2.03,-1.07,0.20,1.21,1.22,1.53,1.05,0.66,0.31,-0.01,-0.67,-1.24,-1.16,-0.63,-0.37,-0.39,-0.31,-0.83,-1.12,-1.51,-1.59,-2.53,-4.57,-6.86,-8.55,-9.55,-9.96,-10.13,-10.06,-9.90,-9.61,-8.87,-8.03,-7.59,-7.26,-6.98,-6.87,-6.99,-7.47,-7.59,-7.55,-7.47,-7.28
2.88,2.94,2.84,2.61,2.40,2.36,2.55,2.51,2.82,2.89,2.72,2.49,2.45,2.71,2.60,2.11,2.07,2.24,2.19,2.31,2.32,1.99,2.07,1.89,1.67,1.54,1.32,1.00,0.69,1.07,0.50,0.08,-0.03,-0.67,-1.38,-1.83,-2.42,-3.14,-3.40,-3.09,-3.17,-3.28,-3.45,-3.77,-4.33,-4.56,-4.75,-4.70,-4.22,-3.76,-3.19,-2.78,-2.62,-2.40,-1.61,-2.02,-1.99,-1.93,-1.85,-2.00,-1.79,-1.64,-1.65,-1.42,-1.42,-1.65,-1.71,-1.80,-1.97,-1.91,-1.80,-1.88,-1.78,-1.40,-1.31,-1.26,-1.40,-1.41,-1.40,-1.46,-1.38,-1.62,-1.71,-1.62,-1.65,-1.47,-1.57,-1.76,-1.47,-1.42,-1.70,-1.81,-1.78,-1.81,-1.71,-1.70,-1.81,-1.85,-1.78,-1.90,-1.98,-1.99,-2.12,-2.23,-2.31,-2.21,-1.97,-2.10,-1.90,-1.81,-1.97,-1.97,-1.81,-1.86,-1.84,-2.09,-2.18,-1.78,-0.88,0.46,1.32,1.15,1.55,1.25,0.57,0.66,0.19,-0.47,-1.04,-1.14,-0.97,-0.91,-0.93,-0.92,-1.35,-1.64,-1.70,-1.64,-2.47,-3.81,-4.91,-5.85,-6.56,-6.56,-6.48,-6.31,-6.05,-5.87,-5.97,-5.75,-5.51,-5.04,-4.91,-5.14,-5.15,-5.24,-5.55,-5.61,-5.63,-5.44
2.67,2.84,2.65,2.32,2.12,2.22,2.58,2.36,2.85,2.75,2.41,2.30,2.49,2.51,2.28,1.68,1.44,1.64,1.82,1.62,1.16,1.06,0.89,0.61,0.29,0.03,-0.17,-0.49,-0.77,-0.73,-1.23,-1.48,-1.85,-2.51,-3.26,-3.43,-3.28,-3.87,-4.39,-4.01,-3.79,-3.44,-3.31,-3.19,-3.13,-3.14,-3.23,-3.06,-2.64,-2.54,-2.33,-2.03,-1.83,-1.93,-2.47,-3.22,-1.79,-1.80,-1.98,-1.97,-1.76,-1.80,-1.78,-1.43,-1.30,-1.56,-1.61,-1.70,-1.76,-1.75,-1.79,-1.71,-1.83,-1.85,-1.52,-1.53,-1.79,-1.55,-1.26,-1.64,-1.75,-1.64,-1.84,-1.64,-1.46,-1.48,-1.47,-1.72,-1.80,-1.56,-1.80,-1.57,-1.37,-1.56,-1.57,-1.71,-1.90,-2.10,-1.98,-2.00,-2.07,-2.05,-2.14,-2.30,-2.33,-2.18,-1.94,-2.27,-2.21,-2.21,-2.32,-2.32,-2.02,-2.08,-2.18,-2.00,-1.89,-1.55,-0.47,0.90,1.36,1.04,1.44,1.36,0.71,0.46,0.03,-0.52,-1.06,-1.37,-1.45,-1.38,-1.33,-1.35,-1.64,-1.89,-1.67,-1.69,-2.35,-2.96,-3.39,-4.01,-4.24,-4.27,-4.20,-4.15,-4.07,-4.05,-4.15,-3.79,-3.94,-3.68,-3.45,-3.44,-3.55,-3.81,-3.84,-3.96,-4.07,-3.98
2.57,2.63,2.18,2.03,2.00,1.94,2.32,1.90,2.22,2.06,1.73,1.68,1.48,1.51,1.37,0.89,0.46,0.41,0.55,0.14,0.04,-0.57,-1.07,-1.57,-2.07,-2.23,-2.03,-1.95,-2.28,-1.99,-2.19,-2.27,-2.51,-2.90,-3.26,-3.31,-2.81,-2.82,-3.01,-2.83,-2.67,-2.63,-2.90,-2.77,-2.58,-2.31,-2.17,-2.24,-2.03,-1.76,-2.02,-1.78,-1.57,-2.04,-1.85,-1.66,-1.83,-1.64,-1.65,-1.65,-1.53,-1.55,-1.65,-1.69,-1.57,-1.64,-1.67,-1.62,-1.64,-1.86,-2.00,-1.76,-1.67,-1.72,-1.47,-1.51,-1.56,-1.40,-1.50,-1.40,-1.48,-1.50,-1.70,-1.65,-1.31,-1.50,-0.94,-0.98,-1.47,-1.76,-1.91,-2.07,-1.89,-1.86,-1.78,-1.55,-1.66,-1.91,-1.97,-2.03,-2.16,-2.14,-2.12,-2.14,-2.12,-1.98,-1.91,-2.02,-2.09,-2.03,-2.23,-2.12,-1.88,-1.91,-1.91,-1.66,-1.26,-0.94,-0.06,0.98,1.25,1.20,1.39,1.38,0.73,0.47,-0.18,-0.33,-0.86,-1.31,-1.46,-1.59,-1.72,-1.70,-1.81,-1.76,-1.56,-1.65,-1.98,-2.18,-2.42,-2.82,-2.87,-2.94,-2.78,-2.79,-2.79,-2.77,-2.90,-2.88,-3.04,-2.73,-2.60,-2.62,-2.63,-3.12,-2.95,-2.79,-2.85,-2.90
2.00,1.95,1.40,1.26,1.38,1.10,1.20,0.72,0.63,0.52,0.23,-0.06,-0.37,-0.07,-0.46,-0.91,-1.28,-1.61,-1.71,-1.42,-1.50,-1.79,-2.04,-2.18,-2.30,-2.40,-2.26,-2.13,-2.26,-2.21,-2.27,-2.22,-2.03,-1.94,-2.04,-2.22,-2.40,-2.53,-2.30,-2.44,-2.08,-2.03,-2.08,-2.09,-2.16,-2.19,-2.27,-2.21,-1.84,-2.00,-2.19,-2.05,-2.18,-1.89,-1.79,-1.79,-1.76,-1.67,-1.65,-1.65,-1.57,-1.52,-1.72,-1.59,-1.62,-1.71,-1.67,-1.67,-1.78,-1.86,-1.81,-1.61,-1.52,-1.48,-1.33,-1.46,-1.64,-1.45,-1.64,-1.59,-1.47,-1.78,-1.69,-1.47,-1.47,-1.62,-1.48,-1.74,-1.52,-1.95,-1.89,-1.75,-1.65,-1.93,-1.80,-1.74,-1.95,-1.91,-1.90,-1.85,-1.98,-1.97,-1.75,-1.76,-1.74,-1.59,-1.66,-1.57,-1.64,-1.64,-1.79,-1.42,-1.38,-1.26,-1.19,-1.13,-0.73,-0.36,0.39,1.00,1.17,1.45,1.71,1.40,0.96,0.65,0.03,-0.05,-0.46,-0.98,-1.53,-1.86,-1.81,-1.69,-1.71,-1.51,-1.55,-1.36,-1.56,-1.72,-1.89,-2.16,-2.30,-2.40,-2.12,-2.10,-2.19,-2.23,-2.19,-2.13,-2.35,-2.14,-2.21,-2.32,-2.27,-2.39,-2.50,-2.32,-2.31,-2.35
1.01,0.68,0.20,-0.11,-0.17,-0.31,-0.89,-0.84,-1.14,-1.57,-1.78,-1.75,-1.65,-1.61,-1.88,-2.12,-2.14,-2.07,-2.05,-1.79,-1.84,-1.97,-2.03,-1.99,-1.89,-1.78,-1.79,-1.97,-1.88,-1.83,-1.91,-2.02,-1.80,-1.50,-1.64,-1.93,-1.75,-1.95,-2.16,-2.33,-1.97,-2.02,-2.07,-2.13,-2.07,-1.93,-1.91,-1.98,-2.07,-2.09,-1.97,-2.00,-1.81,-1.93,-1.84,-1.74,-1.72,-1.80,-1.81,-1.79,-1.60,-1.75,-1.70,-1.57,-1.35,-1.48,-1.60,-1.60,-1.59,-1.56,-1.64,-1.60,-1.62,-1.70,-1.51,-1.85,-1.86,-1.75,-1.65,-1.53,-1.78,-2.04,-1.95,-1.76,-1.65,-1.78,-1.62,-1.64,-1.45,-1.57,-1.90,-1.84,-1.79,-1.66,-1.62,-1.37,-1.21,-1.17,-1.36,-1.60,-1.57,-1.36,-1.17,-1.06,-1.01,-1.01,-1.03,-0.89,-0.87,-0.96,-1.16,-0.77,-0.76,-0.69,-0.86,-0.62,-0.26,0.14,0.79,1.12,1.16,1.39,1.59,1.42,1.18,0.87,0.35,-0.17,-0.51,-0.62,-0.88,-1.18,-1.26,-1.11,-0.88,-1.04,-1.06,-0.94,-1.26,-1.30,-1.36,-1.64,-1.80,-1.85,-1.50,-1.60,-1.55,-1.52,-1.75,-1.83,-1.70,-1.69,-1.74,-1.79,-1.83,-1.88,-1.75,-1.98,-1.93,-1.85
-0.27,-0.74,-1.23,-1.47,-1.51,-1.61,-2.27,-2.42,-2.31,-1.97,-1.64,-1.53,-1.23,-1.47,-1.70,-1.75,-1.66,-1.62,-1.67,-1.60,-1.46,-1.53,-1.65,-1.65,-1.56,-1.55,-1.64,-1.90,-1.80,-1.40,-1.35,-1.53,-1.62,-1.60,-1.70,-1.93,-1.89,-1.86,-2.02,-2.26,-2.14,-2.00,-2.23,-2.31,-2.17,-2.13,-2.17,-2.05,-2.13,-2.09,-1.91,-1.78,-1.43,-1.67,-1.72,-1.70,-1.61,-1.69,-1.69,-1.43,-1.47,-1.55,-1.52,-1.42,-1.41,-1.69,-1.91,-1.98,-2.00,-1.99,-2.12,-2.03,-1.72,-1.64,-1.55,-1.64,-1.59,-1.52,-1.74,-1.45,-1.37,-1.42,-1.53,-1.59,-1.40,-1.31,-1.23,-1.42,-1.09,-1.04,-0.93,-1.27,-1.28,-1.02,-0.92,-0.82,-0.72,-0.62,-0.72,-0.83,-0.78,-0.61,-0.47,-0.44,-0.52,-0.61,-0.69,-0.64,-0.44,-0.51,-0.77,-0.43,-0.32,-0.41,-0.79,-0.36,0.05,0.29,0.84,1.29,1.34,1.39,1.57,1.51,1.16,0.83,0.57,0.24,0.18,0.45,0.37,0.00,-0.20,-0.22,-0.26,-0.44,-0.26,-0.20,-0.57,-0.66,-0.68,-0.81,-0.88,-0.78,-0.74,-0.87,-0.63,-0.59,-0.89,-0.88,-0.96,-1.02,-1.11,-1.18,-1.19,-1.12,-1.13,-1.16,-1.36,-1.41
-1.62,-1.70,-1.76,-1.81,-1.74,-1.47,-1.86,-1.94,-1.78,-1.47,-1.31,-1.50,-1.32,-1.37,-1.56,-1.65,-1.61,-1.67,-1.36,-1.35,-1.28,-1.30,-1.38,-1.36,-1.21,-1.45,-1.61,-1.71,-1.52,-1.35,-1.40,-1.48,-1.57,-1.72,-1.93,-1.95,-1.98,-2.18,-1.81,-2.24,-2.18,-2.23,-2.22,-2.14,-2.19,-2.22,-1.95,-1.72,-1.97,-1.90,-1.62,-1.78,-1.56,-1.59,-1.60,-1.80,-1.75,-2.00,-2.03,-1.71,-1.81,-1.71,-1.61,-1.59,-1.53,-1.42,-1.48,-1.57,-1.61,-1.65,-1.59,-1.53,-1.32,-1.11,-0.83,-0.88,-0.91,-0.89,-1.03,-0.89,-0.84,-0.63,-0.86,-0.58,-0.86,-0.61,-0.59,-0.57,-0.33,-0.33,-0.47,-0.74,-0.68,-0.53,-0.36,-0.27,-0.17,-0.05,0.04,0.04,0.18,-0.07,-0.41,-0.39,-0.29,-0.18,-0.27,-0.18,-0.36,-0.49,-0.57,-0.24,-0.69,-0.33,-0.41,-0.18,0.14,0.34,0.88,1.37,1.42,1.48,1.73,1.60,1.18,0.85,0.52,0.98,1.17,1.42,1.36,1.11,0.84,0.58,0.45,0.73,0.83,0.99,0.62,0.36,0.18,0.02,0.03,0.13,-0.07,-0.08,0.09,0.11,-0.02,-0.17,-0.42,-0.46,-0.44,-0.58,-0.71,-0.69,-0.89,-0.67,-0.71,-0.74
-1.67,-1.46,-1.36,-1.47,-1.45,-1.66,-1.52,-1.50,-1.52,-1.50,-1.41,-1.28,-1.43,-1.36,-1.48,-1.66,-1.67,-1.60,-1.33,-1.27,-1.24,-1.31,-1.36,-1.28,-1.19,-1.42,-1.61,-1.67,-1.69,-1.78,-1.78,-1.67,-1.67,-1.85,-1.88,-1.97,-1.85,-1.99,-1.86,-2.14,-2.22,-2.17,-2.02,-2.02,-2.12,-2.17,-2.07,-1.88,-1.89,-1.60,-1.71,-1.79,-1.86,-1.35,-1.85,-1.61,-1.33,-1.40,-1.38,-1.32,-1.27,-1.03,-0.91,-0.99,-0.91,-0.72,-0.84,-1.06,-1.12,-1.06,-0.87,-0.74,-0.56,-0.39,-0.16,-0.24,-0.37,-0.12,-0.27,-0.12,-0.21,-0.20,-0.26,-0.32,-0.42,-0.31,-0.42,-0.26,-0.10,-0.02,-0.13,-0.29,-0.48,-0.54,-0.44,-0.29,-0.33,-0.10,-0.23,-0.38,-0.20,-0.20,-0.43,-0.58,-0.63,-0.62,-0.51,-0.61,-0.76,-0.83,-0.84,-0.24,-0.03,-0.18,-0.08,0.49,0.63,0.82,1.18,1.37,1.39,1.60,1.82,1.64,1.31,0.78,0.65,0.83,1.60,2.10,2.22,1.90,1.48,1.22,1.16,1.28,1.37,1.43,1.21,1.11,0.88,0.79,0.89,0.67,0.62,0.45,0.41,0.46,0.37,0.09,-0.01,0.07,-0.03,-0.20,-0.26,-0.18,-0.46,-0.31,-0.27,-0.33
-1.64,-1.66,-1.60,-1.59,-1.70,-1.65,-1.51,-1.47,-1.43,-1.45,-1.61,-1.19,-1.45,-1.27,-1.28,-1.47,-1.47,-1.33,-1.27,-1.30,-1.26,-1.37,-1.50,-1.43,-1.40,-1.47,-1.56,-1.59,-1.61,-1.74,-1.74,-1.70,-1.75,-1.88,-2.05,-1.78,-1.80,-1.81,-2.36,-2.04,-2.18,-2.09,-2.03,-1.80,-1.76,-1.93,-1.80,-1.67,-1.67,-1.27,-1.42,-1.18,-1.03,-1.02,-0.94,-0.84,-0.73,-0.67,-0.69,-0.63,-0.61,-0.49,-0.23,-0.18,-0.21,-0.26,-0.43,-0.59,-0.54,-0.34,-0.41,-0.44,-0.26,-0.20,-0.01,-0.03,-0.02,0.21,-0.05,0.04,0.04,-0.18,-0.29,-0.34,-0.33,-0.46,-0.46,-0.17,-0.18,-0.16,-0.27,-0.34,-0.58,-0.42,-0.27,-0.23,-0.12,0.04,-0.03,-0.21,0.00,0.26,0.18,-0.05,0.03,0.30,0.40,0.32,0.25,0.32,0.49,0.95,1.03,0.79,0.71,0.76,1.03,1.12,1.39,1.62,1.71,1.85,1.93,1.74,1.45,0.84,0.60,0.44,1.67,2.31,2.60,2.24,1.79,1.61,1.42,1.32,1.57,1.64,1.40,1.23,0.98,0.85,0.78,0.55,1.04,0.90,0.68,0.57,0.47,0.35,0.23,0.30,0.08,-0.05,0.02,0.05,-0.10,-0.05,-0.15,-0.18
-1.23,-1.16,-1.18,-1.31,-1.56,-1.37,-1.27,-1.28,-1.24,-1.23,-1.50,-1.16,-1.32,-1.22,-1.24,-1.38,-1.28,-1.47,-1.21,-1.28,-1.36,-1.50,-1.64,-1.59,-1.45,-1.45,-1.18,-1.24,-1.46,-1.56,-1.66,-1.76,-1.78,-1.70,-1.64,-1.75,-1.55,-1.62,-1.79,-1.56,-1.74,-1.69,-1.32,-1.11,-1.14,-1.22,-1.12,-1.02,-0.96,-0.86,-0.73,-0.53,-0.52,-0.56,-0.29,-0.26,-0.22,-0.36,-0.23,-0.06,-0.06,-0.17,-0.08,0.04,-0.06,-0.23,-0.34,-0.37,-0.29,-0.17,-0.23,-0.42,-0.24,-0.16,-0.03,0.07,0.11,0.10,-0.15,0.11,-0.06,-0.13,-0.23,-0.16,-0.06,-0.08,0.00,0.21,0.36,0.28,0.23,0.28,0.11,0.52,0.99,0.99,1.15,1.32,1.55,1.61,1.72,2.08,2.17,1.97,2.06,2.23,2.28,2.34,2.22,2.25,1.90,2.53,2.61,2.32,2.12,1.89,1.73,1.61,1.78,1.91,2.05,2.18,2.19,1.95,1.45,0.94,0.57,0.42,1.64,2.35,2.81,2.49,1.91,1.60,1.50,1.45,1.42,1.48,1.16,1.21,1.15,1.04,1.01,1.04,0.85,0.99,0.76,0.56,0.55,0.51,0.21,0.28,0.19,0.16,0.15,0.13,0.13,0.13,0.08,0.15
-1.37,-1.24,-1.21,-1.41,-1.36,-1.18,-1.12,-1.24,-1.30,-1.18,-1.28,-1.14,-1.17,-1.17,-1.27,-1.41,-1.32,-1.56,-1.24,-1.26,-1.19,-1.30,-1.53,-1.41,-1.24,-1.23,-1.47,-1.26,-1.30,-1.22,-1.02,-0.87,-0.83,-0.86,-0.66,-0.87,-0.81,-0.88,-1.03,-0.87,-0.74,-0.83,-0.78,-0.57,-0.52,-0.49,-0.42,-0.52,-0.41,-0.23,-0.05,-0.20,-0.15,0.02,-0.05,-0.17,-0.17,-0.23,-0.12,-0.01,-0.01,-0.08,-0.08,-0.02,-0.05,-0.13,-0.17,-0.24,-0.22,-0.07,-0.03,-0.12,0.08,0.30,0.40,0.44,0.69,0.78,0.71,0.85,0.92,0.99,0.94,1.01,1.27,1.55,1.54,1.68,1.65,1.51,1.36,1.45,1.60,1.94,2.40,2.46,2.58,2.73,2.77,2.84,2.84,3.02,3.09,3.08,3.26,3.35,3.25,3.14,3.13,3.14,3.00,2.95,2.91,2.88,2.69,2.61,2.51,2.35,2.42,2.41,2.43,2.49,2.45,2.05,1.44,1.11,0.66,0.39,1.56,2.43,2.91,2.64,2.02,1.66,1.62,1.59,1.59,1.62,1.43,1.26,1.09,0.93,0.87,0.93,0.82,0.90,0.90,0.69,0.52,0.47,0.41,0.28,0.46,0.45,0.36,0.30,0.26,0.16,0.28,0.25
-1.43,-1.28,-1.16,-1.28,-1.03,-0.89,-0.86,-1.02,-1.22,-1.16,-1.09,-0.86,-0.88,-0.91,-0.99,-1.12,-0.97,-1.19,-0.98,-1.04,-0.89,-0.82,-0.99,-0.72,-0.43,-0.69,-0.47,-0.72,-0.76,-0.67,-0.59,-0.52,-0.36,-0.21,-0.42,-0.56,-0.34,-0.42,-0.71,-0.57,-0.43,-0.52,-0.39,-0.22,-0.26,-0.21,-0.08,-0.34,-0.24,-0.13,0.18,-0.10,0.09,0.34,0.25,0.09,0.08,0.20,0.20,0.15,0.30,0.34,0.36,0.44,0.46,0.50,0.45,0.30,0.31,0.58,0.77,0.83,1.12,1.51,1.62,1.74,1.97,2.07,2.13,2.16,2.34,2.52,2.41,2.23,2.51,2.84,2.64,2.53,2.49,2.24,2.17,2.28,2.40,2.77,3.15,3.30,3.30,3.50,3.66,3.69,3.60,3.77,3.75,3.57,3.85,4.14,4.08,4.07,3.88,3.73,3.75,3.65,3.71,3.83,3.57,3.47,3.28,3.18,3.02,2.98,2.77,2.61,2.34,1.79,1.54,1.36,0.46,0.39,1.55,2.46,2.93,2.75,2.25,1.83,1.67,1.66,1.71,1.79,1.51,1.38,1.14,1.00,1.00,1.04,1.16,1.39,0.84,0.69,0.72,0.57,0.44,0.44,0.53,0.61,0.56,0.49,0.46,0.36,0.40,0.25
-1.06,-0.92,-0.82,-0.97,-0.66,-0.49,-0.49,-0.63,-0.83,-0.89,-0.78,-0.28,-0.34,-0.34,-0.32,-0.49,-0.36,-0.76,-0.66,-0.51,-0.53,-0.56,-0.42,-0.26,0.09,-0.05,0.13,-0.15,-0.28,-0.27,-0.10,0.19,0.28,-0.05,0.04,-0.01,0.09,-0.17,-0.51,-0.26,-0.21,-0.32,-0.32,-0.31,-0.34,-0.17,0.16,-0.02,0.13,0.11,0.62,0.53,0.61,0.88,0.98,1.17,1.11,1.12,1.21,1.22,1.50,1.53,1.55,1.68,1.68,1.64,1.49,1.29,1.26,1.51,1.89,2.12,2.51,2.90,2.94,3.07,3.09,3.21,3.01,3.15,3.10,3.38,3.22,3.13,3.19,3.25,3.33,3.00,3.08,2.61,2.49,2.67,2.72,3.28,3.78,3.97,4.07,4.34,4.28,4.24,4.41,4.56,4.67,4.69,4.84,5.06,5.08,4.99,4.81,4.67,4.85,4.89,4.85,4.79,4.58,4.40,4.16,4.07,3.81,3.38,2.88,2.51,2.26,1.89,1.45,1.23,0.47,0.57,1.37,2.52,3.07,3.02,2.49,2.00,1.80,1.72,1.70,1.89,1.53,1.53,1.42,1.22,0.99,0.88,1.09,0.83,0.99,1.09,0.92,0.69,0.80,0.82,0.79,0.72,0.61,0.58,0.66,0.50,0.49,0.39
-0.72,-0.59,-0.41,-0.59,-0.52,-0.03,-0.12,-0.36,-0.39,-0.42,-0.47,0.13,0.04,0.19,0.44,0.07,-0.16,-0.18,-0.23,-0.23,-0.13,0.00,0.21,0.74,0.42,0.46,0.34,0.28,0.39,0.39,0.31,0.35,0.39,0.31,0.37,0.34,0.15,-0.03,-0.05,0.40,0.51,0.45,0.40,0.41,0.56,0.80,1.31,1.21,1.32,1.31,1.72,1.93,1.80,1.80,2.17,2.52,2.40,2.32,2.45,2.54,2.82,2.87,2.83,2.96,2.77,2.46,2.30,2.14,2.23,2.48,2.85,3.14,3.43,3.60,3.65,3.68,3.77,3.88,3.69,3.70,3.60,3.71,3.54,3.73,3.58,3.65,4.00,3.75,3.69,2.89,2.59,2.71,2.77,3.62,4.50,4.61,4.89,5.03,4.88,4.79,4.89,5.04,5.15,5.09,5.20,5.49,5.55,5.46,5.38,5.18,5.16,5.35,5.54,5.38,5.13,4.99,4.62,4.30,4.18,3.82,2.85,2.43,2.32,1.89,1.60,1.25,0.66,0.51,1.14,2.85,3.35,3.37,2.70,2.11,2.01,1.80,1.73,1.90,1.60,1.46,1.45,1.34,1.12,0.98,0.96,0.90,1.03,1.10,0.96,0.79,0.79,0.67,0.67,0.58,0.67,0.74,0.60,0.23,0.35,0.51
-0.20,-0.07,0.04,-0.08,-0.24,0.40,0.32,-0.01,0.13,0.32,-0.22,0.37,0.52,0.60,0.82,0.68,0.50,0.67,0.34,0.50,0.77,0.77,0.88,0.96,1.25,1.09,0.80,1.00,1.16,1.31,1.31,1.07,1.21,1.33,1.20,1.38,1.16,1.06,1.26,1.77,2.02,2.07,2.06,2.05,2.24,2.48,2.88,2.57,2.75,2.66,2.72,3.00,3.00,2.82,3.27,3.33,3.38,3.44,3.51,3.50,3.78,3.98,4.00,3.92,3.44,2.93,2.66,2.53,2.90,3.20,3.60,3.82,3.90,3.97,4.07,4.21,4.27,4.22,4.22,3.96,4.10,4.23,4.00,4.07,4.05,4.30,4.40,4.41,4.21,2.95,2.63,2.40,2.65,3.69,4.78,4.91,5.12,5.16,4.99,4.91,5.02,5.19,5.17,5.09,5.26,5.44,5.38,5.35,5.25,5.05,5.31,5.37,5.48,5.30,5.20,4.78,4.45,4.44,4.23,3.83,2.83,2.22,2.08,1.83,1.44,0.94,0.45,0.56,1.04,3.04,3.47,3.53,2.88,2.32,2.16,1.97,2.03,1.87,1.54,1.44,1.42,1.37,1.31,1.20,1.00,1.20,1.29,1.11,0.98,0.88,0.68,0.50,0.82,0.82,0.83,0.82,0.78,0.73,0.62,0.65
0.55,0.76,0.57,0.51,0.62,0.76,0.73,0.63,0.67,0.92,0.77,0.93,1.12,1.22,1.25,1.25,1.09,0.98,0.87,1.14,1.50,1.62,1.77,1.89,2.53,2.38,2.22,2.52,2.72,2.78,2.85,2.78,2.82,3.01,2.81,2.29,2.22,2.16,2.18,2.88,3.49,3.58,3.57,3.66,3.78,3.79,4.12,3.76,3.95,3.88,3.62,3.77,3.85,3.88,4.05,4.02,4.20,4.17,4.27,4.34,4.62,4.89,5.01,4.85,4.17,3.52,3.03,2.67,3.02,3.75,4.22,4.30,4.38,4.53,4.65,4.53,4.49,4.50,4.42,4.28,4.50,4.71,4.65,4.55,4.54,4.88,4.74,4.96,4.58,2.85,2.58,2.12,2.46,3.63,4.72,5.13,5.11,5.09,5.05,5.02,5.10,5.24,5.19,5.10,5.26,5.35,5.23,5.27,5.31,5.18,5.11,5.11,5.22,4.96,4.71,4.77,4.45,4.18,4.04,3.88,2.85,2.35,2.32,2.03,1.57,1.17,0.92,0.77,1.09,2.93,3.46,3.37,2.93,2.54,2.30,2.17,2.17,1.91,1.64,1.59,1.53,1.29,1.22,1.32,1.25,1.31,1.37,1.36,1.16,0.94,0.87,0.74,0.89,0.83,0.79,0.71,0.73,1.07,0.94,0.73
1.01,1.16,1.17,1.17,1.18,1.31,1.36,1.40,1.59,1.82,1.64,1.66,1.80,2.06,2.38,2.60,2.43,2.38,2.48,2.70,2.91,2.98,3.18,3.32,3.76,3.68,3.51,3.58,3.70,3.73,3.76,3.70,3.58,3.63,3.53,2.89,2.48,2.34,2.66,3.71,4.53,4.65,4.65,4.85,4.90,4.71,5.03,4.87,4.79,4.90,4.55,4.58,4.67,4.74,4.70,4.79,4.85,4.67,4.71,4.76,4.99,5.19,5.20,5.04,4.41,3.53,2.81,2.35,2.46,3.66,4.60,4.82,5.03,5.01,5.06,4.78,4.78,4.69,4.68,4.77,4.84,4.64,4.87,4.72,4.61,5.20,5.03,5.04,4.77,2.53,2.14,1.78,1.97,3.33,4.53,5.25,5.18,5.11,5.32,5.12,5.05,5.18,5.26,5.22,5.30,5.26,5.16,5.26,5.18,4.99,4.88,4.97,4.77,4.60,4.54,4.27,3.94,3.82,3.40,3.43,2.91,2.58,2.58,2.24,1.53,1.14,1.22,1.04,0.92,2.61,3.40,3.40,2.89,2.53,2.38,2.20,2.02,2.07,1.83,1.68,1.60,1.37,1.37,1.55,1.59,1.37,1.20,1.33,1.21,1.01,0.99,0.99,0.93,0.96,0.88,0.85,0.89,0.76,0.71,0.68
1.95,2.22,2.54,2.47,2.46,2.87,3.16,3.10,2.87,3.06,3.43,3.49,3.49,3.66,3.97,3.75,3.73,3.76,3.70,3.79,3.92,3.84,3.91,4.09,4.51,4.41,4.22,4.25,4.34,4.34,4.21,3.96,3.78,3.76,3.32,3.08,2.35,2.14,2.77,4.09,5.05,5.24,5.32,5.53,5.56,5.39,5.62,5.38,5.11,5.16,4.87,4.75,4.90,4.98,4.94,4.91,4.89,4.77,4.76,4.61,4.89,5.17,5.03,5.02,4.56,3.28,2.16,1.83,1.80,2.97,4.27,5.04,5.23,5.09,5.26,5.11,5.11,4.96,4.78,4.78,4.77,4.58,4.87,4.87,4.70,5.35,5.26,5.01,5.17,2.12,1.46,1.11,1.32,2.95,4.35,5.04,5.09,5.13,5.26,5.08,5.04,5.16,5.16,5.13,5.17,5.06,4.99,5.05,5.02,4.90,4.84,4.83,4.76,4.38,4.49,4.03,3.84,3.71,3.52,3.50,3.04,2.72,2.46,2.03,1.57,1.25,1.14,0.69,0.67,2.28,3.30,3.24,3.00,2.64,2.32,2.26,2.31,2.17,1.93,1.73,1.53,1.51,1.59,1.68,1.70,1.39,1.22,1.36,1.23,1.05,1.01,1.12,0.87,0.95,0.85,0.98,1.18,1.05,0.99,0.74
3.12,3.16,3.16,3.46,3.68,3.78,3.83,3.79,3.68,3.79,3.81,4.05,4.14,4.17,4.43,4.31,4.23,4.23,4.17,4.05,3.92,3.77,3.75,4.10,4.37,3.89,3.64,3.79,3.85,3.71,3.54,3.01,2.89,2.89,2.37,2.42,1.84,1.94,2.59,4.03,5.15,5.35,5.46,5.63,5.71,5.63,5.81,5.39,5.24,5.01,4.82,4.54,4.77,4.82,4.90,4.77,4.76,4.65,4.63,4.56,4.77,4.96,4.87,4.82,4.37,3.21,1.91,1.34,1.36,2.71,3.96,5.06,5.32,5.48,5.47,5.46,5.33,5.22,4.96,4.81,4.95,4.67,4.99,5.11,4.78,5.18,5.13,5.40,5.26,1.83,1.00,0.66,0.96,2.64,4.20,4.72,4.83,4.92,4.89,4.91,4.94,5.02,4.83,4.84,4.91,4.87,4.79,4.69,4.67,4.68,4.53,4.48,4.50,4.35,4.38,3.79,3.71,3.57,3.28,3.01,2.54,2.26,2.18,1.88,1.38,1.14,0.83,0.56,0.34,1.54,3.03,3.52,3.32,2.87,2.52,2.40,2.38,2.35,2.14,1.85,1.55,1.56,1.57,1.57,1.62,1.43,1.31,1.38,1.34,1.17,1.06,1.12,0.93,0.95,0.95,1.01,1.07,1.00,1.10,0.87
3.28,3.54,3.96,3.84,3.90,4.04,4.20,4.21,3.89,4.05,3.81,3.82,3.81,3.64,3.57,3.63,3.10,3.00,2.93,2.88,2.93,2.95,2.97,3.72,3.45,2.82,2.54,2.54,2.54,2.40,2.14,1.70,1.59,1.53,1.42,1.57,1.18,1.64,2.37,3.96,5.22,5.35,5.52,5.59,5.62,5.75,5.96,5.32,5.26,4.97,4.79,4.65,4.84,4.77,4.71,4.72,4.72,4.75,4.63,4.36,4.56,4.72,4.65,4.69,3.92,2.48,1.25,0.84,0.92,2.32,3.54,4.71,5.18,5.30,5.19,5.12,5.16,5.18,4.71,4.81,5.03,4.75,4.70,4.85,4.85,5.06,4.79,5.20,4.53,1.54,0.66,0.60,0.90,2.28,3.91,4.34,4.56,4.51,4.47,4.64,4.74,4.75,4.60,4.69,4.70,4.63,4.62,4.44,4.40,4.47,4.27,4.17,4.21,4.00,3.96,3.62,3.53,3.53,3.37,2.91,2.23,1.99,2.03,1.82,1.42,1.00,0.51,0.47,0.10,1.57,3.02,3.32,3.24,2.84,2.45,2.20,2.06,2.17,2.07,1.84,1.77,1.77,1.67,1.55,1.49,1.46,1.29,1.40,1.48,1.39,1.23,1.22,1.12,1.21,1.09,1.03,1.09,1.16,1.17,1.25
3.44,3.73,3.21,3.28,3.26,3.46,3.44,2.98,2.81,2.95,2.75,2.64,2.52,2.34,2.22,2.14,1.64,1.50,1.33,1.22,1.46,1.95,2.23,3.02,2.79,2.14,1.78,1.59,1.49,1.45,1.27,1.12,0.96,1.12,1.03,1.20,0.92,1.25,2.12,3.82,5.15,5.31,5.48,5.56,5.59,5.74,6.06,5.26,5.06,4.94,4.71,4.56,4.56,4.58,4.51,4.48,4.38,4.37,4.38,4.20,4.40,4.43,4.23,4.36,3.57,2.05,0.89,0.41,0.72,1.89,3.41,4.63,5.02,5.22,5.08,5.12,5.18,5.19,4.45,4.68,4.42,4.28,4.12,4.28,3.97,4.36,4.18,4.77,4.02,1.20,0.46,0.39,0.69,2.12,3.57,4.08,4.29,4.27,4.27,4.47,4.56,4.56,4.42,4.48,4.48,4.44,4.47,4.37,4.31,4.31,4.18,4.10,4.01,3.75,3.68,3.46,3.38,3.49,3.24,2.90,2.18,1.93,1.89,1.61,1.27,1.05,0.62,0.23,0.37,1.88,3.28,3.53,3.26,3.03,2.72,2.42,2.43,2.24,2.07,2.19,2.01,1.94,1.85,1.65,1.44,1.53,1.27,1.51,1.64,1.51,1.36,1.37,1.27,1.48,1.21,1.05,1.10,1.22,1.29,1.25
2.96,2.54,2.31,2.14,2.07,2.11,2.02,1.73,1.79,1.66,1.62,1.55,1.42,1.25,1.07,0.82,0.63,0.51,0.24,0.10,0.62,1.53,1.94,2.53,2.48,1.76,1.36,1.16,0.99,0.95,1.00,0.79,0.57,1.06,0.78,0.96,0.77,0.93,1.96,3.72,4.96,5.24,5.39,5.39,5.42,5.41,5.74,5.15,4.75,4.60,4.62,4.21,4.37,4.38,4.29,4.25,4.11,4.09,4.17,3.97,4.14,4.30,4.02,4.21,3.62,1.91,0.61,0.18,0.53,1.88,3.22,4.03,4.55,5.02,4.99,5.29,4.36,4.04,3.39,3.38,3.08,2.78,2.63,2.51,2.05,2.76,2.60,3.30,3.22,0.96,0.44,0.21,0.39,1.90,3.39,4.08,4.18,4.30,4.35,4.38,4.38,4.50,4.38,4.33,4.33,4.37,4.37,4.30,4.36,4.28,4.16,4.07,3.95,3.78,3.72,3.37,3.20,3.47,3.21,2.85,2.17,1.93,1.95,1.71,1.37,1.07,0.53,0.49,0.72,2.06,3.13,3.52,3.53,3.31,2.90,2.58,2.47,2.36,2.30,2.19,2.10,2.10,2.12,2.01,1.80,1.80,1.37,1.59,1.65,1.46,1.32,1.40,1.34,1.44,1.20,1.06,1.12,1.26,1.21,1.06
1.85,1.49,1.32,1.03,0.88,0.83,0.80,0.77,0.68,0.72,0.77,0.61,0.45,0.47,0.41,0.05,0.03,0.02,-0.13,-0.16,0.32,1.29,1.70,2.24,2.13,1.45,1.18,1.06,0.82,0.80,0.93,0.65,0.47,1.04,0.79,0.80,0.78,0.95,1.82,3.56,4.89,5.10,5.25,5.22,5.23,5.42,5.37,4.75,4.50,4.34,4.28,4.07,4.14,4.08,4.11,4.04,3.82,3.84,3.94,3.72,3.84,3.95,3.72,3.91,3.38,1.67,0.46,-0.03,0.15,1.68,3.08,3.95,4.29,4.05,4.33,4.18,2.19,2.12,1.56,1.56,1.68,1.51,1.44,1.12,0.93,1.54,1.72,2.24,2.77,0.85,0.36,0.16,0.29,1.53,3.32,4.07,4.18,4.25,4.27,4.38,4.34,4.47,4.37,4.30,4.22,4.20,4.21,4.20,4.29,4.20,4.01,4.01,3.77,3.64,3.75,3.30,3.09,3.39,3.08,2.84,2.11,1.77,1.90,1.76,1.28,0.84,0.57,0.53,0.71,2.00,3.40,3.64,3.75,3.58,3.13,2.66,2.42,2.38,2.12,2.08,1.87,1.90,2.03,2.05,1.90,1.70,1.71,1.54,1.50,1.43,1.36,1.39,1.38,1.36,1.18,1.07,1.11,1.17,1.01,0.96
1.28,0.98,0.66,0.26,0.15,0.16,0.21,0.32,0.16,0.26,0.25,0.08,-0.02,0.14,0.05,-0.39,-0.22,-0.23,-0.34,-0.29,0.20,1.12,1.27,2.06,1.94,1.36,1.12,1.07,0.85,0.78,0.95,0.80,0.73,1.18,0.85,0.96,0.78,0.84,1.72,3.35,4.60,4.97,5.29,5.13,5.11,5.17,5.44,4.35,4.23,4.09,4.11,4.15,4.29,4.24,4.18,3.89,3.58,3.47,3.51,3.46,3.62,3.77,3.62,3.59,2.82,1.28,0.10,-0.28,-0.10,1.42,3.04,4.02,4.18,3.62,3.46,3.47,1.78,1.22,1.06,1.18,1.21,1.14,1.04,0.71,0.61,1.29,1.46,1.60,2.31,0.37,0.03,0.05,0.14,1.01,3.21,3.94,4.08,4.05,4.10,4.24,4.22,4.23,4.12,4.14,4.12,4.02,4.02,4.01,3.97,3.85,3.69,3.70,3.57,3.50,3.58,3.37,3.07,3.21,2.97,2.78,2.05,1.73,1.74,1.50,1.01,0.66,0.50,0.32,0.61,1.67,3.31,3.62,3.59,3.38,2.96,2.54,2.36,2.36,1.95,2.07,1.76,1.80,1.87,1.80,1.71,1.74,1.54,1.70,1.62,1.49,1.46,1.56,1.46,1.48,1.36,1.15,1.01,1.00,0.94,1.03
1.26,0.76,0.45,0.19,0.00,-0.07,-0.05,0.03,-0.07,0.07,0.04,-0.03,-0.03,0.03,-0.15,-0.47,-0.28,-0.37,-0.66,-0.56,0.30,1.32,1.16,2.02,1.93,1.46,1.16,1.10,1.10,0.92,0.82,0.87,0.67,1.17,0.94,1.11,0.85,0.62,1.54,3.41,4.70,4.88,5.05,4.90,5.04,5.26,5.26,4.42,3.97,4.09,3.84,3.73,3.78,3.77,3.82,3.64,3.46,3.39,3.44,3.41,3.43,3.60,3.56,3.57,2.94,1.25,-0.07,-0.43,0.05,1.22,3.06,4.03,4.01,3.65,3.65,3.13,1.60,0.80,0.74,1.07,1.07,0.78,0.79,0.56,0.57,1.32,1.11,1.45,1.60,0.28,-0.21,-0.32,-0.18,0.80,3.10,3.81,4.11,4.15,4.22,4.12,4.03,4.18,4.03,4.00,4.02,3.98,3.95,3.84,3.73,3.64,3.58,3.62,3.71,3.57,3.37,3.49,3.34,3.22,2.94,2.82,2.22,1.96,1.83,1.44,1.00,0.72,0.47,0.23,0.88,1.93,3.25,3.60,3.69,3.43,2.95,2.57,2.40,2.25,2.34,1.70,1.84,1.76,1.77,1.89,1.96,1.77,1.76,1.82,1.72,1.55,1.59,1.82,1.64,1.48,1.39,1.29,1.21,1.14,0.96,1.11
0.93,0.42,0.18,0.19,-0.06,-0.27,-0.27,-0.28,-0.37,-0.10,-0.13,-0.16,-0.16,-0.31,-0.16,-0.38,-0.41,-0.49,-0.59,-0.42,0.34,1.05,1.27,1.70,1.79,1.55,1.39,1.33,1.17,1.00,1.15,1.26,1.03,1.31,0.98,0.76,0.49,0.53,1.43,3.27,4.79,4.91,4.88,4.81,4.94,5.23,5.10,4.43,4.04,4.12,3.88,4.08,3.91,3.75,3.71,3.65,3.62,3.60,3.56,3.41,3.39,3.66,3.68,3.49,2.73,1.12,0.04,-0.42,-0.11,1.26,2.91,3.58,3.25,3.76,3.79,2.91,1.31,0.89,0.58,0.66,0.61,0.37,0.57,0.72,0.57,1.20,0.99,1.45,1.12,0.05,-0.22,-0.36,-0.39,0.82,3.02,3.78,4.16,4.20,4.23,4.21,4.10,4.21,3.95,3.79,3.77,3.79,3.87,3.77,3.72,3.69,3.56,3.69,3.63,3.45,3.21,3.33,3.28,3.18,2.88,2.69,2.11,1.89,1.62,1.29,0.99,0.62,0.35,0.10,0.71,1.95,3.38,3.63,3.52,3.32,2.95,2.65,2.63,2.59,2.37,2.26,1.84,1.89,1.89,2.05,2.18,1.79,1.99,2.01,1.85,1.66,1.67,1.83,1.71,1.48,1.20,1.22,1.44,1.45,1.00,1.14
0.50,0.15,-0.20,-0.20,-0.36,-0.49,-0.39,-0.34,-0.37,-0.18,-0.23,-0.31,-0.33,-0.46,-0.31,-0.41,-0.46,-0.61,-0.76,-0.57,0.30,0.83,1.29,1.46,1.51,1.37,1.45,1.53,1.25,1.20,1.40,1.17,0.99,1.11,0.74,0.67,0.55,0.60,1.44,3.19,4.50,4.56,5.06,4.91,4.88,4.99,4.90,4.24,4.09,4.08,3.82,3.57,3.50,3.68,3.57,3.37,3.50,3.54,3.43,3.39,3.34,3.50,3.65,3.45,2.37,0.56,-0.32,-0.56,-0.34,0.99,2.77,3.26,3.76,3.34,3.19,2.49,1.28,0.76,0.58,0.46,0.21,0.11,0.29,0.21,0.32,1.05,0.68,1.11,0.99,-0.12,-0.51,-0.62,-0.22,0.78,2.91,3.85,4.18,4.16,4.12,4.22,4.02,4.04,3.90,3.66,3.53,3.51,3.62,3.69,3.72,3.69,3.37,3.43,3.28,3.12,3.09,3.01,3.04,2.98,2.69,2.47,1.96,1.79,1.45,1.12,0.87,0.50,0.26,0.09,0.65,1.88,3.37,3.53,3.41,3.30,2.95,2.72,2.77,2.63,2.41,2.32,2.19,2.02,2.02,2.11,2.07,1.91,1.76,1.83,1.91,1.88,1.74,1.61,1.72,1.73,1.38,1.28,1.38,1.44,1.28,1.56
0.41,0.23,-0.17,-0.41,-0.47,-0.44,-0.36,-0.29,-0.29,-0.18,-0.10,-0.21,-0.42,-0.48,-0.52,-0.59,-0.61,-0.68,-0.76,-0.53,0.31,0.90,1.27,1.44,1.48,1.59,1.53,1.29,1.20,1.27,1.43,1.23,0.98,0.87,0.68,0.51,0.44,0.57,1.49,3.30,4.65,4.68,4.68,4.65,4.42,4.84,4.95,3.96,3.75,3.65,3.77,3.43,3.41,3.44,3.53,3.44,3.50,3.46,3.35,3.40,3.25,3.39,3.53,3.22,2.03,0.51,-0.23,-0.38,-0.36,0.95,2.87,3.08,3.63,3.19,3.32,2.35,1.17,0.52,0.50,0.46,0.36,0.15,0.13,0.05,0.07,0.84,0.67,1.04,0.67,-0.16,-0.42,-0.54,-0.34,0.80,2.82,3.63,3.89,3.89,3.88,3.90,3.65,3.78,3.73,3.43,3.45,3.38,3.38,3.50,3.46,3.41,3.20,3.25,3.21,2.83,2.90,2.84,3.02,2.75,2.58,2.35,1.79,1.70,1.43,1.07,0.78,0.51,0.37,0.23,0.57,1.72,3.28,3.22,3.30,3.16,2.91,2.75,2.70,2.72,2.59,2.35,2.11,2.18,2.20,2.12,2.00,1.97,1.87,1.76,1.83,1.79,1.78,1.83,1.71,1.82,1.61,1.42,1.44,1.51,1.42,1.54
0.20,0.16,0.02,-0.20,-0.32,-0.31,-0.20,-0.29,-0.31,-0.16,-0.12,-0.26,-0.48,-0.68,-0.44,-0.63,-0.68,-0.81,-0.82,-0.44,0.09,0.83,1.32,1.44,1.89,1.61,1.07,0.94,0.98,0.80,0.66,0.45,0.49,0.65,0.57,0.42,0.42,0.60,1.55,3.26,4.33,4.41,4.76,4.76,4.36,4.78,4.84,4.15,3.83,3.44,3.43,3.27,3.25,3.25,3.10,3.08,3.22,3.22,3.25,3.19,3.12,3.24,2.95,2.94,2.10,0.42,-0.52,-0.92,-0.68,0.80,2.70,3.16,3.44,2.88,2.94,2.37,0.92,0.51,0.32,0.28,0.34,-0.24,0.05,0.13,0.30,0.92,0.50,1.15,0.95,-0.46,-0.49,-0.87,-0.37,0.79,2.67,3.49,3.73,3.68,3.49,3.56,3.58,3.54,3.47,3.40,3.37,3.31,3.27,3.30,3.19,3.03,3.00,3.04,2.94,2.71,2.61,2.77,2.75,2.70,2.54,2.12,1.57,1.59,1.56,1.28,0.87,0.60,0.52,0.35,0.42,1.61,3.30,3.19,3.19,3.28,3.21,3.16,3.30,3.32,3.03,2.63,2.36,2.28,2.25,2.16,2.02,2.00,2.05,1.85,1.84,1.73,1.60,1.61,1.76,1.45,1.38,1.54,1.59,1.46,1.48,1.72
0.18,-0.18,-0.41,-0.48,-0.51,-0.47,-0.34,-0.42,-0.54,-0.21,-0.31,-0.54,-0.61,-0.86,-0.48,-0.58,-0.67,-0.94,-1.07,-0.54,0.00,0.80,1.18,1.09,1.32,0.87,0.29,0.02,-0.20,-0.07,-0.41,-0.53,0.02,0.25,0.21,0.41,0.46,0.62,1.46,2.93,4.17,4.44,4.75,4.36,4.22,4.50,4.71,4.09,3.71,3.19,2.88,2.78,2.90,3.04,3.14,3.08,3.01,2.85,2.76,2.81,2.90,3.04,2.81,2.75,1.90,0.35,-0.79,-0.82,-0.72,0.71,2.55,3.37,3.45,3.03,2.88,2.13,0.84,0.42,0.09,0.13,0.19,0.10,0.10,-0.13,0.14,0.80,0.65,1.14,1.10,-0.28,-0.61,-0.92,-0.33,1.01,2.69,3.64,3.57,3.35,3.20,3.25,3.38,3.45,3.30,3.25,3.27,3.24,3.22,3.20,3.08,2.94,2.95,2.85,2.71,2.67,2.52,2.59,2.61,2.82,2.65,2.07,1.60,1.61,1.72,1.42,0.87,0.62,0.68,0.42,0.46,1.71,3.37,3.33,3.31,3.65,3.70,3.98,4.71,4.90,4.10,3.33,2.60,2.43,2.40,2.26,2.14,2.13,1.96,1.80,1.82,1.84,1.78,1.77,1.83,1.70,1.51,1.54,1.43,1.31,1.65,1.51
0.25,0.02,-0.15,-0.37,-0.44,-0.42,-0.41,-0.46,-0.29,-0.52,-0.59,-0.49,-0.48,-0.63,-0.28,-0.78,-0.83,-0.73,-0.73,-0.67,-0.02,1.05,0.89,1.15,1.04,0.41,-0.20,-0.43,-0.53,-0.69,-0.87,-0.63,-0.41,0.39,0.30,0.26,0.34,0.42,1.06,2.75,4.23,4.12,4.44,4.37,4.34,4.58,4.55,3.63,3.10,2.83,2.69,2.69,2.88,3.08,3.03,2.98,2.88,2.70,2.67,2.76,2.90,2.82,2.47,2.45,1.83,0.00,-0.71,-0.84,-0.54,0.93,2.63,3.38,2.98,3.15,2.84,1.94,0.50,0.34,-0.13,-0.06,0.16,-0.22,0.13,-0.06,0.32,0.65,0.19,1.43,1.21,-0.18,-0.44,-0.68,-0.39,0.90,2.57,3.63,3.47,3.09,3.20,3.14,3.31,3.43,3.09,3.04,3.07,3.14,3.20,3.08,3.04,3.02,3.09,3.02,2.72,2.70,2.69,2.71,2.70,2.82,2.87,2.26,1.68,1.68,1.70,1.36,0.89,0.69,0.67,0.39,0.55,1.78,3.41,3.47,3.76,3.95,4.01,5.34,7.67,8.17,5.62,3.77,2.78,2.61,2.47,2.32,2.17,2.00,1.78,1.88,1.87,1.90,1.90,1.82,1.65,1.76,1.56,1.49,1.46,1.46,1.49,1.46
0.36,0.08,-0.11,-0.37,-0.39,-0.36,-0.46,-0.52,-0.47,-0.46,-0.47,-0.53,-0.56,-0.42,-0.36,-0.57,-0.64,-0.64,-0.73,-0.77,0.15,1.32,0.73,1.20,1.06,0.31,-0.41,-0.76,-0.89,-1.08,-0.79,-0.91,-0.71,-0.23,0.16,0.25,0.21,0.57,1.56,3.06,4.28,4.08,4.31,4.42,4.17,4.45,4.31,4.01,3.53,2.88,2.77,2.79,2.76,2.78,2.69,2.78,2.75,2.55,2.53,2.63,2.87,2.55,2.58,2.93,1.76,-0.15,-0.77,-0.81,-0.56,1.04,2.37,2.85,2.90,3.01,2.96,1.76,0.74,0.10,-0.08,-0.10,0.14,-0.02,-0.18,-0.18,0.02,0.45,0.47,1.03,0.90,-0.48,-0.72,-0.77,-0.57,0.83,2.65,3.39,3.38,2.77,2.78,2.41,2.73,3.39,3.38,3.27,3.26,3.28,3.30,3.12,2.94,3.00,3.02,2.97,2.69,2.89,2.91,2.88,2.73,2.71,2.88,2.36,1.70,1.73,1.67,1.36,1.07,0.89,0.55,0.34,0.55,1.76,3.38,3.62,4.00,3.98,4.12,5.89,9.01,10.21,6.11,3.46,2.59,2.42,2.32,2.22,2.11,2.02,1.68,1.89,1.91,1.88,1.93,1.90,1.60,1.60,1.66,1.66,1.57,1.49,1.62,1.61
0.73,0.19,-0.16,-0.17,-0.13,-0.20,-0.32,-0.36,-0.34,-0.11,-0.13,-0.27,-0.26,-0.27,-0.26,-0.48,-0.46,-0.43,-0.46,-0.21,0.57,0.62,0.73,1.11,1.03,0.20,-0.58,-0.79,-0.91,-0.93,-0.67,-0.83,-0.89,-0.37,0.08,0.24,0.09,0.18,1.22,3.01,4.15,4.22,4.29,4.49,4.28,4.62,4.58,4.02,3.75,3.22,2.89,2.71,2.79,2.94,2.85,2.76,2.69,2.65,2.64,2.64,2.66,2.41,2.45,2.45,1.65,-0.10,-0.93,-0.83,-0.53,0.73,2.46,2.90,3.07,2.82,2.76,1.91,0.57,0.24,-0.22,-0.24,-0.07,-0.13,-0.07,-0.26,0.05,0.49,0.42,1.11,0.72,-0.42,-0.67,-0.63,-0.39,0.65,2.61,3.25,3.47,2.73,2.61,2.06,2.43,3.27,3.33,3.27,3.44,3.53,3.45,3.19,3.07,3.07,3.01,3.19,3.03,2.88,2.88,2.71,2.98,2.66,2.71,2.42,1.66,1.65,1.54,1.22,1.03,0.84,0.52,0.28,0.42,1.94,3.15,3.79,3.73,3.77,4.09,5.11,7.12,8.41,5.13,3.01,2.37,2.25,2.16,2.12,2.11,2.02,1.77,1.64,1.79,1.73,1.72,1.79,1.64,1.66,1.70,1.79,1.77,1.68,1.71,1.83
0.88,0.41,0.00,-0.20,-0.21,-0.17,-0.32,-0.38,-0.24,-0.16,-0.08,-0.08,-0.12,0.10,-0.28,-0.34,-0.24,-0.39,-0.62,-0.31,0.24,0.76,0.67,0.94,0.61,-0.13,-0.62,-0.74,-0.94,-1.01,-0.91,-0.89,-0.54,-0.11,0.05,0.28,0.28,0.42,1.43,3.08,4.23,4.09,4.40,4.33,4.04,4.49,4.38,4.03,3.27,2.89,2.78,2.49,2.61,2.72,2.48,2.54,2.66,2.61,2.55,2.72,3.00,2.70,2.63,2.53,1.61,0.00,-0.57,-0.91,-0.79,0.84,2.35,2.72,2.69,2.61,2.67,2.08,0.57,0.23,-0.02,-0.23,0.24,-0.15,-0.05,0.32,0.09,0.56,0.40,0.96,0.53,-0.56,-0.94,-0.56,-0.67,0.28,2.46,2.93,3.28,2.95,2.78,2.71,2.84,3.20,3.41,3.34,3.37,3.46,3.35,3.18,3.15,3.18,3.26,3.38,3.28,3.10,2.93,2.98,3.15,2.78,2.60,2.43,1.68,1.57,1.55,1.27,0.93,0.69,0.52,0.26,0.42,1.97,3.08,3.77,3.46,3.54,3.70,3.85,4.42,4.95,3.65,2.70,2.24,2.14,2.02,1.96,1.97,1.99,1.87,1.72,1.71,1.65,1.68,1.78,1.68,1.77,1.76,1.85,1.89,1.84,1.85,1.88
1.26,0.68,0.31,0.04,-0.01,0.00,-0.13,-0.21,-0.06,-0.02,0.09,0.16,0.08,0.16,-0.18,-0.18,-0.24,-0.33,-0.34,-0.15,0.46,1.00,0.69,1.04,0.80,-0.02,-0.58,-0.66,-0.81,-0.77,-0.58,-0.71,-0.43,0.08,0.26,0.21,0.16,0.49,1.60,3.28,4.25,4.30,4.47,4.22,4.33,4.48,4.40,4.00,3.59,3.25,3.10,2.89,3.03,3.07,2.76,2.64,2.76,2.75,2.65,2.69,2.83,2.97,2.93,2.54,1.66,0.02,-0.77,-0.72,-0.46,0.71,2.52,2.52,2.82,2.65,2.40,1.89,0.77,0.60,0.10,0.00,0.30,0.02,-0.29,-0.06,0.18,0.69,0.45,0.96,0.74,-0.54,-0.86,-0.89,-0.29,0.69,2.48,3.19,3.43,3.12,3.14,3.28,3.32,3.44,3.33,3.28,3.28,3.35,3.43,3.26,3.07,3.03,3.14,3.40,3.28,3.28,3.02,3.12,3.03,3.07,2.78,2.28,1.66,1.53,1.56,1.46,1.15,0.72,0.46,0.45,0.53,1.78,3.19,3.35,3.19,3.28,3.16,2.89,2.84,2.91,2.42,2.25,2.05,1.84,1.79,1.76,1.74,1.85,1.74,1.72,1.64,1.64,1.73,1.78,1.71,1.76,1.78,1.89,1.91,1.85,1.90,1.87
1.28,0.73,0.56,0.37,0.14,-0.01,0.09,-0.06,-0.06,-0.07,-0.01,0.03,-0.11,0.11,-0.01,-0.03,-0.26,-0.26,0.02,0.20,0.89,0.95,0.95,1.17,0.89,0.11,-0.51,-0.68,-0.89,-0.88,-0.28,-0.59,-0.54,-0.01,0.39,0.35,0.20,0.36,1.44,3.35,4.42,4.42,4.44,4.18,4.35,4.40,4.38,3.90,3.31,2.98,2.83,2.77,2.79,2.73,2.57,2.60,2.69,2.53,2.52,2.57,2.54,2.67,2.87,2.96,2.03,0.16,-0.83,-0.91,-0.63,0.82,2.16,2.29,2.69,2.49,2.38,1.83,1.01,0.60,0.34,-0.20,0.03,0.00,-0.22,0.10,0.20,0.44,0.74,1.15,0.98,-0.42,-0.53,-0.91,-0.56,0.52,2.32,2.71,2.72,2.88,3.32,3.50,3.33,3.30,3.33,3.38,3.33,3.25,3.22,3.06,2.83,2.75,2.77,3.09,2.88,2.75,2.69,2.72,2.51,2.55,2.20,2.10,1.50,1.37,1.34,1.18,0.94,0.60,0.31,0.18,0.30,1.78,3.03,3.13,2.95,3.01,2.88,2.59,2.31,2.00,1.79,1.83,1.85,1.57,1.60,1.65,1.62,1.64,1.60,1.43,1.59,1.61,1.61,1.65,1.67,1.74,1.71,1.89,1.89,1.80,2.02,2.10
1.05,0.96,0.55,0.45,0.36,0.16,0.11,-0.02,0.05,0.11,0.14,0.18,0.19,0.04,0.10,0.20,0.03,-0.08,0.04,0.28,0.58,0.77,0.78,1.05,0.92,0.31,-0.32,-0.69,-0.77,-0.52,-0.41,-0.56,-0.48,0.11,0.32,0.41,0.39,0.47,1.44,3.18,4.24,4.38,4.40,4.33,4.18,4.43,4.35,3.62,3.15,2.90,2.69,2.55,2.41,2.40,2.40,2.53,2.53,2.36,2.45,2.40,2.36,2.23,2.51,2.41,1.11,-0.41,-1.07,-0.88,-0.63,1.07,2.05,2.14,2.60,2.70,2.34,1.64,0.95,0.68,0.36,0.00,0.00,-0.02,-0.18,0.04,0.46,0.61,0.65,0.99,0.84,-0.33,-0.81,-0.91,-0.64,0.45,2.22,2.70,2.79,2.53,2.47,2.31,1.96,2.19,2.88,3.25,3.26,3.38,3.49,3.30,3.03,2.94,2.78,2.87,2.73,2.55,2.31,2.55,2.36,2.25,2.05,1.87,1.34,1.25,1.23,1.06,0.84,0.58,0.31,0.15,0.31,1.72,3.14,3.24,3.04,2.97,2.82,2.55,2.11,1.55,1.50,1.51,1.34,1.28,1.42,1.51,1.53,1.46,1.49,1.27,1.50,1.42,1.28,1.33,1.44,1.59,1.50,1.71,1.74,1.72,2.12,2.23
1.00,0.98,0.58,0.47,0.40,0.25,0.19,0.08,0.24,0.31,0.24,0.23,0.45,0.23,0.05,0.16,0.11,0.02,0.07,0.26,0.68,1.07,0.94,1.20,0.90,0.28,-0.18,-0.38,-0.47,-0.49,-0.20,-0.29,-0.11,0.32,0.42,0.28,0.21,0.39,1.37,3.15,3.97,4.01,4.11,4.10,3.89,4.38,4.20,3.64,2.87,2.52,2.46,2.29,2.29,2.28,2.37,2.51,2.43,2.35,2.30,2.38,2.43,2.12,2.17,1.82,0.62,-0.71,-0.94,-0.92,-0.43,0.78,2.19,2.19,2.36,2.53,1.88,1.40,0.76,0.23,0.16,-0.02,0.21,0.21,0.04,0.32,0.28,0.55,0.80,1.17,1.03,-0.56,-0.87,-0.68,-0.66,0.35,1.84,2.30,2.13,1.06,0.36,0.31,0.35,0.73,1.97,3.07,3.25,3.02,2.93,2.82,2.65,2.66,2.60,2.48,2.65,2.29,2.05,2.23,2.36,2.24,2.16,1.97,1.51,1.45,1.36,1.18,0.93,0.62,0.58,0.30,0.39,1.70,3.03,3.04,2.78,2.77,2.63,2.25,1.71,1.17,1.11,1.29,0.80,0.72,0.88,1.10,1.20,1.07,0.98,0.77,0.89,0.83,0.77,0.84,0.98,0.98,1.06,1.31,1.51,1.70,2.02,2.14
1.06,0.98,0.76,0.61,0.49,0.40,0.36,0.28,0.41,0.58,0.57,0.51,0.61,0.55,0.19,0.30,0.25,0.11,0.15,0.35,0.77,1.42,1.07,1.23,1.05,0.56,0.24,0.21,0.10,-0.17,0.10,0.30,0.20,0.31,0.37,0.31,0.08,0.29,1.54,3.19,4.07,4.07,4.07,4.04,3.70,4.04,3.98,3.56,3.04,2.78,2.78,2.43,2.43,2.45,2.45,2.45,2.29,2.28,2.26,2.14,1.95,2.06,2.03,1.94,0.98,-0.29,-0.88,-0.76,-0.58,0.69,2.17,2.29,2.45,2.32,2.42,1.78,0.99,0.52,0.53,0.24,0.36,-0.06,0.26,0.68,0.58,0.95,0.79,1.32,0.96,-0.54,-0.67,-0.59,-0.59,0.44,2.49,3.06,2.83,1.29,0.13,0.11,0.28,0.42,1.20,2.60,3.07,3.00,3.13,2.91,2.71,2.71,2.61,2.70,2.70,2.19,2.32,2.38,2.59,2.53,2.40,2.13,1.78,1.76,1.67,1.51,1.15,0.72,0.71,0.51,0.63,1.62,2.84,3.09,2.94,2.90,2.58,2.02,1.53,1.06,0.78,0.84,0.52,0.47,0.42,0.62,0.87,0.69,0.52,0.52,0.16,0.16,0.37,0.52,0.53,0.53,0.68,1.09,1.45,1.80,2.23,2.14
1.26,1.10,0.93,0.78,0.66,0.57,0.61,0.51,0.66,0.84,0.85,0.78,0.78,0.79,0.65,0.68,0.46,0.26,0.32,0.56,0.94,1.72,1.16,1.23,1.18,0.79,0.52,0.47,0.23,0.19,0.34,0.26,0.26,0.21,0.35,0.19,0.02,0.34,1.46,3.00,3.78,3.92,4.11,3.96,3.95,3.92,3.78,3.19,2.98,2.55,2.47,2.25,2.36,2.42,2.41,2.40,2.19,2.06,2.07,2.10,2.03,2.05,2.10,1.89,0.87,-0.68,-1.09,-1.01,-0.89,0.57,1.94,2.32,2.18,2.06,2.40,1.74,0.95,0.50,0.71,0.19,0.51,0.21,0.14,0.46,0.29,0.95,1.04,1.33,0.49,-0.73,-0.89,-0.51,-0.69,0.51,2.51,2.84,2.31,1.00,0.13,0.02,-0.03,-0.13,1.04,2.49,3.03,3.12,2.98,2.67,2.52,2.55,2.64,2.72,2.46,2.14,2.16,2.23,2.24,2.36,2.30,2.08,1.70,1.82,1.82,1.53,1.12,0.76,0.58,0.45,0.36,1.38,2.71,3.02,2.78,2.66,2.54,2.22,1.46,0.49,0.47,0.72,0.31,0.34,0.30,0.44,0.57,0.30,0.41,0.37,-0.10,-0.17,0.07,0.18,-0.02,0.25,0.62,1.20,1.68,1.94,2.06,1.85
1.39,1.25,1.10,0.98,0.83,0.79,1.00,0.85,0.92,0.93,0.88,0.87,0.96,0.99,1.01,1.03,0.82,0.62,0.69,1.00,1.05,1.77,1.37,1.54,1.40,0.98,0.71,0.57,0.30,0.39,0.56,0.31,0.36,0.31,0.41,0.21,0.11,0.47,1.53,3.04,3.83,3.73,4.14,3.88,3.89,4.05,3.51,3.01,2.79,2.47,2.35,2.17,2.29,2.23,2.16,2.23,2.14,2.11,2.01,2.06,2.17,2.13,2.24,1.95,0.76,-0.33,-0.71,-1.13,-1.07,0.53,2.18,2.31,2.20,2.19,2.43,1.60,0.85,0.61,0.30,0.28,0.60,0.20,0.28,1.00,0.51,1.21,1.42,1.31,0.37,-0.67,-0.64,-0.91,-0.79,0.73,2.53,2.98,2.38,1.38,1.09,0.71,0.94,0.87,1.74,2.79,3.02,3.18,3.10,2.77,2.66,2.66,2.71,2.87,2.42,2.22,2.34,2.32,2.12,2.22,2.17,1.88,1.70,1.76,1.76,1.49,1.21,1.01,0.72,0.52,0.53,1.34,2.59,2.88,3.02,2.78,2.52,2.11,1.17,0.09,0.05,0.18,0.02,0.09,0.14,0.20,0.30,0.34,0.32,0.23,-0.02,-0.02,0.00,-0.13,0.08,0.28,0.74,1.34,1.88,2.13,2.05,2.10
1.29,1.44,1.33,1.14,1.09,1.17,1.25,1.33,1.16,1.04,0.99,1.06,1.20,1.11,1.15,1.04,1.09,1.05,1.03,1.36,1.10,1.74,1.45,1.77,1.66,1.22,0.80,0.57,0.60,0.71,0.98,0.63,0.55,0.32,0.39,0.19,0.07,0.44,1.61,3.28,3.87,3.73,4.18,3.82,3.78,3.90,3.77,3.27,2.97,2.57,2.36,2.07,2.18,2.35,2.23,2.14,2.10,2.02,2.00,1.96,2.22,2.20,2.12,1.97,0.61,-0.88,-0.97,-0.82,-0.83,0.51,2.00,2.26,2.38,2.12,2.29,1.74,0.79,0.58,0.53,0.36,0.61,0.34,0.45,0.93,0.68,1.09,1.01,1.42,0.44,-0.58,-0.82,-0.91,-0.44,0.76,2.46,2.94,2.79,2.61,2.67,1.91,2.28,2.75,2.94,3.18,3.18,3.15,3.13,3.09,3.02,2.88,2.97,3.06,2.82,2.46,2.30,2.22,2.18,2.20,2.12,2.08,1.71,1.55,1.60,1.60,1.38,0.98,0.61,0.45,0.49,1.57,2.84,2.90,3.06,2.73,2.54,2.25,1.28,0.23,0.28,0.37,-0.03,0.08,0.18,0.30,0.47,0.39,0.55,0.46,0.20,0.18,0.16,0.04,0.42,0.46,1.18,1.82,2.08,2.12,2.32,2.26
1.59,1.49,1.45,1.25,1.15,1.18,1.26,1.71,1.53,1.33,1.21,1.23,1.37,1.15,1.15,1.00,1.14,1.21,1.18,1.53,1.28,1.84,1.48,1.78,1.84,1.45,0.96,0.73,0.78,0.85,1.18,0.73,0.85,0.44,0.29,0.09,0.09,0.49,1.62,3.27,3.75,3.73,3.94,3.81,3.82,3.92,3.84,3.41,2.96,2.73,2.46,2.20,2.29,2.45,2.24,2.03,2.17,2.25,2.05,2.06,2.25,2.23,2.08,1.94,0.76,-0.77,-1.04,-0.79,-0.96,0.85,2.12,2.40,2.64,2.31,2.01,1.88,1.10,0.82,0.83,0.52,0.98,0.46,0.77,0.96,0.93,1.38,1.56,1.51,0.62,-0.48,-0.64,-0.59,-0.33,1.59,1.83,1.84,1.95,1.46,1.05,1.37,1.94,1.84,1.28,1.14,1.62,2.47,3.13,3.24,3.15,3.09,3.09,3.12,2.66,2.53,2.19,2.51,2.51,2.30,2.20,2.28,1.96,1.70,1.59,1.49,1.32,1.07,0.76,0.40,0.56,1.64,2.96,2.93,2.90,2.83,2.82,2.46,1.33,0.39,0.09,-0.03,0.15,0.20,0.26,0.51,0.72,0.44,0.83,0.52,0.13,0.15,0.32,0.29,0.35,0.65,1.09,1.85,2.37,2.28,1.95,2.14
1.72,1.51,1.46,1.48,1.27,1.11,1.46,1.78,1.56,1.40,1.26,1.22,1.37,1.09,1.11,1.29,1.34,1.23,1.21,1.53,1.44,1.77,1.50,1.74,1.84,1.44,1.00,0.87,0.76,0.88,1.20,0.74,0.93,0.49,0.26,0.15,0.00,0.24,1.45,3.09,3.65,3.71,3.79,3.91,3.65,3.88,3.78,3.39,2.91,2.78,2.63,2.41,2.35,2.37,2.20,2.07,2.14,2.08,1.96,2.08,2.18,2.19,2.22,1.91,0.68,-0.63,-1.03,-1.06,-0.98,0.51,2.03,2.60,2.83,2.43,2.14,1.94,1.26,1.12,0.94,0.96,1.03,0.93,0.71,1.14,1.04,1.25,1.62,1.51,0.94,-0.54,-0.76,-1.13,-0.36,0.55,1.05,0.82,0.30,0.10,0.08,-0.08,-0.22,-0.13,-0.06,-0.01,0.34,1.36,2.72,3.16,2.84,2.93,3.04,3.21,2.77,2.67,2.52,2.76,2.48,2.40,2.38,2.03,1.88,1.80,1.77,1.44,1.01,0.87,0.52,0.67,0.13,1.67,2.77,2.95,3.10,2.71,2.36,2.23,1.71,0.95,0.78,0.93,0.87,0.84,0.79,0.92,1.14,1.00,1.36,1.21,0.95,0.61,0.53,0.94,1.40,1.43,1.61,1.93,2.13,2.06,1.99,2.05
1.71,1.32,1.53,1.64,1.50,1.25,1.26,1.48,1.39,1.31,1.21,1.20,1.29,1.00,1.20,1.44,1.46,1.28,1.09,1.26,1.56,1.73,1.36,1.59,1.70,1.29,0.93,0.94,0.82,0.88,1.09,0.72,0.79,0.41,0.29,0.29,0.03,0.25,1.53,2.94,3.62,3.75,3.83,3.95,3.72,3.77,3.71,3.22,2.69,2.55,2.34,2.13,2.06,2.11,2.06,2.07,2.12,1.95,1.90,2.06,2.12,1.90,1.97,1.90,0.65,-0.66,-1.01,-0.83,-0.84,0.94,2.43,2.64,2.96,2.63,2.17,1.87,1.71,1.09,0.90,0.85,1.23,0.69,0.94,1.39,1.21,1.49,1.45,1.96,1.04,-0.27,-0.51,-0.71,0.31,0.44,1.43,0.69,-0.24,-0.68,-0.62,-0.57,-0.53,-0.28,-0.28,-0.29,-0.01,0.98,2.58,3.30,3.08,2.84,2.97,2.97,2.66,2.47,2.51,2.32,2.55,2.61,2.38,2.13,1.67,1.49,1.36,1.14,1.03,0.79,0.46,0.49,0.41,1.60,2.73,3.15,3.16,3.03,2.82,2.63,2.42,1.91,1.27,1.95,1.89,1.80,1.73,1.67,1.59,1.28,1.51,1.50,1.54,1.26,1.10,1.53,1.76,1.93,2.00,2.05,2.12,2.14,2.02,1.96
1.59,1.38,1.32,1.36,1.37,1.36,1.39,1.37,1.27,1.29,1.29,1.28,1.32,1.12,1.45,1.45,1.39,1.27,1.20,1.32,1.64,1.90,1.33,1.48,1.74,1.39,0.95,1.00,1.00,0.99,1.03,0.58,0.84,0.53,0.50,0.45,0.20,0.49,1.70,3.07,3.71,3.76,3.91,4.08,3.98,3.81,3.57,3.08,2.65,2.48,2.26,2.08,2.00,2.02,2.07,2.12,2.13,2.08,2.12,2.23,2.14,1.78,1.85,1.85,0.63,-0.56,-1.24,-0.91,-0.48,0.88,2.41,2.75,2.97,2.59,2.47,1.79,1.66,1.14,1.07,1.14,1.18,0.84,1.17,1.11,1.28,1.14,1.61,1.67,1.15,-0.33,-0.64,-0.63,0.31,1.31,1.68,0.67,-0.20,-0.57,-0.66,-0.49,-0.57,-0.49,-0.29,-0.13,0.00,0.93,2.70,3.41,3.15,2.94,3.14,3.32,2.85,2.53,2.55,2.46,2.53,2.51,2.45,2.03,1.71,1.66,1.59,1.20,0.84,0.80,0.36,0.23,0.30,1.39,2.76,3.30,3.50,3.63,3.49,3.07,2.66,2.45,1.78,2.34,2.11,2.13,2.29,2.24,1.94,1.84,2.01,2.10,2.07,1.94,1.83,1.80,1.76,2.16,2.14,2.10,2.16,2.22,1.99,1.91
1.68,1.53,1.65,1.65,1.60,1.61,1.77,1.61,1.31,1.31,1.21,1.05,1.10,0.89,1.40,1.48,1.34,1.28,1.38,1.48,1.60,1.80,1.45,1.67,1.77,1.31,0.85,0.95,1.01,1.00,0.98,0.58,0.82,0.61,0.62,0.52,0.36,0.62,1.71,3.21,3.77,3.79,3.95,3.90,4.09,4.05,3.78,3.13,2.76,2.59,2.36,2.29,2.08,1.89,1.89,2.01,2.10,2.05,2.03,2.01,1.85,1.77,1.94,1.78,0.78,-0.48,-0.99,-0.94,-0.44,1.15,2.36,2.70,2.97,2.89,2.35,1.73,1.29,1.00,1.12,1.14,1.28,0.78,0.77,1.20,1.74,1.48,1.54,1.93,1.09,-0.32,-0.78,-0.62,-0.27,1.27,1.34,0.56,-0.23,-0.52,-0.56,-0.48,-0.41,-0.49,-0.57,-0.27,0.16,0.96,2.40,3.10,2.93,3.08,3.09,3.08,2.88,2.42,2.51,2.46,2.48,2.63,2.64,2.22,1.72,1.67,1.55,1.11,0.87,0.79,0.66,0.49,0.50,1.78,3.06,3.43,3.41,3.32,3.28,3.14,2.85,2.63,1.91,2.31,2.30,2.22,2.32,2.38,2.28,2.47,2.54,2.47,2.45,2.38,2.22,2.00,2.06,2.48,2.38,2.34,2.35,2.31,2.22,1.94
1.54,1.20,1.46,1.59,1.62,1.66,1.57,1.44,1.33,1.16,0.89,0.88,1.22,1.06,1.36,1.21,1.16,1.22,1.31,1.32,1.22,1.53,1.42,1.66,1.50,1.15,1.03,1.05,0.87,0.82,0.84,0.53,0.57,0.41,0.37,0.36,0.29,0.57,1.67,3.13,3.62,3.72,3.97,3.75,3.87,3.95,4.00,3.32,2.85,2.59,2.38,2.18,1.89,1.87,1.93,2.01,2.13,1.94,1.85,2.05,1.97,2.07,1.94,1.95,0.80,-0.34,-0.97,-0.69,-0.24,0.88,2.31,2.45,3.01,2.98,2.59,1.71,1.40,1.12,1.18,1.06,1.25,0.77,0.93,1.03,1.57,1.36,1.34,1.87,0.76,-0.27,-0.61,-0.31,-0.07,1.15,1.25,0.47,-0.37,-0.73,-0.72,-0.66,-0.78,-0.78,-0.61,-0.38,-0.11,1.05,2.75,3.26,3.12,3.22,3.19,3.24,2.95,2.52,2.73,2.57,2.65,2.45,2.51,2.28,1.97,1.78,1.59,1.26,0.83,0.63,0.52,0.65,0.24,1.64,3.03,3.39,3.24,3.18,3.09,2.87,2.72,2.61,2.51,2.53,2.60,2.42,2.49,2.71,2.82,3.02,2.97,3.21,3.02,2.73,2.43,2.08,2.30,2.51,2.45,2.48,2.58,2.47,2.11,2.03
1.82,1.53,1.54,1.53,1.59,1.68,1.62,1.53,1.26,1.21,1.18,1.14,1.18,1.37,1.38,1.20,1.14,1.23,1.36,1.37,1.11,1.44,1.25,1.37,1.44,1.20,0.98,1.00,0.90,0.95,0.87,0.36,0.41,0.24,0.21,0.21,0.05,0.39,1.67,3.08,3.63,3.68,3.95,3.81,3.81,3.76,3.83,3.33,2.89,2.60,2.40,2.11,1.87,1.94,2.06,2.01,1.94,1.88,1.66,1.66,1.87,2.03,1.95,1.62,0.66,-0.52,-0.79,-0.87,-0.64,0.96,2.40,2.06,2.83,2.52,1.97,1.45,1.26,1.05,0.89,0.88,1.12,0.63,0.68,0.69,1.18,1.10,1.01,1.57,0.65,-0.57,-0.78,-0.84,-0.37,1.06,1.39,0.56,-0.26,-0.77,-0.81,-0.82,-0.78,-0.62,-0.61,-0.54,-0.11,1.12,2.70,3.34,3.35,3.21,2.89,2.97,2.81,2.70,2.82,2.77,2.81,2.45,2.42,2.45,1.96,1.51,1.34,1.09,0.77,0.66,0.52,0.36,0.41,1.32,2.88,3.27,3.19,3.10,2.91,2.65,2.66,2.54,2.52,2.67,2.65,2.53,2.66,3.01,3.31,3.63,3.66,3.76,3.31,2.78,2.40,2.11,2.42,2.46,2.51,2.52,2.54,2.55,2.02,1.94
1.74,1.48,1.60,1.62,1.56,1.54,1.65,1.31,1.14,1.29,1.37,1.38,1.42,1.18,1.10,1.28,1.06,1.01,1.20,1.21,1.20,1.61,0.96,1.45,1.56,1.15,0.93,0.94,0.63,0.62,0.56,0.55,0.50,0.16,0.13,0.16,0.03,0.47,1.82,3.06,3.57,3.52,3.79,3.70,3.91,3.66,3.69,3.22,2.98,2.54,2.37,2.16,1.94,1.94,2.03,1.91,1.88,2.00,1.74,1.66,1.82,1.94,2.06,1.57,0.49,-0.77,-0.89,-0.87,-0.78,0.80,2.34,1.89,2.32,1.83,1.10,0.92,0.99,0.92,0.89,0.98,0.95,0.67,0.87,1.05,1.00,1.00,1.15,1.36,0.56,-0.47,-0.71,-0.83,-0.24,0.89,1.39,0.50,-0.49,-0.81,-0.79,-0.86,-0.81,-0.63,-0.44,-0.44,-0.29,0.82,2.61,3.49,3.34,3.26,2.95,2.96,2.88,2.77,2.70,2.65,2.71,2.34,2.43,2.19,1.77,1.42,1.26,1.14,0.90,0.77,0.40,0.15,0.25,1.17,2.91,3.27,3.31,3.24,2.91,2.63,2.65,2.53,2.47,2.75,2.77,2.66,2.77,3.10,3.50,3.83,3.71,3.75,3.26,2.65,2.36,2.30,2.54,2.54,2.57,2.49,2.36,2.36,2.10,1.91
1.48,1.46,1.46,1.48,1.42,1.33,1.22,1.32,1.34,1.51,1.43,1.21,1.09,0.98,0.85,0.80,0.66,0.74,0.93,0.92,1.17,1.57,1.25,1.28,1.20,0.85,0.68,0.67,0.42,0.52,0.46,0.40,0.42,0.28,0.09,0.14,0.10,0.60,1.85,2.91,3.21,3.37,3.56,3.44,3.65,3.53,3.68,3.24,2.97,2.40,2.25,2.06,1.94,1.96,2.01,1.94,1.97,2.06,1.76,1.59,1.77,2.17,2.34,1.83,0.37,-0.76,-0.92,-0.89,-0.73,0.92,2.07,1.50,1.78,2.05,2.02,2.07,1.67,1.73,1.57,1.43,1.45,1.06,1.05,1.29,1.48,1.84,1.80,1.68,0.73,-0.67,-0.94,-0.87,-0.10,0.76,0.98,0.11,-0.43,-0.42,-0.44,-0.68,-0.68,-0.51,-0.37,-0.32,-0.15,0.84,2.55,3.59,3.49,3.37,3.06,3.00,3.02,2.67,2.71,2.46,2.45,2.30,2.38,2.10,1.70,1.51,1.44,1.21,0.90,0.77,0.26,0.09,0.18,1.34,2.90,3.19,3.16,3.06,2.79,2.69,2.77,2.45,2.48,2.77,2.76,2.71,2.78,3.01,3.34,3.54,3.43,3.44,3.02,2.55,2.45,2.54,2.45,2.49,2.47,2.40,2.32,2.14,2.02,1.88
1.57,1.65,1.43,1.56,1.53,1.34,1.34,1.37,1.25,1.17,1.14,1.05,0.85,0.71,0.72,0.65,0.55,0.36,0.30,0.67,1.12,1.21,0.98,0.82,0.76,0.61,0.53,0.50,0.25,0.36,0.28,0.23,0.21,0.14,0.08,0.02,0.07,0.57,1.68,2.79,3.22,3.44,3.28,3.24,3.34,3.38,3.38,2.98,2.71,2.23,2.14,1.96,1.85,1.90,1.97,1.90,1.91,2.11,1.94,1.72,1.80,1.97,2.24,1.91,0.32,-0.76,-1.14,-0.92,-0.83,0.83,1.88,1.56,2.45,2.78,2.90,2.55,2.00,2.34,2.10,2.29,2.36,2.42,2.20,1.95,2.38,2.54,2.70,2.64,1.03,-0.57,-0.78,-0.89,-0.32,0.56,1.17,1.11,0.84,0.72,0.69,0.78,0.95,1.09,0.93,0.74,0.98,1.87,3.12,3.70,3.75,3.37,3.21,3.37,3.27,2.85,2.94,2.81,2.60,2.49,2.53,2.19,1.56,1.33,1.44,1.31,1.06,0.95,0.29,0.31,0.07,1.16,2.77,3.15,3.09,3.04,2.90,2.73,2.85,2.38,2.55,2.85,2.82,2.77,2.72,2.73,3.01,3.15,3.04,3.02,2.73,2.51,2.60,2.70,2.40,2.46,2.40,2.35,2.32,2.01,1.73,1.54
1.56,1.61,1.28,1.44,1.37,1.27,1.38,1.27,1.23,1.22,1.20,1.06,0.89,0.87,1.01,0.72,0.25,-0.17,-0.26,0.19,1.04,0.80,1.06,0.92,0.63,0.52,0.62,0.65,0.49,0.62,0.45,0.34,0.32,0.15,0.16,0.13,0.00,0.51,1.73,2.72,3.06,3.13,3.27,3.25,3.20,3.19,3.03,2.65,2.42,2.12,2.08,1.83,1.65,1.66,1.91,1.91,1.80,2.01,2.00,1.93,1.83,1.80,2.07,1.77,0.41,-0.71,-1.12,-0.88,-0.87,0.83,1.51,1.68,2.47,2.36,2.54,2.42,2.28,2.38,2.26,2.26,2.35,2.35,2.37,2.40,2.43,2.38,2.77,2.88,1.25,-0.29,-0.71,-0.89,-0.61,0.58,1.87,2.60,2.76,2.83,2.85,2.96,3.24,3.45,3.41,3.22,3.30,3.65,3.88,3.72,3.63,3.39,3.38,3.52,3.24,2.97,2.78,2.72,2.51,2.47,2.67,2.41,1.71,1.38,1.48,1.42,1.22,0.89,0.36,0.40,0.25,1.22,2.70,3.16,3.19,3.18,2.97,2.70,2.77,2.71,2.81,2.90,2.79,2.71,2.63,2.54,2.78,2.81,2.65,2.76,2.70,2.59,2.75,2.97,2.78,2.79,2.63,2.37,2.13,1.56,1.45,1.49
1.28,1.37,1.20,1.22,1.16,1.16,1.25,1.27,1.20,1.15,1.04,0.94,0.87,0.71,0.96,0.88,0.07,-0.34,-0.23,-0.05,0.55,0.56,0.93,0.66,0.45,0.50,0.63,0.58,0.34,0.30,0.05,0.19,0.25,0.04,-0.06,0.04,0.10,0.65,1.83,2.78,3.00,3.04,3.32,3.22,3.07,3.22,3.09,2.69,2.29,2.01,1.90,1.66,1.59,1.71,1.94,1.91,1.83,2.01,2.01,1.88,1.83,1.91,2.05,1.61,0.41,-0.72,-1.11,-0.98,-0.67,1.03,1.76,2.24,2.35,2.38,2.37,2.36,1.72,2.25,2.13,2.17,2.22,2.18,1.95,1.78,2.35,2.10,2.32,2.48,1.03,-0.48,-0.66,-0.84,-0.59,0.44,1.95,2.73,3.10,3.46,3.71,3.83,3.92,4.10,4.20,4.03,3.91,4.02,3.88,3.79,3.66,3.49,3.31,3.38,3.31,3.07,2.93,2.70,2.53,2.46,2.63,2.42,1.72,1.32,1.33,1.23,1.12,0.87,0.37,0.35,0.34,1.44,2.77,3.20,3.25,3.20,2.97,2.70,2.67,2.66,2.89,2.79,2.59,2.58,2.63,2.61,2.77,2.54,2.55,2.87,2.91,2.76,2.91,3.14,3.15,2.98,2.79,2.53,2.12,1.71,1.43,1.12
1.12,1.21,1.22,1.21,1.10,0.99,1.00,1.04,1.01,1.01,0.84,0.82,0.85,0.65,1.09,0.50,-0.22,-0.59,-0.44,0.04,0.28,0.52,0.60,0.50,0.49,0.37,0.50,0.56,0.18,0.15,0.36,0.35,0.16,0.09,0.13,-0.05,-0.20,0.49,1.83,2.82,3.06,3.02,3.22,3.21,3.26,3.28,3.20,2.58,2.32,2.08,1.85,1.68,1.61,1.78,1.87,1.78,1.87,1.94,1.83,1.79,1.97,2.03,2.03,1.55,0.21,-0.97,-1.08,-0.98,-0.54,0.94,1.77,2.20,2.24,2.11,1.79,2.32,1.66,1.89,1.71,1.65,1.88,1.60,1.70,1.48,2.23,2.02,2.07,2.45,1.05,-0.44,-0.76,-0.81,-0.76,0.23,1.85,2.79,3.22,3.52,3.69,3.77,3.81,3.88,3.98,3.90,3.72,3.76,3.65,3.76,3.50,3.24,3.14,3.34,3.01,3.09,3.00,2.95,2.70,2.55,2.63,2.40,1.83,1.39,1.26,1.09,0.98,0.87,0.45,0.45,0.31,1.43,2.75,3.31,3.30,3.21,3.02,2.72,2.71,2.37,2.69,2.75,2.65,2.64,2.70,2.65,2.69,2.64,2.75,2.98,3.07,3.03,3.24,3.20,3.45,3.34,3.06,2.67,2.20,1.88,1.64,1.18
0.76,0.99,0.95,1.03,0.87,0.67,0.61,0.69,0.77,0.93,0.73,0.65,0.76,0.57,0.82,-0.22,-0.43,-0.51,-0.32,0.14,0.18,0.46,0.68,0.62,0.25,0.13,0.23,0.25,0.19,0.08,0.08,0.10,0.09,0.09,-0.10,-0.10,0.08,0.82,1.85,2.63,3.02,3.22,3.51,3.33,3.34,3.47,3.30,2.54,2.45,2.26,1.99,1.74,1.57,1.65,1.65,1.70,1.91,1.88,1.70,1.77,1.83,1.93,2.10,1.61,0.30,-0.93,-1.11,-0.73,-0.57,0.82,1.66,1.96,2.17,1.95,1.74,2.18,1.56,1.45,1.20,1.33,1.72,1.27,1.50,1.34,1.87,1.76,1.84,2.31,0.99,-0.47,-1.18,-1.02,-0.83,0.32,1.88,2.72,2.95,3.15,3.30,3.32,3.49,3.77,3.78,3.68,3.62,3.50,3.39,3.49,3.22,3.15,3.18,3.39,3.01,3.07,3.10,2.88,2.81,2.63,2.47,2.32,2.05,1.70,1.44,1.18,0.94,0.80,0.51,0.52,0.46,1.42,2.73,3.44,3.44,3.27,3.08,2.67,2.76,2.58,2.47,2.72,2.82,2.75,2.59,2.48,2.63,2.64,2.89,3.02,3.07,3.22,3.45,3.52,3.62,3.60,3.44,3.06,2.54,2.30,1.74,1.37
0.99,0.77,0.89,0.99,0.87,0.63,0.52,0.73,0.57,0.69,0.51,0.40,0.36,0.13,0.15,-0.57,-0.47,-0.38,-0.22,0.03,-0.01,0.35,0.46,0.49,0.40,0.35,0.58,0.61,0.16,0.10,0.09,0.45,-0.02,0.26,0.05,-0.28,0.16,1.06,1.78,2.28,2.71,3.03,3.26,3.10,3.28,3.45,3.19,2.55,2.49,2.29,1.89,1.72,1.65,1.65,1.62,1.66,1.85,1.77,1.61,1.68,1.70,1.90,2.03,1.66,0.40,-0.72,-1.08,-0.73,-0.43,0.51,1.59,1.65,2.03,1.51,1.56,1.88,1.17,1.33,0.96,1.25,1.37,1.14,1.27,1.39,1.71,1.51,1.72,1.93,0.73,-0.62,-1.03,-0.97,-0.92,0.14,1.78,2.64,2.72,2.81,2.79,2.69,2.97,3.38,3.47,3.47,3.43,3.45,3.45,3.30,3.10,3.08,2.93,3.08,3.15,2.93,2.89,2.71,2.72,2.54,2.47,2.35,2.00,1.64,1.45,1.36,1.06,0.78,0.57,0.53,0.56,1.48,2.81,3.40,3.40,3.26,3.03,2.81,2.83,2.66,2.28,2.25,2.45,2.57,2.54,2.48,2.63,2.64,2.71,2.87,3.04,3.15,3.20,3.49,3.59,3.68,3.49,3.08,2.72,2.17,1.95,1.48
0.93,0.92,0.78,0.92,1.09,0.99,0.72,0.60,0.36,0.15,0.00,-0.11,-0.24,-0.57,-0.68,-0.78,-0.57,-0.46,-0.33,-0.24,-0.42,0.11,0.36,0.29,0.26,0.16,0.28,0.29,0.08,0.11,-0.08,0.19,-0.07,0.08,-0.01,-0.06,-0.07,0.30,0.99,1.57,2.13,2.84,3.27,3.20,3.65,3.31,2.93,2.47,2.53,2.32,2.07,1.84,1.64,1.66,1.77,1.80,1.83,1.68,1.57,1.73,1.88,1.96,1.97,1.62,0.35,-0.72,-0.98,-0.73,-0.58,0.52,1.56,1.66,1.79,1.45,1.53,1.61,1.09,1.34,1.00,1.16,1.16,1.17,1.04,1.32,1.77,1.61,1.68,1.79,0.65,-0.78,-1.11,-0.94,-0.87,0.09,1.66,2.46,2.58,2.65,2.63,2.67,2.84,3.09,3.30,3.15,3.19,3.32,3.24,3.09,3.12,2.83,2.82,2.98,3.15,2.79,2.88,2.69,2.63,2.46,2.46,2.26,1.77,1.44,1.44,1.40,1.16,0.79,0.65,0.60,0.53,1.38,2.81,3.28,3.20,3.21,2.98,2.79,2.95,2.60,2.31,2.29,2.45,2.59,2.55,2.32,2.73,2.51,2.75,2.87,2.85,3.02,3.22,3.30,3.30,3.22,3.07,2.84,2.65,2.55,2.16,1.85
0.78,0.78,0.92,0.72,0.73,0.83,0.63,-0.08,-0.28,-0.57,-1.04,-1.16,-1.19,-1.52,-1.59,-1.23,-0.92,-0.68,-0.47,-0.38,-0.51,-0.31,-0.13,-0.05,0.08,0.21,0.49,0.56,0.49,0.57,0.28,0.50,0.19,0.05,0.24,0.08,-0.18,-0.21,0.24,0.83,1.40,2.28,2.81,3.14,3.45,3.50,3.26,2.70,2.55,2.17,1.97,1.95,1.74,1.82,1.96,2.02,2.08,1.89,1.71,1.82,1.93,1.90,1.97,1.71,0.44,-0.66,-0.98,-0.59,-0.58,0.73,1.59,1.51,1.45,1.25,1.46,1.67,1.14,1.25,1.00,1.06,1.16,1.01,0.88,1.20,1.61,1.48,1.50,1.77,0.78,-0.57,-1.04,-0.97,-0.79,0.32,1.70,2.35,2.46,2.49,2.48,2.49,2.71,2.98,3.14,3.02,3.06,2.98,2.95,3.01,3.00,2.98,2.89,2.98,3.06,2.83,2.96,2.66,2.60,2.53,2.45,2.19,1.72,1.45,1.59,1.37,1.12,0.99,0.74,0.69,0.50,1.33,2.85,3.47,3.34,3.31,3.00,2.85,2.85,2.72,2.53,2.51,2.65,2.73,2.63,2.46,2.77,2.76,2.81,3.03,3.16,3.04,3.21,3.35,3.01,2.82,2.82,2.81,2.42,2.22,2.00,1.76
0.76,1.03,1.07,1.04,0.77,0.53,0.14,-0.66,-1.42,-1.81,-2.14,-2.33,-2.49,-2.55,-2.16,-1.65,-1.30,-0.94,-0.61,-0.46,-0.53,-0.54,-0.41,-0.29,-0.08,0.14,0.66,1.00,1.07,1.29,1.06,1.25,0.85,0.72,0.42,0.66,0.40,0.19,0.36,0.95,1.82,2.47,3.07,3.27,3.53,3.39,3.58,2.73,2.71,2.14,2.03,2.00,1.85,1.91,1.95,1.96,1.99,1.79,1.62,1.72,1.80,1.87,2.00,1.68,0.53,-0.61,-1.08,-0.72,-0.34,0.84,1.72,1.56,1.44,1.21,1.53,1.76,1.22,1.32,1.10,1.15,1.09,0.88,0.96,1.01,1.22,1.25,1.28,1.65,0.96,-0.27,-0.98,-0.96,-0.68,0.52,1.85,2.52,2.46,2.40,2.47,2.49,2.73,2.96,3.16,3.18,3.06,2.91,2.97,3.09,2.84,3.07,3.00,3.06,2.97,2.88,2.94,2.59,2.51,2.52,2.51,2.32,1.87,1.57,1.56,1.32,1.10,1.18,0.80,0.77,0.41,1.29,2.76,3.50,3.50,3.30,2.98,2.93,2.84,2.85,2.60,2.52,2.69,2.83,2.71,2.43,2.67,2.40,2.36,2.82,3.20,2.98,3.22,3.16,3.04,2.91,2.78,2.58,2.12,2.01,1.70,1.49
0.26,0.13,0.56,0.03,-0.57,-0.86,-1.18,-1.91,-2.64,-2.94,-2.92,-2.82,-2.70,-2.53,-2.30,-1.88,-1.38,-1.01,-0.73,-0.67,-0.82,-0.58,-0.58,-0.46,-0.21,-0.23,0.34,1.00,1.33,1.51,1.43,1.44,1.28,1.06,0.92,0.96,0.98,0.94,1.33,2.03,2.63,3.14,3.39,3.35,3.66,3.16,3.26,2.60,2.45,2.00,2.00,1.87,1.77,1.78,1.85,1.77,1.70,1.67,1.65,1.78,1.87,1.82,1.85,1.53,0.49,-0.62,-1.16,-0.91,-0.34,0.99,1.74,1.60,1.50,1.11,1.70,1.60,1.16,1.21,1.06,1.15,1.00,0.98,0.93,1.00,1.25,1.33,1.22,1.48,0.85,-0.38,-0.91,-1.06,-0.81,0.39,1.74,2.35,2.35,2.38,2.43,2.45,2.70,2.89,3.13,3.13,2.96,3.03,3.04,3.15,2.89,2.91,2.88,3.18,3.09,3.00,2.98,2.64,2.57,2.47,2.42,2.29,1.90,1.64,1.50,1.37,1.26,1.16,0.83,0.58,0.69,1.49,2.81,3.50,3.31,3.16,2.89,2.72,2.98,2.97,2.84,2.69,2.69,2.77,2.75,2.83,2.55,2.48,2.52,2.71,2.96,3.02,3.03,3.04,2.90,2.96,3.00,2.66,2.10,1.93,1.49,1.26
-0.36,-0.20,-0.54,-1.30,-1.76,-1.94,-2.00,-2.14,-2.31,-2.18,-2.36,-2.53,-2.51,-2.39,-2.24,-1.88,-1.19,-0.98,-0.87,-0.89,-1.03,-0.73,-0.73,-0.49,-0.27,-0.48,-0.15,0.58,1.29,1.68,1.73,1.55,1.34,1.26,1.10,1.09,1.32,1.48,1.65,2.28,3.12,3.51,3.52,3.50,3.70,3.40,3.00,2.54,2.36,2.00,1.71,1.83,1.93,1.85,1.90,1.78,1.59,1.65,1.72,1.79,1.90,1.78,1.70,1.54,0.42,-0.64,-1.14,-0.84,-0.43,1.10,1.49,1.31,1.31,1.03,1.53,1.49,1.20,1.05,0.94,1.09,1.15,1.00,0.76,0.96,1.28,1.27,1.17,1.33,0.58,-0.59,-0.96,-1.11,-0.89,0.23,1.62,2.32,2.35,2.46,2.48,2.42,2.65,2.85,3.03,2.96,2.94,3.20,3.10,3.20,2.97,2.97,2.66,3.20,3.09,3.00,2.85,2.65,2.61,2.49,2.46,2.37,1.84,1.50,1.55,1.46,1.21,1.06,0.88,0.58,0.68,1.44,2.73,3.53,3.44,3.34,3.16,2.79,2.94,2.96,2.75,2.85,2.95,2.85,2.83,2.81,2.85,2.57,2.58,2.83,3.01,2.93,2.89,2.88,2.77,2.78,2.90,2.66,2.12,1.93,1.39,1.09
-1.26,-1.30,-1.61,-2.00,-2.16,-2.00,-1.66,-1.43,-1.64,-1.66,-1.69,-1.76,-1.88,-1.89,-1.64,-1.36,-1.01,-0.98,-0.89,-0.86,-0.91,-0.82,-0.52,-0.46,-0.18,-0.41,-0.31,0.39,1.25,1.72,1.83,1.68,1.44,1.20,1.25,1.22,1.28,1.55,2.00,2.61,3.14,3.44,3.51,3.32,3.72,3.33,3.31,2.93,2.52,2.07,1.73,1.82,1.88,1.84,1.88,1.78,1.54,1.45,1.55,1.73,1.84,1.91,1.90,1.40,0.24,-0.83,-1.08,-0.87,-0.53,0.88,1.33,1.06,1.39,1.12,1.14,1.40,1.21,0.98,0.89,1.05,1.17,0.93,0.74,0.84,1.10,0.99,0.95,1.17,0.42,-0.69,-0.98,-1.04,-0.84,0.21,1.57,2.30,2.31,2.31,2.47,2.48,2.57,2.76,3.04,2.97,2.98,3.06,3.16,3.16,3.03,2.89,2.59,3.12,2.87,2.67,2.52,2.37,2.36,2.41,2.53,2.38,1.77,1.33,1.36,1.33,1.25,0.78,0.51,0.63,0.73,1.31,2.69,3.54,3.39,3.73,3.44,3.33,3.44,3.38,3.13,3.10,3.18,3.03,2.87,2.87,2.75,2.63,2.84,3.04,2.89,2.82,2.87,2.83,2.77,2.79,2.77,2.42,2.18,1.94,1.36,0.98
-1.76,-1.91,-1.90,-2.18,-2.07,-1.76,-1.45,-1.24,-1.26,-1.18,-1.42,-1.41,-1.24,-1.12,-1.03,-0.69,-0.89,-0.98,-0.91,-0.78,-0.74,-0.73,-0.54,-0.39,-0.11,-0.33,-0.21,0.57,1.38,1.64,1.66,1.60,1.29,1.27,1.25,1.22,1.38,1.67,2.01,2.69,3.37,3.50,3.50,3.28,3.46,3.33,3.47,2.90,2.53,2.13,1.82,1.80,1.95,1.78,1.80,1.74,1.74,1.64,1.48,1.61,1.74,1.88,1.77,1.23,-0.01,-0.86,-1.09,-0.97,-0.64,0.57,1.29,1.10,1.44,1.18,1.03,1.23,1.03,0.84,0.66,0.94,1.07,0.87,0.74,0.77,0.99,0.80,0.77,0.94,0.32,-0.62,-0.91,-1.07,-0.93,0.30,1.66,2.24,2.35,2.26,2.31,2.53,2.46,2.61,2.94,3.06,2.93,2.78,3.06,2.98,2.93,2.71,2.57,2.88,2.81,2.52,2.47,2.43,2.25,2.23,2.40,2.36,1.84,1.23,1.20,1.12,0.88,0.66,0.44,0.60,0.53,1.01,2.40,3.50,3.59,3.91,3.72,3.71,3.96,3.83,3.47,3.39,3.47,3.21,2.88,3.04,3.01,2.82,2.91,3.08,2.77,2.83,2.77,2.71,2.75,2.81,2.78,2.30,2.24,1.78,1.27,0.93
-1.61,-1.64,-1.69,-1.93,-1.90,-1.75,-1.52,-1.37,-1.43,-1.31,-1.35,-1.26,-1.08,-0.81,-0.61,-0.88,-0.98,-1.16,-1.02,-0.92,-0.89,-0.58,-0.46,-0.31,-0.31,-0.29,0.03,0.83,1.49,1.59,1.42,1.39,1.29,1.45,1.27,1.36,1.26,1.50,1.87,2.42,3.12,3.46,3.39,3.33,3.62,3.22,3.19,2.52,2.29,1.95,1.80,1.83,1.96,2.07,1.84,1.71,1.70,1.49,1.44,1.60,1.66,1.89,1.83,1.27,0.05,-0.86,-1.28,-0.82,-0.46,0.51,1.17,1.17,1.10,1.15,1.14,1.20,0.79,0.78,0.47,0.83,1.00,0.77,0.61,0.62,0.93,0.60,0.65,0.88,0.34,-0.53,-0.91,-1.09,-0.92,0.39,1.78,2.32,2.45,2.35,2.36,2.59,2.48,2.54,2.72,2.97,2.95,2.94,2.95,2.91,2.66,2.73,2.60,2.83,2.61,2.49,2.41,2.31,2.29,2.29,2.34,2.40,2.03,1.34,1.33,1.12,0.76,0.83,0.52,0.42,0.40,0.98,2.37,3.50,3.62,3.72,3.95,3.58,3.90,3.96,3.70,3.51,3.45,3.25,3.00,3.13,3.13,3.04,3.04,3.03,2.78,2.96,2.71,2.52,2.54,2.59,2.43,2.41,2.01,1.61,1.26,0.94
-1.42,-1.33,-1.56,-1.57,-1.71,-1.55,-1.43,-1.51,-1.53,-1.46,-1.41,-1.48,-1.46,-1.24,-1.04,-1.11,-0.91,-1.16,-0.83,-0.53,-0.53,-0.57,-0.46,-0.34,-0.44,-0.20,0.24,0.82,1.34,1.54,1.45,1.46,1.56,1.67,1.39,1.39,1.46,1.50,1.72,2.35,3.03,3.35,3.30,3.18,3.45,3.16,3.25,2.55,2.40,2.14,2.20,2.01,2.03,2.05,1.91,1.87,1.74,1.66,1.59,1.48,1.42,1.57,1.99,1.48,0.35,-0.51,-1.26,-0.98,-0.37,0.51,1.05,0.93,1.11,1.01,1.03,1.11,0.57,0.78,0.55,0.83,0.72,0.58,0.46,0.49,0.77,0.47,0.47,1.06,0.32,-0.71,-0.97,-1.06,-0.87,0.37,1.70,2.24,2.31,2.29,2.42,2.48,2.46,2.58,2.65,2.77,2.83,2.93,2.77,2.88,2.67,2.66,2.48,2.75,2.53,2.49,2.59,2.43,2.36,2.29,2.13,2.18,2.02,1.46,1.43,1.23,0.94,0.90,0.52,0.58,0.62,0.98,2.12,3.32,3.70,3.85,3.96,3.62,3.83,3.79,3.53,3.39,3.41,3.35,3.26,3.22,3.13,3.15,3.25,3.20,2.84,3.08,2.85,2.58,2.48,2.48,2.29,2.29,2.10,1.82,1.53,1.05
-1.14,-1.16,-1.46,-1.35,-1.48,-1.38,-1.52,-1.80,-1.90,-2.00,-1.83,-2.10,-2.13,-1.72,-1.19,-0.97,-1.04,-0.98,-0.73,-0.63,-0.64,-0.47,-0.21,-0.29,-0.31,-0.34,-0.05,0.49,1.06,1.48,1.64,1.74,1.72,1.80,1.48,1.46,1.57,1.42,1.62,2.42,3.12,3.33,3.39,3.34,3.37,3.30,3.14,2.66,2.52,2.46,2.17,2.11,2.02,1.94,2.17,2.19,2.01,1.72,1.43,1.44,1.56,1.72,1.68,1.20,0.32,-0.64,-1.02,-0.81,-0.43,0.61,0.98,0.99,1.00,0.96,0.80,0.82,0.58,0.90,0.56,0.87,0.51,0.40,0.52,0.46,0.55,0.55,0.40,0.96,0.28,-0.84,-1.04,-1.03,-0.87,0.32,1.65,2.17,2.30,2.31,2.36,2.43,2.48,2.64,2.58,2.65,2.60,2.83,2.81,2.94,2.84,2.67,2.60,2.84,2.73,2.67,2.79,2.59,2.31,2.17,2.01,2.01,2.05,1.66,1.61,1.48,1.07,0.71,0.72,0.71,0.57,1.03,2.37,3.63,3.89,3.96,3.84,3.44,3.53,3.50,3.30,3.30,3.46,3.37,3.34,3.18,3.07,3.07,3.24,3.38,2.98,3.18,3.01,2.87,2.75,2.61,2.53,2.49,2.25,1.94,1.62,1.31
-0.93,-0.96,-0.96,-0.96,-1.45,-1.65,-1.85,-2.08,-2.21,-2.26,-2.31,-2.33,-2.24,-1.93,-1.48,-1.26,-1.03,-0.94,-0.43,-0.42,-0.51,-0.31,-0.62,-0.49,-0.37,-0.15,0.24,0.31,0.73,1.17,1.27,1.57,1.67,1.65,1.53,1.61,1.53,1.64,1.96,2.59,3.12,3.40,3.40,3.27,3.58,3.41,3.06,2.90,2.34,2.38,2.11,2.00,1.96,1.83,1.83,1.85,1.94,1.73,1.51,1.44,1.56,1.83,1.60,1.21,-0.02,-0.98,-1.28,-0.78,-0.67,0.35,0.62,0.78,0.73,0.80,0.65,0.55,0.47,0.77,0.53,0.69,0.44,0.46,0.45,0.40,0.44,0.47,0.52,0.72,0.35,-0.67,-0.98,-0.91,-0.72,0.23,1.51,2.18,2.20,2.16,2.28,2.45,2.45,2.55,2.55,2.55,2.51,2.72,2.73,2.93,2.71,2.72,2.67,2.91,2.77,2.71,2.66,2.41,2.22,2.31,2.26,1.78,1.61,1.10,1.31,1.11,0.95,0.68,0.62,0.69,0.68,1.23,2.57,3.65,3.95,3.79,3.73,3.43,3.41,3.39,3.30,3.31,3.44,3.27,3.33,3.14,2.97,2.95,3.09,3.27,3.15,3.18,2.96,2.73,2.55,2.35,2.10,2.14,2.07,1.97,1.71,1.29
-0.88,-1.06,-0.98,-0.72,-1.66,-1.65,-1.86,-2.08,-2.09,-2.04,-2.41,-2.18,-2.16,-1.99,-1.67,-1.46,-1.09,-0.99,-0.56,-0.56,-0.56,-0.37,-0.53,-0.64,-0.57,-0.53,-0.16,-0.13,0.23,0.62,0.69,0.99,1.56,1.64,1.55,1.53,1.66,1.85,2.19,2.66,3.16,3.44,3.33,3.26,3.56,3.44,3.09,2.79,2.59,2.17,2.16,1.97,1.87,1.74,1.64,1.60,1.65,1.55,1.44,1.54,1.74,1.83,1.56,0.88,-0.05,-0.96,-1.21,-0.61,-0.61,0.42,0.69,0.69,0.73,0.68,0.47,0.30,0.24,0.65,0.47,0.49,0.42,0.39,0.34,0.28,0.34,0.49,0.50,0.66,0.18,-0.79,-0.93,-0.97,-0.92,0.04,1.46,2.31,2.30,2.28,2.42,2.51,2.53,2.59,2.40,2.32,2.71,2.51,2.46,2.60,2.69,2.65,2.58,2.85,2.67,2.52,2.46,2.38,2.29,2.25,2.29,2.06,1.67,1.28,1.17,1.36,1.15,0.94,0.78,0.74,0.78,1.17,2.28,3.46,3.64,3.82,3.68,3.41,3.45,3.45,3.33,3.31,3.39,3.25,3.41,3.34,3.16,3.10,3.15,3.09,3.30,3.07,3.01,2.67,2.37,2.51,2.00,1.95,1.65,1.55,1.57,1.42
-1.04,-1.21,-1.18,-1.11,-1.56,-1.59,-1.81,-2.07,-2.16,-2.08,-2.22,-2.08,-2.10,-1.98,-1.71,-1.43,-1.09,-0.94,-0.43,-0.43,-0.42,-0.29,-0.47,-0.64,-0.86,-0.97,-0.91,-0.62,0.00,0.36,0.51,1.04,1.67,1.85,1.46,1.49,1.65,1.62,2.11,2.66,3.01,3.18,3.19,3.16,3.32,3.06,2.69,2.66,2.69,1.83,1.29,1.22,1.46,1.32,1.48,1.56,1.39,1.27,1.32,1.40,1.29,1.23,1.34,0.96,0.11,-0.84,-1.12,-0.89,-0.54,0.39,0.62,0.35,0.53,0.32,0.28,0.35,-0.11,0.15,0.23,0.45,0.31,0.39,0.35,0.26,0.21,0.15,0.23,0.56,-0.02,-0.87,-1.04,-1.21,-1.23,-0.15,1.27,1.89,2.07,2.22,2.32,2.31,2.32,2.31,2.47,2.30,2.49,2.55,2.49,2.70,2.54,2.65,2.22,2.45,2.60,2.34,2.13,2.08,1.96,1.87,1.94,1.88,1.46,1.33,0.93,1.29,1.15,1.11,0.92,0.76,0.71,1.09,2.37,3.53,3.59,3.89,3.70,3.51,3.49,3.51,3.41,3.32,3.39,3.37,3.35,3.40,3.38,3.34,3.33,3.13,3.24,2.90,2.73,2.57,2.42,2.37,2.19,1.79,1.46,1.20,1.07,1.10
-0.42,-0.76,-1.03,-0.92,-1.50,-1.64,-2.00,-2.16,-2.12,-2.18,-2.19,-1.95,-1.93,-1.81,-1.59,-1.31,-0.99,-1.02,-0.46,-0.26,-0.17,-0.22,-0.58,-1.03,-1.23,-1.21,-1.11,-0.83,-0.69,-0.43,0.34,1.22,1.64,1.51,1.73,1.89,1.62,1.60,2.20,2.52,2.57,2.73,2.76,2.61,2.70,2.19,1.97,2.17,2.28,1.51,0.49,0.29,0.32,0.34,0.66,0.92,0.67,0.51,0.61,0.88,1.01,1.03,1.40,1.15,0.28,-0.48,-1.23,-0.88,-0.54,0.30,0.32,0.23,0.21,0.05,-0.22,-0.11,-0.36,-0.06,-0.01,0.18,0.21,0.10,0.11,0.02,0.13,-0.27,-0.17,0.23,-0.17,-0.79,-0.96,-1.11,-1.18,-0.20,1.26,1.94,2.22,2.30,2.26,2.40,2.42,2.55,2.58,2.31,2.32,2.58,2.48,2.59,2.58,2.69,2.43,2.46,2.31,2.23,2.23,2.13,1.91,1.77,2.00,2.16,1.45,1.11,1.03,1.27,1.16,1.01,0.77,0.66,0.74,1.07,2.45,3.64,3.92,4.01,3.83,3.75,3.68,3.59,3.59,3.54,3.33,3.43,3.25,3.32,3.50,3.63,3.62,3.45,3.18,3.08,2.90,2.58,2.25,2.18,2.13,1.59,1.21,1.00,0.79,0.63
0.00,-0.26,-0.71,-1.16,-1.36,-1.43,-1.86,-2.03,-2.05,-2.10,-2.18,-1.89,-1.78,-1.56,-1.37,-1.19,-0.87,-0.93,-0.41,0.19,0.19,-0.13,-0.28,-0.59,-1.12,-1.17,-1.26,-0.97,-0.88,-0.41,0.32,1.10,1.87,1.77,1.40,2.02,1.50,1.88,2.34,2.31,2.40,2.48,2.08,1.57,1.48,1.15,1.10,1.14,1.37,0.68,-0.02,-0.22,-0.15,-0.22,-0.12,0.24,0.09,-0.18,0.07,0.67,0.90,1.01,1.40,1.12,0.37,-0.52,-0.64,-0.69,-0.46,0.26,0.29,0.00,0.28,0.20,-0.10,0.04,-0.28,-0.27,-0.26,-0.24,-0.26,-0.23,-0.07,-0.18,-0.18,-0.44,-0.57,-0.33,-0.47,-0.87,-0.96,-0.88,-0.72,0.03,1.11,1.71,1.89,1.84,1.76,1.99,1.88,1.97,1.97,1.65,1.62,1.97,2.03,1.91,1.79,2.13,2.16,2.32,2.13,1.97,2.02,1.93,1.72,1.67,1.83,2.20,1.61,1.11,1.17,1.22,1.15,0.95,0.73,0.67,0.79,1.06,2.16,3.70,4.07,4.20,4.09,3.85,3.82,3.77,3.54,3.64,3.77,3.66,3.47,3.30,3.28,3.45,3.65,3.64,3.41,3.22,3.06,2.84,2.61,2.47,2.19,1.55,1.17,1.00,0.71,0.39
0.04,0.08,-0.22,-0.77,-0.96,-0.98,-1.64,-1.88,-1.81,-1.71,-1.60,-1.50,-1.64,-1.46,-1.23,-1.02,-0.74,-0.73,0.03,0.71,0.65,0.25,-0.07,-0.47,-0.98,-1.11,-0.97,-0.91,-0.62,-0.05,0.83,1.64,1.96,1.93,1.66,1.74,1.33,1.73,2.24,2.54,2.61,2.36,1.60,0.72,0.44,0.51,0.60,0.21,0.47,0.03,-0.02,-0.11,-0.31,-0.39,-0.41,-0.31,-0.34,-0.27,-0.10,0.25,0.53,1.05,1.60,1.11,0.41,-0.44,-0.52,-0.69,-0.51,0.20,-0.06,0.19,0.15,0.18,-0.18,0.39,-0.15,-0.15,-0.16,-0.22,-0.05,-0.05,0.24,-0.03,-0.16,-0.34,-0.42,-0.36,-0.62,-0.84,-0.89,-1.09,-0.93,0.04,1.20,1.71,1.57,1.45,1.25,1.18,1.53,1.48,1.54,1.48,1.42,0.78,0.71,0.77,0.72,1.21,1.36,1.49,1.67,1.64,1.46,1.42,1.54,1.53,1.57,1.87,1.62,1.15,1.14,1.31,1.20,0.94,0.73,0.68,0.77,1.04,1.96,3.85,4.02,4.18,4.21,4.01,3.79,3.88,4.05,3.84,3.87,3.76,3.62,3.50,3.46,3.53,3.76,3.81,3.56,3.39,3.27,3.16,2.90,2.66,2.28,1.54,1.21,1.17,0.78,0.46
0.15,0.26,0.10,-0.24,-0.52,-0.66,-1.04,-1.55,-1.79,-1.67,-1.59,-1.48,-1.61,-1.43,-1.07,-0.76,-0.66,-0.62,0.52,0.94,1.10,0.77,0.04,-0.54,-0.82,-0.87,-0.54,-0.36,-0.29,0.16,0.61,0.95,1.42,1.50,1.14,1.37,1.05,1.21,1.83,2.31,2.49,2.18,1.29,0.50,0.29,0.39,0.39,0.07,0.10,-0.05,0.08,-0.07,-0.18,-0.07,-0.08,-0.16,-0.20,0.00,0.11,0.25,0.65,1.44,2.03,1.64,0.71,-0.36,-0.43,-0.43,-0.37,0.04,-0.27,-0.05,0.08,0.03,-0.29,-0.51,-0.49,-0.16,-0.41,-0.20,-0.08,-0.44,-0.18,-0.31,-0.17,-0.21,0.02,0.20,-0.34,-0.86,-1.07,-1.27,-0.97,0.09,1.11,1.37,1.21,0.98,0.74,0.52,0.79,0.85,0.96,0.90,0.76,0.53,-0.01,-0.15,0.05,0.26,0.39,0.61,0.92,0.90,0.83,0.95,1.01,1.34,1.40,1.38,1.50,1.16,1.07,1.37,1.29,0.92,0.66,0.63,0.73,1.07,2.01,3.72,3.92,4.20,4.08,3.88,3.71,3.64,3.88,3.90,3.70,3.77,3.51,3.46,3.49,3.40,3.62,3.81,3.59,3.41,3.35,3.25,2.91,2.58,2.29,1.67,1.29,1.34,1.07,0.68
0.49,0.47,0.41,0.19,-0.17,-0.20,-0.37,-0.93,-1.24,-1.27,-1.19,-1.11,-1.55,-1.27,-0.79,-0.48,-0.21,0.21,0.68,1.07,1.42,1.01,0.05,-0.73,-0.78,-0.66,-0.63,-0.47,-0.42,-0.29,-0.13,0.11,0.37,0.31,-0.03,0.03,0.08,0.09,0.50,1.44,1.84,1.45,0.78,0.39,0.45,0.37,0.23,0.37,0.21,0.29,0.24,0.09,0.15,0.26,0.32,0.16,0.05,0.19,0.30,0.49,0.90,1.64,2.17,1.72,0.67,-0.36,-0.27,-0.44,-0.28,-0.05,0.26,-0.07,0.04,0.09,-0.18,0.16,-0.52,-0.07,-0.54,-0.59,-0.33,-0.06,-0.06,-0.52,-0.42,-0.07,0.09,0.03,-0.46,-0.92,-0.94,-0.96,-0.74,0.05,0.60,0.78,0.71,0.51,0.23,0.00,0.14,0.15,0.11,0.18,-0.01,-0.06,-0.66,-0.53,-0.33,-0.21,-0.29,-0.08,0.23,0.21,0.20,0.45,0.46,0.89,1.32,1.11,1.40,1.18,1.18,1.37,1.27,0.89,0.67,0.77,0.72,0.98,2.35,3.59,3.85,3.98,4.03,3.92,3.77,3.83,3.95,3.82,3.97,3.65,3.53,3.47,3.44,3.40,3.56,3.84,3.68,3.45,3.30,3.12,2.88,2.54,2.26,1.94,1.62,1.36,1.12,0.90
0.84,0.94,0.92,0.65,0.35,0.35,0.16,-0.16,-0.38,-0.53,-0.58,-0.42,-0.89,-0.57,-0.39,-0.29,0.04,0.60,0.66,1.37,1.38,0.83,-0.13,-0.89,-0.77,-0.67,-0.81,-0.77,-0.89,-0.88,-0.76,-0.57,-0.53,-0.76,-0.94,-0.97,-0.84,-0.87,-0.91,-0.32,0.09,0.53,0.66,0.56,0.58,0.56,0.58,0.60,0.49,0.61,0.58,0.53,0.46,0.49,0.53,0.35,0.37,0.51,0.55,0.76,1.22,1.79,2.13,1.89,0.89,-0.12,-0.01,-0.28,0.29,0.92,1.18,0.82,0.85,0.18,-0.16,-0.22,-0.68,-0.59,-1.07,-0.96,-0.28,-0.34,-0.21,-0.28,-0.34,-0.06,0.08,0.00,-0.39,-0.78,-0.98,-1.12,-0.76,-0.11,0.19,0.45,0.03,-0.12,-0.10,-0.18,0.02,-0.07,-0.33,-0.48,-0.44,-0.15,-0.38,-0.23,-0.27,-0.34,-0.39,-0.36,-0.08,0.03,-0.03,0.08,0.20,0.55,1.21,1.21,1.27,1.15,1.26,1.42,1.25,0.87,0.58,0.55,0.73,0.82,2.08,3.52,3.75,3.97,3.95,3.82,3.87,3.90,3.71,3.69,3.72,3.56,3.54,3.64,3.57,3.27,3.57,3.72,3.65,3.46,3.28,3.10,3.01,2.61,2.18,1.78,1.56,1.61,1.53,1.05
1.45,1.50,1.39,1.17,0.93,0.88,0.77,0.58,0.42,0.29,0.15,0.28,-0.39,-0.01,0.20,0.36,0.50,0.40,0.99,1.18,0.83,0.42,-0.21,-0.79,-0.86,-0.98,-0.96,-1.07,-1.30,-1.19,-1.04,-0.98,-0.98,-1.03,-1.06,-0.88,-0.97,-0.94,-1.12,-0.59,-0.29,0.13,0.62,0.78,0.82,0.93,0.71,0.72,0.68,0.76,0.79,0.74,0.67,0.72,0.67,0.50,0.62,0.79,0.98,1.31,1.59,1.72,1.80,1.61,0.96,0.55,0.63,0.46,0.79,1.05,1.53,1.42,0.74,0.02,-0.28,-0.54,-0.73,-0.79,-1.19,-1.19,-0.41,-0.44,-0.16,-0.37,-0.26,0.09,0.16,0.52,0.24,-0.49,-0.66,-0.78,-0.31,0.62,0.44,0.51,0.16,-0.06,-0.17,-0.06,-0.10,-0.24,-0.21,-0.42,-0.33,-0.15,-0.17,0.02,-0.16,-0.21,-0.29,-0.32,-0.16,-0.11,-0.11,0.09,0.26,0.49,1.05,1.20,1.27,1.16,1.20,1.26,1.16,0.94,0.76,0.73,0.74,0.93,2.53,3.63,3.91,3.97,3.88,3.76,3.70,3.62,3.64,3.64,3.73,3.53,3.43,3.53,3.65,3.21,3.50,3.43,3.45,3.39,3.24,3.30,3.18,2.52,1.99,1.68,1.57,1.59,1.59,1.61
1.93,1.60,1.60,1.53,1.32,1.38,1.37,1.12,1.07,0.95,0.71,0.73,0.14,0.57,0.65,0.69,0.73,0.62,0.85,0.71,0.18,-0.16,-0.57,-0.99,-1.18,-1.33,-1.24,-1.31,-1.43,-1.27,-1.06,-1.09,-1.08,-1.04,-1.23,-0.92,-1.13,-0.96,-1.01,-0.53,-0.56,0.20,0.79,0.88,1.04,1.18,1.01,0.79,0.99,1.14,1.04,0.80,0.72,0.80,0.79,0.74,0.78,0.87,1.22,1.66,1.73,1.62,1.60,1.27,0.90,0.93,0.83,0.92,0.76,0.73,1.28,0.92,0.26,-0.15,-0.63,-0.87,-1.06,-0.99,-1.23,-1.42,-1.01,-1.02,-0.76,-1.02,-0.67,-0.16,-0.28,-0.08,0.00,-0.38,-0.57,-0.48,-0.18,0.20,0.35,0.65,0.20,0.25,0.15,-0.17,-0.13,-0.06,0.16,-0.07,-0.03,-0.02,0.05,0.21,0.09,0.03,-0.10,-0.10,-0.03,-0.15,-0.08,0.26,0.49,0.53,1.06,1.12,1.40,1.40,1.34,1.23,1.12,0.94,0.63,0.46,0.47,0.62,2.25,3.38,3.57,3.56,3.51,3.41,3.34,3.31,3.51,3.51,3.66,3.39,3.26,3.33,3.44,3.32,3.37,3.25,3.30,3.31,3.18,3.28,3.14,2.52,2.03,1.62,1.33,1.55,1.68,1.93
1.82,1.67,1.68,1.60,1.54,1.59,1.46,1.40,1.43,1.28,1.15,1.01,0.73,0.87,0.89,0.90,0.74,0.58,1.29,1.44,0.44,-0.53,-0.92,-0.92,-0.98,-1.17,-1.26,-1.32,-1.36,-1.22,-1.02,-1.13,-1.11,-1.08,-1.36,-1.07,-1.01,-0.96,-1.06,-0.42,-0.36,0.20,0.87,1.14,1.03,0.99,1.21,1.23,1.37,1.23,1.17,1.03,1.05,0.95,0.99,1.06,0.98,1.01,1.36,1.57,1.56,1.57,1.51,1.11,0.94,1.20,1.16,1.01,0.61,0.51,0.52,-0.34,-0.49,-0.66,-1.28,-1.36,-1.27,-1.11,-1.13,-1.30,-1.13,-1.18,-1.23,-1.51,-1.28,-0.78,-0.69,-0.66,-0.27,-0.24,-0.33,0.02,0.23,0.40,0.60,0.73,0.39,0.51,0.46,0.14,0.11,0.28,0.42,0.18,0.20,0.30,0.39,0.37,0.31,0.25,0.20,0.31,0.39,0.21,0.20,0.32,0.67,0.71,1.42,1.64,1.57,1.49,1.54,1.66,1.55,1.18,0.83,0.61,0.90,1.10,2.22,2.98,3.26,3.38,3.31,3.09,3.07,3.15,3.31,3.31,3.50,3.22,3.08,3.20,3.10,3.26,3.18,3.13,3.12,2.97,2.76,3.31,2.71,2.49,2.22,1.85,1.56,1.70,2.05,2.18
1.83,2.05,1.91,1.87,1.94,1.88,1.28,1.49,1.33,1.40,1.44,1.23,1.09,1.07,1.05,0.93,0.68,0.63,1.37,1.29,0.09,-0.72,-1.06,-1.17,-1.23,-1.37,-1.42,-1.45,-1.26,-1.19,-1.04,-1.16,-1.09,-1.04,-1.13,-1.02,-0.88,-1.06,-0.68,-0.34,-0.17,0.45,1.03,1.11,0.93,0.87,0.96,1.18,1.00,1.29,1.09,1.23,1.34,1.11,1.04,1.07,0.99,1.38,1.59,1.42,1.34,1.50,1.42,1.09,1.07,1.34,1.36,1.16,0.62,-0.05,-0.58,-1.26,-1.17,-1.16,-1.43,-1.46,-1.38,-1.11,-1.27,-1.24,-1.24,-1.28,-1.47,-1.57,-1.46,-1.22,-0.99,-0.88,-0.56,-0.36,-0.12,0.55,0.71,0.78,0.79,0.72,0.66,0.76,0.72,0.56,0.45,0.55,0.61,0.41,0.47,0.68,0.62,0.50,0.46,0.49,0.50,0.65,0.82,0.66,0.47,0.40,0.92,0.82,1.62,1.93,1.89,1.90,1.84,2.00,2.02,1.55,1.28,1.40,1.53,1.77,2.48,2.82,2.93,3.00,2.97,2.83,2.78,2.88,2.96,3.02,3.25,3.00,2.78,2.93,2.77,2.81,2.77,2.79,2.81,2.69,2.40,2.41,2.46,2.30,2.07,1.84,1.65,2.01,2.29,2.42
1.94,2.22,2.05,1.99,1.94,1.72,1.50,1.33,1.54,1.64,1.60,1.51,1.37,1.38,1.16,0.92,0.69,0.77,1.31,1.15,0.21,-0.89,-1.28,-1.09,-1.06,-1.35,-1.31,-1.56,-1.41,-1.21,-1.19,-1.07,-0.98,-0.89,-0.76,-0.68,-0.63,-0.98,-0.28,-0.10,0.14,0.61,0.87,0.87,0.90,1.00,1.10,1.18,0.92,0.82,0.65,0.80,1.09,0.88,1.04,1.25,1.20,1.48,1.28,1.25,1.26,1.34,1.36,1.11,1.16,1.23,1.20,1.20,0.41,-0.79,-1.41,-1.60,-1.56,-1.31,-1.31,-1.31,-1.50,-1.12,-1.41,-1.28,-1.31,-1.41,-1.42,-1.42,-1.33,-1.19,-0.92,-0.77,-0.71,-0.44,0.21,1.04,1.11,0.98,1.10,1.07,0.94,0.98,1.03,0.68,0.63,0.71,0.80,0.68,0.71,1.04,0.84,0.67,0.68,0.76,0.71,0.69,0.88,0.96,0.74,0.58,1.37,1.04,1.78,2.36,2.57,2.43,2.53,2.57,2.46,2.32,1.77,1.94,2.14,2.31,2.55,2.63,2.58,2.55,2.59,2.55,2.45,2.48,2.53,2.63,2.82,2.59,2.31,2.57,2.30,2.34,2.51,2.54,2.53,2.48,2.17,2.17,2.17,2.18,2.13,2.11,2.16,2.30,2.37,2.48
1.77,2.07,1.74,1.71,1.74,1.71,1.56,1.51,1.61,1.77,1.82,1.84,1.99,1.79,1.37,1.05,0.89,0.93,1.14,0.98,0.14,-0.66,-0.93,-1.01,-1.09,-1.18,-1.18,-1.14,-1.38,-1.36,-1.16,-1.02,-0.91,-0.76,-0.51,-0.27,-0.22,-0.47,0.10,0.15,0.34,0.60,0.77,0.72,0.79,0.92,0.88,0.92,0.93,0.89,0.88,0.67,1.16,0.90,1.06,1.20,1.17,1.15,1.01,1.28,1.05,0.84,1.01,1.07,1.17,1.20,1.20,0.80,-0.01,-1.19,-1.76,-1.86,-1.75,-1.38,-1.43,-1.28,-1.51,-1.24,-1.51,-1.51,-1.32,-1.52,-1.41,-1.37,-1.35,-1.12,-0.84,-0.66,-0.54,-0.28,0.42,1.22,1.29,1.18,1.53,1.43,1.12,1.10,1.14,0.87,0.82,0.87,0.95,0.99,0.89,1.20,1.15,0.92,0.82,0.92,0.92,0.73,0.87,1.03,1.03,0.89,0.94,1.22,1.79,2.29,2.43,2.30,2.34,2.41,2.31,2.29,1.88,2.64,2.31,2.23,2.17,2.20,2.16,2.16,2.30,2.31,2.13,2.17,2.18,2.19,2.35,2.30,2.16,2.32,2.03,1.91,2.12,2.16,2.00,1.93,2.00,1.96,1.89,1.99,2.12,2.11,2.37,2.32,2.34,2.38
1.62,1.74,1.53,1.60,1.55,1.49,1.65,1.65,1.74,1.65,1.56,1.73,2.13,2.49,1.54,1.27,1.14,1.06,1.03,1.05,0.23,-0.42,-0.56,-0.58,-0.74,-1.01,-1.13,-1.13,-1.23,-1.40,-1.24,-0.94,-0.69,-0.48,-0.32,-0.10,0.05,0.08,0.37,0.28,0.28,0.50,0.61,0.51,0.45,0.57,0.69,0.62,0.61,0.53,0.85,0.83,1.07,0.63,0.93,0.73,0.74,0.71,0.82,1.04,1.04,1.09,1.14,1.20,1.09,0.84,0.87,0.46,-0.12,-1.33,-1.85,-1.98,-1.79,-1.53,-1.70,-1.41,-1.57,-1.47,-1.55,-1.74,-1.46,-1.67,-1.52,-1.45,-1.33,-1.17,-0.92,-0.63,-0.26,0.08,0.56,1.14,1.20,1.33,1.44,1.22,1.06,1.18,1.06,1.17,1.12,1.11,0.82,1.21,1.21,1.26,1.20,1.07,0.99,1.01,1.00,0.92,1.04,1.00,0.83,1.20,1.90,1.61,2.22,2.22,2.26,2.28,2.18,2.13,2.11,2.01,1.76,2.19,2.00,1.82,1.61,1.59,1.66,1.77,2.02,2.12,1.90,1.89,1.84,1.89,2.13,2.17,1.87,1.93,1.76,1.72,1.88,1.91,1.78,1.79,1.95,1.93,1.80,1.88,2.02,1.82,1.74,1.85,2.07,2.11
1.54,1.27,1.28,1.29,1.29,1.40,1.48,1.42,1.62,1.74,1.57,1.46,1.70,2.06,1.33,1.25,1.21,1.14,1.18,1.29,0.56,-0.34,-0.49,-0.44,-0.72,-0.98,-0.91,-1.13,-1.08,-1.13,-0.99,-0.83,-0.54,-0.46,-0.38,-0.18,-0.01,0.11,0.23,0.30,0.14,0.37,0.28,0.29,0.21,0.35,0.56,0.47,0.56,0.51,0.49,0.50,0.79,0.53,0.58,0.66,0.56,0.37,0.65,0.87,1.05,1.15,1.03,0.84,0.71,0.73,0.82,0.62,-0.06,-1.21,-1.72,-1.81,-1.59,-1.64,-1.81,-1.75,-1.76,-1.56,-1.41,-1.72,-1.55,-1.70,-1.52,-1.46,-1.17,-1.08,-0.82,-0.42,-0.10,0.41,0.95,1.20,1.05,1.26,1.07,1.07,1.03,1.09,1.03,1.17,1.03,1.01,0.87,1.04,1.06,1.14,1.18,1.09,1.01,0.94,0.83,0.90,0.78,0.69,0.98,1.45,1.74,1.57,1.78,1.74,1.67,1.51,1.46,1.64,1.59,1.70,1.49,1.31,1.39,1.34,1.26,1.21,1.26,1.45,1.64,1.72,1.49,1.33,1.32,1.48,1.74,1.93,1.84,1.93,1.66,1.42,1.38,1.55,1.67,1.62,1.67,1.73,1.66,1.70,1.83,1.56,1.25,1.29,1.55,1.72
1.05,0.72,0.87,0.84,1.09,1.22,1.14,1.06,1.42,1.45,1.32,1.37,1.51,1.39,1.25,1.10,0.99,1.17,1.42,1.37,0.68,-0.39,-0.54,-0.49,-0.77,-0.93,-0.93,-1.14,-1.14,-1.13,-0.79,-0.84,-0.41,-0.36,-0.34,-0.02,0.19,0.21,0.07,0.25,0.10,0.19,-0.02,0.21,0.29,0.31,0.37,0.44,0.56,0.44,0.40,0.36,0.52,0.56,0.20,0.39,0.39,0.26,0.36,0.45,0.69,0.85,0.72,0.57,0.47,0.50,0.72,0.50,-0.12,-1.17,-1.80,-1.88,-1.67,-1.70,-1.55,-1.78,-1.46,-1.38,-1.57,-1.66,-1.37,-1.57,-1.46,-1.36,-1.28,-1.16,-0.69,-0.17,0.10,0.44,0.84,1.03,0.95,1.07,1.12,1.09,0.95,0.84,1.00,1.07,0.95,0.89,1.07,0.99,0.99,1.06,0.96,0.99,1.03,0.83,0.63,0.67,1.05,0.72,0.98,1.37,1.34,1.27,1.46,1.38,1.29,1.04,0.94,1.26,1.11,1.29,1.10,0.96,0.89,0.88,1.03,1.15,1.16,1.16,1.23,1.49,1.15,1.27,1.37,1.48,1.61,1.65,1.54,1.72,1.49,1.28,1.15,1.21,1.43,1.36,1.40,1.38,1.23,1.17,1.28,0.76,0.82,0.80,0.99,1.22
0.62,0.62,0.63,0.74,0.85,0.88,0.77,0.66,1.12,1.14,1.14,1.15,1.16,1.28,1.18,0.84,0.83,0.84,0.94,1.09,0.50,-0.56,-0.61,-0.53,-0.77,-0.88,-0.92,-1.18,-1.09,-0.86,-0.67,-0.71,-0.66,-0.57,-0.23,0.07,0.08,-0.05,-0.20,0.25,-0.01,0.00,-0.15,0.15,0.29,0.28,0.21,0.20,0.36,0.19,0.18,0.11,0.19,0.25,0.19,0.29,0.08,0.35,0.37,0.50,0.49,0.31,0.36,0.57,0.56,0.35,0.25,0.23,-0.20,-0.93,-1.51,-1.64,-1.57,-1.18,-1.42,-1.50,-1.69,-1.35,-1.61,-1.67,-1.56,-1.65,-1.55,-1.43,-1.35,-1.23,-0.71,-0.03,0.40,0.73,0.85,0.68,0.63,0.55,0.88,1.18,0.99,0.98,0.90,0.85,0.87,0.82,0.77,0.87,0.93,0.85,0.90,1.09,1.07,0.94,0.92,0.87,0.96,0.92,0.89,1.01,1.06,0.92,1.10,1.06,0.93,0.77,0.72,1.05,0.96,0.87,0.84,0.92,0.79,0.67,0.78,0.87,0.87,1.06,1.22,1.12,1.36,1.20,1.06,1.15,1.34,1.48,1.26,1.36,1.20,1.09,1.06,1.05,1.07,1.18,1.40,1.36,1.18,1.05,1.11,1.01,0.98,0.96,1.10,1.33
0.36,0.44,0.19,0.35,0.60,0.57,0.37,0.32,0.74,0.83,0.82,0.84,0.94,0.96,0.66,0.63,0.44,0.51,0.71,0.72,0.30,-0.72,-0.82,-0.66,-0.84,-0.84,-0.91,-1.17,-0.97,-0.57,-0.78,-0.51,-0.58,-0.33,-0.01,0.09,0.08,0.08,0.15,0.83,0.03,0.23,-0.02,0.14,0.16,0.25,0.11,-0.08,0.11,0.03,-0.05,-0.01,-0.17,-0.02,0.08,-0.02,-0.18,-0.02,0.00,0.05,0.18,0.30,0.31,0.35,0.36,0.11,-0.03,-0.10,-0.34,-0.83,-1.23,-1.43,-1.32,-0.84,-1.22,-1.26,-1.38,-1.23,-1.22,-1.17,-1.47,-1.56,-1.51,-1.38,-1.18,-0.94,-0.41,0.20,0.61,0.88,0.78,0.66,0.60,0.89,0.78,0.85,0.78,0.73,0.71,0.80,0.66,0.67,0.87,0.63,0.72,0.71,0.61,0.67,0.73,0.82,0.78,0.60,0.57,0.76,0.76,0.72,0.77,0.65,0.74,0.76,0.63,0.56,0.58,0.77,0.78,0.52,0.72,0.73,0.74,0.68,0.67,0.76,0.83,0.78,0.95,0.88,0.99,1.16,1.07,1.04,1.20,1.27,1.04,1.04,0.96,0.88,0.87,0.96,0.98,1.05,1.09,0.94,0.94,1.16,1.17,0.92,0.72,0.85,1.10,1.23
-0.12,-0.12,0.03,0.28,0.03,0.05,0.15,0.19,0.36,0.46,0.42,0.53,0.63,0.56,0.30,0.45,0.26,0.47,0.66,0.52,0.05,-0.64,-0.82,-0.72,-0.87,-0.88,-0.96,-1.11,-1.01,-0.53,-0.74,-0.61,-0.58,-0.18,0.04,0.16,0.29,0.15,-0.10,0.16,0.02,0.21,0.13,0.52,0.25,0.23,0.08,-0.13,-0.03,-0.02,-0.12,-0.05,-0.26,-0.11,-0.06,-0.18,-0.11,-0.15,-0.06,-0.02,0.09,0.05,-0.08,0.02,0.09,-0.11,-0.16,-0.03,-0.42,-0.91,-1.35,-1.32,-0.99,-0.69,-0.88,-1.04,-0.97,-0.94,-1.38,-1.36,-1.37,-1.32,-1.37,-1.13,-0.94,-0.67,-0.03,0.46,0.51,0.52,0.56,0.44,0.28,0.62,0.45,0.31,0.57,0.50,0.55,0.63,0.34,0.46,0.56,0.47,0.63,0.68,0.61,0.60,0.56,0.52,0.51,0.37,0.46,0.55,0.68,0.51,0.65,0.56,0.53,0.58,0.61,0.60,0.57,0.72,0.45,0.53,0.72,0.61,0.56,0.52,0.55,0.62,0.57,0.60,1.06,0.88,0.72,0.98,1.03,0.93,1.06,1.10,0.85,0.85,0.80,0.72,0.69,0.87,0.93,0.99,0.94,0.92,0.92,0.96,1.10,0.95,0.84,0.90,1.07,1.10
-0.69,-0.64,-0.44,-0.44,-0.16,-0.15,-0.26,-0.27,-0.08,0.00,0.02,0.15,0.29,0.30,0.20,0.30,0.23,0.32,0.35,0.20,-0.11,-0.63,-0.76,-0.71,-0.93,-0.89,-0.88,-1.04,-1.08,-0.61,-0.57,-0.72,-0.56,-0.13,0.10,0.18,0.29,0.32,0.20,0.28,0.09,0.25,0.00,0.04,0.18,0.04,-0.21,-0.29,-0.17,-0.12,-0.23,-0.20,-0.17,-0.17,-0.13,-0.21,-0.06,-0.11,-0.01,-0.03,0.10,0.23,0.05,0.02,-0.06,-0.38,-0.44,-0.51,-0.78,-0.97,-1.01,-1.11,-0.99,-0.92,-0.99,-0.99,-0.87,-0.86,-1.11,-1.12,-1.07,-1.13,-1.12,-0.98,-0.97,-0.74,-0.15,0.37,0.49,0.49,0.63,0.40,0.05,0.39,0.47,0.21,0.21,0.34,0.50,0.50,0.24,0.28,0.41,0.29,0.37,0.51,0.44,0.42,0.49,0.34,0.39,0.36,0.55,0.50,0.58,0.30,0.63,0.57,0.44,0.51,0.63,0.57,0.53,0.83,0.69,0.62,0.56,0.58,0.57,0.51,0.57,0.69,0.44,0.57,1.06,0.95,0.73,0.83,0.92,0.83,0.93,1.04,0.72,0.77,0.61,0.32,0.31,0.92,0.60,0.76,0.85,0.85,0.83,0.78,0.78,0.98,0.85,0.85,1.04,0.93
-1.22,-1.13,-0.86,-0.74,-0.64,-0.67,-0.88,-0.91,-0.62,-0.62,-0.59,-0.29,-0.06,-0.01,-0.12,-0.16,-0.11,-0.08,-0.10,-0.08,-0.17,-0.57,-0.89,-0.92,-0.63,-0.74,-0.83,-0.86,-0.86,-0.67,-0.64,-0.64,-0.57,-0.17,0.09,0.10,0.20,0.41,0.41,0.14,-0.02,0.19,0.08,-0.06,-0.24,-0.21,-0.26,-0.32,-0.28,-0.23,-0.23,-0.24,-0.31,-0.18,-0.29,-0.31,-0.27,-0.17,-0.11,-0.18,-0.01,0.21,-0.02,-0.07,-0.10,-0.38,-0.53,-0.68,-0.86,-0.92,-0.88,-1.16,-0.92,-0.93,-0.88,-1.06,-0.96,-0.78,-1.01,-0.99,-1.09,-1.07,-1.07,-0.99,-0.89,-0.64,-0.17,0.30,0.56,0.57,0.50,0.37,0.10,0.32,0.29,0.25,0.31,0.18,0.34,0.36,0.23,0.07,0.20,0.23,0.19,0.34,0.31,0.14,0.30,0.21,0.32,0.36,0.60,0.52,0.41,0.15,0.49,0.46,0.41,0.45,0.35,0.42,0.23,0.37,0.52,0.50,0.55,0.40,0.42,0.40,0.40,0.60,0.32,0.45,0.72,0.69,0.68,0.76,0.82,0.78,0.88,0.95,0.62,0.69,0.62,0.42,0.36,0.32,0.60,0.63,0.65,0.67,0.66,0.60,0.61,0.76,0.72,0.65,0.90,0.85
-1.61,-1.46,-1.18,-1.23,-1.11,-1.04,-1.27,-1.32,-1.07,-0.78,-0.83,-1.01,-0.86,-0.76,-0.86,-0.89,-0.72,-0.58,-0.56,-0.46,-0.43,-0.73,-0.79,-0.89,-0.89,-0.77,-0.96,-1.08,-0.81,-0.64,-0.86,-0.64,-0.67,-0.31,-0.02,0.09,0.20,0.35,0.34,0.26,0.05,0.02,-0.06,0.08,-0.07,-0.12,-0.20,-0.16,-0.05,-0.15,-0.31,-0.37,-0.28,-0.07,-0.48,-0.28,-0.48,-0.21,-0.16,-0.28,-0.10,-0.10,-0.24,-0.11,-0.08,-0.26,-0.47,-0.71,-0.76,-0.86,-0.92,-1.21,-0.94,-0.97,-0.87,-0.96,-1.02,-0.87,-1.22,-1.18,-1.16,-1.02,-1.03,-1.01,-0.99,-0.71,-0.15,0.26,0.52,0.66,0.53,0.34,0.09,0.20,0.09,0.04,0.19,-0.06,0.15,0.10,0.14,-0.06,-0.02,0.04,0.03,0.20,0.21,-0.03,0.13,0.08,0.23,0.18,0.49,0.45,0.25,0.25,0.24,0.23,0.51,0.65,0.26,0.36,0.42,0.62,0.56,0.62,0.47,0.36,0.41,0.36,0.21,0.37,0.30,0.50,0.60,0.42,0.45,0.66,0.76,0.63,0.80,0.50,0.41,0.40,0.30,0.14,0.15,0.20,0.42,0.46,0.51,0.51,0.34,0.37,0.50,0.51,0.47,0.55,0.77,0.76
-1.76,-1.52,-1.43,-1.67,-1.40,-1.38,-1.60,-1.47,-1.22,-1.35,-1.28,-1.67,-1.51,-1.38,-1.48,-1.52,-1.28,-1.01,-0.91,-0.67,-0.54,-0.74,-0.76,-0.94,-0.74,-0.56,-0.61,-0.62,-0.52,-0.51,-0.52,-0.20,-0.57,-0.47,-0.07,0.15,0.26,0.24,0.23,0.32,0.16,-0.07,-0.21,0.08,-0.01,-0.16,-0.29,-0.34,-0.23,-0.23,-0.47,-0.43,-0.51,-0.36,-0.27,-0.22,-0.27,-0.05,-0.18,-0.32,0.14,0.07,0.05,0.07,-0.06,-0.17,-0.44,-0.68,-0.57,-0.67,-0.93,-1.17,-0.98,-0.96,-0.78,-0.92,-1.02,-0.82,-1.21,-1.04,-0.98,-0.87,-0.94,-0.92,-0.91,-0.59,0.00,0.26,0.34,0.44,0.39,0.16,-0.05,0.08,0.08,-0.10,0.07,-0.20,0.05,-0.13,-0.11,-0.16,-0.07,-0.21,-0.21,0.03,0.03,0.04,0.07,-0.05,0.14,-0.05,0.07,0.11,0.00,0.05,0.13,0.18,0.24,0.14,-0.18,0.02,0.13,0.35,0.53,0.42,0.40,0.30,0.20,0.19,0.13,0.20,0.13,0.44,0.61,0.47,0.36,0.53,0.72,0.49,0.87,0.78,0.47,0.67,0.68,0.24,0.05,0.21,0.42,0.39,0.36,0.42,0.15,0.30,0.32,0.32,0.34,0.41,0.83,0.45
-1.56,-1.53,-1.61,-1.78,-1.53,-1.56,-1.74,-1.57,-1.42,-1.61,-1.89,-2.13,-1.78,-1.75,-1.95,-1.90,-1.69,-1.41,-1.11,-0.77,-0.66,-0.82,-0.92,-0.98,-0.74,-0.83,-0.84,-0.78,-0.68,-0.64,-0.63,-0.58,-0.63,-0.59,0.10,0.21,0.23,0.19,0.13,0.11,0.02,-0.05,-0.16,-0.06,-0.18,-0.18,-0.20,-0.18,-0.17,-0.28,-0.36,-0.32,-0.22,-0.27,-0.34,-0.22,-0.32,-0.18,-0.18,-0.29,0.08,0.03,-0.07,-0.07,-0.03,-0.11,-0.34,-0.51,-0.37,-0.44,-0.89,-1.13,-0.96,-0.82,-0.78,-0.97,-1.01,-0.74,-0.98,-0.89,-0.81,-0.76,-0.88,-0.86,-0.71,-0.41,0.08,0.34,0.29,0.24,0.19,0.08,-0.05,0.05,0.11,0.04,0.13,-0.20,0.00,-0.22,-0.33,-0.27,-0.06,-0.18,-0.28,-0.12,-0.08,0.14,-0.16,-0.33,-0.12,-0.47,-0.15,0.18,0.19,-0.13,-0.21,-0.11,-0.05,-0.02,-0.18,0.10,0.13,0.23,0.41,0.32,0.28,0.14,-0.03,-0.02,0.03,0.13,-0.17,-0.05,-0.03,0.05,0.32,0.65,0.66,0.32,0.52,0.42,0.21,0.32,0.52,0.24,-0.06,0.13,0.39,0.35,0.23,0.29,0.40,0.41,0.31,0.20,0.11,0.09,0.68,0.28
-1.55,-1.84,-1.89,-1.72,-1.62,-1.52,-1.75,-1.70,-1.62,-1.70,-1.97,-2.30,-2.02,-1.95,-1.99,-1.95,-1.79,-1.65,-1.62,-1.24,-1.04,-1.14,-1.17,-1.06,-1.04,-1.12,-0.92,-0.77,-0.72,-0.69,-0.58,-0.31,-0.17,-0.11,0.24,0.28,0.15,0.03,0.04,0.02,-0.18,-0.12,-0.03,-0.21,-0.37,-0.15,-0.13,-0.18,-0.08,-0.16,-0.37,-0.29,-0.26,-0.13,-0.36,-0.28,-0.51,-0.16,-0.29,-0.08,0.02,-0.17,-0.23,-0.08,-0.03,-0.08,-0.15,-0.34,-0.58,-0.59,-0.93,-1.06,-0.96,-0.78,-0.97,-0.99,-1.04,-0.86,-0.89,-0.99,-0.86,-0.74,-0.78,-0.76,-0.56,-0.23,0.11,0.39,0.35,0.29,0.16,0.13,0.02,0.04,0.03,0.11,0.03,-0.23,-0.16,-0.23,-0.27,-0.37,-0.26,-0.21,-0.20,-0.11,-0.31,-0.16,-0.48,-0.31,-0.22,-0.33,0.09,-0.08,-0.11,-0.32,-0.38,-0.21,-0.08,-0.01,-0.28,-0.18,0.07,0.16,0.14,0.18,0.13,-0.07,-0.16,-0.03,-0.16,0.05,-0.16,0.04,0.08,0.03,0.15,0.35,0.35,0.19,0.52,0.25,0.16,0.19,0.25,0.20,-0.12,0.00,0.24,0.25,0.15,0.30,0.24,0.19,0.39,0.40,0.10,-0.10,0.21,0.04
-1.45,-1.60,-1.72,-1.80,-1.81,-1.70,-1.84,-1.83,-1.80,-1.79,-1.88,-2.16,-2.02,-2.03,-2.13,-2.13,-1.83,-1.69,-1.71,-1.46,-1.42,-1.47,-1.36,-1.33,-1.26,-1.21,-0.98,-0.82,-0.66,-0.59,-0.56,-0.26,-0.13,-0.07,-0.20,-0.12,-0.02,0.02,-0.12,-0.17,-0.18,-0.43,-0.21,-0.22,-0.38,-0.18,-0.13,-0.20,-0.16,-0.38,-0.53,-0.32,-0.36,-0.38,-0.52,-0.06,-0.05,-0.02,-0.37,-0.39,-0.12,-0.33,-0.22,0.08,0.21,-0.01,-0.38,-0.43,-0.51,-0.87,-0.83,-0.97,-0.83,-0.87,-0.66,-0.91,-1.02,-0.88,-0.86,-0.83,-0.84,-0.82,-0.64,-0.58,-0.43,-0.02,0.31,0.32,0.20,0.19,0.07,-0.10,-0.16,0.07,-0.17,-0.07,-0.08,-0.32,-0.41,-0.32,-0.37,-0.42,-0.22,-0.18,-0.46,-0.43,-0.15,-0.20,-0.39,-0.38,-0.20,-0.44,-0.32,-0.39,-0.24,-0.43,-0.49,-0.28,-0.24,-0.20,-0.46,-0.32,-0.16,0.03,-0.03,-0.10,-0.10,-0.16,-0.28,-0.33,-0.31,-0.08,-0.02,-0.21,-0.08,0.05,0.05,0.04,0.28,0.02,0.30,0.34,0.23,0.15,0.14,0.10,-0.10,0.00,0.23,0.31,0.18,0.50,-0.05,-0.01,0.09,0.07,-0.17,-0.31,-0.11,-0.10
-1.47,-1.47,-1.71,-1.81,-1.65,-1.85,-2.04,-1.95,-1.94,-1.91,-1.79,-1.90,-1.83,-1.95,-2.16,-2.23,-2.09,-1.93,-1.88,-1.79,-1.80,-1.74,-1.60,-1.70,-1.23,-1.24,-1.19,-0.84,-0.57,-0.52,-0.49,-0.32,-0.26,-0.33,-0.53,-0.59,-0.23,-0.49,-0.63,-0.52,-0.58,-0.48,-0.67,-0.24,-0.41,-0.38,-0.13,-0.17,-0.31,-0.49,-0.43,-0.26,-0.29,-0.42,-0.49,-0.03,-0.10,-0.03,-0.21,-0.26,-0.22,-0.16,-0.13,-0.02,0.07,0.00,-0.20,-0.38,-0.48,-0.67,-0.84,-0.97,-0.84,-0.63,-1.01,-0.64,-0.87,-0.69,-0.74,-0.84,-0.76,-0.86,-0.89,-0.87,-0.57,-0.16,0.13,0.32,0.24,0.41,0.26,-0.01,-0.21,0.31,0.14,-0.05,-0.10,-0.46,-0.24,-0.29,-0.41,-0.41,-0.41,-0.33,-0.31,-0.34,-0.13,-0.29,-0.28,-0.18,-0.07,-0.52,-0.37,-0.39,-0.27,-0.32,-0.46,-0.38,-0.42,-0.48,-0.61,-0.13,-0.23,-0.10,0.03,-0.06,-0.20,-0.28,-0.38,-0.23,-0.33,0.04,-0.28,-0.33,-0.33,-0.26,-0.15,-0.13,0.14,0.16,0.03,0.24,0.19,-0.03,0.04,-0.11,-0.26,0.04,0.16,0.03,-0.07,0.10,0.10,-0.01,-0.06,-0.11,-0.23,-0.28,-0.15,-0.16
-1.81,-1.84,-1.90,-1.90,-1.94,-1.89,-1.85,-1.70,-1.62,-1.59,-1.57,-1.88,-1.74,-1.89,-2.04,-2.18,-2.26,-1.91,-1.84,-1.60,-1.62,-1.53,-1.42,-1.55,-1.33,-1.16,-1.09,-0.66,-0.48,-0.46,-0.44,-0.38,-0.38,-0.59,-0.61,-0.61,-0.47,-0.78,-0.79,-0.81,-0.99,-0.96,-0.89,-0.43,-0.51,-0.37,-0.33,-0.32,-0.32,-0.33,-0.31,-0.28,-0.28,-0.24,-0.24,-0.05,-0.24,0.02,-0.10,-0.24,-0.23,-0.10,-0.06,-0.03,0.04,-0.13,-0.36,-0.31,-0.42,-0.76,-0.88,-0.96,-0.62,-0.69,-0.68,-0.92,-0.84,-0.81,-0.81,-1.07,-0.76,-0.79,-0.94,-0.82,-0.46,-0.17,0.02,0.13,-0.08,-0.03,0.30,0.10,-0.06,0.21,-0.17,0.09,0.11,0.04,-0.10,-0.17,-0.13,-0.21,-0.20,-0.13,-0.31,-0.23,-0.22,-0.42,-0.20,-0.33,-0.42,-0.49,-0.34,-0.29,-0.34,-0.36,-0.41,-0.51,-0.48,-0.58,-0.54,-0.37,-0.27,-0.21,-0.13,-0.07,-0.27,-0.62,-0.54,-0.46,-0.43,-0.28,-0.32,-0.39,-0.27,-0.16,-0.22,-0.17,-0.13,0.21,-0.05,-0.05,-0.06,-0.26,-0.08,-0.16,-0.26,-0.23,-0.22,-0.29,-0.23,0.03,-0.07,-0.16,-0.23,-0.24,-0.17,-0.22,-0.15,-0.21
