-41.59,-41.61,-41.43,-41.48,-41.13,-41.25,-41.20,-41.09,-41.38,-41.78,-41.06,-40.86,-40.84,-40.57,-40.00,-40.54,-39.94,-39.63,-39.58,-39.65,-39.47,-38.88,-37.85,-38.16,-38.07,-38.24,-38.35,-37.90,-37.58,-38.35,-37.96,-31.31,-19.01,-9.52,-4.53,-2.55,-1.78,-1.60,-2.40,-4.22,-11.65,-26.06,-37.36,-43.18,-45.03,-45.55,-46.00,-46.48,-46.83,-46.80,-46.80,-46.65,-46.88,-46.55,-46.05,-46.20,-46.15,-45.80,-45.80,-46.17,-46.15,-45.82,-45.85,-45.80,-45.75,-45.28,-44.23,-44.59,-44.77,-45.53,-45.35,-45.16,-45.43,-45.45,-45.23,-45.23,-45.40,-45.28,-44.79,-44.21,-43.89,-44.26,-44.04,-43.51,-43.34,-42.64,-42.47,-42.33,-42.05,-40.95,-40.14,-38.92,-38.29,-37.47,-36.37,-35.23,-33.80,-32.41,-31.44,-29.92,-28.54,-26.35,-25.08,-22.93,-22.71,-24.38,-30.46,-37.83,-42.52,-44.57,-45.33,-45.43,-45.53,-45.82,-46.00,-46.53,-46.15,-46.50,-46.60,-46.55,-46.63,-46.30,-45.80,-45.55,-44.74,-44.26,-43.30,-42.05,-42.10,-42.59,-43.32,-44.18,-44.67,-44.89,-45.16,-45.65,-45.73,-45.80,-45.97,-45.85,-45.30,-45.03,-45.53,-45.16,-45.13,-44.96,-44.52,-44.09,-44.40,-44.59,-44.64,-44.55,-44.33,-43.85,-43.68,-43.18,-43.37,-43.58,-43.44,-43.08
-41.22,-41.22,-41.25,-41.18,-40.84,-40.91,-41.13,-41.22,-41.11,-41.64,-41.43,-41.36,-41.29,-41.16,-41.06,-40.88,-40.75,-40.16,-40.05,-40.34,-40.16,-39.25,-38.57,-38.33,-38.50,-38.74,-38.92,-38.81,-38.27,-38.46,-36.60,-30.85,-18.17,-8.85,-3.97,-2.08,-1.74,-1.62,-1.97,-4.13,-11.88,-25.71,-36.87,-42.82,-44.79,-45.30,-45.82,-46.15,-46.12,-46.00,-46.12,-46.38,-46.30,-46.02,-45.23,-45.33,-45.23,-44.91,-45.28,-45.45,-45.33,-45.82,-45.43,-44.86,-44.57,-43.18,-43.51,-43.87,-44.99,-44.91,-44.67,-44.35,-44.11,-43.87,-43.49,-43.30,-43.70,-43.80,-43.01,-42.59,-42.05,-41.06,-40.23,-39.74,-38.81,-38.35,-36.92,-36.62,-34.67,-33.32,-31.56,-30.31,-28.63,-27.24,-25.66,-23.83,-22.03,-20.22,-19.06,-17.73,-16.54,-15.12,-14.19,-12.52,-13.20,-15.73,-24.63,-34.77,-41.45,-44.30,-45.26,-45.30,-45.16,-45.55,-45.78,-46.38,-45.95,-46.35,-46.43,-45.73,-45.80,-45.55,-44.99,-44.40,-43.37,-42.54,-42.24,-41.85,-42.64,-43.44,-44.40,-44.81,-44.72,-44.89,-44.42,-44.62,-45.26,-45.68,-45.60,-45.28,-45.03,-44.77,-45.28,-45.11,-45.06,-44.91,-44.67,-44.26,-44.23,-44.23,-43.97,-43.92,-43.70,-42.94,-43.20,-43.15,-43.18,-43.32,-43.27,-42.71
-41.02,-41.00,-41.09,-40.79,-40.61,-40.84,-41.06,-41.06,-41.06,-41.50,-41.22,-41.11,-41.22,-41.18,-41.13,-40.93,-41.00,-40.70,-40.54,-41.02,-40.88,-40.36,-39.51,-38.83,-39.16,-39.49,-39.14,-38.81,-39.14,-38.42,-36.73,-30.22,-18.00,-8.52,-3.75,-1.99,-1.64,-1.36,-1.67,-4.18,-11.91,-25.38,-36.64,-42.31,-44.13,-44.77,-45.33,-45.43,-44.89,-44.86,-45.13,-45.48,-45.40,-45.35,-44.40,-44.35,-44.81,-44.89,-44.81,-44.59,-44.18,-44.57,-44.16,-42.52,-42.29,-42.17,-42.97,-43.11,-42.75,-42.45,-41.89,-41.73,-41.16,-40.16,-39.16,-38.77,-38.57,-37.68,-36.24,-34.88,-33.46,-32.02,-30.69,-29.11,-27.61,-25.80,-24.06,-23.10,-20.59,-19.24,-17.17,-15.55,-14.46,-13.34,-12.18,-11.53,-10.76,-9.83,-9.40,-8.88,-8.48,-8.10,-7.88,-7.13,-8.58,-11.43,-21.07,-32.61,-40.30,-43.63,-44.81,-44.96,-44.91,-45.38,-45.85,-46.22,-45.82,-45.85,-46.00,-45.65,-46.02,-45.48,-43.85,-42.75,-42.59,-42.03,-42.12,-42.68,-43.44,-44.18,-44.77,-44.64,-44.57,-44.86,-44.72,-44.45,-44.30,-45.01,-44.89,-44.84,-44.67,-44.21,-44.64,-45.23,-44.91,-44.81,-44.69,-44.50,-44.26,-43.73,-43.37,-43.56,-43.46,-42.94,-43.25,-43.08,-43.18,-43.08,-42.90,-42.59
-40.84,-40.84,-40.70,-40.81,-40.43,-40.61,-41.18,-41.06,-41.32,-41.29,-41.48,-41.50,-41.34,-41.36,-41.61,-41.32,-41.06,-41.04,-41.09,-41.16,-40.86,-40.97,-40.27,-39.87,-40.25,-40.52,-39.98,-39.67,-39.60,-39.27,-36.70,-29.75,-17.72,-8.29,-3.59,-1.79,-1.53,-1.23,-1.66,-4.11,-11.76,-25.25,-36.45,-41.57,-43.15,-44.16,-44.79,-44.11,-44.11,-43.61,-44.18,-44.77,-44.18,-43.94,-43.34,-43.06,-43.04,-42.87,-42.82,-42.61,-41.78,-41.02,-40.07,-39.18,-38.83,-38.94,-38.05,-37.30,-36.73,-35.68,-34.23,-33.30,-31.98,-30.46,-28.80,-27.51,-26.49,-25.03,-23.03,-21.13,-19.70,-18.06,-16.57,-15.56,-14.54,-13.35,-12.14,-11.52,-10.17,-9.30,-8.48,-7.88,-7.47,-7.05,-6.67,-6.41,-6.00,-5.60,-5.39,-5.27,-5.23,-5.37,-5.56,-5.02,-6.44,-9.42,-19.27,-31.46,-39.32,-42.92,-44.23,-44.35,-44.40,-44.94,-45.43,-45.38,-45.13,-45.80,-45.26,-44.59,-44.47,-43.42,-42.03,-41.48,-41.61,-41.94,-42.43,-43.94,-44.18,-44.72,-44.57,-44.72,-44.91,-44.72,-44.59,-44.52,-44.33,-44.86,-44.96,-44.81,-44.40,-44.13,-44.45,-44.77,-44.96,-44.45,-44.11,-44.09,-44.13,-43.15,-43.04,-42.97,-42.75,-42.68,-42.78,-43.15,-42.71,-42.71,-42.78,-42.38
-40.70,-40.77,-40.52,-40.72,-40.79,-40.81,-41.06,-41.48,-41.66,-41.41,-41.25,-41.36,-41.57,-41.57,-42.10,-42.01,-41.55,-41.38,-41.75,-41.66,-41.48,-41.61,-41.64,-41.50,-41.45,-41.27,-40.57,-40.66,-40.30,-40.03,-37.70,-29.97,-17.77,-7.93,-3.30,-1.64,-1.45,-1.28,-1.70,-4.15,-11.92,-25.29,-36.12,-40.84,-42.43,-43.06,-43.77,-43.49,-43.08,-42.87,-42.57,-42.45,-42.05,-41.06,-40.54,-39.58,-39.09,-38.66,-37.45,-36.26,-34.86,-33.38,-31.95,-30.60,-30.14,-28.72,-27.03,-25.94,-24.21,-22.56,-21.15,-19.94,-18.70,-17.36,-16.05,-15.18,-14.39,-13.17,-11.81,-10.88,-10.31,-9.05,-8.33,-7.81,-7.30,-6.67,-6.37,-6.11,-5.91,-5.67,-5.36,-4.93,-5.00,-4.93,-4.95,-4.96,-4.74,-4.66,-4.71,-4.54,-4.44,-4.75,-4.40,-4.41,-5.64,-8.66,-18.92,-31.33,-38.55,-42.31,-43.63,-43.58,-43.61,-44.18,-44.94,-44.84,-44.62,-45.18,-44.47,-43.51,-42.90,-41.73,-41.22,-41.41,-41.96,-43.15,-44.04,-44.57,-44.33,-44.84,-44.79,-45.21,-44.96,-44.23,-44.23,-44.42,-44.45,-44.81,-44.38,-44.01,-43.92,-44.11,-44.38,-44.13,-44.40,-44.01,-43.39,-43.32,-43.82,-42.87,-42.80,-42.68,-42.52,-42.36,-42.45,-42.45,-42.52,-42.31,-42.17,-41.61
-40.77,-41.16,-41.18,-40.63,-40.48,-40.59,-40.79,-41.41,-41.82,-41.34,-41.32,-41.68,-41.82,-41.68,-42.31,-42.45,-42.10,-41.66,-41.55,-41.87,-41.96,-42.17,-41.80,-41.89,-41.94,-41.50,-41.18,-41.29,-40.36,-40.05,-37.81,-30.31,-17.86,-7.51,-2.99,-1.64,-1.43,-1.16,-1.61,-4.06,-12.14,-25.03,-35.49,-39.51,-40.59,-40.93,-40.21,-40.03,-39.18,-37.88,-36.56,-36.49,-35.60,-33.78,-32.00,-30.48,-29.43,-27.82,-25.76,-24.28,-22.33,-20.81,-19.38,-17.95,-17.70,-16.32,-15.23,-14.19,-13.12,-11.98,-11.10,-10.37,-9.72,-8.74,-7.96,-7.52,-7.14,-6.70,-6.21,-6.15,-5.96,-5.48,-5.22,-4.95,-4.85,-4.39,-4.75,-4.79,-4.64,-4.62,-4.40,-4.07,-4.24,-4.19,-4.37,-4.52,-4.41,-4.41,-4.52,-4.60,-4.33,-4.49,-4.48,-4.27,-5.32,-7.88,-17.58,-30.79,-38.27,-41.80,-43.04,-42.99,-43.08,-43.85,-44.59,-44.38,-43.85,-43.87,-43.56,-42.08,-41.71,-41.32,-41.41,-42.03,-43.13,-44.21,-44.09,-44.26,-43.85,-44.52,-44.47,-44.38,-44.01,-43.85,-44.16,-43.99,-43.89,-44.57,-44.09,-43.54,-43.58,-43.92,-43.99,-44.11,-43.75,-43.58,-43.32,-43.30,-43.42,-42.92,-42.52,-42.61,-42.38,-42.15,-41.89,-41.78,-42.31,-41.91,-41.57,-40.72
-40.52,-41.16,-41.25,-40.57,-40.41,-40.70,-40.57,-41.20,-41.98,-41.55,-41.55,-42.29,-42.03,-41.59,-42.45,-42.73,-42.17,-41.36,-41.36,-42.24,-42.50,-42.54,-41.89,-41.52,-41.66,-41.59,-41.38,-40.86,-39.85,-39.47,-37.06,-29.90,-17.77,-7.06,-2.86,-1.52,-1.38,-1.04,-1.31,-3.54,-11.09,-22.60,-31.34,-33.98,-33.78,-32.73,-31.54,-29.84,-28.83,-26.76,-24.90,-23.95,-22.53,-21.02,-19.48,-17.97,-16.82,-15.49,-14.12,-13.19,-11.85,-10.79,-9.97,-9.03,-8.84,-8.10,-7.65,-6.90,-6.70,-6.43,-6.27,-6.03,-5.81,-5.33,-5.03,-4.81,-4.69,-4.81,-4.62,-4.70,-4.65,-4.57,-4.49,-4.28,-4.31,-4.17,-4.50,-4.75,-4.40,-4.24,-4.09,-3.84,-3.79,-3.83,-4.15,-4.19,-3.96,-3.98,-4.22,-4.30,-4.07,-4.15,-3.98,-4.28,-5.24,-7.30,-16.26,-29.22,-37.66,-41.66,-43.04,-42.85,-43.11,-43.85,-43.77,-43.11,-42.52,-42.36,-42.19,-41.11,-41.64,-41.68,-42.29,-42.92,-43.56,-44.11,-43.85,-44.01,-44.06,-44.81,-44.40,-44.67,-44.16,-43.82,-43.89,-43.34,-43.20,-44.01,-43.99,-43.39,-43.27,-43.20,-43.11,-43.44,-43.32,-43.34,-43.13,-42.90,-42.68,-42.73,-42.38,-41.98,-42.08,-41.89,-41.57,-41.57,-42.01,-41.50,-41.36,-40.59
-40.79,-41.09,-41.06,-40.79,-40.63,-40.91,-40.93,-41.48,-41.96,-41.68,-41.41,-41.96,-41.87,-41.34,-42.01,-42.64,-42.24,-41.11,-41.16,-41.29,-41.38,-41.29,-41.06,-40.45,-40.07,-40.32,-39.58,-38.90,-37.66,-37.00,-34.49,-27.82,-16.83,-6.51,-2.46,-1.46,-1.07,-1.28,-1.33,-3.18,-8.61,-16.09,-21.27,-22.18,-21.17,-19.48,-18.68,-17.02,-16.14,-14.51,-13.60,-13.14,-11.94,-10.90,-10.00,-8.98,-8.08,-7.39,-6.94,-6.67,-6.33,-5.73,-5.73,-5.44,-5.39,-5.18,-4.91,-4.68,-4.43,-4.53,-4.77,-4.53,-4.36,-4.24,-4.32,-4.43,-4.48,-4.47,-4.17,-4.26,-4.43,-4.28,-4.41,-4.07,-4.19,-4.22,-4.32,-4.50,-4.22,-4.11,-3.89,-3.61,-3.54,-3.63,-3.90,-3.93,-3.75,-3.81,-3.98,-3.84,-3.75,-3.83,-3.68,-3.77,-4.58,-6.40,-15.15,-28.63,-37.04,-41.22,-42.87,-42.73,-42.90,-43.49,-43.08,-41.89,-41.02,-40.97,-40.81,-41.18,-42.19,-42.38,-43.39,-43.73,-43.75,-44.04,-43.99,-43.61,-43.68,-43.80,-43.85,-44.18,-43.68,-43.42,-43.34,-42.99,-42.78,-43.11,-43.37,-43.15,-42.85,-42.68,-42.78,-43.04,-43.06,-42.80,-42.66,-42.73,-42.87,-42.73,-42.22,-42.03,-41.71,-41.68,-41.66,-41.43,-41.52,-41.29,-41.06,-40.14
-40.77,-40.84,-40.68,-40.63,-40.54,-40.43,-41.02,-41.59,-41.57,-41.02,-40.50,-40.81,-40.77,-40.79,-41.36,-41.43,-40.86,-40.05,-39.40,-38.72,-38.59,-37.83,-37.17,-36.60,-35.70,-35.56,-34.08,-33.46,-31.65,-30.41,-27.75,-22.38,-14.00,-5.28,-2.45,-1.45,-1.07,-1.32,-1.45,-2.46,-5.02,-8.43,-10.89,-11.38,-10.93,-10.13,-9.59,-8.65,-8.03,-6.93,-6.74,-6.83,-6.35,-5.80,-5.39,-5.02,-4.69,-4.44,-4.43,-4.56,-4.58,-4.30,-4.40,-4.39,-4.52,-4.61,-4.49,-4.60,-4.32,-4.48,-4.57,-4.37,-4.28,-4.22,-4.33,-4.53,-4.41,-4.19,-4.20,-4.41,-4.44,-4.33,-4.24,-3.94,-4.31,-3.87,-4.23,-3.96,-3.81,-3.92,-3.63,-3.28,-3.36,-3.35,-3.49,-3.59,-3.48,-3.46,-3.43,-3.10,-2.92,-2.95,-2.96,-2.95,-3.62,-5.53,-13.48,-27.82,-36.58,-40.59,-41.71,-41.43,-41.57,-41.57,-40.91,-40.12,-39.60,-40.34,-41.09,-41.38,-42.54,-43.11,-43.73,-43.89,-43.92,-43.85,-43.73,-43.77,-43.39,-43.27,-43.20,-43.13,-42.75,-42.24,-41.89,-41.91,-42.08,-42.36,-42.71,-42.45,-42.36,-42.54,-42.73,-42.87,-42.78,-42.66,-42.59,-42.59,-42.50,-42.10,-41.41,-41.78,-41.61,-41.68,-41.45,-40.86,-40.95,-40.97,-40.41,-39.32
-40.09,-40.18,-40.16,-40.03,-39.78,-39.20,-39.56,-40.00,-40.14,-40.32,-40.30,-39.32,-38.20,-37.73,-37.32,-36.49,-35.56,-35.29,-34.25,-32.71,-32.00,-30.79,-29.24,-28.17,-27.24,-26.42,-24.78,-23.36,-21.22,-19.46,-17.30,-13.81,-9.20,-4.45,-2.59,-2.02,-1.91,-1.83,-1.98,-2.17,-3.04,-4.44,-5.39,-5.56,-5.59,-5.52,-5.19,-4.83,-4.71,-4.26,-4.35,-4.50,-4.48,-4.24,-4.07,-4.05,-4.07,-4.14,-4.19,-4.35,-4.23,-4.23,-4.22,-4.23,-4.78,-4.68,-4.53,-4.26,-4.19,-4.13,-4.26,-4.23,-4.15,-4.05,-4.18,-4.31,-4.09,-4.06,-4.20,-4.18,-4.02,-3.88,-3.87,-3.72,-3.83,-3.54,-3.90,-3.24,-3.18,-3.08,-3.15,-2.77,-2.72,-2.68,-2.73,-2.83,-2.72,-2.59,-2.46,-2.16,-1.93,-1.90,-2.00,-2.00,-2.72,-4.74,-12.02,-27.44,-36.20,-39.96,-40.91,-40.59,-39.94,-39.36,-39.23,-39.36,-39.56,-41.32,-43.18,-42.94,-42.80,-42.82,-42.73,-43.11,-43.30,-43.01,-43.01,-43.32,-42.97,-42.61,-42.15,-41.73,-41.59,-41.25,-40.72,-40.63,-41.09,-41.20,-41.00,-41.50,-41.48,-41.61,-42.05,-42.50,-42.52,-42.50,-42.33,-42.26,-42.10,-41.71,-41.27,-41.34,-40.70,-41.20,-41.32,-40.75,-40.57,-40.05,-39.74,-38.44
-38.35,-38.48,-38.44,-38.11,-37.55,-37.19,-36.85,-36.68,-35.62,-34.35,-33.50,-32.73,-31.31,-29.99,-28.83,-27.70,-26.54,-26.01,-25.22,-23.41,-22.26,-21.00,-19.16,-17.44,-16.17,-15.21,-13.93,-12.33,-10.61,-9.61,-8.88,-7.51,-5.67,-4.03,-3.21,-2.76,-2.77,-2.33,-2.41,-2.51,-2.65,-3.09,-3.49,-3.55,-3.87,-3.98,-3.89,-3.74,-4.00,-3.92,-4.14,-4.31,-4.26,-4.02,-4.05,-4.20,-4.24,-4.35,-3.88,-3.92,-3.72,-3.65,-3.83,-4.31,-4.65,-4.31,-4.26,-4.09,-4.10,-4.23,-4.17,-4.07,-4.02,-3.87,-3.84,-3.79,-3.58,-3.72,-3.77,-3.66,-3.37,-3.21,-3.12,-3.15,-2.76,-2.77,-2.79,-2.64,-2.27,-2.24,-2.28,-2.04,-1.91,-1.71,-1.64,-1.72,-1.59,-1.45,-1.43,-1.21,-1.02,-1.01,-1.02,-1.07,-1.93,-3.96,-10.58,-25.83,-34.84,-38.63,-39.49,-38.88,-38.48,-38.57,-39.03,-39.85,-40.97,-42.29,-42.33,-41.61,-42.54,-42.17,-41.38,-41.45,-41.61,-41.82,-41.94,-41.87,-41.96,-41.71,-40.97,-40.03,-39.69,-39.43,-39.36,-39.34,-39.23,-39.29,-39.47,-39.34,-40.12,-40.66,-41.25,-41.89,-42.12,-41.85,-41.82,-41.80,-41.80,-41.52,-40.95,-40.97,-40.66,-41.11,-40.81,-40.41,-40.66,-40.00,-39.40,-37.75
-34.19,-34.25,-33.68,-32.49,-31.11,-29.80,-28.63,-27.66,-26.56,-25.24,-23.87,-23.15,-21.83,-20.54,-19.16,-17.97,-17.11,-15.97,-15.29,-13.88,-12.68,-11.62,-10.28,-9.13,-8.61,-7.97,-7.21,-6.36,-5.59,-5.10,-4.87,-4.52,-4.05,-3.70,-3.63,-3.27,-3.17,-2.86,-2.86,-3.00,-3.04,-3.10,-3.27,-3.36,-3.68,-3.75,-3.75,-3.76,-4.02,-3.81,-4.03,-4.14,-4.03,-3.84,-3.70,-3.79,-3.87,-3.87,-3.52,-3.62,-3.54,-3.37,-3.41,-3.79,-3.87,-3.85,-3.68,-3.48,-3.44,-3.58,-3.55,-3.35,-3.19,-3.10,-2.96,-2.74,-2.70,-2.73,-2.59,-2.47,-2.32,-1.93,-2.02,-1.76,-1.64,-1.19,-1.19,-1.16,-1.24,-1.18,-0.93,-0.92,-0.77,-0.59,-0.63,-0.64,-0.42,-0.38,-0.46,-0.28,-0.13,-0.17,-0.17,-0.43,-1.31,-3.35,-8.50,-21.35,-31.25,-35.85,-37.34,-37.60,-37.94,-38.72,-39.83,-40.70,-41.36,-42.08,-41.96,-41.98,-41.75,-40.16,-39.63,-39.47,-40.03,-40.36,-40.32,-40.36,-40.43,-40.07,-38.68,-37.53,-36.98,-36.92,-36.79,-36.54,-36.70,-37.45,-37.17,-37.09,-38.55,-39.34,-40.23,-41.04,-41.43,-41.48,-41.41,-41.34,-41.48,-41.27,-40.68,-40.54,-40.57,-40.57,-40.09,-39.94,-40.27,-40.00,-38.88,-37.21
-26.28,-26.03,-25.27,-23.25,-22.11,-20.27,-18.90,-18.06,-17.11,-15.87,-14.94,-14.49,-13.51,-12.71,-11.76,-10.73,-10.32,-9.22,-8.63,-8.17,-7.41,-6.47,-5.72,-5.35,-4.66,-4.49,-4.41,-3.75,-3.40,-3.48,-3.53,-3.41,-3.39,-3.57,-3.76,-3.53,-3.28,-3.14,-3.24,-3.37,-3.45,-3.54,-3.59,-3.70,-3.75,-3.85,-3.48,-3.57,-3.65,-3.39,-3.58,-3.94,-3.97,-3.92,-3.89,-3.72,-3.71,-3.68,-3.18,-3.27,-3.01,-3.06,-3.06,-3.28,-3.46,-3.21,-3.09,-2.87,-2.45,-2.42,-2.54,-2.45,-2.13,-1.95,-1.83,-1.59,-1.59,-1.57,-1.43,-1.36,-1.31,-1.07,-0.83,-0.54,-0.57,0.04,-0.08,0.26,-0.23,0.00,0.13,0.49,0.52,0.40,0.15,0.03,0.14,0.08,0.02,0.14,0.05,-0.12,-0.22,-0.48,-1.17,-2.77,-6.29,-15.77,-27.06,-33.48,-36.66,-37.92,-38.79,-39.74,-40.68,-41.09,-41.34,-42.10,-41.96,-41.04,-39.76,-38.44,-36.62,-36.60,-37.58,-38.57,-38.83,-38.66,-38.20,-36.58,-34.73,-34.37,-34.06,-33.60,-32.99,-32.69,-33.28,-34.39,-33.94,-33.82,-35.85,-37.30,-38.57,-39.65,-40.48,-41.04,-40.86,-40.91,-41.02,-40.91,-40.54,-40.43,-40.45,-40.14,-39.54,-39.34,-39.51,-39.45,-38.37,-36.79
-18.10,-17.05,-16.22,-15.03,-14.30,-13.03,-11.92,-11.28,-10.68,-9.75,-9.06,-8.84,-8.21,-7.71,-7.33,-6.83,-6.56,-5.65,-5.15,-4.70,-4.39,-4.18,-3.81,-3.58,-3.77,-3.74,-3.71,-3.48,-3.19,-3.27,-3.53,-3.30,-3.04,-3.49,-3.65,-3.68,-3.41,-3.31,-3.44,-3.58,-3.63,-3.74,-3.81,-3.68,-3.59,-3.63,-3.76,-3.72,-3.77,-3.79,-3.75,-3.75,-3.75,-3.53,-3.17,-2.95,-3.04,-2.83,-2.42,-2.47,-2.24,-2.28,-2.07,-2.02,-2.10,-1.97,-1.78,-1.57,-1.23,-1.12,-1.12,-1.07,-0.68,-0.48,-0.48,-0.34,-0.34,-0.06,0.14,0.13,0.30,0.61,0.90,0.68,0.65,1.06,0.72,0.58,0.69,0.56,0.57,0.24,0.15,0.03,-0.13,0.05,0.21,0.08,-0.07,-0.10,-0.03,0.02,-0.21,-0.53,-1.23,-2.31,-5.18,-12.85,-25.76,-33.86,-37.94,-38.83,-39.60,-40.25,-40.75,-40.66,-40.57,-41.11,-40.75,-39.29,-37.40,-35.70,-33.48,-31.87,-32.28,-33.82,-35.06,-35.25,-34.15,-32.16,-30.75,-30.98,-30.73,-29.45,-28.48,-28.46,-29.78,-31.17,-30.86,-31.04,-33.54,-35.45,-37.53,-39.16,-40.09,-40.84,-40.41,-40.50,-40.63,-40.39,-40.21,-40.43,-40.23,-39.78,-39.25,-39.14,-39.18,-38.72,-38.16,-35.91
-11.08,-10.75,-10.31,-9.29,-9.31,-8.50,-7.67,-7.17,-6.91,-6.52,-6.15,-5.85,-5.61,-5.26,-4.93,-4.81,-4.53,-4.10,-3.77,-3.57,-3.50,-3.52,-3.30,-3.52,-3.53,-3.46,-3.41,-3.36,-3.33,-3.44,-3.66,-3.52,-3.09,-3.30,-3.31,-3.50,-3.44,-3.44,-3.55,-3.53,-3.41,-3.71,-3.67,-3.17,-3.08,-3.22,-3.39,-3.08,-2.87,-2.73,-2.72,-2.74,-2.64,-2.41,-2.13,-1.84,-1.70,-1.70,-1.45,-1.37,-0.99,-0.77,-0.68,-0.58,-0.51,-0.72,-0.29,-0.15,0.02,-0.10,-0.06,0.14,0.41,0.53,0.39,0.37,0.47,0.69,1.00,1.03,1.04,1.18,1.21,0.90,1.16,1.34,1.05,0.80,0.74,0.40,0.47,0.44,0.20,-0.05,-0.07,0.04,-0.03,-0.01,-0.16,-0.31,-0.32,-0.73,-0.87,-1.04,-1.55,-2.81,-5.88,-15.23,-28.59,-35.93,-38.61,-38.92,-39.07,-39.65,-39.98,-39.65,-39.40,-39.60,-38.92,-37.26,-35.04,-32.71,-29.71,-27.15,-27.15,-29.00,-30.09,-30.09,-29.50,-27.71,-26.99,-27.35,-26.28,-24.89,-23.56,-24.33,-26.53,-27.97,-27.86,-28.45,-31.23,-33.44,-35.49,-37.21,-38.63,-39.51,-39.29,-39.51,-39.56,-39.38,-39.38,-39.65,-39.78,-39.40,-39.14,-39.12,-38.88,-38.22,-37.62,-35.12
-7.47,-7.25,-7.10,-6.58,-6.20,-5.88,-5.39,-5.02,-4.91,-4.87,-4.73,-4.33,-4.22,-4.14,-4.02,-3.97,-3.46,-3.36,-3.55,-3.52,-3.28,-3.18,-3.09,-3.30,-3.24,-3.12,-3.19,-3.13,-3.13,-3.40,-3.59,-3.57,-3.33,-3.05,-2.88,-2.79,-2.86,-3.08,-3.18,-3.04,-2.88,-2.92,-2.36,-2.02,-2.08,-2.07,-2.02,-1.48,-1.40,-1.28,-1.17,-1.17,-1.08,-0.82,-0.52,-0.43,-0.08,-0.20,0.00,-0.02,0.11,0.08,0.25,0.32,0.28,0.14,0.44,0.60,0.55,0.46,0.42,0.49,0.65,0.71,0.63,0.72,0.88,0.95,1.12,1.18,1.09,1.11,1.07,0.68,0.94,0.89,0.61,0.73,0.41,-0.05,-0.08,-0.10,-0.28,-0.49,-0.53,-0.54,-0.69,-0.83,-0.88,-0.79,-0.76,-0.93,-1.07,-1.30,-1.81,-3.05,-7.52,-21.05,-32.22,-36.94,-38.46,-38.09,-38.48,-38.70,-38.53,-38.07,-37.83,-37.60,-36.47,-34.29,-32.28,-29.93,-26.44,-23.22,-22.58,-23.68,-24.37,-24.40,-24.13,-23.56,-23.24,-23.27,-21.74,-19.90,-19.16,-20.67,-23.00,-24.35,-24.66,-25.89,-28.52,-30.81,-33.20,-35.31,-36.85,-37.92,-38.57,-38.94,-39.12,-39.05,-39.05,-39.23,-39.29,-39.36,-38.94,-38.70,-38.44,-37.83,-36.49,-34.65
-5.47,-5.26,-5.18,-5.23,-4.62,-4.44,-4.23,-3.97,-3.92,-4.10,-3.90,-3.58,-3.68,-3.77,-3.43,-3.53,-3.27,-3.17,-3.08,-2.91,-2.69,-2.62,-2.77,-2.56,-2.79,-2.82,-2.77,-2.64,-2.58,-2.77,-3.03,-2.97,-2.74,-2.36,-2.19,-1.78,-1.74,-1.88,-1.85,-1.64,-1.45,-1.23,-0.56,-0.69,-0.61,-0.21,-0.26,-0.02,0.07,0.28,0.42,0.47,0.42,0.25,0.49,0.61,0.71,0.50,0.77,0.25,0.58,0.36,0.56,0.61,0.51,0.40,0.50,0.55,0.46,0.45,0.44,0.40,0.47,0.49,0.46,0.60,0.79,0.85,0.73,0.41,0.32,0.30,0.25,-0.07,0.03,0.13,-0.21,0.39,-0.06,-0.56,-0.63,-0.52,-0.71,-0.69,-0.68,-0.91,-1.04,-1.07,-1.13,-1.17,-1.11,-1.09,-1.12,-1.42,-2.00,-3.43,-8.06,-22.93,-33.60,-36.81,-37.81,-37.23,-36.94,-36.83,-36.20,-35.72,-35.25,-34.45,-33.14,-30.98,-29.82,-27.48,-23.97,-20.40,-19.05,-19.09,-19.13,-19.38,-19.77,-19.57,-19.48,-19.05,-17.91,-16.77,-16.74,-17.91,-19.64,-20.90,-21.76,-23.46,-25.83,-28.10,-30.81,-33.26,-35.18,-36.49,-37.43,-38.11,-38.63,-38.94,-38.85,-38.61,-38.79,-39.32,-38.90,-38.31,-38.05,-37.45,-35.60,-34.00
-4.30,-4.14,-4.06,-4.00,-3.87,-3.67,-3.48,-3.30,-3.14,-3.53,-3.50,-3.27,-3.27,-3.33,-3.06,-3.08,-3.00,-2.73,-2.62,-2.46,-2.16,-2.27,-2.22,-1.98,-2.07,-2.12,-1.99,-1.78,-1.64,-1.50,-1.67,-1.57,-0.99,-0.56,-0.46,-0.18,-0.18,-0.23,-0.20,-0.28,0.15,0.19,1.14,1.17,1.29,1.39,1.32,1.29,1.45,1.49,1.37,1.14,0.90,0.69,0.69,0.84,0.58,0.39,0.77,0.16,0.40,0.23,0.32,0.47,0.36,0.18,0.15,0.18,0.08,-0.01,0.02,0.11,0.20,0.21,0.10,0.16,0.45,0.52,0.20,-0.47,-0.53,-0.58,-0.56,-0.78,-0.67,-0.47,-0.83,0.04,-0.34,-0.68,-0.76,-0.68,-0.89,-0.74,-0.82,-0.98,-1.03,-1.09,-1.27,-1.27,-1.27,-1.35,-1.23,-1.45,-2.12,-3.48,-8.11,-22.56,-33.30,-36.35,-36.56,-35.51,-35.33,-34.37,-33.26,-32.57,-31.60,-30.43,-29.15,-27.97,-27.23,-24.89,-22.08,-19.43,-17.20,-15.87,-15.08,-15.41,-15.97,-15.90,-15.85,-15.59,-14.64,-13.96,-14.64,-16.19,-17.33,-18.24,-19.49,-21.20,-23.73,-25.90,-28.63,-31.33,-33.42,-35.00,-36.20,-37.34,-37.75,-38.07,-38.18,-38.20,-38.20,-38.55,-38.24,-37.79,-37.45,-36.79,-35.06,-32.73
-3.50,-3.49,-3.49,-3.12,-3.23,-3.05,-2.73,-2.62,-2.45,-2.67,-2.86,-2.87,-2.85,-2.74,-2.23,-2.28,-2.18,-1.88,-1.76,-1.66,-1.23,-1.40,-1.45,-1.32,-1.14,-0.84,-0.77,-0.73,-0.36,0.04,-0.05,0.05,0.71,1.00,1.27,1.39,1.32,1.33,1.39,1.14,1.09,1.38,1.34,1.33,1.73,1.76,1.83,1.84,1.74,1.65,1.40,1.04,0.74,0.45,0.35,0.42,0.21,0.15,0.29,-0.01,-0.12,-0.01,-0.18,-0.11,-0.22,-0.29,-0.32,-0.21,-0.29,-0.39,-0.39,-0.27,-0.10,-0.10,-0.15,-0.08,0.19,0.32,0.00,-0.51,-0.68,-0.69,-0.52,-0.74,-0.59,-0.52,-0.68,-0.08,-0.44,-0.82,-0.94,-0.81,-0.98,-0.97,-1.08,-1.06,-1.06,-1.22,-1.35,-1.32,-1.32,-1.28,-1.23,-1.46,-1.95,-3.31,-8.11,-21.46,-32.34,-35.78,-35.35,-34.23,-33.10,-31.23,-29.35,-27.42,-26.47,-25.82,-24.90,-24.52,-23.66,-21.89,-20.11,-18.93,-15.94,-13.76,-12.49,-12.47,-13.00,-13.13,-12.91,-12.71,-12.18,-11.99,-12.78,-14.30,-15.49,-16.36,-17.70,-19.78,-21.91,-24.37,-27.53,-29.77,-31.62,-33.30,-34.86,-36.26,-37.00,-37.40,-37.60,-37.64,-37.62,-37.75,-37.83,-36.85,-36.68,-35.95,-33.70,-31.19
-2.76,-2.74,-2.68,-2.55,-2.46,-2.35,-2.04,-1.70,-2.02,-1.85,-1.62,-1.55,-1.53,-1.50,-1.06,-1.13,-1.01,-0.71,-0.48,-0.36,-0.03,0.10,-0.34,-0.21,-0.21,0.09,0.47,0.52,0.53,1.16,1.09,1.44,1.51,1.62,1.78,1.89,1.94,1.76,1.45,1.45,1.06,1.40,1.57,1.60,1.77,1.55,1.54,1.51,1.29,1.10,0.83,0.51,0.35,-0.10,-0.08,-0.08,0.08,-0.01,-0.18,-0.39,-0.39,-0.18,-0.51,-0.81,-0.77,-0.71,-0.62,-0.48,-0.44,-0.34,-0.38,-0.32,-0.18,-0.20,-0.15,-0.13,0.09,0.36,0.24,-0.23,-0.48,-0.42,-0.29,-0.33,-0.27,-0.20,-0.32,-0.16,-0.43,-1.12,-1.28,-1.03,-1.07,-1.23,-1.37,-1.28,-1.19,-1.36,-1.43,-1.42,-1.46,-1.42,-1.36,-1.56,-1.98,-3.24,-7.54,-20.20,-31.46,-34.23,-33.96,-32.65,-30.35,-26.85,-24.07,-21.99,-20.99,-20.90,-20.99,-20.76,-20.14,-18.73,-17.64,-16.99,-14.72,-12.60,-11.12,-10.76,-10.98,-11.06,-11.08,-11.20,-11.29,-11.49,-11.89,-12.82,-13.88,-14.94,-16.22,-18.27,-21.30,-23.31,-26.54,-28.41,-29.97,-31.65,-33.46,-35.08,-36.14,-36.68,-37.09,-37.34,-37.32,-37.00,-37.19,-36.62,-36.39,-35.14,-32.59,-29.35
-1.78,-1.30,-1.48,-1.43,-1.38,-1.22,-0.93,-0.68,-0.63,-0.47,-0.23,-0.20,-0.29,-0.27,0.02,0.16,0.26,0.46,0.65,0.67,0.61,0.95,0.80,0.71,0.26,0.10,0.36,0.49,0.49,1.46,1.34,1.38,1.49,1.71,1.76,1.56,1.51,1.55,1.26,1.07,0.83,0.98,1.11,1.17,1.26,1.00,0.95,0.88,0.66,0.51,0.28,0.02,0.02,-0.48,-0.39,-0.32,-0.03,-0.24,-0.21,-0.38,-0.28,-0.46,-0.56,-0.89,-0.89,-0.76,-0.64,-0.51,-0.44,-0.41,-0.44,-0.36,-0.18,-0.27,-0.38,-0.23,0.00,0.20,0.39,-0.10,-0.36,-0.24,-0.05,-0.20,-0.24,-0.33,-0.67,-0.39,-0.34,-1.12,-1.23,-1.26,-1.14,-1.30,-1.46,-1.41,-1.21,-1.33,-1.43,-1.46,-1.50,-1.36,-1.40,-1.74,-2.08,-2.88,-7.09,-18.93,-30.73,-33.22,-33.03,-30.33,-27.12,-23.41,-20.45,-18.06,-16.39,-16.54,-17.81,-18.05,-16.85,-15.85,-15.15,-14.97,-14.28,-12.39,-10.76,-10.14,-9.82,-9.91,-10.48,-10.95,-11.58,-11.53,-11.43,-11.91,-13.00,-14.08,-15.56,-17.86,-20.32,-22.11,-25.11,-26.58,-28.32,-30.37,-32.34,-33.78,-34.90,-35.91,-36.73,-37.17,-37.11,-36.79,-36.98,-36.70,-35.87,-34.15,-31.44,-27.66
-0.28,-0.12,-0.31,0.04,0.24,0.49,0.77,0.56,0.65,0.65,0.63,0.66,0.65,0.58,0.67,0.88,0.95,1.09,1.15,0.77,0.49,0.84,0.89,0.74,0.44,0.34,0.32,0.18,0.66,1.36,1.25,1.17,0.95,0.71,0.85,0.94,0.79,0.85,0.82,0.29,0.67,0.68,0.56,0.66,0.60,0.36,0.36,0.37,0.19,0.11,0.13,0.00,0.02,-0.57,-0.74,-0.47,-0.21,-0.27,-0.21,-0.57,-0.66,-0.37,-0.62,-0.79,-0.87,-0.82,-0.84,-0.81,-0.71,-0.73,-0.62,-0.33,-0.22,-0.44,-0.58,-0.34,-0.10,0.05,-0.13,-0.67,-0.89,-1.06,-1.06,-1.36,-1.33,-0.96,-0.67,-0.52,-0.63,-1.36,-0.98,-1.35,-1.35,-1.30,-1.40,-1.33,-1.19,-1.31,-1.43,-1.51,-1.43,-1.35,-1.48,-1.80,-1.93,-2.59,-6.53,-17.45,-29.26,-31.31,-30.65,-27.88,-24.59,-20.61,-17.78,-15.61,-14.87,-14.75,-14.63,-14.45,-13.84,-13.66,-14.00,-14.31,-13.69,-12.59,-11.02,-9.94,-9.41,-9.80,-10.88,-11.82,-12.31,-11.81,-11.36,-11.10,-12.31,-13.35,-14.93,-17.27,-19.14,-20.51,-23.02,-24.64,-27.15,-29.47,-31.06,-32.36,-34.19,-35.51,-36.51,-36.87,-36.81,-36.70,-36.54,-36.12,-35.49,-33.60,-30.12,-25.45
1.05,0.93,0.65,0.82,0.76,0.63,0.84,1.01,0.76,1.05,1.15,0.92,0.62,0.73,0.71,0.66,0.61,0.72,0.87,0.84,0.87,0.76,0.67,0.56,0.32,0.09,0.03,0.11,0.47,0.96,0.66,0.88,0.73,0.32,0.35,0.57,0.49,0.44,0.45,-0.13,0.50,0.44,0.29,0.55,0.52,0.30,0.24,0.26,0.13,0.09,0.19,0.11,-0.08,-0.58,-1.02,-0.43,-0.46,-0.33,-0.22,-0.56,-0.64,-0.71,-0.76,-0.83,-0.93,-0.77,-0.74,-0.87,-0.82,-0.83,-0.81,-0.61,-0.49,-0.63,-0.74,-0.52,-0.20,-0.23,-0.92,-2.42,-3.15,-3.09,-3.10,-3.18,-3.04,-2.36,-1.35,-1.33,-0.79,-1.31,-1.19,-1.55,-1.51,-1.45,-1.61,-1.51,-1.50,-1.59,-1.69,-1.65,-1.59,-1.61,-1.69,-1.74,-1.86,-2.63,-5.97,-15.96,-27.33,-27.75,-26.65,-24.25,-21.83,-19.00,-16.57,-14.57,-13.66,-13.48,-13.35,-13.01,-12.59,-12.30,-12.41,-12.87,-12.63,-12.56,-11.09,-9.99,-9.58,-10.35,-11.98,-12.97,-12.62,-11.84,-11.12,-10.44,-12.12,-13.37,-14.87,-16.54,-17.80,-19.16,-21.78,-23.89,-26.45,-28.59,-30.31,-32.14,-34.29,-35.31,-36.16,-36.35,-36.26,-36.14,-35.76,-35.56,-34.90,-32.59,-28.72,-23.46
1.20,1.28,0.84,0.96,1.07,0.94,0.89,0.99,0.72,0.92,1.01,0.66,0.02,0.35,0.31,0.14,-0.03,0.05,0.40,0.35,0.62,0.69,0.55,0.55,0.21,-0.17,-0.16,-0.08,0.13,0.42,0.51,0.58,0.63,0.45,0.24,0.34,0.52,0.45,0.41,0.05,0.40,0.29,0.11,0.36,0.50,0.40,0.32,0.32,0.24,0.10,0.00,-0.31,-0.52,-0.78,-0.83,-0.68,-0.51,-0.62,-0.52,-0.92,-0.74,-0.81,-0.88,-0.99,-0.96,-1.07,-1.12,-1.12,-0.92,-0.86,-1.01,-0.83,-0.76,-0.91,-0.77,-0.63,-0.32,-0.81,-2.35,-3.37,-3.83,-4.06,-4.24,-4.09,-3.88,-2.79,-1.21,-0.76,-0.68,-1.24,-1.28,-1.61,-1.53,-1.56,-1.75,-1.50,-1.62,-1.91,-1.81,-1.69,-1.64,-1.64,-1.67,-1.75,-2.03,-2.65,-5.43,-14.46,-25.15,-25.04,-23.25,-20.84,-19.24,-17.16,-16.00,-14.49,-13.47,-12.98,-12.71,-12.46,-12.24,-12.39,-12.79,-12.18,-11.40,-12.08,-11.05,-10.21,-9.86,-11.19,-12.82,-12.82,-11.88,-10.95,-10.03,-9.91,-11.63,-13.16,-14.33,-15.40,-16.51,-17.80,-20.24,-22.65,-25.25,-27.42,-29.24,-31.02,-33.24,-35.04,-35.51,-35.64,-35.58,-35.43,-35.20,-35.14,-33.90,-31.40,-27.53,-21.94
1.26,1.20,0.66,0.61,0.71,0.72,0.90,0.94,0.93,0.83,0.53,0.15,-0.07,0.19,0.09,-0.12,-0.32,-0.41,-0.28,-0.06,0.14,0.09,0.26,0.29,0.10,-0.13,-0.23,-0.17,0.00,0.35,0.42,0.45,0.53,0.42,0.16,0.20,0.49,0.45,0.45,0.11,0.23,0.19,0.00,-0.08,-0.36,-0.36,-0.33,-0.29,-0.32,-0.58,-0.31,-0.59,-0.77,-1.02,-0.96,-1.19,-0.81,-0.64,-0.83,-1.14,-1.19,-0.84,-1.01,-1.08,-1.11,-1.27,-1.28,-1.09,-0.98,-0.93,-1.08,-1.17,-1.02,-0.99,-0.73,-0.61,-0.57,-1.08,-2.56,-3.72,-3.85,-4.06,-4.18,-4.31,-4.06,-3.43,-1.37,-0.77,-0.76,-1.33,-1.37,-1.57,-1.57,-1.84,-1.67,-1.57,-1.72,-1.85,-1.75,-1.71,-1.76,-1.76,-1.69,-1.74,-2.00,-2.46,-4.93,-13.00,-22.97,-23.60,-21.31,-18.19,-16.71,-15.84,-15.58,-14.33,-13.67,-13.00,-12.49,-11.98,-11.59,-12.30,-12.37,-11.79,-11.25,-11.45,-11.19,-10.49,-9.76,-10.90,-12.15,-11.65,-10.39,-9.47,-9.06,-9.73,-11.16,-12.55,-13.42,-14.31,-15.43,-16.66,-18.89,-20.92,-23.94,-26.28,-28.13,-30.31,-33.08,-34.43,-35.33,-35.56,-35.45,-35.23,-34.84,-34.29,-33.08,-30.52,-26.70,-20.85
1.59,1.01,0.32,0.18,0.24,0.16,0.57,0.87,0.90,0.79,0.56,0.16,-0.21,0.10,-0.12,-0.29,-0.29,-0.08,0.24,0.21,0.15,-0.22,0.04,0.21,-0.08,-0.41,-0.34,-0.26,0.07,0.39,0.36,0.36,0.05,-0.21,-0.18,-0.11,-0.10,0.02,0.20,-0.34,-0.15,-0.05,-0.28,-0.84,-1.67,-1.75,-1.65,-1.89,-1.75,-1.35,-0.64,-0.87,-0.58,-0.93,-0.87,-0.99,-0.86,-0.57,-0.69,-0.93,-0.82,-1.06,-1.09,-1.03,-1.04,-1.17,-1.18,-1.12,-1.06,-1.11,-1.22,-1.13,-0.97,-1.06,-0.96,-0.82,-0.52,-0.98,-2.81,-3.85,-3.96,-4.09,-4.01,-4.18,-4.15,-3.52,-1.62,-0.97,-0.78,-1.31,-1.32,-1.52,-1.65,-1.75,-1.74,-1.37,-1.35,-1.57,-1.71,-1.72,-1.85,-1.95,-1.80,-1.69,-1.78,-2.13,-4.31,-11.15,-20.61,-22.58,-20.06,-16.46,-15.56,-15.62,-15.46,-14.64,-14.13,-13.17,-12.12,-11.42,-11.30,-11.66,-11.52,-11.03,-10.52,-11.32,-11.36,-10.11,-9.58,-10.28,-11.00,-10.42,-9.01,-8.54,-9.17,-9.91,-11.25,-12.02,-12.59,-13.53,-14.78,-16.08,-17.81,-19.53,-22.31,-24.94,-27.24,-29.43,-31.81,-33.62,-34.39,-35.00,-35.08,-34.73,-34.27,-33.86,-32.61,-29.90,-25.97,-19.91
1.50,0.85,0.25,0.04,0.10,0.07,0.37,0.74,0.72,0.55,0.30,-0.05,-0.37,-0.26,-0.42,-0.27,-0.08,-0.11,-0.12,-0.03,-0.02,0.07,0.05,0.10,-0.15,-0.58,-0.31,-0.24,-0.02,0.28,0.16,-0.10,-0.92,-1.42,-1.21,-1.14,-1.37,-0.88,-0.18,-0.56,-0.29,-0.17,-0.77,-1.62,-2.60,-2.94,-2.86,-3.00,-2.88,-2.03,-0.73,-0.66,-0.76,-1.26,-1.42,-1.04,-1.03,-1.08,-0.81,-1.01,-1.09,-1.23,-1.18,-1.12,-1.16,-1.35,-1.31,-1.19,-1.17,-1.12,-0.98,-0.89,-0.94,-1.02,-1.01,-0.91,-0.72,-0.98,-2.74,-3.96,-4.45,-4.52,-4.31,-4.24,-4.06,-3.23,-1.21,-0.64,-1.13,-1.21,-1.30,-1.47,-1.48,-1.66,-1.40,-1.46,-1.52,-1.50,-1.43,-1.55,-1.81,-1.86,-1.65,-1.66,-1.78,-1.83,-3.32,-8.66,-17.41,-20.85,-18.51,-15.91,-15.70,-15.49,-14.93,-14.42,-13.34,-12.31,-11.28,-10.54,-10.42,-10.39,-10.04,-10.35,-10.24,-10.59,-10.79,-9.56,-8.69,-8.79,-9.16,-8.92,-8.41,-8.50,-9.10,-9.66,-11.08,-11.65,-12.10,-13.04,-14.36,-15.68,-16.99,-18.41,-20.64,-23.27,-25.69,-28.26,-31.21,-33.01,-33.94,-34.39,-34.33,-34.17,-34.04,-33.32,-32.32,-29.50,-25.36,-19.48
1.05,0.56,0.23,0.03,-0.11,-0.12,0.34,0.56,0.51,0.36,0.14,-0.43,-0.71,-0.77,-0.88,-0.86,-0.67,-0.46,-0.21,-0.12,0.04,0.00,-0.08,-0.12,-0.22,-0.51,-0.32,-0.37,-0.20,-0.02,-0.05,-0.83,-2.03,-2.68,-2.64,-2.62,-2.62,-2.02,-0.44,-0.42,-0.51,-0.44,-1.17,-2.31,-3.21,-3.43,-3.30,-3.40,-3.15,-2.14,-0.68,-0.69,-0.51,-0.89,-1.23,-1.16,-0.97,-1.16,-1.23,-1.14,-1.06,-1.21,-1.24,-1.21,-1.28,-1.35,-1.36,-1.30,-1.27,-1.24,-1.19,-1.08,-0.93,-1.02,-0.96,-0.82,-0.62,-1.23,-2.58,-3.97,-4.44,-4.31,-4.43,-4.23,-4.01,-3.18,-1.38,-0.49,-0.99,-0.87,-1.21,-1.37,-1.23,-1.36,-1.37,-1.31,-1.27,-1.17,-1.38,-1.53,-1.57,-1.57,-1.57,-1.65,-1.72,-1.78,-2.73,-6.84,-13.99,-17.73,-16.91,-16.22,-15.41,-14.72,-13.78,-12.57,-11.38,-10.75,-10.15,-9.68,-9.55,-9.44,-9.37,-9.59,-10.01,-10.59,-10.58,-9.22,-8.45,-8.14,-8.48,-8.84,-8.81,-8.83,-9.22,-10.04,-11.25,-11.65,-12.17,-12.90,-14.03,-15.35,-16.49,-17.61,-19.57,-21.88,-24.25,-27.21,-30.54,-32.51,-33.38,-33.70,-33.74,-33.72,-33.56,-33.18,-32.28,-29.37,-25.94,-20.76
0.77,0.13,-0.29,-0.44,-0.47,-0.47,0.23,0.44,0.37,0.11,-0.32,-0.97,-1.30,-1.38,-1.45,-1.32,-0.98,-0.63,-0.47,-0.29,-0.28,-0.24,-0.26,-0.27,-0.38,-0.58,-0.61,-0.59,-0.32,-0.24,-0.20,-1.37,-2.76,-3.41,-3.55,-3.40,-3.05,-2.53,-0.96,-0.69,-0.66,-0.66,-1.45,-2.69,-3.46,-3.72,-3.76,-3.67,-3.52,-2.55,-1.06,-0.93,-0.67,-1.08,-1.35,-1.40,-1.32,-1.26,-1.45,-1.24,-1.07,-1.35,-1.27,-1.18,-1.26,-1.37,-1.43,-1.40,-1.31,-1.27,-1.33,-1.31,-1.13,-1.17,-1.11,-0.77,-0.54,-1.19,-2.92,-3.98,-4.36,-4.49,-4.50,-4.37,-4.22,-3.53,-1.79,-0.81,-0.82,-0.82,-1.41,-1.42,-1.22,-1.22,-1.33,-1.19,-1.23,-1.30,-1.28,-1.22,-1.24,-1.32,-1.32,-1.40,-1.47,-1.45,-2.17,-5.35,-11.95,-17.27,-17.14,-17.02,-15.50,-14.13,-13.32,-11.15,-10.17,-10.08,-9.73,-9.37,-9.13,-8.98,-9.12,-9.35,-10.21,-11.46,-11.43,-9.31,-8.50,-8.26,-8.50,-8.77,-8.74,-8.72,-9.38,-10.88,-11.79,-11.51,-12.07,-12.95,-14.13,-15.36,-16.40,-17.47,-19.16,-21.05,-23.03,-25.76,-29.17,-31.44,-32.75,-32.97,-33.20,-33.34,-33.20,-32.69,-30.94,-28.72,-26.08,-22.01
0.41,-0.24,-0.73,-1.04,-1.21,-0.78,0.19,0.24,0.25,0.18,-0.37,-1.65,-2.02,-1.95,-1.91,-1.78,-1.33,-0.73,-0.58,-0.33,-0.43,-0.39,-0.36,-0.43,-0.46,-0.68,-0.79,-0.64,-0.33,-0.23,-0.44,-1.75,-3.10,-3.53,-3.62,-3.46,-3.45,-2.67,-1.06,-0.93,-0.57,-0.77,-1.75,-2.82,-3.53,-3.70,-3.63,-3.77,-3.72,-2.95,-1.03,-1.01,-0.82,-1.09,-1.41,-1.40,-1.16,-1.18,-1.36,-1.35,-1.16,-1.22,-1.28,-1.23,-1.26,-1.26,-1.33,-1.41,-1.31,-1.22,-1.18,-1.18,-1.11,-1.13,-1.06,-0.88,-0.63,-1.01,-2.95,-3.97,-4.33,-4.28,-4.05,-3.88,-3.85,-3.13,-1.57,-1.03,-0.62,-1.04,-1.13,-1.07,-1.06,-1.09,-0.84,-0.96,-0.92,-1.01,-0.98,-0.96,-0.93,-0.83,-0.92,-1.14,-1.17,-1.13,-1.61,-4.15,-10.30,-16.94,-17.64,-16.93,-16.60,-14.73,-14.09,-11.88,-10.30,-10.20,-10.04,-9.61,-9.10,-8.94,-9.15,-9.65,-11.36,-13.41,-12.50,-8.79,-7.97,-7.89,-8.48,-9.45,-9.73,-9.41,-9.89,-11.35,-11.75,-11.55,-11.86,-12.74,-13.97,-15.32,-16.60,-17.69,-18.93,-20.51,-22.03,-24.42,-27.46,-30.09,-31.73,-32.20,-32.65,-32.79,-32.65,-32.24,-31.06,-29.28,-26.99,-23.60
0.03,-0.92,-1.41,-1.48,-1.52,-1.30,-0.26,0.10,0.10,-0.22,-1.11,-1.75,-2.07,-2.04,-2.08,-2.00,-1.60,-1.08,-0.61,-0.36,-0.41,-0.41,-0.48,-0.53,-0.41,-0.53,-0.63,-0.61,-0.17,-0.31,-0.56,-1.84,-3.23,-3.49,-3.74,-3.77,-3.68,-2.81,-1.22,-0.74,-0.48,-0.81,-1.64,-2.96,-3.74,-3.75,-3.83,-3.68,-3.50,-2.73,-0.93,-0.96,-0.87,-0.91,-1.41,-1.30,-1.24,-1.03,-1.09,-1.30,-1.19,-1.16,-1.16,-1.11,-1.07,-1.09,-1.17,-1.16,-1.09,-1.06,-1.01,-1.07,-0.99,-0.93,-0.76,-0.77,-0.52,-0.87,-2.24,-2.63,-2.88,-2.70,-2.26,-2.45,-2.24,-1.64,-0.99,-0.51,-0.59,-0.81,-0.76,-0.37,-0.22,-0.05,-0.05,-0.10,0.08,0.08,0.10,0.35,0.15,0.13,0.11,-0.05,-0.08,-0.16,-0.81,-3.19,-7.97,-14.45,-16.36,-16.52,-16.17,-15.15,-15.05,-12.85,-10.89,-10.21,-10.32,-9.89,-9.40,-9.29,-9.38,-10.31,-12.12,-14.03,-13.09,-8.55,-7.63,-7.66,-8.62,-9.79,-9.97,-9.44,-9.61,-10.55,-10.78,-10.66,-11.36,-12.46,-13.53,-14.99,-16.66,-17.53,-18.82,-19.99,-21.45,-23.56,-26.31,-29.00,-30.58,-31.60,-32.12,-32.18,-31.85,-31.31,-30.64,-29.20,-27.59,-24.97
-0.29,-1.08,-1.55,-1.67,-1.74,-1.75,-0.69,-0.27,-0.28,-0.58,-1.42,-1.75,-2.10,-2.14,-2.24,-2.23,-1.79,-1.32,-0.74,-0.57,-0.59,-0.57,-0.58,-0.58,-0.43,-0.61,-0.68,-0.66,-0.29,-0.54,-0.53,-1.79,-3.59,-3.59,-3.55,-3.49,-3.67,-2.78,-1.52,-0.71,-0.56,-0.83,-1.86,-3.05,-3.76,-3.80,-3.65,-3.84,-3.76,-2.68,-1.35,-1.14,-0.86,-1.08,-1.14,-1.28,-1.06,-0.97,-0.93,-0.93,-0.84,-0.88,-0.83,-0.79,-1.01,-1.12,-1.06,-1.02,-0.93,-0.78,-0.78,-0.97,-0.84,-0.61,-0.39,-0.26,-0.34,-0.53,-1.07,-0.71,-0.89,-0.68,-0.28,-0.49,-0.33,0.07,0.41,0.71,0.72,0.50,0.68,0.89,1.20,1.01,0.87,0.71,1.03,0.89,1.01,1.22,1.01,0.77,0.66,0.26,-0.23,-0.22,-0.53,-2.77,-7.62,-13.99,-15.21,-14.94,-14.87,-14.57,-14.25,-13.12,-11.74,-11.08,-10.59,-9.97,-9.96,-9.93,-9.87,-10.78,-11.33,-12.88,-12.94,-8.44,-7.32,-7.24,-8.99,-10.30,-10.22,-9.80,-9.72,-9.65,-10.07,-9.99,-10.37,-11.53,-12.88,-14.39,-16.16,-17.73,-19.30,-20.19,-21.58,-23.70,-26.13,-28.23,-29.75,-30.92,-31.17,-30.79,-30.10,-29.43,-28.80,-27.79,-25.89,-23.39
-0.71,-1.09,-1.33,-1.52,-1.55,-1.69,-0.76,-0.38,-0.42,-0.63,-1.46,-2.05,-2.22,-2.31,-2.47,-2.51,-2.00,-1.37,-0.98,-0.82,-0.79,-0.78,-0.74,-0.73,-0.73,-0.81,-0.82,-0.86,-0.61,-0.59,-0.56,-1.60,-3.33,-3.70,-3.66,-3.39,-3.48,-2.92,-1.66,-0.96,-0.74,-0.82,-1.86,-3.12,-3.53,-3.39,-3.36,-3.58,-3.13,-2.55,-1.36,-0.98,-1.02,-1.12,-0.88,-0.88,-0.66,-0.83,-0.71,-0.51,-0.43,-0.47,-0.32,-0.17,-0.44,-0.62,-0.41,-0.33,-0.21,0.14,0.30,0.25,0.34,0.63,0.71,0.98,0.98,1.09,0.98,1.56,1.55,1.85,1.93,1.97,1.95,2.06,1.97,1.95,2.10,1.93,1.88,1.88,1.77,1.39,1.22,1.04,1.37,1.21,1.06,1.17,1.07,0.88,0.71,0.21,-0.16,-0.26,-0.53,-2.10,-6.90,-12.53,-14.75,-14.61,-14.21,-13.23,-15.09,-13.91,-12.41,-12.11,-11.32,-10.30,-10.30,-10.58,-10.63,-10.89,-10.62,-11.32,-10.86,-7.48,-6.41,-6.53,-8.36,-9.45,-9.10,-8.56,-8.73,-9.09,-9.75,-9.56,-10.55,-11.62,-12.88,-15.12,-17.78,-19.48,-21.45,-22.76,-24.04,-25.52,-26.78,-27.73,-28.89,-29.30,-28.56,-27.37,-26.33,-25.59,-24.70,-23.58,-21.46,-19.30
-0.73,-1.09,-1.37,-1.79,-1.75,-1.72,-0.81,-0.48,-0.58,-0.77,-1.81,-2.40,-2.35,-2.46,-2.63,-2.62,-2.17,-1.61,-1.13,-0.91,-0.89,-0.93,-0.89,-0.79,-0.73,-1.04,-0.81,-0.81,-0.47,-0.36,-0.67,-1.78,-3.23,-3.33,-3.08,-3.54,-3.23,-2.36,-1.22,-0.72,-0.48,-0.66,-1.45,-2.26,-2.44,-2.17,-1.99,-2.17,-1.72,-1.51,-0.52,-0.53,-0.86,-0.53,-0.26,0.00,0.23,0.09,0.30,0.47,0.78,0.90,1.07,1.18,1.01,0.95,0.95,0.94,1.23,1.62,1.67,1.64,1.87,1.93,1.84,1.93,2.23,2.34,2.42,2.95,2.90,3.09,2.98,2.88,2.93,2.94,2.73,2.40,2.64,2.36,2.00,1.94,1.72,1.31,1.17,1.11,1.09,0.78,0.66,0.93,0.72,0.45,0.11,-0.36,-0.57,-0.52,-0.41,-1.37,-5.53,-11.65,-13.10,-13.03,-12.55,-13.19,-13.35,-13.22,-12.59,-12.50,-12.07,-10.78,-10.69,-11.03,-11.00,-11.16,-10.41,-10.01,-8.27,-6.19,-5.36,-5.52,-7.10,-7.93,-7.63,-7.58,-8.34,-8.98,-9.68,-9.61,-10.71,-12.28,-14.43,-17.38,-20.38,-22.56,-24.61,-25.53,-26.29,-26.90,-27.23,-27.17,-26.90,-25.55,-23.42,-21.48,-20.19,-19.32,-18.25,-17.13,-15.46,-13.57
-0.99,-1.32,-1.51,-1.71,-1.71,-1.81,-1.09,-0.79,-0.96,-1.08,-2.13,-2.53,-2.54,-2.62,-2.70,-2.59,-2.31,-1.69,-1.18,-0.89,-1.08,-1.21,-1.01,-0.92,-0.53,-0.73,-0.77,-0.67,-0.46,-0.06,-0.29,-1.30,-2.07,-2.09,-1.65,-1.88,-1.59,-1.09,-0.49,-0.29,-0.17,-0.17,-0.33,-0.46,-0.53,-0.42,0.05,0.05,0.29,0.35,0.89,0.55,0.47,0.72,1.03,1.43,1.61,1.61,1.65,1.55,1.74,1.93,1.94,1.90,1.93,1.99,1.93,1.85,2.08,2.29,2.18,2.05,2.14,2.05,2.02,2.06,2.48,2.53,2.65,3.00,2.94,2.98,2.95,2.66,2.78,2.91,2.60,2.28,2.31,1.94,1.67,1.68,1.40,1.06,1.05,0.87,0.67,0.39,0.46,0.74,0.58,0.46,0.08,-0.41,-0.63,-0.57,-0.39,-1.08,-3.52,-7.70,-10.85,-11.68,-11.39,-12.36,-12.50,-12.40,-12.37,-12.88,-13.37,-12.18,-11.53,-10.93,-10.83,-11.15,-9.70,-9.52,-7.86,-5.61,-5.23,-5.19,-6.28,-6.80,-6.97,-7.66,-8.74,-9.42,-9.96,-9.83,-11.65,-13.72,-16.09,-19.33,-22.45,-24.35,-26.44,-27.30,-27.53,-27.79,-27.33,-25.62,-22.95,-19.41,-16.49,-14.30,-12.98,-12.11,-11.15,-10.42,-9.38,-8.00
-1.02,-1.37,-1.74,-1.78,-1.61,-1.60,-1.18,-0.92,-1.07,-1.36,-2.04,-2.36,-2.50,-2.60,-2.56,-2.33,-2.45,-1.78,-1.26,-1.13,-1.13,-0.99,-0.76,-0.66,-0.20,-0.27,-0.22,0.07,0.35,0.74,0.49,-0.31,-0.59,-0.54,-0.06,0.05,0.21,0.57,1.07,1.15,1.27,1.53,1.82,1.95,1.97,2.20,2.47,2.29,2.26,2.22,2.48,2.11,2.03,2.01,2.06,2.20,2.20,2.16,2.06,1.89,1.88,1.97,1.85,1.76,1.80,1.77,1.76,1.74,1.73,1.88,1.78,1.65,1.70,1.70,1.73,1.93,2.37,2.41,2.52,2.69,2.63,2.66,2.72,2.30,2.23,2.66,2.10,2.07,1.68,1.50,1.32,1.37,1.01,0.89,0.74,0.55,0.44,0.18,0.18,0.41,0.30,0.13,-0.06,-0.46,-0.77,-0.49,-0.18,-0.57,-1.60,-4.27,-8.08,-12.33,-13.09,-13.57,-14.08,-14.31,-13.41,-12.72,-12.81,-11.88,-10.71,-10.08,-10.56,-10.95,-9.89,-9.86,-9.13,-6.20,-5.64,-5.63,-5.80,-6.40,-7.20,-8.45,-9.82,-10.11,-9.91,-9.58,-12.66,-14.88,-17.02,-19.69,-22.01,-23.34,-24.71,-25.36,-26.01,-26.19,-24.49,-20.82,-16.46,-11.99,-9.61,-7.85,-6.93,-6.35,-5.53,-5.03,-4.61,-3.90
-0.76,-1.07,-1.56,-1.70,-1.50,-1.24,-0.88,-0.66,-0.76,-1.35,-1.79,-1.84,-2.00,-2.14,-2.03,-1.74,-1.84,-1.33,-1.02,-1.04,-1.08,-0.86,-0.46,-0.31,0.28,0.35,0.47,1.04,1.49,1.85,1.91,1.73,1.94,2.00,2.61,2.58,2.69,2.66,2.88,2.82,3.00,3.18,3.27,3.37,3.35,3.47,3.65,3.30,3.10,3.03,3.07,2.79,2.58,2.31,2.18,2.07,2.03,1.87,1.80,1.66,1.55,1.60,1.64,1.65,1.60,1.40,1.26,1.23,1.29,1.42,1.39,1.18,1.29,1.37,1.48,1.68,2.02,2.13,2.23,2.36,2.14,2.11,2.24,1.84,1.57,2.05,1.66,1.60,1.36,1.17,1.07,0.98,0.66,0.42,0.23,0.07,0.10,-0.20,-0.36,-0.23,-0.27,-0.26,-0.18,-0.54,-0.83,-0.53,-0.28,-0.36,-0.83,-3.23,-7.50,-12.97,-13.70,-13.67,-14.39,-14.69,-15.49,-14.75,-12.90,-10.89,-10.39,-10.08,-10.30,-11.12,-10.86,-10.24,-10.04,-7.36,-5.41,-5.47,-5.33,-6.27,-7.43,-8.98,-10.21,-9.84,-9.51,-9.80,-12.92,-14.18,-15.46,-17.38,-19.09,-20.20,-21.40,-22.63,-23.39,-22.71,-19.45,-14.61,-9.90,-5.92,-4.60,-3.45,-3.05,-2.86,-2.31,-1.85,-1.88,-1.59
-0.34,-0.62,-0.94,-0.94,-0.99,-0.79,-0.56,-0.46,-0.58,-0.86,-1.17,-1.19,-1.17,-1.36,-1.51,-1.12,-1.33,-0.84,-0.89,-1.06,-0.94,-0.66,-0.53,0.03,0.58,0.82,0.85,1.73,2.25,2.48,2.76,2.87,2.98,3.12,3.40,3.64,3.49,3.41,3.39,3.33,3.40,3.47,3.40,3.35,3.38,3.37,3.58,3.24,3.12,2.93,2.95,2.71,2.46,2.17,2.00,1.78,1.70,1.60,1.65,1.43,1.22,1.27,1.39,1.50,1.40,1.25,1.11,1.03,1.27,1.31,1.22,1.06,0.95,1.01,1.28,1.43,1.68,1.83,1.88,1.90,1.62,1.65,1.74,1.57,1.38,1.51,1.29,1.31,1.21,0.90,0.74,0.47,0.19,-0.12,-0.34,-0.63,-0.56,-0.57,-0.74,-0.67,-0.77,-0.92,-0.86,-0.83,-0.87,-0.49,-0.05,0.02,-0.53,-2.77,-6.67,-11.61,-13.38,-14.21,-14.81,-14.79,-14.30,-13.84,-12.08,-10.99,-10.63,-10.00,-10.06,-11.02,-11.23,-10.58,-10.49,-7.30,-4.75,-4.86,-4.90,-5.91,-7.13,-8.66,-9.58,-9.26,-9.56,-11.05,-12.97,-13.37,-14.00,-15.29,-16.54,-17.45,-18.44,-19.45,-19.72,-17.83,-13.66,-8.92,-5.37,-3.33,-2.24,-1.31,-1.08,-1.11,-0.94,-0.88,-0.87,-0.84
0.03,-0.21,-0.37,-0.13,-0.18,-0.11,-0.28,-0.46,-0.26,-0.13,-0.36,-0.49,-0.57,-0.49,-0.24,-0.28,-0.53,-0.49,-0.63,-0.89,-0.97,-0.82,-0.69,0.04,1.12,1.06,1.33,2.00,2.36,2.58,2.95,3.12,3.18,3.28,3.41,3.51,3.28,3.32,3.32,3.16,3.06,3.12,3.10,2.94,3.04,3.02,3.21,2.89,2.87,2.51,2.61,2.45,2.28,2.02,1.66,1.45,1.31,1.17,1.39,1.29,1.20,1.27,1.29,1.31,1.17,1.04,0.89,0.72,0.94,0.99,0.92,0.78,0.79,0.95,1.14,1.29,1.44,1.33,1.66,1.45,1.22,1.27,1.42,1.29,1.03,0.94,0.76,0.88,0.50,-0.07,-0.62,-1.07,-1.61,-1.80,-1.84,-2.13,-2.22,-2.31,-2.51,-2.31,-2.24,-2.32,-1.61,-1.14,-1.02,-0.39,0.21,0.36,-0.26,-2.37,-5.68,-10.21,-13.47,-15.41,-15.74,-13.70,-13.25,-12.05,-10.92,-11.00,-11.32,-10.82,-11.26,-12.78,-12.98,-11.43,-10.34,-6.64,-3.80,-4.19,-4.49,-5.65,-6.99,-8.37,-9.16,-9.23,-10.10,-12.41,-13.72,-13.59,-13.20,-13.66,-14.24,-14.58,-14.99,-15.84,-15.44,-12.46,-8.69,-5.26,-2.82,-1.88,-1.26,-0.86,-0.61,-0.38,-0.15,0.08,0.13,-0.02
0.09,0.02,0.07,0.02,0.21,0.07,-0.08,-0.02,0.11,0.09,-0.12,-0.29,-0.33,-0.39,-0.56,-0.62,-0.87,-0.86,-0.89,-0.96,-0.91,-0.78,-0.88,0.10,1.06,1.18,1.56,1.97,2.31,2.61,2.85,2.97,2.88,2.89,3.22,3.14,3.01,2.98,3.04,2.93,2.79,2.88,2.87,2.67,2.66,2.69,2.77,2.53,2.43,2.20,2.10,1.95,1.90,1.65,1.18,1.20,1.17,0.95,1.07,1.10,1.12,1.14,1.06,1.12,1.04,0.84,0.63,0.51,0.60,0.46,0.42,0.20,0.05,0.20,0.32,0.52,0.53,0.10,0.29,0.28,0.15,-0.12,0.08,-0.02,-0.43,-0.62,-0.77,-1.22,-1.50,-2.27,-2.63,-2.96,-3.61,-3.71,-3.57,-3.79,-3.77,-3.72,-3.66,-3.43,-3.39,-3.05,-1.46,-0.74,-0.84,-0.43,0.23,0.50,-0.21,-2.17,-5.15,-9.30,-12.53,-16.36,-17.64,-14.97,-13.84,-13.45,-11.62,-10.58,-11.45,-11.35,-10.96,-11.52,-11.61,-10.20,-8.59,-5.79,-3.52,-4.53,-4.28,-5.22,-6.98,-8.40,-8.72,-8.84,-10.49,-12.95,-14.08,-13.13,-12.07,-11.65,-11.46,-11.29,-11.19,-11.19,-10.61,-8.04,-5.31,-3.27,-2.09,-1.55,-1.09,-0.67,-0.20,0.21,0.49,0.68,0.72,0.52
-0.07,-0.10,-0.28,-0.12,0.07,-0.11,-0.17,-0.06,-0.13,-0.16,-0.33,-0.38,-0.48,-0.57,-0.62,-0.87,-0.89,-1.02,-0.99,-1.03,-1.08,-1.03,-1.03,-0.26,0.57,0.92,1.34,1.79,2.19,2.48,2.64,2.67,2.53,2.53,2.79,2.70,2.53,2.48,2.57,2.45,2.38,2.51,2.43,2.18,2.17,2.36,2.35,2.19,1.99,1.90,1.83,1.54,1.42,1.34,1.09,1.06,1.03,0.71,0.62,0.69,0.84,0.80,0.45,0.40,0.40,0.16,0.00,-0.17,-0.22,-0.41,-0.72,-0.99,-1.43,-1.41,-1.66,-1.74,-1.80,-2.46,-2.54,-2.33,-1.98,-2.30,-2.37,-2.22,-2.35,-2.44,-2.42,-2.90,-2.77,-3.24,-3.04,-3.06,-3.18,-3.40,-3.39,-3.43,-3.31,-3.08,-2.99,-2.83,-2.92,-2.54,-1.16,-0.46,-0.53,-0.42,0.08,0.40,-0.38,-2.14,-4.86,-8.66,-11.20,-14.90,-15.90,-15.47,-15.29,-15.53,-14.10,-11.48,-10.72,-10.58,-10.11,-10.17,-10.07,-8.33,-6.64,-5.72,-4.24,-4.71,-4.23,-4.99,-6.48,-7.65,-7.75,-8.14,-10.35,-11.85,-12.47,-11.19,-10.30,-9.35,-8.51,-7.86,-7.45,-7.02,-6.45,-5.06,-3.55,-2.59,-2.16,-1.65,-1.14,-0.68,-0.03,0.55,0.98,1.31,1.51,1.12
-0.17,-0.15,0.13,0.00,-0.02,-0.08,-0.18,-0.26,-0.28,-0.49,-0.59,-0.59,-0.56,-0.63,-0.86,-0.91,-0.93,-1.13,-1.27,-1.18,-1.07,-1.13,-1.13,-0.43,0.46,0.67,1.16,1.54,1.83,2.07,2.20,2.34,2.12,2.18,2.54,2.38,2.03,1.93,2.02,1.91,1.79,1.88,1.78,1.46,1.51,1.78,1.76,1.59,1.31,0.83,0.85,0.69,0.37,0.08,0.14,0.08,-0.01,-0.71,-1.04,-1.08,-1.22,-1.38,-1.64,-1.85,-1.94,-2.07,-2.09,-2.12,-2.14,-2.16,-2.14,-2.05,-2.47,-2.68,-3.26,-3.28,-3.22,-3.65,-3.40,-3.32,-2.72,-2.81,-2.55,-2.36,-2.45,-2.39,-2.30,-2.17,-1.89,-2.27,-2.16,-2.13,-2.07,-2.33,-2.44,-2.19,-2.31,-2.33,-2.41,-2.22,-2.28,-1.95,-0.98,-0.39,-0.27,-0.24,-0.20,-0.05,-0.44,-1.97,-4.60,-7.93,-9.90,-12.98,-13.72,-15.17,-16.82,-16.91,-15.85,-12.55,-9.56,-8.36,-8.25,-8.69,-8.56,-7.03,-6.19,-5.20,-5.08,-4.13,-3.26,-3.96,-5.53,-6.36,-6.23,-6.56,-8.29,-9.23,-9.66,-9.08,-7.95,-7.12,-6.13,-5.18,-4.61,-4.24,-3.80,-3.24,-2.70,-2.44,-2.22,-1.62,-1.04,-0.57,0.28,0.98,1.54,2.08,2.02,1.65
-0.23,-0.44,-0.27,-0.06,-0.07,-0.11,-0.11,-0.13,-0.36,-0.49,-0.63,-0.71,-0.74,-0.78,-0.78,-0.82,-0.92,-1.09,-1.13,-1.12,-1.16,-1.14,-1.08,-0.23,0.52,0.57,0.96,1.34,1.56,1.79,1.93,1.91,1.68,1.45,1.76,1.64,1.25,1.05,1.09,0.87,0.56,0.44,0.29,0.14,-0.07,0.10,-0.06,-0.21,-0.38,-1.08,-1.31,-1.23,-1.47,-1.89,-1.70,-1.84,-2.16,-2.64,-3.03,-3.08,-3.22,-3.33,-3.01,-2.97,-3.32,-3.39,-3.35,-2.94,-2.58,-2.60,-2.45,-2.08,-2.14,-2.05,-2.07,-1.86,-1.81,-1.80,-2.04,-2.10,-1.67,-1.65,-1.53,-2.04,-1.97,-2.05,-2.04,-1.99,-1.84,-2.18,-1.99,-1.83,-2.05,-2.22,-2.31,-2.14,-2.21,-2.08,-2.24,-2.17,-2.23,-1.81,-0.63,-0.03,0.03,-0.01,-0.28,-0.51,-0.88,-2.22,-4.28,-6.51,-8.08,-11.45,-12.02,-12.36,-13.65,-14.51,-14.81,-12.04,-8.79,-6.95,-6.48,-6.74,-6.82,-5.93,-4.71,-4.49,-3.74,-3.26,-2.77,-3.05,-3.90,-4.61,-4.86,-5.29,-6.16,-6.29,-6.44,-6.59,-5.83,-5.16,-4.48,-3.79,-3.23,-2.79,-2.62,-2.39,-2.24,-2.24,-2.10,-1.55,-0.89,-0.26,0.45,1.15,1.79,2.25,1.88,2.01
-0.34,-0.26,-0.26,-0.07,-0.10,-0.26,-0.33,-0.32,-0.51,-0.42,-0.74,-0.73,-0.76,-0.91,-0.72,-1.06,-1.07,-1.14,-1.04,-0.99,-1.17,-1.21,-1.02,-0.06,0.56,0.67,0.99,1.10,0.92,0.87,0.99,0.62,0.31,-0.26,-0.51,-0.58,-0.81,-0.99,-0.97,-1.31,-1.79,-1.99,-2.14,-2.00,-2.10,-2.08,-2.14,-2.30,-2.44,-2.47,-2.74,-2.64,-2.59,-2.53,-2.37,-2.19,-1.97,-1.97,-1.86,-1.67,-1.80,-1.98,-1.84,-1.75,-1.89,-1.88,-1.85,-1.81,-1.89,-1.89,-1.89,-1.83,-1.88,-1.60,-1.80,-1.94,-1.94,-1.64,-1.89,-1.83,-2.02,-2.03,-1.88,-2.10,-1.93,-2.04,-2.00,-2.05,-1.88,-1.94,-1.72,-1.59,-2.05,-2.02,-2.09,-1.93,-2.02,-1.94,-2.17,-2.21,-2.14,-1.62,-0.27,0.35,0.23,0.11,-0.29,-0.83,-1.35,-2.30,-3.28,-3.97,-4.78,-6.56,-6.95,-6.59,-7.33,-7.95,-8.06,-6.99,-5.45,-4.49,-4.32,-4.60,-4.43,-3.57,-3.09,-2.72,-2.87,-2.88,-2.56,-2.40,-2.82,-3.37,-3.76,-4.10,-4.35,-4.32,-4.39,-3.79,-3.72,-3.45,-3.06,-2.83,-2.70,-2.33,-2.22,-1.93,-1.89,-2.04,-1.95,-1.47,-0.96,-0.28,0.37,0.95,1.51,2.03,1.53,1.97
-0.56,-0.38,-0.61,-0.42,-0.31,-0.34,-0.44,-0.44,-0.51,-0.54,-0.69,-0.76,-0.82,-0.97,-0.94,-1.14,-1.19,-1.26,-1.16,-1.09,-1.27,-1.26,-0.99,-0.20,0.44,0.58,0.83,0.62,-0.08,-0.56,-0.59,-1.12,-1.18,-1.64,-2.13,-2.35,-2.41,-2.68,-2.63,-2.56,-2.73,-2.79,-2.73,-2.39,-2.19,-1.81,-1.86,-1.80,-2.07,-1.65,-1.88,-2.04,-1.75,-1.70,-1.71,-1.57,-1.66,-1.85,-1.65,-1.55,-1.65,-1.60,-1.64,-1.83,-2.09,-2.17,-1.99,-1.86,-1.95,-2.10,-2.07,-2.17,-1.88,-1.99,-1.81,-1.76,-2.04,-1.81,-1.83,-1.51,-2.03,-1.80,-1.72,-1.84,-1.74,-1.71,-1.79,-1.90,-2.08,-1.91,-1.66,-1.67,-1.81,-1.89,-1.80,-1.86,-1.89,-1.91,-1.91,-1.88,-1.81,-1.21,0.00,0.50,0.35,0.24,-0.18,-0.79,-1.27,-1.81,-1.95,-1.91,-2.04,-2.60,-2.73,-2.95,-3.15,-3.39,-3.27,-3.10,-2.69,-2.49,-2.47,-2.58,-2.53,-2.23,-1.94,-1.93,-1.99,-2.21,-1.97,-1.91,-1.94,-2.17,-2.54,-2.68,-2.51,-2.47,-2.21,-2.24,-2.32,-2.22,-2.07,-1.98,-1.94,-1.74,-1.74,-1.28,-1.38,-1.56,-1.47,-1.16,-0.87,-0.39,0.21,0.76,1.32,1.78,1.36,1.83
-0.36,-0.36,-0.76,-0.53,-0.42,-0.38,-0.44,-0.58,-0.51,-0.61,-0.69,-0.77,-0.84,-0.98,-1.11,-1.23,-1.26,-1.33,-1.28,-1.22,-1.33,-1.21,-1.16,-0.34,0.25,0.29,0.25,-0.08,-0.76,-1.18,-1.26,-1.61,-1.27,-1.27,-1.55,-1.74,-1.72,-1.84,-1.91,-1.84,-1.69,-1.65,-1.84,-1.83,-1.74,-1.64,-1.66,-1.67,-1.72,-1.74,-1.74,-1.83,-1.67,-1.85,-1.86,-1.61,-1.70,-1.71,-1.59,-1.56,-1.64,-1.70,-1.70,-1.70,-1.80,-1.91,-1.76,-1.70,-1.61,-1.64,-1.79,-1.89,-1.74,-1.70,-1.69,-1.78,-1.64,-1.67,-1.74,-1.60,-1.75,-1.64,-1.55,-1.66,-1.72,-1.67,-1.57,-1.41,-1.76,-1.51,-1.46,-1.30,-1.37,-1.47,-1.43,-1.48,-1.18,-1.23,-1.14,-0.98,-1.11,-0.68,0.14,0.71,0.67,0.47,0.37,0.28,-0.02,-0.47,-0.49,-0.33,-0.41,-0.73,-0.72,-0.68,-1.02,-0.86,-0.82,-0.91,-0.99,-0.89,-0.89,-1.08,-1.26,-1.23,-0.92,-0.94,-1.01,-1.38,-1.16,-1.12,-0.91,-0.92,-1.03,-1.17,-1.32,-1.09,-1.11,-1.19,-1.17,-1.33,-1.23,-1.03,-1.02,-1.17,-0.77,-0.63,-0.57,-0.53,-0.56,-0.52,-0.18,-0.06,0.26,0.71,1.21,1.55,1.27,1.53
-0.13,-0.28,-0.49,-0.52,-0.57,-0.54,-0.52,-0.64,-0.57,-0.64,-0.81,-0.84,-0.87,-0.94,-1.06,-1.27,-1.32,-1.33,-1.33,-1.31,-1.23,-1.13,-1.35,-0.46,0.09,0.10,-0.32,-0.83,-1.21,-1.41,-1.40,-1.59,-1.59,-1.43,-1.72,-1.70,-1.55,-1.56,-1.72,-1.95,-2.05,-1.85,-1.84,-2.12,-1.91,-1.71,-1.70,-1.57,-1.72,-1.81,-1.99,-1.72,-1.57,-1.40,-1.30,-1.21,-1.35,-1.53,-1.43,-1.32,-1.26,-1.35,-1.56,-1.53,-1.69,-1.72,-1.51,-1.52,-1.37,-1.36,-1.50,-1.31,-1.37,-1.43,-1.33,-1.42,-1.16,-1.23,-0.96,-0.97,-1.33,-0.98,-0.92,-0.69,-0.94,-0.81,-0.96,-0.86,-0.63,-0.64,-0.57,-0.48,-0.48,-0.42,-0.46,-0.24,-0.05,-0.41,-0.32,-0.06,-0.15,0.04,0.61,1.03,1.03,0.84,0.99,1.51,1.53,0.88,0.74,0.90,0.80,0.51,0.42,0.69,0.24,0.34,0.35,0.23,0.07,0.07,0.10,0.05,-0.20,-0.34,-0.10,0.04,-0.12,-0.37,-0.39,-0.07,0.05,-0.10,-0.15,-0.24,-0.43,-0.24,-0.22,-0.05,-0.31,-0.28,-0.21,-0.11,-0.02,-0.01,0.53,0.35,0.46,0.30,0.08,0.26,0.46,0.39,0.51,0.73,1.14,1.51,1.36,1.36
-0.11,-0.32,-0.36,-0.44,-0.58,-0.58,-0.49,-0.59,-0.67,-0.72,-0.91,-0.94,-0.81,-0.81,-0.99,-1.02,-1.26,-1.31,-1.36,-1.43,-1.31,-1.14,-1.24,-0.64,-0.28,-0.31,-0.87,-1.36,-1.45,-1.55,-1.70,-1.83,-1.74,-1.65,-1.76,-1.81,-1.75,-1.65,-1.66,-1.83,-1.95,-1.93,-1.89,-1.86,-1.72,-1.35,-1.33,-1.66,-1.67,-1.41,-1.50,-1.56,-1.59,-1.50,-1.26,-1.07,-1.03,-1.12,-1.17,-1.02,-0.84,-0.72,-0.87,-1.04,-1.03,-1.17,-1.02,-0.96,-0.74,-0.76,-0.76,-0.53,-0.27,-0.52,-0.46,-0.21,-0.29,-0.22,-0.24,-0.11,-0.28,-0.29,-0.20,0.14,-0.20,0.20,0.30,0.09,0.29,0.39,0.65,0.84,0.82,0.98,1.05,1.25,1.31,1.14,1.29,1.45,1.44,1.49,1.55,1.31,1.21,1.26,1.39,1.95,2.05,1.39,1.27,1.40,1.50,1.15,1.01,1.14,0.87,0.84,0.69,0.71,0.47,0.46,0.56,0.53,0.39,0.35,0.46,0.37,0.13,0.19,0.13,0.31,0.45,0.41,0.28,0.23,0.31,0.39,0.67,0.74,0.83,1.18,1.62,1.91,1.68,0.87,0.98,1.10,1.00,0.76,0.78,1.00,0.72,0.77,0.74,0.94,1.36,1.76,1.77,1.56
-0.23,-0.36,-0.26,-0.28,-0.39,-0.46,-0.41,-0.51,-0.71,-0.73,-0.88,-0.91,-0.74,-0.68,-0.77,-0.72,-1.06,-1.21,-1.22,-1.32,-1.50,-1.09,-1.02,-0.67,-0.52,-0.53,-0.79,-1.13,-1.23,-1.28,-1.50,-1.65,-1.75,-1.38,-1.36,-1.41,-1.46,-1.51,-1.43,-1.37,-1.53,-1.69,-1.74,-1.55,-1.50,-1.16,-0.87,-1.32,-0.98,-0.87,-0.81,-0.87,-1.03,-1.13,-0.77,-0.43,-0.28,-0.20,-0.20,-0.28,-0.18,0.05,0.05,-0.03,-0.27,-0.27,-0.15,-0.13,0.24,0.32,0.55,0.42,0.44,0.60,0.51,0.41,0.36,0.79,1.09,1.17,0.98,1.12,1.28,1.66,1.62,2.17,2.08,1.71,1.55,1.62,2.23,3.28,3.15,3.75,3.60,3.43,3.62,3.51,3.70,3.60,3.26,2.90,2.40,1.57,1.22,1.29,1.64,2.16,2.19,1.70,1.39,1.61,1.68,1.37,1.25,1.25,1.03,1.14,0.99,1.05,0.84,0.67,0.71,0.63,0.55,0.71,0.87,0.69,0.52,0.51,0.46,0.61,0.74,0.80,0.68,0.61,0.73,0.74,0.92,1.46,2.26,3.82,6.15,6.54,4.42,2.18,1.87,1.50,1.39,1.10,0.99,1.27,1.32,1.22,1.09,1.21,1.67,2.11,2.02,1.89
-0.20,-0.26,-0.15,-0.12,-0.24,-0.31,-0.31,-0.33,-0.48,-0.54,-0.64,-0.66,-0.62,-0.63,-0.54,-0.61,-0.88,-0.98,-0.97,-1.06,-1.22,-0.78,-1.02,-0.64,-0.76,-0.71,-0.67,-0.82,-0.88,-0.87,-0.83,-0.93,-1.24,-1.01,-0.87,-0.87,-0.86,-0.83,-0.79,-0.79,-0.94,-1.12,-0.92,-0.59,-0.41,-0.41,-0.32,-0.23,0.25,0.03,0.18,0.50,0.41,0.37,0.56,0.73,0.90,0.96,0.89,0.88,1.05,1.46,1.90,2.06,1.43,1.42,1.59,1.55,2.05,2.08,2.36,2.57,2.65,2.60,2.64,2.12,1.79,2.23,2.90,3.35,3.02,3.03,3.37,3.58,3.53,3.70,3.56,2.87,2.72,1.97,2.64,3.91,4.51,4.63,4.48,4.51,4.71,4.54,4.62,4.51,4.10,3.47,2.66,1.54,1.07,1.15,1.66,2.32,2.36,1.91,1.54,1.79,1.79,1.59,1.51,1.43,1.14,1.25,1.17,1.26,1.16,0.92,0.88,0.77,0.74,0.93,0.85,0.88,0.87,0.61,0.65,0.66,0.87,0.88,0.84,0.84,0.76,0.72,1.12,1.65,3.44,7.88,11.48,13.66,11.43,2.79,1.64,1.71,1.49,1.33,1.32,1.32,1.28,1.54,1.22,1.62,2.26,2.52,2.22,2.32
0.10,0.07,0.10,0.04,-0.08,-0.12,-0.03,-0.03,0.02,-0.07,-0.21,-0.27,-0.23,-0.28,-0.48,-0.31,-0.62,-0.93,-0.96,-0.74,-0.72,-0.53,-0.82,-0.52,-0.54,-0.52,-0.42,-0.37,-0.28,-0.16,0.04,-0.17,-0.43,-0.11,0.29,0.42,0.40,0.30,0.45,0.78,0.84,0.73,0.96,1.62,1.95,1.83,1.72,1.83,2.25,2.49,2.51,2.36,2.42,2.55,2.63,2.69,2.75,2.77,2.85,2.95,2.81,2.65,3.38,4.58,4.23,3.98,3.96,3.87,4.05,4.23,4.02,4.18,4.35,4.12,4.10,3.18,3.12,2.16,3.28,4.15,4.37,3.90,3.81,4.20,3.85,3.79,3.91,3.46,2.76,0.96,3.27,4.20,4.25,4.48,4.37,4.43,4.75,4.49,4.37,4.27,3.90,3.19,2.51,1.55,1.09,1.17,1.85,2.57,2.45,2.03,1.73,1.95,1.95,1.76,1.60,1.62,1.38,1.34,1.31,1.37,1.23,1.10,1.15,0.98,0.88,0.99,0.96,1.05,1.01,0.84,0.73,0.83,0.99,0.96,0.92,0.88,0.95,1.18,1.43,1.96,3.56,7.53,11.61,12.10,8.20,2.93,1.64,1.43,1.62,1.44,1.26,1.34,1.40,1.54,1.28,1.64,2.35,2.79,2.60,2.76
0.53,0.47,0.71,0.45,0.25,0.19,0.20,0.40,0.63,0.74,0.60,0.42,0.35,0.16,-0.02,0.36,0.05,-0.47,-0.66,-0.44,-0.41,-0.26,-0.26,0.00,0.05,0.09,0.57,0.96,0.85,1.43,1.78,1.82,1.43,1.70,1.90,2.05,2.23,2.31,2.20,2.00,1.78,1.78,2.07,2.11,1.88,2.45,2.51,2.31,2.32,1.90,2.51,2.31,2.37,2.72,2.58,2.40,2.48,2.35,2.02,1.78,2.02,3.16,4.43,5.15,5.06,5.23,5.11,4.89,4.95,4.81,4.49,4.08,4.28,4.00,3.89,3.00,1.49,1.80,4.54,4.49,4.15,3.82,4.11,4.00,3.77,4.20,4.05,3.16,2.29,0.32,3.07,3.96,3.91,4.17,4.01,4.18,4.41,4.03,4.08,3.83,3.62,3.04,2.55,1.76,1.14,1.15,2.12,2.85,2.51,2.22,1.87,2.01,1.97,1.88,1.53,1.73,1.50,1.50,1.48,1.45,1.37,1.23,1.23,1.16,1.04,1.03,1.05,1.06,1.05,0.99,0.80,0.92,1.09,1.10,1.05,1.03,1.06,1.18,1.49,1.84,2.40,4.50,6.49,6.64,4.84,2.48,1.82,1.61,1.68,1.25,1.17,1.77,2.03,1.60,1.54,2.03,2.79,3.28,3.13,3.20
0.96,0.77,1.21,1.07,0.89,0.79,0.78,1.17,1.31,1.32,1.17,0.94,0.80,0.90,0.73,1.29,1.14,0.68,0.45,0.39,-0.02,0.45,0.37,0.40,0.28,0.29,0.87,1.70,2.00,1.80,1.79,1.88,1.95,2.08,2.26,2.38,2.23,2.05,1.89,1.83,2.00,1.78,2.18,2.57,1.94,1.66,1.85,1.87,1.27,1.18,1.60,2.03,2.05,1.85,1.42,1.29,1.33,1.10,0.96,1.06,1.50,2.84,4.63,5.40,5.11,4.69,4.48,4.15,4.01,4.17,4.08,3.92,3.96,3.73,3.56,2.49,1.42,1.62,3.88,3.56,3.44,2.35,2.89,2.66,2.87,3.19,2.81,2.10,1.68,0.20,2.53,3.44,3.35,3.66,3.58,3.71,3.92,3.63,3.76,3.59,3.32,2.72,2.19,1.49,1.03,1.03,1.90,2.75,2.59,2.37,2.17,2.06,2.00,1.97,1.79,1.90,1.60,1.62,1.55,1.44,1.44,1.31,1.28,1.29,1.23,1.20,1.20,1.10,1.12,0.99,0.90,0.98,1.05,1.12,1.09,1.04,1.10,1.07,1.28,1.54,1.67,2.30,2.76,2.82,2.45,1.91,1.88,1.54,1.56,1.31,1.40,1.88,1.71,1.65,1.46,2.17,2.85,3.08,3.19,3.14
1.96,1.87,2.29,2.10,1.78,1.71,1.94,1.83,2.00,1.71,1.65,1.70,1.65,1.70,1.11,1.80,2.46,2.25,1.57,1.27,1.04,1.15,0.85,0.45,0.31,0.71,1.45,1.97,1.87,1.77,2.23,1.37,1.04,1.23,1.44,1.72,1.71,1.25,0.66,0.41,0.31,-0.12,0.15,0.39,0.42,-0.21,0.28,0.07,-0.21,-0.26,0.25,1.04,1.38,1.37,1.12,0.78,0.66,0.65,0.62,0.69,1.09,2.36,4.15,4.88,4.69,4.61,4.21,3.65,3.77,3.77,3.76,3.53,3.35,3.40,3.14,1.71,0.69,0.98,3.44,2.51,2.75,0.79,1.29,1.10,1.09,1.51,1.51,1.36,0.96,-0.23,2.55,3.16,3.37,3.46,3.43,3.68,3.85,3.66,3.59,3.35,3.19,2.75,2.11,1.39,0.95,0.74,1.50,2.52,2.48,2.36,2.22,2.10,2.00,1.99,2.03,1.99,1.72,1.71,1.62,1.51,1.43,1.34,1.36,1.36,1.29,1.31,1.33,1.29,1.26,0.99,0.96,1.03,1.01,1.11,1.03,0.95,1.03,1.00,1.11,1.43,1.44,1.57,1.70,1.76,1.66,1.40,1.45,1.44,1.48,1.25,1.43,1.93,1.77,1.85,1.55,1.97,2.64,3.06,3.13,3.07
2.11,2.22,2.48,2.29,2.10,1.99,1.96,2.05,1.76,1.62,1.33,0.94,0.76,0.96,0.83,1.50,2.55,2.83,2.31,1.73,1.28,0.89,0.32,0.10,0.25,0.79,1.48,1.94,1.82,1.29,1.31,0.69,0.73,1.05,1.04,1.10,1.00,0.80,0.29,-0.56,-0.86,-0.86,-0.61,-0.66,-0.81,-0.83,-0.86,-0.87,-0.86,-0.87,-0.56,0.50,0.65,0.96,1.21,0.96,0.77,0.66,0.51,0.60,0.96,1.94,3.98,4.72,4.44,4.43,3.75,3.39,3.37,3.62,3.20,3.14,3.25,3.03,2.78,1.45,0.29,0.45,2.81,2.10,1.84,0.30,0.28,0.21,0.11,0.79,0.98,0.89,1.10,-0.61,1.72,3.09,3.22,3.27,3.31,3.50,3.41,3.28,3.30,3.18,2.88,2.53,1.93,1.16,0.77,0.62,1.23,2.32,2.57,2.37,2.31,2.32,2.23,2.06,1.91,2.03,1.80,1.82,1.59,1.57,1.55,1.43,1.40,1.40,1.38,1.38,1.46,1.48,1.33,1.01,1.03,0.94,1.10,1.12,1.06,0.96,0.90,1.00,1.33,1.44,1.45,1.32,1.50,1.62,1.50,1.21,1.29,1.51,1.49,1.25,1.31,1.71,1.83,1.96,1.50,1.83,2.35,2.69,2.96,3.04
2.35,2.28,2.16,1.93,1.73,1.74,1.96,2.00,1.90,1.76,1.27,0.89,0.95,0.78,1.16,2.24,2.83,2.82,2.42,1.91,0.93,0.76,0.72,0.62,0.56,1.00,1.60,1.85,1.76,1.56,1.12,0.73,0.58,0.72,0.62,0.61,0.71,0.51,-0.10,-0.81,-1.12,-1.07,-0.88,-1.02,-0.99,-0.81,-0.89,-0.68,-0.76,-0.91,-0.88,-0.08,0.47,0.99,1.28,1.05,0.88,1.00,0.99,0.85,0.88,1.83,3.47,4.24,4.44,4.51,3.73,3.52,3.50,3.30,3.04,3.10,3.28,2.98,2.32,1.01,-0.07,0.02,2.55,1.82,1.11,0.07,-0.07,-0.23,-0.28,-0.06,0.46,0.55,0.83,-0.53,1.74,3.09,3.22,3.04,3.07,3.14,3.08,2.83,2.96,2.82,2.66,2.43,1.80,0.94,0.61,0.61,1.14,2.19,2.66,2.42,2.36,2.57,2.51,2.16,1.87,2.17,1.82,1.89,1.74,1.72,1.61,1.61,1.57,1.57,1.55,1.56,1.71,1.53,1.39,1.10,1.12,1.04,1.21,1.31,1.25,1.06,1.00,1.21,1.61,1.62,1.64,1.46,1.42,1.46,1.48,1.37,1.34,1.54,1.48,1.20,1.12,1.40,1.65,1.79,1.46,1.72,2.18,2.60,2.96,3.19
1.89,1.73,1.59,1.49,1.49,1.43,1.29,1.59,1.72,1.46,1.07,0.84,0.78,0.68,1.20,2.41,2.82,2.66,2.29,1.79,1.05,0.68,0.46,0.25,0.55,1.21,1.70,1.68,1.53,1.46,1.05,1.00,0.82,0.69,0.69,0.83,1.05,0.79,-0.07,-0.84,-1.18,-1.26,-0.94,-1.01,-1.04,-0.99,-1.11,-0.83,-0.98,-0.97,-0.89,0.08,0.35,0.89,0.98,0.79,0.90,0.60,0.29,0.44,0.76,1.77,3.63,4.30,4.14,4.35,3.60,3.07,3.07,3.02,2.65,2.75,2.67,2.52,2.36,0.79,-0.29,-0.27,2.28,1.78,0.69,-0.18,-0.02,-0.28,-0.73,-0.15,0.14,0.36,0.73,-0.64,1.45,2.91,3.08,2.75,2.64,3.03,2.96,2.73,2.79,2.70,2.46,2.19,1.78,1.14,0.76,0.61,1.01,2.22,3.08,3.40,3.72,2.71,2.75,2.47,2.12,2.19,1.84,2.01,1.89,1.95,1.74,1.70,1.78,1.77,1.65,1.65,1.73,1.46,1.53,1.33,1.18,1.23,1.34,1.55,1.54,1.32,1.25,1.46,1.68,1.90,1.80,1.76,1.59,1.48,1.45,1.37,1.31,1.49,1.32,1.03,0.90,1.05,1.37,1.51,1.49,1.80,2.38,2.89,3.00,3.01
1.46,1.40,1.18,1.03,0.98,0.94,0.88,1.38,1.25,1.16,0.88,0.74,1.01,0.73,1.09,2.42,2.83,2.72,2.36,1.53,0.96,0.73,0.47,0.26,0.51,1.27,1.84,1.78,1.54,1.25,0.76,0.58,0.18,0.40,0.66,0.87,0.93,0.51,-0.26,-0.83,-1.30,-1.24,-0.97,-1.33,-1.26,-1.26,-1.17,-1.02,-1.03,-1.08,-1.03,-0.24,0.03,0.44,0.05,-0.53,-0.42,-0.54,-0.44,0.13,0.67,1.87,3.66,4.28,4.09,3.90,3.31,2.94,2.76,2.71,2.31,2.42,2.57,2.60,2.03,0.42,-0.37,-0.71,1.88,1.61,0.76,-0.36,-0.57,-0.69,-0.86,-0.29,0.08,0.14,0.28,-0.73,1.27,2.78,3.04,2.60,2.49,2.79,3.02,2.84,2.83,2.57,2.46,2.26,1.87,1.18,0.82,0.71,1.44,2.94,4.08,6.22,7.29,3.08,2.89,2.46,2.22,2.19,1.88,1.94,1.93,1.82,1.68,1.76,1.77,1.70,1.64,1.71,1.85,1.64,1.64,1.60,1.25,1.34,1.40,1.60,1.64,1.46,1.36,1.46,1.65,1.87,1.79,1.71,1.61,1.42,1.23,1.18,1.23,1.18,1.18,0.92,0.71,0.77,1.03,1.42,1.44,1.78,2.41,2.94,2.93,2.91
0.66,0.73,0.84,0.89,0.89,0.92,1.15,1.33,1.27,1.23,1.04,0.80,0.77,0.82,1.29,2.55,2.71,2.42,2.14,1.39,0.98,0.53,0.24,0.08,0.32,1.14,1.64,1.42,1.27,0.88,0.45,-0.13,-0.53,-0.36,0.13,0.44,0.63,0.36,-0.39,-1.03,-1.33,-1.35,-1.23,-1.17,-1.22,-1.19,-1.06,-1.26,-1.37,-1.50,-1.22,-0.31,-0.10,0.37,-0.08,-1.26,-1.47,-1.38,-1.08,-0.37,0.39,1.87,3.56,4.08,3.76,3.92,3.41,2.65,2.45,2.76,2.35,2.06,2.12,2.23,2.13,0.67,-0.36,-0.56,1.88,1.43,1.31,-0.73,-0.62,-0.67,-0.73,-0.73,0.05,0.09,0.13,-0.82,0.73,2.65,2.37,2.11,2.54,2.63,2.95,2.61,2.60,2.47,2.30,2.03,1.73,1.16,0.82,0.65,1.36,3.02,4.92,7.24,6.81,2.95,2.37,2.17,1.93,2.11,1.82,1.94,1.85,1.72,1.61,1.87,1.88,1.73,1.61,1.74,2.11,1.84,1.74,1.51,1.33,1.62,1.59,1.65,1.54,1.37,1.38,1.43,1.59,1.78,1.78,1.61,1.45,1.29,1.20,1.25,1.33,0.92,1.14,0.89,0.66,0.71,0.76,1.48,1.50,1.65,2.17,2.73,2.79,2.73
0.85,0.98,1.09,1.06,1.05,1.10,1.06,1.26,1.27,1.11,0.89,0.73,0.79,0.67,1.22,2.53,2.79,2.49,2.02,1.03,0.74,0.44,0.41,0.03,0.10,0.74,1.06,0.87,1.12,0.79,0.31,-0.12,-0.73,-0.69,-0.38,0.07,0.44,0.29,-0.44,-1.16,-1.40,-1.45,-1.31,-1.21,-1.21,-1.16,-1.22,-1.27,-0.92,-1.23,-1.23,-0.59,-0.44,-0.17,-0.48,-1.32,-1.57,-1.51,-1.17,-0.39,0.34,1.51,3.45,4.20,3.84,3.89,3.45,2.75,2.70,2.61,2.26,2.40,2.38,2.52,2.17,0.74,-0.53,-0.56,1.53,1.28,0.14,-0.89,-0.78,-0.71,-0.46,-0.78,-0.33,-0.49,-0.11,-0.32,0.32,2.12,2.03,1.89,2.06,2.49,2.67,2.66,2.55,2.41,2.18,2.01,1.65,1.10,0.83,0.57,1.14,2.55,3.69,4.14,3.32,2.61,2.08,2.08,1.79,2.07,1.85,1.87,1.74,1.64,1.65,1.88,1.96,1.84,1.74,1.87,2.17,2.05,1.74,1.59,1.46,1.62,1.72,1.79,1.70,1.54,1.49,1.53,1.64,1.88,1.87,1.60,1.50,1.45,1.39,1.42,1.42,1.04,1.09,0.77,0.56,0.67,0.67,1.33,1.38,1.49,1.88,2.37,2.58,2.37
0.83,1.01,1.00,0.92,0.89,0.90,0.82,0.98,0.96,0.78,0.52,0.41,0.62,0.83,1.05,2.41,2.78,2.42,1.72,0.62,0.65,0.46,0.30,0.08,-0.01,0.28,0.50,0.55,0.94,0.60,0.15,-0.41,-0.87,-0.79,-0.87,-0.33,0.29,0.21,-0.52,-1.23,-1.52,-1.71,-1.56,-1.57,-1.23,-1.23,-1.21,-1.35,-1.19,-1.26,-1.41,-0.73,-0.27,-0.47,-1.03,-1.46,-1.59,-1.56,-1.14,-0.57,0.19,1.20,2.96,3.62,3.59,3.50,3.10,2.58,2.55,2.42,2.14,2.19,2.18,2.11,1.76,0.46,-0.87,-0.57,1.40,1.33,0.57,-0.98,-0.64,-0.92,-1.22,-0.82,-0.46,-0.23,-0.67,-0.21,-0.43,1.67,1.48,0.85,0.74,1.93,2.53,2.45,2.43,2.28,1.99,1.82,1.50,0.93,0.62,0.51,0.95,2.00,2.46,1.96,1.61,1.88,1.82,1.78,1.70,1.85,1.97,1.80,1.56,1.57,1.74,1.77,1.82,1.78,1.71,1.83,1.99,1.85,1.82,1.77,1.49,1.82,1.70,1.73,1.73,1.65,1.60,1.53,1.66,1.65,1.77,1.50,1.45,1.36,1.25,1.32,1.32,1.07,1.04,0.55,0.29,0.45,0.44,0.88,0.89,1.05,1.39,1.78,2.05,1.88
0.53,0.88,0.78,0.80,0.84,0.80,0.79,0.80,0.79,0.65,0.45,0.34,0.39,0.74,1.18,2.26,2.49,2.20,1.68,0.71,0.45,0.46,0.20,-0.08,-0.17,-0.10,0.04,0.30,0.67,0.47,0.09,-0.36,-0.73,-0.58,-0.76,-0.36,0.14,-0.15,-0.97,-1.46,-1.52,-1.69,-1.52,-1.72,-1.46,-1.51,-1.31,-1.42,-1.31,-1.21,-1.31,-0.79,-0.21,-0.44,-0.96,-1.21,-1.43,-1.57,-1.21,-0.56,-0.03,0.98,2.90,3.81,3.66,3.50,3.04,2.48,2.36,1.90,1.99,2.02,1.83,1.76,1.59,0.35,-0.81,-0.28,0.87,1.05,-0.01,-0.97,-0.81,-0.51,-1.13,-0.86,-0.84,-0.43,-0.77,-0.44,-0.17,1.88,1.55,0.66,0.94,1.95,2.43,2.53,2.45,2.26,2.26,2.01,1.60,1.28,1.12,0.87,1.11,2.02,2.35,1.97,1.43,1.46,1.68,1.34,1.32,1.53,1.72,1.49,1.39,1.73,1.67,1.79,1.79,1.88,1.90,1.76,1.96,2.03,1.84,1.97,1.42,1.74,1.73,1.72,1.64,1.51,1.53,1.72,1.65,1.71,1.65,1.53,1.51,1.34,1.14,1.27,1.36,1.06,0.88,0.44,0.21,0.31,0.19,0.57,0.67,0.63,0.77,1.01,1.10,0.77
0.66,0.95,0.88,0.98,0.95,0.79,0.79,0.71,0.76,0.72,0.56,0.42,0.51,0.69,1.45,2.26,2.37,2.12,1.68,0.78,0.09,0.16,-0.13,-0.37,-0.28,-0.22,-0.22,0.00,0.37,0.45,-0.05,-0.24,-0.39,-0.38,-0.46,-0.38,-0.12,-0.36,-1.18,-1.62,-1.75,-1.56,-1.40,-1.48,-1.24,-1.35,-1.17,-1.18,-1.26,-1.47,-1.13,-0.46,0.05,-0.16,-0.73,-1.17,-1.43,-1.51,-1.12,-0.62,-0.15,1.05,2.84,3.92,3.47,3.22,2.94,2.31,2.53,2.20,2.11,2.06,2.16,1.82,1.67,0.44,-0.81,-0.63,1.40,1.56,0.56,-0.54,-0.49,-0.76,-0.87,-0.74,-0.46,-0.33,-0.66,-0.29,-0.17,1.18,1.17,0.46,1.10,1.87,2.40,2.38,2.46,2.24,2.10,1.80,1.78,1.26,0.85,0.72,0.96,1.74,1.96,1.82,1.40,1.14,1.20,1.06,1.10,1.36,1.42,1.10,1.01,1.50,1.83,2.30,2.12,2.01,2.10,1.99,2.18,2.12,1.94,1.59,1.68,1.83,1.88,1.82,1.71,1.61,1.60,1.72,1.78,1.90,1.65,1.59,1.57,1.46,1.36,1.33,1.42,1.14,0.99,0.74,0.47,0.26,0.09,0.36,0.24,0.21,0.23,0.21,0.23,0.04
0.83,1.09,1.11,1.15,1.06,0.85,0.79,0.65,0.77,0.76,0.60,0.49,0.61,0.79,1.64,2.23,2.47,2.19,1.49,0.71,0.02,-0.15,-0.37,-0.42,-0.39,-0.31,-0.22,-0.17,0.04,0.35,0.28,-0.18,-0.10,-0.11,-0.21,-0.34,-0.39,-0.96,-1.74,-1.67,-1.60,-1.33,-1.40,-1.21,-1.09,-1.13,-1.21,-1.19,-1.16,-1.26,-1.03,-0.64,-0.11,-0.11,-0.53,-0.87,-1.19,-1.32,-0.94,-0.42,0.11,1.11,2.60,3.65,3.47,3.57,3.09,2.52,2.16,1.94,1.96,1.90,1.84,1.61,1.61,0.62,-0.83,-0.73,0.93,1.76,-0.10,-0.76,-0.48,-0.81,-0.92,-1.04,-0.68,-0.66,-0.72,-0.52,0.15,0.40,-0.28,-0.71,-0.41,-0.13,1.56,2.35,2.47,2.47,2.22,2.14,1.99,1.51,1.06,0.83,0.99,1.56,1.91,1.70,1.18,1.03,1.06,0.49,0.50,1.07,0.85,0.99,1.37,1.70,1.93,2.12,2.03,2.01,2.08,1.91,1.85,1.79,1.80,1.49,1.60,1.54,1.70,1.66,1.59,1.53,1.46,1.60,1.62,1.77,1.78,1.80,1.65,1.46,1.32,1.18,1.33,0.94,0.73,0.58,0.31,0.00,-0.22,-0.15,-0.13,-0.06,-0.07,-0.22,-0.32,-0.31
0.89,1.27,1.27,1.27,1.25,1.10,0.84,0.80,0.82,0.74,0.65,0.56,0.58,0.80,1.71,2.28,2.60,2.24,1.29,0.69,0.07,-0.27,-0.38,-0.46,-0.44,-0.36,-0.28,-0.20,0.09,0.37,0.77,0.14,0.05,0.13,0.04,-0.20,-0.46,-1.03,-1.66,-1.70,-1.51,-1.12,-1.14,-1.01,-1.06,-1.02,-0.94,-1.13,-1.06,-1.21,-0.99,-0.56,-0.07,0.03,-0.54,-1.14,-1.31,-1.32,-1.04,-0.44,0.13,0.89,2.63,3.63,3.32,3.51,3.16,2.55,2.17,1.85,1.90,1.61,1.65,1.64,1.46,0.49,-0.66,-0.84,1.48,2.19,0.61,-0.05,-0.34,-0.78,-0.97,-0.81,-0.72,-0.36,-0.24,-0.48,-0.46,-0.43,-0.18,-1.04,-1.17,-0.48,1.50,2.34,2.45,2.52,2.26,2.00,1.80,1.29,0.87,0.56,0.55,1.33,1.93,1.34,0.71,0.96,0.85,0.45,0.37,1.38,0.87,1.14,1.32,1.83,1.96,1.83,1.89,1.97,1.93,1.87,1.76,1.88,1.57,1.44,1.23,1.42,1.27,1.22,1.29,1.25,1.09,1.17,1.51,1.53,1.74,1.55,1.40,1.39,1.33,1.11,1.16,0.93,0.78,0.65,0.42,0.08,-0.29,-0.36,-0.10,-0.05,-0.21,-0.32,-0.21,-0.41
1.31,1.22,1.25,1.22,1.09,0.93,0.92,0.79,0.76,0.80,0.61,0.41,0.68,0.85,1.72,2.42,2.69,2.25,1.37,0.62,-0.01,-0.15,-0.39,-0.57,-0.46,-0.43,-0.49,-0.31,0.09,0.21,0.74,0.13,0.19,0.31,0.11,-0.17,-0.46,-0.99,-1.56,-1.69,-1.76,-1.09,-1.06,-1.11,-1.16,-0.98,-0.79,-0.91,-1.04,-0.89,-0.74,-0.37,0.00,-0.07,-0.46,-0.91,-1.22,-1.28,-1.11,-0.52,0.18,0.94,2.55,3.58,3.53,3.28,3.18,2.46,2.17,2.01,1.85,1.62,1.73,1.38,1.20,0.45,-0.86,-0.82,1.11,2.20,1.06,-0.12,-0.36,-0.29,-0.17,0.03,0.02,0.10,-0.53,-0.78,-0.58,0.23,-0.52,-0.94,-1.22,-1.09,0.29,1.85,2.49,2.65,2.29,2.07,1.80,1.31,0.84,0.44,0.55,1.28,1.78,1.38,0.52,0.62,0.56,0.68,0.29,0.57,1.22,1.61,1.99,2.20,2.02,1.95,1.87,1.67,1.56,1.60,1.54,1.26,0.69,0.62,0.53,0.61,0.69,0.61,0.66,0.80,0.87,1.18,1.36,1.36,1.25,1.16,1.25,1.28,1.17,1.12,1.04,1.14,1.00,0.77,0.46,0.15,0.10,-0.01,-0.24,-0.34,-0.29,-0.26,-0.52,-0.49
1.10,1.07,1.03,1.01,0.93,0.84,0.94,0.74,0.87,0.68,0.41,0.39,0.62,0.80,1.70,2.48,2.70,2.38,1.65,0.63,-0.06,-0.02,-0.39,-0.56,-0.44,-0.51,-0.64,-0.47,-0.17,0.00,0.63,0.02,0.40,0.37,0.08,-0.01,-0.51,-1.27,-1.66,-1.83,-1.79,-1.31,-1.04,-1.28,-1.22,-0.84,-0.83,-0.91,-0.94,-0.57,-0.27,-0.01,0.26,0.08,-0.27,-0.63,-1.06,-1.18,-0.94,-0.34,0.03,0.90,2.64,3.44,3.39,3.02,3.08,2.35,2.13,1.96,1.89,1.62,1.48,1.39,1.54,0.52,-0.54,-0.94,1.00,2.34,1.18,1.05,0.58,0.73,0.84,0.92,0.87,0.55,-0.52,-0.77,-1.12,0.14,-0.07,-0.56,-0.48,0.32,1.33,2.59,2.98,2.82,2.60,2.17,1.64,1.09,0.69,0.56,0.66,1.23,2.02,1.77,0.74,0.49,0.39,0.74,0.50,1.14,1.33,1.72,2.14,2.06,1.82,1.67,1.27,0.79,0.77,0.83,0.52,0.13,-0.10,-0.13,-0.53,-0.42,-0.16,-0.11,-0.03,0.15,0.29,0.42,0.73,0.93,0.79,0.89,1.04,1.14,1.18,1.26,1.29,1.22,0.93,0.55,0.21,-0.03,-0.12,-0.01,-0.15,-0.27,-0.32,-0.37,-0.41,-0.61
1.45,1.23,1.31,1.22,1.00,0.83,0.84,0.74,0.92,0.63,0.42,0.44,0.47,0.85,1.72,2.53,2.81,2.46,1.68,0.73,-0.03,-0.08,-0.39,-0.58,-0.34,-0.41,-0.63,-0.49,-0.32,0.18,0.67,0.28,0.49,0.30,0.11,0.10,-0.66,-1.51,-1.75,-1.88,-1.75,-1.43,-1.22,-1.11,-0.97,-0.92,-0.83,-0.89,-0.77,-0.34,0.00,0.13,0.23,0.13,-0.17,-0.67,-1.01,-1.11,-1.23,-0.61,-0.01,0.83,2.69,3.45,3.24,3.12,2.90,2.43,2.07,2.03,1.93,1.62,1.66,1.55,1.32,0.55,-0.87,-1.11,0.57,1.60,1.60,1.20,0.94,1.17,1.11,1.40,1.43,0.88,-0.81,-0.91,-0.51,0.94,1.90,2.16,2.47,2.81,3.06,2.95,2.97,2.83,2.55,2.29,1.90,1.37,0.79,0.49,0.68,1.46,2.25,1.97,1.56,1.62,1.55,2.00,2.10,1.76,2.24,2.46,2.47,2.28,1.73,1.33,1.05,0.71,0.44,0.39,0.29,0.04,-0.84,-0.92,-1.46,-1.93,-1.60,-1.07,-0.73,-0.39,0.08,0.26,0.39,0.77,0.98,0.80,0.92,1.09,1.10,1.20,1.01,1.00,0.92,0.53,0.14,0.03,-0.13,-0.10,-0.21,-0.34,-0.28,-0.07,-0.34,-0.33
1.39,1.29,1.34,1.09,0.87,0.84,0.87,0.67,0.87,0.62,0.45,0.46,0.52,0.77,1.49,2.35,2.71,2.42,1.72,0.85,0.11,0.07,-0.31,-0.61,-0.38,-0.36,-0.51,-0.37,-0.15,0.58,0.83,0.50,0.52,0.36,0.26,-0.23,-1.21,-1.90,-2.07,-2.17,-2.28,-1.85,-1.36,-0.84,-0.93,-0.88,-0.78,-0.79,-0.68,-0.36,0.09,0.24,0.21,0.09,-0.26,-0.71,-0.98,-1.18,-1.30,-0.72,-0.15,0.79,2.35,3.24,3.01,3.04,2.71,2.18,1.91,1.80,1.74,1.51,1.59,1.44,1.12,0.53,-0.74,-0.86,0.49,1.50,1.38,1.36,1.29,1.38,1.15,1.09,1.29,1.03,-0.71,-0.81,-0.57,1.65,1.95,2.18,2.31,2.59,2.71,2.66,2.73,2.81,2.55,2.10,1.65,1.28,0.90,0.65,0.79,1.43,2.16,2.05,2.07,2.38,2.29,2.64,2.37,2.34,2.54,2.84,2.60,2.23,1.74,1.40,0.96,0.14,-0.43,-0.36,-0.51,-0.22,-0.28,-1.35,-2.45,-2.64,-2.27,-0.83,0.13,-0.12,-0.36,-0.16,0.03,0.41,0.73,0.68,0.90,1.04,0.96,1.29,1.29,1.16,0.95,0.69,0.45,0.23,-0.03,0.09,0.08,-0.07,-0.17,-0.16,-0.29,-0.56
1.01,0.98,0.99,0.67,0.47,0.56,0.61,0.69,0.69,0.56,0.40,0.25,0.28,0.44,1.26,2.17,2.34,2.11,1.78,1.05,0.15,0.00,-0.13,-0.51,-0.44,-0.38,-0.44,-0.23,0.20,0.87,1.06,0.63,0.72,0.39,0.11,-0.96,-1.95,-2.28,-2.36,-2.40,-2.60,-2.32,-1.94,-1.52,-1.21,-0.86,-0.68,-0.72,-0.63,-0.52,0.02,0.25,0.21,-0.13,-0.53,-0.74,-0.94,-1.12,-1.23,-0.84,-0.26,0.67,2.23,3.04,3.10,2.97,2.60,2.01,1.88,1.89,1.68,1.60,1.40,1.46,1.16,0.49,-0.83,-0.97,-0.26,1.29,1.31,1.11,1.28,0.78,1.06,0.88,1.32,0.94,-0.87,-1.04,-0.36,1.36,2.02,2.06,2.29,2.55,2.64,2.69,2.61,2.65,2.58,2.34,1.95,1.27,0.72,0.62,0.83,1.38,2.20,2.40,2.16,2.29,2.43,2.47,2.59,2.71,2.83,2.83,2.76,2.75,2.28,1.55,0.73,-0.67,-2.07,-2.12,-1.46,-0.54,-0.21,-0.51,-1.75,-1.71,-1.57,-0.66,-0.10,-0.32,-0.27,-0.37,-0.43,-0.07,0.39,0.67,0.84,0.96,1.14,1.48,1.43,1.28,1.15,0.87,0.55,0.36,0.14,0.25,0.20,0.00,-0.15,-0.12,-0.08,-0.37
0.98,0.96,0.67,0.49,0.28,0.11,0.25,0.51,0.50,0.35,0.08,-0.03,0.19,0.10,0.99,1.64,1.93,1.68,1.17,0.84,0.10,0.09,-0.05,-0.31,-0.42,-0.38,-0.34,-0.20,0.36,0.88,1.17,0.93,0.76,0.14,-0.58,-1.93,-2.67,-2.60,-2.46,-2.32,-2.27,-2.21,-2.51,-2.32,-2.18,-1.13,-0.74,-0.59,-0.66,-0.69,-0.29,-0.33,-0.77,-1.23,-1.61,-1.60,-1.40,-1.35,-1.11,-0.71,-0.33,0.34,1.91,2.79,2.89,3.03,2.67,2.08,1.94,1.80,1.65,1.42,1.43,1.20,1.29,0.72,-0.52,-0.97,0.18,0.96,1.14,1.04,1.01,0.63,0.89,0.85,0.99,0.52,-0.69,-0.81,-0.48,1.07,1.57,1.64,1.82,2.19,2.55,2.60,2.63,2.66,2.46,2.23,1.88,1.44,1.01,0.74,0.90,1.50,2.30,2.35,2.31,2.30,2.22,2.54,2.59,2.58,2.52,2.63,2.55,2.23,1.60,1.06,0.52,-0.44,-1.47,-1.80,-2.33,-2.10,-0.91,-1.19,-1.48,-1.17,-1.36,-1.52,-1.23,-0.81,-0.79,-0.78,-0.59,-0.11,0.30,0.41,0.67,1.05,1.36,1.62,1.33,1.26,1.25,1.03,0.69,0.53,0.29,0.16,0.11,-0.01,-0.16,-0.16,-0.22,-0.24
0.69,0.55,0.26,-0.03,-0.26,-0.27,-0.08,0.20,0.05,-0.02,-0.20,-0.21,0.15,0.08,0.42,0.98,1.12,0.95,0.71,0.46,0.05,0.16,0.03,-0.38,-0.41,-0.31,-0.28,-0.05,0.58,1.25,1.42,1.14,0.74,-0.01,-1.55,-2.92,-3.15,-2.58,-2.22,-2.18,-1.76,-1.80,-2.53,-2.23,-2.10,-1.26,-0.84,-0.79,-1.36,-1.66,-1.69,-2.13,-2.70,-2.76,-2.68,-2.50,-2.03,-1.55,-1.09,-0.74,-0.51,-0.01,1.31,2.46,2.93,3.12,2.81,2.19,1.88,1.57,1.53,1.17,1.28,1.15,1.21,0.85,-0.66,-0.92,-0.13,0.93,1.07,0.98,0.85,0.46,0.47,0.61,0.78,0.46,-0.63,-1.17,-0.81,0.87,1.42,1.55,1.87,2.10,2.30,2.36,2.32,2.25,2.23,2.10,1.68,1.16,0.76,0.60,0.63,1.23,2.35,2.34,2.24,2.41,2.26,2.51,2.51,2.57,2.48,2.57,2.63,2.29,1.59,0.88,0.18,-0.69,-1.53,-1.80,-1.93,-1.84,-0.91,-1.48,-1.28,-1.38,-1.36,-1.40,-1.50,-1.41,-1.26,-1.30,-0.51,-0.10,0.23,0.46,0.78,1.11,1.37,1.70,1.72,1.50,1.62,1.50,1.01,0.73,0.44,0.18,0.13,0.07,-0.08,-0.24,-0.38,-0.39
0.35,-0.08,-0.08,-0.28,-0.52,-0.58,-0.41,-0.17,-0.29,-0.24,-0.28,-0.44,-0.56,-0.28,0.02,0.09,0.25,0.42,0.51,0.49,0.16,0.34,0.05,-0.44,-0.37,-0.21,-0.10,0.21,0.76,1.33,1.31,1.14,0.88,0.21,-1.48,-2.59,-2.36,-1.72,-1.61,-1.71,-1.33,-1.33,-1.80,-1.46,-1.03,-1.09,-0.82,-1.19,-2.10,-2.70,-2.79,-3.06,-3.12,-2.81,-2.58,-2.26,-1.83,-1.50,-1.14,-0.83,-0.68,-0.20,1.09,2.52,3.02,2.82,2.60,2.10,1.87,1.74,1.59,1.38,1.48,1.18,1.26,0.51,-0.74,-0.96,-0.03,1.14,0.82,0.68,0.63,0.29,0.45,0.57,0.55,0.28,-0.34,-0.99,-0.78,0.87,1.44,1.45,1.59,1.99,2.23,2.32,2.25,2.26,2.25,2.00,1.64,1.21,0.72,0.53,0.66,1.25,2.29,2.28,2.37,2.58,2.36,2.37,2.43,2.60,2.51,2.54,2.61,2.32,1.65,0.93,0.08,-0.86,-1.37,-1.35,-0.88,-0.62,-0.86,-1.41,-1.36,-1.23,-1.06,-0.81,-0.69,-0.82,-0.77,-0.77,-0.18,0.05,0.36,0.72,1.01,1.21,1.40,2.01,2.14,2.12,2.12,1.90,1.39,1.06,0.67,0.40,0.25,0.08,-0.15,-0.27,-0.32,-0.41
0.00,-0.18,-0.03,-0.22,-0.42,-0.44,-0.37,-0.41,-0.52,-0.47,-0.64,-0.81,-0.61,-0.44,-0.26,0.00,0.14,0.20,0.37,0.58,0.36,0.15,-0.03,-0.08,-0.33,-0.34,-0.06,0.49,1.16,1.61,1.50,1.29,1.03,0.89,0.24,-0.41,-0.72,-0.99,-1.17,-1.09,-1.19,-1.14,-1.02,-0.61,-0.43,-0.61,-0.97,-1.62,-2.16,-2.79,-2.60,-2.46,-2.45,-2.47,-2.53,-2.17,-1.72,-1.70,-1.52,-1.03,-0.66,0.10,1.53,2.82,2.97,2.77,2.59,2.16,1.95,1.67,1.50,1.38,1.43,1.04,1.06,0.35,-0.86,-1.06,-0.13,0.98,0.67,0.47,0.61,0.34,0.36,0.46,0.45,0.39,-0.26,-1.19,-0.71,0.96,1.46,1.38,1.51,1.79,2.00,1.96,2.03,2.22,2.19,2.01,1.64,1.10,0.62,0.36,0.45,1.07,2.24,2.34,2.28,2.46,2.14,2.35,2.36,2.54,2.34,2.45,2.47,2.13,1.77,1.21,0.41,-0.36,-0.93,-0.83,0.07,0.45,0.30,-0.02,-0.10,-0.05,-0.03,0.04,0.23,0.29,0.15,-0.05,0.14,0.19,0.25,0.56,0.89,1.07,1.33,2.22,2.47,2.60,2.52,2.18,1.65,1.22,0.77,0.53,0.35,0.03,-0.27,-0.26,-0.26,-0.28
-0.12,-0.20,-0.02,-0.15,-0.41,-0.52,-0.36,-0.44,-0.58,-0.52,-0.71,-0.74,-0.41,-0.36,-0.26,-0.07,0.08,0.25,0.45,0.55,0.21,0.05,-0.22,-0.57,-0.57,-0.41,-0.03,0.56,1.16,1.78,1.50,1.42,1.14,1.16,0.51,0.04,-0.18,-0.42,-0.67,-0.93,-1.18,-1.01,-0.73,-0.28,-0.05,-0.36,-1.37,-2.13,-2.00,-2.09,-1.91,-1.90,-2.14,-2.49,-2.65,-2.59,-2.42,-2.16,-1.72,-1.19,-0.76,0.08,1.39,3.02,3.16,2.89,2.55,2.08,1.80,1.53,1.55,1.46,1.27,1.17,1.09,0.44,-1.09,-1.16,-0.21,0.66,0.67,0.65,0.50,0.32,0.10,0.03,0.05,0.23,-0.52,-1.53,-0.73,0.47,1.18,1.44,1.45,1.50,1.78,2.02,1.99,2.01,2.03,1.94,1.66,1.10,0.68,0.68,0.71,1.00,2.16,2.22,2.18,2.35,2.42,2.29,2.47,2.45,2.37,2.48,2.24,1.74,1.23,0.87,0.61,0.30,-0.05,-0.22,0.44,0.82,1.00,0.68,0.58,0.62,0.67,0.67,0.65,0.69,0.58,0.39,0.57,0.55,0.51,0.52,0.69,0.99,1.33,2.34,2.67,2.72,2.71,2.43,1.80,1.27,0.78,0.58,0.37,0.09,-0.17,-0.08,-0.21,-0.31
-0.05,-0.23,-0.01,-0.17,-0.43,-0.49,-0.36,-0.57,-0.63,-0.56,-0.66,-0.67,-0.53,-0.72,-0.61,-0.26,0.13,0.30,0.35,0.44,0.21,-0.06,-0.32,-0.64,-0.87,-0.82,-0.37,0.34,1.00,1.45,1.93,1.64,0.85,0.47,-0.39,-0.81,-0.58,-0.32,-0.53,-0.97,-0.83,-0.18,-0.27,-0.32,-0.07,-0.72,-1.45,-2.00,-1.95,-1.52,-1.36,-1.60,-1.95,-2.42,-2.60,-2.55,-2.49,-2.19,-1.57,-1.03,-0.93,-0.61,0.35,2.42,2.89,2.63,2.03,1.68,1.39,1.22,1.04,0.99,1.22,1.03,1.11,0.46,-0.93,-1.11,-0.26,0.37,0.30,0.57,0.26,0.14,-0.23,-0.13,-0.34,-0.64,-0.96,-1.56,-1.12,-0.27,0.47,1.11,1.44,1.56,1.53,1.29,1.12,1.20,1.17,1.07,1.09,0.95,0.78,0.78,0.92,1.27,1.95,2.18,2.25,2.40,2.49,2.40,2.25,2.53,2.48,2.63,2.35,1.84,1.25,0.82,0.74,0.66,0.41,0.31,0.93,1.00,1.12,0.94,0.85,0.84,0.99,1.09,1.04,0.99,0.83,0.76,1.04,1.01,0.93,0.82,0.93,1.29,1.60,2.40,2.81,2.77,2.77,2.64,2.02,1.42,1.03,0.73,0.51,0.29,0.13,0.20,-0.01,-0.23
0.00,-0.23,-0.08,-0.23,-0.42,-0.52,-0.49,-0.54,-0.56,-0.67,-0.76,-0.68,-0.52,-0.54,-0.53,-0.23,-0.01,0.16,0.36,0.56,0.32,-0.31,-0.23,-0.33,-0.57,-0.66,-0.38,0.11,0.60,0.98,1.12,1.22,0.02,-0.67,-0.84,-0.63,-0.24,-0.02,-0.18,-0.46,-0.24,0.30,-0.08,-0.59,-0.39,-0.94,-1.19,-1.41,-1.51,-1.27,-1.01,-1.12,-1.62,-2.22,-2.39,-2.23,-2.08,-1.74,-1.03,-0.56,-0.81,-1.13,-0.54,1.21,1.54,0.84,0.18,0.21,0.08,0.02,-0.07,0.19,0.74,0.63,0.93,0.34,-0.78,-1.14,-0.36,0.05,0.10,-0.06,-0.32,-0.52,-0.61,-0.42,-0.82,-1.37,-1.74,-1.62,-1.41,-1.17,-0.51,0.40,0.80,0.79,0.65,0.29,0.08,0.18,0.23,0.29,0.52,0.62,0.78,0.92,0.79,1.10,2.12,2.32,2.36,2.46,2.52,2.58,2.48,2.75,2.46,2.51,2.22,1.78,1.45,1.16,0.99,0.96,0.83,1.20,1.71,1.53,1.61,1.48,1.42,1.40,1.59,1.76,1.78,1.76,1.49,1.33,1.64,1.62,1.36,1.17,1.28,1.67,1.91,2.43,2.89,2.84,2.88,2.81,2.19,1.65,1.43,0.94,0.65,0.53,0.37,0.26,0.19,-0.12
0.03,-0.12,-0.18,-0.28,-0.48,-0.62,-0.56,-0.54,-0.53,-0.66,-0.72,-0.61,-0.44,-0.49,-0.39,-0.29,-0.07,0.03,0.14,0.32,0.04,-0.20,-0.23,-0.34,-0.59,-0.71,-0.62,-0.20,0.57,1.18,0.95,0.47,-0.38,-0.38,-0.26,-0.32,-0.41,-0.48,-0.36,-0.15,-0.15,-0.12,-0.21,-0.78,-1.03,-1.07,-0.71,-0.88,-0.84,-1.01,-0.79,-0.67,-1.17,-1.71,-1.85,-1.79,-1.50,-0.89,-0.20,0.13,-0.48,-1.13,-0.61,0.42,0.05,-0.42,-1.31,-1.30,-1.09,-1.04,-0.91,-0.47,0.02,-0.12,0.08,-0.10,-0.69,-1.06,-0.96,-0.56,-0.24,-0.84,-0.68,-0.88,-0.82,-0.67,-0.83,-1.35,-1.51,-1.45,-1.33,-1.50,-1.14,-0.41,0.18,0.25,0.11,0.02,-0.12,-0.21,-0.31,-0.12,0.23,0.34,0.55,0.58,0.62,1.07,2.06,2.42,2.47,2.64,2.48,2.66,2.48,2.76,2.40,2.25,2.12,1.84,1.59,1.46,1.43,1.42,1.42,2.03,2.31,2.32,2.37,2.13,2.01,2.01,2.23,2.35,2.20,2.26,2.14,1.84,2.17,2.25,1.96,1.55,1.39,1.64,2.08,2.53,2.69,2.65,2.77,2.82,2.22,1.91,1.66,1.27,0.94,0.74,0.66,0.76,0.45,-0.03
0.15,0.15,-0.13,-0.36,-0.54,-0.61,-0.54,-0.63,-0.66,-0.67,-0.74,-0.71,-0.61,-0.62,-0.38,-0.34,-0.29,-0.17,0.04,0.13,-0.27,-0.17,-0.23,-0.51,-0.58,-0.43,-0.22,0.16,0.76,1.12,0.93,0.28,0.16,-0.23,-0.22,-0.06,-0.23,-0.13,-0.03,-0.26,-0.34,-0.53,-0.11,-1.01,-0.88,-0.82,0.30,-0.23,-0.63,-0.78,-0.38,-0.07,-0.46,-0.88,-0.98,-0.82,-0.41,0.10,0.50,0.61,0.16,-0.21,0.32,0.80,-0.02,-0.61,-1.67,-1.72,-1.43,-1.43,-1.14,-0.98,-0.77,-0.67,-0.53,-0.72,-0.82,-0.94,-1.07,-0.97,-0.28,-0.79,-0.87,-0.91,-0.77,-0.74,-0.79,-1.14,-1.21,-1.56,-1.66,-1.51,-1.26,-0.59,-0.20,-0.13,-0.08,-0.07,-0.11,0.02,0.07,0.07,0.39,0.63,0.82,0.92,0.80,1.15,2.24,2.71,2.66,2.75,2.60,2.53,2.66,2.82,2.59,2.35,2.26,1.94,1.57,1.61,1.82,1.96,2.02,2.34,2.48,2.77,2.71,2.45,2.26,2.31,2.54,2.58,2.29,2.26,2.29,2.01,2.22,2.29,2.02,1.71,1.56,1.59,1.99,2.18,2.38,2.66,2.78,2.60,2.22,1.91,1.67,1.43,1.06,0.67,0.52,0.74,0.47,0.21
0.09,0.02,-0.51,-0.39,-0.49,-0.62,-0.59,-0.56,-0.72,-0.78,-0.88,-0.91,-0.83,-0.73,-0.61,-0.56,-0.51,-0.39,-0.27,-0.28,-0.47,-0.36,-0.33,-0.57,-0.57,-0.38,-0.13,0.15,0.50,0.83,0.60,-0.57,-0.51,-0.24,-0.41,-0.28,-0.16,0.08,0.15,-0.07,-0.37,-0.66,-0.37,-0.61,-0.11,0.11,0.82,0.52,0.04,0.19,0.55,0.62,0.36,0.10,0.04,0.18,0.37,0.53,0.66,0.74,0.72,0.61,1.12,1.17,0.16,-0.88,-1.56,-1.71,-1.65,-1.76,-1.31,-1.45,-1.01,-0.84,-0.72,-1.11,-1.09,-0.88,-1.37,-1.22,-0.59,-0.86,-0.91,-0.88,-0.89,-0.84,-0.88,-1.21,-1.35,-1.38,-1.35,-1.27,-0.99,-0.63,-0.21,0.02,0.16,0.07,-0.07,0.15,0.31,0.21,0.39,0.79,1.17,1.36,1.25,1.59,2.35,2.76,2.54,2.67,2.96,2.60,2.61,2.71,2.60,2.25,2.06,1.78,1.56,1.74,2.00,2.07,2.08,2.13,2.32,2.49,2.32,2.14,2.01,2.08,2.26,2.35,2.26,2.10,1.97,1.83,1.85,1.95,1.79,1.56,1.51,1.61,1.59,1.79,2.17,2.23,2.06,1.91,1.84,1.65,1.70,1.54,1.25,0.96,0.77,0.94,0.87,0.39
-0.37,-0.11,-0.49,-0.33,-0.42,-0.51,-0.51,-0.62,-0.63,-0.77,-0.86,-0.93,-0.89,-0.76,-0.88,-0.79,-0.63,-0.56,-0.48,-0.43,-0.66,-0.47,-0.48,-0.67,-0.53,-0.44,-0.16,0.11,0.19,0.37,-0.10,-0.54,-0.31,-0.21,0.10,0.04,-0.11,-0.06,0.10,0.02,-0.29,-0.53,-0.47,-0.10,0.05,1.06,1.73,1.90,1.56,1.46,1.39,1.05,0.89,0.82,0.73,0.71,0.69,0.65,0.60,0.77,0.94,1.16,1.29,0.87,-0.11,-1.11,-1.72,-1.74,-1.65,-1.65,-1.35,-1.43,-1.22,-1.03,-0.81,-1.17,-1.17,-0.88,-1.28,-1.28,-0.98,-1.13,-0.99,-0.93,-0.79,-0.73,-0.96,-1.16,-1.35,-1.28,-1.28,-1.16,-1.03,-0.73,-0.39,-0.22,-0.13,-0.18,-0.13,0.31,0.51,0.31,0.47,0.79,1.00,1.20,0.94,1.39,1.67,1.42,1.59,1.80,2.08,1.82,1.78,1.78,1.61,1.31,1.16,1.09,1.03,1.22,1.44,1.37,1.23,1.29,1.54,1.48,1.28,1.23,1.17,1.09,1.16,1.36,1.42,1.16,1.14,1.15,1.16,1.18,0.93,0.69,0.77,1.03,1.09,1.05,1.15,1.16,1.26,1.54,1.45,1.46,1.34,1.26,1.21,1.11,0.77,0.87,0.67,0.37
-0.34,-0.21,-0.31,-0.36,-0.52,-0.76,-0.82,-0.54,-0.73,-0.73,-0.79,-0.84,-0.81,-0.82,-0.99,-0.92,-0.76,-0.71,-0.54,-0.46,-0.74,-0.53,-0.61,-0.66,-0.59,-0.66,-0.46,-0.20,-0.08,-0.03,-0.59,-0.92,-0.86,-0.86,-0.66,-0.63,-0.56,-0.34,0.20,0.66,0.29,-0.39,-0.48,-0.26,0.29,1.34,1.83,2.00,2.02,2.00,1.97,1.38,1.05,0.88,0.77,0.71,0.76,0.77,0.56,0.57,0.89,1.14,0.73,-0.15,-0.72,-1.28,-1.84,-1.72,-1.59,-1.40,-1.33,-1.24,-1.23,-1.23,-1.12,-1.18,-1.18,-1.09,-1.19,-1.33,-1.37,-1.21,-1.06,-1.07,-0.88,-0.84,-1.13,-1.16,-1.38,-1.33,-1.40,-1.19,-1.17,-0.89,-0.78,-0.66,-0.69,-0.93,-0.82,-0.33,-0.26,-0.57,-0.58,-0.57,-0.52,-0.07,0.07,0.29,0.32,-0.13,-0.11,0.44,0.47,0.31,0.45,0.41,0.26,0.07,0.11,0.13,0.03,0.11,0.24,0.26,0.13,0.07,0.30,0.19,0.14,0.02,-0.01,-0.01,0.10,0.31,0.23,0.18,0.09,0.21,0.30,0.32,0.14,0.00,0.13,0.40,0.45,0.50,0.42,0.62,0.89,0.98,1.22,1.04,1.23,1.16,1.06,1.11,0.92,0.84,0.73,0.61
-0.39,-0.33,-0.44,-0.44,-0.71,-0.81,-0.69,-0.64,-0.79,-0.93,-0.87,-0.72,-0.79,-1.09,-1.11,-0.96,-0.91,-0.82,-0.67,-0.56,-0.62,-0.67,-0.57,-0.82,-0.72,-0.73,-0.61,-0.48,-0.51,-0.52,-0.69,-1.13,-0.97,-1.23,-1.50,-1.51,-1.30,-1.23,-0.96,-0.59,-0.44,-0.22,-0.44,-0.23,0.16,1.62,2.08,1.76,1.54,1.11,1.31,0.89,0.56,0.35,0.09,0.03,0.08,0.11,0.05,-0.01,0.15,0.00,-0.42,-1.09,-1.32,-1.57,-1.65,-1.53,-1.62,-1.26,-1.30,-1.31,-1.22,-1.24,-1.36,-1.33,-1.24,-1.32,-1.22,-1.30,-1.37,-1.26,-1.14,-1.26,-1.21,-1.18,-1.19,-1.32,-1.50,-1.42,-1.36,-1.26,-1.31,-1.27,-1.21,-1.13,-1.30,-1.65,-1.71,-1.59,-1.74,-2.12,-2.08,-2.02,-2.02,-1.36,-0.84,-0.77,-0.62,-0.87,-1.03,-0.51,-0.39,-0.59,-0.62,-0.49,-0.49,-0.64,-0.61,-0.57,-0.64,-0.62,-0.62,-0.61,-0.66,-0.49,-0.34,-0.39,-0.56,-0.72,-0.71,-0.58,-0.52,-0.42,-0.41,-0.53,-0.11,-0.12,-0.29,-0.23,-0.16,-0.13,-0.10,-0.41,-0.24,-0.57,-0.18,0.25,0.44,0.67,0.61,0.72,0.82,0.80,0.82,0.94,0.79,0.63,0.63,0.62
-0.37,-0.54,-0.33,-0.52,-0.82,-0.84,-0.78,-0.82,-0.84,-0.76,-0.84,-0.91,-0.94,-1.04,-1.02,-0.87,-0.93,-0.91,-0.78,-0.62,-0.56,-0.78,-0.62,-0.74,-0.59,-0.62,-0.67,-0.69,-0.64,-0.52,-0.81,-1.02,-0.97,-1.01,-1.24,-1.46,-1.37,-1.40,-1.36,-1.31,-1.37,-1.45,-1.71,-1.61,-1.19,-0.38,-0.23,-0.22,-0.78,-0.93,-0.72,-0.88,-1.07,-1.23,-1.19,-1.04,-1.07,-1.06,-1.02,-1.03,-0.98,-1.01,-1.09,-1.24,-1.47,-1.72,-1.60,-1.55,-1.53,-1.26,-1.33,-1.32,-1.30,-1.26,-1.26,-1.40,-1.32,-1.41,-1.19,-1.31,-1.32,-1.28,-1.08,-1.35,-1.33,-1.38,-1.21,-1.41,-1.61,-1.52,-1.45,-1.32,-1.31,-1.41,-1.38,-1.41,-1.55,-1.83,-2.10,-2.14,-2.35,-2.81,-2.82,-2.74,-2.55,-1.53,-0.74,-0.63,-0.68,-0.87,-1.16,-0.91,-0.66,-0.89,-1.04,-0.78,-0.79,-0.98,-0.96,-0.92,-0.93,-0.86,-0.83,-0.89,-0.89,-0.64,-0.63,-0.52,-0.69,-0.87,-0.88,-0.64,-0.41,-0.56,-0.54,-0.64,-0.36,-0.57,-0.67,-0.53,-0.37,-0.39,-0.57,-0.48,-0.18,-0.36,-0.23,0.07,0.28,0.41,0.47,0.47,0.53,0.58,0.68,0.82,0.77,0.57,0.55,0.56
-0.34,-0.54,-0.47,-0.67,-0.89,-0.96,-0.84,-0.66,-0.68,-0.73,-0.89,-0.93,-0.88,-0.92,-0.98,-0.79,-0.87,-0.97,-0.82,-0.59,-0.68,-0.83,-0.63,-0.48,-0.56,-0.66,-0.76,-0.77,-0.67,-0.58,-0.78,-0.97,-1.07,-1.22,-1.27,-1.57,-1.41,-1.37,-1.67,-1.90,-1.80,-1.71,-1.84,-2.02,-2.22,-2.08,-1.99,-2.59,-2.64,-2.64,-2.68,-2.56,-2.59,-2.59,-2.41,-2.10,-1.90,-1.99,-1.99,-1.76,-1.66,-1.48,-1.38,-1.42,-1.60,-1.66,-1.59,-1.64,-1.43,-1.36,-1.50,-1.35,-1.35,-1.22,-1.19,-1.40,-1.23,-1.33,-1.27,-1.41,-1.40,-1.40,-1.33,-1.40,-1.32,-1.35,-1.33,-1.60,-1.71,-1.69,-1.60,-1.40,-1.30,-1.35,-1.37,-1.47,-1.52,-1.65,-1.95,-1.99,-2.17,-2.63,-2.78,-2.83,-2.23,-0.91,-0.27,-0.24,-0.72,-0.99,-1.36,-1.09,-0.94,-1.11,-1.13,-0.98,-1.07,-1.24,-1.19,-1.06,-1.08,-0.97,-0.94,-1.12,-1.28,-0.83,-0.67,-0.78,-0.73,-0.93,-1.03,-0.87,-0.76,-0.62,-0.66,-0.97,-0.97,-0.83,-0.92,-0.84,-0.81,-0.87,-0.72,-0.64,-0.56,-0.53,-0.38,-0.11,0.13,0.35,0.31,0.31,0.40,0.45,0.44,0.53,0.57,0.52,0.45,0.49
-0.29,-0.54,-0.57,-0.46,-0.76,-0.88,-0.73,-0.57,-0.74,-0.71,-1.13,-1.06,-0.93,-1.01,-0.98,-0.81,-0.99,-1.12,-0.83,-0.57,-0.68,-0.78,-0.42,-0.58,-0.61,-0.76,-0.81,-0.88,-0.86,-0.63,-0.58,-0.82,-0.91,-1.24,-1.35,-1.56,-1.60,-1.78,-1.85,-1.98,-2.14,-2.14,-2.27,-2.28,-2.17,-2.39,-2.68,-2.68,-2.83,-3.01,-3.06,-3.03,-3.06,-2.94,-2.60,-2.30,-2.09,-2.03,-1.95,-1.80,-1.72,-1.50,-1.50,-1.51,-1.72,-1.60,-1.66,-1.50,-1.50,-1.41,-1.55,-1.66,-1.40,-1.21,-1.36,-1.47,-1.21,-1.37,-1.40,-1.52,-1.52,-1.46,-1.59,-1.52,-1.45,-1.40,-1.53,-1.71,-1.72,-1.76,-1.64,-1.52,-1.55,-1.52,-1.56,-1.64,-1.56,-1.65,-1.89,-2.04,-2.26,-2.50,-2.65,-2.53,-1.55,-0.29,-0.18,-0.29,-0.91,-1.50,-1.50,-1.17,-1.13,-1.21,-1.18,-1.27,-1.37,-1.47,-1.50,-1.38,-1.28,-1.26,-1.09,-1.02,-1.02,-1.17,-0.97,-0.74,-0.77,-0.82,-1.02,-1.19,-0.98,-0.84,-0.78,-1.02,-0.73,-0.72,-0.94,-0.92,-0.76,-0.78,-0.84,-0.79,-0.77,-0.73,-0.51,-0.12,0.15,0.03,0.16,0.18,0.32,0.29,0.07,0.19,0.24,0.37,0.28,0.29
-0.23,-0.41,-0.62,-0.54,-0.74,-0.88,-0.98,-0.94,-0.69,-0.94,-1.09,-0.96,-0.89,-1.03,-1.11,-0.59,-0.94,-0.87,-0.91,-0.82,-0.63,-0.64,-0.48,-0.71,-0.58,-0.74,-0.83,-0.89,-0.82,-0.62,-0.62,-0.84,-0.74,-1.03,-1.17,-1.24,-1.36,-1.74,-1.98,-2.16,-2.40,-2.45,-2.36,-2.69,-2.67,-2.72,-2.90,-3.08,-2.95,-3.09,-3.10,-2.95,-2.87,-2.79,-2.63,-2.26,-1.90,-1.79,-1.76,-1.72,-1.69,-1.38,-1.23,-1.47,-1.72,-1.67,-1.83,-1.55,-1.59,-1.55,-1.55,-1.74,-1.53,-1.37,-1.37,-1.47,-1.35,-1.69,-1.60,-1.69,-1.53,-1.64,-1.59,-1.65,-1.61,-1.51,-1.70,-1.89,-1.74,-1.66,-1.51,-1.52,-1.69,-1.67,-1.74,-1.70,-1.50,-1.74,-2.05,-2.14,-2.39,-2.42,-2.50,-1.99,-1.02,-0.17,-0.05,-0.15,-0.91,-1.59,-1.59,-1.26,-1.32,-1.55,-1.41,-1.36,-1.62,-1.74,-1.65,-1.50,-1.32,-1.41,-1.38,-1.35,-1.37,-1.31,-1.28,-1.12,-1.14,-1.24,-1.24,-1.18,-1.12,-1.08,-0.94,-1.21,-1.11,-1.18,-1.24,-1.08,-0.94,-1.04,-0.97,-0.98,-0.97,-0.84,-0.63,-0.36,-0.13,-0.28,-0.06,-0.01,0.11,0.05,-0.27,-0.06,-0.01,0.23,0.19,0.13
-0.26,-0.39,-0.54,-0.74,-0.84,-0.92,-1.06,-1.11,-0.86,-0.86,-0.88,-0.94,-0.94,-0.96,-1.04,-0.96,-1.01,-0.87,-0.94,-0.86,-0.64,-0.67,-0.59,-0.78,-0.81,-0.82,-0.77,-0.67,-0.63,-0.61,-0.61,-0.81,-0.67,-0.89,-0.81,-0.97,-1.19,-1.59,-1.83,-2.09,-2.35,-2.37,-2.41,-2.81,-2.65,-2.53,-2.47,-2.64,-3.04,-2.78,-2.69,-2.88,-2.87,-2.36,-2.19,-1.93,-1.69,-1.71,-1.66,-1.59,-1.60,-1.31,-1.08,-1.38,-1.66,-1.66,-1.81,-1.60,-1.65,-1.62,-1.59,-1.51,-1.50,-1.51,-1.22,-1.35,-1.33,-1.76,-1.74,-1.75,-1.60,-1.79,-1.69,-1.72,-1.75,-1.59,-1.76,-1.99,-1.81,-1.66,-1.45,-1.37,-1.61,-1.67,-1.69,-1.67,-1.52,-1.74,-2.04,-1.99,-2.18,-2.27,-2.13,-1.33,-0.77,-0.34,-0.12,-0.29,-1.07,-1.64,-1.80,-1.42,-1.53,-1.74,-1.67,-1.60,-1.72,-1.76,-1.61,-1.56,-1.57,-1.51,-1.30,-1.40,-1.57,-1.43,-1.43,-1.32,-1.22,-1.31,-1.41,-1.27,-1.13,-1.01,-1.08,-1.16,-1.12,-1.21,-1.31,-1.13,-0.94,-1.04,-0.96,-1.02,-1.09,-0.96,-0.79,-0.66,-0.51,-0.29,-0.28,-0.22,-0.13,-0.17,-0.39,-0.36,-0.29,-0.06,0.00,-0.02
-0.46,-0.54,-0.41,-0.59,-0.82,-0.76,-0.81,-0.88,-0.72,-0.73,-0.88,-0.94,-0.97,-1.04,-1.04,-0.78,-0.81,-0.83,-0.76,-0.68,-0.66,-0.63,-0.64,-0.54,-0.78,-0.84,-0.64,-0.62,-0.66,-0.48,-0.33,-0.59,-0.61,-0.77,-0.72,-0.84,-1.12,-1.38,-1.60,-1.99,-2.41,-2.46,-2.39,-2.56,-2.46,-2.47,-2.44,-2.55,-2.22,-2.45,-2.36,-2.13,-1.88,-1.65,-1.55,-1.52,-1.46,-1.48,-1.42,-1.32,-1.41,-1.32,-1.32,-1.38,-1.70,-1.66,-1.66,-1.67,-1.42,-1.57,-1.53,-1.52,-1.41,-1.53,-1.30,-1.45,-1.36,-1.65,-1.71,-1.81,-1.95,-1.94,-1.88,-1.80,-1.86,-1.67,-1.70,-1.83,-1.89,-1.84,-1.60,-1.42,-1.64,-1.78,-1.71,-1.81,-1.78,-1.72,-1.81,-1.85,-2.05,-2.14,-1.81,-1.18,-0.84,-0.63,-0.38,-0.51,-1.27,-1.53,-1.76,-1.46,-1.43,-1.69,-1.80,-1.81,-1.89,-1.93,-1.81,-1.75,-1.75,-1.79,-1.65,-1.51,-1.46,-1.78,-1.52,-1.26,-1.23,-1.41,-1.59,-1.60,-1.40,-1.30,-1.26,-1.13,-1.24,-1.31,-1.35,-1.22,-1.06,-1.13,-1.07,-1.07,-1.18,-1.19,-1.04,-0.87,-0.71,-0.33,-0.48,-0.36,-0.17,-0.15,-0.33,-0.28,-0.23,-0.22,-0.20,-0.15
-0.47,-0.44,-0.37,-0.38,-0.62,-0.61,-0.71,-0.76,-0.62,-0.86,-0.94,-0.86,-0.86,-0.93,-1.01,-0.87,-0.86,-0.73,-0.63,-0.67,-0.74,-0.66,-0.62,-0.62,-0.66,-0.68,-0.74,-0.72,-0.64,-0.49,-0.48,-0.68,-0.76,-0.87,-0.77,-0.88,-0.96,-1.18,-1.42,-1.75,-2.12,-2.19,-2.19,-2.42,-2.35,-2.26,-1.84,-1.55,-1.46,-1.53,-1.41,-1.51,-1.32,-1.30,-1.40,-1.43,-1.41,-1.46,-1.57,-1.51,-1.35,-1.38,-1.41,-1.52,-1.64,-1.79,-1.69,-1.64,-1.59,-1.62,-1.46,-1.41,-1.56,-1.38,-1.50,-1.70,-1.55,-1.65,-1.83,-1.94,-2.10,-2.08,-1.91,-1.81,-1.84,-1.69,-1.71,-1.75,-1.90,-1.94,-1.76,-1.57,-1.65,-1.76,-1.75,-1.83,-1.75,-1.60,-1.64,-1.70,-1.83,-1.84,-1.71,-1.36,-1.33,-0.96,-0.54,-0.81,-1.07,-1.48,-1.46,-1.45,-1.45,-1.62,-1.56,-1.62,-1.83,-2.02,-2.08,-1.79,-1.83,-1.89,-1.95,-1.76,-1.67,-1.81,-1.67,-1.45,-1.36,-1.43,-1.53,-1.56,-1.40,-1.26,-1.28,-1.23,-1.37,-1.40,-1.41,-1.36,-1.24,-1.26,-1.28,-1.26,-1.23,-1.32,-1.28,-0.99,-1.01,-0.56,-0.66,-0.61,-0.42,-0.37,-0.52,-0.26,-0.27,-0.32,-0.36,-0.31
-0.37,-0.33,-0.36,-0.51,-0.41,-0.61,-0.79,-0.78,-0.64,-0.84,-0.82,-0.71,-0.66,-0.73,-0.83,-0.76,-0.52,-0.56,-0.57,-0.69,-0.71,-0.52,-0.61,-0.77,-0.66,-0.54,-0.63,-0.77,-0.74,-0.72,-0.84,-0.87,-0.78,-0.77,-0.49,-0.68,-0.56,-0.81,-0.88,-1.19,-1.69,-1.88,-1.90,-1.78,-1.48,-1.18,-0.87,-0.54,-0.87,-0.64,-0.76,-0.91,-0.88,-0.79,-1.02,-1.33,-1.45,-1.38,-1.52,-1.60,-1.42,-1.48,-1.52,-1.65,-1.71,-1.76,-1.70,-1.62,-1.62,-1.56,-1.53,-1.41,-1.38,-1.24,-1.37,-1.78,-1.65,-1.74,-1.78,-1.94,-1.95,-1.86,-1.65,-1.66,-1.69,-1.69,-1.71,-1.75,-1.83,-1.91,-1.80,-1.59,-1.57,-1.69,-1.74,-1.78,-1.75,-1.70,-1.75,-1.67,-1.66,-1.80,-1.74,-1.51,-1.69,-0.97,-0.77,-0.62,-1.11,-1.31,-1.46,-1.55,-1.53,-1.62,-1.57,-1.61,-1.74,-1.91,-2.13,-1.99,-1.69,-1.89,-2.14,-1.95,-1.80,-1.94,-1.70,-1.56,-1.65,-1.69,-1.61,-1.52,-1.35,-1.52,-1.37,-1.36,-1.38,-1.43,-1.41,-1.30,-1.23,-1.26,-1.32,-1.40,-1.26,-1.22,-1.24,-1.04,-1.06,-0.69,-0.63,-0.66,-0.61,-0.42,-0.38,-0.29,-0.15,-0.24,-0.42,-0.41
-0.44,-0.52,-0.53,-0.36,-0.27,-0.46,-0.61,-0.62,-0.54,-0.66,-0.73,-0.67,-0.58,-0.66,-0.74,-0.59,-0.66,-0.63,-0.62,-0.61,-0.52,-0.49,-0.66,-0.47,-0.62,-0.81,-0.62,-0.72,-0.61,-0.52,-0.62,-0.54,-0.24,-0.07,-0.11,-0.08,-0.01,-0.22,-0.28,-0.62,-1.08,-1.37,-1.40,-1.17,-0.72,-0.29,-0.11,-0.05,-0.31,-0.21,-0.08,-0.31,-0.44,-0.57,-1.04,-1.12,-1.17,-1.32,-1.47,-1.56,-1.48,-1.53,-1.62,-1.80,-1.89,-1.80,-1.69,-1.52,-1.51,-1.50,-1.78,-1.75,-1.62,-1.64,-1.33,-1.69,-1.56,-1.70,-1.88,-2.05,-2.03,-1.88,-1.61,-1.61,-1.62,-1.60,-1.62,-1.71,-1.84,-1.91,-1.71,-1.65,-1.62,-1.50,-1.46,-1.51,-1.55,-1.53,-1.57,-1.56,-1.59,-1.72,-1.59,-1.46,-1.72,-1.42,-1.07,-0.69,-1.03,-1.27,-1.38,-1.33,-1.60,-1.83,-1.79,-1.53,-1.51,-1.86,-2.05,-1.97,-2.10,-2.10,-1.98,-1.94,-1.80,-1.84,-1.76,-1.70,-1.75,-1.72,-1.66,-1.64,-1.57,-1.50,-1.43,-1.41,-1.45,-1.48,-1.40,-1.24,-1.18,-1.24,-1.14,-1.33,-1.35,-1.32,-1.33,-1.21,-1.16,-0.89,-0.69,-0.66,-0.63,-0.44,-0.39,-0.39,-0.33,-0.37,-0.46,-0.42
-0.18,-0.11,-0.07,-0.52,-0.41,-0.49,-0.41,-0.33,-0.38,-0.54,-0.73,-0.72,-0.62,-0.69,-0.73,-0.64,-0.69,-0.56,-0.62,-0.67,-0.63,-0.51,-0.43,-0.49,-0.61,-0.76,-0.72,-0.58,-0.38,-0.32,-0.37,-0.32,0.14,0.28,0.20,0.28,0.34,0.21,0.09,-0.12,-0.49,-0.79,-0.86,-0.79,-0.44,0.03,0.07,0.19,-0.11,-0.18,0.00,-0.16,-0.03,-0.23,-0.59,-0.69,-0.79,-1.07,-1.40,-1.59,-1.57,-1.55,-1.83,-2.02,-2.05,-1.95,-1.90,-1.94,-1.69,-1.40,-1.67,-1.85,-1.88,-1.72,-1.53,-1.69,-1.90,-1.71,-1.83,-1.98,-2.00,-1.72,-1.47,-1.55,-1.71,-1.62,-1.71,-1.86,-1.76,-1.75,-1.74,-1.67,-1.61,-1.43,-1.27,-1.37,-1.43,-1.50,-1.52,-1.62,-1.72,-1.76,-1.48,-1.40,-1.94,-1.74,-1.43,-1.02,-1.23,-1.37,-1.38,-1.47,-1.43,-1.65,-1.75,-1.70,-1.79,-1.97,-2.08,-2.13,-2.24,-2.12,-2.12,-1.78,-1.76,-1.90,-1.85,-1.78,-1.83,-1.80,-1.67,-1.69,-1.71,-1.50,-1.47,-1.50,-1.52,-1.52,-1.46,-1.36,-1.31,-1.24,-1.09,-1.27,-1.37,-1.42,-1.56,-1.45,-1.31,-0.78,-0.74,-0.84,-0.74,-0.51,-0.77,-0.68,-0.56,-0.52,-0.59,-0.67
0.07,0.08,0.07,-0.05,-0.32,-0.36,-0.27,-0.26,-0.32,-0.42,-0.59,-0.68,-0.61,-0.61,-0.69,-0.78,-0.73,-0.62,-0.59,-0.61,-0.53,-0.46,-0.47,-0.52,-0.47,-0.59,-0.43,-0.24,-0.22,-0.01,0.08,-0.10,0.15,0.52,0.42,0.53,0.58,0.44,0.39,0.23,-0.15,-0.48,-0.57,-0.47,-0.11,0.28,0.21,0.13,0.05,0.03,0.19,0.11,0.26,0.16,-0.20,-0.39,-0.61,-0.86,-1.13,-1.56,-1.79,-1.66,-1.75,-1.94,-2.03,-1.98,-1.88,-1.85,-1.91,-1.67,-1.72,-1.71,-2.16,-1.72,-1.93,-1.91,-2.00,-1.88,-1.95,-1.90,-1.79,-1.72,-1.60,-1.41,-1.55,-1.70,-1.64,-1.70,-1.71,-1.62,-1.66,-1.60,-1.38,-1.32,-1.31,-1.27,-1.30,-1.42,-1.43,-1.52,-1.56,-1.64,-1.38,-1.36,-1.74,-1.45,-1.41,-1.16,-1.41,-1.47,-1.46,-1.51,-1.45,-1.60,-1.72,-1.70,-1.79,-2.00,-2.17,-1.99,-2.17,-1.95,-2.02,-1.91,-1.89,-1.95,-1.95,-1.81,-1.78,-1.84,-1.78,-1.81,-1.64,-1.57,-1.55,-1.56,-1.52,-1.52,-1.50,-1.36,-1.37,-1.33,-1.27,-1.33,-1.41,-1.42,-1.36,-1.21,-1.31,-1.01,-0.93,-0.94,-0.87,-0.73,-0.61,-0.63,-0.64,-0.63,-0.71,-0.89
0.52,0.42,0.28,0.28,0.00,-0.03,-0.11,-0.12,-0.26,-0.59,-0.76,-0.58,-0.46,-0.39,-0.54,-0.79,-0.76,-0.64,-0.56,-0.47,-0.38,-0.36,-0.38,-0.43,-0.20,-0.39,-0.37,-0.27,-0.02,0.31,0.28,0.07,0.28,0.46,0.47,0.60,0.78,0.67,0.45,0.31,0.05,-0.28,-0.47,-0.27,0.16,0.42,0.49,0.29,0.41,0.29,0.16,0.18,0.14,0.00,-0.13,-0.26,-0.34,-0.61,-0.87,-1.26,-1.60,-1.59,-1.78,-2.07,-2.16,-2.23,-2.31,-2.17,-1.86,-1.75,-1.76,-1.91,-1.84,-1.78,-1.69,-1.90,-1.88,-1.71,-1.62,-1.95,-2.02,-1.80,-1.45,-1.30,-1.47,-1.46,-1.43,-1.55,-1.53,-1.57,-1.52,-1.37,-1.21,-1.02,-1.07,-1.23,-1.30,-1.47,-1.52,-1.47,-1.60,-1.79,-1.19,-1.09,-1.48,-1.41,-1.09,-1.14,-1.30,-1.43,-1.45,-1.56,-1.45,-1.59,-1.81,-1.78,-1.78,-1.95,-2.03,-1.97,-2.17,-1.97,-1.88,-1.79,-1.90,-1.90,-1.94,-1.85,-1.71,-1.89,-1.98,-1.99,-1.61,-1.48,-1.56,-1.50,-1.45,-1.50,-1.46,-1.26,-1.22,-1.22,-1.19,-1.31,-1.52,-1.61,-1.41,-1.30,-1.12,-0.96,-0.91,-0.93,-0.88,-0.73,-0.71,-0.67,-0.69,-0.72,-0.74,-0.88
0.68,0.65,0.50,0.20,-0.06,0.08,-0.05,-0.06,-0.07,-0.17,-0.24,-0.23,-0.37,-0.24,-0.36,-0.62,-0.57,-0.51,-0.56,-0.44,-0.31,-0.23,-0.23,-0.32,-0.37,-0.53,-0.32,-0.36,-0.08,0.57,0.65,0.25,0.32,0.55,0.62,0.53,0.78,0.84,0.62,0.36,0.10,-0.16,-0.34,-0.32,0.00,0.49,0.60,0.51,0.51,0.45,0.24,0.20,-0.27,-0.68,-0.83,-0.68,-0.59,-0.83,-1.11,-1.45,-1.75,-1.84,-2.07,-2.24,-2.21,-2.32,-2.12,-2.16,-2.12,-1.94,-1.97,-2.03,-2.30,-1.93,-2.21,-1.85,-1.93,-2.02,-2.00,-1.88,-1.76,-1.65,-1.50,-1.33,-1.57,-1.53,-1.60,-1.90,-1.84,-1.65,-1.64,-1.50,-1.38,-1.52,-1.62,-1.45,-1.30,-1.55,-1.66,-1.71,-1.56,-1.61,-1.50,-1.51,-1.74,-1.32,-0.99,-1.18,-1.35,-1.50,-1.46,-1.60,-1.52,-1.52,-1.79,-1.85,-1.72,-1.95,-2.16,-2.10,-2.32,-2.08,-2.00,-1.83,-1.91,-1.98,-2.03,-1.99,-1.89,-2.04,-2.18,-1.93,-1.70,-1.53,-1.71,-1.62,-1.62,-1.66,-1.46,-1.37,-1.47,-1.59,-1.61,-1.53,-1.53,-1.61,-1.43,-1.14,-1.16,-1.03,-0.91,-0.87,-0.98,-0.82,-0.92,-0.83,-0.78,-0.74,-0.66,-0.68
0.56,0.58,0.57,0.47,0.23,0.09,0.03,-0.08,-0.22,-0.32,-0.31,-0.31,-0.39,-0.31,-0.36,-0.49,-0.49,-0.49,-0.52,-0.43,-0.20,-0.10,-0.18,-0.21,-0.17,-0.51,-0.28,-0.29,-0.33,-0.02,0.08,0.05,0.36,0.63,0.52,0.56,0.84,0.67,0.73,0.14,-0.27,-0.34,-0.29,-0.29,-0.08,0.55,0.56,0.55,0.45,0.46,0.42,0.03,-0.44,-1.08,-1.18,-1.11,-1.18,-1.24,-1.37,-1.66,-1.80,-1.76,-1.86,-1.99,-2.10,-2.07,-2.22,-2.12,-2.13,-1.95,-1.93,-2.07,-2.26,-2.00,-1.79,-1.75,-1.86,-1.91,-1.99,-1.66,-1.76,-1.69,-1.64,-1.53,-1.51,-1.22,-1.30,-1.52,-1.59,-1.55,-1.50,-1.46,-1.45,-1.61,-1.53,-1.11,-0.99,-1.33,-1.65,-1.38,-1.56,-1.61,-1.53,-1.40,-1.65,-1.57,-1.17,-0.99,-1.26,-1.50,-1.50,-1.59,-1.47,-1.43,-1.71,-1.88,-1.81,-1.90,-2.16,-2.24,-2.19,-2.05,-2.07,-1.99,-2.02,-2.17,-2.22,-2.13,-2.09,-2.13,-2.21,-1.83,-1.95,-1.83,-2.00,-2.03,-1.89,-1.76,-1.52,-1.42,-1.45,-1.57,-1.69,-1.59,-1.55,-1.72,-1.52,-1.31,-1.13,-0.98,-0.92,-0.98,-1.08,-0.97,-1.04,-0.96,-0.86,-0.76,-0.53,-0.53
0.52,0.47,0.56,0.57,0.32,0.16,0.13,-0.03,-0.16,-0.27,-0.39,-0.27,-0.22,-0.32,-0.46,-0.59,-0.66,-0.39,-0.37,-0.36,-0.13,-0.10,-0.21,-0.20,-0.11,-0.48,-0.36,-0.47,-0.93,-0.72,-0.44,-0.31,0.04,0.35,0.31,0.23,0.03,0.29,0.11,-0.49,-0.63,-0.47,-0.33,-0.17,0.14,0.53,0.53,0.66,0.52,0.50,0.42,-0.06,-0.43,-1.03,-1.11,-1.28,-1.51,-1.60,-1.57,-1.62,-1.85,-1.93,-1.79,-1.84,-2.00,-2.03,-2.22,-2.14,-1.76,-2.02,-2.04,-2.18,-2.05,-1.97,-1.79,-1.62,-1.65,-1.53,-1.62,-1.84,-1.94,-1.70,-1.62,-1.71,-1.56,-1.31,-1.35,-1.67,-1.78,-1.70,-1.56,-1.36,-1.24,-1.41,-1.70,-1.56,-1.27,-1.41,-1.65,-1.46,-1.52,-1.75,-1.48,-1.30,-1.50,-1.46,-1.40,-1.33,-1.43,-1.37,-1.42,-1.48,-1.35,-1.37,-1.69,-1.93,-1.93,-1.88,-2.03,-2.09,-2.00,-2.14,-2.02,-1.91,-1.93,-2.14,-2.22,-2.00,-1.91,-2.04,-2.18,-2.07,-1.84,-1.97,-1.94,-1.85,-1.85,-1.91,-1.80,-1.67,-1.69,-1.66,-1.61,-1.57,-1.53,-1.50,-1.50,-1.47,-1.31,-1.03,-0.98,-1.17,-1.11,-0.89,-1.06,-1.07,-0.97,-0.94,-1.06,-0.74
0.57,0.52,0.52,0.49,0.32,0.21,0.14,0.09,0.10,0.03,-0.20,-0.15,-0.06,-0.33,-0.53,-0.62,-0.61,-0.43,-0.42,-0.43,-0.39,-0.31,-0.24,-0.24,-0.33,-0.38,-0.53,-0.86,-1.48,-1.30,-1.09,-0.86,-0.38,-0.13,-0.16,-0.56,-0.93,-0.57,-0.73,-0.76,-0.42,-0.43,-0.53,-0.23,0.25,0.42,0.51,0.72,0.61,0.63,0.36,0.15,-0.39,-0.91,-1.02,-1.30,-1.48,-1.79,-1.75,-1.71,-1.86,-1.78,-1.67,-1.79,-1.90,-2.08,-2.19,-2.05,-1.86,-1.56,-1.89,-1.70,-1.86,-1.79,-1.84,-1.47,-1.69,-1.38,-1.28,-1.41,-1.66,-1.67,-1.80,-1.86,-1.66,-1.47,-1.46,-1.76,-1.89,-1.93,-1.81,-1.48,-1.36,-1.42,-1.60,-1.64,-1.38,-1.41,-1.65,-1.30,-1.62,-1.78,-1.65,-1.61,-1.47,-1.51,-1.42,-1.27,-1.40,-1.41,-1.46,-1.46,-1.36,-1.43,-1.70,-1.86,-1.88,-1.99,-2.03,-1.86,-2.02,-2.33,-2.14,-1.86,-1.83,-1.99,-2.08,-1.94,-1.84,-1.97,-2.07,-2.00,-1.76,-1.95,-1.93,-1.88,-1.93,-1.83,-1.74,-1.72,-1.70,-1.74,-1.60,-1.50,-1.48,-1.37,-1.45,-1.47,-1.43,-1.24,-1.09,-1.24,-1.09,-0.81,-0.94,-1.07,-1.11,-1.14,-0.89,-0.93
0.35,0.44,0.51,0.49,0.35,0.34,0.24,0.20,0.25,0.11,-0.16,-0.17,-0.22,-0.39,-0.68,-0.76,-0.57,-0.48,-0.69,-0.86,-0.68,-0.53,-0.39,-0.29,-0.44,-0.52,-1.04,-1.33,-1.89,-1.65,-1.43,-1.17,-0.87,-0.86,-0.91,-1.22,-1.02,-0.98,-1.06,-0.97,-0.77,-0.61,-0.37,-0.01,0.29,0.41,0.63,0.72,0.71,0.58,0.51,0.39,-0.13,-0.58,-0.73,-0.98,-1.26,-1.62,-1.71,-1.72,-1.69,-1.56,-1.50,-1.64,-1.94,-1.94,-1.93,-1.85,-1.69,-1.36,-1.62,-1.38,-1.72,-1.81,-1.62,-1.46,-1.57,-1.43,-1.12,-1.11,-1.41,-1.67,-1.66,-1.66,-1.66,-1.51,-1.48,-1.83,-1.81,-1.66,-1.62,-1.46,-1.38,-1.40,-1.47,-1.53,-1.52,-1.60,-1.76,-1.46,-1.52,-1.51,-1.41,-1.62,-1.40,-1.53,-1.32,-1.07,-1.18,-1.36,-1.50,-1.46,-1.30,-1.35,-1.62,-1.70,-1.62,-2.00,-2.04,-1.99,-2.02,-2.18,-2.22,-2.07,-1.95,-1.97,-2.04,-1.98,-2.02,-2.07,-2.07,-1.98,-1.93,-1.81,-1.91,-2.07,-2.08,-2.04,-2.07,-1.75,-1.76,-1.84,-1.81,-1.71,-1.60,-1.43,-1.55,-1.57,-1.47,-1.32,-1.24,-1.19,-1.14,-1.03,-1.16,-1.24,-1.16,-0.97,-0.94,-1.28
0.28,0.35,0.36,0.34,0.39,0.55,0.46,0.31,0.28,0.08,-0.22,-0.08,-0.44,-0.47,-0.66,-0.83,-0.98,-1.14,-1.21,-1.50,-1.17,-0.94,-0.76,-0.73,-0.98,-1.33,-1.80,-1.88,-2.26,-1.89,-1.74,-1.60,-1.52,-1.62,-1.66,-1.57,-1.21,-0.86,-0.92,-0.38,-0.07,0.25,0.34,0.35,0.42,0.51,0.76,0.85,0.88,0.51,0.77,0.37,0.19,-0.10,-0.32,-0.71,-1.12,-1.40,-1.59,-1.55,-1.52,-1.52,-1.40,-1.56,-1.85,-1.80,-1.81,-1.76,-1.61,-1.48,-1.65,-1.56,-1.67,-1.50,-1.41,-1.60,-1.56,-1.47,-1.32,-1.26,-1.59,-1.80,-1.71,-1.78,-1.85,-1.75,-1.61,-1.74,-1.86,-1.80,-1.70,-1.50,-1.36,-1.51,-1.65,-1.56,-1.43,-1.48,-1.67,-1.60,-1.51,-1.52,-1.31,-1.59,-1.45,-1.43,-1.06,-0.99,-1.12,-1.26,-1.46,-1.51,-1.28,-1.23,-1.51,-1.62,-1.60,-1.91,-1.97,-2.07,-1.94,-2.02,-2.19,-2.16,-1.94,-1.88,-2.04,-1.95,-2.03,-2.00,-2.16,-2.03,-2.07,-2.04,-2.07,-2.13,-2.10,-2.00,-2.02,-1.78,-1.75,-1.75,-1.79,-1.80,-1.70,-1.59,-1.62,-1.76,-1.61,-1.33,-1.23,-1.31,-1.28,-1.09,-1.17,-1.22,-1.11,-1.22,-1.11,-1.35
-0.28,0.05,0.13,0.30,0.49,0.49,0.61,0.35,0.26,-0.02,-0.22,-0.07,-0.41,-0.48,-0.62,-1.14,-1.75,-1.94,-2.12,-2.17,-2.07,-1.93,-1.69,-1.62,-1.79,-2.07,-2.27,-2.32,-2.49,-2.23,-2.30,-2.42,-2.39,-2.21,-1.99,-1.89,-1.40,-0.68,-0.74,-0.44,-0.18,-0.03,0.09,0.30,0.46,0.58,0.77,0.89,0.89,0.49,0.50,0.08,0.03,-0.20,-0.52,-0.99,-1.26,-1.36,-1.52,-1.48,-1.51,-1.53,-1.38,-1.46,-1.64,-1.66,-1.70,-1.72,-1.62,-1.50,-1.67,-1.72,-1.72,-1.28,-1.55,-1.85,-1.48,-1.37,-1.33,-1.40,-1.53,-1.84,-1.94,-1.94,-1.83,-1.67,-1.57,-1.70,-1.71,-1.71,-1.62,-1.36,-1.36,-1.66,-1.88,-1.75,-1.51,-1.35,-1.61,-1.50,-1.56,-1.53,-1.33,-1.47,-1.40,-1.46,-1.06,-0.99,-1.11,-1.31,-1.46,-1.46,-1.33,-1.32,-1.48,-1.61,-1.79,-2.00,-1.83,-1.88,-1.91,-2.22,-2.19,-2.02,-1.97,-2.05,-2.13,-2.02,-2.02,-2.02,-1.95,-2.03,-2.07,-2.04,-2.03,-2.05,-2.07,-1.89,-1.79,-1.60,-1.64,-1.71,-1.70,-1.65,-1.69,-1.76,-1.64,-1.67,-1.67,-1.59,-1.43,-1.21,-1.61,-1.27,-1.24,-1.37,-1.17,-1.41,-1.04,-1.27
0.21,0.51,0.42,0.51,0.66,0.65,0.51,0.25,0.07,-0.15,-0.28,-0.32,-0.51,-0.73,-1.07,-1.75,-2.32,-2.58,-2.67,-2.70,-2.77,-2.59,-2.56,-2.64,-2.79,-2.96,-2.77,-2.44,-2.41,-2.58,-2.86,-3.10,-2.99,-2.56,-2.19,-1.97,-1.52,-1.11,-0.62,-0.69,-0.37,0.05,0.47,0.65,0.74,0.79,0.61,0.68,0.63,0.50,-0.01,-0.37,-0.36,-1.01,-1.19,-1.31,-1.22,-1.32,-1.46,-1.55,-1.55,-1.50,-1.41,-1.41,-1.61,-1.72,-1.71,-1.72,-1.61,-1.52,-1.65,-1.69,-1.75,-1.55,-1.62,-1.83,-1.61,-1.53,-1.60,-1.53,-1.62,-2.08,-2.05,-1.89,-1.80,-1.60,-1.61,-1.72,-1.69,-1.64,-1.62,-1.46,-1.42,-1.65,-1.86,-1.86,-1.70,-1.53,-1.70,-1.62,-1.59,-1.53,-1.31,-1.30,-1.22,-1.41,-1.22,-1.12,-1.13,-1.32,-1.50,-1.37,-1.23,-1.38,-1.60,-1.61,-1.65,-2.04,-1.79,-1.80,-1.97,-2.17,-2.05,-1.93,-1.98,-2.05,-2.09,-2.03,-1.78,-2.21,-2.08,-2.14,-2.12,-2.09,-2.13,-2.13,-2.10,-1.91,-1.65,-1.61,-1.56,-1.75,-1.85,-1.70,-1.78,-1.75,-1.78,-1.74,-1.61,-1.43,-1.32,-1.47,-1.50,-1.33,-1.35,-1.52,-1.36,-1.37,-1.13,-1.24
0.40,0.55,0.40,0.25,0.13,0.09,0.26,-0.18,-0.11,-0.23,-0.42,-0.63,-0.93,-1.16,-1.76,-2.19,-2.55,-2.78,-2.74,-2.88,-2.97,-2.86,-2.86,-2.82,-2.77,-2.74,-2.58,-2.76,-2.59,-2.73,-2.88,-3.05,-2.88,-2.54,-2.26,-1.88,-1.65,-1.70,-1.14,-0.93,-0.64,0.04,0.36,0.51,0.77,0.74,0.45,0.45,0.41,-0.12,-0.59,-0.97,-0.81,-1.03,-1.38,-1.56,-1.06,-1.31,-1.53,-1.52,-1.46,-1.43,-1.38,-1.41,-1.66,-1.83,-1.86,-1.83,-1.61,-1.69,-1.69,-1.70,-1.71,-1.71,-1.51,-1.64,-1.65,-1.75,-1.89,-1.62,-1.67,-2.00,-1.89,-1.72,-1.79,-1.67,-1.69,-1.83,-1.75,-1.65,-1.60,-1.46,-1.40,-1.51,-1.74,-1.79,-1.80,-1.72,-1.69,-1.71,-1.51,-1.59,-1.24,-1.08,-1.12,-1.18,-1.11,-1.13,-1.19,-1.27,-1.36,-1.46,-1.41,-1.32,-1.55,-1.71,-1.89,-1.95,-1.91,-1.79,-1.86,-1.97,-1.95,-1.84,-1.85,-1.99,-2.00,-2.18,-1.71,-2.23,-2.08,-2.21,-2.12,-2.03,-2.14,-2.19,-2.12,-2.04,-1.69,-1.79,-1.62,-1.71,-1.91,-1.71,-1.65,-1.80,-1.81,-1.72,-1.65,-1.60,-1.52,-1.48,-1.41,-1.28,-1.30,-1.43,-1.30,-1.38,-1.23,-1.31
0.20,0.21,-0.06,-0.12,-0.10,-0.08,-0.11,-0.18,-0.38,-0.28,-0.38,-0.74,-1.13,-1.45,-2.07,-2.30,-2.56,-2.70,-2.56,-2.76,-2.49,-2.49,-2.70,-2.63,-2.60,-2.74,-2.62,-2.32,-2.04,-2.45,-2.63,-2.78,-2.27,-1.90,-1.86,-1.72,-1.66,-1.67,-1.28,-0.74,-0.32,0.24,0.41,0.53,0.79,0.93,0.71,0.44,0.34,0.15,-0.49,-0.63,-1.13,-1.17,-1.21,-1.19,-1.09,-1.48,-1.75,-1.62,-1.43,-1.33,-1.28,-1.36,-1.53,-1.65,-1.81,-1.88,-1.62,-1.75,-1.72,-1.75,-1.69,-1.66,-1.55,-1.76,-1.62,-1.74,-1.98,-1.71,-1.60,-1.81,-1.75,-1.67,-1.76,-1.69,-1.65,-1.74,-1.72,-1.66,-1.59,-1.36,-1.21,-1.33,-1.57,-1.65,-1.66,-1.51,-1.67,-1.48,-1.31,-1.50,-1.21,-0.92,-1.14,-0.99,-0.81,-0.87,-1.03,-1.13,-1.26,-1.36,-1.36,-1.32,-1.38,-1.52,-1.71,-1.85,-1.89,-1.75,-1.80,-1.90,-1.89,-1.85,-1.94,-2.03,-2.05,-1.88,-1.83,-2.00,-2.16,-2.18,-2.04,-1.91,-2.03,-2.12,-2.03,-2.04,-1.85,-1.67,-1.67,-1.70,-1.67,-1.66,-1.55,-1.84,-1.94,-1.86,-1.76,-1.69,-1.51,-1.46,-1.36,-1.26,-1.26,-1.38,-1.22,-1.37,-1.31,-1.41
-0.38,-0.43,-0.88,-0.74,-0.71,-0.76,-0.54,-0.24,-0.79,-0.82,-0.74,-0.98,-1.55,-1.56,-1.91,-2.14,-2.37,-2.33,-2.10,-2.18,-1.78,-1.79,-1.99,-2.03,-2.14,-2.18,-1.84,-1.56,-1.85,-1.99,-2.04,-1.84,-1.66,-1.47,-1.38,-1.42,-1.43,-1.11,-0.57,-0.26,0.18,0.47,0.67,0.62,0.78,1.00,0.85,0.52,0.40,0.13,-0.33,-0.61,-1.07,-1.38,-1.12,-1.26,-1.36,-1.37,-1.56,-1.56,-1.27,-1.23,-1.36,-1.42,-1.57,-1.67,-1.67,-1.69,-1.62,-1.67,-1.74,-1.75,-1.66,-1.72,-1.76,-2.05,-1.89,-1.67,-1.90,-1.70,-1.59,-1.84,-1.76,-1.64,-1.64,-1.52,-1.43,-1.40,-1.52,-1.60,-1.47,-1.27,-0.98,-1.18,-1.41,-1.57,-1.37,-1.23,-1.69,-1.43,-1.26,-1.32,-1.12,-0.91,-1.11,-0.97,-0.84,-0.68,-0.73,-1.12,-1.37,-1.40,-1.33,-0.83,-1.32,-1.56,-1.60,-1.72,-1.84,-1.81,-1.89,-1.97,-1.93,-1.86,-1.90,-1.89,-2.00,-1.84,-1.80,-1.81,-2.12,-2.21,-1.99,-1.86,-1.94,-1.97,-1.97,-1.95,-2.00,-1.89,-1.79,-1.72,-1.65,-1.57,-1.56,-1.66,-1.70,-1.76,-1.79,-1.62,-1.32,-1.33,-1.35,-1.22,-1.16,-1.41,-1.30,-1.27,-1.37,-1.52
-1.31,-1.36,-1.69,-1.52,-1.50,-1.36,-1.11,-1.18,-1.30,-1.24,-1.28,-1.51,-1.61,-1.08,-1.66,-1.80,-1.85,-1.67,-1.45,-1.51,-1.21,-1.22,-1.22,-1.36,-1.80,-1.85,-1.36,-1.40,-1.52,-1.38,-1.61,-1.72,-1.56,-1.48,-1.32,-1.08,-1.11,-0.93,-0.16,0.11,0.40,0.61,0.83,0.74,0.89,1.07,0.95,0.72,0.52,0.31,-0.18,-0.69,-1.12,-1.38,-1.24,-1.30,-1.24,-1.50,-1.57,-1.33,-1.21,-1.37,-1.47,-1.50,-1.56,-1.65,-1.74,-1.66,-1.70,-1.65,-1.81,-1.72,-1.70,-1.60,-1.75,-1.86,-2.09,-1.69,-1.60,-1.55,-1.70,-1.86,-1.69,-1.50,-1.45,-1.33,-1.12,-1.13,-1.28,-1.35,-1.27,-1.11,-0.93,-1.02,-1.28,-1.38,-1.27,-1.38,-1.33,-1.33,-1.24,-1.40,-0.99,-0.81,-0.91,-0.96,-0.87,-0.78,-0.94,-1.26,-1.42,-1.43,-1.41,-0.99,-1.27,-1.41,-1.69,-1.71,-1.71,-1.67,-1.88,-1.97,-1.85,-1.83,-1.88,-1.75,-2.03,-2.05,-1.71,-1.76,-2.03,-2.18,-2.05,-1.81,-1.83,-1.85,-2.05,-2.09,-2.31,-1.99,-1.72,-1.75,-1.78,-1.89,-1.65,-1.60,-1.67,-1.72,-1.67,-1.55,-1.28,-1.24,-1.32,-1.24,-1.04,-1.33,-1.26,-1.23,-1.18,-1.27
-2.40,-2.28,-2.35,-2.35,-2.23,-2.05,-1.95,-2.12,-1.76,-1.75,-1.75,-1.69,-1.55,-1.42,-1.53,-1.42,-1.43,-1.23,-1.03,-1.16,-1.11,-1.11,-1.01,-1.16,-1.53,-1.52,-1.23,-1.33,-1.56,-1.16,-1.45,-1.48,-1.40,-1.31,-1.17,-1.06,-1.04,-0.88,-0.15,0.35,0.69,0.69,0.82,0.79,0.98,1.14,1.05,0.84,0.62,0.32,-0.43,-1.02,-1.41,-1.51,-1.36,-1.42,-1.50,-1.62,-1.66,-1.64,-1.42,-1.33,-1.60,-1.80,-1.74,-1.72,-1.62,-1.38,-1.45,-1.56,-1.75,-1.55,-1.70,-1.72,-1.64,-1.71,-1.64,-1.64,-1.37,-1.62,-1.80,-1.84,-1.72,-1.42,-1.32,-1.31,-1.24,-1.23,-1.27,-1.24,-1.23,-1.08,-0.96,-0.92,-1.12,-1.18,-1.14,-1.36,-1.16,-1.36,-1.35,-1.37,-0.78,-0.54,-0.91,-1.03,-0.97,-0.88,-0.97,-1.27,-1.40,-1.24,-1.16,-1.06,-1.45,-1.61,-1.66,-1.81,-1.70,-1.74,-1.81,-1.83,-1.76,-1.76,-1.88,-1.80,-2.09,-2.08,-1.75,-1.75,-1.99,-2.07,-1.97,-1.89,-1.89,-2.00,-1.84,-2.04,-2.09,-1.88,-1.55,-1.47,-1.65,-1.86,-1.74,-1.60,-1.65,-1.79,-1.71,-1.48,-1.43,-1.31,-1.33,-1.41,-1.36,-1.47,-1.45,-1.38,-1.41,-1.50
-3.06,-2.97,-3.12,-2.95,-2.83,-2.67,-2.60,-2.54,-2.45,-2.33,-2.09,-1.75,-1.37,-1.17,-1.12,-1.11,-1.12,-0.99,-0.92,-1.16,-1.47,-1.21,-1.31,-1.38,-1.42,-1.35,-1.31,-1.40,-1.42,-1.28,-1.50,-1.70,-1.56,-1.59,-1.33,-1.01,-0.86,-0.44,0.32,0.62,0.93,0.79,0.79,0.73,0.93,1.15,1.05,0.74,0.53,-0.01,-0.81,-1.53,-1.67,-1.56,-1.32,-1.35,-1.35,-1.37,-1.60,-1.46,-1.46,-1.46,-1.45,-1.53,-1.59,-1.60,-1.65,-1.65,-1.56,-1.60,-1.61,-1.81,-1.99,-1.57,-1.12,-1.36,-1.37,-1.35,-1.45,-1.45,-1.55,-1.66,-1.51,-1.36,-1.35,-1.28,-1.31,-1.37,-1.24,-1.12,-0.98,-0.81,-0.78,-0.73,-0.84,-0.82,-0.74,-1.18,-1.13,-1.28,-1.14,-1.12,-0.78,-0.48,-0.62,-0.77,-0.77,-0.82,-0.96,-1.19,-1.32,-1.12,-1.07,-0.97,-1.41,-1.57,-1.41,-1.78,-1.80,-1.69,-1.74,-1.83,-1.78,-1.69,-1.83,-1.88,-1.95,-1.93,-1.89,-1.85,-1.80,-1.91,-2.02,-1.86,-1.71,-1.95,-1.88,-1.97,-2.09,-1.95,-1.66,-1.55,-1.71,-1.70,-1.70,-1.70,-1.70,-1.76,-1.83,-1.45,-1.53,-1.46,-1.46,-1.55,-1.53,-1.60,-1.45,-1.52,-1.56,-1.51
-2.85,-2.82,-2.81,-3.06,-2.82,-2.69,-2.55,-2.36,-2.67,-2.17,-1.83,-1.57,-1.33,-1.17,-1.41,-1.30,-1.03,-1.02,-1.11,-1.13,-1.24,-1.17,-1.37,-1.47,-1.42,-1.36,-1.40,-1.43,-1.35,-1.31,-1.46,-1.62,-1.48,-1.38,-1.14,-1.01,-0.78,-0.10,0.69,0.89,0.77,0.87,0.85,0.89,0.95,1.14,0.99,0.58,0.19,-0.49,-1.01,-1.62,-1.70,-1.52,-1.43,-1.36,-1.33,-1.26,-1.32,-1.26,-1.26,-1.35,-1.47,-1.51,-1.47,-1.56,-1.60,-1.43,-1.42,-1.43,-1.40,-1.57,-1.36,-1.14,-1.19,-1.17,-1.22,-1.17,-1.01,-0.94,-1.16,-1.37,-1.26,-1.14,-1.22,-1.19,-1.16,-1.36,-1.35,-1.08,-1.16,-1.13,-0.98,-0.78,-0.66,-0.67,-0.66,-1.01,-1.08,-1.21,-1.09,-0.82,-0.79,-0.52,-0.33,-0.51,-0.77,-0.84,-0.88,-1.11,-1.32,-1.21,-1.08,-0.78,-1.24,-1.17,-1.13,-1.50,-1.67,-1.55,-1.59,-1.84,-1.79,-1.64,-1.83,-1.76,-1.80,-1.70,-1.83,-2.05,-2.17,-2.14,-2.03,-1.79,-1.59,-1.88,-1.79,-1.76,-1.89,-1.81,-1.52,-1.55,-1.72,-1.60,-1.62,-1.74,-1.80,-1.71,-1.56,-1.45,-1.57,-1.52,-1.38,-1.42,-1.69,-1.59,-1.47,-1.56,-1.64,-1.57
-2.78,-2.81,-2.73,-2.85,-2.58,-2.30,-1.98,-1.76,-1.81,-1.40,-1.26,-1.22,-1.17,-1.16,-1.32,-1.30,-1.16,-1.11,-1.04,-0.89,-0.69,-0.93,-1.14,-1.14,-1.30,-1.38,-1.46,-1.50,-1.41,-1.27,-1.46,-1.61,-1.35,-1.27,-1.13,-0.92,-0.49,0.20,0.76,0.85,0.73,1.01,0.80,0.90,0.92,0.98,0.88,0.47,-0.08,-0.61,-0.98,-1.35,-1.61,-1.55,-1.50,-1.26,-1.18,-1.14,-1.16,-1.16,-1.22,-1.24,-1.28,-1.41,-1.43,-1.41,-1.47,-1.32,-1.17,-1.31,-1.48,-1.36,-1.13,-0.98,-0.94,-1.12,-1.08,-1.03,-1.23,-1.16,-1.13,-1.33,-1.18,-1.22,-1.32,-1.09,-1.03,-1.16,-1.18,-1.30,-1.38,-1.06,-0.93,-0.53,-0.63,-0.71,-0.71,-0.47,-0.92,-1.07,-1.04,-1.08,-0.84,-0.66,-0.63,-0.63,-0.69,-0.79,-0.92,-1.14,-1.26,-1.12,-1.19,-0.82,-1.24,-1.08,-1.08,-1.30,-1.51,-1.56,-1.53,-1.62,-1.75,-1.55,-1.85,-1.85,-1.74,-1.72,-1.70,-1.84,-1.95,-1.98,-2.02,-1.81,-1.79,-1.91,-1.79,-1.62,-1.59,-1.57,-1.45,-1.51,-1.69,-1.55,-1.59,-1.64,-1.67,-1.71,-1.40,-1.36,-1.31,-1.24,-1.26,-1.46,-1.31,-1.75,-1.53,-1.43,-1.59,-1.60
-2.23,-2.19,-2.02,-2.23,-1.90,-1.45,-1.23,-1.22,-1.08,-0.87,-0.86,-0.89,-0.89,-0.89,-1.08,-1.21,-1.13,-1.17,-1.09,-0.98,-1.07,-1.13,-1.27,-1.31,-1.43,-1.47,-1.56,-1.60,-1.53,-1.33,-1.45,-1.60,-1.36,-1.32,-1.18,-0.91,-0.22,0.63,0.95,0.90,0.88,1.04,0.98,0.82,0.78,0.67,0.66,0.46,0.07,-0.24,-0.79,-1.19,-1.53,-1.53,-1.45,-1.12,-0.92,-0.96,-1.13,-1.19,-1.23,-1.16,-1.14,-1.27,-1.28,-1.27,-1.31,-1.23,-1.16,-1.08,-1.07,-0.77,-0.77,-0.59,-0.66,-0.89,-1.09,-1.06,-1.18,-1.18,-1.03,-1.07,-0.97,-1.09,-1.23,-1.13,-1.12,-1.21,-1.23,-1.24,-1.26,-1.02,-0.66,-0.28,-0.16,-0.38,-0.37,-0.15,-0.47,-0.62,-0.87,-1.01,-0.79,-0.63,-0.73,-0.74,-0.62,-0.62,-0.86,-1.13,-1.04,-0.83,-1.01,-0.97,-1.23,-1.21,-1.21,-1.38,-1.52,-1.64,-1.67,-1.64,-1.67,-1.42,-1.71,-1.55,-1.75,-1.74,-1.61,-1.51,-1.74,-2.07,-1.98,-1.79,-1.51,-1.76,-1.78,-1.67,-1.62,-1.56,-1.45,-1.48,-1.70,-1.57,-1.60,-1.62,-1.59,-1.71,-1.48,-1.37,-1.30,-1.31,-1.36,-1.33,-1.23,-1.47,-1.41,-1.32,-1.47,-1.62
-1.46,-1.41,-1.31,-1.43,-1.36,-0.96,-0.87,-0.87,-0.69,-0.58,-0.68,-0.76,-0.59,-0.59,-0.98,-1.17,-1.32,-1.36,-1.26,-1.17,-1.14,-1.14,-1.16,-1.14,-1.19,-1.55,-1.43,-1.36,-1.57,-1.38,-1.46,-1.60,-1.35,-1.30,-1.14,-0.88,-0.16,0.83,1.25,0.92,0.98,1.27,1.31,1.07,0.98,0.68,0.62,0.55,0.23,-0.07,-0.47,-1.02,-1.36,-1.30,-1.33,-1.03,-0.73,-0.82,-1.08,-1.16,-1.13,-1.04,-0.99,-0.98,-1.11,-1.26,-1.23,-1.19,-1.14,-0.88,-0.72,-0.44,-0.17,-0.51,-0.37,-0.66,-0.89,-0.94,-0.89,-0.96,-0.97,-0.89,-0.76,-0.74,-0.89,-1.02,-1.07,-1.01,-0.88,-1.02,-1.14,-0.76,-0.33,-0.03,-0.03,0.11,0.05,0.03,-0.28,-0.28,-0.51,-0.92,-0.84,-0.56,-0.66,-0.77,-0.63,-0.58,-0.81,-1.09,-1.02,-0.69,-0.82,-0.98,-1.02,-1.16,-1.28,-1.48,-1.56,-1.59,-1.67,-1.70,-1.57,-1.56,-1.72,-1.60,-1.69,-1.69,-1.67,-1.66,-1.72,-1.93,-1.79,-1.65,-1.51,-1.69,-1.81,-1.81,-1.81,-1.72,-1.41,-1.50,-1.59,-1.65,-1.72,-1.69,-1.55,-1.86,-1.42,-1.24,-1.31,-1.41,-1.41,-1.17,-1.19,-1.26,-1.30,-1.32,-1.42,-1.55
-0.97,-0.96,-0.86,-0.97,-1.08,-0.76,-0.61,-0.58,-0.66,-0.78,-0.51,-0.41,-0.32,-0.54,-1.01,-1.22,-1.50,-1.37,-1.28,-1.16,-0.99,-1.09,-1.23,-1.46,-1.67,-1.78,-1.48,-1.26,-1.31,-1.53,-1.70,-1.76,-1.13,-1.21,-1.03,-0.76,-0.08,0.84,1.32,1.03,1.00,1.42,1.38,1.34,1.28,1.10,0.79,0.49,0.25,0.03,-0.27,-0.67,-0.88,-0.96,-1.09,-0.77,-0.62,-0.83,-0.99,-0.94,-0.96,-0.94,-0.82,-0.82,-0.99,-1.14,-1.18,-1.12,-0.94,-0.63,-0.53,-0.31,-0.22,-0.48,-0.32,-0.64,-0.77,-0.79,-0.81,-0.92,-1.01,-0.89,-0.71,-0.58,-0.66,-0.77,-0.82,-0.79,-0.77,-0.89,-1.11,-0.78,-0.24,0.10,-0.12,0.34,0.28,0.05,-0.20,-0.27,-0.22,-0.62,-0.79,-0.58,-0.59,-0.77,-0.71,-0.69,-0.91,-1.13,-1.26,-0.91,-1.04,-0.88,-0.96,-1.07,-1.13,-1.33,-1.52,-1.46,-1.46,-1.75,-1.91,-1.64,-1.55,-1.61,-1.76,-1.74,-1.64,-1.64,-1.74,-1.90,-1.67,-1.55,-1.56,-1.64,-1.79,-1.84,-1.79,-1.75,-1.40,-1.64,-1.56,-1.69,-1.71,-1.64,-1.66,-1.88,-1.40,-1.36,-1.41,-1.41,-1.36,-1.22,-1.27,-1.33,-1.37,-1.36,-1.35,-1.30
-0.99,-0.84,-0.64,-0.82,-0.79,-0.53,-0.46,-0.37,-0.23,-0.23,-0.27,-0.23,-0.12,-0.37,-0.84,-1.08,-1.28,-1.21,-1.24,-1.12,-0.93,-1.01,-1.17,-1.41,-1.53,-1.52,-1.45,-1.32,-1.24,-1.26,-1.24,-1.53,-1.17,-1.31,-0.98,-0.51,0.15,0.89,1.28,1.17,1.18,1.46,1.43,1.53,1.57,1.31,1.07,0.90,0.72,0.47,0.11,-0.23,-0.63,-0.34,-0.68,-0.89,-0.76,-0.81,-0.94,-0.79,-0.77,-0.78,-0.79,-0.79,-0.79,-0.88,-0.97,-0.88,-0.56,-0.31,-0.42,-0.34,-0.57,-0.47,-0.42,-0.74,-0.77,-0.67,-0.71,-0.76,-0.91,-0.76,-0.66,-0.54,-0.54,-0.57,-0.49,-0.58,-0.81,-0.89,-0.98,-0.66,-0.13,0.23,0.09,0.30,0.21,0.00,-0.07,-0.20,-0.02,-0.26,-0.51,-0.53,-0.58,-0.72,-0.77,-0.72,-0.97,-1.19,-1.30,-0.99,-0.89,-0.82,-0.99,-1.09,-1.17,-1.21,-1.37,-1.55,-1.60,-1.91,-2.07,-1.66,-1.61,-1.56,-1.78,-1.75,-1.55,-1.47,-1.61,-1.89,-1.78,-1.62,-1.41,-1.38,-1.48,-1.60,-1.74,-1.88,-1.35,-1.36,-1.37,-1.60,-1.67,-1.51,-1.61,-1.71,-1.45,-1.45,-1.50,-1.37,-1.26,-1.31,-1.42,-1.45,-1.36,-1.28,-1.09,-1.31
-0.96,-0.66,-0.54,-0.72,-0.49,-0.24,-0.34,-0.23,-0.05,-0.05,-0.26,-0.15,-0.07,-0.41,-0.81,-0.99,-1.16,-1.17,-1.30,-1.26,-1.11,-1.12,-1.27,-1.43,-1.42,-1.50,-1.67,-1.60,-1.41,-1.27,-1.21,-1.45,-1.30,-1.14,-0.92,-0.41,0.35,1.01,1.27,1.29,1.34,1.38,1.46,1.57,1.66,1.32,1.17,0.94,0.77,0.65,0.41,0.08,-0.47,-0.49,-0.76,-0.56,-0.71,-0.67,-0.93,-0.96,-0.76,-0.79,-0.82,-0.59,-0.58,-0.69,-0.69,-0.62,-0.26,-0.07,-0.36,-0.47,-0.64,-0.47,-0.47,-0.62,-0.73,-0.67,-0.53,-0.56,-0.69,-0.58,-0.64,-0.49,-0.43,-0.48,-0.39,-0.44,-0.64,-0.82,-0.74,-0.36,0.08,0.25,0.39,0.42,0.14,0.05,0.05,0.13,0.24,0.03,-0.16,-0.26,-0.46,-0.61,-0.66,-0.74,-0.91,-1.07,-1.32,-1.36,-1.18,-0.88,-0.99,-1.31,-1.32,-1.14,-1.27,-1.64,-1.57,-1.70,-1.99,-1.67,-1.66,-1.62,-1.74,-1.70,-1.48,-1.42,-1.53,-1.79,-1.83,-1.70,-1.52,-1.52,-1.50,-1.46,-1.65,-1.66,-1.47,-1.40,-1.50,-1.57,-1.64,-1.64,-1.55,-1.61,-1.47,-1.43,-1.43,-1.31,-1.24,-1.03,-0.99,-1.21,-1.46,-1.42,-1.26,-1.35
-0.69,-0.67,-0.63,-0.57,-0.41,-0.01,-0.22,-0.16,0.02,0.03,-0.11,-0.11,-0.08,-0.32,-0.61,-0.86,-1.32,-1.06,-1.45,-1.40,-1.30,-1.38,-1.41,-1.36,-1.42,-1.61,-1.75,-1.59,-1.26,-1.14,-1.41,-1.48,-1.01,-1.06,-0.73,-0.52,0.32,1.00,1.26,1.29,1.28,1.27,1.44,1.46,1.39,1.26,1.22,1.01,0.88,0.83,0.68,0.40,0.07,-0.08,-0.28,-0.47,-0.72,-0.64,-0.61,-0.59,-0.56,-0.61,-0.56,-0.72,-0.79,-0.68,-0.61,-0.49,-0.29,-0.16,-0.44,-0.58,-0.57,-0.33,-0.42,-0.32,-0.53,-0.66,-0.46,-0.43,-0.52,-0.53,-0.54,-0.41,-0.29,-0.36,-0.48,-0.44,-0.46,-0.67,-0.54,-0.26,0.20,0.10,0.32,0.69,0.25,0.28,0.11,0.21,0.47,0.39,0.30,0.10,-0.32,-0.58,-0.68,-0.74,-0.64,-0.96,-1.16,-1.22,-1.03,-1.02,-1.09,-1.18,-1.28,-1.23,-1.14,-1.35,-1.42,-1.48,-1.86,-1.76,-1.65,-1.66,-1.69,-1.59,-1.50,-1.55,-1.59,-1.89,-1.59,-1.64,-1.46,-1.41,-1.56,-1.66,-1.62,-1.71,-1.46,-1.32,-1.47,-1.57,-1.59,-1.71,-1.64,-1.69,-1.46,-1.36,-1.36,-1.11,-1.22,-1.11,-1.02,-1.17,-1.46,-1.43,-1.18,-1.50
-0.33,-0.34,-0.41,-0.43,-0.32,0.13,-0.20,-0.06,0.15,0.20,-0.03,-0.08,-0.05,-0.23,-0.54,-0.92,-1.17,-1.14,-1.24,-1.13,-1.21,-1.26,-1.13,-1.19,-1.47,-1.55,-1.72,-1.42,-1.03,-1.06,-1.42,-1.45,-1.03,-1.02,-0.67,-0.29,0.47,1.27,1.46,1.25,1.27,1.27,1.36,1.18,1.05,1.03,1.15,0.99,0.76,0.60,0.35,0.09,-0.02,-0.24,-0.41,-0.37,-0.64,-0.52,-0.62,-0.73,-0.64,-0.51,-0.44,-0.57,-0.58,-0.57,-0.56,-0.43,-0.36,-0.43,-0.58,-0.69,-0.29,-0.12,-0.31,-0.36,-0.48,-0.42,-0.33,-0.13,-0.36,-0.49,-0.32,-0.29,-0.22,-0.22,-0.43,-0.51,-0.61,-0.68,-0.54,-0.36,0.15,0.14,0.29,0.37,0.19,0.19,-0.01,0.23,0.57,0.52,0.47,0.37,-0.08,-0.44,-0.49,-0.56,-0.78,-0.94,-1.18,-1.01,-1.12,-0.97,-1.11,-1.16,-1.14,-1.22,-1.19,-1.27,-1.45,-1.31,-1.65,-1.70,-1.65,-1.62,-1.66,-1.48,-1.30,-1.64,-1.65,-1.78,-1.55,-1.66,-1.59,-1.55,-1.59,-1.50,-1.53,-1.57,-1.42,-1.37,-1.45,-1.59,-1.59,-1.62,-1.67,-1.69,-1.50,-1.36,-1.42,-1.16,-1.37,-1.23,-1.17,-1.27,-1.46,-1.41,-1.37,-1.50
-0.24,-0.26,-0.28,-0.20,-0.08,-0.07,-0.23,0.05,0.39,0.45,0.13,0.10,0.18,-0.01,-0.36,-0.76,-1.11,-0.97,-1.32,-1.17,-1.02,-1.04,-1.19,-1.43,-1.47,-1.37,-1.66,-1.30,-0.99,-1.13,-1.42,-1.30,-1.01,-1.23,-0.83,-0.48,0.56,1.31,1.40,1.11,0.92,1.17,1.15,0.96,0.99,0.68,0.83,0.60,0.31,0.10,-0.22,-0.38,-0.29,-0.56,-0.59,-0.51,-0.52,-0.74,-0.67,-0.59,-0.32,-0.33,-0.38,-0.46,-0.52,-0.47,-0.41,-0.49,-0.59,-0.54,-0.51,-0.52,-0.42,-0.21,-0.34,-0.36,-0.51,-0.39,-0.43,-0.24,-0.28,-0.61,-0.52,-0.47,-0.57,-0.48,-0.43,-0.68,-0.78,-0.62,-0.77,-0.47,-0.01,0.34,0.10,0.04,0.23,0.02,0.09,0.30,0.63,0.65,0.51,0.31,-0.05,-0.18,-0.29,-0.43,-0.57,-1.08,-1.11,-0.92,-1.03,-0.88,-1.13,-1.16,-1.07,-1.19,-1.23,-1.36,-1.59,-1.18,-1.43,-1.48,-1.64,-1.70,-1.78,-1.70,-1.31,-1.37,-1.78,-1.94,-1.93,-1.79,-1.66,-1.65,-1.67,-1.50,-1.48,-1.42,-1.48,-1.41,-1.47,-1.57,-1.59,-1.70,-1.45,-1.38,-1.32,-1.28,-1.46,-1.36,-1.26,-1.22,-1.22,-1.28,-1.40,-1.30,-1.45,-1.42
-0.10,-0.24,-0.31,-0.16,0.05,0.16,0.20,0.18,0.68,0.85,0.50,0.39,0.50,0.18,-0.23,-0.71,-0.99,-0.83,-1.09,-0.97,-0.99,-1.04,-1.12,-1.33,-1.48,-1.57,-1.51,-1.26,-1.04,-1.16,-1.38,-1.24,-0.91,-0.96,-0.64,-0.46,0.31,1.20,1.36,0.94,0.89,1.23,0.94,0.84,0.65,0.55,0.37,0.05,-0.15,-0.32,-0.56,-0.59,-0.49,-0.63,-0.71,-0.67,-0.41,-0.83,-0.62,-0.51,-0.39,-0.42,-0.32,-0.29,-0.57,-0.73,-0.67,-0.62,-0.51,-0.38,-0.51,-0.69,-0.48,-0.47,-0.47,-0.44,-0.77,-0.69,-0.76,-0.66,-0.52,-0.62,-0.66,-0.68,-0.63,-0.59,-0.66,-0.68,-0.78,-0.73,-0.81,-0.31,-0.06,0.10,0.07,-0.22,-0.02,-0.16,-0.02,0.16,0.45,0.58,0.50,0.34,0.02,-0.11,-0.31,-0.42,-0.38,-0.84,-1.21,-1.14,-1.06,-0.89,-1.11,-1.14,-0.99,-1.16,-1.24,-1.27,-1.48,-1.26,-1.50,-1.56,-1.59,-1.55,-1.55,-1.67,-1.65,-1.43,-1.46,-1.67,-1.65,-1.55,-1.47,-1.55,-1.67,-1.52,-1.50,-1.33,-1.48,-1.37,-1.33,-1.59,-1.61,-1.70,-1.59,-1.56,-1.51,-1.40,-1.57,-1.21,-1.32,-1.27,-1.17,-1.19,-1.26,-1.11,-1.28,-1.30
