-14.21,-15.02,-15.18,-15.14,-15.00,-15.05,-14.78,-14.37,-14.19,-14.09,-14.01,-13.88,-13.88,-13.98,-13.80,-13.27,-13.03,-13.24,-13.33,-13.36,-13.55,-13.57,-14.06,-14.06,-14.34,-14.75,-15.09,-15.44,-16.02,-16.41,-16.64,-16.12,-15.55,-15.69,-15.95,-15.98,-16.07,-16.64,-17.43,-18.38,-19.05,-19.21,-19.00,-18.97,-19.10,-19.08,-18.84,-18.75,-18.62,-18.67,-20.07,-22.50,-25.64,-26.14,-26.16,-25.24,-23.31,-21.58,-19.61,-17.34,-16.10,-16.36,-16.90,-17.65,-18.83,-20.28,-20.33,-20.49,-18.87,-17.76,-15.79,-14.00,-13.15,-12.81,-12.46,-11.79,-11.04,-9.99,-8.22,-6.15,-4.18,-2.97,-2.38,-1.88,-1.96,-1.79,-1.77,-2.47,-3.14,-4.13,-5.77,-7.16,-8.05,-8.48,-9.04,-9.67,-9.98,-10.17,-10.36,-10.39,-10.22,-10.08,-10.00,-9.95,-10.00,-9.77,-9.89,-10.03,-10.06,-10.15,-10.29,-10.19,-10.00,-10.10,-9.84,-10.06,-10.12,-10.33,-10.52,-10.56,-10.63,-10.86,-11.16,-11.35,-11.37,-11.43,-11.68,-11.88,-12.51,-12.97,-13.55,-14.37,-15.40,-16.58,-17.00,-17.25,-17.79,-18.35,-18.92,-20.23,-22.53,-25.24,-28.55,-30.49,-31.86,-32.79,-33.16,-32.94,-32.35,-32.85,-32.87,-31.96,-30.24,-27.58,-23.60,-21.16,-19.53,-18.76,-18.19,-16.62
-13.68,-14.63,-14.88,-15.00,-14.87,-14.93,-14.75,-14.25,-13.98,-14.24,-14.21,-14.30,-14.18,-13.79,-13.43,-12.90,-12.75,-13.06,-13.59,-13.94,-14.07,-14.12,-14.84,-14.85,-15.06,-15.38,-15.67,-16.13,-16.62,-16.83,-16.92,-17.14,-16.45,-16.39,-16.69,-16.84,-16.98,-17.34,-17.67,-18.59,-19.07,-19.24,-19.26,-19.63,-19.95,-20.07,-19.87,-19.16,-18.83,-18.76,-21.11,-25.43,-28.31,-29.67,-28.39,-26.23,-23.47,-21.15,-19.15,-17.22,-16.25,-16.32,-16.89,-17.87,-18.70,-20.16,-20.31,-19.53,-18.14,-16.95,-15.29,-13.76,-13.00,-12.42,-11.68,-10.73,-9.64,-7.86,-5.48,-3.86,-2.88,-2.36,-2.10,-1.90,-1.85,-1.77,-1.59,-1.74,-2.33,-2.84,-3.76,-5.23,-6.86,-7.86,-8.84,-9.67,-9.96,-10.17,-10.30,-10.37,-10.10,-9.92,-9.95,-9.95,-9.96,-9.79,-9.75,-9.99,-10.02,-10.10,-10.20,-9.99,-9.86,-10.06,-9.89,-10.27,-10.16,-10.05,-10.44,-10.33,-10.39,-10.89,-11.27,-11.32,-11.43,-11.50,-11.89,-11.82,-12.59,-13.24,-13.94,-14.82,-15.89,-17.06,-17.70,-18.13,-18.62,-18.68,-19.10,-20.38,-22.42,-24.73,-26.93,-28.44,-29.98,-30.93,-30.93,-30.13,-29.54,-29.69,-29.13,-28.52,-27.14,-24.17,-21.26,-19.07,-18.05,-17.54,-16.75,-15.49
-13.48,-14.21,-14.63,-14.84,-14.75,-14.87,-14.85,-14.40,-13.77,-14.09,-13.79,-13.61,-13.65,-13.64,-13.37,-12.89,-12.78,-13.06,-13.61,-14.24,-14.45,-14.72,-15.49,-15.66,-15.60,-15.90,-16.49,-16.92,-17.84,-17.09,-17.78,-17.73,-17.73,-18.17,-18.54,-18.83,-19.11,-18.47,-18.25,-18.95,-19.34,-19.39,-19.66,-20.38,-20.79,-20.80,-20.47,-19.26,-19.03,-18.83,-22.08,-26.17,-28.57,-29.86,-28.00,-25.55,-23.30,-20.70,-18.40,-17.07,-16.36,-16.05,-16.25,-16.62,-18.14,-19.23,-18.60,-18.43,-17.22,-16.07,-14.48,-13.71,-12.92,-11.98,-10.86,-9.44,-7.52,-5.31,-3.56,-2.52,-2.06,-1.81,-1.81,-1.68,-1.49,-1.79,-1.85,-1.72,-1.68,-1.99,-2.02,-3.01,-4.66,-6.47,-8.09,-9.16,-9.68,-9.92,-10.15,-9.99,-10.13,-9.82,-9.62,-9.93,-9.74,-9.82,-9.78,-10.02,-9.88,-9.98,-10.13,-9.92,-9.78,-9.99,-10.16,-10.36,-10.32,-10.09,-10.49,-10.33,-10.63,-11.07,-11.20,-11.26,-11.49,-11.56,-11.94,-12.11,-12.80,-13.52,-14.19,-15.06,-16.21,-17.29,-17.73,-18.09,-18.62,-18.73,-19.26,-20.23,-21.63,-23.43,-25.10,-26.60,-28.00,-28.70,-28.46,-27.69,-26.96,-26.64,-26.53,-25.73,-24.24,-22.57,-20.52,-18.14,-16.92,-16.21,-15.50,-14.69
-13.51,-13.86,-14.54,-14.82,-14.72,-14.79,-15.02,-14.82,-14.04,-13.86,-13.88,-13.82,-13.74,-13.68,-13.48,-12.99,-13.02,-13.31,-13.64,-13.82,-14.27,-14.76,-15.58,-16.21,-16.52,-16.83,-17.40,-17.78,-18.28,-18.02,-18.35,-18.59,-18.97,-19.82,-20.75,-21.31,-21.70,-20.25,-19.39,-19.35,-19.42,-19.39,-19.81,-20.72,-21.10,-20.79,-20.41,-18.92,-18.92,-19.02,-20.87,-22.65,-25.45,-25.08,-23.52,-22.21,-20.64,-18.76,-17.48,-16.97,-16.62,-16.05,-16.35,-16.70,-17.73,-18.81,-17.79,-17.72,-16.45,-15.26,-14.31,-13.30,-12.39,-11.26,-9.58,-7.31,-5.00,-3.37,-2.46,-1.95,-1.77,-1.97,-1.77,-1.72,-1.67,-1.78,-1.60,-1.48,-1.72,-1.82,-1.48,-1.63,-2.55,-3.96,-5.58,-7.54,-9.39,-10.40,-10.59,-10.17,-10.17,-10.08,-9.89,-9.75,-9.93,-9.75,-9.79,-9.84,-9.75,-9.89,-10.12,-9.95,-9.71,-9.84,-10.05,-10.05,-10.12,-10.12,-10.32,-10.33,-10.37,-10.79,-11.10,-11.27,-11.50,-11.47,-11.88,-12.34,-13.14,-13.76,-14.39,-15.20,-16.19,-16.90,-17.00,-17.50,-18.00,-18.21,-18.38,-18.87,-19.77,-21.08,-22.89,-24.41,-25.62,-26.10,-26.00,-25.54,-25.01,-24.50,-24.73,-23.79,-22.53,-21.20,-19.45,-17.23,-15.79,-15.34,-15.00,-14.39
-13.61,-13.97,-14.57,-15.09,-15.37,-15.38,-15.25,-14.90,-14.48,-14.09,-13.88,-13.85,-13.88,-13.91,-13.76,-13.25,-13.22,-13.58,-13.88,-13.83,-13.74,-14.37,-15.29,-16.15,-16.98,-17.91,-18.67,-18.83,-18.95,-18.91,-18.86,-19.40,-19.60,-20.39,-22.08,-23.25,-23.52,-22.05,-20.41,-19.81,-19.18,-19.31,-19.63,-20.28,-20.85,-20.87,-20.70,-19.56,-19.50,-18.40,-18.76,-19.76,-20.57,-20.23,-19.50,-18.67,-18.05,-17.61,-17.17,-16.87,-16.70,-16.42,-16.98,-17.42,-18.33,-18.91,-18.17,-17.42,-15.90,-14.85,-13.98,-12.81,-11.66,-10.08,-7.68,-5.04,-3.17,-2.32,-1.99,-1.77,-1.65,-1.72,-1.71,-1.77,-1.67,-1.63,-1.45,-1.40,-1.45,-1.58,-1.62,-1.50,-1.77,-2.47,-3.65,-5.68,-8.19,-9.92,-10.43,-10.29,-10.00,-10.06,-9.88,-9.81,-9.62,-9.68,-9.55,-9.65,-9.75,-9.82,-10.00,-9.95,-9.71,-9.68,-9.82,-9.92,-10.02,-9.96,-10.26,-10.54,-10.64,-10.77,-11.03,-11.33,-11.45,-11.55,-12.01,-12.36,-13.11,-13.76,-14.52,-15.17,-15.79,-16.18,-16.27,-16.79,-16.90,-17.11,-17.14,-17.26,-17.97,-19.23,-20.75,-22.25,-23.47,-23.97,-23.93,-23.74,-23.55,-22.96,-23.26,-22.25,-21.07,-19.89,-18.27,-16.04,-15.23,-15.08,-14.78,-14.31
-13.42,-14.72,-15.25,-15.52,-15.79,-15.95,-15.81,-15.64,-14.94,-14.37,-14.10,-14.01,-13.97,-14.00,-14.04,-13.65,-13.43,-13.59,-13.98,-13.83,-13.55,-14.19,-14.70,-15.32,-16.25,-17.42,-18.57,-19.03,-19.31,-19.24,-19.15,-19.71,-19.92,-20.44,-22.38,-23.98,-24.22,-22.92,-20.83,-20.18,-19.47,-19.58,-19.85,-20.34,-20.83,-20.39,-20.15,-19.43,-18.60,-17.67,-17.40,-17.23,-17.45,-17.32,-17.01,-16.61,-16.79,-17.03,-16.83,-16.97,-16.83,-16.62,-17.39,-18.11,-18.95,-19.40,-18.79,-17.56,-15.75,-14.76,-13.61,-12.11,-10.26,-7.79,-5.29,-3.23,-2.04,-1.82,-1.74,-1.67,-1.54,-1.50,-1.49,-1.57,-1.32,-1.30,-1.32,-1.41,-1.39,-1.51,-1.55,-1.22,-1.26,-1.68,-2.28,-3.82,-6.15,-8.04,-9.29,-10.06,-9.86,-9.53,-9.65,-9.74,-9.74,-9.64,-9.77,-9.84,-9.85,-9.91,-9.99,-9.95,-9.86,-9.75,-9.84,-10.02,-9.98,-9.74,-10.30,-10.43,-10.59,-10.67,-10.90,-11.36,-11.76,-12.00,-12.43,-12.40,-13.06,-13.71,-14.37,-14.90,-15.46,-15.79,-15.82,-16.19,-15.96,-15.98,-16.05,-16.02,-16.47,-17.57,-19.00,-20.11,-21.60,-22.67,-22.91,-22.48,-21.81,-21.45,-21.78,-20.54,-19.31,-18.16,-16.83,-14.88,-14.49,-14.54,-14.51,-14.37
-13.48,-14.45,-15.38,-15.79,-16.16,-16.47,-16.30,-15.82,-15.09,-14.45,-14.19,-14.21,-13.95,-13.86,-14.04,-13.76,-13.52,-13.74,-14.16,-14.22,-14.12,-14.30,-14.51,-14.85,-15.61,-16.73,-17.92,-18.94,-19.39,-19.35,-19.45,-19.94,-20.26,-20.75,-22.40,-24.05,-24.33,-23.13,-21.30,-20.05,-19.21,-19.39,-19.35,-19.00,-19.29,-19.31,-18.95,-18.54,-17.11,-16.38,-16.19,-15.61,-15.52,-15.66,-15.55,-15.49,-16.07,-16.72,-16.78,-16.95,-16.72,-16.76,-17.11,-17.91,-19.23,-19.73,-18.73,-17.32,-15.55,-14.48,-13.00,-10.57,-7.72,-5.03,-3.25,-2.14,-1.60,-1.64,-1.53,-1.49,-1.46,-1.36,-1.22,-1.12,-0.92,-0.80,-1.24,-1.39,-1.44,-1.45,-1.45,-1.17,-1.16,-1.25,-1.40,-2.30,-3.79,-5.32,-7.03,-8.77,-9.61,-9.68,-9.95,-9.82,-9.78,-9.54,-9.84,-9.88,-9.62,-9.88,-10.03,-10.00,-9.86,-9.86,-9.98,-9.92,-9.89,-9.78,-10.30,-10.33,-10.60,-10.76,-11.04,-11.47,-11.85,-12.17,-12.53,-12.89,-13.28,-14.04,-14.64,-14.90,-15.28,-15.35,-15.29,-15.72,-15.52,-15.15,-15.40,-15.17,-15.40,-16.33,-17.53,-18.81,-20.23,-21.11,-21.35,-21.00,-20.47,-20.28,-19.89,-18.81,-17.47,-16.42,-15.47,-14.13,-14.04,-14.30,-14.31,-14.28
-13.48,-14.21,-15.20,-15.89,-16.30,-16.62,-16.59,-15.76,-15.00,-14.42,-14.13,-14.10,-13.57,-13.86,-14.00,-13.91,-13.80,-13.89,-14.18,-14.30,-14.43,-14.58,-14.67,-14.79,-15.37,-16.56,-17.50,-18.76,-19.35,-19.35,-19.69,-20.23,-20.44,-20.80,-22.47,-24.29,-24.45,-23.86,-22.30,-20.82,-20.08,-19.79,-19.39,-18.76,-18.46,-18.30,-17.81,-17.64,-16.59,-15.21,-15.38,-15.20,-14.96,-15.00,-15.02,-15.08,-15.58,-16.32,-16.83,-16.86,-16.52,-16.86,-16.72,-17.03,-18.79,-19.08,-18.03,-16.61,-15.11,-13.59,-11.26,-7.89,-4.79,-3.08,-2.20,-1.72,-1.71,-1.72,-1.38,-1.29,-1.38,-1.16,-1.01,-0.64,-0.54,-0.18,-1.03,-1.27,-1.34,-1.36,-1.46,-1.34,-1.34,-1.24,-1.16,-1.55,-2.24,-3.22,-4.84,-6.74,-8.42,-9.29,-9.54,-9.58,-9.69,-9.29,-10.09,-9.75,-9.68,-9.79,-9.93,-10.00,-10.00,-9.93,-9.86,-9.88,-9.91,-10.10,-10.27,-10.69,-10.91,-11.09,-11.35,-11.60,-11.97,-12.39,-12.78,-13.14,-13.48,-14.22,-14.60,-14.99,-15.61,-15.72,-15.37,-15.17,-15.12,-14.75,-15.11,-14.61,-14.91,-15.84,-17.07,-18.35,-19.77,-20.33,-20.29,-19.40,-18.62,-18.75,-18.49,-17.34,-16.18,-15.34,-14.57,-13.85,-14.03,-14.54,-14.66,-14.91
-13.08,-13.73,-14.91,-15.89,-16.33,-16.45,-16.33,-15.60,-14.94,-14.45,-14.16,-14.10,-13.89,-14.15,-14.10,-14.01,-13.89,-13.73,-14.06,-14.12,-14.54,-14.81,-14.85,-14.93,-15.37,-16.44,-17.23,-18.38,-19.31,-19.31,-19.53,-19.89,-19.87,-20.25,-21.78,-24.05,-23.55,-23.97,-23.19,-22.40,-21.78,-21.21,-20.46,-19.55,-18.75,-18.11,-17.01,-16.56,-15.90,-14.75,-14.99,-15.11,-15.11,-15.08,-15.00,-15.09,-15.47,-16.07,-16.59,-16.55,-16.38,-16.41,-16.39,-16.30,-17.43,-17.51,-17.06,-16.02,-14.40,-11.75,-7.98,-4.70,-2.82,-2.25,-1.95,-1.60,-1.62,-1.68,-1.36,-1.26,-1.25,-1.01,-0.85,-0.11,-0.04,0.35,-0.51,-0.96,-1.11,-1.31,-1.45,-1.38,-1.53,-1.41,-1.29,-1.41,-1.64,-2.15,-3.05,-4.39,-6.15,-7.58,-8.41,-9.11,-9.36,-9.16,-9.75,-9.34,-9.36,-9.55,-9.74,-9.88,-9.89,-9.93,-9.98,-10.02,-10.13,-10.29,-10.52,-11.09,-10.97,-11.39,-11.56,-11.85,-12.21,-12.58,-13.05,-13.34,-13.58,-14.18,-14.37,-14.90,-15.50,-15.64,-15.26,-14.84,-14.67,-14.42,-14.73,-14.60,-15.12,-16.42,-17.79,-18.86,-19.69,-19.74,-19.18,-18.19,-17.37,-16.76,-16.10,-15.46,-14.85,-14.45,-14.22,-14.10,-14.37,-15.38,-15.84,-16.53
-13.08,-13.52,-14.57,-15.50,-15.93,-15.92,-15.63,-14.94,-14.70,-14.49,-13.98,-13.79,-13.51,-14.09,-14.24,-14.04,-13.88,-13.91,-14.19,-14.07,-14.40,-14.79,-14.88,-14.91,-15.34,-15.90,-16.55,-17.73,-19.05,-19.64,-19.97,-20.23,-20.33,-21.00,-21.66,-23.91,-24.35,-24.96,-24.85,-24.73,-24.78,-24.09,-22.62,-21.13,-19.66,-18.49,-16.92,-16.02,-15.47,-14.73,-14.96,-15.15,-15.35,-15.32,-15.08,-15.20,-15.72,-16.05,-16.18,-15.66,-15.84,-15.05,-15.37,-15.40,-15.81,-16.50,-15.75,-14.73,-12.16,-8.05,-4.71,-2.70,-1.88,-1.86,-1.85,-1.64,-1.41,-1.31,-1.60,-1.63,-1.14,-0.78,-0.72,0.17,0.29,0.54,-0.03,-0.51,-1.11,-1.19,-1.44,-1.35,-1.65,-1.36,-1.36,-1.49,-1.60,-1.69,-1.93,-2.77,-3.95,-5.39,-6.89,-8.26,-8.52,-8.84,-9.30,-9.34,-9.36,-9.68,-9.75,-9.88,-10.00,-10.05,-10.03,-9.98,-10.06,-10.33,-10.74,-10.84,-10.77,-11.42,-11.79,-12.18,-12.46,-12.75,-13.05,-13.27,-13.51,-13.94,-14.30,-15.00,-15.60,-15.53,-15.11,-14.66,-14.27,-14.39,-14.61,-15.31,-16.56,-18.11,-19.45,-20.02,-19.73,-18.89,-17.98,-17.18,-16.39,-15.63,-14.96,-14.42,-14.70,-14.85,-14.72,-14.73,-15.61,-17.11,-17.94,-18.87
-13.11,-13.49,-14.15,-14.69,-14.67,-14.66,-14.82,-14.34,-13.94,-13.68,-13.39,-13.22,-13.00,-13.55,-13.67,-13.46,-13.40,-13.73,-14.03,-13.83,-14.00,-14.57,-14.91,-14.82,-15.00,-15.58,-15.93,-17.20,-18.65,-19.58,-19.95,-20.28,-20.79,-21.38,-22.01,-24.31,-25.03,-25.94,-27.29,-28.09,-28.26,-27.23,-24.92,-22.65,-20.36,-18.83,-17.15,-16.19,-15.67,-14.75,-15.03,-15.41,-15.55,-15.38,-15.20,-15.35,-15.61,-15.52,-15.28,-14.46,-14.63,-13.77,-14.24,-14.19,-14.60,-15.02,-13.37,-11.78,-8.09,-4.91,-2.78,-1.88,-1.86,-2.01,-1.69,-1.49,-1.67,-1.49,-1.50,-1.35,-1.16,-1.00,-0.78,-0.66,0.38,0.39,-0.42,-0.76,-1.03,-1.19,-1.57,-1.50,-1.53,-1.32,-1.29,-1.49,-1.64,-1.55,-1.69,-2.10,-2.47,-3.43,-4.99,-6.55,-7.42,-8.24,-8.80,-9.27,-9.39,-9.58,-9.78,-9.95,-10.00,-9.92,-9.85,-9.98,-10.23,-10.19,-10.76,-10.94,-10.89,-11.52,-12.13,-12.16,-12.56,-12.94,-12.92,-13.00,-13.24,-13.52,-14.37,-14.97,-15.38,-15.26,-14.91,-14.58,-14.25,-14.15,-15.78,-17.62,-19.60,-21.38,-21.90,-21.20,-20.02,-18.02,-16.90,-16.19,-15.49,-14.93,-14.70,-14.25,-14.67,-15.11,-15.56,-16.50,-18.27,-20.23,-20.69,-21.35
-12.80,-13.17,-13.62,-13.89,-13.68,-14.40,-14.24,-13.80,-13.36,-13.11,-12.87,-13.09,-12.71,-12.97,-13.21,-12.99,-12.77,-13.08,-13.28,-13.12,-13.34,-14.15,-14.97,-15.25,-15.03,-15.03,-14.91,-16.33,-17.76,-18.59,-19.27,-20.18,-20.80,-21.50,-22.36,-24.71,-25.82,-26.60,-28.26,-29.73,-29.96,-28.59,-25.80,-22.96,-20.21,-18.44,-17.00,-16.32,-15.69,-14.64,-14.85,-15.21,-15.50,-15.52,-15.14,-14.72,-14.33,-14.34,-13.89,-13.28,-13.12,-13.02,-12.90,-13.17,-13.24,-12.13,-9.96,-7.07,-4.42,-2.93,-1.96,-1.72,-1.71,-1.77,-1.60,-1.36,-1.55,-1.58,-1.58,-1.35,-1.24,-1.15,-1.20,-1.00,-0.11,-0.11,-0.67,-1.14,-1.26,-1.38,-1.53,-1.35,-1.63,-1.39,-1.19,-1.32,-1.49,-1.59,-1.51,-1.32,-1.41,-1.90,-3.04,-4.30,-5.91,-7.18,-8.15,-9.05,-9.33,-9.47,-9.79,-9.99,-9.92,-9.81,-9.93,-10.19,-10.29,-10.36,-10.71,-10.83,-11.22,-11.35,-12.00,-12.13,-12.70,-13.12,-13.00,-12.77,-12.87,-13.18,-14.07,-14.54,-15.02,-14.94,-14.57,-14.28,-14.18,-14.52,-16.84,-20.38,-23.54,-25.06,-24.66,-22.94,-20.62,-17.91,-16.21,-15.46,-14.82,-14.66,-14.85,-14.39,-14.84,-15.85,-16.97,-18.49,-20.75,-23.30,-24.22,-25.32
-12.49,-12.80,-12.90,-12.53,-12.83,-12.81,-13.08,-12.87,-12.51,-12.34,-12.40,-12.64,-12.34,-12.51,-12.77,-12.72,-12.43,-12.45,-12.68,-12.61,-12.80,-13.48,-14.24,-14.61,-14.45,-14.57,-14.79,-15.49,-16.38,-17.14,-17.86,-18.84,-20.07,-20.69,-22.30,-24.52,-26.25,-27.25,-27.96,-28.61,-28.52,-27.00,-24.31,-21.50,-19.03,-17.04,-16.08,-15.93,-15.35,-15.06,-14.87,-14.94,-14.87,-14.34,-13.74,-13.45,-13.31,-13.24,-13.03,-12.13,-12.05,-12.11,-12.62,-11.97,-10.83,-8.84,-6.42,-4.33,-2.66,-2.30,-1.86,-1.67,-1.73,-1.68,-1.63,-1.54,-1.49,-1.54,-1.64,-1.43,-1.17,-1.32,-1.48,-1.43,-0.64,-0.63,-0.81,-1.01,-1.34,-1.34,-1.60,-1.62,-1.44,-1.27,-1.22,-1.32,-1.48,-1.55,-1.35,-1.17,-1.35,-1.60,-2.34,-2.86,-3.75,-5.56,-7.34,-8.59,-9.04,-9.37,-9.75,-9.91,-9.89,-9.93,-10.10,-10.25,-10.29,-10.34,-10.62,-10.86,-11.47,-11.63,-11.95,-12.40,-12.78,-12.93,-12.55,-12.11,-12.46,-12.99,-13.21,-13.77,-14.51,-14.42,-14.00,-13.77,-14.03,-15.21,-18.14,-22.36,-25.39,-26.93,-25.92,-23.43,-20.62,-18.00,-16.35,-15.41,-14.81,-14.90,-15.15,-14.97,-15.96,-17.32,-18.51,-20.38,-23.01,-25.20,-26.41,-27.27
-12.64,-12.58,-12.46,-12.40,-12.39,-12.52,-12.71,-12.55,-12.16,-12.00,-12.18,-12.17,-12.05,-12.24,-12.39,-12.20,-12.32,-12.11,-12.39,-12.24,-12.26,-12.83,-13.42,-13.57,-13.65,-14.15,-14.28,-14.73,-15.40,-16.01,-16.72,-17.97,-19.21,-19.64,-21.85,-23.83,-26.05,-27.60,-27.65,-26.64,-25.27,-23.45,-21.13,-18.76,-16.59,-14.94,-14.69,-15.63,-15.20,-14.21,-13.64,-13.45,-13.20,-12.83,-12.71,-12.67,-12.27,-12.27,-12.11,-11.33,-11.56,-11.35,-10.71,-9.89,-7.90,-5.76,-3.76,-2.65,-2.23,-2.02,-1.62,-1.59,-1.63,-1.51,-1.45,-1.48,-1.60,-1.58,-1.57,-1.40,-1.19,-1.14,-1.29,-1.30,-0.76,-0.68,-0.98,-1.19,-1.25,-1.35,-1.46,-1.64,-1.60,-1.45,-1.31,-1.36,-1.39,-1.39,-1.19,-1.21,-1.51,-1.38,-1.40,-1.76,-2.29,-3.73,-5.89,-7.11,-8.33,-8.92,-9.50,-9.68,-9.78,-9.99,-10.10,-10.15,-10.16,-10.30,-10.77,-11.06,-11.45,-11.86,-12.07,-11.98,-12.00,-12.08,-11.88,-11.82,-12.18,-12.23,-12.61,-13.05,-13.59,-13.59,-13.33,-13.30,-13.98,-15.75,-18.55,-22.08,-25.41,-26.19,-24.41,-22.03,-19.76,-17.25,-15.90,-15.41,-15.31,-15.50,-15.79,-16.24,-17.59,-18.73,-19.76,-21.60,-24.03,-26.19,-27.36,-27.98
-12.72,-12.55,-12.29,-12.17,-12.30,-12.18,-12.27,-12.26,-12.02,-11.85,-12.02,-11.89,-11.98,-12.29,-12.48,-12.13,-12.02,-12.11,-12.52,-12.43,-12.48,-13.00,-12.92,-13.17,-13.08,-13.83,-14.09,-14.13,-14.45,-15.18,-16.08,-17.17,-18.46,-18.78,-20.85,-22.74,-25.57,-27.42,-27.07,-24.85,-21.93,-19.45,-17.59,-15.60,-14.22,-13.80,-13.30,-13.33,-13.12,-12.62,-12.34,-12.24,-12.10,-11.82,-11.60,-11.63,-11.33,-11.39,-11.33,-10.64,-10.46,-10.05,-9.08,-6.94,-4.81,-3.37,-2.07,-1.69,-1.93,-1.79,-1.38,-1.31,-1.32,-1.27,-1.30,-1.30,-1.40,-1.36,-1.31,-1.24,-1.10,-0.97,-1.08,-1.39,-0.92,-0.77,-1.35,-1.24,-1.26,-1.27,-1.53,-1.30,-1.41,-1.43,-1.31,-1.21,-1.24,-1.27,-1.02,-0.90,-1.16,-1.34,-1.27,-1.30,-1.67,-2.39,-3.71,-5.17,-6.81,-8.12,-8.83,-9.32,-9.48,-9.86,-10.03,-10.05,-10.13,-10.40,-10.84,-11.07,-11.43,-11.82,-11.69,-11.62,-11.72,-11.47,-11.14,-11.20,-11.50,-11.69,-11.98,-12.17,-12.90,-12.84,-12.62,-12.86,-13.85,-15.66,-18.21,-20.72,-23.26,-23.16,-21.05,-19.15,-17.61,-15.89,-14.85,-15.28,-15.78,-16.39,-16.95,-17.47,-18.59,-19.58,-20.52,-22.05,-24.00,-25.66,-26.48,-27.25
-13.09,-12.70,-12.53,-12.26,-12.17,-12.04,-11.98,-11.95,-11.79,-11.55,-11.79,-11.65,-11.78,-12.07,-12.14,-12.04,-11.37,-11.92,-12.29,-12.24,-12.24,-12.72,-12.65,-12.77,-12.71,-13.28,-13.57,-13.76,-13.94,-14.37,-15.46,-16.28,-17.47,-18.02,-19.61,-21.41,-24.78,-26.76,-25.94,-23.25,-19.76,-17.01,-15.25,-13.86,-12.92,-12.29,-12.18,-12.36,-12.07,-11.72,-11.37,-11.09,-11.06,-11.07,-10.91,-10.86,-10.50,-10.23,-10.54,-9.84,-9.75,-8.23,-6.40,-4.20,-2.81,-2.11,-1.38,-1.39,-1.59,-1.53,-1.20,-1.02,-0.92,-0.96,-1.08,-1.05,-1.14,-1.24,-1.14,-1.08,-1.06,-1.16,-1.10,-1.19,-1.01,-0.93,-1.12,-1.01,-1.07,-1.29,-1.40,-1.29,-1.36,-1.30,-1.24,-1.30,-1.46,-1.50,-1.29,-1.19,-1.26,-1.20,-1.02,-0.96,-0.77,-1.16,-2.16,-2.86,-4.42,-6.44,-7.54,-8.56,-9.20,-9.77,-9.93,-10.03,-10.32,-10.57,-10.89,-11.16,-11.26,-11.47,-11.07,-11.00,-11.26,-11.14,-10.96,-11.09,-11.17,-11.04,-11.30,-11.36,-12.11,-12.27,-11.94,-12.26,-13.18,-14.84,-17.18,-18.63,-19.92,-19.71,-18.19,-17.00,-16.08,-15.46,-15.55,-16.35,-17.11,-18.05,-18.49,-18.70,-19.89,-20.44,-20.87,-22.05,-23.45,-24.54,-24.69,-25.54
-13.77,-13.27,-12.96,-12.56,-12.13,-11.92,-11.91,-11.85,-11.63,-11.43,-11.72,-11.69,-11.72,-11.88,-11.95,-11.72,-11.85,-12.04,-12.23,-12.34,-12.37,-12.39,-12.27,-12.45,-12.32,-12.65,-12.84,-13.17,-13.52,-13.76,-14.64,-15.64,-16.27,-17.31,-18.68,-20.46,-23.28,-25.03,-24.12,-21.45,-18.11,-15.21,-14.10,-13.15,-12.30,-11.68,-11.46,-11.50,-11.33,-10.91,-10.54,-10.33,-10.15,-10.09,-10.19,-10.06,-9.77,-9.67,-9.79,-9.22,-8.26,-5.84,-3.79,-2.56,-1.92,-1.74,-1.27,-1.35,-1.27,-1.27,-1.03,-0.77,-0.62,-0.68,-0.88,-0.81,-0.88,-1.07,-1.00,-0.93,-1.03,-1.25,-1.07,-0.87,-0.95,-1.00,-0.90,-0.98,-1.08,-1.17,-1.36,-1.16,-1.16,-1.01,-0.92,-1.15,-1.29,-1.24,-1.06,-1.02,-1.16,-1.05,-0.85,-1.12,-1.12,-0.96,-1.08,-1.53,-2.32,-4.20,-5.71,-7.33,-8.42,-9.39,-9.82,-10.16,-10.50,-10.67,-10.86,-11.17,-11.17,-11.24,-10.71,-10.70,-10.97,-10.91,-10.62,-10.62,-10.73,-10.60,-10.52,-10.67,-11.29,-11.60,-11.12,-11.55,-12.39,-13.64,-15.15,-16.04,-17.00,-17.20,-16.75,-16.36,-16.30,-16.69,-17.51,-18.46,-20.07,-20.82,-20.39,-19.97,-20.64,-20.72,-20.93,-21.53,-22.69,-23.52,-23.06,-23.48
-14.21,-13.70,-13.14,-12.87,-12.40,-11.89,-11.73,-11.88,-11.73,-12.00,-11.82,-11.75,-11.78,-11.89,-12.04,-11.81,-11.81,-12.13,-12.37,-12.46,-12.46,-12.37,-12.10,-12.30,-12.20,-12.42,-12.52,-12.67,-13.00,-13.46,-14.30,-14.78,-15.50,-16.33,-17.78,-19.56,-21.41,-22.40,-21.66,-19.31,-16.32,-14.61,-13.28,-12.26,-11.72,-11.19,-10.99,-10.99,-10.87,-10.40,-10.00,-9.79,-9.55,-9.62,-9.68,-9.40,-9.13,-8.90,-8.80,-7.94,-5.99,-3.74,-2.43,-1.91,-1.59,-1.51,-1.27,-1.21,-1.06,-1.08,-0.83,-0.52,-0.44,-0.51,-0.63,-0.53,-0.62,-0.81,-0.71,-0.64,-0.86,-1.00,-0.87,-0.77,-0.67,-0.75,-0.82,-0.95,-0.97,-0.87,-1.07,-0.95,-1.00,-0.81,-0.66,-0.97,-1.06,-0.98,-1.01,-1.03,-0.98,-0.83,-0.77,-0.90,-1.05,-1.10,-1.08,-1.00,-1.14,-2.02,-3.10,-5.45,-7.33,-8.90,-10.00,-10.43,-10.69,-10.77,-10.66,-10.94,-11.03,-11.03,-10.53,-10.49,-10.76,-10.60,-10.19,-10.23,-10.39,-10.30,-10.39,-10.46,-10.79,-11.00,-10.91,-11.46,-12.14,-12.74,-13.46,-14.39,-15.06,-16.07,-16.64,-17.50,-18.67,-19.68,-20.23,-21.46,-22.77,-23.01,-21.95,-20.75,-20.44,-20.42,-20.41,-20.70,-21.36,-21.90,-21.71,-21.58
-14.24,-13.61,-12.96,-12.97,-12.83,-12.29,-11.82,-11.68,-11.60,-11.45,-11.69,-11.85,-12.00,-12.11,-12.13,-12.30,-12.16,-12.18,-12.42,-12.56,-12.42,-12.49,-12.33,-12.26,-12.32,-12.49,-12.59,-12.77,-13.15,-13.37,-14.22,-14.58,-15.25,-16.59,-18.27,-19.87,-20.11,-19.79,-19.03,-16.72,-14.82,-13.67,-12.72,-12.29,-11.52,-11.07,-10.86,-10.87,-10.77,-10.20,-9.69,-9.62,-9.43,-9.48,-9.37,-9.13,-8.77,-8.01,-7.28,-5.65,-3.76,-2.24,-1.91,-1.68,-1.48,-1.34,-1.24,-1.07,-0.93,-0.92,-0.68,-0.37,-0.33,-0.34,-0.29,-0.26,-0.41,-0.49,-0.37,-0.27,-0.42,-0.64,-0.47,-0.52,-0.23,-0.26,-0.49,-0.47,-0.41,-0.43,-0.48,-0.47,-0.54,-0.53,-0.54,-0.86,-0.95,-0.91,-0.93,-0.95,-0.82,-0.78,-0.92,-0.92,-1.00,-1.05,-1.12,-1.14,-0.88,-0.96,-1.95,-3.65,-5.48,-7.78,-10.27,-11.00,-11.02,-10.86,-10.66,-10.71,-10.43,-10.47,-10.42,-10.12,-10.40,-10.22,-9.99,-10.12,-10.20,-10.12,-10.09,-10.10,-10.47,-10.81,-10.42,-10.64,-11.00,-11.50,-12.40,-13.54,-14.57,-16.10,-17.75,-19.85,-22.21,-23.81,-24.05,-24.52,-24.92,-24.17,-22.52,-21.07,-20.38,-20.05,-19.56,-19.48,-20.39,-20.87,-20.20,-19.77
-13.92,-13.37,-12.92,-12.77,-12.64,-12.39,-12.16,-12.02,-12.01,-12.02,-12.00,-12.08,-12.18,-12.24,-12.39,-12.67,-12.48,-12.30,-12.42,-12.64,-12.36,-12.37,-12.46,-12.33,-12.30,-12.42,-12.53,-12.81,-13.37,-13.33,-13.88,-14.28,-15.14,-16.42,-17.61,-17.68,-17.18,-16.86,-16.33,-14.69,-13.05,-12.52,-12.32,-11.88,-11.36,-10.91,-10.57,-10.56,-10.52,-10.00,-9.60,-9.62,-9.47,-9.32,-9.06,-8.87,-8.30,-6.92,-5.08,-3.28,-2.27,-1.40,-1.48,-1.41,-1.44,-1.38,-1.16,-0.97,-0.82,-0.75,-0.59,-0.33,-0.27,-0.28,-0.18,-0.22,-0.21,-0.19,-0.04,0.19,0.29,0.04,0.30,0.18,0.54,0.46,0.27,0.27,0.35,0.17,0.19,0.30,0.34,-0.14,-0.46,-0.69,-0.78,-0.76,-0.77,-0.80,-0.73,-0.75,-0.87,-1.01,-1.00,-0.97,-1.03,-1.12,-0.96,-0.87,-1.40,-2.06,-3.05,-4.99,-7.80,-9.77,-10.05,-9.96,-10.26,-10.20,-10.00,-9.86,-10.30,-9.85,-10.03,-9.95,-9.98,-10.06,-10.06,-10.00,-10.05,-10.22,-10.37,-10.25,-10.06,-10.30,-10.87,-11.40,-12.00,-13.22,-15.28,-16.66,-19.39,-22.26,-25.62,-27.69,-27.73,-26.80,-25.89,-23.90,-22.03,-20.75,-20.08,-19.76,-19.18,-18.67,-19.27,-19.56,-18.92,-17.91
-13.39,-13.31,-13.05,-12.75,-12.64,-12.59,-12.39,-12.07,-11.94,-12.24,-12.51,-12.49,-12.40,-12.58,-12.72,-12.77,-12.72,-12.55,-12.51,-12.65,-12.37,-12.30,-12.33,-12.59,-12.70,-12.65,-12.64,-12.86,-13.30,-12.96,-13.59,-14.06,-14.78,-15.53,-15.99,-15.67,-14.97,-14.55,-14.01,-13.00,-12.33,-11.73,-12.04,-11.43,-11.13,-10.80,-10.47,-10.27,-10.08,-9.71,-9.44,-9.43,-9.15,-8.97,-8.69,-8.23,-6.98,-4.78,-2.87,-1.74,-1.63,-1.41,-1.29,-1.02,-1.22,-1.03,-0.90,-0.75,-0.64,-0.61,-0.33,-0.11,-0.17,-0.26,-0.26,-0.17,-0.19,-0.01,0.69,0.96,1.17,1.41,1.27,1.14,1.63,1.29,1.22,0.96,1.11,0.88,1.03,1.22,1.07,0.20,-0.38,-0.58,-0.69,-0.71,-0.69,-0.67,-0.61,-0.57,-0.64,-0.78,-0.90,-1.02,-1.02,-1.12,-0.96,-0.86,-0.98,-0.85,-1.55,-2.48,-4.71,-7.09,-8.12,-8.69,-9.13,-9.20,-9.43,-9.43,-9.85,-9.75,-9.93,-9.91,-9.95,-9.99,-9.96,-10.02,-10.22,-10.36,-10.19,-9.82,-9.98,-10.37,-10.86,-11.60,-12.39,-13.33,-15.08,-17.28,-21.02,-25.91,-28.46,-29.26,-28.96,-27.53,-25.36,-22.94,-21.43,-20.46,-19.95,-19.85,-19.16,-18.71,-18.75,-18.63,-17.94,-16.59
-13.40,-13.28,-13.22,-12.94,-12.61,-12.42,-12.36,-12.10,-12.13,-12.24,-12.64,-12.94,-12.96,-12.94,-13.24,-13.18,-13.17,-12.96,-12.72,-12.75,-12.58,-12.65,-12.81,-13.21,-13.65,-13.98,-13.98,-13.79,-13.34,-12.94,-13.65,-14.10,-14.43,-14.48,-14.16,-13.83,-13.51,-12.94,-12.16,-11.85,-11.73,-11.35,-11.58,-11.14,-10.87,-10.69,-10.52,-10.25,-9.86,-9.46,-9.12,-8.87,-8.66,-8.33,-8.05,-7.04,-4.72,-2.57,-1.90,-1.12,-1.36,-1.19,-1.06,-0.93,-0.95,-0.77,-0.77,-0.66,-0.39,-0.29,-0.16,0.08,0.02,-0.18,-0.12,-0.13,-0.06,0.02,0.71,1.85,2.17,2.14,2.30,1.84,1.99,1.79,1.80,1.82,1.82,1.68,2.09,2.11,1.30,0.35,-0.43,-0.47,-0.72,-0.78,-0.64,-0.49,-0.46,-0.56,-0.66,-0.64,-0.62,-0.76,-0.85,-1.01,-0.93,-1.03,-0.91,-1.02,-0.82,-1.01,-2.24,-3.84,-5.17,-6.57,-7.75,-8.33,-8.59,-8.72,-9.08,-9.54,-9.93,-10.00,-9.78,-9.98,-10.05,-10.10,-10.26,-10.22,-10.03,-9.88,-10.23,-10.67,-11.14,-12.20,-12.97,-13.82,-15.84,-18.46,-21.48,-25.48,-28.04,-28.85,-28.17,-26.44,-24.57,-22.53,-21.41,-20.64,-20.21,-19.95,-18.99,-18.55,-18.55,-17.94,-16.90,-16.18
-13.21,-13.08,-13.25,-12.97,-12.75,-12.59,-12.45,-12.45,-12.26,-12.34,-12.61,-13.00,-13.25,-12.93,-13.48,-13.79,-13.74,-13.54,-13.33,-13.20,-13.03,-13.34,-13.71,-15.05,-15.55,-15.44,-15.28,-14.51,-13.71,-13.12,-13.77,-13.83,-13.74,-13.24,-12.86,-12.59,-12.32,-11.97,-11.45,-11.33,-11.24,-10.97,-11.16,-10.94,-10.66,-10.37,-10.29,-10.17,-9.82,-9.33,-8.85,-8.52,-8.48,-7.76,-6.44,-4.60,-2.30,-1.51,-1.26,-1.11,-0.97,-0.95,-0.85,-0.67,-0.86,-0.76,-0.63,-0.51,-0.41,-0.32,-0.16,0.01,0.04,-0.06,0.07,0.24,0.04,0.19,0.44,1.80,2.84,2.41,2.59,2.13,2.12,2.11,1.96,1.86,2.12,2.18,2.11,2.26,1.45,0.17,-0.38,-0.27,-0.57,-0.63,-0.46,-0.33,-0.39,-0.58,-0.72,-0.69,-0.49,-0.63,-0.68,-0.82,-0.69,-0.93,-1.00,-0.95,-0.66,-0.63,-1.35,-2.00,-2.81,-4.41,-5.73,-6.20,-6.90,-8.00,-8.83,-9.44,-10.09,-9.78,-9.74,-10.13,-10.17,-10.17,-10.22,-10.00,-9.93,-10.13,-10.49,-10.96,-11.43,-12.36,-13.34,-14.60,-16.33,-18.09,-20.69,-23.28,-25.45,-26.62,-26.19,-24.76,-24.57,-22.94,-22.28,-21.56,-20.85,-20.13,-19.10,-18.68,-18.70,-18.05,-17.12,-16.39
-12.92,-13.11,-13.05,-12.75,-12.51,-12.39,-12.26,-12.48,-12.26,-12.37,-12.64,-12.87,-13.03,-12.86,-13.25,-13.55,-13.65,-13.85,-14.15,-13.92,-13.82,-13.88,-14.48,-15.99,-16.62,-16.19,-15.66,-14.63,-13.94,-13.52,-13.33,-13.58,-13.55,-12.74,-12.01,-11.81,-11.69,-11.56,-11.30,-11.06,-10.97,-10.69,-10.80,-10.73,-10.37,-10.03,-10.03,-9.96,-9.53,-9.01,-8.69,-8.40,-7.91,-6.50,-4.18,-2.68,-1.67,-1.31,-1.24,-1.15,-0.87,-0.85,-1.00,-0.67,-0.57,-0.68,-0.80,-0.68,-0.47,-0.46,-0.29,0.02,-0.06,-0.19,-0.07,-0.03,-0.17,-0.22,-0.17,1.03,2.52,2.42,2.09,1.83,2.00,1.74,1.68,1.80,1.97,2.12,2.01,1.89,0.88,-0.09,-0.28,-0.29,-0.49,-0.57,-0.49,-0.36,-0.32,-0.43,-0.56,-0.62,-0.69,-0.82,-0.72,-0.73,-0.69,-0.66,-0.92,-0.68,-0.57,-0.38,-0.76,-1.07,-1.35,-2.25,-3.12,-3.79,-5.05,-6.73,-8.40,-8.76,-9.46,-9.57,-9.68,-10.20,-10.10,-10.13,-10.20,-9.99,-9.99,-10.50,-10.80,-11.35,-11.60,-12.37,-13.42,-14.69,-16.12,-17.42,-19.16,-21.26,-23.08,-24.12,-24.19,-23.98,-24.69,-24.48,-24.57,-23.55,-22.21,-20.97,-19.97,-19.45,-19.10,-18.46,-17.62,-16.79
-13.37,-13.21,-12.96,-12.87,-12.68,-12.34,-12.16,-12.21,-12.11,-12.30,-12.67,-12.92,-12.89,-13.05,-13.33,-13.51,-13.55,-13.73,-14.10,-13.91,-14.64,-14.67,-15.55,-16.84,-17.15,-16.33,-15.43,-14.52,-13.94,-13.70,-13.33,-13.51,-13.46,-12.62,-11.63,-11.24,-11.32,-11.26,-10.94,-10.77,-10.59,-10.46,-10.33,-10.40,-10.06,-9.74,-9.71,-9.58,-9.05,-8.51,-8.00,-7.24,-6.23,-4.14,-2.42,-1.86,-1.01,-1.10,-1.01,-1.00,-0.73,-0.52,-0.69,-0.49,-0.62,-0.71,-0.54,-0.41,-0.29,-0.09,-0.09,-0.14,-0.11,-0.03,0.30,0.09,-0.19,-0.14,0.28,1.06,2.24,2.45,2.30,1.95,2.14,1.85,1.91,2.17,2.03,2.13,2.01,1.95,1.02,0.04,-0.21,-0.19,-0.31,-0.58,-0.52,-0.39,-0.38,-0.49,-0.57,-0.57,-0.71,-0.72,-0.68,-0.69,-0.72,-0.63,-0.77,-0.78,-0.54,-0.47,-0.44,-0.64,-0.43,-1.02,-1.58,-1.99,-3.18,-4.79,-6.57,-7.63,-8.31,-9.16,-9.77,-10.09,-10.00,-9.99,-10.13,-10.22,-10.39,-11.06,-11.26,-11.81,-11.88,-12.53,-13.42,-14.43,-15.70,-17.17,-18.52,-20.23,-21.90,-22.70,-23.38,-24.50,-25.69,-27.33,-27.47,-26.46,-24.55,-22.52,-21.21,-20.26,-19.53,-18.43,-17.51,-16.79
-13.52,-13.21,-12.94,-13.03,-12.97,-12.49,-12.18,-12.13,-12.00,-12.29,-12.72,-12.94,-12.77,-13.06,-13.11,-13.42,-13.68,-13.91,-14.40,-14.91,-15.17,-16.19,-16.84,-17.22,-16.98,-15.90,-14.75,-13.91,-13.65,-13.51,-13.18,-13.02,-12.87,-12.05,-11.09,-10.79,-10.86,-10.81,-10.60,-10.49,-10.19,-9.99,-9.89,-9.86,-9.51,-9.30,-9.16,-8.97,-8.84,-8.33,-6.98,-5.57,-3.57,-2.10,-1.30,-1.54,-0.85,-0.85,-0.77,-0.52,-0.44,-0.42,-0.38,-0.18,-0.27,-0.43,-0.44,-0.36,-0.22,-0.16,-0.13,0.03,0.09,0.08,0.15,-0.01,-0.07,0.17,0.29,1.04,2.37,2.39,2.34,2.07,1.88,2.16,1.66,2.13,1.96,2.07,1.91,1.78,1.07,0.20,-0.13,-0.22,-0.24,-0.51,-0.39,-0.18,-0.29,-0.46,-0.51,-0.53,-0.53,-0.58,-0.56,-0.63,-0.53,-0.62,-0.75,-0.81,-0.43,-0.42,-0.34,-0.61,-0.23,-0.56,-0.80,-1.12,-2.13,-3.26,-4.64,-6.13,-7.97,-8.73,-9.11,-9.62,-9.96,-10.12,-10.32,-10.54,-10.80,-11.17,-11.52,-12.08,-12.00,-12.62,-13.27,-14.00,-15.18,-16.62,-17.84,-19.60,-21.26,-22.33,-23.60,-25.54,-27.89,-30.11,-30.36,-29.35,-26.87,-24.22,-22.33,-20.97,-19.77,-18.13,-17.12,-16.56
-13.95,-13.89,-13.54,-13.34,-13.18,-12.61,-12.23,-12.32,-12.16,-12.32,-12.71,-12.84,-12.46,-12.10,-11.91,-12.27,-12.93,-13.58,-14.07,-14.90,-16.15,-18.41,-19.53,-18.91,-17.25,-15.38,-13.85,-13.11,-13.02,-12.74,-12.52,-12.16,-11.95,-11.23,-10.36,-10.26,-10.42,-10.57,-10.34,-10.12,-9.60,-9.18,-9.01,-8.97,-8.74,-8.55,-8.59,-8.42,-7.91,-7.30,-5.35,-3.47,-2.22,-1.48,-0.80,-0.90,-0.69,-0.68,-0.46,-0.48,-0.27,-0.44,-0.47,-0.34,-0.37,-0.48,-0.41,-0.32,-0.33,-0.27,-0.13,0.09,0.15,0.07,0.14,-0.08,-0.04,0.07,-0.11,0.77,1.85,2.25,2.20,2.23,1.99,2.07,1.69,1.85,1.86,1.62,1.63,1.55,1.04,0.29,-0.19,-0.27,-0.24,-0.41,-0.42,-0.34,-0.38,-0.44,-0.58,-0.66,-0.63,-0.61,-0.53,-0.57,-0.42,-0.44,-0.75,-0.53,-0.34,-0.26,-0.38,-0.52,-0.37,-0.44,-0.41,-0.66,-1.26,-1.87,-2.79,-4.16,-5.85,-7.60,-8.33,-9.30,-9.82,-10.09,-10.50,-11.06,-11.42,-11.47,-11.94,-12.10,-11.47,-12.30,-12.83,-13.42,-14.48,-15.75,-16.95,-19.11,-21.05,-22.13,-23.86,-27.11,-31.26,-33.38,-32.79,-30.38,-28.09,-25.66,-22.92,-21.53,-19.87,-18.05,-17.07,-16.49
-15.18,-15.29,-14.93,-14.37,-13.86,-13.21,-12.70,-12.71,-12.53,-12.51,-12.71,-12.67,-11.45,-10.46,-10.52,-11.24,-12.37,-13.51,-14.00,-15.56,-17.92,-20.59,-21.61,-20.16,-17.22,-14.40,-12.71,-12.24,-12.07,-11.62,-11.46,-11.24,-11.04,-10.47,-9.67,-9.60,-9.68,-10.02,-9.71,-9.33,-8.81,-8.20,-8.07,-8.30,-8.15,-7.69,-7.38,-7.18,-6.67,-5.48,-2.97,-1.87,-1.17,-1.01,-0.77,-0.67,-0.34,-0.43,-0.42,-0.33,-0.23,-0.41,-0.28,-0.31,-0.28,-0.36,-0.37,-0.36,-0.47,-0.38,-0.16,0.12,0.28,0.18,0.08,-0.14,-0.02,-0.16,0.01,0.72,1.88,2.19,2.36,2.18,1.91,1.90,1.63,1.94,1.95,2.12,1.53,1.68,1.09,0.66,0.04,-0.09,-0.14,-0.16,-0.38,-0.42,-0.41,-0.37,-0.47,-0.53,-0.41,-0.44,-0.43,-0.51,-0.27,-0.39,-0.58,-0.33,-0.36,-0.28,-0.43,-0.34,-0.34,-0.23,-0.28,-0.46,-0.57,-0.82,-1.48,-2.28,-3.47,-5.92,-7.19,-8.36,-9.36,-9.47,-9.84,-10.74,-11.26,-11.20,-11.32,-11.59,-11.17,-11.89,-12.55,-12.97,-13.89,-15.17,-16.41,-18.81,-20.98,-22.47,-24.76,-28.50,-32.90,-35.21,-34.31,-31.22,-28.42,-25.73,-23.23,-21.36,-20.16,-18.22,-17.26,-16.81
-16.67,-16.72,-16.47,-15.84,-15.02,-14.21,-13.68,-13.54,-13.15,-12.99,-13.08,-12.16,-9.60,-7.97,-7.91,-9.27,-11.26,-12.93,-13.92,-16.18,-19.47,-21.41,-21.16,-18.84,-15.60,-12.92,-11.33,-10.97,-10.70,-10.30,-9.96,-9.91,-9.75,-9.01,-8.24,-8.27,-8.22,-8.05,-8.20,-7.72,-7.39,-6.44,-6.15,-5.99,-5.72,-5.57,-5.25,-4.64,-4.03,-2.79,-1.72,-1.10,-0.69,-0.49,-0.46,-0.86,-0.33,-0.36,-0.49,-0.57,-0.19,-0.26,-0.29,-0.31,-0.17,-0.34,-0.38,-0.31,-0.39,-0.23,0.02,0.15,0.27,0.10,-0.02,0.03,0.03,-0.08,0.09,0.96,2.19,2.28,2.12,1.78,1.75,1.69,1.60,1.68,1.79,2.07,1.90,2.35,1.72,0.84,0.20,-0.26,-0.04,-0.08,-0.27,-0.46,-0.57,-0.39,-0.28,-0.36,-0.42,-0.48,-0.49,-0.34,-0.17,-0.31,-0.47,-0.27,-0.17,-0.14,-0.32,-0.23,-0.19,-0.21,-0.37,-0.39,-0.27,-0.42,-0.83,-1.26,-2.18,-4.49,-6.09,-7.64,-8.48,-8.88,-9.65,-10.40,-10.86,-11.27,-11.42,-11.47,-10.80,-11.79,-12.01,-12.68,-13.80,-14.91,-16.12,-18.40,-20.26,-22.35,-24.71,-28.20,-32.33,-34.27,-32.94,-29.86,-27.56,-25.50,-23.42,-21.50,-20.10,-18.52,-17.95,-17.73
-17.64,-17.81,-17.59,-16.90,-15.84,-14.48,-13.77,-13.42,-13.03,-12.56,-11.92,-10.33,-7.19,-5.61,-5.42,-6.59,-8.69,-10.67,-12.34,-14.61,-17.18,-18.36,-17.26,-14.61,-11.92,-10.25,-8.92,-8.58,-8.38,-7.94,-7.54,-7.38,-7.07,-6.32,-5.68,-5.76,-5.88,-5.12,-4.81,-4.35,-3.96,-3.52,-3.57,-3.75,-3.45,-3.09,-2.96,-2.59,-2.19,-1.36,-1.14,-0.71,-0.77,-0.41,-0.27,-0.42,-0.33,-0.51,-0.52,-0.49,-0.12,-0.04,-0.21,-0.22,-0.09,-0.21,-0.21,-0.18,-0.26,-0.13,0.04,0.17,0.14,0.04,-0.03,0.04,0.07,-0.03,0.28,0.92,2.42,2.29,2.24,2.01,2.08,2.03,2.09,2.14,2.12,2.31,2.26,2.66,2.08,0.79,0.07,-0.09,-0.02,-0.29,-0.47,-0.27,-0.26,-0.27,-0.23,-0.38,-0.37,-0.19,-0.33,-0.34,-0.09,-0.29,-0.41,-0.06,-0.26,-0.21,-0.22,-0.09,-0.13,-0.28,-0.36,-0.34,-0.31,-0.39,-0.58,-0.77,-1.44,-2.92,-4.31,-6.39,-7.23,-8.24,-9.20,-10.08,-10.64,-10.99,-11.30,-10.80,-10.53,-11.39,-11.45,-12.18,-13.39,-14.42,-15.47,-17.37,-18.46,-20.52,-22.63,-25.82,-29.26,-30.59,-29.07,-26.91,-25.48,-24.00,-22.48,-21.31,-19.89,-18.63,-17.94,-17.64
-16.90,-16.87,-16.44,-15.32,-14.10,-12.89,-11.88,-11.69,-11.40,-10.59,-9.18,-6.85,-4.89,-3.88,-3.57,-4.04,-5.36,-7.22,-8.70,-10.34,-11.45,-11.76,-10.76,-8.76,-7.13,-6.24,-5.25,-5.09,-5.07,-4.43,-4.30,-4.12,-3.75,-3.58,-3.14,-3.04,-2.63,-3.04,-2.70,-2.72,-2.52,-2.41,-2.56,-2.59,-2.52,-2.37,-1.92,-1.51,-1.50,-0.72,-0.78,-0.76,-0.64,-0.43,-0.03,-0.26,-0.34,-0.33,-0.32,-0.43,-0.09,0.08,-0.02,-0.06,0.03,-0.08,-0.16,-0.02,-0.07,-0.11,0.12,0.24,0.14,0.15,0.18,0.18,0.17,-0.12,0.10,1.22,2.41,2.14,2.31,2.00,1.82,1.86,1.84,1.88,1.91,2.34,2.39,2.48,1.79,0.77,-0.11,-0.04,-0.04,-0.31,-0.27,-0.11,-0.09,-0.09,-0.21,-0.38,-0.36,-0.26,-0.23,-0.12,-0.02,-0.23,-0.33,0.06,-0.27,-0.12,-0.29,-0.19,-0.03,-0.07,-0.21,-0.29,-0.31,-0.28,-0.31,-0.36,-0.82,-1.39,-2.47,-4.08,-5.64,-7.24,-8.55,-9.36,-9.75,-10.19,-10.53,-10.15,-10.15,-10.63,-10.89,-11.37,-12.23,-13.30,-14.40,-15.53,-16.35,-17.79,-19.48,-21.85,-24.10,-24.97,-24.21,-23.25,-22.53,-21.83,-21.07,-20.21,-19.45,-18.08,-17.64,-17.42
-13.40,-13.34,-12.94,-11.86,-10.89,-9.89,-9.04,-8.59,-8.12,-7.26,-5.89,-4.35,-3.44,-2.86,-2.54,-2.50,-2.96,-4.24,-4.63,-5.53,-5.92,-5.65,-4.85,-3.83,-3.18,-2.90,-2.50,-2.68,-2.68,-2.61,-2.39,-2.46,-2.72,-2.52,-1.88,-2.09,-2.11,-2.33,-2.48,-2.42,-2.41,-2.27,-2.27,-2.15,-2.13,-2.04,-1.43,-1.31,-1.31,-0.72,-0.49,-0.52,-0.47,-0.41,-0.01,-0.17,-0.18,-0.24,-0.22,-0.12,0.04,0.10,0.10,0.10,0.14,0.13,0.04,0.04,0.03,0.07,0.18,0.28,0.08,0.09,0.25,0.34,0.24,-0.09,-0.04,1.23,2.05,2.01,2.17,1.96,1.82,2.07,1.89,1.92,1.88,2.06,2.07,1.95,1.56,0.75,-0.08,-0.09,-0.09,-0.32,-0.17,0.06,0.03,-0.01,-0.13,-0.22,-0.11,-0.04,0.01,0.09,0.03,-0.19,-0.23,-0.16,0.03,0.04,-0.16,-0.16,-0.04,-0.18,-0.19,-0.19,-0.17,-0.18,-0.22,-0.31,-0.48,-0.68,-1.10,-2.05,-3.58,-5.57,-7.22,-8.41,-9.29,-9.81,-9.88,-9.84,-9.58,-10.47,-10.59,-11.23,-12.04,-12.59,-13.05,-13.85,-15.02,-15.47,-16.25,-17.59,-18.81,-19.45,-19.84,-19.56,-18.95,-18.65,-18.46,-18.25,-17.98,-17.31,-16.75,-16.39
-7.94,-8.08,-8.01,-7.24,-6.88,-6.24,-5.80,-5.49,-5.04,-4.28,-3.37,-3.12,-2.48,-2.14,-1.93,-1.85,-2.01,-2.43,-2.20,-2.68,-2.92,-2.83,-2.50,-2.06,-2.00,-1.93,-1.64,-1.86,-1.74,-1.90,-2.01,-2.13,-2.29,-2.06,-1.97,-1.77,-1.86,-2.18,-2.22,-2.41,-2.52,-2.41,-2.29,-2.07,-1.64,-1.38,-1.30,-1.14,-0.83,-0.82,-0.37,-0.51,-0.36,-0.26,-0.04,-0.11,-0.01,-0.06,-0.06,0.13,0.09,0.07,0.12,0.18,0.17,0.14,0.09,0.04,0.02,0.02,0.08,0.12,0.04,0.08,0.07,0.20,0.28,0.04,-0.16,0.81,1.94,2.18,2.31,1.95,1.91,2.06,1.80,2.05,1.86,2.06,2.06,1.97,1.53,0.86,0.03,-0.17,-0.17,-0.36,-0.32,-0.06,0.06,-0.09,-0.12,-0.04,-0.02,-0.04,-0.02,0.08,-0.14,-0.17,-0.28,-0.26,-0.21,-0.28,-0.08,-0.16,0.01,-0.31,-0.31,-0.14,-0.21,-0.33,-0.42,-0.49,-0.54,-0.67,-0.51,-1.05,-1.88,-3.53,-5.28,-7.01,-8.15,-8.69,-9.18,-9.65,-9.71,-10.33,-10.32,-10.81,-11.66,-12.20,-12.42,-12.67,-12.99,-13.49,-14.24,-14.96,-15.37,-15.58,-16.32,-16.16,-15.69,-15.61,-15.81,-16.08,-16.24,-15.70,-15.50,-15.40
-4.76,-4.70,-4.67,-4.25,-4.34,-3.90,-3.61,-3.58,-3.39,-2.69,-1.90,-2.18,-1.97,-1.74,-1.60,-1.60,-1.73,-1.60,-1.50,-1.79,-1.92,-1.92,-1.92,-1.85,-1.86,-1.53,-1.63,-1.64,-1.86,-1.74,-1.78,-2.07,-2.16,-2.11,-1.86,-2.15,-2.25,-2.23,-1.99,-2.09,-2.07,-1.92,-1.85,-1.65,-1.20,-0.90,-0.87,-0.81,-0.64,-0.61,-0.26,-0.36,-0.13,-0.08,0.07,-0.02,0.09,-0.01,-0.01,0.06,-0.06,-0.06,0.03,0.13,0.18,0.17,0.04,-0.06,-0.03,-0.01,0.12,0.08,0.12,0.12,-0.01,0.03,0.24,0.06,-0.16,0.48,2.05,2.30,2.41,2.06,2.05,2.05,1.86,2.03,2.06,2.35,2.23,2.12,1.77,0.98,0.08,-0.17,-0.23,-0.23,-0.29,-0.13,-0.02,-0.02,-0.16,-0.19,-0.04,-0.09,-0.22,-0.08,0.04,-0.09,-0.08,-0.02,-0.08,-0.09,-0.31,-0.03,-0.12,-0.19,-0.23,-0.44,-0.44,-0.44,-0.49,-0.52,-0.81,-0.76,-0.62,-0.66,-1.15,-1.78,-3.15,-5.07,-6.63,-7.72,-8.55,-9.15,-8.95,-9.54,-9.55,-10.49,-11.20,-11.43,-11.35,-11.36,-12.34,-12.00,-12.58,-13.15,-13.14,-12.81,-13.25,-13.42,-13.64,-13.71,-13.79,-14.07,-14.52,-14.16,-14.45,-14.43
-3.09,-2.99,-3.13,-2.87,-2.84,-2.59,-2.42,-2.46,-2.45,-2.00,-1.24,-1.55,-1.82,-1.76,-1.62,-1.64,-1.58,-1.60,-1.22,-1.31,-1.48,-1.58,-1.63,-1.46,-1.87,-1.60,-1.74,-1.86,-1.95,-2.13,-2.10,-2.06,-2.22,-2.07,-1.85,-1.97,-2.00,-1.90,-2.18,-2.19,-2.00,-1.73,-1.53,-1.31,-0.98,-0.80,-0.72,-0.66,-0.62,-0.42,-0.27,-0.26,-0.04,-0.08,0.01,0.09,0.01,-0.07,-0.01,-0.07,-0.17,-0.12,-0.03,-0.04,0.02,0.12,0.01,-0.17,-0.09,0.01,0.12,0.04,0.12,0.23,-0.02,-0.11,0.10,0.01,-0.11,0.33,1.75,2.01,2.13,1.91,1.91,1.90,1.75,1.91,1.58,1.94,1.96,1.79,1.40,0.71,0.04,-0.12,-0.29,-0.24,-0.16,-0.01,0.14,0.14,-0.08,-0.18,-0.09,-0.06,-0.07,-0.12,-0.11,-0.06,0.02,-0.23,-0.22,-0.07,-0.19,0.07,-0.23,-0.41,-0.47,-0.49,-0.54,-0.58,-0.58,-0.69,-0.91,-0.81,-0.85,-0.69,-0.97,-1.03,-1.65,-2.93,-4.55,-5.99,-7.00,-8.09,-8.58,-8.88,-9.34,-9.91,-10.40,-10.73,-10.81,-10.80,-11.35,-11.26,-11.47,-11.95,-11.91,-11.62,-12.05,-12.27,-12.56,-12.34,-12.23,-12.56,-13.08,-13.05,-13.24,-13.03
-2.33,-2.36,-2.48,-2.47,-2.05,-1.83,-1.77,-1.72,-1.63,-1.51,-1.16,-1.32,-1.48,-1.55,-1.51,-1.41,-1.58,-1.26,-1.05,-1.14,-1.39,-1.51,-1.41,-1.44,-1.55,-1.49,-1.72,-1.65,-1.86,-2.01,-2.05,-2.04,-2.07,-2.34,-1.76,-2.00,-1.77,-1.82,-1.99,-2.02,-1.93,-1.63,-1.26,-1.05,-0.91,-0.71,-0.75,-0.76,-0.51,-0.38,-0.21,-0.31,-0.09,-0.11,-0.23,-0.03,-0.13,-0.14,-0.02,-0.07,-0.16,-0.04,-0.02,-0.03,-0.04,-0.03,-0.01,-0.08,-0.04,0.02,0.01,-0.01,0.01,0.17,-0.02,-0.11,0.02,0.02,-0.06,0.33,1.27,1.49,1.63,1.39,1.31,1.28,1.09,1.35,0.88,1.04,1.40,1.39,0.79,0.32,-0.11,-0.21,-0.23,-0.17,-0.09,-0.08,-0.02,0.01,-0.14,-0.23,-0.11,-0.02,-0.07,-0.12,-0.07,-0.23,-0.27,-0.19,-0.21,-0.02,-0.13,-0.01,-0.23,-0.34,-0.27,-0.43,-0.47,-0.39,-0.41,-0.62,-0.77,-0.53,-0.75,-0.78,-0.86,-0.90,-1.02,-1.49,-2.52,-3.69,-4.83,-6.21,-7.04,-8.19,-8.81,-9.33,-9.75,-10.09,-10.22,-10.25,-10.67,-10.80,-11.14,-11.47,-11.59,-11.50,-11.42,-11.76,-12.14,-11.78,-11.65,-11.88,-12.14,-11.76,-11.88,-11.85
-2.09,-2.18,-2.14,-1.99,-1.73,-1.40,-1.34,-1.38,-1.27,-1.15,-1.19,-1.03,-0.91,-1.00,-1.14,-1.21,-1.40,-1.02,-0.82,-0.78,-0.90,-0.93,-0.80,-0.93,-1.35,-1.45,-1.49,-1.76,-1.71,-1.79,-2.06,-2.09,-2.13,-2.15,-1.71,-1.78,-1.44,-1.86,-2.10,-1.96,-1.71,-1.46,-1.24,-1.03,-0.95,-0.76,-0.56,-0.57,-0.43,-0.28,-0.06,-0.24,-0.18,-0.18,-0.22,-0.11,-0.13,-0.19,-0.13,-0.17,-0.21,-0.08,-0.08,-0.03,0.02,-0.06,0.02,0.04,0.06,0.09,0.02,0.06,-0.04,0.02,0.04,0.03,0.01,0.06,-0.01,0.46,0.79,0.72,0.90,0.84,0.70,0.51,0.41,0.43,0.35,0.40,0.50,0.97,0.64,0.07,-0.19,-0.27,-0.31,-0.22,-0.12,-0.16,-0.08,-0.07,-0.22,-0.27,-0.14,-0.06,-0.14,-0.26,-0.26,-0.28,-0.49,-0.41,-0.38,-0.02,-0.34,-0.27,-0.34,-0.69,-0.44,-0.56,-0.57,-0.54,-0.67,-0.73,-0.67,-0.75,-0.57,-0.68,-0.88,-0.73,-0.73,-0.92,-1.36,-1.93,-2.92,-4.43,-5.64,-7.72,-8.49,-9.11,-9.43,-9.62,-9.82,-10.10,-10.57,-10.89,-11.12,-11.27,-11.39,-11.40,-11.29,-11.55,-11.82,-11.49,-11.27,-11.35,-11.42,-11.03,-11.22,-11.55
-1.91,-2.09,-1.93,-1.34,-1.59,-1.12,-1.01,-1.25,-1.31,-0.73,-0.49,-1.06,-0.98,-0.76,-0.83,-0.85,-1.00,-0.88,-0.78,-0.63,-0.56,-0.56,-0.52,-0.66,-0.98,-1.15,-1.46,-1.54,-1.65,-1.76,-1.81,-1.91,-2.02,-2.02,-1.67,-1.78,-1.55,-1.81,-2.00,-1.67,-1.34,-1.30,-1.17,-0.93,-0.82,-0.69,-0.39,-0.58,-0.48,-0.26,-0.03,-0.17,-0.24,-0.27,-0.19,-0.06,-0.01,-0.12,-0.16,-0.21,-0.12,-0.08,-0.16,-0.13,-0.02,-0.02,-0.02,-0.04,0.06,0.15,0.10,0.15,0.09,0.07,0.14,0.07,0.01,-0.04,-0.01,0.37,0.33,0.08,0.29,0.32,0.32,0.09,0.10,-0.11,0.14,0.10,0.09,0.54,0.50,-0.09,-0.14,-0.26,-0.37,-0.29,-0.27,-0.18,-0.01,-0.13,-0.37,-0.41,-0.29,-0.21,-0.23,-0.26,-0.29,-0.49,-0.62,-0.28,-0.17,0.12,-0.32,-0.23,-0.41,-0.52,-0.39,-0.52,-0.75,-0.54,-0.53,-0.82,-0.85,-0.93,-0.86,-0.87,-0.83,-1.00,-0.66,-0.66,-0.77,-0.97,-1.79,-3.30,-4.93,-7.65,-8.20,-8.90,-9.20,-9.46,-9.74,-10.00,-10.39,-10.49,-10.70,-10.80,-10.96,-11.06,-11.13,-11.36,-11.30,-10.63,-10.66,-11.04,-11.09,-10.53,-11.02,-10.94
-1.63,-1.99,-1.85,-1.39,-1.36,-1.01,-0.82,-0.97,-1.11,-0.33,-0.21,-0.43,-0.67,-0.71,-0.62,-0.76,-0.77,-0.27,-0.19,-0.26,-0.19,-0.03,0.12,0.17,-0.21,-0.62,-1.36,-1.59,-1.65,-1.81,-1.90,-1.90,-1.97,-1.99,-1.64,-1.67,-1.68,-1.53,-1.59,-1.29,-1.01,-0.98,-1.02,-0.93,-0.71,-0.58,-0.34,-0.73,-0.44,-0.33,-0.21,-0.13,-0.26,-0.26,-0.36,-0.22,0.03,-0.06,-0.16,-0.07,0.06,-0.02,-0.13,-0.12,-0.02,0.06,-0.02,-0.12,0.04,0.23,0.27,0.24,0.15,0.15,0.24,0.15,0.14,-0.07,0.12,0.18,0.29,-0.08,0.06,0.04,0.17,0.22,0.03,-0.07,0.09,0.09,0.20,0.38,0.22,-0.03,0.09,-0.12,-0.37,-0.31,-0.26,-0.29,-0.16,-0.18,-0.32,-0.38,-0.32,-0.31,-0.41,-0.31,-0.17,-0.26,-0.52,-0.52,-0.31,-0.37,-0.22,-0.09,-0.12,-0.41,-0.41,-0.48,-0.57,-0.53,-0.63,-0.81,-0.86,-0.88,-1.01,-1.07,-0.57,-0.82,-0.85,-0.71,-0.51,-0.73,-1.73,-3.39,-5.28,-7.78,-8.11,-8.80,-9.16,-9.61,-9.99,-10.25,-10.50,-10.37,-10.90,-10.93,-10.94,-11.00,-11.06,-11.33,-11.37,-10.81,-10.62,-10.73,-10.71,-10.20,-10.20,-10.37
-1.53,-1.81,-1.86,-1.60,-1.19,-0.88,-0.44,-0.24,-0.62,-0.18,-0.22,-0.28,-0.29,-0.26,-0.28,-0.53,-0.42,-0.16,-0.18,-0.08,0.23,0.40,0.53,0.70,0.66,-0.11,-0.76,-1.38,-1.67,-1.67,-1.72,-1.91,-2.06,-2.16,-1.55,-1.35,-1.32,-1.27,-1.22,-1.00,-0.82,-0.73,-0.77,-0.93,-0.75,-0.51,-0.36,-0.44,-0.41,-0.27,-0.26,-0.21,-0.22,-0.22,-0.38,-0.31,-0.07,-0.13,-0.24,-0.19,-0.07,-0.09,-0.16,-0.22,-0.18,0.08,0.07,-0.09,-0.02,0.19,0.22,0.15,0.14,0.24,0.23,0.12,0.28,0.01,0.32,0.34,0.50,-0.18,0.07,0.18,0.12,0.38,-0.01,-0.03,0.09,0.44,0.19,0.45,0.10,0.01,0.09,-0.09,-0.36,-0.32,-0.22,-0.24,-0.14,-0.16,-0.19,-0.26,-0.33,-0.38,-0.38,-0.33,-0.21,-0.21,-0.41,-0.38,-0.44,-0.32,-0.18,-0.11,-0.11,-0.29,-0.36,-0.39,-0.46,-0.52,-0.59,-0.69,-0.78,-0.85,-1.00,-0.91,-0.51,-0.86,-0.87,-0.72,-0.72,-1.20,-2.81,-5.17,-6.78,-7.96,-8.23,-8.76,-9.20,-9.79,-10.23,-10.43,-10.46,-10.34,-10.94,-10.89,-10.83,-10.89,-11.02,-11.14,-11.20,-10.71,-10.20,-10.19,-10.36,-9.88,-9.81,-10.13
-1.41,-1.49,-1.49,-1.44,-1.15,-0.76,-0.31,-0.01,-0.18,-0.14,0.14,0.10,-0.07,-0.11,-0.04,-0.22,0.17,-0.01,0.10,0.28,0.40,0.63,0.92,1.01,1.39,0.67,-0.37,-1.03,-1.39,-1.62,-1.78,-1.87,-1.85,-1.96,-1.38,-1.08,-0.85,-1.03,-0.93,-0.82,-0.73,-0.61,-0.67,-0.82,-0.75,-0.59,-0.46,-0.26,-0.53,-0.24,-0.19,-0.47,-0.22,-0.21,-0.29,-0.24,-0.13,-0.18,-0.21,-0.29,-0.11,0.02,-0.14,-0.16,-0.11,-0.02,0.06,-0.06,0.01,0.20,0.13,0.17,0.29,0.17,0.25,0.15,0.41,0.06,0.22,0.40,0.46,-0.01,0.09,0.32,0.04,0.25,0.12,-0.11,0.24,0.63,0.23,0.48,0.08,0.10,0.08,-0.11,-0.27,-0.24,-0.12,-0.09,-0.08,-0.09,-0.22,-0.31,-0.38,-0.41,-0.31,-0.24,-0.33,-0.43,-0.47,-0.27,-0.18,-0.36,-0.27,-0.18,-0.43,-0.38,-0.46,-0.36,-0.51,-0.53,-0.47,-0.52,-0.67,-0.73,-0.67,-0.92,-0.76,-0.85,-0.95,-0.69,-0.97,-1.97,-4.17,-6.55,-7.42,-8.09,-8.02,-8.65,-9.22,-9.78,-10.17,-10.39,-10.52,-10.59,-11.00,-10.76,-10.74,-10.83,-10.84,-10.90,-10.93,-10.26,-9.85,-9.95,-9.99,-9.39,-9.53,-10.06
-1.54,-1.40,-1.22,-1.38,-1.20,-0.69,-0.12,0.12,-0.23,0.01,0.25,0.22,0.10,0.10,0.19,0.09,0.14,0.13,0.14,0.15,0.29,0.75,1.13,1.31,1.58,1.25,0.37,-0.41,-1.01,-1.49,-1.74,-1.83,-1.73,-1.59,-1.22,-0.92,-0.69,-0.91,-0.78,-0.72,-0.64,-0.52,-0.66,-0.75,-0.71,-0.87,-0.48,-0.36,-0.52,-0.41,-0.27,-0.42,-0.24,-0.31,-0.16,-0.17,0.01,-0.11,-0.23,-0.31,-0.14,0.01,-0.04,-0.02,0.01,-0.04,-0.07,0.03,0.06,0.09,0.19,0.30,0.48,0.35,0.37,0.34,0.37,0.30,0.19,0.25,0.48,0.01,-0.02,0.17,0.19,0.18,0.17,0.06,0.13,0.28,0.20,0.39,0.15,0.41,0.35,0.13,-0.07,-0.08,0.02,0.01,-0.06,-0.13,-0.29,-0.41,-0.43,-0.38,-0.34,-0.36,-0.37,-0.41,-0.38,-0.17,-0.11,-0.47,-0.12,-0.29,-0.41,-0.41,-0.47,-0.62,-0.64,-0.63,-0.76,-0.92,-0.95,-0.87,-0.95,-0.78,-0.96,-1.02,-0.87,-0.43,-1.07,-2.52,-4.83,-7.03,-7.82,-8.41,-8.20,-8.76,-9.18,-9.47,-9.88,-10.27,-10.50,-10.66,-10.96,-10.69,-10.47,-10.33,-10.25,-10.23,-10.03,-9.05,-8.76,-9.08,-9.36,-9.05,-9.34,-9.79
-1.39,-1.50,-1.21,-1.51,-1.30,-0.96,-0.41,0.18,0.01,0.18,0.23,0.08,-0.01,0.09,0.24,0.23,0.35,0.22,0.02,0.07,0.44,0.90,1.19,1.45,1.56,1.24,0.74,0.01,-0.81,-1.41,-1.60,-1.64,-1.74,-1.62,-1.14,-0.81,-0.71,-0.77,-0.69,-0.61,-0.56,-0.54,-0.61,-0.58,-0.62,-0.68,-0.33,-0.34,-0.38,-0.29,-0.12,-0.17,-0.21,-0.24,-0.11,-0.08,0.06,0.01,-0.16,-0.24,-0.16,-0.08,-0.04,0.03,0.02,0.03,-0.01,0.03,0.23,0.12,0.12,0.25,0.38,0.46,0.20,0.18,0.37,0.34,0.25,0.23,0.51,-0.17,0.06,0.23,0.43,0.38,0.33,0.37,0.28,0.25,0.32,0.43,0.27,0.40,0.37,0.29,0.15,0.09,0.03,0.13,-0.02,-0.16,-0.31,-0.41,-0.44,-0.41,-0.37,-0.29,-0.33,-0.39,-0.37,-0.34,-0.26,-0.38,0.02,-0.27,-0.23,-0.36,-0.43,-0.53,-0.49,-0.53,-0.52,-0.57,-0.75,-0.76,-0.64,-0.82,-0.85,-1.02,-0.67,-0.72,-1.25,-2.83,-5.16,-6.94,-7.57,-8.38,-8.27,-8.67,-8.85,-8.87,-9.29,-9.85,-10.12,-10.37,-10.70,-10.43,-9.92,-9.53,-9.29,-8.98,-8.45,-7.28,-7.13,-7.56,-7.96,-8.05,-7.98,-8.24
-1.54,-1.49,-1.35,-1.08,-1.35,-1.02,-0.39,0.02,0.24,0.35,0.24,0.23,0.22,0.20,0.34,0.20,0.28,0.19,0.09,0.15,0.46,0.81,1.18,1.52,1.46,1.13,0.58,-0.14,-0.90,-1.43,-1.55,-1.53,-1.58,-1.59,-1.03,-0.73,-0.68,-0.59,-0.52,-0.54,-0.58,-0.66,-0.71,-0.43,-0.47,-0.28,-0.32,-0.34,-0.36,-0.12,-0.21,-0.28,-0.19,-0.09,-0.13,-0.14,-0.07,-0.08,-0.28,-0.38,-0.17,-0.04,-0.06,-0.01,-0.04,-0.03,0.01,-0.01,0.03,0.19,0.32,0.43,0.32,0.46,0.35,0.34,0.58,0.40,0.49,0.22,0.50,0.27,0.24,0.49,0.56,0.18,0.28,0.20,0.41,0.46,0.40,0.41,0.38,0.48,0.34,0.38,0.19,0.15,0.10,0.04,-0.07,-0.11,-0.22,-0.28,-0.31,-0.31,-0.22,-0.22,-0.36,-0.39,-0.22,-0.31,-0.32,-0.37,-0.24,-0.19,-0.34,-0.26,-0.38,-0.56,-0.62,-0.69,-0.68,-0.82,-0.98,-0.81,-0.72,-0.92,-0.76,-0.78,-0.82,-0.48,-0.44,-1.87,-4.42,-6.62,-7.46,-7.80,-8.30,-8.40,-8.36,-8.33,-8.66,-9.20,-9.62,-9.95,-10.19,-9.74,-9.19,-8.67,-8.07,-7.18,-6.54,-5.01,-5.09,-5.73,-6.20,-6.30,-6.48,-6.66
-1.50,-1.39,-1.38,-1.25,-1.19,-0.68,-0.19,-0.14,0.28,0.30,0.32,0.35,0.40,0.41,0.25,0.06,0.23,0.27,0.20,0.17,0.30,0.67,1.22,1.36,1.11,0.85,0.38,-0.41,-1.08,-1.30,-1.34,-1.57,-1.65,-1.44,-0.96,-0.52,-0.57,-0.61,-0.54,-0.52,-0.57,-0.59,-0.53,-0.49,-0.31,-0.21,-0.42,-0.18,-0.28,-0.08,-0.14,-0.28,-0.26,-0.24,-0.18,-0.11,-0.02,0.14,0.02,-0.18,-0.07,0.12,0.08,0.07,0.22,0.14,0.10,0.12,0.07,0.35,0.33,0.41,0.59,0.64,0.70,0.75,0.58,0.45,0.38,0.39,0.20,0.29,0.39,0.17,0.43,0.15,0.28,0.20,0.34,0.29,0.32,0.39,0.22,0.50,0.46,0.35,0.22,0.14,0.12,-0.08,0.01,-0.02,-0.12,-0.14,-0.19,-0.18,-0.19,-0.28,-0.33,-0.37,-0.23,-0.37,-0.47,-0.48,-0.34,-0.38,-0.42,-0.36,-0.49,-0.67,-0.58,-0.71,-0.75,-0.61,-0.62,-0.72,-0.78,-0.96,-0.51,-0.61,-0.48,-0.22,-0.44,-1.54,-3.87,-6.16,-6.89,-7.50,-7.72,-8.31,-8.59,-8.26,-8.36,-8.66,-8.79,-8.94,-9.18,-8.80,-8.34,-7.85,-6.85,-5.33,-4.67,-3.19,-3.30,-3.88,-4.35,-4.56,-4.83,-4.93
-1.21,-1.19,-1.32,-1.12,-0.91,-0.54,-0.23,-0.23,0.33,0.30,0.32,0.28,0.34,0.45,0.22,0.09,0.27,0.39,0.27,0.07,0.18,0.64,1.13,1.03,0.69,0.45,0.15,-0.58,-1.25,-1.22,-1.19,-1.48,-1.78,-1.57,-1.01,-0.33,-0.32,-0.51,-0.62,-0.61,-0.57,-0.52,-0.34,-0.58,-0.32,-0.28,-0.42,-0.33,-0.41,0.09,0.09,-0.04,-0.14,-0.24,-0.19,-0.04,0.08,0.20,0.25,0.22,0.14,0.18,0.20,0.10,0.27,0.35,0.18,0.17,0.07,0.28,0.44,0.56,0.69,0.56,0.77,0.53,0.59,0.56,0.41,0.43,0.09,0.27,0.25,0.38,0.54,0.33,0.34,0.37,0.46,0.50,0.35,0.58,0.32,0.58,0.56,0.39,0.24,0.19,0.12,0.01,0.03,0.03,-0.11,-0.19,-0.18,-0.19,-0.23,-0.31,-0.33,-0.24,-0.33,-0.43,-0.39,-0.43,-0.27,-0.39,-0.39,-0.33,-0.51,-0.66,-0.64,-0.68,-0.66,-0.63,-0.73,-0.83,-0.86,-0.95,-0.90,-0.54,-0.37,-0.42,-0.32,-1.35,-3.83,-6.12,-7.01,-7.49,-7.64,-7.86,-8.02,-7.82,-8.05,-8.22,-8.01,-8.08,-8.30,-8.04,-7.71,-7.24,-6.01,-4.08,-3.10,-2.11,-2.02,-2.50,-3.00,-3.17,-3.36,-3.71
-1.06,-0.98,-1.36,-0.93,-0.76,-0.51,-0.19,-0.02,0.33,0.48,0.34,0.23,0.25,0.33,0.22,0.24,0.28,0.40,0.29,0.10,0.32,0.60,0.85,0.60,0.27,0.17,-0.11,-0.71,-1.31,-1.44,-1.30,-1.40,-1.53,-1.44,-1.05,-0.39,-0.42,-0.42,-0.53,-0.69,-0.67,-0.52,-0.37,-0.48,-0.23,-0.29,-0.19,-0.49,-0.42,-0.22,-0.16,-0.13,-0.07,0.01,-0.08,-0.06,0.02,0.10,0.18,0.13,0.06,0.03,0.12,0.12,0.08,0.33,0.28,0.20,0.15,0.37,0.25,0.53,0.46,0.45,0.61,0.70,0.54,0.58,0.44,0.46,0.19,0.12,0.35,0.45,0.60,0.48,0.09,0.24,0.55,0.34,0.43,0.66,0.50,0.60,0.59,0.49,0.25,0.22,0.27,0.24,0.08,-0.07,-0.21,-0.23,-0.18,-0.21,-0.19,-0.31,-0.37,-0.23,-0.36,-0.34,-0.36,-0.39,-0.26,-0.32,-0.49,-0.37,-0.44,-0.54,-0.56,-0.69,-0.71,-0.64,-0.67,-0.76,-0.80,-0.73,-0.87,-0.48,-0.46,-0.26,-0.29,-1.21,-3.43,-5.77,-6.93,-7.52,-7.63,-7.27,-7.16,-7.13,-7.24,-7.33,-7.22,-6.96,-7.24,-7.11,-6.84,-6.38,-5.23,-3.37,-2.01,-1.21,-1.19,-1.90,-2.39,-2.25,-2.60,-3.05
-1.03,-1.02,-1.40,-1.03,-0.80,-0.58,-0.22,0.24,0.28,0.43,0.34,0.30,0.33,0.24,0.14,0.20,0.19,0.27,0.22,0.13,0.37,0.56,0.59,0.18,-0.22,-0.34,-0.52,-0.83,-1.21,-1.51,-1.45,-1.45,-1.54,-1.50,-1.17,-0.37,-0.43,-0.56,-0.59,-0.59,-0.48,-0.46,-0.46,-0.49,-0.29,-0.27,-0.29,-0.29,-0.32,-0.28,-0.22,-0.27,-0.29,-0.17,-0.19,-0.06,0.09,0.01,-0.03,0.07,0.19,0.18,0.17,0.28,0.33,0.35,0.25,0.37,0.35,0.65,0.65,0.65,0.80,0.58,0.50,0.90,0.81,0.54,0.50,0.45,0.22,0.40,0.34,0.48,0.71,0.53,0.50,0.32,0.38,0.43,0.45,0.59,0.45,0.45,0.50,0.39,0.40,0.20,0.33,0.25,0.09,-0.09,-0.19,-0.22,-0.21,-0.21,-0.28,-0.34,-0.34,-0.39,-0.49,-0.39,-0.48,-0.51,-0.28,-0.22,-0.47,-0.32,-0.46,-0.42,-0.53,-0.63,-0.66,-0.71,-0.72,-0.67,-0.73,-0.73,-0.77,-0.38,-0.41,-0.42,-0.38,-1.16,-3.18,-5.32,-6.55,-7.13,-6.75,-6.51,-6.42,-6.13,-6.25,-6.47,-6.48,-6.34,-6.15,-6.30,-5.97,-5.42,-4.31,-2.64,-1.53,-1.07,-1.08,-1.64,-1.95,-1.87,-2.29,-2.51
-1.12,-1.06,-1.11,-0.92,-0.76,-0.56,-0.18,0.33,0.19,0.19,0.27,0.35,0.34,0.15,0.12,0.07,0.07,0.06,-0.01,-0.07,-0.02,0.20,-0.07,-0.11,-0.38,-0.56,-0.83,-1.25,-1.46,-1.46,-1.51,-1.36,-1.54,-1.44,-1.07,-0.51,-0.46,-0.68,-0.63,-0.43,-0.41,-0.42,-0.33,-0.53,-0.44,-0.43,-0.32,-0.41,-0.39,-0.39,-0.29,-0.24,-0.23,-0.32,-0.32,-0.21,0.03,0.06,-0.01,0.02,0.02,0.20,0.19,0.15,0.29,0.30,0.23,0.14,0.27,0.46,0.66,0.87,0.63,0.56,0.69,0.79,0.84,0.71,0.44,0.40,0.29,0.37,0.27,0.38,0.46,0.37,0.39,0.18,0.30,0.51,0.49,0.40,0.20,0.33,0.54,0.28,0.37,0.12,0.13,0.12,-0.07,-0.16,-0.16,-0.24,-0.28,-0.27,-0.36,-0.36,-0.29,-0.42,-0.53,-0.46,-0.43,-0.39,-0.28,-0.33,-0.32,-0.21,-0.44,-0.32,-0.42,-0.54,-0.59,-0.69,-0.80,-0.73,-0.59,-0.62,-0.56,-0.18,-0.24,-0.39,-0.22,-0.82,-2.65,-4.83,-6.13,-6.32,-5.92,-5.76,-5.52,-5.27,-5.49,-5.73,-5.72,-5.69,-5.50,-5.27,-4.64,-4.30,-3.50,-2.05,-1.15,-0.91,-1.00,-1.35,-1.60,-1.76,-2.15,-2.13
-1.17,-1.05,-0.91,-0.69,-0.61,-0.39,0.04,0.19,0.13,0.12,0.20,0.24,0.18,0.09,0.15,0.04,0.04,-0.03,-0.18,-0.21,-0.03,-0.24,-0.47,-0.75,-0.98,-1.03,-1.05,-1.11,-1.22,-1.41,-1.27,-1.30,-1.46,-1.30,-0.96,-0.75,-0.68,-0.83,-0.83,-0.56,-0.39,-0.39,-0.36,-0.24,-0.29,-0.47,-0.26,-0.28,-0.26,-0.12,-0.13,-0.18,-0.29,-0.34,-0.32,-0.17,0.01,-0.01,-0.06,0.03,0.04,0.09,0.15,0.09,0.28,0.32,0.34,0.38,0.38,0.30,0.59,0.66,0.60,0.48,0.81,0.85,0.69,0.67,0.50,0.45,0.34,0.48,0.37,0.39,0.40,0.29,0.23,0.38,0.46,0.33,0.28,0.15,0.32,0.40,0.56,0.45,0.23,-0.01,-0.02,0.04,-0.07,-0.14,-0.19,-0.24,-0.28,-0.33,-0.32,-0.24,-0.27,-0.42,-0.49,-0.46,-0.36,-0.24,-0.33,-0.44,-0.24,-0.21,-0.36,-0.33,-0.29,-0.47,-0.52,-0.53,-0.59,-0.64,-0.73,-0.66,-0.53,-0.37,-0.46,-0.41,-0.14,-0.48,-2.06,-4.30,-5.75,-5.79,-5.31,-4.75,-4.80,-4.59,-4.80,-5.09,-5.12,-4.89,-4.92,-4.45,-3.58,-3.01,-2.28,-1.43,-1.34,-0.85,-0.80,-1.10,-1.21,-1.19,-1.57,-1.77
-1.10,-1.17,-1.06,-0.71,-0.51,-0.28,0.04,0.03,0.25,0.07,0.17,0.24,0.13,0.24,0.13,0.02,-0.14,-0.24,-0.32,-0.42,-0.47,-0.47,-0.41,-1.15,-1.53,-1.22,-1.01,-1.32,-1.63,-1.54,-1.43,-1.44,-1.71,-1.50,-1.03,-0.82,-0.91,-1.08,-0.86,-0.38,-0.28,-0.42,-0.44,-0.43,-0.59,-0.57,-0.32,-0.27,-0.24,-0.07,0.08,-0.18,-0.32,-0.26,-0.11,-0.07,-0.03,-0.02,0.07,0.14,0.02,0.04,0.04,-0.03,0.13,0.33,0.39,0.29,0.41,0.40,0.24,0.40,0.59,0.41,0.64,0.60,0.56,0.30,0.39,0.35,0.48,0.37,0.37,0.18,0.37,0.10,0.40,0.48,0.35,0.49,0.24,0.25,0.37,0.43,0.48,0.30,0.18,0.17,0.07,0.03,-0.08,-0.08,-0.13,-0.26,-0.28,-0.29,-0.26,-0.19,-0.31,-0.49,-0.51,-0.38,-0.31,-0.27,-0.33,-0.29,-0.09,-0.11,-0.24,-0.26,-0.17,-0.34,-0.42,-0.44,-0.49,-0.54,-0.53,-0.56,-0.42,-0.34,-0.34,-0.33,-0.06,-0.21,-1.65,-3.80,-5.24,-5.31,-4.70,-4.09,-4.21,-3.95,-4.31,-4.67,-4.64,-4.47,-4.24,-3.52,-2.81,-2.15,-1.49,-1.07,-1.22,-0.96,-0.93,-1.24,-1.34,-1.22,-1.32,-1.58
-1.07,-1.12,-0.92,-0.56,-0.26,-0.06,0.08,0.01,0.37,0.18,0.18,0.12,-0.07,0.17,0.07,-0.11,-0.39,-0.49,-0.48,-0.67,-1.03,-0.90,-0.75,-1.15,-1.36,-1.35,-1.25,-1.31,-1.55,-1.51,-1.30,-1.49,-1.51,-1.51,-0.90,-0.76,-0.87,-0.68,-0.39,-0.29,-0.32,-0.43,-0.28,-0.47,-0.64,-0.19,0.20,-0.08,-0.26,-0.21,-0.17,-0.31,-0.34,-0.26,-0.32,-0.33,-0.14,-0.03,-0.03,-0.21,-0.32,-0.11,-0.06,-0.22,-0.06,0.12,0.20,0.28,0.20,0.38,0.54,0.39,0.56,0.48,0.44,0.92,0.77,0.56,0.50,0.49,0.53,0.51,0.40,0.28,0.53,0.24,0.61,0.45,0.50,0.50,0.46,0.23,0.32,0.39,0.39,0.19,0.10,0.09,0.02,-0.01,-0.08,-0.14,-0.17,-0.18,-0.18,-0.23,-0.28,-0.29,-0.33,-0.38,-0.57,-0.41,-0.19,-0.06,-0.09,-0.06,0.13,0.18,-0.12,-0.17,0.07,-0.07,-0.21,-0.24,-0.34,-0.43,-0.34,-0.33,-0.36,-0.14,-0.13,-0.17,0.04,0.04,-1.05,-3.01,-4.52,-4.60,-3.97,-3.91,-4.07,-3.92,-4.24,-4.30,-4.03,-3.87,-3.48,-2.99,-2.34,-1.62,-1.10,-0.93,-1.14,-0.96,-0.62,-0.80,-0.90,-0.83,-1.14,-1.27
-0.97,-0.90,-0.71,-0.58,-0.28,-0.06,-0.13,-0.21,0.14,0.01,-0.06,-0.07,-0.09,-0.06,-0.28,-0.46,-0.43,-0.53,-0.77,-0.98,-1.14,-0.96,-1.02,-1.08,-1.26,-1.24,-1.16,-1.19,-1.26,-1.38,-1.06,-1.29,-1.35,-1.40,-1.02,-0.68,-0.66,-0.56,-0.43,-0.42,-0.37,-0.32,-0.36,-0.47,-0.34,-0.09,0.06,0.08,-0.04,0.20,0.22,-0.03,-0.07,-0.09,-0.07,-0.03,-0.04,-0.08,-0.14,-0.19,-0.16,-0.17,-0.19,-0.02,0.09,0.17,0.18,0.28,0.14,0.37,0.51,0.61,0.72,0.63,0.67,0.71,0.49,0.50,0.44,0.43,0.74,0.67,0.33,0.41,0.59,0.50,0.74,0.33,0.39,0.44,0.53,0.37,0.38,0.30,0.27,0.20,0.28,0.03,0.18,0.10,-0.01,0.01,0.01,-0.01,-0.01,-0.04,-0.07,-0.07,-0.06,-0.09,-0.29,-0.34,-0.04,0.18,0.10,0.15,0.33,0.41,0.15,0.09,0.25,0.14,0.02,0.01,-0.04,-0.16,-0.13,-0.18,-0.24,-0.11,0.07,-0.07,0.13,0.33,-0.58,-2.51,-3.97,-4.04,-3.66,-3.69,-3.88,-3.79,-4.08,-4.12,-3.71,-3.23,-2.99,-2.68,-2.00,-1.31,-0.88,-0.73,-0.76,-1.07,-0.37,-0.64,-1.07,-1.11,-0.98,-1.03
-0.95,-0.64,-0.43,-0.36,-0.31,-0.23,-0.21,-0.16,0.03,-0.07,-0.17,-0.28,-0.46,-0.42,-0.41,-0.46,-0.62,-0.73,-0.81,-1.00,-0.93,-0.96,-0.78,-1.06,-1.17,-1.06,-0.93,-1.02,-1.31,-1.25,-1.21,-0.91,-0.88,-0.58,-0.13,-0.07,-0.24,-0.37,-0.33,-0.18,-0.18,-0.13,-0.11,-0.06,0.06,0.10,0.18,0.39,-0.04,0.19,0.17,0.03,0.03,0.14,0.13,0.12,0.09,0.03,-0.01,-0.01,0.14,0.15,0.02,0.10,0.18,0.07,0.08,0.22,0.15,0.28,0.37,0.59,0.71,0.79,0.64,0.91,0.81,0.85,0.41,0.76,0.71,0.50,0.45,0.45,1.01,0.58,0.64,0.59,0.49,0.66,0.80,0.63,0.55,0.44,0.67,0.58,0.67,0.65,0.80,0.75,0.76,0.79,0.63,0.66,0.74,0.67,0.75,0.85,0.80,0.71,0.51,0.25,0.18,0.22,0.23,0.30,0.54,0.44,0.38,0.38,0.27,0.18,0.09,0.09,0.07,0.01,0.12,0.10,-0.02,-0.17,0.02,-0.09,0.22,0.39,-0.48,-2.15,-3.47,-3.70,-3.57,-3.53,-3.48,-3.67,-3.96,-3.83,-3.39,-3.10,-3.10,-2.47,-1.71,-1.11,-0.85,-0.76,-0.81,-0.95,-0.49,-0.85,-1.17,-1.08,-0.98,-0.81
-1.05,-0.96,-0.48,-0.29,-0.31,-0.42,-0.54,-0.42,-0.62,-0.51,-0.37,-0.38,-0.57,-0.63,-0.32,-0.86,-0.97,-1.00,-1.00,-0.81,-0.67,-0.81,-0.73,-0.56,-0.47,-0.42,-0.33,-0.29,-0.41,-0.48,-0.46,-0.41,-0.47,-0.26,0.17,0.32,0.08,-0.11,-0.06,-0.04,-0.12,-0.07,0.28,0.28,0.24,0.14,0.13,0.23,0.12,-0.01,0.17,0.25,0.13,0.17,0.28,0.30,0.17,0.15,0.08,-0.04,0.07,0.03,0.33,0.48,0.38,0.40,0.48,0.50,0.40,0.48,0.43,0.28,0.65,0.74,0.51,0.90,1.03,0.82,0.87,0.90,0.77,0.59,0.69,0.71,1.06,0.54,0.74,0.63,0.77,0.77,0.58,0.65,0.64,0.93,1.45,1.69,1.99,2.34,2.30,2.19,2.22,2.30,2.28,2.20,2.02,1.89,2.05,2.34,2.36,2.16,1.68,0.71,0.30,0.29,0.35,0.44,0.35,0.51,0.23,0.17,0.19,0.14,0.07,-0.01,-0.08,-0.02,0.17,0.20,0.06,-0.18,-0.07,-0.04,0.28,0.28,-0.36,-1.78,-3.27,-3.71,-3.37,-3.47,-3.36,-3.88,-4.07,-3.91,-3.56,-3.23,-3.10,-2.33,-1.45,-1.01,-0.75,-0.58,-0.85,-0.76,-0.66,-0.80,-0.98,-1.10,-0.98,-0.72
-0.61,-0.82,-0.57,-0.32,-0.33,-0.47,-0.47,-0.38,-0.46,-0.61,-0.54,-0.42,-0.42,-0.53,-0.75,-1.02,-0.85,-0.66,-0.61,-0.56,-0.33,-0.19,0.09,0.07,-0.02,0.10,0.07,-0.19,-0.29,-0.12,-0.08,-0.11,-0.03,-0.14,0.23,0.44,0.23,0.10,0.22,0.12,0.01,0.18,0.19,0.19,0.27,0.32,0.71,0.41,0.35,0.40,0.32,0.49,0.91,1.18,1.19,1.08,1.07,1.08,0.98,1.01,1.03,1.01,1.29,1.19,1.46,1.39,1.44,1.92,1.96,1.42,0.81,0.61,0.58,0.45,0.65,0.91,1.01,0.88,0.92,0.77,1.02,0.74,0.55,0.63,0.85,0.54,0.86,0.97,1.03,0.81,0.71,0.92,0.79,1.13,1.47,3.06,3.97,4.29,4.20,3.80,3.62,3.48,3.30,3.29,3.29,3.14,3.14,3.44,3.75,3.52,2.17,0.90,0.60,0.27,0.22,0.32,0.15,0.58,0.25,0.28,0.20,0.20,0.10,-0.08,-0.16,-0.03,0.14,0.02,0.06,-0.09,0.03,0.17,0.18,0.24,-0.29,-1.69,-3.22,-3.82,-3.78,-3.95,-3.67,-4.09,-4.07,-3.97,-3.93,-3.69,-3.43,-2.33,-1.40,-0.87,-0.67,-0.66,-0.82,-0.71,-0.72,-0.87,-1.00,-1.07,-1.19,-0.71
-0.67,-0.38,-0.42,-0.41,-0.34,-0.29,-0.26,-0.26,-0.28,-0.33,-0.32,-0.27,-0.31,-0.37,-0.41,-0.43,-0.39,-0.33,-0.21,0.09,-0.08,0.22,0.41,0.33,0.19,0.30,0.54,0.54,0.35,0.41,0.24,0.33,0.39,0.20,0.43,0.44,0.45,0.37,0.18,0.24,0.34,0.33,0.34,0.40,0.43,0.22,0.48,0.39,0.20,0.39,0.49,0.76,1.27,1.74,2.41,2.71,2.83,2.88,2.48,2.48,2.49,2.51,2.75,2.88,3.08,3.00,3.08,3.84,3.65,2.84,1.47,0.40,0.46,0.34,0.97,0.91,0.77,1.02,1.06,1.09,1.03,0.97,1.03,1.02,0.93,0.98,1.04,1.11,0.79,0.90,0.84,1.04,0.93,0.93,1.30,3.28,4.68,5.37,4.84,4.57,4.35,4.07,3.68,3.65,3.73,3.71,3.79,4.07,4.42,4.09,2.77,1.28,0.63,0.32,0.32,0.38,0.10,0.49,0.35,0.46,0.32,0.34,0.24,0.04,-0.04,0.01,0.09,0.02,0.19,0.10,0.10,0.22,0.07,0.25,-0.26,-1.83,-3.57,-4.54,-5.17,-5.13,-4.56,-4.55,-4.45,-4.60,-4.81,-4.52,-4.12,-2.69,-1.54,-0.97,-0.81,-0.86,-0.93,-0.86,-0.83,-0.82,-0.81,-0.91,-1.08,-0.86
-0.01,0.24,0.13,0.03,-0.06,-0.07,0.04,-0.27,-0.22,-0.01,0.28,0.25,-0.17,-0.02,0.23,0.03,-0.04,0.10,0.24,0.20,0.44,0.67,0.70,0.64,0.59,0.75,0.84,0.80,0.82,0.43,0.32,0.61,0.49,0.39,0.74,0.74,0.53,0.38,0.40,0.65,0.59,0.28,0.55,0.09,0.25,0.39,0.54,0.45,0.41,0.65,0.60,0.56,0.93,2.00,3.54,4.24,4.18,4.22,4.12,4.05,4.03,3.72,3.90,3.86,3.88,4.00,4.56,4.98,5.01,3.73,1.45,0.23,0.59,0.67,0.71,1.11,1.07,0.95,0.72,1.07,1.28,1.27,1.03,0.84,0.75,0.87,0.66,1.07,1.07,1.14,0.81,0.61,0.70,1.14,1.20,2.96,4.89,5.10,4.65,4.44,4.20,3.73,3.65,3.83,3.94,4.04,4.07,4.11,4.17,3.84,2.62,1.00,0.50,0.45,0.44,0.50,0.15,0.56,0.51,0.23,0.12,0.15,0.01,-0.07,-0.02,0.03,0.13,0.12,0.18,0.15,0.01,0.19,0.08,0.23,-0.21,-1.96,-4.46,-6.23,-6.77,-6.42,-5.68,-5.27,-5.39,-5.87,-6.09,-5.60,-4.96,-3.17,-1.72,-1.01,-0.86,-0.95,-1.01,-0.90,-0.87,-0.76,-0.68,-0.77,-1.02,-0.91
0.45,0.55,0.40,0.34,0.34,0.45,0.65,0.37,0.09,0.37,0.66,0.50,0.06,0.38,0.56,0.30,0.22,0.46,0.70,0.55,0.51,0.67,0.74,0.74,0.71,0.93,1.14,1.01,0.67,0.56,0.61,0.98,0.71,0.65,0.84,0.67,0.55,0.46,0.43,0.64,0.69,0.17,0.09,0.17,0.19,0.28,0.46,0.41,0.48,0.43,0.41,0.67,0.98,1.99,3.81,4.70,4.55,4.49,4.36,4.32,4.07,3.96,4.30,4.18,4.16,4.58,4.94,4.85,4.64,3.50,1.28,0.48,0.66,0.84,1.00,0.77,0.95,1.15,1.09,0.93,1.11,1.02,1.00,0.88,0.72,0.77,0.91,1.07,1.06,0.90,0.77,0.66,0.82,1.04,1.25,2.07,4.04,4.48,4.50,4.38,4.10,3.97,3.91,3.94,3.92,3.77,3.67,3.75,3.59,2.92,2.02,0.97,0.40,0.40,0.46,0.72,0.22,0.32,0.09,0.15,0.08,0.24,0.12,-0.02,-0.03,-0.03,0.02,-0.11,0.06,0.03,-0.22,0.32,0.08,0.15,-0.38,-2.14,-4.91,-7.35,-7.43,-7.00,-6.55,-6.25,-6.61,-7.19,-7.26,-6.44,-5.53,-3.05,-1.60,-0.87,-0.72,-0.86,-0.86,-0.71,-0.72,-0.75,-0.72,-0.68,-0.78,-0.82
0.97,1.06,0.60,0.60,0.74,0.79,0.85,0.58,0.45,0.51,0.65,0.63,0.43,0.63,0.60,0.53,0.40,0.56,0.90,0.84,0.66,0.82,0.93,0.81,0.84,1.02,1.12,0.93,0.70,0.80,0.95,1.08,0.74,0.81,0.76,0.63,0.61,0.70,0.69,0.65,0.60,0.34,0.37,0.51,0.38,0.49,0.39,0.45,0.75,0.64,0.60,0.76,0.84,1.82,3.57,4.68,4.76,4.61,4.64,4.48,4.24,4.16,4.36,4.32,4.07,4.44,4.50,4.75,4.32,3.30,1.36,0.64,0.64,1.01,0.93,1.27,1.33,1.27,1.06,1.11,1.17,1.02,1.30,1.04,0.93,0.70,0.84,0.84,0.85,0.97,0.91,0.72,0.72,1.03,1.20,1.89,3.53,4.04,4.16,4.20,3.91,3.88,3.96,3.83,3.71,3.49,3.28,3.23,3.12,2.70,1.92,0.82,0.44,0.61,0.48,0.71,0.25,0.33,0.14,0.13,0.10,0.20,0.15,0.02,0.03,0.06,-0.12,-0.17,0.06,-0.02,0.01,0.14,0.10,0.18,-0.31,-2.01,-4.88,-7.35,-7.13,-6.85,-7.49,-7.69,-8.13,-8.49,-8.04,-6.43,-4.96,-2.37,-1.19,-0.78,-0.71,-0.68,-0.72,-0.54,-0.67,-0.81,-0.78,-0.59,-0.47,-0.64
1.24,1.30,0.81,0.75,0.74,0.63,0.81,0.71,0.66,0.53,0.55,0.56,0.40,0.81,0.53,0.60,0.54,0.70,1.03,0.88,0.82,0.88,0.87,1.00,0.91,0.97,1.13,0.97,0.72,0.72,0.84,0.96,0.72,0.66,0.63,0.60,0.60,0.66,0.70,0.69,0.60,0.43,0.51,0.63,0.30,0.46,0.56,0.63,0.69,0.84,0.90,0.51,0.56,1.58,3.25,4.42,4.54,4.37,4.32,4.11,3.81,3.67,4.04,4.12,3.84,4.02,3.88,4.20,3.99,3.11,1.23,0.69,0.45,0.72,0.91,1.04,1.18,1.22,1.28,1.06,1.19,1.01,1.06,0.96,1.02,1.11,0.92,0.63,0.71,0.90,0.92,1.00,0.96,1.23,1.25,1.90,3.63,4.05,4.06,4.23,4.03,3.66,3.42,3.44,3.55,3.47,3.29,3.19,3.12,2.75,2.08,1.02,0.38,0.38,0.35,0.28,0.33,0.48,0.18,0.02,0.12,0.04,-0.02,-0.02,-0.11,-0.17,-0.09,-0.12,-0.23,-0.08,0.02,0.14,0.04,0.03,-0.37,-1.62,-4.22,-7.27,-7.01,-6.77,-7.54,-7.96,-8.66,-8.72,-7.54,-5.41,-3.15,-1.62,-0.77,-0.72,-0.83,-0.73,-0.72,-0.44,-0.76,-0.98,-0.88,-0.62,-0.61,-0.47
1.30,1.31,0.93,0.79,0.71,0.64,0.65,0.81,0.90,0.65,0.60,0.70,0.48,0.96,0.56,0.65,0.54,0.63,0.97,0.88,0.77,0.91,0.84,0.84,0.81,0.93,1.04,0.88,0.80,0.88,0.96,0.88,0.79,0.69,0.75,0.76,0.64,0.60,0.66,0.61,0.54,0.34,0.56,0.60,0.46,0.63,0.70,0.71,0.86,0.77,0.81,0.70,0.66,1.53,3.00,4.09,4.44,4.52,4.58,4.23,3.90,3.79,3.81,3.81,3.72,4.00,4.12,4.41,4.13,2.94,1.34,0.51,0.63,0.65,0.87,1.23,0.97,1.25,1.28,1.38,1.14,1.14,1.30,1.19,1.13,0.95,0.93,0.85,1.01,1.00,1.02,0.81,1.09,1.20,1.14,1.85,3.41,4.24,4.38,4.44,4.03,3.65,3.46,3.41,3.53,3.52,3.41,3.42,3.24,2.84,2.36,1.02,0.54,0.38,0.54,0.44,0.34,0.39,0.06,0.18,0.14,0.02,-0.08,-0.09,-0.17,-0.17,0.01,-0.13,-0.01,-0.03,-0.16,0.12,-0.02,0.08,-0.37,-1.45,-3.37,-6.12,-6.44,-6.00,-5.64,-6.65,-7.33,-7.15,-5.85,-3.70,-1.86,-0.63,-0.43,-0.58,-0.61,-0.46,-0.53,-0.49,-0.58,-0.87,-0.91,-0.66,-0.57,-0.41
1.35,1.33,1.03,0.82,0.81,0.85,0.70,0.77,0.96,0.74,0.70,0.80,0.64,0.84,0.49,0.63,0.34,0.33,0.79,0.85,0.67,0.84,0.65,0.56,0.70,0.87,0.86,0.76,0.88,1.01,0.75,0.79,0.63,0.59,0.67,0.72,0.80,0.80,0.63,0.56,0.43,0.27,0.72,0.81,0.51,0.74,0.69,0.86,1.04,0.76,0.88,0.77,0.75,1.57,3.17,4.28,4.28,4.10,4.05,3.75,3.68,3.79,3.86,3.79,3.72,3.66,3.92,3.94,4.13,3.23,1.50,0.66,0.69,0.80,1.24,1.06,1.11,1.18,1.34,1.09,0.86,1.02,1.07,1.01,1.12,0.97,1.14,1.12,0.87,1.00,0.88,0.74,0.95,1.00,1.22,1.53,2.95,3.78,4.04,4.10,3.81,3.55,3.54,3.36,3.24,3.19,3.02,2.94,2.88,2.83,2.29,1.33,0.53,0.46,0.43,0.77,0.34,0.41,0.27,0.15,0.10,0.02,-0.09,-0.01,-0.02,-0.22,-0.16,-0.14,-0.14,-0.21,-0.21,-0.06,-0.17,-0.06,-0.03,-0.64,-2.27,-4.45,-5.08,-4.97,-4.54,-4.41,-4.79,-4.83,-3.92,-2.29,-1.01,-0.37,-0.39,-0.47,-0.36,-0.26,-0.51,-0.62,-0.61,-0.68,-0.76,-0.71,-0.53,-0.32
1.34,1.33,1.19,1.00,0.90,0.88,0.80,0.63,0.75,0.65,0.60,0.59,0.37,0.56,0.43,0.39,0.15,0.22,0.61,0.65,0.54,0.61,0.44,0.54,0.65,0.74,0.75,0.67,0.71,0.91,0.80,0.65,0.54,0.51,0.61,0.70,0.97,1.04,0.72,0.55,0.66,0.58,0.61,0.90,0.69,0.77,0.71,0.81,0.92,0.71,0.87,0.79,0.80,1.38,2.86,4.10,4.20,4.05,4.00,3.86,3.68,3.85,3.98,4.06,3.69,4.13,3.91,3.79,3.74,2.92,1.40,0.76,0.69,0.67,1.12,1.27,1.14,1.23,1.07,1.29,0.87,1.19,0.97,1.04,1.03,1.03,0.97,0.84,0.87,1.14,1.22,1.00,1.00,1.06,1.02,1.27,2.19,3.37,3.65,3.73,3.53,3.48,3.41,3.18,3.06,2.96,3.06,3.05,2.66,2.62,2.34,1.23,0.58,0.35,0.49,0.72,0.33,0.29,0.29,0.08,0.08,0.22,0.06,-0.11,-0.14,-0.18,-0.09,-0.16,-0.03,-0.03,-0.06,-0.06,-0.24,-0.12,0.08,-0.19,-1.34,-3.31,-4.56,-3.84,-3.37,-3.05,-3.28,-3.32,-2.50,-1.08,-0.41,-0.53,-0.36,-0.18,-0.14,-0.26,-0.51,-0.52,-0.63,-0.69,-0.54,-0.33,-0.53,-0.09
1.31,1.25,1.25,1.08,0.95,0.92,0.65,0.49,0.59,0.50,0.50,0.43,0.07,0.44,0.49,0.32,0.18,0.32,0.58,0.48,0.40,0.53,0.53,0.54,0.66,0.77,0.75,0.64,0.69,0.81,0.93,0.80,0.72,0.53,0.64,0.79,0.91,0.85,0.61,0.55,0.65,0.74,0.64,0.65,0.49,0.53,0.61,0.67,0.79,0.60,0.74,0.76,0.65,1.30,2.68,3.69,4.05,4.03,3.88,3.78,3.61,3.48,3.24,3.56,3.37,3.56,3.49,3.74,3.24,2.90,1.17,0.75,0.74,0.70,1.08,1.08,1.09,1.22,1.22,1.42,1.12,1.25,1.04,0.91,1.08,0.93,0.91,0.96,1.02,0.98,0.87,0.92,0.95,0.80,1.11,1.31,2.08,3.41,3.68,3.67,3.49,3.29,3.16,3.20,3.32,3.19,3.00,3.00,3.07,3.12,2.82,1.40,0.45,0.20,0.54,0.55,0.23,0.33,0.15,0.19,0.02,-0.16,-0.22,-0.16,-0.13,-0.18,-0.09,-0.19,-0.32,0.01,-0.17,-0.02,-0.11,-0.11,0.13,-0.06,-1.22,-2.72,-3.25,-2.41,-2.34,-2.41,-2.25,-2.01,-1.45,-0.26,-0.33,-0.43,-0.27,-0.11,-0.17,-0.42,-0.51,-0.36,-0.38,-0.54,-0.62,-0.48,-0.28,-0.51
1.27,1.13,1.15,0.90,0.74,0.76,0.59,0.56,0.56,0.49,0.49,0.40,0.08,0.27,0.40,0.30,0.18,0.23,0.41,0.38,0.33,0.63,0.60,0.46,0.64,0.76,0.66,0.58,0.58,0.60,0.71,0.71,0.70,0.48,0.69,0.72,0.70,0.66,0.61,0.66,0.63,0.76,0.70,0.53,0.59,0.48,0.51,0.82,0.85,0.72,0.69,0.70,0.65,1.29,2.36,3.14,3.54,3.56,3.54,3.56,3.32,3.32,2.95,3.24,3.28,3.43,3.20,3.74,2.42,2.41,1.04,0.75,0.90,0.75,0.74,1.23,1.01,1.06,1.07,1.19,1.11,1.09,0.93,0.86,1.02,0.97,0.90,1.09,0.93,0.95,1.11,1.01,1.04,1.09,1.28,1.20,2.83,3.40,3.66,4.10,3.84,3.61,3.57,3.49,3.55,3.60,3.52,3.48,3.67,4.03,3.54,2.00,0.81,0.27,0.44,0.60,0.53,0.32,0.14,0.09,0.04,-0.07,-0.16,-0.14,-0.16,-0.29,-0.32,-0.24,-0.43,0.14,0.10,-0.06,-0.09,-0.03,0.14,0.08,-0.47,-1.30,-2.33,-1.51,-1.81,-2.23,-2.01,-1.44,-0.78,-0.04,-0.32,-0.07,-0.04,-0.08,-0.09,-0.16,-0.27,-0.24,-0.27,-0.32,-0.32,-0.32,-0.31,-0.08
1.23,1.20,1.08,0.98,0.82,0.63,0.54,0.49,0.64,0.49,0.46,0.49,0.24,0.17,0.27,0.15,0.22,0.29,0.33,0.45,0.38,0.71,0.53,0.55,0.75,0.79,0.80,0.88,0.58,0.59,0.59,0.74,0.55,0.48,0.67,0.69,0.60,0.59,0.69,0.84,0.69,0.56,0.76,0.61,0.66,0.66,0.53,0.66,0.72,0.69,0.70,0.67,0.64,1.03,2.23,3.29,3.43,3.44,3.57,3.44,3.26,3.19,3.31,3.44,3.14,3.43,3.28,3.71,3.62,2.98,1.03,0.35,0.59,0.45,1.04,0.91,1.15,1.18,1.01,1.35,1.03,1.08,1.12,0.71,1.06,1.04,1.02,1.18,0.97,0.97,1.03,0.92,0.81,0.95,1.02,1.41,2.98,4.20,4.69,4.65,4.47,4.24,3.85,3.61,3.61,3.57,3.52,3.57,3.84,3.86,3.14,2.01,0.91,0.40,0.66,0.61,0.28,0.34,0.22,0.04,0.13,-0.01,-0.01,-0.09,-0.24,-0.08,-0.31,-0.34,-0.23,-0.16,-0.09,-0.06,0.03,0.23,0.27,0.08,-0.29,-0.98,-1.87,-1.69,-1.53,-1.65,-1.43,-0.88,-0.34,-0.13,-0.27,-0.14,-0.09,-0.11,-0.14,-0.21,-0.34,-0.29,-0.49,-0.49,-0.39,-0.28,0.03,-0.17
1.44,1.30,1.38,1.14,1.03,1.01,0.65,0.74,0.67,0.50,0.56,0.76,0.66,0.56,0.43,0.43,0.58,0.69,0.74,0.80,0.67,0.88,0.43,0.54,0.79,0.79,0.81,0.95,0.66,0.65,0.69,0.77,0.43,0.34,0.48,0.64,0.56,0.44,0.58,0.81,0.72,0.45,0.64,0.75,0.66,0.51,0.51,0.54,0.53,0.61,0.70,0.64,0.67,1.08,2.37,3.63,3.81,3.61,3.63,3.67,3.78,3.84,3.63,3.81,3.52,3.63,3.59,3.98,4.23,3.48,1.56,0.60,0.55,0.72,1.01,1.00,1.03,1.01,0.98,1.12,1.12,1.08,1.08,1.11,0.96,1.07,1.03,1.09,1.09,1.13,1.03,1.12,0.97,0.97,1.01,1.28,2.51,3.79,4.30,4.29,4.07,3.79,3.79,3.87,3.75,3.59,3.55,3.74,3.93,3.48,2.83,2.07,0.84,0.23,0.45,0.35,0.41,0.39,0.32,0.14,0.09,-0.09,-0.14,-0.12,-0.29,-0.38,-0.41,-0.24,-0.18,-0.34,-0.07,-0.12,-0.21,-0.19,-0.08,0.06,-0.19,-1.19,-1.78,-1.17,-1.35,-1.34,-0.85,-0.36,-0.16,-0.03,-0.12,-0.09,-0.12,-0.21,-0.27,-0.19,-0.26,-0.06,-0.16,-0.21,-0.07,0.15,0.24,-0.02
1.41,1.18,1.36,1.40,1.42,1.31,0.88,0.67,0.63,0.61,0.77,0.88,0.71,0.85,1.04,0.84,0.86,0.92,0.91,1.00,0.93,0.79,0.25,0.30,0.51,0.51,0.45,0.50,0.51,0.58,0.70,0.59,0.41,0.29,0.48,0.56,0.48,0.37,0.44,0.70,0.72,0.49,0.60,0.74,0.51,0.37,0.53,0.59,0.60,0.66,0.77,0.71,0.69,1.17,2.55,3.91,4.13,3.90,3.87,3.75,3.54,3.71,3.72,3.87,3.73,3.85,3.80,4.09,3.93,3.40,1.45,0.46,0.54,0.66,0.77,1.06,1.11,1.11,1.00,1.14,1.23,1.28,1.04,1.04,1.08,1.15,1.11,0.93,1.20,1.20,1.01,1.13,1.18,1.22,1.07,1.11,2.18,3.63,4.25,4.24,4.10,3.83,3.80,3.71,3.60,3.54,3.35,3.42,3.24,2.72,2.33,1.79,0.84,0.29,0.41,0.25,0.33,0.34,0.20,-0.02,-0.08,-0.16,-0.16,-0.22,-0.33,-0.23,-0.36,-0.26,-0.21,-0.44,-0.29,-0.37,0.01,0.17,0.08,-0.09,-0.42,-0.75,-1.30,-1.14,-1.46,-1.31,-0.76,-0.19,0.12,0.19,0.03,0.06,-0.09,-0.03,0.04,-0.17,-0.09,-0.02,0.02,0.12,0.30,0.53,0.60,0.55
1.58,1.27,1.30,1.49,1.68,1.63,1.17,1.02,1.07,0.97,1.02,1.06,0.91,1.24,1.19,1.08,1.03,1.14,1.34,1.40,0.87,0.51,0.34,0.43,0.51,0.48,0.45,0.50,0.56,0.46,0.69,0.50,0.48,0.25,0.56,0.54,0.43,0.46,0.54,0.66,0.64,0.55,0.71,0.63,0.46,0.34,0.54,0.64,0.71,0.69,0.85,0.74,0.65,1.15,2.54,3.88,4.22,4.00,3.84,3.71,3.75,3.83,3.84,3.83,3.72,3.67,3.60,3.61,3.61,3.26,1.51,0.75,0.51,0.56,0.84,0.95,1.03,1.15,0.96,1.12,1.31,1.19,1.08,1.12,1.20,1.04,0.92,0.95,0.96,0.87,0.91,0.88,1.00,1.20,1.03,0.76,1.77,3.57,4.09,3.90,3.75,3.60,3.61,3.50,3.41,3.38,3.28,3.36,3.30,2.98,2.66,1.97,0.77,0.38,0.50,0.50,0.46,0.45,0.22,0.04,-0.06,-0.03,-0.07,-0.22,-0.34,-0.43,-0.28,-0.28,-0.24,-0.21,-0.24,-0.38,-0.26,-0.11,0.04,0.09,-0.08,-0.44,-1.36,-1.45,-1.77,-1.62,-1.10,-0.39,0.19,0.23,-0.07,0.14,0.22,0.25,0.18,-0.07,0.10,0.44,0.50,0.34,0.34,0.71,0.88,0.76
1.56,1.44,1.24,1.44,1.66,1.62,1.24,0.96,1.27,1.35,1.25,1.06,0.92,1.19,1.12,0.88,0.87,0.92,0.98,1.09,0.61,0.39,0.35,0.44,0.28,0.33,0.51,0.48,0.39,0.41,0.71,0.51,0.40,0.19,0.51,0.58,0.49,0.53,0.66,0.70,0.63,0.60,0.82,0.65,0.45,0.58,0.70,0.76,0.72,0.67,0.79,0.69,0.60,1.00,2.30,3.61,3.97,3.80,3.67,3.83,3.73,3.55,3.53,3.56,3.69,3.56,3.62,3.72,3.08,2.74,1.53,0.80,0.50,0.58,0.69,0.90,1.02,1.11,1.00,1.02,0.97,1.01,1.08,0.97,1.04,0.93,0.87,0.79,1.02,0.96,0.92,0.74,0.71,1.06,0.93,0.79,1.61,3.32,4.03,4.15,4.09,3.56,3.47,3.60,3.43,3.38,3.49,3.56,3.29,3.28,2.99,2.06,1.03,0.28,0.37,0.17,0.32,0.18,0.08,0.02,-0.11,-0.03,-0.07,-0.21,-0.32,-0.48,-0.39,-0.43,-0.52,-0.52,-0.43,-0.23,-0.02,0.07,0.01,-0.08,-0.14,-0.71,-1.15,-1.63,-1.95,-2.02,-1.39,-0.39,0.33,0.48,0.12,0.27,0.33,0.37,0.41,0.38,0.34,0.65,0.53,0.38,0.44,0.81,1.17,1.02
1.45,1.49,1.51,1.62,1.67,1.56,1.44,1.57,1.36,1.35,1.42,1.45,1.46,1.42,1.02,1.00,0.98,1.02,1.04,0.95,0.64,0.65,0.53,0.43,0.45,0.54,0.63,0.60,0.40,0.64,0.87,0.82,0.44,0.43,0.61,0.60,0.49,0.50,0.64,0.76,0.72,0.58,0.74,0.67,0.50,0.66,0.80,0.84,0.66,0.65,0.69,0.63,0.66,1.07,2.29,3.48,3.87,3.88,3.81,3.90,3.71,3.55,3.53,3.61,3.59,3.49,3.63,3.60,3.37,3.02,1.95,0.69,0.44,0.54,0.77,1.04,0.74,0.96,0.96,1.01,1.17,1.08,1.11,0.90,0.86,1.18,1.00,1.01,1.01,0.90,0.77,0.92,0.87,1.03,1.03,0.88,1.75,3.43,4.06,4.03,3.88,3.55,3.38,3.29,3.11,3.08,3.22,3.31,2.90,3.02,2.89,2.25,1.19,0.49,0.46,0.30,0.30,0.14,0.01,-0.06,-0.08,-0.12,-0.14,-0.14,-0.22,-0.43,-0.22,-0.32,-0.29,-0.39,-0.37,-0.36,-0.13,0.01,-0.07,-0.08,0.02,-0.54,-1.14,-1.59,-1.85,-1.77,-1.01,0.01,0.48,0.46,0.45,0.50,0.53,0.50,0.48,0.59,0.61,0.70,0.72,0.70,0.80,1.20,1.53,1.42
1.55,1.41,1.68,1.67,1.56,1.45,1.36,1.60,1.33,1.31,1.47,1.55,1.45,1.34,0.98,0.93,0.93,1.01,1.08,0.93,0.46,0.40,0.33,0.41,0.44,0.56,0.65,0.54,0.48,0.65,0.71,0.76,0.43,0.51,0.59,0.50,0.49,0.54,0.64,0.84,0.74,0.49,0.65,0.55,0.59,0.56,0.87,0.81,0.65,0.69,0.67,0.60,0.66,1.07,2.23,3.44,3.91,3.90,3.69,3.56,3.43,3.43,3.53,3.47,3.14,3.24,3.38,3.29,3.47,3.37,2.20,0.56,0.43,0.60,0.79,0.85,0.92,1.17,1.08,1.06,0.84,1.06,1.09,1.06,0.95,1.15,1.03,1.01,1.02,0.92,0.85,0.95,1.01,0.91,1.06,1.01,1.51,2.92,3.78,3.83,3.75,3.62,3.44,3.32,3.29,3.19,3.10,3.16,2.89,2.58,2.36,1.88,1.12,0.37,0.38,0.24,0.28,0.28,0.10,-0.03,-0.06,-0.11,-0.13,-0.12,-0.19,-0.24,-0.33,-0.36,-0.26,-0.49,-0.41,-0.38,-0.21,-0.01,-0.07,-0.22,-0.14,-0.33,-0.86,-1.32,-1.38,-1.02,-0.37,0.29,0.58,0.54,0.66,0.56,0.61,0.67,0.65,0.61,0.58,0.74,0.92,1.04,1.23,1.62,1.91,1.88
1.38,1.30,1.71,1.61,1.56,1.55,1.31,1.49,1.45,1.41,1.36,1.31,1.29,1.01,0.90,1.01,0.86,1.02,1.23,0.90,0.44,0.65,0.27,0.51,0.37,0.32,0.48,0.50,0.46,0.59,0.59,0.56,0.43,0.40,0.49,0.54,0.63,0.65,0.65,0.72,0.58,0.53,0.76,0.50,0.67,0.43,0.71,0.70,0.60,0.69,0.69,0.61,0.59,0.90,2.09,3.34,3.80,3.80,3.61,3.60,3.44,3.56,3.63,3.52,3.22,3.37,3.53,3.23,3.63,3.16,2.01,0.69,0.46,0.51,0.64,0.82,0.97,1.18,0.96,1.09,0.97,1.00,0.92,1.03,0.92,0.96,0.92,0.87,1.12,0.93,0.98,1.06,0.91,0.77,0.88,0.71,0.79,1.96,2.72,2.92,2.86,2.59,2.29,2.14,2.19,2.14,2.08,2.08,2.16,2.25,1.30,1.38,0.82,0.10,0.39,0.10,0.25,0.20,0.13,-0.02,0.01,-0.01,-0.17,-0.26,-0.28,-0.37,-0.32,-0.29,-0.31,-0.56,-0.56,-0.46,-0.28,-0.19,-0.16,-0.12,-0.22,-0.33,-0.85,-0.95,-0.98,-0.63,-0.08,0.38,0.51,0.66,0.58,0.69,0.72,0.75,0.74,0.61,0.39,0.74,1.03,1.24,1.47,1.77,1.97,2.08
1.23,1.08,1.39,1.45,1.52,1.50,1.28,1.35,1.30,1.27,1.15,1.08,1.09,0.95,1.03,0.93,0.91,0.92,0.90,0.75,0.22,0.49,0.30,0.43,0.54,0.58,0.60,0.53,0.45,0.59,0.43,0.59,0.53,0.44,0.38,0.35,0.38,0.45,0.50,0.43,0.40,0.59,0.75,0.61,0.56,0.35,0.53,0.71,0.64,0.66,0.70,0.66,0.54,0.80,1.74,2.80,3.53,3.77,3.49,3.37,3.35,3.29,3.43,3.36,3.28,3.23,3.10,3.02,3.02,2.47,1.49,0.51,0.30,0.50,0.53,0.69,0.75,1.09,1.01,0.93,0.88,0.85,0.95,0.97,1.15,0.96,0.88,0.91,0.93,0.67,0.92,0.97,0.87,0.86,0.87,0.87,0.84,1.44,1.71,1.74,1.86,1.67,1.42,1.30,1.25,1.36,1.29,1.25,1.25,1.27,1.08,0.72,0.41,0.14,0.27,0.22,0.32,0.33,0.07,-0.02,-0.08,-0.16,-0.26,-0.41,-0.39,-0.43,-0.19,-0.28,-0.21,-0.47,-0.54,-0.54,-0.38,-0.28,-0.19,0.08,-0.11,-0.22,-0.62,-0.43,-0.52,-0.26,0.22,0.51,0.56,0.64,0.64,0.84,0.80,0.69,0.71,0.60,0.38,0.69,1.11,1.31,1.41,1.78,1.68,1.89
1.14,1.09,1.23,1.28,1.30,1.35,1.34,1.29,1.28,1.25,1.14,1.04,0.95,0.81,0.97,0.69,0.60,0.79,0.93,0.67,0.14,0.38,0.28,0.44,0.33,0.33,0.40,0.43,0.50,0.53,0.44,0.58,0.32,0.43,0.43,0.37,0.41,0.40,0.37,0.37,0.32,0.51,0.63,0.56,0.30,0.49,0.67,0.80,0.72,0.65,0.69,0.59,0.38,0.60,1.40,2.26,2.92,3.16,2.87,2.70,2.63,2.57,2.59,2.52,2.52,2.63,2.49,2.45,2.17,1.67,0.84,0.38,0.34,0.51,0.60,0.74,0.80,0.88,0.75,0.84,0.84,0.70,0.97,0.91,1.04,0.90,0.97,0.96,0.81,0.92,1.04,1.08,0.98,0.87,0.79,0.93,0.84,0.97,1.08,1.09,1.19,1.07,0.98,0.93,0.84,0.90,0.87,0.69,0.67,0.66,0.81,0.43,0.25,0.07,-0.04,0.32,0.37,0.27,0.02,-0.03,-0.08,-0.17,-0.22,-0.31,-0.47,-0.59,-0.21,-0.38,-0.33,-0.46,-0.62,-0.61,-0.29,-0.08,-0.07,0.12,0.07,0.12,-0.41,-0.02,-0.12,0.18,0.59,0.71,0.80,0.64,0.88,0.92,0.75,0.66,0.82,0.60,0.49,0.65,0.88,1.04,1.20,1.63,1.60,1.61
1.01,1.22,1.34,1.12,1.13,1.30,1.40,1.28,1.30,1.18,1.02,0.96,0.97,0.92,1.18,0.95,0.91,1.01,1.07,0.95,0.45,0.37,0.20,0.15,0.08,0.23,0.37,0.40,0.51,0.48,0.45,0.55,0.45,0.37,0.37,0.33,0.41,0.43,0.39,0.40,0.39,0.51,0.61,0.53,0.34,0.51,0.67,0.70,0.63,0.59,0.63,0.46,0.39,0.64,1.34,1.96,2.14,2.17,1.95,1.66,1.66,1.52,1.61,1.47,1.57,1.62,1.66,1.58,1.64,1.07,0.37,0.37,0.29,0.40,0.46,0.39,0.70,0.86,0.66,0.87,1.04,0.90,1.12,1.00,1.03,1.04,1.03,0.88,0.84,0.98,0.95,0.87,0.93,0.86,0.84,0.84,0.85,0.98,0.85,0.93,1.00,0.90,0.91,0.72,0.69,0.77,0.60,0.56,0.53,0.48,0.63,0.53,0.28,0.30,-0.01,0.41,0.41,0.29,-0.03,-0.13,-0.07,-0.12,-0.23,-0.32,-0.42,-0.56,-0.38,-0.26,-0.46,-0.46,-0.56,-0.57,-0.29,-0.07,-0.08,0.02,0.03,0.22,-0.32,0.12,0.17,0.45,0.79,0.81,0.96,0.74,0.85,0.87,0.77,0.70,0.71,0.54,0.65,0.70,0.70,0.75,0.98,1.55,1.71,1.49
1.01,1.07,1.27,1.11,1.17,1.33,1.34,1.29,1.25,1.13,1.07,1.09,1.17,1.13,1.31,1.02,1.02,1.12,1.15,1.02,0.60,0.50,0.04,0.33,0.25,0.24,0.34,0.37,0.19,0.27,0.61,0.56,0.59,0.49,0.27,0.22,0.40,0.48,0.40,0.45,0.49,0.60,0.79,0.79,0.32,0.64,0.65,0.53,0.63,0.60,0.66,0.55,0.60,0.90,1.35,1.57,1.56,1.55,1.30,1.01,1.09,1.03,1.12,0.97,0.88,0.98,0.95,1.00,1.25,1.00,0.27,0.45,0.37,0.34,0.53,0.71,0.91,1.02,0.75,0.76,1.13,0.91,0.98,1.13,1.13,1.11,1.12,1.01,1.02,0.97,0.96,1.06,0.92,0.93,0.98,0.97,0.81,0.77,0.90,0.91,0.81,0.81,0.77,0.58,0.58,0.66,0.53,0.33,0.34,0.28,0.65,0.76,0.30,0.46,0.34,0.54,0.40,0.20,0.01,-0.07,-0.09,-0.18,-0.27,-0.39,-0.52,-0.47,-0.42,-0.19,-0.32,-0.44,-0.51,-0.51,-0.36,-0.18,-0.12,-0.07,-0.09,0.07,-0.14,0.19,0.41,0.69,0.92,0.92,1.02,0.84,0.75,0.69,0.66,0.70,0.74,0.48,0.76,0.85,0.81,0.79,1.00,1.64,1.78,1.63
0.93,1.03,1.14,1.29,1.35,1.31,1.23,1.28,1.18,1.13,1.13,1.12,1.13,1.23,1.24,1.01,0.91,0.95,1.08,1.07,0.67,0.59,0.13,0.43,0.43,0.41,0.33,0.23,0.23,0.04,0.07,0.51,0.64,0.22,0.37,0.25,0.50,0.59,0.46,0.55,0.70,0.74,0.86,0.72,0.43,0.65,0.67,0.55,0.85,0.77,0.75,0.63,0.67,1.02,1.28,1.25,1.20,1.15,0.93,0.85,0.93,0.90,0.81,0.77,0.79,0.87,0.72,0.75,1.01,0.90,0.39,0.55,0.76,0.58,0.70,0.77,0.85,0.93,0.91,0.85,1.03,1.01,1.07,1.13,1.09,0.95,1.01,1.00,1.07,1.04,0.96,0.97,0.93,1.07,1.13,1.18,0.96,0.76,0.91,0.93,0.80,0.91,1.12,0.93,0.66,0.65,0.45,0.37,0.35,0.59,0.65,0.72,0.39,0.40,0.49,0.44,0.37,0.23,0.09,0.02,-0.13,-0.21,-0.23,-0.44,-0.58,-0.61,-0.49,-0.47,-0.23,-0.38,-0.57,-0.52,-0.31,-0.12,-0.07,-0.08,-0.08,-0.13,-0.09,0.25,0.43,0.67,1.01,1.12,1.12,0.95,0.91,0.87,0.81,0.74,0.69,0.70,0.76,0.90,0.87,0.79,0.96,1.12,1.44,1.55
1.02,0.95,1.29,1.38,1.42,1.36,1.23,1.31,1.12,1.00,1.08,1.11,1.08,1.20,1.18,1.01,0.88,0.92,1.04,0.93,0.46,0.59,0.27,0.25,0.29,0.22,0.32,0.44,0.23,0.24,0.48,0.39,0.38,0.28,0.51,0.45,0.60,0.65,0.51,0.54,0.55,0.40,0.56,0.48,0.51,0.65,0.64,0.60,0.77,0.82,0.72,0.56,0.64,0.77,0.79,0.88,1.00,0.84,0.66,0.75,0.80,0.69,0.64,0.64,0.76,0.76,0.67,0.69,0.79,0.77,0.69,0.81,0.93,0.87,0.87,0.81,0.96,1.02,1.02,1.06,1.06,1.06,1.07,1.06,1.08,0.87,0.86,0.90,1.03,1.13,1.03,1.04,1.08,1.07,1.01,1.09,1.09,0.91,0.74,0.70,0.66,0.59,0.66,0.63,0.54,0.61,0.53,0.48,0.51,0.76,0.58,0.63,0.51,0.45,0.45,0.41,0.30,0.17,0.07,-0.08,-0.17,-0.14,-0.19,-0.38,-0.48,-0.69,-0.58,-0.63,-0.31,-0.31,-0.51,-0.54,-0.36,-0.19,-0.14,0.01,-0.11,-0.24,-0.06,0.15,0.34,0.61,0.93,1.09,1.25,0.93,0.79,0.71,0.66,0.69,0.92,0.84,0.88,0.97,0.98,0.91,0.82,1.18,1.18,1.17
0.86,1.11,1.03,1.41,1.44,1.30,1.19,1.25,1.13,0.97,1.09,1.24,1.24,1.15,1.15,1.03,0.95,1.12,1.17,0.81,0.37,0.58,0.34,0.37,0.18,0.24,0.33,0.28,0.28,0.33,0.24,0.49,0.69,0.46,0.38,0.48,0.49,0.55,0.50,0.35,0.33,0.32,0.58,0.58,0.40,0.44,0.60,0.53,0.64,0.85,0.81,0.61,0.54,0.53,0.46,0.75,0.98,0.75,0.70,0.85,0.72,0.79,0.92,0.76,0.79,0.75,0.85,0.72,0.85,0.69,0.76,0.95,0.88,0.82,0.79,0.77,1.00,1.03,1.13,1.13,0.98,1.07,1.03,1.02,1.06,0.85,0.87,0.86,0.87,0.95,0.86,1.00,1.06,1.02,0.96,1.02,0.97,0.74,0.65,0.77,0.75,0.59,0.48,0.48,0.46,0.51,0.50,0.50,0.44,0.66,0.49,0.74,0.50,0.40,0.51,0.41,0.19,0.04,-0.02,-0.16,-0.19,-0.11,-0.21,-0.32,-0.34,-0.58,-0.54,-0.68,-0.44,-0.39,-0.59,-0.67,-0.52,-0.39,-0.37,-0.06,-0.07,-0.04,0.02,-0.32,-0.12,0.25,0.50,1.09,1.25,1.02,0.87,0.82,0.82,0.81,0.77,0.77,0.72,0.71,0.81,0.96,0.92,0.98,0.96,0.87
0.76,0.97,0.95,1.29,1.13,1.13,1.33,1.31,1.29,1.13,1.01,1.14,1.24,1.01,1.01,0.91,0.77,0.98,0.96,0.50,0.17,0.34,0.13,0.28,0.17,0.29,0.38,0.33,0.33,0.37,0.28,0.54,0.35,0.41,0.50,0.72,0.76,0.66,0.54,0.54,0.54,0.28,0.41,0.38,0.39,0.65,0.67,0.70,0.60,0.77,0.85,0.65,0.69,0.87,0.80,0.95,1.03,0.80,0.81,0.76,0.64,0.85,0.92,0.66,0.77,0.67,0.75,0.71,0.84,0.65,0.64,0.75,0.88,0.77,0.72,0.80,0.92,0.96,0.96,0.92,0.87,0.92,0.91,0.91,1.07,0.87,0.87,0.96,0.97,0.86,0.85,0.93,0.91,0.96,0.98,1.04,1.11,0.95,0.77,0.82,0.85,0.74,0.64,0.54,0.46,0.32,0.32,0.45,0.40,0.69,0.30,0.72,0.48,0.40,0.49,0.38,0.22,0.06,0.02,-0.11,-0.23,-0.17,-0.24,-0.46,-0.47,-0.49,-0.59,-0.73,-0.56,-0.57,-0.77,-0.85,-0.64,-0.42,-0.52,-0.27,-0.38,-0.26,-0.09,-0.51,-0.76,-0.28,0.56,0.90,1.31,1.08,0.88,0.91,0.90,0.72,0.98,0.70,0.60,0.70,0.85,0.91,0.76,0.85,0.72,0.85
0.77,0.84,1.02,1.30,1.13,1.04,1.11,1.04,0.69,0.84,0.79,0.80,0.74,0.56,0.69,0.56,0.41,0.65,0.69,0.35,0.14,0.18,0.07,0.13,0.13,0.23,0.22,0.20,0.25,0.28,0.40,0.54,0.40,0.27,0.35,0.46,0.43,0.41,0.28,0.12,0.24,0.39,0.37,0.27,0.38,0.65,0.75,0.50,0.64,0.72,0.81,0.58,0.58,0.84,0.88,0.86,0.81,0.74,0.71,0.46,0.49,0.79,0.72,0.65,0.86,0.81,0.72,0.77,0.76,0.70,0.61,0.70,0.82,0.75,0.61,1.01,0.87,1.09,0.86,0.92,0.97,1.09,1.01,0.84,0.88,0.85,0.92,0.93,0.91,0.92,0.96,0.95,1.04,1.14,1.12,1.11,1.11,1.02,0.92,0.87,0.77,0.76,0.79,0.53,0.50,0.48,0.44,0.30,0.37,0.60,0.25,0.40,0.48,0.40,0.43,0.37,0.28,0.14,0.04,-0.11,-0.26,-0.23,-0.22,-0.57,-0.83,-0.44,-0.53,-0.47,-0.57,-0.58,-0.62,-0.66,-0.54,-0.33,-0.21,-0.03,-0.08,-0.17,-0.36,-0.48,-0.46,-0.17,0.38,0.95,0.98,0.88,0.91,0.88,0.75,0.71,0.96,0.82,0.64,0.61,0.72,0.76,0.63,0.77,0.65,0.84
0.84,0.75,1.03,0.87,0.67,0.80,1.01,0.97,0.92,0.70,0.65,0.54,0.37,0.28,0.45,0.32,0.18,0.51,0.59,0.39,0.27,0.25,0.12,0.23,0.23,0.30,0.27,0.27,0.33,0.29,0.32,0.48,0.28,0.10,0.32,0.59,0.70,0.63,0.56,0.49,0.41,0.38,0.23,0.40,0.46,0.50,0.58,0.63,0.63,0.86,0.92,0.80,0.65,0.80,0.92,1.07,0.96,0.82,0.90,0.69,0.69,0.92,0.96,1.00,1.15,1.08,1.02,0.88,0.80,0.74,0.72,0.81,0.81,0.66,0.69,0.98,0.82,0.91,0.79,0.92,0.81,1.08,0.90,0.66,0.64,0.76,0.82,0.77,0.82,0.90,0.98,0.88,1.04,1.03,1.04,1.00,0.80,0.65,0.61,0.66,0.55,0.53,0.63,0.44,0.35,0.38,0.39,0.19,0.18,0.33,0.12,0.22,0.37,0.22,0.25,0.27,0.17,0.03,-0.11,-0.17,-0.23,-0.29,-0.26,-0.47,-0.73,-0.54,-0.41,-0.34,-0.54,-0.72,-0.75,-0.73,-0.64,-0.34,-0.24,-0.09,-0.23,-0.14,-0.57,-0.62,-0.54,-0.39,0.22,0.71,0.92,1.00,0.98,0.80,0.63,0.82,0.77,0.82,0.59,0.54,0.65,0.63,0.64,0.55,0.56,0.69
0.72,0.61,1.01,0.66,0.58,0.70,0.67,0.46,0.63,0.43,-0.12,-0.28,-0.12,0.13,0.28,0.07,-0.19,0.10,0.25,0.18,0.20,0.32,0.18,0.39,0.39,0.43,0.39,0.37,0.37,0.29,0.30,0.32,0.20,-0.09,0.39,0.38,0.55,0.64,0.45,0.30,0.34,0.33,0.35,0.34,0.33,0.38,0.59,0.34,0.28,0.48,0.81,0.72,0.51,0.58,0.85,0.96,0.92,0.97,1.00,0.96,0.90,0.87,0.86,0.88,1.04,0.92,1.01,0.77,0.75,0.74,0.76,0.70,0.92,0.72,0.77,0.81,0.79,0.80,0.72,0.88,0.63,0.97,0.72,0.61,0.66,0.75,0.69,0.67,0.85,0.76,0.87,0.85,0.88,0.84,0.91,0.87,0.70,0.60,0.51,0.59,0.55,0.43,0.39,0.33,0.22,0.13,0.18,0.14,-0.08,0.12,-0.07,0.10,0.22,0.12,0.14,0.13,0.07,-0.08,-0.21,-0.28,-0.33,-0.39,-0.33,-0.56,-0.56,-0.77,-0.73,-0.58,-0.53,-0.69,-0.83,-0.87,-0.81,-0.52,-0.71,-0.18,-0.09,-0.27,-0.66,-0.68,-0.57,-0.51,0.12,0.85,0.93,0.86,0.77,0.72,0.76,0.82,0.80,0.59,0.50,0.50,0.58,0.59,0.66,0.59,0.55,0.58
0.51,0.35,0.53,0.33,0.38,0.40,0.34,0.29,0.22,0.20,-0.23,-0.37,-0.28,-0.07,0.14,0.07,-0.36,-0.17,0.13,0.22,0.19,0.38,0.34,0.48,0.44,0.55,0.45,0.32,0.40,0.50,0.39,0.40,0.30,-0.11,0.37,0.39,0.48,0.38,0.29,0.28,0.28,0.34,0.34,0.24,0.37,0.56,0.33,0.44,0.41,0.41,0.58,0.64,0.61,0.53,0.72,0.75,0.75,0.91,0.85,0.74,0.65,0.56,0.65,0.67,0.75,0.76,0.74,0.54,0.66,0.70,0.69,0.50,0.85,0.70,0.44,0.58,0.75,0.80,0.75,0.86,0.65,0.96,0.59,0.60,0.63,0.77,0.61,0.45,0.60,0.56,0.64,0.66,0.67,0.72,0.80,0.71,0.66,0.53,0.35,0.44,0.43,0.28,0.20,0.30,0.20,0.19,0.19,0.02,-0.17,-0.06,-0.03,-0.13,0.08,0.09,0.18,0.13,0.06,0.01,-0.26,-0.48,-0.27,-0.21,-0.32,-0.42,-0.57,-0.66,-0.67,-0.59,-0.47,-0.53,-0.62,-0.63,-0.69,-0.62,-0.26,-0.19,-0.11,-0.11,-0.33,-0.63,-0.63,-0.29,0.14,0.76,0.91,1.04,0.95,0.85,0.93,0.85,0.86,0.71,0.63,0.58,0.51,0.56,0.67,0.74,0.64,0.60
0.59,0.49,0.49,0.35,0.27,0.23,0.15,0.03,0.04,0.04,0.06,0.25,0.28,0.10,-0.02,0.06,-0.14,0.13,0.27,0.29,0.38,0.59,0.48,0.67,0.50,0.66,0.53,0.34,0.44,0.59,0.54,0.45,0.49,0.19,0.24,0.46,0.45,0.39,0.45,0.35,0.13,0.14,0.20,0.24,0.33,0.33,0.39,0.46,0.24,0.14,0.13,0.18,0.45,0.38,0.41,0.54,0.67,0.67,0.67,0.69,0.48,0.40,0.50,0.50,0.51,0.56,0.51,0.34,0.50,0.41,0.49,0.41,0.55,0.37,0.23,0.35,0.55,0.50,0.55,0.61,0.55,0.70,0.29,0.34,0.35,0.56,0.46,0.24,0.34,0.29,0.37,0.43,0.48,0.59,0.66,0.60,0.51,0.24,0.02,0.15,0.23,0.03,-0.02,0.18,0.01,0.07,-0.02,-0.12,-0.26,-0.31,-0.18,-0.32,-0.09,-0.23,-0.19,-0.09,-0.31,-0.37,-0.31,-0.42,-0.42,-0.46,-0.61,-0.51,-0.69,-0.82,-0.69,-0.71,-0.53,-0.48,-0.64,-0.75,-0.67,-0.29,-0.38,-0.37,-0.02,-0.36,-0.62,-0.56,-0.38,-0.22,0.17,0.48,0.70,0.97,1.09,1.06,1.00,0.87,0.82,0.80,0.72,0.64,0.58,0.51,0.70,0.70,0.67,0.67
0.71,0.58,0.64,0.67,0.63,0.55,0.45,0.41,0.43,0.74,0.70,0.54,0.48,0.46,0.33,0.54,0.41,0.65,0.71,0.56,0.53,0.88,0.84,0.81,0.46,0.64,0.56,0.40,0.38,0.44,0.39,0.33,0.41,0.35,0.27,0.41,0.33,0.34,0.35,0.27,0.15,0.09,0.12,0.15,0.12,0.49,0.22,0.06,0.07,-0.04,0.18,0.20,0.40,0.34,0.43,0.41,0.34,0.33,0.25,0.29,0.27,0.22,0.38,0.32,0.39,0.35,0.29,0.27,0.32,0.27,0.38,0.37,0.30,0.13,0.20,0.33,0.33,0.18,0.24,0.29,0.27,0.29,0.02,0.15,0.17,0.28,0.33,0.18,0.23,0.18,0.25,0.44,0.44,0.44,0.53,0.51,0.35,0.14,0.02,0.10,0.17,-0.02,-0.13,-0.08,-0.23,-0.09,-0.28,-0.32,-0.32,-0.46,-0.42,-0.47,-0.34,-0.39,-0.41,-0.31,-0.38,-0.48,-0.47,-0.51,-0.48,-0.49,-0.48,-0.43,-0.66,-0.66,-0.56,-0.68,-0.73,-0.59,-0.63,-0.91,-0.82,-0.44,-0.28,-0.38,-0.11,-0.28,-0.39,-0.32,-0.22,-0.07,0.18,0.37,0.71,0.90,1.00,1.03,0.87,0.76,0.75,0.64,0.59,0.63,0.66,0.49,0.67,0.84,0.97,1.01
0.54,0.39,0.65,0.90,1.03,0.81,0.71,0.74,0.81,1.12,0.74,0.64,0.55,0.44,0.46,0.71,0.34,0.46,0.81,0.97,0.86,0.81,0.77,0.84,0.49,0.64,0.60,0.38,0.35,0.39,0.20,0.30,0.22,0.41,0.37,0.35,0.37,0.40,0.34,0.20,0.12,0.12,0.06,0.12,0.20,0.24,0.27,-0.02,0.04,-0.32,-0.22,-0.03,0.13,0.15,0.10,0.07,0.12,0.25,0.33,0.28,0.18,0.17,0.14,0.14,0.08,0.06,0.08,0.17,0.27,0.39,0.35,0.29,0.15,0.15,0.10,0.25,0.19,-0.03,0.17,0.18,0.10,0.10,0.01,0.14,0.09,0.20,0.25,0.15,0.15,0.14,0.17,0.34,0.32,0.33,0.34,0.22,0.12,0.07,-0.01,-0.07,-0.02,-0.14,-0.17,-0.31,-0.32,-0.13,-0.29,-0.63,-0.47,-0.36,-0.51,-0.38,-0.39,-0.39,-0.51,-0.28,-0.24,-0.52,-0.76,-0.75,-0.49,-0.62,-0.69,-0.63,-0.62,-0.86,-0.66,-0.63,-0.71,-0.72,-0.85,-0.98,-0.77,-0.57,-0.51,-0.29,-0.17,-0.36,-0.46,-0.23,0.01,0.07,0.23,0.65,0.92,1.00,0.95,0.86,0.67,0.70,0.77,0.72,0.67,0.71,0.79,0.58,0.74,0.81,0.97,1.04
0.63,0.61,0.87,1.03,1.17,1.00,0.88,0.84,0.81,1.14,0.91,0.80,0.76,0.71,0.67,0.72,0.58,0.72,0.96,0.95,0.86,0.88,0.61,0.71,0.72,0.75,0.54,0.34,0.48,0.56,0.29,0.33,0.15,0.45,0.50,0.43,0.53,0.43,0.28,0.17,0.10,0.08,0.06,0.06,-0.03,0.12,-0.24,-0.22,-0.23,-0.18,-0.06,-0.08,0.17,-0.11,-0.14,-0.02,-0.03,-0.11,-0.12,-0.16,-0.32,-0.33,-0.18,-0.08,-0.14,-0.13,-0.11,-0.08,0.04,0.24,-0.04,0.18,0.04,0.01,0.01,-0.02,-0.17,-0.08,0.08,0.14,0.15,0.13,0.02,0.03,-0.01,0.14,0.06,0.14,0.13,-0.02,-0.03,0.10,0.15,0.23,0.23,0.09,0.01,-0.11,-0.17,-0.16,0.01,-0.09,-0.18,-0.46,-0.71,-0.44,-0.36,-0.69,-0.51,-0.48,-0.38,-0.47,-0.57,-0.42,-0.38,-0.23,-0.24,-0.53,-0.73,-0.90,-0.72,-0.78,-0.86,-0.75,-0.68,-0.88,-0.77,-0.72,-0.68,-0.66,-0.80,-0.86,-0.72,-0.62,-0.48,-0.18,-0.12,-0.39,-0.49,-0.28,-0.11,-0.08,0.08,0.74,1.08,1.04,0.91,0.87,0.70,0.80,0.80,0.82,0.88,0.84,0.63,0.72,0.87,0.91,0.92,0.90
0.80,0.91,1.13,1.25,1.30,1.20,1.02,0.85,0.84,1.13,0.79,0.93,1.04,0.90,0.69,0.67,0.72,0.76,1.08,0.97,0.66,0.74,0.72,0.61,0.67,0.85,0.48,0.35,0.44,0.43,0.27,0.24,0.17,0.41,0.48,0.49,0.50,0.23,0.07,0.09,0.09,-0.07,-0.22,-0.18,-0.11,0.09,-0.12,-0.46,-0.33,-0.36,-0.13,0.02,-0.16,-0.36,-0.33,-0.31,-0.23,-0.14,-0.13,-0.33,-0.52,-0.43,-0.32,-0.27,-0.24,-0.37,-0.28,-0.04,-0.28,-0.08,-0.26,0.07,-0.14,-0.16,-0.12,-0.27,-0.29,-0.24,-0.07,-0.11,0.09,0.03,-0.11,-0.16,0.01,0.08,-0.08,-0.01,0.02,-0.01,0.02,0.12,0.09,0.12,0.13,0.02,-0.16,-0.37,-0.29,-0.18,-0.21,-0.28,-0.27,-0.43,-0.81,-0.58,-0.66,-0.59,-0.57,-0.68,-0.47,-0.47,-0.42,-0.51,-0.63,-0.48,-0.32,-0.39,-0.71,-0.95,-0.77,-0.80,-0.69,-0.91,-0.75,-0.80,-0.75,-0.69,-0.69,-0.71,-0.68,-0.67,-0.77,-0.62,-0.58,-0.33,-0.16,-0.28,-0.38,-0.29,-0.33,-0.36,-0.14,0.43,0.97,1.00,0.75,0.87,0.76,0.75,1.01,0.91,0.63,0.58,0.71,0.86,0.77,0.91,1.00,0.82
0.87,0.93,1.09,1.14,1.11,0.96,0.88,0.95,1.01,1.01,0.51,1.07,1.06,0.74,0.51,0.56,0.59,0.70,0.95,0.72,0.53,0.67,0.67,0.61,0.79,0.64,0.55,0.38,0.34,0.41,0.39,0.34,0.43,0.41,0.35,0.38,0.35,0.14,0.04,0.12,0.10,-0.04,-0.19,-0.21,-0.08,0.01,-0.08,-0.31,-0.38,-0.33,-0.03,-0.16,-0.14,-0.26,-0.32,-0.27,-0.41,-0.43,-0.57,-0.75,-0.75,-0.78,-0.69,-0.63,-0.57,-0.58,-0.71,-0.47,-0.62,-0.68,-0.78,-0.48,-0.54,-0.53,-0.57,-0.51,-0.48,-0.54,-0.23,-0.22,-0.04,-0.12,-0.04,-0.07,0.10,0.03,-0.16,-0.09,-0.07,-0.04,0.01,0.06,0.02,0.02,0.04,-0.03,-0.09,-0.24,-0.23,-0.24,-0.08,-0.23,-0.26,-0.34,-0.76,-0.48,-0.78,-0.57,-0.57,-0.52,-0.56,-0.37,-0.38,-0.48,-0.58,-0.36,-0.26,-0.54,-0.69,-0.73,-0.44,-0.41,-0.49,-0.49,-0.51,-0.61,-0.57,-0.62,-0.71,-0.68,-0.62,-0.66,-0.87,-0.61,-0.57,-0.38,-0.26,-0.27,-0.34,-0.31,-0.31,-0.33,-0.03,0.46,0.88,1.00,0.74,0.53,0.60,0.60,0.69,0.72,0.67,0.61,0.55,0.65,0.69,0.61,0.69,0.96
1.04,1.22,1.20,1.18,1.07,0.77,1.04,1.13,0.93,0.93,0.75,0.98,0.84,0.61,0.58,0.76,0.43,0.91,0.97,0.75,0.64,0.74,0.88,0.85,0.97,0.77,0.71,0.54,0.49,0.45,0.45,0.50,0.38,0.44,0.49,0.35,0.39,0.25,0.13,0.09,0.04,-0.09,-0.18,-0.14,-0.12,-0.02,-0.28,-0.13,-0.41,-0.31,-0.14,-0.43,-0.53,-0.43,-0.68,-0.97,-1.14,-1.35,-1.43,-1.51,-1.57,-1.30,-1.26,-1.22,-1.14,-0.97,-1.22,-0.98,-0.95,-1.06,-1.21,-1.14,-1.00,-1.24,-1.12,-0.93,-0.83,-0.83,-0.37,-0.29,-0.07,-0.16,-0.18,-0.27,-0.08,-0.09,-0.16,-0.24,-0.12,0.01,-0.07,-0.11,-0.09,0.03,0.10,-0.02,-0.23,-0.41,-0.43,-0.41,-0.36,-0.37,-0.58,-0.51,-0.78,-0.57,-0.38,-0.61,-0.87,-0.64,-0.71,-0.56,-0.38,-0.52,-0.48,-0.42,-0.57,-0.66,-0.57,-0.78,-0.46,-0.24,-0.54,-0.37,-0.52,-0.57,-0.52,-0.53,-0.57,-0.48,-0.36,-0.49,-0.73,-0.51,-0.37,-0.33,-0.34,-0.34,-0.33,-0.33,-0.18,0.09,0.48,0.85,1.07,1.11,0.95,0.61,0.74,0.53,0.54,0.61,0.64,0.70,0.70,0.55,0.58,0.61,0.65,0.87
1.02,1.13,1.25,1.39,1.08,0.98,0.96,0.80,0.74,0.88,0.95,0.74,0.71,0.67,0.75,0.77,0.35,0.71,0.75,0.69,0.70,0.76,0.72,0.69,0.67,0.69,0.64,0.60,0.49,0.51,0.49,0.32,0.34,0.53,0.39,0.37,0.45,0.20,0.13,-0.03,-0.14,-0.24,-0.22,-0.04,-0.03,0.01,-0.42,-0.38,-0.31,-0.23,-0.14,-0.46,-0.53,-0.53,-0.91,-1.32,-1.44,-1.53,-1.74,-1.78,-1.65,-1.62,-1.59,-1.59,-1.46,-1.21,-1.39,-1.19,-1.34,-1.24,-1.01,-1.19,-1.32,-1.39,-1.44,-1.01,-0.88,-0.46,-0.27,-0.27,0.03,-0.22,-0.21,-0.36,-0.11,-0.01,-0.18,-0.23,0.01,0.13,-0.11,-0.18,-0.14,-0.23,-0.22,-0.22,-0.26,-0.32,-0.38,-0.41,-0.21,-0.54,-0.63,-0.66,-0.66,-0.66,-0.56,-0.31,-0.83,-0.59,-0.42,-0.46,-0.37,-0.47,-0.56,-0.51,-0.63,-0.68,-0.38,-0.53,-0.28,-0.39,-0.46,-0.53,-0.59,-0.61,-0.47,-0.42,-0.47,-0.37,-0.23,-0.46,-0.68,-0.41,-0.31,-0.33,-0.42,-0.37,-0.23,-0.27,-0.06,0.37,0.64,0.81,0.90,0.98,1.07,0.88,0.88,0.76,0.70,0.66,0.61,0.49,0.65,0.66,0.63,0.58,0.53,0.70
1.12,0.98,0.93,1.00,0.76,0.87,0.81,0.70,0.58,0.56,0.90,0.79,0.61,0.67,0.67,0.50,0.43,0.64,0.71,0.79,0.93,0.93,0.75,0.61,0.77,0.69,0.69,0.79,0.67,0.59,0.45,0.33,0.41,0.33,0.27,0.15,0.38,0.25,0.15,-0.06,-0.12,-0.12,-0.08,0.02,-0.02,0.03,-0.29,-0.53,-0.27,-0.22,-0.41,-0.41,-0.48,-0.63,-1.11,-1.36,-1.55,-1.74,-2.01,-1.91,-1.67,-1.74,-1.65,-1.71,-1.65,-1.62,-1.77,-1.65,-1.40,-1.30,-1.34,-1.49,-1.51,-1.14,-1.16,-0.97,-0.68,-0.68,-0.39,-0.41,-0.32,-0.31,-0.26,-0.33,-0.22,-0.13,-0.21,-0.13,-0.02,-0.11,-0.14,-0.13,-0.06,0.02,-0.07,-0.07,-0.13,-0.22,-0.26,-0.39,-0.39,-0.39,-0.32,-0.58,-0.66,-0.68,-0.52,-0.51,-0.59,-0.48,-0.37,-0.12,0.06,-0.02,-0.11,-0.18,-0.49,-0.82,-0.49,-0.73,-0.44,-0.47,-0.51,-0.49,-0.57,-0.61,-0.41,-0.34,-0.44,-0.32,-0.33,-0.58,-0.82,-0.44,-0.41,-0.36,-0.37,-0.32,-0.22,-0.31,-0.06,0.49,0.79,1.06,1.09,1.00,0.98,0.76,0.82,0.79,0.72,0.64,0.53,0.45,0.44,0.50,0.56,0.50,0.40,0.63
1.08,0.96,0.97,1.08,0.92,0.71,0.86,0.75,0.72,0.96,0.92,0.63,0.44,0.64,0.61,0.37,0.43,0.74,0.65,0.75,0.92,0.97,0.85,0.77,0.93,0.75,0.81,0.66,0.55,0.44,0.30,0.27,0.35,0.35,0.32,0.18,0.33,0.12,0.06,0.07,-0.04,-0.09,-0.03,-0.06,-0.14,-0.12,-0.17,-0.37,-0.41,-0.23,-0.44,-0.37,-0.51,-0.69,-0.96,-1.10,-1.25,-1.39,-1.45,-1.31,-1.16,-1.20,-1.32,-1.35,-1.12,-1.05,-0.81,-0.82,-0.64,-0.59,-0.83,-0.09,-0.52,-0.17,-0.17,0.02,-0.04,-0.53,-0.43,-0.54,-0.34,-0.22,0.04,-0.17,-0.16,-0.23,-0.26,-0.27,-0.22,-0.03,-0.01,-0.14,-0.11,-0.16,-0.27,-0.08,-0.19,-0.26,-0.09,-0.03,0.34,0.19,0.23,0.23,0.32,0.60,0.60,0.33,0.41,0.50,0.67,0.88,1.22,1.13,0.60,0.19,-0.09,-0.52,-0.46,-0.66,-0.42,-0.27,-0.38,-0.17,-0.31,-0.42,-0.32,-0.26,-0.32,-0.21,-0.36,-0.47,-0.82,-0.43,-0.42,-0.41,-0.36,-0.29,-0.24,-0.36,0.32,0.59,0.77,0.95,0.97,0.92,0.96,0.72,0.93,0.79,0.70,0.65,0.50,0.55,0.35,0.38,0.50,0.50,0.40,0.69
1.02,1.06,1.08,1.01,0.80,0.54,0.45,0.49,0.54,0.50,0.44,0.50,0.58,0.49,0.35,0.24,0.19,0.44,0.45,0.61,0.81,0.90,0.87,0.93,1.09,0.71,0.87,0.71,0.55,0.40,0.28,0.22,0.24,0.25,0.04,0.50,0.40,0.25,0.15,0.22,0.01,-0.13,-0.04,-0.06,-0.24,-0.27,-0.17,-0.31,-0.41,-0.14,-0.19,-0.37,-0.44,-0.48,-0.66,-0.68,-0.66,-0.63,-0.76,-0.58,-0.26,-0.19,-0.19,-0.37,-0.22,-0.27,-0.23,-0.11,-0.04,-0.07,-0.24,0.34,0.27,0.13,-0.11,0.32,0.06,-0.21,-0.54,-0.36,-0.11,-0.21,-0.36,-0.36,-0.16,-0.08,-0.13,-0.13,-0.18,-0.21,-0.16,-0.07,-0.09,-0.26,-0.08,0.15,0.09,0.54,0.90,1.20,1.55,1.52,1.33,1.45,1.58,1.99,1.91,1.61,1.69,1.79,1.80,1.95,2.23,2.05,1.31,0.45,-0.04,-0.22,-0.27,-0.52,-0.27,-0.09,-0.21,-0.04,-0.08,-0.19,-0.18,-0.22,-0.27,-0.21,-0.36,-0.26,-0.71,-0.58,-0.48,-0.36,-0.22,-0.14,-0.13,0.02,0.53,0.61,0.51,0.82,1.06,0.88,1.03,0.69,0.84,0.81,0.72,0.67,0.51,0.67,0.49,0.51,0.58,0.54,0.41,0.72
1.03,1.08,1.04,0.88,0.61,0.22,0.38,0.44,0.35,0.29,0.40,0.48,0.59,0.38,0.40,0.56,0.51,0.49,0.69,0.69,0.80,0.80,0.72,0.81,0.93,0.58,0.74,0.74,0.59,0.41,0.39,0.33,0.10,-0.02,0.07,0.41,0.20,0.29,0.18,-0.03,-0.12,0.04,-0.02,-0.24,-0.24,-0.14,-0.16,-0.37,-0.34,-0.09,-0.06,-0.43,-0.41,-0.23,-0.43,-0.32,-0.23,-0.16,-0.39,-0.17,0.25,0.32,0.34,0.18,0.15,0.41,0.58,0.50,0.58,0.44,0.54,0.64,0.77,0.49,0.61,0.37,0.18,-0.04,-0.39,-0.47,-0.27,-0.08,-0.12,-0.21,-0.09,0.04,-0.09,-0.21,-0.08,-0.03,-0.03,0.13,0.24,0.01,-0.11,0.15,0.23,0.54,1.13,2.16,2.86,2.26,2.68,2.54,2.48,2.94,2.59,2.11,2.23,2.45,2.34,2.22,2.33,2.17,1.55,0.74,-0.03,-0.28,-0.18,-0.28,-0.13,-0.09,-0.26,-0.26,-0.26,-0.18,-0.13,-0.22,-0.43,-0.29,-0.27,-0.21,-0.67,-0.68,-0.51,-0.32,-0.21,-0.18,-0.13,0.12,0.10,0.28,0.70,0.96,0.97,0.80,0.95,0.72,0.70,0.74,0.74,0.72,0.63,0.79,0.64,0.60,0.60,0.49,0.43,0.58
0.92,0.88,0.91,0.79,0.46,0.18,0.29,0.27,0.18,0.14,0.25,0.37,0.33,0.24,0.30,0.28,0.14,0.45,0.67,0.44,0.55,0.58,0.55,0.60,0.71,0.49,0.51,0.61,0.46,0.33,0.32,0.28,0.20,0.27,0.34,0.13,0.19,-0.02,-0.06,-0.07,-0.09,-0.22,-0.27,-0.23,-0.17,-0.14,-0.17,-0.34,-0.27,-0.21,-0.02,-0.37,-0.29,-0.18,-0.23,-0.22,-0.08,0.07,0.15,0.61,1.13,1.19,1.14,1.20,1.42,1.73,1.83,1.84,2.19,2.43,2.36,2.76,2.78,2.30,1.09,0.29,0.12,0.04,-0.23,-0.13,-0.14,0.02,0.19,-0.02,-0.13,-0.04,-0.04,-0.11,-0.16,-0.09,-0.06,0.09,0.18,-0.01,0.09,0.24,0.28,0.35,0.86,2.26,2.78,2.57,3.14,2.86,2.69,2.68,2.55,2.29,2.41,2.48,2.34,2.24,2.26,2.07,1.50,0.74,0.02,-0.39,-0.32,-0.08,-0.07,-0.18,-0.36,-0.36,-0.33,-0.23,-0.12,-0.22,-0.27,-0.21,-0.34,-0.28,-0.58,-0.59,-0.46,-0.32,-0.14,-0.03,-0.21,0.15,0.01,0.18,0.70,0.96,0.85,0.79,0.88,0.80,0.76,0.70,0.72,0.84,0.79,0.77,0.59,0.43,0.43,0.51,0.46,0.58
0.69,0.60,0.67,0.64,0.43,0.22,0.28,0.23,0.27,0.32,0.32,0.37,0.17,0.18,0.30,0.25,0.13,0.41,0.64,0.43,0.39,0.56,0.63,0.60,0.63,0.46,0.50,0.45,0.35,0.24,0.19,0.13,0.12,0.20,0.34,0.44,0.43,0.28,-0.11,0.02,0.03,0.07,0.02,0.01,-0.02,-0.18,-0.27,-0.27,-0.12,-0.24,0.09,-0.17,-0.14,-0.11,-0.14,-0.21,0.09,0.35,0.65,1.75,2.82,3.08,3.16,3.32,3.56,3.83,3.80,3.86,4.23,4.35,4.20,4.62,4.05,3.14,1.41,0.55,0.51,0.34,0.33,0.13,0.06,0.08,0.24,0.24,0.13,-0.04,-0.11,-0.13,-0.12,-0.07,0.02,0.12,0.10,0.09,0.24,0.25,0.25,0.09,0.77,2.30,2.88,2.82,3.22,3.07,2.48,2.59,2.47,2.34,2.25,2.26,2.31,2.39,2.37,2.09,1.51,0.80,0.03,-0.24,-0.41,-0.21,-0.13,-0.24,-0.24,-0.16,-0.08,-0.02,0.07,-0.09,-0.17,-0.24,-0.34,-0.31,-0.59,-0.53,-0.44,-0.47,-0.37,-0.18,-0.34,0.13,0.19,0.25,0.56,0.81,0.80,0.82,0.92,0.84,0.82,0.81,0.74,0.82,0.65,0.70,0.59,0.49,0.44,0.34,0.33,0.30
0.41,0.53,0.60,0.58,0.39,0.15,0.48,0.25,0.30,0.40,0.34,0.32,0.15,0.12,0.24,0.23,0.25,0.63,0.49,0.56,0.59,0.61,0.55,0.48,0.45,0.48,0.58,0.37,0.22,0.19,0.14,0.08,0.04,0.07,0.24,0.50,0.34,0.22,0.17,0.09,-0.01,-0.13,-0.01,0.08,-0.08,-0.19,-0.17,0.06,-0.08,-0.18,0.19,-0.17,-0.19,-0.03,-0.12,-0.13,0.25,0.44,0.65,2.30,4.00,4.48,4.45,4.36,4.39,4.64,4.55,4.47,4.77,4.89,4.51,4.52,4.02,3.04,1.53,0.60,0.46,0.19,0.35,0.34,0.10,0.04,0.20,0.24,0.19,0.14,0.15,-0.01,-0.03,0.08,0.09,0.10,0.18,0.10,0.09,0.20,0.33,0.08,0.80,1.88,2.78,2.95,2.80,2.51,2.13,2.39,2.47,2.25,2.08,2.19,2.29,2.37,2.37,2.02,1.52,0.88,0.01,-0.08,-0.23,-0.23,-0.19,-0.17,-0.12,-0.07,-0.06,-0.04,-0.01,-0.17,-0.28,0.04,0.01,-0.04,-0.32,-0.56,-0.56,-0.52,-0.48,-0.03,-0.06,0.23,0.30,0.43,0.61,0.77,0.82,0.86,0.88,0.81,0.75,0.74,0.72,0.67,0.60,0.46,0.50,0.44,0.24,0.34,0.24,0.40
0.50,0.50,0.39,0.37,0.40,0.40,0.54,0.20,0.29,0.38,0.33,0.27,0.38,0.27,0.29,0.18,0.20,0.50,0.59,0.60,0.65,0.33,0.33,0.49,0.49,0.48,0.35,0.22,0.03,0.12,0.04,-0.02,0.04,0.19,0.35,0.56,0.24,0.04,0.03,-0.02,-0.04,-0.02,0.14,0.10,0.01,0.13,0.19,0.24,0.06,-0.02,0.03,-0.23,-0.04,-0.06,-0.01,0.03,0.30,0.35,0.50,2.09,3.85,4.48,4.45,4.19,3.99,4.11,3.87,3.60,3.77,4.00,3.65,3.40,2.94,2.22,1.08,0.48,0.58,0.35,0.35,0.17,0.12,0.23,0.32,0.45,0.48,0.48,0.45,0.18,0.03,0.08,0.07,0.07,0.08,0.14,0.13,0.18,0.27,0.30,0.65,1.61,2.51,2.82,2.58,2.26,2.02,2.08,2.25,2.07,2.02,2.16,2.17,2.24,2.24,1.85,1.38,0.64,-0.14,-0.12,-0.21,0.06,-0.11,-0.04,0.07,-0.03,-0.12,-0.07,-0.06,-0.13,-0.13,-0.06,-0.04,-0.11,-0.38,-0.46,-0.47,-0.54,-0.51,-0.11,0.12,0.23,0.20,0.34,0.61,0.84,0.86,0.87,0.79,0.74,0.79,0.75,0.61,1.01,0.74,0.65,0.51,0.46,0.60,0.53,0.48,0.49
0.75,0.51,0.32,0.39,0.46,0.41,0.51,0.45,0.55,0.58,0.46,0.34,0.39,0.44,0.46,0.38,0.39,0.56,0.60,0.38,0.48,0.64,0.61,0.55,0.55,0.41,0.17,-0.11,0.01,-0.03,-0.01,-0.08,0.07,0.23,0.29,0.55,0.24,-0.03,-0.08,-0.27,-0.23,-0.03,0.20,0.10,0.01,0.07,0.01,-0.07,-0.34,-0.14,-0.37,-0.13,0.23,0.12,0.07,0.25,0.40,0.41,0.56,1.71,2.89,3.46,3.53,3.22,3.02,3.00,2.68,2.48,2.51,2.59,2.34,2.30,1.96,1.53,0.85,0.56,0.63,0.49,0.33,0.18,0.24,0.25,0.22,0.41,0.51,0.39,0.28,0.10,0.04,0.12,0.14,0.14,0.12,0.29,0.25,0.28,0.18,0.32,0.53,1.61,2.40,2.69,2.68,2.42,2.07,1.99,2.12,1.97,1.94,2.05,2.03,2.11,2.17,1.82,1.29,0.35,-0.03,-0.19,-0.21,-0.26,-0.37,-0.29,-0.13,-0.02,-0.06,-0.18,-0.17,-0.13,-0.22,0.07,-0.12,-0.24,-0.37,-0.39,-0.41,-0.51,-0.48,-0.24,0.02,0.25,0.12,0.08,0.35,0.80,0.87,0.79,0.79,0.66,0.69,0.76,0.48,0.45,0.54,0.44,0.38,0.41,0.58,0.44,0.50,0.49
0.58,0.66,0.50,0.50,0.58,0.61,0.55,0.43,0.75,0.90,0.82,0.64,0.41,0.69,0.82,0.76,0.87,1.13,1.08,0.69,0.70,0.39,0.32,0.40,0.46,0.51,0.50,0.10,-0.12,-0.03,0.09,0.04,0.06,-0.01,0.10,0.48,0.27,-0.13,-0.14,-0.16,-0.21,0.06,0.15,0.03,-0.07,-0.04,0.03,-0.11,-0.11,0.17,-0.21,0.03,0.09,0.13,0.08,0.22,0.41,0.41,0.46,1.28,2.11,2.33,2.13,1.99,2.09,2.08,1.90,1.83,1.85,1.79,1.71,1.90,1.75,1.58,1.00,0.76,0.61,0.51,0.41,0.40,0.45,0.38,0.29,0.38,0.41,0.28,0.19,0.06,-0.01,0.15,0.25,0.27,0.32,0.37,0.29,0.35,0.19,0.15,0.41,1.52,2.17,2.49,2.54,2.30,2.03,2.07,2.19,2.05,1.80,1.92,1.95,1.80,1.94,1.79,1.30,0.50,-0.37,-0.31,-0.49,-0.23,-0.11,0.01,-0.14,-0.24,-0.09,-0.04,-0.16,-0.37,-0.19,-0.12,-0.13,-0.22,-0.31,-0.38,-0.46,-0.49,-0.49,-0.39,-0.11,0.23,0.14,0.12,0.33,0.69,1.12,0.70,0.76,0.80,0.66,0.50,0.50,0.54,0.49,0.30,0.28,0.45,0.48,0.30,0.38,0.45
0.50,0.90,0.96,0.81,0.80,0.96,1.06,1.14,1.41,1.41,1.44,1.42,1.15,1.09,1.22,1.22,1.40,1.60,1.49,1.01,0.80,0.43,0.29,0.23,0.28,0.29,0.18,0.43,0.15,0.10,0.01,-0.06,-0.03,-0.01,0.19,0.45,0.20,-0.12,0.06,0.03,-0.13,0.08,0.14,-0.01,-0.11,-0.03,0.06,0.14,0.06,0.25,0.09,0.04,0.09,0.09,0.08,0.25,0.34,0.48,0.49,1.24,2.00,2.19,2.08,1.96,2.00,2.00,1.88,1.58,1.74,1.86,1.91,1.99,1.92,1.79,1.02,0.76,0.64,0.51,0.48,0.35,0.55,0.51,0.45,0.32,0.23,0.20,0.20,0.09,0.10,0.28,0.30,0.29,0.45,0.30,0.24,0.27,0.10,0.09,0.38,1.35,1.77,2.12,2.11,1.99,1.94,2.03,2.05,2.05,1.83,1.89,1.91,1.50,1.45,1.36,0.98,0.25,-0.12,-0.21,-0.32,-0.26,0.01,0.03,-0.01,-0.02,-0.09,-0.19,-0.17,-0.14,-0.14,-0.14,-0.19,-0.23,-0.31,-0.42,-0.51,-0.51,-0.49,-0.54,-0.17,0.10,0.17,0.35,0.67,0.84,0.95,0.87,0.77,0.74,0.61,0.39,0.54,0.54,0.41,0.27,0.25,0.49,0.41,0.34,0.37,0.45
0.76,1.06,1.25,1.28,1.40,1.46,1.34,1.49,1.88,1.80,1.71,1.72,1.64,1.36,1.42,1.53,1.63,1.73,1.74,1.27,1.09,0.67,0.29,0.23,0.28,0.24,0.24,0.20,-0.08,0.09,0.09,0.03,0.02,0.08,0.27,0.38,0.15,0.06,0.33,-0.11,-0.17,-0.07,0.08,-0.04,-0.13,-0.09,-0.01,0.10,0.14,0.22,0.02,0.23,0.29,0.17,0.12,0.14,0.39,0.38,0.44,1.01,1.78,2.16,1.95,1.79,1.90,1.89,1.86,1.74,1.77,2.02,1.99,2.07,1.97,1.60,0.77,0.59,0.50,0.45,0.35,0.13,0.41,0.41,0.39,0.20,0.15,0.15,0.10,0.08,0.22,0.40,0.30,0.23,0.41,0.28,0.28,0.13,-0.01,0.13,0.51,1.04,1.55,1.79,1.88,1.79,1.74,1.77,1.85,1.88,1.79,1.63,1.66,1.79,1.60,1.41,0.77,0.17,-0.29,-0.11,-0.34,-0.27,-0.23,-0.13,-0.03,0.03,0.08,-0.13,-0.14,-0.11,-0.24,-0.14,-0.18,-0.32,-0.41,-0.46,-0.48,-0.39,-0.38,-0.37,-0.08,0.25,0.40,0.40,0.44,0.76,0.87,0.79,0.59,0.53,0.55,0.39,0.46,0.55,0.43,0.38,0.43,0.43,0.30,0.37,0.45,0.50
1.07,1.14,1.36,1.69,1.85,1.88,1.77,1.51,2.13,2.13,1.83,1.66,1.78,1.77,1.38,1.51,1.61,1.79,1.94,1.56,1.34,0.77,0.39,0.27,0.18,0.19,0.33,0.32,0.08,0.02,-0.03,-0.09,0.04,0.01,0.10,0.33,0.19,-0.02,0.28,-0.28,-0.22,-0.11,-0.02,-0.08,-0.07,-0.02,0.04,0.13,0.02,0.24,0.15,0.14,0.14,0.02,0.14,0.24,0.32,0.34,0.53,1.06,1.53,1.83,1.80,1.63,1.55,1.58,1.78,1.85,1.82,2.01,2.08,2.17,1.92,1.45,0.77,0.53,0.30,0.40,0.38,0.17,0.25,0.33,0.32,0.19,0.30,0.24,0.15,0.12,0.15,0.30,0.28,0.15,0.24,0.30,0.37,0.08,0.06,0.06,0.24,0.63,1.06,1.45,1.58,1.51,1.67,1.69,1.62,1.50,1.36,1.29,1.33,1.36,1.35,1.42,0.98,0.33,-0.21,-0.22,-0.33,-0.28,-0.33,-0.19,-0.03,-0.16,-0.08,0.01,-0.13,-0.22,-0.29,-0.19,-0.19,-0.39,-0.53,-0.46,-0.36,-0.48,-0.29,-0.46,-0.36,-0.06,-0.03,-0.02,0.34,0.60,0.69,0.61,0.48,0.48,0.63,0.55,0.37,0.46,0.48,0.48,0.58,0.25,0.20,0.22,0.24,0.33
1.11,1.22,1.51,1.86,1.94,1.91,1.79,1.56,1.91,1.91,1.66,1.51,1.52,1.45,1.36,1.39,1.53,1.72,1.80,1.63,1.09,0.61,0.37,0.22,0.15,0.19,0.18,0.14,0.15,-0.07,-0.07,-0.23,-0.06,0.14,0.24,0.22,0.06,-0.12,0.24,-0.14,-0.18,0.09,0.02,-0.11,-0.03,0.02,0.09,0.15,0.12,0.45,0.24,0.15,0.22,0.10,0.27,0.44,0.32,0.43,0.65,0.98,1.60,1.97,1.74,1.52,1.64,1.66,1.57,1.68,1.90,1.96,1.92,1.90,1.84,1.66,1.25,0.60,0.54,0.43,0.56,0.22,0.24,0.46,0.34,0.14,0.25,0.22,0.20,0.23,0.24,0.30,0.17,0.12,0.25,0.30,0.20,0.09,-0.14,-0.16,0.35,0.81,1.20,1.77,2.12,1.84,1.51,1.72,1.89,1.78,1.64,1.47,1.22,1.31,1.44,1.52,1.27,0.51,0.01,-0.22,-0.31,-0.32,-0.26,-0.11,-0.06,-0.23,-0.23,0.01,-0.14,-0.18,-0.21,-0.17,-0.31,-0.44,-0.44,-0.44,-0.46,-0.83,-0.57,-0.39,-0.38,-0.22,-0.03,0.08,0.32,0.54,0.48,0.41,0.39,0.45,0.61,0.63,0.38,0.37,0.44,0.38,0.15,-0.01,-0.12,-0.09,0.14,0.40
0.91,1.27,1.64,1.84,1.79,1.67,1.61,1.64,1.64,1.64,1.57,1.75,1.82,1.30,1.34,1.46,1.69,1.64,1.42,1.20,0.81,0.41,0.22,0.22,0.24,0.23,0.14,-0.01,0.06,-0.02,-0.07,-0.33,-0.21,-0.02,0.14,0.23,0.10,-0.04,-0.01,-0.04,0.02,0.15,0.13,-0.06,-0.06,0.04,0.12,0.13,0.33,0.58,0.32,0.25,0.23,0.15,0.40,0.51,0.53,0.67,0.88,1.20,1.52,1.85,1.75,1.56,1.71,1.82,1.71,1.71,2.07,2.22,2.00,1.95,1.83,1.77,1.18,0.70,0.48,0.33,0.20,0.28,0.35,0.37,0.30,0.13,0.14,0.17,0.14,0.19,0.24,0.27,0.25,0.24,0.32,0.33,0.25,0.38,0.29,-0.13,0.15,0.95,1.82,2.00,2.02,1.94,1.72,1.71,1.79,1.66,1.53,1.51,1.34,1.51,1.60,1.74,1.29,0.64,0.02,-0.22,-0.33,-0.36,-0.24,-0.09,-0.03,-0.14,-0.12,-0.18,-0.23,-0.22,-0.24,-0.12,-0.23,-0.44,-0.43,-0.29,-0.27,-0.69,-0.52,-0.38,-0.43,-0.27,-0.01,0.07,0.24,0.71,0.61,0.50,0.44,0.44,0.58,0.45,0.45,0.53,0.53,0.34,0.02,-0.07,0.18,0.12,0.12,0.34
1.17,1.17,1.27,1.51,1.55,1.56,1.66,1.71,1.50,1.56,1.52,1.72,1.72,1.38,1.34,1.33,1.52,1.47,1.20,0.93,0.81,0.54,0.27,0.28,0.27,0.34,0.20,-0.08,0.01,0.02,-0.08,-0.17,-0.01,0.17,0.29,0.29,0.13,-0.03,0.09,0.13,0.10,0.41,0.19,0.18,0.08,0.15,0.18,0.13,0.35,0.53,0.37,0.33,0.09,0.20,0.45,0.49,0.65,0.76,0.74,1.03,1.36,1.74,1.74,1.63,1.73,1.88,2.07,2.06,2.17,2.17,2.01,1.90,1.82,1.74,1.11,0.41,0.77,0.46,0.45,0.23,0.24,0.35,0.37,0.29,0.32,0.19,0.13,0.17,0.15,0.22,0.23,0.20,0.33,0.33,0.41,0.38,0.19,-0.04,0.08,1.01,1.62,1.90,1.96,1.86,1.60,1.58,1.71,1.57,1.44,1.40,1.30,1.41,1.55,1.58,1.13,0.75,0.03,-0.09,-0.24,-0.29,-0.27,-0.21,-0.04,-0.04,-0.16,-0.33,-0.32,-0.41,-0.34,-0.13,-0.16,-0.28,-0.34,-0.53,-0.11,-0.72,-0.57,-0.47,-0.47,-0.32,-0.03,0.07,0.24,0.65,0.74,0.67,0.55,0.51,0.85,0.45,0.40,0.44,0.49,0.40,0.09,0.18,0.38,0.19,0.07,0.37
1.08,1.13,1.35,1.56,1.29,1.61,1.84,1.71,1.46,1.60,1.53,1.57,1.55,1.42,1.45,1.24,1.41,1.31,1.09,0.96,0.74,0.45,0.41,0.24,0.29,0.38,0.19,-0.07,-0.02,0.09,0.01,-0.12,0.10,0.20,0.18,0.18,0.13,0.01,0.13,0.20,-0.07,0.07,0.20,0.19,0.02,0.12,0.19,0.15,0.25,0.39,0.35,0.30,0.06,0.20,0.39,0.60,0.65,0.76,0.56,0.80,1.36,1.75,1.74,1.66,1.69,1.88,2.03,2.02,2.14,2.05,1.86,1.95,1.73,1.68,1.33,0.39,0.71,0.65,0.59,0.50,0.55,0.45,0.30,0.32,0.41,0.34,0.33,0.43,0.38,0.27,0.29,0.20,0.28,0.30,0.20,0.48,0.10,0.20,-0.08,0.80,1.02,1.42,1.77,1.68,1.41,1.44,1.56,1.56,1.55,1.50,1.34,1.23,1.40,1.34,1.03,0.55,0.08,0.10,-0.04,-0.19,-0.21,-0.21,-0.09,-0.08,-0.22,-0.22,-0.11,-0.02,-0.12,0.02,0.14,-0.07,-0.34,-0.56,-0.22,-0.59,-0.53,-0.42,-0.31,-0.24,-0.22,-0.12,0.04,0.39,0.55,0.58,0.54,0.60,1.08,0.88,0.76,0.64,0.58,0.54,0.02,0.12,0.37,0.33,0.15,0.33
0.95,1.06,1.35,1.56,1.56,1.61,1.69,1.78,1.77,1.61,1.58,1.53,1.50,1.50,1.47,1.19,1.45,1.38,1.12,0.87,0.69,0.44,0.43,0.37,0.10,0.12,0.15,0.03,-0.09,0.14,0.09,-0.08,0.09,0.13,0.19,0.29,0.22,0.06,0.12,0.29,0.15,0.17,0.45,0.10,0.13,0.19,0.14,0.09,0.14,0.25,0.35,0.25,0.22,0.22,0.41,0.59,0.54,0.76,0.64,0.75,1.31,1.74,1.79,1.73,1.73,1.88,2.12,2.09,2.07,2.12,2.11,1.94,1.79,1.63,1.03,0.59,0.54,0.60,0.75,0.48,0.60,0.59,0.49,0.32,0.30,0.29,0.25,0.35,0.35,0.29,0.32,0.24,0.20,0.27,0.29,0.54,0.04,0.19,-0.04,0.45,0.88,1.31,1.49,1.50,1.40,1.42,1.53,1.52,1.46,1.39,1.33,1.18,1.25,1.07,0.97,0.25,0.01,0.10,-0.02,-0.22,-0.23,-0.06,0.32,0.07,0.35,0.13,0.02,-0.06,-0.19,0.04,0.09,-0.32,-0.31,-0.52,-0.31,-0.37,-0.47,-0.41,-0.23,-0.18,-0.34,-0.32,-0.32,0.18,0.38,0.38,0.40,0.69,0.66,0.61,0.75,0.72,0.56,0.64,0.20,0.24,0.35,0.41,0.35,0.32
0.91,1.03,1.24,1.29,1.28,1.56,1.46,1.28,1.39,1.45,1.25,1.38,1.51,1.52,1.42,1.34,1.50,1.30,0.93,0.72,0.71,0.43,0.32,0.07,0.22,0.17,0.10,-0.02,-0.16,0.08,0.13,-0.01,-0.01,-0.02,0.20,0.27,0.14,0.09,0.22,0.27,0.08,0.12,0.32,0.04,-0.04,0.14,0.12,-0.02,0.09,0.30,0.27,0.32,0.41,0.43,0.39,0.37,0.44,0.69,0.76,0.85,1.29,1.68,1.74,1.67,1.78,1.91,1.99,1.94,1.85,1.96,1.96,1.84,1.89,1.41,1.02,0.59,0.50,0.61,0.63,0.40,0.50,0.41,0.22,0.20,0.30,0.34,0.34,0.32,0.35,0.35,0.25,0.37,0.20,0.33,0.20,0.43,0.04,-0.03,-0.06,0.50,0.88,1.28,1.31,1.35,1.27,1.28,1.38,1.30,1.20,1.20,1.23,1.20,1.14,0.88,0.84,0.23,-0.06,-0.18,-0.23,-0.27,-0.24,0.02,0.17,-0.16,-0.06,0.03,-0.02,0.02,-0.06,-0.04,0.03,-0.19,-0.31,-0.38,-0.37,-0.42,-0.53,-0.47,-0.27,-0.14,-0.24,-0.24,-0.32,0.13,0.30,0.27,0.39,0.63,0.49,0.50,0.66,0.76,0.59,0.58,0.37,0.34,0.39,0.44,0.48,0.43
0.92,1.07,1.17,1.17,1.04,1.29,1.23,1.36,1.68,1.49,1.41,1.38,1.38,1.38,1.44,1.51,1.36,1.29,1.00,0.82,0.76,0.51,0.22,0.07,0.07,-0.04,-0.06,0.01,0.13,0.29,0.19,-0.12,-0.07,-0.07,0.13,0.15,0.12,0.13,0.17,0.18,0.13,0.14,0.20,0.18,-0.02,0.18,0.19,0.12,0.25,0.41,0.51,0.44,0.29,0.34,0.06,0.46,0.46,0.55,0.69,0.97,1.34,1.60,1.63,1.56,1.74,1.91,1.83,1.77,1.84,1.91,1.78,1.74,1.82,1.27,1.02,0.72,0.55,0.56,0.56,0.41,0.35,0.39,0.20,0.15,0.20,0.14,0.18,0.25,0.30,0.44,0.40,0.18,0.10,0.10,0.02,0.34,0.03,-0.19,0.03,0.40,0.93,1.28,1.20,1.13,1.07,1.06,1.15,1.02,0.98,1.14,1.11,1.13,1.03,0.82,0.77,0.32,-0.06,-0.17,-0.13,-0.11,-0.14,-0.04,0.06,-0.13,0.01,0.10,-0.29,-0.16,0.01,-0.01,0.06,-0.16,-0.37,-0.32,-0.39,-0.62,-0.71,-0.53,-0.28,-0.19,0.03,-0.42,-0.43,0.04,0.28,0.23,0.38,0.46,0.50,0.55,0.54,0.53,0.55,0.38,0.35,0.25,0.33,0.50,0.43,0.50
0.90,1.13,1.25,1.20,1.07,1.39,1.38,1.47,1.50,1.18,1.24,1.38,1.44,1.52,1.55,1.35,1.20,1.38,1.17,0.96,0.81,0.53,0.24,0.08,0.27,0.13,-0.04,0.01,0.08,-0.07,-0.07,-0.16,-0.04,0.19,0.27,0.25,0.25,0.18,0.08,0.09,0.13,0.13,0.03,0.18,0.15,0.17,0.13,0.10,0.12,0.24,0.38,0.25,0.23,0.38,0.30,0.33,0.54,0.50,0.54,0.95,1.35,1.57,1.63,1.63,1.74,1.86,1.80,1.73,2.02,2.06,1.79,1.71,1.56,1.29,0.91,0.63,0.55,0.41,0.54,0.46,0.39,0.40,0.20,0.18,0.23,0.18,0.22,0.27,0.18,0.29,0.44,0.09,0.15,0.07,0.06,0.27,-0.01,-0.23,0.09,0.18,0.87,1.30,1.14,0.93,0.96,1.00,1.03,1.01,0.81,0.97,1.00,1.01,1.25,0.70,0.50,0.23,-0.09,-0.14,-0.12,-0.26,-0.22,0.02,-0.19,-0.09,-0.04,0.09,-0.19,-0.21,-0.08,-0.09,0.02,-0.22,-0.33,-0.32,-0.42,-0.69,-0.71,-0.48,-0.46,-0.71,0.07,-0.23,-0.34,-0.14,0.18,0.38,0.53,0.50,0.55,0.55,0.45,0.34,0.48,0.22,0.24,0.09,0.06,0.34,0.49,0.41
0.77,1.11,1.30,1.27,1.28,1.53,1.30,1.36,1.45,1.27,1.25,1.36,1.27,1.22,1.15,1.09,1.25,1.24,1.08,0.97,0.74,0.39,0.25,0.12,0.37,0.18,0.06,0.07,-0.01,-0.12,0.01,-0.03,0.03,0.19,0.38,0.32,0.25,0.17,0.09,0.08,0.07,0.07,-0.03,0.32,0.12,0.19,0.22,0.10,0.13,0.32,0.43,0.39,0.14,0.08,0.30,0.08,0.51,0.55,0.70,0.74,1.27,1.58,1.51,1.75,1.88,1.85,1.78,1.69,2.07,2.13,1.84,1.62,1.34,1.23,0.90,0.40,0.53,0.37,0.50,0.48,0.46,0.38,0.09,0.17,0.35,0.37,0.35,0.30,0.22,0.19,0.30,0.14,0.25,0.18,0.17,0.24,-0.08,-0.16,0.09,0.17,0.72,1.22,1.12,0.92,0.96,0.96,0.85,0.92,0.88,0.88,0.85,0.67,0.85,0.59,0.30,0.15,-0.06,-0.27,-0.28,-0.26,-0.29,-0.04,-0.28,0.09,0.06,0.10,-0.07,-0.16,-0.14,-0.18,-0.04,-0.22,-0.11,-0.29,-0.41,-0.68,-0.77,-0.53,-0.38,-0.31,-0.17,-0.06,-0.37,-0.24,0.17,0.40,0.53,0.53,0.70,0.59,0.41,0.46,0.58,0.35,0.32,0.17,0.10,0.49,0.46,0.15
0.82,1.00,1.18,1.25,1.29,1.28,1.01,1.25,1.35,1.14,1.20,1.30,1.15,1.18,1.15,1.08,1.23,1.35,0.93,0.90,0.60,0.23,0.27,0.18,0.28,0.17,0.02,0.08,0.04,-0.07,-0.11,-0.09,-0.13,0.20,0.30,0.32,0.13,0.02,0.06,0.09,0.06,0.03,0.07,0.29,0.02,0.19,0.24,0.17,0.20,0.28,0.40,0.45,0.23,0.37,0.58,0.02,0.34,0.45,0.45,0.50,1.00,1.40,1.41,1.60,1.63,1.71,1.75,1.64,1.90,2.01,1.88,1.41,1.33,1.01,1.17,0.43,0.45,0.51,0.51,0.33,0.32,0.30,0.12,0.18,0.34,0.39,0.33,0.28,0.40,0.30,0.29,0.06,0.07,0.06,-0.07,0.24,-0.04,-0.07,0.07,0.18,0.61,1.09,1.00,0.82,0.87,0.82,0.70,0.61,0.45,0.77,0.14,0.13,0.24,0.33,0.29,0.06,-0.27,-0.34,-0.24,-0.24,-0.23,-0.12,-0.23,0.14,0.15,0.15,-0.03,-0.16,-0.08,-0.08,0.09,-0.31,0.08,-0.22,-0.48,-0.57,-0.56,-0.54,-0.56,-0.32,-0.27,-0.13,-0.33,-0.36,0.01,0.15,0.34,0.44,0.74,0.70,0.39,0.61,0.55,0.49,0.39,0.27,0.18,0.29,0.43,0.24
0.88,1.06,1.17,1.27,1.39,1.29,1.12,1.20,1.09,0.93,1.19,1.46,1.09,1.22,1.24,1.15,1.34,1.03,0.85,0.74,0.44,0.28,0.35,0.23,0.18,0.20,-0.04,0.04,0.06,-0.03,-0.03,-0.16,-0.19,0.19,0.34,0.23,-0.02,0.14,0.23,0.08,0.06,0.10,0.09,-0.03,0.04,0.17,0.18,0.15,0.19,0.25,0.33,0.39,0.30,0.32,0.32,0.27,0.38,0.66,0.46,0.49,1.01,1.52,1.55,1.53,1.57,1.53,1.49,1.58,1.78,1.69,1.55,1.36,1.27,1.28,1.34,0.48,0.28,0.53,0.55,0.24,0.23,0.22,0.30,0.34,0.25,0.34,0.40,0.29,0.34,0.29,0.29,0.08,-0.14,0.12,-0.02,0.06,0.13,-0.04,-0.12,-0.04,0.15,0.43,0.53,0.51,0.49,0.39,0.60,0.64,0.23,0.30,0.06,-0.07,-0.03,0.12,0.22,-0.02,-0.24,-0.21,-0.13,-0.22,-0.27,-0.06,-0.18,-0.01,0.08,0.10,0.03,-0.12,-0.17,-0.02,-0.27,-0.17,-0.16,-0.27,-0.33,-0.59,-0.81,-0.68,-0.61,-0.57,-0.49,-0.39,-0.37,-0.38,-0.32,-0.33,0.03,0.27,0.34,0.39,0.56,0.46,0.33,0.22,0.17,0.18,0.23,0.28,0.15,0.17
0.93,1.07,1.15,1.28,1.38,1.03,0.90,1.15,1.08,1.02,1.22,1.50,1.03,1.12,1.04,0.97,1.12,1.20,0.67,0.76,0.58,0.34,0.34,0.30,0.18,0.24,-0.01,0.06,-0.04,-0.07,0.08,-0.01,-0.04,0.01,0.29,0.15,0.14,0.15,0.14,0.10,0.04,0.12,-0.03,0.17,0.10,0.19,0.18,0.12,0.24,0.34,0.32,0.32,0.34,0.40,0.34,0.39,0.59,0.45,0.65,0.50,1.12,1.52,1.55,1.50,1.47,1.30,1.15,1.09,1.04,1.38,1.61,1.46,1.22,1.29,1.23,0.71,0.59,0.46,0.64,0.48,0.53,0.58,0.41,0.33,0.28,0.49,0.54,0.24,0.37,0.24,0.12,0.24,0.37,0.55,0.13,0.12,0.18,-0.16,0.12,0.03,0.10,0.25,0.18,0.06,0.03,0.13,0.33,0.33,-0.28,0.02,-0.43,-0.23,-0.19,0.02,0.02,-0.12,-0.24,-0.26,-0.21,-0.16,-0.38,0.01,-0.16,-0.09,-0.07,-0.02,0.02,0.01,0.06,-0.16,-0.17,-0.27,-0.07,-0.14,-0.28,-0.56,-0.82,-0.57,-0.62,-0.68,-0.63,-0.57,-0.57,-0.56,-0.62,-0.75,-0.23,-0.24,-0.13,0.10,0.20,0.58,0.22,0.18,0.15,0.17,0.37,0.33,-0.01,0.03
0.85,1.06,1.14,1.11,0.92,0.70,0.92,0.90,0.92,0.98,1.01,1.06,0.97,0.96,0.85,0.80,0.87,0.74,0.51,0.77,0.49,0.27,0.18,0.06,0.15,0.02,0.13,0.03,-0.19,-0.08,0.10,0.03,0.01,0.19,-0.01,0.18,0.19,0.07,0.02,0.01,0.08,0.27,0.27,0.18,0.17,0.35,0.22,0.20,0.37,0.44,0.34,0.29,0.35,0.43,0.38,0.35,0.54,0.37,0.75,0.72,1.04,1.41,1.46,1.35,1.07,0.76,0.66,0.70,0.70,0.75,1.06,1.55,1.44,1.42,1.29,0.43,0.32,0.29,0.49,0.45,0.32,0.40,0.20,0.13,0.28,0.38,0.27,-0.01,0.13,0.07,0.09,0.02,0.08,0.19,0.02,-0.27,-0.03,-0.02,-0.11,-0.13,-0.09,0.06,0.06,-0.11,-0.16,-0.02,0.18,0.02,-0.48,-0.42,-0.68,-0.39,-0.23,-0.02,-0.07,-0.14,-0.22,-0.37,-0.37,-0.24,-0.36,-0.22,-0.22,-0.06,-0.03,-0.06,0.02,-0.01,-0.19,-0.21,-0.06,-0.17,-0.17,-0.13,-0.24,-0.48,-0.63,-0.49,-0.57,-0.59,-0.56,-0.52,-0.69,-0.98,-0.86,-0.67,-0.61,-0.85,-0.86,-0.54,-0.33,0.14,-0.02,-0.02,0.07,0.09,0.32,0.19,-0.08,0.04
